ID;Name;User;TimeStamp;NetworkGen;NetworkType;Active;MCC;MNC;LAC;CID;PSC;Power
233;Купчино 3;Stanislav;1419230331469;2G;EDGE;1;250;1;218;2596;-1;-87
233;Купчино 3;Stanislav;1419230331469;2G;EDGE;250-1-218-2596;250;1;218;2593;-1;-83
233;Купчино 3;Stanislav;1419230331469;2G;EDGE;250-1-218-2596;250;1;218;2596;-1;-85
233;Купчино 3;Stanislav;1419230331469;2G;EDGE;250-1-218-2596;0;0;0;-1;-1;-89
233;Купчино 3;Stanislav;1419230331469;2G;EDGE;250-1-218-2596;250;1;326;14241;-1;-83
233;Купчино 3;Stanislav;1419230331469;2G;EDGE;250-1-218-2596;250;1;218;2313;-1;-91
233;Купчино 3;Stanislav;1419230331469;2G;EDGE;250-1-218-2596;250;1;218;2312;-1;-89
234;Купчино 4;Stanislav;1419230343450;2G;EDGE;1;250;1;218;2596;-1;-95
234;Купчино 4;Stanislav;1419230343450;2G;EDGE;250-1-218-2596;250;1;218;2593;-1;-85
234;Купчино 4;Stanislav;1419230343450;2G;EDGE;250-1-218-2596;250;1;218;11484;-1;-91
234;Купчино 4;Stanislav;1419230343450;2G;EDGE;250-1-218-2596;250;1;218;11486;-1;-91
234;Купчино 4;Stanislav;1419230343450;2G;EDGE;250-1-218-2596;250;1;218;21963;-1;-81
234;Купчино 4;Stanislav;1419230343450;2G;EDGE;250-1-218-2596;250;1;218;2312;-1;-91
234;Купчино 4;Stanislav;1419230343450;2G;EDGE;250-1-218-2596;250;1;218;2591;-1;-91
241;Звёздная 1;Stanislav;1419230426764;unknown;unknown;1;250;2;7803;8317837;4;-67
242;Звёздная 2;Stanislav;1419230443723;unknown;unknown;1;250;2;7803;8317837;4;-53
243;Звёздная 3;Stanislav;1419230471563;2G;EDGE;1;250;1;100;3791;-1;-69
243;Звёздная 3;Stanislav;1419230471563;2G;EDGE;250-1-100-3791;0;0;0;-1;-1;-67
244;Звёздная 4;Stanislav;1419230481759;2G;EDGE;1;250;1;100;3791;-1;-61
244;Звёздная 4;Stanislav;1419230481759;2G;EDGE;250-1-100-3791;0;0;0;-1;-1;-67
251;Московская 1;Stanislav;1419230646381;unknown;unknown;1;250;2;7803;8317840;21;-65
252;Московская 2;Stanislav;1419230663211;2G;EDGE;1;250;1;100;4121;-1;-107
253;Московская 3;Stanislav;1419230688332;2G;EDGE;1;250;1;100;4121;-1;-107
254;Московская 4;Stanislav;1419230699114;2G;EDGE;1;250;1;100;4121;-1;-109
261;Парк Победы 1;Stanislav;1419230822625;unknown;unknown;1;250;2;7803;8322238;30;-71
262;Парк Победы 2;Stanislav;1419230836479;unknown;unknown;1;250;2;7803;8322238;30;-87
263;Парк Победы 3;Stanislav;1419230868960;3G;HSPA;1;250;1;100;65570117;503;-83
263;Парк Победы 3;Stanislav;1419230868960;3G;HSPA;250-1-100-65570117;-1;-1;-1;-1;503;-83
264;Парк Победы 4;Stanislav;1419230880027;3G;HSPA;1;250;1;100;65570117;503;-87
264;Парк Победы 4;Stanislav;1419230880027;3G;HSPA;250-1-100-65570117;-1;-1;-1;-1;503;-91
271;Электросила 1;Stanislav;1419230954247;unknown;unknown;1;250;2;7803;22408;-1;-71
271;Электросила 1;Stanislav;1419230954247;unknown;unknown;250-2-7803-22408;250;2;7803;22406;-1;-101
271;Электросила 1;Stanislav;1419230954247;unknown;unknown;250-2-7803-22408;250;2;7803;2505;-1;-105
272;Электросила 2;Stanislav;1419230967856;2G;EDGE;1;250;1;100;4101;-1;-73
272;Электросила 2;Stanislav;1419230967856;2G;EDGE;250-1-100-4101;250;2;7803;22406;-1;-101
272;Электросила 2;Stanislav;1419230967856;2G;EDGE;250-1-100-4101;250;2;7803;2505;-1;-105
273;Электросила 3;Stanislav;1419230988166;2G;EDGE;1;250;1;100;4101;-1;-79
273;Электросила 3;Stanislav;1419230988166;2G;EDGE;250-1-100-4101;250;2;7803;22406;-1;-101
273;Электросила 3;Stanislav;1419230988166;2G;EDGE;250-1-100-4101;250;2;7803;2505;-1;-105
274;Электросила 4;Stanislav;1419230998891;2G;EDGE;1;250;1;100;4101;-1;-83
274;Электросила 4;Stanislav;1419230998891;2G;EDGE;250-1-100-4101;250;2;7803;22406;-1;-101
274;Электросила 4;Stanislav;1419230998891;2G;EDGE;250-1-100-4101;250;2;7803;2505;-1;-105
281;Московские ворота 1;Stanislav;1419231079520;3G;HSPA;1;250;1;100;65570097;505;-81
282;Московские ворота 2;Stanislav;1419231093482;3G;HSPA;1;250;1;100;65570097;505;-77
282;Московские ворота 2;Stanislav;1419231093482;3G;HSPA;250-1-100-65570097;-1;-1;-1;-1;505;-77
283;Московские ворота 3;Stanislav;1419231115977;3G;HSPA;1;250;1;100;65570097;505;-81
283;Московские ворота 3;Stanislav;1419231115977;3G;HSPA;250-1-100-65570097;-1;-1;-1;-1;505;-83
284;Московские ворота 4;Stanislav;1419231126407;3G;HSPA;1;250;1;100;65570097;505;-87
284;Московские ворота 4;Stanislav;1419231126407;3G;HSPA;250-1-100-65570097;-1;-1;-1;-1;505;-85
291;Фрунзенская 1;Stanislav;1419231204282;3G;HSPA;1;250;1;100;65540087;501;-53
291;Фрунзенская 1;Stanislav;1419231204282;3G;HSPA;250-1-100-65540087;2147483647;2147483647;2147483647;2147483647;-1;-111
292;Фрунзенская 2;Stanislav;1419231215457;3G;HSPA;1;250;1;100;65540087;501;-75
292;Фрунзенская 2;Stanislav;1419231215457;3G;HSPA;250-1-100-65540087;2147483647;2147483647;2147483647;2147483647;-1;-111
293;Фрунзенская 3;Stanislav;1419231239545;3G;HSPA;1;250;1;100;65570087;501;-87
293;Фрунзенская 3;Stanislav;1419231239545;3G;HSPA;250-1-100-65570087;-1;-1;-1;-1;501;-81
294;Фрунзенская 4;Stanislav;1419231248997;3G;HSPA;1;250;1;100;65570087;501;-77
294;Фрунзенская 4;Stanislav;1419231248997;3G;HSPA;250-1-100-65570087;-1;-1;-1;-1;501;-77
91;Технологический институт 1 1;Stanislav;1419231322901;3G;HSPA;1;250;1;100;65539618;497;-69
92;Технологический институт 1 2;Stanislav;1419231337902;3G;HSPA;1;250;1;100;65539618;497;-73
92;Технологический институт 1 2;Stanislav;1419231337902;3G;HSPA;250-1-100-65539618;-1;-1;-1;-1;497;-79
93;Технологический институт 1 3;Stanislav;1419231372793;3G;HSPA;1;250;1;100;65569618;497;-79
93;Технологический институт 1 3;Stanislav;1419231372793;3G;HSPA;250-1-100-65569618;-1;-1;-1;-1;497;-83
94;Технологический институт 1 4;Stanislav;1419231383741;3G;HSPA;1;250;1;100;65569618;497;-85
94;Технологический институт 1 4;Stanislav;1419231383741;3G;HSPA;250-1-100-65569618;-1;-1;-1;-1;497;-89
311;Сенная площадь 1;Stanislav;1419231472086;unknown;unknown;1;250;2;7803;8322240;42;-79
312;Сенная площадь 2;Stanislav;1419231486837;unknown;unknown;1;250;2;7803;8322241;42;-77
312;Сенная площадь 2;Stanislav;1419231486837;unknown;unknown;250-2-7803-8322241;-1;-1;-1;-1;47;-81
313;Сенная площадь 3;Stanislav;1419231512804;3G;HSPA;1;250;1;100;65539908;503;-107
313;Сенная площадь 3;Stanislav;1419231512804;3G;HSPA;250-1-100-65539908;-1;-1;-1;-1;503;-111
314;Сенная площадь 4;Stanislav;1419231523291;3G;HSPA;1;250;1;100;65569908;503;-93
314;Сенная площадь 4;Stanislav;1419231523291;3G;HSPA;250-1-100-65569908;-1;-1;-1;-1;503;-93
321;Невский проспект 1;Stanislav;1419231590944;unknown;unknown;1;250;99;14764;90351578;23;-57
321;Невский проспект 1;Stanislav;1419231590944;unknown;unknown;250-99-14764-90351578;-1;-1;-1;-1;23;-79
322;Невский проспект 2;Stanislav;1419231607363;3G;HSPA;1;250;1;100;65569708;507;-103
322;Невский проспект 2;Stanislav;1419231607363;3G;HSPA;250-1-100-65569708;-1;-1;-1;-1;507;-99
322;Невский проспект 2;Stanislav;1419231607363;3G;HSPA;250-1-100-65569708;-1;-1;-1;-1;507;-101
323;Невский проспект 3;Stanislav;1419231642942;3G;HSPA;1;250;1;100;65569708;507;-93
323;Невский проспект 3;Stanislav;1419231642942;3G;HSPA;250-1-100-65569708;-1;-1;-1;-1;507;-95
323;Невский проспект 3;Stanislav;1419231642942;3G;HSPA;250-1-100-65569708;-1;-1;-1;-1;507;-93
324;Невский проспект 4;Stanislav;1419231653223;3G;HSPA;1;250;1;100;65569708;507;-89
324;Невский проспект 4;Stanislav;1419231653223;3G;HSPA;250-1-100-65569708;-1;-1;-1;-1;507;-79
324;Невский проспект 4;Stanislav;1419231653223;3G;HSPA;250-1-100-65569708;-1;-1;-1;-1;507;-77
331;Горьковская 1;Stanislav;1419231801789;unknown;unknown;1;250;2;7803;8321898;171;-73
331;Горьковская 1;Stanislav;1419231801789;unknown;unknown;250-2-7803-8321898;-1;-1;-1;-1;441;-103
332;Горьковская 2;Stanislav;1419231815626;3G;HSPA;1;250;1;100;65539727;503;-77
