ID;Name;User;TimeStamp;NetworkGen;NetworkType;Active;MCC;MNC;LAC;CID;PSC;Power
703;Комсомольская (КЛЦ) 3;Andrey;1433351284021;3G;HSDPA;1;250;99;26627;129593748;-1;-101
704;Комсомольская (КЛЦ) 4;Andrey;1433351294364;3G;HSDPA;1;250;99;26627;129593748;-1;-99
711;Курская (КЛЦ) 1;Andrey;1433351417918;2G;EDGE;1;250;99;26627;19005;-1;-81
712;Курская (КЛЦ) 2;Andrey;1433351426019;2G;EDGE;1;250;99;26627;19005;-1;-73
713;Курская (КЛЦ) 3;Andrey;1433351464005;3G;HSDPA;1;250;99;26627;129593677;-1;-97
714;Курская (КЛЦ) 4;Andrey;1433351476161;3G;HSDPA;1;250;99;26627;129593677;-1;-97
721;Таганская (КЛЦ) 1;Andrey;1433351572696;3G;HSDPA;1;250;99;26803;129598286;-1;-111
722;Таганская (КЛЦ) 2;Andrey;1433351585692;3G;HSDPA;1;250;99;26803;129598286;-1;-89
723;Таганская (КЛЦ) 3;Andrey;1433351636551;3G;HSDPA;1;250;99;26803;129598286;-1;-97
724;Таганская (КЛЦ) 4;Andrey;1433351651546;3G;HSDPA;1;250;99;26803;129598286;-1;-93
711;Курская (КЛЦ) 1;Andrey;1433351751934;2G;EDGE;1;250;99;26627;19005;-1;-77
712;Курская (КЛЦ) 2;Andrey;1433351760438;2G;EDGE;1;250;99;26627;19005;-1;-87
713;Курская (КЛЦ) 3;Andrey;1433351808877;3G;HSDPA;1;250;99;26627;129593677;-1;-97
714;Курская (КЛЦ) 4;Andrey;1433351822141;3G;HSDPA;1;250;99;26627;129593677;-1;-95
701;Комсомольская (КЛЦ) 1;Andrey;1433351930718;3G;HSDPA;1;250;99;26627;129593748;-1;-109
702;Комсомольская (КЛЦ) 2;Andrey;1433351939207;3G;HSDPA;1;250;99;26627;129593748;-1;-101
703;Комсомольская (КЛЦ) 3;Andrey;1433352013198;3G;HSDPA;1;250;99;26627;129593748;-1;-97
704;Комсомольская (КЛЦ) 4;Andrey;1433352025607;3G;HSDPA;1;250;99;26627;129593748;-1;-93
711;Курская (КЛЦ) 1;Andrey;1433352157743;2G;EDGE;1;250;99;26627;19005;-1;-81
712;Курская (КЛЦ) 2;Andrey;1433352167915;2G;GPRS;1;250;99;26627;-1;-1;-69
713;Курская (КЛЦ) 3;Andrey;1433352206198;3G;HSDPA;1;250;99;26627;129593677;-1;-95
714;Курская (КЛЦ) 4;Andrey;1433352218778;3G;HSDPA;1;250;99;26627;129593677;-1;-93
721;Таганская (КЛЦ) 1;Andrey;1433352320093;2G;EDGE;1;250;99;26803;19001;-1;-75
722;Таганская (КЛЦ) 2;Andrey;1433352331548;2G;EDGE;1;250;99;26803;19001;-1;-75
723;Таганская (КЛЦ) 3;Andrey;1433352537233;3G;HSDPA;1;250;99;26803;129593673;-1;-93
724;Таганская (КЛЦ) 4;Andrey;1433352556567;3G;HSDPA;1;250;99;26803;129593673;-1;-95
711;Курская (КЛЦ) 1;Andrey;1433352663028;2G;GPRS;1;250;1;660;11011;-1;-81
712;Курская (КЛЦ) 2;Andrey;1433352672927;3G;HSDPA;1;250;99;26627;129593677;-1;-103
713;Курская (КЛЦ) 3;Andrey;1433352703515;3G;HSDPA;1;250;99;26627;129593677;-1;-101
714;Курская (КЛЦ) 4;Andrey;1433352716124;3G;HSDPA;1;250;99;26627;129593677;-1;-101
701;Комсомольская (КЛЦ) 1;Andrey;1433352837954;3G;HSDPA;1;250;99;26627;129593748;-1;-91
702;Комсомольская (КЛЦ) 2;Andrey;1433352848048;3G;HSDPA;1;250;99;26627;129593748;-1;-99
703;Комсомольская (КЛЦ) 3;Andrey;1433352879639;3G;HSDPA;1;250;99;26627;129593748;-1;-103
704;Комсомольская (КЛЦ) 4;Andrey;1433352895443;3G;HSDPA;1;250;99;26627;129593748;-1;-97
691;Проспект Мира (КЛЦ) 1;Andrey;1433352998564;2G;EDGE;1;250;99;26627;19055;-1;-87
692;Проспект Мира (КЛЦ) 2;Andrey;1433353007956;2G;EDGE;1;250;99;26627;19055;-1;-71
693;Проспект Мира (КЛЦ) 3;Andrey;1433353044166;3G;HSDPA;1;250;99;26627;129593727;-1;-93
694;Проспект Мира (КЛЦ) 4;Andrey;1433353056867;3G;HSDPA;1;250;99;26627;129593727;-1;-93
681;Новослободская 1;Andrey;1433353162819;2G;EDGE;1;250;99;26627;19117;-1;-83
682;Новослободская 2;Andrey;1433353170013;2G;EDGE;1;250;99;26627;19117;-1;-87
683;Новослободская 3;Andrey;1433353451130;3G;HSDPA;1;250;99;26627;129593789;-1;-89
684;Новослободская 4;Andrey;1433353464223;3G;HSDPA;1;250;99;26627;129593789;-1;-91
691;Проспект Мира (КЛЦ) 1;Andrey;1433353546749;3G;HSDPA;1;250;99;26627;129593727;-1;-95
692;Проспект Мира (КЛЦ) 2;Andrey;1433353559233;3G;HSDPA;1;250;99;26627;129593727;-1;-91
693;Проспект Мира (КЛЦ) 3;Andrey;1433353596617;3G;HSDPA;1;250;99;26627;129593727;-1;-87
694;Проспект Мира (КЛЦ) 4;Andrey;1433353607479;3G;HSDPA;1;250;99;26627;129593727;-1;-89
701;Комсомольская (КЛЦ) 1;Andrey;1433353695219;3G;HSDPA;1;250;99;26627;129593748;-1;-87
702;Комсомольская (КЛЦ) 2;Andrey;1433353699665;3G;HSDPA;1;250;99;26627;129593748;-1;-87
703;Комсомольская (КЛЦ) 3;Andrey;1433353743120;3G;HSDPA;1;250;99;26627;129593748;-1;-105
704;Комсомольская (КЛЦ) 4;Andrey;1433353754275;3G;HSDPA;1;250;99;26627;129593748;-1;-105
711;Курская (КЛЦ) 1;Andrey;1433353859734;2G;EDGE;1;250;99;26627;19005;-1;-69
712;Курская (КЛЦ) 2;Andrey;1433353879362;2G;EDGE;1;250;99;26627;19005;-1;-75
713;Курская (КЛЦ) 3;Andrey;1433353914599;3G;HSDPA;1;250;99;26627;129593677;-1;-85
714;Курская (КЛЦ) 4;Andrey;1433353928546;3G;HSDPA;1;250;99;26627;129593677;-1;-85
721;Таганская (КЛЦ) 1;Andrey;1433354035115;3G;HSDPA;1;250;99;26803;129598286;-1;-87
722;Таганская (КЛЦ) 2;Andrey;1433354047078;3G;HSDPA;1;250;99;26803;129598286;-1;-87
723;Таганская (КЛЦ) 3;Andrey;1433354080907;3G;HSDPA;1;250;99;26803;129598286;-1;-87
724;Таганская (КЛЦ) 4;Andrey;1433354093860;3G;HSDPA;1;250;99;26803;129598286;-1;-87
731;Павелецкая (КЛЦ) 1;Andrey;1433354175216;3G;HSDPA;1;250;99;26803;129593777;-1;-99
732;Павелецкая (КЛЦ) 2;Andrey;1433354186002;3G;HSDPA;1;250;99;26803;129593777;-1;-97
733;Павелецкая (КЛЦ) 3;Andrey;1433354213968;3G;HSDPA;1;250;99;26803;129593777;-1;-99
734;Павелецкая (КЛЦ) 4;Andrey;1433354225730;3G;HSDPA;1;250;99;26803;129593777;-1;-95
741;Добрынинская 1;Andrey;1433354270571;3G;HSDPA;1;250;99;26802;129593798;-1;-113
742;Добрынинская 2;Andrey;1433354293256;2G;GPRS;1;250;99;26802;-1;-1;-83
743;Добрынинская 3;Andrey;1433354325505;3G;HSDPA;1;250;99;26802;129593798;-1;-93
744;Добрынинская 4;Andrey;1433354337469;3G;HSDPA;1;250;99;26802;129593798;-1;-87
751;Октябрьская (КЛЦ) 1;Andrey;1433354402319;2G;EDGE;1;250;99;26802;19067;-1;-97
752;Октябрьская (КЛЦ) 2;Andrey;1433354414643;2G;EDGE;1;250;99;26802;19067;-1;-87
753;Октябрьская (КЛЦ) 3;Andrey;1433354450869;2G;EDGE;1;250;99;26802;19067;-1;-91
754;Октябрьская (КЛЦ) 4;Andrey;1433354463328;3G;HSDPA;1;250;99;26802;129593739;-1;-105
761;Парк культуры (КЛЦ) 1;Andrey;1433354532512;2G;EDGE;1;250;99;26802;19087;-1;-85
762;Парк культуры (КЛЦ) 2;Andrey;1433354539852;2G;EDGE;1;250;99;26802;19087;-1;-69
763;Парк культуры (КЛЦ) 3;Andrey;1433354578628;3G;HSDPA;1;250;99;26802;129593759;-1;-93
764;Парк культуры (КЛЦ) 4;Andrey;1433354590784;3G;HSDPA;1;250;99;26802;129593759;-1;-93
771;Киевская (КЛЦ) 1;Andrey;1433354694959;2G;EDGE;1;250;99;26802;19037;-1;-79
772;Киевская (КЛЦ) 2;Andrey;1433354702864;2G;EDGE;1;250;99;26802;19037;-1;-89
