ID;Name;User;TimeStamp;NetworkGen;NetworkType;Active;MCC;MNC;LAC;CID;PSC;Power;session_id
1513;Чкаловская 3;Anna;1435915643463;unknown;unknown;1;250;1;660;41843;-1;-87;182943362
1513;Чкаловская 3;Anna;1435915643463;unknown;unknown;250-1-660-41843;-1;-1;-1;-1;-1;-107;182943362
1514;Чкаловская 4;Anna;1435915654939;unknown;unknown;1;250;1;660;41843;-1;-109;182943362
1514;Чкаловская 4;Anna;1435915654939;unknown;unknown;250-1-660-41843;-1;-1;-1;-1;-1;-107;182943362
2191;Сретенский бульвар 1;Anna;1435915771678;unknown;unknown;1;250;1;660;43922;-1;-83;182943362
2191;Сретенский бульвар 1;Anna;1435915771678;unknown;unknown;250-1-660-43922;250;99;26627;19007;-1;-107;182943362
2192;Сретенский бульвар 2;Anna;1435915795009;unknown;unknown;1;250;1;660;43922;-1;-79;182943362
2192;Сретенский бульвар 2;Anna;1435915795009;unknown;unknown;250-1-660-43922;250;99;26627;19007;-1;-107;182943362
2193;Сретенский бульвар 3;Anna;1435915861397;unknown;unknown;1;250;1;660;43922;-1;-71;182943362
2193;Сретенский бульвар 3;Anna;1435915861397;unknown;unknown;250-1-660-43922;250;99;26627;19007;-1;-107;182943362
2194;Сретенский бульвар 4;Anna;1435915873548;unknown;unknown;1;250;1;660;43922;-1;-83;182943362
2194;Сретенский бульвар 4;Anna;1435915873548;unknown;unknown;250-1-660-43922;250;99;26627;19007;-1;-107;182943362
1511;Чкаловская 1;Anna;1435916005925;unknown;unknown;1;250;2;7763;160;-1;-51;182943362
1511;Чкаловская 1;Anna;1435916005925;unknown;unknown;250-2-7763-160;-1;-1;-1;-1;-1;-89;182943362
1512;Чкаловская 2;Anna;1435916018771;unknown;unknown;1;250;1;660;41843;-1;-89;182943362
1512;Чкаловская 2;Anna;1435916018771;unknown;unknown;250-1-660-41843;-1;-1;-1;-1;-1;-89;182943362
