ID;Name;User;TimeStamp;Temperature;Humidity;Noise;CO;C4H10;CH4;session_id
1513;Чкаловская 3;Anna;1435915644011;No data;;;;;;182943362
1514;Чкаловская 4;Anna;1435915654822;No data;;;;;;182943362
2191;Сретенский бульвар 1;Anna;1435915772129;No data;;;;;;182943362
2192;Сретенский бульвар 2;Anna;1435915795130;No data;;;;;;182943362
2193;Сретенский бульвар 3;Anna;1435915861749;No data;;;;;;182943362
2194;Сретенский бульвар 4;Anna;1435915873890;No data;;;;;;182943362
1511;Чкаловская 1;Anna;1435916006098;No data;;;;;;182943362
1512;Чкаловская 2;Anna;1435916019098;No data;;;;;;182943362
