ID;Name;User;TimeStamp;Temperature;Humidity;Noise;CO;C4H10;CH4;session_id
;ServiceLog;Anna;1435915504168;No data;;;;;;182943362
;ServiceLog;Anna;1435915505312;No data;;;;;;182943362
;ServiceLog;Anna;1435915506338;No data;;;;;;182943362
;ServiceLog;Anna;1435915507416;No data;;;;;;182943362
;ServiceLog;Anna;1435915508431;No data;;;;;;182943362
;ServiceLog;Anna;1435915509549;No data;;;;;;182943362
;ServiceLog;Anna;1435915510559;No data;;;;;;182943362
;ServiceLog;Anna;1435915511643;No data;;;;;;182943362
;ServiceLog;Anna;1435915512655;No data;;;;;;182943362
;ServiceLog;Anna;1435915513828;No data;;;;;;182943362
;ServiceLog;Anna;1435915514904;No data;;;;;;182943362
;ServiceLog;Anna;1435915515951;No data;;;;;;182943362
;ServiceLog;Anna;1435915516961;No data;;;;;;182943362
;ServiceLog;Anna;1435915518046;No data;;;;;;182943362
;ServiceLog;Anna;1435915519057;No data;;;;;;182943362
;ServiceLog;Anna;1435915520262;No data;;;;;;182943362
;ServiceLog;Anna;1435915521279;No data;;;;;;182943362
;ServiceLog;Anna;1435915522352;No data;;;;;;182943362
;ServiceLog;Anna;1435915523363;No data;;;;;;182943362
;ServiceLog;Anna;1435915524456;No data;;;;;;182943362
;ServiceLog;Anna;1435915525469;No data;;;;;;182943362
;ServiceLog;Anna;1435915526554;No data;;;;;;182943362
;ServiceLog;Anna;1435915527564;No data;;;;;;182943362
;ServiceLog;Anna;1435915528594;No data;;;;;;182943362
;ServiceLog;Anna;1435915529606;No data;;;;;;182943362
;ServiceLog;Anna;1435915530640;No data;;;;;;182943362
;ServiceLog;Anna;1435915531651;No data;;;;;;182943362
;ServiceLog;Anna;1435915532722;No data;;;;;;182943362
;ServiceLog;Anna;1435915533736;No data;;;;;;182943362
;ServiceLog;Anna;1435915534850;No data;;;;;;182943362
;ServiceLog;Anna;1435915535861;No data;;;;;;182943362
;ServiceLog;Anna;1435915536934;No data;;;;;;182943362
;ServiceLog;Anna;1435915537953;No data;;;;;;182943362
;ServiceLog;Anna;1435915539037;No data;;;;;;182943362
;ServiceLog;Anna;1435915540049;No data;;;;;;182943362
;ServiceLog;Anna;1435915541087;No data;;;;;;182943362
;ServiceLog;Anna;1435915542114;No data;;;;;;182943362
;ServiceLog;Anna;1435915543205;No data;;;;;;182943362
;ServiceLog;Anna;1435915544216;No data;;;;;;182943362
;ServiceLog;Anna;1435915545307;No data;;;;;;182943362
;ServiceLog;Anna;1435915546319;No data;;;;;;182943362
;ServiceLog;Anna;1435915547351;No data;;;;;;182943362
;ServiceLog;Anna;1435915548360;No data;;;;;;182943362
;ServiceLog;Anna;1435915549434;No data;;;;;;182943362
;ServiceLog;Anna;1435915550459;No data;;;;;;182943362
;ServiceLog;Anna;1435915551545;No data;;;;;;182943362
;ServiceLog;Anna;1435915552555;No data;;;;;;182943362
;ServiceLog;Anna;1435915553631;No data;;;;;;182943362
;ServiceLog;Anna;1435915554642;No data;;;;;;182943362
;ServiceLog;Anna;1435915555679;No data;;;;;;182943362
;ServiceLog;Anna;1435915556690;No data;;;;;;182943362
;ServiceLog;Anna;1435915557762;No data;;;;;;182943362
;ServiceLog;Anna;1435915558772;No data;;;;;;182943362
;ServiceLog;Anna;1435915559804;No data;;;;;;182943362
;ServiceLog;Anna;1435915560814;No data;;;;;;182943362
;ServiceLog;Anna;1435915561905;No data;;;;;;182943362
;ServiceLog;Anna;1435915562915;No data;;;;;;182943362
;ServiceLog;Anna;1435915563992;No data;;;;;;182943362
;ServiceLog;Anna;1435915565009;No data;;;;;;182943362
;ServiceLog;Anna;1435915566087;No data;;;;;;182943362
;ServiceLog;Anna;1435915567099;No data;;;;;;182943362
;ServiceLog;Anna;1435915568132;No data;;;;;;182943362
;ServiceLog;Anna;1435915569143;No data;;;;;;182943362
;ServiceLog;Anna;1435915570173;No data;;;;;;182943362
;ServiceLog;Anna;1435915571185;No data;;;;;;182943362
;ServiceLog;Anna;1435915572269;No data;;;;;;182943362
;ServiceLog;Anna;1435915573281;No data;;;;;;182943362
;ServiceLog;Anna;1435915574350;No data;;;;;;182943362
;ServiceLog;Anna;1435915575360;No data;;;;;;182943362
;ServiceLog;Anna;1435915576436;No data;;;;;;182943362
;ServiceLog;Anna;1435915577452;No data;;;;;;182943362
;ServiceLog;Anna;1435915578523;No data;;;;;;182943362
;ServiceLog;Anna;1435915579536;No data;;;;;;182943362
;ServiceLog;Anna;1435915580569;No data;;;;;;182943362
;ServiceLog;Anna;1435915581580;No data;;;;;;182943362
;ServiceLog;Anna;1435915582744;No data;;;;;;182943362
;ServiceLog;Anna;1435915583755;No data;;;;;;182943362
;ServiceLog;Anna;1435915584829;No data;;;;;;182943362
;ServiceLog;Anna;1435915585845;No data;;;;;;182943362
;ServiceLog;Anna;1435915586934;No data;;;;;;182943362
;ServiceLog;Anna;1435915587946;No data;;;;;;182943362
;ServiceLog;Anna;1435915588983;No data;;;;;;182943362
;ServiceLog;Anna;1435915589994;No data;;;;;;182943362
;ServiceLog;Anna;1435915591081;No data;;;;;;182943362
;ServiceLog;Anna;1435915592091;No data;;;;;;182943362
;ServiceLog;Anna;1435915593175;No data;;;;;;182943362
;ServiceLog;Anna;1435915594189;No data;;;;;;182943362
;ServiceLog;Anna;1435915595255;No data;;;;;;182943362
;ServiceLog;Anna;1435915596269;No data;;;;;;182943362
;ServiceLog;Anna;1435915597344;No data;;;;;;182943362
;ServiceLog;Anna;1435915598359;No data;;;;;;182943362
;ServiceLog;Anna;1435915599436;No data;;;;;;182943362
;ServiceLog;Anna;1435915600447;No data;;;;;;182943362
;ServiceLog;Anna;1435915601528;No data;;;;;;182943362
;ServiceLog;Anna;1435915602540;No data;;;;;;182943362
;ServiceLog;Anna;1435915603614;No data;;;;;;182943362
;ServiceLog;Anna;1435915604625;No data;;;;;;182943362
;ServiceLog;Anna;1435915605704;No data;;;;;;182943362
;ServiceLog;Anna;1435915606715;No data;;;;;;182943362
;ServiceLog;Anna;1435915607792;No data;;;;;;182943362
;ServiceLog;Anna;1435915608814;No data;;;;;;182943362
;ServiceLog;Anna;1435915609846;No data;;;;;;182943362
;ServiceLog;Anna;1435915610856;No data;;;;;;182943362
;ServiceLog;Anna;1435915611947;No data;;;;;;182943362
;ServiceLog;Anna;1435915612962;No data;;;;;;182943362
;ServiceLog;Anna;1435915614051;No data;;;;;;182943362
;ServiceLog;Anna;1435915615075;No data;;;;;;182943362
;ServiceLog;Anna;1435915616153;No data;;;;;;182943362
;ServiceLog;Anna;1435915617163;No data;;;;;;182943362
;ServiceLog;Anna;1435915618195;No data;;;;;;182943362
;ServiceLog;Anna;1435915619213;No data;;;;;;182943362
;ServiceLog;Anna;1435915620297;No data;;;;;;182943362
;ServiceLog;Anna;1435915621308;No data;;;;;;182943362
;ServiceLog;Anna;1435915622393;No data;;;;;;182943362
;ServiceLog;Anna;1435915623405;No data;;;;;;182943362
;ServiceLog;Anna;1435915624488;No data;;;;;;182943362
;ServiceLog;Anna;1435915625498;No data;;;;;;182943362
;ServiceLog;Anna;1435915626528;No data;;;;;;182943362
;ServiceLog;Anna;1435915627537;No data;;;;;;182943362
;ServiceLog;Anna;1435915628567;No data;;;;;;182943362
;ServiceLog;Anna;1435915629579;No data;;;;;;182943362
;ServiceLog;Anna;1435915630656;No data;;;;;;182943362
;ServiceLog;Anna;1435915631675;No data;;;;;;182943362
;ServiceLog;Anna;1435915632755;No data;;;;;;182943362
;ServiceLog;Anna;1435915633765;No data;;;;;;182943362
;ServiceLog;Anna;1435915634844;No data;;;;;;182943362
;ServiceLog;Anna;1435915635856;No data;;;;;;182943362
;ServiceLog;Anna;1435915636899;No data;;;;;;182943362
;ServiceLog;Anna;1435915637917;No data;;;;;;182943362
;ServiceLog;Anna;1435915638996;No data;;;;;;182943362
;ServiceLog;Anna;1435915640006;No data;;;;;;182943362
;ServiceLog;Anna;1435915641101;No data;;;;;;182943362
;ServiceLog;Anna;1435915642113;No data;;;;;;182943362
;ServiceLog;Anna;1435915643197;No data;;;;;;182943362
;ServiceLog;Anna;1435915644208;No data;;;;;;182943362
;ServiceLog;Anna;1435915645287;No data;;;;;;182943362
;ServiceLog;Anna;1435915646299;No data;;;;;;182943362
;ServiceLog;Anna;1435915647333;No data;;;;;;182943362
;ServiceLog;Anna;1435915648343;No data;;;;;;182943362
;ServiceLog;Anna;1435915649381;No data;;;;;;182943362
;ServiceLog;Anna;1435915650393;No data;;;;;;182943362
;ServiceLog;Anna;1435915651424;No data;;;;;;182943362
;ServiceLog;Anna;1435915652442;No data;;;;;;182943362
;ServiceLog;Anna;1435915653505;No data;;;;;;182943362
;ServiceLog;Anna;1435915654520;No data;;;;;;182943362
;ServiceLog;Anna;1435915655589;No data;;;;;;182943362
;ServiceLog;Anna;1435915656602;No data;;;;;;182943362
;ServiceLog;Anna;1435915657666;No data;;;;;;182943362
;ServiceLog;Anna;1435915658678;No data;;;;;;182943362
;ServiceLog;Anna;1435915659714;No data;;;;;;182943362
;ServiceLog;Anna;1435915660726;No data;;;;;;182943362
;ServiceLog;Anna;1435915661802;No data;;;;;;182943362
;ServiceLog;Anna;1435915662813;No data;;;;;;182943362
;ServiceLog;Anna;1435915663941;No data;;;;;;182943362
;ServiceLog;Anna;1435915664974;No data;;;;;;182943362
;ServiceLog;Anna;1435915666035;No data;;;;;;182943362
;ServiceLog;Anna;1435915667071;No data;;;;;;182943362
;ServiceLog;Anna;1435915668104;No data;;;;;;182943362
;ServiceLog;Anna;1435915669120;No data;;;;;;182943362
;ServiceLog;Anna;1435915670198;No data;;;;;;182943362
;ServiceLog;Anna;1435915671210;No data;;;;;;182943362
;ServiceLog;Anna;1435915672247;No data;;;;;;182943362
;ServiceLog;Anna;1435915673257;No data;;;;;;182943362
;ServiceLog;Anna;1435915674352;No data;;;;;;182943362
;ServiceLog;Anna;1435915675366;No data;;;;;;182943362
;ServiceLog;Anna;1435915676442;No data;;;;;;182943362
;ServiceLog;Anna;1435915677452;No data;;;;;;182943362
;ServiceLog;Anna;1435915678527;No data;;;;;;182943362
;ServiceLog;Anna;1435915679546;No data;;;;;;182943362
;ServiceLog;Anna;1435915680627;No data;;;;;;182943362
;ServiceLog;Anna;1435915681638;No data;;;;;;182943362
;ServiceLog;Anna;1435915682677;No data;;;;;;182943362
;ServiceLog;Anna;1435915683688;No data;;;;;;182943362
;ServiceLog;Anna;1435915684766;No data;;;;;;182943362
;ServiceLog;Anna;1435915685781;No data;;;;;;182943362
;ServiceLog;Anna;1435915686847;No data;;;;;;182943362
;ServiceLog;Anna;1435915687857;No data;;;;;;182943362
;ServiceLog;Anna;1435915688935;No data;;;;;;182943362
;ServiceLog;Anna;1435915689949;No data;;;;;;182943362
;ServiceLog;Anna;1435915690993;No data;;;;;;182943362
;ServiceLog;Anna;1435915692006;No data;;;;;;182943362
;ServiceLog;Anna;1435915693038;No data;;;;;;182943362
;ServiceLog;Anna;1435915694056;No data;;;;;;182943362
;ServiceLog;Anna;1435915695140;No data;;;;;;182943362
;ServiceLog;Anna;1435915696152;No data;;;;;;182943362
;ServiceLog;Anna;1435915697186;No data;;;;;;182943362
;ServiceLog;Anna;1435915698197;No data;;;;;;182943362
;ServiceLog;Anna;1435915699288;No data;;;;;;182943362
;ServiceLog;Anna;1435915700299;No data;;;;;;182943362
;ServiceLog;Anna;1435915701375;No data;;;;;;182943362
;ServiceLog;Anna;1435915702391;No data;;;;;;182943362
;ServiceLog;Anna;1435915703465;No data;;;;;;182943362
;ServiceLog;Anna;1435915704482;No data;;;;;;182943362
;ServiceLog;Anna;1435915705523;No data;;;;;;182943362
;ServiceLog;Anna;1435915706536;No data;;;;;;182943362
;ServiceLog;Anna;1435915707619;No data;;;;;;182943362
;ServiceLog;Anna;1435915708629;No data;;;;;;182943362
;ServiceLog;Anna;1435915709706;No data;;;;;;182943362
;ServiceLog;Anna;1435915710717;No data;;;;;;182943362
;ServiceLog;Anna;1435915711758;No data;;;;;;182943362
;ServiceLog;Anna;1435915712770;No data;;;;;;182943362
;ServiceLog;Anna;1435915713848;No data;;;;;;182943362
;ServiceLog;Anna;1435915714865;No data;;;;;;182943362
;ServiceLog;Anna;1435915715956;No data;;;;;;182943362
;ServiceLog;Anna;1435915716967;No data;;;;;;182943362
;ServiceLog;Anna;1435915718046;No data;;;;;;182943362
;ServiceLog;Anna;1435915719056;No data;;;;;;182943362
;ServiceLog;Anna;1435915720126;No data;;;;;;182943362
;ServiceLog;Anna;1435915721137;No data;;;;;;182943362
;ServiceLog;Anna;1435915722212;No data;;;;;;182943362
;ServiceLog;Anna;1435915723222;No data;;;;;;182943362
;ServiceLog;Anna;1435915724292;No data;;;;;;182943362
;ServiceLog;Anna;1435915725301;No data;;;;;;182943362
;ServiceLog;Anna;1435915726373;No data;;;;;;182943362
;ServiceLog;Anna;1435915727386;No data;;;;;;182943362
;ServiceLog;Anna;1435915728466;No data;;;;;;182943362
;ServiceLog;Anna;1435915729486;No data;;;;;;182943362
;ServiceLog;Anna;1435915730563;No data;;;;;;182943362
;ServiceLog;Anna;1435915731578;No data;;;;;;182943362
;ServiceLog;Anna;1435915732656;No data;;;;;;182943362
;ServiceLog;Anna;1435915733668;No data;;;;;;182943362
;ServiceLog;Anna;1435915734748;No data;;;;;;182943362
;ServiceLog;Anna;1435915735768;No data;;;;;;182943362
;ServiceLog;Anna;1435915736843;No data;;;;;;182943362
;ServiceLog;Anna;1435915737853;No data;;;;;;182943362
;ServiceLog;Anna;1435915738939;No data;;;;;;182943362
;ServiceLog;Anna;1435915739951;No data;;;;;;182943362
;ServiceLog;Anna;1435915741044;No data;;;;;;182943362
;ServiceLog;Anna;1435915742075;No data;;;;;;182943362
;ServiceLog;Anna;1435915743155;No data;;;;;;182943362
;ServiceLog;Anna;1435915744177;No data;;;;;;182943362
;ServiceLog;Anna;1435915745255;No data;;;;;;182943362
;ServiceLog;Anna;1435915746274;No data;;;;;;182943362
;ServiceLog;Anna;1435915747305;No data;;;;;;182943362
;ServiceLog;Anna;1435915748317;No data;;;;;;182943362
;ServiceLog;Anna;1435915749390;No data;;;;;;182943362
;ServiceLog;Anna;1435915750401;No data;;;;;;182943362
;ServiceLog;Anna;1435915751474;No data;;;;;;182943362
;ServiceLog;Anna;1435915752484;No data;;;;;;182943362
;ServiceLog;Anna;1435915753561;No data;;;;;;182943362
;ServiceLog;Anna;1435915754571;No data;;;;;;182943362
;ServiceLog;Anna;1435915755648;No data;;;;;;182943362
;ServiceLog;Anna;1435915756658;No data;;;;;;182943362
;ServiceLog;Anna;1435915757696;No data;;;;;;182943362
;ServiceLog;Anna;1435915758708;No data;;;;;;182943362
;ServiceLog;Anna;1435915759793;No data;;;;;;182943362
;ServiceLog;Anna;1435915760811;No data;;;;;;182943362
;ServiceLog;Anna;1435915761884;No data;;;;;;182943362
;ServiceLog;Anna;1435915762894;No data;;;;;;182943362
;ServiceLog;Anna;1435915763974;No data;;;;;;182943362
;ServiceLog;Anna;1435915764984;No data;;;;;;182943362
;ServiceLog;Anna;1435915766065;No data;;;;;;182943362
;ServiceLog;Anna;1435915767076;No data;;;;;;182943362
;ServiceLog;Anna;1435915768154;No data;;;;;;182943362
;ServiceLog;Anna;1435915769166;No data;;;;;;182943362
;ServiceLog;Anna;1435915770244;No data;;;;;;182943362
;ServiceLog;Anna;1435915771273;No data;;;;;;182943362
;ServiceLog;Anna;1435915772449;No data;;;;;;182943362
;ServiceLog;Anna;1435915773460;No data;;;;;;182943362
;ServiceLog;Anna;1435915774530;No data;;;;;;182943362
;ServiceLog;Anna;1435915775543;No data;;;;;;182943362
;ServiceLog;Anna;1435915776627;No data;;;;;;182943362
;ServiceLog;Anna;1435915777640;No data;;;;;;182943362
;ServiceLog;Anna;1435915778713;No data;;;;;;182943362
;ServiceLog;Anna;1435915779725;No data;;;;;;182943362
;ServiceLog;Anna;1435915780769;No data;;;;;;182943362
;ServiceLog;Anna;1435915781782;No data;;;;;;182943362
;ServiceLog;Anna;1435915782863;No data;;;;;;182943362
;ServiceLog;Anna;1435915783877;No data;;;;;;182943362
;ServiceLog;Anna;1435915784966;No data;;;;;;182943362
;ServiceLog;Anna;1435915785978;No data;;;;;;182943362
;ServiceLog;Anna;1435915787050;No data;;;;;;182943362
;ServiceLog;Anna;1435915788063;No data;;;;;;182943362
;ServiceLog;Anna;1435915789159;No data;;;;;;182943362
;ServiceLog;Anna;1435915790173;No data;;;;;;182943362
;ServiceLog;Anna;1435915791213;No data;;;;;;182943362
;ServiceLog;Anna;1435915792229;No data;;;;;;182943362
;ServiceLog;Anna;1435915793301;No data;;;;;;182943362
;ServiceLog;Anna;1435915794311;No data;;;;;;182943362
;ServiceLog;Anna;1435915795383;No data;;;;;;182943362
;ServiceLog;Anna;1435915796402;No data;;;;;;182943362
;ServiceLog;Anna;1435915797476;No data;;;;;;182943362
;ServiceLog;Anna;1435915798490;No data;;;;;;182943362
;ServiceLog;Anna;1435915799567;No data;;;;;;182943362
;ServiceLog;Anna;1435915800579;No data;;;;;;182943362
;ServiceLog;Anna;1435915801670;No data;;;;;;182943362
;ServiceLog;Anna;1435915802682;No data;;;;;;182943362
;ServiceLog;Anna;1435915803756;No data;;;;;;182943362
;ServiceLog;Anna;1435915804771;No data;;;;;;182943362
;ServiceLog;Anna;1435915805842;No data;;;;;;182943362
;ServiceLog;Anna;1435915806855;No data;;;;;;182943362
;ServiceLog;Anna;1435915807931;No data;;;;;;182943362
;ServiceLog;Anna;1435915808943;No data;;;;;;182943362
;ServiceLog;Anna;1435915810020;No data;;;;;;182943362
;ServiceLog;Anna;1435915811038;No data;;;;;;182943362
;ServiceLog;Anna;1435915812111;No data;;;;;;182943362
;ServiceLog;Anna;1435915813122;No data;;;;;;182943362
;ServiceLog;Anna;1435915814196;No data;;;;;;182943362
;ServiceLog;Anna;1435915815206;No data;;;;;;182943362
;ServiceLog;Anna;1435915816286;No data;;;;;;182943362
;ServiceLog;Anna;1435915817306;No data;;;;;;182943362
;ServiceLog;Anna;1435915818395;No data;;;;;;182943362
;ServiceLog;Anna;1435915819414;No data;;;;;;182943362
;ServiceLog;Anna;1435915820444;No data;;;;;;182943362
;ServiceLog;Anna;1435915821458;No data;;;;;;182943362
;ServiceLog;Anna;1435915822542;No data;;;;;;182943362
;ServiceLog;Anna;1435915823554;No data;;;;;;182943362
;ServiceLog;Anna;1435915824636;No data;;;;;;182943362
;ServiceLog;Anna;1435915825647;No data;;;;;;182943362
;ServiceLog;Anna;1435915826682;No data;;;;;;182943362
;ServiceLog;Anna;1435915827695;No data;;;;;;182943362
;ServiceLog;Anna;1435915828778;No data;;;;;;182943362
;ServiceLog;Anna;1435915829788;No data;;;;;;182943362
;ServiceLog;Anna;1435915830864;No data;;;;;;182943362
;ServiceLog;Anna;1435915831874;No data;;;;;;182943362
;ServiceLog;Anna;1435915832955;No data;;;;;;182943362
;ServiceLog;Anna;1435915833970;No data;;;;;;182943362
;ServiceLog;Anna;1435915835045;No data;;;;;;182943362
;ServiceLog;Anna;1435915836056;No data;;;;;;182943362
;ServiceLog;Anna;1435915837094;No data;;;;;;182943362
;ServiceLog;Anna;1435915838112;No data;;;;;;182943362
;ServiceLog;Anna;1435915839141;No data;;;;;;182943362
;ServiceLog;Anna;1435915840151;No data;;;;;;182943362
;ServiceLog;Anna;1435915841224;No data;;;;;;182943362
;ServiceLog;Anna;1435915842234;No data;;;;;;182943362
;ServiceLog;Anna;1435915843319;No data;;;;;;182943362
;ServiceLog;Anna;1435915844330;No data;;;;;;182943362
;ServiceLog;Anna;1435915845403;No data;;;;;;182943362
;ServiceLog;Anna;1435915846413;No data;;;;;;182943362
;ServiceLog;Anna;1435915847443;No data;;;;;;182943362
;ServiceLog;Anna;1435915848453;No data;;;;;;182943362
;ServiceLog;Anna;1435915849487;No data;;;;;;182943362
;ServiceLog;Anna;1435915850504;No data;;;;;;182943362
;ServiceLog;Anna;1435915851587;No data;;;;;;182943362
;ServiceLog;Anna;1435915852599;No data;;;;;;182943362
;ServiceLog;Anna;1435915853672;No data;;;;;;182943362
;ServiceLog;Anna;1435915854694;No data;;;;;;182943362
;ServiceLog;Anna;1435915855776;No data;;;;;;182943362
;ServiceLog;Anna;1435915856795;No data;;;;;;182943362
;ServiceLog;Anna;1435915857879;No data;;;;;;182943362
;ServiceLog;Anna;1435915858892;No data;;;;;;182943362
;ServiceLog;Anna;1435915859925;No data;;;;;;182943362
;ServiceLog;Anna;1435915860936;No data;;;;;;182943362
;ServiceLog;Anna;1435915862025;No data;;;;;;182943362
;ServiceLog;Anna;1435915863037;No data;;;;;;182943362
;ServiceLog;Anna;1435915864116;No data;;;;;;182943362
;ServiceLog;Anna;1435915865132;No data;;;;;;182943362
;ServiceLog;Anna;1435915866210;No data;;;;;;182943362
;ServiceLog;Anna;1435915867225;No data;;;;;;182943362
;ServiceLog;Anna;1435915868259;No data;;;;;;182943362
;ServiceLog;Anna;1435915869272;No data;;;;;;182943362
;ServiceLog;Anna;1435915870300;No data;;;;;;182943362
;ServiceLog;Anna;1435915871310;No data;;;;;;182943362
;ServiceLog;Anna;1435915872404;No data;;;;;;182943362
;ServiceLog;Anna;1435915873413;No data;;;;;;182943362
;ServiceLog;Anna;1435915874486;No data;;;;;;182943362
;ServiceLog;Anna;1435915875502;No data;;;;;;182943362
;ServiceLog;Anna;1435915876576;No data;;;;;;182943362
;ServiceLog;Anna;1435915877594;No data;;;;;;182943362
;ServiceLog;Anna;1435915878624;No data;;;;;;182943362
;ServiceLog;Anna;1435915879634;No data;;;;;;182943362
;ServiceLog;Anna;1435915880721;No data;;;;;;182943362
;ServiceLog;Anna;1435915881737;No data;;;;;;182943362
;ServiceLog;Anna;1435915882811;No data;;;;;;182943362
;ServiceLog;Anna;1435915883823;No data;;;;;;182943362
;ServiceLog;Anna;1435915884910;No data;;;;;;182943362
;ServiceLog;Anna;1435915885920;No data;;;;;;182943362
;ServiceLog;Anna;1435915887005;No data;;;;;;182943362
;ServiceLog;Anna;1435915888015;No data;;;;;;182943362
;ServiceLog;Anna;1435915889059;No data;;;;;;182943362
;ServiceLog;Anna;1435915890070;No data;;;;;;182943362
;ServiceLog;Anna;1435915891147;No data;;;;;;182943362
;ServiceLog;Anna;1435915892169;No data;;;;;;182943362
;ServiceLog;Anna;1435915893243;No data;;;;;;182943362
;ServiceLog;Anna;1435915894253;No data;;;;;;182943362
;ServiceLog;Anna;1435915895336;No data;;;;;;182943362
;ServiceLog;Anna;1435915896349;No data;;;;;;182943362
;ServiceLog;Anna;1435915897442;No data;;;;;;182943362
;ServiceLog;Anna;1435915898457;No data;;;;;;182943362
;ServiceLog;Anna;1435915899493;No data;;;;;;182943362
;ServiceLog;Anna;1435915900505;No data;;;;;;182943362
;ServiceLog;Anna;1435915901600;No data;;;;;;182943362
;ServiceLog;Anna;1435915902611;No data;;;;;;182943362
;ServiceLog;Anna;1435915903697;No data;;;;;;182943362
;ServiceLog;Anna;1435915904710;No data;;;;;;182943362
;ServiceLog;Anna;1435915905740;No data;;;;;;182943362
;ServiceLog;Anna;1435915906764;No data;;;;;;182943362
;ServiceLog;Anna;1435915907846;No data;;;;;;182943362
;ServiceLog;Anna;1435915908857;No data;;;;;;182943362
;ServiceLog;Anna;1435915909935;No data;;;;;;182943362
;ServiceLog;Anna;1435915910952;No data;;;;;;182943362
;ServiceLog;Anna;1435915912027;No data;;;;;;182943362
;ServiceLog;Anna;1435915913046;No data;;;;;;182943362
;ServiceLog;Anna;1435915914135;No data;;;;;;182943362
;ServiceLog;Anna;1435915915148;No data;;;;;;182943362
;ServiceLog;Anna;1435915916181;No data;;;;;;182943362
;ServiceLog;Anna;1435915917193;No data;;;;;;182943362
;ServiceLog;Anna;1435915918231;No data;;;;;;182943362
;ServiceLog;Anna;1435915919242;No data;;;;;;182943362
;ServiceLog;Anna;1435915920324;No data;;;;;;182943362
;ServiceLog;Anna;1435915921335;No data;;;;;;182943362
;ServiceLog;Anna;1435915922419;No data;;;;;;182943362
;ServiceLog;Anna;1435915923439;No data;;;;;;182943362
;ServiceLog;Anna;1435915924514;No data;;;;;;182943362
;ServiceLog;Anna;1435915925531;No data;;;;;;182943362
;ServiceLog;Anna;1435915926562;No data;;;;;;182943362
;ServiceLog;Anna;1435915927573;No data;;;;;;182943362
;ServiceLog;Anna;1435915928647;No data;;;;;;182943362
;ServiceLog;Anna;1435915929657;No data;;;;;;182943362
;ServiceLog;Anna;1435915930755;No data;;;;;;182943362
;ServiceLog;Anna;1435915931774;No data;;;;;;182943362
;ServiceLog;Anna;1435915932855;No data;;;;;;182943362
;ServiceLog;Anna;1435915933866;No data;;;;;;182943362
;ServiceLog;Anna;1435915934938;No data;;;;;;182943362
;ServiceLog;Anna;1435915935956;No data;;;;;;182943362
;ServiceLog;Anna;1435915937036;No data;;;;;;182943362
;ServiceLog;Anna;1435915938047;No data;;;;;;182943362
;ServiceLog;Anna;1435915939075;No data;;;;;;182943362
;ServiceLog;Anna;1435915940085;No data;;;;;;182943362
;ServiceLog;Anna;1435915941170;No data;;;;;;182943362
;ServiceLog;Anna;1435915942179;No data;;;;;;182943362
;ServiceLog;Anna;1435915943232;No data;;;;;;182943362
;ServiceLog;Anna;1435915944276;No data;;;;;;182943362
;ServiceLog;Anna;1435915945335;No data;;;;;;182943362
;ServiceLog;Anna;1435915946372;No data;;;;;;182943362
;ServiceLog;Anna;1435915947403;No data;;;;;;182943362
;ServiceLog;Anna;1435915948420;No data;;;;;;182943362
;ServiceLog;Anna;1435915949499;No data;;;;;;182943362
;ServiceLog;Anna;1435915950510;No data;;;;;;182943362
;ServiceLog;Anna;1435915951540;No data;;;;;;182943362
;ServiceLog;Anna;1435915952553;No data;;;;;;182943362
;ServiceLog;Anna;1435915953633;No data;;;;;;182943362
;ServiceLog;Anna;1435915954651;No data;;;;;;182943362
;ServiceLog;Anna;1435915955730;No data;;;;;;182943362
;ServiceLog;Anna;1435915956743;No data;;;;;;182943362
;ServiceLog;Anna;1435915957787;No data;;;;;;182943362
;ServiceLog;Anna;1435915958807;No data;;;;;;182943362
;ServiceLog;Anna;1435915959885;No data;;;;;;182943362
;ServiceLog;Anna;1435915960899;No data;;;;;;182943362
;ServiceLog;Anna;1435915961946;No data;;;;;;182943362
;ServiceLog;Anna;1435915962957;No data;;;;;;182943362
;ServiceLog;Anna;1435915964040;No data;;;;;;182943362
;ServiceLog;Anna;1435915965059;No data;;;;;;182943362
;ServiceLog;Anna;1435915966134;No data;;;;;;182943362
;ServiceLog;Anna;1435915967144;No data;;;;;;182943362
;ServiceLog;Anna;1435915968183;No data;;;;;;182943362
;ServiceLog;Anna;1435915969198;No data;;;;;;182943362
;ServiceLog;Anna;1435915970281;No data;;;;;;182943362
;ServiceLog;Anna;1435915971293;No data;;;;;;182943362
;ServiceLog;Anna;1435915972378;No data;;;;;;182943362
;ServiceLog;Anna;1435915973404;No data;;;;;;182943362
;ServiceLog;Anna;1435915974431;No data;;;;;;182943362
;ServiceLog;Anna;1435915975447;No data;;;;;;182943362
;ServiceLog;Anna;1435915976523;No data;;;;;;182943362
;ServiceLog;Anna;1435915977540;No data;;;;;;182943362
;ServiceLog;Anna;1435915978595;No data;;;;;;182943362
;ServiceLog;Anna;1435915979607;No data;;;;;;182943362
;ServiceLog;Anna;1435915980639;No data;;;;;;182943362
;ServiceLog;Anna;1435915981651;No data;;;;;;182943362
;ServiceLog;Anna;1435915982724;No data;;;;;;182943362
;ServiceLog;Anna;1435915983742;No data;;;;;;182943362
;ServiceLog;Anna;1435915984780;No data;;;;;;182943362
;ServiceLog;Anna;1435915985799;No data;;;;;;182943362
;ServiceLog;Anna;1435915986881;No data;;;;;;182943362
;ServiceLog;Anna;1435915987899;No data;;;;;;182943362
;ServiceLog;Anna;1435915988980;No data;;;;;;182943362
;ServiceLog;Anna;1435915990001;No data;;;;;;182943362
;ServiceLog;Anna;1435915991089;No data;;;;;;182943362
;ServiceLog;Anna;1435915992103;No data;;;;;;182943362
;ServiceLog;Anna;1435915993184;No data;;;;;;182943362
;ServiceLog;Anna;1435915994197;No data;;;;;;182943362
;ServiceLog;Anna;1435915995273;No data;;;;;;182943362
;ServiceLog;Anna;1435915996284;No data;;;;;;182943362
;ServiceLog;Anna;1435915997369;No data;;;;;;182943362
;ServiceLog;Anna;1435915998391;No data;;;;;;182943362
;ServiceLog;Anna;1435915999457;No data;;;;;;182943362
;ServiceLog;Anna;1435916000467;No data;;;;;;182943362
;ServiceLog;Anna;1435916001540;No data;;;;;;182943362
;ServiceLog;Anna;1435916002552;No data;;;;;;182943362
;ServiceLog;Anna;1435916003622;No data;;;;;;182943362
;ServiceLog;Anna;1435916004636;No data;;;;;;182943362
;ServiceLog;Anna;1435916005672;No data;;;;;;182943362
;ServiceLog;Anna;1435916006684;No data;;;;;;182943362
;ServiceLog;Anna;1435916007863;No data;;;;;;182943362
;ServiceLog;Anna;1435916008874;No data;;;;;;182943362
;ServiceLog;Anna;1435916009955;No data;;;;;;182943362
;ServiceLog;Anna;1435916010966;No data;;;;;;182943362
;ServiceLog;Anna;1435916012044;No data;;;;;;182943362
;ServiceLog;Anna;1435916013055;No data;;;;;;182943362
;ServiceLog;Anna;1435916014135;No data;;;;;;182943362
;ServiceLog;Anna;1435916015146;No data;;;;;;182943362
;ServiceLog;Anna;1435916016224;No data;;;;;;182943362
;ServiceLog;Anna;1435916017234;No data;;;;;;182943362
;ServiceLog;Anna;1435916018315;No data;;;;;;182943362
;ServiceLog;Anna;1435916019619;No data;;;;;;182943362
;ServiceLog;Anna;1435916020661;No data;;;;;;182943362
;ServiceLog;Anna;1435916021671;No data;;;;;;182943362
;ServiceLog;Anna;1435916022738;No data;;;;;;182943362
;ServiceLog;Anna;1435916023749;No data;;;;;;182943362
;ServiceLog;Anna;1435916024784;No data;;;;;;182943362
;ServiceLog;Anna;1435916025796;No data;;;;;;182943362
;ServiceLog;Anna;1435916026875;No data;;;;;;182943362
;ServiceLog;Anna;1435916027894;No data;;;;;;182943362
;ServiceLog;Anna;1435916028979;No data;;;;;;182943362
;ServiceLog;Anna;1435916029990;No data;;;;;;182943362
;ServiceLog;Anna;1435916031063;No data;;;;;;182943362
;ServiceLog;Anna;1435916032083;No data;;;;;;182943362
;ServiceLog;Anna;1435916033164;No data;;;;;;182943362
;ServiceLog;Anna;1435916034180;No data;;;;;;182943362
;ServiceLog;Anna;1435916035213;No data;;;;;;182943362
;ServiceLog;Anna;1435916036228;No data;;;;;;182943362
;ServiceLog;Anna;1435916037319;No data;;;;;;182943362
;ServiceLog;Anna;1435916038330;No data;;;;;;182943362
;ServiceLog;Anna;1435916039418;No data;;;;;;182943362
;ServiceLog;Anna;1435916040433;No data;;;;;;182943362
;ServiceLog;Anna;1435916041518;No data;;;;;;182943362
;ServiceLog;Anna;1435916042553;No data;;;;;;182943362
;ServiceLog;Anna;1435916043638;No data;;;;;;182943362
;ServiceLog;Anna;1435916044649;No data;;;;;;182943362
;ServiceLog;Anna;1435916045707;No data;;;;;;182943362
;ServiceLog;Anna;1435916046722;No data;;;;;;182943362
;ServiceLog;Anna;1435916047796;No data;;;;;;182943362
;ServiceLog;Anna;1435916048807;No data;;;;;;182943362
;ServiceLog;Anna;1435916049891;No data;;;;;;182943362
