ID;Name;User;TimeStamp;NetworkGen;NetworkType;Active;MCC;MNC;LAC;CID;PSC;Power
1013;Академическая 3;Anna;1435841856394;3G;HSDPA;1;250;2;7736;10292789;485;-75
1014;Академическая 4;Anna;1435841869300;3G;HSDPA;1;250;2;7736;10292789;485;-77
1001;Ленинский проспект 1;Anna;1435841999703;2G;EDGE;1;250;2;7736;1010;-1;-67
1002;Ленинский проспект 2;Anna;1435842012212;unknown;unknown;1;-1;-1;-1;-1;-1;0
1003;Ленинский проспект 3;Anna;1435842033897;3G;HSDPA;1;250;2;7736;10292790;484;-79
1004;Ленинский проспект 4;Anna;1435842047664;3G;HSDPA;1;250;2;7736;10292790;484;-81
1004;Ленинский проспект 4;Anna;1435842047664;3G;HSDPA;250-2-7736-10292790;-1;-1;-1;-1;-1;-109
1004;Ленинский проспект 4;Anna;1435842047664;3G;HSDPA;250-2-7736-10292790;-1;-1;-1;-1;-1;-111
1004;Ленинский проспект 4;Anna;1435842047664;3G;HSDPA;250-2-7736-10292790;-1;-1;-1;-1;-1;-111
1004;Ленинский проспект 4;Anna;1435842047664;3G;HSDPA;250-2-7736-10292790;-1;-1;-1;-1;-1;-111
1004;Ленинский проспект 4;Anna;1435842047664;3G;HSDPA;250-2-7736-10292790;-1;-1;-1;-1;-1;-111
1004;Ленинский проспект 4;Anna;1435842047664;3G;HSDPA;250-2-7736-10292790;-1;-1;-1;-1;-1;-111
1004;Ленинский проспект 4;Anna;1435842047664;3G;HSDPA;250-2-7736-10292790;-1;-1;-1;-1;-1;-113
1004;Ленинский проспект 4;Anna;1435842047664;3G;HSDPA;250-2-7736-10292790;-1;-1;-1;-1;-1;-113
991;Шаболовская 1;Anna;1435842181993;unknown;unknown;1;250;99;26802;49566;-1;-67
991;Шаболовская 1;Anna;1435842181993;unknown;unknown;250-99-26802-49566;-1;-1;-1;-1;-1;-109
992;Шаболовская 2;Anna;1435842201276;2G;EDGE;1;250;2;7736;1000;-1;-69
993;Шаболовская 3;Anna;1435842228073;2G;EDGE;1;250;2;7736;1000;-1;-63
994;Шаболовская 4;Anna;1435842242022;2G;EDGE;1;250;2;7736;1000;-1;-63
981;Октябрьская (КРЛ) 1;Anna;1435842317885;2G;EDGE;1;250;2;7736;340;-1;-75
981;Октябрьская (КРЛ) 1;Anna;1435842317885;2G;EDGE;250-2-7736-340;250;99;26802;19062;-1;-77
982;Октябрьская (КРЛ) 2;Anna;1435842332971;2G;EDGE;1;-1;-1;-1;-1;-1;-113
983;Октябрьская (КРЛ) 3;Anna;1435842373044;2G;EDGE;1;-1;-1;-1;-1;-1;-87
984;Октябрьская (КРЛ) 4;Anna;1435842385299;3G;HSDPA;1;250;2;7754;10554624;500;-83
984;Октябрьская (КРЛ) 4;Anna;1435842385299;3G;HSDPA;250-2-7754-10554624;-1;-1;-1;-1;-1;-89
984;Октябрьская (КРЛ) 4;Anna;1435842385299;3G;HSDPA;250-2-7754-10554624;-1;-1;-1;-1;-1;-111
984;Октябрьская (КРЛ) 4;Anna;1435842385299;3G;HSDPA;250-2-7754-10554624;-1;-1;-1;-1;-1;-111
984;Октябрьская (КРЛ) 4;Anna;1435842385299;3G;HSDPA;250-2-7754-10554624;-1;-1;-1;-1;-1;-111
984;Октябрьская (КРЛ) 4;Anna;1435842385299;3G;HSDPA;250-2-7754-10554624;-1;-1;-1;-1;-1;-111
984;Октябрьская (КРЛ) 4;Anna;1435842385299;3G;HSDPA;250-2-7754-10554624;-1;-1;-1;-1;-1;-111
984;Октябрьская (КРЛ) 4;Anna;1435842385299;3G;HSDPA;250-2-7754-10554624;-1;-1;-1;-1;-1;-113
984;Октябрьская (КРЛ) 4;Anna;1435842385299;3G;HSDPA;250-2-7754-10554624;-1;-1;-1;-1;-1;-113
