ID;Name;User;TimeStamp;Temperature;Humidity;Noise;CO;C4H10;CH4
;ServiceLog;Anna;1435841767100;No data
;ServiceLog;Anna;1435841768290;No data
;ServiceLog;Anna;1435841769300;No data
;ServiceLog;Anna;1435841770333;No data
;ServiceLog;Anna;1435841771342;No data
;ServiceLog;Anna;1435841772416;No data
;ServiceLog;Anna;1435841773425;No data
;ServiceLog;Anna;1435841774455;No data
;ServiceLog;Anna;1435841775465;No data
;ServiceLog;Anna;1435841776560;No data
;ServiceLog;Anna;1435841777571;No data
;ServiceLog;Anna;1435841778656;No data
;ServiceLog;Anna;1435841779669;No data
;ServiceLog;Anna;1435841780755;No data
;ServiceLog;Anna;1435841781767;No data
;ServiceLog;Anna;1435841782850;No data
;ServiceLog;Anna;1435841783863;No data
;ServiceLog;Anna;1435841784949;No data
;ServiceLog;Anna;1435841785959;No data
;ServiceLog;Anna;1435841787036;No data
;ServiceLog;Anna;1435841788046;No data
;ServiceLog;Anna;1435841789124;No data
;ServiceLog;Anna;1435841790135;No data
;ServiceLog;Anna;1435841791164;No data
;ServiceLog;Anna;1435841792174;No data
;ServiceLog;Anna;1435841793206;No data
;ServiceLog;Anna;1435841794216;No data
;ServiceLog;Anna;1435841795246;No data
;ServiceLog;Anna;1435841796256;No data
;ServiceLog;Anna;1435841797328;No data
;ServiceLog;Anna;1435841798337;No data
;ServiceLog;Anna;1435841799416;No data
;ServiceLog;Anna;1435841800425;No data
;ServiceLog;Anna;1435841801508;No data
;ServiceLog;Anna;1435841802525;No data
;ServiceLog;Anna;1435841803569;No data
;ServiceLog;Anna;1435841804585;No data
;ServiceLog;Anna;1435841805612;No data
;ServiceLog;Anna;1435841806621;No data
;ServiceLog;Anna;1435841807706;No data
;ServiceLog;Anna;1435841808716;No data
;ServiceLog;Anna;1435841809785;No data
;ServiceLog;Anna;1435841810794;No data
;ServiceLog;Anna;1435841811868;No data
;ServiceLog;Anna;1435841812886;No data
;ServiceLog;Anna;1435841813917;No data
;ServiceLog;Anna;1435841814928;No data
;ServiceLog;Anna;1435841815957;No data
;ServiceLog;Anna;1435841816967;No data
;ServiceLog;Anna;1435841818044;No data
;ServiceLog;Anna;1435841819054;No data
;ServiceLog;Anna;1435841820125;No data
;ServiceLog;Anna;1435841821134;No data
;ServiceLog;Anna;1435841822165;No data
;ServiceLog;Anna;1435841823174;No data
;ServiceLog;Anna;1435841824255;No data
;ServiceLog;Anna;1435841825266;No data
;ServiceLog;Anna;1435841826344;No data
;ServiceLog;Anna;1435841827353;No data
;ServiceLog;Anna;1435841828428;No data
;ServiceLog;Anna;1435841829437;No data
;ServiceLog;Anna;1435841830514;No data
;ServiceLog;Anna;1435841831524;No data
;ServiceLog;Anna;1435841832592;No data
;ServiceLog;Anna;1435841833600;No data
;ServiceLog;Anna;1435841834674;No data
;ServiceLog;Anna;1435841835683;No data
;ServiceLog;Anna;1435841836760;No data
;ServiceLog;Anna;1435841837770;No data
;ServiceLog;Anna;1435841838844;No data
;ServiceLog;Anna;1435841839854;No data
;ServiceLog;Anna;1435841840922;No data
;ServiceLog;Anna;1435841841932;No data
;ServiceLog;Anna;1435841843006;No data
;ServiceLog;Anna;1435841844015;No data
;ServiceLog;Anna;1435841845090;No data
;ServiceLog;Anna;1435841846099;No data
;ServiceLog;Anna;1435841847171;No data
;ServiceLog;Anna;1435841848180;No data
;ServiceLog;Anna;1435841849262;No data
;ServiceLog;Anna;1435841850285;No data
;ServiceLog;Anna;1435841851352;No data
;ServiceLog;Anna;1435841852361;No data
;ServiceLog;Anna;1435841853433;No data
;ServiceLog;Anna;1435841854441;No data
;ServiceLog;Anna;1435841855514;No data
;ServiceLog;Anna;1435841856523;No data
;ServiceLog;Anna;1435841857610;No data
;ServiceLog;Anna;1435841858619;No data
;ServiceLog;Anna;1435841859693;No data
;ServiceLog;Anna;1435841860702;No data
;ServiceLog;Anna;1435841861776;No data
;ServiceLog;Anna;1435841862796;No data
;ServiceLog;Anna;1435841863879;No data
;ServiceLog;Anna;1435841864887;No data
;ServiceLog;Anna;1435841865965;No data
;ServiceLog;Anna;1435841866974;No data
;ServiceLog;Anna;1435841868055;No data
;ServiceLog;Anna;1435841869063;No data
;ServiceLog;Anna;1435841870133;No data
;ServiceLog;Anna;1435841871143;No data
;ServiceLog;Anna;1435841872215;No data
;ServiceLog;Anna;1435841873234;No data
;ServiceLog;Anna;1435841874326;No data
;ServiceLog;Anna;1435841875350;No data
;ServiceLog;Anna;1435841876435;No data
;ServiceLog;Anna;1435841877467;No data
;ServiceLog;Anna;1435841878561;No data
;ServiceLog;Anna;1435841879581;No data
;ServiceLog;Anna;1435841880667;No data
;ServiceLog;Anna;1435841881714;No data
;ServiceLog;Anna;1435841882793;No data
;ServiceLog;Anna;1435841883811;No data
;ServiceLog;Anna;1435841884899;No data
;ServiceLog;Anna;1435841885919;No data
;ServiceLog;Anna;1435841887020;No data
;ServiceLog;Anna;1435841888043;No data
;ServiceLog;Anna;1435841889129;No data
;ServiceLog;Anna;1435841890150;No data
;ServiceLog;Anna;1435841891233;No data
;ServiceLog;Anna;1435841892256;No data
;ServiceLog;Anna;1435841893311;No data
;ServiceLog;Anna;1435841894333;No data
;ServiceLog;Anna;1435841895388;No data
;ServiceLog;Anna;1435841896456;No data
;ServiceLog;Anna;1435841897553;No data
;ServiceLog;Anna;1435841898570;No data
;ServiceLog;Anna;1435841899632;No data
;ServiceLog;Anna;1435841900656;No data
;ServiceLog;Anna;1435841901735;No data
;ServiceLog;Anna;1435841902758;No data
;ServiceLog;Anna;1435841903865;No data
;ServiceLog;Anna;1435841904892;No data
;ServiceLog;Anna;1435841905987;No data
;ServiceLog;Anna;1435841907022;No data
;ServiceLog;Anna;1435841908110;No data
;ServiceLog;Anna;1435841909127;No data
;ServiceLog;Anna;1435841910216;No data
;ServiceLog;Anna;1435841911250;No data
;ServiceLog;Anna;1435841912320;No data
;ServiceLog;Anna;1435841913331;No data
;ServiceLog;Anna;1435841914376;No data
;ServiceLog;Anna;1435841915420;No data
;ServiceLog;Anna;1435841916473;No data
;ServiceLog;Anna;1435841917513;No data
;ServiceLog;Anna;1435841918567;No data
;ServiceLog;Anna;1435841919609;No data
;ServiceLog;Anna;1435841920657;No data
;ServiceLog;Anna;1435841921695;No data
;ServiceLog;Anna;1435841922922;No data
;ServiceLog;Anna;1435841923953;No data
;ServiceLog;Anna;1435841924979;No data
;ServiceLog;Anna;1435841925988;No data
;ServiceLog;Anna;1435841927020;No data
;ServiceLog;Anna;1435841928031;No data
;ServiceLog;Anna;1435841929065;No data
;ServiceLog;Anna;1435841930074;No data
;ServiceLog;Anna;1435841931146;No data
;ServiceLog;Anna;1435841932156;No data
;ServiceLog;Anna;1435841933184;No data
;ServiceLog;Anna;1435841934200;No data
;ServiceLog;Anna;1435841935270;No data
;ServiceLog;Anna;1435841936280;No data
;ServiceLog;Anna;1435841937325;No data
;ServiceLog;Anna;1435841938334;No data
;ServiceLog;Anna;1435841939371;No data
;ServiceLog;Anna;1435841940380;No data
;ServiceLog;Anna;1435841941451;No data
;ServiceLog;Anna;1435841942460;No data
;ServiceLog;Anna;1435841943490;No data
;ServiceLog;Anna;1435841944503;No data
;ServiceLog;Anna;1435841945574;No data
;ServiceLog;Anna;1435841946584;No data
;ServiceLog;Anna;1435841947654;No data
;ServiceLog;Anna;1435841948663;No data
;ServiceLog;Anna;1435841949727;No data
;ServiceLog;Anna;1435841950736;No data
;ServiceLog;Anna;1435841951808;No data
;ServiceLog;Anna;1435841952821;No data
;ServiceLog;Anna;1435841953892;No data
;ServiceLog;Anna;1435841954900;No data
;ServiceLog;Anna;1435841955933;No data
;ServiceLog;Anna;1435841956941;No data
;ServiceLog;Anna;1435841958008;No data
;ServiceLog;Anna;1435841959016;No data
;ServiceLog;Anna;1435841960090;No data
;ServiceLog;Anna;1435841961101;No data
;ServiceLog;Anna;1435841962168;No data
;ServiceLog;Anna;1435841963177;No data
;ServiceLog;Anna;1435841964264;No data
;ServiceLog;Anna;1435841965272;No data
;ServiceLog;Anna;1435841966348;No data
;ServiceLog;Anna;1435841967357;No data
;ServiceLog;Anna;1435841968436;No data
;ServiceLog;Anna;1435841969445;No data
;ServiceLog;Anna;1435841970524;No data
;ServiceLog;Anna;1435841971533;No data
;ServiceLog;Anna;1435841972615;No data
;ServiceLog;Anna;1435841973624;No data
;ServiceLog;Anna;1435841974697;No data
;ServiceLog;Anna;1435841975706;No data
;ServiceLog;Anna;1435841976738;No data
;ServiceLog;Anna;1435841977746;No data
;ServiceLog;Anna;1435841978820;No data
;ServiceLog;Anna;1435841979829;No data
;ServiceLog;Anna;1435841980907;No data
;ServiceLog;Anna;1435841981917;No data
;ServiceLog;Anna;1435841982995;No data
;ServiceLog;Anna;1435841984012;No data
;ServiceLog;Anna;1435841985044;No data
;ServiceLog;Anna;1435841986058;No data
;ServiceLog;Anna;1435841987092;No data
;ServiceLog;Anna;1435841988100;No data
;ServiceLog;Anna;1435841989130;No data
;ServiceLog;Anna;1435841990140;No data
;ServiceLog;Anna;1435841991213;No data
;ServiceLog;Anna;1435841992232;No data
;ServiceLog;Anna;1435841993319;No data
;ServiceLog;Anna;1435841994329;No data
;ServiceLog;Anna;1435841995366;No data
;ServiceLog;Anna;1435841996375;No data
;ServiceLog;Anna;1435841997404;No data
;ServiceLog;Anna;1435841998414;No data
;ServiceLog;Anna;1435841999532;No data
;ServiceLog;Anna;1435842000542;No data
;ServiceLog;Anna;1435842001572;No data
;ServiceLog;Anna;1435842002584;No data
;ServiceLog;Anna;1435842003655;No data
;ServiceLog;Anna;1435842004682;No data
;ServiceLog;Anna;1435842005726;No data
;ServiceLog;Anna;1435842006740;No data
;ServiceLog;Anna;1435842007813;No data
;ServiceLog;Anna;1435842008824;No data
;ServiceLog;Anna;1435842009856;No data
;ServiceLog;Anna;1435842010879;No data
;ServiceLog;Anna;1435842011925;No data
;ServiceLog;Anna;1435842012968;No data
;ServiceLog;Anna;1435842013997;No data
;ServiceLog;Anna;1435842015006;No data
;ServiceLog;Anna;1435842016096;No data
;ServiceLog;Anna;1435842017105;No data
;ServiceLog;Anna;1435842018177;No data
;ServiceLog;Anna;1435842019188;No data
;ServiceLog;Anna;1435842020267;No data
;ServiceLog;Anna;1435842021277;No data
;ServiceLog;Anna;1435842022382;No data
;ServiceLog;Anna;1435842023391;No data
;ServiceLog;Anna;1435842024472;No data
;ServiceLog;Anna;1435842025482;No data
;ServiceLog;Anna;1435842026562;No data
;ServiceLog;Anna;1435842027570;No data
;ServiceLog;Anna;1435842028647;No data
;ServiceLog;Anna;1435842029656;No data
;ServiceLog;Anna;1435842030732;No data
;ServiceLog;Anna;1435842031765;No data
;ServiceLog;Anna;1435842032792;No data
;ServiceLog;Anna;1435842033802;No data
;ServiceLog;Anna;1435842034883;No data
;ServiceLog;Anna;1435842035894;No data
;ServiceLog;Anna;1435842036964;No data
;ServiceLog;Anna;1435842037975;No data
;ServiceLog;Anna;1435842039046;No data
;ServiceLog;Anna;1435842040062;No data
;ServiceLog;Anna;1435842041101;No data
;ServiceLog;Anna;1435842042134;No data
;ServiceLog;Anna;1435842043214;No data
;ServiceLog;Anna;1435842044232;No data
;ServiceLog;Anna;1435842045313;No data
;ServiceLog;Anna;1435842046336;No data
;ServiceLog;Anna;1435842047433;No data
;ServiceLog;Anna;1435842048454;No data
;ServiceLog;Anna;1435842049541;No data
;ServiceLog;Anna;1435842050567;No data
;ServiceLog;Anna;1435842051656;No data
;ServiceLog;Anna;1435842052680;No data
;ServiceLog;Anna;1435842053721;No data
;ServiceLog;Anna;1435842054743;No data
;ServiceLog;Anna;1435842055795;No data
;ServiceLog;Anna;1435842056816;No data
;ServiceLog;Anna;1435842057907;No data
;ServiceLog;Anna;1435842058928;No data
;ServiceLog;Anna;1435842060017;No data
;ServiceLog;Anna;1435842061078;No data
;ServiceLog;Anna;1435842062170;No data
;ServiceLog;Anna;1435842063192;No data
;ServiceLog;Anna;1435842064292;No data
;ServiceLog;Anna;1435842065323;No data
;ServiceLog;Anna;1435842066362;No data
;ServiceLog;Anna;1435842067379;No data
;ServiceLog;Anna;1435842068418;No data
;ServiceLog;Anna;1435842069490;No data
;ServiceLog;Anna;1435842070603;No data
;ServiceLog;Anna;1435842071626;No data
;ServiceLog;Anna;1435842072709;No data
;ServiceLog;Anna;1435842073740;No data
;ServiceLog;Anna;1435842074970;No data
;ServiceLog;Anna;1435842075986;No data
;ServiceLog;Anna;1435842077014;No data
;ServiceLog;Anna;1435842078024;No data
;ServiceLog;Anna;1435842079093;No data
;ServiceLog;Anna;1435842080118;No data
;ServiceLog;Anna;1435842081167;No data
;ServiceLog;Anna;1435842082201;No data
;ServiceLog;Anna;1435842083235;No data
;ServiceLog;Anna;1435842084245;No data
;ServiceLog;Anna;1435842085276;No data
;ServiceLog;Anna;1435842086287;No data
;ServiceLog;Anna;1435842087320;No data
;ServiceLog;Anna;1435842088332;No data
;ServiceLog;Anna;1435842089364;No data
;ServiceLog;Anna;1435842090374;No data
;ServiceLog;Anna;1435842091416;No data
;ServiceLog;Anna;1435842092429;No data
;ServiceLog;Anna;1435842093468;No data
;ServiceLog;Anna;1435842094479;No data
;ServiceLog;Anna;1435842095557;No data
;ServiceLog;Anna;1435842096568;No data
;ServiceLog;Anna;1435842097649;No data
;ServiceLog;Anna;1435842098657;No data
;ServiceLog;Anna;1435842099687;No data
;ServiceLog;Anna;1435842100697;No data
;ServiceLog;Anna;1435842101727;No data
;ServiceLog;Anna;1435842102740;No data
;ServiceLog;Anna;1435842103774;No data
;ServiceLog;Anna;1435842104785;No data
;ServiceLog;Anna;1435842105911;No data
;ServiceLog;Anna;1435842106946;No data
;ServiceLog;Anna;1435842107998;No data
;ServiceLog;Anna;1435842109033;No data
;ServiceLog;Anna;1435842110088;No data
;ServiceLog;Anna;1435842111120;No data
;ServiceLog;Anna;1435842112169;No data
;ServiceLog;Anna;1435842113204;No data
;ServiceLog;Anna;1435842114251;No data
;ServiceLog;Anna;1435842115297;No data
;ServiceLog;Anna;1435842116353;No data
;ServiceLog;Anna;1435842117394;No data
;ServiceLog;Anna;1435842118460;No data
;ServiceLog;Anna;1435842119507;No data
;ServiceLog;Anna;1435842120561;No data
;ServiceLog;Anna;1435842121625;No data
;ServiceLog;Anna;1435842122658;No data
;ServiceLog;Anna;1435842123668;No data
;ServiceLog;Anna;1435842124744;No data
;ServiceLog;Anna;1435842125753;No data
;ServiceLog;Anna;1435842126840;No data
;ServiceLog;Anna;1435842127858;No data
;ServiceLog;Anna;1435842128887;No data
;ServiceLog;Anna;1435842129897;No data
;ServiceLog;Anna;1435842130987;No data
;ServiceLog;Anna;1435842132000;No data
;ServiceLog;Anna;1435842133027;No data
;ServiceLog;Anna;1435842134042;No data
;ServiceLog;Anna;1435842135126;No data
;ServiceLog;Anna;1435842136143;No data
;ServiceLog;Anna;1435842137217;No data
;ServiceLog;Anna;1435842138227;No data
;ServiceLog;Anna;1435842139258;No data
;ServiceLog;Anna;1435842140268;No data
;ServiceLog;Anna;1435842141347;No data
;ServiceLog;Anna;1435842142357;No data
;ServiceLog;Anna;1435842143386;No data
;ServiceLog;Anna;1435842144396;No data
;ServiceLog;Anna;1435842145421;No data
;ServiceLog;Anna;1435842146445;No data
;ServiceLog;Anna;1435842147524;No data
;ServiceLog;Anna;1435842148534;No data
;ServiceLog;Anna;1435842149607;No data
;ServiceLog;Anna;1435842150618;No data
;ServiceLog;Anna;1435842151698;No data
;ServiceLog;Anna;1435842152709;No data
;ServiceLog;Anna;1435842153782;No data
;ServiceLog;Anna;1435842154792;No data
;ServiceLog;Anna;1435842155879;No data
;ServiceLog;Anna;1435842156892;No data
;ServiceLog;Anna;1435842157921;No data
;ServiceLog;Anna;1435842158932;No data
;ServiceLog;Anna;1435842160005;No data
;ServiceLog;Anna;1435842161023;No data
;ServiceLog;Anna;1435842162098;No data
;ServiceLog;Anna;1435842163109;No data
;ServiceLog;Anna;1435842164136;No data
;ServiceLog;Anna;1435842165148;No data
;ServiceLog;Anna;1435842166185;No data
;ServiceLog;Anna;1435842167195;No data
;ServiceLog;Anna;1435842168264;No data
;ServiceLog;Anna;1435842169275;No data
;ServiceLog;Anna;1435842170314;No data
;ServiceLog;Anna;1435842171324;No data
;ServiceLog;Anna;1435842172397;No data
;ServiceLog;Anna;1435842173408;No data
;ServiceLog;Anna;1435842174501;No data
;ServiceLog;Anna;1435842175516;No data
;ServiceLog;Anna;1435842176594;No data
;ServiceLog;Anna;1435842177604;No data
;ServiceLog;Anna;1435842178633;No data
;ServiceLog;Anna;1435842179643;No data
;ServiceLog;Anna;1435842180712;No data
;ServiceLog;Anna;1435842181723;No data
;ServiceLog;Anna;1435842182794;No data
;ServiceLog;Anna;1435842183806;No data
;ServiceLog;Anna;1435842184833;No data
;ServiceLog;Anna;1435842185846;No data
;ServiceLog;Anna;1435842186913;No data
;ServiceLog;Anna;1435842187926;No data
;ServiceLog;Anna;1435842188968;No data
;ServiceLog;Anna;1435842189982;No data
;ServiceLog;Anna;1435842191021;No data
;ServiceLog;Anna;1435842192030;No data
;ServiceLog;Anna;1435842193224;No data
;ServiceLog;Anna;1435842194234;No data
;ServiceLog;Anna;1435842195257;No data
;ServiceLog;Anna;1435842196269;No data
;ServiceLog;Anna;1435842197368;No data
;ServiceLog;Anna;1435842198381;No data
;ServiceLog;Anna;1435842199453;No data
;ServiceLog;Anna;1435842200462;No data
;ServiceLog;Anna;1435842201493;No data
;ServiceLog;Anna;1435842202502;No data
;ServiceLog;Anna;1435842203576;No data
;ServiceLog;Anna;1435842204584;No data
;ServiceLog;Anna;1435842205655;No data
;ServiceLog;Anna;1435842206665;No data
;ServiceLog;Anna;1435842207696;No data
;ServiceLog;Anna;1435842208706;No data
;ServiceLog;Anna;1435842209752;No data
;ServiceLog;Anna;1435842210761;No data
;ServiceLog;Anna;1435842211847;No data
;ServiceLog;Anna;1435842212859;No data
;ServiceLog;Anna;1435842213937;No data
;ServiceLog;Anna;1435842214946;No data
;ServiceLog;Anna;1435842216021;No data
;ServiceLog;Anna;1435842217033;No data
;ServiceLog;Anna;1435842218104;No data
;ServiceLog;Anna;1435842219116;No data
;ServiceLog;Anna;1435842220189;No data
;ServiceLog;Anna;1435842221198;No data
;ServiceLog;Anna;1435842222230;No data
;ServiceLog;Anna;1435842223239;No data
;ServiceLog;Anna;1435842224318;No data
;ServiceLog;Anna;1435842225328;No data
;ServiceLog;Anna;1435842226405;No data
;ServiceLog;Anna;1435842227415;No data
;ServiceLog;Anna;1435842228445;No data
;ServiceLog;Anna;1435842229456;No data
;ServiceLog;Anna;1435842230539;No data
;ServiceLog;Anna;1435842231550;No data
;ServiceLog;Anna;1435842232627;No data
;ServiceLog;Anna;1435842233643;No data
;ServiceLog;Anna;1435842234725;No data
;ServiceLog;Anna;1435842235736;No data
;ServiceLog;Anna;1435842236811;No data
;ServiceLog;Anna;1435842237822;No data
;ServiceLog;Anna;1435842238896;No data
;ServiceLog;Anna;1435842239908;No data
;ServiceLog;Anna;1435842240939;No data
;ServiceLog;Anna;1435842241950;No data
;ServiceLog;Anna;1435842242982;No data
;ServiceLog;Anna;1435842243998;No data
;ServiceLog;Anna;1435842245028;No data
;ServiceLog;Anna;1435842246037;No data
;ServiceLog;Anna;1435842247125;No data
;ServiceLog;Anna;1435842248138;No data
;ServiceLog;Anna;1435842249220;No data
;ServiceLog;Anna;1435842250230;No data
;ServiceLog;Anna;1435842251307;No data
;ServiceLog;Anna;1435842252318;No data
;ServiceLog;Anna;1435842253355;No data
;ServiceLog;Anna;1435842254365;No data
;ServiceLog;Anna;1435842255433;No data
;ServiceLog;Anna;1435842256443;No data
;ServiceLog;Anna;1435842257484;No data
;ServiceLog;Anna;1435842258495;No data
;ServiceLog;Anna;1435842259570;No data
;ServiceLog;Anna;1435842260580;No data
;ServiceLog;Anna;1435842261612;No data
;ServiceLog;Anna;1435842262628;No data
;ServiceLog;Anna;1435842263710;No data
;ServiceLog;Anna;1435842264719;No data
;ServiceLog;Anna;1435842265799;No data
;ServiceLog;Anna;1435842266815;No data
;ServiceLog;Anna;1435842267895;No data
;ServiceLog;Anna;1435842268905;No data
;ServiceLog;Anna;1435842269978;No data
;ServiceLog;Anna;1435842270987;No data
;ServiceLog;Anna;1435842272017;No data
;ServiceLog;Anna;1435842273029;No data
;ServiceLog;Anna;1435842274063;No data
;ServiceLog;Anna;1435842275074;No data
;ServiceLog;Anna;1435842276147;No data
;ServiceLog;Anna;1435842277158;No data
;ServiceLog;Anna;1435842278236;No data
;ServiceLog;Anna;1435842279246;No data
;ServiceLog;Anna;1435842280275;No data
;ServiceLog;Anna;1435842281285;No data
;ServiceLog;Anna;1435842282467;No data
;ServiceLog;Anna;1435842283598;No data
;ServiceLog;Anna;1435842284633;No data
;ServiceLog;Anna;1435842285644;No data
;ServiceLog;Anna;1435842286720;No data
;ServiceLog;Anna;1435842287731;No data
;ServiceLog;Anna;1435842288805;No data
;ServiceLog;Anna;1435842289820;No data
;ServiceLog;Anna;1435842290899;No data
;ServiceLog;Anna;1435842291908;No data
;ServiceLog;Anna;1435842292984;No data
;ServiceLog;Anna;1435842293995;No data
;ServiceLog;Anna;1435842295077;No data
;ServiceLog;Anna;1435842296088;No data
;ServiceLog;Anna;1435842297168;No data
;ServiceLog;Anna;1435842298178;No data
;ServiceLog;Anna;1435842299250;No data
;ServiceLog;Anna;1435842300272;No data
;ServiceLog;Anna;1435842301298;No data
;ServiceLog;Anna;1435842302308;No data
;ServiceLog;Anna;1435842303386;No data
;ServiceLog;Anna;1435842304396;No data
;ServiceLog;Anna;1435842305421;No data
;ServiceLog;Anna;1435842306432;No data
;ServiceLog;Anna;1435842307503;No data
;ServiceLog;Anna;1435842308514;No data
;ServiceLog;Anna;1435842309555;No data
;ServiceLog;Anna;1435842310567;No data
;ServiceLog;Anna;1435842311649;No data
;ServiceLog;Anna;1435842312659;No data
;ServiceLog;Anna;1435842313747;No data
;ServiceLog;Anna;1435842314759;No data
;ServiceLog;Anna;1435842315782;No data
;ServiceLog;Anna;1435842316812;No data
;ServiceLog;Anna;1435842317884;No data
;ServiceLog;Anna;1435842318901;No data
;ServiceLog;Anna;1435842319931;No data
;ServiceLog;Anna;1435842320941;No data
;ServiceLog;Anna;1435842321970;No data
;ServiceLog;Anna;1435842322980;No data
;ServiceLog;Anna;1435842324066;No data
;ServiceLog;Anna;1435842325075;No data
;ServiceLog;Anna;1435842326152;No data
;ServiceLog;Anna;1435842327163;No data
;ServiceLog;Anna;1435842328237;No data
;ServiceLog;Anna;1435842329249;No data
;ServiceLog;Anna;1435842330303;No data
;ServiceLog;Anna;1435842331312;No data
;ServiceLog;Anna;1435842332372;No data
;ServiceLog;Anna;1435842333410;No data
;ServiceLog;Anna;1435842334441;No data
;ServiceLog;Anna;1435842335482;No data
;ServiceLog;Anna;1435842336515;No data
;ServiceLog;Anna;1435842337525;No data
;ServiceLog;Anna;1435842338595;No data
;ServiceLog;Anna;1435842339604;No data
;ServiceLog;Anna;1435842340695;No data
;ServiceLog;Anna;1435842341721;No data
;ServiceLog;Anna;1435842342754;No data
;ServiceLog;Anna;1435842343778;No data
;ServiceLog;Anna;1435842344995;No data
;ServiceLog;Anna;1435842346028;No data
;ServiceLog;Anna;1435842347084;No data
;ServiceLog;Anna;1435842348205;No data
;ServiceLog;Anna;1435842349229;No data
;ServiceLog;Anna;1435842350239;No data
;ServiceLog;Anna;1435842351319;No data
;ServiceLog;Anna;1435842352329;No data
;ServiceLog;Anna;1435842353400;No data
;ServiceLog;Anna;1435842354409;No data
;ServiceLog;Anna;1435842355494;No data
;ServiceLog;Anna;1435842356511;No data
;ServiceLog;Anna;1435842357582;No data
;ServiceLog;Anna;1435842358590;No data
;ServiceLog;Anna;1435842359666;No data
;ServiceLog;Anna;1435842360674;No data
;ServiceLog;Anna;1435842361751;No data
;ServiceLog;Anna;1435842362760;No data
;ServiceLog;Anna;1435842363831;No data
;ServiceLog;Anna;1435842364840;No data
;ServiceLog;Anna;1435842365915;No data
;ServiceLog;Anna;1435842366925;No data
;ServiceLog;Anna;1435842367993;No data
;ServiceLog;Anna;1435842369001;No data
;ServiceLog;Anna;1435842370076;No data
;ServiceLog;Anna;1435842371085;No data
;ServiceLog;Anna;1435842372154;No data
;ServiceLog;Anna;1435842373163;No data
;ServiceLog;Anna;1435842374229;No data
;ServiceLog;Anna;1435842375238;No data
;ServiceLog;Anna;1435842376315;No data
;ServiceLog;Anna;1435842377325;No data
;ServiceLog;Anna;1435842378378;No data
;ServiceLog;Anna;1435842379419;No data
;ServiceLog;Anna;1435842380471;No data
;ServiceLog;Anna;1435842381491;No data
;ServiceLog;Anna;1435842382576;No data
;ServiceLog;Anna;1435842383629;No data
;ServiceLog;Anna;1435842384717;No data
;ServiceLog;Anna;1435842385734;No data
;ServiceLog;Anna;1435842386822;No data
;ServiceLog;Anna;1435842387850;No data
;ServiceLog;Anna;1435842388930;No data
;ServiceLog;Anna;1435842389949;No data
;ServiceLog;Anna;1435842391034;No data
;ServiceLog;Anna;1435842392054;No data
;ServiceLog;Anna;1435842393146;No data
;ServiceLog;Anna;1435842394166;No data
;ServiceLog;Anna;1435842395258;No data
;ServiceLog;Anna;1435842396282;No data
;ServiceLog;Anna;1435842397323;No data
;ServiceLog;Anna;1435842398333;No data
;ServiceLog;Anna;1435842399360;No data
;ServiceLog;Anna;1435842400369;No data
;ServiceLog;Anna;1435842401441;No data
;ServiceLog;Anna;1435842402450;No data
;ServiceLog;Anna;1435842403487;No data
;ServiceLog;Anna;1435842404497;No data
;ServiceLog;Anna;1435842405567;No data
;ServiceLog;Anna;1435842406576;No data
;ServiceLog;Anna;1435842407641;No data
;ServiceLog;Anna;1435842408650;No data
;ServiceLog;Anna;1435842409739;No data
;ServiceLog;Anna;1435842410749;No data
;ServiceLog;Anna;1435842411821;No data
;ServiceLog;Anna;1435842412830;No data
;ServiceLog;Anna;1435842413876;No data
;ServiceLog;Anna;1435842414908;No data
;ServiceLog;Anna;1435842415956;No data
;ServiceLog;Anna;1435842416997;No data
;ServiceLog;Anna;1435842418050;No data
;ServiceLog;Anna;1435842419182;No data
;ServiceLog;Anna;1435842420229;No data
;ServiceLog;Anna;1435842421261;No data
;ServiceLog;Anna;1435842422309;No data
;ServiceLog;Anna;1435842423348;No data
;ServiceLog;Anna;1435842424405;No data
;ServiceLog;Anna;1435842425446;No data
;ServiceLog;Anna;1435842426508;No data
;ServiceLog;Anna;1435842427548;No data
;ServiceLog;Anna;1435842428603;No data
;ServiceLog;Anna;1435842429681;No data
;ServiceLog;Anna;1435842430716;No data
;ServiceLog;Anna;1435842431731;No data
;ServiceLog;Anna;1435842432808;No data
;ServiceLog;Anna;1435842433826;No data
;ServiceLog;Anna;1435842434860;No data
;ServiceLog;Anna;1435842435871;No data
;ServiceLog;Anna;1435842436952;No data
;ServiceLog;Anna;1435842437968;No data
;ServiceLog;Anna;1435842439056;No data
;ServiceLog;Anna;1435842440069;No data
;ServiceLog;Anna;1435842441157;No data
;ServiceLog;Anna;1435842442168;No data
;ServiceLog;Anna;1435842443255;No data
;ServiceLog;Anna;1435842444268;No data
;ServiceLog;Anna;1435842445350;No data
;ServiceLog;Anna;1435842446360;No data
;ServiceLog;Anna;1435842447396;No data
;ServiceLog;Anna;1435842448408;No data
;ServiceLog;Anna;1435842449489;No data
;ServiceLog;Anna;1435842450498;No data
;ServiceLog;Anna;1435842451528;No data
;ServiceLog;Anna;1435842452542;No data
;ServiceLog;Anna;1435842453616;No data
;ServiceLog;Anna;1435842454630;No data
;ServiceLog;Anna;1435842455703;No data
;ServiceLog;Anna;1435842456719;No data
;ServiceLog;Anna;1435842457791;No data
;ServiceLog;Anna;1435842458802;No data
;ServiceLog;Anna;1435842459876;No data
;ServiceLog;Anna;1435842460886;No data
;ServiceLog;Anna;1435842461949;No data
;ServiceLog;Anna;1435842462960;No data
;ServiceLog;Anna;1435842464063;No data
;ServiceLog;Anna;1435842465079;No data
;ServiceLog;Anna;1435842466150;No data
;ServiceLog;Anna;1435842467162;No data
;ServiceLog;Anna;1435842468233;No data
;ServiceLog;Anna;1435842469265;No data
;ServiceLog;Anna;1435842470294;No data
;ServiceLog;Anna;1435842471304;No data
;ServiceLog;Anna;1435842472337;No data
;ServiceLog;Anna;1435842473349;No data
;ServiceLog;Anna;1435842474425;No data
;ServiceLog;Anna;1435842475435;No data
;ServiceLog;Anna;1435842476460;No data
;ServiceLog;Anna;1435842477472;No data
;ServiceLog;Anna;1435842478552;No data
;ServiceLog;Anna;1435842479561;No data
;ServiceLog;Anna;1435842480634;No data
;ServiceLog;Anna;1435842481659;No data
;ServiceLog;Anna;1435842482751;No data
;ServiceLog;Anna;1435842483763;No data
;ServiceLog;Anna;1435842484834;No data
;ServiceLog;Anna;1435842485845;No data
;ServiceLog;Anna;1435842486872;No data
;ServiceLog;Anna;1435842487884;No data
;ServiceLog;Anna;1435842488960;No data
;ServiceLog;Anna;1435842489970;No data
;ServiceLog;Anna;1435842491044;No data
;ServiceLog;Anna;1435842492054;No data
;ServiceLog;Anna;1435842493086;No data
;ServiceLog;Anna;1435842494097;No data
;ServiceLog;Anna;1435842495132;No data
;ServiceLog;Anna;1435842496147;No data
;ServiceLog;Anna;1435842497173;No data
;ServiceLog;Anna;1435842498183;No data
;ServiceLog;Anna;1435842499289;No data
;ServiceLog;Anna;1435842500300;No data
;ServiceLog;Anna;1435842501369;No data
;ServiceLog;Anna;1435842502408;No data
;ServiceLog;Anna;1435842503466;No data
;ServiceLog;Anna;1435842504480;No data
;ServiceLog;Anna;1435842505579;No data
;ServiceLog;Anna;1435842506599;No data
;ServiceLog;Anna;1435842507698;No data
;ServiceLog;Anna;1435842508721;No data
;ServiceLog;Anna;1435842509817;No data
;ServiceLog;Anna;1435842510848;No data
;ServiceLog;Anna;1435842511947;No data
;ServiceLog;Anna;1435842512969;No data
;ServiceLog;Anna;1435842514017;No data
;ServiceLog;Anna;1435842515046;No data
;ServiceLog;Anna;1435842516114;No data
;ServiceLog;Anna;1435842517123;No data
;ServiceLog;Anna;1435842518202;No data
;ServiceLog;Anna;1435842519228;No data
;ServiceLog;Anna;1435842520336;No data
;ServiceLog;Anna;1435842521365;No data
;ServiceLog;Anna;1435842522428;No data
;ServiceLog;Anna;1435842523437;No data
;ServiceLog;Anna;1435842524500;No data
;ServiceLog;Anna;1435842525562;No data
;ServiceLog;Anna;1435842526575;No data
;ServiceLog;Anna;1435842527587;No data
;ServiceLog;Anna;1435842528666;No data
;ServiceLog;Anna;1435842529679;No data
;ServiceLog;Anna;1435842530708;No data
;ServiceLog;Anna;1435842531718;No data
;ServiceLog;Anna;1435842532796;No data
;ServiceLog;Anna;1435842533805;No data
;ServiceLog;Anna;1435842534887;No data
;ServiceLog;Anna;1435842535898;No data
;ServiceLog;Anna;1435842536982;No data
;ServiceLog;Anna;1435842537992;No data
;ServiceLog;Anna;1435842539073;No data
;ServiceLog;Anna;1435842540084;No data
;ServiceLog;Anna;1435842541110;No data
;ServiceLog;Anna;1435842542124;No data
