ID;Name;User;TimeStamp;Temperature;Humidity;Noise;CO;C4H10;CH4;session_id
1013;Академическая 3;Anna;1435841855661;No data;;;;;;441771612
1014;Академическая 4;Anna;1435841869782;No data;;;;;;441771612
1001;Ленинский проспект 1;Anna;1435842000195;No data;;;;;;441771612
1002;Ленинский проспект 2;Anna;1435842012018;No data;;;;;;441771612
1003;Ленинский проспект 3;Anna;1435842034518;No data;;;;;;441771612
1004;Ленинский проспект 4;Anna;1435842047694;No data;;;;;;441771612
991;Шаболовская 1;Anna;1435842182337;No data;;;;;;441771612
992;Шаболовская 2;Anna;1435842200662;No data;;;;;;441771612
993;Шаболовская 3;Anna;1435842228094;No data;;;;;;441771612
994;Шаболовская 4;Anna;1435842242612;No data;;;;;;441771612
981;Октябрьская (КРЛ) 1;Anna;1435842317894;No data;;;;;;441771612
982;Октябрьская (КРЛ) 2;Anna;1435842333101;No data;;;;;;441771612
983;Октябрьская (КРЛ) 3;Anna;1435842372696;No data;;;;;;441771612
984;Октябрьская (КРЛ) 4;Anna;1435842385308;No data;;;;;;441771612
