ID;Name;User;TimeStamp;NetworkGen;NetworkType;Active;MCC;MNC;LAC;CID;PSC;Power
123;Площадь Восстания 3;Stanislav;1435590562266;3G;HSPA;1;250;1;100;65569607;-1;-69
123;Площадь Восстания 3;Stanislav;1435590562266;3G;HSPA;250-1-100-65569607;-1;-1;-1;-1;-1;-85
123;Площадь Восстания 3;Stanislav;1435590562266;3G;HSPA;250-1-100-65569607;-1;-1;-1;-1;-1;-77
124;Площадь Восстания 4;Stanislav;1435590580287;3G;HSPA;1;250;1;100;65569607;-1;-81
124;Площадь Восстания 4;Stanislav;1435590580287;3G;HSPA;250-1-100-65569607;-1;-1;-1;-1;-1;-77
124;Площадь Восстания 4;Stanislav;1435590580287;3G;HSPA;250-1-100-65569607;-1;-1;-1;-1;-1;-83
131;Чернышевская 1;Stanislav;1435590674106;3G;HSPA;1;250;1;100;65539677;500;-53
132;Чернышевская 2;Stanislav;1435590683900;3G;HSPA;1;250;1;100;65569677;500;-71
132;Чернышевская 2;Stanislav;1435590683900;3G;HSPA;250-1-100-65569677;-1;-1;-1;-1;500;-73
133;Чернышевская 3;Stanislav;1435590712444;3G;HSPA;1;250;1;100;65569677;500;-89
133;Чернышевская 3;Stanislav;1435590712444;3G;HSPA;250-1-100-65569677;-1;-1;-1;-1;500;-85
134;Чернышевская 4;Stanislav;1435590725681;3G;HSPA;1;250;1;100;65569677;500;-89
134;Чернышевская 4;Stanislav;1435590725681;3G;HSPA;250-1-100-65569677;-1;-1;-1;-1;500;-95
141;Площадь Ленина 1;Stanislav;1435590819154;unknown;unknown;1;250;2;7803;8318256;109;-67
142;Площадь Ленина 2;Stanislav;1435590834790;3G;HSPA;1;250;1;100;65569687;499;-71
142;Площадь Ленина 2;Stanislav;1435590834790;3G;HSPA;250-1-100-65569687;-1;-1;-1;-1;499;-77
143;Площадь Ленина 3;Stanislav;1435590873979;3G;HSPA;1;250;1;100;65569687;499;-69
143;Площадь Ленина 3;Stanislav;1435590873979;3G;HSPA;250-1-100-65569687;-1;-1;-1;-1;499;-67
144;Площадь Ленина 4;Stanislav;1435590884429;3G;HSPA;1;250;1;100;65569687;499;-83
144;Площадь Ленина 4;Stanislav;1435590884429;3G;HSPA;250-1-100-65569687;-1;-1;-1;-1;499;-83
151;Выборгская 1;Stanislav;1435590977507;3G;HSPA;1;250;1;100;65540137;411;-111
151;Выборгская 1;Stanislav;1435590977507;3G;HSPA;250-1-100-65540137;-1;-1;-1;-1;411;-109
152;Выборгская 2;Stanislav;1435590992674;3G;HSPA;1;250;1;100;65570137;411;-81
152;Выборгская 2;Stanislav;1435590992674;3G;HSPA;250-1-100-65570137;-1;-1;-1;-1;411;-85
153;Выборгская 3;Stanislav;1435590996864;3G;HSPA;1;250;1;100;65570137;411;-79
153;Выборгская 3;Stanislav;1435590996864;3G;HSPA;250-1-100-65570137;-1;-1;-1;-1;411;-73
154;Выборгская 4;Stanislav;1435591001236;3G;HSPA;1;250;1;100;65570137;411;-77
154;Выборгская 4;Stanislav;1435591001236;3G;HSPA;250-1-100-65570137;-1;-1;-1;-1;411;-79
161;Лесная 1;Stanislav;1435591128756;unknown;unknown;1;-1;-1;-1;-1;-1;-113
162;Лесная 2;Stanislav;1435591145299;3G;HSPA;1;250;1;100;65539697;496;-75
162;Лесная 2;Stanislav;1435591145299;3G;HSPA;250-1-100-65539697;-1;-1;-1;-1;496;-63
163;Лесная 3;Stanislav;1435591172373;3G;HSPA;1;250;1;100;65539697;496;-79
163;Лесная 3;Stanislav;1435591172373;3G;HSPA;250-1-100-65539697;-1;-1;-1;-1;496;-79
164;Лесная 4;Stanislav;1435591185153;3G;HSPA;1;250;1;100;65539697;496;-71
164;Лесная 4;Stanislav;1435591185153;3G;HSPA;250-1-100-65539697;-1;-1;-1;-1;496;-77
171;Площадь Мужества 1;Stanislav;1435591334989;unknown;unknown;1;250;2;7803;8322045;103;-65
172;Площадь Мужества 2;Stanislav;1435591349711;unknown;unknown;1;250;2;7803;8322045;103;-83
173;Площадь Мужества 3;Stanislav;1435591373089;3G;HSPA;1;250;1;100;65540027;502;-81
173;Площадь Мужества 3;Stanislav;1435591373089;3G;HSPA;250-1-100-65540027;-1;-1;-1;-1;502;-83
174;Площадь Мужества 4;Stanislav;1435591388308;3G;HSPA;1;250;1;100;65540027;502;-75
174;Площадь Мужества 4;Stanislav;1435591388308;3G;HSPA;250-1-100-65540027;-1;-1;-1;-1;502;-67
181;Политехническая 1;Stanislav;1435591474229;3G;HSPA;1;250;1;100;65570037;507;-57
181;Политехническая 1;Stanislav;1435591474229;3G;HSPA;250-1-100-65570037;-1;-1;-1;-1;507;-61
182;Политехническая 2;Stanislav;1435591490442;3G;HSPA;1;250;1;100;65570037;507;-75
182;Политехническая 2;Stanislav;1435591490442;3G;HSPA;250-1-100-65570037;-1;-1;-1;-1;507;-65
183;Политехническая 3;Stanislav;1435591513864;3G;HSPA;1;250;1;100;65570037;507;-77
183;Политехническая 3;Stanislav;1435591513864;3G;HSPA;250-1-100-65570037;-1;-1;-1;-1;507;-65
184;Политехническая 4;Stanislav;1435591526445;3G;HSPA;1;250;1;100;65570037;507;-67
184;Политехническая 4;Stanislav;1435591526445;3G;HSPA;250-1-100-65570037;-1;-1;-1;-1;507;-65
191;Академическая 1;Stanislav;1435591595560;unknown;unknown;1;-1;-1;-1;-1;-1;0
192;Академическая 2;Stanislav;1435591611184;2G;EDGE;1;250;1;100;4041;-1;-59
193;Академическая 3;Stanislav;1435591635841;3G;HSPA;1;250;1;100;65540047;510;-69
194;Академическая 4;Stanislav;1435591651006;3G;HSPA;1;250;1;100;65540047;510;-67
194;Академическая 4;Stanislav;1435591651006;3G;HSPA;250-1-100-65540047;-1;-1;-1;-1;510;-73
201;Гражданский проспект 1;Stanislav;1435591827829;unknown;unknown;1;250;2;7803;8317985;231;-69
201;Гражданский проспект 1;Stanislav;1435591827829;unknown;unknown;250-2-7803-8317985;-1;-1;-1;-1;-1;-51
201;Гражданский проспект 1;Stanislav;1435591827829;unknown;unknown;250-2-7803-8317985;-1;-1;-1;-1;-1;-63
201;Гражданский проспект 1;Stanislav;1435591827829;unknown;unknown;250-2-7803-8317985;-1;-1;-1;-1;-1;-113
201;Гражданский проспект 1;Stanislav;1435591827829;unknown;unknown;250-2-7803-8317985;-1;-1;-1;-1;-1;-113
201;Гражданский проспект 1;Stanislav;1435591827829;unknown;unknown;250-2-7803-8317985;-1;-1;-1;-1;-1;-113
201;Гражданский проспект 1;Stanislav;1435591827829;unknown;unknown;250-2-7803-8317985;-1;-1;-1;-1;-1;-113
202;Гражданский проспект 2;Stanislav;1435591851130;3G;HSPA;1;250;1;100;65570057;500;-73
202;Гражданский проспект 2;Stanislav;1435591851130;3G;HSPA;250-1-100-65570057;-1;-1;-1;-1;500;-73
203;Гражданский проспект 3;Stanislav;1435591866683;3G;HSPA;1;250;1;100;65570057;500;-67
203;Гражданский проспект 3;Stanislav;1435591866683;3G;HSPA;250-1-100-65570057;-1;-1;-1;-1;500;-79
204;Гражданский проспект 4;Stanislav;1435591883136;3G;HSPA;1;250;1;100;65570057;500;-55
204;Гражданский проспект 4;Stanislav;1435591883136;3G;HSPA;250-1-100-65570057;-1;-1;-1;-1;500;-51
211;Девяткино 1;Stanislav;1435592051894;unknown;unknown;1;250;1;234;4231;-1;-63
211;Девяткино 1;Stanislav;1435592051894;unknown;unknown;250-1-234-4231;250;2;4711;1675;-1;-91
212;Девяткино 2;Stanislav;1435592069896;2G;EDGE;1;250;1;234;4231;-1;-87
212;Девяткино 2;Stanislav;1435592069896;2G;EDGE;250-1-234-4231;250;1;234;23141;-1;-97
212;Девяткино 2;Stanislav;1435592069896;2G;EDGE;250-1-234-4231;-1;-1;-1;-1;-1;-89
212;Девяткино 2;Stanislav;1435592069896;2G;EDGE;250-1-234-4231;-1;-1;-1;-1;-1;-93
212;Девяткино 2;Stanislav;1435592069896;2G;EDGE;250-1-234-4231;-1;-1;-1;-1;-1;-93
212;Девяткино 2;Stanislav;1435592069896;2G;EDGE;250-1-234-4231;-1;-1;-1;-1;-1;-97
212;Девяткино 2;Stanislav;1435592069896;2G;EDGE;250-1-234-4231;-1;-1;-1;-1;-1;-99
