ID;Name;User;TimeStamp;NetworkGen;NetworkType;Active;MCC;MNC;LAC;CID;PSC;Power
1513;Чкаловская 3;Anna;1435915643579;unknown;unknown;1;250;1;660;41843;-1;-87
1513;Чкаловская 3;Anna;1435915643579;unknown;unknown;250-1-660-41843;-1;-1;-1;-1;-1;-107
1514;Чкаловская 4;Anna;1435915654677;unknown;unknown;1;250;1;660;41843;-1;-109
1514;Чкаловская 4;Anna;1435915654677;unknown;unknown;250-1-660-41843;-1;-1;-1;-1;-1;-107
2191;Сретенский бульвар 1;Anna;1435915772181;unknown;unknown;1;250;1;660;43922;-1;-83
2191;Сретенский бульвар 1;Anna;1435915772181;unknown;unknown;250-1-660-43922;250;99;26627;19007;-1;-107
2192;Сретенский бульвар 2;Anna;1435915795015;unknown;unknown;1;250;1;660;43922;-1;-79
2192;Сретенский бульвар 2;Anna;1435915795015;unknown;unknown;250-1-660-43922;250;99;26627;19007;-1;-107
2193;Сретенский бульвар 3;Anna;1435915861867;unknown;unknown;1;250;1;660;43922;-1;-71
2193;Сретенский бульвар 3;Anna;1435915861867;unknown;unknown;250-1-660-43922;250;99;26627;19007;-1;-107
2194;Сретенский бульвар 4;Anna;1435915874373;unknown;unknown;1;250;1;660;43922;-1;-83
2194;Сретенский бульвар 4;Anna;1435915874373;unknown;unknown;250-1-660-43922;250;99;26627;19007;-1;-107
1511;Чкаловская 1;Anna;1435916006539;unknown;unknown;1;250;2;7763;160;-1;-51
1511;Чкаловская 1;Anna;1435916006539;unknown;unknown;250-2-7763-160;-1;-1;-1;-1;-1;-89
1512;Чкаловская 2;Anna;1435916018743;unknown;unknown;1;250;1;660;41843;-1;-89
1512;Чкаловская 2;Anna;1435916018743;unknown;unknown;250-1-660-41843;-1;-1;-1;-1;-1;-89
