ID;Name;User;TimeStamp;Temperature;Humidity;Noise;CO;C4H10;CH4
1513;Чкаловская 3;Anna;1435915643401;No data;;;;;
1514;Чкаловская 4;Anna;1435915654857;No data;;;;;
2191;Сретенский бульвар 1;Anna;1435915771585;No data;;;;;
2192;Сретенский бульвар 2;Anna;1435915794953;No data;;;;;
2193;Сретенский бульвар 3;Anna;1435915861345;No data;;;;;
2194;Сретенский бульвар 4;Anna;1435915874104;No data;;;;;
1511;Чкаловская 1;Anna;1435916005864;No data;;;;;
1512;Чкаловская 2;Anna;1435916018957;No data;;;;;
