ID;Name;User;TimeStamp;NetworkGen;NetworkType;Active;MCC;MNC;LAC;CID;PSC;Power
1943;Улица Горчакова 3;bishop;1422945163754;3G;UMTS;1;250;1;655;7799193;-1;-75
1944;Улица Горчакова 4;bishop;1422945179482;3G;UMTS;1;250;1;655;7799193;-1;-75
1944;Улица Горчакова 4;bishop;1422945189303;3G;UMTS;1;250;1;655;7799193;-1;-75
1931;Бульвар Адмирала Ушакова 1;bishop;1422945247185;3G;UMTS;1;250;1;655;7801531;-1;-89
1932;Бульвар Адмирала Ушакова 2;bishop;1422945263049;3G;UMTS;1;250;1;655;7801361;-1;-89
1933;Бульвар Адмирала Ушакова 3;bishop;1422945280155;3G;UMTS;1;250;1;655;7801361;-1;-85
1934;Бульвар Адмирала Ушакова 4;bishop;1422945291628;3G;UMTS;1;250;1;655;7853612;-1;-87
1921;Улица Скобелевская 1;bishop;1422945342974;3G;UMTS;1;250;1;655;7803662;-1;-89
1922;Улица Скобелевская 2;bishop;1422945356479;3G;UMTS;1;250;1;655;7803662;-1;-85
1923;Улица Скобелевская 3;bishop;1422945378891;3G;UMTS;1;250;1;655;7803662;-1;-75
1924;Улица Скобелевская 4;bishop;1422945389964;3G;UMTS;1;250;1;655;7803662;-1;-75
1911;Улица Старокачаловская 1;bishop;1422945633713;2G;GPRS;1;250;99;26802;4035;-1;-67
1912;Улица Старокачаловская 2;bishop;1422945646392;2G;GPRS;1;250;99;26802;4035;-1;-71
1913;Улица Старокачаловская 3;bishop;1422945679828;2G;GPRS;1;250;99;26802;4035;-1;-65
1914;Улица Старокачаловская 4;bishop;1422945690903;2G;GPRS;1;250;99;26802;4035;-1;-65
2311;Лесопарковая 1;bishop;1422945832137;unknown;unknown;1;250;99;26802;4035;-1;-113
2312;Лесопарковая 2;bishop;1422945845801;unknown;unknown;1;250;99;26802;4035;-1;-113
2313;Лесопарковая 3;bishop;1422945860689;unknown;unknown;1;250;99;26802;4035;-1;-113
2314;Лесопарковая 4;bishop;1422945871303;unknown;unknown;1;250;99;26802;4035;-1;-113
2321;Битцевский парк 1;bishop;1422946010972;unknown;unknown;1;250;99;26802;4035;-1;-113
2322;Битцевский парк 2;bishop;1422946024782;unknown;unknown;1;250;99;26802;4035;-1;-113
2323;Новоясеневская 3;bishop;1422946188061;2G;GPRS;1;250;1;770;561;-1;-67
2324;Новоясеневская 4;bishop;1422946199803;2G;GPRS;1;250;1;770;561;-1;-69
1081;Ясенево 1;bishop;1422946289110;2G;GPRS;1;250;99;26802;49596;-1;-59
1082;Ясенево 2;bishop;1422946307932;2G;GPRS;1;250;1;770;561;-1;-57
1083;Ясенево 3;bishop;1422946323385;2G;GPRS;1;250;1;770;561;-1;-59
1084;Ясенево 4;bishop;1422946335434;2G;GPRS;1;250;1;770;561;-1;-63
1071;Теплый стан 1;bishop;1422946552092;2G;GPRS;1;250;99;26802;49596;-1;-63
1072;Теплый стан 2;bishop;1422946570362;2G;GPRS;1;250;99;26802;49596;-1;-63
1073;Теплый стан 3;bishop;1422946589886;2G;GPRS;1;250;1;770;561;-1;-63
1074;Теплый стан 4;bishop;1422946601419;2G;GPRS;1;250;1;770;561;-1;-65
1061;Коньково 1;bishop;1422946722528;3G;UMTS;1;250;1;770;6946701;-1;-79
1062;Коньково 2;bishop;1422946742152;3G;UMTS;1;250;1;770;6946701;-1;-73
1063;Коньково 3;bishop;1422946755427;3G;UMTS;1;250;1;770;6946701;-1;-73
1064;Коньково 4;bishop;1422946767267;3G;UMTS;1;250;1;770;6946701;-1;-73
1051;Беляево 1;bishop;1422946837559;3G;UMTS;1;250;1;770;6946701;-1;-77
1052;Беляево 2;bishop;1422946856001;2G;GPRS;1;250;99;26802;49585;-1;-83
1053;Беляево 3;bishop;1422946873327;2G;EDGE;1;250;1;770;563;-1;-73
1054;Беляево 4;bishop;1422946885417;2G;EDGE;1;250;1;770;563;-1;-79
1041;Калужская 1;bishop;1422947018216;2G;EDGE;1;250;1;770;563;-1;-67
1042;Калужская 2;bishop;1422947035226;2G;EDGE;1;250;1;770;563;-1;-67
1043;Калужская 3;bishop;1422947052207;2G;EDGE;1;250;1;770;563;-1;-71
1044;Калужская 4;bishop;1422947064172;2G;EDGE;1;250;1;770;563;-1;-69
1031;Новые Черемушки 1;bishop;1422947149757;2G;EDGE;1;250;1;770;541;-1;-59
1032;Новые Черемушки 2;bishop;1422947168134;2G;EDGE;1;250;1;770;541;-1;-65
1033;Новые Черемушки 3;bishop;1422947184204;2G;EDGE;1;250;1;770;541;-1;-79
1034;Новые Черемушки 4;bishop;1422947195834;2G;EDGE;1;250;1;770;541;-1;-75
1021;Профсоюзная 1;bishop;1422947256159;2G;GPRS;1;250;2;7736;1030;-1;-113
1022;Профсоюзная 2;bishop;1422947273142;2G;EDGE;1;250;1;770;542;-1;-65
