ID;Name;User;TimeStamp;NetworkGen;NetworkType;Active;MCC;MNC;LAC;CID;PSC;Power
1643;Бульвар Дмитрия Донского 3;Bishop;1426340251454;2G;EDGE;1;250;1;770;41831;-1;-105
1644;Бульвар Дмитрия Донского 4;Bishop;1426340259702;2G;EDGE;1;250;1;770;41831;-1;-105
1631;Аннино 1;Bishop;1426340363296;2G;GPRS;1;250;99;26802;4036;-1;-63
1632;Аннино 2;Bishop;1426340375135;2G;EDGE;1;250;1;770;41831;-1;-75
1633;Аннино 3;Bishop;1426340393964;2G;EDGE;1;250;1;770;41831;-1;-73
1634;Аннино 4;Bishop;1426340407863;2G;EDGE;1;250;1;770;41831;-1;-73
1621;Улица Академика Янгеля 1;Bishop;1426340475672;2G;GPRS;1;250;99;26802;4025;-1;-79
1622;Улица Академика Янгеля 2;Bishop;1426340490205;3G;UMTS;1;250;1;770;6925018;-1;-79
1623;Улица Академика Янгеля 3;Bishop;1426340511982;3G;UMTS;1;250;1;770;6925018;-1;-79
1624;Улица Академика Янгеля 4;Bishop;1426340524534;3G;UMTS;1;250;1;770;6925018;-1;-79
1501;Пражская 1;Bishop;1426340636255;2G;GPRS;1;250;99;26802;4026;-1;-71
1502;Пражская 2;Bishop;1426340651975;2G;EDGE;1;250;1;770;41832;-1;-67
1503;Пражская 3;Bishop;1426340672265;2G;EDGE;1;250;1;770;41832;-1;-85
1504;Пражская 4;Bishop;1426340687523;2G;EDGE;1;250;1;770;41832;-1;-75
1491;Южная 1;Bishop;1426340741998;2G;GPRS;1;250;2;7717;1160;-1;-81
1492;Южная 2;Bishop;1426340757334;2G;EDGE;1;250;1;770;41833;-1;-85
1493;Южная 3;Bishop;1426340777013;2G;EDGE;1;250;1;770;41833;-1;-85
1494;Южная 4;Bishop;1426340790239;2G;EDGE;1;250;1;770;41833;-1;-87
1481;Чертановская 1;Bishop;1426340914341;2G;GPRS;1;250;99;26802;4016;-1;-69
1482;Чертановская 2;Bishop;1426340929628;2G;GPRS;1;250;99;26802;4016;-1;-81
1483;Чертановская 3;Bishop;1426340950838;2G;GPRS;1;250;99;26802;4016;-1;-79
1484;Чертановская 4;Bishop;1426340965562;2G;GPRS;1;250;99;26802;4016;-1;-75
1471;Севастопольская 1;Bishop;1426341041064;2G;GPRS;1;250;99;26802;4015;-1;-67
1472;Севастопольская 2;Bishop;1426341057874;2G;GPRS;1;250;99;26802;4015;-1;-73
263;Каховская 3;Bishop;1426341403990;2G;GPRS;1;250;99;26802;4015;-1;-77
264;Каховская 4;Bishop;1426341416115;2G;GPRS;1;250;99;26802;4015;-1;-77
271;Варшавская 1;Bishop;1426341506781;3G;HSDPA;1;250;2;7717;10454324;-1;-67
272;Варшавская 2;Bishop;1426341522932;2G;EDGE;1;250;1;770;601;-1;-83
273;Варшавская 3;Bishop;1426341548057;2G;EDGE;1;250;1;770;601;-1;-81
274;Варшавская 4;Bishop;1426341558905;2G;EDGE;1;250;1;770;601;-1;-85
2261;Каширская (ЗАМ) 1;Bishop;1426341680097;2G;GPRS;1;250;99;26803;49606;-1;-63
2262;Каширская (ЗАМ) 2;Bishop;1426341693712;2G;GPRS;1;250;99;26803;49606;-1;-81
2263;Каширская (ЗАМ) 3;Bishop;1426341831156;2G;EDGE;1;250;1;691;43062;-1;-93
2264;Каширская (ЗАМ) 4;Bishop;1426341844773;3G;HSDPA;1;250;2;7784;10762604;-1;-85
281;Коломенская 1;Bishop;1426341986958;2G;GPRS;1;250;99;26803;49607;-1;-75
282;Коломенская 2;Bishop;1426342004656;2G;GPRS;1;250;99;26803;49607;-1;-103
283;Коломенская 3;Bishop;1426342028051;2G;EDGE;1;250;1;770;493;-1;-101
284;Коломенская 4;Bishop;1426342040499;2G;EDGE;1;250;1;770;493;-1;-77
291;Автозаводская 1;Bishop;1426342248046;3G;UMTS;1;250;1;511;904487;-1;-93
292;Автозаводская 2;Bishop;1426342264602;2G;GPRS;1;250;2;7784;1460;-1;-111
293;Автозаводская 3;Bishop;1426342287099;2G;EDGE;1;250;1;770;11963;-1;-65
294;Автозаводская 4;Bishop;1426342301848;2G;EDGE;1;250;1;770;11963;-1;-67
301;Павелецкая (ЗАМ) 1;Bishop;1426342473044;3G;HSDPA;1;250;99;26803;129593778;-1;-81
302;Павелецкая (ЗАМ) 2;Bishop;1426342489100;2G;EDGE;1;250;1;770;11962;-1;-77
