ID;Name;User;TimeStamp;NetworkGen;NetworkType;Active;MCC;MNC;LAC;CID;PSC;Power
;ServiceLog;md;1418279828383;2G;EDGE;1;250;1;660;41852;-1;0
;ServiceLog;md;1418279829441;2G;EDGE;1;250;1;660;41852;-1;-71
;ServiceLog;md;1418279830501;2G;EDGE;1;250;1;660;41852;-1;-71
;ServiceLog;md;1418279831600;2G;EDGE;1;250;1;660;41852;-1;-71
;ServiceLog;md;1418279832657;2G;EDGE;1;250;1;660;41852;-1;-71
;ServiceLog;md;1418279833697;2G;EDGE;1;250;1;660;41852;-1;-73
;ServiceLog;md;1418279835007;2G;EDGE;1;250;1;660;41852;-1;-73
;ServiceLog;md;1418279836039;2G;EDGE;1;250;1;660;41852;-1;-75
;ServiceLog;md;1418279837076;2G;EDGE;1;250;1;660;41852;-1;-75
;ServiceLog;md;1418279838094;2G;EDGE;1;250;1;660;41852;-1;-75
;ServiceLog;md;1418279839117;2G;EDGE;1;250;1;660;41852;-1;-77
;ServiceLog;md;1418279840157;2G;EDGE;1;250;1;660;41852;-1;-77
;ServiceLog;md;1418279841191;2G;EDGE;1;250;1;660;41852;-1;-77
;ServiceLog;md;1418279842211;2G;EDGE;1;250;1;660;41852;-1;-77
;ServiceLog;md;1418279843227;2G;EDGE;1;250;1;660;41852;-1;-77
;ServiceLog;md;1418279844245;2G;EDGE;1;250;1;660;41852;-1;-77
;ServiceLog;md;1418279845277;2G;EDGE;1;250;1;660;41852;-1;-79
;ServiceLog;md;1418279846301;2G;EDGE;1;250;1;660;41852;-1;-79
;ServiceLog;md;1418279847326;2G;EDGE;1;250;1;660;41852;-1;-79
;ServiceLog;md;1418279848354;2G;EDGE;1;250;1;660;41852;-1;-79
;ServiceLog;md;1418279849375;2G;EDGE;1;250;1;660;41852;-1;-79
;ServiceLog;md;1418279850394;2G;EDGE;1;250;1;660;41852;-1;-79
;ServiceLog;md;1418279851415;2G;EDGE;1;250;1;660;41852;-1;-79
;ServiceLog;md;1418279852432;2G;EDGE;1;250;1;660;41852;-1;-79
;ServiceLog;md;1418279853454;2G;EDGE;1;250;1;660;41852;-1;-79
;ServiceLog;md;1418279854482;2G;EDGE;1;250;1;660;41852;-1;-79
;ServiceLog;md;1418279855499;2G;EDGE;1;250;1;660;41852;-1;-79
;ServiceLog;md;1418279856519;2G;EDGE;1;250;1;660;41852;-1;-79
;ServiceLog;md;1418279857556;2G;EDGE;1;250;1;660;41852;-1;-79
;ServiceLog;md;1418279858574;2G;EDGE;1;250;1;660;41852;-1;-79
;ServiceLog;md;1418279859608;2G;EDGE;1;250;1;660;41852;-1;-79
;ServiceLog;md;1418279860645;2G;EDGE;1;250;1;660;41852;-1;-79
;ServiceLog;md;1418279861677;2G;EDGE;1;250;1;660;41852;-1;-79
;ServiceLog;md;1418279862708;2G;EDGE;1;250;1;660;41852;-1;-79
;ServiceLog;md;1418279863739;2G;EDGE;1;250;1;660;41852;-1;-79
;ServiceLog;md;1418279864772;2G;EDGE;1;250;1;660;41852;-1;-79
;ServiceLog;md;1418279865806;2G;EDGE;1;250;1;660;41852;-1;-81
;ServiceLog;md;1418279866840;2G;EDGE;1;250;1;660;41852;-1;-81
;ServiceLog;md;1418279867879;2G;EDGE;1;250;1;660;41852;-1;-81
;ServiceLog;md;1418279868907;2G;EDGE;1;250;1;660;41852;-1;-77
;ServiceLog;md;1418279869936;2G;EDGE;1;250;1;660;41852;-1;-77
;ServiceLog;md;1418279870977;2G;EDGE;1;250;1;660;41852;-1;-77
;ServiceLog;md;1418279872027;2G;EDGE;1;250;1;660;41852;-1;-79
;ServiceLog;md;1418279873060;2G;EDGE;1;250;1;660;41852;-1;-79
;ServiceLog;md;1418279874089;2G;EDGE;1;250;1;660;41852;-1;-79
;ServiceLog;md;1418279875121;2G;EDGE;1;250;1;660;41852;-1;-65
;ServiceLog;md;1418279876190;2G;EDGE;1;250;1;660;41852;-1;-65
;ServiceLog;md;1418279877246;2G;EDGE;1;250;1;660;41852;-1;-65
;ServiceLog;md;1418279878288;2G;EDGE;1;250;1;660;41852;-1;-63
;ServiceLog;md;1418279879327;2G;EDGE;1;250;1;660;41852;-1;-63
;ServiceLog;md;1418279880368;2G;EDGE;1;250;1;660;41852;-1;-63
;ServiceLog;md;1418279881448;2G;EDGE;1;250;1;660;41852;-1;-69
;ServiceLog;md;1418279882499;2G;EDGE;1;250;1;660;41852;-1;-69
;ServiceLog;md;1418279883567;2G;EDGE;1;250;1;660;41852;-1;-69
;ServiceLog;md;1418279884645;2G;EDGE;1;250;1;660;41852;-1;-75
;ServiceLog;md;1418279885711;2G;EDGE;1;250;1;660;41852;-1;-75
;ServiceLog;md;1418279886769;2G;EDGE;1;250;1;660;41852;-1;-75
;ServiceLog;md;1418279887864;2G;EDGE;1;250;1;660;41852;-1;-81
;ServiceLog;md;1418279888966;2G;EDGE;1;250;1;660;41852;-1;-81
;ServiceLog;md;1418279890036;2G;EDGE;1;250;1;660;41852;-1;-87
;ServiceLog;md;1418279891101;2G;EDGE;1;250;1;660;41852;-1;-87
;ServiceLog;md;1418279892167;2G;EDGE;1;250;1;660;41852;-1;-87
;ServiceLog;md;1418279893237;2G;EDGE;1;250;1;660;41852;-1;-87
;ServiceLog;md;1418279894591;2G;EDGE;1;250;1;660;41852;-1;-87
;ServiceLog;md;1418279895667;2G;EDGE;1;250;1;660;41852;-1;-87
;ServiceLog;md;1418279896784;2G;EDGE;1;250;1;660;41852;-1;-87
;ServiceLog;md;1418279897841;2G;EDGE;1;250;1;660;41852;-1;-87
;ServiceLog;md;1418279898897;2G;EDGE;1;250;1;660;41852;-1;-87
;ServiceLog;md;1418279899959;2G;EDGE;1;250;1;660;41852;-1;-87
;ServiceLog;md;1418279901042;2G;EDGE;1;250;1;660;41852;-1;-87
;ServiceLog;md;1418279902106;2G;EDGE;1;250;1;660;41852;-1;-87
;ServiceLog;md;1418279903181;2G;EDGE;1;250;1;660;41852;-1;-87
;ServiceLog;md;1418279904246;2G;EDGE;1;250;1;660;41852;-1;0
;ServiceLog;md;1418279905306;2G;EDGE;1;250;1;660;41852;-1;0
;ServiceLog;md;1418279906371;2G;EDGE;1;250;1;660;41852;-1;0
;ServiceLog;md;1418279907470;2G;EDGE;1;250;1;660;41852;-1;0
;ServiceLog;md;1418279908581;unknown;unknown;1;-1;-1;-1;-1;-1;-1
;ServiceLog;md;1418279909608;unknown;unknown;1;-1;-1;-1;-1;-1;-1
;ServiceLog;md;1418279910640;unknown;unknown;1;-1;-1;-1;-1;-1;-1
;ServiceLog;md;1418279911695;unknown;unknown;1;-1;-1;-1;-1;-1;-1
;ServiceLog;md;1418279912728;unknown;unknown;1;-1;-1;-1;-1;-1;-1
;ServiceLog;md;1418279913792;unknown;unknown;1;-1;-1;-1;-1;-1;-1
;ServiceLog;md;1418279914862;unknown;unknown;1;-1;-1;-1;-1;-1;-1
;ServiceLog;md;1418279915926;unknown;unknown;1;-1;-1;-1;-1;-1;-1
;ServiceLog;md;1418279917006;unknown;unknown;1;-1;-1;-1;-1;-1;-1
;ServiceLog;md;1418279918066;unknown;unknown;1;-1;-1;-1;-1;-1;-1
;ServiceLog;md;1418279919125;unknown;unknown;1;-1;-1;-1;-1;-1;-1
;ServiceLog;md;1418279920187;unknown;unknown;1;-1;-1;-1;-1;-1;-1
;ServiceLog;md;1418279921241;unknown;unknown;1;-1;-1;-1;-1;-1;-1
;ServiceLog;md;1418279922271;unknown;unknown;1;-1;-1;-1;-1;-1;-1
;ServiceLog;md;1418279923302;unknown;unknown;1;-1;-1;-1;-1;-1;-1
;ServiceLog;md;1418279924371;unknown;unknown;1;-1;-1;-1;-1;-1;-1
;ServiceLog;md;1418279925439;unknown;unknown;1;-1;-1;-1;-1;-1;-1
;ServiceLog;md;1418279926608;unknown;unknown;1;-1;-1;-1;-1;-1;-1
;ServiceLog;md;1418279927664;unknown;unknown;1;-1;-1;-1;-1;-1;-1
;ServiceLog;md;1418279928704;unknown;unknown;1;-1;-1;-1;-1;-1;-1
;ServiceLog;md;1418279929768;unknown;unknown;1;-1;-1;-1;-1;-1;-1
;ServiceLog;md;1418279930840;unknown;unknown;1;-1;-1;-1;-1;-1;-1
;ServiceLog;md;1418279931898;unknown;unknown;1;-1;-1;-1;-1;-1;-1
;ServiceLog;md;1418279932972;unknown;unknown;1;-1;-1;-1;-1;-1;-1
;ServiceLog;md;1418279934036;unknown;unknown;1;-1;-1;-1;-1;-1;-1
;ServiceLog;md;1418279935099;unknown;unknown;1;-1;-1;-1;-1;-1;-1
;ServiceLog;md;1418279936184;unknown;unknown;1;-1;-1;-1;-1;-1;-1
;ServiceLog;md;1418279937254;unknown;unknown;1;-1;-1;-1;-1;-1;-1
;ServiceLog;md;1418279938300;unknown;unknown;1;-1;-1;-1;-1;-1;-1
;ServiceLog;md;1418279939382;unknown;unknown;1;-1;-1;-1;-1;-1;-1
;ServiceLog;md;1418279940452;unknown;unknown;1;-1;-1;-1;-1;-1;-1
;ServiceLog;md;1418279941517;unknown;unknown;1;-1;-1;-1;-1;-1;-1
;ServiceLog;md;1418279942579;unknown;unknown;1;-1;-1;-1;-1;-1;-1
;ServiceLog;md;1418279943640;unknown;unknown;1;-1;-1;-1;-1;-1;-1
;ServiceLog;md;1418279944710;unknown;unknown;1;-1;-1;-1;-1;-1;-1
;ServiceLog;md;1418279945772;unknown;unknown;1;-1;-1;-1;-1;-1;-1
;ServiceLog;md;1418279946859;unknown;unknown;1;-1;-1;-1;-1;-1;-1
;ServiceLog;md;1418279947917;unknown;unknown;1;-1;-1;-1;-1;-1;-1
;ServiceLog;md;1418279948988;unknown;unknown;1;-1;-1;-1;-1;-1;-1
;ServiceLog;md;1418279950053;unknown;unknown;1;-1;-1;-1;-1;-1;-1
;ServiceLog;md;1418279951131;unknown;unknown;1;-1;-1;-1;-1;-1;-1
;ServiceLog;md;1418279952206;unknown;unknown;1;-1;-1;-1;-1;-1;-1
;ServiceLog;md;1418279953316;unknown;unknown;1;-1;-1;-1;-1;-1;-1
;ServiceLog;md;1418279954723;unknown;unknown;1;-1;-1;-1;-1;-1;-1
;ServiceLog;md;1418279955795;unknown;unknown;1;-1;-1;-1;-1;-1;-1
;ServiceLog;md;1418279956877;unknown;unknown;1;-1;-1;-1;-1;-1;-1
;ServiceLog;md;1418279957944;unknown;unknown;1;-1;-1;-1;-1;-1;-1
;ServiceLog;md;1418279959015;unknown;unknown;1;-1;-1;-1;-1;-1;-1
;ServiceLog;md;1418279960162;unknown;unknown;1;-1;-1;-1;-1;-1;-1
;ServiceLog;md;1418279961232;unknown;unknown;1;-1;-1;-1;-1;-1;-1
;ServiceLog;md;1418279962361;unknown;unknown;1;-1;-1;-1;-1;-1;-1
;ServiceLog;md;1418279963500;unknown;unknown;1;-1;-1;-1;-1;-1;-1
;ServiceLog;md;1418279964587;unknown;unknown;1;-1;-1;-1;-1;-1;-1
;ServiceLog;md;1418279965647;unknown;unknown;1;-1;-1;-1;-1;-1;-1
;ServiceLog;md;1418279966729;unknown;unknown;1;-1;-1;-1;-1;-1;-1
;ServiceLog;md;1418279967816;unknown;unknown;1;-1;-1;-1;-1;-1;-1
;ServiceLog;md;1418279968927;unknown;unknown;1;-1;-1;-1;-1;-1;-1
;ServiceLog;md;1418279970026;unknown;unknown;1;-1;-1;-1;-1;-1;-1
;ServiceLog;md;1418279971105;unknown;unknown;1;-1;-1;-1;-1;-1;-1
;ServiceLog;md;1418279972181;unknown;unknown;1;-1;-1;-1;-1;-1;-1
;ServiceLog;md;1418279973258;unknown;unknown;1;-1;-1;-1;-1;-1;-1
;ServiceLog;md;1418279974333;unknown;unknown;1;-1;-1;-1;-1;-1;-1
;ServiceLog;md;1418279975403;unknown;unknown;1;-1;-1;-1;-1;-1;-1
;ServiceLog;md;1418279976481;unknown;unknown;1;-1;-1;-1;-1;-1;-1
;ServiceLog;md;1418279977573;unknown;unknown;1;-1;-1;-1;-1;-1;-1
;ServiceLog;md;1418279978634;unknown;unknown;1;-1;-1;-1;-1;-1;-1
;ServiceLog;md;1418279979680;unknown;unknown;1;-1;-1;-1;-1;-1;-1
;ServiceLog;md;1418279980771;unknown;unknown;1;-1;-1;-1;-1;-1;-1
;ServiceLog;md;1418279981852;unknown;unknown;1;-1;-1;-1;-1;-1;-1
;ServiceLog;md;1418279982935;unknown;unknown;1;-1;-1;-1;-1;-1;-1
;ServiceLog;md;1418279984038;unknown;unknown;1;-1;-1;-1;-1;-1;-1
;ServiceLog;md;1418279985160;unknown;unknown;1;-1;-1;-1;-1;-1;-1
;ServiceLog;md;1418279986275;unknown;unknown;1;-1;-1;-1;-1;-1;-1
;ServiceLog;md;1418279987384;unknown;unknown;1;-1;-1;-1;-1;-1;-1
;ServiceLog;md;1418279988438;unknown;unknown;1;-1;-1;-1;-1;-1;-1
;ServiceLog;md;1418279989518;unknown;unknown;1;-1;-1;-1;-1;-1;-1
;ServiceLog;md;1418279990602;unknown;unknown;1;-1;-1;-1;-1;-1;-1
;ServiceLog;md;1418279991682;unknown;unknown;1;-1;-1;-1;-1;-1;-1
;ServiceLog;md;1418279992755;unknown;unknown;1;-1;-1;-1;-1;-1;-1
;ServiceLog;md;1418279993839;unknown;unknown;1;-1;-1;-1;-1;-1;-1
;ServiceLog;md;1418279994958;unknown;unknown;1;-1;-1;-1;-1;-1;-1
;ServiceLog;md;1418279996020;unknown;unknown;1;-1;-1;-1;-1;-1;-1
;ServiceLog;md;1418279997104;unknown;unknown;1;-1;-1;-1;-1;-1;-1
;ServiceLog;md;1418279998196;unknown;unknown;1;-1;-1;-1;-1;-1;-1
;ServiceLog;md;1418279999280;unknown;unknown;1;-1;-1;-1;-1;-1;-1
;ServiceLog;md;1418280000714;unknown;unknown;1;-1;-1;-1;-1;-1;-1
;ServiceLog;md;1418280001828;unknown;unknown;1;-1;-1;-1;-1;-1;-1
;ServiceLog;md;1418280002952;unknown;unknown;1;-1;-1;-1;-1;-1;-1
;ServiceLog;md;1418280004071;unknown;unknown;1;-1;-1;-1;-1;-1;-1
;ServiceLog;md;1418280005152;unknown;unknown;1;-1;-1;-1;-1;-1;-1
;ServiceLog;md;1418280006216;unknown;unknown;1;-1;-1;-1;-1;-1;-1
;ServiceLog;md;1418280007292;unknown;unknown;1;-1;-1;-1;-1;-1;-1
;ServiceLog;md;1418280008391;unknown;unknown;1;-1;-1;-1;-1;-1;-1
;ServiceLog;md;1418280009437;unknown;unknown;1;-1;-1;-1;-1;-1;-1
;ServiceLog;md;1418280010481;unknown;unknown;1;-1;-1;-1;-1;-1;-1
;ServiceLog;md;1418280011553;unknown;unknown;1;-1;-1;-1;-1;-1;-1
;ServiceLog;md;1418280012631;unknown;unknown;1;-1;-1;-1;-1;-1;-1
;ServiceLog;md;1418280013694;unknown;unknown;1;-1;-1;-1;-1;-1;-1
;ServiceLog;md;1418280014889;unknown;unknown;1;-1;-1;-1;-1;-1;-1
;ServiceLog;md;1418280015960;unknown;unknown;1;-1;-1;-1;-1;-1;-1
;ServiceLog;md;1418280017027;unknown;unknown;1;-1;-1;-1;-1;-1;-1
;ServiceLog;md;1418280018106;unknown;unknown;1;-1;-1;-1;-1;-1;-1
;ServiceLog;md;1418280019182;unknown;unknown;1;-1;-1;-1;-1;-1;-1
;ServiceLog;md;1418280020273;unknown;unknown;1;-1;-1;-1;-1;-1;-1
;ServiceLog;md;1418280021375;unknown;unknown;1;-1;-1;-1;-1;-1;-1
;ServiceLog;md;1418280022496;unknown;unknown;1;-1;-1;-1;-1;-1;-1
;ServiceLog;md;1418280023544;unknown;unknown;1;-1;-1;-1;-1;-1;-1
;ServiceLog;md;1418280024582;unknown;unknown;1;-1;-1;-1;-1;-1;-1
;ServiceLog;md;1418280025619;unknown;unknown;1;-1;-1;-1;-1;-1;-1
;ServiceLog;md;1418280026660;unknown;unknown;1;-1;-1;-1;-1;-1;-1
;ServiceLog;md;1418280027693;unknown;unknown;1;-1;-1;-1;-1;-1;-1
;ServiceLog;md;1418280028725;unknown;unknown;1;-1;-1;-1;-1;-1;-1
;ServiceLog;md;1418280029756;unknown;unknown;1;-1;-1;-1;-1;-1;-1
;ServiceLog;md;1418280030791;unknown;unknown;1;-1;-1;-1;-1;-1;-1
;ServiceLog;md;1418280031825;unknown;unknown;1;-1;-1;-1;-1;-1;-1
;ServiceLog;md;1418280032861;unknown;unknown;1;-1;-1;-1;-1;-1;-1
;ServiceLog;md;1418280033900;unknown;unknown;1;-1;-1;-1;-1;-1;-1
;ServiceLog;md;1418280034997;unknown;unknown;1;-1;-1;-1;-1;-1;-1
;ServiceLog;md;1418280036092;unknown;unknown;1;-1;-1;-1;-1;-1;-1
;ServiceLog;md;1418280037154;unknown;unknown;1;-1;-1;-1;-1;-1;-1
;ServiceLog;md;1418280038246;unknown;unknown;1;-1;-1;-1;-1;-1;-1
;ServiceLog;md;1418280040462;unknown;unknown;1;-1;-1;-1;-1;-1;-1
;ServiceLog;md;1418280041496;unknown;unknown;1;-1;-1;-1;-1;-1;-1
;ServiceLog;md;1418280042538;unknown;unknown;1;-1;-1;-1;-1;-1;-1
;ServiceLog;md;1418280043577;unknown;unknown;1;-1;-1;-1;-1;-1;-1
;ServiceLog;md;1418280044603;unknown;unknown;1;-1;-1;-1;-1;-1;-1
;ServiceLog;md;1418280045670;unknown;unknown;1;-1;-1;-1;-1;-1;-1
;ServiceLog;md;1418280046705;unknown;unknown;1;-1;-1;-1;-1;-1;-1
;ServiceLog;md;1418280047755;unknown;unknown;1;-1;-1;-1;-1;-1;-1
;ServiceLog;md;1418280048827;unknown;unknown;1;-1;-1;-1;-1;-1;-1
;ServiceLog;md;1418280049887;unknown;unknown;1;-1;-1;-1;-1;-1;-1
;ServiceLog;md;1418280050973;unknown;unknown;1;-1;-1;-1;-1;-1;-1
;ServiceLog;md;1418280052078;unknown;unknown;1;-1;-1;-1;-1;-1;-1
;ServiceLog;md;1418280053171;unknown;unknown;1;-1;-1;-1;-1;-1;-1
;ServiceLog;md;1418280054230;unknown;unknown;1;-1;-1;-1;-1;-1;-1
;ServiceLog;md;1418280055306;unknown;unknown;1;-1;-1;-1;-1;-1;-1
;ServiceLog;md;1418280056381;unknown;unknown;1;-1;-1;-1;-1;-1;-1
;ServiceLog;md;1418280057442;unknown;unknown;1;-1;-1;-1;-1;-1;-1
;ServiceLog;md;1418280058514;unknown;unknown;1;-1;-1;-1;-1;-1;-1
;ServiceLog;md;1418280059594;unknown;unknown;1;-1;-1;-1;-1;-1;-1
;ServiceLog;md;1418280061034;unknown;unknown;1;-1;-1;-1;-1;-1;-1
;ServiceLog;md;1418280062131;unknown;unknown;1;-1;-1;-1;-1;-1;-1
;ServiceLog;md;1418280063188;unknown;unknown;1;-1;-1;-1;-1;-1;-1
;ServiceLog;md;1418280064284;unknown;unknown;1;-1;-1;-1;-1;-1;-1
;ServiceLog;md;1418280065351;unknown;unknown;1;-1;-1;-1;-1;-1;-1
;ServiceLog;md;1418280066407;unknown;unknown;1;-1;-1;-1;-1;-1;-1
;ServiceLog;md;1418280067472;unknown;unknown;1;-1;-1;-1;-1;-1;-1
;ServiceLog;md;1418280068540;unknown;unknown;1;-1;-1;-1;-1;-1;-1
;ServiceLog;md;1418280069631;unknown;unknown;1;-1;-1;-1;-1;-1;-1
;ServiceLog;md;1418280070701;3G;UMTS;250-1--1--1;250;1;-1;-1;385;28
;ServiceLog;md;1418280070701;3G;UMTS;250-1--1--1;250;1;-1;-1;379;23
;ServiceLog;md;1418280071756;3G;UMTS;250-1--1--1;250;1;-1;-1;385;28
;ServiceLog;md;1418280071756;3G;UMTS;250-1--1--1;250;1;-1;-1;379;23
;ServiceLog;md;1418280072817;3G;UMTS;250-1--1--1;250;1;-1;-1;385;28
;ServiceLog;md;1418280072817;3G;UMTS;250-1--1--1;250;1;-1;-1;379;23
;ServiceLog;md;1418280073887;3G;UMTS;250-1--1--1;250;1;-1;-1;385;28
;ServiceLog;md;1418280073887;3G;UMTS;250-1--1--1;250;1;-1;-1;379;24
;ServiceLog;md;1418280074975;3G;UMTS;250-1--1--1;250;1;-1;-1;385;28
;ServiceLog;md;1418280074975;3G;UMTS;250-1--1--1;250;1;-1;-1;379;24
;ServiceLog;md;1418280076038;3G;UMTS;250-1--1--1;250;1;-1;-1;385;26
;ServiceLog;md;1418280076038;3G;UMTS;250-1--1--1;250;1;-1;-1;379;21
;ServiceLog;md;1418280077447;3G;UMTS;250-1--1--1;250;1;-1;-1;379;21
;ServiceLog;md;1418280077447;3G;UMTS;250-1--1--1;250;1;-1;-1;385;21
;ServiceLog;md;1418280078523;3G;UMTS;250-1--1--1;250;1;-1;-1;379;21
;ServiceLog;md;1418280078523;3G;UMTS;250-1--1--1;250;1;-1;-1;385;21
;ServiceLog;md;1418280079593;3G;UMTS;250-1--1--1;250;1;-1;-1;385;32
;ServiceLog;md;1418280079593;3G;UMTS;250-1--1--1;250;1;-1;-1;379;19
;ServiceLog;md;1418280080659;3G;UMTS;250-1--1--1;250;1;-1;-1;385;24
;ServiceLog;md;1418280080659;3G;UMTS;250-1--1--1;250;1;-1;-1;379;13
;ServiceLog;md;1418280081718;3G;UMTS;250-1--1--1;250;1;-1;-1;385;21
;ServiceLog;md;1418280081718;3G;UMTS;250-1--1--1;250;1;-1;-1;379;7
;ServiceLog;md;1418280082807;3G;UMTS;250-1--1--1;250;1;-1;-1;385;28
;ServiceLog;md;1418280082807;3G;UMTS;250-1--1--1;250;1;-1;-1;379;16
;ServiceLog;md;1418280083883;3G;UMTS;250-1--1--1;250;1;-1;-1;385;31
;ServiceLog;md;1418280083883;3G;UMTS;250-1--1--1;250;1;-1;-1;379;13
;ServiceLog;md;1418280084941;3G;UMTS;250-1--1--1;250;1;-1;-1;385;31
;ServiceLog;md;1418280084941;3G;UMTS;250-1--1--1;250;1;-1;-1;379;13
;ServiceLog;md;1418280086006;3G;UMTS;250-1--1--1;250;1;-1;-1;385;33
;ServiceLog;md;1418280086006;3G;UMTS;250-1--1--1;250;1;-1;-1;379;18
;ServiceLog;md;1418280087120;3G;UMTS;250-1--1--1;250;1;-1;-1;385;27
;ServiceLog;md;1418280087120;3G;UMTS;250-1--1--1;250;1;-1;-1;379;11
;ServiceLog;md;1418280088194;3G;UMTS;250-1--1--1;250;1;-1;-1;385;21
;ServiceLog;md;1418280088194;3G;UMTS;250-1--1--1;250;1;-1;-1;379;12
;ServiceLog;md;1418280089285;3G;UMTS;250-1--1--1;250;1;-1;-1;385;26
;ServiceLog;md;1418280089285;3G;UMTS;250-1--1--1;250;1;-1;-1;379;23
;ServiceLog;md;1418280090379;3G;UMTS;250-1--1--1;250;1;-1;-1;385;22
;ServiceLog;md;1418280090379;3G;UMTS;250-1--1--1;250;1;-1;-1;379;5
;ServiceLog;md;1418280091451;3G;UMTS;250-1--1--1;250;1;-1;-1;385;24
;ServiceLog;md;1418280091451;3G;UMTS;250-1--1--1;250;1;-1;-1;379;18
;ServiceLog;md;1418280092559;3G;UMTS;250-1--1--1;250;1;-1;-1;385;23
;ServiceLog;md;1418280092559;3G;UMTS;250-1--1--1;250;1;-1;-1;379;7
;ServiceLog;md;1418280093633;3G;UMTS;250-1--1--1;250;1;-1;-1;385;21
;ServiceLog;md;1418280093633;3G;UMTS;250-1--1--1;250;1;-1;-1;379;6
;ServiceLog;md;1418280094714;3G;UMTS;250-1--1--1;250;1;-1;-1;385;21
;ServiceLog;md;1418280094714;3G;UMTS;250-1--1--1;250;1;-1;-1;379;6
;ServiceLog;md;1418280095781;3G;UMTS;250-1--1--1;250;1;-1;-1;379;16
;ServiceLog;md;1418280095781;3G;UMTS;250-1--1--1;250;1;-1;-1;385;15
;ServiceLog;md;1418280096879;3G;UMTS;250-1--1--1;250;1;-1;-1;385;19
;ServiceLog;md;1418280096879;3G;UMTS;250-1--1--1;250;1;-1;-1;379;7
;ServiceLog;md;1418280097980;3G;UMTS;250-1--1--1;250;1;-1;-1;385;15
;ServiceLog;md;1418280097980;3G;UMTS;250-1--1--1;250;1;-1;-1;379;12
;ServiceLog;md;1418280099052;3G;UMTS;250-1--1--1;250;1;-1;-1;385;11
;ServiceLog;md;1418280099052;3G;UMTS;250-1--1--1;250;1;-1;-1;379;0
;ServiceLog;md;1418280100132;3G;UMTS;250-1--1--1;250;1;-1;-1;385;18
;ServiceLog;md;1418280100132;3G;UMTS;250-1--1--1;250;1;-1;-1;379;6
;ServiceLog;md;1418280101206;3G;UMTS;250-1--1--1;250;1;-1;-1;385;18
;ServiceLog;md;1418280101206;3G;UMTS;250-1--1--1;250;1;-1;-1;379;6
;ServiceLog;md;1418280102249;3G;UMTS;250-1--1--1;250;1;-1;-1;385;21
;ServiceLog;md;1418280102249;3G;UMTS;250-1--1--1;250;1;-1;-1;156;19
;ServiceLog;md;1418280102249;3G;UMTS;250-1--1--1;250;1;-1;-1;442;18
;ServiceLog;md;1418280102249;3G;UMTS;250-1--1--1;250;1;-1;-1;379;0
;ServiceLog;md;1418280103302;3G;UMTS;250-1--1--1;250;1;-1;-1;385;21
;ServiceLog;md;1418280103302;3G;UMTS;250-1--1--1;250;1;-1;-1;156;19
;ServiceLog;md;1418280103302;3G;UMTS;250-1--1--1;250;1;-1;-1;442;18
;ServiceLog;md;1418280103302;3G;UMTS;250-1--1--1;250;1;-1;-1;379;12
;ServiceLog;md;1418280104392;3G;UMTS;250-1--1--1;250;1;-1;-1;385;17
;ServiceLog;md;1418280104392;3G;UMTS;250-1--1--1;250;1;-1;-1;442;14
;ServiceLog;md;1418280104392;3G;UMTS;250-1--1--1;250;1;-1;-1;156;14
;ServiceLog;md;1418280104392;3G;UMTS;250-1--1--1;250;1;-1;-1;379;3
;ServiceLog;md;1418280105469;3G;UMTS;250-1--1--1;250;1;-1;-1;385;17
;ServiceLog;md;1418280105469;3G;UMTS;250-1--1--1;250;1;-1;-1;442;14
;ServiceLog;md;1418280105469;3G;UMTS;250-1--1--1;250;1;-1;-1;156;14
;ServiceLog;md;1418280105469;3G;UMTS;250-1--1--1;250;1;-1;-1;379;3
;ServiceLog;md;1418280106579;3G;UMTS;250-1--1--1;250;1;-1;-1;442;18
;ServiceLog;md;1418280106579;3G;UMTS;250-1--1--1;250;1;-1;-1;385;15
;ServiceLog;md;1418280106579;3G;UMTS;250-1--1--1;250;1;-1;-1;156;15
;ServiceLog;md;1418280106579;3G;UMTS;250-1--1--1;250;1;-1;-1;379;0
;ServiceLog;md;1418280107676;3G;UMTS;250-1--1--1;250;1;-1;-1;442;16
;ServiceLog;md;1418280107676;3G;UMTS;250-1--1--1;250;1;-1;-1;156;12
;ServiceLog;md;1418280107676;3G;UMTS;250-1--1--1;250;1;-1;-1;385;10
;ServiceLog;md;1418280107676;3G;UMTS;250-1--1--1;250;1;-1;-1;379;0
;ServiceLog;md;1418280108778;3G;UMTS;250-1--1--1;250;1;-1;-1;442;17
;ServiceLog;md;1418280108778;3G;UMTS;250-1--1--1;250;1;-1;-1;156;14
;ServiceLog;md;1418280108778;3G;UMTS;250-1--1--1;250;1;-1;-1;385;13
;ServiceLog;md;1418280108778;3G;UMTS;250-1--1--1;250;1;-1;-1;379;2
;ServiceLog;md;1418280109859;3G;UMTS;250-1--1--1;250;1;-1;-1;442;15
;ServiceLog;md;1418280109859;3G;UMTS;250-1--1--1;250;1;-1;-1;156;14
;ServiceLog;md;1418280109859;3G;UMTS;250-1--1--1;250;1;-1;-1;379;0
;ServiceLog;md;1418280109859;3G;UMTS;250-1--1--1;250;1;-1;-1;385;0
;ServiceLog;md;1418280110936;3G;UMTS;250-1--1--1;250;1;-1;-1;442;25
;ServiceLog;md;1418280110936;3G;UMTS;250-1--1--1;250;1;-1;-1;156;18
;ServiceLog;md;1418280110936;3G;UMTS;250-1--1--1;250;1;-1;-1;379;6
;ServiceLog;md;1418280110936;3G;UMTS;250-1--1--1;250;1;-1;-1;385;5
;ServiceLog;md;1418280112005;3G;UMTS;250-1--1--1;250;1;-1;-1;442;18
;ServiceLog;md;1418280112005;3G;UMTS;250-1--1--1;250;1;-1;-1;156;10
;ServiceLog;md;1418280112005;3G;UMTS;250-1--1--1;250;1;-1;-1;385;6
;ServiceLog;md;1418280112005;3G;UMTS;250-1--1--1;250;1;-1;-1;379;0
;ServiceLog;md;1418280113081;3G;UMTS;250-1--1--1;250;1;-1;-1;442;19
;ServiceLog;md;1418280113081;3G;UMTS;250-1--1--1;250;1;-1;-1;156;19
;ServiceLog;md;1418280113081;3G;UMTS;250-1--1--1;250;1;-1;-1;385;11
;ServiceLog;md;1418280113081;3G;UMTS;250-1--1--1;250;1;-1;-1;379;6
;ServiceLog;md;1418280114231;unknown;unknown;1;-1;-1;-1;-1;-1;-1
;ServiceLog;md;1418280115302;3G;UMTS;250-1--1--1;250;1;-1;-1;385;12
;ServiceLog;md;1418280115302;3G;UMTS;250-1--1--1;250;1;-1;-1;379;2
;ServiceLog;md;1418280116365;3G;UMTS;250-1--1--1;250;1;-1;-1;385;3
;ServiceLog;md;1418280117429;3G;UMTS;250-1--1--1;250;1;-1;-1;385;8
;ServiceLog;md;1418280117429;3G;UMTS;250-1--1--1;250;1;-1;-1;379;0
;ServiceLog;md;1418280118523;3G;UMTS;250-1--1--1;250;1;-1;-1;385;13
;ServiceLog;md;1418280119593;3G;UMTS;250-1--1--1;250;1;-1;-1;385;15
;ServiceLog;md;1418280119593;3G;UMTS;250-1--1--1;250;1;-1;-1;379;0
;ServiceLog;md;1418280120665;3G;UMTS;250-1--1--1;250;1;-1;-1;385;13
;ServiceLog;md;1418280120665;3G;UMTS;250-1--1--1;250;1;-1;-1;379;0
;ServiceLog;md;1418280121768;3G;UMTS;250-1--1--1;250;1;-1;-1;385;16
;ServiceLog;md;1418280121768;3G;UMTS;250-1--1--1;250;1;-1;-1;379;0
;ServiceLog;md;1418280122853;3G;UMTS;250-1--1--1;250;1;-1;-1;385;12
;ServiceLog;md;1418280123920;3G;UMTS;250-1--1--1;250;1;-1;-1;385;9
;ServiceLog;md;1418280125022;3G;UMTS;250-1--1--1;250;1;-1;-1;385;16
;ServiceLog;md;1418280125022;3G;UMTS;250-1--1--1;250;1;-1;-1;379;0
;ServiceLog;md;1418280126091;3G;UMTS;250-1--1--1;250;1;-1;-1;385;2
;ServiceLog;md;1418280126091;3G;UMTS;250-1--1--1;250;1;-1;-1;379;0
;ServiceLog;md;1418280127163;3G;UMTS;250-1--1--1;250;1;-1;-1;385;6
;ServiceLog;md;1418280128228;3G;UMTS;250-1--1--1;250;1;-1;-1;385;6
;ServiceLog;md;1418280128228;3G;UMTS;250-1--1--1;250;1;-1;-1;379;0
;ServiceLog;md;1418280129301;3G;UMTS;250-1--1--1;250;1;-1;-1;385;2
;ServiceLog;md;1418280130380;unknown;unknown;1;-1;-1;-1;-1;-1;-1
;ServiceLog;md;1418280131271;unknown;unknown;1;-1;-1;-1;-1;-1;-1
;ServiceLog;md;1418280132312;unknown;unknown;1;-1;-1;-1;-1;-1;-1
;ServiceLog;md;1418280133351;unknown;unknown;1;-1;-1;-1;-1;-1;-1
;ServiceLog;md;1418280134419;unknown;unknown;1;-1;-1;-1;-1;-1;-1
;ServiceLog;md;1418280135521;unknown;unknown;1;-1;-1;-1;-1;-1;-1
;ServiceLog;md;1418280136582;unknown;unknown;1;-1;-1;-1;-1;-1;-1
;ServiceLog;md;1418280137668;unknown;unknown;1;-1;-1;-1;-1;-1;-1
;ServiceLog;md;1418280138739;unknown;unknown;1;-1;-1;-1;-1;-1;-1
;ServiceLog;md;1418280139812;unknown;unknown;1;-1;-1;-1;-1;-1;-1
;ServiceLog;md;1418280140897;unknown;unknown;1;-1;-1;-1;-1;-1;-1
;ServiceLog;md;1418280141982;unknown;unknown;1;-1;-1;-1;-1;-1;-1
;ServiceLog;md;1418280143143;unknown;unknown;1;-1;-1;-1;-1;-1;-1
;ServiceLog;md;1418280144182;unknown;unknown;1;-1;-1;-1;-1;-1;-1
;ServiceLog;md;1418280145268;unknown;unknown;1;-1;-1;-1;-1;-1;-1
;ServiceLog;md;1418280146361;unknown;unknown;1;-1;-1;-1;-1;-1;-1
;ServiceLog;md;1418280147430;unknown;unknown;1;-1;-1;-1;-1;-1;-1
;ServiceLog;md;1418280148493;unknown;unknown;1;-1;-1;-1;-1;-1;-1
;ServiceLog;md;1418280149560;unknown;unknown;1;-1;-1;-1;-1;-1;-1
;ServiceLog;md;1418280150632;unknown;unknown;1;-1;-1;-1;-1;-1;-1
;ServiceLog;md;1418280151727;unknown;unknown;1;-1;-1;-1;-1;-1;-1
;ServiceLog;md;1418280152805;unknown;unknown;1;-1;-1;-1;-1;-1;-1
;ServiceLog;md;1418280153891;unknown;unknown;1;-1;-1;-1;-1;-1;-1
;ServiceLog;md;1418280154957;unknown;unknown;1;-1;-1;-1;-1;-1;-1
;ServiceLog;md;1418280156001;unknown;unknown;1;-1;-1;-1;-1;-1;-1
;ServiceLog;md;1418280157070;unknown;unknown;1;-1;-1;-1;-1;-1;-1
;ServiceLog;md;1418280158140;unknown;unknown;1;-1;-1;-1;-1;-1;-1
;ServiceLog;md;1418280159213;unknown;unknown;1;-1;-1;-1;-1;-1;-1
;ServiceLog;md;1418280160308;unknown;unknown;1;-1;-1;-1;-1;-1;-1
;ServiceLog;md;1418280161380;unknown;unknown;1;-1;-1;-1;-1;-1;-1
;ServiceLog;md;1418280162438;unknown;unknown;1;-1;-1;-1;-1;-1;-1
;ServiceLog;md;1418280163478;unknown;unknown;1;-1;-1;-1;-1;-1;-1
;ServiceLog;md;1418280164567;unknown;unknown;1;-1;-1;-1;-1;-1;-1
;ServiceLog;md;1418280165642;unknown;unknown;1;-1;-1;-1;-1;-1;-1
;ServiceLog;md;1418280166742;unknown;unknown;1;-1;-1;-1;-1;-1;-1
;ServiceLog;md;1418280167842;unknown;unknown;1;-1;-1;-1;-1;-1;-1
;ServiceLog;md;1418280168906;unknown;unknown;1;-1;-1;-1;-1;-1;-1
;ServiceLog;md;1418280169979;3G;UMTS;1;250;1;821;510624;-1;-81
;ServiceLog;md;1418280171046;3G;UMTS;1;250;1;821;510624;-1;-81
;ServiceLog;md;1418280172160;3G;UMTS;1;250;1;821;510624;-1;-81
;ServiceLog;md;1418280173200;3G;UMTS;1;250;1;821;510624;-1;-81
;ServiceLog;md;1418280174260;3G;UMTS;1;250;1;821;510624;-1;-81
;ServiceLog;md;1418280175284;3G;UMTS;1;250;1;821;510624;-1;-81
;ServiceLog;md;1418280176325;3G;UMTS;1;250;1;821;510624;-1;-81
;ServiceLog;md;1418280177357;3G;UMTS;1;250;1;821;510624;-1;-81
;ServiceLog;md;1418280178425;3G;UMTS;1;250;1;821;510624;-1;-81
;ServiceLog;md;1418280179531;3G;UMTS;1;250;1;821;510624;-1;-83
;ServiceLog;md;1418280180644;3G;UMTS;1;250;1;821;510624;-1;-83
;ServiceLog;md;1418280181704;3G;UMTS;1;250;1;821;510624;-1;-83
;ServiceLog;md;1418280182794;3G;UMTS;1;250;1;821;510624;-1;-87
;ServiceLog;md;1418280183823;3G;UMTS;1;250;1;821;510624;-1;-87
;ServiceLog;md;1418280184854;3G;UMTS;1;250;1;821;510624;-1;-89
;ServiceLog;md;1418280185963;3G;UMTS;1;250;1;821;510624;-1;-89
;ServiceLog;md;1418280186982;3G;HSDPA;1;250;1;821;510624;-1;-89
;ServiceLog;md;1418280188007;3G;HSDPA;1;250;1;821;510624;-1;-91
;ServiceLog;md;1418280189168;3G;UMTS;1;250;1;821;510624;-1;-91
;ServiceLog;md;1418280190190;3G;UMTS;1;250;1;821;510624;-1;-91
;ServiceLog;md;1418280191219;3G;UMTS;1;250;1;821;510624;-1;-93
;ServiceLog;md;1418280192280;3G;UMTS;1;250;1;821;510624;-1;-93
;ServiceLog;md;1418280193324;3G;UMTS;1;250;1;821;510624;-1;-93
;ServiceLog;md;1418280194343;3G;UMTS;1;250;1;821;510624;-1;-95
;ServiceLog;md;1418280195364;3G;UMTS;1;250;1;821;510624;-1;-95
;ServiceLog;md;1418280196386;3G;UMTS;1;250;1;821;510624;-1;-95
;ServiceLog;md;1418280197410;3G;UMTS;1;250;1;821;510624;-1;-95
;ServiceLog;md;1418280198440;3G;UMTS;1;250;1;821;510624;-1;-95
;ServiceLog;md;1418280199466;3G;UMTS;1;250;1;821;510624;-1;-95
;ServiceLog;md;1418280200492;3G;UMTS;1;250;1;821;510624;-1;-97
;ServiceLog;md;1418280201529;3G;UMTS;1;250;1;821;510624;-1;-97
;ServiceLog;md;1418280203206;3G;UMTS;1;250;1;821;510624;-1;-97
;ServiceLog;md;1418280204221;3G;UMTS;1;250;1;821;510624;-1;-97
;ServiceLog;md;1418280205241;3G;UMTS;1;250;1;821;510624;-1;-97
;ServiceLog;md;1418280206296;3G;UMTS;1;250;1;821;510624;-1;-99
;ServiceLog;md;1418280207356;3G;UMTS;1;250;1;821;510624;-1;-99
;ServiceLog;md;1418280208379;3G;UMTS;1;250;1;821;510624;-1;-99
;ServiceLog;md;1418280209400;3G;UMTS;1;250;1;821;510624;-1;-101
;ServiceLog;md;1418280210432;3G;UMTS;1;250;1;821;501359;-1;-101
;ServiceLog;md;1418280211453;3G;UMTS;1;250;1;821;501359;-1;-101
;ServiceLog;md;1418280212513;3G;UMTS;1;250;1;821;491219;-1;-101
;ServiceLog;md;1418280213561;3G;UMTS;1;250;1;821;491219;-1;-101
;ServiceLog;md;1418280214620;3G;UMTS;1;250;1;821;491219;-1;-101
;ServiceLog;md;1418280215652;3G;UMTS;1;250;1;821;491219;-1;-99
;ServiceLog;md;1418280216684;3G;UMTS;1;250;1;821;491219;-1;-99
;ServiceLog;md;1418280217715;3G;UMTS;1;250;1;821;491219;-1;-99
;ServiceLog;md;1418280218743;3G;UMTS;1;250;1;821;491219;-1;-83
;ServiceLog;md;1418280219776;3G;UMTS;1;250;1;821;491219;-1;-83
;ServiceLog;md;1418280220809;3G;UMTS;1;250;1;821;491219;-1;-81
;ServiceLog;md;1418280221840;3G;UMTS;1;250;1;821;491219;-1;-81
;ServiceLog;md;1418280222875;3G;UMTS;1;250;1;821;491219;-1;-81
;ServiceLog;md;1418280223921;3G;UMTS;1;250;1;821;491219;-1;-75
;ServiceLog;md;1418280224977;3G;UMTS;1;250;1;821;491219;-1;-75
;ServiceLog;md;1418280226007;3G;UMTS;1;250;1;821;491219;-1;-75
;ServiceLog;md;1418280227040;3G;UMTS;1;250;1;821;491219;-1;-77
;ServiceLog;md;1418280228073;3G;UMTS;1;250;1;821;491219;-1;-77
;ServiceLog;md;1418280229144;3G;UMTS;1;250;1;821;491219;-1;-77
;ServiceLog;md;1418280230207;3G;UMTS;1;250;1;821;491219;-1;-71
;ServiceLog;md;1418280231266;3G;UMTS;1;250;1;821;491219;-1;-71
;ServiceLog;md;1418280232360;3G;UMTS;1;250;1;821;491219;-1;-71
;ServiceLog;md;1418280233821;3G;UMTS;1;250;1;821;491219;-1;-73
;ServiceLog;md;1418280234920;3G;UMTS;1;250;1;821;491219;-1;-73
;ServiceLog;md;1418280236014;3G;UMTS;1;250;1;821;491219;-1;-75
;ServiceLog;md;1418280237046;3G;UMTS;1;250;1;821;491219;-1;-75
;ServiceLog;md;1418280238080;3G;UMTS;1;250;1;821;491219;-1;-75
;ServiceLog;md;1418280239114;3G;UMTS;1;250;1;821;491219;-1;-77
;ServiceLog;md;1418280240174;3G;UMTS;1;250;1;821;491219;-1;-77
;ServiceLog;md;1418280241207;3G;UMTS;1;250;1;821;491219;-1;-77
;ServiceLog;md;1418280242269;3G;UMTS;1;250;1;821;491219;-1;-81
;ServiceLog;md;1418280243341;3G;UMTS;1;250;1;821;491219;-1;-81
;ServiceLog;md;1418280244408;3G;UMTS;1;250;1;821;491219;-1;-81
;ServiceLog;md;1418280245443;3G;UMTS;1;250;1;821;491219;-1;-89
;ServiceLog;md;1418280246479;3G;UMTS;1;250;1;821;491219;-1;-89
;ServiceLog;md;1418280247513;3G;UMTS;1;250;1;821;491219;-1;-89
;ServiceLog;md;1418280248546;3G;UMTS;1;250;1;821;491219;-1;-95
;ServiceLog;md;1418280249616;3G;UMTS;1;250;1;821;491219;-1;-95
;ServiceLog;md;1418280250693;3G;UMTS;1;250;1;821;491219;-1;-95
;ServiceLog;md;1418280251805;3G;UMTS;1;250;1;821;491219;-1;-99
;ServiceLog;md;1418280252878;3G;UMTS;1;250;1;821;491219;-1;-99
;ServiceLog;md;1418280253954;3G;UMTS;1;250;1;821;491219;-1;0
;ServiceLog;md;1418280255030;3G;UMTS;1;250;1;821;491219;-1;0
;ServiceLog;md;1418280256110;3G;UMTS;1;250;1;821;491219;-1;0
;ServiceLog;md;1418280257193;3G;UMTS;1;250;1;821;491219;-1;0
;ServiceLog;md;1418280258266;3G;UMTS;1;250;1;821;491219;-1;0
;ServiceLog;md;1418280259361;3G;UMTS;1;250;1;821;491219;-1;0
;ServiceLog;md;1418280260393;3G;UMTS;1;250;1;821;491219;-1;0
;ServiceLog;md;1418280261438;3G;UMTS;1;250;1;821;491219;-1;0
;ServiceLog;md;1418280262473;3G;UMTS;1;250;1;821;491219;-1;0
;ServiceLog;md;1418280263524;3G;UMTS;1;250;1;821;491219;-1;0
;ServiceLog;md;1418280264580;3G;UMTS;1;250;1;821;491219;-1;0
;ServiceLog;md;1418280265619;3G;UMTS;1;250;1;821;491219;-1;0
;ServiceLog;md;1418280266707;unknown;unknown;1;-1;-1;-1;-1;-1;-1
;ServiceLog;md;1418280267723;unknown;unknown;1;-1;-1;-1;-1;-1;-1
;ServiceLog;md;1418280268763;unknown;unknown;1;-1;-1;-1;-1;-1;-1
;ServiceLog;md;1418280269851;unknown;unknown;1;-1;-1;-1;-1;-1;-1
;ServiceLog;md;1418280270891;unknown;unknown;1;-1;-1;-1;-1;-1;-1
;ServiceLog;md;1418280271997;unknown;unknown;1;-1;-1;-1;-1;-1;-1
;ServiceLog;md;1418280273046;unknown;unknown;1;-1;-1;-1;-1;-1;-1
;ServiceLog;md;1418280274115;unknown;unknown;1;-1;-1;-1;-1;-1;-1
;ServiceLog;md;1418280275541;unknown;unknown;1;-1;-1;-1;-1;-1;-1
;ServiceLog;md;1418280276620;unknown;unknown;1;-1;-1;-1;-1;-1;-1
;ServiceLog;md;1418280277702;unknown;unknown;1;-1;-1;-1;-1;-1;-1
;ServiceLog;md;1418280278795;unknown;unknown;1;-1;-1;-1;-1;-1;-1
;ServiceLog;md;1418280279861;unknown;unknown;1;-1;-1;-1;-1;-1;-1
;ServiceLog;md;1418280280931;unknown;unknown;1;-1;-1;-1;-1;-1;-1
;ServiceLog;md;1418280282019;unknown;unknown;1;-1;-1;-1;-1;-1;-1
;ServiceLog;md;1418280283133;unknown;unknown;1;-1;-1;-1;-1;-1;-1
;ServiceLog;md;1418280284202;unknown;unknown;1;-1;-1;-1;-1;-1;-1
;ServiceLog;md;1418280285258;unknown;unknown;1;-1;-1;-1;-1;-1;-1
;ServiceLog;md;1418280286314;unknown;unknown;1;-1;-1;-1;-1;-1;-1
;ServiceLog;md;1418280287412;unknown;unknown;1;-1;-1;-1;-1;-1;-1
;ServiceLog;md;1418280288524;unknown;unknown;1;-1;-1;-1;-1;-1;-1
;ServiceLog;md;1418280289588;unknown;unknown;1;-1;-1;-1;-1;-1;-1
;ServiceLog;md;1418280290651;unknown;unknown;1;-1;-1;-1;-1;-1;-1
;ServiceLog;md;1418280291857;unknown;unknown;1;-1;-1;-1;-1;-1;-1
;ServiceLog;md;1418280292889;unknown;unknown;1;-1;-1;-1;-1;-1;-1
;ServiceLog;md;1418280293970;unknown;unknown;1;-1;-1;-1;-1;-1;-1
;ServiceLog;md;1418280295058;unknown;unknown;1;-1;-1;-1;-1;-1;-1
;ServiceLog;md;1418280296125;unknown;unknown;1;-1;-1;-1;-1;-1;-1
;ServiceLog;md;1418280297202;unknown;unknown;1;-1;-1;-1;-1;-1;-1
;ServiceLog;md;1418280298304;unknown;unknown;1;-1;-1;-1;-1;-1;-1
;ServiceLog;md;1418280299379;unknown;unknown;1;-1;-1;-1;-1;-1;-1
;ServiceLog;md;1418280300442;unknown;unknown;1;-1;-1;-1;-1;-1;-1
;ServiceLog;md;1418280301521;unknown;unknown;1;-1;-1;-1;-1;-1;-1
;ServiceLog;md;1418280302598;unknown;unknown;1;-1;-1;-1;-1;-1;-1
;ServiceLog;md;1418280303682;unknown;unknown;1;-1;-1;-1;-1;-1;-1
;ServiceLog;md;1418280304777;unknown;unknown;1;-1;-1;-1;-1;-1;-1
;ServiceLog;md;1418280305878;unknown;unknown;1;-1;-1;-1;-1;-1;-1
;ServiceLog;md;1418280306951;unknown;unknown;1;-1;-1;-1;-1;-1;-1
;ServiceLog;md;1418280308029;unknown;unknown;1;-1;-1;-1;-1;-1;-1
;ServiceLog;md;1418280309091;unknown;unknown;1;-1;-1;-1;-1;-1;-1
;ServiceLog;md;1418280310143;unknown;unknown;1;-1;-1;-1;-1;-1;-1
;ServiceLog;md;1418280311253;unknown;unknown;1;-1;-1;-1;-1;-1;-1
;ServiceLog;md;1418280312336;unknown;unknown;1;-1;-1;-1;-1;-1;-1
;ServiceLog;md;1418280313472;unknown;unknown;1;-1;-1;-1;-1;-1;-1
;ServiceLog;md;1418280314531;unknown;unknown;1;-1;-1;-1;-1;-1;-1
;ServiceLog;md;1418280315594;unknown;unknown;1;-1;-1;-1;-1;-1;-1
;ServiceLog;md;1418280316653;unknown;unknown;1;-1;-1;-1;-1;-1;-1
;ServiceLog;md;1418280317717;unknown;unknown;1;-1;-1;-1;-1;-1;-1
;ServiceLog;md;1418280318782;unknown;unknown;1;-1;-1;-1;-1;-1;-1
;ServiceLog;md;1418280319895;unknown;unknown;1;-1;-1;-1;-1;-1;-1
;ServiceLog;md;1418280321314;unknown;unknown;1;-1;-1;-1;-1;-1;-1
;ServiceLog;md;1418280322388;unknown;unknown;1;-1;-1;-1;-1;-1;-1
;ServiceLog;md;1418280323504;unknown;unknown;1;-1;-1;-1;-1;-1;-1
;ServiceLog;md;1418280324569;unknown;unknown;1;-1;-1;-1;-1;-1;-1
;ServiceLog;md;1418280325623;unknown;unknown;1;-1;-1;-1;-1;-1;-1
;ServiceLog;md;1418280326679;unknown;unknown;1;-1;-1;-1;-1;-1;-1
;ServiceLog;md;1418280327741;unknown;unknown;1;-1;-1;-1;-1;-1;-1
;ServiceLog;md;1418280328814;unknown;unknown;1;-1;-1;-1;-1;-1;-1
;ServiceLog;md;1418280329885;unknown;unknown;1;-1;-1;-1;-1;-1;-1
;ServiceLog;md;1418280330959;unknown;unknown;1;-1;-1;-1;-1;-1;-1
;ServiceLog;md;1418280331985;unknown;unknown;1;-1;-1;-1;-1;-1;-1
;ServiceLog;md;1418280333066;unknown;unknown;1;-1;-1;-1;-1;-1;-1
;ServiceLog;md;1418280334117;unknown;unknown;1;-1;-1;-1;-1;-1;-1
;ServiceLog;md;1418280335145;unknown;unknown;1;-1;-1;-1;-1;-1;-1
;ServiceLog;md;1418280336163;unknown;unknown;1;-1;-1;-1;-1;-1;-1
;ServiceLog;md;1418280337192;unknown;unknown;1;-1;-1;-1;-1;-1;-1
;ServiceLog;md;1418280338225;unknown;unknown;1;-1;-1;-1;-1;-1;-1
;ServiceLog;md;1418280339280;unknown;unknown;1;-1;-1;-1;-1;-1;-1
;ServiceLog;md;1418280340306;unknown;unknown;1;-1;-1;-1;-1;-1;-1
;ServiceLog;md;1418280341529;2G;GPRS;1;250;1;821;491219;-1;-101
;ServiceLog;md;1418280342570;2G;GPRS;1;250;1;821;491219;-1;-101
;ServiceLog;md;1418280343656;2G;GPRS;1;250;1;821;491219;-1;-101
;ServiceLog;md;1418280344732;2G;GPRS;1;250;1;821;491219;-1;-85
;ServiceLog;md;1418280344779;2G;EDGE;1;250;1;660;11971;-1;-85
;ServiceLog;md;1418280345810;2G;EDGE;1;250;1;660;11971;-1;-85
;ServiceLog;md;1418280346831;2G;EDGE;1;250;1;660;11971;-1;-87
;ServiceLog;md;1418280347852;2G;EDGE;1;250;1;660;11971;-1;-87
;ServiceLog;md;1418280348880;2G;EDGE;1;250;1;660;11971;-1;-87
;ServiceLog;md;1418280349919;2G;EDGE;1;250;1;660;11971;-1;-85
;ServiceLog;md;1418280350989;2G;EDGE;1;250;1;660;11971;-1;-85
;ServiceLog;md;1418280352054;2G;EDGE;1;250;1;660;11971;-1;-83
;ServiceLog;md;1418280353144;2G;EDGE;1;250;1;660;11971;-1;-83
;ServiceLog;md;1418280354175;2G;EDGE;1;250;1;660;11971;-1;-83
;ServiceLog;md;1418280355212;2G;EDGE;1;250;1;660;11971;-1;-79
;ServiceLog;md;1418280356281;2G;EDGE;1;250;1;660;11971;-1;-79
;ServiceLog;md;1418280357334;2G;EDGE;1;250;1;660;11971;-1;-79
;ServiceLog;md;1418280358396;2G;EDGE;1;250;1;660;11971;-1;-79
;ServiceLog;md;1418280359474;2G;EDGE;1;250;1;660;11971;-1;-79
;ServiceLog;md;1418280360540;2G;EDGE;1;250;1;660;11971;-1;-79
;ServiceLog;md;1418280361614;2G;EDGE;1;250;1;660;11971;-1;-73
;ServiceLog;md;1418280362660;2G;EDGE;1;250;1;660;11971;-1;-73
;ServiceLog;md;1418280363728;2G;EDGE;1;250;1;660;11971;-1;-73
;ServiceLog;md;1418280364785;2G;EDGE;1;250;1;660;11971;-1;-75
;ServiceLog;md;1418280365843;2G;EDGE;1;250;1;660;11971;-1;-75
;ServiceLog;md;1418280366896;2G;EDGE;1;250;1;660;11971;-1;-75
;ServiceLog;md;1418280367972;2G;EDGE;1;250;1;660;11971;-1;-77
;ServiceLog;md;1418280368998;2G;EDGE;1;250;1;660;11971;-1;-77
;ServiceLog;md;1418280370023;2G;EDGE;1;250;1;660;11971;-1;-79
;ServiceLog;md;1418280371052;2G;EDGE;1;250;1;660;11971;-1;-79
;ServiceLog;md;1418280372123;2G;EDGE;1;250;1;660;11971;-1;-79
;ServiceLog;md;1418280373198;2G;EDGE;1;250;1;660;11971;-1;-81
;ServiceLog;md;1418280374265;2G;EDGE;1;250;1;660;11971;-1;-81
;ServiceLog;md;1418280375308;2G;EDGE;1;250;1;660;11971;-1;-81
;ServiceLog;md;1418280376364;2G;EDGE;1;250;1;660;11971;-1;-81
;ServiceLog;md;1418280377420;2G;EDGE;1;250;1;660;11971;-1;-81
;ServiceLog;md;1418280378451;2G;EDGE;1;250;1;660;11971;-1;-81
;ServiceLog;md;1418280379516;2G;EDGE;1;250;1;660;11971;-1;-83
;ServiceLog;md;1418280380551;2G;EDGE;1;250;1;660;11971;-1;-83
;ServiceLog;md;1418280381624;2G;EDGE;1;250;1;660;11971;-1;-83
;ServiceLog;md;1418280382653;2G;EDGE;1;250;1;660;11971;-1;-85
;ServiceLog;md;1418280383718;2G;EDGE;1;250;1;660;11971;-1;-85
;ServiceLog;md;1418280384778;2G;EDGE;1;250;1;660;11971;-1;-85
;ServiceLog;md;1418280385839;2G;EDGE;1;250;1;660;11971;-1;-85
;ServiceLog;md;1418280386874;2G;EDGE;1;250;1;660;11971;-1;-85
;ServiceLog;md;1418280387905;2G;EDGE;1;250;1;660;11971;-1;-85
;ServiceLog;md;1418280388976;2G;EDGE;1;250;1;660;11971;-1;-87
;ServiceLog;md;1418280390038;2G;EDGE;1;250;1;660;11971;-1;-87
;ServiceLog;md;1418280391074;2G;EDGE;1;250;1;660;11971;-1;-89
;ServiceLog;md;1418280392104;2G;EDGE;1;250;1;660;11971;-1;-89
;ServiceLog;md;1418280393149;2G;EDGE;1;250;1;660;11971;-1;-89
;ServiceLog;md;1418280394200;2G;EDGE;1;250;1;660;11971;-1;-93
;ServiceLog;md;1418280395279;2G;EDGE;1;250;1;660;11971;-1;-93
;ServiceLog;md;1418280396308;2G;EDGE;1;250;1;660;11971;-1;-93
;ServiceLog;md;1418280397343;2G;EDGE;1;250;1;660;11971;-1;-95
;ServiceLog;md;1418280398425;2G;EDGE;1;250;1;660;11971;-1;-95
;ServiceLog;md;1418280399517;2G;EDGE;1;250;1;660;11971;-1;-95
;ServiceLog;md;1418280400600;2G;EDGE;1;250;1;660;11971;-1;-95
;ServiceLog;md;1418280401639;2G;EDGE;1;250;1;660;11971;-1;-95
;ServiceLog;md;1418280402703;2G;EDGE;1;250;1;660;11971;-1;-95
;ServiceLog;md;1418280403756;2G;EDGE;1;250;1;660;11971;-1;-95
;ServiceLog;md;1418280404818;2G;EDGE;1;250;1;660;11971;-1;-95
;ServiceLog;md;1418280405853;2G;EDGE;1;250;1;660;11971;-1;-95
;ServiceLog;md;1418280406915;2G;EDGE;1;250;1;660;11971;-1;-95
;ServiceLog;md;1418280408004;2G;EDGE;1;250;1;660;11971;-1;-95
;ServiceLog;md;1418280409063;2G;EDGE;1;250;1;660;11971;-1;-95
;ServiceLog;md;1418280410121;2G;EDGE;1;250;1;660;11971;-1;-95
;ServiceLog;md;1418280411203;2G;EDGE;1;250;1;660;11971;-1;-95
;ServiceLog;md;1418280412314;2G;EDGE;1;250;1;660;11971;-1;-95
;ServiceLog;md;1418280413426;2G;EDGE;1;250;1;660;11971;-1;-95
;ServiceLog;md;1418280414510;unknown;unknown;1;-1;-1;-1;-1;-1;-1
;ServiceLog;md;1418280415584;unknown;unknown;1;-1;-1;-1;-1;-1;-1
;ServiceLog;md;1418280416627;unknown;unknown;1;-1;-1;-1;-1;-1;-1
;ServiceLog;md;1418280417682;unknown;unknown;1;-1;-1;-1;-1;-1;-1
;ServiceLog;md;1418280418742;unknown;unknown;1;-1;-1;-1;-1;-1;-1
;ServiceLog;md;1418280419808;unknown;unknown;1;-1;-1;-1;-1;-1;-1
;ServiceLog;md;1418280420866;unknown;unknown;1;-1;-1;-1;-1;-1;-1
;ServiceLog;md;1418280421925;unknown;unknown;1;-1;-1;-1;-1;-1;-1
;ServiceLog;md;1418280423001;unknown;unknown;1;-1;-1;-1;-1;-1;-1
;ServiceLog;md;1418280424432;unknown;unknown;1;-1;-1;-1;-1;-1;-1
;ServiceLog;md;1418280425490;unknown;unknown;1;-1;-1;-1;-1;-1;-1
;ServiceLog;md;1418280426544;unknown;unknown;1;-1;-1;-1;-1;-1;-1
;ServiceLog;md;1418280427601;unknown;unknown;1;-1;-1;-1;-1;-1;-1
;ServiceLog;md;1418280428660;unknown;unknown;1;-1;-1;-1;-1;-1;-1
;ServiceLog;md;1418280429699;unknown;unknown;1;-1;-1;-1;-1;-1;-1
;ServiceLog;md;1418280430773;unknown;unknown;1;-1;-1;-1;-1;-1;-1
;ServiceLog;md;1418280431842;unknown;unknown;1;-1;-1;-1;-1;-1;-1
;ServiceLog;md;1418280432905;unknown;unknown;1;-1;-1;-1;-1;-1;-1
;ServiceLog;md;1418280433963;unknown;unknown;1;-1;-1;-1;-1;-1;-1
;ServiceLog;md;1418280435055;unknown;unknown;1;-1;-1;-1;-1;-1;-1
;ServiceLog;md;1418280436113;unknown;unknown;1;-1;-1;-1;-1;-1;-1
;ServiceLog;md;1418280437171;unknown;unknown;1;-1;-1;-1;-1;-1;-1
;ServiceLog;md;1418280438227;unknown;unknown;1;-1;-1;-1;-1;-1;-1
;ServiceLog;md;1418280439277;unknown;unknown;1;-1;-1;-1;-1;-1;-1
;ServiceLog;md;1418280440339;unknown;unknown;1;-1;-1;-1;-1;-1;-1
;ServiceLog;md;1418280441422;unknown;unknown;1;-1;-1;-1;-1;-1;-1
;ServiceLog;md;1418280442489;unknown;unknown;1;-1;-1;-1;-1;-1;-1
;ServiceLog;md;1418280443548;unknown;unknown;1;-1;-1;-1;-1;-1;-1
;ServiceLog;md;1418280444606;unknown;unknown;1;-1;-1;-1;-1;-1;-1
;ServiceLog;md;1418280445661;unknown;unknown;1;-1;-1;-1;-1;-1;-1
;ServiceLog;md;1418280446719;unknown;unknown;1;-1;-1;-1;-1;-1;-1
;ServiceLog;md;1418280447793;unknown;unknown;1;-1;-1;-1;-1;-1;-1
;ServiceLog;md;1418280448864;unknown;unknown;1;-1;-1;-1;-1;-1;-1
;ServiceLog;md;1418280449941;unknown;unknown;1;-1;-1;-1;-1;-1;-1
;ServiceLog;md;1418280451020;unknown;unknown;1;-1;-1;-1;-1;-1;-1
;ServiceLog;md;1418280452058;unknown;unknown;1;-1;-1;-1;-1;-1;-1
;ServiceLog;md;1418280453116;unknown;unknown;1;-1;-1;-1;-1;-1;-1
;ServiceLog;md;1418280454171;unknown;unknown;1;-1;-1;-1;-1;-1;-1
;ServiceLog;md;1418280455227;unknown;unknown;1;-1;-1;-1;-1;-1;-1
;ServiceLog;md;1418280456281;unknown;unknown;1;-1;-1;-1;-1;-1;-1
;ServiceLog;md;1418280457338;unknown;unknown;1;-1;-1;-1;-1;-1;-1
;ServiceLog;md;1418280458401;unknown;unknown;1;-1;-1;-1;-1;-1;-1
;ServiceLog;md;1418280459453;unknown;unknown;1;-1;-1;-1;-1;-1;-1
;ServiceLog;md;1418280460501;unknown;unknown;1;-1;-1;-1;-1;-1;-1
;ServiceLog;md;1418280461557;unknown;unknown;1;-1;-1;-1;-1;-1;-1
;ServiceLog;md;1418280462611;unknown;unknown;1;-1;-1;-1;-1;-1;-1
;ServiceLog;md;1418280463665;unknown;unknown;1;-1;-1;-1;-1;-1;-1
;ServiceLog;md;1418280464719;unknown;unknown;1;-1;-1;-1;-1;-1;-1
;ServiceLog;md;1418280465773;unknown;unknown;1;-1;-1;-1;-1;-1;-1
;ServiceLog;md;1418280466826;unknown;unknown;1;-1;-1;-1;-1;-1;-1
;ServiceLog;md;1418280468220;unknown;unknown;1;-1;-1;-1;-1;-1;-1
;ServiceLog;md;1418280469269;unknown;unknown;1;-1;-1;-1;-1;-1;-1
;ServiceLog;md;1418280470302;unknown;unknown;1;-1;-1;-1;-1;-1;-1
;ServiceLog;md;1418280471338;unknown;unknown;1;-1;-1;-1;-1;-1;-1
;ServiceLog;md;1418280472393;unknown;unknown;1;-1;-1;-1;-1;-1;-1
;ServiceLog;md;1418280473449;unknown;unknown;1;-1;-1;-1;-1;-1;-1
;ServiceLog;md;1418280474510;unknown;unknown;1;-1;-1;-1;-1;-1;-1
;ServiceLog;md;1418280475551;unknown;unknown;1;-1;-1;-1;-1;-1;-1
;ServiceLog;md;1418280476607;unknown;unknown;1;-1;-1;-1;-1;-1;-1
;ServiceLog;md;1418280477662;unknown;unknown;1;-1;-1;-1;-1;-1;-1
;ServiceLog;md;1418280478723;unknown;unknown;1;-1;-1;-1;-1;-1;-1
;ServiceLog;md;1418280479779;unknown;unknown;1;-1;-1;-1;-1;-1;-1
;ServiceLog;md;1418280480837;unknown;unknown;1;-1;-1;-1;-1;-1;-1
;ServiceLog;md;1418280481890;unknown;unknown;1;-1;-1;-1;-1;-1;-1
;ServiceLog;md;1418280482925;unknown;unknown;1;-1;-1;-1;-1;-1;-1
;ServiceLog;md;1418280483981;unknown;unknown;1;-1;-1;-1;-1;-1;-1
;ServiceLog;md;1418280485039;unknown;unknown;1;-1;-1;-1;-1;-1;-1
;ServiceLog;md;1418280486099;unknown;unknown;1;-1;-1;-1;-1;-1;-1
;ServiceLog;md;1418280487157;unknown;unknown;1;-1;-1;-1;-1;-1;-1
;ServiceLog;md;1418280488212;unknown;unknown;1;-1;-1;-1;-1;-1;-1
;ServiceLog;md;1418280489267;unknown;unknown;1;-1;-1;-1;-1;-1;-1
;ServiceLog;md;1418280490322;unknown;unknown;1;-1;-1;-1;-1;-1;-1
;ServiceLog;md;1418280491378;unknown;unknown;1;-1;-1;-1;-1;-1;-1
;ServiceLog;md;1418280492433;unknown;unknown;1;-1;-1;-1;-1;-1;-1
;ServiceLog;md;1418280493486;unknown;unknown;1;-1;-1;-1;-1;-1;-1
;ServiceLog;md;1418280494546;unknown;unknown;1;-1;-1;-1;-1;-1;-1
;ServiceLog;md;1418280495609;unknown;unknown;1;-1;-1;-1;-1;-1;-1
;ServiceLog;md;1418280496665;unknown;unknown;1;-1;-1;-1;-1;-1;-1
;ServiceLog;md;1418280497732;unknown;unknown;1;-1;-1;-1;-1;-1;-1
;ServiceLog;md;1418280498793;unknown;unknown;1;-1;-1;-1;-1;-1;-1
;ServiceLog;md;1418280499910;unknown;unknown;1;-1;-1;-1;-1;-1;-1
;ServiceLog;md;1418280500974;unknown;unknown;1;-1;-1;-1;-1;-1;-1
;ServiceLog;md;1418280502033;unknown;unknown;1;-1;-1;-1;-1;-1;-1
;ServiceLog;md;1418280503091;unknown;unknown;1;-1;-1;-1;-1;-1;-1
;ServiceLog;md;1418280504148;unknown;unknown;1;-1;-1;-1;-1;-1;-1
;ServiceLog;md;1418280505206;unknown;unknown;1;-1;-1;-1;-1;-1;-1
;ServiceLog;md;1418280506260;unknown;unknown;1;-1;-1;-1;-1;-1;-1
;ServiceLog;md;1418280507320;unknown;unknown;1;-1;-1;-1;-1;-1;-1
;ServiceLog;md;1418280508373;unknown;unknown;1;-1;-1;-1;-1;-1;-1
;ServiceLog;md;1418280509428;unknown;unknown;1;-1;-1;-1;-1;-1;-1
;ServiceLog;md;1418280510486;unknown;unknown;1;-1;-1;-1;-1;-1;-1
;ServiceLog;md;1418280511542;unknown;unknown;1;-1;-1;-1;-1;-1;-1
;ServiceLog;md;1418280512602;unknown;unknown;1;-1;-1;-1;-1;-1;-1
;ServiceLog;md;1418280513716;unknown;unknown;1;-1;-1;-1;-1;-1;-1
;ServiceLog;md;1418280514771;unknown;unknown;1;-1;-1;-1;-1;-1;-1
;ServiceLog;md;1418280515824;unknown;unknown;1;-1;-1;-1;-1;-1;-1
;ServiceLog;md;1418280516879;unknown;unknown;1;-1;-1;-1;-1;-1;-1
;ServiceLog;md;1418280517936;unknown;unknown;1;-1;-1;-1;-1;-1;-1
;ServiceLog;md;1418280518992;unknown;unknown;1;-1;-1;-1;-1;-1;-1
;ServiceLog;md;1418280520048;unknown;unknown;1;-1;-1;-1;-1;-1;-1
;ServiceLog;md;1418280521114;unknown;unknown;1;-1;-1;-1;-1;-1;-1
;ServiceLog;md;1418280522172;unknown;unknown;1;-1;-1;-1;-1;-1;-1
;ServiceLog;md;1418280523224;unknown;unknown;1;-1;-1;-1;-1;-1;-1
;ServiceLog;md;1418280524288;unknown;unknown;1;-1;-1;-1;-1;-1;-1
;ServiceLog;md;1418280525346;unknown;unknown;1;-1;-1;-1;-1;-1;-1
;ServiceLog;md;1418280526400;unknown;unknown;1;-1;-1;-1;-1;-1;-1
;ServiceLog;md;1418280527453;unknown;unknown;1;-1;-1;-1;-1;-1;-1
;ServiceLog;md;1418280528508;unknown;unknown;1;-1;-1;-1;-1;-1;-1
;ServiceLog;md;1418280529567;unknown;unknown;1;-1;-1;-1;-1;-1;-1
;ServiceLog;md;1418280530604;unknown;unknown;1;-1;-1;-1;-1;-1;-1
;ServiceLog;md;1418280531658;unknown;unknown;1;-1;-1;-1;-1;-1;-1
;ServiceLog;md;1418280532701;unknown;unknown;1;-1;-1;-1;-1;-1;-1
;ServiceLog;md;1418280533757;unknown;unknown;1;-1;-1;-1;-1;-1;-1
;ServiceLog;md;1418280534818;unknown;unknown;1;-1;-1;-1;-1;-1;-1
;ServiceLog;md;1418280535874;unknown;unknown;1;-1;-1;-1;-1;-1;-1
;ServiceLog;md;1418280536935;unknown;unknown;1;-1;-1;-1;-1;-1;-1
;ServiceLog;md;1418280537991;unknown;unknown;1;-1;-1;-1;-1;-1;-1
;ServiceLog;md;1418280539052;unknown;unknown;1;-1;-1;-1;-1;-1;-1
;ServiceLog;md;1418280540126;unknown;unknown;1;-1;-1;-1;-1;-1;-1
;ServiceLog;md;1418280541161;unknown;unknown;1;-1;-1;-1;-1;-1;-1
;ServiceLog;md;1418280542260;unknown;unknown;1;-1;-1;-1;-1;-1;-1
;ServiceLog;md;1418280543592;unknown;unknown;1;-1;-1;-1;-1;-1;-1
;ServiceLog;md;1418280544607;unknown;unknown;1;-1;-1;-1;-1;-1;-1
;ServiceLog;md;1418280545657;unknown;unknown;1;-1;-1;-1;-1;-1;-1
;ServiceLog;md;1418280546722;unknown;unknown;1;-1;-1;-1;-1;-1;-1
;ServiceLog;md;1418280547776;unknown;unknown;1;-1;-1;-1;-1;-1;-1
;ServiceLog;md;1418280548805;unknown;unknown;1;-1;-1;-1;-1;-1;-1
;ServiceLog;md;1418280549898;unknown;unknown;1;-1;-1;-1;-1;-1;-1
;ServiceLog;md;1418280550967;unknown;unknown;1;-1;-1;-1;-1;-1;-1
;ServiceLog;md;1418280552031;unknown;unknown;1;-1;-1;-1;-1;-1;-1
;ServiceLog;md;1418280553087;unknown;unknown;1;-1;-1;-1;-1;-1;-1
;ServiceLog;md;1418280554150;unknown;unknown;1;-1;-1;-1;-1;-1;-1
;ServiceLog;md;1418280555706;unknown;unknown;1;-1;-1;-1;-1;-1;-1
;ServiceLog;md;1418280556764;unknown;unknown;1;-1;-1;-1;-1;-1;-1
;ServiceLog;md;1418280557798;unknown;unknown;1;-1;-1;-1;-1;-1;-1
;ServiceLog;md;1418280558872;unknown;unknown;1;-1;-1;-1;-1;-1;-1
;ServiceLog;md;1418280559955;unknown;unknown;1;-1;-1;-1;-1;-1;-1
;ServiceLog;md;1418280560995;unknown;unknown;1;-1;-1;-1;-1;-1;-1
;ServiceLog;md;1418280562052;unknown;unknown;1;-1;-1;-1;-1;-1;-1
;ServiceLog;md;1418280563105;unknown;unknown;1;-1;-1;-1;-1;-1;-1
;ServiceLog;md;1418280564163;unknown;unknown;1;-1;-1;-1;-1;-1;-1
;ServiceLog;md;1418280565224;unknown;unknown;1;-1;-1;-1;-1;-1;-1
;ServiceLog;md;1418280566257;unknown;unknown;1;-1;-1;-1;-1;-1;-1
;ServiceLog;md;1418280567316;unknown;unknown;1;-1;-1;-1;-1;-1;-1
;ServiceLog;md;1418280568400;unknown;unknown;1;-1;-1;-1;-1;-1;-1
;ServiceLog;md;1418280569471;unknown;unknown;1;-1;-1;-1;-1;-1;-1
;ServiceLog;md;1418280570540;unknown;unknown;1;-1;-1;-1;-1;-1;-1
;ServiceLog;md;1418280571616;unknown;unknown;1;-1;-1;-1;-1;-1;-1
;ServiceLog;md;1418280572677;unknown;unknown;1;-1;-1;-1;-1;-1;-1
;ServiceLog;md;1418280573710;unknown;unknown;1;-1;-1;-1;-1;-1;-1
;ServiceLog;md;1418280574785;unknown;unknown;1;-1;-1;-1;-1;-1;-1
;ServiceLog;md;1418280575862;unknown;unknown;1;-1;-1;-1;-1;-1;-1
;ServiceLog;md;1418280576929;unknown;unknown;1;-1;-1;-1;-1;-1;-1
;ServiceLog;md;1418280577987;unknown;unknown;1;-1;-1;-1;-1;-1;-1
;ServiceLog;md;1418280579040;unknown;unknown;1;-1;-1;-1;-1;-1;-1
;ServiceLog;md;1418280580094;unknown;unknown;1;-1;-1;-1;-1;-1;-1
;ServiceLog;md;1418280581152;unknown;unknown;1;-1;-1;-1;-1;-1;-1
;ServiceLog;md;1418280582182;unknown;unknown;1;-1;-1;-1;-1;-1;-1
;ServiceLog;md;1418280583238;unknown;unknown;1;-1;-1;-1;-1;-1;-1
;ServiceLog;md;1418280584263;unknown;unknown;1;-1;-1;-1;-1;-1;-1
;ServiceLog;md;1418280585332;unknown;unknown;1;-1;-1;-1;-1;-1;-1
;ServiceLog;md;1418280586410;unknown;unknown;1;-1;-1;-1;-1;-1;-1
;ServiceLog;md;1418280587463;unknown;unknown;1;-1;-1;-1;-1;-1;-1
;ServiceLog;md;1418280588533;unknown;unknown;1;-1;-1;-1;-1;-1;-1
;ServiceLog;md;1418280589595;unknown;unknown;1;-1;-1;-1;-1;-1;-1
;ServiceLog;md;1418280590652;unknown;unknown;1;-1;-1;-1;-1;-1;-1
;ServiceLog;md;1418280591723;unknown;unknown;1;-1;-1;-1;-1;-1;-1
;ServiceLog;md;1418280592795;unknown;unknown;1;-1;-1;-1;-1;-1;-1
;ServiceLog;md;1418280593865;unknown;unknown;1;-1;-1;-1;-1;-1;-1
;ServiceLog;md;1418280594912;unknown;unknown;1;-1;-1;-1;-1;-1;-1
;ServiceLog;md;1418280595959;unknown;unknown;1;-1;-1;-1;-1;-1;-1
;ServiceLog;md;1418280596998;unknown;unknown;1;-1;-1;-1;-1;-1;-1
;ServiceLog;md;1418280598087;unknown;unknown;1;-1;-1;-1;-1;-1;-1
;ServiceLog;md;1418280599155;unknown;unknown;1;-1;-1;-1;-1;-1;-1
;ServiceLog;md;1418280600217;unknown;unknown;1;-1;-1;-1;-1;-1;-1
;ServiceLog;md;1418280601247;unknown;unknown;1;-1;-1;-1;-1;-1;-1
;ServiceLog;md;1418280602283;unknown;unknown;1;-1;-1;-1;-1;-1;-1
;ServiceLog;md;1418280603342;unknown;unknown;1;-1;-1;-1;-1;-1;-1
;ServiceLog;md;1418280604367;unknown;unknown;1;-1;-1;-1;-1;-1;-1
;ServiceLog;md;1418280605440;unknown;unknown;1;-1;-1;-1;-1;-1;-1
;ServiceLog;md;1418280606478;unknown;unknown;1;-1;-1;-1;-1;-1;-1
;ServiceLog;md;1418280607536;unknown;unknown;1;-1;-1;-1;-1;-1;-1
;ServiceLog;md;1418280608600;unknown;unknown;1;-1;-1;-1;-1;-1;-1
;ServiceLog;md;1418280609655;unknown;unknown;1;-1;-1;-1;-1;-1;-1
;ServiceLog;md;1418280610685;unknown;unknown;1;-1;-1;-1;-1;-1;-1
;ServiceLog;md;1418280611757;unknown;unknown;1;-1;-1;-1;-1;-1;-1
;ServiceLog;md;1418280612834;unknown;unknown;1;-1;-1;-1;-1;-1;-1
;ServiceLog;md;1418280613913;unknown;unknown;1;-1;-1;-1;-1;-1;-1
;ServiceLog;md;1418280615096;unknown;unknown;1;-1;-1;-1;-1;-1;-1
;ServiceLog;md;1418280616173;unknown;unknown;1;-1;-1;-1;-1;-1;-1
;ServiceLog;md;1418280617248;unknown;unknown;1;-1;-1;-1;-1;-1;-1
;ServiceLog;md;1418280618336;unknown;unknown;1;-1;-1;-1;-1;-1;-1
;ServiceLog;md;1418280619414;unknown;unknown;1;-1;-1;-1;-1;-1;-1
;ServiceLog;md;1418280620506;unknown;unknown;1;-1;-1;-1;-1;-1;-1
;ServiceLog;md;1418280621580;unknown;unknown;1;-1;-1;-1;-1;-1;-1
;ServiceLog;md;1418280622640;unknown;unknown;1;-1;-1;-1;-1;-1;-1
;ServiceLog;md;1418280623716;unknown;unknown;1;-1;-1;-1;-1;-1;-1
;ServiceLog;md;1418280624783;unknown;unknown;1;-1;-1;-1;-1;-1;-1
;ServiceLog;md;1418280625841;unknown;unknown;1;-1;-1;-1;-1;-1;-1
;ServiceLog;md;1418280626902;unknown;unknown;1;-1;-1;-1;-1;-1;-1
;ServiceLog;md;1418280627972;unknown;unknown;1;-1;-1;-1;-1;-1;-1
;ServiceLog;md;1418280629043;unknown;unknown;1;-1;-1;-1;-1;-1;-1
;ServiceLog;md;1418280630107;unknown;unknown;1;-1;-1;-1;-1;-1;-1
;ServiceLog;md;1418280631181;unknown;unknown;1;-1;-1;-1;-1;-1;-1
;ServiceLog;md;1418280632282;unknown;unknown;1;-1;-1;-1;-1;-1;-1
;ServiceLog;md;1418280633345;unknown;unknown;1;-1;-1;-1;-1;-1;-1
;ServiceLog;md;1418280634413;unknown;unknown;1;-1;-1;-1;-1;-1;-1
;ServiceLog;md;1418280635479;unknown;unknown;1;-1;-1;-1;-1;-1;-1
;ServiceLog;md;1418280636553;unknown;unknown;1;-1;-1;-1;-1;-1;-1
;ServiceLog;md;1418280637589;unknown;unknown;1;-1;-1;-1;-1;-1;-1
;ServiceLog;md;1418280638654;unknown;unknown;1;-1;-1;-1;-1;-1;-1
;ServiceLog;md;1418280639723;unknown;unknown;1;-1;-1;-1;-1;-1;-1
;ServiceLog;md;1418280640782;unknown;unknown;1;-1;-1;-1;-1;-1;-1
;ServiceLog;md;1418280641845;unknown;unknown;1;-1;-1;-1;-1;-1;-1
;ServiceLog;md;1418280642913;unknown;unknown;1;-1;-1;-1;-1;-1;-1
;ServiceLog;md;1418280643981;unknown;unknown;1;-1;-1;-1;-1;-1;-1
;ServiceLog;md;1418280645053;unknown;unknown;1;-1;-1;-1;-1;-1;-1
;ServiceLog;md;1418280646120;unknown;unknown;1;-1;-1;-1;-1;-1;-1
;ServiceLog;md;1418280647189;unknown;unknown;1;-1;-1;-1;-1;-1;-1
;ServiceLog;md;1418280648256;unknown;unknown;1;-1;-1;-1;-1;-1;-1
;ServiceLog;md;1418280649323;unknown;unknown;1;-1;-1;-1;-1;-1;-1
;ServiceLog;md;1418280650390;unknown;unknown;1;-1;-1;-1;-1;-1;-1
;ServiceLog;md;1418280651477;unknown;unknown;1;-1;-1;-1;-1;-1;-1
;ServiceLog;md;1418280652543;unknown;unknown;1;-1;-1;-1;-1;-1;-1
;ServiceLog;md;1418280653616;unknown;unknown;1;-1;-1;-1;-1;-1;-1
;ServiceLog;md;1418280654681;unknown;unknown;1;-1;-1;-1;-1;-1;-1
;ServiceLog;md;1418280655752;unknown;unknown;1;-1;-1;-1;-1;-1;-1
;ServiceLog;md;1418280656809;unknown;unknown;1;-1;-1;-1;-1;-1;-1
;ServiceLog;md;1418280657865;unknown;unknown;1;-1;-1;-1;-1;-1;-1
;ServiceLog;md;1418280658934;unknown;unknown;1;-1;-1;-1;-1;-1;-1
;ServiceLog;md;1418280659999;unknown;unknown;1;-1;-1;-1;-1;-1;-1
;ServiceLog;md;1418280661064;unknown;unknown;1;-1;-1;-1;-1;-1;-1
;ServiceLog;md;1418280662145;unknown;unknown;1;-1;-1;-1;-1;-1;-1
;ServiceLog;md;1418280663189;unknown;unknown;1;-1;-1;-1;-1;-1;-1
;ServiceLog;md;1418280664257;unknown;unknown;1;-1;-1;-1;-1;-1;-1
;ServiceLog;md;1418280665322;unknown;unknown;1;-1;-1;-1;-1;-1;-1
;ServiceLog;md;1418280666399;unknown;unknown;1;-1;-1;-1;-1;-1;-1
;ServiceLog;md;1418280667471;unknown;unknown;1;-1;-1;-1;-1;-1;-1
;ServiceLog;md;1418280668877;unknown;unknown;1;-1;-1;-1;-1;-1;-1
;ServiceLog;md;1418280669956;unknown;unknown;1;-1;-1;-1;-1;-1;-1
;ServiceLog;md;1418280671029;unknown;unknown;1;-1;-1;-1;-1;-1;-1
;ServiceLog;md;1418280672103;unknown;unknown;1;-1;-1;-1;-1;-1;-1
;ServiceLog;md;1418280673171;unknown;unknown;1;-1;-1;-1;-1;-1;-1
;ServiceLog;md;1418280674246;unknown;unknown;1;-1;-1;-1;-1;-1;-1
;ServiceLog;md;1418280675313;unknown;unknown;1;-1;-1;-1;-1;-1;-1
;ServiceLog;md;1418280676385;unknown;unknown;1;-1;-1;-1;-1;-1;-1
;ServiceLog;md;1418280677441;unknown;unknown;1;-1;-1;-1;-1;-1;-1
;ServiceLog;md;1418280678510;unknown;unknown;1;-1;-1;-1;-1;-1;-1
;ServiceLog;md;1418280679601;unknown;unknown;1;-1;-1;-1;-1;-1;-1
;ServiceLog;md;1418280680674;unknown;unknown;1;-1;-1;-1;-1;-1;-1
;ServiceLog;md;1418280681737;unknown;unknown;1;-1;-1;-1;-1;-1;-1
;ServiceLog;md;1418280682797;unknown;unknown;1;-1;-1;-1;-1;-1;-1
;ServiceLog;md;1418280683871;unknown;unknown;1;-1;-1;-1;-1;-1;-1
;ServiceLog;md;1418280684937;unknown;unknown;1;-1;-1;-1;-1;-1;-1
;ServiceLog;md;1418280686009;unknown;unknown;1;-1;-1;-1;-1;-1;-1
;ServiceLog;md;1418280687085;unknown;unknown;1;-1;-1;-1;-1;-1;-1
;ServiceLog;md;1418280688150;unknown;unknown;1;-1;-1;-1;-1;-1;-1
;ServiceLog;md;1418280689211;unknown;unknown;1;-1;-1;-1;-1;-1;-1
;ServiceLog;md;1418280690281;unknown;unknown;1;-1;-1;-1;-1;-1;-1
;ServiceLog;md;1418280691338;unknown;unknown;1;-1;-1;-1;-1;-1;-1
;ServiceLog;md;1418280692395;unknown;unknown;1;-1;-1;-1;-1;-1;-1
;ServiceLog;md;1418280693459;unknown;unknown;1;-1;-1;-1;-1;-1;-1
;ServiceLog;md;1418280694514;unknown;unknown;1;-1;-1;-1;-1;-1;-1
;ServiceLog;md;1418280695572;unknown;unknown;1;-1;-1;-1;-1;-1;-1
;ServiceLog;md;1418280697342;unknown;unknown;1;-1;-1;-1;-1;-1;-1
;ServiceLog;md;1418280698358;unknown;unknown;1;-1;-1;-1;-1;-1;-1
;ServiceLog;md;1418280699414;unknown;unknown;1;-1;-1;-1;-1;-1;-1
;ServiceLog;md;1418280700434;unknown;unknown;1;-1;-1;-1;-1;-1;-1
