ID;Name;User;TimeStamp;NetworkGen;NetworkType;Active;MCC;MNC;LAC;CID;PSC;Power
653;Молодежная 3;md;1418279859715;2G;EDGE;1;250;1;660;41852;-1;-79
654;Молодежная 4;md;1418279873192;2G;EDGE;1;250;1;660;41852;-1;-79
2101;Кунцевская (АПК) 1;md;1418280172249;3G;UMTS;1;250;1;821;510624;-1;-81
2102;Кунцевская (АПК) 2;md;1418280185187;3G;UMTS;1;250;1;821;510624;-1;-89
2103;Кунцевская (АПК) 3;md;1418280210886;3G;UMTS;1;250;1;821;501359;-1;-101
2104;Кунцевская (АПК) 4;md;1418280226065;3G;UMTS;1;250;1;821;491219;-1;-75
2161;Славянский бульвар 1;md;1418280332960;unknown;unknown;1;-1;-1;-1;-1;-1;-1
2162;Славянский бульвар 2;md;1418280346808;2G;EDGE;1;250;1;660;11971;-1;-87
2163;Славянский бульвар 3;md;1418280376526;2G;EDGE;1;250;1;660;11971;-1;-81
2164;Славянский бульвар 4;md;1418280390293;2G;EDGE;1;250;1;660;11971;-1;-87
1651;Парк Победы (АПК) 1;md;1418280556150;unknown;unknown;1;-1;-1;-1;-1;-1;-1
1652;Парк Победы (АПК) 2;md;1418280591387;unknown;unknown;1;-1;-1;-1;-1;-1;-1
1653;Парк Победы (АПК) 3;md;1418280594973;unknown;unknown;1;-1;-1;-1;-1;-1;-1
