ID;Name;User;TimeStamp;NetworkGen;NetworkType;Active;MCC;MNC;LAC;CID;PSC;Power
333;Горьковская 3;Stanislav;1427203334405;3G;HSPA;1;250;1;100;65569727;503;-87
333;Горьковская 3;Stanislav;1427203334405;3G;HSPA;250-1-100-65569727;-1;-1;-1;-1;503;-81
334;Горьковская 4;Stanislav;1427203345598;3G;HSPA;1;250;1;100;65569727;503;-71
334;Горьковская 4;Stanislav;1427203345598;3G;HSPA;250-1-100-65569727;-1;-1;-1;-1;503;-87
321;Невский проспект 1;Stanislav;1427203500674;unknown;unknown;1;250;2;7803;8321890;359;-61
322;Невский проспект 2;Stanislav;1427203516513;3G;HSPA;1;250;1;100;65539708;507;-83
323;Невский проспект 3;Stanislav;1427203550437;3G;HSPA;1;250;1;100;65539708;507;-79
323;Невский проспект 3;Stanislav;1427203550437;3G;HSPA;250-1-100-65539708;-1;-1;-1;-1;509;-101
323;Невский проспект 3;Stanislav;1427203550437;3G;HSPA;250-1-100-65539708;-1;-1;-1;-1;507;-83
323;Невский проспект 3;Stanislav;1427203550437;3G;HSPA;250-1-100-65539708;-1;-1;-1;-1;509;-103
323;Невский проспект 3;Stanislav;1427203550437;3G;HSPA;250-1-100-65539708;-1;-1;-1;-1;507;-81
323;Невский проспект 3;Stanislav;1427203550437;3G;HSPA;250-1-100-65539708;-1;-1;-1;-1;509;-101
324;Невский проспект 4;Stanislav;1427203561067;3G;HSPA;1;250;1;100;65539708;507;-75
324;Невский проспект 4;Stanislav;1427203561067;3G;HSPA;250-1-100-65539708;-1;-1;-1;-1;509;-95
324;Невский проспект 4;Stanislav;1427203561067;3G;HSPA;250-1-100-65539708;-1;-1;-1;-1;507;-83
324;Невский проспект 4;Stanislav;1427203561067;3G;HSPA;250-1-100-65539708;-1;-1;-1;-1;509;-103
324;Невский проспект 4;Stanislav;1427203561067;3G;HSPA;250-1-100-65539708;-1;-1;-1;-1;507;-83
324;Невский проспект 4;Stanislav;1427203561067;3G;HSPA;250-1-100-65539708;-1;-1;-1;-1;509;-99
311;Сенная площадь 1;Stanislav;1427203627313;unknown;unknown;1;250;99;14764;90358826;247;-51
312;Сенная площадь 2;Stanislav;1427203641482;3G;HSPA;1;250;1;100;65569908;503;-101
313;Сенная площадь 3;Stanislav;1427203674547;3G;HSPA;1;250;1;100;65569908;503;-89
313;Сенная площадь 3;Stanislav;1427203674547;3G;HSPA;250-1-100-65569908;-1;-1;-1;-1;503;-103
314;Сенная площадь 4;Stanislav;1427203685814;3G;HSPA;1;250;1;100;65569908;503;-89
314;Сенная площадь 4;Stanislav;1427203685814;3G;HSPA;250-1-100-65569908;-1;-1;-1;-1;503;-81
301;Технологический институт (син) 1;Stanislav;1427203774724;unknown;unknown;1;250;2;7803;8302310;389;-69
302;Технологический институт (син) 2;Stanislav;1427203791354;2G;EDGE;1;250;1;100;3611;-1;-57
302;Технологический институт (син) 2;Stanislav;1427203791354;2G;EDGE;250-1-100-3611;-1;-1;-1;-1;-1;-107
303;Технологический институт (син) 3;Stanislav;1427203825647;3G;HSPA;1;250;1;100;65539617;498;-83
303;Технологический институт (син) 3;Stanislav;1427203825647;3G;HSPA;250-1-100-65539617;-1;-1;-1;-1;498;-85
304;Технологический институт (син) 4;Stanislav;1427203838251;3G;HSPA;1;250;1;100;65539617;498;-91
304;Технологический институт (син) 4;Stanislav;1427203838251;3G;HSPA;250-1-100-65539617;-1;-1;-1;-1;498;-91
291;Фрунзенская 1;Stanislav;1427203918563;3G;HSPA;1;250;1;100;65540087;501;-61
291;Фрунзенская 1;Stanislav;1427203918563;3G;HSPA;250-1-100-65540087;-1;-1;-1;-1;501;-65
292;Фрунзенская 2;Stanislav;1427203933561;3G;HSPA;1;250;1;100;65540087;501;-81
292;Фрунзенская 2;Stanislav;1427203933561;3G;HSPA;250-1-100-65540087;-1;-1;-1;-1;501;-79
293;Фрунзенская 3;Stanislav;1427203954632;3G;HSPA;1;250;1;100;65540087;501;-77
293;Фрунзенская 3;Stanislav;1427203954632;3G;HSPA;250-1-100-65540087;-1;-1;-1;-1;501;-79
294;Фрунзенская 4;Stanislav;1427203966068;3G;HSPA;1;250;1;100;65540087;501;-73
294;Фрунзенская 4;Stanislav;1427203966068;3G;HSPA;250-1-100-65540087;-1;-1;-1;-1;501;-81
281;Московские ворота 1;Stanislav;1427204045870;unknown;unknown;1;250;2;7803;8321911;44;-77
282;Московские ворота 2;Stanislav;1427204060410;unknown;unknown;1;250;2;7803;8321911;44;-75
283;Московские ворота 3;Stanislav;1427204085485;3G;HSPA;1;250;1;100;65540097;505;-81
283;Московские ворота 3;Stanislav;1427204085485;3G;HSPA;250-1-100-65540097;-1;-1;-1;-1;505;-75
284;Московские ворота 4;Stanislav;1427204096600;3G;HSPA;1;250;1;100;65540097;505;-89
284;Московские ворота 4;Stanislav;1427204096600;3G;HSPA;250-1-100-65540097;-1;-1;-1;-1;505;-89
271;Электросила 1;Stanislav;1427204184950;3G;HSPA;1;250;1;100;65540107;502;-91
272;Электросила 2;Stanislav;1427204201009;3G;HSPA;1;250;1;100;65570107;502;-73
272;Электросила 2;Stanislav;1427204201009;3G;HSPA;250-1-100-65570107;-1;-1;-1;-1;502;-65
273;Электросила 3;Stanislav;1427204221764;3G;HSPA;1;250;1;100;65570107;502;-69
273;Электросила 3;Stanislav;1427204221764;3G;HSPA;250-1-100-65570107;-1;-1;-1;-1;502;-77
274;Электросила 4;Stanislav;1427204231169;3G;HSPA;1;250;1;100;65570107;502;-77
274;Электросила 4;Stanislav;1427204231169;3G;HSPA;250-1-100-65570107;-1;-1;-1;-1;502;-73
261;Парк Победы 1;Stanislav;1427204316389;unknown;unknown;1;-1;-1;-1;-1;-1;-1
262;Парк Победы 2;Stanislav;1427204334966;unknown;unknown;1;250;2;7803;8322239;30;-81
263;Парк Победы 3;Stanislav;1427204363561;3G;HSPA;1;250;1;100;65540117;503;-83
263;Парк Победы 3;Stanislav;1427204363561;3G;HSPA;250-1-100-65540117;-1;-1;-1;-1;503;-75
264;Парк Победы 4;Stanislav;1427204374563;3G;HSPA;1;250;1;100;65540117;503;-67
264;Парк Победы 4;Stanislav;1427204374563;3G;HSPA;250-1-100-65540117;-1;-1;-1;-1;503;-71
251;Московская 1;Stanislav;1427204499225;unknown;unknown;1;250;2;7803;8317840;21;-73
252;Московская 2;Stanislav;1427204517898;unknown;unknown;1;250;2;7803;8317840;21;-73
253;Московская 3;Stanislav;1427204549984;unknown;unknown;1;250;2;7803;8317840;21;-59
254;Московская 4;Stanislav;1427204562393;3G;HSPA;1;250;1;100;65570127;-1;-103
254;Московская 4;Stanislav;1427204562393;3G;HSPA;250-1-100-65570127;-1;-1;-1;-1;-1;-95
241;Звёздная 1;Stanislav;1427204721458;unknown;unknown;1;250;2;7803;8317837;4;-65
241;Звёздная 1;Stanislav;1427204721458;unknown;unknown;250-2-7803-8317837;-1;-1;2147483647;2147483647;3;-81
242;Звёздная 2;Stanislav;1427204745645;3G;HSPA;1;250;1;100;65539797;500;-93
243;Звёздная 3;Stanislav;1427204770448;3G;HSPA;1;250;1;100;65539797;500;-79
244;Звёздная 4;Stanislav;1427204782084;3G;HSPA;1;250;1;100;65539797;500;-79
231;Купчино 1;Stanislav;1427204899330;unknown;unknown;1;250;2;7803;8290939;17;-63
231;Купчино 1;Stanislav;1427204899330;unknown;unknown;250-2-7803-8290939;-1;-1;2147483647;2147483647;17;-63
231;Купчино 1;Stanislav;1427204899330;unknown;unknown;250-2-7803-8290939;-1;-1;2147483647;2147483647;353;-71
231;Купчино 1;Stanislav;1427204899330;unknown;unknown;250-2-7803-8290939;-1;-1;2147483647;2147483647;17;-69
231;Купчино 1;Stanislav;1427204899330;unknown;unknown;250-2-7803-8290939;-1;-1;2147483647;2147483647;353;-73
231;Купчино 1;Stanislav;1427204899330;unknown;unknown;250-2-7803-8290939;-1;-1;2147483647;2147483647;-1;-51
231;Купчино 1;Stanislav;1427204899330;unknown;unknown;250-2-7803-8290939;-1;-1;2147483647;2147483647;-1;-55
231;Купчино 1;Stanislav;1427204899330;unknown;unknown;250-2-7803-8290939;-1;-1;2147483647;2147483647;-1;-87
232;Купчино 2;Stanislav;1427204913177;unknown;unknown;1;250;2;7809;7383273;353;-69
232;Купчино 2;Stanislav;1427204913177;unknown;unknown;250-2-7809-7383273;-1;-1;2147483647;2147483647;198;-79
