ID;Name;User;TimeStamp;NetworkGen;NetworkType;Active;MCC;MNC;LAC;CID;PSC;Power
1513;Чкаловская 3;Anna;1435915582141;2G;EDGE;1;250;2;7763;160;-1;-69
1514;Чкаловская 4;Anna;1435915595241;2G;EDGE;1;250;2;7763;160;-1;-79
2191;Сретенский бульвар 1;Anna;1435915704807;2G;EDGE;1;250;2;7763;640;-1;-51
2191;Сретенский бульвар 1;Anna;1435915704807;2G;EDGE;250-2-7763-640;250;2;7763;640;-1;-99
2192;Сретенский бульвар 2;Anna;1435915722277;2G;EDGE;1;250;2;7763;640;-1;-61
2192;Сретенский бульвар 2;Anna;1435915722277;2G;EDGE;250-2-7763-640;250;2;7763;640;-1;-99
2193;Сретенский бульвар 3;Anna;1435915843896;2G;EDGE;1;250;2;7763;640;-1;-51
2193;Сретенский бульвар 3;Anna;1435915843896;2G;EDGE;250-2-7763-640;250;2;7763;160;-1;-103
2194;Сретенский бульвар 4;Anna;1435915857304;2G;EDGE;1;250;2;7763;640;-1;-51
2194;Сретенский бульвар 4;Anna;1435915857304;2G;EDGE;250-2-7763-640;250;2;7763;160;-1;-89
1511;Чкаловская 1;Anna;1435915965085;2G;EDGE;1;250;2;7763;160;-1;-71
1511;Чкаловская 1;Anna;1435915965085;2G;EDGE;250-2-7763-160;-1;-1;-1;-1;-1;-109
1512;Чкаловская 2;Anna;1435915981404;2G;EDGE;1;250;2;7763;160;-1;-71
1512;Чкаловская 2;Anna;1435915981404;2G;EDGE;250-2-7763-160;-1;-1;-1;-1;-1;-109
