ID;Name;User;TimeStamp;Temperature;Humidity;Noise;CO;C4H10;CH4;session_id
;ServiceLog;Anna;1435915456597;No data;;;;;;524566994
;ServiceLog;Anna;1435915457737;No data;;;;;;524566994
;ServiceLog;Anna;1435915458746;No data;;;;;;524566994
;ServiceLog;Anna;1435915459817;No data;;;;;;524566994
;ServiceLog;Anna;1435915460828;No data;;;;;;524566994
;ServiceLog;Anna;1435915461921;No data;;;;;;524566994
;ServiceLog;Anna;1435915462953;No data;;;;;;524566994
;ServiceLog;Anna;1435915464137;No data;;;;;;524566994
;ServiceLog;Anna;1435915465148;No data;;;;;;524566994
;ServiceLog;Anna;1435915466177;No data;;;;;;524566994
;ServiceLog;Anna;1435915467189;No data;;;;;;524566994
;ServiceLog;Anna;1435915468261;No data;;;;;;524566994
;ServiceLog;Anna;1435915469273;No data;;;;;;524566994
;ServiceLog;Anna;1435915470349;No data;;;;;;524566994
;ServiceLog;Anna;1435915471358;No data;;;;;;524566994
;ServiceLog;Anna;1435915472645;No data;;;;;;524566994
;ServiceLog;Anna;1435915473655;No data;;;;;;524566994
;ServiceLog;Anna;1435915474734;No data;;;;;;524566994
;ServiceLog;Anna;1435915475750;No data;;;;;;524566994
;ServiceLog;Anna;1435915476801;No data;;;;;;524566994
;ServiceLog;Anna;1435915477812;No data;;;;;;524566994
;ServiceLog;Anna;1435915478888;No data;;;;;;524566994
;ServiceLog;Anna;1435915479915;No data;;;;;;524566994
;ServiceLog;Anna;1435915481111;No data;;;;;;524566994
;ServiceLog;Anna;1435915482182;No data;;;;;;524566994
;ServiceLog;Anna;1435915483454;No data;;;;;;524566994
;ServiceLog;Anna;1435915484479;No data;;;;;;524566994
;ServiceLog;Anna;1435915485510;No data;;;;;;524566994
;ServiceLog;Anna;1435915486549;No data;;;;;;524566994
;ServiceLog;Anna;1435915487787;No data;;;;;;524566994
;ServiceLog;Anna;1435915488806;No data;;;;;;524566994
;ServiceLog;Anna;1435915489833;No data;;;;;;524566994
;ServiceLog;Anna;1435915490853;No data;;;;;;524566994
;ServiceLog;Anna;1435915492000;No data;;;;;;524566994
;ServiceLog;Anna;1435915493020;No data;;;;;;524566994
;ServiceLog;Anna;1435915494090;No data;;;;;;524566994
;ServiceLog;Anna;1435915495100;No data;;;;;;524566994
;ServiceLog;Anna;1435915496137;No data;;;;;;524566994
;ServiceLog;Anna;1435915497147;No data;;;;;;524566994
;ServiceLog;Anna;1435915498278;No data;;;;;;524566994
;ServiceLog;Anna;1435915499321;No data;;;;;;524566994
;ServiceLog;Anna;1435915500391;No data;;;;;;524566994
;ServiceLog;Anna;1435915501401;No data;;;;;;524566994
;ServiceLog;Anna;1435915502484;No data;;;;;;524566994
;ServiceLog;Anna;1435915503500;No data;;;;;;524566994
;ServiceLog;Anna;1435915504573;No data;;;;;;524566994
;ServiceLog;Anna;1435915505582;No data;;;;;;524566994
;ServiceLog;Anna;1435915506662;No data;;;;;;524566994
;ServiceLog;Anna;1435915507763;No data;;;;;;524566994
;ServiceLog;Anna;1435915508797;No data;;;;;;524566994
;ServiceLog;Anna;1435915509821;No data;;;;;;524566994
;ServiceLog;Anna;1435915510896;No data;;;;;;524566994
;ServiceLog;Anna;1435915511908;No data;;;;;;524566994
;ServiceLog;Anna;1435915513004;No data;;;;;;524566994
;ServiceLog;Anna;1435915514021;No data;;;;;;524566994
;ServiceLog;Anna;1435915515169;No data;;;;;;524566994
;ServiceLog;Anna;1435915516250;No data;;;;;;524566994
;ServiceLog;Anna;1435915517303;No data;;;;;;524566994
;ServiceLog;Anna;1435915518326;No data;;;;;;524566994
;ServiceLog;Anna;1435915519407;No data;;;;;;524566994
;ServiceLog;Anna;1435915520418;No data;;;;;;524566994
;ServiceLog;Anna;1435915521489;No data;;;;;;524566994
;ServiceLog;Anna;1435915522498;No data;;;;;;524566994
;ServiceLog;Anna;1435915523572;No data;;;;;;524566994
;ServiceLog;Anna;1435915524583;No data;;;;;;524566994
;ServiceLog;Anna;1435915525666;No data;;;;;;524566994
;ServiceLog;Anna;1435915526675;No data;;;;;;524566994
;ServiceLog;Anna;1435915527756;No data;;;;;;524566994
;ServiceLog;Anna;1435915528766;No data;;;;;;524566994
;ServiceLog;Anna;1435915529841;No data;;;;;;524566994
;ServiceLog;Anna;1435915530854;No data;;;;;;524566994
;ServiceLog;Anna;1435915531936;No data;;;;;;524566994
;ServiceLog;Anna;1435915532954;No data;;;;;;524566994
;ServiceLog;Anna;1435915533980;No data;;;;;;524566994
;ServiceLog;Anna;1435915534989;No data;;;;;;524566994
;ServiceLog;Anna;1435915536070;No data;;;;;;524566994
;ServiceLog;Anna;1435915537089;No data;;;;;;524566994
;ServiceLog;Anna;1435915538118;No data;;;;;;524566994
;ServiceLog;Anna;1435915539127;No data;;;;;;524566994
;ServiceLog;Anna;1435915540204;No data;;;;;;524566994
;ServiceLog;Anna;1435915541213;No data;;;;;;524566994
;ServiceLog;Anna;1435915542255;No data;;;;;;524566994
;ServiceLog;Anna;1435915543277;No data;;;;;;524566994
;ServiceLog;Anna;1435915544360;No data;;;;;;524566994
;ServiceLog;Anna;1435915545372;No data;;;;;;524566994
;ServiceLog;Anna;1435915546454;No data;;;;;;524566994
;ServiceLog;Anna;1435915547467;No data;;;;;;524566994
;ServiceLog;Anna;1435915548576;No data;;;;;;524566994
;ServiceLog;Anna;1435915549587;No data;;;;;;524566994
;ServiceLog;Anna;1435915550664;No data;;;;;;524566994
;ServiceLog;Anna;1435915551689;No data;;;;;;524566994
;ServiceLog;Anna;1435915552762;No data;;;;;;524566994
;ServiceLog;Anna;1435915553777;No data;;;;;;524566994
;ServiceLog;Anna;1435915554805;No data;;;;;;524566994
;ServiceLog;Anna;1435915555816;No data;;;;;;524566994
;ServiceLog;Anna;1435915556893;No data;;;;;;524566994
;ServiceLog;Anna;1435915557902;No data;;;;;;524566994
;ServiceLog;Anna;1435915559002;No data;;;;;;524566994
;ServiceLog;Anna;1435915560014;No data;;;;;;524566994
;ServiceLog;Anna;1435915561092;No data;;;;;;524566994
;ServiceLog;Anna;1435915562103;No data;;;;;;524566994
;ServiceLog;Anna;1435915563191;No data;;;;;;524566994
;ServiceLog;Anna;1435915564214;No data;;;;;;524566994
;ServiceLog;Anna;1435915565295;No data;;;;;;524566994
;ServiceLog;Anna;1435915566305;No data;;;;;;524566994
;ServiceLog;Anna;1435915567334;No data;;;;;;524566994
;ServiceLog;Anna;1435915568344;No data;;;;;;524566994
;ServiceLog;Anna;1435915569432;No data;;;;;;524566994
;ServiceLog;Anna;1435915570441;No data;;;;;;524566994
;ServiceLog;Anna;1435915571469;No data;;;;;;524566994
;ServiceLog;Anna;1435915572480;No data;;;;;;524566994
;ServiceLog;Anna;1435915573564;No data;;;;;;524566994
;ServiceLog;Anna;1435915574574;No data;;;;;;524566994
;ServiceLog;Anna;1435915575659;No data;;;;;;524566994
;ServiceLog;Anna;1435915576672;No data;;;;;;524566994
;ServiceLog;Anna;1435915577751;No data;;;;;;524566994
;ServiceLog;Anna;1435915578760;No data;;;;;;524566994
;ServiceLog;Anna;1435915579830;No data;;;;;;524566994
;ServiceLog;Anna;1435915580839;No data;;;;;;524566994
;ServiceLog;Anna;1435915581869;No data;;;;;;524566994
;ServiceLog;Anna;1435915582885;No data;;;;;;524566994
;ServiceLog;Anna;1435915583963;No data;;;;;;524566994
;ServiceLog;Anna;1435915584972;No data;;;;;;524566994
;ServiceLog;Anna;1435915586056;No data;;;;;;524566994
;ServiceLog;Anna;1435915587066;No data;;;;;;524566994
;ServiceLog;Anna;1435915588100;No data;;;;;;524566994
;ServiceLog;Anna;1435915589109;No data;;;;;;524566994
;ServiceLog;Anna;1435915590178;No data;;;;;;524566994
;ServiceLog;Anna;1435915591192;No data;;;;;;524566994
;ServiceLog;Anna;1435915592274;No data;;;;;;524566994
;ServiceLog;Anna;1435915593294;No data;;;;;;524566994
;ServiceLog;Anna;1435915594376;No data;;;;;;524566994
;ServiceLog;Anna;1435915595386;No data;;;;;;524566994
;ServiceLog;Anna;1435915596469;No data;;;;;;524566994
;ServiceLog;Anna;1435915597479;No data;;;;;;524566994
;ServiceLog;Anna;1435915598563;No data;;;;;;524566994
;ServiceLog;Anna;1435915599574;No data;;;;;;524566994
;ServiceLog;Anna;1435915600651;No data;;;;;;524566994
;ServiceLog;Anna;1435915601664;No data;;;;;;524566994
;ServiceLog;Anna;1435915602743;No data;;;;;;524566994
;ServiceLog;Anna;1435915603752;No data;;;;;;524566994
;ServiceLog;Anna;1435915604834;No data;;;;;;524566994
;ServiceLog;Anna;1435915605843;No data;;;;;;524566994
;ServiceLog;Anna;1435915606925;No data;;;;;;524566994
;ServiceLog;Anna;1435915607941;No data;;;;;;524566994
;ServiceLog;Anna;1435915608975;No data;;;;;;524566994
;ServiceLog;Anna;1435915609996;No data;;;;;;524566994
;ServiceLog;Anna;1435915611072;No data;;;;;;524566994
;ServiceLog;Anna;1435915612081;No data;;;;;;524566994
;ServiceLog;Anna;1435915613157;No data;;;;;;524566994
;ServiceLog;Anna;1435915614166;No data;;;;;;524566994
;ServiceLog;Anna;1435915615242;No data;;;;;;524566994
;ServiceLog;Anna;1435915616251;No data;;;;;;524566994
;ServiceLog;Anna;1435915617330;No data;;;;;;524566994
;ServiceLog;Anna;1435915618352;No data;;;;;;524566994
;ServiceLog;Anna;1435915619443;No data;;;;;;524566994
;ServiceLog;Anna;1435915620455;No data;;;;;;524566994
;ServiceLog;Anna;1435915621536;No data;;;;;;524566994
;ServiceLog;Anna;1435915622545;No data;;;;;;524566994
;ServiceLog;Anna;1435915623636;No data;;;;;;524566994
;ServiceLog;Anna;1435915624645;No data;;;;;;524566994
;ServiceLog;Anna;1435915625731;No data;;;;;;524566994
;ServiceLog;Anna;1435915626742;No data;;;;;;524566994
;ServiceLog;Anna;1435915627784;No data;;;;;;524566994
;ServiceLog;Anna;1435915628812;No data;;;;;;524566994
;ServiceLog;Anna;1435915629892;No data;;;;;;524566994
;ServiceLog;Anna;1435915630901;No data;;;;;;524566994
;ServiceLog;Anna;1435915631971;No data;;;;;;524566994
;ServiceLog;Anna;1435915632982;No data;;;;;;524566994
;ServiceLog;Anna;1435915634067;No data;;;;;;524566994
;ServiceLog;Anna;1435915635088;No data;;;;;;524566994
;ServiceLog;Anna;1435915636158;No data;;;;;;524566994
;ServiceLog;Anna;1435915637168;No data;;;;;;524566994
;ServiceLog;Anna;1435915638223;No data;;;;;;524566994
;ServiceLog;Anna;1435915639232;No data;;;;;;524566994
;ServiceLog;Anna;1435915640315;No data;;;;;;524566994
;ServiceLog;Anna;1435915641324;No data;;;;;;524566994
;ServiceLog;Anna;1435915642400;No data;;;;;;524566994
;ServiceLog;Anna;1435915643424;No data;;;;;;524566994
;ServiceLog;Anna;1435915644460;No data;;;;;;524566994
;ServiceLog;Anna;1435915645472;No data;;;;;;524566994
;ServiceLog;Anna;1435915646543;No data;;;;;;524566994
;ServiceLog;Anna;1435915647554;No data;;;;;;524566994
;ServiceLog;Anna;1435915648639;No data;;;;;;524566994
;ServiceLog;Anna;1435915649651;No data;;;;;;524566994
;ServiceLog;Anna;1435915650738;No data;;;;;;524566994
;ServiceLog;Anna;1435915651751;No data;;;;;;524566994
;ServiceLog;Anna;1435915652820;No data;;;;;;524566994
;ServiceLog;Anna;1435915653837;No data;;;;;;524566994
;ServiceLog;Anna;1435915655025;No data;;;;;;524566994
;ServiceLog;Anna;1435915656039;No data;;;;;;524566994
;ServiceLog;Anna;1435915657069;No data;;;;;;524566994
;ServiceLog;Anna;1435915658089;No data;;;;;;524566994
;ServiceLog;Anna;1435915659159;No data;;;;;;524566994
;ServiceLog;Anna;1435915660169;No data;;;;;;524566994
;ServiceLog;Anna;1435915661198;No data;;;;;;524566994
;ServiceLog;Anna;1435915662220;No data;;;;;;524566994
;ServiceLog;Anna;1435915663303;No data;;;;;;524566994
;ServiceLog;Anna;1435915664316;No data;;;;;;524566994
;ServiceLog;Anna;1435915665396;No data;;;;;;524566994
;ServiceLog;Anna;1435915666406;No data;;;;;;524566994
;ServiceLog;Anna;1435915667483;No data;;;;;;524566994
;ServiceLog;Anna;1435915668493;No data;;;;;;524566994
;ServiceLog;Anna;1435915669576;No data;;;;;;524566994
;ServiceLog;Anna;1435915670591;No data;;;;;;524566994
;ServiceLog;Anna;1435915671624;No data;;;;;;524566994
;ServiceLog;Anna;1435915672636;No data;;;;;;524566994
;ServiceLog;Anna;1435915673723;No data;;;;;;524566994
;ServiceLog;Anna;1435915674737;No data;;;;;;524566994
;ServiceLog;Anna;1435915675812;No data;;;;;;524566994
;ServiceLog;Anna;1435915676824;No data;;;;;;524566994
;ServiceLog;Anna;1435915677910;No data;;;;;;524566994
;ServiceLog;Anna;1435915678920;No data;;;;;;524566994
;ServiceLog;Anna;1435915679993;No data;;;;;;524566994
;ServiceLog;Anna;1435915681004;No data;;;;;;524566994
;ServiceLog;Anna;1435915682097;No data;;;;;;524566994
;ServiceLog;Anna;1435915683128;No data;;;;;;524566994
;ServiceLog;Anna;1435915684204;No data;;;;;;524566994
;ServiceLog;Anna;1435915685216;No data;;;;;;524566994
;ServiceLog;Anna;1435915686295;No data;;;;;;524566994
;ServiceLog;Anna;1435915687305;No data;;;;;;524566994
;ServiceLog;Anna;1435915688387;No data;;;;;;524566994
;ServiceLog;Anna;1435915689406;No data;;;;;;524566994
;ServiceLog;Anna;1435915690486;No data;;;;;;524566994
;ServiceLog;Anna;1435915691496;No data;;;;;;524566994
;ServiceLog;Anna;1435915692574;No data;;;;;;524566994
;ServiceLog;Anna;1435915693637;No data;;;;;;524566994
;ServiceLog;Anna;1435915694718;No data;;;;;;524566994
;ServiceLog;Anna;1435915695730;No data;;;;;;524566994
;ServiceLog;Anna;1435915696801;No data;;;;;;524566994
;ServiceLog;Anna;1435915697824;No data;;;;;;524566994
;ServiceLog;Anna;1435915698915;No data;;;;;;524566994
;ServiceLog;Anna;1435915699929;No data;;;;;;524566994
;ServiceLog;Anna;1435915701011;No data;;;;;;524566994
;ServiceLog;Anna;1435915702021;No data;;;;;;524566994
;ServiceLog;Anna;1435915703089;No data;;;;;;524566994
;ServiceLog;Anna;1435915704101;No data;;;;;;524566994
;ServiceLog;Anna;1435915705173;No data;;;;;;524566994
;ServiceLog;Anna;1435915706185;No data;;;;;;524566994
;ServiceLog;Anna;1435915707262;No data;;;;;;524566994
;ServiceLog;Anna;1435915708274;No data;;;;;;524566994
;ServiceLog;Anna;1435915709368;No data;;;;;;524566994
;ServiceLog;Anna;1435915710381;No data;;;;;;524566994
;ServiceLog;Anna;1435915711448;No data;;;;;;524566994
;ServiceLog;Anna;1435915712468;No data;;;;;;524566994
;ServiceLog;Anna;1435915713540;No data;;;;;;524566994
;ServiceLog;Anna;1435915714557;No data;;;;;;524566994
;ServiceLog;Anna;1435915715639;No data;;;;;;524566994
;ServiceLog;Anna;1435915716649;No data;;;;;;524566994
;ServiceLog;Anna;1435915717719;No data;;;;;;524566994
;ServiceLog;Anna;1435915718730;No data;;;;;;524566994
;ServiceLog;Anna;1435915719800;No data;;;;;;524566994
;ServiceLog;Anna;1435915720811;No data;;;;;;524566994
;ServiceLog;Anna;1435915721881;No data;;;;;;524566994
;ServiceLog;Anna;1435915722898;No data;;;;;;524566994
;ServiceLog;Anna;1435915723977;No data;;;;;;524566994
;ServiceLog;Anna;1435915725005;No data;;;;;;524566994
;ServiceLog;Anna;1435915726084;No data;;;;;;524566994
;ServiceLog;Anna;1435915727097;No data;;;;;;524566994
;ServiceLog;Anna;1435915728133;No data;;;;;;524566994
;ServiceLog;Anna;1435915729145;No data;;;;;;524566994
;ServiceLog;Anna;1435915730229;No data;;;;;;524566994
;ServiceLog;Anna;1435915731240;No data;;;;;;524566994
;ServiceLog;Anna;1435915732314;No data;;;;;;524566994
;ServiceLog;Anna;1435915733324;No data;;;;;;524566994
;ServiceLog;Anna;1435915734362;No data;;;;;;524566994
;ServiceLog;Anna;1435915735376;No data;;;;;;524566994
;ServiceLog;Anna;1435915736451;No data;;;;;;524566994
;ServiceLog;Anna;1435915737460;No data;;;;;;524566994
;ServiceLog;Anna;1435915738534;No data;;;;;;524566994
;ServiceLog;Anna;1435915739554;No data;;;;;;524566994
;ServiceLog;Anna;1435915740631;No data;;;;;;524566994
;ServiceLog;Anna;1435915741654;No data;;;;;;524566994
;ServiceLog;Anna;1435915742731;No data;;;;;;524566994
;ServiceLog;Anna;1435915743748;No data;;;;;;524566994
;ServiceLog;Anna;1435915744830;No data;;;;;;524566994
;ServiceLog;Anna;1435915745840;No data;;;;;;524566994
;ServiceLog;Anna;1435915746878;No data;;;;;;524566994
;ServiceLog;Anna;1435915747888;No data;;;;;;524566994
;ServiceLog;Anna;1435915748962;No data;;;;;;524566994
;ServiceLog;Anna;1435915750192;No data;;;;;;524566994
;ServiceLog;Anna;1435915751272;No data;;;;;;524566994
;ServiceLog;Anna;1435915752284;No data;;;;;;524566994
;ServiceLog;Anna;1435915753361;No data;;;;;;524566994
;ServiceLog;Anna;1435915754371;No data;;;;;;524566994
;ServiceLog;Anna;1435915755404;No data;;;;;;524566994
;ServiceLog;Anna;1435915756414;No data;;;;;;524566994
;ServiceLog;Anna;1435915757503;No data;;;;;;524566994
;ServiceLog;Anna;1435915758516;No data;;;;;;524566994
;ServiceLog;Anna;1435915759604;No data;;;;;;524566994
;ServiceLog;Anna;1435915760617;No data;;;;;;524566994
;ServiceLog;Anna;1435915761688;No data;;;;;;524566994
;ServiceLog;Anna;1435915762697;No data;;;;;;524566994
;ServiceLog;Anna;1435915763774;No data;;;;;;524566994
;ServiceLog;Anna;1435915764793;No data;;;;;;524566994
;ServiceLog;Anna;1435915765870;No data;;;;;;524566994
;ServiceLog;Anna;1435915766879;No data;;;;;;524566994
;ServiceLog;Anna;1435915767907;No data;;;;;;524566994
;ServiceLog;Anna;1435915768917;No data;;;;;;524566994
;ServiceLog;Anna;1435915770017;No data;;;;;;524566994
;ServiceLog;Anna;1435915771028;No data;;;;;;524566994
;ServiceLog;Anna;1435915772108;No data;;;;;;524566994
;ServiceLog;Anna;1435915773117;No data;;;;;;524566994
;ServiceLog;Anna;1435915774144;No data;;;;;;524566994
;ServiceLog;Anna;1435915775160;No data;;;;;;524566994
;ServiceLog;Anna;1435915776238;No data;;;;;;524566994
;ServiceLog;Anna;1435915777249;No data;;;;;;524566994
;ServiceLog;Anna;1435915778325;No data;;;;;;524566994
;ServiceLog;Anna;1435915779335;No data;;;;;;524566994
;ServiceLog;Anna;1435915780383;No data;;;;;;524566994
;ServiceLog;Anna;1435915781398;No data;;;;;;524566994
;ServiceLog;Anna;1435915782474;No data;;;;;;524566994
;ServiceLog;Anna;1435915783486;No data;;;;;;524566994
;ServiceLog;Anna;1435915784513;No data;;;;;;524566994
;ServiceLog;Anna;1435915785528;No data;;;;;;524566994
;ServiceLog;Anna;1435915786607;No data;;;;;;524566994
;ServiceLog;Anna;1435915787622;No data;;;;;;524566994
;ServiceLog;Anna;1435915788715;No data;;;;;;524566994
;ServiceLog;Anna;1435915789742;No data;;;;;;524566994
;ServiceLog;Anna;1435915790780;No data;;;;;;524566994
;ServiceLog;Anna;1435915791795;No data;;;;;;524566994
;ServiceLog;Anna;1435915792878;No data;;;;;;524566994
;ServiceLog;Anna;1435915793888;No data;;;;;;524566994
;ServiceLog;Anna;1435915794969;No data;;;;;;524566994
;ServiceLog;Anna;1435915795982;No data;;;;;;524566994
;ServiceLog;Anna;1435915797067;No data;;;;;;524566994
;ServiceLog;Anna;1435915798080;No data;;;;;;524566994
;ServiceLog;Anna;1435915799164;No data;;;;;;524566994
;ServiceLog;Anna;1435915800177;No data;;;;;;524566994
;ServiceLog;Anna;1435915801253;No data;;;;;;524566994
;ServiceLog;Anna;1435915802270;No data;;;;;;524566994
;ServiceLog;Anna;1435915803310;No data;;;;;;524566994
;ServiceLog;Anna;1435915804323;No data;;;;;;524566994
;ServiceLog;Anna;1435915805403;No data;;;;;;524566994
;ServiceLog;Anna;1435915806416;No data;;;;;;524566994
;ServiceLog;Anna;1435915807510;No data;;;;;;524566994
;ServiceLog;Anna;1435915808520;No data;;;;;;524566994
;ServiceLog;Anna;1435915809609;No data;;;;;;524566994
;ServiceLog;Anna;1435915810628;No data;;;;;;524566994
;ServiceLog;Anna;1435915811710;No data;;;;;;524566994
;ServiceLog;Anna;1435915812723;No data;;;;;;524566994
;ServiceLog;Anna;1435915813804;No data;;;;;;524566994
;ServiceLog;Anna;1435915814821;No data;;;;;;524566994
;ServiceLog;Anna;1435915815892;No data;;;;;;524566994
;ServiceLog;Anna;1435915816906;No data;;;;;;524566994
;ServiceLog;Anna;1435915817984;No data;;;;;;524566994
;ServiceLog;Anna;1435915818994;No data;;;;;;524566994
;ServiceLog;Anna;1435915820080;No data;;;;;;524566994
;ServiceLog;Anna;1435915821093;No data;;;;;;524566994
;ServiceLog;Anna;1435915822130;No data;;;;;;524566994
;ServiceLog;Anna;1435915823142;No data;;;;;;524566994
;ServiceLog;Anna;1435915824169;No data;;;;;;524566994
;ServiceLog;Anna;1435915825180;No data;;;;;;524566994
;ServiceLog;Anna;1435915826268;No data;;;;;;524566994
;ServiceLog;Anna;1435915827282;No data;;;;;;524566994
;ServiceLog;Anna;1435915828314;No data;;;;;;524566994
;ServiceLog;Anna;1435915829327;No data;;;;;;524566994
;ServiceLog;Anna;1435915830405;No data;;;;;;524566994
;ServiceLog;Anna;1435915831416;No data;;;;;;524566994
;ServiceLog;Anna;1435915832493;No data;;;;;;524566994
;ServiceLog;Anna;1435915833504;No data;;;;;;524566994
;ServiceLog;Anna;1435915834580;No data;;;;;;524566994
;ServiceLog;Anna;1435915835609;No data;;;;;;524566994
;ServiceLog;Anna;1435915836682;No data;;;;;;524566994
;ServiceLog;Anna;1435915837694;No data;;;;;;524566994
;ServiceLog;Anna;1435915838776;No data;;;;;;524566994
;ServiceLog;Anna;1435915839786;No data;;;;;;524566994
;ServiceLog;Anna;1435915840877;No data;;;;;;524566994
;ServiceLog;Anna;1435915841894;No data;;;;;;524566994
;ServiceLog;Anna;1435915842975;No data;;;;;;524566994
;ServiceLog;Anna;1435915843985;No data;;;;;;524566994
;ServiceLog;Anna;1435915845063;No data;;;;;;524566994
;ServiceLog;Anna;1435915846074;No data;;;;;;524566994
;ServiceLog;Anna;1435915847151;No data;;;;;;524566994
;ServiceLog;Anna;1435915848163;No data;;;;;;524566994
;ServiceLog;Anna;1435915849257;No data;;;;;;524566994
;ServiceLog;Anna;1435915850273;No data;;;;;;524566994
;ServiceLog;Anna;1435915851358;No data;;;;;;524566994
;ServiceLog;Anna;1435915852367;No data;;;;;;524566994
;ServiceLog;Anna;1435915853441;No data;;;;;;524566994
;ServiceLog;Anna;1435915854472;No data;;;;;;524566994
;ServiceLog;Anna;1435915855551;No data;;;;;;524566994
;ServiceLog;Anna;1435915856569;No data;;;;;;524566994
;ServiceLog;Anna;1435915857643;No data;;;;;;524566994
;ServiceLog;Anna;1435915858653;No data;;;;;;524566994
;ServiceLog;Anna;1435915859736;No data;;;;;;524566994
;ServiceLog;Anna;1435915860751;No data;;;;;;524566994
;ServiceLog;Anna;1435915861826;No data;;;;;;524566994
;ServiceLog;Anna;1435915862836;No data;;;;;;524566994
;ServiceLog;Anna;1435915863911;No data;;;;;;524566994
;ServiceLog;Anna;1435915864921;No data;;;;;;524566994
;ServiceLog;Anna;1435915865937;No data;;;;;;524566994
;ServiceLog;Anna;1435915866958;No data;;;;;;524566994
;ServiceLog;Anna;1435915868033;No data;;;;;;524566994
;ServiceLog;Anna;1435915869043;No data;;;;;;524566994
;ServiceLog;Anna;1435915870130;No data;;;;;;524566994
;ServiceLog;Anna;1435915871148;No data;;;;;;524566994
;ServiceLog;Anna;1435915872223;No data;;;;;;524566994
;ServiceLog;Anna;1435915873239;No data;;;;;;524566994
;ServiceLog;Anna;1435915874280;No data;;;;;;524566994
;ServiceLog;Anna;1435915875290;No data;;;;;;524566994
;ServiceLog;Anna;1435915876362;No data;;;;;;524566994
;ServiceLog;Anna;1435915877375;No data;;;;;;524566994
;ServiceLog;Anna;1435915878453;No data;;;;;;524566994
;ServiceLog;Anna;1435915879479;No data;;;;;;524566994
;ServiceLog;Anna;1435915880510;No data;;;;;;524566994
;ServiceLog;Anna;1435915881521;No data;;;;;;524566994
;ServiceLog;Anna;1435915882596;No data;;;;;;524566994
;ServiceLog;Anna;1435915883610;No data;;;;;;524566994
;ServiceLog;Anna;1435915884682;No data;;;;;;524566994
;ServiceLog;Anna;1435915885695;No data;;;;;;524566994
;ServiceLog;Anna;1435915886777;No data;;;;;;524566994
;ServiceLog;Anna;1435915887789;No data;;;;;;524566994
;ServiceLog;Anna;1435915888860;No data;;;;;;524566994
;ServiceLog;Anna;1435915889885;No data;;;;;;524566994
;ServiceLog;Anna;1435915890965;No data;;;;;;524566994
;ServiceLog;Anna;1435915891990;No data;;;;;;524566994
;ServiceLog;Anna;1435915893079;No data;;;;;;524566994
;ServiceLog;Anna;1435915894088;No data;;;;;;524566994
;ServiceLog;Anna;1435915895123;No data;;;;;;524566994
;ServiceLog;Anna;1435915896136;No data;;;;;;524566994
;ServiceLog;Anna;1435915897163;No data;;;;;;524566994
;ServiceLog;Anna;1435915898190;No data;;;;;;524566994
;ServiceLog;Anna;1435915899275;No data;;;;;;524566994
;ServiceLog;Anna;1435915900284;No data;;;;;;524566994
;ServiceLog;Anna;1435915901360;No data;;;;;;524566994
;ServiceLog;Anna;1435915902378;No data;;;;;;524566994
;ServiceLog;Anna;1435915903463;No data;;;;;;524566994
;ServiceLog;Anna;1435915904473;No data;;;;;;524566994
;ServiceLog;Anna;1435915905559;No data;;;;;;524566994
;ServiceLog;Anna;1435915906592;No data;;;;;;524566994
;ServiceLog;Anna;1435915907674;No data;;;;;;524566994
;ServiceLog;Anna;1435915908684;No data;;;;;;524566994
;ServiceLog;Anna;1435915909759;No data;;;;;;524566994
;ServiceLog;Anna;1435915910771;No data;;;;;;524566994
;ServiceLog;Anna;1435915911844;No data;;;;;;524566994
;ServiceLog;Anna;1435915912858;No data;;;;;;524566994
;ServiceLog;Anna;1435915913894;No data;;;;;;524566994
;ServiceLog;Anna;1435915914904;No data;;;;;;524566994
;ServiceLog;Anna;1435915915989;No data;;;;;;524566994
;ServiceLog;Anna;1435915917008;No data;;;;;;524566994
;ServiceLog;Anna;1435915918082;No data;;;;;;524566994
;ServiceLog;Anna;1435915919093;No data;;;;;;524566994
;ServiceLog;Anna;1435915920188;No data;;;;;;524566994
;ServiceLog;Anna;1435915921198;No data;;;;;;524566994
;ServiceLog;Anna;1435915922272;No data;;;;;;524566994
;ServiceLog;Anna;1435915923295;No data;;;;;;524566994
;ServiceLog;Anna;1435915924346;No data;;;;;;524566994
;ServiceLog;Anna;1435915925358;No data;;;;;;524566994
;ServiceLog;Anna;1435915926393;No data;;;;;;524566994
;ServiceLog;Anna;1435915927410;No data;;;;;;524566994
;ServiceLog;Anna;1435915928479;No data;;;;;;524566994
;ServiceLog;Anna;1435915929493;No data;;;;;;524566994
;ServiceLog;Anna;1435915930576;No data;;;;;;524566994
;ServiceLog;Anna;1435915931587;No data;;;;;;524566994
;ServiceLog;Anna;1435915932668;No data;;;;;;524566994
;ServiceLog;Anna;1435915933684;No data;;;;;;524566994
;ServiceLog;Anna;1435915934762;No data;;;;;;524566994
;ServiceLog;Anna;1435915935772;No data;;;;;;524566994
;ServiceLog;Anna;1435915936853;No data;;;;;;524566994
;ServiceLog;Anna;1435915937865;No data;;;;;;524566994
;ServiceLog;Anna;1435915938951;No data;;;;;;524566994
;ServiceLog;Anna;1435915939963;No data;;;;;;524566994
;ServiceLog;Anna;1435915941047;No data;;;;;;524566994
;ServiceLog;Anna;1435915942080;No data;;;;;;524566994
;ServiceLog;Anna;1435915943158;No data;;;;;;524566994
;ServiceLog;Anna;1435915944172;No data;;;;;;524566994
;ServiceLog;Anna;1435915945258;No data;;;;;;524566994
;ServiceLog;Anna;1435915946269;No data;;;;;;524566994
;ServiceLog;Anna;1435915947345;No data;;;;;;524566994
;ServiceLog;Anna;1435915948355;No data;;;;;;524566994
;ServiceLog;Anna;1435915949433;No data;;;;;;524566994
;ServiceLog;Anna;1435915950446;No data;;;;;;524566994
;ServiceLog;Anna;1435915951529;No data;;;;;;524566994
;ServiceLog;Anna;1435915952570;No data;;;;;;524566994
;ServiceLog;Anna;1435915953656;No data;;;;;;524566994
;ServiceLog;Anna;1435915954670;No data;;;;;;524566994
;ServiceLog;Anna;1435915955756;No data;;;;;;524566994
;ServiceLog;Anna;1435915956775;No data;;;;;;524566994
;ServiceLog;Anna;1435915957862;No data;;;;;;524566994
;ServiceLog;Anna;1435915958873;No data;;;;;;524566994
;ServiceLog;Anna;1435915959958;No data;;;;;;524566994
;ServiceLog;Anna;1435915960971;No data;;;;;;524566994
;ServiceLog;Anna;1435915962044;No data;;;;;;524566994
;ServiceLog;Anna;1435915963064;No data;;;;;;524566994
;ServiceLog;Anna;1435915964097;No data;;;;;;524566994
;ServiceLog;Anna;1435915965107;No data;;;;;;524566994
;ServiceLog;Anna;1435915966184;No data;;;;;;524566994
;ServiceLog;Anna;1435915967198;No data;;;;;;524566994
;ServiceLog;Anna;1435915968277;No data;;;;;;524566994
;ServiceLog;Anna;1435915969287;No data;;;;;;524566994
;ServiceLog;Anna;1435915970319;No data;;;;;;524566994
;ServiceLog;Anna;1435915971333;No data;;;;;;524566994
;ServiceLog;Anna;1435915972414;No data;;;;;;524566994
;ServiceLog;Anna;1435915973426;No data;;;;;;524566994
;ServiceLog;Anna;1435915974504;No data;;;;;;524566994
;ServiceLog;Anna;1435915975516;No data;;;;;;524566994
;ServiceLog;Anna;1435915976600;No data;;;;;;524566994
;ServiceLog;Anna;1435915977618;No data;;;;;;524566994
;ServiceLog;Anna;1435915978692;No data;;;;;;524566994
;ServiceLog;Anna;1435915979703;No data;;;;;;524566994
;ServiceLog;Anna;1435915980731;No data;;;;;;524566994
;ServiceLog;Anna;1435915981742;No data;;;;;;524566994
;ServiceLog;Anna;1435915982832;No data;;;;;;524566994
;ServiceLog;Anna;1435915983842;No data;;;;;;524566994
;ServiceLog;Anna;1435915984925;No data;;;;;;524566994
;ServiceLog;Anna;1435915985935;No data;;;;;;524566994
;ServiceLog;Anna;1435915986968;No data;;;;;;524566994
;ServiceLog;Anna;1435915987979;No data;;;;;;524566994
;ServiceLog;Anna;1435915989051;No data;;;;;;524566994
;ServiceLog;Anna;1435915990061;No data;;;;;;524566994
;ServiceLog;Anna;1435915991142;No data;;;;;;524566994
;ServiceLog;Anna;1435915992160;No data;;;;;;524566994
;ServiceLog;Anna;1435915993199;No data;;;;;;524566994
;ServiceLog;Anna;1435915994209;No data;;;;;;524566994
;ServiceLog;Anna;1435915995247;No data;;;;;;524566994
;ServiceLog;Anna;1435915996260;No data;;;;;;524566994
;ServiceLog;Anna;1435915997331;No data;;;;;;524566994
;ServiceLog;Anna;1435915998346;No data;;;;;;524566994
;ServiceLog;Anna;1435915999458;No data;;;;;;524566994
;ServiceLog;Anna;1435916000471;No data;;;;;;524566994
;ServiceLog;Anna;1435916001541;No data;;;;;;524566994
;ServiceLog;Anna;1435916002553;No data;;;;;;524566994
;ServiceLog;Anna;1435916003645;No data;;;;;;524566994
;ServiceLog;Anna;1435916004656;No data;;;;;;524566994
;ServiceLog;Anna;1435916005730;No data;;;;;;524566994
;ServiceLog;Anna;1435916006741;No data;;;;;;524566994
;ServiceLog;Anna;1435916007813;No data;;;;;;524566994
;ServiceLog;Anna;1435916008824;No data;;;;;;524566994
;ServiceLog;Anna;1435916009901;No data;;;;;;524566994
;ServiceLog;Anna;1435916010911;No data;;;;;;524566994
;ServiceLog;Anna;1435916011986;No data;;;;;;524566994
;ServiceLog;Anna;1435916013001;No data;;;;;;524566994
;ServiceLog;Anna;1435916014072;No data;;;;;;524566994
;ServiceLog;Anna;1435916015082;No data;;;;;;524566994
;ServiceLog;Anna;1435916016146;No data;;;;;;524566994
;ServiceLog;Anna;1435916017157;No data;;;;;;524566994
;ServiceLog;Anna;1435916018237;No data;;;;;;524566994
;ServiceLog;Anna;1435916019251;No data;;;;;;524566994
;ServiceLog;Anna;1435916020324;No data;;;;;;524566994
;ServiceLog;Anna;1435916021333;No data;;;;;;524566994
;ServiceLog;Anna;1435916022411;No data;;;;;;524566994
;ServiceLog;Anna;1435916023421;No data;;;;;;524566994
;ServiceLog;Anna;1435916024513;No data;;;;;;524566994
;ServiceLog;Anna;1435916025524;No data;;;;;;524566994
;ServiceLog;Anna;1435916026608;No data;;;;;;524566994
;ServiceLog;Anna;1435916027623;No data;;;;;;524566994
;ServiceLog;Anna;1435916028706;No data;;;;;;524566994
;ServiceLog;Anna;1435916029718;No data;;;;;;524566994
;ServiceLog;Anna;1435916030792;No data;;;;;;524566994
;ServiceLog;Anna;1435916031804;No data;;;;;;524566994
;ServiceLog;Anna;1435916032894;No data;;;;;;524566994
;ServiceLog;Anna;1435916033904;No data;;;;;;524566994
;ServiceLog;Anna;1435916034979;No data;;;;;;524566994
;ServiceLog;Anna;1435916035991;No data;;;;;;524566994
;ServiceLog;Anna;1435916037071;No data;;;;;;524566994
;ServiceLog;Anna;1435916038084;No data;;;;;;524566994
;ServiceLog;Anna;1435916039164;No data;;;;;;524566994
;ServiceLog;Anna;1435916040176;No data;;;;;;524566994
;ServiceLog;Anna;1435916041259;No data;;;;;;524566994
;ServiceLog;Anna;1435916042270;No data;;;;;;524566994
;ServiceLog;Anna;1435916043342;No data;;;;;;524566994
;ServiceLog;Anna;1435916044355;No data;;;;;;524566994
;ServiceLog;Anna;1435916045442;No data;;;;;;524566994
;ServiceLog;Anna;1435916046453;No data;;;;;;524566994
;ServiceLog;Anna;1435916047530;No data;;;;;;524566994
;ServiceLog;Anna;1435916048553;No data;;;;;;524566994
;ServiceLog;Anna;1435916049638;No data;;;;;;524566994
;ServiceLog;Anna;1435916050650;No data;;;;;;524566994
;ServiceLog;Anna;1435916051727;No data;;;;;;524566994
;ServiceLog;Anna;1435916052740;No data;;;;;;524566994
;ServiceLog;Anna;1435916053838;No data;;;;;;524566994
;ServiceLog;Anna;1435916054852;No data;;;;;;524566994
;ServiceLog;Anna;1435916055934;No data;;;;;;524566994
;ServiceLog;Anna;1435916056946;No data;;;;;;524566994
;ServiceLog;Anna;1435916058023;No data;;;;;;524566994
;ServiceLog;Anna;1435916059037;No data;;;;;;524566994
;ServiceLog;Anna;1435916060116;No data;;;;;;524566994
;ServiceLog;Anna;1435916061131;No data;;;;;;524566994
;ServiceLog;Anna;1435916062214;No data;;;;;;524566994
;ServiceLog;Anna;1435916063225;No data;;;;;;524566994
;ServiceLog;Anna;1435916064304;No data;;;;;;524566994
;ServiceLog;Anna;1435916065318;No data;;;;;;524566994
;ServiceLog;Anna;1435916066396;No data;;;;;;524566994
;ServiceLog;Anna;1435916067408;No data;;;;;;524566994
;ServiceLog;Anna;1435916068488;No data;;;;;;524566994
;ServiceLog;Anna;1435916069498;No data;;;;;;524566994
;ServiceLog;Anna;1435916070579;No data;;;;;;524566994
;ServiceLog;Anna;1435916071590;No data;;;;;;524566994
;ServiceLog;Anna;1435916072661;No data;;;;;;524566994
;ServiceLog;Anna;1435916073680;No data;;;;;;524566994
;ServiceLog;Anna;1435916074750;No data;;;;;;524566994
;ServiceLog;Anna;1435916075763;No data;;;;;;524566994
;ServiceLog;Anna;1435916076854;No data;;;;;;524566994
;ServiceLog;Anna;1435916077866;No data;;;;;;524566994
;ServiceLog;Anna;1435916078954;No data;;;;;;524566994
;ServiceLog;Anna;1435916079964;No data;;;;;;524566994
;ServiceLog;Anna;1435916081048;No data;;;;;;524566994
;ServiceLog;Anna;1435916082059;No data;;;;;;524566994
;ServiceLog;Anna;1435916083133;No data;;;;;;524566994
;ServiceLog;Anna;1435916084154;No data;;;;;;524566994
;ServiceLog;Anna;1435916085232;No data;;;;;;524566994
;ServiceLog;Anna;1435916086242;No data;;;;;;524566994
;ServiceLog;Anna;1435916087324;No data;;;;;;524566994
;ServiceLog;Anna;1435916088334;No data;;;;;;524566994
;ServiceLog;Anna;1435916089414;No data;;;;;;524566994
;ServiceLog;Anna;1435916090424;No data;;;;;;524566994
;ServiceLog;Anna;1435916091500;No data;;;;;;524566994
;ServiceLog;Anna;1435916092512;No data;;;;;;524566994
;ServiceLog;Anna;1435916093604;No data;;;;;;524566994
;ServiceLog;Anna;1435916094616;No data;;;;;;524566994
;ServiceLog;Anna;1435916095695;No data;;;;;;524566994
;ServiceLog;Anna;1435916096705;No data;;;;;;524566994
;ServiceLog;Anna;1435916097785;No data;;;;;;524566994
;ServiceLog;Anna;1435916098807;No data;;;;;;524566994
;ServiceLog;Anna;1435916099888;No data;;;;;;524566994
;ServiceLog;Anna;1435916100900;No data;;;;;;524566994
;ServiceLog;Anna;1435916101970;No data;;;;;;524566994
;ServiceLog;Anna;1435916102982;No data;;;;;;524566994
;ServiceLog;Anna;1435916104072;No data;;;;;;524566994
;ServiceLog;Anna;1435916105082;No data;;;;;;524566994
;ServiceLog;Anna;1435916106166;No data;;;;;;524566994
;ServiceLog;Anna;1435916107177;No data;;;;;;524566994
;ServiceLog;Anna;1435916108250;No data;;;;;;524566994
;ServiceLog;Anna;1435916109261;No data;;;;;;524566994
;ServiceLog;Anna;1435916110343;No data;;;;;;524566994
;ServiceLog;Anna;1435916111363;No data;;;;;;524566994
;ServiceLog;Anna;1435916112440;No data;;;;;;524566994
;ServiceLog;Anna;1435916113453;No data;;;;;;524566994
;ServiceLog;Anna;1435916114540;No data;;;;;;524566994
;ServiceLog;Anna;1435916115551;No data;;;;;;524566994
;ServiceLog;Anna;1435916116625;No data;;;;;;524566994
;ServiceLog;Anna;1435916117636;No data;;;;;;524566994
;ServiceLog;Anna;1435916118716;No data;;;;;;524566994
;ServiceLog;Anna;1435916119726;No data;;;;;;524566994
;ServiceLog;Anna;1435916120800;No data;;;;;;524566994
;ServiceLog;Anna;1435916121810;No data;;;;;;524566994
;ServiceLog;Anna;1435916122880;No data;;;;;;524566994
;ServiceLog;Anna;1435916123903;No data;;;;;;524566994
;ServiceLog;Anna;1435916124984;No data;;;;;;524566994
;ServiceLog;Anna;1435916125995;No data;;;;;;524566994
;ServiceLog;Anna;1435916127071;No data;;;;;;524566994
;ServiceLog;Anna;1435916128081;No data;;;;;;524566994
;ServiceLog;Anna;1435916129168;No data;;;;;;524566994
;ServiceLog;Anna;1435916130181;No data;;;;;;524566994
;ServiceLog;Anna;1435916131253;No data;;;;;;524566994
;ServiceLog;Anna;1435916132263;No data;;;;;;524566994
;ServiceLog;Anna;1435916133340;No data;;;;;;524566994
;ServiceLog;Anna;1435916134363;No data;;;;;;524566994
;ServiceLog;Anna;1435916135438;No data;;;;;;524566994
;ServiceLog;Anna;1435916136451;No data;;;;;;524566994
;ServiceLog;Anna;1435916137520;No data;;;;;;524566994
;ServiceLog;Anna;1435916138530;No data;;;;;;524566994
;ServiceLog;Anna;1435916139616;No data;;;;;;524566994
;ServiceLog;Anna;1435916140626;No data;;;;;;524566994
;ServiceLog;Anna;1435916141708;No data;;;;;;524566994
;ServiceLog;Anna;1435916142719;No data;;;;;;524566994
;ServiceLog;Anna;1435916143793;No data;;;;;;524566994
;ServiceLog;Anna;1435916144814;No data;;;;;;524566994
;ServiceLog;Anna;1435916145894;No data;;;;;;524566994
;ServiceLog;Anna;1435916146906;No data;;;;;;524566994
;ServiceLog;Anna;1435916147983;No data;;;;;;524566994
;ServiceLog;Anna;1435916148994;No data;;;;;;524566994
;ServiceLog;Anna;1435916150072;No data;;;;;;524566994
;ServiceLog;Anna;1435916151084;No data;;;;;;524566994
;ServiceLog;Anna;1435916152162;No data;;;;;;524566994
;ServiceLog;Anna;1435916153173;No data;;;;;;524566994
;ServiceLog;Anna;1435916154250;No data;;;;;;524566994
;ServiceLog;Anna;1435916155262;No data;;;;;;524566994
;ServiceLog;Anna;1435916156348;No data;;;;;;524566994
;ServiceLog;Anna;1435916157360;No data;;;;;;524566994
;ServiceLog;Anna;1435916158436;No data;;;;;;524566994
;ServiceLog;Anna;1435916159449;No data;;;;;;524566994
;ServiceLog;Anna;1435916160522;No data;;;;;;524566994
;ServiceLog;Anna;1435916161534;No data;;;;;;524566994
;ServiceLog;Anna;1435916162609;No data;;;;;;524566994
;ServiceLog;Anna;1435916163621;No data;;;;;;524566994
;ServiceLog;Anna;1435916164710;No data;;;;;;524566994
;ServiceLog;Anna;1435916165724;No data;;;;;;524566994
;ServiceLog;Anna;1435916166810;No data;;;;;;524566994
;ServiceLog;Anna;1435916167822;No data;;;;;;524566994
;ServiceLog;Anna;1435916168905;No data;;;;;;524566994
;ServiceLog;Anna;1435916169925;No data;;;;;;524566994
;ServiceLog;Anna;1435916171011;No data;;;;;;524566994
;ServiceLog;Anna;1435916172020;No data;;;;;;524566994
;ServiceLog;Anna;1435916173094;No data;;;;;;524566994
;ServiceLog;Anna;1435916174106;No data;;;;;;524566994
;ServiceLog;Anna;1435916175186;No data;;;;;;524566994
;ServiceLog;Anna;1435916176199;No data;;;;;;524566994
;ServiceLog;Anna;1435916177270;No data;;;;;;524566994
;ServiceLog;Anna;1435916178281;No data;;;;;;524566994
;ServiceLog;Anna;1435916179364;No data;;;;;;524566994
;ServiceLog;Anna;1435916180376;No data;;;;;;524566994
;ServiceLog;Anna;1435916181457;No data;;;;;;524566994
;ServiceLog;Anna;1435916182469;No data;;;;;;524566994
;ServiceLog;Anna;1435916183541;No data;;;;;;524566994
;ServiceLog;Anna;1435916184552;No data;;;;;;524566994
;ServiceLog;Anna;1435916185626;No data;;;;;;524566994
;ServiceLog;Anna;1435916186636;No data;;;;;;524566994
;ServiceLog;Anna;1435916187709;No data;;;;;;524566994
;ServiceLog;Anna;1435916188719;No data;;;;;;524566994
;ServiceLog;Anna;1435916189806;No data;;;;;;524566994
;ServiceLog;Anna;1435916190817;No data;;;;;;524566994
;ServiceLog;Anna;1435916191890;No data;;;;;;524566994
;ServiceLog;Anna;1435916192903;No data;;;;;;524566994
;ServiceLog;Anna;1435916193985;No data;;;;;;524566994
;ServiceLog;Anna;1435916195009;No data;;;;;;524566994
;ServiceLog;Anna;1435916196091;No data;;;;;;524566994
;ServiceLog;Anna;1435916197105;No data;;;;;;524566994
;ServiceLog;Anna;1435916198185;No data;;;;;;524566994
;ServiceLog;Anna;1435916199196;No data;;;;;;524566994
;ServiceLog;Anna;1435916200274;No data;;;;;;524566994
;ServiceLog;Anna;1435916201284;No data;;;;;;524566994
;ServiceLog;Anna;1435916202363;No data;;;;;;524566994
;ServiceLog;Anna;1435916203375;No data;;;;;;524566994
;ServiceLog;Anna;1435916204455;No data;;;;;;524566994
;ServiceLog;Anna;1435916205476;No data;;;;;;524566994
;ServiceLog;Anna;1435916206552;No data;;;;;;524566994
;ServiceLog;Anna;1435916207563;No data;;;;;;524566994
;ServiceLog;Anna;1435916208641;No data;;;;;;524566994
;ServiceLog;Anna;1435916209650;No data;;;;;;524566994
;ServiceLog;Anna;1435916210722;No data;;;;;;524566994
;ServiceLog;Anna;1435916211735;No data;;;;;;524566994
;ServiceLog;Anna;1435916212809;No data;;;;;;524566994
;ServiceLog;Anna;1435916213821;No data;;;;;;524566994
;ServiceLog;Anna;1435916214902;No data;;;;;;524566994
;ServiceLog;Anna;1435916215913;No data;;;;;;524566994
;ServiceLog;Anna;1435916216995;No data;;;;;;524566994
;ServiceLog;Anna;1435916218005;No data;;;;;;524566994
;ServiceLog;Anna;1435916219078;No data;;;;;;524566994
;ServiceLog;Anna;1435916220100;No data;;;;;;524566994
;ServiceLog;Anna;1435916221168;No data;;;;;;524566994
;ServiceLog;Anna;1435916222181;No data;;;;;;524566994
;ServiceLog;Anna;1435916223261;No data;;;;;;524566994
;ServiceLog;Anna;1435916224273;No data;;;;;;524566994
;ServiceLog;Anna;1435916225349;No data;;;;;;524566994
;ServiceLog;Anna;1435916226360;No data;;;;;;524566994
;ServiceLog;Anna;1435916227434;No data;;;;;;524566994
;ServiceLog;Anna;1435916228445;No data;;;;;;524566994
;ServiceLog;Anna;1435916229524;No data;;;;;;524566994
;ServiceLog;Anna;1435916230546;No data;;;;;;524566994
;ServiceLog;Anna;1435916231622;No data;;;;;;524566994
;ServiceLog;Anna;1435916232634;No data;;;;;;524566994
;ServiceLog;Anna;1435916233711;No data;;;;;;524566994
;ServiceLog;Anna;1435916234725;No data;;;;;;524566994
;ServiceLog;Anna;1435916235810;No data;;;;;;524566994
;ServiceLog;Anna;1435916236820;No data;;;;;;524566994
;ServiceLog;Anna;1435916237904;No data;;;;;;524566994
;ServiceLog;Anna;1435916238915;No data;;;;;;524566994
;ServiceLog;Anna;1435916239997;No data;;;;;;524566994
;ServiceLog;Anna;1435916241009;No data;;;;;;524566994
;ServiceLog;Anna;1435916242083;No data;;;;;;524566994
;ServiceLog;Anna;1435916243096;No data;;;;;;524566994
;ServiceLog;Anna;1435916244176;No data;;;;;;524566994
;ServiceLog;Anna;1435916245192;No data;;;;;;524566994
;ServiceLog;Anna;1435916246279;No data;;;;;;524566994
;ServiceLog;Anna;1435916247291;No data;;;;;;524566994
;ServiceLog;Anna;1435916248374;No data;;;;;;524566994
;ServiceLog;Anna;1435916249387;No data;;;;;;524566994
;ServiceLog;Anna;1435916250477;No data;;;;;;524566994
;ServiceLog;Anna;1435916251489;No data;;;;;;524566994
;ServiceLog;Anna;1435916252560;No data;;;;;;524566994
;ServiceLog;Anna;1435916253572;No data;;;;;;524566994
;ServiceLog;Anna;1435916254652;No data;;;;;;524566994
;ServiceLog;Anna;1435916255670;No data;;;;;;524566994
;ServiceLog;Anna;1435916256745;No data;;;;;;524566994
;ServiceLog;Anna;1435916257755;No data;;;;;;524566994
;ServiceLog;Anna;1435916258835;No data;;;;;;524566994
;ServiceLog;Anna;1435916259846;No data;;;;;;524566994
;ServiceLog;Anna;1435916260929;No data;;;;;;524566994
;ServiceLog;Anna;1435916261939;No data;;;;;;524566994
;ServiceLog;Anna;1435916263010;No data;;;;;;524566994
;ServiceLog;Anna;1435916264024;No data;;;;;;524566994
;ServiceLog;Anna;1435916265106;No data;;;;;;524566994
;ServiceLog;Anna;1435916266128;No data;;;;;;524566994
;ServiceLog;Anna;1435916267199;No data;;;;;;524566994
;ServiceLog;Anna;1435916268209;No data;;;;;;524566994
;ServiceLog;Anna;1435916269290;No data;;;;;;524566994
;ServiceLog;Anna;1435916270305;No data;;;;;;524566994
;ServiceLog;Anna;1435916271383;No data;;;;;;524566994
;ServiceLog;Anna;1435916272395;No data;;;;;;524566994
;ServiceLog;Anna;1435916273473;No data;;;;;;524566994
;ServiceLog;Anna;1435916274486;No data;;;;;;524566994
;ServiceLog;Anna;1435916275567;No data;;;;;;524566994
;ServiceLog;Anna;1435916276579;No data;;;;;;524566994
;ServiceLog;Anna;1435916277658;No data;;;;;;524566994
;ServiceLog;Anna;1435916278670;No data;;;;;;524566994
;ServiceLog;Anna;1435916279913;No data;;;;;;524566994
;ServiceLog;Anna;1435916280934;No data;;;;;;524566994
;ServiceLog;Anna;1435916282013;No data;;;;;;524566994
;ServiceLog;Anna;1435916283026;No data;;;;;;524566994
;ServiceLog;Anna;1435916284102;No data;;;;;;524566994
;ServiceLog;Anna;1435916285116;No data;;;;;;524566994
;ServiceLog;Anna;1435916286192;No data;;;;;;524566994
;ServiceLog;Anna;1435916287204;No data;;;;;;524566994
;ServiceLog;Anna;1435916288281;No data;;;;;;524566994
;ServiceLog;Anna;1435916289293;No data;;;;;;524566994
;ServiceLog;Anna;1435916290380;No data;;;;;;524566994
;ServiceLog;Anna;1435916291400;No data;;;;;;524566994
;ServiceLog;Anna;1435916292474;No data;;;;;;524566994
;ServiceLog;Anna;1435916293493;No data;;;;;;524566994
;ServiceLog;Anna;1435916294572;No data;;;;;;524566994
;ServiceLog;Anna;1435916295585;No data;;;;;;524566994
;ServiceLog;Anna;1435916296671;No data;;;;;;524566994
;ServiceLog;Anna;1435916297681;No data;;;;;;524566994
;ServiceLog;Anna;1435916298759;No data;;;;;;524566994
;ServiceLog;Anna;1435916299770;No data;;;;;;524566994
;ServiceLog;Anna;1435916300840;No data;;;;;;524566994
;ServiceLog;Anna;1435916301849;No data;;;;;;524566994
;ServiceLog;Anna;1435916302920;No data;;;;;;524566994
;ServiceLog;Anna;1435916303930;No data;;;;;;524566994
;ServiceLog;Anna;1435916305014;No data;;;;;;524566994
;ServiceLog;Anna;1435916306026;No data;;;;;;524566994
;ServiceLog;Anna;1435916307110;No data;;;;;;524566994
;ServiceLog;Anna;1435916308120;No data;;;;;;524566994
;ServiceLog;Anna;1435916309187;No data;;;;;;524566994
;ServiceLog;Anna;1435916310198;No data;;;;;;524566994
;ServiceLog;Anna;1435916311270;No data;;;;;;524566994
;ServiceLog;Anna;1435916312282;No data;;;;;;524566994
;ServiceLog;Anna;1435916313311;No data;;;;;;524566994
;ServiceLog;Anna;1435916314321;No data;;;;;;524566994
;ServiceLog;Anna;1435916315403;No data;;;;;;524566994
;ServiceLog;Anna;1435916316413;No data;;;;;;524566994
;ServiceLog;Anna;1435916317449;No data;;;;;;524566994
;ServiceLog;Anna;1435916318462;No data;;;;;;524566994
;ServiceLog;Anna;1435916319543;No data;;;;;;524566994
;ServiceLog;Anna;1435916320566;No data;;;;;;524566994
;ServiceLog;Anna;1435916321643;No data;;;;;;524566994
;ServiceLog;Anna;1435916322654;No data;;;;;;524566994
;ServiceLog;Anna;1435916323727;No data;;;;;;524566994
;ServiceLog;Anna;1435916324737;No data;;;;;;524566994
;ServiceLog;Anna;1435916325824;No data;;;;;;524566994
;ServiceLog;Anna;1435916326834;No data;;;;;;524566994
;ServiceLog;Anna;1435916327913;No data;;;;;;524566994
;ServiceLog;Anna;1435916328926;No data;;;;;;524566994
;ServiceLog;Anna;1435916330006;No data;;;;;;524566994
;ServiceLog;Anna;1435916331019;No data;;;;;;524566994
;ServiceLog;Anna;1435916332095;No data;;;;;;524566994
;ServiceLog;Anna;1435916333107;No data;;;;;;524566994
;ServiceLog;Anna;1435916334186;No data;;;;;;524566994
;ServiceLog;Anna;1435916335198;No data;;;;;;524566994
;ServiceLog;Anna;1435916336282;No data;;;;;;524566994
;ServiceLog;Anna;1435916337294;No data;;;;;;524566994
;ServiceLog;Anna;1435916338370;No data;;;;;;524566994
;ServiceLog;Anna;1435916339385;No data;;;;;;524566994
;ServiceLog;Anna;1435916340472;No data;;;;;;524566994
;ServiceLog;Anna;1435916341488;No data;;;;;;524566994
;ServiceLog;Anna;1435916342563;No data;;;;;;524566994
;ServiceLog;Anna;1435916343576;No data;;;;;;524566994
;ServiceLog;Anna;1435916344659;No data;;;;;;524566994
;ServiceLog;Anna;1435916345682;No data;;;;;;524566994
;ServiceLog;Anna;1435916346763;No data;;;;;;524566994
;ServiceLog;Anna;1435916347776;No data;;;;;;524566994
;ServiceLog;Anna;1435916348850;No data;;;;;;524566994
;ServiceLog;Anna;1435916349863;No data;;;;;;524566994
;ServiceLog;Anna;1435916350953;No data;;;;;;524566994
;ServiceLog;Anna;1435916351966;No data;;;;;;524566994
;ServiceLog;Anna;1435916353044;No data;;;;;;524566994
;ServiceLog;Anna;1435916354059;No data;;;;;;524566994
;ServiceLog;Anna;1435916355143;No data;;;;;;524566994
;ServiceLog;Anna;1435916356157;No data;;;;;;524566994
;ServiceLog;Anna;1435916357236;No data;;;;;;524566994
;ServiceLog;Anna;1435916358250;No data;;;;;;524566994
;ServiceLog;Anna;1435916359332;No data;;;;;;524566994
;ServiceLog;Anna;1435916360343;No data;;;;;;524566994
;ServiceLog;Anna;1435916361423;No data;;;;;;524566994
;ServiceLog;Anna;1435916362436;No data;;;;;;524566994
;ServiceLog;Anna;1435916363514;No data;;;;;;524566994
;ServiceLog;Anna;1435916364525;No data;;;;;;524566994
;ServiceLog;Anna;1435916365611;No data;;;;;;524566994
;ServiceLog;Anna;1435916366621;No data;;;;;;524566994
;ServiceLog;Anna;1435916367685;No data;;;;;;524566994
;ServiceLog;Anna;1435916368696;No data;;;;;;524566994
;ServiceLog;Anna;1435916369773;No data;;;;;;524566994
;ServiceLog;Anna;1435916370795;No data;;;;;;524566994
;ServiceLog;Anna;1435916371869;No data;;;;;;524566994
;ServiceLog;Anna;1435916372883;No data;;;;;;524566994
;ServiceLog;Anna;1435916373959;No data;;;;;;524566994
;ServiceLog;Anna;1435916374973;No data;;;;;;524566994
;ServiceLog;Anna;1435916376059;No data;;;;;;524566994
;ServiceLog;Anna;1435916377072;No data;;;;;;524566994
;ServiceLog;Anna;1435916378157;No data;;;;;;524566994
;ServiceLog;Anna;1435916379167;No data;;;;;;524566994
;ServiceLog;Anna;1435916380245;No data;;;;;;524566994
;ServiceLog;Anna;1435916381258;No data;;;;;;524566994
;ServiceLog;Anna;1435916382331;No data;;;;;;524566994
;ServiceLog;Anna;1435916383342;No data;;;;;;524566994
;ServiceLog;Anna;1435916384422;No data;;;;;;524566994
;ServiceLog;Anna;1435916385432;No data;;;;;;524566994
;ServiceLog;Anna;1435916386520;No data;;;;;;524566994
;ServiceLog;Anna;1435916387534;No data;;;;;;524566994
;ServiceLog;Anna;1435916388611;No data;;;;;;524566994
;ServiceLog;Anna;1435916389622;No data;;;;;;524566994
;ServiceLog;Anna;1435916390704;No data;;;;;;524566994
;ServiceLog;Anna;1435916391714;No data;;;;;;524566994
;ServiceLog;Anna;1435916392793;No data;;;;;;524566994
;ServiceLog;Anna;1435916393803;No data;;;;;;524566994
;ServiceLog;Anna;1435916394881;No data;;;;;;524566994
;ServiceLog;Anna;1435916395900;No data;;;;;;524566994
;ServiceLog;Anna;1435916396975;No data;;;;;;524566994
;ServiceLog;Anna;1435916397987;No data;;;;;;524566994
;ServiceLog;Anna;1435916399063;No data;;;;;;524566994
;ServiceLog;Anna;1435916400073;No data;;;;;;524566994
;ServiceLog;Anna;1435916401151;No data;;;;;;524566994
;ServiceLog;Anna;1435916402163;No data;;;;;;524566994
;ServiceLog;Anna;1435916403241;No data;;;;;;524566994
;ServiceLog;Anna;1435916404253;No data;;;;;;524566994
;ServiceLog;Anna;1435916405337;No data;;;;;;524566994
;ServiceLog;Anna;1435916406362;No data;;;;;;524566994
;ServiceLog;Anna;1435916407444;No data;;;;;;524566994
;ServiceLog;Anna;1435916408456;No data;;;;;;524566994
;ServiceLog;Anna;1435916409535;No data;;;;;;524566994
;ServiceLog;Anna;1435916410547;No data;;;;;;524566994
;ServiceLog;Anna;1435916411636;No data;;;;;;524566994
;ServiceLog;Anna;1435916412647;No data;;;;;;524566994
;ServiceLog;Anna;1435916413729;No data;;;;;;524566994
;ServiceLog;Anna;1435916414740;No data;;;;;;524566994
;ServiceLog;Anna;1435916415809;No data;;;;;;524566994
;ServiceLog;Anna;1435916416828;No data;;;;;;524566994
;ServiceLog;Anna;1435916417900;No data;;;;;;524566994
;ServiceLog;Anna;1435916418912;No data;;;;;;524566994
;ServiceLog;Anna;1435916419985;No data;;;;;;524566994
;ServiceLog;Anna;1435916420995;No data;;;;;;524566994
;ServiceLog;Anna;1435916422075;No data;;;;;;524566994
;ServiceLog;Anna;1435916423087;No data;;;;;;524566994
;ServiceLog;Anna;1435916424163;No data;;;;;;524566994
;ServiceLog;Anna;1435916425189;No data;;;;;;524566994
;ServiceLog;Anna;1435916426266;No data;;;;;;524566994
;ServiceLog;Anna;1435916427277;No data;;;;;;524566994
;ServiceLog;Anna;1435916428351;No data;;;;;;524566994
;ServiceLog;Anna;1435916429361;No data;;;;;;524566994
;ServiceLog;Anna;1435916430439;No data;;;;;;524566994
;ServiceLog;Anna;1435916431457;No data;;;;;;524566994
;ServiceLog;Anna;1435916432536;No data;;;;;;524566994
;ServiceLog;Anna;1435916433548;No data;;;;;;524566994
;ServiceLog;Anna;1435916434629;No data;;;;;;524566994
;ServiceLog;Anna;1435916435642;No data;;;;;;524566994
;ServiceLog;Anna;1435916436752;No data;;;;;;524566994
;ServiceLog;Anna;1435916437762;No data;;;;;;524566994
;ServiceLog;Anna;1435916438846;No data;;;;;;524566994
;ServiceLog;Anna;1435916439857;No data;;;;;;524566994
;ServiceLog;Anna;1435916440941;No data;;;;;;524566994
;ServiceLog;Anna;1435916441954;No data;;;;;;524566994
;ServiceLog;Anna;1435916443031;No data;;;;;;524566994
;ServiceLog;Anna;1435916444043;No data;;;;;;524566994
;ServiceLog;Anna;1435916445136;No data;;;;;;524566994
;ServiceLog;Anna;1435916446148;No data;;;;;;524566994
;ServiceLog;Anna;1435916447228;No data;;;;;;524566994
;ServiceLog;Anna;1435916448240;No data;;;;;;524566994
;ServiceLog;Anna;1435916449315;No data;;;;;;524566994
;ServiceLog;Anna;1435916450338;No data;;;;;;524566994
;ServiceLog;Anna;1435916451414;No data;;;;;;524566994
;ServiceLog;Anna;1435916452425;No data;;;;;;524566994
;ServiceLog;Anna;1435916453501;No data;;;;;;524566994
;ServiceLog;Anna;1435916454511;No data;;;;;;524566994
;ServiceLog;Anna;1435916455579;No data;;;;;;524566994
;ServiceLog;Anna;1435916456591;No data;;;;;;524566994
;ServiceLog;Anna;1435916457664;No data;;;;;;524566994
;ServiceLog;Anna;1435916458673;No data;;;;;;524566994
;ServiceLog;Anna;1435916459755;No data;;;;;;524566994
;ServiceLog;Anna;1435916460768;No data;;;;;;524566994
;ServiceLog;Anna;1435916461848;No data;;;;;;524566994
;ServiceLog;Anna;1435916462859;No data;;;;;;524566994
;ServiceLog;Anna;1435916463937;No data;;;;;;524566994
;ServiceLog;Anna;1435916464950;No data;;;;;;524566994
;ServiceLog;Anna;1435916466020;No data;;;;;;524566994
;ServiceLog;Anna;1435916467061;No data;;;;;;524566994
;ServiceLog;Anna;1435916468146;No data;;;;;;524566994
;ServiceLog;Anna;1435916469159;No data;;;;;;524566994
;ServiceLog;Anna;1435916470229;No data;;;;;;524566994
;ServiceLog;Anna;1435916471239;No data;;;;;;524566994
;ServiceLog;Anna;1435916472315;No data;;;;;;524566994
;ServiceLog;Anna;1435916473326;No data;;;;;;524566994
;ServiceLog;Anna;1435916474412;No data;;;;;;524566994
;ServiceLog;Anna;1435916475423;No data;;;;;;524566994
;ServiceLog;Anna;1435916476499;No data;;;;;;524566994
;ServiceLog;Anna;1435916477521;No data;;;;;;524566994
;ServiceLog;Anna;1435916478595;No data;;;;;;524566994
;ServiceLog;Anna;1435916479607;No data;;;;;;524566994
;ServiceLog;Anna;1435916480680;No data;;;;;;524566994
;ServiceLog;Anna;1435916481689;No data;;;;;;524566994
;ServiceLog;Anna;1435916482766;No data;;;;;;524566994
;ServiceLog;Anna;1435916483779;No data;;;;;;524566994
;ServiceLog;Anna;1435916484854;No data;;;;;;524566994
;ServiceLog;Anna;1435916485868;No data;;;;;;524566994
;ServiceLog;Anna;1435916486954;No data;;;;;;524566994
;ServiceLog;Anna;1435916487965;No data;;;;;;524566994
;ServiceLog;Anna;1435916489045;No data;;;;;;524566994
;ServiceLog;Anna;1435916490058;No data;;;;;;524566994
;ServiceLog;Anna;1435916491134;No data;;;;;;524566994
;ServiceLog;Anna;1435916492146;No data;;;;;;524566994
;ServiceLog;Anna;1435916493220;No data;;;;;;524566994
;ServiceLog;Anna;1435916494232;No data;;;;;;524566994
;ServiceLog;Anna;1435916495315;No data;;;;;;524566994
;ServiceLog;Anna;1435916496329;No data;;;;;;524566994
;ServiceLog;Anna;1435916497410;No data;;;;;;524566994
;ServiceLog;Anna;1435916498428;No data;;;;;;524566994
;ServiceLog;Anna;1435916499496;No data;;;;;;524566994
;ServiceLog;Anna;1435916500507;No data;;;;;;524566994
;ServiceLog;Anna;1435916501579;No data;;;;;;524566994
;ServiceLog;Anna;1435916502599;No data;;;;;;524566994
;ServiceLog;Anna;1435916503672;No data;;;;;;524566994
;ServiceLog;Anna;1435916504684;No data;;;;;;524566994
;ServiceLog;Anna;1435916505765;No data;;;;;;524566994
;ServiceLog;Anna;1435916506776;No data;;;;;;524566994
;ServiceLog;Anna;1435916507859;No data;;;;;;524566994
;ServiceLog;Anna;1435916508872;No data;;;;;;524566994
;ServiceLog;Anna;1435916509953;No data;;;;;;524566994
;ServiceLog;Anna;1435916510967;No data;;;;;;524566994
;ServiceLog;Anna;1435916512044;No data;;;;;;524566994
;ServiceLog;Anna;1435916513058;No data;;;;;;524566994
;ServiceLog;Anna;1435916514135;No data;;;;;;524566994
;ServiceLog;Anna;1435916515149;No data;;;;;;524566994
;ServiceLog;Anna;1435916516225;No data;;;;;;524566994
;ServiceLog;Anna;1435916517238;No data;;;;;;524566994
;ServiceLog;Anna;1435916518257;No data;;;;;;524566994
;ServiceLog;Anna;1435916519273;No data;;;;;;524566994
;ServiceLog;Anna;1435916520359;No data;;;;;;524566994
;ServiceLog;Anna;1435916521376;No data;;;;;;524566994
;ServiceLog;Anna;1435916522460;No data;;;;;;524566994
;ServiceLog;Anna;1435916523570;No data;;;;;;524566994
;ServiceLog;Anna;1435916524650;No data;;;;;;524566994
;ServiceLog;Anna;1435916525661;No data;;;;;;524566994
;ServiceLog;Anna;1435916526742;No data;;;;;;524566994
;ServiceLog;Anna;1435916527754;No data;;;;;;524566994
;ServiceLog;Anna;1435916528839;No data;;;;;;524566994
;ServiceLog;Anna;1435916529865;No data;;;;;;524566994
