ID;Name;User;TimeStamp;NetworkGen;NetworkType;Active;MCC;MNC;LAC;CID;PSC;Power
333;Горьковская 3;Stanislav;1419940708487;3G;HSPA;1;250;1;100;65569727;503;-69
333;Горьковская 3;Stanislav;1419940708487;3G;HSPA;250-1-100-65569727;-1;-1;-1;-1;503;-67
334;Горьковская 4;Stanislav;1419940718526;3G;HSPA;1;250;1;100;65569727;503;-63
334;Горьковская 4;Stanislav;1419940718526;3G;HSPA;250-1-100-65569727;-1;-1;-1;-1;503;-67
321;Невский проспект 1;Stanislav;1419940871856;unknown;unknown;1;250;2;7803;8321890;359;-77
321;Невский проспект 1;Stanislav;1419940871856;unknown;unknown;250-2-7803-8321890;-1;-1;-1;-1;370;-93
321;Невский проспект 1;Stanislav;1419940871856;unknown;unknown;250-2-7803-8321890;-1;-1;-1;-1;359;-77
322;Невский проспект 2;Stanislav;1419940886166;unknown;unknown;1;250;2;7803;8321269;253;-75
322;Невский проспект 2;Stanislav;1419940886166;unknown;unknown;250-2-7803-8321269;-1;-1;-1;-1;359;-81
322;Невский проспект 2;Stanislav;1419940886166;unknown;unknown;250-2-7803-8321269;-1;-1;-1;-1;370;-89
323;Невский проспект 3;Stanislav;1419940918389;3G;HSPA;1;250;1;100;65569702;507;-85
323;Невский проспект 3;Stanislav;1419940918389;3G;HSPA;250-1-100-65569702;-1;-1;-1;-1;507;-79
323;Невский проспект 3;Stanislav;1419940918389;3G;HSPA;250-1-100-65569702;-1;-1;-1;-1;507;-81
324;Невский проспект 4;Stanislav;1419940928095;3G;HSPA;1;250;1;100;65569702;507;-77
324;Невский проспект 4;Stanislav;1419940928095;3G;HSPA;250-1-100-65569702;-1;-1;-1;-1;507;-85
324;Невский проспект 4;Stanislav;1419940928095;3G;HSPA;250-1-100-65569702;-1;-1;-1;-1;507;-89
311;Сенная площадь 1;Stanislav;1419940997958;unknown;unknown;1;250;99;14764;90358826;247;-51
312;Сенная площадь 2;Stanislav;1419941013680;unknown;unknown;1;250;99;14764;90358818;199;-65
312;Сенная площадь 2;Stanislav;1419941013680;unknown;unknown;250-99-14764-90358818;-1;-1;-1;-1;247;-77
312;Сенная площадь 2;Stanislav;1419941013680;unknown;unknown;250-99-14764-90358818;-1;-1;-1;-1;23;-83
313;Сенная площадь 3;Stanislav;1419941045951;3G;HSPA;1;250;1;100;65569727;503;-97
313;Сенная площадь 3;Stanislav;1419941045951;3G;HSPA;250-1-100-65569727;-1;-1;-1;-1;503;-101
314;Сенная площадь 4;Stanislav;1419941058605;3G;HSPA;1;250;1;100;65569727;503;-87
314;Сенная площадь 4;Stanislav;1419941058605;3G;HSPA;250-1-100-65569727;-1;-1;-1;-1;503;-97
91;Технологический институт 1 1;Stanislav;1419941148359;unknown;unknown;1;250;2;7803;8302310;389;-73
91;Технологический институт 1 1;Stanislav;1419941148359;unknown;unknown;250-2-7803-8302310;-1;-1;-1;-1;389;-101
91;Технологический институт 1 1;Stanislav;1419941148359;unknown;unknown;250-2-7803-8302310;-1;-1;-1;-1;42;-113
92;Технологический институт 1 2;Stanislav;1419941165164;3G;HSPA;1;250;1;100;65569617;498;-83
92;Технологический институт 1 2;Stanislav;1419941165164;3G;HSPA;250-1-100-65569617;-1;-1;-1;-1;498;-91
93;Технологический институт 1 3;Stanislav;1419941198776;3G;HSPA;1;250;1;100;65569617;498;-81
93;Технологический институт 1 3;Stanislav;1419941198776;3G;HSPA;250-1-100-65569617;-1;-1;-1;-1;498;-85
94;Технологический институт 1 4;Stanislav;1419941210378;3G;HSPA;1;250;1;100;65569617;498;-85
94;Технологический институт 1 4;Stanislav;1419941210378;3G;HSPA;250-1-100-65569617;-1;-1;-1;-1;498;-83
291;Фрунзенская 1;Stanislav;1419941290463;unknown;unknown;1;250;2;7803;8317845;53;-61
291;Фрунзенская 1;Stanislav;1419941290463;unknown;unknown;250-2-7803-8317845;-1;-1;-1;-1;53;-95
291;Фрунзенская 1;Stanislav;1419941290463;unknown;unknown;250-2-7803-8317845;-1;-1;-1;-1;389;-113
292;Фрунзенская 2;Stanislav;1419941308085;unknown;unknown;1;250;2;7803;8308223;426;-71
292;Фрунзенская 2;Stanislav;1419941308085;unknown;unknown;250-2-7803-8308223;-1;-1;-1;-1;53;-85
293;Фрунзенская 3;Stanislav;1419941418036;3G;HSPA;1;250;1;100;65540087;501;-71
293;Фрунзенская 3;Stanislav;1419941418036;3G;HSPA;250-1-100-65540087;-1;-1;-1;-1;501;-73
294;Фрунзенская 4;Stanislav;1419941428347;3G;HSPA;1;250;1;100;65540087;501;-81
294;Фрунзенская 4;Stanislav;1419941428347;3G;HSPA;250-1-100-65540087;-1;-1;-1;-1;501;-81
281;Московские ворота 1;Stanislav;1419941512005;3G;HSPA;1;250;1;100;65570097;505;-93
281;Московские ворота 1;Stanislav;1419941512005;3G;HSPA;250-1-100-65570097;-1;-1;-1;-1;505;-87
282;Московские ворота 2;Stanislav;1419941527203;3G;HSPA;1;250;1;100;65570097;505;-75
282;Московские ворота 2;Stanislav;1419941527203;3G;HSPA;250-1-100-65570097;-1;-1;-1;-1;505;-75
283;Московские ворота 3;Stanislav;1419941549112;3G;HSPA;1;250;1;100;65570097;505;-81
283;Московские ворота 3;Stanislav;1419941549112;3G;HSPA;250-1-100-65570097;-1;-1;-1;-1;505;-77
284;Московские ворота 4;Stanislav;1419941559792;3G;HSPA;1;250;1;100;65570097;505;-95
284;Московские ворота 4;Stanislav;1419941559792;3G;HSPA;250-1-100-65570097;-1;-1;-1;-1;505;-97
271;Электросила 1;Stanislav;1419941660526;3G;HSPA;1;250;1;100;65540107;502;-73
271;Электросила 1;Stanislav;1419941660526;3G;HSPA;250-1-100-65540107;-1;-1;-1;-1;502;-77
272;Электросила 2;Stanislav;1419941675249;3G;HSPA;1;250;1;100;65540107;502;-65
272;Электросила 2;Stanislav;1419941675249;3G;HSPA;250-1-100-65540107;-1;-1;-1;-1;502;-77
273;Электросила 3;Stanislav;1419941692145;3G;HSPA;1;250;1;100;65540107;502;-73
273;Электросила 3;Stanislav;1419941692145;3G;HSPA;250-1-100-65540107;-1;-1;-1;-1;502;-67
274;Электросила 4;Stanislav;1419941702473;3G;HSPA;1;250;1;100;65540107;502;-71
274;Электросила 4;Stanislav;1419941702473;3G;HSPA;250-1-100-65540107;-1;-1;-1;-1;502;-75
261;Парк Победы 1;Stanislav;1419941791290;unknown;unknown;1;250;2;7803;8322238;30;-67
262;Парк Победы 2;Stanislav;1419941805724;unknown;unknown;1;250;2;7803;8322238;30;-99
263;Парк Победы 3;Stanislav;1419941834883;unknown;unknown;1;250;2;7803;8322238;30;-67
264;Парк Победы 4;Stanislav;1419941845132;3G;HSPA;1;250;1;100;65570117;503;-71
251;Московская 1;Stanislav;1419941953814;unknown;unknown;1;-1;-1;-1;-1;-1;-1
252;Московская 2;Stanislav;1419941970549;3G;HSPA;1;250;1;100;65540127;511;-103
252;Московская 2;Stanislav;1419941970549;3G;HSPA;250-1-100-65540127;-1;-1;-1;-1;511;-105
253;Московская 3;Stanislav;1419942000165;3G;HSPA;1;250;1;100;65540127;511;-113
253;Московская 3;Stanislav;1419942000165;3G;HSPA;250-1-100-65540127;-1;-1;-1;-1;511;-113
254;Московская 4;Stanislav;1419942011041;3G;HSPA;1;250;1;100;65540127;511;-95
254;Московская 4;Stanislav;1419942011041;3G;HSPA;250-1-100-65540127;-1;-1;-1;-1;511;-113
241;Звёздная 1;Stanislav;1419942174440;unknown;unknown;1;250;2;7803;8317837;4;-53
241;Звёздная 1;Stanislav;1419942174440;unknown;unknown;250-2-7803-8317837;-1;-1;-1;-1;3;-65
241;Звёздная 1;Stanislav;1419942175325;unknown;unknown;1;250;2;7803;8317837;4;-53
241;Звёздная 1;Stanislav;1419942175325;unknown;unknown;250-2-7803-8317837;-1;-1;-1;-1;3;-65
242;Звёздная 2;Stanislav;1419942188706;unknown;unknown;1;250;2;7803;8317837;4;-71
242;Звёздная 2;Stanislav;1419942188706;unknown;unknown;250-2-7803-8317837;-1;-1;-1;-1;3;-87
243;Звёздная 3;Stanislav;1419942219995;unknown;unknown;1;250;2;7803;8317837;4;-53
243;Звёздная 3;Stanislav;1419942219995;unknown;unknown;250-2-7803-8317837;-1;-1;-1;-1;3;-71
244;Звёздная 4;Stanislav;1419942231319;unknown;unknown;1;250;2;7803;8317837;4;-65
244;Звёздная 4;Stanislav;1419942231319;unknown;unknown;250-2-7803-8317837;-1;-1;-1;-1;3;-93
231;Купчино 1;Stanislav;1419942332929;unknown;unknown;1;250;2;7803;8290939;17;-65
231;Купчино 1;Stanislav;1419942332929;unknown;unknown;250-2-7803-8290939;-1;-1;-1;-1;353;-67
231;Купчино 1;Stanislav;1419942332929;unknown;unknown;250-2-7803-8290939;-1;-1;-1;-1;17;-63
231;Купчино 1;Stanislav;1419942332929;unknown;unknown;250-2-7803-8290939;-1;-1;-1;-1;353;-63
231;Купчино 1;Stanislav;1419942332929;unknown;unknown;250-2-7803-8290939;-1;-1;-1;-1;17;-59
231;Купчино 1;Stanislav;1419942332929;unknown;unknown;250-2-7803-8290939;-1;-1;-1;-1;353;-61
232;Купчино 2;Stanislav;1419942351243;unknown;unknown;1;250;1;218;67579103;462;-89
