ID;Name;User;TimeStamp;NetworkGen;NetworkType;Active;MCC;MNC;LAC;CID;PSC;Power
233;Купчино 3;Stanislav;1427972128524;2G;EDGE;1;250;1;218;2315;-1;-95
233;Купчино 3;Stanislav;1427972128524;2G;EDGE;250-1-218-2315;250;1;218;2593;-1;-77
233;Купчино 3;Stanislav;1427972128524;2G;EDGE;250-1-218-2315;250;1;326;14241;-1;-83
233;Купчино 3;Stanislav;1427972128524;2G;EDGE;250-1-218-2315;-1;-1;-1;-1;-1;-89
233;Купчино 3;Stanislav;1427972128524;2G;EDGE;250-1-218-2315;-1;-1;-1;-1;-1;-87
233;Купчино 3;Stanislav;1427972128524;2G;EDGE;250-1-218-2315;-1;-1;-1;-1;-1;-89
234;Купчино 4;Stanislav;1427972137602;2G;EDGE;1;250;1;218;2596;-1;-91
234;Купчино 4;Stanislav;1427972137602;2G;EDGE;250-1-218-2596;250;1;218;2593;-1;-79
234;Купчино 4;Stanislav;1427972137602;2G;EDGE;250-1-218-2596;250;1;326;14241;-1;-89
234;Купчино 4;Stanislav;1427972137602;2G;EDGE;250-1-218-2596;-1;-1;-1;-1;-1;-89
234;Купчино 4;Stanislav;1427972137602;2G;EDGE;250-1-218-2596;250;1;218;2596;-1;-89
234;Купчино 4;Stanislav;1427972137602;2G;EDGE;250-1-218-2596;250;1;218;21963;-1;-89
234;Купчино 4;Stanislav;1427972137602;2G;EDGE;250-1-218-2596;250;1;218;11223;-1;-95
241;Звёздная 1;Stanislav;1427972235294;unknown;unknown;1;250;2;7803;8317837;4;-61
242;Звёздная 2;Stanislav;1427972253205;3G;HSPA;1;250;1;100;65539797;500;-71
243;Звёздная 3;Stanislav;1427972284466;3G;HSPA;1;250;1;100;65539797;500;-69
244;Звёздная 4;Stanislav;1427972294325;3G;HSPA;1;250;1;100;65539797;500;-67
251;Московская 1;Stanislav;1427972466194;unknown;unknown;1;250;2;7803;8291727;21;-113
251;Московская 1;Stanislav;1427972466194;unknown;unknown;250-2-7803-8291727;-1;-1;2147483647;2147483647;21;-95
251;Московская 1;Stanislav;1427972466194;unknown;unknown;250-2-7803-8291727;-1;-1;2147483647;2147483647;50;-101
252;Московская 2;Stanislav;1427972487535;2G;EDGE;1;250;1;100;4121;-1;-93
253;Московская 3;Stanislav;1427972539835;2G;EDGE;1;250;1;100;4121;-1;-95
254;Московская 4;Stanislav;1427972549647;2G;EDGE;1;250;1;100;4121;-1;-103
261;Парк Победы 1;Stanislav;1427972660302;unknown;unknown;1;250;2;7803;22406;-1;-51
261;Парк Победы 1;Stanislav;1427972660302;unknown;unknown;250-2-7803-22406;-1;-1;0;-1;-1;-105
262;Парк Победы 2;Stanislav;1427972678831;unknown;unknown;1;250;2;7803;8322238;30;-67
263;Парк Победы 3;Stanislav;1427972712335;3G;HSPA;1;250;1;100;65570117;503;-91
264;Парк Победы 4;Stanislav;1427972722554;3G;HSPA;1;250;1;100;65570117;503;-91
264;Парк Победы 4;Stanislav;1427972722554;3G;HSPA;250-1-100-65570117;-1;-1;-1;-1;503;-85
271;Электросила 1;Stanislav;1427972805619;3G;HSPA;1;250;1;100;65570107;502;-81
271;Электросила 1;Stanislav;1427972805619;3G;HSPA;250-1-100-65570107;-1;-1;-1;-1;502;-79
272;Электросила 2;Stanislav;1427972827215;3G;HSPA;1;250;1;100;65570107;502;-73
272;Электросила 2;Stanislav;1427972827215;3G;HSPA;250-1-100-65570107;-1;-1;-1;-1;502;-81
273;Электросила 3;Stanislav;1427972844176;3G;HSPA;1;250;1;100;65570107;502;-75
273;Электросила 3;Stanislav;1427972844176;3G;HSPA;250-1-100-65570107;-1;-1;-1;-1;502;-73
274;Электросила 4;Stanislav;1427972853421;3G;HSPA;1;250;1;100;65570107;502;-79
274;Электросила 4;Stanislav;1427972853421;3G;HSPA;250-1-100-65570107;-1;-1;-1;-1;502;-77
281;Московские ворота 1;Stanislav;1427972937978;3G;HSPA;1;250;1;100;65540097;505;-73
281;Московские ворота 1;Stanislav;1427972937978;3G;HSPA;250-1-100-65540097;-1;-1;-1;-1;505;-79
281;Московские ворота 1;Stanislav;1427972937978;3G;HSPA;250-1-100-65540097;-1;-1;-1;-1;-1;-111
281;Московские ворота 1;Stanislav;1427972937978;3G;HSPA;250-1-100-65540097;-1;-1;-1;-1;-1;-113
282;Московские ворота 2;Stanislav;1427972954674;3G;HSPA;1;250;1;100;65540097;505;-77
282;Московские ворота 2;Stanislav;1427972954674;3G;HSPA;250-1-100-65540097;-1;-1;-1;-1;505;-75
282;Московские ворота 2;Stanislav;1427972954674;3G;HSPA;250-1-100-65540097;-1;-1;-1;-1;-1;-111
282;Московские ворота 2;Stanislav;1427972954674;3G;HSPA;250-1-100-65540097;-1;-1;-1;-1;-1;-113
283;Московские ворота 3;Stanislav;1427972982094;3G;HSPA;1;250;1;100;65570097;505;-75
283;Московские ворота 3;Stanislav;1427972982094;3G;HSPA;250-1-100-65570097;-1;-1;-1;-1;505;-75
284;Московские ворота 4;Stanislav;1427972991675;3G;HSPA;1;250;1;100;65570097;505;-79
284;Московские ворота 4;Stanislav;1427972991675;3G;HSPA;250-1-100-65570097;-1;-1;-1;-1;505;-81
291;Фрунзенская 1;Stanislav;1427973078377;3G;HSPA;1;250;1;100;65540087;501;-67
291;Фрунзенская 1;Stanislav;1427973078377;3G;HSPA;250-1-100-65540087;-1;-1;-1;-1;501;-67
292;Фрунзенская 2;Stanislav;1427973095875;3G;HSPA;1;250;1;100;65540087;501;-79
292;Фрунзенская 2;Stanislav;1427973095875;3G;HSPA;250-1-100-65540087;-1;-1;-1;-1;501;-79
293;Фрунзенская 3;Stanislav;1427973118125;3G;HSPA;1;250;1;100;65570087;501;-81
293;Фрунзенская 3;Stanislav;1427973118125;3G;HSPA;250-1-100-65570087;-1;-1;-1;-1;501;-79
294;Фрунзенская 4;Stanislav;1427973127445;3G;HSPA;1;250;1;100;65570087;501;-85
294;Фрунзенская 4;Stanislav;1427973127445;3G;HSPA;250-1-100-65570087;-1;-1;-1;-1;501;-85
301;Технологический институт (син) 1;Stanislav;1427973204398;3G;HSPA;1;250;1;100;65569618;497;-67
301;Технологический институт (син) 1;Stanislav;1427973204398;3G;HSPA;250-1-100-65569618;-1;-1;-1;-1;497;-73
302;Технологический институт (син) 2;Stanislav;1427973221456;3G;HSPA;1;250;1;100;65569618;497;-85
302;Технологический институт (син) 2;Stanislav;1427973221456;3G;HSPA;250-1-100-65569618;-1;-1;-1;-1;497;-83
303;Технологический институт (син) 3;Stanislav;1427973257766;3G;HSPA;1;250;1;100;65569618;497;-97
303;Технологический институт (син) 3;Stanislav;1427973257766;3G;HSPA;250-1-100-65569618;-1;-1;-1;-1;497;-89
304;Технологический институт (син) 4;Stanislav;1427973267226;3G;HSPA;1;250;1;100;65569618;497;-81
304;Технологический институт (син) 4;Stanislav;1427973267226;3G;HSPA;250-1-100-65569618;-1;-1;-1;-1;497;-81
311;Сенная площадь 1;Stanislav;1427973357771;unknown;unknown;1;250;2;7803;8322241;42;-65
312;Сенная площадь 2;Stanislav;1427973373424;unknown;unknown;1;250;2;7803;8321274;47;-65
313;Сенная площадь 3;Stanislav;1427973416629;3G;HSPA;1;250;1;100;65539908;503;-111
314;Сенная площадь 4;Stanislav;1427973425395;3G;HSPA;1;250;1;100;65539908;503;-101
314;Сенная площадь 4;Stanislav;1427973425395;3G;HSPA;250-1-100-65539908;-1;-1;-1;-1;503;-103
314;Сенная площадь 4;Stanislav;1427973425395;3G;HSPA;250-1-100-65539908;-1;-1;-1;-1;-1;-87
314;Сенная площадь 4;Stanislav;1427973425395;3G;HSPA;250-1-100-65539908;-1;-1;-1;-1;-1;-113
314;Сенная площадь 4;Stanislav;1427973425395;3G;HSPA;250-1-100-65539908;-1;-1;-1;-1;-1;-113
321;Невский проспект 1;Stanislav;1427973483077;unknown;unknown;1;-1;-1;-1;-1;-1;-1
322;Невский проспект 2;Stanislav;1427973502564;unknown;unknown;1;250;2;7803;8321891;359;-85
322;Невский проспект 2;Stanislav;1427973502564;unknown;unknown;250-2-7803-8321891;-1;-1;2147483647;2147483647;253;-97
323;Невский проспект 3;Stanislav;1427973533286;3G;HSPA;1;250;1;100;65569702;507;-99
323;Невский проспект 3;Stanislav;1427973533286;3G;HSPA;250-1-100-65569702;-1;-1;-1;-1;507;-99
323;Невский проспект 3;Stanislav;1427973533286;3G;HSPA;250-1-100-65569702;-1;-1;-1;-1;507;-101
324;Невский проспект 4;Stanislav;1427973541325;3G;HSPA;1;250;1;100;65569702;507;-93
324;Невский проспект 4;Stanislav;1427973541325;3G;HSPA;250-1-100-65569702;-1;-1;-1;-1;507;-103
324;Невский проспект 4;Stanislav;1427973541325;3G;HSPA;250-1-100-65569702;-1;-1;-1;-1;507;-97
331;Горьковская 1;Stanislav;1427973680718;3G;HSPA;1;250;1;100;65569727;503;-97
331;Горьковская 1;Stanislav;1427973680718;3G;HSPA;250-1-100-65569727;-1;-1;-1;-1;503;-93
332;Горьковская 2;Stanislav;1427973698586;3G;HSPA;1;250;1;100;65569727;503;-65
332;Горьковская 2;Stanislav;1427973698586;3G;HSPA;250-1-100-65569727;-1;-1;-1;-1;503;-67
