ID;Name;User;TimeStamp;NetworkGen;NetworkType;Active;MCC;MNC;LAC;CID;PSC;Power
1013;Академическая 3;md;1419860781229;2G;EDGE;1;250;1;770;543;-1;-71
1014;Академическая 4;md;1419860791345;2G;EDGE;1;250;1;770;543;-1;-67
1001;Ленинский проспект 1;md;1419860927573;unknown;unknown;1;-1;-1;-1;-1;-1;-1
1002;Ленинский проспект 2;md;1419860945843;2G;EDGE;1;250;1;770;543;-1;-93
1003;Ленинский проспект 3;md;1419860968941;2G;EDGE;1;250;1;770;543;-1;-87
1004;Ленинский проспект 4;md;1419860978787;2G;EDGE;1;250;1;770;543;-1;-81
991;Шаболовская 1;md;1419861115068;unknown;unknown;1;-1;-1;-1;-1;-1;-1
992;Шаболовская 2;md;1419861135060;unknown;unknown;1;-1;-1;-1;-1;-1;-1
993;Шаболовская 3;md;1419861165508;unknown;unknown;1;-1;-1;-1;-1;-1;-1
994;Шаболовская 4;md;1419861175374;2G;EDGE;1;250;1;770;543;-1;-81
981;Октябрьская (КРЛ) 1;md;1419861243086;unknown;unknown;1;-1;-1;-1;-1;-1;-1
982;Октябрьская (КРЛ) 2;md;1419861261522;2G;EDGE;1;250;1;770;43241;-1;-73
753;Октябрьская (КЛЦ) 3;md;1419861538268;3G;UMTS;1;250;1;660;6926696;-1;-87
754;Октябрьская (КЛЦ) 4;md;1419861550382;3G;UMTS;1;250;1;660;6926696;-1;-87
741;Добрынинская 1;md;1419861601660;3G;UMTS;1;250;1;660;6892879;-1;-81
742;Добрынинская 2;md;1419861615587;3G;UMTS;1;250;1;660;6930120;-1;-83
1423;Серпуховская 3;md;1419861823783;2G;EDGE;1;250;1;770;402;-1;-75
1424;Серпуховская 4;md;1419861837020;2G;EDGE;1;250;1;770;402;-1;-81
1411;Полянка 1;md;1419861919312;unknown;unknown;1;-1;-1;-1;-1;-1;-1
1412;Полянка 2;md;1419861931916;2G;EDGE;1;250;1;770;401;-1;-61
1413;Полянка 3;md;1419861953354;2G;EDGE;1;250;1;770;401;-1;-77
1414;Полянка 4;md;1419861965682;2G;EDGE;1;250;1;770;401;-1;-79
1401;Боровицкая 1;md;1419862044723;unknown;unknown;1;-1;-1;-1;-1;-1;-1
1402;Боровицкая 2;md;1419862059379;unknown;unknown;1;-1;-1;-1;-1;-1;-1
1403;Боровицкая 3;md;1419862092184;3G;UMTS;1;250;1;770;6894482;-1;-85
1404;Боровицкая 4;md;1419862104441;3G;UMTS;1;250;1;770;6899838;-1;-81
1391;Чеховская 1;md;1419862186133;2G;EDGE;1;250;1;770;362;-1;-77
1392;Чеховская 2;md;1419862201239;3G;UMTS;1;250;1;770;6899839;-1;-79
1393;Чеховская 3;md;1419862229222;3G;UMTS;1;250;1;770;6894483;-1;-85
1394;Чеховская 4;md;1419862241404;2G;EDGE;1;250;1;770;362;-1;-83
1381;Цветной бульвар 1;md;1419862290372;2G;EDGE;1;250;1;770;361;-1;-79
1382;Цветной бульвар 2;md;1419862307355;2G;EDGE;1;250;1;770;361;-1;-87
