ID;Name;User;TimeStamp;NetworkGen;NetworkType;Active;MCC;MNC;LAC;CID;PSC;Power
;ServiceLog;md;1419860770868;2G;EDGE;1;250;1;770;543;-1;0
;ServiceLog;md;1419860771990;2G;EDGE;1;250;1;770;543;-1;-65
;ServiceLog;md;1419860773025;2G;EDGE;1;250;1;770;543;-1;-65
;ServiceLog;md;1419860774052;2G;EDGE;1;250;1;770;543;-1;-65
;ServiceLog;md;1419860775071;2G;EDGE;1;250;1;770;543;-1;-65
;ServiceLog;md;1419860776123;2G;EDGE;1;250;1;770;543;-1;-69
;ServiceLog;md;1419860777140;2G;EDGE;1;250;1;770;543;-1;-69
;ServiceLog;md;1419860778162;2G;EDGE;1;250;1;770;543;-1;-69
;ServiceLog;md;1419860779192;2G;EDGE;1;250;1;770;543;-1;-71
;ServiceLog;md;1419860780237;2G;EDGE;1;250;1;770;543;-1;-71
;ServiceLog;md;1419860781345;2G;EDGE;1;250;1;770;543;-1;-71
;ServiceLog;md;1419860782364;2G;EDGE;1;250;1;770;543;-1;-73
;ServiceLog;md;1419860783405;2G;EDGE;1;250;1;770;543;-1;-73
;ServiceLog;md;1419860784426;2G;EDGE;1;250;1;770;543;-1;-73
;ServiceLog;md;1419860785447;2G;EDGE;1;250;1;770;543;-1;-73
;ServiceLog;md;1419860786483;2G;EDGE;1;250;1;770;543;-1;-73
;ServiceLog;md;1419860787529;2G;EDGE;1;250;1;770;543;-1;-73
;ServiceLog;md;1419860788562;2G;EDGE;1;250;1;770;543;-1;-73
;ServiceLog;md;1419860789605;2G;EDGE;1;250;1;770;543;-1;-73
;ServiceLog;md;1419860790643;2G;EDGE;1;250;1;770;543;-1;-73
;ServiceLog;md;1419860791679;2G;EDGE;1;250;1;770;543;-1;-67
;ServiceLog;md;1419860792711;2G;EDGE;1;250;1;770;543;-1;-67
;ServiceLog;md;1419860793736;2G;EDGE;1;250;1;770;543;-1;-67
;ServiceLog;md;1419860794762;2G;EDGE;1;250;1;770;543;-1;-69
;ServiceLog;md;1419860795775;2G;EDGE;1;250;1;770;543;-1;-69
;ServiceLog;md;1419860796790;2G;EDGE;1;250;1;770;543;-1;-69
;ServiceLog;md;1419860797804;2G;EDGE;1;250;1;770;543;-1;-75
;ServiceLog;md;1419860798822;2G;EDGE;1;250;1;770;543;-1;-75
;ServiceLog;md;1419860799857;2G;EDGE;1;250;1;770;543;-1;-75
;ServiceLog;md;1419860800883;2G;EDGE;1;250;1;770;543;-1;-81
;ServiceLog;md;1419860801922;2G;EDGE;1;250;1;770;543;-1;-81
;ServiceLog;md;1419860802989;2G;EDGE;1;250;1;770;543;-1;-81
;ServiceLog;md;1419860804035;2G;EDGE;1;250;1;770;543;-1;-81
;ServiceLog;md;1419860805055;2G;EDGE;1;250;1;770;543;-1;-81
;ServiceLog;md;1419860806095;2G;EDGE;1;250;1;770;543;-1;-81
;ServiceLog;md;1419860807132;2G;EDGE;1;250;1;770;543;-1;-81
;ServiceLog;md;1419860808177;2G;EDGE;1;250;1;770;543;-1;-81
;ServiceLog;md;1419860809200;2G;EDGE;1;250;1;770;543;-1;-81
;ServiceLog;md;1419860810239;2G;EDGE;1;250;1;770;543;-1;-81
;ServiceLog;md;1419860811274;2G;EDGE;1;250;1;770;543;-1;-81
;ServiceLog;md;1419860812317;2G;EDGE;1;250;1;770;543;-1;-81
;ServiceLog;md;1419860813370;2G;EDGE;1;250;1;770;543;-1;-81
;ServiceLog;md;1419860814410;2G;EDGE;1;250;1;770;543;-1;-81
;ServiceLog;md;1419860815450;2G;EDGE;1;250;1;770;543;-1;-81
;ServiceLog;md;1419860816474;2G;EDGE;1;250;1;770;543;-1;-81
;ServiceLog;md;1419860817517;2G;EDGE;1;250;1;770;543;-1;-81
;ServiceLog;md;1419860818554;unknown;unknown;1;-1;-1;-1;-1;-1;-1
;ServiceLog;md;1419860819772;unknown;unknown;1;-1;-1;-1;-1;-1;-1
;ServiceLog;md;1419860820807;unknown;unknown;1;-1;-1;-1;-1;-1;-1
;ServiceLog;md;1419860821841;unknown;unknown;1;-1;-1;-1;-1;-1;-1
;ServiceLog;md;1419860822876;unknown;unknown;1;-1;-1;-1;-1;-1;-1
;ServiceLog;md;1419860823917;unknown;unknown;1;-1;-1;-1;-1;-1;-1
;ServiceLog;md;1419860824950;unknown;unknown;1;-1;-1;-1;-1;-1;-1
;ServiceLog;md;1419860825982;unknown;unknown;1;-1;-1;-1;-1;-1;-1
;ServiceLog;md;1419860827038;unknown;unknown;1;-1;-1;-1;-1;-1;-1
;ServiceLog;md;1419860828070;unknown;unknown;1;-1;-1;-1;-1;-1;-1
;ServiceLog;md;1419860829085;unknown;unknown;1;-1;-1;-1;-1;-1;-1
;ServiceLog;md;1419860830106;unknown;unknown;1;-1;-1;-1;-1;-1;-1
;ServiceLog;md;1419860831141;unknown;unknown;1;-1;-1;-1;-1;-1;-1
;ServiceLog;md;1419860832158;unknown;unknown;1;-1;-1;-1;-1;-1;-1
;ServiceLog;md;1419860833190;unknown;unknown;1;-1;-1;-1;-1;-1;-1
;ServiceLog;md;1419860834222;unknown;unknown;1;-1;-1;-1;-1;-1;-1
;ServiceLog;md;1419860835252;unknown;unknown;1;-1;-1;-1;-1;-1;-1
;ServiceLog;md;1419860836300;unknown;unknown;1;-1;-1;-1;-1;-1;-1
;ServiceLog;md;1419860837323;unknown;unknown;1;-1;-1;-1;-1;-1;-1
;ServiceLog;md;1419860838503;unknown;unknown;1;-1;-1;-1;-1;-1;-1
;ServiceLog;md;1419860839516;unknown;unknown;1;-1;-1;-1;-1;-1;-1
;ServiceLog;md;1419860840529;unknown;unknown;1;-1;-1;-1;-1;-1;-1
;ServiceLog;md;1419860841547;unknown;unknown;1;-1;-1;-1;-1;-1;-1
;ServiceLog;md;1419860842562;unknown;unknown;1;-1;-1;-1;-1;-1;-1
;ServiceLog;md;1419860843585;unknown;unknown;1;-1;-1;-1;-1;-1;-1
;ServiceLog;md;1419860844598;unknown;unknown;1;-1;-1;-1;-1;-1;-1
;ServiceLog;md;1419860845628;unknown;unknown;1;-1;-1;-1;-1;-1;-1
;ServiceLog;md;1419860846650;unknown;unknown;1;-1;-1;-1;-1;-1;-1
;ServiceLog;md;1419860847676;unknown;unknown;1;-1;-1;-1;-1;-1;-1
;ServiceLog;md;1419860848702;unknown;unknown;1;-1;-1;-1;-1;-1;-1
;ServiceLog;md;1419860849734;unknown;unknown;1;-1;-1;-1;-1;-1;-1
;ServiceLog;md;1419860850774;unknown;unknown;1;-1;-1;-1;-1;-1;-1
;ServiceLog;md;1419860851807;unknown;unknown;1;-1;-1;-1;-1;-1;-1
;ServiceLog;md;1419860852820;unknown;unknown;1;-1;-1;-1;-1;-1;-1
;ServiceLog;md;1419860853833;unknown;unknown;1;-1;-1;-1;-1;-1;-1
;ServiceLog;md;1419860854845;unknown;unknown;1;-1;-1;-1;-1;-1;-1
;ServiceLog;md;1419860855859;unknown;unknown;1;-1;-1;-1;-1;-1;-1
;ServiceLog;md;1419860856871;unknown;unknown;1;-1;-1;-1;-1;-1;-1
;ServiceLog;md;1419860857889;unknown;unknown;1;-1;-1;-1;-1;-1;-1
;ServiceLog;md;1419860858904;unknown;unknown;1;-1;-1;-1;-1;-1;-1
;ServiceLog;md;1419860859937;unknown;unknown;1;-1;-1;-1;-1;-1;-1
;ServiceLog;md;1419860860970;unknown;unknown;1;-1;-1;-1;-1;-1;-1
;ServiceLog;md;1419860862007;unknown;unknown;1;-1;-1;-1;-1;-1;-1
;ServiceLog;md;1419860863022;unknown;unknown;1;-1;-1;-1;-1;-1;-1
;ServiceLog;md;1419860864055;unknown;unknown;1;-1;-1;-1;-1;-1;-1
;ServiceLog;md;1419860865087;unknown;unknown;1;-1;-1;-1;-1;-1;-1
;ServiceLog;md;1419860866121;unknown;unknown;1;-1;-1;-1;-1;-1;-1
;ServiceLog;md;1419860867154;unknown;unknown;1;-1;-1;-1;-1;-1;-1
;ServiceLog;md;1419860868186;unknown;unknown;1;-1;-1;-1;-1;-1;-1
;ServiceLog;md;1419860869224;unknown;unknown;1;-1;-1;-1;-1;-1;-1
;ServiceLog;md;1419860870257;unknown;unknown;1;-1;-1;-1;-1;-1;-1
;ServiceLog;md;1419860871272;unknown;unknown;1;-1;-1;-1;-1;-1;-1
;ServiceLog;md;1419860872303;unknown;unknown;1;-1;-1;-1;-1;-1;-1
;ServiceLog;md;1419860873336;unknown;unknown;1;-1;-1;-1;-1;-1;-1
;ServiceLog;md;1419860874370;unknown;unknown;1;-1;-1;-1;-1;-1;-1
;ServiceLog;md;1419860875405;unknown;unknown;1;-1;-1;-1;-1;-1;-1
;ServiceLog;md;1419860876435;unknown;unknown;1;-1;-1;-1;-1;-1;-1
;ServiceLog;md;1419860877470;unknown;unknown;1;-1;-1;-1;-1;-1;-1
;ServiceLog;md;1419860878504;unknown;unknown;1;-1;-1;-1;-1;-1;-1
;ServiceLog;md;1419860879545;unknown;unknown;1;-1;-1;-1;-1;-1;-1
;ServiceLog;md;1419860880580;unknown;unknown;1;-1;-1;-1;-1;-1;-1
;ServiceLog;md;1419860881612;unknown;unknown;1;-1;-1;-1;-1;-1;-1
;ServiceLog;md;1419860882642;unknown;unknown;1;-1;-1;-1;-1;-1;-1
;ServiceLog;md;1419860883656;unknown;unknown;1;-1;-1;-1;-1;-1;-1
;ServiceLog;md;1419860884697;unknown;unknown;1;-1;-1;-1;-1;-1;-1
;ServiceLog;md;1419860885750;unknown;unknown;1;-1;-1;-1;-1;-1;-1
;ServiceLog;md;1419860886789;unknown;unknown;1;-1;-1;-1;-1;-1;-1
;ServiceLog;md;1419860887826;unknown;unknown;1;-1;-1;-1;-1;-1;-1
;ServiceLog;md;1419860888843;unknown;unknown;1;-1;-1;-1;-1;-1;-1
;ServiceLog;md;1419860889874;unknown;unknown;1;-1;-1;-1;-1;-1;-1
;ServiceLog;md;1419860890915;unknown;unknown;1;-1;-1;-1;-1;-1;-1
;ServiceLog;md;1419860891947;unknown;unknown;1;-1;-1;-1;-1;-1;-1
;ServiceLog;md;1419860892987;unknown;unknown;1;-1;-1;-1;-1;-1;-1
;ServiceLog;md;1419860894003;unknown;unknown;1;-1;-1;-1;-1;-1;-1
;ServiceLog;md;1419860895038;unknown;unknown;1;-1;-1;-1;-1;-1;-1
;ServiceLog;md;1419860896072;unknown;unknown;1;-1;-1;-1;-1;-1;-1
;ServiceLog;md;1419860897110;unknown;unknown;1;-1;-1;-1;-1;-1;-1
;ServiceLog;md;1419860898145;unknown;unknown;1;-1;-1;-1;-1;-1;-1
;ServiceLog;md;1419860899182;unknown;unknown;1;-1;-1;-1;-1;-1;-1
;ServiceLog;md;1419860900215;unknown;unknown;1;-1;-1;-1;-1;-1;-1
;ServiceLog;md;1419860901250;unknown;unknown;1;-1;-1;-1;-1;-1;-1
;ServiceLog;md;1419860902271;unknown;unknown;1;-1;-1;-1;-1;-1;-1
;ServiceLog;md;1419860903292;unknown;unknown;1;-1;-1;-1;-1;-1;-1
;ServiceLog;md;1419860904310;unknown;unknown;1;-1;-1;-1;-1;-1;-1
;ServiceLog;md;1419860905342;unknown;unknown;1;-1;-1;-1;-1;-1;-1
;ServiceLog;md;1419860906405;unknown;unknown;1;-1;-1;-1;-1;-1;-1
;ServiceLog;md;1419860907438;unknown;unknown;1;-1;-1;-1;-1;-1;-1
;ServiceLog;md;1419860908485;unknown;unknown;1;-1;-1;-1;-1;-1;-1
;ServiceLog;md;1419860909516;unknown;unknown;1;-1;-1;-1;-1;-1;-1
;ServiceLog;md;1419860910556;unknown;unknown;1;-1;-1;-1;-1;-1;-1
;ServiceLog;md;1419860911588;unknown;unknown;1;-1;-1;-1;-1;-1;-1
;ServiceLog;md;1419860912625;unknown;unknown;1;-1;-1;-1;-1;-1;-1
;ServiceLog;md;1419860913656;unknown;unknown;1;-1;-1;-1;-1;-1;-1
;ServiceLog;md;1419860914676;unknown;unknown;1;-1;-1;-1;-1;-1;-1
;ServiceLog;md;1419860915704;unknown;unknown;1;-1;-1;-1;-1;-1;-1
;ServiceLog;md;1419860916724;unknown;unknown;1;-1;-1;-1;-1;-1;-1
;ServiceLog;md;1419860917745;unknown;unknown;1;-1;-1;-1;-1;-1;-1
;ServiceLog;md;1419860918774;unknown;unknown;1;-1;-1;-1;-1;-1;-1
;ServiceLog;md;1419860919791;unknown;unknown;1;-1;-1;-1;-1;-1;-1
;ServiceLog;md;1419860920831;unknown;unknown;1;-1;-1;-1;-1;-1;-1
;ServiceLog;md;1419860921872;unknown;unknown;1;-1;-1;-1;-1;-1;-1
;ServiceLog;md;1419860922903;unknown;unknown;1;-1;-1;-1;-1;-1;-1
;ServiceLog;md;1419860923933;unknown;unknown;1;-1;-1;-1;-1;-1;-1
;ServiceLog;md;1419860924969;unknown;unknown;1;-1;-1;-1;-1;-1;-1
;ServiceLog;md;1419860925995;unknown;unknown;1;-1;-1;-1;-1;-1;-1
;ServiceLog;md;1419860927037;unknown;unknown;1;-1;-1;-1;-1;-1;-1
;ServiceLog;md;1419860928054;unknown;unknown;1;-1;-1;-1;-1;-1;-1
;ServiceLog;md;1419860929082;unknown;unknown;1;-1;-1;-1;-1;-1;-1
;ServiceLog;md;1419860930102;unknown;unknown;1;-1;-1;-1;-1;-1;-1
;ServiceLog;md;1419860931127;unknown;unknown;1;-1;-1;-1;-1;-1;-1
;ServiceLog;md;1419860932161;unknown;unknown;1;-1;-1;-1;-1;-1;-1
;ServiceLog;md;1419860933200;unknown;unknown;1;-1;-1;-1;-1;-1;-1
;ServiceLog;md;1419860934219;unknown;unknown;1;-1;-1;-1;-1;-1;-1
;ServiceLog;md;1419860935249;unknown;unknown;1;-1;-1;-1;-1;-1;-1
;ServiceLog;md;1419860936284;unknown;unknown;1;-1;-1;-1;-1;-1;-1
;ServiceLog;md;1419860937316;unknown;unknown;1;-1;-1;-1;-1;-1;-1
;ServiceLog;md;1419860938362;unknown;unknown;1;-1;-1;-1;-1;-1;-1
;ServiceLog;md;1419860939397;unknown;unknown;1;-1;-1;-1;-1;-1;-1
;ServiceLog;md;1419860940431;unknown;unknown;1;-1;-1;-1;-1;-1;-1
;ServiceLog;md;1419860941471;unknown;unknown;1;-1;-1;-1;-1;-1;-1
;ServiceLog;md;1419860942506;unknown;unknown;1;-1;-1;-1;-1;-1;-1
;ServiceLog;md;1419860943586;2G;EDGE;1;250;1;770;543;-1;-93
;ServiceLog;md;1419860944665;2G;EDGE;1;250;1;770;543;-1;-93
;ServiceLog;md;1419860945679;2G;EDGE;1;250;1;770;543;-1;-93
;ServiceLog;md;1419860946703;2G;EDGE;1;250;1;770;543;-1;-87
;ServiceLog;md;1419860947737;2G;EDGE;1;250;1;770;543;-1;-87
;ServiceLog;md;1419860948774;2G;EDGE;1;250;1;770;543;-1;-87
;ServiceLog;md;1419860949814;2G;EDGE;1;250;1;770;543;-1;-87
;ServiceLog;md;1419860950848;2G;EDGE;1;250;1;770;543;-1;-87
;ServiceLog;md;1419860951881;2G;EDGE;1;250;1;770;543;-1;-87
;ServiceLog;md;1419860952917;2G;EDGE;1;250;1;770;543;-1;-87
;ServiceLog;md;1419860953955;2G;EDGE;1;250;1;770;543;-1;-87
;ServiceLog;md;1419860954992;2G;EDGE;1;250;1;770;543;-1;-87
;ServiceLog;md;1419860956008;2G;EDGE;1;250;1;770;543;-1;-89
;ServiceLog;md;1419860957050;2G;EDGE;1;250;1;770;543;-1;-89
;ServiceLog;md;1419860958095;2G;EDGE;1;250;1;770;543;-1;-89
;ServiceLog;md;1419860959133;2G;EDGE;1;250;1;770;543;-1;-89
;ServiceLog;md;1419860960170;2G;EDGE;1;250;1;770;543;-1;-89
;ServiceLog;md;1419860961205;2G;EDGE;1;250;1;770;543;-1;-89
;ServiceLog;md;1419860962242;2G;EDGE;1;250;1;770;543;-1;-89
;ServiceLog;md;1419860963275;2G;EDGE;1;250;1;770;543;-1;-89
;ServiceLog;md;1419860964309;2G;EDGE;1;250;1;770;543;-1;-89
;ServiceLog;md;1419860965351;2G;EDGE;1;250;1;770;543;-1;-87
;ServiceLog;md;1419860966388;2G;EDGE;1;250;1;770;543;-1;-87
;ServiceLog;md;1419860967422;2G;EDGE;1;250;1;770;543;-1;-87
;ServiceLog;md;1419860968456;2G;EDGE;1;250;1;770;543;-1;-87
;ServiceLog;md;1419860969487;2G;EDGE;1;250;1;770;543;-1;-87
;ServiceLog;md;1419860970507;2G;EDGE;1;250;1;770;543;-1;-87
;ServiceLog;md;1419860971521;2G;EDGE;1;250;1;770;543;-1;-87
;ServiceLog;md;1419860972539;2G;EDGE;1;250;1;770;543;-1;-87
;ServiceLog;md;1419860973575;2G;EDGE;1;250;1;770;543;-1;-85
;ServiceLog;md;1419860974589;2G;EDGE;1;250;1;770;543;-1;-85
;ServiceLog;md;1419860975605;2G;EDGE;1;250;1;770;543;-1;-85
;ServiceLog;md;1419860976629;2G;EDGE;1;250;1;770;543;-1;-81
;ServiceLog;md;1419860977661;2G;EDGE;1;250;1;770;543;-1;-81
;ServiceLog;md;1419860978674;2G;EDGE;1;250;1;770;543;-1;-81
;ServiceLog;md;1419860979690;2G;EDGE;1;250;1;770;543;-1;-71
;ServiceLog;md;1419860980730;2G;EDGE;1;250;1;770;543;-1;-71
;ServiceLog;md;1419860981743;2G;EDGE;1;250;1;770;543;-1;-71
;ServiceLog;md;1419860982762;2G;EDGE;1;250;1;770;543;-1;-71
;ServiceLog;md;1419860983796;2G;EDGE;1;250;1;770;543;-1;-71
;ServiceLog;md;1419860984834;2G;EDGE;1;250;1;770;543;-1;-71
;ServiceLog;md;1419860985875;2G;EDGE;1;250;1;770;543;-1;-73
;ServiceLog;md;1419860986939;2G;EDGE;1;250;1;770;543;-1;-73
;ServiceLog;md;1419860987972;2G;EDGE;1;250;1;770;543;-1;-73
;ServiceLog;md;1419860989040;2G;EDGE;1;250;1;770;543;-1;-73
;ServiceLog;md;1419860990057;2G;EDGE;1;250;1;770;543;-1;-73
;ServiceLog;md;1419860991098;2G;EDGE;1;250;1;770;543;-1;-73
;ServiceLog;md;1419860992115;2G;EDGE;1;250;1;770;543;-1;-73
;ServiceLog;md;1419860993154;2G;EDGE;1;250;1;770;543;-1;-73
;ServiceLog;md;1419860994190;2G;EDGE;1;250;1;770;543;-1;-73
;ServiceLog;md;1419860995223;2G;EDGE;1;250;1;770;543;-1;-73
;ServiceLog;md;1419860996256;2G;EDGE;1;250;1;770;543;-1;-73
;ServiceLog;md;1419860997296;2G;EDGE;1;250;1;770;543;-1;-73
;ServiceLog;md;1419860998330;2G;EDGE;1;250;1;770;543;-1;-73
;ServiceLog;md;1419860999369;2G;EDGE;1;250;1;770;543;-1;-73
;ServiceLog;md;1419861000403;2G;EDGE;1;250;1;770;543;-1;-73
;ServiceLog;md;1419861001431;2G;EDGE;1;250;1;770;543;-1;-73
;ServiceLog;md;1419861002466;2G;EDGE;1;250;1;770;543;-1;-73
;ServiceLog;md;1419861003501;2G;EDGE;1;250;1;770;543;-1;-73
;ServiceLog;md;1419861004536;2G;EDGE;1;250;1;770;543;-1;-73
;ServiceLog;md;1419861005674;2G;EDGE;1;250;1;770;543;-1;-73
;ServiceLog;md;1419861006730;2G;EDGE;1;250;1;770;543;-1;-73
;ServiceLog;md;1419861007768;2G;EDGE;1;250;1;770;543;-1;-73
;ServiceLog;md;1419861008805;2G;EDGE;1;250;1;770;543;-1;-73
;ServiceLog;md;1419861009845;2G;EDGE;1;250;1;770;543;-1;-73
;ServiceLog;md;1419861010893;2G;EDGE;1;250;1;770;543;-1;-73
;ServiceLog;md;1419861011929;2G;EDGE;1;250;1;770;543;-1;-73
;ServiceLog;md;1419861012947;2G;EDGE;1;250;1;770;543;-1;-73
;ServiceLog;md;1419861013985;2G;EDGE;1;250;1;770;543;-1;-73
;ServiceLog;md;1419861015023;2G;EDGE;1;250;1;770;543;-1;-73
;ServiceLog;md;1419861016394;2G;EDGE;1;250;1;770;543;-1;-73
;ServiceLog;md;1419861017442;2G;EDGE;1;250;1;770;543;-1;-73
;ServiceLog;md;1419861018490;2G;EDGE;1;250;1;770;543;-1;-95
;ServiceLog;md;1419861019519;2G;EDGE;1;250;1;770;543;-1;-95
;ServiceLog;md;1419861020542;2G;EDGE;1;250;1;770;543;-1;-95
;ServiceLog;md;1419861021567;2G;EDGE;1;250;1;770;543;-1;-95
;ServiceLog;md;1419861022604;2G;EDGE;1;250;1;770;543;-1;-95
;ServiceLog;md;1419861023703;2G;EDGE;1;250;1;770;543;-1;-95
;ServiceLog;md;1419861024736;2G;EDGE;1;250;1;770;543;-1;-95
;ServiceLog;md;1419861025780;unknown;unknown;1;-1;-1;-1;-1;-1;-1
;ServiceLog;md;1419861026842;unknown;unknown;1;-1;-1;-1;-1;-1;-1
;ServiceLog;md;1419861027994;unknown;unknown;1;-1;-1;-1;-1;-1;-1
;ServiceLog;md;1419861029019;unknown;unknown;1;-1;-1;-1;-1;-1;-1
;ServiceLog;md;1419861030036;unknown;unknown;1;-1;-1;-1;-1;-1;-1
;ServiceLog;md;1419861031047;unknown;unknown;1;-1;-1;-1;-1;-1;-1
;ServiceLog;md;1419861032060;unknown;unknown;1;-1;-1;-1;-1;-1;-1
;ServiceLog;md;1419861033072;unknown;unknown;1;-1;-1;-1;-1;-1;-1
;ServiceLog;md;1419861034085;unknown;unknown;1;-1;-1;-1;-1;-1;-1
;ServiceLog;md;1419861035098;unknown;unknown;1;-1;-1;-1;-1;-1;-1
;ServiceLog;md;1419861036114;unknown;unknown;1;-1;-1;-1;-1;-1;-1
;ServiceLog;md;1419861037166;unknown;unknown;1;-1;-1;-1;-1;-1;-1
;ServiceLog;md;1419861038210;unknown;unknown;1;-1;-1;-1;-1;-1;-1
;ServiceLog;md;1419861039227;unknown;unknown;1;-1;-1;-1;-1;-1;-1
;ServiceLog;md;1419861040262;unknown;unknown;1;-1;-1;-1;-1;-1;-1
;ServiceLog;md;1419861041292;unknown;unknown;1;-1;-1;-1;-1;-1;-1
;ServiceLog;md;1419861042323;unknown;unknown;1;-1;-1;-1;-1;-1;-1
;ServiceLog;md;1419861043353;unknown;unknown;1;-1;-1;-1;-1;-1;-1
;ServiceLog;md;1419861044390;unknown;unknown;1;-1;-1;-1;-1;-1;-1
;ServiceLog;md;1419861045478;unknown;unknown;1;-1;-1;-1;-1;-1;-1
;ServiceLog;md;1419861046513;unknown;unknown;1;-1;-1;-1;-1;-1;-1
;ServiceLog;md;1419861047542;unknown;unknown;1;-1;-1;-1;-1;-1;-1
;ServiceLog;md;1419861048572;unknown;unknown;1;-1;-1;-1;-1;-1;-1
;ServiceLog;md;1419861049586;unknown;unknown;1;-1;-1;-1;-1;-1;-1
;ServiceLog;md;1419861050617;unknown;unknown;1;-1;-1;-1;-1;-1;-1
;ServiceLog;md;1419861051652;unknown;unknown;1;-1;-1;-1;-1;-1;-1
;ServiceLog;md;1419861052684;unknown;unknown;1;-1;-1;-1;-1;-1;-1
;ServiceLog;md;1419861053719;unknown;unknown;1;-1;-1;-1;-1;-1;-1
;ServiceLog;md;1419861054733;unknown;unknown;1;-1;-1;-1;-1;-1;-1
;ServiceLog;md;1419861055769;unknown;unknown;1;-1;-1;-1;-1;-1;-1
;ServiceLog;md;1419861056803;unknown;unknown;1;-1;-1;-1;-1;-1;-1
;ServiceLog;md;1419861057835;unknown;unknown;1;-1;-1;-1;-1;-1;-1
;ServiceLog;md;1419861058864;unknown;unknown;1;-1;-1;-1;-1;-1;-1
;ServiceLog;md;1419861059878;unknown;unknown;1;-1;-1;-1;-1;-1;-1
;ServiceLog;md;1419861060925;unknown;unknown;1;-1;-1;-1;-1;-1;-1
;ServiceLog;md;1419861061954;unknown;unknown;1;-1;-1;-1;-1;-1;-1
;ServiceLog;md;1419861062985;unknown;unknown;1;-1;-1;-1;-1;-1;-1
;ServiceLog;md;1419861064027;unknown;unknown;1;-1;-1;-1;-1;-1;-1
;ServiceLog;md;1419861065042;unknown;unknown;1;-1;-1;-1;-1;-1;-1
;ServiceLog;md;1419861066071;unknown;unknown;1;-1;-1;-1;-1;-1;-1
;ServiceLog;md;1419861067099;unknown;unknown;1;-1;-1;-1;-1;-1;-1
;ServiceLog;md;1419861068132;unknown;unknown;1;-1;-1;-1;-1;-1;-1
;ServiceLog;md;1419861069143;unknown;unknown;1;-1;-1;-1;-1;-1;-1
;ServiceLog;md;1419861070157;unknown;unknown;1;-1;-1;-1;-1;-1;-1
;ServiceLog;md;1419861071190;unknown;unknown;1;-1;-1;-1;-1;-1;-1
;ServiceLog;md;1419861072208;unknown;unknown;1;-1;-1;-1;-1;-1;-1
;ServiceLog;md;1419861073226;unknown;unknown;1;-1;-1;-1;-1;-1;-1
;ServiceLog;md;1419861074255;unknown;unknown;1;-1;-1;-1;-1;-1;-1
;ServiceLog;md;1419861075269;unknown;unknown;1;-1;-1;-1;-1;-1;-1
;ServiceLog;md;1419861076314;unknown;unknown;1;-1;-1;-1;-1;-1;-1
;ServiceLog;md;1419861077348;unknown;unknown;1;-1;-1;-1;-1;-1;-1
;ServiceLog;md;1419861078380;unknown;unknown;1;-1;-1;-1;-1;-1;-1
;ServiceLog;md;1419861079415;unknown;unknown;1;-1;-1;-1;-1;-1;-1
;ServiceLog;md;1419861080446;unknown;unknown;1;-1;-1;-1;-1;-1;-1
;ServiceLog;md;1419861081488;unknown;unknown;1;-1;-1;-1;-1;-1;-1
;ServiceLog;md;1419861082521;unknown;unknown;1;-1;-1;-1;-1;-1;-1
;ServiceLog;md;1419861083558;unknown;unknown;1;-1;-1;-1;-1;-1;-1
;ServiceLog;md;1419861084899;unknown;unknown;1;-1;-1;-1;-1;-1;-1
;ServiceLog;md;1419861085948;unknown;unknown;1;-1;-1;-1;-1;-1;-1
;ServiceLog;md;1419861086981;unknown;unknown;1;-1;-1;-1;-1;-1;-1
;ServiceLog;md;1419861088059;unknown;unknown;1;-1;-1;-1;-1;-1;-1
;ServiceLog;md;1419861089082;unknown;unknown;1;-1;-1;-1;-1;-1;-1
;ServiceLog;md;1419861090097;unknown;unknown;1;-1;-1;-1;-1;-1;-1
;ServiceLog;md;1419861091114;unknown;unknown;1;-1;-1;-1;-1;-1;-1
;ServiceLog;md;1419861092127;unknown;unknown;1;-1;-1;-1;-1;-1;-1
;ServiceLog;md;1419861093167;unknown;unknown;1;-1;-1;-1;-1;-1;-1
;ServiceLog;md;1419861094192;unknown;unknown;1;-1;-1;-1;-1;-1;-1
;ServiceLog;md;1419861095222;unknown;unknown;1;-1;-1;-1;-1;-1;-1
;ServiceLog;md;1419861096233;unknown;unknown;1;-1;-1;-1;-1;-1;-1
;ServiceLog;md;1419861097247;unknown;unknown;1;-1;-1;-1;-1;-1;-1
;ServiceLog;md;1419861098277;unknown;unknown;1;-1;-1;-1;-1;-1;-1
;ServiceLog;md;1419861099307;unknown;unknown;1;-1;-1;-1;-1;-1;-1
;ServiceLog;md;1419861100344;unknown;unknown;1;-1;-1;-1;-1;-1;-1
;ServiceLog;md;1419861101374;unknown;unknown;1;-1;-1;-1;-1;-1;-1
;ServiceLog;md;1419861102388;unknown;unknown;1;-1;-1;-1;-1;-1;-1
;ServiceLog;md;1419861103417;unknown;unknown;1;-1;-1;-1;-1;-1;-1
;ServiceLog;md;1419861104431;unknown;unknown;1;-1;-1;-1;-1;-1;-1
;ServiceLog;md;1419861105462;unknown;unknown;1;-1;-1;-1;-1;-1;-1
;ServiceLog;md;1419861106477;unknown;unknown;1;-1;-1;-1;-1;-1;-1
;ServiceLog;md;1419861107511;unknown;unknown;1;-1;-1;-1;-1;-1;-1
;ServiceLog;md;1419861108543;unknown;unknown;1;-1;-1;-1;-1;-1;-1
;ServiceLog;md;1419861109573;unknown;unknown;1;-1;-1;-1;-1;-1;-1
;ServiceLog;md;1419861110601;unknown;unknown;1;-1;-1;-1;-1;-1;-1
;ServiceLog;md;1419861111615;unknown;unknown;1;-1;-1;-1;-1;-1;-1
;ServiceLog;md;1419861112645;unknown;unknown;1;-1;-1;-1;-1;-1;-1
;ServiceLog;md;1419861113676;unknown;unknown;1;-1;-1;-1;-1;-1;-1
;ServiceLog;md;1419861114720;unknown;unknown;1;-1;-1;-1;-1;-1;-1
;ServiceLog;md;1419861115748;unknown;unknown;1;-1;-1;-1;-1;-1;-1
;ServiceLog;md;1419861116765;unknown;unknown;1;-1;-1;-1;-1;-1;-1
;ServiceLog;md;1419861117780;unknown;unknown;1;-1;-1;-1;-1;-1;-1
;ServiceLog;md;1419861118801;unknown;unknown;1;-1;-1;-1;-1;-1;-1
;ServiceLog;md;1419861119821;unknown;unknown;1;-1;-1;-1;-1;-1;-1
;ServiceLog;md;1419861120872;unknown;unknown;1;-1;-1;-1;-1;-1;-1
;ServiceLog;md;1419861121888;unknown;unknown;1;-1;-1;-1;-1;-1;-1
;ServiceLog;md;1419861122926;unknown;unknown;1;-1;-1;-1;-1;-1;-1
;ServiceLog;md;1419861124069;unknown;unknown;1;-1;-1;-1;-1;-1;-1
;ServiceLog;md;1419861125136;unknown;unknown;1;-1;-1;-1;-1;-1;-1
;ServiceLog;md;1419861126166;unknown;unknown;1;-1;-1;-1;-1;-1;-1
;ServiceLog;md;1419861127194;unknown;unknown;1;-1;-1;-1;-1;-1;-1
;ServiceLog;md;1419861128225;unknown;unknown;1;-1;-1;-1;-1;-1;-1
;ServiceLog;md;1419861129241;unknown;unknown;1;-1;-1;-1;-1;-1;-1
;ServiceLog;md;1419861130271;unknown;unknown;1;-1;-1;-1;-1;-1;-1
;ServiceLog;md;1419861131308;unknown;unknown;1;-1;-1;-1;-1;-1;-1
;ServiceLog;md;1419861132342;unknown;unknown;1;-1;-1;-1;-1;-1;-1
;ServiceLog;md;1419861133374;unknown;unknown;1;-1;-1;-1;-1;-1;-1
;ServiceLog;md;1419861134406;unknown;unknown;1;-1;-1;-1;-1;-1;-1
;ServiceLog;md;1419861135439;unknown;unknown;1;-1;-1;-1;-1;-1;-1
;ServiceLog;md;1419861136474;unknown;unknown;1;-1;-1;-1;-1;-1;-1
;ServiceLog;md;1419861137486;unknown;unknown;1;-1;-1;-1;-1;-1;-1
;ServiceLog;md;1419861138507;unknown;unknown;1;-1;-1;-1;-1;-1;-1
;ServiceLog;md;1419861139537;unknown;unknown;1;-1;-1;-1;-1;-1;-1
;ServiceLog;md;1419861140569;unknown;unknown;1;-1;-1;-1;-1;-1;-1
;ServiceLog;md;1419861141599;unknown;unknown;1;-1;-1;-1;-1;-1;-1
;ServiceLog;md;1419861142629;unknown;unknown;1;-1;-1;-1;-1;-1;-1
;ServiceLog;md;1419861143659;unknown;unknown;1;-1;-1;-1;-1;-1;-1
;ServiceLog;md;1419861144690;unknown;unknown;1;-1;-1;-1;-1;-1;-1
;ServiceLog;md;1419861145725;unknown;unknown;1;-1;-1;-1;-1;-1;-1
;ServiceLog;md;1419861146756;unknown;unknown;1;-1;-1;-1;-1;-1;-1
;ServiceLog;md;1419861147786;unknown;unknown;1;-1;-1;-1;-1;-1;-1
;ServiceLog;md;1419861148817;unknown;unknown;1;-1;-1;-1;-1;-1;-1
;ServiceLog;md;1419861149855;unknown;unknown;1;-1;-1;-1;-1;-1;-1
;ServiceLog;md;1419861150885;unknown;unknown;1;-1;-1;-1;-1;-1;-1
;ServiceLog;md;1419861151924;unknown;unknown;1;-1;-1;-1;-1;-1;-1
;ServiceLog;md;1419861152959;unknown;unknown;1;-1;-1;-1;-1;-1;-1
;ServiceLog;md;1419861153991;unknown;unknown;1;-1;-1;-1;-1;-1;-1
;ServiceLog;md;1419861155019;unknown;unknown;1;-1;-1;-1;-1;-1;-1
;ServiceLog;md;1419861156033;unknown;unknown;1;-1;-1;-1;-1;-1;-1
;ServiceLog;md;1419861157048;unknown;unknown;1;-1;-1;-1;-1;-1;-1
;ServiceLog;md;1419861158190;unknown;unknown;1;-1;-1;-1;-1;-1;-1
;ServiceLog;md;1419861159204;unknown;unknown;1;-1;-1;-1;-1;-1;-1
;ServiceLog;md;1419861160234;unknown;unknown;1;-1;-1;-1;-1;-1;-1
;ServiceLog;md;1419861161264;unknown;unknown;1;-1;-1;-1;-1;-1;-1
;ServiceLog;md;1419861162293;unknown;unknown;1;-1;-1;-1;-1;-1;-1
;ServiceLog;md;1419861163305;unknown;unknown;1;-1;-1;-1;-1;-1;-1
;ServiceLog;md;1419861164323;unknown;unknown;1;-1;-1;-1;-1;-1;-1
;ServiceLog;md;1419861165340;unknown;unknown;1;-1;-1;-1;-1;-1;-1
;ServiceLog;md;1419861166367;unknown;unknown;1;-1;-1;-1;-1;-1;-1
;ServiceLog;md;1419861167388;2G;EDGE;1;250;1;770;543;-1;-79
;ServiceLog;md;1419861168435;2G;EDGE;1;250;1;770;543;-1;-79
;ServiceLog;md;1419861169509;2G;EDGE;1;250;1;770;543;-1;-79
;ServiceLog;md;1419861170537;2G;EDGE;1;250;1;770;543;-1;-81
;ServiceLog;md;1419861171943;2G;EDGE;1;250;1;770;543;-1;-81
;ServiceLog;md;1419861172964;2G;EDGE;1;250;1;770;543;-1;-81
;ServiceLog;md;1419861173982;2G;EDGE;1;250;1;770;543;-1;-81
;ServiceLog;md;1419861175001;2G;EDGE;1;250;1;770;543;-1;-81
;ServiceLog;md;1419861176037;2G;EDGE;1;250;1;770;543;-1;-73
;ServiceLog;md;1419861177065;2G;EDGE;1;250;1;770;543;-1;-73
;ServiceLog;md;1419861178124;2G;EDGE;1;250;1;770;543;-1;-73
;ServiceLog;md;1419861179167;2G;EDGE;1;250;1;770;543;-1;-71
;ServiceLog;md;1419861180213;2G;EDGE;1;250;1;770;543;-1;-71
;ServiceLog;md;1419861181233;2G;EDGE;1;250;1;770;543;-1;-71
;ServiceLog;md;1419861182247;2G;EDGE;1;250;1;770;543;-1;-75
;ServiceLog;md;1419861183262;2G;EDGE;1;250;1;770;543;-1;-75
;ServiceLog;md;1419861184289;2G;EDGE;1;250;1;770;543;-1;-75
;ServiceLog;md;1419861185332;2G;EDGE;1;250;1;770;543;-1;-79
;ServiceLog;md;1419861186393;2G;EDGE;1;250;1;770;543;-1;-79
;ServiceLog;md;1419861187420;2G;EDGE;1;250;1;770;543;-1;-79
;ServiceLog;md;1419861188436;2G;EDGE;1;250;1;770;543;-1;-79
;ServiceLog;md;1419861189454;2G;EDGE;1;250;1;770;543;-1;-79
;ServiceLog;md;1419861190488;2G;EDGE;1;250;1;770;543;-1;-79
;ServiceLog;md;1419861191531;2G;EDGE;1;250;1;770;543;-1;-79
;ServiceLog;md;1419861192579;2G;EDGE;1;250;1;770;543;-1;-79
;ServiceLog;md;1419861193620;2G;EDGE;1;250;1;770;543;-1;-79
;ServiceLog;md;1419861194639;2G;EDGE;1;250;1;770;543;-1;-79
;ServiceLog;md;1419861195674;2G;EDGE;1;250;1;770;543;-1;-79
;ServiceLog;md;1419861196729;2G;EDGE;1;250;1;770;543;-1;-79
;ServiceLog;md;1419861197765;2G;EDGE;1;250;1;770;543;-1;-79
;ServiceLog;md;1419861198808;2G;EDGE;1;250;1;770;543;-1;-79
;ServiceLog;md;1419861199848;2G;EDGE;1;250;1;770;543;-1;-79
;ServiceLog;md;1419861200896;2G;EDGE;1;250;1;770;543;-1;-79
;ServiceLog;md;1419861201932;2G;EDGE;1;250;1;770;543;-1;-79
;ServiceLog;md;1419861202967;2G;EDGE;1;250;1;770;543;-1;-79
;ServiceLog;md;1419861203984;2G;EDGE;1;250;1;770;543;-1;-79
;ServiceLog;md;1419861205004;2G;EDGE;1;250;1;770;543;-1;-79
;ServiceLog;md;1419861206039;2G;EDGE;1;250;1;770;543;-1;-79
;ServiceLog;md;1419861207074;2G;EDGE;1;250;1;770;543;-1;-79
;ServiceLog;md;1419861208109;2G;EDGE;1;250;1;770;543;-1;-79
;ServiceLog;md;1419861209127;2G;EDGE;1;250;1;770;543;-1;-79
;ServiceLog;md;1419861210164;2G;EDGE;1;250;1;770;543;-1;-79
;ServiceLog;md;1419861211199;2G;EDGE;1;250;1;770;543;-1;-79
;ServiceLog;md;1419861212240;2G;EDGE;1;250;1;770;543;-1;-79
;ServiceLog;md;1419861213277;unknown;unknown;1;-1;-1;-1;-1;-1;-1
;ServiceLog;md;1419861214294;unknown;unknown;1;-1;-1;-1;-1;-1;-1
;ServiceLog;md;1419861215324;unknown;unknown;1;-1;-1;-1;-1;-1;-1
;ServiceLog;md;1419861216362;unknown;unknown;1;-1;-1;-1;-1;-1;-1
;ServiceLog;md;1419861217399;unknown;unknown;1;-1;-1;-1;-1;-1;-1
;ServiceLog;md;1419861218435;unknown;unknown;1;-1;-1;-1;-1;-1;-1
;ServiceLog;md;1419861219466;unknown;unknown;1;-1;-1;-1;-1;-1;-1
;ServiceLog;md;1419861220505;unknown;unknown;1;-1;-1;-1;-1;-1;-1
;ServiceLog;md;1419861221538;unknown;unknown;1;-1;-1;-1;-1;-1;-1
;ServiceLog;md;1419861222576;unknown;unknown;1;-1;-1;-1;-1;-1;-1
;ServiceLog;md;1419861223614;unknown;unknown;1;-1;-1;-1;-1;-1;-1
;ServiceLog;md;1419861224647;unknown;unknown;1;-1;-1;-1;-1;-1;-1
;ServiceLog;md;1419861225685;unknown;unknown;1;-1;-1;-1;-1;-1;-1
;ServiceLog;md;1419861226716;unknown;unknown;1;-1;-1;-1;-1;-1;-1
;ServiceLog;md;1419861227757;unknown;unknown;1;-1;-1;-1;-1;-1;-1
;ServiceLog;md;1419861228793;unknown;unknown;1;-1;-1;-1;-1;-1;-1
;ServiceLog;md;1419861229875;unknown;unknown;1;-1;-1;-1;-1;-1;-1
;ServiceLog;md;1419861230892;unknown;unknown;1;-1;-1;-1;-1;-1;-1
;ServiceLog;md;1419861231923;unknown;unknown;1;-1;-1;-1;-1;-1;-1
;ServiceLog;md;1419861232955;unknown;unknown;1;-1;-1;-1;-1;-1;-1
;ServiceLog;md;1419861233986;unknown;unknown;1;-1;-1;-1;-1;-1;-1
;ServiceLog;md;1419861235027;unknown;unknown;1;-1;-1;-1;-1;-1;-1
;ServiceLog;md;1419861236052;unknown;unknown;1;-1;-1;-1;-1;-1;-1
;ServiceLog;md;1419861237179;unknown;unknown;1;-1;-1;-1;-1;-1;-1
;ServiceLog;md;1419861238211;unknown;unknown;1;-1;-1;-1;-1;-1;-1
;ServiceLog;md;1419861239226;unknown;unknown;1;-1;-1;-1;-1;-1;-1
;ServiceLog;md;1419861240238;unknown;unknown;1;-1;-1;-1;-1;-1;-1
;ServiceLog;md;1419861241251;unknown;unknown;1;-1;-1;-1;-1;-1;-1
;ServiceLog;md;1419861242263;unknown;unknown;1;-1;-1;-1;-1;-1;-1
;ServiceLog;md;1419861243277;unknown;unknown;1;-1;-1;-1;-1;-1;-1
;ServiceLog;md;1419861244319;unknown;unknown;1;-1;-1;-1;-1;-1;-1
;ServiceLog;md;1419861245338;unknown;unknown;1;-1;-1;-1;-1;-1;-1
;ServiceLog;md;1419861246364;unknown;unknown;1;-1;-1;-1;-1;-1;-1
;ServiceLog;md;1419861247411;unknown;unknown;1;-1;-1;-1;-1;-1;-1
;ServiceLog;md;1419861248458;unknown;unknown;1;-1;-1;-1;-1;-1;-1
;ServiceLog;md;1419861249499;2G;EDGE;1;250;1;770;43241;-1;-71
;ServiceLog;md;1419861250534;2G;EDGE;1;250;1;770;43241;-1;-71
;ServiceLog;md;1419861251569;2G;EDGE;1;250;1;770;43241;-1;-71
;ServiceLog;md;1419861252604;2G;EDGE;1;250;1;770;43241;-1;-81
;ServiceLog;md;1419861253642;2G;EDGE;1;250;1;770;43241;-1;-81
;ServiceLog;md;1419861254681;2G;EDGE;1;250;1;770;43241;-1;-81
;ServiceLog;md;1419861255700;2G;EDGE;1;250;1;770;43241;-1;-81
;ServiceLog;md;1419861256714;2G;EDGE;1;250;1;770;43241;-1;-81
;ServiceLog;md;1419861257730;2G;EDGE;1;250;1;770;43241;-1;-81
;ServiceLog;md;1419861258768;2G;EDGE;1;250;1;770;43241;-1;-77
;ServiceLog;md;1419861259803;2G;EDGE;1;250;1;770;43241;-1;-77
;ServiceLog;md;1419861260839;2G;EDGE;1;250;1;770;43241;-1;-77
;ServiceLog;md;1419861261873;2G;EDGE;1;250;1;770;43241;-1;-73
;ServiceLog;md;1419861262897;2G;EDGE;1;250;1;770;43241;-1;-73
;ServiceLog;md;1419861263943;2G;EDGE;1;250;1;770;43241;-1;-73
;ServiceLog;md;1419861264974;2G;EDGE;1;250;1;770;43241;-1;-73
;ServiceLog;md;1419861266021;2G;EDGE;1;250;1;770;43241;-1;-73
;ServiceLog;md;1419861267042;2G;EDGE;1;250;1;770;43241;-1;-73
;ServiceLog;md;1419861268076;2G;EDGE;1;250;1;770;43241;-1;-73
;ServiceLog;md;1419861269118;2G;EDGE;1;250;1;770;43241;-1;-73
;ServiceLog;md;1419861270161;2G;EDGE;1;250;1;770;43241;-1;-73
;ServiceLog;md;1419861271226;2G;EDGE;1;250;1;770;43241;-1;-73
;ServiceLog;md;1419861272245;2G;EDGE;1;250;1;770;43241;-1;-73
;ServiceLog;md;1419861273288;2G;EDGE;1;250;1;770;43241;-1;-73
;ServiceLog;md;1419861274341;2G;EDGE;1;250;1;770;43241;-1;-73
;ServiceLog;md;1419861275389;2G;EDGE;1;250;1;770;43241;-1;-73
;ServiceLog;md;1419861276437;2G;EDGE;1;250;1;770;43241;-1;-73
;ServiceLog;md;1419861277458;2G;EDGE;1;250;1;770;43241;-1;-73
;ServiceLog;md;1419861278504;2G;EDGE;1;250;1;770;43241;-1;-73
;ServiceLog;md;1419861279526;2G;EDGE;1;250;1;770;43241;-1;-73
;ServiceLog;md;1419861280578;2G;EDGE;1;250;1;770;43241;-1;-73
;ServiceLog;md;1419861281623;2G;EDGE;1;250;1;770;43241;-1;-73
;ServiceLog;md;1419861282643;2G;EDGE;1;250;1;770;43241;-1;-73
;ServiceLog;md;1419861283692;2G;EDGE;1;250;1;770;43241;-1;-73
;ServiceLog;md;1419861284744;2G;EDGE;1;250;1;770;43241;-1;-73
;ServiceLog;md;1419861285790;2G;EDGE;1;250;1;770;43241;-1;-73
;ServiceLog;md;1419861286847;2G;EDGE;1;250;1;770;43241;-1;-73
;ServiceLog;md;1419861287868;2G;EDGE;1;250;1;770;43241;-1;-73
;ServiceLog;md;1419861288904;2G;EDGE;1;250;1;770;43241;-1;-73
;ServiceLog;md;1419861289940;2G;EDGE;1;250;1;770;43241;-1;-73
;ServiceLog;md;1419861290972;2G;EDGE;1;250;1;770;43241;-1;-73
;ServiceLog;md;1419861291989;2G;EDGE;1;250;1;770;43241;-1;-73
;ServiceLog;md;1419861293008;2G;EDGE;1;250;1;770;43241;-1;-73
;ServiceLog;md;1419861294046;2G;EDGE;1;250;1;770;43241;-1;-73
;ServiceLog;md;1419861295088;2G;EDGE;1;250;1;770;43241;-1;-73
;ServiceLog;md;1419861296124;2G;EDGE;1;250;1;770;43241;-1;-73
;ServiceLog;md;1419861297161;2G;EDGE;1;250;1;770;43241;-1;-73
;ServiceLog;md;1419861298197;2G;EDGE;1;250;1;770;43241;-1;-73
;ServiceLog;md;1419861299242;2G;EDGE;1;250;1;770;43241;-1;-73
;ServiceLog;md;1419861300543;2G;EDGE;1;250;1;770;43241;-1;-73
;ServiceLog;md;1419861301559;2G;EDGE;1;250;1;770;43241;-1;-73
;ServiceLog;md;1419861302576;2G;EDGE;1;250;1;770;43241;-1;-73
;ServiceLog;md;1419861303605;2G;EDGE;1;250;1;770;43241;-1;-73
;ServiceLog;md;1419861304621;2G;EDGE;1;250;1;770;43241;-1;-73
;ServiceLog;md;1419861305645;2G;EDGE;1;250;1;770;43241;-1;-73
;ServiceLog;md;1419861306662;2G;EDGE;1;250;1;770;43241;-1;-73
;ServiceLog;md;1419861307689;2G;EDGE;1;250;1;770;43241;-1;-73
;ServiceLog;md;1419861308715;2G;EDGE;1;250;1;770;43241;-1;-73
;ServiceLog;md;1419861309746;2G;EDGE;1;250;1;770;43241;-1;-73
;ServiceLog;md;1419861310990;2G;EDGE;1;250;1;770;43241;-1;-73
;ServiceLog;md;1419861312009;2G;EDGE;1;250;1;770;43241;-1;-73
;ServiceLog;md;1419861313028;2G;EDGE;1;250;1;770;43241;-1;-73
;ServiceLog;md;1419861314060;2G;EDGE;1;250;1;770;43241;-1;-73
;ServiceLog;md;1419861315083;2G;EDGE;1;250;1;770;43241;-1;-73
;ServiceLog;md;1419861316101;2G;EDGE;1;250;1;770;43241;-1;-73
;ServiceLog;md;1419861317120;2G;EDGE;1;250;1;770;43241;-1;-73
;ServiceLog;md;1419861318148;2G;EDGE;1;250;1;770;43241;-1;-73
;ServiceLog;md;1419861319186;2G;EDGE;1;250;1;770;43241;-1;-73
;ServiceLog;md;1419861320230;2G;EDGE;1;250;1;770;43241;-1;-73
;ServiceLog;md;1419861321249;2G;EDGE;1;250;1;770;43241;-1;-73
;ServiceLog;md;1419861322300;2G;EDGE;1;250;1;770;43241;-1;-73
;ServiceLog;md;1419861323334;2G;EDGE;1;250;1;770;43241;-1;-73
;ServiceLog;md;1419861324414;2G;EDGE;1;250;1;770;43241;-1;-73
;ServiceLog;md;1419861325447;2G;EDGE;1;250;1;770;43241;-1;-73
;ServiceLog;md;1419861326466;2G;EDGE;1;250;1;770;43241;-1;-73
;ServiceLog;md;1419861327499;2G;EDGE;1;250;1;770;43241;-1;-73
;ServiceLog;md;1419861328533;2G;EDGE;1;250;1;770;43241;-1;-73
;ServiceLog;md;1419861329567;2G;EDGE;1;250;1;770;43241;-1;-73
;ServiceLog;md;1419861330605;2G;EDGE;1;250;1;770;43241;-1;-73
;ServiceLog;md;1419861331622;2G;EDGE;1;250;1;770;43241;-1;-73
;ServiceLog;md;1419861332656;2G;EDGE;1;250;1;770;43241;-1;-73
;ServiceLog;md;1419861333690;2G;EDGE;1;250;1;770;43241;-1;-73
;ServiceLog;md;1419861334724;2G;EDGE;1;250;1;770;43241;-1;-73
;ServiceLog;md;1419861335767;2G;EDGE;1;250;1;770;43241;-1;-73
;ServiceLog;md;1419861336804;2G;EDGE;1;250;1;770;43241;-1;-73
;ServiceLog;md;1419861337854;2G;EDGE;1;250;1;770;43241;-1;-73
;ServiceLog;md;1419861343130;2G;EDGE;1;250;1;770;43241;-1;-73
;ServiceLog;md;1419861344195;2G;EDGE;1;250;1;770;43241;-1;-73
;ServiceLog;md;1419861345232;2G;EDGE;1;250;1;770;43241;-1;-73
;ServiceLog;md;1419861346257;2G;EDGE;1;250;1;770;43241;-1;-73
;ServiceLog;md;1419861347292;2G;EDGE;1;250;1;770;43241;-1;-73
;ServiceLog;md;1419861348344;2G;EDGE;1;250;1;770;43241;-1;-73
;ServiceLog;md;1419861349362;2G;EDGE;1;250;1;770;43241;-1;-73
;ServiceLog;md;1419861350406;2G;EDGE;1;250;1;770;43241;-1;-73
;ServiceLog;md;1419861351423;2G;EDGE;1;250;1;770;43241;-1;-73
;ServiceLog;md;1419861352462;2G;EDGE;1;250;1;770;43241;-1;-73
;ServiceLog;md;1419861353499;2G;EDGE;1;250;1;770;43241;-1;-73
;ServiceLog;md;1419861354558;2G;EDGE;1;250;1;770;43241;-1;-73
;ServiceLog;md;1419861355594;2G;EDGE;1;250;1;770;43241;-1;-73
;ServiceLog;md;1419861356611;2G;EDGE;1;250;1;770;43241;-1;-73
;ServiceLog;md;1419861357645;2G;EDGE;1;250;1;770;43241;-1;-73
;ServiceLog;md;1419861358678;2G;EDGE;1;250;1;770;43241;-1;-73
;ServiceLog;md;1419861359728;2G;EDGE;1;250;1;770;43241;-1;-73
;ServiceLog;md;1419861360750;2G;EDGE;1;250;1;770;43241;-1;-73
;ServiceLog;md;1419861361803;2G;EDGE;1;250;1;770;43241;-1;-73
;ServiceLog;md;1419861362856;2G;EDGE;1;250;1;770;43241;-1;-73
;ServiceLog;md;1419861363902;2G;EDGE;1;250;1;770;43241;-1;-73
;ServiceLog;md;1419861364939;2G;EDGE;1;250;1;770;43241;-1;-73
;ServiceLog;md;1419861365985;2G;EDGE;1;250;1;770;43241;-1;-73
;ServiceLog;md;1419861367004;2G;EDGE;1;250;1;770;43241;-1;-73
;ServiceLog;md;1419861368073;2G;EDGE;1;250;1;770;43241;-1;-73
;ServiceLog;md;1419861369112;2G;EDGE;1;250;1;770;43241;-1;-73
;ServiceLog;md;1419861370129;2G;EDGE;1;250;1;770;43241;-1;-73
;ServiceLog;md;1419861371169;2G;EDGE;1;250;1;770;43241;-1;-73
;ServiceLog;md;1419861372209;2G;EDGE;1;250;1;770;43241;-1;-73
;ServiceLog;md;1419861373246;2G;EDGE;1;250;1;770;43241;-1;-73
;ServiceLog;md;1419861374298;2G;EDGE;1;250;1;770;43241;-1;-73
;ServiceLog;md;1419861375317;2G;EDGE;1;250;1;770;43241;-1;-73
;ServiceLog;md;1419861376363;2G;EDGE;1;250;1;770;43241;-1;-73
;ServiceLog;md;1419861377400;2G;EDGE;1;250;1;770;43241;-1;-73
;ServiceLog;md;1419861378445;2G;EDGE;1;250;1;770;43241;-1;-73
;ServiceLog;md;1419861379490;2G;EDGE;1;250;1;770;43241;-1;-73
;ServiceLog;md;1419861380531;2G;EDGE;1;250;1;770;43241;-1;-73
;ServiceLog;md;1419861381590;2G;EDGE;1;250;1;770;43241;-1;-73
;ServiceLog;md;1419861382609;2G;EDGE;1;250;1;770;43241;-1;-73
;ServiceLog;md;1419861383716;2G;EDGE;1;250;1;770;43241;-1;-73
;ServiceLog;md;1419861384734;2G;EDGE;1;250;1;770;43241;-1;-73
;ServiceLog;md;1419861385768;2G;EDGE;1;250;1;770;43241;-1;-73
;ServiceLog;md;1419861386817;2G;EDGE;1;250;1;770;43241;-1;-73
;ServiceLog;md;1419861386305;2G;EDGE;1;250;1;770;43241;-1;-73
;ServiceLog;md;1419861387346;2G;EDGE;1;250;1;770;43241;-1;-73
;ServiceLog;md;1419861388365;2G;EDGE;1;250;1;770;43241;-1;-73
;ServiceLog;md;1419861389400;2G;EDGE;1;250;1;770;43241;-1;-73
;ServiceLog;md;1419861390436;2G;EDGE;1;250;1;770;43241;-1;-73
;ServiceLog;md;1419861390436;2G;EDGE;250-1-770-43241;250;1;770;43241;-1;-101
;ServiceLog;md;1419861391485;2G;EDGE;1;250;1;770;43241;-1;-73
;ServiceLog;md;1419861391485;2G;EDGE;250-1-770-43241;250;1;770;43241;-1;-101
;ServiceLog;md;1419861392524;2G;EDGE;1;250;1;770;43241;-1;-73
;ServiceLog;md;1419861392524;2G;EDGE;250-1-770-43241;250;1;770;43241;-1;-101
;ServiceLog;md;1419861393564;2G;EDGE;1;250;1;770;43241;-1;-73
;ServiceLog;md;1419861393564;2G;EDGE;250-1-770-43241;250;1;770;43241;-1;-103
;ServiceLog;md;1419861394610;2G;EDGE;1;250;1;770;43241;-1;-73
;ServiceLog;md;1419861394610;2G;EDGE;250-1-770-43241;250;1;770;43241;-1;-103
;ServiceLog;md;1419861395649;2G;EDGE;1;250;1;770;43241;-1;-73
;ServiceLog;md;1419861395649;2G;EDGE;250-1-770-43241;250;1;770;43241;-1;-105
;ServiceLog;md;1419861396679;2G;EDGE;1;250;1;770;43241;-1;-73
;ServiceLog;md;1419861396679;2G;EDGE;250-1-770-43241;250;1;770;43241;-1;-105
;ServiceLog;md;1419861397715;2G;EDGE;1;250;1;770;43241;-1;-73
;ServiceLog;md;1419861398752;2G;EDGE;1;250;1;770;43241;-1;-73
;ServiceLog;md;1419861399785;2G;EDGE;1;250;1;770;43241;-1;-73
;ServiceLog;md;1419861400802;2G;EDGE;1;250;1;770;43241;-1;-73
;ServiceLog;md;1419861401818;2G;EDGE;1;250;1;770;43241;-1;-73
;ServiceLog;md;1419861402834;2G;EDGE;1;250;1;770;43241;-1;-73
;ServiceLog;md;1419861403875;2G;EDGE;1;250;1;770;43241;-1;-73
;ServiceLog;md;1419861404915;2G;EDGE;1;250;1;660;11021;-1;-83
;ServiceLog;md;1419861406047;2G;EDGE;1;250;1;660;11021;-1;-83
;ServiceLog;md;1419861407082;2G;EDGE;1;250;1;660;11021;-1;-83
;ServiceLog;md;1419861408141;2G;EDGE;1;250;1;660;11021;-1;-81
;ServiceLog;md;1419861409160;2G;EDGE;1;250;1;660;11021;-1;-81
;ServiceLog;md;1419861410179;3G;UMTS;1;250;1;660;6944756;-1;-81
;ServiceLog;md;1419861411218;3G;UMTS;1;250;1;660;6944756;-1;-81
;ServiceLog;md;1419861412291;3G;UMTS;1;250;1;660;6944756;-1;-65
;ServiceLog;md;1419861413598;3G;UMTS;1;250;1;660;6944756;-1;-65
;ServiceLog;md;1419861414616;3G;UMTS;1;250;1;660;6944756;-1;-65
;ServiceLog;md;1419861415639;3G;UMTS;1;250;1;660;6944756;-1;-65
;ServiceLog;md;1419861416657;3G;UMTS;1;250;1;660;6944756;-1;-65
;ServiceLog;md;1419861417678;3G;UMTS;1;250;1;660;6944756;-1;-67
;ServiceLog;md;1419861418707;3G;UMTS;1;250;1;660;6944756;-1;-67
;ServiceLog;md;1419861419729;3G;UMTS;1;250;1;660;6944756;-1;-67
;ServiceLog;md;1419861420753;3G;UMTS;1;250;1;660;6944756;-1;-67
;ServiceLog;md;1419861421794;3G;UMTS;1;250;1;660;6944756;-1;-67
;ServiceLog;md;1419861422818;3G;UMTS;1;250;1;660;6944756;-1;-67
;ServiceLog;md;1419861423834;3G;UMTS;1;250;1;660;6944756;-1;-67
;ServiceLog;md;1419861424888;3G;UMTS;1;250;1;660;6944756;-1;-67
;ServiceLog;md;1419861425916;3G;UMTS;1;250;1;660;6944756;-1;-67
;ServiceLog;md;1419861426934;3G;UMTS;1;250;1;660;6944756;-1;-67
;ServiceLog;md;1419861427954;3G;UMTS;1;250;1;660;6944756;-1;-67
;ServiceLog;md;1419861429009;3G;UMTS;1;250;1;660;6944756;-1;-67
;ServiceLog;md;1419861430053;3G;UMTS;1;250;1;660;6944756;-1;-67
;ServiceLog;md;1419861431079;3G;UMTS;1;250;1;660;6944756;-1;-67
;ServiceLog;md;1419861432109;3G;UMTS;1;250;1;660;6944756;-1;-67
;ServiceLog;md;1419861433127;3G;UMTS;1;250;1;660;6944756;-1;-67
;ServiceLog;md;1419861434148;3G;UMTS;1;250;1;660;6944756;-1;-67
;ServiceLog;md;1419861435187;3G;UMTS;1;250;1;660;6944756;-1;-67
;ServiceLog;md;1419861436238;3G;UMTS;1;250;1;660;6944756;-1;-67
;ServiceLog;md;1419861437281;3G;UMTS;1;250;1;660;6944756;-1;-67
;ServiceLog;md;1419861438570;3G;UMTS;1;250;1;660;6944756;-1;-67
;ServiceLog;md;1419861439594;3G;UMTS;1;250;1;660;6944756;-1;-67
;ServiceLog;md;1419861440666;3G;UMTS;1;250;1;660;6944756;-1;-67
;ServiceLog;md;1419861441732;3G;UMTS;1;250;1;660;6944756;-1;-67
;ServiceLog;md;1419861442800;3G;UMTS;1;250;1;660;6944756;-1;-67
;ServiceLog;md;1419861443870;3G;UMTS;1;250;1;660;6944756;-1;-67
;ServiceLog;md;1419861444901;3G;UMTS;1;250;1;660;6944756;-1;-67
;ServiceLog;md;1419861445930;3G;UMTS;1;250;1;660;6944756;-1;-67
;ServiceLog;md;1419861446948;3G;UMTS;1;250;1;660;6944756;-1;-67
;ServiceLog;md;1419861447978;3G;UMTS;1;250;1;660;6944756;-1;-67
;ServiceLog;md;1419861449019;3G;UMTS;1;250;1;660;6944756;-1;-67
;ServiceLog;md;1419861450041;3G;UMTS;1;250;1;660;6944756;-1;-67
;ServiceLog;md;1419861451062;3G;UMTS;1;250;1;660;6944756;-1;-67
;ServiceLog;md;1419861452081;3G;UMTS;1;250;1;660;6944756;-1;-67
;ServiceLog;md;1419861453115;3G;UMTS;1;250;1;660;6944756;-1;-67
;ServiceLog;md;1419861454151;3G;UMTS;1;250;1;660;6944756;-1;-67
;ServiceLog;md;1419861455186;3G;UMTS;1;250;1;660;6944756;-1;-67
;ServiceLog;md;1419861456248;3G;UMTS;1;250;1;660;6944756;-1;-67
;ServiceLog;md;1419861457287;3G;UMTS;1;250;1;660;6944756;-1;-67
;ServiceLog;md;1419861458339;3G;UMTS;1;250;1;660;6944756;-1;-67
;ServiceLog;md;1419861459391;3G;UMTS;1;250;1;660;6944756;-1;-67
;ServiceLog;md;1419861460446;3G;UMTS;1;250;1;660;6944756;-1;-67
;ServiceLog;md;1419861461516;3G;UMTS;1;250;1;660;6944756;-1;-67
;ServiceLog;md;1419861462583;3G;UMTS;1;250;1;660;6944756;-1;-67
;ServiceLog;md;1419861463604;3G;UMTS;1;250;1;660;6944756;-1;-67
;ServiceLog;md;1419861464676;3G;UMTS;1;250;1;660;6944756;-1;-67
;ServiceLog;md;1419861465723;3G;UMTS;1;250;1;660;6944756;-1;-67
;ServiceLog;md;1419861466794;3G;UMTS;1;250;1;660;6944756;-1;-67
;ServiceLog;md;1419861467866;3G;UMTS;1;250;1;660;6944756;-1;-67
;ServiceLog;md;1419861468931;3G;UMTS;1;250;1;660;6944756;-1;-67
;ServiceLog;md;1419861469954;3G;UMTS;1;250;1;660;6944756;-1;-67
;ServiceLog;md;1419861471014;3G;UMTS;1;250;1;660;6944756;-1;-67
;ServiceLog;md;1419861472077;3G;UMTS;1;250;1;660;6944756;-1;-67
;ServiceLog;md;1419861473142;3G;UMTS;1;250;1;660;6944756;-1;-67
;ServiceLog;md;1419861474204;3G;UMTS;1;250;1;660;6944756;-1;-67
;ServiceLog;md;1419861475248;3G;UMTS;1;250;1;660;6944756;-1;-67
;ServiceLog;md;1419861476310;3G;UMTS;1;250;1;660;6944756;-1;-67
;ServiceLog;md;1419861477375;3G;UMTS;1;250;1;660;6944756;-1;-67
;ServiceLog;md;1419861478432;3G;UMTS;1;250;1;660;6944756;-1;-67
;ServiceLog;md;1419861479479;3G;UMTS;1;250;1;660;6944756;-1;-67
;ServiceLog;md;1419861480522;3G;UMTS;1;250;1;660;6944756;-1;-67
;ServiceLog;md;1419861481557;3G;UMTS;1;250;1;660;6944756;-1;-67
;ServiceLog;md;1419861482607;3G;UMTS;1;250;1;660;6944756;-1;-67
;ServiceLog;md;1419861483671;3G;UMTS;1;250;1;660;6944756;-1;-67
;ServiceLog;md;1419861484734;3G;UMTS;1;250;1;660;6944756;-1;-67
;ServiceLog;md;1419861485804;3G;UMTS;1;250;1;660;6944756;-1;-67
;ServiceLog;md;1419861486866;3G;UMTS;1;250;1;660;6944756;-1;-67
;ServiceLog;md;1419861487935;3G;UMTS;1;250;1;660;6944756;-1;-67
;ServiceLog;md;1419861488984;3G;UMTS;1;250;1;660;6944756;-1;-67
;ServiceLog;md;1419861490045;3G;UMTS;1;250;1;660;6944756;-1;-67
;ServiceLog;md;1419861491120;3G;UMTS;1;250;1;660;6944756;-1;-67
;ServiceLog;md;1419861492168;3G;UMTS;1;250;1;660;6944756;-1;-67
;ServiceLog;md;1419861493211;3G;UMTS;1;250;1;660;6892887;-1;-67
;ServiceLog;md;1419861494240;3G;UMTS;1;250;1;660;6892887;-1;-71
;ServiceLog;md;1419861495304;3G;HSDPA;1;250;1;660;6892887;-1;-73
;ServiceLog;md;1419861496392;3G;HSDPA;1;250;1;660;6892887;-1;-73
;ServiceLog;md;1419861497453;3G;HSDPA;1;250;1;660;6892887;-1;-73
;ServiceLog;md;1419861498533;3G;HSDPA;1;250;1;660;6892887;-1;-73
;ServiceLog;md;1419861499552;3G;HSDPA;1;250;1;660;6892887;-1;-73
;ServiceLog;md;1419861500569;3G;HSDPA;1;250;1;660;6892887;-1;-73
;ServiceLog;md;1419861501593;3G;HSDPA;1;250;1;660;6892887;-1;-73
;ServiceLog;md;1419861502612;3G;HSDPA;1;250;1;660;6892887;-1;-73
;ServiceLog;md;1419861503640;3G;HSDPA;1;250;1;660;6892887;-1;-73
;ServiceLog;md;1419861504657;3G;HSDPA;1;250;1;660;6892887;-1;-73
;ServiceLog;md;1419861505676;3G;HSDPA;1;250;1;660;6892887;-1;-73
;ServiceLog;md;1419861506736;3G;HSDPA;1;250;1;660;6892887;-1;-73
;ServiceLog;md;1419861507755;3G;HSDPA;1;250;1;660;6892887;-1;-73
;ServiceLog;md;1419861508803;3G;HSDPA;1;250;1;660;6892887;-1;-73
;ServiceLog;md;1419861509829;3G;HSDPA;1;250;1;660;6892887;-1;-73
;ServiceLog;md;1419861510885;3G;HSDPA;1;250;1;660;6892887;-1;-73
;ServiceLog;md;1419861511929;3G;HSDPA;1;250;1;660;6892887;-1;-73
;ServiceLog;md;1419861512946;3G;HSDPA;1;250;1;660;6892887;-1;-73
;ServiceLog;md;1419861513969;3G;HSDPA;1;250;1;660;6892887;-1;-73
;ServiceLog;md;1419861515026;3G;HSDPA;1;250;1;660;6892887;-1;-73
;ServiceLog;md;1419861516382;3G;HSDPA;1;250;1;660;6892887;-1;-73
;ServiceLog;md;1419861517424;3G;HSDPA;1;250;1;660;6892887;-1;-73
;ServiceLog;md;1419861518448;3G;HSDPA;1;250;1;660;6892887;-1;-73
;ServiceLog;md;1419861519468;3G;HSDPA;1;250;1;660;6892887;-1;-73
;ServiceLog;md;1419861520494;3G;HSDPA;1;250;1;660;6892887;-1;-73
;ServiceLog;md;1419861521512;3G;HSDPA;1;250;1;660;6892887;-1;-73
;ServiceLog;md;1419861522550;3G;HSDPA;1;250;1;660;6892887;-1;-73
;ServiceLog;md;1419861523584;3G;HSDPA;1;250;1;660;6892887;-1;-73
;ServiceLog;md;1419861524651;3G;HSDPA;1;250;1;660;6892887;-1;-73
;ServiceLog;md;1419861525695;3G;HSDPA;1;250;1;660;6892887;-1;-73
;ServiceLog;md;1419861526716;3G;HSDPA;1;250;1;660;6892887;-1;-73
;ServiceLog;md;1419861527763;3G;HSDPA;1;250;1;660;6892887;-1;-73
;ServiceLog;md;1419861528927;3G;UMTS;1;250;1;660;6926696;-1;-73
;ServiceLog;md;1419861530024;3G;UMTS;1;250;1;660;6926696;-1;-83
;ServiceLog;md;1419861531149;3G;UMTS;1;250;1;660;6926696;-1;-83
;ServiceLog;md;1419861532169;3G;UMTS;1;250;1;660;6926696;-1;-83
;ServiceLog;md;1419861533183;3G;UMTS;1;250;1;660;6926696;-1;-83
;ServiceLog;md;1419861534197;3G;UMTS;1;250;1;660;6926696;-1;-85
;ServiceLog;md;1419861535211;3G;UMTS;1;250;1;660;6926696;-1;-85
;ServiceLog;md;1419861536227;3G;UMTS;1;250;1;660;6926696;-1;-85
;ServiceLog;md;1419861537240;3G;UMTS;1;250;1;660;6926696;-1;-87
;ServiceLog;md;1419861538253;3G;UMTS;1;250;1;660;6926696;-1;-87
;ServiceLog;md;1419861539269;3G;UMTS;1;250;1;660;6926696;-1;-87
;ServiceLog;md;1419861540297;3G;UMTS;1;250;1;660;6926696;-1;-89
;ServiceLog;md;1419861541369;3G;UMTS;1;250;1;660;6926696;-1;-89
;ServiceLog;md;1419861542391;3G;UMTS;1;250;1;660;6926696;-1;-89
;ServiceLog;md;1419861543440;3G;UMTS;1;250;1;660;6926696;-1;-89
;ServiceLog;md;1419861544489;3G;UMTS;1;250;1;660;6926696;-1;-89
;ServiceLog;md;1419861545538;3G;UMTS;1;250;1;660;6926696;-1;-89
;ServiceLog;md;1419861546581;3G;UMTS;1;250;1;660;6926696;-1;-89
;ServiceLog;md;1419861547625;3G;UMTS;1;250;1;660;6926696;-1;-89
;ServiceLog;md;1419861548672;3G;UMTS;1;250;1;660;6926696;-1;-89
;ServiceLog;md;1419861549687;3G;UMTS;1;250;1;660;6926696;-1;-87
;ServiceLog;md;1419861550728;3G;UMTS;1;250;1;660;6926696;-1;-87
;ServiceLog;md;1419861551747;3G;UMTS;1;250;1;660;6926696;-1;-87
;ServiceLog;md;1419861552823;3G;UMTS;1;250;1;660;6926696;-1;-83
;ServiceLog;md;1419861553858;3G;UMTS;1;250;1;660;6926696;-1;-83
;ServiceLog;md;1419861554874;3G;UMTS;1;250;1;660;6926696;-1;-83
;ServiceLog;md;1419861555928;3G;UMTS;1;250;1;660;6926696;-1;-83
;ServiceLog;md;1419861556966;3G;UMTS;1;250;1;660;6926696;-1;-83
;ServiceLog;md;1419861558028;3G;UMTS;1;250;1;660;6926696;-1;-83
;ServiceLog;md;1419861559049;3G;UMTS;1;250;1;660;6926696;-1;-83
;ServiceLog;md;1419861560069;3G;UMTS;1;250;1;660;6926696;-1;-83
;ServiceLog;md;1419861561116;3G;UMTS;1;250;1;660;6926696;-1;-83
;ServiceLog;md;1419861562164;3G;UMTS;1;250;1;660;6926696;-1;-83
;ServiceLog;md;1419861563203;3G;UMTS;1;250;1;660;6926696;-1;-83
;ServiceLog;md;1419861564261;3G;UMTS;1;250;1;660;6926696;-1;-83
;ServiceLog;md;1419861565280;3G;UMTS;1;250;1;660;6926696;-1;-83
;ServiceLog;md;1419861566324;3G;UMTS;1;250;1;660;6926696;-1;-83
;ServiceLog;md;1419861567360;3G;UMTS;1;250;1;660;6926696;-1;-83
;ServiceLog;md;1419861568405;3G;UMTS;1;250;1;660;6926696;-1;-83
;ServiceLog;md;1419861569469;3G;UMTS;1;250;1;660;6926696;-1;-83
;ServiceLog;md;1419861570488;3G;UMTS;1;250;1;660;6926696;-1;-83
;ServiceLog;md;1419861571523;3G;UMTS;1;250;1;660;6926696;-1;-83
;ServiceLog;md;1419861572573;3G;UMTS;1;250;1;660;6926696;-1;-83
;ServiceLog;md;1419861573624;3G;UMTS;1;250;1;660;6926696;-1;-83
;ServiceLog;md;1419861574668;3G;UMTS;1;250;1;660;6926696;-1;-83
;ServiceLog;md;1419861575687;3G;UMTS;1;250;1;660;6926696;-1;-83
;ServiceLog;md;1419861576726;3G;UMTS;1;250;1;660;6926696;-1;-83
;ServiceLog;md;1419861577777;3G;UMTS;1;250;1;660;6926696;-1;-83
;ServiceLog;md;1419861578837;3G;UMTS;1;250;1;660;6926696;-1;-83
;ServiceLog;md;1419861579873;3G;UMTS;1;250;1;660;6926696;-1;-83
;ServiceLog;md;1419861580890;3G;UMTS;1;250;1;660;6926695;-1;-93
;ServiceLog;md;1419861581914;3G;UMTS;1;250;1;660;6926695;-1;-93
;ServiceLog;md;1419861582998;3G;UMTS;1;250;1;660;6892879;-1;-93
;ServiceLog;md;1419861584013;3G;UMTS;1;250;1;660;6892879;-1;-93
;ServiceLog;md;1419861585027;3G;UMTS;1;250;1;660;6892879;-1;-93
;ServiceLog;md;1419861586043;3G;UMTS;1;250;1;660;6892879;-1;-93
;ServiceLog;md;1419861587059;3G;UMTS;1;250;1;660;6892879;-1;-93
;ServiceLog;md;1419861588078;3G;UMTS;1;250;1;660;6892879;-1;-87
;ServiceLog;md;1419861589094;3G;UMTS;1;250;1;660;6892879;-1;-87
;ServiceLog;md;1419861590120;3G;UMTS;1;250;1;660;6892879;-1;-87
;ServiceLog;md;1419861591147;3G;UMTS;1;250;1;660;6892879;-1;-87
;ServiceLog;md;1419861592198;3G;UMTS;1;250;1;660;6892879;-1;-87
;ServiceLog;md;1419861593243;3G;UMTS;1;250;1;660;6892879;-1;-87
;ServiceLog;md;1419861594288;3G;UMTS;1;250;1;660;6892879;-1;-87
;ServiceLog;md;1419861595357;3G;UMTS;1;250;1;660;6892879;-1;-87
;ServiceLog;md;1419861596403;3G;UMTS;1;250;1;660;6892879;-1;-87
;ServiceLog;md;1419861597781;3G;UMTS;1;250;1;660;6892879;-1;-81
;ServiceLog;md;1419861598832;3G;UMTS;1;250;1;660;6892879;-1;-81
;ServiceLog;md;1419861599882;3G;UMTS;1;250;1;660;6892879;-1;-81
;ServiceLog;md;1419861600902;3G;UMTS;1;250;1;660;6892879;-1;-81
;ServiceLog;md;1419861601940;3G;UMTS;1;250;1;660;6892879;-1;-81
;ServiceLog;md;1419861602964;3G;UMTS;1;250;1;660;6892879;-1;-81
;ServiceLog;md;1419861604001;3G;UMTS;1;250;1;660;6892879;-1;-81
;ServiceLog;md;1419861605049;3G;UMTS;1;250;1;660;6892879;-1;-81
;ServiceLog;md;1419861606070;3G;UMTS;1;250;1;660;6892879;-1;-83
;ServiceLog;md;1419861607087;3G;UMTS;1;250;1;660;6930120;-1;-83
;ServiceLog;md;1419861608165;3G;UMTS;1;250;1;660;6930120;-1;-83
;ServiceLog;md;1419861609211;3G;UMTS;1;250;1;660;6930120;-1;-81
;ServiceLog;md;1419861610265;3G;UMTS;1;250;1;660;6930120;-1;-81
;ServiceLog;md;1419861611310;3G;UMTS;1;250;1;660;6930120;-1;-81
;ServiceLog;md;1419861612327;3G;UMTS;1;250;1;660;6930120;-1;-81
;ServiceLog;md;1419861613378;3G;UMTS;1;250;1;660;6930120;-1;-81
;ServiceLog;md;1419861614442;3G;UMTS;1;250;1;660;6930120;-1;-81
;ServiceLog;md;1419861615493;3G;UMTS;1;250;1;660;6930120;-1;-83
;ServiceLog;md;1419861616524;3G;UMTS;1;250;1;660;6930120;-1;-83
;ServiceLog;md;1419861617564;3G;UMTS;1;250;1;660;6930120;-1;-83
;ServiceLog;md;1419861618609;3G;UMTS;1;250;1;660;6930120;-1;-83
;ServiceLog;md;1419861619631;3G;UMTS;1;250;1;660;6930120;-1;-83
;ServiceLog;md;1419861620683;3G;UMTS;1;250;1;660;6930120;-1;-83
;ServiceLog;md;1419861621732;3G;UMTS;1;250;1;660;6930120;-1;-83
;ServiceLog;md;1419861622751;3G;UMTS;1;250;1;660;6930120;-1;-83
;ServiceLog;md;1419861623791;3G;UMTS;1;250;1;660;6930120;-1;-83
;ServiceLog;md;1419861624852;3G;UMTS;1;250;1;660;6930120;-1;-83
;ServiceLog;md;1419861625910;3G;UMTS;1;250;1;660;6930120;-1;-83
;ServiceLog;md;1419861626974;3G;UMTS;1;250;1;660;6930120;-1;-83
;ServiceLog;md;1419861627992;3G;UMTS;1;250;1;660;6930120;-1;-83
;ServiceLog;md;1419861629044;3G;UMTS;1;250;1;660;6930120;-1;-83
;ServiceLog;md;1419861630090;3G;UMTS;1;250;1;660;6930120;-1;-83
;ServiceLog;md;1419861631137;3G;UMTS;1;250;1;660;6930120;-1;-83
;ServiceLog;md;1419861632175;3G;UMTS;1;250;1;660;6930120;-1;-83
;ServiceLog;md;1419861633194;3G;UMTS;1;250;1;660;6930120;-1;-83
;ServiceLog;md;1419861634286;3G;UMTS;1;250;1;660;6930120;-1;-83
;ServiceLog;md;1419861635326;3G;UMTS;1;250;1;660;6930120;-1;-83
;ServiceLog;md;1419861636388;3G;UMTS;1;250;1;660;6930120;-1;-83
;ServiceLog;md;1419861637434;3G;UMTS;1;250;1;660;6930120;-1;-83
;ServiceLog;md;1419861638477;3G;UMTS;1;250;1;660;6930120;-1;-83
;ServiceLog;md;1419861639524;3G;UMTS;1;250;1;660;6930120;-1;-83
;ServiceLog;md;1419861640582;3G;UMTS;1;250;1;660;6930120;-1;-83
;ServiceLog;md;1419861641631;3G;UMTS;1;250;1;660;6930120;-1;-83
;ServiceLog;md;1419861642678;3G;UMTS;1;250;1;660;6930120;-1;-83
;ServiceLog;md;1419861643719;3G;UMTS;1;250;1;660;6930120;-1;-83
;ServiceLog;md;1419861644768;3G;UMTS;1;250;1;660;6930120;-1;-83
;ServiceLog;md;1419861645811;3G;UMTS;1;250;1;660;6930120;-1;-83
;ServiceLog;md;1419861646850;3G;UMTS;1;250;1;660;6930120;-1;-83
;ServiceLog;md;1419861647897;3G;UMTS;1;250;1;660;6930120;-1;-83
;ServiceLog;md;1419861648916;3G;UMTS;1;250;1;660;6930120;-1;-83
;ServiceLog;md;1419861649977;3G;UMTS;1;250;1;660;6930120;-1;-83
;ServiceLog;md;1419861651040;3G;UMTS;1;250;1;660;6930120;-1;-83
;ServiceLog;md;1419861652089;3G;UMTS;1;250;1;660;6930120;-1;-83
;ServiceLog;md;1419861653149;3G;UMTS;1;250;1;660;6930120;-1;-83
;ServiceLog;md;1419861654207;3G;UMTS;1;250;1;660;6930120;-1;-83
;ServiceLog;md;1419861655252;3G;UMTS;1;250;1;660;6930120;-1;-83
;ServiceLog;md;1419861656327;3G;UMTS;1;250;1;660;6930120;-1;-83
;ServiceLog;md;1419861657508;3G;UMTS;1;250;1;660;6930120;-1;-83
;ServiceLog;md;1419861658673;3G;UMTS;1;250;1;660;6930120;-1;-83
;ServiceLog;md;1419861659694;3G;UMTS;1;250;1;660;6930120;-1;-83
;ServiceLog;md;1419861660789;3G;UMTS;1;250;1;660;6930120;-1;-83
;ServiceLog;md;1419861661808;3G;UMTS;1;250;1;660;6930120;-1;-83
;ServiceLog;md;1419861662839;3G;UMTS;1;250;1;660;6930120;-1;-83
;ServiceLog;md;1419861663868;3G;UMTS;1;250;1;660;6930120;-1;-83
;ServiceLog;md;1419861664912;3G;UMTS;1;250;1;660;6930120;-1;-83
;ServiceLog;md;1419861665935;3G;UMTS;1;250;1;660;6930120;-1;-83
;ServiceLog;md;1419861666960;3G;UMTS;1;250;1;660;6930120;-1;-83
;ServiceLog;md;1419861667994;3G;UMTS;1;250;1;660;6930120;-1;-83
;ServiceLog;md;1419861669018;3G;UMTS;1;250;1;660;6930120;-1;-83
;ServiceLog;md;1419861670059;3G;UMTS;1;250;1;660;6930120;-1;-83
;ServiceLog;md;1419861671091;3G;UMTS;1;250;1;660;6930120;-1;-83
;ServiceLog;md;1419861672110;3G;UMTS;1;250;1;660;6930120;-1;-83
;ServiceLog;md;1419861673174;3G;UMTS;1;250;1;660;6930120;-1;-83
;ServiceLog;md;1419861674193;3G;UMTS;1;250;1;660;6930120;-1;-83
;ServiceLog;md;1419861675225;3G;UMTS;1;250;1;660;6930120;-1;-83
;ServiceLog;md;1419861676242;3G;UMTS;1;250;1;660;6930120;-1;-83
;ServiceLog;md;1419861677277;3G;UMTS;1;250;1;660;6930120;-1;-83
;ServiceLog;md;1419861678315;3G;UMTS;1;250;1;660;6930120;-1;-83
;ServiceLog;md;1419861679351;3G;UMTS;1;250;1;660;6930120;-1;-83
;ServiceLog;md;1419861680407;3G;UMTS;1;250;1;660;6930120;-1;-83
;ServiceLog;md;1419861681441;3G;UMTS;1;250;1;660;6930120;-1;-83
;ServiceLog;md;1419861682476;3G;UMTS;1;250;1;660;6930120;-1;-83
;ServiceLog;md;1419861683516;3G;UMTS;1;250;1;660;6930120;-1;-83
;ServiceLog;md;1419861684940;3G;UMTS;1;250;1;660;6930120;-1;-83
;ServiceLog;md;1419861685973;3G;UMTS;1;250;1;660;6930120;-1;-83
;ServiceLog;md;1419861687008;3G;UMTS;1;250;1;660;6930120;-1;-83
;ServiceLog;md;1419861688046;3G;UMTS;1;250;1;660;6930120;-1;-83
;ServiceLog;md;1419861689079;3G;UMTS;1;250;1;660;6930120;-1;-83
;ServiceLog;md;1419861690098;3G;UMTS;1;250;1;660;6930120;-1;-83
;ServiceLog;md;1419861691141;3G;UMTS;1;250;1;660;6930120;-1;-83
;ServiceLog;md;1419861692160;3G;UMTS;1;250;1;660;6930120;-1;-83
;ServiceLog;md;1419861693193;3G;UMTS;1;250;1;660;6930120;-1;-83
;ServiceLog;md;1419861694230;3G;UMTS;1;250;1;660;6930120;-1;-83
;ServiceLog;md;1419861695281;3G;UMTS;1;250;1;660;6930120;-1;-83
;ServiceLog;md;1419861696325;3G;UMTS;1;250;1;660;6930120;-1;-83
;ServiceLog;md;1419861697398;3G;UMTS;1;250;1;660;6930120;-1;-83
;ServiceLog;md;1419861698447;3G;UMTS;1;250;1;660;6930120;-1;-83
;ServiceLog;md;1419861699519;3G;UMTS;1;250;1;660;6930120;-1;-83
;ServiceLog;md;1419861700558;3G;UMTS;1;250;1;660;6930120;-1;-83
;ServiceLog;md;1419861701596;3G;UMTS;1;250;1;660;6930120;-1;-83
;ServiceLog;md;1419861702632;3G;UMTS;1;250;1;660;6930120;-1;-83
;ServiceLog;md;1419861703673;3G;UMTS;1;250;1;660;6930120;-1;-83
;ServiceLog;md;1419861704127;3G;UMTS;1;250;1;660;6930120;-1;-83
;ServiceLog;md;1419861705206;3G;UMTS;1;250;1;660;6930120;-1;-83
;ServiceLog;md;1419861706231;3G;UMTS;1;250;1;660;6930120;-1;-83
;ServiceLog;md;1419861707291;3G;UMTS;1;250;1;660;6930120;-1;-83
;ServiceLog;md;1419861708338;2G;EDGE;1;250;1;770;402;-1;-73
;ServiceLog;md;1419861709650;2G;EDGE;1;250;1;770;402;-1;-73
;ServiceLog;md;1419861710760;2G;EDGE;1;250;1;770;402;-1;-75
;ServiceLog;md;1419861711793;2G;EDGE;1;250;1;770;402;-1;-75
;ServiceLog;md;1419861712809;2G;EDGE;1;250;1;770;402;-1;-75
;ServiceLog;md;1419861713825;2G;EDGE;1;250;1;770;402;-1;-77
;ServiceLog;md;1419861714840;2G;EDGE;1;250;1;770;402;-1;-77
;ServiceLog;md;1419861715854;2G;EDGE;1;250;1;770;402;-1;-77
;ServiceLog;md;1419861717001;2G;EDGE;1;250;1;770;402;-1;-79
;ServiceLog;md;1419861718224;2G;EDGE;1;250;1;770;402;-1;-79
;ServiceLog;md;1419861719260;2G;EDGE;1;250;1;770;402;-1;-79
;ServiceLog;md;1419861720286;2G;EDGE;1;250;1;770;402;-1;-81
;ServiceLog;md;1419861721302;2G;EDGE;1;250;1;770;402;-1;-81
;ServiceLog;md;1419861722343;2G;EDGE;1;250;1;770;402;-1;-81
;ServiceLog;md;1419861723377;2G;EDGE;1;250;1;770;402;-1;-81
;ServiceLog;md;1419861724425;2G;EDGE;1;250;1;770;402;-1;-81
;ServiceLog;md;1419861725472;2G;EDGE;1;250;1;770;402;-1;-81
;ServiceLog;md;1419861726508;2G;EDGE;1;250;1;770;402;-1;-81
;ServiceLog;md;1419861727548;2G;EDGE;1;250;1;770;402;-1;-81
;ServiceLog;md;1419861728586;2G;EDGE;1;250;1;770;402;-1;-81
;ServiceLog;md;1419861729633;2G;EDGE;1;250;1;770;402;-1;-81
;ServiceLog;md;1419861730668;2G;EDGE;1;250;1;770;402;-1;-81
;ServiceLog;md;1419861731685;2G;EDGE;1;250;1;770;402;-1;-81
;ServiceLog;md;1419861732721;2G;EDGE;1;250;1;770;402;-1;-81
;ServiceLog;md;1419861733754;2G;EDGE;1;250;1;770;402;-1;-81
;ServiceLog;md;1419861734775;2G;EDGE;1;250;1;770;402;-1;-81
;ServiceLog;md;1419861735811;2G;EDGE;1;250;1;770;402;-1;-81
;ServiceLog;md;1419861736847;2G;EDGE;1;250;1;770;402;-1;-81
;ServiceLog;md;1419861737882;2G;EDGE;1;250;1;770;402;-1;-81
;ServiceLog;md;1419861738916;2G;EDGE;1;250;1;770;402;-1;-81
;ServiceLog;md;1419861739950;2G;EDGE;1;250;1;770;402;-1;-81
;ServiceLog;md;1419861740985;2G;EDGE;1;250;1;770;402;-1;-81
;ServiceLog;md;1419861742018;2G;EDGE;1;250;1;770;402;-1;-81
;ServiceLog;md;1419861743053;2G;EDGE;1;250;1;770;402;-1;-81
;ServiceLog;md;1419861744087;2G;EDGE;1;250;1;770;402;-1;-81
;ServiceLog;md;1419861745123;2G;EDGE;1;250;1;770;402;-1;-81
;ServiceLog;md;1419861746157;2G;EDGE;1;250;1;770;402;-1;-81
;ServiceLog;md;1419861747194;2G;EDGE;1;250;1;770;402;-1;-81
;ServiceLog;md;1419861748227;2G;EDGE;1;250;1;770;402;-1;-81
;ServiceLog;md;1419861749244;2G;EDGE;1;250;1;770;402;-1;-81
;ServiceLog;md;1419861750278;2G;EDGE;1;250;1;770;402;-1;-81
;ServiceLog;md;1419861751312;2G;EDGE;1;250;1;770;402;-1;-81
;ServiceLog;md;1419861752349;2G;EDGE;1;250;1;770;402;-1;-81
;ServiceLog;md;1419861753383;2G;EDGE;1;250;1;770;402;-1;-81
;ServiceLog;md;1419861754401;2G;EDGE;1;250;1;770;402;-1;-81
;ServiceLog;md;1419861755434;2G;EDGE;1;250;1;770;402;-1;-81
;ServiceLog;md;1419861756472;2G;EDGE;1;250;1;770;402;-1;-81
;ServiceLog;md;1419861757509;2G;EDGE;1;250;1;770;402;-1;-81
;ServiceLog;md;1419861758660;2G;EDGE;1;250;1;770;402;-1;-71
;ServiceLog;md;1419861759684;2G;EDGE;1;250;1;770;402;-1;-71
;ServiceLog;md;1419861760701;2G;EDGE;1;250;1;770;402;-1;-71
;ServiceLog;md;1419861761819;2G;EDGE;1;250;1;770;402;-1;-63
;ServiceLog;md;1419861762832;2G;EDGE;1;250;1;770;402;-1;-63
;ServiceLog;md;1419861763845;2G;EDGE;1;250;1;770;402;-1;-63
;ServiceLog;md;1419861764859;2G;EDGE;1;250;1;770;402;-1;-63
;ServiceLog;md;1419861765873;2G;EDGE;1;250;1;770;402;-1;-63
;ServiceLog;md;1419861766887;2G;EDGE;1;250;1;770;402;-1;-63
;ServiceLog;md;1419861767933;2G;EDGE;1;250;1;770;402;-1;-63
;ServiceLog;md;1419861768972;2G;EDGE;1;250;1;770;402;-1;-63
;ServiceLog;md;1419861769987;2G;EDGE;1;250;1;770;402;-1;-63
;ServiceLog;md;1419861771031;2G;EDGE;1;250;1;770;402;-1;-63
;ServiceLog;md;1419861772065;2G;EDGE;1;250;1;770;402;-1;-63
;ServiceLog;md;1419861773085;2G;EDGE;1;250;1;770;402;-1;-63
;ServiceLog;md;1419861774120;2G;EDGE;1;250;1;770;402;-1;-63
;ServiceLog;md;1419861775150;2G;EDGE;1;250;1;770;402;-1;-63
;ServiceLog;md;1419861776183;2G;EDGE;1;250;1;770;402;-1;-63
;ServiceLog;md;1419861777217;2G;EDGE;1;250;1;770;402;-1;-63
;ServiceLog;md;1419861778250;2G;EDGE;1;250;1;770;402;-1;-63
;ServiceLog;md;1419861779284;2G;EDGE;1;250;1;770;402;-1;-63
;ServiceLog;md;1419861780316;2G;EDGE;1;250;1;770;402;-1;-63
;ServiceLog;md;1419861781343;2G;EDGE;1;250;1;770;402;-1;-63
;ServiceLog;md;1419861782375;2G;EDGE;1;250;1;770;402;-1;-63
;ServiceLog;md;1419861783391;2G;EDGE;1;250;1;770;402;-1;-63
;ServiceLog;md;1419861784407;2G;EDGE;1;250;1;770;402;-1;-63
;ServiceLog;md;1419861785424;2G;EDGE;1;250;1;770;402;-1;-63
;ServiceLog;md;1419861786459;2G;EDGE;1;250;1;770;402;-1;-63
;ServiceLog;md;1419861787495;2G;EDGE;1;250;1;770;402;-1;-63
;ServiceLog;md;1419861788534;2G;EDGE;1;250;1;770;402;-1;-63
;ServiceLog;md;1419861789566;2G;EDGE;1;250;1;770;402;-1;-63
;ServiceLog;md;1419861790584;2G;EDGE;1;250;1;770;402;-1;-63
;ServiceLog;md;1419861791671;2G;EDGE;1;250;1;770;402;-1;-63
;ServiceLog;md;1419861792705;2G;EDGE;1;250;1;770;402;-1;-63
;ServiceLog;md;1419861793740;2G;EDGE;1;250;1;770;402;-1;-63
;ServiceLog;md;1419861794782;2G;EDGE;1;250;1;770;402;-1;-63
;ServiceLog;md;1419861795818;2G;EDGE;1;250;1;770;402;-1;-63
;ServiceLog;md;1419861796854;2G;EDGE;1;250;1;770;402;-1;-63
;ServiceLog;md;1419861797897;2G;EDGE;1;250;1;770;402;-1;-63
;ServiceLog;md;1419861798938;2G;EDGE;1;250;1;770;402;-1;-63
;ServiceLog;md;1419861800040;2G;EDGE;1;250;1;770;402;-1;-63
;ServiceLog;md;1419861801087;2G;EDGE;1;250;1;770;402;-1;-63
;ServiceLog;md;1419861802105;2G;EDGE;1;250;1;770;402;-1;-63
;ServiceLog;md;1419861803137;2G;EDGE;1;250;1;770;402;-1;-63
;ServiceLog;md;1419861804179;2G;EDGE;1;250;1;770;402;-1;-63
;ServiceLog;md;1419861805203;2G;EDGE;1;250;1;770;402;-1;-63
;ServiceLog;md;1419861806230;2G;EDGE;1;250;1;770;402;-1;-63
;ServiceLog;md;1419861807381;2G;EDGE;1;250;1;770;402;-1;-63
;ServiceLog;md;1419861808411;2G;EDGE;1;250;1;770;402;-1;-63
;ServiceLog;md;1419861809451;2G;EDGE;1;250;1;770;402;-1;-67
;ServiceLog;md;1419861810511;2G;EDGE;1;250;1;770;402;-1;-67
;ServiceLog;md;1419861811570;2G;EDGE;1;250;1;770;402;-1;-67
;ServiceLog;md;1419861812596;2G;EDGE;1;250;1;770;402;-1;-69
;ServiceLog;md;1419861813609;2G;EDGE;1;250;1;770;402;-1;-69
;ServiceLog;md;1419861814654;2G;EDGE;1;250;1;770;402;-1;-69
;ServiceLog;md;1419861815780;2G;EDGE;1;250;1;770;402;-1;-71
;ServiceLog;md;1419861816793;2G;EDGE;1;250;1;770;402;-1;-71
;ServiceLog;md;1419861817807;2G;EDGE;1;250;1;770;402;-1;-71
;ServiceLog;md;1419861818824;2G;EDGE;1;250;1;770;402;-1;-73
;ServiceLog;md;1419861819841;2G;EDGE;1;250;1;770;402;-1;-73
;ServiceLog;md;1419861820874;2G;EDGE;1;250;1;770;402;-1;-73
;ServiceLog;md;1419861821889;2G;EDGE;1;250;1;770;402;-1;-75
;ServiceLog;md;1419861822921;2G;EDGE;1;250;1;770;402;-1;-75
;ServiceLog;md;1419861823951;2G;EDGE;1;250;1;770;402;-1;-75
;ServiceLog;md;1419861824976;2G;EDGE;1;250;1;770;402;-1;-77
;ServiceLog;md;1419861826024;2G;EDGE;1;250;1;770;402;-1;-77
;ServiceLog;md;1419861827049;2G;EDGE;1;250;1;770;402;-1;-77
;ServiceLog;md;1419861828066;2G;EDGE;1;250;1;770;402;-1;-79
;ServiceLog;md;1419861829096;2G;EDGE;1;250;1;770;402;-1;-79
;ServiceLog;md;1419861830145;2G;EDGE;1;250;1;770;402;-1;-79
;ServiceLog;md;1419861831323;2G;EDGE;1;250;1;770;402;-1;-77
;ServiceLog;md;1419861832341;2G;EDGE;1;250;1;770;402;-1;-77
;ServiceLog;md;1419861833358;2G;EDGE;1;250;1;770;402;-1;-77
;ServiceLog;md;1419861834396;2G;EDGE;1;250;1;770;402;-1;-79
;ServiceLog;md;1419861835431;2G;EDGE;1;250;1;770;402;-1;-79
;ServiceLog;md;1419861836446;2G;EDGE;1;250;1;770;402;-1;-79
;ServiceLog;md;1419861837481;2G;EDGE;1;250;1;770;402;-1;-81
;ServiceLog;md;1419861838506;2G;EDGE;1;250;1;770;402;-1;-81
;ServiceLog;md;1419861839557;2G;EDGE;1;250;1;770;402;-1;-83
;ServiceLog;md;1419861840578;2G;EDGE;1;250;1;770;402;-1;-83
;ServiceLog;md;1419861841596;2G;EDGE;1;250;1;770;402;-1;-83
;ServiceLog;md;1419861842623;2G;EDGE;1;250;1;770;402;-1;-87
;ServiceLog;md;1419861843649;2G;EDGE;1;250;1;770;402;-1;-87
;ServiceLog;md;1419861844684;2G;EDGE;1;250;1;770;402;-1;-87
;ServiceLog;md;1419861845731;2G;EDGE;1;250;1;770;402;-1;-87
;ServiceLog;md;1419861846765;2G;EDGE;1;250;1;770;402;-1;-87
;ServiceLog;md;1419861847814;2G;EDGE;1;250;1;770;402;-1;-87
;ServiceLog;md;1419861848864;2G;EDGE;1;250;1;770;402;-1;-87
;ServiceLog;md;1419861849929;2G;EDGE;1;250;1;770;402;-1;-87
;ServiceLog;md;1419861850968;2G;EDGE;1;250;1;770;402;-1;-87
;ServiceLog;md;1419861851984;2G;EDGE;1;250;1;770;402;-1;-87
;ServiceLog;md;1419861853002;2G;EDGE;1;250;1;770;402;-1;-87
;ServiceLog;md;1419861854022;2G;EDGE;1;250;1;770;402;-1;-87
;ServiceLog;md;1419861855059;2G;EDGE;1;250;1;770;402;-1;-87
;ServiceLog;md;1419861856109;2G;EDGE;1;250;1;770;402;-1;-87
;ServiceLog;md;1419861857128;2G;EDGE;1;250;1;770;402;-1;-87
;ServiceLog;md;1419861858153;2G;EDGE;1;250;1;770;402;-1;-87
;ServiceLog;md;1419861859188;2G;EDGE;1;250;1;770;402;-1;-87
;ServiceLog;md;1419861860229;2G;EDGE;1;250;1;770;402;-1;-87
;ServiceLog;md;1419861861260;2G;EDGE;1;250;1;770;402;-1;-87
;ServiceLog;md;1419861862279;2G;EDGE;1;250;1;770;402;-1;-87
;ServiceLog;md;1419861863350;2G;EDGE;1;250;1;770;402;-1;-87
;ServiceLog;md;1419861864391;2G;EDGE;1;250;1;770;402;-1;-87
;ServiceLog;md;1419861865410;2G;EDGE;1;250;1;770;402;-1;-87
;ServiceLog;md;1419861866458;unknown;unknown;1;-1;-1;-1;-1;-1;-1
;ServiceLog;md;1419861867606;unknown;unknown;1;-1;-1;-1;-1;-1;-1
;ServiceLog;md;1419861868627;unknown;unknown;1;-1;-1;-1;-1;-1;-1
;ServiceLog;md;1419861869701;unknown;unknown;1;-1;-1;-1;-1;-1;-1
;ServiceLog;md;1419861870776;unknown;unknown;1;-1;-1;-1;-1;-1;-1
;ServiceLog;md;1419861871818;unknown;unknown;1;-1;-1;-1;-1;-1;-1
;ServiceLog;md;1419861872867;unknown;unknown;1;-1;-1;-1;-1;-1;-1
;ServiceLog;md;1419861873900;unknown;unknown;1;-1;-1;-1;-1;-1;-1
;ServiceLog;md;1419861874959;unknown;unknown;1;-1;-1;-1;-1;-1;-1
;ServiceLog;md;1419861875994;unknown;unknown;1;-1;-1;-1;-1;-1;-1
;ServiceLog;md;1419861877025;unknown;unknown;1;-1;-1;-1;-1;-1;-1
;ServiceLog;md;1419861878053;unknown;unknown;1;-1;-1;-1;-1;-1;-1
;ServiceLog;md;1419861879072;unknown;unknown;1;-1;-1;-1;-1;-1;-1
;ServiceLog;md;1419861880109;unknown;unknown;1;-1;-1;-1;-1;-1;-1
;ServiceLog;md;1419861881145;unknown;unknown;1;-1;-1;-1;-1;-1;-1
;ServiceLog;md;1419861882186;unknown;unknown;1;-1;-1;-1;-1;-1;-1
;ServiceLog;md;1419861883216;unknown;unknown;1;-1;-1;-1;-1;-1;-1
;ServiceLog;md;1419861884248;unknown;unknown;1;-1;-1;-1;-1;-1;-1
;ServiceLog;md;1419861885280;unknown;unknown;1;-1;-1;-1;-1;-1;-1
;ServiceLog;md;1419861886314;unknown;unknown;1;-1;-1;-1;-1;-1;-1
;ServiceLog;md;1419861887351;unknown;unknown;1;-1;-1;-1;-1;-1;-1
;ServiceLog;md;1419861888391;unknown;unknown;1;-1;-1;-1;-1;-1;-1
;ServiceLog;md;1419861889424;unknown;unknown;1;-1;-1;-1;-1;-1;-1
;ServiceLog;md;1419861890459;unknown;unknown;1;-1;-1;-1;-1;-1;-1
;ServiceLog;md;1419861891501;unknown;unknown;1;-1;-1;-1;-1;-1;-1
;ServiceLog;md;1419861892533;unknown;unknown;1;-1;-1;-1;-1;-1;-1
;ServiceLog;md;1419861893593;unknown;unknown;1;-1;-1;-1;-1;-1;-1
;ServiceLog;md;1419861894623;unknown;unknown;1;-1;-1;-1;-1;-1;-1
;ServiceLog;md;1419861895653;unknown;unknown;1;-1;-1;-1;-1;-1;-1
;ServiceLog;md;1419861896683;unknown;unknown;1;-1;-1;-1;-1;-1;-1
;ServiceLog;md;1419861897717;unknown;unknown;1;-1;-1;-1;-1;-1;-1
;ServiceLog;md;1419861898750;unknown;unknown;1;-1;-1;-1;-1;-1;-1
;ServiceLog;md;1419861899766;unknown;unknown;1;-1;-1;-1;-1;-1;-1
;ServiceLog;md;1419861900798;unknown;unknown;1;-1;-1;-1;-1;-1;-1
;ServiceLog;md;1419861901829;unknown;unknown;1;-1;-1;-1;-1;-1;-1
;ServiceLog;md;1419861902861;unknown;unknown;1;-1;-1;-1;-1;-1;-1
;ServiceLog;md;1419861903893;unknown;unknown;1;-1;-1;-1;-1;-1;-1
;ServiceLog;md;1419861904925;unknown;unknown;1;-1;-1;-1;-1;-1;-1
;ServiceLog;md;1419861905959;unknown;unknown;1;-1;-1;-1;-1;-1;-1
;ServiceLog;md;1419861906990;unknown;unknown;1;-1;-1;-1;-1;-1;-1
;ServiceLog;md;1419861908022;unknown;unknown;1;-1;-1;-1;-1;-1;-1
;ServiceLog;md;1419861909099;unknown;unknown;1;-1;-1;-1;-1;-1;-1
;ServiceLog;md;1419861910117;unknown;unknown;1;-1;-1;-1;-1;-1;-1
;ServiceLog;md;1419861911194;unknown;unknown;1;-1;-1;-1;-1;-1;-1
;ServiceLog;md;1419861912234;unknown;unknown;1;-1;-1;-1;-1;-1;-1
;ServiceLog;md;1419861913285;unknown;unknown;1;-1;-1;-1;-1;-1;-1
;ServiceLog;md;1419861914315;unknown;unknown;1;-1;-1;-1;-1;-1;-1
;ServiceLog;md;1419861915347;unknown;unknown;1;-1;-1;-1;-1;-1;-1
;ServiceLog;md;1419861916378;unknown;unknown;1;-1;-1;-1;-1;-1;-1
;ServiceLog;md;1419861917407;unknown;unknown;1;-1;-1;-1;-1;-1;-1
;ServiceLog;md;1419861918451;unknown;unknown;1;-1;-1;-1;-1;-1;-1
;ServiceLog;md;1419861919474;unknown;unknown;1;-1;-1;-1;-1;-1;-1
;ServiceLog;md;1419861920503;unknown;unknown;1;-1;-1;-1;-1;-1;-1
;ServiceLog;md;1419861921515;unknown;unknown;1;-1;-1;-1;-1;-1;-1
;ServiceLog;md;1419861922535;unknown;unknown;1;-1;-1;-1;-1;-1;-1
;ServiceLog;md;1419861923548;unknown;unknown;1;-1;-1;-1;-1;-1;-1
;ServiceLog;md;1419861924560;unknown;unknown;1;-1;-1;-1;-1;-1;-1
;ServiceLog;md;1419861925597;unknown;unknown;1;-1;-1;-1;-1;-1;-1
;ServiceLog;md;1419861926624;unknown;unknown;1;-1;-1;-1;-1;-1;-1
;ServiceLog;md;1419861927639;2G;EDGE;1;250;1;770;401;-1;-57
;ServiceLog;md;1419861928656;2G;EDGE;1;250;1;770;401;-1;-57
;ServiceLog;md;1419861929669;2G;EDGE;1;250;1;770;401;-1;-57
;ServiceLog;md;1419861930704;2G;EDGE;1;250;1;770;401;-1;-61
;ServiceLog;md;1419861931739;2G;EDGE;1;250;1;770;401;-1;-61
;ServiceLog;md;1419861932774;2G;EDGE;1;250;1;770;401;-1;-61
;ServiceLog;md;1419861933808;2G;EDGE;1;250;1;770;401;-1;-67
;ServiceLog;md;1419861934845;2G;EDGE;1;250;1;770;401;-1;-67
;ServiceLog;md;1419861935880;2G;EDGE;1;250;1;770;401;-1;-67
;ServiceLog;md;1419861936914;2G;EDGE;1;250;1;770;401;-1;-71
;ServiceLog;md;1419861937951;2G;EDGE;1;250;1;770;401;-1;-71
;ServiceLog;md;1419861939002;2G;EDGE;1;250;1;770;401;-1;-71
;ServiceLog;md;1419861940037;2G;EDGE;1;250;1;770;401;-1;-75
;ServiceLog;md;1419861941052;2G;EDGE;1;250;1;770;401;-1;-75
;ServiceLog;md;1419861942089;2G;EDGE;1;250;1;770;401;-1;-75
;ServiceLog;md;1419861943127;2G;EDGE;1;250;1;770;401;-1;-75
;ServiceLog;md;1419861944166;2G;EDGE;1;250;1;770;401;-1;-75
;ServiceLog;md;1419861945202;2G;EDGE;1;250;1;770;401;-1;-75
;ServiceLog;md;1419861946216;2G;EDGE;1;250;1;770;401;-1;-75
;ServiceLog;md;1419861947247;2G;EDGE;1;250;1;770;401;-1;-75
;ServiceLog;md;1419861948337;2G;EDGE;1;250;1;770;401;-1;-75
;ServiceLog;md;1419861949376;2G;EDGE;1;250;1;770;401;-1;-75
;ServiceLog;md;1419861950413;2G;EDGE;1;250;1;770;401;-1;-75
;ServiceLog;md;1419861951427;2G;EDGE;1;250;1;770;401;-1;-77
;ServiceLog;md;1419861952462;2G;EDGE;1;250;1;770;401;-1;-77
;ServiceLog;md;1419861953501;2G;EDGE;1;250;1;770;401;-1;-77
;ServiceLog;md;1419861954523;2G;EDGE;1;250;1;770;401;-1;-77
;ServiceLog;md;1419861955558;2G;EDGE;1;250;1;770;401;-1;-77
;ServiceLog;md;1419861956579;2G;EDGE;1;250;1;770;401;-1;-77
;ServiceLog;md;1419861957595;2G;EDGE;1;250;1;770;401;-1;-77
;ServiceLog;md;1419861958637;2G;EDGE;1;250;1;770;401;-1;-77
;ServiceLog;md;1419861959675;2G;EDGE;1;250;1;770;401;-1;-77
;ServiceLog;md;1419861960709;2G;EDGE;1;250;1;770;401;-1;-77
;ServiceLog;md;1419861961726;2G;EDGE;1;250;1;770;401;-1;-77
;ServiceLog;md;1419861962760;2G;EDGE;1;250;1;770;401;-1;-77
;ServiceLog;md;1419861963796;2G;EDGE;1;250;1;770;401;-1;-79
;ServiceLog;md;1419861964840;2G;EDGE;1;250;1;770;401;-1;-79
;ServiceLog;md;1419861965873;2G;EDGE;1;250;1;770;401;-1;-79
;ServiceLog;md;1419861966903;2G;EDGE;1;250;1;770;401;-1;-73
;ServiceLog;md;1419861967942;2G;EDGE;1;250;1;770;401;-1;-73
;ServiceLog;md;1419861968983;2G;EDGE;1;250;1;770;401;-1;-73
;ServiceLog;md;1419861970002;2G;EDGE;1;250;1;770;401;-1;-75
;ServiceLog;md;1419861971033;2G;EDGE;1;250;1;770;401;-1;-75
;ServiceLog;md;1419861972049;2G;EDGE;1;250;1;770;401;-1;-75
;ServiceLog;md;1419861973092;2G;EDGE;1;250;1;770;401;-1;-79
;ServiceLog;md;1419861974149;2G;EDGE;1;250;1;770;401;-1;-79
;ServiceLog;md;1419861975163;2G;EDGE;1;250;1;770;401;-1;-85
;ServiceLog;md;1419861976201;2G;EDGE;1;250;1;770;401;-1;-85
;ServiceLog;md;1419861977361;2G;EDGE;1;250;1;770;401;-1;-85
;ServiceLog;md;1419861978484;2G;EDGE;1;250;1;770;401;-1;-85
;ServiceLog;md;1419861979650;2G;EDGE;1;250;1;770;401;-1;-85
;ServiceLog;md;1419861980667;2G;EDGE;1;250;1;770;401;-1;-85
;ServiceLog;md;1419861981705;2G;EDGE;1;250;1;770;401;-1;-85
;ServiceLog;md;1419861982747;2G;EDGE;1;250;1;770;401;-1;-85
;ServiceLog;md;1419861983763;2G;EDGE;1;250;1;770;401;-1;-85
;ServiceLog;md;1419861984791;2G;EDGE;1;250;1;770;401;-1;-85
;ServiceLog;md;1419861985825;2G;EDGE;1;250;1;770;401;-1;-85
;ServiceLog;md;1419861986862;2G;EDGE;1;250;1;770;401;-1;-85
;ServiceLog;md;1419861987897;2G;EDGE;1;250;1;770;401;-1;-85
;ServiceLog;md;1419861988930;2G;EDGE;1;250;1;770;401;-1;-85
;ServiceLog;md;1419861989963;2G;EDGE;1;250;1;770;401;-1;-85
;ServiceLog;md;1419861990997;2G;EDGE;1;250;1;770;401;-1;-85
;ServiceLog;md;1419861992029;2G;EDGE;1;250;1;770;401;-1;-85
;ServiceLog;md;1419861993060;2G;EDGE;1;250;1;770;401;-1;-85
;ServiceLog;md;1419861994092;2G;EDGE;1;250;1;770;401;-1;-85
;ServiceLog;md;1419861995138;2G;EDGE;1;250;1;770;401;-1;-85
;ServiceLog;md;1419861996171;2G;EDGE;1;250;1;770;401;-1;-85
;ServiceLog;md;1419861997220;unknown;unknown;1;-1;-1;-1;-1;-1;-1
;ServiceLog;md;1419861998238;unknown;unknown;1;-1;-1;-1;-1;-1;-1
;ServiceLog;md;1419861999259;unknown;unknown;1;-1;-1;-1;-1;-1;-1
;ServiceLog;md;1419862000318;unknown;unknown;1;-1;-1;-1;-1;-1;-1
;ServiceLog;md;1419862001351;unknown;unknown;1;-1;-1;-1;-1;-1;-1
;ServiceLog;md;1419862002371;unknown;unknown;1;-1;-1;-1;-1;-1;-1
;ServiceLog;md;1419862003388;unknown;unknown;1;-1;-1;-1;-1;-1;-1
;ServiceLog;md;1419862004417;unknown;unknown;1;-1;-1;-1;-1;-1;-1
;ServiceLog;md;1419862005437;unknown;unknown;1;-1;-1;-1;-1;-1;-1
;ServiceLog;md;1419862006504;unknown;unknown;1;-1;-1;-1;-1;-1;-1
;ServiceLog;md;1419862007521;unknown;unknown;1;-1;-1;-1;-1;-1;-1
;ServiceLog;md;1419862008549;unknown;unknown;1;-1;-1;-1;-1;-1;-1
;ServiceLog;md;1419862009581;unknown;unknown;1;-1;-1;-1;-1;-1;-1
;ServiceLog;md;1419862010622;unknown;unknown;1;-1;-1;-1;-1;-1;-1
;ServiceLog;md;1419862011644;unknown;unknown;1;-1;-1;-1;-1;-1;-1
;ServiceLog;md;1419862012682;unknown;unknown;1;-1;-1;-1;-1;-1;-1
;ServiceLog;md;1419862013721;unknown;unknown;1;-1;-1;-1;-1;-1;-1
;ServiceLog;md;1419862014750;unknown;unknown;1;-1;-1;-1;-1;-1;-1
;ServiceLog;md;1419862015779;unknown;unknown;1;-1;-1;-1;-1;-1;-1
;ServiceLog;md;1419862016817;unknown;unknown;1;-1;-1;-1;-1;-1;-1
;ServiceLog;md;1419862017847;unknown;unknown;1;-1;-1;-1;-1;-1;-1
;ServiceLog;md;1419862018863;unknown;unknown;1;-1;-1;-1;-1;-1;-1
;ServiceLog;md;1419862019902;unknown;unknown;1;-1;-1;-1;-1;-1;-1
;ServiceLog;md;1419862020939;unknown;unknown;1;-1;-1;-1;-1;-1;-1
;ServiceLog;md;1419862021985;unknown;unknown;1;-1;-1;-1;-1;-1;-1
;ServiceLog;md;1419862023011;unknown;unknown;1;-1;-1;-1;-1;-1;-1
;ServiceLog;md;1419862024036;unknown;unknown;1;-1;-1;-1;-1;-1;-1
;ServiceLog;md;1419862025082;unknown;unknown;1;-1;-1;-1;-1;-1;-1
;ServiceLog;md;1419862026112;unknown;unknown;1;-1;-1;-1;-1;-1;-1
;ServiceLog;md;1419862027146;unknown;unknown;1;-1;-1;-1;-1;-1;-1
;ServiceLog;md;1419862028188;unknown;unknown;1;-1;-1;-1;-1;-1;-1
;ServiceLog;md;1419862029217;unknown;unknown;1;-1;-1;-1;-1;-1;-1
;ServiceLog;md;1419862030240;unknown;unknown;1;-1;-1;-1;-1;-1;-1
;ServiceLog;md;1419862031272;unknown;unknown;1;-1;-1;-1;-1;-1;-1
;ServiceLog;md;1419862032453;unknown;unknown;1;-1;-1;-1;-1;-1;-1
;ServiceLog;md;1419862033498;unknown;unknown;1;-1;-1;-1;-1;-1;-1
;ServiceLog;md;1419862034516;unknown;unknown;1;-1;-1;-1;-1;-1;-1
;ServiceLog;md;1419862035549;unknown;unknown;1;-1;-1;-1;-1;-1;-1
;ServiceLog;md;1419862036583;unknown;unknown;1;-1;-1;-1;-1;-1;-1
;ServiceLog;md;1419862037599;unknown;unknown;1;-1;-1;-1;-1;-1;-1
;ServiceLog;md;1419862038632;unknown;unknown;1;-1;-1;-1;-1;-1;-1
;ServiceLog;md;1419862039663;unknown;unknown;1;-1;-1;-1;-1;-1;-1
;ServiceLog;md;1419862040688;unknown;unknown;1;-1;-1;-1;-1;-1;-1
;ServiceLog;md;1419862041710;unknown;unknown;1;-1;-1;-1;-1;-1;-1
;ServiceLog;md;1419862042728;unknown;unknown;1;-1;-1;-1;-1;-1;-1
;ServiceLog;md;1419862043750;unknown;unknown;1;-1;-1;-1;-1;-1;-1
;ServiceLog;md;1419862044767;unknown;unknown;1;-1;-1;-1;-1;-1;-1
;ServiceLog;md;1419862045794;unknown;unknown;1;-1;-1;-1;-1;-1;-1
;ServiceLog;md;1419862046818;unknown;unknown;1;-1;-1;-1;-1;-1;-1
;ServiceLog;md;1419862047840;unknown;unknown;1;-1;-1;-1;-1;-1;-1
;ServiceLog;md;1419862048857;unknown;unknown;1;-1;-1;-1;-1;-1;-1
;ServiceLog;md;1419862049880;unknown;unknown;1;-1;-1;-1;-1;-1;-1
;ServiceLog;md;1419862050895;unknown;unknown;1;-1;-1;-1;-1;-1;-1
;ServiceLog;md;1419862051924;unknown;unknown;1;-1;-1;-1;-1;-1;-1
;ServiceLog;md;1419862052953;unknown;unknown;1;-1;-1;-1;-1;-1;-1
;ServiceLog;md;1419862054002;unknown;unknown;1;-1;-1;-1;-1;-1;-1
;ServiceLog;md;1419862055035;unknown;unknown;1;-1;-1;-1;-1;-1;-1
;ServiceLog;md;1419862056065;unknown;unknown;1;-1;-1;-1;-1;-1;-1
;ServiceLog;md;1419862057082;unknown;unknown;1;-1;-1;-1;-1;-1;-1
;ServiceLog;md;1419862058113;unknown;unknown;1;-1;-1;-1;-1;-1;-1
;ServiceLog;md;1419862059145;unknown;unknown;1;-1;-1;-1;-1;-1;-1
;ServiceLog;md;1419862060158;2G;EDGE;1;250;1;770;363;-1;-63
;ServiceLog;md;1419862061172;2G;EDGE;1;250;1;770;363;-1;-63
;ServiceLog;md;1419862062190;2G;EDGE;1;250;1;770;363;-1;-63
;ServiceLog;md;1419862063224;2G;EDGE;1;250;1;770;363;-1;-77
;ServiceLog;md;1419862064591;2G;EDGE;1;250;1;770;363;-1;-77
;ServiceLog;md;1419862065628;2G;EDGE;1;250;1;770;363;-1;-77
;ServiceLog;md;1419862066677;2G;EDGE;1;250;1;770;363;-1;-79
;ServiceLog;md;1419862067695;2G;EDGE;1;250;1;770;363;-1;-79
;ServiceLog;md;1419862068727;2G;EDGE;1;250;1;770;363;-1;-79
;ServiceLog;md;1419862069741;2G;EDGE;1;250;1;770;363;-1;-79
;ServiceLog;md;1419862070773;2G;EDGE;1;250;1;770;363;-1;-79
;ServiceLog;md;1419862071800;2G;EDGE;1;250;1;770;363;-1;-79
;ServiceLog;md;1419862072836;2G;EDGE;1;250;1;770;363;-1;-79
;ServiceLog;md;1419862073872;2G;EDGE;1;250;1;770;363;-1;-79
;ServiceLog;md;1419862074906;2G;EDGE;1;250;1;770;363;-1;-79
;ServiceLog;md;1419862075940;2G;EDGE;1;250;1;770;363;-1;-79
;ServiceLog;md;1419862076973;2G;EDGE;1;250;1;770;363;-1;-79
;ServiceLog;md;1419862078023;2G;EDGE;1;250;1;770;363;-1;-75
;ServiceLog;md;1419862079056;2G;EDGE;1;250;1;770;363;-1;-75
;ServiceLog;md;1419862080096;2G;EDGE;1;250;1;770;363;-1;-75
;ServiceLog;md;1419862081112;2G;EDGE;1;250;1;770;363;-1;-71
;ServiceLog;md;1419862082156;2G;EDGE;1;250;1;770;363;-1;-71
;ServiceLog;md;1419862083190;2G;EDGE;1;250;1;770;363;-1;-71
;ServiceLog;md;1419862084243;2G;EDGE;1;250;1;770;363;-1;-71
;ServiceLog;md;1419862085276;2G;EDGE;1;250;1;770;363;-1;-71
;ServiceLog;md;1419862086316;2G;EDGE;1;250;1;770;363;-1;-71
;ServiceLog;md;1419862087362;3G;UMTS;1;250;1;770;6899838;-1;-73
;ServiceLog;md;1419862088386;3G;UMTS;1;250;1;770;6899838;-1;-73
;ServiceLog;md;1419862089404;3G;UMTS;1;250;1;770;6899838;-1;-83
;ServiceLog;md;1419862090458;3G;UMTS;1;250;1;770;6899838;-1;-83
;ServiceLog;md;1419862091473;3G;UMTS;1;250;1;770;6894482;-1;-83
;ServiceLog;md;1419862092521;3G;UMTS;1;250;1;770;6894482;-1;-85
;ServiceLog;md;1419862093556;3G;UMTS;1;250;1;770;6894482;-1;-85
;ServiceLog;md;1419862094570;3G;UMTS;1;250;1;770;6894482;-1;-87
;ServiceLog;md;1419862095595;3G;UMTS;1;250;1;770;6894482;-1;-87
;ServiceLog;md;1419862096611;3G;UMTS;1;250;1;770;6894482;-1;-87
;ServiceLog;md;1419862097661;3G;UMTS;1;250;1;770;6894482;-1;-87
;ServiceLog;md;1419862098689;3G;UMTS;1;250;1;770;6894482;-1;-87
;ServiceLog;md;1419862099729;3G;UMTS;1;250;1;770;6899838;-1;-87
;ServiceLog;md;1419862100744;3G;UMTS;1;250;1;770;6899838;-1;-87
;ServiceLog;md;1419862101763;3G;UMTS;1;250;1;770;6899838;-1;-87
;ServiceLog;md;1419862102810;3G;UMTS;1;250;1;770;6899838;-1;-87
;ServiceLog;md;1419862103861;3G;UMTS;1;250;1;770;6899838;-1;-81
;ServiceLog;md;1419862104897;3G;UMTS;1;250;1;770;6899838;-1;-81
;ServiceLog;md;1419862105920;3G;UMTS;1;250;1;770;6899838;-1;-81
;ServiceLog;md;1419862106947;3G;UMTS;1;250;1;770;6899838;-1;-79
;ServiceLog;md;1419862107987;3G;UMTS;1;250;1;770;6899838;-1;-79
;ServiceLog;md;1419862109033;3G;UMTS;1;250;1;770;6899838;-1;-79
;ServiceLog;md;1419862110061;3G;UMTS;1;250;1;770;6899838;-1;-79
;ServiceLog;md;1419862111117;3G;UMTS;1;250;1;770;6899838;-1;-79
;ServiceLog;md;1419862112180;3G;UMTS;1;250;1;770;6899838;-1;-79
;ServiceLog;md;1419862113232;3G;UMTS;1;250;1;770;6899838;-1;-79
;ServiceLog;md;1419862114256;3G;UMTS;1;250;1;770;6899838;-1;-79
;ServiceLog;md;1419862115313;3G;UMTS;1;250;1;770;6899838;-1;-79
;ServiceLog;md;1419862116376;3G;UMTS;1;250;1;770;6899838;-1;-79
;ServiceLog;md;1419862117471;3G;UMTS;1;250;1;770;6899838;-1;-79
;ServiceLog;md;1419862118524;3G;UMTS;1;250;1;770;6899838;-1;-79
;ServiceLog;md;1419862119561;3G;UMTS;1;250;1;770;6899838;-1;-79
;ServiceLog;md;1419862120623;3G;UMTS;1;250;1;770;6899838;-1;-79
;ServiceLog;md;1419862121662;3G;UMTS;1;250;1;770;6899838;-1;-79
;ServiceLog;md;1419862122713;3G;UMTS;1;250;1;770;6899838;-1;-79
;ServiceLog;md;1419862123763;3G;UMTS;1;250;1;770;6899838;-1;-79
;ServiceLog;md;1419862124805;3G;UMTS;1;250;1;770;6899838;-1;-79
;ServiceLog;md;1419862125858;3G;UMTS;1;250;1;770;6899838;-1;-79
;ServiceLog;md;1419862126908;3G;UMTS;1;250;1;770;6899838;-1;-79
;ServiceLog;md;1419862127926;3G;UMTS;1;250;1;770;6899838;-1;-79
;ServiceLog;md;1419862128976;3G;UMTS;1;250;1;770;6899838;-1;-79
;ServiceLog;md;1419862130024;3G;UMTS;1;250;1;770;6899838;-1;-79
;ServiceLog;md;1419862131073;3G;UMTS;1;250;1;770;6899838;-1;-79
;ServiceLog;md;1419862132129;3G;UMTS;1;250;1;770;6899838;-1;-79
;ServiceLog;md;1419862133147;3G;UMTS;1;250;1;770;6899838;-1;-79
;ServiceLog;md;1419862134203;3G;UMTS;1;250;1;770;6899838;-1;-79
;ServiceLog;md;1419862135262;3G;UMTS;1;250;1;770;6899838;-1;-79
;ServiceLog;md;1419862136301;3G;UMTS;1;250;1;770;6899838;-1;-79
;ServiceLog;md;1419862137354;3G;UMTS;1;250;1;770;6899838;-1;-79
;ServiceLog;md;1419862138375;3G;UMTS;1;250;1;770;6899838;-1;-79
;ServiceLog;md;1419862139410;3G;UMTS;1;250;1;770;6899838;-1;-79
;ServiceLog;md;1419862140443;3G;UMTS;1;250;1;770;6899838;-1;-79
;ServiceLog;md;1419862141477;3G;UMTS;1;250;1;770;6899838;-1;-79
;ServiceLog;md;1419862142521;3G;UMTS;1;250;1;770;6899838;-1;-79
;ServiceLog;md;1419862143544;3G;UMTS;1;250;1;770;6899838;-1;-79
;ServiceLog;md;1419862144580;3G;UMTS;1;250;1;770;6899838;-1;-79
;ServiceLog;md;1419862145595;3G;UMTS;1;250;1;770;6899838;-1;-79
;ServiceLog;md;1419862146663;3G;UMTS;1;250;1;770;6899838;-1;-79
;ServiceLog;md;1419862147735;3G;UMTS;1;250;1;770;6899838;-1;-79
;ServiceLog;md;1419862148754;3G;UMTS;1;250;1;770;6899838;-1;-79
;ServiceLog;md;1419862149774;3G;UMTS;1;250;1;770;6899838;-1;-79
;ServiceLog;md;1419862150804;3G;UMTS;1;250;1;770;6899838;-1;-79
;ServiceLog;md;1419862151880;3G;UMTS;1;250;1;770;6899838;-1;-79
;ServiceLog;md;1419862153135;3G;UMTS;1;250;1;770;6899838;-1;-79
;ServiceLog;md;1419862154153;3G;UMTS;1;250;1;770;6899838;-1;-79
;ServiceLog;md;1419862155175;3G;UMTS;1;250;1;770;6899838;-1;-79
;ServiceLog;md;1419862156273;3G;UMTS;1;250;1;770;6899838;-1;-79
;ServiceLog;md;1419862157344;3G;UMTS;1;250;1;770;6899838;-1;-79
;ServiceLog;md;1419862158363;3G;UMTS;1;250;1;770;6899838;-1;-79
;ServiceLog;md;1419862159397;3G;UMTS;1;250;1;770;6899838;-1;-79
;ServiceLog;md;1419862160434;3G;UMTS;1;250;1;770;6899838;-1;-79
;ServiceLog;md;1419862161482;3G;UMTS;1;250;1;770;6899838;-1;-79
;ServiceLog;md;1419862162531;3G;UMTS;1;250;1;770;6899838;-1;-79
;ServiceLog;md;1419862163603;3G;UMTS;1;250;1;770;6899838;-1;-79
;ServiceLog;md;1419862164638;3G;UMTS;1;250;1;770;6899838;-1;-79
;ServiceLog;md;1419862165676;3G;UMTS;1;250;1;770;6899838;-1;-79
;ServiceLog;md;1419862167057;3G;UMTS;1;250;1;770;6899838;-1;-79
;ServiceLog;md;1419862168095;3G;UMTS;1;250;1;770;6899838;-1;-79
;ServiceLog;md;1419862169133;3G;UMTS;1;250;1;770;6899838;-1;-79
;ServiceLog;md;1419862170181;3G;UMTS;1;250;1;770;6899838;-1;-79
;ServiceLog;md;1419862171236;3G;UMTS;1;250;1;770;6899838;-1;-79
;ServiceLog;md;1419862172261;3G;UMTS;1;250;1;770;6899838;-1;-79
;ServiceLog;md;1419862173303;3G;UMTS;1;250;1;770;6899838;-1;-79
;ServiceLog;md;1419862174336;3G;UMTS;1;250;1;770;6899838;-1;-79
;ServiceLog;md;1419862175383;3G;UMTS;1;250;1;770;6899838;-1;-79
;ServiceLog;md;1419862176428;3G;UMTS;1;250;1;770;6899838;-1;-79
;ServiceLog;md;1419862177642;2G;EDGE;1;250;1;770;362;-1;-97
;ServiceLog;md;1419862178722;2G;EDGE;1;250;1;770;362;-1;-97
;ServiceLog;md;1419862179741;2G;EDGE;1;250;1;770;362;-1;-97
;ServiceLog;md;1419862179741;2G;EDGE;250-1-770-362;250;1;0;363;-1;0
;ServiceLog;md;1419862180770;2G;EDGE;1;250;1;770;362;-1;-81
;ServiceLog;md;1419862182189;2G;EDGE;1;250;1;770;362;-1;-81
;ServiceLog;md;1419862183398;2G;EDGE;1;250;1;770;362;-1;-83
;ServiceLog;md;1419862184461;2G;EDGE;1;250;1;770;362;-1;-83
;ServiceLog;md;1419862185474;2G;EDGE;1;250;1;770;362;-1;-83
;ServiceLog;md;1419862185474;2G;EDGE;250-1-770-362;250;1;0;363;-1;0
;ServiceLog;md;1419862186504;2G;EDGE;1;250;1;770;362;-1;-77
;ServiceLog;md;1419862187527;2G;EDGE;1;250;1;770;362;-1;-77
;ServiceLog;md;1419862187527;2G;EDGE;250-1-770-362;250;1;770;363;-1;0
;ServiceLog;md;1419862188568;2G;EDGE;1;250;1;770;362;-1;-77
;ServiceLog;md;1419862188568;2G;EDGE;250-1-770-362;250;1;770;363;-1;-105
;ServiceLog;md;1419862189622;2G;EDGE;1;250;1;770;362;-1;-69
;ServiceLog;md;1419862189622;2G;EDGE;250-1-770-362;250;1;770;361;-1;-103
;ServiceLog;md;1419862190657;2G;EDGE;1;250;1;770;362;-1;-69
;ServiceLog;md;1419862191694;2G;EDGE;1;250;1;770;362;-1;-69
;ServiceLog;md;1419862192749;3G;UMTS;1;250;1;770;6899839;-1;-69
;ServiceLog;md;1419862193803;3G;UMTS;1;250;1;770;6899839;-1;-69
;ServiceLog;md;1419862194843;3G;UMTS;1;250;1;770;6899839;-1;-75
;ServiceLog;md;1419862195894;3G;UMTS;1;250;1;770;6899839;-1;-75
;ServiceLog;md;1419862196943;3G;UMTS;1;250;1;770;6899839;-1;-75
;ServiceLog;md;1419862197997;3G;UMTS;1;250;1;770;6899839;-1;-77
;ServiceLog;md;1419862199033;3G;UMTS;1;250;1;770;6899839;-1;-77
;ServiceLog;md;1419862200087;3G;UMTS;1;250;1;770;6899839;-1;-79
;ServiceLog;md;1419862201103;3G;UMTS;1;250;1;770;6899839;-1;-79
;ServiceLog;md;1419862202132;3G;UMTS;1;250;1;770;6899839;-1;-79
;ServiceLog;md;1419862203194;3G;UMTS;1;250;1;770;6894483;-1;-79
;ServiceLog;md;1419862204242;3G;UMTS;1;250;1;770;6894483;-1;-79
;ServiceLog;md;1419862205304;3G;UMTS;1;250;1;770;6894483;-1;-79
;ServiceLog;md;1419862206357;3G;UMTS;1;250;1;770;6894483;-1;-81
;ServiceLog;md;1419862207399;3G;UMTS;1;250;1;770;6894483;-1;-81
;ServiceLog;md;1419862208415;3G;UMTS;1;250;1;770;6920218;-1;-81
;ServiceLog;md;1419862209431;3G;UMTS;1;250;1;770;6920218;-1;-81
;ServiceLog;md;1419862210469;3G;UMTS;1;250;1;770;6920218;-1;-81
;ServiceLog;md;1419862211712;3G;UMTS;1;250;1;770;6920218;-1;-81
;ServiceLog;md;1419862212759;3G;UMTS;1;250;1;770;6920218;-1;-83
;ServiceLog;md;1419862213806;3G;UMTS;1;250;1;770;6920218;-1;-83
;ServiceLog;md;1419862214861;3G;UMTS;1;250;1;770;6920218;-1;-83
;ServiceLog;md;1419862215899;3G;UMTS;1;250;1;770;6920218;-1;-83
;ServiceLog;md;1419862216914;3G;UMTS;1;250;1;770;6920218;-1;-83
;ServiceLog;md;1419862217974;3G;UMTS;1;250;1;770;6920218;-1;-83
;ServiceLog;md;1419862218992;3G;UMTS;1;250;1;770;6894483;-1;-85
;ServiceLog;md;1419862220040;3G;UMTS;1;250;1;770;6894483;-1;-85
;ServiceLog;md;1419862221091;3G;UMTS;1;250;1;770;6894483;-1;-85
;ServiceLog;md;1419862222129;3G;UMTS;1;250;1;770;6894483;-1;-85
;ServiceLog;md;1419862223194;3G;UMTS;1;250;1;770;6920218;-1;-85
;ServiceLog;md;1419862224245;3G;UMTS;1;250;1;770;6920218;-1;-85
;ServiceLog;md;1419862225300;3G;UMTS;1;250;1;770;6894483;-1;-85
;ServiceLog;md;1419862226343;3G;UMTS;1;250;1;770;6894483;-1;-85
;ServiceLog;md;1419862227395;3G;UMTS;1;250;1;770;6894483;-1;-85
;ServiceLog;md;1419862228434;3G;UMTS;1;250;1;770;6894483;-1;-85
;ServiceLog;md;1419862229448;3G;UMTS;1;250;1;770;6894483;-1;-85
;ServiceLog;md;1419862230472;3G;UMTS;1;250;1;770;6894483;-1;-85
;ServiceLog;md;1419862231522;3G;UMTS;1;250;1;770;6894483;-1;-85
;ServiceLog;md;1419862232544;3G;UMTS;1;250;1;770;6894483;-1;-85
;ServiceLog;md;1419862233563;3G;UMTS;1;250;1;770;6894483;-1;-87
;ServiceLog;md;1419862234609;3G;UMTS;1;250;1;770;6894483;-1;-87
;ServiceLog;md;1419862235658;3G;UMTS;1;250;1;770;6894483;-1;-87
;ServiceLog;md;1419862236692;3G;UMTS;1;250;1;770;6894483;-1;-73
;ServiceLog;md;1419862237826;2G;EDGE;1;250;1;770;362;-1;-73
;ServiceLog;md;1419862238854;2G;EDGE;1;250;1;770;362;-1;-73
;ServiceLog;md;1419862239902;2G;EDGE;1;250;1;770;362;-1;-83
;ServiceLog;md;1419862240936;2G;EDGE;1;250;1;770;362;-1;-83
;ServiceLog;md;1419862241976;2G;EDGE;1;250;1;770;362;-1;-83
;ServiceLog;md;1419862242993;2G;EDGE;1;250;1;770;362;-1;-87
;ServiceLog;md;1419862242993;2G;EDGE;250-1-770-362;250;1;770;361;-1;-97
;ServiceLog;md;1419862244028;2G;EDGE;1;250;1;770;362;-1;-87
;ServiceLog;md;1419862244028;2G;EDGE;250-1-770-362;250;1;770;361;-1;-97
;ServiceLog;md;1419862245065;2G;EDGE;1;250;1;770;362;-1;-91
;ServiceLog;md;1419862245065;2G;EDGE;250-1-770-362;250;1;770;361;-1;0
;ServiceLog;md;1419862246102;2G;EDGE;1;250;1;770;362;-1;-91
;ServiceLog;md;1419862247128;2G;EDGE;1;250;1;770;362;-1;-91
;ServiceLog;md;1419862247128;2G;EDGE;250-1-770-362;250;1;0;361;-1;0
;ServiceLog;md;1419862248171;2G;EDGE;1;250;1;770;362;-1;-91
;ServiceLog;md;1419862248171;2G;EDGE;250-1-770-362;250;1;0;361;-1;0
;ServiceLog;md;1419862249212;2G;EDGE;1;250;1;770;362;-1;-91
;ServiceLog;md;1419862249212;2G;EDGE;250-1-770-362;250;1;0;361;-1;0
;ServiceLog;md;1419862250256;2G;EDGE;1;250;1;770;362;-1;-91
;ServiceLog;md;1419862250256;2G;EDGE;250-1-770-362;250;1;0;361;-1;0
;ServiceLog;md;1419862251301;2G;EDGE;1;250;1;770;362;-1;-91
;ServiceLog;md;1419862251301;2G;EDGE;250-1-770-362;250;1;0;361;-1;0
;ServiceLog;md;1419862252338;2G;EDGE;1;250;1;770;362;-1;-91
;ServiceLog;md;1419862253374;2G;EDGE;1;250;1;770;362;-1;-91
;ServiceLog;md;1419862253374;2G;EDGE;250-1-770-362;250;1;770;361;-1;0
;ServiceLog;md;1419862254409;2G;EDGE;1;250;1;770;362;-1;-91
;ServiceLog;md;1419862254409;2G;EDGE;250-1-770-362;250;1;770;361;-1;-91
;ServiceLog;md;1419862255450;2G;EDGE;1;250;1;770;362;-1;-91
;ServiceLog;md;1419862255450;2G;EDGE;250-1-770-362;250;1;770;361;-1;-93
;ServiceLog;md;1419862256486;2G;EDGE;1;250;1;770;362;-1;-91
;ServiceLog;md;1419862256486;2G;EDGE;250-1-770-362;250;1;770;361;-1;-93
;ServiceLog;md;1419862257526;2G;EDGE;1;250;1;770;362;-1;-91
;ServiceLog;md;1419862257526;2G;EDGE;250-1-770-362;250;1;770;361;-1;-91
;ServiceLog;md;1419862258564;2G;EDGE;1;250;1;770;362;-1;-91
;ServiceLog;md;1419862258564;2G;EDGE;250-1-770-362;250;1;770;361;-1;-93
;ServiceLog;md;1419862259607;2G;EDGE;1;250;1;770;362;-1;-91
;ServiceLog;md;1419862259607;2G;EDGE;250-1-770-362;250;1;770;361;-1;-93
;ServiceLog;md;1419862260650;2G;EDGE;1;250;1;770;362;-1;-91
;ServiceLog;md;1419862260650;2G;EDGE;250-1-770-362;250;1;770;361;-1;-91
;ServiceLog;md;1419862261690;2G;EDGE;1;250;1;770;362;-1;-91
;ServiceLog;md;1419862261690;2G;EDGE;250-1-770-362;250;1;770;361;-1;-91
;ServiceLog;md;1419862262726;2G;EDGE;1;250;1;770;362;-1;-91
;ServiceLog;md;1419862262726;2G;EDGE;250-1-770-362;250;1;770;362;-1;0
;ServiceLog;md;1419862263766;2G;EDGE;1;250;1;770;362;-1;-91
;ServiceLog;md;1419862263766;2G;EDGE;250-1-770-362;250;1;770;362;-1;0
;ServiceLog;md;1419862264818;2G;EDGE;1;250;1;770;362;-1;-91
;ServiceLog;md;1419862264818;2G;EDGE;250-1-770-362;250;1;770;362;-1;0
;ServiceLog;md;1419862265957;2G;EDGE;1;250;1;770;362;-1;-91
;ServiceLog;md;1419862265957;2G;EDGE;250-1-770-362;250;1;770;362;-1;-101
;ServiceLog;md;1419862266977;2G;EDGE;1;250;1;770;362;-1;-91
;ServiceLog;md;1419862266977;2G;EDGE;250-1-770-362;250;1;770;362;-1;-101
;ServiceLog;md;1419862268020;2G;EDGE;1;250;1;770;362;-1;-91
;ServiceLog;md;1419862268020;2G;EDGE;250-1-770-362;250;1;770;362;-1;-101
;ServiceLog;md;1419862269069;2G;EDGE;1;250;1;770;362;-1;-91
;ServiceLog;md;1419862269069;2G;EDGE;250-1-770-362;250;1;770;362;-1;-101
;ServiceLog;md;1419862270120;2G;EDGE;1;250;1;770;362;-1;-91
;ServiceLog;md;1419862270120;2G;EDGE;250-1-770-362;250;1;770;362;-1;-101
;ServiceLog;md;1419862271171;2G;EDGE;1;250;1;770;362;-1;-91
;ServiceLog;md;1419862271171;2G;EDGE;250-1-770-362;250;1;770;362;-1;-101
;ServiceLog;md;1419862272215;2G;EDGE;1;250;1;770;362;-1;-91
;ServiceLog;md;1419862272215;2G;EDGE;250-1-770-362;250;1;770;362;-1;-99
;ServiceLog;md;1419862273252;2G;EDGE;1;250;1;770;362;-1;-91
;ServiceLog;md;1419862273252;2G;EDGE;250-1-770-362;250;1;770;362;-1;-99
;ServiceLog;md;1419862274291;2G;EDGE;1;250;1;770;362;-1;-91
;ServiceLog;md;1419862274291;2G;EDGE;250-1-770-362;250;1;770;362;-1;-99
;ServiceLog;md;1419862275337;2G;EDGE;1;250;1;770;362;-1;-91
;ServiceLog;md;1419862275337;2G;EDGE;250-1-770-362;250;1;770;362;-1;-101
;ServiceLog;md;1419862276377;2G;EDGE;1;250;1;770;362;-1;-91
;ServiceLog;md;1419862276377;2G;EDGE;250-1-770-362;250;1;770;362;-1;-105
;ServiceLog;md;1419862277418;2G;EDGE;1;250;1;770;362;-1;-91
;ServiceLog;md;1419862277418;2G;EDGE;250-1-770-362;250;1;770;362;-1;-105
;ServiceLog;md;1419862278469;2G;EDGE;1;250;1;770;362;-1;-91
;ServiceLog;md;1419862279513;2G;EDGE;1;250;1;770;362;-1;-91
;ServiceLog;md;1419862280561;2G;EDGE;1;250;1;770;362;-1;-91
;ServiceLog;md;1419862281595;2G;EDGE;1;250;1;770;361;-1;-79
;ServiceLog;md;1419862282843;2G;EDGE;1;250;1;770;361;-1;-79
;ServiceLog;md;1419862283878;2G;EDGE;1;250;1;770;361;-1;-79
;ServiceLog;md;1419862284892;2G;EDGE;1;250;1;770;361;-1;-79
;ServiceLog;md;1419862286247;2G;EDGE;1;250;1;770;361;-1;-79
;ServiceLog;md;1419862287262;2G;EDGE;1;250;1;770;361;-1;-79
;ServiceLog;md;1419862288290;2G;EDGE;1;250;1;770;361;-1;-79
;ServiceLog;md;1419862289304;2G;EDGE;1;250;1;770;361;-1;-79
;ServiceLog;md;1419862290322;2G;EDGE;1;250;1;770;361;-1;-79
;ServiceLog;md;1419862291346;2G;EDGE;1;250;1;770;361;-1;-79
;ServiceLog;md;1419862292368;2G;EDGE;1;250;1;770;361;-1;-79
;ServiceLog;md;1419862293424;2G;EDGE;1;250;1;770;361;-1;-79
;ServiceLog;md;1419862294476;2G;EDGE;1;250;1;770;361;-1;-79
;ServiceLog;md;1419862295515;2G;EDGE;1;250;1;770;361;-1;-79
;ServiceLog;md;1419862296551;2G;EDGE;1;250;1;770;361;-1;-81
;ServiceLog;md;1419862297570;2G;EDGE;1;250;1;770;361;-1;-81
;ServiceLog;md;1419862298606;2G;EDGE;1;250;1;770;361;-1;-81
;ServiceLog;md;1419862299645;2G;EDGE;1;250;1;770;361;-1;-83
;ServiceLog;md;1419862300693;2G;EDGE;1;250;1;770;361;-1;-83
;ServiceLog;md;1419862301736;2G;EDGE;1;250;1;770;361;-1;-83
;ServiceLog;md;1419862302781;2G;EDGE;1;250;1;770;361;-1;-85
;ServiceLog;md;1419862303818;2G;EDGE;1;250;1;770;361;-1;-85
;ServiceLog;md;1419862304863;2G;EDGE;1;250;1;770;361;-1;-85
;ServiceLog;md;1419862305910;2G;EDGE;1;250;1;770;361;-1;-87
;ServiceLog;md;1419862306962;2G;EDGE;1;250;1;770;361;-1;-87
;ServiceLog;md;1419862306962;2G;EDGE;250-1-770-361;250;1;660;43921;-1;0
;ServiceLog;md;1419862307995;2G;EDGE;1;250;1;770;361;-1;-87
;ServiceLog;md;1419862309014;2G;EDGE;1;250;1;770;361;-1;-87
;ServiceLog;md;1419862310050;2G;EDGE;1;250;1;770;361;-1;-87
;ServiceLog;md;1419862311065;2G;EDGE;1;250;1;770;361;-1;-87
;ServiceLog;md;1419862312101;2G;EDGE;1;250;1;770;361;-1;-89
;ServiceLog;md;1419862313131;2G;EDGE;1;250;1;770;361;-1;-89
;ServiceLog;md;1419862314160;2G;EDGE;1;250;1;770;361;-1;-89
;ServiceLog;md;1419862314160;2G;EDGE;250-1-770-361;250;1;0;43921;-1;0
