ID;Name;User;TimeStamp;NetworkGen;NetworkType;Active;MCC;MNC;LAC;CID;PSC;Power;session_id
1513;Чкаловская 3;Andrey;1435912001812;2G;EDGE;1;250;99;26627;19007;-1;-83;524566994
1514;Чкаловская 4;Andrey;1435912013787;2G;EDGE;1;250;99;26627;19007;-1;-79;524566994
2191;Сретенский бульвар 1;Andrey;1435912123561;2G;EDGE;1;250;99;26627;19051;-1;-61;524566994
2192;Сретенский бульвар 2;Andrey;1435912141414;2G;EDGE;1;250;99;26627;19051;-1;-73;524566994
2193;Сретенский бульвар 3;Andrey;1435912263012;2G;EDGE;1;250;99;26627;19051;-1;-73;524566994
2194;Сретенский бульвар 4;Andrey;1435912276229;2G;EDGE;1;250;99;26627;19051;-1;-75;524566994
1511;Чкаловская 1;Andrey;1435912383869;2G;EDGE;1;250;99;26627;19007;-1;-59;524566994
1512;Чкаловская 2;Andrey;1435912400232;2G;EDGE;1;250;99;26627;19007;-1;-73;524566994
