ID;Name;User;TimeStamp;NetworkGen;NetworkType;Active;MCC;MNC;LAC;CID;PSC;Power
323;Театральная 3;md;1418035809641;2G;EDGE;1;250;1;770;381;-1;-77
324;Театральная 4;md;1418035819878;2G;EDGE;1;250;1;770;381;-1;-81
311;Новокузнецкая 1;md;1418035929612;unknown;unknown;1;-1;-1;-1;-1;-1;-1
312;Новокузнецкая 2;md;1418035946310;unknown;unknown;1;-1;-1;-1;-1;-1;-1
973;Третьяковская (КРЛ) 3;md;1418036243985;3G;UMTS;1;250;1;770;6899779;-1;-87
974;Третьяковская (КРЛ) 4;md;1418036259254;3G;UMTS;1;250;1;770;6899779;-1;-81
981;Октябрьская (КРЛ) 1;md;1418036363688;unknown;unknown;1;-1;-1;-1;-1;-1;-1
982;Октябрьская (КРЛ) 2;md;1418036378660;unknown;unknown;1;-1;-1;-1;-1;-1;-1
983;Октябрьская (КРЛ) 3;md;1418036410904;unknown;unknown;1;-1;-1;-1;-1;-1;-1
984;Октябрьская (КРЛ) 4;md;1418036419928;unknown;unknown;1;-1;-1;-1;-1;-1;-1
991;Шаболовская 1;md;1418036494395;unknown;unknown;1;-1;-1;-1;-1;-1;-1
992;Шаболовская 2;md;1418036510748;2G;EDGE;1;250;1;770;543;-1;-71
993;Шаболовская 3;md;1418036548768;2G;EDGE;1;250;1;770;543;-1;-59
994;Шаболовская 4;md;1418036556054;2G;EDGE;1;250;1;770;543;-1;-63
1001;Ленинский проспект 1;md;1418036676686;unknown;unknown;1;-1;-1;-1;-1;-1;-1
1002;Ленинский проспект 2;md;1418036691930;2G;EDGE;1;250;1;770;543;-1;-77
1003;Ленинский проспект 3;md;1418036715347;2G;EDGE;1;250;1;770;543;-1;-81
1004;Ленинский проспект 4;md;1418036726803;2G;EDGE;1;250;1;770;543;-1;-83
1011;Академическая 1;md;1418036865507;unknown;unknown;1;-1;-1;-1;-1;-1;-1
1012;Академическая 2;md;1418036881142;2G;EDGE;1;250;1;770;543;-1;-61
