ID;Name;User;TimeStamp;NetworkGen;NetworkType;Active;MCC;MNC;LAC;CID;PSC;Power
13;Gorkovskaya 3;anisnn;1436181365446;3G;HSPA;1;250;2;5244;1368927;223;-99
14;Gorkovskaya 4;anisnn;1436181374713;3G;HSPA;1;250;2;5244;1368927;223;-95
21;Moskovskaya 1;anisnn;1436181620459;2G;EDGE;1;250;2;5241;23611;-1;-61
22;Moskovskaya 2;anisnn;1436181633255;3G;HSPA;1;250;2;5241;130464;156;-81
23;Moskovskaya 3;anisnn;1436181650630;3G;HSPA;1;250;2;5241;130464;156;-83
24;Moskovskaya 4;anisnn;1436181663314;3G;HSPA;1;250;2;5241;130464;156;-93
31;Chkalovskaya 1;anisnn;1436181763234;2G;EDGE;1;250;2;5241;1334;-1;-51
32;Chkalovskaya 2;anisnn;1436181775928;2G;EDGE;1;250;2;5241;1334;-1;-71
33;Chkalovskaya 3;anisnn;1436181784899;2G;EDGE;1;250;2;5241;1334;-1;-63
34;Chkalovskaya 4;anisnn;1436181799371;3G;HSPA;1;250;2;5241;111253;5;-71
41;Leninskaya 1;anisnn;1436181890101;2G;EDGE;1;-1;-1;-1;-1;-1;-51
42;Leninskaya 2;anisnn;1436181902080;3G;HSPAP;1;250;2;5242;1356438;76;-81
43;Leninskaya 3;anisnn;1436181911893;3G;HSPA;1;250;2;5242;1356438;76;-87
44;Leninskaya 4;anisnn;1436181922168;3G;HSPA;1;250;2;5242;1356438;76;-91
51;Zarechnaya 1;anisnn;1436182074096;2G;EDGE;1;-1;-1;-1;-1;-1;-113
52;Zarechnaya 2;anisnn;1436182087840;3G;HSPA;1;250;2;5242;130463;211;-113
53;Zarechnaya 3;anisnn;1436182098887;3G;HSPA;1;250;2;5242;130463;211;-87
54;Zarechnaya 4;anisnn;1436182109436;3G;HSPA;1;250;2;5242;130463;211;-73
61;Dvigatel Revolutsii 1;anisnn;1436182185099;3G;HSPAP;1;250;2;5242;1361377;360;-87
62;Dvigatel Revolutsii 2;anisnn;1436182197040;3G;HSPA;1;250;2;5242;1356440;360;-103
63;Dvigatel Revolutsii 3;anisnn;1436182206283;3G;HSPA;1;250;2;5242;1356440;360;-87
64;Dvigatel Revolutsii 4;anisnn;1436182227536;3G;HSPAP;1;250;2;5242;1356440;360;-87
72;Proletarskaya 2;anisnn;1436182300300;3G;HSPA;1;250;2;5242;130466;64;-77
72;Proletarskaya 2;anisnn;1436182311147;3G;HSPA;1;250;2;5242;130466;64;-87
73;Proletarskaya 3;anisnn;1436182319350;3G;HSPA;1;250;2;5242;130466;64;-87
74;Proletarskaya 4;anisnn;1436182331462;3G;HSPA;1;250;2;5242;130466;64;-79
81;Avtozavodskaya 1;anisnn;1436182406083;3G;HSPAP;1;250;2;5242;1361346;103;-113
82;Avtozavodskaya 2;anisnn;1436182417255;3G;HSPAP;1;250;2;5242;1361346;103;-95
83;Avtozavodskaya 3;anisnn;1436182427808;3G;HSPA;1;250;2;5242;1361346;103;-89
84;Avtozavodskaya 4;anisnn;1436182439562;3G;HSPA;1;250;2;5242;1361346;103;-85
84;Avtozavodskaya 4;anisnn;1436182439562;3G;HSPA;250-2-5242-1361346;-1;-1;-1;-1;-1;-67
84;Avtozavodskaya 4;anisnn;1436182439562;3G;HSPA;250-2-5242-1361346;-1;-1;-1;-1;-1;-105
84;Avtozavodskaya 4;anisnn;1436182439562;3G;HSPA;250-2-5242-1361346;-1;-1;-1;-1;-1;-109
84;Avtozavodskaya 4;anisnn;1436182439562;3G;HSPA;250-2-5242-1361346;-1;-1;-1;-1;-1;-113
84;Avtozavodskaya 4;anisnn;1436182439562;3G;HSPA;250-2-5242-1361346;-1;-1;-1;-1;-1;-113
84;Avtozavodskaya 4;anisnn;1436182439562;3G;HSPA;250-2-5242-1361346;-1;-1;-1;-1;-1;-113
84;Avtozavodskaya 4;anisnn;1436182439562;3G;HSPA;250-2-5242-1361346;-1;-1;-1;-1;-1;-113
84;Avtozavodskaya 4;anisnn;1436182439562;3G;HSPA;250-2-5242-1361346;-1;-1;-1;-1;-1;-113
91;Komsomolskaya 1;anisnn;1436182488313;3G;HSPA;1;250;2;5242;1356439;195;-89
92;Komsomolskaya 2;anisnn;1436182501535;3G;HSPA;1;250;2;5242;1356439;195;-97
93;Komsomolskaya 3;anisnn;1436182511853;3G;HSPA;1;250;2;5242;1356439;195;-81
94;Komsomolskaya 4;anisnn;1436182524467;3G;HSPA;1;250;2;5242;1356439;195;-93
101;Kirovskaya 1;anisnn;1436182575291;3G;HSPAP;1;250;2;5243;1361815;291;-59
101;Kirovskaya 1;anisnn;1436182575291;3G;HSPAP;250-2-5243-1361815;-1;-1;-1;-1;-1;-63
101;Kirovskaya 1;anisnn;1436182575291;3G;HSPAP;250-2-5243-1361815;-1;-1;-1;-1;-1;-83
101;Kirovskaya 1;anisnn;1436182575291;3G;HSPAP;250-2-5243-1361815;-1;-1;-1;-1;-1;-83
101;Kirovskaya 1;anisnn;1436182575291;3G;HSPAP;250-2-5243-1361815;-1;-1;-1;-1;-1;-87
101;Kirovskaya 1;anisnn;1436182575291;3G;HSPAP;250-2-5243-1361815;-1;-1;-1;-1;-1;-87
101;Kirovskaya 1;anisnn;1436182575291;3G;HSPAP;250-2-5243-1361815;-1;-1;-1;-1;-1;-87
101;Kirovskaya 1;anisnn;1436182575291;3G;HSPAP;250-2-5243-1361815;-1;-1;-1;-1;-1;-89
101;Kirovskaya 1;anisnn;1436182575291;3G;HSPAP;250-2-5243-1361815;-1;-1;-1;-1;-1;-89
102;Kirovskaya 2;anisnn;1436182587635;3G;HSPA;1;250;2;5243;1361815;291;-85
103;Kirovskaya 3;anisnn;1436182596489;3G;HSPA;1;250;2;5243;1361815;291;-83
104;Kirovskaya 4;anisnn;1436182607145;3G;HSPA;1;250;2;5243;1361815;291;-87
111;Park Kultury 1;anisnn;1436182731670;3G;HSPAP;1;250;2;5243;130465;11;-95
112;Park Kultury 2;anisnn;1436182744353;3G;HSPA;1;250;2;5243;130465;11;-83
