ID;Name;User;TimeStamp;NetworkGen;NetworkType;Active;MCC;MNC;LAC;CID;PSC;Power
213;Kabaty 3;alexkar;1436214126450;unknown;unknown;1;260;1;11047;6842;0;-85
214;Kabaty 4;alexkar;1436214137704;unknown;unknown;1;260;1;11047;6842;0;-91
201;Natolin 1;alexkar;1436214202969;unknown;unknown;1;-1;-1;-1;-1;0;-109
202;Natolin 2;alexkar;1436214215768;unknown;unknown;1;-1;-1;-1;-1;67;-109
203;Natolin 3;alexkar;1436214230536;unknown;unknown;1;260;1;11047;6831;0;-95
204;Natolin 4;alexkar;1436214240388;unknown;unknown;1;260;1;11047;6831;0;-79
191;Imielin 1;alexkar;1436214304315;unknown;unknown;1;-1;-1;-1;-1;0;-109
192;Imielin 2;alexkar;1436214318022;unknown;unknown;1;-1;-1;-1;-1;0;-109
193;Imielin 3;alexkar;1436214333353;unknown;unknown;1;-1;-1;-1;-1;91;-109
194;Imielin 4;alexkar;1436214344907;unknown;unknown;1;-1;-1;-1;-1;91;-109
181;Stokłosy 1;alexkar;1436214407203;unknown;unknown;1;-1;-1;-1;-1;0;-109
182;Stokłosy 2;alexkar;1436214422098;unknown;unknown;1;-1;-1;-1;-1;0;-109
183;Stokłosy 3;alexkar;1436214437262;unknown;unknown;1;260;1;11047;6812;0;-91
184;Stokłosy 4;alexkar;1436214447287;unknown;unknown;1;260;1;11047;6812;0;-89
171;Ursynów 1;alexkar;1436214494986;unknown;unknown;1;-1;-1;-1;-1;0;-109
172;Ursynów 2;alexkar;1436214508726;unknown;unknown;1;260;1;11047;6802;0;-79
173;Ursynów 3;alexkar;1436214522827;unknown;unknown;1;260;1;11047;6802;0;-81
174;Ursynów 4;alexkar;1436214534513;unknown;unknown;1;260;1;11047;6802;0;-87
161;Służew 1;alexkar;1436214602268;unknown;unknown;1;-1;-1;-1;-1;147;-109
162;Służew 2;alexkar;1436214615135;unknown;unknown;1;-1;-1;-1;-1;155;-109
163;Służew 3;alexkar;1436214633345;unknown;unknown;1;260;1;11047;6791;0;-81
164;Służew 4;alexkar;1436214642128;unknown;unknown;1;260;1;11047;6791;0;-79
151;Wilanowska 1;alexkar;1436214711487;unknown;unknown;1;-1;-1;-1;-1;0;-109
152;Wilanowska 2;alexkar;1436214725264;unknown;unknown;1;-1;-1;-1;-1;0;-109
153;Wilanowska 3;alexkar;1436214740407;unknown;unknown;1;260;1;11047;6781;0;-73
154;Wilanowska 4;alexkar;1436214752504;unknown;unknown;1;260;1;11047;6781;0;-83
141;Wierzbno 1;alexkar;1436214807976;unknown;unknown;1;-1;-1;-1;-1;0;-109
142;Wierzbno 2;alexkar;1436214822821;unknown;unknown;1;260;1;11047;6771;0;-51
143;Wierzbno 3;alexkar;1436214839974;unknown;unknown;1;260;1;11047;6771;0;-87
144;Wierzbno 4;alexkar;1436214850875;unknown;unknown;1;260;1;11047;6771;0;-87
131;Racławicka 1;alexkar;1436214908701;unknown;unknown;1;-1;-1;-1;-1;99;-107
132;Racławicka 2;alexkar;1436214923671;unknown;unknown;1;-1;-1;-1;-1;99;-107
133;Racławicka 3;alexkar;1436214943830;unknown;unknown;1;260;1;11047;6761;0;-93
134;Racławicka 4;alexkar;1436214954099;unknown;unknown;1;260;1;11047;6761;0;-87
121;Pole Mokotowskie 1;alexkar;1436215019316;unknown;unknown;1;-1;-1;-1;-1;35;-109
122;Pole Mokotowskie 2;alexkar;1436215032826;unknown;unknown;1;-1;-1;-1;-1;43;-109
123;Pole Mokotowskie 3;alexkar;1436215051861;unknown;unknown;1;260;1;11047;6751;0;-91
124;Pole Mokotowskie 4;alexkar;1436215072879;unknown;unknown;1;260;1;11047;6751;0;-109
111;Politechnika 1;alexkar;1436215139660;unknown;unknown;1;260;3;58020;42018289;8;-85
112;Politechnika 2;alexkar;1436215153255;unknown;unknown;1;260;3;58020;42058721;7;-73
113;Politechnika 3;alexkar;1436215169879;unknown;unknown;1;260;3;58020;42058721;7;-69
114;Politechnika 4;alexkar;1436215180126;unknown;unknown;1;260;3;58020;42058721;7;-67
101;Centrum 1;alexkar;1436215263480;unknown;unknown;1;260;3;58020;42058563;181;-61
102;Centrum 2;alexkar;1436215277944;unknown;unknown;1;260;3;58020;42058563;181;-75
