ID;Name;User;TimeStamp;Type;Accel_X;Accel_Y;Accel_Z;Azimuth;Pitch;Roll;Magnetic_X;Magnetic_Y;Magnetic_Z;Gyro_X;Gyro_Y;Gyro_Z;GPS_Lat;GPS_Lon;GPS_Alt;GPS_Accuracy;GPS_Speed;GPS_Bearing
523;Приморская 3;Stanislav;1435586387517;Raw;0.2745862;5.9232163;8.8652115;33.328125;-34.5625;2.046875;-24.5625;22.625;-25.9375;NaN;NaN;NaN;NaN;NaN;NaN;NaN;NaN;NaN
524;Приморская 4;Stanislav;1435586401038;Raw;2.824315;4.197246;9.80665;23.09375;-22.359375;14.796875;-29.3125;7.5625;-65.8125;NaN;NaN;NaN;NaN;NaN;NaN;NaN;NaN;NaN
511;Василеостровская 1;Stanislav;1435586516586;Raw;-2.0397832;5.491724;9.100571;84.40625;-30.75;-11.296875;-23.6875;-4.4375;-12.1875;NaN;NaN;NaN;NaN;NaN;NaN;NaN;NaN;NaN
512;Василеостровская 2;Stanislav;1435586530778;Raw;0.5491724;3.5696206;9.728196;50.828125;-16.25;6.78125;-22.625;15.9375;-3.1875;NaN;NaN;NaN;NaN;NaN;NaN;NaN;NaN;NaN
513;Василеостровская 3;Stanislav;1435586575600;Raw;1.176798;3.1773546;9.728196;62.109375;-17.65625;4.8125;-22.8125;9.0;-3.625;NaN;NaN;NaN;NaN;NaN;NaN;NaN;NaN;NaN
514;Василеостровская 4;Stanislav;1435586590077;Raw;0.4314926;3.3734875;9.885103;103.03125;-18.796875;2.328125;-28.8125;-2.3125;23.0;NaN;NaN;NaN;NaN;NaN;NaN;NaN;NaN;NaN
491;Гостиный двор 1;Stanislav;1435586788291;Raw;-1.8044236;4.1580195;9.492837;135.96875;-23.734375;-10.203125;-29.9375;-37.125;-16.375;NaN;NaN;NaN;NaN;NaN;NaN;NaN;NaN;NaN
492;Гостиный двор 2;Stanislav;1435586804580;Raw;-1.0983448;3.5303938;9.963556;119.15625;-19.390625;-5.890625;-30.75;-29.0;-18.0;NaN;NaN;NaN;NaN;NaN;NaN;NaN;NaN;NaN
493;Гостиный двор 3;Stanislav;1435586852730;Raw;-0.1176798;2.2359161;10.355823;97.078125;-13.015625;-1.84375;-23.3125;-9.875;-23.0625;NaN;NaN;NaN;NaN;NaN;NaN;NaN;NaN;NaN
494;Гостиный двор 4;Stanislav;1435586866394;Raw;-1.6082906;2.432049;10.277369;136.6875;-13.359375;-8.734375;-36.0625;-40.4375;14.125;NaN;NaN;NaN;NaN;NaN;NaN;NaN;NaN;NaN
481;Маяковская 1;Stanislav;1435586975977;Raw;-0.5099458;3.216581;9.767424;149.32813;-18.328125;-2.234375;-28.0;-69.6875;-46.625;NaN;NaN;NaN;NaN;NaN;NaN;NaN;NaN;NaN
482;Маяковская 2;Stanislav;1435586990591;Raw;0.2745862;3.6088471;9.57129;145.6875;-20.546875;-0.609375;-29.9375;-53.9375;-17.625;NaN;NaN;NaN;NaN;NaN;NaN;NaN;NaN;NaN
483;Маяковская 3;Stanislav;1435587038066;Raw;1.4906107;3.9226599;9.68897;155.5;-21.75;7.765625;-29.375;-73.6875;-16.9375;NaN;NaN;NaN;NaN;NaN;NaN;NaN;NaN;NaN
484;Маяковская 4;Stanislav;1435587053026;Raw;0.98066497;4.275699;9.5320635;152.82813;-24.53125;4.703125;-34.3125;-78.4375;21.5;NaN;NaN;NaN;NaN;NaN;NaN;NaN;NaN;NaN
471;Площадь Александра Невского (зел) 1;Stanislav;1435587174329;Raw;0.8629852;4.785645;9.296704;142.48438;-27.125;4.703125;-40.0625;-72.125;-44.9375;NaN;NaN;NaN;NaN;NaN;NaN;NaN;NaN;NaN
472;Площадь Александра Невского (зел) 2;Stanislav;1435587188967;Raw;1.4513842;4.9425516;9.218251;136.39063;-28.8125;6.875;-35.9375;-51.125;-25.6875;NaN;NaN;NaN;NaN;NaN;NaN;NaN;NaN;NaN
473;Площадь Александра Невского (зел) 3;Stanislav;1435587230466;Raw;1.372931;4.903325;9.335931;143.89063;-28.5625;6.359375;-19.0625;-22.8125;13.8125;NaN;NaN;NaN;NaN;NaN;NaN;NaN;NaN;NaN
474;Площадь Александра Невского (зел) 4;Stanislav;1435587245327;Raw;0.8629852;5.4132705;9.100571;147.625;-29.0625;4.421875;-20.9375;-33.6875;6.6875;NaN;NaN;NaN;NaN;NaN;NaN;NaN;NaN;NaN
461;Елизаровская 1;Stanislav;1435587446298;Raw;-0.0392266;4.707192;9.414384;155.5;-26.546875;-0.140625;-23.3125;-65.0625;20.625;NaN;NaN;NaN;NaN;NaN;NaN;NaN;NaN;NaN
462;Елизаровская 2;Stanislav;1435587459315;Raw;0.5491724;4.5502853;9.68897;157.07813;-25.140625;2.90625;-18.375;-35.9375;27.3125;NaN;NaN;NaN;NaN;NaN;NaN;NaN;NaN;NaN
463;Елизаровская 3;Stanislav;1435587516945;Raw;1.3337044;4.001113;9.610517;158.39063;-21.828125;6.609375;-25.9375;-54.375;50.5625;NaN;NaN;NaN;NaN;NaN;NaN;NaN;NaN;NaN
464;Елизаровская 4;Stanislav;1435587530383;Raw;0.2745862;4.4718323;9.375157;148.26563;-25.015625;1.484375;-27.375;-45.1875;43.4375;NaN;NaN;NaN;NaN;NaN;NaN;NaN;NaN;NaN
451;Ломоносовская 1;Stanislav;1435587675650;Raw;-0.39226598;5.491724;9.139797;105.90625;-30.359375;-2.09375;-31.875;-31.8125;-28.125;NaN;NaN;NaN;NaN;NaN;NaN;NaN;NaN;NaN
452;Ломоносовская 2;Stanislav;1435587691215;Raw;-0.1569064;4.628739;9.375157;109.984375;-26.21875;-0.8125;-36.25;-29.5625;-37.5;NaN;NaN;NaN;NaN;NaN;NaN;NaN;NaN;NaN
453;Ломоносовская 3;Stanislav;1435587729051;Raw;1.0591182;4.4718323;9.885103;107.765625;-24.953125;7.203125;-35.625;-23.3125;-27.0625;NaN;NaN;NaN;NaN;NaN;NaN;NaN;NaN;NaN
454;Ломоносовская 4;Stanislav;1435587742549;Raw;0.6276256;4.5502853;9.92433;137.32813;-25.078125;4.09375;-42.125;-84.5625;-74.1875;NaN;NaN;NaN;NaN;NaN;NaN;NaN;NaN;NaN
441;Пролетарская 1;Stanislav;1435587867002;Raw;-0.5491724;5.9232163;8.708305;110.453125;-34.125;-2.96875;-18.25;-33.75;-38.5625;NaN;NaN;NaN;NaN;NaN;NaN;NaN;NaN;NaN
442;Пролетарская 2;Stanislav;1435587881452;Raw;0.35303938;3.9226599;9.80665;128.6875;-21.90625;1.421875;-15.75;-29.5;-35.5625;NaN;NaN;NaN;NaN;NaN;NaN;NaN;NaN;NaN
443;Пролетарская 3;Stanislav;1435587925017;Raw;1.176798;3.412714;9.845877;138.75;-18.53125;6.109375;-15.5625;-29.6875;-45.6875;NaN;NaN;NaN;NaN;NaN;NaN;NaN;NaN;NaN
444;Пролетарская 4;Stanislav;1435587940629;Raw;0.8237586;3.3734875;9.728196;151.64063;-19.015625;4.53125;-27.75;-70.4375;-62.9375;NaN;NaN;NaN;NaN;NaN;NaN;NaN;NaN;NaN
431;Обухово 1;Stanislav;1435588058139;Raw;-1.4906107;3.6480737;9.68897;161.46875;-20.375;-8.171875;-24.0625;-96.3125;-39.9375;NaN;NaN;NaN;NaN;NaN;NaN;NaN;NaN;NaN
432;Обухово 2;Stanislav;1435588070843;Raw;-2.7066352;3.80498;9.68897;160.03125;-21.59375;-12.984375;-12.625;-81.5625;-51.0625;NaN;NaN;NaN;NaN;NaN;NaN;NaN;NaN;NaN
433;Обухово 3;Stanislav;1435588098297;Raw;0.8237586;3.1773546;10.002783;25.953125;-19.75;3.578125;-10.4375;15.375;-13.875;NaN;NaN;NaN;NaN;NaN;NaN;NaN;NaN;NaN
434;Обухово 4;Stanislav;1435588111931;Raw;0.39226598;3.1773546;10.042009;140.71875;-17.53125;2.0625;-25.25;-52.625;-49.3125;NaN;NaN;NaN;NaN;NaN;NaN;NaN;NaN;NaN
421;Рыбацкое 1;Stanislav;1435588345624;Raw;-2.2359161;4.981778;9.061344;205.70313;-28.046875;-12.203125;3.875;-4.0625;28.625;NaN;NaN;NaN;NaN;NaN;NaN;NaN;NaN;NaN
422;Рыбацкое 2;Stanislav;1435588363324;Raw;-2.3928225;4.589512;9.218251;131.71875;-25.015625;-12.6875;-9.5;-6.25;7.3125;NaN;NaN;NaN;NaN;NaN;NaN;NaN;NaN;NaN
