ID;Name;User;TimeStamp;NetworkGen;NetworkType;Active;MCC;MNC;LAC;CID;PSC;Power
243;Звёздная 3;Stanislav;1435577500805;3G;HSPA;1;250;1;100;65539797;500;-81
244;Звёздная 4;Stanislav;1435577511088;3G;HSPA;1;250;1;100;65539797;500;-67
251;Московская 1;Stanislav;1435577680902;unknown;unknown;1;250;2;7803;8291727;21;-51
252;Московская 2;Stanislav;1435577700051;3G;HSPA;1;250;1;100;65540127;-1;-107
252;Московская 2;Stanislav;1435577700051;3G;HSPA;250-1-100-65540127;-1;-1;-1;-1;-1;-99
253;Московская 3;Stanislav;1435577736416;3G;HSPA;1;250;1;100;65540127;-1;-103
253;Московская 3;Stanislav;1435577736416;3G;HSPA;250-1-100-65540127;-1;-1;-1;-1;-1;-99
254;Московская 4;Stanislav;1435577745604;3G;HSPA;1;250;1;100;65540127;-1;-113
254;Московская 4;Stanislav;1435577745604;3G;HSPA;250-1-100-65540127;-1;-1;-1;-1;-1;-105
254;Московская 4;Stanislav;1435577745604;3G;HSPA;250-1-100-65540127;-1;-1;-1;-1;-1;-103
254;Московская 4;Stanislav;1435577745604;3G;HSPA;250-1-100-65540127;-1;-1;-1;-1;-1;-113
254;Московская 4;Stanislav;1435577745604;3G;HSPA;250-1-100-65540127;-1;-1;-1;-1;-1;-113
261;Парк Победы 1;Stanislav;1435577856800;unknown;unknown;1;250;2;7803;22406;-1;-51
261;Парк Победы 1;Stanislav;1435577856800;unknown;unknown;250-2-7803-22406;-1;-1;-1;-1;-1;-107
262;Парк Победы 2;Stanislav;1435577874503;3G;HSPA;1;250;1;100;65540117;503;-99
263;Парк Победы 3;Stanislav;1435577906433;3G;HSPA;1;250;1;100;65540117;503;-91
263;Парк Победы 3;Stanislav;1435577906433;3G;HSPA;250-1-100-65540117;-1;-1;-1;-1;503;-93
264;Парк Победы 4;Stanislav;1435577916267;3G;HSPA;1;250;1;100;65540117;503;-103
264;Парк Победы 4;Stanislav;1435577916267;3G;HSPA;250-1-100-65540117;-1;-1;-1;-1;503;-97
271;Электросила 1;Stanislav;1435577999057;3G;HSPA;1;250;1;100;65570107;502;-91
271;Электросила 1;Stanislav;1435577999057;3G;HSPA;250-1-100-65570107;-1;-1;-1;-1;502;-83
272;Электросила 2;Stanislav;1435578017786;3G;HSPA;1;250;1;100;65570107;502;-85
272;Электросила 2;Stanislav;1435578017786;3G;HSPA;250-1-100-65570107;-1;-1;-1;-1;502;-89
273;Электросила 3;Stanislav;1435578036990;3G;HSPA;1;250;1;100;65570107;502;-83
273;Электросила 3;Stanislav;1435578036990;3G;HSPA;250-1-100-65570107;-1;-1;-1;-1;502;-83
274;Электросила 4;Stanislav;1435578046286;3G;HSPA;1;250;1;100;65570107;502;-85
274;Электросила 4;Stanislav;1435578046286;3G;HSPA;250-1-100-65570107;-1;-1;-1;-1;502;-87
281;Московские ворота 1;Stanislav;1435578129888;unknown;unknown;1;250;2;7803;8321912;44;-89
282;Московские ворота 2;Stanislav;1435578148500;3G;HSPA;1;250;1;100;65570097;505;-81
282;Московские ворота 2;Stanislav;1435578148500;3G;HSPA;250-1-100-65570097;-1;-1;-1;-1;505;-77
283;Московские ворота 3;Stanislav;1435578174120;3G;HSPA;1;250;1;100;65570097;505;-77
283;Московские ворота 3;Stanislav;1435578174120;3G;HSPA;250-1-100-65570097;-1;-1;-1;-1;505;-79
284;Московские ворота 4;Stanislav;1435578183212;3G;HSPA;1;250;1;100;65570097;505;-95
284;Московские ворота 4;Stanislav;1435578183212;3G;HSPA;250-1-100-65570097;-1;-1;-1;-1;505;-81
291;Фрунзенская 1;Stanislav;1435578270346;3G;HSPA;1;250;1;100;65570087;501;-67
292;Фрунзенская 2;Stanislav;1435578286399;3G;HSPA;1;250;1;100;65570087;501;-79
292;Фрунзенская 2;Stanislav;1435578286399;3G;HSPA;250-1-100-65570087;-1;-1;-1;-1;501;-79
293;Фрунзенская 3;Stanislav;1435578309560;3G;HSPA;1;250;1;100;65570087;501;-87
293;Фрунзенская 3;Stanislav;1435578309560;3G;HSPA;250-1-100-65570087;-1;-1;-1;-1;501;-83
294;Фрунзенская 4;Stanislav;1435578317910;3G;HSPA;1;250;1;100;65570087;501;-79
294;Фрунзенская 4;Stanislav;1435578317910;3G;HSPA;250-1-100-65570087;-1;-1;-1;-1;501;-73
301;Технологический институт (син) 1;Stanislav;1435578395594;3G;HSPA;1;250;1;100;65539618;497;-83
301;Технологический институт (син) 1;Stanislav;1435578395594;3G;HSPA;250-1-100-65539618;-1;-1;-1;-1;497;-109
301;Технологический институт (син) 1;Stanislav;1435578395594;3G;HSPA;250-1-100-65539618;-1;-1;-1;-1;-1;-111
301;Технологический институт (син) 1;Stanislav;1435578395594;3G;HSPA;250-1-100-65539618;-1;-1;-1;-1;-1;-113
301;Технологический институт (син) 1;Stanislav;1435578395594;3G;HSPA;250-1-100-65539618;-1;-1;-1;-1;-1;-113
302;Технологический институт (син) 2;Stanislav;1435578414671;3G;HSPA;1;250;1;100;65539618;497;-83
302;Технологический институт (син) 2;Stanislav;1435578414671;3G;HSPA;250-1-100-65539618;-1;-1;-1;-1;497;-83
302;Технологический институт (син) 2;Stanislav;1435578414671;3G;HSPA;250-1-100-65539618;-1;-1;-1;-1;-1;-111
302;Технологический институт (син) 2;Stanislav;1435578414671;3G;HSPA;250-1-100-65539618;-1;-1;-1;-1;-1;-113
302;Технологический институт (син) 2;Stanislav;1435578414671;3G;HSPA;250-1-100-65539618;-1;-1;-1;-1;-1;-113
303;Технологический институт (син) 3;Stanislav;1435578446335;3G;HSPA;1;250;1;100;65569618;497;-81
303;Технологический институт (син) 3;Stanislav;1435578446335;3G;HSPA;250-1-100-65569618;-1;-1;-1;-1;497;-81
304;Технологический институт (син) 4;Stanislav;1435578455573;3G;HSPA;1;250;1;100;65569618;497;-83
304;Технологический институт (син) 4;Stanislav;1435578455573;3G;HSPA;250-1-100-65569618;-1;-1;-1;-1;497;-87
311;Сенная площадь 1;Stanislav;1435578540664;unknown;unknown;1;250;2;7803;8302847;42;-71
311;Сенная площадь 1;Stanislav;1435578540664;unknown;unknown;250-2-7803-8302847;-1;-1;-1;-1;42;-99
311;Сенная площадь 1;Stanislav;1435578540664;unknown;unknown;250-2-7803-8302847;-1;-1;-1;-1;42;-97
311;Сенная площадь 1;Stanislav;1435578540664;unknown;unknown;250-2-7803-8302847;-1;-1;-1;-1;-1;-85
311;Сенная площадь 1;Stanislav;1435578540664;unknown;unknown;250-2-7803-8302847;-1;-1;-1;-1;-1;-97
311;Сенная площадь 1;Stanislav;1435578540664;unknown;unknown;250-2-7803-8302847;-1;-1;-1;-1;-1;-107
311;Сенная площадь 1;Stanislav;1435578540664;unknown;unknown;250-2-7803-8302847;-1;-1;-1;-1;-1;-113
312;Сенная площадь 2;Stanislav;1435578556608;unknown;unknown;1;250;2;7803;8302842;47;-87
313;Сенная площадь 3;Stanislav;1435578592779;3G;HSPA;1;250;1;100;65539908;503;-97
314;Сенная площадь 4;Stanislav;1435578601694;3G;HSPA;1;250;1;100;65539908;503;-99
321;Невский проспект 1;Stanislav;1435578668435;unknown;unknown;1;250;99;14764;90351578;23;-51
322;Невский проспект 2;Stanislav;1435578685749;3G;HSPA;1;250;1;100;65539708;507;-87
322;Невский проспект 2;Stanislav;1435578685749;3G;HSPA;250-1-100-65539708;-1;-1;-1;-1;507;-87
322;Невский проспект 2;Stanislav;1435578685749;3G;HSPA;250-1-100-65539708;-1;-1;-1;-1;507;-89
