ID;Name;User;TimeStamp;Type;Accel_X;Accel_Y;Accel_Z;Azimuth;Pitch;Roll;Magnetic_X;Magnetic_Y;Magnetic_Z;Gyro_X;Gyro_Y;Gyro_Z;GPS_Lat;GPS_Lon;GPS_Alt;GPS_Accuracy;GPS_Speed;GPS_Bearing
243;Звёздная 3;Stanislav;1435577500805;Raw;-0.0;3.5303938;10.042009;300.125;-18.421875;3.15625;25.25;14.9375;23.0625;NaN;NaN;NaN;NaN;NaN;NaN;NaN;NaN;NaN
244;Звёздная 4;Stanislav;1435577511088;Raw;0.5099458;3.2558076;10.238142;239.73438;-17.625;2.6875;46.8125;11.75;100.375;NaN;NaN;NaN;NaN;NaN;NaN;NaN;NaN;NaN
251;Московская 1;Stanislav;1435577680902;Raw;-0.2353596;4.511059;9.68897;36.34375;-25.46875;-1.84375;-26.3125;27.9375;-18.625;NaN;NaN;NaN;NaN;NaN;NaN;NaN;NaN;NaN
252;Московская 2;Stanislav;1435577700051;Raw;1.8436501;4.707192;9.100571;85.1875;-24.15625;8.484375;-39.4375;2.625;9.5;NaN;NaN;NaN;NaN;NaN;NaN;NaN;NaN;NaN
253;Московская 3;Stanislav;1435577736416;Raw;1.8044236;4.393379;9.649743;124.328125;-21.0625;10.53125;-28.4375;-14.375;79.4375;NaN;NaN;NaN;NaN;NaN;NaN;NaN;NaN;NaN
254;Московская 4;Stanislav;1435577745604;Raw;1.6475172;3.8834333;9.414384;155.32813;-22.109375;9.125;-11.875;-23.4375;204.1875;NaN;NaN;NaN;NaN;NaN;NaN;NaN;NaN;NaN
261;Парк Победы 1;Stanislav;1435577856800;Raw;-0.2353596;4.197246;10.1989155;345.09375;-22.390625;-1.203125;16.5;50.9375;-103.9375;NaN;NaN;NaN;NaN;NaN;NaN;NaN;NaN;NaN
262;Парк Победы 2;Stanislav;1435577874503;Raw;2.941995;3.0204482;9.649743;303.3125;-15.203125;15.4375;49.5;35.875;-119.8125;NaN;NaN;NaN;NaN;NaN;NaN;NaN;NaN;NaN
263;Парк Победы 3;Stanislav;1435577906433;Raw;3.0989013;2.8635418;9.68897;306.42188;-17.359375;17.359375;59.125;51.3125;-181.25;NaN;NaN;NaN;NaN;NaN;NaN;NaN;NaN;NaN
264;Парк Победы 4;Stanislav;1435577916267;Raw;3.9618864;2.6674087;9.100571;329.64063;-15.0;22.625;-83.0;8.25;-323.875;NaN;NaN;NaN;NaN;NaN;NaN;NaN;NaN;NaN
271;Электросила 1;Stanislav;1435577999057;Raw;0.0392266;3.6873002;9.885103;6.8125;-20.4375;0.140625;-6.3125;78.875;-120.0625;NaN;NaN;NaN;NaN;NaN;NaN;NaN;NaN;NaN
272;Электросила 2;Stanislav;1435578017786;Raw;-0.0392266;2.745862;9.885103;0.375;-16.125;-1.84375;-5.125;61.375;-121.6875;NaN;NaN;NaN;NaN;NaN;NaN;NaN;NaN;NaN
273;Электросила 3;Stanislav;1435578036990;Raw;-0.2745862;2.1574628;10.238142;3.0625;-11.78125;-1.265625;6.75;73.5;-128.5;NaN;NaN;NaN;NaN;NaN;NaN;NaN;NaN;NaN
274;Электросила 4;Stanislav;1435578046286;Raw;-1.3337044;1.9613299;10.042009;345.8125;-10.953125;-4.984375;38.0625;79.5;-81.1875;NaN;NaN;NaN;NaN;NaN;NaN;NaN;NaN;NaN
281;Московские ворота 1;Stanislav;1435578129888;Raw;-0.35303938;4.6679654;9.492837;0.140625;-26.828125;-0.59375;4.375;19.9375;-84.5;NaN;NaN;NaN;NaN;NaN;NaN;NaN;NaN;NaN
282;Московские ворота 2;Stanislav;1435578148500;Raw;0.19613299;3.80498;9.963556;352.90625;-20.875;1.03125;1.0625;15.25;-54.3125;NaN;NaN;NaN;NaN;NaN;NaN;NaN;NaN;NaN
283;Московские ворота 3;Stanislav;1435578174120;Raw;0.19613299;3.216581;10.002783;336.67188;-17.0;-2.046875;16.8125;18.3125;-78.5625;NaN;NaN;NaN;NaN;NaN;NaN;NaN;NaN;NaN
284;Московские ворота 4;Stanislav;1435578183212;Raw;-0.39226598;3.334261;10.002783;346.15625;-19.015625;-1.484375;26.8125;52.25;-113.25;NaN;NaN;NaN;NaN;NaN;NaN;NaN;NaN;NaN
291;Фрунзенская 1;Stanislav;1435578270346;Raw;0.39226598;4.2364726;9.610517;0.4375;-23.96875;1.265625;-2.375;23.4375;-64.5625;NaN;NaN;NaN;NaN;NaN;NaN;NaN;NaN;NaN
292;Фрунзенская 2;Stanislav;1435578286399;Raw;-0.1569064;3.5696206;9.68897;350.15625;-20.234375;-0.84375;3.375;14.875;-54.5;NaN;NaN;NaN;NaN;NaN;NaN;NaN;NaN;NaN
293;Фрунзенская 3;Stanislav;1435578309560;Raw;-0.8237586;3.0596747;9.885103;329.79688;-17.125;-4.515625;19.25;30.6875;-9.9375;NaN;NaN;NaN;NaN;NaN;NaN;NaN;NaN;NaN
294;Фрунзенская 4;Stanislav;1435578317910;Raw;-0.98066497;2.5497289;10.042009;315.14063;-13.09375;-3.859375;32.5;45.875;23.25;NaN;NaN;NaN;NaN;NaN;NaN;NaN;NaN;NaN
301;Технологический институт (син) 1;Stanislav;1435578395594;Raw;0.35303938;4.4718323;9.5320635;354.78125;-24.859375;0.359375;0.8125;27.0625;-38.4375;NaN;NaN;NaN;NaN;NaN;NaN;NaN;NaN;NaN
302;Технологический институт (син) 2;Stanislav;1435578414671;Raw;0.0392266;3.7657535;9.728196;309.3125;-20.4375;-1.03125;15.9375;-2.875;-47.8125;NaN;NaN;NaN;NaN;NaN;NaN;NaN;NaN;NaN
303;Технологический институт (син) 3;Stanislav;1435578446335;Raw;-0.19613299;3.5303938;10.002783;280.67188;-19.359375;-0.59375;27.6875;4.25;2.75;NaN;NaN;NaN;NaN;NaN;NaN;NaN;NaN;NaN
304;Технологический институт (син) 4;Stanislav;1435578455573;Raw;-0.6668522;3.2950344;9.767424;274.59375;-20.0625;-6.5;36.9375;38.4375;112.125;NaN;NaN;NaN;NaN;NaN;NaN;NaN;NaN;NaN
311;Сенная площадь 1;Stanislav;1435578540664;Raw;-0.3138128;4.8248715;10.120462;37.25;-25.484375;-1.59375;-24.0625;37.25;22.5625;NaN;NaN;NaN;NaN;NaN;NaN;NaN;NaN;NaN
312;Сенная площадь 2;Stanislav;1435578556608;Raw;-0.19613299;4.7464185;9.492837;26.65625;-25.96875;-0.8125;-13.75;42.1875;18.75;NaN;NaN;NaN;NaN;NaN;NaN;NaN;NaN;NaN
313;Сенная площадь 3;Stanislav;1435578592779;Raw;-0.19613299;4.2364726;9.68897;2.28125;-22.390625;-0.59375;3.375;54.875;64.5;NaN;NaN;NaN;NaN;NaN;NaN;NaN;NaN;NaN
314;Сенная площадь 4;Stanislav;1435578601694;Raw;-0.35303938;4.0795665;10.002783;239.26563;-22.140625;-1.8125;63.5;-19.0;51.875;NaN;NaN;NaN;NaN;NaN;NaN;NaN;NaN;NaN
321;Невский проспект 1;Stanislav;1435578668435;Raw;0.19613299;4.118793;9.649743;345.26563;-23.515625;0.140625;10.875;32.5;-83.6875;NaN;NaN;NaN;NaN;NaN;NaN;NaN;NaN;NaN
322;Невский проспект 2;Stanislav;1435578685749;Raw;-0.39226598;3.3734875;9.767424;213.09375;-19.0;-2.125;54.8125;-58.5;156.875;NaN;NaN;NaN;NaN;NaN;NaN;NaN;NaN;NaN
