ID;Name;User;TimeStamp;NetworkGen;NetworkType;Active;MCC;MNC;LAC;CID;PSC;Power
1953;Бунинская аллея 3;bishop;1423031460412;3G;UMTS;1;250;1;655;7814441;-1;-75
1954;Бунинская аллея 4;bishop;1423031472811;3G;UMTS;1;250;1;655;7814441;-1;-73
1941;Улица Горчакова 1;bishop;1423031546301;3G;UMTS;1;250;1;655;7799017;-1;-85
1942;Улица Горчакова 2;bishop;1423031559628;3G;UMTS;1;250;1;655;7814441;-1;-95
1943;Улица Горчакова 3;bishop;1423031577439;2G;EDGE;1;250;1;655;10045;-1;-67
1944;Улица Горчакова 4;bishop;1423031589713;2G;EDGE;1;250;1;655;10045;-1;-75
1931;Бульвар Адмирала Ушакова 1;bishop;1423031649328;3G;UMTS;1;250;1;655;7801363;-1;-93
1932;Бульвар Адмирала Ушакова 2;bishop;1423031662365;3G;UMTS;1;250;1;655;7801363;-1;-85
1933;Бульвар Адмирала Ушакова 3;bishop;1423031678268;3G;UMTS;1;250;1;655;7808279;-1;-79
1934;Бульвар Адмирала Ушакова 4;bishop;1423031691000;3G;UMTS;1;250;1;655;7811576;-1;-83
1921;Улица Скобелевская 1;bishop;1423031743826;3G;UMTS;1;250;1;655;7803662;-1;-77
1922;Улица Скобелевская 2;bishop;1423031756431;3G;UMTS;1;250;1;655;7803662;-1;-69
1923;Улица Скобелевская 3;bishop;1423031780105;3G;UMTS;1;250;1;655;7803662;-1;-63
1924;Улица Скобелевская 4;bishop;1423031791998;3G;UMTS;1;250;1;655;7803662;-1;-63
1911;Улица Старокачаловская 1;bishop;1423032033555;2G;GPRS;1;250;99;26802;4035;-1;-55
1912;Улица Старокачаловская 2;bishop;1423032046354;2G;GPRS;1;250;99;26802;4035;-1;-57
1913;Улица Старокачаловская 3;bishop;1423032082126;2G;GPRS;1;250;99;26802;4035;-1;-63
1914;Улица Старокачаловская 4;bishop;1423032094234;2G;GPRS;1;250;99;26802;4035;-1;-65
2311;Лесопарковая 1;bishop;1423032226732;unknown;unknown;1;250;99;26802;4035;-1;-111
2312;Лесопарковая 2;bishop;1423032253885;2G;GPRS;1;250;2;7771;16836;-1;-109
2314;Лесопарковая 4;bishop;1423032266701;2G;GPRS;1;250;2;7771;16836;-1;-109
2321;Битцевский парк 1;bishop;1423032414507;unknown;unknown;1;250;2;7771;16836;-1;-111
2322;Битцевский парк 2;bishop;1423032426261;unknown;unknown;1;250;2;7771;16836;-1;-111
1093;Новоясеневская 3;bishop;1423032647694;2G;EDGE;1;250;1;770;561;-1;-67
1094;Новоясеневская 4;bishop;1423032657575;2G;EDGE;1;250;1;770;561;-1;-67
1081;Ясенево 1;bishop;1423032752534;2G;GPRS;1;250;99;26802;49596;-1;-55
1082;Ясенево 2;bishop;1423032767646;2G;EDGE;1;250;1;770;561;-1;-53
1083;Ясенево 3;bishop;1423032785947;2G;EDGE;1;250;1;770;561;-1;-59
1084;Ясенево 4;bishop;1423032798112;2G;EDGE;1;250;1;770;561;-1;-61
1071;Теплый Стан 1;bishop;1423032928685;2G;EDGE;1;250;1;770;561;-1;-57
1072;Теплый Стан 2;bishop;1423032943936;2G;EDGE;1;250;1;770;561;-1;-67
1073;Теплый Стан 3;bishop;1423032962050;2G;EDGE;1;250;1;770;561;-1;-73
1074;Теплый Стан 4;bishop;1423032974012;2G;EDGE;1;250;1;770;561;-1;-73
1061;Коньково 1;bishop;1423033078442;2G;GPRS;1;250;99;26802;49595;-1;-59
1062;Коньково 2;bishop;1423033095651;2G;EDGE;1;250;1;770;562;-1;-63
1063;Коньково 3;bishop;1423033115348;3G;UMTS;1;250;1;770;6946701;-1;-77
1064;Коньково 4;bishop;1423033127704;3G;UMTS;1;250;1;770;6946701;-1;-77
1051;Беляево 1;bishop;1423033187853;2G;GPRS;1;250;2;7736;1060;-1;-97
1052;Беляево 2;bishop;1423033203215;2G;GPRS;1;250;2;7736;1060;-1;-71
1053;Беляево 3;bishop;1423033207703;2G;GPRS;1;250;2;7736;1060;-1;-71
1054;Беляево 4;bishop;1423033235676;2G;EDGE;1;250;1;770;563;-1;-75
1041;Калужская 1;bishop;1423033363300;2G;GPRS;1;250;99;26802;49586;-1;-71
1042;Калужская 2;bishop;1423033380106;2G;EDGE;1;250;1;770;563;-1;-71
1043;Калужская 3;bishop;1423033393875;2G;EDGE;1;250;1;770;563;-1;-77
1044;Калужская 4;bishop;1423033406239;2G;EDGE;1;250;1;770;563;-1;-71
1031;Новые Черемушки 1;bishop;1423033484514;2G;GPRS;1;250;99;26802;49575;-1;-63
1031;Новые Черемушки 1;bishop;1423033523268;2G;GPRS;1;250;99;26802;49575;-1;-55
1032;Новые Черемушки 2;bishop;1423033537637;2G;GPRS;1;250;99;26802;49575;-1;-85
1033;Новые Черемушки 3;bishop;1423033554998;2G;EDGE;1;250;1;770;541;-1;-89
1034;Новые Черемушки 4;bishop;1423033566865;2G;EDGE;1;250;1;770;541;-1;-73
1021;Профсоюзная 1;bishop;1423033707736;2G;GPRS;1;250;99;26802;49576;-1;-87
1022;Профсоюзная 2;bishop;1423033723872;2G;EDGE;1;250;1;770;542;-1;-75
1023;Профсоюзная 3;bishop;1423033738548;2G;EDGE;1;250;1;770;542;-1;-79
1024;Профсоюзная 4;bishop;1423033751056;3G;UMTS;1;250;1;770;6946236;-1;-83
1011;Академическая 1;bishop;1423033828831;2G;GPRS;1;250;99;26802;49577;-1;-67
1012;Академическая 2;bishop;1423033845689;2G;EDGE;1;250;1;770;543;-1;-65
