ID;Name;User;TimeStamp;NetworkGen;NetworkType;Active;MCC;MNC;LAC;CID;PSC;Power
973;Третьяковская (КРЛ) 3;Anna;1435853418038;2G;EDGE;1;250;2;7763;70;-1;-69
973;Третьяковская (КРЛ) 3;Anna;1435853418038;2G;EDGE;250-2-7763-70;250;2;7763;70;-1;-83
974;Третьяковская (КРЛ) 4;Anna;1435853427692;2G;EDGE;1;250;2;7763;70;-1;-53
974;Третьяковская (КРЛ) 4;Anna;1435853427692;2G;EDGE;250-2-7763-70;250;2;7763;70;-1;-83
981;Октябрьская (КРЛ) 1;Anna;1435853538282;unknown;unknown;1;250;2;7754;10554624;500;-99
981;Октябрьская (КРЛ) 1;Anna;1435853538282;unknown;unknown;250-2-7754-10554624;-1;-1;-1;-1;-1;-73
981;Октябрьская (КРЛ) 1;Anna;1435853538282;unknown;unknown;250-2-7754-10554624;-1;-1;-1;-1;-1;-111
981;Октябрьская (КРЛ) 1;Anna;1435853538282;unknown;unknown;250-2-7754-10554624;-1;-1;-1;-1;-1;-111
981;Октябрьская (КРЛ) 1;Anna;1435853538282;unknown;unknown;250-2-7754-10554624;-1;-1;-1;-1;-1;-111
981;Октябрьская (КРЛ) 1;Anna;1435853538282;unknown;unknown;250-2-7754-10554624;-1;-1;-1;-1;-1;-113
981;Октябрьская (КРЛ) 1;Anna;1435853538282;unknown;unknown;250-2-7754-10554624;-1;-1;-1;-1;-1;-113
981;Октябрьская (КРЛ) 1;Anna;1435853538282;unknown;unknown;250-2-7754-10554624;-1;-1;-1;-1;-1;-113
981;Октябрьская (КРЛ) 1;Anna;1435853538282;unknown;unknown;250-2-7754-10554624;-1;-1;-1;-1;-1;-113
982;Октябрьская (КРЛ) 2;Anna;1435853553014;unknown;unknown;1;250;2;7754;10554624;500;-91
982;Октябрьская (КРЛ) 2;Anna;1435853553014;unknown;unknown;250-2-7754-10554624;-1;-1;-1;-1;-1;-63
982;Октябрьская (КРЛ) 2;Anna;1435853553014;unknown;unknown;250-2-7754-10554624;-1;-1;-1;-1;-1;-113
982;Октябрьская (КРЛ) 2;Anna;1435853553014;unknown;unknown;250-2-7754-10554624;-1;-1;-1;-1;-1;-113
982;Октябрьская (КРЛ) 2;Anna;1435853553014;unknown;unknown;250-2-7754-10554624;-1;-1;-1;-1;-1;-113
982;Октябрьская (КРЛ) 2;Anna;1435853553014;unknown;unknown;250-2-7754-10554624;-1;-1;-1;-1;-1;-113
982;Октябрьская (КРЛ) 2;Anna;1435853553014;unknown;unknown;250-2-7754-10554624;-1;-1;-1;-1;-1;-113
982;Октябрьская (КРЛ) 2;Anna;1435853553014;unknown;unknown;250-2-7754-10554624;-1;-1;-1;-1;-1;-113
982;Октябрьская (КРЛ) 2;Anna;1435853553014;unknown;unknown;250-2-7754-10554624;-1;-1;-1;-1;-1;-113
983;Октябрьская (КРЛ) 3;Anna;1435853585400;2G;EDGE;1;-1;-1;-1;-1;-1;-113
984;Октябрьская (КРЛ) 4;Anna;1435853597376;unknown;unknown;1;250;2;7754;10554624;500;-109
991;Шаболовская 1;Anna;1435853671155;2G;EDGE;1;250;2;7736;1000;-1;-55
992;Шаболовская 2;Anna;1435853684425;2G;EDGE;1;250;2;7736;1000;-1;-65
993;Шаболовская 3;Anna;1435853707370;2G;EDGE;1;250;2;7736;1000;-1;-83
994;Шаболовская 4;Anna;1435853720012;2G;EDGE;1;250;2;7736;1000;-1;-83
981;Октябрьская (КРЛ) 1;Anna;1435853788994;2G;EDGE;1;250;2;7736;340;-1;-87
981;Октябрьская (КРЛ) 1;Anna;1435853788994;2G;EDGE;250-2-7736-340;250;99;26802;19062;-1;-87
982;Октябрьская (КРЛ) 2;Anna;1435853802198;2G;EDGE;1;250;2;7736;340;-1;-79
982;Октябрьская (КРЛ) 2;Anna;1435853802198;2G;EDGE;250-2-7736-340;250;99;26802;19062;-1;-87
983;Октябрьская (КРЛ) 3;Anna;1435853862965;2G;EDGE;1;250;2;7736;340;-1;-69
983;Октябрьская (КРЛ) 3;Anna;1435853862965;2G;EDGE;250-2-7736-340;250;99;26802;19062;-1;-87
984;Октябрьская (КРЛ) 4;Anna;1435853875882;2G;EDGE;1;250;2;7736;340;-1;-97
984;Октябрьская (КРЛ) 4;Anna;1435853875882;2G;EDGE;250-2-7736-340;250;99;26802;19062;-1;-87
991;Шаболовская 1;Anna;1435853949364;2G;EDGE;1;250;2;7736;1000;-1;-73
992;Шаболовская 2;Anna;1435853963269;2G;EDGE;1;250;2;7736;1000;-1;-81
993;Шаболовская 3;Anna;1435854015785;2G;EDGE;1;250;2;7736;1000;-1;-77
994;Шаболовская 4;Anna;1435854027332;2G;EDGE;1;250;2;7736;1000;-1;-87
981;Октябрьская (КРЛ) 1;Anna;1435854095133;unknown;unknown;1;250;99;26802;19062;-1;-73
981;Октябрьская (КРЛ) 1;Anna;1435854095133;unknown;unknown;250-99-26802-19062;250;99;26802;19062;-1;-81
982;Октябрьская (КРЛ) 2;Anna;1435854108225;unknown;unknown;1;250;99;26802;19062;-1;-89
983;Октябрьская (КРЛ) 3;Anna;1435854169811;2G;EDGE;1;250;2;7736;340;-1;-77
983;Октябрьская (КРЛ) 3;Anna;1435854169811;2G;EDGE;250-2-7736-340;250;99;26802;49566;-1;-107
984;Октябрьская (КРЛ) 4;Anna;1435854182574;2G;EDGE;1;250;2;7736;340;-1;-101
984;Октябрьская (КРЛ) 4;Anna;1435854182574;2G;EDGE;250-2-7736-340;250;99;26802;49566;-1;-107
991;Шаболовская 1;Anna;1435854258512;2G;EDGE;1;250;2;7736;1000;-1;-67
991;Шаболовская 1;Anna;1435854258512;2G;EDGE;250-2-7736-1000;-1;-1;-1;-1;-1;-111
992;Шаболовская 2;Anna;1435854269960;2G;EDGE;1;250;2;7736;1000;-1;-81
992;Шаболовская 2;Anna;1435854269960;2G;EDGE;250-2-7736-1000;-1;-1;-1;-1;-1;-111
993;Шаболовская 3;Anna;1435854312847;2G;EDGE;1;250;2;7736;1000;-1;-83
993;Шаболовская 3;Anna;1435854312847;2G;EDGE;250-2-7736-1000;-1;-1;-1;-1;-1;-111
994;Шаболовская 4;Anna;1435854323207;2G;EDGE;1;250;2;7736;1000;-1;-83
994;Шаболовская 4;Anna;1435854323207;2G;EDGE;250-2-7736-1000;-1;-1;-1;-1;-1;-111
981;Октябрьская (КРЛ) 1;Anna;1435854390074;2G;EDGE;1;250;2;7736;340;-1;-95
981;Октябрьская (КРЛ) 1;Anna;1435854390074;2G;EDGE;250-2-7736-340;250;99;26802;19062;-1;-79
982;Октябрьская (КРЛ) 2;Anna;1435854405590;2G;EDGE;1;250;2;7736;340;-1;-63
982;Октябрьская (КРЛ) 2;Anna;1435854405590;2G;EDGE;250-2-7736-340;250;99;26802;19062;-1;-79
983;Октябрьская (КРЛ) 3;Anna;1435854455277;2G;EDGE;1;250;2;7736;340;-1;-75
983;Октябрьская (КРЛ) 3;Anna;1435854455277;2G;EDGE;250-2-7736-340;250;99;26802;19062;-1;-79
984;Октябрьская (КРЛ) 4;Anna;1435854467136;2G;EDGE;1;250;2;7736;340;-1;-89
984;Октябрьская (КРЛ) 4;Anna;1435854467136;2G;EDGE;250-2-7736-340;250;99;26802;19062;-1;-79
991;Шаболовская 1;Anna;1435854541233;2G;EDGE;1;250;2;7736;1000;-1;-53
992;Шаболовская 2;Anna;1435854553019;2G;EDGE;1;250;2;7736;1000;-1;-87
993;Шаболовская 3;Anna;1435854571962;2G;EDGE;1;250;2;7736;1000;-1;-83
994;Шаболовская 4;Anna;1435854585305;2G;EDGE;1;250;2;7736;1000;-1;-77
1001;Ленинский проспект 1;Anna;1435854704964;unknown;unknown;1;250;99;26802;49565;-1;-69
1001;Ленинский проспект 1;Anna;1435854704964;unknown;unknown;250-99-26802-49565;-1;-1;-1;-1;-1;-109
1002;Ленинский проспект 2;Anna;1435854715928;unknown;unknown;1;250;99;26802;49565;-1;-81
1002;Ленинский проспект 2;Anna;1435854715928;unknown;unknown;250-99-26802-49565;-1;-1;-1;-1;-1;-109
1003;Ленинский проспект 3;Anna;1435854739252;2G;EDGE;1;250;2;7736;1010;-1;-71
1003;Ленинский проспект 3;Anna;1435854739252;2G;EDGE;250-2-7736-1010;-1;-1;-1;-1;-1;-109
1004;Ленинский проспект 4;Anna;1435854751565;2G;EDGE;1;250;2;7736;1010;-1;-65
1004;Ленинский проспект 4;Anna;1435854751565;2G;EDGE;250-2-7736-1010;-1;-1;-1;-1;-1;-109
1011;Академическая 1;Anna;1435854899227;2G;EDGE;1;250;2;7736;1020;-1;-51
1011;Академическая 1;Anna;1435854899227;2G;EDGE;250-2-7736-1020;250;99;26802;49577;-1;-103
1012;Академическая 2;Anna;1435854912040;2G;EDGE;1;250;2;7736;1020;-1;-57
1012;Академическая 2;Anna;1435854912040;2G;EDGE;250-2-7736-1020;250;99;26802;49577;-1;-103
