ID;Name;User;TimeStamp;Temperature;Humidity;Noise;CO;C4H10;CH4;session_id
973;Третьяковская (КРЛ) 3;Anna;1435853418319;No data;;;;;;847175161
974;Третьяковская (КРЛ) 4;Anna;1435853426936;No data;;;;;;847175161
981;Октябрьская (КРЛ) 1;Anna;1435853538244;No data;;;;;;847175161
982;Октябрьская (КРЛ) 2;Anna;1435853552650;No data;;;;;;847175161
983;Октябрьская (КРЛ) 3;Anna;1435853584938;No data;;;;;;847175161
984;Октябрьская (КРЛ) 4;Anna;1435853597005;No data;;;;;;847175161
991;Шаболовская 1;Anna;1435853670441;No data;;;;;;847175161
992;Шаболовская 2;Anna;1435853684572;No data;;;;;;847175161
993;Шаболовская 3;Anna;1435853707731;No data;;;;;;847175161
994;Шаболовская 4;Anna;1435853719481;No data;;;;;;847175161
981;Октябрьская (КРЛ) 1;Anna;1435853789034;No data;;;;;;847175161
982;Октябрьская (КРЛ) 2;Anna;1435853801805;No data;;;;;;847175161
983;Октябрьская (КРЛ) 3;Anna;1435853862721;No data;;;;;;847175161
984;Октябрьская (КРЛ) 4;Anna;1435853875517;No data;;;;;;847175161
991;Шаболовская 1;Anna;1435853949973;No data;;;;;;847175161
992;Шаболовская 2;Anna;1435853963099;No data;;;;;;847175161
993;Шаболовская 3;Anna;1435854015002;No data;;;;;;847175161
994;Шаболовская 4;Anna;1435854027071;No data;;;;;;847175161
981;Октябрьская (КРЛ) 1;Anna;1435854095180;No data;;;;;;847175161
982;Октябрьская (КРЛ) 2;Anna;1435854108090;No data;;;;;;847175161
983;Октябрьская (КРЛ) 3;Anna;1435854170021;No data;;;;;;847175161
984;Октябрьская (КРЛ) 4;Anna;1435854182410;No data;;;;;;847175161
991;Шаболовская 1;Anna;1435854259238;No data;;;;;;847175161
992;Шаболовская 2;Anna;1435854270164;No data;;;;;;847175161
993;Шаболовская 3;Anna;1435854313204;No data;;;;;;847175161
994;Шаболовская 4;Anna;1435854324090;No data;;;;;;847175161
981;Октябрьская (КРЛ) 1;Anna;1435854389886;No data;;;;;;847175161
982;Октябрьская (КРЛ) 2;Anna;1435854405341;No data;;;;;;847175161
983;Октябрьская (КРЛ) 3;Anna;1435854455553;No data;;;;;;847175161
984;Октябрьская (КРЛ) 4;Anna;1435854466731;No data;;;;;;847175161
991;Шаболовская 1;Anna;1435854540596;No data;;;;;;847175161
992;Шаболовская 2;Anna;1435854552831;No data;;;;;;847175161
993;Шаболовская 3;Anna;1435854571923;No data;;;;;;847175161
994;Шаболовская 4;Anna;1435854584351;No data;;;;;;847175161
1001;Ленинский проспект 1;Anna;1435854705186;No data;;;;;;847175161
1002;Ленинский проспект 2;Anna;1435854716086;No data;;;;;;847175161
1003;Ленинский проспект 3;Anna;1435854739741;No data;;;;;;847175161
1004;Ленинский проспект 4;Anna;1435854752075;No data;;;;;;847175161
1011;Академическая 1;Anna;1435854898678;No data;;;;;;847175161
1012;Академическая 2;Anna;1435854911475;No data;;;;;;847175161
