ID;Name;User;TimeStamp;Temperature;Humidity;Noise;CO;C4H10;CH4
973;Третьяковская (КРЛ) 3;Anna;1435853417749;No data;;;;;
974;Третьяковская (КРЛ) 4;Anna;1435853426963;No data;;;;;
981;Октябрьская (КРЛ) 1;Anna;1435853538065;No data;;;;;
982;Октябрьская (КРЛ) 2;Anna;1435853553353;No data;;;;;
983;Октябрьская (КРЛ) 3;Anna;1435853585732;No data;;;;;
984;Октябрьская (КРЛ) 4;Anna;1435853596717;No data;;;;;
991;Шаболовская 1;Anna;1435853670486;No data;;;;;
992;Шаболовская 2;Anna;1435853684691;No data;;;;;
993;Шаболовская 3;Anna;1435853707564;No data;;;;;
994;Шаболовская 4;Anna;1435853720154;No data;;;;;
981;Октябрьская (КРЛ) 1;Anna;1435853789083;No data;;;;;
982;Октябрьская (КРЛ) 2;Anna;1435853802344;No data;;;;;
983;Октябрьская (КРЛ) 3;Anna;1435853862855;No data;;;;;
984;Октябрьская (КРЛ) 4;Anna;1435853876050;No data;;;;;
991;Шаболовская 1;Anna;1435853949987;No data;;;;;
992;Шаболовская 2;Anna;1435853963698;No data;;;;;
993;Шаболовская 3;Anna;1435854015084;No data;;;;;
994;Шаболовская 4;Anna;1435854027185;No data;;;;;
981;Октябрьская (КРЛ) 1;Anna;1435854095095;No data;;;;;
982;Октябрьская (КРЛ) 2;Anna;1435854108576;No data;;;;;
983;Октябрьская (КРЛ) 3;Anna;1435854169603;No data;;;;;
984;Октябрьская (КРЛ) 4;Anna;1435854182310;No data;;;;;
991;Шаболовская 1;Anna;1435854258568;No data;;;;;
992;Шаболовская 2;Anna;1435854269878;No data;;;;;
993;Шаболовская 3;Anna;1435854313611;No data;;;;;
994;Шаболовская 4;Anna;1435854323266;No data;;;;;
981;Октябрьская (КРЛ) 1;Anna;1435854390832;No data;;;;;
982;Октябрьская (КРЛ) 2;Anna;1435854404697;No data;;;;;
983;Октябрьская (КРЛ) 3;Anna;1435854455702;No data;;;;;
984;Октябрьская (КРЛ) 4;Anna;1435854467175;No data;;;;;
991;Шаболовская 1;Anna;1435854541396;No data;;;;;
992;Шаболовская 2;Anna;1435854552026;No data;;;;;
993;Шаболовская 3;Anna;1435854572588;No data;;;;;
994;Шаболовская 4;Anna;1435854585020;No data;;;;;
1001;Ленинский проспект 1;Anna;1435854705027;No data;;;;;
1002;Ленинский проспект 2;Anna;1435854716118;No data;;;;;
1003;Ленинский проспект 3;Anna;1435854739816;No data;;;;;
1004;Ленинский проспект 4;Anna;1435854752391;No data;;;;;
1011;Академическая 1;Anna;1435854898810;No data;;;;;
1012;Академическая 2;Anna;1435854911113;No data;;;;;
