ID;Name;User;TimeStamp;Temperature;Humidity;Noise;CO;C4H10;CH4;session_id
;ServiceLog;Anna;1435853361119;No data;;;;;;847175161
;ServiceLog;Anna;1435853362203;No data;;;;;;847175161
;ServiceLog;Anna;1435853363214;No data;;;;;;847175161
;ServiceLog;Anna;1435853364295;No data;;;;;;847175161
;ServiceLog;Anna;1435853365327;No data;;;;;;847175161
;ServiceLog;Anna;1435853366402;No data;;;;;;847175161
;ServiceLog;Anna;1435853367415;No data;;;;;;847175161
;ServiceLog;Anna;1435853368505;No data;;;;;;847175161
;ServiceLog;Anna;1435853369521;No data;;;;;;847175161
;ServiceLog;Anna;1435853370593;No data;;;;;;847175161
;ServiceLog;Anna;1435853371605;No data;;;;;;847175161
;ServiceLog;Anna;1435853372688;No data;;;;;;847175161
;ServiceLog;Anna;1435853373702;No data;;;;;;847175161
;ServiceLog;Anna;1435853374778;No data;;;;;;847175161
;ServiceLog;Anna;1435853375793;No data;;;;;;847175161
;ServiceLog;Anna;1435853376868;No data;;;;;;847175161
;ServiceLog;Anna;1435853377879;No data;;;;;;847175161
;ServiceLog;Anna;1435853378961;No data;;;;;;847175161
;ServiceLog;Anna;1435853379971;No data;;;;;;847175161
;ServiceLog;Anna;1435853381049;No data;;;;;;847175161
;ServiceLog;Anna;1435853382063;No data;;;;;;847175161
;ServiceLog;Anna;1435853383142;No data;;;;;;847175161
;ServiceLog;Anna;1435853384153;No data;;;;;;847175161
;ServiceLog;Anna;1435853385223;No data;;;;;;847175161
;ServiceLog;Anna;1435853386241;No data;;;;;;847175161
;ServiceLog;Anna;1435853387314;No data;;;;;;847175161
;ServiceLog;Anna;1435853388333;No data;;;;;;847175161
;ServiceLog;Anna;1435853389405;No data;;;;;;847175161
;ServiceLog;Anna;1435853390418;No data;;;;;;847175161
;ServiceLog;Anna;1435853391458;No data;;;;;;847175161
;ServiceLog;Anna;1435853392471;No data;;;;;;847175161
;ServiceLog;Anna;1435853393501;No data;;;;;;847175161
;ServiceLog;Anna;1435853394513;No data;;;;;;847175161
;ServiceLog;Anna;1435853395590;No data;;;;;;847175161
;ServiceLog;Anna;1435853396602;No data;;;;;;847175161
;ServiceLog;Anna;1435853397683;No data;;;;;;847175161
;ServiceLog;Anna;1435853398702;No data;;;;;;847175161
;ServiceLog;Anna;1435853399773;No data;;;;;;847175161
;ServiceLog;Anna;1435853400784;No data;;;;;;847175161
;ServiceLog;Anna;1435853401838;No data;;;;;;847175161
;ServiceLog;Anna;1435853402851;No data;;;;;;847175161
;ServiceLog;Anna;1435853403924;No data;;;;;;847175161
;ServiceLog;Anna;1435853404934;No data;;;;;;847175161
;ServiceLog;Anna;1435853406010;No data;;;;;;847175161
;ServiceLog;Anna;1435853407029;No data;;;;;;847175161
;ServiceLog;Anna;1435853408112;No data;;;;;;847175161
;ServiceLog;Anna;1435853409127;No data;;;;;;847175161
;ServiceLog;Anna;1435853410205;No data;;;;;;847175161
;ServiceLog;Anna;1435853411221;No data;;;;;;847175161
;ServiceLog;Anna;1435853412255;No data;;;;;;847175161
;ServiceLog;Anna;1435853413265;No data;;;;;;847175161
;ServiceLog;Anna;1435853414345;No data;;;;;;847175161
;ServiceLog;Anna;1435853415358;No data;;;;;;847175161
;ServiceLog;Anna;1435853416387;No data;;;;;;847175161
;ServiceLog;Anna;1435853417409;No data;;;;;;847175161
;ServiceLog;Anna;1435853418439;No data;;;;;;847175161
;ServiceLog;Anna;1435853419452;No data;;;;;;847175161
;ServiceLog;Anna;1435853420536;No data;;;;;;847175161
;ServiceLog;Anna;1435853421549;No data;;;;;;847175161
;ServiceLog;Anna;1435853422632;No data;;;;;;847175161
;ServiceLog;Anna;1435853423643;No data;;;;;;847175161
;ServiceLog;Anna;1435853424718;No data;;;;;;847175161
;ServiceLog;Anna;1435853425729;No data;;;;;;847175161
;ServiceLog;Anna;1435853426808;No data;;;;;;847175161
;ServiceLog;Anna;1435853427825;No data;;;;;;847175161
;ServiceLog;Anna;1435853428899;No data;;;;;;847175161
;ServiceLog;Anna;1435853429908;No data;;;;;;847175161
;ServiceLog;Anna;1435853430992;No data;;;;;;847175161
;ServiceLog;Anna;1435853432002;No data;;;;;;847175161
;ServiceLog;Anna;1435853433032;No data;;;;;;847175161
;ServiceLog;Anna;1435853434043;No data;;;;;;847175161
;ServiceLog;Anna;1435853435073;No data;;;;;;847175161
;ServiceLog;Anna;1435853436086;No data;;;;;;847175161
;ServiceLog;Anna;1435853437169;No data;;;;;;847175161
;ServiceLog;Anna;1435853438179;No data;;;;;;847175161
;ServiceLog;Anna;1435853439255;No data;;;;;;847175161
;ServiceLog;Anna;1435853440266;No data;;;;;;847175161
;ServiceLog;Anna;1435853441341;No data;;;;;;847175161
;ServiceLog;Anna;1435853442355;No data;;;;;;847175161
;ServiceLog;Anna;1435853443423;No data;;;;;;847175161
;ServiceLog;Anna;1435853444434;No data;;;;;;847175161
;ServiceLog;Anna;1435853445479;No data;;;;;;847175161
;ServiceLog;Anna;1435853446492;No data;;;;;;847175161
;ServiceLog;Anna;1435853447561;No data;;;;;;847175161
;ServiceLog;Anna;1435853448578;No data;;;;;;847175161
;ServiceLog;Anna;1435853449625;No data;;;;;;847175161
;ServiceLog;Anna;1435853450656;No data;;;;;;847175161
;ServiceLog;Anna;1435853451721;No data;;;;;;847175161
;ServiceLog;Anna;1435853452763;No data;;;;;;847175161
;ServiceLog;Anna;1435853453801;No data;;;;;;847175161
;ServiceLog;Anna;1435853454810;No data;;;;;;847175161
;ServiceLog;Anna;1435853455885;No data;;;;;;847175161
;ServiceLog;Anna;1435853456894;No data;;;;;;847175161
;ServiceLog;Anna;1435853457923;No data;;;;;;847175161
;ServiceLog;Anna;1435853458934;No data;;;;;;847175161
;ServiceLog;Anna;1435853460004;No data;;;;;;847175161
;ServiceLog;Anna;1435853461014;No data;;;;;;847175161
;ServiceLog;Anna;1435853462078;No data;;;;;;847175161
;ServiceLog;Anna;1435853463089;No data;;;;;;847175161
;ServiceLog;Anna;1435853464118;No data;;;;;;847175161
;ServiceLog;Anna;1435853465129;No data;;;;;;847175161
;ServiceLog;Anna;1435853466204;No data;;;;;;847175161
;ServiceLog;Anna;1435853467222;No data;;;;;;847175161
;ServiceLog;Anna;1435853468299;No data;;;;;;847175161
;ServiceLog;Anna;1435853469308;No data;;;;;;847175161
;ServiceLog;Anna;1435853470386;No data;;;;;;847175161
;ServiceLog;Anna;1435853471394;No data;;;;;;847175161
;ServiceLog;Anna;1435853472426;No data;;;;;;847175161
;ServiceLog;Anna;1435853473442;No data;;;;;;847175161
;ServiceLog;Anna;1435853474510;No data;;;;;;847175161
;ServiceLog;Anna;1435853475522;No data;;;;;;847175161
;ServiceLog;Anna;1435853476592;No data;;;;;;847175161
;ServiceLog;Anna;1435853477608;No data;;;;;;847175161
;ServiceLog;Anna;1435853478691;No data;;;;;;847175161
;ServiceLog;Anna;1435853479701;No data;;;;;;847175161
;ServiceLog;Anna;1435853480734;No data;;;;;;847175161
;ServiceLog;Anna;1435853481744;No data;;;;;;847175161
;ServiceLog;Anna;1435853482778;No data;;;;;;847175161
;ServiceLog;Anna;1435853483787;No data;;;;;;847175161
;ServiceLog;Anna;1435853484959;No data;;;;;;847175161
;ServiceLog;Anna;1435853485969;No data;;;;;;847175161
;ServiceLog;Anna;1435853487000;No data;;;;;;847175161
;ServiceLog;Anna;1435853488009;No data;;;;;;847175161
;ServiceLog;Anna;1435853489034;No data;;;;;;847175161
;ServiceLog;Anna;1435853490045;No data;;;;;;847175161
;ServiceLog;Anna;1435853491076;No data;;;;;;847175161
;ServiceLog;Anna;1435853492111;No data;;;;;;847175161
;ServiceLog;Anna;1435853493184;No data;;;;;;847175161
;ServiceLog;Anna;1435853494193;No data;;;;;;847175161
;ServiceLog;Anna;1435853495225;No data;;;;;;847175161
;ServiceLog;Anna;1435853496235;No data;;;;;;847175161
;ServiceLog;Anna;1435853497314;No data;;;;;;847175161
;ServiceLog;Anna;1435853498323;No data;;;;;;847175161
;ServiceLog;Anna;1435853499391;No data;;;;;;847175161
;ServiceLog;Anna;1435853500401;No data;;;;;;847175161
;ServiceLog;Anna;1435853501426;No data;;;;;;847175161
;ServiceLog;Anna;1435853502435;No data;;;;;;847175161
;ServiceLog;Anna;1435853503503;No data;;;;;;847175161
;ServiceLog;Anna;1435853504512;No data;;;;;;847175161
;ServiceLog;Anna;1435853505625;No data;;;;;;847175161
;ServiceLog;Anna;1435853506634;No data;;;;;;847175161
;ServiceLog;Anna;1435853507702;No data;;;;;;847175161
;ServiceLog;Anna;1435853508712;No data;;;;;;847175161
;ServiceLog;Anna;1435853509797;No data;;;;;;847175161
;ServiceLog;Anna;1435853510814;No data;;;;;;847175161
;ServiceLog;Anna;1435853511881;No data;;;;;;847175161
;ServiceLog;Anna;1435853512889;No data;;;;;;847175161
;ServiceLog;Anna;1435853513961;No data;;;;;;847175161
;ServiceLog;Anna;1435853514972;No data;;;;;;847175161
;ServiceLog;Anna;1435853516047;No data;;;;;;847175161
;ServiceLog;Anna;1435853517056;No data;;;;;;847175161
;ServiceLog;Anna;1435853518094;No data;;;;;;847175161
;ServiceLog;Anna;1435853519105;No data;;;;;;847175161
;ServiceLog;Anna;1435853520135;No data;;;;;;847175161
;ServiceLog;Anna;1435853521149;No data;;;;;;847175161
;ServiceLog;Anna;1435853522186;No data;;;;;;847175161
;ServiceLog;Anna;1435853523196;No data;;;;;;847175161
;ServiceLog;Anna;1435853524279;No data;;;;;;847175161
;ServiceLog;Anna;1435853525289;No data;;;;;;847175161
;ServiceLog;Anna;1435853526362;No data;;;;;;847175161
;ServiceLog;Anna;1435853527372;No data;;;;;;847175161
;ServiceLog;Anna;1435853528443;No data;;;;;;847175161
;ServiceLog;Anna;1435853529452;No data;;;;;;847175161
;ServiceLog;Anna;1435853530519;No data;;;;;;847175161
;ServiceLog;Anna;1435853531538;No data;;;;;;847175161
;ServiceLog;Anna;1435853532567;No data;;;;;;847175161
;ServiceLog;Anna;1435853533577;No data;;;;;;847175161
;ServiceLog;Anna;1435853534657;No data;;;;;;847175161
;ServiceLog;Anna;1435853535666;No data;;;;;;847175161
;ServiceLog;Anna;1435853536769;No data;;;;;;847175161
;ServiceLog;Anna;1435853537788;No data;;;;;;847175161
;ServiceLog;Anna;1435853538828;No data;;;;;;847175161
;ServiceLog;Anna;1435853539844;No data;;;;;;847175161
;ServiceLog;Anna;1435853540916;No data;;;;;;847175161
;ServiceLog;Anna;1435853541944;No data;;;;;;847175161
;ServiceLog;Anna;1435853543024;No data;;;;;;847175161
;ServiceLog;Anna;1435853544044;No data;;;;;;847175161
;ServiceLog;Anna;1435853545094;No data;;;;;;847175161
;ServiceLog;Anna;1435853546111;No data;;;;;;847175161
;ServiceLog;Anna;1435853547193;No data;;;;;;847175161
;ServiceLog;Anna;1435853548220;No data;;;;;;847175161
;ServiceLog;Anna;1435853549306;No data;;;;;;847175161
;ServiceLog;Anna;1435853550326;No data;;;;;;847175161
;ServiceLog;Anna;1435853551369;No data;;;;;;847175161
;ServiceLog;Anna;1435853552388;No data;;;;;;847175161
;ServiceLog;Anna;1435853553424;No data;;;;;;847175161
;ServiceLog;Anna;1435853554446;No data;;;;;;847175161
;ServiceLog;Anna;1435853555558;No data;;;;;;847175161
;ServiceLog;Anna;1435853556583;No data;;;;;;847175161
;ServiceLog;Anna;1435853557638;No data;;;;;;847175161
;ServiceLog;Anna;1435853558674;No data;;;;;;847175161
;ServiceLog;Anna;1435853559717;No data;;;;;;847175161
;ServiceLog;Anna;1435853560735;No data;;;;;;847175161
;ServiceLog;Anna;1435853561818;No data;;;;;;847175161
;ServiceLog;Anna;1435853562845;No data;;;;;;847175161
;ServiceLog;Anna;1435853563880;No data;;;;;;847175161
;ServiceLog;Anna;1435853564904;No data;;;;;;847175161
;ServiceLog;Anna;1435853566052;No data;;;;;;847175161
;ServiceLog;Anna;1435853567086;No data;;;;;;847175161
;ServiceLog;Anna;1435853568118;No data;;;;;;847175161
;ServiceLog;Anna;1435853569128;No data;;;;;;847175161
;ServiceLog;Anna;1435853570201;No data;;;;;;847175161
;ServiceLog;Anna;1435853571218;No data;;;;;;847175161
;ServiceLog;Anna;1435853572295;No data;;;;;;847175161
;ServiceLog;Anna;1435853573307;No data;;;;;;847175161
;ServiceLog;Anna;1435853574340;No data;;;;;;847175161
;ServiceLog;Anna;1435853575351;No data;;;;;;847175161
;ServiceLog;Anna;1435853576430;No data;;;;;;847175161
;ServiceLog;Anna;1435853577440;No data;;;;;;847175161
;ServiceLog;Anna;1435853578516;No data;;;;;;847175161
;ServiceLog;Anna;1435853579528;No data;;;;;;847175161
;ServiceLog;Anna;1435853580604;No data;;;;;;847175161
;ServiceLog;Anna;1435853581619;No data;;;;;;847175161
;ServiceLog;Anna;1435853582653;No data;;;;;;847175161
;ServiceLog;Anna;1435853583663;No data;;;;;;847175161
;ServiceLog;Anna;1435853584771;No data;;;;;;847175161
;ServiceLog;Anna;1435853585780;No data;;;;;;847175161
;ServiceLog;Anna;1435853586860;No data;;;;;;847175161
;ServiceLog;Anna;1435853587869;No data;;;;;;847175161
;ServiceLog;Anna;1435853588940;No data;;;;;;847175161
;ServiceLog;Anna;1435853589951;No data;;;;;;847175161
;ServiceLog;Anna;1435853591018;No data;;;;;;847175161
;ServiceLog;Anna;1435853592029;No data;;;;;;847175161
;ServiceLog;Anna;1435853593104;No data;;;;;;847175161
;ServiceLog;Anna;1435853594120;No data;;;;;;847175161
;ServiceLog;Anna;1435853595402;No data;;;;;;847175161
;ServiceLog;Anna;1435853596441;No data;;;;;;847175161
;ServiceLog;Anna;1435853597500;No data;;;;;;847175161
;ServiceLog;Anna;1435853598510;No data;;;;;;847175161
;ServiceLog;Anna;1435853599611;No data;;;;;;847175161
;ServiceLog;Anna;1435853600634;No data;;;;;;847175161
;ServiceLog;Anna;1435853601680;No data;;;;;;847175161
;ServiceLog;Anna;1435853602696;No data;;;;;;847175161
;ServiceLog;Anna;1435853603767;No data;;;;;;847175161
;ServiceLog;Anna;1435853604776;No data;;;;;;847175161
;ServiceLog;Anna;1435853605836;No data;;;;;;847175161
;ServiceLog;Anna;1435853606844;No data;;;;;;847175161
;ServiceLog;Anna;1435853607949;No data;;;;;;847175161
;ServiceLog;Anna;1435853608988;No data;;;;;;847175161
;ServiceLog;Anna;1435853610052;No data;;;;;;847175161
;ServiceLog;Anna;1435853611085;No data;;;;;;847175161
;ServiceLog;Anna;1435853612157;No data;;;;;;847175161
;ServiceLog;Anna;1435853613197;No data;;;;;;847175161
;ServiceLog;Anna;1435853614245;No data;;;;;;847175161
;ServiceLog;Anna;1435853615284;No data;;;;;;847175161
;ServiceLog;Anna;1435853616342;No data;;;;;;847175161
;ServiceLog;Anna;1435853617381;No data;;;;;;847175161
;ServiceLog;Anna;1435853618413;No data;;;;;;847175161
;ServiceLog;Anna;1435853619453;No data;;;;;;847175161
;ServiceLog;Anna;1435853620533;No data;;;;;;847175161
;ServiceLog;Anna;1435853621566;No data;;;;;;847175161
;ServiceLog;Anna;1435853622622;No data;;;;;;847175161
;ServiceLog;Anna;1435853623654;No data;;;;;;847175161
;ServiceLog;Anna;1435853624701;No data;;;;;;847175161
;ServiceLog;Anna;1435853625743;No data;;;;;;847175161
;ServiceLog;Anna;1435853626797;No data;;;;;;847175161
;ServiceLog;Anna;1435853627830;No data;;;;;;847175161
;ServiceLog;Anna;1435853628879;No data;;;;;;847175161
;ServiceLog;Anna;1435853629910;No data;;;;;;847175161
;ServiceLog;Anna;1435853630959;No data;;;;;;847175161
;ServiceLog;Anna;1435853632000;No data;;;;;;847175161
;ServiceLog;Anna;1435853633047;No data;;;;;;847175161
;ServiceLog;Anna;1435853634077;No data;;;;;;847175161
;ServiceLog;Anna;1435853635142;No data;;;;;;847175161
;ServiceLog;Anna;1435853636173;No data;;;;;;847175161
;ServiceLog;Anna;1435853637229;No data;;;;;;847175161
;ServiceLog;Anna;1435853638278;No data;;;;;;847175161
;ServiceLog;Anna;1435853639328;No data;;;;;;847175161
;ServiceLog;Anna;1435853640367;No data;;;;;;847175161
;ServiceLog;Anna;1435853641476;No data;;;;;;847175161
;ServiceLog;Anna;1435853642518;No data;;;;;;847175161
;ServiceLog;Anna;1435853643544;No data;;;;;;847175161
;ServiceLog;Anna;1435853644553;No data;;;;;;847175161
;ServiceLog;Anna;1435853645625;No data;;;;;;847175161
;ServiceLog;Anna;1435853646637;No data;;;;;;847175161
;ServiceLog;Anna;1435853647665;No data;;;;;;847175161
;ServiceLog;Anna;1435853648675;No data;;;;;;847175161
;ServiceLog;Anna;1435853649703;No data;;;;;;847175161
;ServiceLog;Anna;1435853650711;No data;;;;;;847175161
;ServiceLog;Anna;1435853651781;No data;;;;;;847175161
;ServiceLog;Anna;1435853652793;No data;;;;;;847175161
;ServiceLog;Anna;1435853653862;No data;;;;;;847175161
;ServiceLog;Anna;1435853654872;No data;;;;;;847175161
;ServiceLog;Anna;1435853655948;No data;;;;;;847175161
;ServiceLog;Anna;1435853656960;No data;;;;;;847175161
;ServiceLog;Anna;1435853657989;No data;;;;;;847175161
;ServiceLog;Anna;1435853658998;No data;;;;;;847175161
;ServiceLog;Anna;1435853660028;No data;;;;;;847175161
;ServiceLog;Anna;1435853661039;No data;;;;;;847175161
;ServiceLog;Anna;1435853662119;No data;;;;;;847175161
;ServiceLog;Anna;1435853663131;No data;;;;;;847175161
;ServiceLog;Anna;1435853664156;No data;;;;;;847175161
;ServiceLog;Anna;1435853665167;No data;;;;;;847175161
;ServiceLog;Anna;1435853666196;No data;;;;;;847175161
;ServiceLog;Anna;1435853667208;No data;;;;;;847175161
;ServiceLog;Anna;1435853668301;No data;;;;;;847175161
;ServiceLog;Anna;1435853669316;No data;;;;;;847175161
;ServiceLog;Anna;1435853670397;No data;;;;;;847175161
;ServiceLog;Anna;1435853671408;No data;;;;;;847175161
;ServiceLog;Anna;1435853672487;No data;;;;;;847175161
;ServiceLog;Anna;1435853673498;No data;;;;;;847175161
;ServiceLog;Anna;1435853674574;No data;;;;;;847175161
;ServiceLog;Anna;1435853675583;No data;;;;;;847175161
;ServiceLog;Anna;1435853676654;No data;;;;;;847175161
;ServiceLog;Anna;1435853677665;No data;;;;;;847175161
;ServiceLog;Anna;1435853678700;No data;;;;;;847175161
;ServiceLog;Anna;1435853679709;No data;;;;;;847175161
;ServiceLog;Anna;1435853680790;No data;;;;;;847175161
;ServiceLog;Anna;1435853681801;No data;;;;;;847175161
;ServiceLog;Anna;1435853682876;No data;;;;;;847175161
;ServiceLog;Anna;1435853683887;No data;;;;;;847175161
;ServiceLog;Anna;1435853684927;No data;;;;;;847175161
;ServiceLog;Anna;1435853685937;No data;;;;;;847175161
;ServiceLog;Anna;1435853687017;No data;;;;;;847175161
;ServiceLog;Anna;1435853688029;No data;;;;;;847175161
;ServiceLog;Anna;1435853689107;No data;;;;;;847175161
;ServiceLog;Anna;1435853690118;No data;;;;;;847175161
;ServiceLog;Anna;1435853691152;No data;;;;;;847175161
;ServiceLog;Anna;1435853692161;No data;;;;;;847175161
;ServiceLog;Anna;1435853693239;No data;;;;;;847175161
;ServiceLog;Anna;1435853694247;No data;;;;;;847175161
;ServiceLog;Anna;1435853695324;No data;;;;;;847175161
;ServiceLog;Anna;1435853696332;No data;;;;;;847175161
;ServiceLog;Anna;1435853697406;No data;;;;;;847175161
;ServiceLog;Anna;1435853698416;No data;;;;;;847175161
;ServiceLog;Anna;1435853699496;No data;;;;;;847175161
;ServiceLog;Anna;1435853700506;No data;;;;;;847175161
;ServiceLog;Anna;1435853701586;No data;;;;;;847175161
;ServiceLog;Anna;1435853702606;No data;;;;;;847175161
;ServiceLog;Anna;1435853703687;No data;;;;;;847175161
;ServiceLog;Anna;1435853704698;No data;;;;;;847175161
;ServiceLog;Anna;1435853705784;No data;;;;;;847175161
;ServiceLog;Anna;1435853706794;No data;;;;;;847175161
;ServiceLog;Anna;1435853707863;No data;;;;;;847175161
;ServiceLog;Anna;1435853708871;No data;;;;;;847175161
;ServiceLog;Anna;1435853709963;No data;;;;;;847175161
;ServiceLog;Anna;1435853710972;No data;;;;;;847175161
;ServiceLog;Anna;1435853712047;No data;;;;;;847175161
;ServiceLog;Anna;1435853713057;No data;;;;;;847175161
;ServiceLog;Anna;1435853714138;No data;;;;;;847175161
;ServiceLog;Anna;1435853715159;No data;;;;;;847175161
;ServiceLog;Anna;1435853716242;No data;;;;;;847175161
;ServiceLog;Anna;1435853717251;No data;;;;;;847175161
;ServiceLog;Anna;1435853718328;No data;;;;;;847175161
;ServiceLog;Anna;1435853719338;No data;;;;;;847175161
;ServiceLog;Anna;1435853720417;No data;;;;;;847175161
;ServiceLog;Anna;1435853721426;No data;;;;;;847175161
;ServiceLog;Anna;1435853722504;No data;;;;;;847175161
;ServiceLog;Anna;1435853723512;No data;;;;;;847175161
;ServiceLog;Anna;1435853724584;No data;;;;;;847175161
;ServiceLog;Anna;1435853725603;No data;;;;;;847175161
;ServiceLog;Anna;1435853726673;No data;;;;;;847175161
;ServiceLog;Anna;1435853727682;No data;;;;;;847175161
;ServiceLog;Anna;1435853728756;No data;;;;;;847175161
;ServiceLog;Anna;1435853729772;No data;;;;;;847175161
;ServiceLog;Anna;1435853730805;No data;;;;;;847175161
;ServiceLog;Anna;1435853731814;No data;;;;;;847175161
;ServiceLog;Anna;1435853732895;No data;;;;;;847175161
;ServiceLog;Anna;1435853733906;No data;;;;;;847175161
;ServiceLog;Anna;1435853734983;No data;;;;;;847175161
;ServiceLog;Anna;1435853735993;No data;;;;;;847175161
;ServiceLog;Anna;1435853737062;No data;;;;;;847175161
;ServiceLog;Anna;1435853738071;No data;;;;;;847175161
;ServiceLog;Anna;1435853739147;No data;;;;;;847175161
;ServiceLog;Anna;1435853740166;No data;;;;;;847175161
;ServiceLog;Anna;1435853741248;No data;;;;;;847175161
;ServiceLog;Anna;1435853742259;No data;;;;;;847175161
;ServiceLog;Anna;1435853743331;No data;;;;;;847175161
;ServiceLog;Anna;1435853744339;No data;;;;;;847175161
;ServiceLog;Anna;1435853745410;No data;;;;;;847175161
;ServiceLog;Anna;1435853746422;No data;;;;;;847175161
;ServiceLog;Anna;1435853747454;No data;;;;;;847175161
;ServiceLog;Anna;1435853748465;No data;;;;;;847175161
;ServiceLog;Anna;1435853749531;No data;;;;;;847175161
;ServiceLog;Anna;1435853750553;No data;;;;;;847175161
;ServiceLog;Anna;1435853751606;No data;;;;;;847175161
;ServiceLog;Anna;1435853752650;No data;;;;;;847175161
;ServiceLog;Anna;1435853753680;No data;;;;;;847175161
;ServiceLog;Anna;1435853754689;No data;;;;;;847175161
;ServiceLog;Anna;1435853755779;No data;;;;;;847175161
;ServiceLog;Anna;1435853756789;No data;;;;;;847175161
;ServiceLog;Anna;1435853757868;No data;;;;;;847175161
;ServiceLog;Anna;1435853758877;No data;;;;;;847175161
;ServiceLog;Anna;1435853759952;No data;;;;;;847175161
;ServiceLog;Anna;1435853760973;No data;;;;;;847175161
;ServiceLog;Anna;1435853762047;No data;;;;;;847175161
;ServiceLog;Anna;1435853763058;No data;;;;;;847175161
;ServiceLog;Anna;1435853764137;No data;;;;;;847175161
;ServiceLog;Anna;1435853765148;No data;;;;;;847175161
;ServiceLog;Anna;1435853766226;No data;;;;;;847175161
;ServiceLog;Anna;1435853767237;No data;;;;;;847175161
;ServiceLog;Anna;1435853768317;No data;;;;;;847175161
;ServiceLog;Anna;1435853769327;No data;;;;;;847175161
;ServiceLog;Anna;1435853770404;No data;;;;;;847175161
;ServiceLog;Anna;1435853771414;No data;;;;;;847175161
;ServiceLog;Anna;1435853772481;No data;;;;;;847175161
;ServiceLog;Anna;1435853773492;No data;;;;;;847175161
;ServiceLog;Anna;1435853774565;No data;;;;;;847175161
;ServiceLog;Anna;1435853775585;No data;;;;;;847175161
;ServiceLog;Anna;1435853776611;No data;;;;;;847175161
;ServiceLog;Anna;1435853777622;No data;;;;;;847175161
;ServiceLog;Anna;1435853778718;No data;;;;;;847175161
;ServiceLog;Anna;1435853779764;No data;;;;;;847175161
;ServiceLog;Anna;1435853780792;No data;;;;;;847175161
;ServiceLog;Anna;1435853781802;No data;;;;;;847175161
;ServiceLog;Anna;1435853782888;No data;;;;;;847175161
;ServiceLog;Anna;1435853783897;No data;;;;;;847175161
;ServiceLog;Anna;1435853784988;No data;;;;;;847175161
;ServiceLog;Anna;1435853786000;No data;;;;;;847175161
;ServiceLog;Anna;1435853787080;No data;;;;;;847175161
;ServiceLog;Anna;1435853788090;No data;;;;;;847175161
;ServiceLog;Anna;1435853789171;No data;;;;;;847175161
;ServiceLog;Anna;1435853790189;No data;;;;;;847175161
;ServiceLog;Anna;1435853791266;No data;;;;;;847175161
;ServiceLog;Anna;1435853792276;No data;;;;;;847175161
;ServiceLog;Anna;1435853793362;No data;;;;;;847175161
;ServiceLog;Anna;1435853794379;No data;;;;;;847175161
;ServiceLog;Anna;1435853795458;No data;;;;;;847175161
;ServiceLog;Anna;1435853796472;No data;;;;;;847175161
;ServiceLog;Anna;1435853797543;No data;;;;;;847175161
;ServiceLog;Anna;1435853798553;No data;;;;;;847175161
;ServiceLog;Anna;1435853799621;No data;;;;;;847175161
;ServiceLog;Anna;1435853800631;No data;;;;;;847175161
;ServiceLog;Anna;1435853801701;No data;;;;;;847175161
;ServiceLog;Anna;1435853802710;No data;;;;;;847175161
;ServiceLog;Anna;1435853803785;No data;;;;;;847175161
;ServiceLog;Anna;1435853804797;No data;;;;;;847175161
;ServiceLog;Anna;1435853805886;No data;;;;;;847175161
;ServiceLog;Anna;1435853806898;No data;;;;;;847175161
;ServiceLog;Anna;1435853807977;No data;;;;;;847175161
;ServiceLog;Anna;1435853808988;No data;;;;;;847175161
;ServiceLog;Anna;1435853810066;No data;;;;;;847175161
;ServiceLog;Anna;1435853811076;No data;;;;;;847175161
;ServiceLog;Anna;1435853812162;No data;;;;;;847175161
;ServiceLog;Anna;1435853813176;No data;;;;;;847175161
;ServiceLog;Anna;1435853814417;No data;;;;;;847175161
;ServiceLog;Anna;1435853815427;No data;;;;;;847175161
;ServiceLog;Anna;1435853816504;No data;;;;;;847175161
;ServiceLog;Anna;1435853817515;No data;;;;;;847175161
;ServiceLog;Anna;1435853818594;No data;;;;;;847175161
;ServiceLog;Anna;1435853819607;No data;;;;;;847175161
;ServiceLog;Anna;1435853820697;No data;;;;;;847175161
;ServiceLog;Anna;1435853821708;No data;;;;;;847175161
;ServiceLog;Anna;1435853822789;No data;;;;;;847175161
;ServiceLog;Anna;1435853823801;No data;;;;;;847175161
;ServiceLog;Anna;1435853824877;No data;;;;;;847175161
;ServiceLog;Anna;1435853825888;No data;;;;;;847175161
;ServiceLog;Anna;1435853826962;No data;;;;;;847175161
;ServiceLog;Anna;1435853827972;No data;;;;;;847175161
;ServiceLog;Anna;1435853829055;No data;;;;;;847175161
;ServiceLog;Anna;1435853830065;No data;;;;;;847175161
;ServiceLog;Anna;1435853831140;No data;;;;;;847175161
;ServiceLog;Anna;1435853832150;No data;;;;;;847175161
;ServiceLog;Anna;1435853833227;No data;;;;;;847175161
;ServiceLog;Anna;1435853834237;No data;;;;;;847175161
;ServiceLog;Anna;1435853835318;No data;;;;;;847175161
;ServiceLog;Anna;1435853836340;No data;;;;;;847175161
;ServiceLog;Anna;1435853837419;No data;;;;;;847175161
;ServiceLog;Anna;1435853838431;No data;;;;;;847175161
;ServiceLog;Anna;1435853839502;No data;;;;;;847175161
;ServiceLog;Anna;1435853840514;No data;;;;;;847175161
;ServiceLog;Anna;1435853841594;No data;;;;;;847175161
;ServiceLog;Anna;1435853842608;No data;;;;;;847175161
;ServiceLog;Anna;1435853843689;No data;;;;;;847175161
;ServiceLog;Anna;1435853844702;No data;;;;;;847175161
;ServiceLog;Anna;1435853845780;No data;;;;;;847175161
;ServiceLog;Anna;1435853846790;No data;;;;;;847175161
;ServiceLog;Anna;1435853847863;No data;;;;;;847175161
;ServiceLog;Anna;1435853848873;No data;;;;;;847175161
;ServiceLog;Anna;1435853849950;No data;;;;;;847175161
;ServiceLog;Anna;1435853850960;No data;;;;;;847175161
;ServiceLog;Anna;1435853852038;No data;;;;;;847175161
;ServiceLog;Anna;1435853853050;No data;;;;;;847175161
;ServiceLog;Anna;1435853854129;No data;;;;;;847175161
;ServiceLog;Anna;1435853855139;No data;;;;;;847175161
;ServiceLog;Anna;1435853856215;No data;;;;;;847175161
;ServiceLog;Anna;1435853857226;No data;;;;;;847175161
;ServiceLog;Anna;1435853858305;No data;;;;;;847175161
;ServiceLog;Anna;1435853859315;No data;;;;;;847175161
;ServiceLog;Anna;1435853860390;No data;;;;;;847175161
;ServiceLog;Anna;1435853861400;No data;;;;;;847175161
;ServiceLog;Anna;1435853862472;No data;;;;;;847175161
;ServiceLog;Anna;1435853863482;No data;;;;;;847175161
;ServiceLog;Anna;1435853864565;No data;;;;;;847175161
;ServiceLog;Anna;1435853865576;No data;;;;;;847175161
;ServiceLog;Anna;1435853866667;No data;;;;;;847175161
;ServiceLog;Anna;1435853867677;No data;;;;;;847175161
;ServiceLog;Anna;1435853868760;No data;;;;;;847175161
;ServiceLog;Anna;1435853869770;No data;;;;;;847175161
;ServiceLog;Anna;1435853870847;No data;;;;;;847175161
;ServiceLog;Anna;1435853871890;No data;;;;;;847175161
;ServiceLog;Anna;1435853872970;No data;;;;;;847175161
;ServiceLog;Anna;1435853873981;No data;;;;;;847175161
;ServiceLog;Anna;1435853875061;No data;;;;;;847175161
;ServiceLog;Anna;1435853876071;No data;;;;;;847175161
;ServiceLog;Anna;1435853877155;No data;;;;;;847175161
;ServiceLog;Anna;1435853878164;No data;;;;;;847175161
;ServiceLog;Anna;1435853879235;No data;;;;;;847175161
;ServiceLog;Anna;1435853880247;No data;;;;;;847175161
;ServiceLog;Anna;1435853881330;No data;;;;;;847175161
;ServiceLog;Anna;1435853882340;No data;;;;;;847175161
;ServiceLog;Anna;1435853883415;No data;;;;;;847175161
;ServiceLog;Anna;1435853884426;No data;;;;;;847175161
;ServiceLog;Anna;1435853885504;No data;;;;;;847175161
;ServiceLog;Anna;1435853886514;No data;;;;;;847175161
;ServiceLog;Anna;1435853887579;No data;;;;;;847175161
;ServiceLog;Anna;1435853888588;No data;;;;;;847175161
;ServiceLog;Anna;1435853889660;No data;;;;;;847175161
;ServiceLog;Anna;1435853890674;No data;;;;;;847175161
;ServiceLog;Anna;1435853891743;No data;;;;;;847175161
;ServiceLog;Anna;1435853892754;No data;;;;;;847175161
;ServiceLog;Anna;1435853893827;No data;;;;;;847175161
;ServiceLog;Anna;1435853894837;No data;;;;;;847175161
;ServiceLog;Anna;1435853895915;No data;;;;;;847175161
;ServiceLog;Anna;1435853896937;No data;;;;;;847175161
;ServiceLog;Anna;1435853897985;No data;;;;;;847175161
;ServiceLog;Anna;1435853898994;No data;;;;;;847175161
;ServiceLog;Anna;1435853900064;No data;;;;;;847175161
;ServiceLog;Anna;1435853901073;No data;;;;;;847175161
;ServiceLog;Anna;1435853902266;No data;;;;;;847175161
;ServiceLog;Anna;1435853903307;No data;;;;;;847175161
;ServiceLog;Anna;1435853904363;No data;;;;;;847175161
;ServiceLog;Anna;1435853905411;No data;;;;;;847175161
;ServiceLog;Anna;1435853906474;No data;;;;;;847175161
;ServiceLog;Anna;1435853907517;No data;;;;;;847175161
;ServiceLog;Anna;1435853908549;No data;;;;;;847175161
;ServiceLog;Anna;1435853909559;No data;;;;;;847175161
;ServiceLog;Anna;1435853910634;No data;;;;;;847175161
;ServiceLog;Anna;1435853911643;No data;;;;;;847175161
;ServiceLog;Anna;1435853912724;No data;;;;;;847175161
;ServiceLog;Anna;1435853913733;No data;;;;;;847175161
;ServiceLog;Anna;1435853914808;No data;;;;;;847175161
;ServiceLog;Anna;1435853915818;No data;;;;;;847175161
;ServiceLog;Anna;1435853916897;No data;;;;;;847175161
;ServiceLog;Anna;1435853917907;No data;;;;;;847175161
;ServiceLog;Anna;1435853918984;No data;;;;;;847175161
;ServiceLog;Anna;1435853919996;No data;;;;;;847175161
;ServiceLog;Anna;1435853921086;No data;;;;;;847175161
;ServiceLog;Anna;1435853922095;No data;;;;;;847175161
;ServiceLog;Anna;1435853923168;No data;;;;;;847175161
;ServiceLog;Anna;1435853924178;No data;;;;;;847175161
;ServiceLog;Anna;1435853925209;No data;;;;;;847175161
;ServiceLog;Anna;1435853926227;No data;;;;;;847175161
;ServiceLog;Anna;1435853927303;No data;;;;;;847175161
;ServiceLog;Anna;1435853928314;No data;;;;;;847175161
;ServiceLog;Anna;1435853929377;No data;;;;;;847175161
;ServiceLog;Anna;1435853930387;No data;;;;;;847175161
;ServiceLog;Anna;1435853931464;No data;;;;;;847175161
;ServiceLog;Anna;1435853932473;No data;;;;;;847175161
;ServiceLog;Anna;1435853933539;No data;;;;;;847175161
;ServiceLog;Anna;1435853934548;No data;;;;;;847175161
;ServiceLog;Anna;1435853935628;No data;;;;;;847175161
;ServiceLog;Anna;1435853936649;No data;;;;;;847175161
;ServiceLog;Anna;1435853937686;No data;;;;;;847175161
;ServiceLog;Anna;1435853938696;No data;;;;;;847175161
;ServiceLog;Anna;1435853939783;No data;;;;;;847175161
;ServiceLog;Anna;1435853940793;No data;;;;;;847175161
;ServiceLog;Anna;1435853941867;No data;;;;;;847175161
;ServiceLog;Anna;1435853942876;No data;;;;;;847175161
;ServiceLog;Anna;1435853943957;No data;;;;;;847175161
;ServiceLog;Anna;1435853944965;No data;;;;;;847175161
;ServiceLog;Anna;1435853946033;No data;;;;;;847175161
;ServiceLog;Anna;1435853947041;No data;;;;;;847175161
;ServiceLog;Anna;1435853948112;No data;;;;;;847175161
;ServiceLog;Anna;1435853949121;No data;;;;;;847175161
;ServiceLog;Anna;1435853950192;No data;;;;;;847175161
;ServiceLog;Anna;1435853951201;No data;;;;;;847175161
;ServiceLog;Anna;1435853952273;No data;;;;;;847175161
;ServiceLog;Anna;1435853953282;No data;;;;;;847175161
;ServiceLog;Anna;1435853954347;No data;;;;;;847175161
;ServiceLog;Anna;1435853955374;No data;;;;;;847175161
;ServiceLog;Anna;1435853956454;No data;;;;;;847175161
;ServiceLog;Anna;1435853957474;No data;;;;;;847175161
;ServiceLog;Anna;1435853958542;No data;;;;;;847175161
;ServiceLog;Anna;1435853959552;No data;;;;;;847175161
;ServiceLog;Anna;1435853960623;No data;;;;;;847175161
;ServiceLog;Anna;1435853961633;No data;;;;;;847175161
;ServiceLog;Anna;1435853962713;No data;;;;;;847175161
;ServiceLog;Anna;1435853963722;No data;;;;;;847175161
;ServiceLog;Anna;1435853964798;No data;;;;;;847175161
;ServiceLog;Anna;1435853965808;No data;;;;;;847175161
;ServiceLog;Anna;1435853966885;No data;;;;;;847175161
;ServiceLog;Anna;1435853967904;No data;;;;;;847175161
;ServiceLog;Anna;1435853968972;No data;;;;;;847175161
;ServiceLog;Anna;1435853969980;No data;;;;;;847175161
;ServiceLog;Anna;1435853971053;No data;;;;;;847175161
;ServiceLog;Anna;1435853972061;No data;;;;;;847175161
;ServiceLog;Anna;1435853973148;No data;;;;;;847175161
;ServiceLog;Anna;1435853974158;No data;;;;;;847175161
;ServiceLog;Anna;1435853975239;No data;;;;;;847175161
;ServiceLog;Anna;1435853976248;No data;;;;;;847175161
;ServiceLog;Anna;1435853977326;No data;;;;;;847175161
;ServiceLog;Anna;1435853978334;No data;;;;;;847175161
;ServiceLog;Anna;1435853979402;No data;;;;;;847175161
;ServiceLog;Anna;1435853980410;No data;;;;;;847175161
;ServiceLog;Anna;1435853981515;No data;;;;;;847175161
;ServiceLog;Anna;1435853982525;No data;;;;;;847175161
;ServiceLog;Anna;1435853983601;No data;;;;;;847175161
;ServiceLog;Anna;1435853984610;No data;;;;;;847175161
;ServiceLog;Anna;1435853985682;No data;;;;;;847175161
;ServiceLog;Anna;1435853986701;No data;;;;;;847175161
;ServiceLog;Anna;1435853987773;No data;;;;;;847175161
;ServiceLog;Anna;1435853988783;No data;;;;;;847175161
;ServiceLog;Anna;1435853989856;No data;;;;;;847175161
;ServiceLog;Anna;1435853990865;No data;;;;;;847175161
;ServiceLog;Anna;1435853991947;No data;;;;;;847175161
;ServiceLog;Anna;1435853992955;No data;;;;;;847175161
;ServiceLog;Anna;1435853994027;No data;;;;;;847175161
;ServiceLog;Anna;1435853995038;No data;;;;;;847175161
;ServiceLog;Anna;1435853996113;No data;;;;;;847175161
;ServiceLog;Anna;1435853997132;No data;;;;;;847175161
;ServiceLog;Anna;1435853998204;No data;;;;;;847175161
;ServiceLog;Anna;1435853999213;No data;;;;;;847175161
;ServiceLog;Anna;1435854000280;No data;;;;;;847175161
;ServiceLog;Anna;1435854001290;No data;;;;;;847175161
;ServiceLog;Anna;1435854002364;No data;;;;;;847175161
;ServiceLog;Anna;1435854003374;No data;;;;;;847175161
;ServiceLog;Anna;1435854004449;No data;;;;;;847175161
;ServiceLog;Anna;1435854005459;No data;;;;;;847175161
;ServiceLog;Anna;1435854006537;No data;;;;;;847175161
;ServiceLog;Anna;1435854007548;No data;;;;;;847175161
;ServiceLog;Anna;1435854008629;No data;;;;;;847175161
;ServiceLog;Anna;1435854009639;No data;;;;;;847175161
;ServiceLog;Anna;1435854010712;No data;;;;;;847175161
;ServiceLog;Anna;1435854011732;No data;;;;;;847175161
;ServiceLog;Anna;1435854012806;No data;;;;;;847175161
;ServiceLog;Anna;1435854013816;No data;;;;;;847175161
;ServiceLog;Anna;1435854014894;No data;;;;;;847175161
;ServiceLog;Anna;1435854015904;No data;;;;;;847175161
;ServiceLog;Anna;1435854016989;No data;;;;;;847175161
;ServiceLog;Anna;1435854017998;No data;;;;;;847175161
;ServiceLog;Anna;1435854019073;No data;;;;;;847175161
;ServiceLog;Anna;1435854020082;No data;;;;;;847175161
;ServiceLog;Anna;1435854021154;No data;;;;;;847175161
;ServiceLog;Anna;1435854022173;No data;;;;;;847175161
;ServiceLog;Anna;1435854023259;No data;;;;;;847175161
;ServiceLog;Anna;1435854024268;No data;;;;;;847175161
;ServiceLog;Anna;1435854025346;No data;;;;;;847175161
;ServiceLog;Anna;1435854026355;No data;;;;;;847175161
;ServiceLog;Anna;1435854027434;No data;;;;;;847175161
;ServiceLog;Anna;1435854028444;No data;;;;;;847175161
;ServiceLog;Anna;1435854029518;No data;;;;;;847175161
;ServiceLog;Anna;1435854030528;No data;;;;;;847175161
;ServiceLog;Anna;1435854031605;No data;;;;;;847175161
;ServiceLog;Anna;1435854032624;No data;;;;;;847175161
;ServiceLog;Anna;1435854033691;No data;;;;;;847175161
;ServiceLog;Anna;1435854034699;No data;;;;;;847175161
;ServiceLog;Anna;1435854035772;No data;;;;;;847175161
;ServiceLog;Anna;1435854036782;No data;;;;;;847175161
;ServiceLog;Anna;1435854037856;No data;;;;;;847175161
;ServiceLog;Anna;1435854038865;No data;;;;;;847175161
;ServiceLog;Anna;1435854039938;No data;;;;;;847175161
;ServiceLog;Anna;1435854040948;No data;;;;;;847175161
;ServiceLog;Anna;1435854042039;No data;;;;;;847175161
;ServiceLog;Anna;1435854043050;No data;;;;;;847175161
;ServiceLog;Anna;1435854044127;No data;;;;;;847175161
;ServiceLog;Anna;1435854045135;No data;;;;;;847175161
;ServiceLog;Anna;1435854046207;No data;;;;;;847175161
;ServiceLog;Anna;1435854047226;No data;;;;;;847175161
;ServiceLog;Anna;1435854048298;No data;;;;;;847175161
;ServiceLog;Anna;1435854049309;No data;;;;;;847175161
;ServiceLog;Anna;1435854050382;No data;;;;;;847175161
;ServiceLog;Anna;1435854051391;No data;;;;;;847175161
;ServiceLog;Anna;1435854052464;No data;;;;;;847175161
;ServiceLog;Anna;1435854053474;No data;;;;;;847175161
;ServiceLog;Anna;1435854054540;No data;;;;;;847175161
;ServiceLog;Anna;1435854055550;No data;;;;;;847175161
;ServiceLog;Anna;1435854056618;No data;;;;;;847175161
;ServiceLog;Anna;1435854057643;No data;;;;;;847175161
;ServiceLog;Anna;1435854058667;No data;;;;;;847175161
;ServiceLog;Anna;1435854059678;No data;;;;;;847175161
;ServiceLog;Anna;1435854060751;No data;;;;;;847175161
;ServiceLog;Anna;1435854061761;No data;;;;;;847175161
;ServiceLog;Anna;1435854062815;No data;;;;;;847175161
;ServiceLog;Anna;1435854063856;No data;;;;;;847175161
;ServiceLog;Anna;1435854064993;No data;;;;;;847175161
;ServiceLog;Anna;1435854066003;No data;;;;;;847175161
;ServiceLog;Anna;1435854067086;No data;;;;;;847175161
;ServiceLog;Anna;1435854068095;No data;;;;;;847175161
;ServiceLog;Anna;1435854069167;No data;;;;;;847175161
;ServiceLog;Anna;1435854070176;No data;;;;;;847175161
;ServiceLog;Anna;1435854071253;No data;;;;;;847175161
;ServiceLog;Anna;1435854072261;No data;;;;;;847175161
;ServiceLog;Anna;1435854073335;No data;;;;;;847175161
;ServiceLog;Anna;1435854074345;No data;;;;;;847175161
;ServiceLog;Anna;1435854075432;No data;;;;;;847175161
;ServiceLog;Anna;1435854076441;No data;;;;;;847175161
;ServiceLog;Anna;1435854077523;No data;;;;;;847175161
;ServiceLog;Anna;1435854078533;No data;;;;;;847175161
;ServiceLog;Anna;1435854079606;No data;;;;;;847175161
;ServiceLog;Anna;1435854080618;No data;;;;;;847175161
;ServiceLog;Anna;1435854081695;No data;;;;;;847175161
;ServiceLog;Anna;1435854082712;No data;;;;;;847175161
;ServiceLog;Anna;1435854083789;No data;;;;;;847175161
;ServiceLog;Anna;1435854084798;No data;;;;;;847175161
;ServiceLog;Anna;1435854085875;No data;;;;;;847175161
;ServiceLog;Anna;1435854086885;No data;;;;;;847175161
;ServiceLog;Anna;1435854087968;No data;;;;;;847175161
;ServiceLog;Anna;1435854088979;No data;;;;;;847175161
;ServiceLog;Anna;1435854090047;No data;;;;;;847175161
;ServiceLog;Anna;1435854091057;No data;;;;;;847175161
;ServiceLog;Anna;1435854092128;No data;;;;;;847175161
;ServiceLog;Anna;1435854093147;No data;;;;;;847175161
;ServiceLog;Anna;1435854094219;No data;;;;;;847175161
;ServiceLog;Anna;1435854095229;No data;;;;;;847175161
;ServiceLog;Anna;1435854096306;No data;;;;;;847175161
;ServiceLog;Anna;1435854097316;No data;;;;;;847175161
;ServiceLog;Anna;1435854098390;No data;;;;;;847175161
;ServiceLog;Anna;1435854099400;No data;;;;;;847175161
;ServiceLog;Anna;1435854100473;No data;;;;;;847175161
;ServiceLog;Anna;1435854101484;No data;;;;;;847175161
;ServiceLog;Anna;1435854102561;No data;;;;;;847175161
;ServiceLog;Anna;1435854103572;No data;;;;;;847175161
;ServiceLog;Anna;1435854104643;No data;;;;;;847175161
;ServiceLog;Anna;1435854105655;No data;;;;;;847175161
;ServiceLog;Anna;1435854106680;No data;;;;;;847175161
;ServiceLog;Anna;1435854107699;No data;;;;;;847175161
;ServiceLog;Anna;1435854108797;No data;;;;;;847175161
;ServiceLog;Anna;1435854109807;No data;;;;;;847175161
;ServiceLog;Anna;1435854110912;No data;;;;;;847175161
;ServiceLog;Anna;1435854111921;No data;;;;;;847175161
;ServiceLog;Anna;1435854112994;No data;;;;;;847175161
;ServiceLog;Anna;1435854114003;No data;;;;;;847175161
;ServiceLog;Anna;1435854115069;No data;;;;;;847175161
;ServiceLog;Anna;1435854116079;No data;;;;;;847175161
;ServiceLog;Anna;1435854117167;No data;;;;;;847175161
;ServiceLog;Anna;1435854118185;No data;;;;;;847175161
;ServiceLog;Anna;1435854119268;No data;;;;;;847175161
;ServiceLog;Anna;1435854120281;No data;;;;;;847175161
;ServiceLog;Anna;1435854121364;No data;;;;;;847175161
;ServiceLog;Anna;1435854122376;No data;;;;;;847175161
;ServiceLog;Anna;1435854123459;No data;;;;;;847175161
;ServiceLog;Anna;1435854124471;No data;;;;;;847175161
;ServiceLog;Anna;1435854125551;No data;;;;;;847175161
;ServiceLog;Anna;1435854126562;No data;;;;;;847175161
;ServiceLog;Anna;1435854127639;No data;;;;;;847175161
;ServiceLog;Anna;1435854128651;No data;;;;;;847175161
;ServiceLog;Anna;1435854129728;No data;;;;;;847175161
;ServiceLog;Anna;1435854130737;No data;;;;;;847175161
;ServiceLog;Anna;1435854131814;No data;;;;;;847175161
;ServiceLog;Anna;1435854132834;No data;;;;;;847175161
;ServiceLog;Anna;1435854133905;No data;;;;;;847175161
;ServiceLog;Anna;1435854134918;No data;;;;;;847175161
;ServiceLog;Anna;1435854135997;No data;;;;;;847175161
;ServiceLog;Anna;1435854137009;No data;;;;;;847175161
;ServiceLog;Anna;1435854138099;No data;;;;;;847175161
;ServiceLog;Anna;1435854139109;No data;;;;;;847175161
;ServiceLog;Anna;1435854140178;No data;;;;;;847175161
;ServiceLog;Anna;1435854141189;No data;;;;;;847175161
;ServiceLog;Anna;1435854142217;No data;;;;;;847175161
;ServiceLog;Anna;1435854143263;No data;;;;;;847175161
;ServiceLog;Anna;1435854144337;No data;;;;;;847175161
;ServiceLog;Anna;1435854145346;No data;;;;;;847175161
;ServiceLog;Anna;1435854146383;No data;;;;;;847175161
;ServiceLog;Anna;1435854147393;No data;;;;;;847175161
;ServiceLog;Anna;1435854148468;No data;;;;;;847175161
;ServiceLog;Anna;1435854149479;No data;;;;;;847175161
;ServiceLog;Anna;1435854150567;No data;;;;;;847175161
;ServiceLog;Anna;1435854151578;No data;;;;;;847175161
;ServiceLog;Anna;1435854152661;No data;;;;;;847175161
;ServiceLog;Anna;1435854153671;No data;;;;;;847175161
;ServiceLog;Anna;1435854154754;No data;;;;;;847175161
;ServiceLog;Anna;1435854155773;No data;;;;;;847175161
;ServiceLog;Anna;1435854156845;No data;;;;;;847175161
;ServiceLog;Anna;1435854157855;No data;;;;;;847175161
;ServiceLog;Anna;1435854158955;No data;;;;;;847175161
;ServiceLog;Anna;1435854159965;No data;;;;;;847175161
;ServiceLog;Anna;1435854161204;No data;;;;;;847175161
;ServiceLog;Anna;1435854162214;No data;;;;;;847175161
;ServiceLog;Anna;1435854163289;No data;;;;;;847175161
;ServiceLog;Anna;1435854164301;No data;;;;;;847175161
;ServiceLog;Anna;1435854165373;No data;;;;;;847175161
;ServiceLog;Anna;1435854166383;No data;;;;;;847175161
;ServiceLog;Anna;1435854167463;No data;;;;;;847175161
;ServiceLog;Anna;1435854168483;No data;;;;;;847175161
;ServiceLog;Anna;1435854169558;No data;;;;;;847175161
;ServiceLog;Anna;1435854170569;No data;;;;;;847175161
;ServiceLog;Anna;1435854171645;No data;;;;;;847175161
;ServiceLog;Anna;1435854172654;No data;;;;;;847175161
;ServiceLog;Anna;1435854173733;No data;;;;;;847175161
;ServiceLog;Anna;1435854174743;No data;;;;;;847175161
;ServiceLog;Anna;1435854175817;No data;;;;;;847175161
;ServiceLog;Anna;1435854176830;No data;;;;;;847175161
;ServiceLog;Anna;1435854177910;No data;;;;;;847175161
;ServiceLog;Anna;1435854178932;No data;;;;;;847175161
;ServiceLog;Anna;1435854180010;No data;;;;;;847175161
;ServiceLog;Anna;1435854181022;No data;;;;;;847175161
;ServiceLog;Anna;1435854182094;No data;;;;;;847175161
;ServiceLog;Anna;1435854183105;No data;;;;;;847175161
;ServiceLog;Anna;1435854184181;No data;;;;;;847175161
;ServiceLog;Anna;1435854185191;No data;;;;;;847175161
;ServiceLog;Anna;1435854186272;No data;;;;;;847175161
;ServiceLog;Anna;1435854187282;No data;;;;;;847175161
;ServiceLog;Anna;1435854188355;No data;;;;;;847175161
;ServiceLog;Anna;1435854189371;No data;;;;;;847175161
;ServiceLog;Anna;1435854190448;No data;;;;;;847175161
;ServiceLog;Anna;1435854191458;No data;;;;;;847175161
;ServiceLog;Anna;1435854192529;No data;;;;;;847175161
;ServiceLog;Anna;1435854193540;No data;;;;;;847175161
;ServiceLog;Anna;1435854194618;No data;;;;;;847175161
;ServiceLog;Anna;1435854195628;No data;;;;;;847175161
;ServiceLog;Anna;1435854196711;No data;;;;;;847175161
;ServiceLog;Anna;1435854197721;No data;;;;;;847175161
;ServiceLog;Anna;1435854198800;No data;;;;;;847175161
;ServiceLog;Anna;1435854199810;No data;;;;;;847175161
;ServiceLog;Anna;1435854200882;No data;;;;;;847175161
;ServiceLog;Anna;1435854201891;No data;;;;;;847175161
;ServiceLog;Anna;1435854202960;No data;;;;;;847175161
;ServiceLog;Anna;1435854203979;No data;;;;;;847175161
;ServiceLog;Anna;1435854205051;No data;;;;;;847175161
;ServiceLog;Anna;1435854206063;No data;;;;;;847175161
;ServiceLog;Anna;1435854207132;No data;;;;;;847175161
;ServiceLog;Anna;1435854208147;No data;;;;;;847175161
;ServiceLog;Anna;1435854209221;No data;;;;;;847175161
;ServiceLog;Anna;1435854210230;No data;;;;;;847175161
;ServiceLog;Anna;1435854211299;No data;;;;;;847175161
;ServiceLog;Anna;1435854212310;No data;;;;;;847175161
;ServiceLog;Anna;1435854213470;No data;;;;;;847175161
;ServiceLog;Anna;1435854214512;No data;;;;;;847175161
;ServiceLog;Anna;1435854215641;No data;;;;;;847175161
;ServiceLog;Anna;1435854216682;No data;;;;;;847175161
;ServiceLog;Anna;1435854217715;No data;;;;;;847175161
;ServiceLog;Anna;1435854218725;No data;;;;;;847175161
;ServiceLog;Anna;1435854219796;No data;;;;;;847175161
;ServiceLog;Anna;1435854220805;No data;;;;;;847175161
;ServiceLog;Anna;1435854221871;No data;;;;;;847175161
;ServiceLog;Anna;1435854222881;No data;;;;;;847175161
;ServiceLog;Anna;1435854223966;No data;;;;;;847175161
;ServiceLog;Anna;1435854224978;No data;;;;;;847175161
;ServiceLog;Anna;1435854226056;No data;;;;;;847175161
;ServiceLog;Anna;1435854227067;No data;;;;;;847175161
;ServiceLog;Anna;1435854228146;No data;;;;;;847175161
;ServiceLog;Anna;1435854229165;No data;;;;;;847175161
;ServiceLog;Anna;1435854230247;No data;;;;;;847175161
;ServiceLog;Anna;1435854231257;No data;;;;;;847175161
;ServiceLog;Anna;1435854232333;No data;;;;;;847175161
;ServiceLog;Anna;1435854233343;No data;;;;;;847175161
;ServiceLog;Anna;1435854234420;No data;;;;;;847175161
;ServiceLog;Anna;1435854235431;No data;;;;;;847175161
;ServiceLog;Anna;1435854236468;No data;;;;;;847175161
;ServiceLog;Anna;1435854237480;No data;;;;;;847175161
;ServiceLog;Anna;1435854238548;No data;;;;;;847175161
;ServiceLog;Anna;1435854239567;No data;;;;;;847175161
;ServiceLog;Anna;1435854240648;No data;;;;;;847175161
;ServiceLog;Anna;1435854241659;No data;;;;;;847175161
;ServiceLog;Anna;1435854242682;No data;;;;;;847175161
;ServiceLog;Anna;1435854243697;No data;;;;;;847175161
;ServiceLog;Anna;1435854244793;No data;;;;;;847175161
;ServiceLog;Anna;1435854245806;No data;;;;;;847175161
;ServiceLog;Anna;1435854246844;No data;;;;;;847175161
;ServiceLog;Anna;1435854247854;No data;;;;;;847175161
;ServiceLog;Anna;1435854248939;No data;;;;;;847175161
;ServiceLog;Anna;1435854249951;No data;;;;;;847175161
;ServiceLog;Anna;1435854251023;No data;;;;;;847175161
;ServiceLog;Anna;1435854252034;No data;;;;;;847175161
;ServiceLog;Anna;1435854253106;No data;;;;;;847175161
;ServiceLog;Anna;1435854254118;No data;;;;;;847175161
;ServiceLog;Anna;1435854255201;No data;;;;;;847175161
;ServiceLog;Anna;1435854256211;No data;;;;;;847175161
;ServiceLog;Anna;1435854257288;No data;;;;;;847175161
;ServiceLog;Anna;1435854258298;No data;;;;;;847175161
;ServiceLog;Anna;1435854259378;No data;;;;;;847175161
;ServiceLog;Anna;1435854260392;No data;;;;;;847175161
;ServiceLog;Anna;1435854261466;No data;;;;;;847175161
;ServiceLog;Anna;1435854262479;No data;;;;;;847175161
;ServiceLog;Anna;1435854263555;No data;;;;;;847175161
;ServiceLog;Anna;1435854264584;No data;;;;;;847175161
;ServiceLog;Anna;1435854265670;No data;;;;;;847175161
;ServiceLog;Anna;1435854266681;No data;;;;;;847175161
;ServiceLog;Anna;1435854267759;No data;;;;;;847175161
;ServiceLog;Anna;1435854268771;No data;;;;;;847175161
;ServiceLog;Anna;1435854269855;No data;;;;;;847175161
;ServiceLog;Anna;1435854270864;No data;;;;;;847175161
;ServiceLog;Anna;1435854271935;No data;;;;;;847175161
;ServiceLog;Anna;1435854272946;No data;;;;;;847175161
;ServiceLog;Anna;1435854274030;No data;;;;;;847175161
;ServiceLog;Anna;1435854275041;No data;;;;;;847175161
;ServiceLog;Anna;1435854276119;No data;;;;;;847175161
;ServiceLog;Anna;1435854277129;No data;;;;;;847175161
;ServiceLog;Anna;1435854278206;No data;;;;;;847175161
;ServiceLog;Anna;1435854279218;No data;;;;;;847175161
;ServiceLog;Anna;1435854280297;No data;;;;;;847175161
;ServiceLog;Anna;1435854281307;No data;;;;;;847175161
;ServiceLog;Anna;1435854282385;No data;;;;;;847175161
;ServiceLog;Anna;1435854283395;No data;;;;;;847175161
;ServiceLog;Anna;1435854284481;No data;;;;;;847175161
;ServiceLog;Anna;1435854285495;No data;;;;;;847175161
;ServiceLog;Anna;1435854286567;No data;;;;;;847175161
;ServiceLog;Anna;1435854287582;No data;;;;;;847175161
;ServiceLog;Anna;1435854288661;No data;;;;;;847175161
;ServiceLog;Anna;1435854289674;No data;;;;;;847175161
;ServiceLog;Anna;1435854290750;No data;;;;;;847175161
;ServiceLog;Anna;1435854291761;No data;;;;;;847175161
;ServiceLog;Anna;1435854292838;No data;;;;;;847175161
;ServiceLog;Anna;1435854293848;No data;;;;;;847175161
;ServiceLog;Anna;1435854294930;No data;;;;;;847175161
;ServiceLog;Anna;1435854295939;No data;;;;;;847175161
;ServiceLog;Anna;1435854297013;No data;;;;;;847175161
;ServiceLog;Anna;1435854298026;No data;;;;;;847175161
;ServiceLog;Anna;1435854299112;No data;;;;;;847175161
;ServiceLog;Anna;1435854300131;No data;;;;;;847175161
;ServiceLog;Anna;1435854301212;No data;;;;;;847175161
;ServiceLog;Anna;1435854302222;No data;;;;;;847175161
;ServiceLog;Anna;1435854303306;No data;;;;;;847175161
;ServiceLog;Anna;1435854304317;No data;;;;;;847175161
;ServiceLog;Anna;1435854305393;No data;;;;;;847175161
;ServiceLog;Anna;1435854306404;No data;;;;;;847175161
;ServiceLog;Anna;1435854307471;No data;;;;;;847175161
;ServiceLog;Anna;1435854308480;No data;;;;;;847175161
;ServiceLog;Anna;1435854309553;No data;;;;;;847175161
;ServiceLog;Anna;1435854310565;No data;;;;;;847175161
;ServiceLog;Anna;1435854311653;No data;;;;;;847175161
;ServiceLog;Anna;1435854312663;No data;;;;;;847175161
;ServiceLog;Anna;1435854313739;No data;;;;;;847175161
;ServiceLog;Anna;1435854314750;No data;;;;;;847175161
;ServiceLog;Anna;1435854315823;No data;;;;;;847175161
;ServiceLog;Anna;1435854316834;No data;;;;;;847175161
;ServiceLog;Anna;1435854317906;No data;;;;;;847175161
;ServiceLog;Anna;1435854318916;No data;;;;;;847175161
;ServiceLog;Anna;1435854319997;No data;;;;;;847175161
;ServiceLog;Anna;1435854321007;No data;;;;;;847175161
;ServiceLog;Anna;1435854322083;No data;;;;;;847175161
;ServiceLog;Anna;1435854323097;No data;;;;;;847175161
;ServiceLog;Anna;1435854324178;No data;;;;;;847175161
;ServiceLog;Anna;1435854325231;No data;;;;;;847175161
;ServiceLog;Anna;1435854326304;No data;;;;;;847175161
;ServiceLog;Anna;1435854327313;No data;;;;;;847175161
;ServiceLog;Anna;1435854328387;No data;;;;;;847175161
;ServiceLog;Anna;1435854329398;No data;;;;;;847175161
;ServiceLog;Anna;1435854330475;No data;;;;;;847175161
;ServiceLog;Anna;1435854331485;No data;;;;;;847175161
;ServiceLog;Anna;1435854332563;No data;;;;;;847175161
;ServiceLog;Anna;1435854333572;No data;;;;;;847175161
;ServiceLog;Anna;1435854334658;No data;;;;;;847175161
;ServiceLog;Anna;1435854335681;No data;;;;;;847175161
;ServiceLog;Anna;1435854336755;No data;;;;;;847175161
;ServiceLog;Anna;1435854337765;No data;;;;;;847175161
;ServiceLog;Anna;1435854338829;No data;;;;;;847175161
;ServiceLog;Anna;1435854339838;No data;;;;;;847175161
;ServiceLog;Anna;1435854340914;No data;;;;;;847175161
;ServiceLog;Anna;1435854341924;No data;;;;;;847175161
;ServiceLog;Anna;1435854343000;No data;;;;;;847175161
;ServiceLog;Anna;1435854344020;No data;;;;;;847175161
;ServiceLog;Anna;1435854345089;No data;;;;;;847175161
;ServiceLog;Anna;1435854346099;No data;;;;;;847175161
;ServiceLog;Anna;1435854347172;No data;;;;;;847175161
;ServiceLog;Anna;1435854348182;No data;;;;;;847175161
;ServiceLog;Anna;1435854349265;No data;;;;;;847175161
;ServiceLog;Anna;1435854350275;No data;;;;;;847175161
;ServiceLog;Anna;1435854351343;No data;;;;;;847175161
;ServiceLog;Anna;1435854352356;No data;;;;;;847175161
;ServiceLog;Anna;1435854353381;No data;;;;;;847175161
;ServiceLog;Anna;1435854354400;No data;;;;;;847175161
;ServiceLog;Anna;1435854355472;No data;;;;;;847175161
;ServiceLog;Anna;1435854356481;No data;;;;;;847175161
;ServiceLog;Anna;1435854357554;No data;;;;;;847175161
;ServiceLog;Anna;1435854358652;No data;;;;;;847175161
;ServiceLog;Anna;1435854359690;No data;;;;;;847175161
;ServiceLog;Anna;1435854360698;No data;;;;;;847175161
;ServiceLog;Anna;1435854361777;No data;;;;;;847175161
;ServiceLog;Anna;1435854362788;No data;;;;;;847175161
;ServiceLog;Anna;1435854363867;No data;;;;;;847175161
;ServiceLog;Anna;1435854364886;No data;;;;;;847175161
;ServiceLog;Anna;1435854365973;No data;;;;;;847175161
;ServiceLog;Anna;1435854366984;No data;;;;;;847175161
;ServiceLog;Anna;1435854368066;No data;;;;;;847175161
;ServiceLog;Anna;1435854369076;No data;;;;;;847175161
;ServiceLog;Anna;1435854370155;No data;;;;;;847175161
;ServiceLog;Anna;1435854371175;No data;;;;;;847175161
;ServiceLog;Anna;1435854372249;No data;;;;;;847175161
;ServiceLog;Anna;1435854373259;No data;;;;;;847175161
;ServiceLog;Anna;1435854374341;No data;;;;;;847175161
;ServiceLog;Anna;1435854375353;No data;;;;;;847175161
;ServiceLog;Anna;1435854376428;No data;;;;;;847175161
;ServiceLog;Anna;1435854377438;No data;;;;;;847175161
;ServiceLog;Anna;1435854378465;No data;;;;;;847175161
;ServiceLog;Anna;1435854379484;No data;;;;;;847175161
;ServiceLog;Anna;1435854380550;No data;;;;;;847175161
;ServiceLog;Anna;1435854381560;No data;;;;;;847175161
;ServiceLog;Anna;1435854382638;No data;;;;;;847175161
;ServiceLog;Anna;1435854383649;No data;;;;;;847175161
;ServiceLog;Anna;1435854384736;No data;;;;;;847175161
;ServiceLog;Anna;1435854385747;No data;;;;;;847175161
;ServiceLog;Anna;1435854386779;No data;;;;;;847175161
;ServiceLog;Anna;1435854387791;No data;;;;;;847175161
;ServiceLog;Anna;1435854388873;No data;;;;;;847175161
;ServiceLog;Anna;1435854389885;No data;;;;;;847175161
;ServiceLog;Anna;1435854390979;No data;;;;;;847175161
;ServiceLog;Anna;1435854392003;No data;;;;;;847175161
;ServiceLog;Anna;1435854393081;No data;;;;;;847175161
;ServiceLog;Anna;1435854394093;No data;;;;;;847175161
;ServiceLog;Anna;1435854395172;No data;;;;;;847175161
;ServiceLog;Anna;1435854396189;No data;;;;;;847175161
;ServiceLog;Anna;1435854397270;No data;;;;;;847175161
;ServiceLog;Anna;1435854398283;No data;;;;;;847175161
;ServiceLog;Anna;1435854399365;No data;;;;;;847175161
;ServiceLog;Anna;1435854400377;No data;;;;;;847175161
;ServiceLog;Anna;1435854401473;No data;;;;;;847175161
;ServiceLog;Anna;1435854402485;No data;;;;;;847175161
;ServiceLog;Anna;1435854403576;No data;;;;;;847175161
;ServiceLog;Anna;1435854404598;No data;;;;;;847175161
;ServiceLog;Anna;1435854405678;No data;;;;;;847175161
;ServiceLog;Anna;1435854406689;No data;;;;;;847175161
;ServiceLog;Anna;1435854407767;No data;;;;;;847175161
;ServiceLog;Anna;1435854408790;No data;;;;;;847175161
;ServiceLog;Anna;1435854409874;No data;;;;;;847175161
;ServiceLog;Anna;1435854410885;No data;;;;;;847175161
;ServiceLog;Anna;1435854411979;No data;;;;;;847175161
;ServiceLog;Anna;1435854412993;No data;;;;;;847175161
;ServiceLog;Anna;1435854414082;No data;;;;;;847175161
;ServiceLog;Anna;1435854415094;No data;;;;;;847175161
;ServiceLog;Anna;1435854416172;No data;;;;;;847175161
;ServiceLog;Anna;1435854417197;No data;;;;;;847175161
;ServiceLog;Anna;1435854418279;No data;;;;;;847175161
;ServiceLog;Anna;1435854419288;No data;;;;;;847175161
;ServiceLog;Anna;1435854420367;No data;;;;;;847175161
;ServiceLog;Anna;1435854421377;No data;;;;;;847175161
;ServiceLog;Anna;1435854422457;No data;;;;;;847175161
;ServiceLog;Anna;1435854423468;No data;;;;;;847175161
;ServiceLog;Anna;1435854424555;No data;;;;;;847175161
;ServiceLog;Anna;1435854425564;No data;;;;;;847175161
;ServiceLog;Anna;1435854426651;No data;;;;;;847175161
;ServiceLog;Anna;1435854427667;No data;;;;;;847175161
;ServiceLog;Anna;1435854428748;No data;;;;;;847175161
;ServiceLog;Anna;1435854429760;No data;;;;;;847175161
;ServiceLog;Anna;1435854430834;No data;;;;;;847175161
;ServiceLog;Anna;1435854431847;No data;;;;;;847175161
;ServiceLog;Anna;1435854432929;No data;;;;;;847175161
;ServiceLog;Anna;1435854433940;No data;;;;;;847175161
;ServiceLog;Anna;1435854435020;No data;;;;;;847175161
;ServiceLog;Anna;1435854436031;No data;;;;;;847175161
;ServiceLog;Anna;1435854437102;No data;;;;;;847175161
;ServiceLog;Anna;1435854438111;No data;;;;;;847175161
;ServiceLog;Anna;1435854439189;No data;;;;;;847175161
;ServiceLog;Anna;1435854440210;No data;;;;;;847175161
;ServiceLog;Anna;1435854441288;No data;;;;;;847175161
;ServiceLog;Anna;1435854442299;No data;;;;;;847175161
;ServiceLog;Anna;1435854443385;No data;;;;;;847175161
;ServiceLog;Anna;1435854444396;No data;;;;;;847175161
;ServiceLog;Anna;1435854445480;No data;;;;;;847175161
;ServiceLog;Anna;1435854446491;No data;;;;;;847175161
;ServiceLog;Anna;1435854447573;No data;;;;;;847175161
;ServiceLog;Anna;1435854448582;No data;;;;;;847175161
;ServiceLog;Anna;1435854449657;No data;;;;;;847175161
;ServiceLog;Anna;1435854450676;No data;;;;;;847175161
;ServiceLog;Anna;1435854451755;No data;;;;;;847175161
;ServiceLog;Anna;1435854452764;No data;;;;;;847175161
;ServiceLog;Anna;1435854453838;No data;;;;;;847175161
;ServiceLog;Anna;1435854454849;No data;;;;;;847175161
;ServiceLog;Anna;1435854455926;No data;;;;;;847175161
;ServiceLog;Anna;1435854456936;No data;;;;;;847175161
;ServiceLog;Anna;1435854458023;No data;;;;;;847175161
;ServiceLog;Anna;1435854459032;No data;;;;;;847175161
;ServiceLog;Anna;1435854460107;No data;;;;;;847175161
;ServiceLog;Anna;1435854461116;No data;;;;;;847175161
;ServiceLog;Anna;1435854462198;No data;;;;;;847175161
;ServiceLog;Anna;1435854463213;No data;;;;;;847175161
;ServiceLog;Anna;1435854464290;No data;;;;;;847175161
;ServiceLog;Anna;1435854465301;No data;;;;;;847175161
;ServiceLog;Anna;1435854466379;No data;;;;;;847175161
;ServiceLog;Anna;1435854467390;No data;;;;;;847175161
;ServiceLog;Anna;1435854468465;No data;;;;;;847175161
;ServiceLog;Anna;1435854469476;No data;;;;;;847175161
;ServiceLog;Anna;1435854470568;No data;;;;;;847175161
;ServiceLog;Anna;1435854471578;No data;;;;;;847175161
;ServiceLog;Anna;1435854472655;No data;;;;;;847175161
;ServiceLog;Anna;1435854473665;No data;;;;;;847175161
;ServiceLog;Anna;1435854474745;No data;;;;;;847175161
;ServiceLog;Anna;1435854475765;No data;;;;;;847175161
;ServiceLog;Anna;1435854476835;No data;;;;;;847175161
;ServiceLog;Anna;1435854477846;No data;;;;;;847175161
;ServiceLog;Anna;1435854478930;No data;;;;;;847175161
;ServiceLog;Anna;1435854479941;No data;;;;;;847175161
;ServiceLog;Anna;1435854481031;No data;;;;;;847175161
;ServiceLog;Anna;1435854482042;No data;;;;;;847175161
;ServiceLog;Anna;1435854483115;No data;;;;;;847175161
;ServiceLog;Anna;1435854484126;No data;;;;;;847175161
;ServiceLog;Anna;1435854485200;No data;;;;;;847175161
;ServiceLog;Anna;1435854486219;No data;;;;;;847175161
;ServiceLog;Anna;1435854487292;No data;;;;;;847175161
;ServiceLog;Anna;1435854488304;No data;;;;;;847175161
;ServiceLog;Anna;1435854489369;No data;;;;;;847175161
;ServiceLog;Anna;1435854490387;No data;;;;;;847175161
;ServiceLog;Anna;1435854491459;No data;;;;;;847175161
;ServiceLog;Anna;1435854492477;No data;;;;;;847175161
;ServiceLog;Anna;1435854493504;No data;;;;;;847175161
;ServiceLog;Anna;1435854494518;No data;;;;;;847175161
;ServiceLog;Anna;1435854495770;No data;;;;;;847175161
;ServiceLog;Anna;1435854496780;No data;;;;;;847175161
;ServiceLog;Anna;1435854497825;No data;;;;;;847175161
;ServiceLog;Anna;1435854498859;No data;;;;;;847175161
;ServiceLog;Anna;1435854499923;No data;;;;;;847175161
;ServiceLog;Anna;1435854500971;No data;;;;;;847175161
;ServiceLog;Anna;1435854502003;No data;;;;;;847175161
;ServiceLog;Anna;1435854503014;No data;;;;;;847175161
;ServiceLog;Anna;1435854504089;No data;;;;;;847175161
;ServiceLog;Anna;1435854505100;No data;;;;;;847175161
;ServiceLog;Anna;1435854506183;No data;;;;;;847175161
;ServiceLog;Anna;1435854507195;No data;;;;;;847175161
;ServiceLog;Anna;1435854508274;No data;;;;;;847175161
;ServiceLog;Anna;1435854509287;No data;;;;;;847175161
;ServiceLog;Anna;1435854510371;No data;;;;;;847175161
;ServiceLog;Anna;1435854511382;No data;;;;;;847175161
;ServiceLog;Anna;1435854512455;No data;;;;;;847175161
;ServiceLog;Anna;1435854513466;No data;;;;;;847175161
;ServiceLog;Anna;1435854514552;No data;;;;;;847175161
;ServiceLog;Anna;1435854515563;No data;;;;;;847175161
;ServiceLog;Anna;1435854516652;No data;;;;;;847175161
;ServiceLog;Anna;1435854517662;No data;;;;;;847175161
;ServiceLog;Anna;1435854518742;No data;;;;;;847175161
;ServiceLog;Anna;1435854519751;No data;;;;;;847175161
;ServiceLog;Anna;1435854520835;No data;;;;;;847175161
;ServiceLog;Anna;1435854521846;No data;;;;;;847175161
;ServiceLog;Anna;1435854522917;No data;;;;;;847175161
;ServiceLog;Anna;1435854523928;No data;;;;;;847175161
;ServiceLog;Anna;1435854525004;No data;;;;;;847175161
;ServiceLog;Anna;1435854526015;No data;;;;;;847175161
;ServiceLog;Anna;1435854527081;No data;;;;;;847175161
;ServiceLog;Anna;1435854528089;No data;;;;;;847175161
;ServiceLog;Anna;1435854529122;No data;;;;;;847175161
;ServiceLog;Anna;1435854530132;No data;;;;;;847175161
;ServiceLog;Anna;1435854531213;No data;;;;;;847175161
;ServiceLog;Anna;1435854532222;No data;;;;;;847175161
;ServiceLog;Anna;1435854533250;No data;;;;;;847175161
;ServiceLog;Anna;1435854534260;No data;;;;;;847175161
;ServiceLog;Anna;1435854535333;No data;;;;;;847175161
;ServiceLog;Anna;1435854536344;No data;;;;;;847175161
;ServiceLog;Anna;1435854537427;No data;;;;;;847175161
;ServiceLog;Anna;1435854538437;No data;;;;;;847175161
;ServiceLog;Anna;1435854539521;No data;;;;;;847175161
;ServiceLog;Anna;1435854540530;No data;;;;;;847175161
;ServiceLog;Anna;1435854541604;No data;;;;;;847175161
;ServiceLog;Anna;1435854542621;No data;;;;;;847175161
;ServiceLog;Anna;1435854543696;No data;;;;;;847175161
;ServiceLog;Anna;1435854544704;No data;;;;;;847175161
;ServiceLog;Anna;1435854545775;No data;;;;;;847175161
;ServiceLog;Anna;1435854546783;No data;;;;;;847175161
;ServiceLog;Anna;1435854547853;No data;;;;;;847175161
;ServiceLog;Anna;1435854548867;No data;;;;;;847175161
;ServiceLog;Anna;1435854549942;No data;;;;;;847175161
;ServiceLog;Anna;1435854550953;No data;;;;;;847175161
;ServiceLog;Anna;1435854552022;No data;;;;;;847175161
;ServiceLog;Anna;1435854553031;No data;;;;;;847175161
;ServiceLog;Anna;1435854554109;No data;;;;;;847175161
;ServiceLog;Anna;1435854555118;No data;;;;;;847175161
;ServiceLog;Anna;1435854556196;No data;;;;;;847175161
;ServiceLog;Anna;1435854557205;No data;;;;;;847175161
;ServiceLog;Anna;1435854558280;No data;;;;;;847175161
;ServiceLog;Anna;1435854559289;No data;;;;;;847175161
;ServiceLog;Anna;1435854560368;No data;;;;;;847175161
;ServiceLog;Anna;1435854561377;No data;;;;;;847175161
;ServiceLog;Anna;1435854562455;No data;;;;;;847175161
;ServiceLog;Anna;1435854563464;No data;;;;;;847175161
;ServiceLog;Anna;1435854564538;No data;;;;;;847175161
;ServiceLog;Anna;1435854565559;No data;;;;;;847175161
;ServiceLog;Anna;1435854566642;No data;;;;;;847175161
;ServiceLog;Anna;1435854567651;No data;;;;;;847175161
;ServiceLog;Anna;1435854568722;No data;;;;;;847175161
;ServiceLog;Anna;1435854569731;No data;;;;;;847175161
;ServiceLog;Anna;1435854570801;No data;;;;;;847175161
;ServiceLog;Anna;1435854571810;No data;;;;;;847175161
;ServiceLog;Anna;1435854572882;No data;;;;;;847175161
;ServiceLog;Anna;1435854573895;No data;;;;;;847175161
;ServiceLog;Anna;1435854574976;No data;;;;;;847175161
;ServiceLog;Anna;1435854575985;No data;;;;;;847175161
;ServiceLog;Anna;1435854577054;No data;;;;;;847175161
;ServiceLog;Anna;1435854578063;No data;;;;;;847175161
;ServiceLog;Anna;1435854579134;No data;;;;;;847175161
;ServiceLog;Anna;1435854580143;No data;;;;;;847175161
;ServiceLog;Anna;1435854581212;No data;;;;;;847175161
;ServiceLog;Anna;1435854582227;No data;;;;;;847175161
;ServiceLog;Anna;1435854583301;No data;;;;;;847175161
;ServiceLog;Anna;1435854584309;No data;;;;;;847175161
;ServiceLog;Anna;1435854585380;No data;;;;;;847175161
;ServiceLog;Anna;1435854586389;No data;;;;;;847175161
;ServiceLog;Anna;1435854587462;No data;;;;;;847175161
;ServiceLog;Anna;1435854588471;No data;;;;;;847175161
;ServiceLog;Anna;1435854589543;No data;;;;;;847175161
;ServiceLog;Anna;1435854590553;No data;;;;;;847175161
;ServiceLog;Anna;1435854591632;No data;;;;;;847175161
;ServiceLog;Anna;1435854592644;No data;;;;;;847175161
;ServiceLog;Anna;1435854593713;No data;;;;;;847175161
;ServiceLog;Anna;1435854594722;No data;;;;;;847175161
;ServiceLog;Anna;1435854595793;No data;;;;;;847175161
;ServiceLog;Anna;1435854596834;No data;;;;;;847175161
;ServiceLog;Anna;1435854597906;No data;;;;;;847175161
;ServiceLog;Anna;1435854598914;No data;;;;;;847175161
;ServiceLog;Anna;1435854599987;No data;;;;;;847175161
;ServiceLog;Anna;1435854601000;No data;;;;;;847175161
;ServiceLog;Anna;1435854602076;No data;;;;;;847175161
;ServiceLog;Anna;1435854603086;No data;;;;;;847175161
;ServiceLog;Anna;1435854604168;No data;;;;;;847175161
;ServiceLog;Anna;1435854605176;No data;;;;;;847175161
;ServiceLog;Anna;1435854606266;No data;;;;;;847175161
;ServiceLog;Anna;1435854607276;No data;;;;;;847175161
;ServiceLog;Anna;1435854608356;No data;;;;;;847175161
;ServiceLog;Anna;1435854609365;No data;;;;;;847175161
;ServiceLog;Anna;1435854610451;No data;;;;;;847175161
;ServiceLog;Anna;1435854611460;No data;;;;;;847175161
;ServiceLog;Anna;1435854612533;No data;;;;;;847175161
;ServiceLog;Anna;1435854613543;No data;;;;;;847175161
;ServiceLog;Anna;1435854614611;No data;;;;;;847175161
;ServiceLog;Anna;1435854615621;No data;;;;;;847175161
;ServiceLog;Anna;1435854616643;No data;;;;;;847175161
;ServiceLog;Anna;1435854617662;No data;;;;;;847175161
;ServiceLog;Anna;1435854618729;No data;;;;;;847175161
;ServiceLog;Anna;1435854619739;No data;;;;;;847175161
;ServiceLog;Anna;1435854620987;No data;;;;;;847175161
;ServiceLog;Anna;1435854622036;No data;;;;;;847175161
;ServiceLog;Anna;1435854623069;No data;;;;;;847175161
;ServiceLog;Anna;1435854624079;No data;;;;;;847175161
;ServiceLog;Anna;1435854625158;No data;;;;;;847175161
;ServiceLog;Anna;1435854626168;No data;;;;;;847175161
;ServiceLog;Anna;1435854627247;No data;;;;;;847175161
;ServiceLog;Anna;1435854628256;No data;;;;;;847175161
;ServiceLog;Anna;1435854629335;No data;;;;;;847175161
;ServiceLog;Anna;1435854630344;No data;;;;;;847175161
;ServiceLog;Anna;1435854631412;No data;;;;;;847175161
;ServiceLog;Anna;1435854632431;No data;;;;;;847175161
;ServiceLog;Anna;1435854633503;No data;;;;;;847175161
;ServiceLog;Anna;1435854634512;No data;;;;;;847175161
;ServiceLog;Anna;1435854635583;No data;;;;;;847175161
;ServiceLog;Anna;1435854636593;No data;;;;;;847175161
;ServiceLog;Anna;1435854637678;No data;;;;;;847175161
;ServiceLog;Anna;1435854638687;No data;;;;;;847175161
;ServiceLog;Anna;1435854639764;No data;;;;;;847175161
;ServiceLog;Anna;1435854640773;No data;;;;;;847175161
;ServiceLog;Anna;1435854641847;No data;;;;;;847175161
;ServiceLog;Anna;1435854642858;No data;;;;;;847175161
;ServiceLog;Anna;1435854643887;No data;;;;;;847175161
;ServiceLog;Anna;1435854644903;No data;;;;;;847175161
;ServiceLog;Anna;1435854645972;No data;;;;;;847175161
;ServiceLog;Anna;1435854646980;No data;;;;;;847175161
;ServiceLog;Anna;1435854648047;No data;;;;;;847175161
;ServiceLog;Anna;1435854649055;No data;;;;;;847175161
;ServiceLog;Anna;1435854650123;No data;;;;;;847175161
;ServiceLog;Anna;1435854651133;No data;;;;;;847175161
;ServiceLog;Anna;1435854652211;No data;;;;;;847175161
;ServiceLog;Anna;1435854653229;No data;;;;;;847175161
;ServiceLog;Anna;1435854654309;No data;;;;;;847175161
;ServiceLog;Anna;1435854655318;No data;;;;;;847175161
;ServiceLog;Anna;1435854656388;No data;;;;;;847175161
;ServiceLog;Anna;1435854657398;No data;;;;;;847175161
;ServiceLog;Anna;1435854658481;No data;;;;;;847175161
;ServiceLog;Anna;1435854659492;No data;;;;;;847175161
;ServiceLog;Anna;1435854660561;No data;;;;;;847175161
;ServiceLog;Anna;1435854661570;No data;;;;;;847175161
;ServiceLog;Anna;1435854662652;No data;;;;;;847175161
;ServiceLog;Anna;1435854663661;No data;;;;;;847175161
;ServiceLog;Anna;1435854664735;No data;;;;;;847175161
;ServiceLog;Anna;1435854665745;No data;;;;;;847175161
;ServiceLog;Anna;1435854666816;No data;;;;;;847175161
;ServiceLog;Anna;1435854667826;No data;;;;;;847175161
;ServiceLog;Anna;1435854668917;No data;;;;;;847175161
;ServiceLog;Anna;1435854669927;No data;;;;;;847175161
;ServiceLog;Anna;1435854671006;No data;;;;;;847175161
;ServiceLog;Anna;1435854672017;No data;;;;;;847175161
;ServiceLog;Anna;1435854673094;No data;;;;;;847175161
;ServiceLog;Anna;1435854674104;No data;;;;;;847175161
;ServiceLog;Anna;1435854675175;No data;;;;;;847175161
;ServiceLog;Anna;1435854676185;No data;;;;;;847175161
;ServiceLog;Anna;1435854677253;No data;;;;;;847175161
;ServiceLog;Anna;1435854678264;No data;;;;;;847175161
;ServiceLog;Anna;1435854679330;No data;;;;;;847175161
;ServiceLog;Anna;1435854680343;No data;;;;;;847175161
;ServiceLog;Anna;1435854681375;No data;;;;;;847175161
;ServiceLog;Anna;1435854682385;No data;;;;;;847175161
;ServiceLog;Anna;1435854683452;No data;;;;;;847175161
;ServiceLog;Anna;1435854684462;No data;;;;;;847175161
;ServiceLog;Anna;1435854685569;No data;;;;;;847175161
;ServiceLog;Anna;1435854686589;No data;;;;;;847175161
;ServiceLog;Anna;1435854687667;No data;;;;;;847175161
;ServiceLog;Anna;1435854688678;No data;;;;;;847175161
;ServiceLog;Anna;1435854689757;No data;;;;;;847175161
;ServiceLog;Anna;1435854690768;No data;;;;;;847175161
;ServiceLog;Anna;1435854691844;No data;;;;;;847175161
;ServiceLog;Anna;1435854692854;No data;;;;;;847175161
;ServiceLog;Anna;1435854693928;No data;;;;;;847175161
;ServiceLog;Anna;1435854694939;No data;;;;;;847175161
;ServiceLog;Anna;1435854696018;No data;;;;;;847175161
;ServiceLog;Anna;1435854697031;No data;;;;;;847175161
;ServiceLog;Anna;1435854698105;No data;;;;;;847175161
;ServiceLog;Anna;1435854699116;No data;;;;;;847175161
;ServiceLog;Anna;1435854700196;No data;;;;;;847175161
;ServiceLog;Anna;1435854701209;No data;;;;;;847175161
;ServiceLog;Anna;1435854702285;No data;;;;;;847175161
;ServiceLog;Anna;1435854703296;No data;;;;;;847175161
;ServiceLog;Anna;1435854704372;No data;;;;;;847175161
;ServiceLog;Anna;1435854705381;No data;;;;;;847175161
;ServiceLog;Anna;1435854706477;No data;;;;;;847175161
;ServiceLog;Anna;1435854707487;No data;;;;;;847175161
;ServiceLog;Anna;1435854708566;No data;;;;;;847175161
;ServiceLog;Anna;1435854709577;No data;;;;;;847175161
;ServiceLog;Anna;1435854710652;No data;;;;;;847175161
;ServiceLog;Anna;1435854711673;No data;;;;;;847175161
;ServiceLog;Anna;1435854712748;No data;;;;;;847175161
;ServiceLog;Anna;1435854713758;No data;;;;;;847175161
;ServiceLog;Anna;1435854714836;No data;;;;;;847175161
;ServiceLog;Anna;1435854715845;No data;;;;;;847175161
;ServiceLog;Anna;1435854716966;No data;;;;;;847175161
;ServiceLog;Anna;1435854717977;No data;;;;;;847175161
;ServiceLog;Anna;1435854719054;No data;;;;;;847175161
;ServiceLog;Anna;1435854720064;No data;;;;;;847175161
;ServiceLog;Anna;1435854721134;No data;;;;;;847175161
;ServiceLog;Anna;1435854722153;No data;;;;;;847175161
;ServiceLog;Anna;1435854723221;No data;;;;;;847175161
;ServiceLog;Anna;1435854724232;No data;;;;;;847175161
;ServiceLog;Anna;1435854725362;No data;;;;;;847175161
;ServiceLog;Anna;1435854726372;No data;;;;;;847175161
;ServiceLog;Anna;1435854727412;No data;;;;;;847175161
;ServiceLog;Anna;1435854728424;No data;;;;;;847175161
;ServiceLog;Anna;1435854729499;No data;;;;;;847175161
;ServiceLog;Anna;1435854730511;No data;;;;;;847175161
;ServiceLog;Anna;1435854731584;No data;;;;;;847175161
;ServiceLog;Anna;1435854732594;No data;;;;;;847175161
;ServiceLog;Anna;1435854733665;No data;;;;;;847175161
;ServiceLog;Anna;1435854734675;No data;;;;;;847175161
;ServiceLog;Anna;1435854735761;No data;;;;;;847175161
;ServiceLog;Anna;1435854736782;No data;;;;;;847175161
;ServiceLog;Anna;1435854737852;No data;;;;;;847175161
;ServiceLog;Anna;1435854738862;No data;;;;;;847175161
;ServiceLog;Anna;1435854739944;No data;;;;;;847175161
;ServiceLog;Anna;1435854740954;No data;;;;;;847175161
;ServiceLog;Anna;1435854742024;No data;;;;;;847175161
;ServiceLog;Anna;1435854743034;No data;;;;;;847175161
;ServiceLog;Anna;1435854744103;No data;;;;;;847175161
;ServiceLog;Anna;1435854745112;No data;;;;;;847175161
;ServiceLog;Anna;1435854746182;No data;;;;;;847175161
;ServiceLog;Anna;1435854747202;No data;;;;;;847175161
;ServiceLog;Anna;1435854748280;No data;;;;;;847175161
;ServiceLog;Anna;1435854749297;No data;;;;;;847175161
;ServiceLog;Anna;1435854750380;No data;;;;;;847175161
;ServiceLog;Anna;1435854751392;No data;;;;;;847175161
;ServiceLog;Anna;1435854752471;No data;;;;;;847175161
;ServiceLog;Anna;1435854753482;No data;;;;;;847175161
;ServiceLog;Anna;1435854754555;No data;;;;;;847175161
;ServiceLog;Anna;1435854755565;No data;;;;;;847175161
;ServiceLog;Anna;1435854756639;No data;;;;;;847175161
;ServiceLog;Anna;1435854757658;No data;;;;;;847175161
;ServiceLog;Anna;1435854758741;No data;;;;;;847175161
;ServiceLog;Anna;1435854759751;No data;;;;;;847175161
;ServiceLog;Anna;1435854760821;No data;;;;;;847175161
;ServiceLog;Anna;1435854761831;No data;;;;;;847175161
;ServiceLog;Anna;1435854762908;No data;;;;;;847175161
;ServiceLog;Anna;1435854763919;No data;;;;;;847175161
;ServiceLog;Anna;1435854764993;No data;;;;;;847175161
;ServiceLog;Anna;1435854766003;No data;;;;;;847175161
;ServiceLog;Anna;1435854767108;No data;;;;;;847175161
;ServiceLog;Anna;1435854768125;No data;;;;;;847175161
;ServiceLog;Anna;1435854769192;No data;;;;;;847175161
;ServiceLog;Anna;1435854770202;No data;;;;;;847175161
;ServiceLog;Anna;1435854771232;No data;;;;;;847175161
;ServiceLog;Anna;1435854772243;No data;;;;;;847175161
;ServiceLog;Anna;1435854773311;No data;;;;;;847175161
;ServiceLog;Anna;1435854774321;No data;;;;;;847175161
;ServiceLog;Anna;1435854775351;No data;;;;;;847175161
;ServiceLog;Anna;1435854776361;No data;;;;;;847175161
;ServiceLog;Anna;1435854777449;No data;;;;;;847175161
;ServiceLog;Anna;1435854778459;No data;;;;;;847175161
;ServiceLog;Anna;1435854779546;No data;;;;;;847175161
;ServiceLog;Anna;1435854780556;No data;;;;;;847175161
;ServiceLog;Anna;1435854781637;No data;;;;;;847175161
;ServiceLog;Anna;1435854782657;No data;;;;;;847175161
;ServiceLog;Anna;1435854783732;No data;;;;;;847175161
;ServiceLog;Anna;1435854784742;No data;;;;;;847175161
;ServiceLog;Anna;1435854785818;No data;;;;;;847175161
;ServiceLog;Anna;1435854786827;No data;;;;;;847175161
;ServiceLog;Anna;1435854787913;No data;;;;;;847175161
;ServiceLog;Anna;1435854788924;No data;;;;;;847175161
;ServiceLog;Anna;1435854789995;No data;;;;;;847175161
;ServiceLog;Anna;1435854791006;No data;;;;;;847175161
;ServiceLog;Anna;1435854792086;No data;;;;;;847175161
;ServiceLog;Anna;1435854793095;No data;;;;;;847175161
;ServiceLog;Anna;1435854794171;No data;;;;;;847175161
;ServiceLog;Anna;1435854795180;No data;;;;;;847175161
;ServiceLog;Anna;1435854796203;No data;;;;;;847175161
;ServiceLog;Anna;1435854797224;No data;;;;;;847175161
;ServiceLog;Anna;1435854798292;No data;;;;;;847175161
;ServiceLog;Anna;1435854799304;No data;;;;;;847175161
;ServiceLog;Anna;1435854800376;No data;;;;;;847175161
;ServiceLog;Anna;1435854801385;No data;;;;;;847175161
;ServiceLog;Anna;1435854802463;No data;;;;;;847175161
;ServiceLog;Anna;1435854803473;No data;;;;;;847175161
;ServiceLog;Anna;1435854804546;No data;;;;;;847175161
;ServiceLog;Anna;1435854805556;No data;;;;;;847175161
;ServiceLog;Anna;1435854806636;No data;;;;;;847175161
;ServiceLog;Anna;1435854807654;No data;;;;;;847175161
;ServiceLog;Anna;1435854808723;No data;;;;;;847175161
;ServiceLog;Anna;1435854809736;No data;;;;;;847175161
;ServiceLog;Anna;1435854810819;No data;;;;;;847175161
;ServiceLog;Anna;1435854811830;No data;;;;;;847175161
;ServiceLog;Anna;1435854812916;No data;;;;;;847175161
;ServiceLog;Anna;1435854813933;No data;;;;;;847175161
;ServiceLog;Anna;1435854815006;No data;;;;;;847175161
;ServiceLog;Anna;1435854816016;No data;;;;;;847175161
;ServiceLog;Anna;1435854817243;No data;;;;;;847175161
;ServiceLog;Anna;1435854818265;No data;;;;;;847175161
;ServiceLog;Anna;1435854819353;No data;;;;;;847175161
;ServiceLog;Anna;1435854820364;No data;;;;;;847175161
;ServiceLog;Anna;1435854821440;No data;;;;;;847175161
;ServiceLog;Anna;1435854822453;No data;;;;;;847175161
;ServiceLog;Anna;1435854823527;No data;;;;;;847175161
;ServiceLog;Anna;1435854824538;No data;;;;;;847175161
;ServiceLog;Anna;1435854825616;No data;;;;;;847175161
;ServiceLog;Anna;1435854826628;No data;;;;;;847175161
;ServiceLog;Anna;1435854827713;No data;;;;;;847175161
;ServiceLog;Anna;1435854828724;No data;;;;;;847175161
;ServiceLog;Anna;1435854829800;No data;;;;;;847175161
;ServiceLog;Anna;1435854830810;No data;;;;;;847175161
;ServiceLog;Anna;1435854831894;No data;;;;;;847175161
;ServiceLog;Anna;1435854832904;No data;;;;;;847175161
;ServiceLog;Anna;1435854833984;No data;;;;;;847175161
;ServiceLog;Anna;1435854834996;No data;;;;;;847175161
;ServiceLog;Anna;1435854836082;No data;;;;;;847175161
;ServiceLog;Anna;1435854837092;No data;;;;;;847175161
;ServiceLog;Anna;1435854838174;No data;;;;;;847175161
;ServiceLog;Anna;1435854839184;No data;;;;;;847175161
;ServiceLog;Anna;1435854840259;No data;;;;;;847175161
;ServiceLog;Anna;1435854841268;No data;;;;;;847175161
;ServiceLog;Anna;1435854842348;No data;;;;;;847175161
;ServiceLog;Anna;1435854843358;No data;;;;;;847175161
;ServiceLog;Anna;1435854844437;No data;;;;;;847175161
;ServiceLog;Anna;1435854845446;No data;;;;;;847175161
;ServiceLog;Anna;1435854846525;No data;;;;;;847175161
;ServiceLog;Anna;1435854847534;No data;;;;;;847175161
;ServiceLog;Anna;1435854848613;No data;;;;;;847175161
;ServiceLog;Anna;1435854849621;No data;;;;;;847175161
;ServiceLog;Anna;1435854850694;No data;;;;;;847175161
;ServiceLog;Anna;1435854851702;No data;;;;;;847175161
;ServiceLog;Anna;1435854852772;No data;;;;;;847175161
;ServiceLog;Anna;1435854853781;No data;;;;;;847175161
;ServiceLog;Anna;1435854854857;No data;;;;;;847175161
;ServiceLog;Anna;1435854855866;No data;;;;;;847175161
;ServiceLog;Anna;1435854856889;No data;;;;;;847175161
;ServiceLog;Anna;1435854857909;No data;;;;;;847175161
;ServiceLog;Anna;1435854858988;No data;;;;;;847175161
;ServiceLog;Anna;1435854859997;No data;;;;;;847175161
;ServiceLog;Anna;1435854861075;No data;;;;;;847175161
;ServiceLog;Anna;1435854862085;No data;;;;;;847175161
;ServiceLog;Anna;1435854863167;No data;;;;;;847175161
;ServiceLog;Anna;1435854864178;No data;;;;;;847175161
;ServiceLog;Anna;1435854865213;No data;;;;;;847175161
;ServiceLog;Anna;1435854866226;No data;;;;;;847175161
;ServiceLog;Anna;1435854867311;No data;;;;;;847175161
;ServiceLog;Anna;1435854868321;No data;;;;;;847175161
;ServiceLog;Anna;1435854869396;No data;;;;;;847175161
;ServiceLog;Anna;1435854870411;No data;;;;;;847175161
;ServiceLog;Anna;1435854871453;No data;;;;;;847175161
;ServiceLog;Anna;1435854872478;No data;;;;;;847175161
;ServiceLog;Anna;1435854873563;No data;;;;;;847175161
;ServiceLog;Anna;1435854874574;No data;;;;;;847175161
;ServiceLog;Anna;1435854875778;No data;;;;;;847175161
;ServiceLog;Anna;1435854876788;No data;;;;;;847175161
;ServiceLog;Anna;1435854877858;No data;;;;;;847175161
;ServiceLog;Anna;1435854878869;No data;;;;;;847175161
;ServiceLog;Anna;1435854879901;No data;;;;;;847175161
;ServiceLog;Anna;1435854880919;No data;;;;;;847175161
;ServiceLog;Anna;1435854881993;No data;;;;;;847175161
;ServiceLog;Anna;1435854883004;No data;;;;;;847175161
;ServiceLog;Anna;1435854884033;No data;;;;;;847175161
;ServiceLog;Anna;1435854885045;No data;;;;;;847175161
;ServiceLog;Anna;1435854886090;No data;;;;;;847175161
;ServiceLog;Anna;1435854887100;No data;;;;;;847175161
;ServiceLog;Anna;1435854888179;No data;;;;;;847175161
;ServiceLog;Anna;1435854889190;No data;;;;;;847175161
;ServiceLog;Anna;1435854890267;No data;;;;;;847175161
;ServiceLog;Anna;1435854891277;No data;;;;;;847175161
;ServiceLog;Anna;1435854892355;No data;;;;;;847175161
;ServiceLog;Anna;1435854893368;No data;;;;;;847175161
;ServiceLog;Anna;1435854894405;No data;;;;;;847175161
;ServiceLog;Anna;1435854895417;No data;;;;;;847175161
;ServiceLog;Anna;1435854896500;No data;;;;;;847175161
;ServiceLog;Anna;1435854897526;No data;;;;;;847175161
;ServiceLog;Anna;1435854898563;No data;;;;;;847175161
;ServiceLog;Anna;1435854899573;No data;;;;;;847175161
;ServiceLog;Anna;1435854900611;No data;;;;;;847175161
;ServiceLog;Anna;1435854901623;No data;;;;;;847175161
;ServiceLog;Anna;1435854902698;No data;;;;;;847175161
;ServiceLog;Anna;1435854903714;No data;;;;;;847175161
;ServiceLog;Anna;1435854904786;No data;;;;;;847175161
;ServiceLog;Anna;1435854905795;No data;;;;;;847175161
;ServiceLog;Anna;1435854906870;No data;;;;;;847175161
;ServiceLog;Anna;1435854907885;No data;;;;;;847175161
;ServiceLog;Anna;1435854908967;No data;;;;;;847175161
;ServiceLog;Anna;1435854909980;No data;;;;;;847175161
;ServiceLog;Anna;1435854911069;No data;;;;;;847175161
;ServiceLog;Anna;1435854912080;No data;;;;;;847175161
;ServiceLog;Anna;1435854913156;No data;;;;;;847175161
;ServiceLog;Anna;1435854914171;No data;;;;;;847175161
;ServiceLog;Anna;1435854915243;No data;;;;;;847175161
;ServiceLog;Anna;1435854916259;No data;;;;;;847175161
;ServiceLog;Anna;1435854917334;No data;;;;;;847175161
;ServiceLog;Anna;1435854918348;No data;;;;;;847175161
;ServiceLog;Anna;1435854919429;No data;;;;;;847175161
;ServiceLog;Anna;1435854920441;No data;;;;;;847175161
;ServiceLog;Anna;1435854921513;No data;;;;;;847175161
;ServiceLog;Anna;1435854922524;No data;;;;;;847175161
;ServiceLog;Anna;1435854923606;No data;;;;;;847175161
;ServiceLog;Anna;1435854924624;No data;;;;;;847175161
;ServiceLog;Anna;1435854925691;No data;;;;;;847175161
;ServiceLog;Anna;1435854926704;No data;;;;;;847175161
;ServiceLog;Anna;1435854927781;No data;;;;;;847175161
