ID;Name;User;TimeStamp;NetworkGen;NetworkType;Active;MCC;MNC;LAC;CID;PSC;Power
;ServiceLog;Stanislav;1435594368927;3G;HSPA;1;250;1;100;65569897;500;-67
;ServiceLog;Stanislav;1435594368927;3G;HSPA;250-1-100-65569897;-1;-1;-1;-1;500;-65
;ServiceLog;Stanislav;1435594369977;3G;HSPA;1;250;1;100;65569897;500;-67
;ServiceLog;Stanislav;1435594369977;3G;HSPA;250-1-100-65569897;-1;-1;-1;-1;500;-65
;ServiceLog;Stanislav;1435594370988;3G;HSPA;1;250;1;100;65569897;500;-61
;ServiceLog;Stanislav;1435594370988;3G;HSPA;250-1-100-65569897;-1;-1;-1;-1;500;-59
;ServiceLog;Stanislav;1435594372006;3G;HSPA;1;250;1;100;65569897;500;-61
;ServiceLog;Stanislav;1435594372006;3G;HSPA;250-1-100-65569897;-1;-1;-1;-1;500;-59
;ServiceLog;Stanislav;1435594373018;3G;HSPA;1;250;1;100;65569897;500;-69
;ServiceLog;Stanislav;1435594373018;3G;HSPA;250-1-100-65569897;-1;-1;-1;-1;500;-65
;ServiceLog;Stanislav;1435594374035;3G;HSPA;1;250;1;100;65569897;500;-69
;ServiceLog;Stanislav;1435594374035;3G;HSPA;250-1-100-65569897;-1;-1;-1;-1;500;-65
;ServiceLog;Stanislav;1435594375045;3G;HSPA;1;250;1;100;65569897;500;-69
;ServiceLog;Stanislav;1435594375045;3G;HSPA;250-1-100-65569897;-1;-1;-1;-1;500;-65
;ServiceLog;Stanislav;1435594376066;3G;HSPA;1;250;1;100;65569897;500;-69
;ServiceLog;Stanislav;1435594376066;3G;HSPA;250-1-100-65569897;-1;-1;-1;-1;500;-65
;ServiceLog;Stanislav;1435594377075;3G;HSPA;1;250;1;100;65569897;500;-73
;ServiceLog;Stanislav;1435594377075;3G;HSPA;250-1-100-65569897;-1;-1;-1;-1;500;-73
;ServiceLog;Stanislav;1435594378091;3G;HSPA;1;250;1;100;65569897;500;-73
;ServiceLog;Stanislav;1435594378091;3G;HSPA;250-1-100-65569897;-1;-1;-1;-1;500;-73
;ServiceLog;Stanislav;1435594379105;3G;HSPA;1;250;1;100;65569897;500;-73
;ServiceLog;Stanislav;1435594379105;3G;HSPA;250-1-100-65569897;-1;-1;-1;-1;500;-73
;ServiceLog;Stanislav;1435594380127;3G;HSPA;1;250;1;100;65569897;500;-73
;ServiceLog;Stanislav;1435594380127;3G;HSPA;250-1-100-65569897;-1;-1;-1;-1;500;-73
;ServiceLog;Stanislav;1435594381141;3G;HSPA;1;250;1;100;65569897;500;-75
;ServiceLog;Stanislav;1435594381141;3G;HSPA;250-1-100-65569897;-1;-1;-1;-1;500;-71
;ServiceLog;Stanislav;1435594382161;3G;HSPA;1;250;1;100;65569897;500;-75
;ServiceLog;Stanislav;1435594382161;3G;HSPA;250-1-100-65569897;-1;-1;-1;-1;500;-71
;ServiceLog;Stanislav;1435594383171;3G;HSPA;1;250;1;100;65569897;500;-69
;ServiceLog;Stanislav;1435594383171;3G;HSPA;250-1-100-65569897;-1;-1;-1;-1;500;-71
;ServiceLog;Stanislav;1435594384187;3G;HSPA;1;250;1;100;65569897;500;-69
;ServiceLog;Stanislav;1435594384187;3G;HSPA;250-1-100-65569897;-1;-1;-1;-1;500;-71
;ServiceLog;Stanislav;1435594385217;3G;HSPA;1;250;1;100;65569897;500;-69
;ServiceLog;Stanislav;1435594385217;3G;HSPA;250-1-100-65569897;-1;-1;-1;-1;500;-71
;ServiceLog;Stanislav;1435594386234;3G;HSPA;1;250;1;100;65569897;500;-69
;ServiceLog;Stanislav;1435594386234;3G;HSPA;250-1-100-65569897;-1;-1;-1;-1;500;-71
;ServiceLog;Stanislav;1435594387245;3G;HSPA;1;250;1;100;65569897;500;-73
;ServiceLog;Stanislav;1435594387245;3G;HSPA;250-1-100-65569897;-1;-1;-1;-1;500;-81
;ServiceLog;Stanislav;1435594388266;3G;HSPA;1;250;1;100;65569897;500;-73
;ServiceLog;Stanislav;1435594388266;3G;HSPA;250-1-100-65569897;-1;-1;-1;-1;500;-81
;ServiceLog;Stanislav;1435594389276;3G;HSPA;1;250;1;100;65569897;500;-81
;ServiceLog;Stanislav;1435594389276;3G;HSPA;250-1-100-65569897;-1;-1;-1;-1;500;-83
;ServiceLog;Stanislav;1435594390294;3G;HSPA;1;250;1;100;65569897;500;-81
;ServiceLog;Stanislav;1435594390294;3G;HSPA;250-1-100-65569897;-1;-1;-1;-1;500;-83
;ServiceLog;Stanislav;1435594391305;3G;HSPA;1;250;1;100;65569897;500;-81
;ServiceLog;Stanislav;1435594391305;3G;HSPA;250-1-100-65569897;-1;-1;-1;-1;500;-83
;ServiceLog;Stanislav;1435594392326;3G;HSPA;1;250;1;100;65569897;500;-81
;ServiceLog;Stanislav;1435594392326;3G;HSPA;250-1-100-65569897;-1;-1;-1;-1;500;-83
;ServiceLog;Stanislav;1435594393341;3G;HSPA;1;250;1;100;65569897;500;-71
;ServiceLog;Stanislav;1435594393341;3G;HSPA;250-1-100-65569897;-1;-1;-1;-1;500;-71
;ServiceLog;Stanislav;1435594394372;3G;HSPA;1;250;1;100;65569897;500;-71
;ServiceLog;Stanislav;1435594394372;3G;HSPA;250-1-100-65569897;-1;-1;-1;-1;500;-71
;ServiceLog;Stanislav;1435594395385;3G;HSPA;1;250;1;100;65569897;500;-67
;ServiceLog;Stanislav;1435594395385;3G;HSPA;250-1-100-65569897;-1;-1;-1;-1;500;-77
;ServiceLog;Stanislav;1435594396402;3G;HSPA;1;250;1;100;65569897;500;-67
;ServiceLog;Stanislav;1435594396402;3G;HSPA;250-1-100-65569897;-1;-1;-1;-1;500;-77
;ServiceLog;Stanislav;1435594397410;3G;HSPA;1;250;1;100;65569897;500;-67
;ServiceLog;Stanislav;1435594397410;3G;HSPA;250-1-100-65569897;-1;-1;-1;-1;500;-77
;ServiceLog;Stanislav;1435594398427;3G;HSPA;1;250;1;100;65569897;500;-67
;ServiceLog;Stanislav;1435594398427;3G;HSPA;250-1-100-65569897;-1;-1;-1;-1;500;-77
;ServiceLog;Stanislav;1435594399438;3G;HSPA;1;250;1;100;65569897;500;-71
;ServiceLog;Stanislav;1435594399438;3G;HSPA;250-1-100-65569897;-1;-1;-1;-1;500;-69
;ServiceLog;Stanislav;1435594400453;3G;HSPA;1;250;1;100;65569897;500;-71
;ServiceLog;Stanislav;1435594400453;3G;HSPA;250-1-100-65569897;-1;-1;-1;-1;500;-69
;ServiceLog;Stanislav;1435594401463;3G;HSPA;1;250;1;100;65569897;500;-71
;ServiceLog;Stanislav;1435594401463;3G;HSPA;250-1-100-65569897;-1;-1;-1;-1;500;-69
;ServiceLog;Stanislav;1435594402477;3G;HSPA;1;250;1;100;65569897;500;-71
;ServiceLog;Stanislav;1435594402477;3G;HSPA;250-1-100-65569897;-1;-1;-1;-1;500;-69
;ServiceLog;Stanislav;1435594403487;3G;HSPA;1;250;1;100;65569897;500;-73
;ServiceLog;Stanislav;1435594403487;3G;HSPA;250-1-100-65569897;-1;-1;-1;-1;500;-75
;ServiceLog;Stanislav;1435594404504;3G;HSPA;1;250;1;100;65569897;500;-73
;ServiceLog;Stanislav;1435594404504;3G;HSPA;250-1-100-65569897;-1;-1;-1;-1;500;-75
;ServiceLog;Stanislav;1435594405515;3G;HSPA;1;250;1;100;65569897;500;-77
;ServiceLog;Stanislav;1435594405515;3G;HSPA;250-1-100-65569897;-1;-1;-1;-1;500;-83
;ServiceLog;Stanislav;1435594406538;3G;HSPA;1;250;1;100;65569897;500;-77
;ServiceLog;Stanislav;1435594406538;3G;HSPA;250-1-100-65569897;-1;-1;-1;-1;500;-83
;ServiceLog;Stanislav;1435594407552;3G;HSPA;1;250;1;100;65569897;500;-77
;ServiceLog;Stanislav;1435594407552;3G;HSPA;250-1-100-65569897;-1;-1;-1;-1;500;-83
;ServiceLog;Stanislav;1435594408575;3G;HSPA;1;250;1;100;65569897;500;-77
;ServiceLog;Stanislav;1435594408575;3G;HSPA;250-1-100-65569897;-1;-1;-1;-1;500;-83
;ServiceLog;Stanislav;1435594409586;3G;HSPA;1;250;1;100;65569897;500;-75
;ServiceLog;Stanislav;1435594409586;3G;HSPA;250-1-100-65569897;-1;-1;-1;-1;500;-79
;ServiceLog;Stanislav;1435594410601;3G;HSPA;1;250;1;100;65569897;500;-75
;ServiceLog;Stanislav;1435594410601;3G;HSPA;250-1-100-65569897;-1;-1;-1;-1;500;-79
;ServiceLog;Stanislav;1435594411610;3G;HSPA;1;250;1;100;65569897;500;-79
;ServiceLog;Stanislav;1435594411610;3G;HSPA;250-1-100-65569897;-1;-1;-1;-1;500;-79
;ServiceLog;Stanislav;1435594412635;3G;HSPA;1;250;1;100;65569897;500;-79
;ServiceLog;Stanislav;1435594412635;3G;HSPA;250-1-100-65569897;-1;-1;-1;-1;500;-79
;ServiceLog;Stanislav;1435594413646;3G;HSPA;1;250;1;100;65539897;500;-79
;ServiceLog;Stanislav;1435594413646;3G;HSPA;250-1-100-65539897;-1;-1;-1;-1;500;-79
;ServiceLog;Stanislav;1435594414670;3G;HSPA;1;250;1;100;65539897;500;-79
;ServiceLog;Stanislav;1435594414670;3G;HSPA;250-1-100-65539897;-1;-1;-1;-1;500;-79
;ServiceLog;Stanislav;1435594415683;3G;HSPA;1;250;1;100;65539897;500;-75
;ServiceLog;Stanislav;1435594415683;3G;HSPA;250-1-100-65539897;-1;-1;-1;-1;500;-79
;ServiceLog;Stanislav;1435594416700;3G;HSPA;1;250;1;100;65539897;500;-75
;ServiceLog;Stanislav;1435594416700;3G;HSPA;250-1-100-65539897;-1;-1;-1;-1;500;-79
;ServiceLog;Stanislav;1435594417717;3G;HSPA;1;250;1;100;65539897;500;-75
;ServiceLog;Stanislav;1435594417717;3G;HSPA;250-1-100-65539897;-1;-1;-1;-1;500;-79
;ServiceLog;Stanislav;1435594418738;3G;HSPA;1;250;1;100;65539897;500;-75
;ServiceLog;Stanislav;1435594418738;3G;HSPA;250-1-100-65539897;-1;-1;-1;-1;500;-79
;ServiceLog;Stanislav;1435594419755;3G;HSPA;1;250;1;100;65539897;500;-75
;ServiceLog;Stanislav;1435594419755;3G;HSPA;250-1-100-65539897;-1;-1;-1;-1;500;-73
;ServiceLog;Stanislav;1435594420770;3G;HSPA;1;250;1;100;65539897;500;-75
;ServiceLog;Stanislav;1435594420770;3G;HSPA;250-1-100-65539897;-1;-1;-1;-1;500;-73
;ServiceLog;Stanislav;1435594421783;3G;HSPA;1;250;1;100;65539897;500;-71
;ServiceLog;Stanislav;1435594421783;3G;HSPA;250-1-100-65539897;-1;-1;-1;-1;500;-69
;ServiceLog;Stanislav;1435594422804;3G;HSPA;1;250;1;100;65539897;500;-71
;ServiceLog;Stanislav;1435594422804;3G;HSPA;250-1-100-65539897;-1;-1;-1;-1;500;-69
;ServiceLog;Stanislav;1435594423818;3G;HSPA;1;250;1;100;65539897;500;-71
;ServiceLog;Stanislav;1435594423818;3G;HSPA;250-1-100-65539897;-1;-1;-1;-1;500;-69
;ServiceLog;Stanislav;1435594424835;3G;HSPA;1;250;1;100;65539897;500;-71
;ServiceLog;Stanislav;1435594424835;3G;HSPA;250-1-100-65539897;-1;-1;-1;-1;500;-69
;ServiceLog;Stanislav;1435594425846;3G;HSPA;1;250;1;100;65539897;500;-67
;ServiceLog;Stanislav;1435594425846;3G;HSPA;250-1-100-65539897;-1;-1;-1;-1;500;-67
;ServiceLog;Stanislav;1435594426864;3G;HSPA;1;250;1;100;65539897;500;-67
;ServiceLog;Stanislav;1435594426864;3G;HSPA;250-1-100-65539897;-1;-1;-1;-1;500;-67
;ServiceLog;Stanislav;1435594427874;3G;HSPA;1;250;1;100;65539897;500;-53
;ServiceLog;Stanislav;1435594427874;3G;HSPA;250-1-100-65539897;-1;-1;-1;-1;500;-53
;ServiceLog;Stanislav;1435594428895;3G;HSPA;1;250;1;100;65539897;500;-53
;ServiceLog;Stanislav;1435594428895;3G;HSPA;250-1-100-65539897;-1;-1;-1;-1;500;-53
;ServiceLog;Stanislav;1435594429906;3G;HSPA;1;250;1;100;65539897;500;-53
;ServiceLog;Stanislav;1435594429906;3G;HSPA;250-1-100-65539897;-1;-1;-1;-1;500;-53
;ServiceLog;Stanislav;1435594430924;3G;HSPA;1;250;1;100;65539897;500;-53
;ServiceLog;Stanislav;1435594430924;3G;HSPA;250-1-100-65539897;-1;-1;-1;-1;500;-53
;ServiceLog;Stanislav;1435594431936;3G;HSPA;1;250;1;100;65539897;500;-93
;ServiceLog;Stanislav;1435594431936;3G;HSPA;250-1-100-65539897;-1;-1;-1;-1;500;-79
;ServiceLog;Stanislav;1435594432954;3G;HSPA;1;250;1;100;65539897;500;-93
;ServiceLog;Stanislav;1435594432954;3G;HSPA;250-1-100-65539897;-1;-1;-1;-1;500;-79
;ServiceLog;Stanislav;1435594433967;3G;HSPA;1;250;1;100;65539897;500;-105
;ServiceLog;Stanislav;1435594433967;3G;HSPA;250-1-100-65539897;-1;-1;-1;-1;500;-97
;ServiceLog;Stanislav;1435594434987;3G;HSPA;1;250;1;100;65539897;500;-105
;ServiceLog;Stanislav;1435594434987;3G;HSPA;250-1-100-65539897;-1;-1;-1;-1;500;-97
;ServiceLog;Stanislav;1435594436011;3G;HSPA;1;250;1;100;65539897;500;-105
;ServiceLog;Stanislav;1435594436011;3G;HSPA;250-1-100-65539897;-1;-1;-1;-1;500;-97
;ServiceLog;Stanislav;1435594437032;3G;HSPA;1;250;1;100;65539897;500;-105
;ServiceLog;Stanislav;1435594437032;3G;HSPA;250-1-100-65539897;-1;-1;-1;-1;500;-97
;ServiceLog;Stanislav;1435594438041;3G;HSPA;1;250;1;100;65539897;500;-103
;ServiceLog;Stanislav;1435594438041;3G;HSPA;250-1-100-65539897;-1;-1;-1;-1;500;-97
;ServiceLog;Stanislav;1435594439057;3G;HSPA;1;250;1;100;65539897;500;-103
;ServiceLog;Stanislav;1435594439057;3G;HSPA;250-1-100-65539897;-1;-1;-1;-1;500;-97
;ServiceLog;Stanislav;1435594440071;3G;HSPA;1;250;1;100;65539897;500;-103
;ServiceLog;Stanislav;1435594440071;3G;HSPA;250-1-100-65539897;-1;-1;-1;-1;500;-97
;ServiceLog;Stanislav;1435594441088;3G;HSPA;1;250;1;100;65539897;500;-103
;ServiceLog;Stanislav;1435594441088;3G;HSPA;250-1-100-65539897;-1;-1;-1;-1;500;-97
;ServiceLog;Stanislav;1435594442101;3G;HSPA;1;250;1;100;65539897;500;-105
;ServiceLog;Stanislav;1435594442101;3G;HSPA;250-1-100-65539897;-1;-1;-1;-1;500;-105
;ServiceLog;Stanislav;1435594443123;3G;HSPA;1;250;1;100;65539897;500;-105
;ServiceLog;Stanislav;1435594443123;3G;HSPA;250-1-100-65539897;-1;-1;-1;-1;500;-105
;ServiceLog;Stanislav;1435594444137;3G;HSPA;1;250;1;100;65539897;500;-111
;ServiceLog;Stanislav;1435594444137;3G;HSPA;250-1-100-65539897;-1;-1;-1;-1;500;-105
;ServiceLog;Stanislav;1435594445162;3G;HSPA;1;250;1;100;65539897;500;-111
;ServiceLog;Stanislav;1435594445162;3G;HSPA;250-1-100-65539897;-1;-1;-1;-1;500;-105
;ServiceLog;Stanislav;1435594446177;3G;HSPA;1;250;1;100;65539897;500;-111
;ServiceLog;Stanislav;1435594446177;3G;HSPA;250-1-100-65539897;-1;-1;-1;-1;500;-105
;ServiceLog;Stanislav;1435594447194;3G;HSPA;1;250;1;100;65539897;500;-111
;ServiceLog;Stanislav;1435594447194;3G;HSPA;250-1-100-65539897;-1;-1;-1;-1;500;-105
;ServiceLog;Stanislav;1435594448204;3G;HSPA;1;250;1;100;65539897;500;-113
;ServiceLog;Stanislav;1435594448204;3G;HSPA;250-1-100-65539897;-1;-1;-1;-1;500;-113
;ServiceLog;Stanislav;1435594449220;3G;HSPA;1;250;1;100;65539897;500;-113
;ServiceLog;Stanislav;1435594449220;3G;HSPA;250-1-100-65539897;-1;-1;-1;-1;500;-113
;ServiceLog;Stanislav;1435594450232;3G;HSPA;1;250;1;100;65539897;500;-111
;ServiceLog;Stanislav;1435594450232;3G;HSPA;250-1-100-65539897;-1;-1;-1;-1;500;-113
;ServiceLog;Stanislav;1435594450232;3G;HSPA;250-1-100-65539897;-1;-1;-1;-1;-1;-107
;ServiceLog;Stanislav;1435594450232;3G;HSPA;250-1-100-65539897;-1;-1;-1;-1;-1;-111
;ServiceLog;Stanislav;1435594450232;3G;HSPA;250-1-100-65539897;-1;-1;-1;-1;-1;-111
;ServiceLog;Stanislav;1435594450232;3G;HSPA;250-1-100-65539897;-1;-1;-1;-1;-1;-113
;ServiceLog;Stanislav;1435594450232;3G;HSPA;250-1-100-65539897;-1;-1;-1;-1;-1;-113
;ServiceLog;Stanislav;1435594451274;3G;HSPA;1;250;1;100;65539897;500;-111
;ServiceLog;Stanislav;1435594451274;3G;HSPA;250-1-100-65539897;-1;-1;-1;-1;500;-113
;ServiceLog;Stanislav;1435594451274;3G;HSPA;250-1-100-65539897;-1;-1;-1;-1;-1;-107
;ServiceLog;Stanislav;1435594451274;3G;HSPA;250-1-100-65539897;-1;-1;-1;-1;-1;-111
;ServiceLog;Stanislav;1435594451274;3G;HSPA;250-1-100-65539897;-1;-1;-1;-1;-1;-111
;ServiceLog;Stanislav;1435594451274;3G;HSPA;250-1-100-65539897;-1;-1;-1;-1;-1;-113
;ServiceLog;Stanislav;1435594451274;3G;HSPA;250-1-100-65539897;-1;-1;-1;-1;-1;-113
;ServiceLog;Stanislav;1435594452288;3G;HSPA;1;250;1;100;65539897;500;-111
;ServiceLog;Stanislav;1435594452288;3G;HSPA;250-1-100-65539897;-1;-1;-1;-1;500;-113
;ServiceLog;Stanislav;1435594452288;3G;HSPA;250-1-100-65539897;-1;-1;-1;-1;-1;-107
;ServiceLog;Stanislav;1435594452288;3G;HSPA;250-1-100-65539897;-1;-1;-1;-1;-1;-111
;ServiceLog;Stanislav;1435594452288;3G;HSPA;250-1-100-65539897;-1;-1;-1;-1;-1;-111
;ServiceLog;Stanislav;1435594452288;3G;HSPA;250-1-100-65539897;-1;-1;-1;-1;-1;-113
;ServiceLog;Stanislav;1435594452288;3G;HSPA;250-1-100-65539897;-1;-1;-1;-1;-1;-113
;ServiceLog;Stanislav;1435594453313;3G;HSPA;1;250;1;100;65539897;500;-111
;ServiceLog;Stanislav;1435594453313;3G;HSPA;250-1-100-65539897;-1;-1;-1;-1;500;-113
;ServiceLog;Stanislav;1435594453313;3G;HSPA;250-1-100-65539897;-1;-1;-1;-1;-1;-107
;ServiceLog;Stanislav;1435594453313;3G;HSPA;250-1-100-65539897;-1;-1;-1;-1;-1;-111
;ServiceLog;Stanislav;1435594453313;3G;HSPA;250-1-100-65539897;-1;-1;-1;-1;-1;-111
;ServiceLog;Stanislav;1435594453313;3G;HSPA;250-1-100-65539897;-1;-1;-1;-1;-1;-113
;ServiceLog;Stanislav;1435594453313;3G;HSPA;250-1-100-65539897;-1;-1;-1;-1;-1;-113
;ServiceLog;Stanislav;1435594454328;3G;HSPA;1;250;1;100;65539897;500;-113
;ServiceLog;Stanislav;1435594454328;3G;HSPA;250-1-100-65539897;-1;-1;-1;-1;500;-113
;ServiceLog;Stanislav;1435594454328;3G;HSPA;250-1-100-65539897;-1;-1;-1;-1;-1;-107
;ServiceLog;Stanislav;1435594454328;3G;HSPA;250-1-100-65539897;-1;-1;-1;-1;-1;-111
;ServiceLog;Stanislav;1435594454328;3G;HSPA;250-1-100-65539897;-1;-1;-1;-1;-1;-111
;ServiceLog;Stanislav;1435594454328;3G;HSPA;250-1-100-65539897;-1;-1;-1;-1;-1;-113
;ServiceLog;Stanislav;1435594454328;3G;HSPA;250-1-100-65539897;-1;-1;-1;-1;-1;-113
;ServiceLog;Stanislav;1435594455355;3G;HSPA;1;250;1;100;65539897;500;-113
;ServiceLog;Stanislav;1435594455355;3G;HSPA;250-1-100-65539897;-1;-1;-1;-1;500;-113
;ServiceLog;Stanislav;1435594455355;3G;HSPA;250-1-100-65539897;-1;-1;-1;-1;-1;-107
;ServiceLog;Stanislav;1435594455355;3G;HSPA;250-1-100-65539897;-1;-1;-1;-1;-1;-111
;ServiceLog;Stanislav;1435594455355;3G;HSPA;250-1-100-65539897;-1;-1;-1;-1;-1;-111
;ServiceLog;Stanislav;1435594455355;3G;HSPA;250-1-100-65539897;-1;-1;-1;-1;-1;-113
;ServiceLog;Stanislav;1435594455355;3G;HSPA;250-1-100-65539897;-1;-1;-1;-1;-1;-113
;ServiceLog;Stanislav;1435594456371;3G;HSPA;1;250;1;100;65539897;500;-113
;ServiceLog;Stanislav;1435594456371;3G;HSPA;250-1-100-65539897;-1;-1;-1;-1;500;-113
;ServiceLog;Stanislav;1435594456371;3G;HSPA;250-1-100-65539897;-1;-1;-1;-1;-1;-109
;ServiceLog;Stanislav;1435594456371;3G;HSPA;250-1-100-65539897;-1;-1;-1;-1;-1;-111
;ServiceLog;Stanislav;1435594456371;3G;HSPA;250-1-100-65539897;-1;-1;-1;-1;-1;-113
;ServiceLog;Stanislav;1435594456371;3G;HSPA;250-1-100-65539897;-1;-1;-1;-1;-1;-113
;ServiceLog;Stanislav;1435594456371;3G;HSPA;250-1-100-65539897;-1;-1;-1;-1;-1;-113
;ServiceLog;Stanislav;1435594457403;3G;HSPA;1;250;1;100;65539897;500;-113
;ServiceLog;Stanislav;1435594457403;3G;HSPA;250-1-100-65539897;-1;-1;-1;-1;500;-113
;ServiceLog;Stanislav;1435594457403;3G;HSPA;250-1-100-65539897;-1;-1;-1;-1;-1;-109
;ServiceLog;Stanislav;1435594457403;3G;HSPA;250-1-100-65539897;-1;-1;-1;-1;-1;-111
;ServiceLog;Stanislav;1435594457403;3G;HSPA;250-1-100-65539897;-1;-1;-1;-1;-1;-113
;ServiceLog;Stanislav;1435594457403;3G;HSPA;250-1-100-65539897;-1;-1;-1;-1;-1;-113
;ServiceLog;Stanislav;1435594457403;3G;HSPA;250-1-100-65539897;-1;-1;-1;-1;-1;-113
;ServiceLog;Stanislav;1435594458419;3G;HSPA;1;250;1;100;65539897;500;-113
;ServiceLog;Stanislav;1435594458419;3G;HSPA;250-1-100-65539897;-1;-1;-1;-1;500;-113
;ServiceLog;Stanislav;1435594458419;3G;HSPA;250-1-100-65539897;-1;-1;-1;-1;-1;-109
;ServiceLog;Stanislav;1435594458419;3G;HSPA;250-1-100-65539897;-1;-1;-1;-1;-1;-111
;ServiceLog;Stanislav;1435594458419;3G;HSPA;250-1-100-65539897;-1;-1;-1;-1;-1;-113
;ServiceLog;Stanislav;1435594458419;3G;HSPA;250-1-100-65539897;-1;-1;-1;-1;-1;-113
;ServiceLog;Stanislav;1435594458419;3G;HSPA;250-1-100-65539897;-1;-1;-1;-1;-1;-113
;ServiceLog;Stanislav;1435594459437;3G;HSPA;1;250;1;100;65539897;500;-113
;ServiceLog;Stanislav;1435594459437;3G;HSPA;250-1-100-65539897;-1;-1;-1;-1;500;-113
;ServiceLog;Stanislav;1435594459437;3G;HSPA;250-1-100-65539897;-1;-1;-1;-1;-1;-109
;ServiceLog;Stanislav;1435594459437;3G;HSPA;250-1-100-65539897;-1;-1;-1;-1;-1;-111
;ServiceLog;Stanislav;1435594459437;3G;HSPA;250-1-100-65539897;-1;-1;-1;-1;-1;-113
;ServiceLog;Stanislav;1435594459437;3G;HSPA;250-1-100-65539897;-1;-1;-1;-1;-1;-113
;ServiceLog;Stanislav;1435594459437;3G;HSPA;250-1-100-65539897;-1;-1;-1;-1;-1;-113
;ServiceLog;Stanislav;1435594460450;3G;HSPA;1;250;1;100;65539897;500;-113
;ServiceLog;Stanislav;1435594460450;3G;HSPA;250-1-100-65539897;-1;-1;-1;-1;500;-113
;ServiceLog;Stanislav;1435594460450;3G;HSPA;250-1-100-65539897;-1;-1;-1;-1;-1;-111
;ServiceLog;Stanislav;1435594460450;3G;HSPA;250-1-100-65539897;-1;-1;-1;-1;-1;-113
;ServiceLog;Stanislav;1435594460450;3G;HSPA;250-1-100-65539897;-1;-1;-1;-1;-1;-113
;ServiceLog;Stanislav;1435594460450;3G;HSPA;250-1-100-65539897;-1;-1;-1;-1;-1;-113
;ServiceLog;Stanislav;1435594460450;3G;HSPA;250-1-100-65539897;-1;-1;-1;-1;-1;-113
;ServiceLog;Stanislav;1435594461468;3G;HSPA;1;250;1;100;65539897;500;-113
;ServiceLog;Stanislav;1435594461468;3G;HSPA;250-1-100-65539897;-1;-1;-1;-1;500;-113
;ServiceLog;Stanislav;1435594461468;3G;HSPA;250-1-100-65539897;-1;-1;-1;-1;-1;-111
;ServiceLog;Stanislav;1435594461468;3G;HSPA;250-1-100-65539897;-1;-1;-1;-1;-1;-113
;ServiceLog;Stanislav;1435594461468;3G;HSPA;250-1-100-65539897;-1;-1;-1;-1;-1;-113
;ServiceLog;Stanislav;1435594461468;3G;HSPA;250-1-100-65539897;-1;-1;-1;-1;-1;-113
;ServiceLog;Stanislav;1435594461468;3G;HSPA;250-1-100-65539897;-1;-1;-1;-1;-1;-113
;ServiceLog;Stanislav;1435594462481;3G;HSPA;1;250;1;100;65539897;500;-113
;ServiceLog;Stanislav;1435594462481;3G;HSPA;250-1-100-65539897;-1;-1;-1;-1;500;-113
;ServiceLog;Stanislav;1435594462481;3G;HSPA;250-1-100-65539897;-1;-1;-1;-1;-1;-111
;ServiceLog;Stanislav;1435594462481;3G;HSPA;250-1-100-65539897;-1;-1;-1;-1;-1;-113
;ServiceLog;Stanislav;1435594462481;3G;HSPA;250-1-100-65539897;-1;-1;-1;-1;-1;-113
;ServiceLog;Stanislav;1435594462481;3G;HSPA;250-1-100-65539897;-1;-1;-1;-1;-1;-113
;ServiceLog;Stanislav;1435594462481;3G;HSPA;250-1-100-65539897;-1;-1;-1;-1;-1;-113
;ServiceLog;Stanislav;1435594463499;3G;HSPA;1;250;1;100;65539897;500;-113
;ServiceLog;Stanislav;1435594463499;3G;HSPA;250-1-100-65539897;-1;-1;-1;-1;500;-113
;ServiceLog;Stanislav;1435594463499;3G;HSPA;250-1-100-65539897;-1;-1;-1;-1;-1;-111
;ServiceLog;Stanislav;1435594463499;3G;HSPA;250-1-100-65539897;-1;-1;-1;-1;-1;-113
;ServiceLog;Stanislav;1435594463499;3G;HSPA;250-1-100-65539897;-1;-1;-1;-1;-1;-113
;ServiceLog;Stanislav;1435594463499;3G;HSPA;250-1-100-65539897;-1;-1;-1;-1;-1;-113
;ServiceLog;Stanislav;1435594463499;3G;HSPA;250-1-100-65539897;-1;-1;-1;-1;-1;-113
;ServiceLog;Stanislav;1435594464511;3G;HSPA;1;250;1;100;65539897;500;-113
;ServiceLog;Stanislav;1435594464511;3G;HSPA;250-1-100-65539897;-1;-1;-1;-1;500;-113
;ServiceLog;Stanislav;1435594464511;3G;HSPA;250-1-100-65539897;-1;-1;-1;-1;-1;-113
;ServiceLog;Stanislav;1435594464511;3G;HSPA;250-1-100-65539897;-1;-1;-1;-1;-1;-113
;ServiceLog;Stanislav;1435594464511;3G;HSPA;250-1-100-65539897;-1;-1;-1;-1;-1;-113
;ServiceLog;Stanislav;1435594464511;3G;HSPA;250-1-100-65539897;-1;-1;-1;-1;-1;-113
;ServiceLog;Stanislav;1435594464511;3G;HSPA;250-1-100-65539897;-1;-1;-1;-1;-1;-113
;ServiceLog;Stanislav;1435594465527;3G;HSPA;1;250;1;100;65539897;500;-113
;ServiceLog;Stanislav;1435594465527;3G;HSPA;250-1-100-65539897;-1;-1;-1;-1;500;-113
;ServiceLog;Stanislav;1435594465527;3G;HSPA;250-1-100-65539897;-1;-1;-1;-1;-1;-113
;ServiceLog;Stanislav;1435594465527;3G;HSPA;250-1-100-65539897;-1;-1;-1;-1;-1;-113
;ServiceLog;Stanislav;1435594465527;3G;HSPA;250-1-100-65539897;-1;-1;-1;-1;-1;-113
;ServiceLog;Stanislav;1435594465527;3G;HSPA;250-1-100-65539897;-1;-1;-1;-1;-1;-113
;ServiceLog;Stanislav;1435594465527;3G;HSPA;250-1-100-65539897;-1;-1;-1;-1;-1;-113
;ServiceLog;Stanislav;1435594466539;3G;HSPA;1;250;1;100;65539897;500;-113
;ServiceLog;Stanislav;1435594466539;3G;HSPA;250-1-100-65539897;-1;-1;-1;-1;500;-113
;ServiceLog;Stanislav;1435594466539;3G;HSPA;250-1-100-65539897;-1;-1;-1;-1;-1;-111
;ServiceLog;Stanislav;1435594466539;3G;HSPA;250-1-100-65539897;-1;-1;-1;-1;-1;-113
;ServiceLog;Stanislav;1435594466539;3G;HSPA;250-1-100-65539897;-1;-1;-1;-1;-1;-113
;ServiceLog;Stanislav;1435594466539;3G;HSPA;250-1-100-65539897;-1;-1;-1;-1;-1;-113
;ServiceLog;Stanislav;1435594466539;3G;HSPA;250-1-100-65539897;-1;-1;-1;-1;-1;-113
;ServiceLog;Stanislav;1435594467555;3G;HSPA;1;250;1;100;65539897;500;-113
;ServiceLog;Stanislav;1435594467555;3G;HSPA;250-1-100-65539897;-1;-1;-1;-1;500;-113
;ServiceLog;Stanislav;1435594467555;3G;HSPA;250-1-100-65539897;-1;-1;-1;-1;-1;-111
;ServiceLog;Stanislav;1435594467555;3G;HSPA;250-1-100-65539897;-1;-1;-1;-1;-1;-113
;ServiceLog;Stanislav;1435594467555;3G;HSPA;250-1-100-65539897;-1;-1;-1;-1;-1;-113
;ServiceLog;Stanislav;1435594467555;3G;HSPA;250-1-100-65539897;-1;-1;-1;-1;-1;-113
;ServiceLog;Stanislav;1435594467555;3G;HSPA;250-1-100-65539897;-1;-1;-1;-1;-1;-113
;ServiceLog;Stanislav;1435594468569;3G;HSPA;1;250;1;100;65539897;500;-113
;ServiceLog;Stanislav;1435594468569;3G;HSPA;250-1-100-65539897;-1;-1;-1;-1;500;-113
;ServiceLog;Stanislav;1435594468569;3G;HSPA;250-1-100-65539897;-1;-1;-1;-1;-1;-111
;ServiceLog;Stanislav;1435594468569;3G;HSPA;250-1-100-65539897;-1;-1;-1;-1;-1;-113
;ServiceLog;Stanislav;1435594468569;3G;HSPA;250-1-100-65539897;-1;-1;-1;-1;-1;-113
;ServiceLog;Stanislav;1435594468569;3G;HSPA;250-1-100-65539897;-1;-1;-1;-1;-1;-113
;ServiceLog;Stanislav;1435594468569;3G;HSPA;250-1-100-65539897;-1;-1;-1;-1;-1;-113
;ServiceLog;Stanislav;1435594469585;3G;HSPA;1;250;1;100;65539897;500;-113
;ServiceLog;Stanislav;1435594469585;3G;HSPA;250-1-100-65539897;-1;-1;-1;-1;500;-113
;ServiceLog;Stanislav;1435594469585;3G;HSPA;250-1-100-65539897;-1;-1;-1;-1;-1;-111
;ServiceLog;Stanislav;1435594469585;3G;HSPA;250-1-100-65539897;-1;-1;-1;-1;-1;-113
;ServiceLog;Stanislav;1435594469585;3G;HSPA;250-1-100-65539897;-1;-1;-1;-1;-1;-113
;ServiceLog;Stanislav;1435594469585;3G;HSPA;250-1-100-65539897;-1;-1;-1;-1;-1;-113
;ServiceLog;Stanislav;1435594469585;3G;HSPA;250-1-100-65539897;-1;-1;-1;-1;-1;-113
;ServiceLog;Stanislav;1435594470597;3G;HSPA;1;250;1;100;65539897;500;-113
;ServiceLog;Stanislav;1435594471607;unknown;unknown;1;250;1;100;65539897;500;-113
;ServiceLog;Stanislav;1435594472616;unknown;unknown;1;-1;-1;-1;-1;-1;0
;ServiceLog;Stanislav;1435594473636;unknown;unknown;1;-1;-1;-1;-1;-1;0
;ServiceLog;Stanislav;1435594474654;unknown;unknown;1;-1;-1;-1;-1;-1;0
;ServiceLog;Stanislav;1435594475675;unknown;unknown;1;-1;-1;-1;-1;-1;0
;ServiceLog;Stanislav;1435594476692;unknown;unknown;1;250;2;7803;22545;-1;-103
;ServiceLog;Stanislav;1435594477704;unknown;unknown;1;250;2;7803;22545;-1;-103
;ServiceLog;Stanislav;1435594478713;unknown;unknown;1;250;2;7803;22545;-1;-99
;ServiceLog;Stanislav;1435594479732;unknown;unknown;1;250;2;7803;22545;-1;-99
;ServiceLog;Stanislav;1435594480746;unknown;unknown;1;250;2;7803;22545;-1;-101
;ServiceLog;Stanislav;1435594480746;unknown;unknown;250-2-7803-22545;250;2;7803;22681;-1;-87
;ServiceLog;Stanislav;1435594481763;unknown;unknown;1;250;2;7803;22545;-1;-101
;ServiceLog;Stanislav;1435594481763;unknown;unknown;250-2-7803-22545;250;2;7803;22681;-1;-87
;ServiceLog;Stanislav;1435594482772;unknown;unknown;1;250;2;7803;22545;-1;-101
;ServiceLog;Stanislav;1435594482772;unknown;unknown;250-2-7803-22545;250;2;7803;22681;-1;-87
;ServiceLog;Stanislav;1435594483785;unknown;unknown;1;250;2;7803;22545;-1;-101
;ServiceLog;Stanislav;1435594483785;unknown;unknown;250-2-7803-22545;250;2;7803;22681;-1;-87
;ServiceLog;Stanislav;1435594484793;unknown;unknown;1;250;2;7803;22545;-1;-105
;ServiceLog;Stanislav;1435594484793;unknown;unknown;250-2-7803-22545;250;2;7803;22681;-1;-89
;ServiceLog;Stanislav;1435594485806;unknown;unknown;1;250;2;7803;22545;-1;-105
;ServiceLog;Stanislav;1435594485806;unknown;unknown;250-2-7803-22545;250;2;7803;22681;-1;-89
;ServiceLog;Stanislav;1435594486814;unknown;unknown;1;250;2;7803;22545;-1;-105
;ServiceLog;Stanislav;1435594486814;unknown;unknown;250-2-7803-22545;250;2;7803;22681;-1;-89
;ServiceLog;Stanislav;1435594487828;unknown;unknown;1;250;2;7803;22545;-1;-105
;ServiceLog;Stanislav;1435594487828;unknown;unknown;250-2-7803-22545;250;2;7803;22681;-1;-89
;ServiceLog;Stanislav;1435594488838;unknown;unknown;1;250;2;7803;22681;-1;-105
;ServiceLog;Stanislav;1435594488838;unknown;unknown;250-2-7803-22681;250;2;7803;22681;-1;-89
;ServiceLog;Stanislav;1435594489887;unknown;unknown;1;250;2;7803;22681;-1;-105
;ServiceLog;Stanislav;1435594489887;unknown;unknown;250-2-7803-22681;250;2;7803;22681;-1;-89
;ServiceLog;Stanislav;1435594490895;unknown;unknown;1;250;2;7803;22681;-1;-83
;ServiceLog;Stanislav;1435594490895;unknown;unknown;250-2-7803-22681;-1;-1;-1;-1;-1;-107
;ServiceLog;Stanislav;1435594491908;unknown;unknown;1;250;2;7803;22681;-1;-83
;ServiceLog;Stanislav;1435594491908;unknown;unknown;250-2-7803-22681;-1;-1;-1;-1;-1;-107
;ServiceLog;Stanislav;1435594492917;unknown;unknown;1;250;2;7803;22681;-1;-85
;ServiceLog;Stanislav;1435594492917;unknown;unknown;250-2-7803-22681;-1;-1;-1;-1;-1;-107
;ServiceLog;Stanislav;1435594493930;unknown;unknown;1;250;2;7803;22681;-1;-85
;ServiceLog;Stanislav;1435594493930;unknown;unknown;250-2-7803-22681;-1;-1;-1;-1;-1;-107
;ServiceLog;Stanislav;1435594494956;unknown;unknown;1;250;2;7803;22681;-1;-83
;ServiceLog;Stanislav;1435594494956;unknown;unknown;250-2-7803-22681;-1;-1;-1;-1;-1;-107
;ServiceLog;Stanislav;1435594495969;unknown;unknown;1;250;2;7803;22681;-1;-83
;ServiceLog;Stanislav;1435594495969;unknown;unknown;250-2-7803-22681;-1;-1;-1;-1;-1;-107
;ServiceLog;Stanislav;1435594496978;unknown;unknown;1;250;2;7803;22681;-1;-83
;ServiceLog;Stanislav;1435594496978;unknown;unknown;250-2-7803-22681;-1;-1;-1;-1;-1;-107
;ServiceLog;Stanislav;1435594497991;unknown;unknown;1;250;2;7803;22681;-1;-83
;ServiceLog;Stanislav;1435594497991;unknown;unknown;250-2-7803-22681;-1;-1;-1;-1;-1;-107
;ServiceLog;Stanislav;1435594499000;unknown;unknown;1;250;2;7803;22681;-1;-83
;ServiceLog;Stanislav;1435594499000;unknown;unknown;250-2-7803-22681;-1;-1;-1;-1;-1;-107
;ServiceLog;Stanislav;1435594500015;unknown;unknown;1;250;2;7803;22681;-1;-83
;ServiceLog;Stanislav;1435594500015;unknown;unknown;250-2-7803-22681;-1;-1;-1;-1;-1;-107
;ServiceLog;Stanislav;1435594501025;unknown;unknown;1;-1;-1;-1;-1;-1;-113
;ServiceLog;Stanislav;1435594502041;unknown;unknown;1;-1;-1;-1;-1;-1;-113
;ServiceLog;Stanislav;1435594503048;unknown;unknown;1;250;2;7803;8294959;2;-97
;ServiceLog;Stanislav;1435594504059;unknown;unknown;1;250;2;7803;8294959;2;-97
;ServiceLog;Stanislav;1435594505067;unknown;unknown;1;250;2;7803;8294959;2;-103
;ServiceLog;Stanislav;1435594506079;unknown;unknown;1;250;2;7803;8294959;2;-103
;ServiceLog;Stanislav;1435594507087;unknown;unknown;1;250;2;7803;8294959;2;-103
;ServiceLog;Stanislav;1435594508099;unknown;unknown;1;250;2;7803;8294959;2;-103
;ServiceLog;Stanislav;1435594509107;unknown;unknown;1;250;2;7803;8294959;2;-95
;ServiceLog;Stanislav;1435594510119;unknown;unknown;1;250;2;7803;8294959;2;-95
;ServiceLog;Stanislav;1435594511127;unknown;unknown;1;250;2;7803;8294959;2;-103
;ServiceLog;Stanislav;1435594512140;unknown;unknown;1;250;2;7803;8294959;2;-103
;ServiceLog;Stanislav;1435594513148;unknown;unknown;1;250;2;7803;8294959;2;-103
;ServiceLog;Stanislav;1435594514160;unknown;unknown;1;250;2;7803;8294959;2;-103
;ServiceLog;Stanislav;1435594515167;unknown;unknown;1;250;2;7803;8294959;2;-95
;ServiceLog;Stanislav;1435594516183;unknown;unknown;1;250;2;7803;8294959;2;-95
;ServiceLog;Stanislav;1435594517191;unknown;unknown;1;250;2;7803;8294959;2;-95
;ServiceLog;Stanislav;1435594518206;unknown;unknown;1;250;2;7803;8294959;2;-95
;ServiceLog;Stanislav;1435594519218;unknown;unknown;1;250;2;7803;8294959;2;-81
;ServiceLog;Stanislav;1435594520235;unknown;unknown;1;250;2;7803;8294959;2;-81
;ServiceLog;Stanislav;1435594521244;unknown;unknown;1;250;2;7803;8294959;2;-69
;ServiceLog;Stanislav;1435594522259;unknown;unknown;1;250;2;7803;8294959;2;-69
;ServiceLog;Stanislav;1435594523267;unknown;unknown;1;250;2;7803;8294959;2;-69
;ServiceLog;Stanislav;1435594524282;unknown;unknown;1;250;2;7803;8294959;2;-69
;ServiceLog;Stanislav;1435594525294;unknown;unknown;1;250;2;7803;8294959;2;-51
;ServiceLog;Stanislav;1435594525294;unknown;unknown;250-2-7803-8294959;-1;-1;-1;-1;27;-55
;ServiceLog;Stanislav;1435594526308;unknown;unknown;1;250;2;7803;8294959;2;-51
;ServiceLog;Stanislav;1435594526308;unknown;unknown;250-2-7803-8294959;-1;-1;-1;-1;27;-55
;ServiceLog;Stanislav;1435594527320;unknown;unknown;1;250;2;7803;8294958;27;-53
;ServiceLog;Stanislav;1435594527320;unknown;unknown;250-2-7803-8294958;-1;-1;-1;-1;2;-67
;ServiceLog;Stanislav;1435594528347;unknown;unknown;1;250;2;7803;8294958;27;-53
;ServiceLog;Stanislav;1435594528347;unknown;unknown;250-2-7803-8294958;-1;-1;-1;-1;2;-67
;ServiceLog;Stanislav;1435594529358;unknown;unknown;1;250;2;7803;8294958;27;-53
;ServiceLog;Stanislav;1435594529358;unknown;unknown;250-2-7803-8294958;-1;-1;-1;-1;2;-67
;ServiceLog;Stanislav;1435594530380;unknown;unknown;1;250;2;7803;8294958;27;-53
;ServiceLog;Stanislav;1435594530380;unknown;unknown;250-2-7803-8294958;-1;-1;-1;-1;2;-67
;ServiceLog;Stanislav;1435594531391;unknown;unknown;1;250;2;7803;8294958;27;-65
;ServiceLog;Stanislav;1435594531391;unknown;unknown;250-2-7803-8294958;-1;-1;-1;-1;2;-73
;ServiceLog;Stanislav;1435594532407;unknown;unknown;1;250;2;7803;8294958;27;-65
;ServiceLog;Stanislav;1435594532407;unknown;unknown;250-2-7803-8294958;-1;-1;-1;-1;2;-73
;ServiceLog;Stanislav;1435594533415;unknown;unknown;1;250;2;7803;8294958;27;-65
;ServiceLog;Stanislav;1435594533415;unknown;unknown;250-2-7803-8294958;-1;-1;-1;-1;2;-73
;ServiceLog;Stanislav;1435594534432;3G;HSPA;1;250;2;7803;8294958;27;-65
;ServiceLog;Stanislav;1435594534432;3G;HSPA;250-2-7803-8294958;-1;-1;-1;-1;2;-73
;ServiceLog;Stanislav;1435594535446;3G;HSPA;1;250;1;100;65539597;507;-71
;ServiceLog;Stanislav;1435594536462;3G;HSPA;1;250;1;100;65539597;507;-71
;ServiceLog;Stanislav;1435594537470;3G;HSPA;1;250;1;100;65539597;507;-75
;ServiceLog;Stanislav;1435594537470;3G;HSPA;250-1-100-65539597;-1;-1;-1;-1;507;-75
;ServiceLog;Stanislav;1435594538500;3G;HSPA;1;250;1;100;65539597;507;-75
;ServiceLog;Stanislav;1435594538500;3G;HSPA;250-1-100-65539597;-1;-1;-1;-1;507;-75
;ServiceLog;Stanislav;1435594539513;3G;HSPA;1;250;1;100;65539597;507;-75
;ServiceLog;Stanislav;1435594539513;3G;HSPA;250-1-100-65539597;-1;-1;-1;-1;507;-75
;ServiceLog;Stanislav;1435594540532;3G;HSPA;1;250;1;100;65539597;507;-75
;ServiceLog;Stanislav;1435594540532;3G;HSPA;250-1-100-65539597;-1;-1;-1;-1;507;-75
;ServiceLog;Stanislav;1435594541546;3G;HSPA;1;250;1;100;65539597;507;-77
;ServiceLog;Stanislav;1435594541546;3G;HSPA;250-1-100-65539597;-1;-1;-1;-1;507;-71
;ServiceLog;Stanislav;1435594542562;3G;HSPA;1;250;1;100;65539597;507;-77
;ServiceLog;Stanislav;1435594542562;3G;HSPA;250-1-100-65539597;-1;-1;-1;-1;507;-71
;ServiceLog;Stanislav;1435594543570;3G;HSPA;1;250;1;100;65539597;507;-79
;ServiceLog;Stanislav;1435594543570;3G;HSPA;250-1-100-65539597;-1;-1;-1;-1;507;-83
;ServiceLog;Stanislav;1435594544588;3G;HSPA;1;250;1;100;65539597;507;-79
;ServiceLog;Stanislav;1435594544588;3G;HSPA;250-1-100-65539597;-1;-1;-1;-1;507;-83
;ServiceLog;Stanislav;1435594545598;3G;HSPA;1;250;1;100;65539597;507;-79
;ServiceLog;Stanislav;1435594545598;3G;HSPA;250-1-100-65539597;-1;-1;-1;-1;507;-83
;ServiceLog;Stanislav;1435594546615;3G;HSPA;1;250;1;100;65539597;507;-79
;ServiceLog;Stanislav;1435594546615;3G;HSPA;250-1-100-65539597;-1;-1;-1;-1;507;-83
;ServiceLog;Stanislav;1435594547625;3G;HSPA;1;250;1;100;65539597;507;-79
;ServiceLog;Stanislav;1435594547625;3G;HSPA;250-1-100-65539597;-1;-1;-1;-1;507;-79
;ServiceLog;Stanislav;1435594548642;3G;HSPA;1;250;1;100;65539597;507;-79
;ServiceLog;Stanislav;1435594548642;3G;HSPA;250-1-100-65539597;-1;-1;-1;-1;507;-79
;ServiceLog;Stanislav;1435594549651;3G;HSPA;1;250;1;100;65539597;507;-79
;ServiceLog;Stanislav;1435594549651;3G;HSPA;250-1-100-65539597;-1;-1;-1;-1;507;-79
;ServiceLog;Stanislav;1435594550667;3G;HSPA;1;250;1;100;65539597;507;-79
;ServiceLog;Stanislav;1435594550667;3G;HSPA;250-1-100-65539597;-1;-1;-1;-1;507;-79
;ServiceLog;Stanislav;1435594551680;3G;HSPA;1;250;1;100;65539597;507;-69
;ServiceLog;Stanislav;1435594551680;3G;HSPA;250-1-100-65539597;-1;-1;-1;-1;507;-73
;ServiceLog;Stanislav;1435594552714;3G;HSPA;1;250;1;100;65539597;507;-69
;ServiceLog;Stanislav;1435594552714;3G;HSPA;250-1-100-65539597;-1;-1;-1;-1;507;-73
;ServiceLog;Stanislav;1435594553724;3G;HSPA;1;250;1;100;65539597;507;-73
;ServiceLog;Stanislav;1435594553724;3G;HSPA;250-1-100-65539597;-1;-1;-1;-1;507;-69
;ServiceLog;Stanislav;1435594554739;3G;HSPA;1;250;1;100;65539597;507;-73
;ServiceLog;Stanislav;1435594554739;3G;HSPA;250-1-100-65539597;-1;-1;-1;-1;507;-69
;ServiceLog;Stanislav;1435594555748;3G;HSPA;1;250;1;100;65539597;507;-73
;ServiceLog;Stanislav;1435594555748;3G;HSPA;250-1-100-65539597;-1;-1;-1;-1;507;-69
;ServiceLog;Stanislav;1435594556763;3G;HSPA;1;250;1;100;65539597;507;-73
;ServiceLog;Stanislav;1435594556763;3G;HSPA;250-1-100-65539597;-1;-1;-1;-1;507;-69
;ServiceLog;Stanislav;1435594557773;3G;HSPA;1;250;1;100;65539597;507;-73
;ServiceLog;Stanislav;1435594557773;3G;HSPA;250-1-100-65539597;-1;-1;-1;-1;507;-79
;ServiceLog;Stanislav;1435594558792;3G;HSPA;1;250;1;100;65539597;507;-73
;ServiceLog;Stanislav;1435594558792;3G;HSPA;250-1-100-65539597;-1;-1;-1;-1;507;-79
;ServiceLog;Stanislav;1435594559800;3G;HSPA;1;250;1;100;65539597;507;-73
;ServiceLog;Stanislav;1435594559800;3G;HSPA;250-1-100-65539597;-1;-1;-1;-1;507;-67
;ServiceLog;Stanislav;1435594560821;3G;HSPA;1;250;1;100;65539597;507;-73
;ServiceLog;Stanislav;1435594560821;3G;HSPA;250-1-100-65539597;-1;-1;-1;-1;507;-67
;ServiceLog;Stanislav;1435594561832;3G;HSPA;1;250;1;100;65539597;507;-73
;ServiceLog;Stanislav;1435594561832;3G;HSPA;250-1-100-65539597;-1;-1;-1;-1;507;-67
;ServiceLog;Stanislav;1435594562850;3G;HSPA;1;250;1;100;65539597;507;-73
;ServiceLog;Stanislav;1435594562850;3G;HSPA;250-1-100-65539597;-1;-1;-1;-1;507;-67
;ServiceLog;Stanislav;1435594563860;3G;HSPA;1;250;1;100;65539597;507;-73
;ServiceLog;Stanislav;1435594563860;3G;HSPA;250-1-100-65539597;-1;-1;-1;-1;507;-75
;ServiceLog;Stanislav;1435594564878;3G;HSPA;1;250;1;100;65539597;507;-73
;ServiceLog;Stanislav;1435594564878;3G;HSPA;250-1-100-65539597;-1;-1;-1;-1;507;-75
;ServiceLog;Stanislav;1435594565888;3G;HSPA;1;250;1;100;65539597;507;-79
;ServiceLog;Stanislav;1435594565888;3G;HSPA;250-1-100-65539597;-1;-1;-1;-1;507;-75
;ServiceLog;Stanislav;1435594566904;3G;HSPA;1;250;1;100;65539597;507;-79
;ServiceLog;Stanislav;1435594566904;3G;HSPA;250-1-100-65539597;-1;-1;-1;-1;507;-75
;ServiceLog;Stanislav;1435594567914;3G;HSPA;1;250;1;100;65539597;507;-79
;ServiceLog;Stanislav;1435594567914;3G;HSPA;250-1-100-65539597;-1;-1;-1;-1;507;-75
;ServiceLog;Stanislav;1435594568930;3G;HSPA;1;250;1;100;65539597;507;-79
;ServiceLog;Stanislav;1435594568930;3G;HSPA;250-1-100-65539597;-1;-1;-1;-1;507;-75
;ServiceLog;Stanislav;1435594569942;3G;HSPA;1;250;1;100;65539597;507;-73
;ServiceLog;Stanislav;1435594569942;3G;HSPA;250-1-100-65539597;-1;-1;-1;-1;507;-75
;ServiceLog;Stanislav;1435594570970;3G;HSPA;1;250;1;100;65539597;507;-73
;ServiceLog;Stanislav;1435594570970;3G;HSPA;250-1-100-65539597;-1;-1;-1;-1;507;-75
;ServiceLog;Stanislav;1435594571982;3G;HSPA;1;250;1;100;65539597;507;-73
;ServiceLog;Stanislav;1435594571982;3G;HSPA;250-1-100-65539597;-1;-1;-1;-1;507;-75
;ServiceLog;Stanislav;1435594572998;3G;HSPA;1;250;1;100;65539597;507;-73
;ServiceLog;Stanislav;1435594572998;3G;HSPA;250-1-100-65539597;-1;-1;-1;-1;507;-75
;ServiceLog;Stanislav;1435594574011;3G;HSPA;1;250;1;100;65539597;507;-77
;ServiceLog;Stanislav;1435594574011;3G;HSPA;250-1-100-65539597;-1;-1;-1;-1;507;-87
;ServiceLog;Stanislav;1435594575027;3G;HSPA;1;250;1;100;65539597;507;-77
;ServiceLog;Stanislav;1435594575027;3G;HSPA;250-1-100-65539597;-1;-1;-1;-1;507;-87
;ServiceLog;Stanislav;1435594576036;3G;HSPA;1;250;1;100;65539597;507;-79
;ServiceLog;Stanislav;1435594576036;3G;HSPA;250-1-100-65539597;-1;-1;-1;-1;507;-83
;ServiceLog;Stanislav;1435594577059;3G;HSPA;1;250;1;100;65539597;507;-79
;ServiceLog;Stanislav;1435594577059;3G;HSPA;250-1-100-65539597;-1;-1;-1;-1;507;-83
;ServiceLog;Stanislav;1435594578072;3G;HSPA;1;250;1;100;65539597;507;-79
;ServiceLog;Stanislav;1435594578072;3G;HSPA;250-1-100-65539597;-1;-1;-1;-1;507;-83
;ServiceLog;Stanislav;1435594579089;3G;HSPA;1;250;1;100;65539597;507;-79
;ServiceLog;Stanislav;1435594579089;3G;HSPA;250-1-100-65539597;-1;-1;-1;-1;507;-83
;ServiceLog;Stanislav;1435594580099;3G;HSPA;1;250;1;100;65539597;507;-103
;ServiceLog;Stanislav;1435594580099;3G;HSPA;250-1-100-65539597;-1;-1;-1;-1;507;-103
;ServiceLog;Stanislav;1435594581120;3G;HSPA;1;250;1;100;65539597;507;-103
;ServiceLog;Stanislav;1435594581120;3G;HSPA;250-1-100-65539597;-1;-1;-1;-1;507;-103
;ServiceLog;Stanislav;1435594582132;3G;HSPA;1;250;1;100;65539597;507;-103
;ServiceLog;Stanislav;1435594582132;3G;HSPA;250-1-100-65539597;-1;-1;-1;-1;507;-107
;ServiceLog;Stanislav;1435594583146;3G;HSPA;1;250;1;100;65539597;507;-103
;ServiceLog;Stanislav;1435594583146;3G;HSPA;250-1-100-65539597;-1;-1;-1;-1;507;-107
;ServiceLog;Stanislav;1435594584155;3G;HSPA;1;250;1;100;65539597;507;-103
;ServiceLog;Stanislav;1435594584155;3G;HSPA;250-1-100-65539597;-1;-1;-1;-1;507;-107
;ServiceLog;Stanislav;1435594585173;3G;HSPA;1;250;1;100;65539597;507;-103
;ServiceLog;Stanislav;1435594585173;3G;HSPA;250-1-100-65539597;-1;-1;-1;-1;507;-107
;ServiceLog;Stanislav;1435594586182;3G;HSPA;1;250;1;100;65539597;507;-107
;ServiceLog;Stanislav;1435594586182;3G;HSPA;250-1-100-65539597;-1;-1;-1;-1;507;-105
;ServiceLog;Stanislav;1435594587202;3G;HSPA;1;250;1;100;65539597;507;-107
;ServiceLog;Stanislav;1435594587202;3G;HSPA;250-1-100-65539597;-1;-1;-1;-1;507;-105
;ServiceLog;Stanislav;1435594588211;3G;HSPA;1;250;1;100;65569597;507;-107
;ServiceLog;Stanislav;1435594588211;3G;HSPA;250-1-100-65569597;-1;-1;-1;-1;507;-105
;ServiceLog;Stanislav;1435594589225;3G;HSPA;1;250;1;100;65569597;507;-107
;ServiceLog;Stanislav;1435594589225;3G;HSPA;250-1-100-65569597;-1;-1;-1;-1;507;-105
;ServiceLog;Stanislav;1435594590304;3G;HSPA;1;250;1;100;65569597;507;-113
;ServiceLog;Stanislav;1435594590304;3G;HSPA;250-1-100-65569597;-1;-1;-1;-1;507;-109
;ServiceLog;Stanislav;1435594591318;3G;HSPA;1;250;1;100;65569597;507;-113
;ServiceLog;Stanislav;1435594591318;3G;HSPA;250-1-100-65569597;-1;-1;-1;-1;507;-109
;ServiceLog;Stanislav;1435594592326;3G;HSPA;1;250;1;100;65569597;507;-111
;ServiceLog;Stanislav;1435594592326;3G;HSPA;250-1-100-65569597;-1;-1;-1;-1;507;-109
;ServiceLog;Stanislav;1435594593339;3G;HSPA;1;250;1;100;65569597;507;-111
;ServiceLog;Stanislav;1435594593339;3G;HSPA;250-1-100-65569597;-1;-1;-1;-1;507;-109
;ServiceLog;Stanislav;1435594594348;3G;HSPA;1;250;1;100;65569597;507;-111
;ServiceLog;Stanislav;1435594594348;3G;HSPA;250-1-100-65569597;-1;-1;-1;-1;507;-109
;ServiceLog;Stanislav;1435594595361;3G;HSPA;1;250;1;100;65569597;507;-111
;ServiceLog;Stanislav;1435594595361;3G;HSPA;250-1-100-65569597;-1;-1;-1;-1;507;-109
;ServiceLog;Stanislav;1435594596371;3G;HSPA;1;250;1;100;65569597;507;-113
;ServiceLog;Stanislav;1435594596371;3G;HSPA;250-1-100-65569597;-1;-1;-1;-1;507;-113
;ServiceLog;Stanislav;1435594597384;3G;HSPA;1;250;1;100;65569597;507;-113
;ServiceLog;Stanislav;1435594597384;3G;HSPA;250-1-100-65569597;-1;-1;-1;-1;507;-113
;ServiceLog;Stanislav;1435594598393;3G;HSPA;1;250;1;100;65569597;507;-113
;ServiceLog;Stanislav;1435594598393;3G;HSPA;250-1-100-65569597;-1;-1;-1;-1;507;-113
;ServiceLog;Stanislav;1435594599407;3G;HSPA;1;250;1;100;65569597;507;-113
;ServiceLog;Stanislav;1435594599407;3G;HSPA;250-1-100-65569597;-1;-1;-1;-1;507;-113
;ServiceLog;Stanislav;1435594600416;3G;HSPA;1;250;1;100;65569597;507;-113
;ServiceLog;Stanislav;1435594600416;3G;HSPA;250-1-100-65569597;-1;-1;-1;-1;507;-113
;ServiceLog;Stanislav;1435594601430;3G;HSPA;1;250;1;100;65569597;507;-113
;ServiceLog;Stanislav;1435594601430;3G;HSPA;250-1-100-65569597;-1;-1;-1;-1;507;-113
;ServiceLog;Stanislav;1435594602439;3G;HSPA;1;250;1;100;65569597;507;-113
;ServiceLog;Stanislav;1435594602439;3G;HSPA;250-1-100-65569597;-1;-1;-1;-1;507;-113
;ServiceLog;Stanislav;1435594603454;3G;HSPA;1;250;1;100;65569597;507;-113
;ServiceLog;Stanislav;1435594603454;3G;HSPA;250-1-100-65569597;-1;-1;-1;-1;507;-113
;ServiceLog;Stanislav;1435594604462;3G;HSPA;1;250;1;100;65569597;507;-113
;ServiceLog;Stanislav;1435594604462;3G;HSPA;250-1-100-65569597;-1;-1;-1;-1;507;-113
;ServiceLog;Stanislav;1435594605483;3G;HSPA;1;250;1;100;65569597;507;-113
;ServiceLog;Stanislav;1435594605483;3G;HSPA;250-1-100-65569597;-1;-1;-1;-1;507;-113
;ServiceLog;Stanislav;1435594606492;3G;HSPA;1;250;1;100;65569597;507;-113
;ServiceLog;Stanislav;1435594606492;3G;HSPA;250-1-100-65569597;-1;-1;-1;-1;507;-113
;ServiceLog;Stanislav;1435594607505;3G;HSPA;1;250;1;100;65569597;507;-113
;ServiceLog;Stanislav;1435594607505;3G;HSPA;250-1-100-65569597;-1;-1;-1;-1;507;-113
;ServiceLog;Stanislav;1435594608521;3G;HSPA;1;250;1;100;65569597;507;-113
;ServiceLog;Stanislav;1435594608521;3G;HSPA;250-1-100-65569597;-1;-1;-1;-1;507;-113
;ServiceLog;Stanislav;1435594609533;3G;HSPA;1;250;1;100;65569597;507;-113
;ServiceLog;Stanislav;1435594609533;3G;HSPA;250-1-100-65569597;-1;-1;-1;-1;507;-113
;ServiceLog;Stanislav;1435594610625;3G;HSPA;1;250;1;100;65569597;507;-113
;ServiceLog;Stanislav;1435594611639;unknown;unknown;1;250;1;100;65569597;507;-113
;ServiceLog;Stanislav;1435594612648;unknown;unknown;1;-1;-1;-1;-1;-1;0
;ServiceLog;Stanislav;1435594613669;unknown;unknown;1;-1;-1;-1;-1;-1;0
;ServiceLog;Stanislav;1435594614688;unknown;unknown;1;-1;-1;-1;-1;-1;0
;ServiceLog;Stanislav;1435594615707;unknown;unknown;1;-1;-1;-1;-1;-1;0
;ServiceLog;Stanislav;1435594616728;unknown;unknown;1;-1;-1;-1;-1;-1;0
;ServiceLog;Stanislav;1435594617749;unknown;unknown;1;-1;-1;-1;-1;-1;0
;ServiceLog;Stanislav;1435594618766;unknown;unknown;1;-1;-1;-1;-1;-1;0
;ServiceLog;Stanislav;1435594619789;unknown;unknown;1;-1;-1;-1;-1;-1;0
;ServiceLog;Stanislav;1435594620807;unknown;unknown;1;-1;-1;-1;-1;-1;0
;ServiceLog;Stanislav;1435594621827;unknown;unknown;1;-1;-1;-1;-1;-1;0
;ServiceLog;Stanislav;1435594622845;unknown;unknown;1;-1;-1;-1;-1;-1;0
;ServiceLog;Stanislav;1435594623866;unknown;unknown;1;-1;-1;-1;-1;-1;0
;ServiceLog;Stanislav;1435594624887;unknown;unknown;1;250;2;7803;22546;-1;-101
;ServiceLog;Stanislav;1435594625907;unknown;unknown;1;250;2;7803;22546;-1;-101
;ServiceLog;Stanislav;1435594626914;unknown;unknown;1;250;2;7803;22546;-1;-99
;ServiceLog;Stanislav;1435594627928;unknown;unknown;1;250;2;7803;22546;-1;-99
;ServiceLog;Stanislav;1435594628935;unknown;unknown;1;250;2;7803;22546;-1;-95
;ServiceLog;Stanislav;1435594628935;unknown;unknown;250-2-7803-22546;-1;-1;-1;-1;-1;-105
;ServiceLog;Stanislav;1435594629949;unknown;unknown;1;250;2;7803;22546;-1;-95
;ServiceLog;Stanislav;1435594629949;unknown;unknown;250-2-7803-22546;-1;-1;-1;-1;-1;-105
;ServiceLog;Stanislav;1435594630958;unknown;unknown;1;250;2;7803;22546;-1;-95
;ServiceLog;Stanislav;1435594630958;unknown;unknown;250-2-7803-22546;250;2;7803;22681;-1;-107
;ServiceLog;Stanislav;1435594631973;unknown;unknown;1;250;2;7803;22546;-1;-95
;ServiceLog;Stanislav;1435594631973;unknown;unknown;250-2-7803-22546;250;2;7803;22681;-1;-107
;ServiceLog;Stanislav;1435594632982;unknown;unknown;1;250;2;7803;22546;-1;-93
;ServiceLog;Stanislav;1435594632982;unknown;unknown;250-2-7803-22546;250;2;7803;22681;-1;-107
;ServiceLog;Stanislav;1435594633995;unknown;unknown;1;250;2;7803;22546;-1;-93
;ServiceLog;Stanislav;1435594633995;unknown;unknown;250-2-7803-22546;250;2;7803;22681;-1;-107
;ServiceLog;Stanislav;1435594635004;unknown;unknown;1;250;2;7803;22546;-1;-95
;ServiceLog;Stanislav;1435594635004;unknown;unknown;250-2-7803-22546;250;2;7803;22681;-1;-107
;ServiceLog;Stanislav;1435594636017;unknown;unknown;1;250;2;7803;22546;-1;-95
;ServiceLog;Stanislav;1435594636017;unknown;unknown;250-2-7803-22546;250;2;7803;22681;-1;-107
;ServiceLog;Stanislav;1435594637026;unknown;unknown;1;250;2;7803;22546;-1;-95
;ServiceLog;Stanislav;1435594637026;unknown;unknown;250-2-7803-22546;250;2;7803;22681;-1;-107
;ServiceLog;Stanislav;1435594638040;unknown;unknown;1;250;2;7803;22546;-1;-95
;ServiceLog;Stanislav;1435594638040;unknown;unknown;250-2-7803-22546;250;2;7803;22681;-1;-107
;ServiceLog;Stanislav;1435594639048;unknown;unknown;1;250;2;7803;22546;-1;-97
;ServiceLog;Stanislav;1435594639048;unknown;unknown;250-2-7803-22546;250;2;7803;22681;-1;-107
;ServiceLog;Stanislav;1435594640062;unknown;unknown;1;250;2;7803;22546;-1;-97
;ServiceLog;Stanislav;1435594640062;unknown;unknown;250-2-7803-22546;250;2;7803;22681;-1;-107
;ServiceLog;Stanislav;1435594641071;unknown;unknown;1;250;2;7803;22546;-1;-95
;ServiceLog;Stanislav;1435594641071;unknown;unknown;250-2-7803-22546;250;2;7803;22681;-1;-107
;ServiceLog;Stanislav;1435594642086;unknown;unknown;1;250;2;7803;22546;-1;-95
;ServiceLog;Stanislav;1435594642086;unknown;unknown;250-2-7803-22546;250;2;7803;22681;-1;-107
;ServiceLog;Stanislav;1435594643095;unknown;unknown;1;250;2;7803;22546;-1;-91
;ServiceLog;Stanislav;1435594643095;unknown;unknown;250-2-7803-22546;250;2;7803;22681;-1;-107
;ServiceLog;Stanislav;1435594644114;unknown;unknown;1;250;2;7803;22546;-1;-91
;ServiceLog;Stanislav;1435594644114;unknown;unknown;250-2-7803-22546;250;2;7803;22681;-1;-107
;ServiceLog;Stanislav;1435594645123;unknown;unknown;1;250;2;7803;22546;-1;-89
;ServiceLog;Stanislav;1435594645123;unknown;unknown;250-2-7803-22546;250;2;7803;22681;-1;-107
;ServiceLog;Stanislav;1435594646136;unknown;unknown;1;250;2;7803;22546;-1;-89
;ServiceLog;Stanislav;1435594646136;unknown;unknown;250-2-7803-22546;250;2;7803;22681;-1;-107
;ServiceLog;Stanislav;1435594647145;unknown;unknown;1;250;2;7803;22546;-1;-89
;ServiceLog;Stanislav;1435594647145;unknown;unknown;250-2-7803-22546;250;2;7803;22681;-1;-107
;ServiceLog;Stanislav;1435594648157;unknown;unknown;1;250;2;7803;22546;-1;-89
;ServiceLog;Stanislav;1435594648157;unknown;unknown;250-2-7803-22546;250;2;7803;22681;-1;-107
;ServiceLog;Stanislav;1435594649173;unknown;unknown;1;250;2;7803;22546;-1;-89
;ServiceLog;Stanislav;1435594649173;unknown;unknown;250-2-7803-22546;250;2;7803;22681;-1;-107
;ServiceLog;Stanislav;1435594650191;unknown;unknown;1;250;2;7803;22546;-1;-89
;ServiceLog;Stanislav;1435594650191;unknown;unknown;250-2-7803-22546;250;2;7803;22681;-1;-107
;ServiceLog;Stanislav;1435594651201;unknown;unknown;1;250;2;7803;22546;-1;-89
;ServiceLog;Stanislav;1435594651201;unknown;unknown;250-2-7803-22546;250;2;7803;22681;-1;-107
;ServiceLog;Stanislav;1435594652216;unknown;unknown;1;250;2;7803;22546;-1;-89
;ServiceLog;Stanislav;1435594652216;unknown;unknown;250-2-7803-22546;250;2;7803;22681;-1;-107
;ServiceLog;Stanislav;1435594653225;unknown;unknown;1;250;2;7803;22546;-1;-89
;ServiceLog;Stanislav;1435594653225;unknown;unknown;250-2-7803-22546;250;2;7803;22681;-1;-107
;ServiceLog;Stanislav;1435594654242;unknown;unknown;1;250;2;7803;22546;-1;-89
;ServiceLog;Stanislav;1435594654242;unknown;unknown;250-2-7803-22546;250;2;7803;22681;-1;-107
;ServiceLog;Stanislav;1435594655254;unknown;unknown;1;250;2;7803;8294621;68;-111
;ServiceLog;Stanislav;1435594656273;unknown;unknown;1;250;2;7803;8294621;68;-111
;ServiceLog;Stanislav;1435594657282;unknown;unknown;1;250;2;7803;8294621;68;-111
;ServiceLog;Stanislav;1435594658304;unknown;unknown;1;250;2;7803;8294621;68;-111
;ServiceLog;Stanislav;1435594659324;unknown;unknown;1;250;2;7803;8294621;68;-105
;ServiceLog;Stanislav;1435594660344;unknown;unknown;1;250;2;7803;8294621;68;-105
;ServiceLog;Stanislav;1435594661356;unknown;unknown;1;250;2;7803;8294621;68;-87
;ServiceLog;Stanislav;1435594662372;unknown;unknown;1;250;2;7803;8294621;68;-87
;ServiceLog;Stanislav;1435594663379;unknown;unknown;1;250;2;7803;8294621;68;-87
;ServiceLog;Stanislav;1435594664394;unknown;unknown;1;250;2;7803;8294621;68;-87
;ServiceLog;Stanislav;1435594665404;unknown;unknown;1;250;2;7803;8294621;68;-93
;ServiceLog;Stanislav;1435594666420;unknown;unknown;1;250;2;7803;8294621;68;-93
;ServiceLog;Stanislav;1435594667428;unknown;unknown;1;250;2;7803;8294621;68;-85
;ServiceLog;Stanislav;1435594668445;unknown;unknown;1;250;2;7803;8294621;68;-85
;ServiceLog;Stanislav;1435594669455;unknown;unknown;1;250;2;7803;8294621;68;-85
;ServiceLog;Stanislav;1435594670474;unknown;unknown;1;250;2;7803;8294621;68;-85
;ServiceLog;Stanislav;1435594671484;unknown;unknown;1;250;2;7803;8294621;68;-89
;ServiceLog;Stanislav;1435594672497;unknown;unknown;1;250;2;7803;8294621;68;-89
;ServiceLog;Stanislav;1435594673507;unknown;unknown;1;250;2;7803;8294621;68;-85
;ServiceLog;Stanislav;1435594674522;unknown;unknown;1;250;2;7803;8294621;68;-85
;ServiceLog;Stanislav;1435594675530;unknown;unknown;1;250;2;7803;8294621;68;-85
;ServiceLog;Stanislav;1435594676546;unknown;unknown;1;250;2;7803;8294621;68;-85
;ServiceLog;Stanislav;1435594677559;unknown;unknown;1;250;2;7803;8294621;68;-81
;ServiceLog;Stanislav;1435594678574;unknown;unknown;1;250;2;7803;8294621;68;-81
;ServiceLog;Stanislav;1435594679584;unknown;unknown;1;250;2;7803;8294621;68;-73
;ServiceLog;Stanislav;1435594680598;unknown;unknown;1;250;2;7803;8294621;68;-73
;ServiceLog;Stanislav;1435594681608;unknown;unknown;1;250;2;7803;8294621;68;-73
;ServiceLog;Stanislav;1435594682624;unknown;unknown;1;250;2;7803;8294621;68;-73
;ServiceLog;Stanislav;1435594683631;unknown;unknown;1;250;2;7803;8294621;68;-79
;ServiceLog;Stanislav;1435594683631;unknown;unknown;250-2-7803-8294621;-1;-1;-1;-1;60;-113
;ServiceLog;Stanislav;1435594684648;unknown;unknown;1;250;2;7803;8294621;68;-79
;ServiceLog;Stanislav;1435594684648;unknown;unknown;250-2-7803-8294621;-1;-1;-1;-1;60;-113
;ServiceLog;Stanislav;1435594685660;unknown;unknown;1;250;2;7803;8294621;68;-79
;ServiceLog;Stanislav;1435594685660;unknown;unknown;250-2-7803-8294621;-1;-1;-1;-1;60;-113
;ServiceLog;Stanislav;1435594686677;3G;HSPA;1;250;2;7803;8294621;68;-79
;ServiceLog;Stanislav;1435594686677;3G;HSPA;250-2-7803-8294621;-1;-1;-1;-1;60;-113
;ServiceLog;Stanislav;1435594687694;3G;HSPA;1;250;1;100;65540017;501;-51
;ServiceLog;Stanislav;1435594688709;3G;HSPA;1;250;1;100;65540017;501;-51
;ServiceLog;Stanislav;1435594689718;3G;HSPA;1;250;1;100;65540017;501;-79
;ServiceLog;Stanislav;1435594690734;3G;HSPA;1;250;1;100;65540017;501;-79
;ServiceLog;Stanislav;1435594691744;3G;HSPA;1;250;1;100;65540017;501;-79
;ServiceLog;Stanislav;1435594692757;3G;HSPA;1;250;1;100;65540017;501;-79
;ServiceLog;Stanislav;1435594693767;3G;HSPA;1;250;1;100;65540017;501;-73
;ServiceLog;Stanislav;1435594693767;3G;HSPA;250-1-100-65540017;-1;-1;-1;-1;501;-79
;ServiceLog;Stanislav;1435594694788;3G;HSPA;1;250;1;100;65540017;501;-73
;ServiceLog;Stanislav;1435594694788;3G;HSPA;250-1-100-65540017;-1;-1;-1;-1;501;-79
;ServiceLog;Stanislav;1435594695800;3G;HSPA;1;250;1;100;65540017;501;-73
;ServiceLog;Stanislav;1435594695800;3G;HSPA;250-1-100-65540017;-1;-1;-1;-1;501;-79
;ServiceLog;Stanislav;1435594696816;3G;HSPA;1;250;1;100;65540017;501;-73
;ServiceLog;Stanislav;1435594696816;3G;HSPA;250-1-100-65540017;-1;-1;-1;-1;501;-79
;ServiceLog;Stanislav;1435594697826;3G;HSPA;1;250;1;100;65540017;501;-75
;ServiceLog;Stanislav;1435594697826;3G;HSPA;250-1-100-65540017;-1;-1;-1;-1;501;-75
;ServiceLog;Stanislav;1435594698843;3G;HSPA;1;250;1;100;65540017;501;-75
;ServiceLog;Stanislav;1435594698843;3G;HSPA;250-1-100-65540017;-1;-1;-1;-1;501;-75
;ServiceLog;Stanislav;1435594699858;3G;HSPA;1;250;1;100;65540017;501;-77
;ServiceLog;Stanislav;1435594699858;3G;HSPA;250-1-100-65540017;-1;-1;-1;-1;501;-75
;ServiceLog;Stanislav;1435594700876;3G;HSPA;1;250;1;100;65540017;501;-77
;ServiceLog;Stanislav;1435594700876;3G;HSPA;250-1-100-65540017;-1;-1;-1;-1;501;-75
;ServiceLog;Stanislav;1435594701887;3G;HSPA;1;250;1;100;65540017;501;-77
;ServiceLog;Stanislav;1435594701887;3G;HSPA;250-1-100-65540017;-1;-1;-1;-1;501;-75
;ServiceLog;Stanislav;1435594702903;3G;HSPA;1;250;1;100;65540017;501;-77
;ServiceLog;Stanislav;1435594702903;3G;HSPA;250-1-100-65540017;-1;-1;-1;-1;501;-75
;ServiceLog;Stanislav;1435594703911;3G;HSPA;1;250;1;100;65540017;501;-79
;ServiceLog;Stanislav;1435594703911;3G;HSPA;250-1-100-65540017;-1;-1;-1;-1;501;-75
;ServiceLog;Stanislav;1435594704927;3G;HSPA;1;250;1;100;65540017;501;-79
;ServiceLog;Stanislav;1435594704927;3G;HSPA;250-1-100-65540017;-1;-1;-1;-1;501;-75
;ServiceLog;Stanislav;1435594705941;3G;HSPA;1;250;1;100;65540017;501;-75
;ServiceLog;Stanislav;1435594705941;3G;HSPA;250-1-100-65540017;-1;-1;-1;-1;501;-79
;ServiceLog;Stanislav;1435594706960;3G;HSPA;1;250;1;100;65540017;501;-75
;ServiceLog;Stanislav;1435594706960;3G;HSPA;250-1-100-65540017;-1;-1;-1;-1;501;-79
;ServiceLog;Stanislav;1435594707973;3G;HSPA;1;250;1;100;65540017;501;-75
;ServiceLog;Stanislav;1435594707973;3G;HSPA;250-1-100-65540017;-1;-1;-1;-1;501;-79
;ServiceLog;Stanislav;1435594708994;3G;HSPA;1;250;1;100;65540017;501;-75
;ServiceLog;Stanislav;1435594708994;3G;HSPA;250-1-100-65540017;-1;-1;-1;-1;501;-79
;ServiceLog;Stanislav;1435594710006;3G;HSPA;1;250;1;100;65540017;501;-79
;ServiceLog;Stanislav;1435594710006;3G;HSPA;250-1-100-65540017;-1;-1;-1;-1;501;-73
;ServiceLog;Stanislav;1435594711025;3G;HSPA;1;250;1;100;65540017;501;-79
;ServiceLog;Stanislav;1435594711025;3G;HSPA;250-1-100-65540017;-1;-1;-1;-1;501;-73
;ServiceLog;Stanislav;1435594712036;3G;HSPA;1;250;1;100;65540017;501;-73
;ServiceLog;Stanislav;1435594712036;3G;HSPA;250-1-100-65540017;-1;-1;-1;-1;501;-75
;ServiceLog;Stanislav;1435594713055;3G;HSPA;1;250;1;100;65540017;501;-73
;ServiceLog;Stanislav;1435594713055;3G;HSPA;250-1-100-65540017;-1;-1;-1;-1;501;-75
;ServiceLog;Stanislav;1435594714067;3G;HSPA;1;250;1;100;65540017;501;-73
;ServiceLog;Stanislav;1435594714067;3G;HSPA;250-1-100-65540017;-1;-1;-1;-1;501;-75
;ServiceLog;Stanislav;1435594715085;3G;HSPA;1;250;1;100;65540017;501;-73
;ServiceLog;Stanislav;1435594715085;3G;HSPA;250-1-100-65540017;-1;-1;-1;-1;501;-75
;ServiceLog;Stanislav;1435594716095;3G;HSPA;1;250;1;100;65540017;501;-75
;ServiceLog;Stanislav;1435594716095;3G;HSPA;250-1-100-65540017;-1;-1;-1;-1;501;-79
;ServiceLog;Stanislav;1435594717111;3G;HSPA;1;250;1;100;65540017;501;-75
;ServiceLog;Stanislav;1435594717111;3G;HSPA;250-1-100-65540017;-1;-1;-1;-1;501;-79
;ServiceLog;Stanislav;1435594718126;3G;HSPA;1;250;1;100;65540017;501;-75
;ServiceLog;Stanislav;1435594718126;3G;HSPA;250-1-100-65540017;-1;-1;-1;-1;501;-79
;ServiceLog;Stanislav;1435594719144;3G;HSPA;1;250;1;100;65540017;501;-75
;ServiceLog;Stanislav;1435594719144;3G;HSPA;250-1-100-65540017;-1;-1;-1;-1;501;-79
;ServiceLog;Stanislav;1435594720152;3G;HSPA;1;250;1;100;65540017;501;-73
;ServiceLog;Stanislav;1435594720152;3G;HSPA;250-1-100-65540017;-1;-1;-1;-1;501;-77
;ServiceLog;Stanislav;1435594721171;3G;HSPA;1;250;1;100;65540017;501;-73
;ServiceLog;Stanislav;1435594721171;3G;HSPA;250-1-100-65540017;-1;-1;-1;-1;501;-77
;ServiceLog;Stanislav;1435594722182;3G;HSPA;1;250;1;100;65540017;501;-79
;ServiceLog;Stanislav;1435594722182;3G;HSPA;250-1-100-65540017;-1;-1;-1;-1;501;-79
;ServiceLog;Stanislav;1435594723200;3G;HSPA;1;250;1;100;65540017;501;-79
;ServiceLog;Stanislav;1435594723200;3G;HSPA;250-1-100-65540017;-1;-1;-1;-1;501;-79
;ServiceLog;Stanislav;1435594724208;3G;HSPA;1;250;1;100;65540017;501;-79
;ServiceLog;Stanislav;1435594724208;3G;HSPA;250-1-100-65540017;-1;-1;-1;-1;501;-79
;ServiceLog;Stanislav;1435594725227;3G;HSPA;1;250;1;100;65540017;501;-79
;ServiceLog;Stanislav;1435594725227;3G;HSPA;250-1-100-65540017;-1;-1;-1;-1;501;-79
;ServiceLog;Stanislav;1435594726240;3G;HSPA;1;250;1;100;65540017;501;-73
;ServiceLog;Stanislav;1435594726240;3G;HSPA;250-1-100-65540017;-1;-1;-1;-1;501;-75
;ServiceLog;Stanislav;1435594727258;3G;HSPA;1;250;1;100;65540017;501;-73
;ServiceLog;Stanislav;1435594727258;3G;HSPA;250-1-100-65540017;-1;-1;-1;-1;501;-75
;ServiceLog;Stanislav;1435594728272;3G;HSPA;1;250;1;100;65540017;501;-71
;ServiceLog;Stanislav;1435594728272;3G;HSPA;250-1-100-65540017;-1;-1;-1;-1;501;-79
;ServiceLog;Stanislav;1435594729291;3G;HSPA;1;250;1;100;65540017;501;-71
;ServiceLog;Stanislav;1435594729291;3G;HSPA;250-1-100-65540017;-1;-1;-1;-1;501;-79
;ServiceLog;Stanislav;1435594730303;3G;HSPA;1;250;1;100;65540017;501;-71
;ServiceLog;Stanislav;1435594730303;3G;HSPA;250-1-100-65540017;-1;-1;-1;-1;501;-79
;ServiceLog;Stanislav;1435594731327;3G;HSPA;1;250;1;100;65540017;501;-71
;ServiceLog;Stanislav;1435594731327;3G;HSPA;250-1-100-65540017;-1;-1;-1;-1;501;-79
;ServiceLog;Stanislav;1435594732338;3G;HSPA;1;250;1;100;65540017;501;-67
;ServiceLog;Stanislav;1435594732338;3G;HSPA;250-1-100-65540017;-1;-1;-1;-1;501;-69
;ServiceLog;Stanislav;1435594733360;3G;HSPA;1;250;1;100;65540017;501;-67
;ServiceLog;Stanislav;1435594733360;3G;HSPA;250-1-100-65540017;-1;-1;-1;-1;501;-69
;ServiceLog;Stanislav;1435594734371;3G;HSPA;1;250;1;100;65540017;501;-63
;ServiceLog;Stanislav;1435594734371;3G;HSPA;250-1-100-65540017;-1;-1;-1;-1;501;-63
;ServiceLog;Stanislav;1435594735384;3G;HSPA;1;250;1;100;65540017;501;-63
;ServiceLog;Stanislav;1435594735384;3G;HSPA;250-1-100-65540017;-1;-1;-1;-1;501;-63
;ServiceLog;Stanislav;1435594736395;3G;HSPA;1;250;1;100;65540017;501;-63
;ServiceLog;Stanislav;1435594736395;3G;HSPA;250-1-100-65540017;-1;-1;-1;-1;501;-63
;ServiceLog;Stanislav;1435594737414;3G;HSPA;1;250;1;100;65540017;501;-63
;ServiceLog;Stanislav;1435594737414;3G;HSPA;250-1-100-65540017;-1;-1;-1;-1;501;-63
;ServiceLog;Stanislav;1435594738436;3G;HSPA;1;250;1;100;65540017;501;-77
;ServiceLog;Stanislav;1435594738436;3G;HSPA;250-1-100-65540017;-1;-1;-1;-1;501;-77
;ServiceLog;Stanislav;1435594739452;3G;HSPA;1;250;1;100;65540017;501;-77
;ServiceLog;Stanislav;1435594739452;3G;HSPA;250-1-100-65540017;-1;-1;-1;-1;501;-77
;ServiceLog;Stanislav;1435594740471;3G;HSPA;1;250;1;100;65540017;501;-77
;ServiceLog;Stanislav;1435594740471;3G;HSPA;250-1-100-65540017;-1;-1;-1;-1;501;-77
;ServiceLog;Stanislav;1435594741486;3G;HSPA;1;250;1;100;65540017;501;-77
;ServiceLog;Stanislav;1435594741486;3G;HSPA;250-1-100-65540017;-1;-1;-1;-1;501;-77
;ServiceLog;Stanislav;1435594742495;3G;HSPA;1;250;1;100;65540017;501;-105
;ServiceLog;Stanislav;1435594742495;3G;HSPA;250-1-100-65540017;-1;-1;-1;-1;501;-99
;ServiceLog;Stanislav;1435594743509;3G;HSPA;1;250;1;100;65540017;501;-105
;ServiceLog;Stanislav;1435594743509;3G;HSPA;250-1-100-65540017;-1;-1;-1;-1;501;-99
;ServiceLog;Stanislav;1435594744518;3G;HSPA;1;250;1;100;65540017;501;-109
;ServiceLog;Stanislav;1435594744518;3G;HSPA;250-1-100-65540017;-1;-1;-1;-1;501;-113
;ServiceLog;Stanislav;1435594745532;3G;HSPA;1;250;1;100;65540017;501;-109
;ServiceLog;Stanislav;1435594745532;3G;HSPA;250-1-100-65540017;-1;-1;-1;-1;501;-113
;ServiceLog;Stanislav;1435594746540;3G;HSPA;1;250;1;100;65540017;501;-109
;ServiceLog;Stanislav;1435594746540;3G;HSPA;250-1-100-65540017;-1;-1;-1;-1;501;-113
;ServiceLog;Stanislav;1435594747555;3G;HSPA;1;250;1;100;65540017;501;-109
;ServiceLog;Stanislav;1435594747555;3G;HSPA;250-1-100-65540017;-1;-1;-1;-1;501;-113
;ServiceLog;Stanislav;1435594748564;3G;HSPA;1;250;1;100;65540017;501;-113
;ServiceLog;Stanislav;1435594748564;3G;HSPA;250-1-100-65540017;-1;-1;-1;-1;501;-113
;ServiceLog;Stanislav;1435594749588;3G;HSPA;1;250;1;100;65540017;501;-113
;ServiceLog;Stanislav;1435594749588;3G;HSPA;250-1-100-65540017;-1;-1;-1;-1;501;-113
;ServiceLog;Stanislav;1435594750604;3G;HSPA;1;250;1;100;65540017;501;-113
;ServiceLog;Stanislav;1435594750604;3G;HSPA;250-1-100-65540017;-1;-1;-1;-1;501;-113
;ServiceLog;Stanislav;1435594750604;3G;HSPA;250-1-100-65540017;-1;-1;-1;-1;-1;-111
;ServiceLog;Stanislav;1435594750604;3G;HSPA;250-1-100-65540017;-1;-1;-1;-1;-1;-111
;ServiceLog;Stanislav;1435594750604;3G;HSPA;250-1-100-65540017;-1;-1;-1;-1;-1;-111
;ServiceLog;Stanislav;1435594750604;3G;HSPA;250-1-100-65540017;-1;-1;-1;-1;-1;-111
;ServiceLog;Stanislav;1435594750604;3G;HSPA;250-1-100-65540017;-1;-1;-1;-1;-1;-113
;ServiceLog;Stanislav;1435594750604;3G;HSPA;250-1-100-65540017;-1;-1;-1;-1;-1;-113
;ServiceLog;Stanislav;1435594750604;3G;HSPA;250-1-100-65540017;-1;-1;-1;-1;-1;-113
;ServiceLog;Stanislav;1435594750604;3G;HSPA;250-1-100-65540017;-1;-1;-1;-1;-1;-113
;ServiceLog;Stanislav;1435594751624;3G;HSPA;1;250;1;100;65540017;501;-113
;ServiceLog;Stanislav;1435594751624;3G;HSPA;250-1-100-65540017;-1;-1;-1;-1;501;-113
;ServiceLog;Stanislav;1435594751624;3G;HSPA;250-1-100-65540017;-1;-1;-1;-1;-1;-111
;ServiceLog;Stanislav;1435594751624;3G;HSPA;250-1-100-65540017;-1;-1;-1;-1;-1;-111
;ServiceLog;Stanislav;1435594751624;3G;HSPA;250-1-100-65540017;-1;-1;-1;-1;-1;-111
;ServiceLog;Stanislav;1435594751624;3G;HSPA;250-1-100-65540017;-1;-1;-1;-1;-1;-111
;ServiceLog;Stanislav;1435594751624;3G;HSPA;250-1-100-65540017;-1;-1;-1;-1;-1;-113
;ServiceLog;Stanislav;1435594751624;3G;HSPA;250-1-100-65540017;-1;-1;-1;-1;-1;-113
;ServiceLog;Stanislav;1435594751624;3G;HSPA;250-1-100-65540017;-1;-1;-1;-1;-1;-113
;ServiceLog;Stanislav;1435594751624;3G;HSPA;250-1-100-65540017;-1;-1;-1;-1;-1;-113
;ServiceLog;Stanislav;1435594752640;3G;HSPA;1;250;1;100;65540017;501;-113
;ServiceLog;Stanislav;1435594752640;3G;HSPA;250-1-100-65540017;-1;-1;-1;-1;501;-113
;ServiceLog;Stanislav;1435594752640;3G;HSPA;250-1-100-65540017;-1;-1;-1;-1;-1;-111
;ServiceLog;Stanislav;1435594752640;3G;HSPA;250-1-100-65540017;-1;-1;-1;-1;-1;-111
;ServiceLog;Stanislav;1435594752640;3G;HSPA;250-1-100-65540017;-1;-1;-1;-1;-1;-111
;ServiceLog;Stanislav;1435594752640;3G;HSPA;250-1-100-65540017;-1;-1;-1;-1;-1;-111
;ServiceLog;Stanislav;1435594752640;3G;HSPA;250-1-100-65540017;-1;-1;-1;-1;-1;-113
;ServiceLog;Stanislav;1435594752640;3G;HSPA;250-1-100-65540017;-1;-1;-1;-1;-1;-113
;ServiceLog;Stanislav;1435594752640;3G;HSPA;250-1-100-65540017;-1;-1;-1;-1;-1;-113
;ServiceLog;Stanislav;1435594752640;3G;HSPA;250-1-100-65540017;-1;-1;-1;-1;-1;-113
;ServiceLog;Stanislav;1435594753660;3G;HSPA;1;250;1;100;65540017;501;-113
;ServiceLog;Stanislav;1435594753660;3G;HSPA;250-1-100-65540017;-1;-1;-1;-1;501;-113
;ServiceLog;Stanislav;1435594753660;3G;HSPA;250-1-100-65540017;-1;-1;-1;-1;-1;-111
;ServiceLog;Stanislav;1435594753660;3G;HSPA;250-1-100-65540017;-1;-1;-1;-1;-1;-111
;ServiceLog;Stanislav;1435594753660;3G;HSPA;250-1-100-65540017;-1;-1;-1;-1;-1;-111
;ServiceLog;Stanislav;1435594753660;3G;HSPA;250-1-100-65540017;-1;-1;-1;-1;-1;-111
;ServiceLog;Stanislav;1435594753660;3G;HSPA;250-1-100-65540017;-1;-1;-1;-1;-1;-113
;ServiceLog;Stanislav;1435594753660;3G;HSPA;250-1-100-65540017;-1;-1;-1;-1;-1;-113
;ServiceLog;Stanislav;1435594753660;3G;HSPA;250-1-100-65540017;-1;-1;-1;-1;-1;-113
;ServiceLog;Stanislav;1435594753660;3G;HSPA;250-1-100-65540017;-1;-1;-1;-1;-1;-113
;ServiceLog;Stanislav;1435594754675;3G;HSPA;1;250;1;100;65540017;501;-113
;ServiceLog;Stanislav;1435594754675;3G;HSPA;250-1-100-65540017;-1;-1;-1;-1;501;-113
;ServiceLog;Stanislav;1435594754675;3G;HSPA;250-1-100-65540017;-1;-1;-1;-1;-1;-109
;ServiceLog;Stanislav;1435594754675;3G;HSPA;250-1-100-65540017;-1;-1;-1;-1;-1;-113
;ServiceLog;Stanislav;1435594754675;3G;HSPA;250-1-100-65540017;-1;-1;-1;-1;-1;-113
;ServiceLog;Stanislav;1435594754675;3G;HSPA;250-1-100-65540017;-1;-1;-1;-1;-1;-113
;ServiceLog;Stanislav;1435594754675;3G;HSPA;250-1-100-65540017;-1;-1;-1;-1;-1;-113
;ServiceLog;Stanislav;1435594754675;3G;HSPA;250-1-100-65540017;-1;-1;-1;-1;-1;-113
;ServiceLog;Stanislav;1435594754675;3G;HSPA;250-1-100-65540017;-1;-1;-1;-1;-1;-113
;ServiceLog;Stanislav;1435594754675;3G;HSPA;250-1-100-65540017;-1;-1;-1;-1;-1;-113
;ServiceLog;Stanislav;1435594755695;3G;HSPA;1;250;1;100;65540017;501;-113
;ServiceLog;Stanislav;1435594755695;3G;HSPA;250-1-100-65540017;-1;-1;-1;-1;501;-113
;ServiceLog;Stanislav;1435594755695;3G;HSPA;250-1-100-65540017;-1;-1;-1;-1;-1;-109
;ServiceLog;Stanislav;1435594755695;3G;HSPA;250-1-100-65540017;-1;-1;-1;-1;-1;-113
;ServiceLog;Stanislav;1435594755695;3G;HSPA;250-1-100-65540017;-1;-1;-1;-1;-1;-113
;ServiceLog;Stanislav;1435594755695;3G;HSPA;250-1-100-65540017;-1;-1;-1;-1;-1;-113
;ServiceLog;Stanislav;1435594755695;3G;HSPA;250-1-100-65540017;-1;-1;-1;-1;-1;-113
;ServiceLog;Stanislav;1435594755695;3G;HSPA;250-1-100-65540017;-1;-1;-1;-1;-1;-113
;ServiceLog;Stanislav;1435594755695;3G;HSPA;250-1-100-65540017;-1;-1;-1;-1;-1;-113
;ServiceLog;Stanislav;1435594755695;3G;HSPA;250-1-100-65540017;-1;-1;-1;-1;-1;-113
;ServiceLog;Stanislav;1435594756710;3G;HSPA;1;250;1;100;65540017;501;-113
;ServiceLog;Stanislav;1435594756710;3G;HSPA;250-1-100-65540017;-1;-1;-1;-1;501;-113
;ServiceLog;Stanislav;1435594756710;3G;HSPA;250-1-100-65540017;-1;-1;-1;-1;-1;-109
;ServiceLog;Stanislav;1435594756710;3G;HSPA;250-1-100-65540017;-1;-1;-1;-1;-1;-113
;ServiceLog;Stanislav;1435594756710;3G;HSPA;250-1-100-65540017;-1;-1;-1;-1;-1;-113
;ServiceLog;Stanislav;1435594756710;3G;HSPA;250-1-100-65540017;-1;-1;-1;-1;-1;-113
;ServiceLog;Stanislav;1435594756710;3G;HSPA;250-1-100-65540017;-1;-1;-1;-1;-1;-113
;ServiceLog;Stanislav;1435594756710;3G;HSPA;250-1-100-65540017;-1;-1;-1;-1;-1;-113
;ServiceLog;Stanislav;1435594756710;3G;HSPA;250-1-100-65540017;-1;-1;-1;-1;-1;-113
;ServiceLog;Stanislav;1435594756710;3G;HSPA;250-1-100-65540017;-1;-1;-1;-1;-1;-113
;ServiceLog;Stanislav;1435594757731;3G;HSPA;1;250;1;100;65540017;501;-113
;ServiceLog;Stanislav;1435594757731;3G;HSPA;250-1-100-65540017;-1;-1;-1;-1;501;-113
;ServiceLog;Stanislav;1435594757731;3G;HSPA;250-1-100-65540017;-1;-1;-1;-1;-1;-109
;ServiceLog;Stanislav;1435594757731;3G;HSPA;250-1-100-65540017;-1;-1;-1;-1;-1;-113
;ServiceLog;Stanislav;1435594757731;3G;HSPA;250-1-100-65540017;-1;-1;-1;-1;-1;-113
;ServiceLog;Stanislav;1435594757731;3G;HSPA;250-1-100-65540017;-1;-1;-1;-1;-1;-113
;ServiceLog;Stanislav;1435594757731;3G;HSPA;250-1-100-65540017;-1;-1;-1;-1;-1;-113
;ServiceLog;Stanislav;1435594757731;3G;HSPA;250-1-100-65540017;-1;-1;-1;-1;-1;-113
;ServiceLog;Stanislav;1435594757731;3G;HSPA;250-1-100-65540017;-1;-1;-1;-1;-1;-113
;ServiceLog;Stanislav;1435594757731;3G;HSPA;250-1-100-65540017;-1;-1;-1;-1;-1;-113
;ServiceLog;Stanislav;1435594758745;3G;HSPA;1;250;1;100;65540017;501;-113
;ServiceLog;Stanislav;1435594758745;3G;HSPA;250-1-100-65540017;-1;-1;-1;-1;501;-113
;ServiceLog;Stanislav;1435594758745;3G;HSPA;250-1-100-65540017;-1;-1;-1;-1;-1;-109
;ServiceLog;Stanislav;1435594758745;3G;HSPA;250-1-100-65540017;-1;-1;-1;-1;-1;-113
;ServiceLog;Stanislav;1435594758745;3G;HSPA;250-1-100-65540017;-1;-1;-1;-1;-1;-113
;ServiceLog;Stanislav;1435594758745;3G;HSPA;250-1-100-65540017;-1;-1;-1;-1;-1;-113
;ServiceLog;Stanislav;1435594758745;3G;HSPA;250-1-100-65540017;-1;-1;-1;-1;-1;-113
;ServiceLog;Stanislav;1435594758745;3G;HSPA;250-1-100-65540017;-1;-1;-1;-1;-1;-113
;ServiceLog;Stanislav;1435594758745;3G;HSPA;250-1-100-65540017;-1;-1;-1;-1;-1;-113
;ServiceLog;Stanislav;1435594758745;3G;HSPA;250-1-100-65540017;-1;-1;-1;-1;-1;-113
;ServiceLog;Stanislav;1435594759766;3G;HSPA;1;250;1;100;65540017;501;-113
;ServiceLog;Stanislav;1435594759766;3G;HSPA;250-1-100-65540017;-1;-1;-1;-1;501;-113
;ServiceLog;Stanislav;1435594759766;3G;HSPA;250-1-100-65540017;-1;-1;-1;-1;-1;-109
;ServiceLog;Stanislav;1435594759766;3G;HSPA;250-1-100-65540017;-1;-1;-1;-1;-1;-113
;ServiceLog;Stanislav;1435594759766;3G;HSPA;250-1-100-65540017;-1;-1;-1;-1;-1;-113
;ServiceLog;Stanislav;1435594759766;3G;HSPA;250-1-100-65540017;-1;-1;-1;-1;-1;-113
;ServiceLog;Stanislav;1435594759766;3G;HSPA;250-1-100-65540017;-1;-1;-1;-1;-1;-113
;ServiceLog;Stanislav;1435594759766;3G;HSPA;250-1-100-65540017;-1;-1;-1;-1;-1;-113
;ServiceLog;Stanislav;1435594759766;3G;HSPA;250-1-100-65540017;-1;-1;-1;-1;-1;-113
;ServiceLog;Stanislav;1435594759766;3G;HSPA;250-1-100-65540017;-1;-1;-1;-1;-1;-113
;ServiceLog;Stanislav;1435594760781;3G;HSPA;1;250;1;100;65540017;501;-113
;ServiceLog;Stanislav;1435594760781;3G;HSPA;250-1-100-65540017;-1;-1;-1;-1;501;-113
;ServiceLog;Stanislav;1435594760781;3G;HSPA;250-1-100-65540017;-1;-1;-1;-1;-1;-113
;ServiceLog;Stanislav;1435594760781;3G;HSPA;250-1-100-65540017;-1;-1;-1;-1;-1;-113
;ServiceLog;Stanislav;1435594760781;3G;HSPA;250-1-100-65540017;-1;-1;-1;-1;-1;-113
;ServiceLog;Stanislav;1435594760781;3G;HSPA;250-1-100-65540017;-1;-1;-1;-1;-1;-113
;ServiceLog;Stanislav;1435594760781;3G;HSPA;250-1-100-65540017;-1;-1;-1;-1;-1;-113
;ServiceLog;Stanislav;1435594760781;3G;HSPA;250-1-100-65540017;-1;-1;-1;-1;-1;-113
;ServiceLog;Stanislav;1435594760781;3G;HSPA;250-1-100-65540017;-1;-1;-1;-1;-1;-113
;ServiceLog;Stanislav;1435594760781;3G;HSPA;250-1-100-65540017;-1;-1;-1;-1;-1;-113
;ServiceLog;Stanislav;1435594761802;3G;HSPA;1;250;1;100;65540017;501;-113
;ServiceLog;Stanislav;1435594761802;3G;HSPA;250-1-100-65540017;-1;-1;-1;-1;501;-113
;ServiceLog;Stanislav;1435594761802;3G;HSPA;250-1-100-65540017;-1;-1;-1;-1;-1;-113
;ServiceLog;Stanislav;1435594761802;3G;HSPA;250-1-100-65540017;-1;-1;-1;-1;-1;-113
;ServiceLog;Stanislav;1435594761802;3G;HSPA;250-1-100-65540017;-1;-1;-1;-1;-1;-113
;ServiceLog;Stanislav;1435594761802;3G;HSPA;250-1-100-65540017;-1;-1;-1;-1;-1;-113
;ServiceLog;Stanislav;1435594761802;3G;HSPA;250-1-100-65540017;-1;-1;-1;-1;-1;-113
;ServiceLog;Stanislav;1435594761802;3G;HSPA;250-1-100-65540017;-1;-1;-1;-1;-1;-113
;ServiceLog;Stanislav;1435594761802;3G;HSPA;250-1-100-65540017;-1;-1;-1;-1;-1;-113
;ServiceLog;Stanislav;1435594761802;3G;HSPA;250-1-100-65540017;-1;-1;-1;-1;-1;-113
;ServiceLog;Stanislav;1435594762818;3G;HSPA;1;250;1;100;65540017;501;-113
;ServiceLog;Stanislav;1435594762818;3G;HSPA;250-1-100-65540017;-1;-1;-1;-1;501;-113
;ServiceLog;Stanislav;1435594762818;3G;HSPA;250-1-100-65540017;-1;-1;-1;-1;-1;-113
;ServiceLog;Stanislav;1435594762818;3G;HSPA;250-1-100-65540017;-1;-1;-1;-1;-1;-113
;ServiceLog;Stanislav;1435594762818;3G;HSPA;250-1-100-65540017;-1;-1;-1;-1;-1;-113
;ServiceLog;Stanislav;1435594762818;3G;HSPA;250-1-100-65540017;-1;-1;-1;-1;-1;-113
;ServiceLog;Stanislav;1435594762818;3G;HSPA;250-1-100-65540017;-1;-1;-1;-1;-1;-113
;ServiceLog;Stanislav;1435594762818;3G;HSPA;250-1-100-65540017;-1;-1;-1;-1;-1;-113
;ServiceLog;Stanislav;1435594762818;3G;HSPA;250-1-100-65540017;-1;-1;-1;-1;-1;-113
;ServiceLog;Stanislav;1435594762818;3G;HSPA;250-1-100-65540017;-1;-1;-1;-1;-1;-113
;ServiceLog;Stanislav;1435594763839;3G;HSPA;1;250;1;100;65540017;501;-113
;ServiceLog;Stanislav;1435594763839;3G;HSPA;250-1-100-65540017;-1;-1;-1;-1;501;-113
;ServiceLog;Stanislav;1435594763839;3G;HSPA;250-1-100-65540017;-1;-1;-1;-1;-1;-113
;ServiceLog;Stanislav;1435594763839;3G;HSPA;250-1-100-65540017;-1;-1;-1;-1;-1;-113
;ServiceLog;Stanislav;1435594763839;3G;HSPA;250-1-100-65540017;-1;-1;-1;-1;-1;-113
;ServiceLog;Stanislav;1435594763839;3G;HSPA;250-1-100-65540017;-1;-1;-1;-1;-1;-113
;ServiceLog;Stanislav;1435594763839;3G;HSPA;250-1-100-65540017;-1;-1;-1;-1;-1;-113
;ServiceLog;Stanislav;1435594763839;3G;HSPA;250-1-100-65540017;-1;-1;-1;-1;-1;-113
;ServiceLog;Stanislav;1435594763839;3G;HSPA;250-1-100-65540017;-1;-1;-1;-1;-1;-113
;ServiceLog;Stanislav;1435594763839;3G;HSPA;250-1-100-65540017;-1;-1;-1;-1;-1;-113
;ServiceLog;Stanislav;1435594764861;3G;HSPA;1;250;1;100;65540017;501;-113
;ServiceLog;Stanislav;1435594764861;3G;HSPA;250-1-100-65540017;-1;-1;-1;-1;501;-113
;ServiceLog;Stanislav;1435594764861;3G;HSPA;250-1-100-65540017;-1;-1;-1;-1;-1;-113
;ServiceLog;Stanislav;1435594764861;3G;HSPA;250-1-100-65540017;-1;-1;-1;-1;-1;-113
;ServiceLog;Stanislav;1435594764861;3G;HSPA;250-1-100-65540017;-1;-1;-1;-1;-1;-113
;ServiceLog;Stanislav;1435594764861;3G;HSPA;250-1-100-65540017;-1;-1;-1;-1;-1;-113
;ServiceLog;Stanislav;1435594764861;3G;HSPA;250-1-100-65540017;-1;-1;-1;-1;-1;-113
;ServiceLog;Stanislav;1435594764861;3G;HSPA;250-1-100-65540017;-1;-1;-1;-1;-1;-113
;ServiceLog;Stanislav;1435594764861;3G;HSPA;250-1-100-65540017;-1;-1;-1;-1;-1;-113
;ServiceLog;Stanislav;1435594764861;3G;HSPA;250-1-100-65540017;-1;-1;-1;-1;-1;-113
;ServiceLog;Stanislav;1435594765881;3G;HSPA;1;250;1;100;65540017;501;-113
;ServiceLog;Stanislav;1435594765881;3G;HSPA;250-1-100-65540017;-1;-1;-1;-1;501;-113
;ServiceLog;Stanislav;1435594765881;3G;HSPA;250-1-100-65540017;-1;-1;-1;-1;-1;-113
;ServiceLog;Stanislav;1435594765881;3G;HSPA;250-1-100-65540017;-1;-1;-1;-1;-1;-113
;ServiceLog;Stanislav;1435594765881;3G;HSPA;250-1-100-65540017;-1;-1;-1;-1;-1;-113
;ServiceLog;Stanislav;1435594765881;3G;HSPA;250-1-100-65540017;-1;-1;-1;-1;-1;-113
;ServiceLog;Stanislav;1435594765881;3G;HSPA;250-1-100-65540017;-1;-1;-1;-1;-1;-113
;ServiceLog;Stanislav;1435594765881;3G;HSPA;250-1-100-65540017;-1;-1;-1;-1;-1;-113
;ServiceLog;Stanislav;1435594765881;3G;HSPA;250-1-100-65540017;-1;-1;-1;-1;-1;-113
;ServiceLog;Stanislav;1435594765881;3G;HSPA;250-1-100-65540017;-1;-1;-1;-1;-1;-113
;ServiceLog;Stanislav;1435594766898;3G;HSPA;1;250;1;100;65540017;501;-113
;ServiceLog;Stanislav;1435594766898;3G;HSPA;250-1-100-65540017;-1;-1;-1;-1;501;-113
;ServiceLog;Stanislav;1435594766898;3G;HSPA;250-1-100-65540017;-1;-1;-1;-1;-1;-113
;ServiceLog;Stanislav;1435594766898;3G;HSPA;250-1-100-65540017;-1;-1;-1;-1;-1;-113
;ServiceLog;Stanislav;1435594766898;3G;HSPA;250-1-100-65540017;-1;-1;-1;-1;-1;-113
;ServiceLog;Stanislav;1435594766898;3G;HSPA;250-1-100-65540017;-1;-1;-1;-1;-1;-113
;ServiceLog;Stanislav;1435594766898;3G;HSPA;250-1-100-65540017;-1;-1;-1;-1;-1;-113
;ServiceLog;Stanislav;1435594766898;3G;HSPA;250-1-100-65540017;-1;-1;-1;-1;-1;-113
;ServiceLog;Stanislav;1435594766898;3G;HSPA;250-1-100-65540017;-1;-1;-1;-1;-1;-113
;ServiceLog;Stanislav;1435594766898;3G;HSPA;250-1-100-65540017;-1;-1;-1;-1;-1;-113
;ServiceLog;Stanislav;1435594767918;3G;HSPA;1;250;1;100;65540017;501;-113
;ServiceLog;Stanislav;1435594767918;3G;HSPA;250-1-100-65540017;-1;-1;-1;-1;501;-113
;ServiceLog;Stanislav;1435594767918;3G;HSPA;250-1-100-65540017;-1;-1;-1;-1;-1;-113
;ServiceLog;Stanislav;1435594767918;3G;HSPA;250-1-100-65540017;-1;-1;-1;-1;-1;-113
;ServiceLog;Stanislav;1435594767918;3G;HSPA;250-1-100-65540017;-1;-1;-1;-1;-1;-113
;ServiceLog;Stanislav;1435594767918;3G;HSPA;250-1-100-65540017;-1;-1;-1;-1;-1;-113
;ServiceLog;Stanislav;1435594767918;3G;HSPA;250-1-100-65540017;-1;-1;-1;-1;-1;-113
;ServiceLog;Stanislav;1435594767918;3G;HSPA;250-1-100-65540017;-1;-1;-1;-1;-1;-113
;ServiceLog;Stanislav;1435594767918;3G;HSPA;250-1-100-65540017;-1;-1;-1;-1;-1;-113
;ServiceLog;Stanislav;1435594767918;3G;HSPA;250-1-100-65540017;-1;-1;-1;-1;-1;-113
;ServiceLog;Stanislav;1435594768932;3G;HSPA;1;250;1;100;65540017;501;-113
;ServiceLog;Stanislav;1435594768932;3G;HSPA;250-1-100-65540017;-1;-1;-1;-1;501;-113
;ServiceLog;Stanislav;1435594768932;3G;HSPA;250-1-100-65540017;-1;-1;-1;-1;-1;-113
;ServiceLog;Stanislav;1435594768932;3G;HSPA;250-1-100-65540017;-1;-1;-1;-1;-1;-113
;ServiceLog;Stanislav;1435594768932;3G;HSPA;250-1-100-65540017;-1;-1;-1;-1;-1;-113
;ServiceLog;Stanislav;1435594768932;3G;HSPA;250-1-100-65540017;-1;-1;-1;-1;-1;-113
;ServiceLog;Stanislav;1435594768932;3G;HSPA;250-1-100-65540017;-1;-1;-1;-1;-1;-113
;ServiceLog;Stanislav;1435594768932;3G;HSPA;250-1-100-65540017;-1;-1;-1;-1;-1;-113
;ServiceLog;Stanislav;1435594768932;3G;HSPA;250-1-100-65540017;-1;-1;-1;-1;-1;-113
;ServiceLog;Stanislav;1435594768932;3G;HSPA;250-1-100-65540017;-1;-1;-1;-1;-1;-113
;ServiceLog;Stanislav;1435594769951;3G;HSPA;1;250;1;100;65540017;501;-113
;ServiceLog;Stanislav;1435594769951;3G;HSPA;250-1-100-65540017;-1;-1;-1;-1;501;-113
;ServiceLog;Stanislav;1435594769951;3G;HSPA;250-1-100-65540017;-1;-1;-1;-1;-1;-113
;ServiceLog;Stanislav;1435594769951;3G;HSPA;250-1-100-65540017;-1;-1;-1;-1;-1;-113
;ServiceLog;Stanislav;1435594769951;3G;HSPA;250-1-100-65540017;-1;-1;-1;-1;-1;-113
;ServiceLog;Stanislav;1435594769951;3G;HSPA;250-1-100-65540017;-1;-1;-1;-1;-1;-113
;ServiceLog;Stanislav;1435594769951;3G;HSPA;250-1-100-65540017;-1;-1;-1;-1;-1;-113
;ServiceLog;Stanislav;1435594769951;3G;HSPA;250-1-100-65540017;-1;-1;-1;-1;-1;-113
;ServiceLog;Stanislav;1435594769951;3G;HSPA;250-1-100-65540017;-1;-1;-1;-1;-1;-113
;ServiceLog;Stanislav;1435594769951;3G;HSPA;250-1-100-65540017;-1;-1;-1;-1;-1;-113
;ServiceLog;Stanislav;1435594770971;3G;HSPA;1;250;1;100;65540017;501;-113
;ServiceLog;Stanislav;1435594770971;3G;HSPA;250-1-100-65540017;-1;-1;-1;-1;501;-113
;ServiceLog;Stanislav;1435594770971;3G;HSPA;250-1-100-65540017;-1;-1;-1;-1;-1;-113
;ServiceLog;Stanislav;1435594770971;3G;HSPA;250-1-100-65540017;-1;-1;-1;-1;-1;-113
;ServiceLog;Stanislav;1435594770971;3G;HSPA;250-1-100-65540017;-1;-1;-1;-1;-1;-113
;ServiceLog;Stanislav;1435594770971;3G;HSPA;250-1-100-65540017;-1;-1;-1;-1;-1;-113
;ServiceLog;Stanislav;1435594770971;3G;HSPA;250-1-100-65540017;-1;-1;-1;-1;-1;-113
;ServiceLog;Stanislav;1435594770971;3G;HSPA;250-1-100-65540017;-1;-1;-1;-1;-1;-113
;ServiceLog;Stanislav;1435594770971;3G;HSPA;250-1-100-65540017;-1;-1;-1;-1;-1;-113
;ServiceLog;Stanislav;1435594770971;3G;HSPA;250-1-100-65540017;-1;-1;-1;-1;-1;-113
;ServiceLog;Stanislav;1435594771991;3G;HSPA;1;250;1;100;65540017;501;-113
;ServiceLog;Stanislav;1435594771991;3G;HSPA;250-1-100-65540017;-1;-1;-1;-1;501;-113
;ServiceLog;Stanislav;1435594771991;3G;HSPA;250-1-100-65540017;-1;-1;-1;-1;-1;-113
;ServiceLog;Stanislav;1435594771991;3G;HSPA;250-1-100-65540017;-1;-1;-1;-1;-1;-113
;ServiceLog;Stanislav;1435594771991;3G;HSPA;250-1-100-65540017;-1;-1;-1;-1;-1;-113
;ServiceLog;Stanislav;1435594771991;3G;HSPA;250-1-100-65540017;-1;-1;-1;-1;-1;-113
;ServiceLog;Stanislav;1435594771991;3G;HSPA;250-1-100-65540017;-1;-1;-1;-1;-1;-113
;ServiceLog;Stanislav;1435594771991;3G;HSPA;250-1-100-65540017;-1;-1;-1;-1;-1;-113
;ServiceLog;Stanislav;1435594771991;3G;HSPA;250-1-100-65540017;-1;-1;-1;-1;-1;-113
;ServiceLog;Stanislav;1435594771991;3G;HSPA;250-1-100-65540017;-1;-1;-1;-1;-1;-113
;ServiceLog;Stanislav;1435594773009;unknown;unknown;1;-1;-1;-1;-1;-1;0
;ServiceLog;Stanislav;1435594774112;unknown;unknown;1;-1;-1;-1;-1;-1;0
;ServiceLog;Stanislav;1435594775133;unknown;unknown;1;-1;-1;-1;-1;-1;0
;ServiceLog;Stanislav;1435594776153;unknown;unknown;1;-1;-1;-1;-1;-1;0
;ServiceLog;Stanislav;1435594777170;unknown;unknown;1;-1;-1;-1;-1;-1;0
;ServiceLog;Stanislav;1435594778192;unknown;unknown;1;-1;-1;-1;-1;-1;0
;ServiceLog;Stanislav;1435594779209;unknown;unknown;1;-1;-1;-1;-1;-1;0
;ServiceLog;Stanislav;1435594780232;unknown;unknown;1;-1;-1;-1;-1;-1;0
;ServiceLog;Stanislav;1435594781312;unknown;unknown;1;-1;-1;-1;-1;-1;0
;ServiceLog;Stanislav;1435594782337;unknown;unknown;1;-1;-1;-1;-1;-1;0
;ServiceLog;Stanislav;1435594783355;unknown;unknown;1;-1;-1;-1;-1;-1;0
;ServiceLog;Stanislav;1435594784380;unknown;unknown;1;-1;-1;-1;-1;-1;0
;ServiceLog;Stanislav;1435594785398;unknown;unknown;1;-1;-1;-1;-1;-1;0
;ServiceLog;Stanislav;1435594786418;unknown;unknown;1;-1;-1;-1;-1;-1;0
;ServiceLog;Stanislav;1435594787435;unknown;unknown;1;-1;-1;-1;-1;-1;0
;ServiceLog;Stanislav;1435594788457;unknown;unknown;1;-1;-1;-1;-1;-1;0
;ServiceLog;Stanislav;1435594789476;unknown;unknown;1;-1;-1;-1;-1;-1;0
;ServiceLog;Stanislav;1435594790502;unknown;unknown;1;-1;-1;-1;-1;-1;0
;ServiceLog;Stanislav;1435594791523;unknown;unknown;1;-1;-1;-1;-1;-1;0
;ServiceLog;Stanislav;1435594792551;unknown;unknown;1;-1;-1;-1;-1;-1;0
;ServiceLog;Stanislav;1435594793570;unknown;unknown;1;250;99;14764;15925;-1;-105
;ServiceLog;Stanislav;1435594794583;unknown;unknown;1;250;99;14764;15925;-1;-105
;ServiceLog;Stanislav;1435594795593;unknown;unknown;1;250;99;14764;15925;-1;-103
;ServiceLog;Stanislav;1435594796612;unknown;unknown;1;250;99;14764;15925;-1;-103
;ServiceLog;Stanislav;1435594797621;unknown;unknown;1;250;99;14764;15925;-1;-101
;ServiceLog;Stanislav;1435594798643;unknown;unknown;1;250;99;14764;15925;-1;-101
;ServiceLog;Stanislav;1435594799652;unknown;unknown;1;250;99;14764;15925;-1;-103
;ServiceLog;Stanislav;1435594800665;unknown;unknown;1;250;99;14764;15925;-1;-103
;ServiceLog;Stanislav;1435594801673;unknown;unknown;1;250;99;14764;15925;-1;-101
;ServiceLog;Stanislav;1435594802692;unknown;unknown;1;250;99;14764;15925;-1;-101
;ServiceLog;Stanislav;1435594803701;unknown;unknown;1;250;99;14764;15925;-1;-95
;ServiceLog;Stanislav;1435594804730;unknown;unknown;1;250;99;14764;15925;-1;-95
;ServiceLog;Stanislav;1435594805772;unknown;unknown;1;250;99;14764;15925;-1;-83
;ServiceLog;Stanislav;1435594806788;unknown;unknown;1;250;99;14764;15925;-1;-83
;ServiceLog;Stanislav;1435594807796;unknown;unknown;1;250;99;14764;15925;-1;-79
;ServiceLog;Stanislav;1435594808811;unknown;unknown;1;250;99;14764;15925;-1;-79
;ServiceLog;Stanislav;1435594809821;unknown;unknown;1;250;99;14764;15925;-1;-75
;ServiceLog;Stanislav;1435594810835;unknown;unknown;1;250;99;14764;15925;-1;-75
;ServiceLog;Stanislav;1435594811854;unknown;unknown;1;250;99;14764;15925;-1;-77
;ServiceLog;Stanislav;1435594812870;unknown;unknown;1;250;99;14764;15925;-1;-77
;ServiceLog;Stanislav;1435594813879;unknown;unknown;1;-1;-1;-1;-1;-1;-113
;ServiceLog;Stanislav;1435594814893;unknown;unknown;1;-1;-1;-1;-1;-1;-113
;ServiceLog;Stanislav;1435594815904;unknown;unknown;1;250;99;14764;90324528;198;-73
;ServiceLog;Stanislav;1435594816926;unknown;unknown;1;250;99;14764;90324528;198;-73
;ServiceLog;Stanislav;1435594817936;unknown;unknown;1;250;99;14764;90324528;198;-65
;ServiceLog;Stanislav;1435594818947;unknown;unknown;1;250;99;14764;90324528;198;-65
;ServiceLog;Stanislav;1435594819958;unknown;unknown;1;250;99;14764;90324528;198;-65
;ServiceLog;Stanislav;1435594820977;unknown;unknown;1;250;99;14764;90324528;198;-65
;ServiceLog;Stanislav;1435594821987;unknown;unknown;1;250;99;14764;90324528;198;-71
;ServiceLog;Stanislav;1435594823006;unknown;unknown;1;250;99;14764;90324528;198;-71
;ServiceLog;Stanislav;1435594824015;unknown;unknown;1;250;99;14764;90324528;198;-71
;ServiceLog;Stanislav;1435594825034;unknown;unknown;1;250;99;14764;90324528;198;-71
;ServiceLog;Stanislav;1435594826042;unknown;unknown;1;250;99;14764;90324528;198;-71
;ServiceLog;Stanislav;1435594827057;unknown;unknown;1;250;99;14764;90324528;198;-71
;ServiceLog;Stanislav;1435594828065;unknown;unknown;1;250;99;14764;90324528;198;-71
;ServiceLog;Stanislav;1435594829081;unknown;unknown;1;250;99;14764;90324528;198;-71
;ServiceLog;Stanislav;1435594830091;unknown;unknown;1;250;99;14764;90324528;198;-81
;ServiceLog;Stanislav;1435594831110;unknown;unknown;1;250;99;14764;90324528;198;-81
;ServiceLog;Stanislav;1435594832119;unknown;unknown;1;250;99;14764;90324528;198;-81
;ServiceLog;Stanislav;1435594833134;unknown;unknown;1;250;99;14764;90324528;198;-81
;ServiceLog;Stanislav;1435594834142;unknown;unknown;1;250;99;14764;90324528;198;-89
;ServiceLog;Stanislav;1435594835159;unknown;unknown;1;250;99;14764;90324528;198;-89
;ServiceLog;Stanislav;1435594836171;unknown;unknown;1;250;99;14764;90324528;198;-89
;ServiceLog;Stanislav;1435594837187;unknown;unknown;1;250;99;14764;90324528;198;-89
;ServiceLog;Stanislav;1435594838195;unknown;unknown;1;250;99;14764;90324528;198;-77
;ServiceLog;Stanislav;1435594839213;unknown;unknown;1;250;99;14764;90324528;198;-77
;ServiceLog;Stanislav;1435594840224;unknown;unknown;1;250;99;14764;90324528;198;-77
;ServiceLog;Stanislav;1435594841241;unknown;unknown;1;250;99;14764;90324528;198;-77
;ServiceLog;Stanislav;1435594842250;unknown;unknown;1;250;99;14764;90324528;198;-77
;ServiceLog;Stanislav;1435594843289;unknown;unknown;1;250;99;14764;90324528;198;-77
;ServiceLog;Stanislav;1435594844297;unknown;unknown;1;250;99;14764;90324528;198;-75
;ServiceLog;Stanislav;1435594845314;unknown;unknown;1;250;99;14764;90324528;198;-75
;ServiceLog;Stanislav;1435594846325;unknown;unknown;1;250;99;14764;90324528;198;-75
;ServiceLog;Stanislav;1435594847341;3G;HSPA;1;250;99;14764;90324528;198;-75
;ServiceLog;Stanislav;1435594848353;3G;HSPA;1;250;1;100;65565847;503;-71
;ServiceLog;Stanislav;1435594849376;3G;HSPA;1;250;1;100;65565847;503;-71
;ServiceLog;Stanislav;1435594850387;3G;HSPA;1;250;1;100;65565847;503;-81
;ServiceLog;Stanislav;1435594850387;3G;HSPA;250-1-100-65565847;-1;-1;-1;-1;503;-79
;ServiceLog;Stanislav;1435594851402;3G;HSPA;1;250;1;100;65565847;503;-81
;ServiceLog;Stanislav;1435594851402;3G;HSPA;250-1-100-65565847;-1;-1;-1;-1;503;-79
;ServiceLog;Stanislav;1435594852410;3G;HSPA;1;250;1;100;65565847;503;-81
;ServiceLog;Stanislav;1435594852410;3G;HSPA;250-1-100-65565847;-1;-1;-1;-1;503;-79
;ServiceLog;Stanislav;1435594853427;3G;HSPA;1;250;1;100;65565847;503;-81
;ServiceLog;Stanislav;1435594853427;3G;HSPA;250-1-100-65565847;-1;-1;-1;-1;503;-79
;ServiceLog;Stanislav;1435594854439;3G;HSPA;1;250;1;100;65565847;503;-77
;ServiceLog;Stanislav;1435594854439;3G;HSPA;250-1-100-65565847;-1;-1;-1;-1;503;-79
;ServiceLog;Stanislav;1435594855455;3G;HSPA;1;250;1;100;65565847;503;-77
;ServiceLog;Stanislav;1435594855455;3G;HSPA;250-1-100-65565847;-1;-1;-1;-1;503;-79
;ServiceLog;Stanislav;1435594856465;3G;HSPA;1;250;1;100;65565847;503;-77
;ServiceLog;Stanislav;1435594856465;3G;HSPA;250-1-100-65565847;-1;-1;-1;-1;503;-79
;ServiceLog;Stanislav;1435594857480;3G;HSPA;1;250;1;100;65565847;503;-77
;ServiceLog;Stanislav;1435594857480;3G;HSPA;250-1-100-65565847;-1;-1;-1;-1;503;-79
;ServiceLog;Stanislav;1435594858490;3G;HSPA;1;250;1;100;65565847;503;-75
;ServiceLog;Stanislav;1435594858490;3G;HSPA;250-1-100-65565847;-1;-1;-1;-1;503;-71
;ServiceLog;Stanislav;1435594859509;3G;HSPA;1;250;1;100;65565847;503;-75
;ServiceLog;Stanislav;1435594859509;3G;HSPA;250-1-100-65565847;-1;-1;-1;-1;503;-71
;ServiceLog;Stanislav;1435594860520;3G;HSPA;1;250;1;100;65565847;503;-79
;ServiceLog;Stanislav;1435594860520;3G;HSPA;250-1-100-65565847;-1;-1;-1;-1;503;-77
;ServiceLog;Stanislav;1435594861543;3G;HSPA;1;250;1;100;65565847;503;-79
;ServiceLog;Stanislav;1435594861543;3G;HSPA;250-1-100-65565847;-1;-1;-1;-1;503;-77
;ServiceLog;Stanislav;1435594862554;3G;HSPA;1;250;1;100;65565847;503;-79
;ServiceLog;Stanislav;1435594862554;3G;HSPA;250-1-100-65565847;-1;-1;-1;-1;503;-77
;ServiceLog;Stanislav;1435594863582;3G;HSPA;1;250;1;100;65565847;503;-79
;ServiceLog;Stanislav;1435594863582;3G;HSPA;250-1-100-65565847;-1;-1;-1;-1;503;-77
;ServiceLog;Stanislav;1435594864593;3G;HSPA;1;250;1;100;65565847;503;-69
;ServiceLog;Stanislav;1435594864593;3G;HSPA;250-1-100-65565847;-1;-1;-1;-1;503;-71
;ServiceLog;Stanislav;1435594865612;3G;HSPA;1;250;1;100;65565847;503;-69
;ServiceLog;Stanislav;1435594865612;3G;HSPA;250-1-100-65565847;-1;-1;-1;-1;503;-71
;ServiceLog;Stanislav;1435594866625;3G;HSPA;1;250;1;100;65565847;503;-59
;ServiceLog;Stanislav;1435594866625;3G;HSPA;250-1-100-65565847;-1;-1;-1;-1;503;-65
;ServiceLog;Stanislav;1435594867642;3G;HSPA;1;250;1;100;65565847;503;-59
;ServiceLog;Stanislav;1435594867642;3G;HSPA;250-1-100-65565847;-1;-1;-1;-1;503;-65
;ServiceLog;Stanislav;1435594868659;3G;HSPA;1;250;1;100;65565847;503;-59
;ServiceLog;Stanislav;1435594868659;3G;HSPA;250-1-100-65565847;-1;-1;-1;-1;503;-65
;ServiceLog;Stanislav;1435594869687;3G;HSPA;1;250;1;100;65565847;503;-59
;ServiceLog;Stanislav;1435594869687;3G;HSPA;250-1-100-65565847;-1;-1;-1;-1;503;-65
;ServiceLog;Stanislav;1435594870699;3G;HSPA;1;250;1;100;65565847;503;-71
;ServiceLog;Stanislav;1435594870699;3G;HSPA;250-1-100-65565847;-1;-1;-1;-1;503;-69
;ServiceLog;Stanislav;1435594871715;3G;HSPA;1;250;1;100;65565847;503;-71
;ServiceLog;Stanislav;1435594871715;3G;HSPA;250-1-100-65565847;-1;-1;-1;-1;503;-69
;ServiceLog;Stanislav;1435594872723;3G;HSPA;1;250;1;100;65565847;503;-71
;ServiceLog;Stanislav;1435594872723;3G;HSPA;250-1-100-65565847;-1;-1;-1;-1;503;-69
;ServiceLog;Stanislav;1435594873738;3G;HSPA;1;250;1;100;65565847;503;-71
;ServiceLog;Stanislav;1435594873738;3G;HSPA;250-1-100-65565847;-1;-1;-1;-1;503;-69
;ServiceLog;Stanislav;1435594874759;3G;HSPA;1;250;1;100;65565847;503;-107
;ServiceLog;Stanislav;1435594874759;3G;HSPA;250-1-100-65565847;-1;-1;-1;-1;503;-105
;ServiceLog;Stanislav;1435594875771;3G;HSPA;1;250;1;100;65565847;503;-107
;ServiceLog;Stanislav;1435594875771;3G;HSPA;250-1-100-65565847;-1;-1;-1;-1;503;-105
;ServiceLog;Stanislav;1435594876781;3G;HSPA;1;250;1;100;65565847;503;-107
;ServiceLog;Stanislav;1435594876781;3G;HSPA;250-1-100-65565847;-1;-1;-1;-1;503;-113
;ServiceLog;Stanislav;1435594877795;3G;HSPA;1;250;1;100;65565847;503;-107
;ServiceLog;Stanislav;1435594877795;3G;HSPA;250-1-100-65565847;-1;-1;-1;-1;503;-113
;ServiceLog;Stanislav;1435594878804;3G;HSPA;1;250;1;100;65565847;503;-107
;ServiceLog;Stanislav;1435594878804;3G;HSPA;250-1-100-65565847;-1;-1;-1;-1;503;-113
;ServiceLog;Stanislav;1435594879818;3G;HSPA;1;250;1;100;65565847;503;-107
;ServiceLog;Stanislav;1435594879818;3G;HSPA;250-1-100-65565847;-1;-1;-1;-1;503;-113
;ServiceLog;Stanislav;1435594880827;3G;HSPA;1;250;1;100;65565847;503;-109
;ServiceLog;Stanislav;1435594880827;3G;HSPA;250-1-100-65565847;-1;-1;-1;-1;503;-113
;ServiceLog;Stanislav;1435594881841;3G;HSPA;1;250;1;100;65565847;503;-109
;ServiceLog;Stanislav;1435594881841;3G;HSPA;250-1-100-65565847;-1;-1;-1;-1;503;-113
;ServiceLog;Stanislav;1435594882849;3G;HSPA;1;250;1;100;65565847;503;-111
;ServiceLog;Stanislav;1435594882849;3G;HSPA;250-1-100-65565847;-1;-1;-1;-1;503;-111
;ServiceLog;Stanislav;1435594883874;3G;HSPA;1;250;1;100;65565847;503;-111
;ServiceLog;Stanislav;1435594883874;3G;HSPA;250-1-100-65565847;-1;-1;-1;-1;503;-111
;ServiceLog;Stanislav;1435594884883;3G;HSPA;1;250;1;100;65565847;503;-111
;ServiceLog;Stanislav;1435594884883;3G;HSPA;250-1-100-65565847;-1;-1;-1;-1;503;-111
;ServiceLog;Stanislav;1435594885898;3G;HSPA;1;250;1;100;65565847;503;-111
;ServiceLog;Stanislav;1435594885898;3G;HSPA;250-1-100-65565847;-1;-1;-1;-1;503;-111
;ServiceLog;Stanislav;1435594886906;3G;HSPA;1;250;1;100;65565847;503;-107
;ServiceLog;Stanislav;1435594886906;3G;HSPA;250-1-100-65565847;-1;-1;-1;-1;503;-113
;ServiceLog;Stanislav;1435594887919;3G;HSPA;1;250;1;100;65565847;503;-107
;ServiceLog;Stanislav;1435594887919;3G;HSPA;250-1-100-65565847;-1;-1;-1;-1;503;-113
;ServiceLog;Stanislav;1435594888927;3G;HSPA;1;250;1;100;65565847;503;-113
;ServiceLog;Stanislav;1435594888927;3G;HSPA;250-1-100-65565847;-1;-1;-1;-1;503;-113
;ServiceLog;Stanislav;1435594889940;3G;HSPA;1;250;1;100;65565847;503;-113
;ServiceLog;Stanislav;1435594889940;3G;HSPA;250-1-100-65565847;-1;-1;-1;-1;503;-113
;ServiceLog;Stanislav;1435594890955;3G;HSPA;1;250;1;100;65565847;503;-113
;ServiceLog;Stanislav;1435594890955;3G;HSPA;250-1-100-65565847;-1;-1;-1;-1;503;-113
;ServiceLog;Stanislav;1435594891967;3G;HSPA;1;250;1;100;65565847;503;-113
;ServiceLog;Stanislav;1435594891967;3G;HSPA;250-1-100-65565847;-1;-1;-1;-1;503;-113
;ServiceLog;Stanislav;1435594892975;3G;HSPA;1;250;1;100;65565847;503;-113
;ServiceLog;Stanislav;1435594892975;3G;HSPA;250-1-100-65565847;-1;-1;-1;-1;503;-113
;ServiceLog;Stanislav;1435594893987;3G;HSPA;1;250;1;100;65565847;503;-113
;ServiceLog;Stanislav;1435594893987;3G;HSPA;250-1-100-65565847;-1;-1;-1;-1;503;-113
;ServiceLog;Stanislav;1435594894995;3G;HSPA;1;250;1;100;65565847;503;-113
;ServiceLog;Stanislav;1435594894995;3G;HSPA;250-1-100-65565847;-1;-1;-1;-1;503;-113
;ServiceLog;Stanislav;1435594896007;3G;HSPA;1;250;1;100;65565847;503;-113
;ServiceLog;Stanislav;1435594896007;3G;HSPA;250-1-100-65565847;-1;-1;-1;-1;503;-113
;ServiceLog;Stanislav;1435594897016;3G;HSPA;1;250;1;100;65565847;503;-113
;ServiceLog;Stanislav;1435594897016;3G;HSPA;250-1-100-65565847;-1;-1;-1;-1;503;-113
;ServiceLog;Stanislav;1435594898032;3G;HSPA;1;250;1;100;65565847;503;-113
;ServiceLog;Stanislav;1435594898032;3G;HSPA;250-1-100-65565847;-1;-1;-1;-1;503;-113
;ServiceLog;Stanislav;1435594899040;3G;HSPA;1;250;1;100;65565847;503;-113
;ServiceLog;Stanislav;1435594899040;3G;HSPA;250-1-100-65565847;-1;-1;-1;-1;503;-113
;ServiceLog;Stanislav;1435594900053;3G;HSPA;1;250;1;100;65565847;503;-113
;ServiceLog;Stanislav;1435594900053;3G;HSPA;250-1-100-65565847;-1;-1;-1;-1;503;-113
;ServiceLog;Stanislav;1435594901061;3G;HSPA;1;250;1;100;65565847;503;-113
;ServiceLog;Stanislav;1435594902075;3G;HSPA;1;250;1;100;65565847;503;-113
;ServiceLog;Stanislav;1435594903082;unknown;unknown;1;-1;-1;-1;-1;-1;0
;ServiceLog;Stanislav;1435594904102;unknown;unknown;1;-1;-1;-1;-1;-1;0
;ServiceLog;Stanislav;1435594905119;unknown;unknown;1;-1;-1;-1;-1;-1;0
;ServiceLog;Stanislav;1435594906139;unknown;unknown;1;-1;-1;-1;-1;-1;0
;ServiceLog;Stanislav;1435594907156;unknown;unknown;1;-1;-1;-1;-1;-1;0
;ServiceLog;Stanislav;1435594908182;unknown;unknown;1;-1;-1;-1;-1;-1;0
;ServiceLog;Stanislav;1435594909200;unknown;unknown;1;-1;-1;-1;-1;-1;0
;ServiceLog;Stanislav;1435594910220;unknown;unknown;1;-1;-1;-1;-1;-1;0
;ServiceLog;Stanislav;1435594911238;unknown;unknown;1;-1;-1;-1;-1;-1;0
;ServiceLog;Stanislav;1435594912259;unknown;unknown;1;-1;-1;-1;-1;-1;0
;ServiceLog;Stanislav;1435594913276;unknown;unknown;1;-1;-1;-1;-1;-1;0
;ServiceLog;Stanislav;1435594914300;unknown;unknown;1;-1;-1;-1;-1;-1;0
;ServiceLog;Stanislav;1435594915319;unknown;unknown;1;-1;-1;-1;-1;-1;0
;ServiceLog;Stanislav;1435594916339;unknown;unknown;1;-1;-1;-1;-1;-1;0
;ServiceLog;Stanislav;1435594917356;unknown;unknown;1;-1;-1;-1;-1;-1;0
;ServiceLog;Stanislav;1435594918381;unknown;unknown;1;-1;-1;-1;-1;-1;0
;ServiceLog;Stanislav;1435594919406;unknown;unknown;1;-1;-1;-1;-1;-1;0
;ServiceLog;Stanislav;1435594920426;unknown;unknown;1;-1;-1;-1;-1;-1;0
;ServiceLog;Stanislav;1435594921443;unknown;unknown;1;-1;-1;-1;-1;-1;0
;ServiceLog;Stanislav;1435594922464;unknown;unknown;1;-1;-1;-1;-1;-1;0
;ServiceLog;Stanislav;1435594923481;unknown;unknown;1;-1;-1;-1;-1;-1;0
;ServiceLog;Stanislav;1435594924501;unknown;unknown;1;-1;-1;-1;-1;-1;0
;ServiceLog;Stanislav;1435594925519;unknown;unknown;1;-1;-1;-1;-1;-1;0
;ServiceLog;Stanislav;1435594926538;unknown;unknown;1;-1;-1;-1;-1;-1;0
;ServiceLog;Stanislav;1435594927553;unknown;unknown;1;-1;-1;-1;-1;-1;0
;ServiceLog;Stanislav;1435594928582;unknown;unknown;1;-1;-1;-1;-1;-1;0
;ServiceLog;Stanislav;1435594929613;unknown;unknown;1;-1;-1;-1;-1;-1;0
;ServiceLog;Stanislav;1435594930637;unknown;unknown;1;-1;-1;-1;-1;-1;0
;ServiceLog;Stanislav;1435594931657;unknown;unknown;1;-1;-1;-1;-1;-1;0
;ServiceLog;Stanislav;1435594932685;unknown;unknown;1;-1;-1;-1;-1;-1;0
;ServiceLog;Stanislav;1435594933705;unknown;unknown;1;-1;-1;-1;-1;-1;0
;ServiceLog;Stanislav;1435594934734;unknown;unknown;1;-1;-1;-1;-1;-1;0
;ServiceLog;Stanislav;1435594935755;unknown;unknown;1;-1;-1;-1;-1;-1;0
;ServiceLog;Stanislav;1435594936780;unknown;unknown;1;-1;-1;-1;-1;-1;0
;ServiceLog;Stanislav;1435594937800;unknown;unknown;1;-1;-1;-1;-1;-1;0
;ServiceLog;Stanislav;1435594938824;unknown;unknown;1;-1;-1;-1;-1;-1;0
;ServiceLog;Stanislav;1435594939842;unknown;unknown;1;-1;-1;-1;-1;-1;0
;ServiceLog;Stanislav;1435594940866;unknown;unknown;1;-1;-1;-1;-1;-1;0
;ServiceLog;Stanislav;1435594941886;unknown;unknown;1;-1;-1;-1;-1;-1;0
;ServiceLog;Stanislav;1435594942915;unknown;unknown;1;-1;-1;-1;-1;-1;0
;ServiceLog;Stanislav;1435594943935;unknown;unknown;1;-1;-1;-1;-1;-1;0
;ServiceLog;Stanislav;1435594944971;unknown;unknown;1;-1;-1;-1;-1;-1;0
;ServiceLog;Stanislav;1435594945991;unknown;unknown;1;-1;-1;-1;-1;-1;0
;ServiceLog;Stanislav;1435594947075;unknown;unknown;1;-1;-1;-1;-1;-1;0
;ServiceLog;Stanislav;1435594948122;unknown;unknown;1;-1;-1;-1;-1;-1;0
;ServiceLog;Stanislav;1435594949159;unknown;unknown;1;-1;-1;-1;-1;-1;0
;ServiceLog;Stanislav;1435594950181;unknown;unknown;1;250;1;100;65565857;174;-91
;ServiceLog;Stanislav;1435594951213;3G;HSPA;1;250;1;100;65565857;174;-91
;ServiceLog;Stanislav;1435594952222;3G;HSPA;1;250;1;100;65565857;174;-91
;ServiceLog;Stanislav;1435594953237;3G;HSPA;1;250;1;100;65565857;174;-91
;ServiceLog;Stanislav;1435594954246;3G;HSPA;1;250;1;100;65565857;174;-81
;ServiceLog;Stanislav;1435594954246;3G;HSPA;250-1-100-65565857;-1;-1;-1;-1;174;-87
;ServiceLog;Stanislav;1435594955266;3G;HSPA;1;250;1;100;65565857;174;-81
;ServiceLog;Stanislav;1435594955266;3G;HSPA;250-1-100-65565857;-1;-1;-1;-1;174;-87
;ServiceLog;Stanislav;1435594956275;3G;HSPA;1;250;1;100;65565857;174;-81
;ServiceLog;Stanislav;1435594956275;3G;HSPA;250-1-100-65565857;-1;-1;-1;-1;174;-87
;ServiceLog;Stanislav;1435594957296;3G;HSPA;1;250;1;100;65565857;174;-81
;ServiceLog;Stanislav;1435594957296;3G;HSPA;250-1-100-65565857;-1;-1;-1;-1;174;-87
;ServiceLog;Stanislav;1435594958314;3G;HSPA;1;250;1;100;65565857;174;-69
;ServiceLog;Stanislav;1435594958314;3G;HSPA;250-1-100-65565857;-1;-1;-1;-1;174;-63
;ServiceLog;Stanislav;1435594959335;3G;HSPA;1;250;1;100;65565857;174;-69
;ServiceLog;Stanislav;1435594959335;3G;HSPA;250-1-100-65565857;-1;-1;-1;-1;174;-63
;ServiceLog;Stanislav;1435594960351;3G;HSPA;1;250;1;100;65565857;174;-53
;ServiceLog;Stanislav;1435594960351;3G;HSPA;250-1-100-65565857;-1;-1;-1;-1;174;-51
;ServiceLog;Stanislav;1435594961367;3G;HSPA;1;250;1;100;65565857;174;-53
;ServiceLog;Stanislav;1435594961367;3G;HSPA;250-1-100-65565857;-1;-1;-1;-1;174;-51
;ServiceLog;Stanislav;1435594962378;3G;HSPA;1;250;1;100;65565857;174;-53
;ServiceLog;Stanislav;1435594962378;3G;HSPA;250-1-100-65565857;-1;-1;-1;-1;174;-51
;ServiceLog;Stanislav;1435594963396;3G;HSPA;1;250;1;100;65565857;174;-53
;ServiceLog;Stanislav;1435594963396;3G;HSPA;250-1-100-65565857;-1;-1;-1;-1;174;-51
;ServiceLog;Stanislav;1435594964406;3G;HSPA;1;250;1;100;65565857;174;-63
;ServiceLog;Stanislav;1435594964406;3G;HSPA;250-1-100-65565857;-1;-1;-1;-1;174;-59
;ServiceLog;Stanislav;1435594965422;3G;HSPA;1;250;1;100;65565857;174;-63
;ServiceLog;Stanislav;1435594965422;3G;HSPA;250-1-100-65565857;-1;-1;-1;-1;174;-59
;ServiceLog;Stanislav;1435594966580;3G;HSPA;1;250;1;100;65565857;174;-65
;ServiceLog;Stanislav;1435594967594;3G;HSPA;1;250;1;100;65565857;174;-65
;ServiceLog;Stanislav;1435594968607;3G;HSPA;1;250;1;100;65565857;174;-65
;ServiceLog;Stanislav;1435594969807;3G;HSPA;1;250;1;100;65565857;174;-65
;ServiceLog;Stanislav;1435594970865;3G;HSPA;1;250;1;100;65565857;174;-71
;ServiceLog;Stanislav;1435594970865;3G;HSPA;250-1-100-65565857;-1;-1;-1;-1;174;-63
;ServiceLog;Stanislav;1435594971915;3G;HSPA;1;250;1;100;65565857;174;-71
;ServiceLog;Stanislav;1435594971915;3G;HSPA;250-1-100-65565857;-1;-1;-1;-1;174;-63
;ServiceLog;Stanislav;1435594973026;3G;HSPA;1;250;1;100;65565857;174;-69
;ServiceLog;Stanislav;1435594973026;3G;HSPA;250-1-100-65565857;-1;-1;-1;-1;174;-69
;ServiceLog;Stanislav;1435594974140;3G;HSPA;1;250;1;100;65565857;174;-69
;ServiceLog;Stanislav;1435594974140;3G;HSPA;250-1-100-65565857;-1;-1;-1;-1;174;-69
;ServiceLog;Stanislav;1435594975162;3G;HSPA;1;250;1;100;65565857;174;-69
;ServiceLog;Stanislav;1435594975162;3G;HSPA;250-1-100-65565857;-1;-1;-1;-1;174;-69
;ServiceLog;Stanislav;1435594976218;3G;HSPA;1;250;1;100;65565857;174;-69
;ServiceLog;Stanislav;1435594976218;3G;HSPA;250-1-100-65565857;-1;-1;-1;-1;174;-69
;ServiceLog;Stanislav;1435594977351;3G;HSPA;1;250;1;100;65565857;174;-69
;ServiceLog;Stanislav;1435594977351;3G;HSPA;250-1-100-65565857;-1;-1;-1;-1;174;-71
