ID;Name;User;TimeStamp;Type;Accel_X;Accel_Y;Accel_Z;Azimuth;Pitch;Roll;Magnetic_X;Magnetic_Y;Magnetic_Z;Gyro_X;Gyro_Y;Gyro_Z;GPS_Lat;GPS_Lon;GPS_Alt;GPS_Accuracy;GPS_Speed;GPS_Bearing
;ServiceLog;Stanislav;1435594368927;Raw;0.1176798;3.726527;9.92433;NaN;NaN;NaN;NaN;NaN;NaN;NaN;NaN;NaN;NaN;NaN;NaN;NaN;NaN;NaN
;ServiceLog;Stanislav;1435594369977;Raw;-0.19613299;4.511059;10.002783;141.70313;-24.859375;0.609375;-19.6875;-25.0;8.125;NaN;NaN;NaN;NaN;NaN;NaN;NaN;NaN;NaN
;ServiceLog;Stanislav;1435594370988;Raw;-0.4707192;3.9618864;10.042009;154.84375;-21.453125;-2.46875;-14.0;-35.875;16.0;NaN;NaN;NaN;NaN;NaN;NaN;NaN;NaN;NaN
;ServiceLog;Stanislav;1435594372006;Raw;0.19613299;1.4906107;10.473502;155.79688;-7.46875;1.34375;-13.125;-23.0625;11.875;NaN;NaN;NaN;NaN;NaN;NaN;NaN;NaN;NaN
;ServiceLog;Stanislav;1435594373018;Raw;-1.4121575;4.118793;9.649743;141.01563;-23.78125;-8.421875;-30.875;-30.9375;14.6875;NaN;NaN;NaN;NaN;NaN;NaN;NaN;NaN;NaN
;ServiceLog;Stanislav;1435594374035;Raw;0.6276256;3.5303938;11.140354;146.03125;-17.734375;3.6875;-27.0;-44.3125;20.5625;NaN;NaN;NaN;NaN;NaN;NaN;NaN;NaN;NaN
;ServiceLog;Stanislav;1435594375045;Raw;-0.8629852;3.0989013;10.395049;156.17188;-14.96875;-4.875;-13.75;-34.3125;9.25;NaN;NaN;NaN;NaN;NaN;NaN;NaN;NaN;NaN
;ServiceLog;Stanislav;1435594376066;Raw;0.588399;2.6674087;10.708861;154.71875;-13.234375;-0.140625;-18.0625;-27.3125;14.5625;NaN;NaN;NaN;NaN;NaN;NaN;NaN;NaN;NaN
;ServiceLog;Stanislav;1435594377075;Raw;0.4707192;3.8834333;9.610517;127.65625;-21.984375;2.546875;-16.6875;-4.75;12.9375;NaN;NaN;NaN;NaN;NaN;NaN;NaN;NaN;NaN
;ServiceLog;Stanislav;1435594378091;Raw;0.0784532;3.6480737;11.101128;117.34375;-19.15625;1.765625;-27.25;-10.75;8.6875;NaN;NaN;NaN;NaN;NaN;NaN;NaN;NaN;NaN
;ServiceLog;Stanislav;1435594379105;Raw;1.1375713;3.4519408;9.5320635;107.84375;-21.125;5.015625;-32.3125;-7.4375;2.625;NaN;NaN;NaN;NaN;NaN;NaN;NaN;NaN;NaN
;ServiceLog;Stanislav;1435594380127;Raw;-0.70607877;2.9027684;10.395049;110.234375;-16.96875;-2.515625;-52.3125;-21.8125;13.9375;NaN;NaN;NaN;NaN;NaN;NaN;NaN;NaN;NaN
;ServiceLog;Stanislav;1435594381141;Raw;-0.39226598;2.0790098;10.159689;130.46875;-11.0;-5.546875;-43.125;-27.0;23.625;NaN;NaN;NaN;NaN;NaN;NaN;NaN;NaN;NaN
;ServiceLog;Stanislav;1435594382161;Raw;-0.2745862;2.3928225;9.061344;85.71875;-14.734375;-1.671875;-40.25;14.3125;12.5;NaN;NaN;NaN;NaN;NaN;NaN;NaN;NaN;NaN
;ServiceLog;Stanislav;1435594383171;Raw;-1.4906107;3.7657535;12.630965;72.859375;-16.46875;-6.421875;-40.0;13.625;10.6875;NaN;NaN;NaN;NaN;NaN;NaN;NaN;NaN;NaN
;ServiceLog;Stanislav;1435594384187;Raw;-1.0198916;3.7657535;10.081236;81.828125;-19.53125;-1.3125;-35.9375;2.625;-0.125;NaN;NaN;NaN;NaN;NaN;NaN;NaN;NaN;NaN
;ServiceLog;Stanislav;1435594385217;Raw;1.4906107;4.1580195;10.042009;120.96875;-23.875;4.765625;-29.125;-23.25;5.125;NaN;NaN;NaN;NaN;NaN;NaN;NaN;NaN;NaN
;ServiceLog;Stanislav;1435594386234;Raw;-1.4513842;3.726527;9.335931;164.54688;-16.21875;-6.5625;-4.875;-34.6875;12.625;NaN;NaN;NaN;NaN;NaN;NaN;NaN;NaN;NaN
;ServiceLog;Stanislav;1435594387245;Raw;0.5099458;3.5303938;9.061344;177.89063;-23.359375;-0.453125;2.1875;-33.3125;12.4375;NaN;NaN;NaN;NaN;NaN;NaN;NaN;NaN;NaN
;ServiceLog;Stanislav;1435594388266;Raw;-0.6276256;3.4911673;10.395049;182.71875;-18.859375;-2.296875;2.6875;-35.5625;14.0625;NaN;NaN;NaN;NaN;NaN;NaN;NaN;NaN;NaN
;ServiceLog;Stanislav;1435594389276;Raw;-0.74530536;3.334261;10.8657675;183.40625;-16.546875;-1.734375;3.5;-36.8125;14.4375;NaN;NaN;NaN;NaN;NaN;NaN;NaN;NaN;NaN
;ServiceLog;Stanislav;1435594390294;Raw;-1.6867437;3.4519408;9.963556;183.71875;-19.09375;-8.25;2.1875;-37.5625;14.125;NaN;NaN;NaN;NaN;NaN;NaN;NaN;NaN;NaN
;ServiceLog;Stanislav;1435594391305;Raw;-1.2160245;3.2950344;9.335931;183.71875;-17.359375;-7.75;1.0625;-37.9375;14.25;NaN;NaN;NaN;NaN;NaN;NaN;NaN;NaN;NaN
;ServiceLog;Stanislav;1435594392326;Raw;-0.78453195;3.412714;9.57129;183.71875;-20.046875;-4.625;1.5625;-38.1875;15.375;NaN;NaN;NaN;NaN;NaN;NaN;NaN;NaN;NaN
;ServiceLog;Stanislav;1435594393341;Raw;-1.0983448;3.3734875;9.885103;183.34375;-18.71875;-5.96875;1.1875;-38.375;15.3125;NaN;NaN;NaN;NaN;NaN;NaN;NaN;NaN;NaN
;ServiceLog;Stanislav;1435594394372;Raw;-1.4121575;2.3928225;10.238142;184.15625;-13.015625;-7.609375;4.125;-38.9375;11.75;NaN;NaN;NaN;NaN;NaN;NaN;NaN;NaN;NaN
;ServiceLog;Stanislav;1435594395385;Raw;-2.1182363;2.1574628;10.042009;185.0625;-12.546875;-10.34375;3.8125;-38.5625;9.875;NaN;NaN;NaN;NaN;NaN;NaN;NaN;NaN;NaN
;ServiceLog;Stanislav;1435594396402;Raw;-0.5491724;2.0790098;10.159689;184.64063;-11.609375;-1.8125;0.25;-39.625;10.5;NaN;NaN;NaN;NaN;NaN;NaN;NaN;NaN;NaN
;ServiceLog;Stanislav;1435594397410;Raw;-1.2160245;1.2944778;10.316595;183.98438;-6.78125;-5.90625;-0.1875;-39.25;11.1875;NaN;NaN;NaN;NaN;NaN;NaN;NaN;NaN;NaN
;ServiceLog;Stanislav;1435594398427;Raw;0.8237586;1.372931;10.787314;173.34375;-6.140625;2.125;-7.625;-38.6875;12.625;NaN;NaN;NaN;NaN;NaN;NaN;NaN;NaN;NaN
;ServiceLog;Stanislav;1435594399438;Raw;-1.372931;1.8044236;9.767424;167.95313;-10.859375;-2.125;-11.75;-36.5;14.0625;NaN;NaN;NaN;NaN;NaN;NaN;NaN;NaN;NaN
;ServiceLog;Stanislav;1435594400453;Raw;0.74530536;1.9613299;10.551955;148.625;-7.4375;1.953125;-22.5;-30.1875;14.9375;NaN;NaN;NaN;NaN;NaN;NaN;NaN;NaN;NaN
;ServiceLog;Stanislav;1435594401463;Raw;-0.6276256;1.7259704;10.277369;143.3125;-6.46875;-6.46875;-21.375;-21.1875;14.8125;NaN;NaN;NaN;NaN;NaN;NaN;NaN;NaN;NaN
;ServiceLog;Stanislav;1435594402477;Raw;0.5099458;2.1966896;9.845877;109.640625;-7.96875;1.34375;-23.625;-3.5625;14.5625;NaN;NaN;NaN;NaN;NaN;NaN;NaN;NaN;NaN
;ServiceLog;Stanislav;1435594403487;Raw;0.5099458;0.9022118;10.473502;75.390625;-4.90625;2.75;-25.5625;10.75;15.1875;NaN;NaN;NaN;NaN;NaN;NaN;NaN;NaN;NaN
;ServiceLog;Stanislav;1435594404504;Raw;-1.4906107;1.0198916;10.081236;39.78125;-5.65625;-8.34375;-16.125;27.0625;11.1875;NaN;NaN;NaN;NaN;NaN;NaN;NaN;NaN;NaN
;ServiceLog;Stanislav;1435594405515;Raw;-0.1569064;1.2944778;10.591182;349.71875;-6.984375;-0.8125;12.5625;37.3125;6.0625;NaN;NaN;NaN;NaN;NaN;NaN;NaN;NaN;NaN
;ServiceLog;Stanislav;1435594406538;Raw;-1.7651969;2.3928225;10.120462;283.89063;-13.0625;-9.578125;39.75;4.375;13.3125;NaN;NaN;NaN;NaN;NaN;NaN;NaN;NaN;NaN
;ServiceLog;Stanislav;1435594407552;Raw;-0.19613299;2.0790098;10.120462;263.73438;-10.71875;-0.390625;37.375;-0.8125;14.1875;NaN;NaN;NaN;NaN;NaN;NaN;NaN;NaN;NaN
;ServiceLog;Stanislav;1435594408575;Raw;0.3138128;3.1381278;9.845877;263.375;-12.640625;0.609375;37.1875;-2.3125;13.5625;NaN;NaN;NaN;NaN;NaN;NaN;NaN;NaN;NaN
;ServiceLog;Stanislav;1435594409586;Raw;0.2745862;2.9027684;9.845877;263.60938;-14.453125;-0.609375;36.625;-1.9375;6.25;NaN;NaN;NaN;NaN;NaN;NaN;NaN;NaN;NaN
;ServiceLog;Stanislav;1435594410601;Raw;-0.35303938;2.3143694;10.473502;263.65625;-12.40625;-1.8125;36.25;-2.1875;6.3125;NaN;NaN;NaN;NaN;NaN;NaN;NaN;NaN;NaN
;ServiceLog;Stanislav;1435594411610;Raw;0.0392266;2.941995;10.277369;264.1875;-15.859375;-0.609375;37.4375;-0.8125;6.9375;NaN;NaN;NaN;NaN;NaN;NaN;NaN;NaN;NaN
;ServiceLog;Stanislav;1435594412635;Raw;-0.5099458;3.7657535;10.238142;264.59375;-13.578125;-3.140625;37.0625;-2.0625;5.3125;NaN;NaN;NaN;NaN;NaN;NaN;NaN;NaN;NaN
;ServiceLog;Stanislav;1435594413646;Raw;0.0392266;2.824315;10.1989155;260.5;-14.1875;-0.59375;20.9375;-12.625;-25.625;NaN;NaN;NaN;NaN;NaN;NaN;NaN;NaN;NaN
;ServiceLog;Stanislav;1435594414670;Raw;1.9613299;2.6281822;11.41494;255.70313;-10.234375;8.5625;29.0;-13.75;-35.6875;NaN;NaN;NaN;NaN;NaN;NaN;NaN;NaN;NaN
;ServiceLog;Stanislav;1435594415683;Raw;0.9414384;2.1966896;10.395049;257.4375;-12.296875;3.1875;35.375;-12.5625;-39.375;NaN;NaN;NaN;NaN;NaN;NaN;NaN;NaN;NaN
;ServiceLog;Stanislav;1435594416700;Raw;1.2160245;2.1966896;10.277369;261.84375;-11.96875;6.59375;35.5625;-14.625;-41.5625;NaN;NaN;NaN;NaN;NaN;NaN;NaN;NaN;NaN
;ServiceLog;Stanislav;1435594417717;Raw;1.0198916;2.0397832;10.238142;260.90625;-11.171875;5.515625;34.1875;-15.625;-38.3125;NaN;NaN;NaN;NaN;NaN;NaN;NaN;NaN;NaN
;ServiceLog;Stanislav;1435594418738;Raw;1.4121575;2.353596;10.395049;259.92188;-11.515625;7.6875;24.1875;-27.625;-95.625;NaN;NaN;NaN;NaN;NaN;NaN;NaN;NaN;NaN
;ServiceLog;Stanislav;1435594419755;Raw;1.4121575;2.6674087;10.277369;260.32813;-13.84375;8.03125;26.6875;-28.625;-89.375;NaN;NaN;NaN;NaN;NaN;NaN;NaN;NaN;NaN
;ServiceLog;Stanislav;1435594420770;Raw;1.2160245;1.6082906;10.238142;254.40625;-9.890625;6.78125;24.9375;-28.125;-83.5625;NaN;NaN;NaN;NaN;NaN;NaN;NaN;NaN;NaN
;ServiceLog;Stanislav;1435594421783;Raw;1.4513842;2.1574628;10.002783;249.375;-12.03125;8.03125;2.75;-37.0625;-123.8125;NaN;NaN;NaN;NaN;NaN;NaN;NaN;NaN;NaN
;ServiceLog;Stanislav;1435594422804;Raw;0.5099458;1.8044236;10.355823;195.32813;-9.84375;2.734375;-7.75;-44.125;-137.875;NaN;NaN;NaN;NaN;NaN;NaN;NaN;NaN;NaN
;ServiceLog;Stanislav;1435594423818;Raw;1.0198916;1.9221034;10.395049;170.15625;-11.203125;5.859375;-21.125;-51.375;-146.6875;NaN;NaN;NaN;NaN;NaN;NaN;NaN;NaN;NaN
;ServiceLog;Stanislav;1435594424835;Raw;0.6276256;1.7259704;10.042009;165.64063;-11.515625;4.875;-17.5625;-45.6875;-136.625;NaN;NaN;NaN;NaN;NaN;NaN;NaN;NaN;NaN
;ServiceLog;Stanislav;1435594425846;Raw;0.6276256;1.9613299;9.963556;159.84375;-10.953125;3.421875;-16.3125;-43.0;-116.1875;NaN;NaN;NaN;NaN;NaN;NaN;NaN;NaN;NaN
;ServiceLog;Stanislav;1435594426864;Raw;1.0198916;2.3143694;10.669635;168.85938;-11.71875;6.984375;-13.5625;-48.75;-100.0;NaN;NaN;NaN;NaN;NaN;NaN;NaN;NaN;NaN
;ServiceLog;Stanislav;1435594427874;Raw;0.2745862;2.8635418;10.355823;169.125;-15.953125;2.0625;-8.125;-61.875;-99.625;NaN;NaN;NaN;NaN;NaN;NaN;NaN;NaN;NaN
;ServiceLog;Stanislav;1435594428895;Raw;0.1176798;5.1386843;9.45361;164.85938;-28.515625;0.59375;3.75;-63.5;-85.9375;NaN;NaN;NaN;NaN;NaN;NaN;NaN;NaN;NaN
;ServiceLog;Stanislav;1435594429906;Raw;3.216581;2.5497289;9.767424;173.23438;-14.046875;16.03125;-37.75;-56.75;-83.1875;NaN;NaN;NaN;NaN;NaN;NaN;NaN;NaN;NaN
;ServiceLog;Stanislav;1435594430924;Raw;1.8828768;3.6873002;9.5320635;149.90625;-13.375;8.21875;-24.9375;-54.125;-81.4375;NaN;NaN;NaN;NaN;NaN;NaN;NaN;NaN;NaN
;ServiceLog;Stanislav;1435594431936;Raw;0.5491724;3.2950344;9.963556;167.125;-17.125;5.296875;-12.5;-52.25;-83.4375;NaN;NaN;NaN;NaN;NaN;NaN;NaN;NaN;NaN
;ServiceLog;Stanislav;1435594432954;Raw;-0.5099458;4.2364726;9.492837;158.14063;-24.0625;-2.765625;-7.5;-57.1875;-81.1875;NaN;NaN;NaN;NaN;NaN;NaN;NaN;NaN;NaN
;ServiceLog;Stanislav;1435594433967;Raw;0.2353596;3.7657535;10.042009;182.45313;-20.515625;1.234375;-2.4375;-63.3125;-78.5625;NaN;NaN;NaN;NaN;NaN;NaN;NaN;NaN;NaN
;ServiceLog;Stanislav;1435594434987;Raw;0.3138128;2.6281822;10.002783;177.10938;-14.65625;1.734375;-6.6875;-54.9375;-88.375;NaN;NaN;NaN;NaN;NaN;NaN;NaN;NaN;NaN
;ServiceLog;Stanislav;1435594436011;Raw;0.9414384;1.9613299;9.885103;175.6875;-9.75;4.953125;-7.4375;-42.1875;-85.0;NaN;NaN;NaN;NaN;NaN;NaN;NaN;NaN;NaN
;ServiceLog;Stanislav;1435594437032;Raw;-0.74530536;3.1381278;9.492837;233.0;-18.125;-2.375;25.625;-14.9375;-13.875;NaN;NaN;NaN;NaN;NaN;NaN;NaN;NaN;NaN
;ServiceLog;Stanislav;1435594438041;Raw;0.0784532;3.216581;9.845877;253.79688;-18.15625;0.171875;35.0;-3.5625;8.9375;NaN;NaN;NaN;NaN;NaN;NaN;NaN;NaN;NaN
;ServiceLog;Stanislav;1435594439057;Raw;0.39226598;1.4513842;10.316595;262.64063;-10.4375;3.53125;32.1875;-0.75;5.125;NaN;NaN;NaN;NaN;NaN;NaN;NaN;NaN;NaN
;ServiceLog;Stanislav;1435594440071;Raw;0.6276256;1.6475172;10.355823;264.45313;-8.359375;2.09375;31.625;1.125;5.375;NaN;NaN;NaN;NaN;NaN;NaN;NaN;NaN;NaN
;ServiceLog;Stanislav;1435594441088;Raw;0.4314926;1.7259704;10.1989155;266.23438;-9.109375;2.015625;32.1875;1.5;3.6875;NaN;NaN;NaN;NaN;NaN;NaN;NaN;NaN;NaN
;ServiceLog;Stanislav;1435594442101;Raw;0.2745862;1.5690639;10.277369;267.6875;-7.6875;1.484375;32.125;0.9375;2.9375;NaN;NaN;NaN;NaN;NaN;NaN;NaN;NaN;NaN
;ServiceLog;Stanislav;1435594443123;Raw;0.2353596;2.0005565;10.395049;268.6875;-10.71875;1.9375;32.3125;1.875;5.4375;NaN;NaN;NaN;NaN;NaN;NaN;NaN;NaN;NaN
;ServiceLog;Stanislav;1435594444137;Raw;0.2745862;1.6082906;9.92433;269.5625;-9.21875;1.5625;32.375;1.5625;4.375;NaN;NaN;NaN;NaN;NaN;NaN;NaN;NaN;NaN
;ServiceLog;Stanislav;1435594445162;Raw;-0.0;1.5690639;9.92433;269.76563;-8.984375;0.0;32.4375;0.5;3.5625;NaN;NaN;NaN;NaN;NaN;NaN;NaN;NaN;NaN
;ServiceLog;Stanislav;1435594446177;Raw;0.2353596;1.9221034;10.669635;269.625;-10.203125;1.234375;31.9375;0.3125;3.4375;NaN;NaN;NaN;NaN;NaN;NaN;NaN;NaN;NaN
;ServiceLog;Stanislav;1435594447194;Raw;0.19613299;1.8828768;10.512729;269.28125;-9.328125;1.90625;31.8125;-0.4375;6.625;NaN;NaN;NaN;NaN;NaN;NaN;NaN;NaN;NaN
;ServiceLog;Stanislav;1435594448204;Raw;0.19613299;1.8044236;10.159689;268.07813;-10.125;0.59375;31.75;-1.0625;13.9375;NaN;NaN;NaN;NaN;NaN;NaN;NaN;NaN;NaN
;ServiceLog;Stanislav;1435594449220;Raw;0.2745862;2.1574628;10.042009;266.90625;-12.984375;0.84375;32.4375;0.5625;17.0;NaN;NaN;NaN;NaN;NaN;NaN;NaN;NaN;NaN
;ServiceLog;Stanislav;1435594450232;Raw;0.1569064;1.9613299;9.885103;265.60938;-8.703125;1.234375;31.3125;-2.4375;13.5;NaN;NaN;NaN;NaN;NaN;NaN;NaN;NaN;NaN
;ServiceLog;Stanislav;1435594451274;Raw;0.2745862;1.9221034;10.434276;265.03125;-9.4375;2.046875;30.9375;-0.8125;12.625;NaN;NaN;NaN;NaN;NaN;NaN;NaN;NaN;NaN
;ServiceLog;Stanislav;1435594452288;Raw;0.19613299;1.6082906;10.277369;263.95313;-7.9375;0.140625;30.0625;-3.0625;15.5625;NaN;NaN;NaN;NaN;NaN;NaN;NaN;NaN;NaN
;ServiceLog;Stanislav;1435594453313;Raw;0.1176798;1.7651969;10.434276;263.73438;-9.109375;0.359375;29.875;0.3125;13.5625;NaN;NaN;NaN;NaN;NaN;NaN;NaN;NaN;NaN
;ServiceLog;Stanislav;1435594454328;Raw;0.0784532;1.7651969;10.551955;264.42188;-9.390625;0.78125;30.1875;-0.4375;11.1875;NaN;NaN;NaN;NaN;NaN;NaN;NaN;NaN;NaN
;ServiceLog;Stanislav;1435594455355;Raw;-1.372931;4.903325;9.296704;259.48438;-27.578125;-7.375;29.9375;-2.4375;16.0;NaN;NaN;NaN;NaN;NaN;NaN;NaN;NaN;NaN
;ServiceLog;Stanislav;1435594456371;Raw;1.0591182;4.785645;9.767424;249.60938;-25.9375;5.515625;28.1875;-6.125;13.4375;NaN;NaN;NaN;NaN;NaN;NaN;NaN;NaN;NaN
;ServiceLog;Stanislav;1435594457403;Raw;-6.080123;-1.6867437;7.1784678;249.14063;-6.171875;-23.296875;26.25;-10.125;25.0;NaN;NaN;NaN;NaN;NaN;NaN;NaN;NaN;NaN
;ServiceLog;Stanislav;1435594458419;Raw;-4.511059;-8.080679;4.9425516;277.0;45.03125;-26.25;27.75;-19.0625;38.75;NaN;NaN;NaN;NaN;NaN;NaN;NaN;NaN;NaN
;ServiceLog;Stanislav;1435594459437;Raw;-4.5502853;-7.72764;5.1779113;280.95313;45.421875;-27.703125;29.25;-18.75;38.0625;NaN;NaN;NaN;NaN;NaN;NaN;NaN;NaN;NaN
;ServiceLog;Stanislav;1435594460450;Raw;-4.628739;-7.7668667;4.9425516;281.8125;49.21875;-26.125;27.75;-19.875;41.3125;NaN;NaN;NaN;NaN;NaN;NaN;NaN;NaN;NaN
;ServiceLog;Stanislav;1435594461468;Raw;-4.628739;-7.531507;5.060231;282.39063;47.09375;-26.5;25.75;-20.5;41.25;NaN;NaN;NaN;NaN;NaN;NaN;NaN;NaN;NaN
;ServiceLog;Stanislav;1435594462481;Raw;-4.5502853;-7.806093;5.0994577;283.21875;48.640625;-25.984375;27.8125;-18.8125;39.8125;NaN;NaN;NaN;NaN;NaN;NaN;NaN;NaN;NaN
;ServiceLog;Stanislav;1435594463499;Raw;-4.628739;-7.806093;5.0994577;283.71875;47.65625;-27.4375;26.375;-18.25;39.875;NaN;NaN;NaN;NaN;NaN;NaN;NaN;NaN;NaN
;ServiceLog;Stanislav;1435594464511;Raw;-4.6679654;-7.60996;4.981778;284.35938;49.046875;-26.875;26.125;-18.8125;39.75;NaN;NaN;NaN;NaN;NaN;NaN;NaN;NaN;NaN
;ServiceLog;Stanislav;1435594465527;Raw;-4.7464185;-7.806093;4.9425516;284.875;48.78125;-27.171875;24.125;-17.1875;40.0;NaN;NaN;NaN;NaN;NaN;NaN;NaN;NaN;NaN
;ServiceLog;Stanislav;1435594466539;Raw;-4.6679654;-7.806093;4.9425516;286.32813;49.0;-26.78125;21.875;-20.75;46.3125;NaN;NaN;NaN;NaN;NaN;NaN;NaN;NaN;NaN
;ServiceLog;Stanislav;1435594467555;Raw;-4.707192;-7.6491866;4.9425516;286.9375;48.28125;-27.3125;23.0;-20.25;42.3125;NaN;NaN;NaN;NaN;NaN;NaN;NaN;NaN;NaN
;ServiceLog;Stanislav;1435594468569;Raw;-4.785645;-7.4922805;5.0210047;287.28125;47.25;-27.953125;23.6875;-16.75;43.1875;NaN;NaN;NaN;NaN;NaN;NaN;NaN;NaN;NaN
;ServiceLog;Stanislav;1435594469585;Raw;-4.7464185;-8.041452;4.9425516;288.1875;49.609375;-26.6875;21.8125;-19.8125;44.4375;NaN;NaN;NaN;NaN;NaN;NaN;NaN;NaN;NaN
;ServiceLog;Stanislav;1435594470597;Raw;-4.6679654;-7.5707335;5.060231;288.75;47.71875;-27.140625;21.75;-18.4375;44.0625;NaN;NaN;NaN;NaN;NaN;NaN;NaN;NaN;NaN
;ServiceLog;Stanislav;1435594471607;Raw;-4.628739;-7.8845463;4.3541527;288.28125;51.15625;-27.1875;22.5;-22.0;37.625;NaN;NaN;NaN;NaN;NaN;NaN;NaN;NaN;NaN
;ServiceLog;Stanislav;1435594472616;Raw;-5.060231;-8.1983595;4.0403395;274.375;51.703125;-28.96875;17.0625;-28.6875;29.1875;NaN;NaN;NaN;NaN;NaN;NaN;NaN;NaN;NaN
;ServiceLog;Stanislav;1435594473636;Raw;-4.6679654;-7.4138274;5.217138;275.375;46.640625;-27.203125;19.375;-25.8125;37.625;NaN;NaN;NaN;NaN;NaN;NaN;NaN;NaN;NaN
;ServiceLog;Stanislav;1435594474654;Raw;-4.6679654;-7.806093;4.8248715;280.625;49.34375;-26.90625;19.75;-23.5625;39.0625;NaN;NaN;NaN;NaN;NaN;NaN;NaN;NaN;NaN
;ServiceLog;Stanislav;1435594475675;Raw;-4.6679654;-7.963;5.0210047;281.70313;49.3125;-26.34375;17.4375;-27.4375;40.5;NaN;NaN;NaN;NaN;NaN;NaN;NaN;NaN;NaN
;ServiceLog;Stanislav;1435594476692;Raw;-4.4718323;-7.963;4.785645;282.57813;50.5625;-25.6875;14.375;-31.5;42.5;NaN;NaN;NaN;NaN;NaN;NaN;NaN;NaN;NaN
;ServiceLog;Stanislav;1435594477704;Raw;-4.864098;-8.237586;4.7464185;282.90625;50.46875;-27.125;11.9375;-36.875;44.0625;NaN;NaN;NaN;NaN;NaN;NaN;NaN;NaN;NaN
;ServiceLog;Stanislav;1435594478713;Raw;-4.864098;-8.237586;4.7464185;283.29688;50.46875;-27.125;5.9375;-40.625;42.8125;NaN;NaN;NaN;NaN;NaN;NaN;NaN;NaN;NaN
;ServiceLog;Stanislav;1435594479732;Raw;-4.8248715;-8.119906;4.864098;268.03125;49.84375;-27.0;0.625;-55.5;39.0625;NaN;NaN;NaN;NaN;NaN;NaN;NaN;NaN;NaN
;ServiceLog;Stanislav;1435594480746;Raw;-4.589512;-7.923773;4.707192;272.875;50.359375;-26.4375;10.1875;-41.1875;43.0;NaN;NaN;NaN;NaN;NaN;NaN;NaN;NaN;NaN
;ServiceLog;Stanislav;1435594481763;Raw;-4.4326057;-7.4138274;4.5502853;279.23438;49.40625;-26.984375;10.875;-34.0625;42.25;NaN;NaN;NaN;NaN;NaN;NaN;NaN;NaN;NaN
;ServiceLog;Stanislav;1435594482772;Raw;-4.511059;-7.5707335;4.785645;280.53125;49.0;-26.75;14.8125;-27.8125;40.1875;NaN;NaN;NaN;NaN;NaN;NaN;NaN;NaN;NaN
;ServiceLog;Stanislav;1435594483785;Raw;-4.785645;-7.8845463;4.785645;285.92188;49.328125;-27.4375;15.0625;-24.625;40.0;NaN;NaN;NaN;NaN;NaN;NaN;NaN;NaN;NaN
;ServiceLog;Stanislav;1435594484793;Raw;-4.7464185;-7.8845463;4.628739;286.20313;49.953125;-27.4375;16.6875;-22.125;36.875;NaN;NaN;NaN;NaN;NaN;NaN;NaN;NaN;NaN
;ServiceLog;Stanislav;1435594485806;Raw;-4.4718323;-7.923773;4.2364726;286.75;52.109375;-26.484375;16.375;-21.9375;35.8125;NaN;NaN;NaN;NaN;NaN;NaN;NaN;NaN;NaN
;ServiceLog;Stanislav;1435594486814;Raw;-4.589512;-7.7668667;4.7464185;286.9375;49.703125;-26.6875;16.6875;-22.375;38.5625;NaN;NaN;NaN;NaN;NaN;NaN;NaN;NaN;NaN
;ServiceLog;Stanislav;1435594487828;Raw;-4.589512;-7.923773;4.785645;287.48438;50.109375;-26.328125;17.6875;-19.375;36.6875;NaN;NaN;NaN;NaN;NaN;NaN;NaN;NaN;NaN
;ServiceLog;Stanislav;1435594488838;Raw;-4.628739;-8.119906;4.4326057;288.03125;51.78125;-26.53125;16.4375;-21.75;36.875;NaN;NaN;NaN;NaN;NaN;NaN;NaN;NaN;NaN
;ServiceLog;Stanislav;1435594489887;Raw;-4.4326057;-7.8453197;4.5502853;287.875;50.984375;-26.046875;16.25;-20.9375;36.0625;NaN;NaN;NaN;NaN;NaN;NaN;NaN;NaN;NaN
;ServiceLog;Stanislav;1435594490895;Raw;-4.5502853;-8.080679;4.4718323;288.10938;51.734375;-26.21875;20.25;-14.6875;32.8125;NaN;NaN;NaN;NaN;NaN;NaN;NaN;NaN;NaN
;ServiceLog;Stanislav;1435594491908;Raw;-4.707192;-8.041452;4.5502853;288.20313;50.859375;-26.984375;21.1875;-14.75;32.6875;NaN;NaN;NaN;NaN;NaN;NaN;NaN;NaN;NaN
;ServiceLog;Stanislav;1435594492917;Raw;-4.7464185;-7.8453197;4.7464185;287.67188;49.4375;-27.375;20.25;-14.0625;31.8125;NaN;NaN;NaN;NaN;NaN;NaN;NaN;NaN;NaN
;ServiceLog;Stanislav;1435594493930;Raw;-4.707192;-8.080679;4.3541527;287.03125;51.609375;-27.140625;21.375;-15.875;30.0;NaN;NaN;NaN;NaN;NaN;NaN;NaN;NaN;NaN
;ServiceLog;Stanislav;1435594494956;Raw;-4.8248715;-7.6884136;4.981778;285.67188;47.96875;-27.796875;20.9375;-15.4375;30.125;NaN;NaN;NaN;NaN;NaN;NaN;NaN;NaN;NaN
;ServiceLog;Stanislav;1435594495969;Raw;-4.707192;-7.923773;4.6679654;285.0625;50.09375;-27.09375;18.5625;-18.0;31.5;NaN;NaN;NaN;NaN;NaN;NaN;NaN;NaN;NaN
;ServiceLog;Stanislav;1435594496978;Raw;-4.7464185;-7.7668667;5.1779113;284.375;47.875;-26.9375;18.5625;-18.9375;30.875;NaN;NaN;NaN;NaN;NaN;NaN;NaN;NaN;NaN
;ServiceLog;Stanislav;1435594497991;Raw;-4.393379;-7.6884136;5.1386843;283.79688;48.6875;-25.390625;17.0;-19.875;33.625;NaN;NaN;NaN;NaN;NaN;NaN;NaN;NaN;NaN
;ServiceLog;Stanislav;1435594499000;Raw;-4.6679654;-8.002226;4.903325;283.84375;49.78125;-26.40625;17.3125;-18.3125;29.375;NaN;NaN;NaN;NaN;NaN;NaN;NaN;NaN;NaN
;ServiceLog;Stanislav;1435594500015;Raw;-4.7464185;-7.60996;5.1779113;283.0625;47.296875;-27.25;18.6875;-18.5;30.1875;NaN;NaN;NaN;NaN;NaN;NaN;NaN;NaN;NaN
;ServiceLog;Stanislav;1435594501025;Raw;-4.864098;-7.806093;5.0210047;282.70313;48.171875;-27.671875;17.5625;-18.4375;30.5;NaN;NaN;NaN;NaN;NaN;NaN;NaN;NaN;NaN
;ServiceLog;Stanislav;1435594502041;Raw;-4.7464185;-7.72764;5.0994577;282.42188;47.984375;-27.125;17.25;-18.375;29.875;NaN;NaN;NaN;NaN;NaN;NaN;NaN;NaN;NaN
;ServiceLog;Stanislav;1435594503048;Raw;-4.864098;-7.7668667;4.981778;281.73438;48.171875;-27.796875;16.5;-20.9375;30.625;NaN;NaN;NaN;NaN;NaN;NaN;NaN;NaN;NaN
;ServiceLog;Stanislav;1435594504059;Raw;-4.589512;-7.7668667;4.7464185;281.73438;49.703125;-26.6875;16.375;-19.9375;29.6875;NaN;NaN;NaN;NaN;NaN;NaN;NaN;NaN;NaN
;ServiceLog;Stanislav;1435594505067;Raw;-4.785645;-7.6884136;4.8248715;281.5;48.546875;-27.796875;14.1875;-23.6875;32.5;NaN;NaN;NaN;NaN;NaN;NaN;NaN;NaN;NaN
;ServiceLog;Stanislav;1435594506079;Raw;-4.511059;-7.72764;4.981778;281.73438;49.03125;-26.125;14.875;-21.3125;31.4375;NaN;NaN;NaN;NaN;NaN;NaN;NaN;NaN;NaN
;ServiceLog;Stanislav;1435594507087;Raw;-4.275699;-7.256921;4.628739;282.10938;49.0625;-26.375;13.4375;-23.5625;32.5;NaN;NaN;NaN;NaN;NaN;NaN;NaN;NaN;NaN
;ServiceLog;Stanislav;1435594508099;Raw;-4.4326057;-7.5707335;5.0210047;282.04688;48.515625;-26.0;14.6875;-21.125;30.0625;NaN;NaN;NaN;NaN;NaN;NaN;NaN;NaN;NaN
;ServiceLog;Stanislav;1435594509107;Raw;-4.511059;-7.453054;5.1779113;281.73438;46.734375;-27.140625;14.75;-20.5625;30.875;NaN;NaN;NaN;NaN;NaN;NaN;NaN;NaN;NaN
;ServiceLog;Stanislav;1435594510119;Raw;-4.628739;-7.7668667;5.1386843;281.46875;48.171875;-26.15625;13.875;-21.25;30.0625;NaN;NaN;NaN;NaN;NaN;NaN;NaN;NaN;NaN
;ServiceLog;Stanislav;1435594511127;Raw;-4.6679654;-8.002226;5.217138;281.375;48.046875;-26.453125;13.8125;-21.0;29.0;NaN;NaN;NaN;NaN;NaN;NaN;NaN;NaN;NaN
;ServiceLog;Stanislav;1435594512140;Raw;-4.6679654;-7.923773;5.3348174;280.03125;48.21875;-26.03125;14.5;-22.8125;27.125;NaN;NaN;NaN;NaN;NaN;NaN;NaN;NaN;NaN
;ServiceLog;Stanislav;1435594513148;Raw;-4.2364726;-7.4922805;5.491724;278.20313;47.21875;-24.53125;18.1875;-16.125;21.4375;NaN;NaN;NaN;NaN;NaN;NaN;NaN;NaN;NaN
;ServiceLog;Stanislav;1435594514160;Raw;-4.864098;-7.5707335;5.0994577;276.14063;47.015625;-28.078125;20.1875;-14.3125;19.0;NaN;NaN;NaN;NaN;NaN;NaN;NaN;NaN;NaN
;ServiceLog;Stanislav;1435594515167;Raw;-4.8248715;-7.7668667;4.8248715;275.10938;48.703125;-27.8125;18.9375;-16.4375;23.125;NaN;NaN;NaN;NaN;NaN;NaN;NaN;NaN;NaN
;ServiceLog;Stanislav;1435594516183;Raw;-6.550842;-8.080679;3.3734875;280.46875;47.875;-35.109375;1.8125;-45.0625;53.0625;NaN;NaN;NaN;NaN;NaN;NaN;NaN;NaN;NaN
;ServiceLog;Stanislav;1435594517191;Raw;-5.1386843;-7.8453197;4.393379;285.90625;49.328125;-30.203125;-2.1875;-52.5;61.5625;NaN;NaN;NaN;NaN;NaN;NaN;NaN;NaN;NaN
;ServiceLog;Stanislav;1435594518206;Raw;-3.6088471;0.8237586;7.806093;223.03125;-10.515625;-20.875;1.4375;-25.9375;52.0625;NaN;NaN;NaN;NaN;NaN;NaN;NaN;NaN;NaN
;ServiceLog;Stanislav;1435594519218;Raw;-0.0392266;2.0005565;9.80665;242.3125;-11.46875;-0.171875;12.4375;3.0;36.75;NaN;NaN;NaN;NaN;NaN;NaN;NaN;NaN;NaN
;ServiceLog;Stanislav;1435594520235;Raw;-0.39226598;2.9812214;10.081236;252.48438;-16.390625;-2.078125;14.8125;3.6875;31.0;NaN;NaN;NaN;NaN;NaN;NaN;NaN;NaN;NaN
;ServiceLog;Stanislav;1435594521244;Raw;0.2353596;2.9027684;9.492837;269.54688;-15.453125;-0.359375;14.375;6.875;20.1875;NaN;NaN;NaN;NaN;NaN;NaN;NaN;NaN;NaN
;ServiceLog;Stanislav;1435594522259;Raw;0.19613299;2.432049;10.355823;356.92188;-13.265625;0.8125;-16.8125;32.875;-10.375;NaN;NaN;NaN;NaN;NaN;NaN;NaN;NaN;NaN
;ServiceLog;Stanislav;1435594523267;Raw;0.1176798;2.5889556;10.120462;22.328125;-14.25;1.03125;-16.0;31.5625;-2.3125;NaN;NaN;NaN;NaN;NaN;NaN;NaN;NaN;NaN
;ServiceLog;Stanislav;1435594524282;Raw;-0.0;2.7066352;10.081236;37.390625;-16.359375;-0.140625;-16.0;18.0625;-1.0625;NaN;NaN;NaN;NaN;NaN;NaN;NaN;NaN;NaN
;ServiceLog;Stanislav;1435594525294;Raw;-0.8629852;2.9027684;10.316595;37.109375;-12.484375;-6.609375;-14.125;21.875;2.25;NaN;NaN;NaN;NaN;NaN;NaN;NaN;NaN;NaN
;ServiceLog;Stanislav;1435594526308;Raw;-0.39226598;2.6281822;10.042009;35.765625;-15.71875;-1.484375;-13.125;22.0625;8.0625;NaN;NaN;NaN;NaN;NaN;NaN;NaN;NaN;NaN
;ServiceLog;Stanislav;1435594527320;Raw;-1.0591182;2.5105023;10.120462;35.859375;-12.03125;-3.5;-14.0;21.5;9.9375;NaN;NaN;NaN;NaN;NaN;NaN;NaN;NaN;NaN
;ServiceLog;Stanislav;1435594528347;Raw;0.4314926;2.8635418;10.277369;36.21875;-15.546875;2.265625;-12.625;21.0625;6.375;NaN;NaN;NaN;NaN;NaN;NaN;NaN;NaN;NaN
;ServiceLog;Stanislav;1435594529358;Raw;-0.35303938;2.5497289;10.120462;15.8125;-14.125;-1.875;-4.8125;24.6875;10.875;NaN;NaN;NaN;NaN;NaN;NaN;NaN;NaN;NaN
;ServiceLog;Stanislav;1435594530380;Raw;-0.5491724;3.2950344;9.92433;15.21875;-20.046875;-1.8125;-5.25;24.125;7.3125;NaN;NaN;NaN;NaN;NaN;NaN;NaN;NaN;NaN
;ServiceLog;Stanislav;1435594531391;Raw;-2.0790098;0.39226598;10.551955;352.59375;-4.984375;-12.265625;1.0;26.125;17.125;NaN;NaN;NaN;NaN;NaN;NaN;NaN;NaN;NaN
;ServiceLog;Stanislav;1435594532407;Raw;-0.98066497;1.4513842;10.1989155;347.125;-8.140625;-5.4375;5.625;20.5;6.625;NaN;NaN;NaN;NaN;NaN;NaN;NaN;NaN;NaN
;ServiceLog;Stanislav;1435594533415;Raw;0.19613299;2.6281822;10.081236;347.1875;-10.9375;-1.03125;2.6875;18.3125;-3.125;NaN;NaN;NaN;NaN;NaN;NaN;NaN;NaN;NaN
;ServiceLog;Stanislav;1435594534432;Raw;-0.19613299;2.0005565;10.277369;356.21875;-11.84375;-0.59375;-0.5;17.75;-4.3125;NaN;NaN;NaN;NaN;NaN;NaN;NaN;NaN;NaN
;ServiceLog;Stanislav;1435594535446;Raw;0.5099458;2.3143694;10.277369;356.54688;-13.984375;1.125;1.4375;15.875;-8.5;NaN;NaN;NaN;NaN;NaN;NaN;NaN;NaN;NaN
;ServiceLog;Stanislav;1435594536462;Raw;0.35303938;2.2751427;10.159689;355.28125;-12.640625;1.875;1.75;11.5;-12.1875;NaN;NaN;NaN;NaN;NaN;NaN;NaN;NaN;NaN
;ServiceLog;Stanislav;1435594537470;Raw;0.4707192;2.353596;10.002783;354.3125;-13.640625;1.484375;1.375;9.1875;-14.125;NaN;NaN;NaN;NaN;NaN;NaN;NaN;NaN;NaN
;ServiceLog;Stanislav;1435594538500;Raw;0.1569064;2.1574628;10.395049;352.4375;-12.375;1.265625;2.6875;10.875;-15.375;NaN;NaN;NaN;NaN;NaN;NaN;NaN;NaN;NaN
;ServiceLog;Stanislav;1435594539513;Raw;-0.19613299;2.5889556;10.238142;351.125;-13.640625;-2.484375;3.1875;9.9375;-10.875;NaN;NaN;NaN;NaN;NaN;NaN;NaN;NaN;NaN
;ServiceLog;Stanislav;1435594540532;Raw;-0.35303938;2.3928225;10.355823;351.82813;-13.921875;-1.84375;1.3125;6.875;-13.125;NaN;NaN;NaN;NaN;NaN;NaN;NaN;NaN;NaN
;ServiceLog;Stanislav;1435594541546;Raw;0.19613299;2.5889556;10.1989155;352.57813;-14.046875;-1.671875;1.1875;6.375;-14.4375;NaN;NaN;NaN;NaN;NaN;NaN;NaN;NaN;NaN
;ServiceLog;Stanislav;1435594542562;Raw;0.3138128;2.1966896;10.316595;350.21875;-12.0;1.703125;0.1875;7.125;-14.0;NaN;NaN;NaN;NaN;NaN;NaN;NaN;NaN;NaN
;ServiceLog;Stanislav;1435594543570;Raw;0.6276256;1.176798;10.551955;6.046875;-7.15625;3.15625;-3.125;8.5625;-15.375;NaN;NaN;NaN;NaN;NaN;NaN;NaN;NaN;NaN
;ServiceLog;Stanislav;1435594544588;Raw;0.98066497;0.6276256;10.591182;29.0625;-3.390625;5.203125;-8.0625;7.9375;-12.375;NaN;NaN;NaN;NaN;NaN;NaN;NaN;NaN;NaN
;ServiceLog;Stanislav;1435594545598;Raw;-0.3138128;1.8828768;9.649743;84.984375;-11.03125;-1.8125;-26.5625;-2.6875;-12.25;NaN;NaN;NaN;NaN;NaN;NaN;NaN;NaN;NaN
;ServiceLog;Stanislav;1435594546615;Raw;1.3337044;2.745862;10.081236;89.265625;-14.390625;6.84375;-26.125;2.1875;4.0625;NaN;NaN;NaN;NaN;NaN;NaN;NaN;NaN;NaN
;ServiceLog;Stanislav;1435594547625;Raw;1.6867437;2.824315;8.355266;73.515625;-14.421875;6.453125;-53.875;27.0;14.375;NaN;NaN;NaN;NaN;NaN;NaN;NaN;NaN;NaN
;ServiceLog;Stanislav;1435594548642;Raw;-1.0198916;5.2563643;8.825985;62.390625;-30.78125;-11.0625;-51.75;51.6875;29.875;NaN;NaN;NaN;NaN;NaN;NaN;NaN;NaN;NaN
;ServiceLog;Stanislav;1435594549651;Raw;0.39226598;4.4326057;10.355823;57.546875;-22.953125;-0.609375;-52.375;48.4375;15.0;NaN;NaN;NaN;NaN;NaN;NaN;NaN;NaN;NaN
;ServiceLog;Stanislav;1435594550667;Raw;0.2745862;4.707192;9.728196;57.078125;-25.796875;1.453125;-53.75;47.1875;20.125;NaN;NaN;NaN;NaN;NaN;NaN;NaN;NaN;NaN
;ServiceLog;Stanislav;1435594551680;Raw;0.1569064;4.707192;9.5320635;56.78125;-27.515625;-0.59375;-52.5625;53.375;21.375;NaN;NaN;NaN;NaN;NaN;NaN;NaN;NaN;NaN
;ServiceLog;Stanislav;1435594552714;Raw;0.1176798;4.785645;9.375157;56.390625;-27.734375;0.0;-52.75;57.875;34.5625;NaN;NaN;NaN;NaN;NaN;NaN;NaN;NaN;NaN
;ServiceLog;Stanislav;1435594553724;Raw;-1.5690639;4.5502853;8.1983595;55.875;-20.734375;-6.109375;-53.625;57.4375;33.75;NaN;NaN;NaN;NaN;NaN;NaN;NaN;NaN;NaN
;ServiceLog;Stanislav;1435594554739;Raw;-0.5099458;5.060231;9.257478;60.984375;-28.9375;-1.703125;-54.9375;57.5625;28.125;NaN;NaN;NaN;NaN;NaN;NaN;NaN;NaN;NaN
;ServiceLog;Stanislav;1435594555748;Raw;1.0198916;6.354709;10.473502;59.859375;-27.578125;-0.78125;-55.5;57.875;39.0625;NaN;NaN;NaN;NaN;NaN;NaN;NaN;NaN;NaN
;ServiceLog;Stanislav;1435594556763;Raw;-0.1176798;4.9425516;8.904438;64.0625;-36.578125;-0.640625;-51.5625;60.0;32.0625;NaN;NaN;NaN;NaN;NaN;NaN;NaN;NaN;NaN
;ServiceLog;Stanislav;1435594557773;Raw;0.4707192;5.570177;8.747532;58.65625;-30.71875;1.03125;-50.75;62.625;39.8125;NaN;NaN;NaN;NaN;NaN;NaN;NaN;NaN;NaN
;ServiceLog;Stanislav;1435594558792;Raw;-0.0392266;5.2563643;9.218251;58.203125;-28.9375;-1.265625;-53.125;60.0625;37.9375;NaN;NaN;NaN;NaN;NaN;NaN;NaN;NaN;NaN
;ServiceLog;Stanislav;1435594559800;Raw;0.35303938;5.76631;7.8845463;58.078125;-29.15625;-1.28125;-52.0;61.0;37.75;NaN;NaN;NaN;NaN;NaN;NaN;NaN;NaN;NaN
;ServiceLog;Stanislav;1435594560821;Raw;-0.0;5.2563643;8.8652115;58.34375;-30.640625;0.0;-53.5625;58.6875;35.375;NaN;NaN;NaN;NaN;NaN;NaN;NaN;NaN;NaN
;ServiceLog;Stanislav;1435594561832;Raw;0.0392266;5.295591;9.139797;58.515625;-30.03125;0.140625;-54.4375;58.0;35.6875;NaN;NaN;NaN;NaN;NaN;NaN;NaN;NaN;NaN
;ServiceLog;Stanislav;1435594562850;Raw;-0.2353596;5.1779113;9.45361;58.46875;-28.6875;-1.234375;-53.75;56.6875;34.8125;NaN;NaN;NaN;NaN;NaN;NaN;NaN;NaN;NaN
;ServiceLog;Stanislav;1435594563860;Raw;-0.70607877;5.217138;9.414384;33.90625;-30.515625;0.140625;-23.625;47.25;-2.0;NaN;NaN;NaN;NaN;NaN;NaN;NaN;NaN;NaN
;ServiceLog;Stanislav;1435594564878;Raw;-1.4906107;5.64863;9.100571;68.40625;-28.4375;-8.171875;-54.9375;42.8125;46.3125;NaN;NaN;NaN;NaN;NaN;NaN;NaN;NaN;NaN
;ServiceLog;Stanislav;1435594565888;Raw;-1.176798;5.7270837;8.982891;73.03125;-31.53125;-6.5625;-55.375;47.375;50.875;NaN;NaN;NaN;NaN;NaN;NaN;NaN;NaN;NaN
;ServiceLog;Stanislav;1435594566904;Raw;-1.0591182;6.00167;9.061344;72.796875;-28.421875;-9.390625;-56.0625;47.6875;48.3125;NaN;NaN;NaN;NaN;NaN;NaN;NaN;NaN;NaN
;ServiceLog;Stanislav;1435594567914;Raw;-1.8828768;5.217138;9.649743;77.484375;-32.59375;-5.234375;-55.3125;46.3125;57.0;NaN;NaN;NaN;NaN;NaN;NaN;NaN;NaN;NaN
;ServiceLog;Stanislav;1435594568930;Raw;-1.4513842;5.217138;8.825985;83.09375;-29.390625;-7.046875;-48.0;41.6875;65.8125;NaN;NaN;NaN;NaN;NaN;NaN;NaN;NaN;NaN
;ServiceLog;Stanislav;1435594569942;Raw;-1.176798;5.491724;8.943665;84.34375;-30.84375;-8.28125;-51.375;45.5625;73.4375;NaN;NaN;NaN;NaN;NaN;NaN;NaN;NaN;NaN
;ServiceLog;Stanislav;1435594570970;Raw;-1.9613299;4.589512;8.8652115;89.109375;-30.84375;-7.4375;-50.8125;45.0625;73.125;NaN;NaN;NaN;NaN;NaN;NaN;NaN;NaN;NaN
;ServiceLog;Stanislav;1435594571982;Raw;-1.5298374;4.785645;8.8652115;11.0625;-31.296875;-5.859375;-5.0625;35.75;15.8125;NaN;NaN;NaN;NaN;NaN;NaN;NaN;NaN;NaN
;ServiceLog;Stanislav;1435594572998;Raw;-1.4513842;4.7464185;9.179024;3.1875;-27.0625;-7.96875;1.5625;32.5;-3.1875;NaN;NaN;NaN;NaN;NaN;NaN;NaN;NaN;NaN
;ServiceLog;Stanislav;1435594574011;Raw;-1.6475172;4.001113;8.8652115;42.59375;-23.90625;-9.5625;-32.875;33.5625;43.5625;NaN;NaN;NaN;NaN;NaN;NaN;NaN;NaN;NaN
;ServiceLog;Stanislav;1435594575027;Raw;-0.4314926;5.0994577;9.492837;87.078125;-28.234375;-2.234375;-61.3125;45.5;87.375;NaN;NaN;NaN;NaN;NaN;NaN;NaN;NaN;NaN
;ServiceLog;Stanislav;1435594576036;Raw;-0.35303938;5.217138;9.767424;96.703125;-28.015625;-3.328125;-54.9375;37.8125;89.3125;NaN;NaN;NaN;NaN;NaN;NaN;NaN;NaN;NaN
;ServiceLog;Stanislav;1435594577059;Raw;-1.2944778;4.6679654;8.904438;217.0;-33.0;-7.375;58.5;-113.5;-88.6875;NaN;NaN;NaN;NaN;NaN;NaN;NaN;NaN;NaN
;ServiceLog;Stanislav;1435594578072;Raw;-1.0983448;4.3541527;9.414384;157.29688;-24.296875;-5.90625;-82.9375;-248.0625;-98.25;NaN;NaN;NaN;NaN;NaN;NaN;NaN;NaN;NaN
;ServiceLog;Stanislav;1435594579089;Raw;-0.8237586;4.6679654;8.786758;21.140625;-27.828125;-4.703125;-18.125;140.5;-39.375;NaN;NaN;NaN;NaN;NaN;NaN;NaN;NaN;NaN
;ServiceLog;Stanislav;1435594580099;Raw;-2.432049;4.4326057;9.218251;10.21875;-25.453125;-3.21875;-14.875;140.625;-23.375;NaN;NaN;NaN;NaN;NaN;NaN;NaN;NaN;NaN
;ServiceLog;Stanislav;1435594581120;Raw;0.1569064;4.0795665;5.217138;8.65625;-23.6875;-21.265625;-9.8125;143.75;-26.9375;NaN;NaN;NaN;NaN;NaN;NaN;NaN;NaN;NaN
;ServiceLog;Stanislav;1435594582132;Raw;-0.9022118;2.9812214;10.1989155;321.95313;-15.546875;-8.21875;72.8125;74.3125;34.8125;NaN;NaN;NaN;NaN;NaN;NaN;NaN;NaN;NaN
;ServiceLog;Stanislav;1435594583146;Raw;-1.7259704;2.824315;10.277369;307.82813;-14.5625;-12.265625;68.0625;69.0;51.0625;NaN;NaN;NaN;NaN;NaN;NaN;NaN;NaN;NaN
;ServiceLog;Stanislav;1435594584155;Raw;-1.6082906;2.5889556;9.92433;307.23438;-13.515625;-10.265625;66.3125;68.4375;52.6875;NaN;NaN;NaN;NaN;NaN;NaN;NaN;NaN;NaN
;ServiceLog;Stanislav;1435594585173;Raw;-1.4906107;2.353596;9.885103;307.28125;-12.546875;-7.015625;60.9375;70.8125;59.6875;NaN;NaN;NaN;NaN;NaN;NaN;NaN;NaN;NaN
;ServiceLog;Stanislav;1435594586182;Raw;-1.6867437;1.9613299;10.159689;313.53125;-10.71875;-9.21875;37.5625;73.5;81.75;NaN;NaN;NaN;NaN;NaN;NaN;NaN;NaN;NaN
;ServiceLog;Stanislav;1435594587202;Raw;-1.4906107;1.8044236;9.728196;314.85938;-10.34375;-8.53125;36.5;72.5625;77.375;NaN;NaN;NaN;NaN;NaN;NaN;NaN;NaN;NaN
;ServiceLog;Stanislav;1435594588211;Raw;-1.2160245;1.8044236;9.845877;315.85938;-10.296875;-6.921875;37.5;73.1875;73.9375;NaN;NaN;NaN;NaN;NaN;NaN;NaN;NaN;NaN
;ServiceLog;Stanislav;1435594589225;Raw;-1.7259704;1.7259704;10.238142;316.5;-12.03125;-9.671875;37.875;72.0;74.8125;NaN;NaN;NaN;NaN;NaN;NaN;NaN;NaN;NaN
;ServiceLog;Stanislav;1435594590304;Raw;-1.8436501;2.2359161;10.1989155;317.28125;-11.78125;-8.96875;35.0;70.5625;69.5;NaN;NaN;NaN;NaN;NaN;NaN;NaN;NaN;NaN
;ServiceLog;Stanislav;1435594591318;Raw;-1.6867437;2.0790098;10.277369;318.15625;-12.75;-8.84375;31.5;71.5;74.625;NaN;NaN;NaN;NaN;NaN;NaN;NaN;NaN;NaN
;ServiceLog;Stanislav;1435594592326;Raw;-1.7259704;2.353596;10.630408;323.53125;-10.1875;-8.25;23.8125;73.5625;84.8125;NaN;NaN;NaN;NaN;NaN;NaN;NaN;NaN;NaN
;ServiceLog;Stanislav;1435594593339;Raw;-1.7651969;2.353596;10.669635;324.04688;-11.296875;-7.78125;21.5625;73.5625;85.625;NaN;NaN;NaN;NaN;NaN;NaN;NaN;NaN;NaN
;ServiceLog;Stanislav;1435594594348;Raw;-1.6475172;2.1574628;10.395049;324.875;-11.6875;-8.484375;19.5625;74.1875;87.6875;NaN;NaN;NaN;NaN;NaN;NaN;NaN;NaN;NaN
;ServiceLog;Stanislav;1435594595361;Raw;-1.8044236;1.8828768;10.002783;325.76563;-11.328125;-9.390625;19.9375;73.875;86.9375;NaN;NaN;NaN;NaN;NaN;NaN;NaN;NaN;NaN
;ServiceLog;Stanislav;1435594596371;Raw;-1.7259704;1.8828768;10.238142;326.3125;-11.6875;-12.125;18.125;73.4375;87.3125;NaN;NaN;NaN;NaN;NaN;NaN;NaN;NaN;NaN
;ServiceLog;Stanislav;1435594597384;Raw;-1.8044236;2.4712758;10.1989155;327.10938;-10.46875;-9.328125;19.1875;73.625;89.5625;NaN;NaN;NaN;NaN;NaN;NaN;NaN;NaN;NaN
;ServiceLog;Stanislav;1435594598393;Raw;-2.0005565;2.1966896;10.159689;327.5625;-11.984375;-10.828125;15.375;72.8125;88.3125;NaN;NaN;NaN;NaN;NaN;NaN;NaN;NaN;NaN
;ServiceLog;Stanislav;1435594599407;Raw;-1.9613299;1.9613299;10.316595;328.04688;-10.515625;-10.515625;14.375;73.25;87.125;NaN;NaN;NaN;NaN;NaN;NaN;NaN;NaN;NaN
;ServiceLog;Stanislav;1435594600416;Raw;-1.7651969;1.9613299;10.159689;328.75;-11.796875;-9.21875;15.1875;72.75;86.375;NaN;NaN;NaN;NaN;NaN;NaN;NaN;NaN;NaN
;ServiceLog;Stanislav;1435594601430;Raw;-2.0397832;1.8828768;10.355823;329.1875;-13.0625;-10.65625;15.3125;72.625;85.5625;NaN;NaN;NaN;NaN;NaN;NaN;NaN;NaN;NaN
;ServiceLog;Stanislav;1435594602439;Raw;-1.8044236;2.0790098;10.042009;329.76563;-10.828125;-8.21875;13.9375;72.4375;85.0625;NaN;NaN;NaN;NaN;NaN;NaN;NaN;NaN;NaN
;ServiceLog;Stanislav;1435594603454;Raw;-1.5690639;1.8044236;9.963556;330.51563;-11.375;-8.953125;13.4375;72.0;83.5625;NaN;NaN;NaN;NaN;NaN;NaN;NaN;NaN;NaN
;ServiceLog;Stanislav;1435594604462;Raw;-1.5298374;1.6867437;9.885103;331.17188;-11.171875;-9.5;13.5625;72.25;85.625;NaN;NaN;NaN;NaN;NaN;NaN;NaN;NaN;NaN
;ServiceLog;Stanislav;1435594605483;Raw;-1.8828768;2.0397832;9.92433;331.32813;-11.203125;-8.84375;14.25;74.6875;92.75;NaN;NaN;NaN;NaN;NaN;NaN;NaN;NaN;NaN
;ServiceLog;Stanislav;1435594606492;Raw;-1.5690639;2.0005565;10.277369;330.9375;-11.859375;-10.125;14.5625;77.0625;98.3125;NaN;NaN;NaN;NaN;NaN;NaN;NaN;NaN;NaN
;ServiceLog;Stanislav;1435594607505;Raw;-1.4906107;1.7259704;10.1989155;327.54688;-11.296875;-7.6875;16.75;76.375;99.5;NaN;NaN;NaN;NaN;NaN;NaN;NaN;NaN;NaN
;ServiceLog;Stanislav;1435594608521;Raw;-2.0005565;1.8436501;10.002783;328.46875;-9.59375;-9.59375;14.6875;76.75;101.625;NaN;NaN;NaN;NaN;NaN;NaN;NaN;NaN;NaN
;ServiceLog;Stanislav;1435594609533;Raw;-1.7651969;2.0397832;9.963556;328.95313;-11.359375;-9.8125;12.1875;77.0;101.875;NaN;NaN;NaN;NaN;NaN;NaN;NaN;NaN;NaN
;ServiceLog;Stanislav;1435594610625;Raw;-2.1574628;1.8044236;10.238142;329.3125;-11.78125;-11.328125;10.9375;77.4375;101.9375;NaN;NaN;NaN;NaN;NaN;NaN;NaN;NaN;NaN
;ServiceLog;Stanislav;1435594611639;Raw;-2.5105023;2.1182363;9.885103;330.25;-10.125;-9.25;11.375;77.3125;104.625;NaN;NaN;NaN;NaN;NaN;NaN;NaN;NaN;NaN
;ServiceLog;Stanislav;1435594612648;Raw;-2.432049;1.8436501;9.728196;330.15625;-11.328125;-11.328125;9.3125;77.6875;109.5;NaN;NaN;NaN;NaN;NaN;NaN;NaN;NaN;NaN
;ServiceLog;Stanislav;1435594613669;Raw;-2.0790098;1.8828768;9.885103;330.17188;-11.296875;-10.609375;9.3125;79.75;110.8125;NaN;NaN;NaN;NaN;NaN;NaN;NaN;NaN;NaN
;ServiceLog;Stanislav;1435594614688;Raw;-2.353596;2.0397832;9.92433;331.09375;-10.640625;-8.9375;7.375;78.1875;110.1875;NaN;NaN;NaN;NaN;NaN;NaN;NaN;NaN;NaN
;ServiceLog;Stanislav;1435594615707;Raw;-2.1182363;2.3143694;10.277369;331.28125;-10.890625;-10.65625;7.9375;77.0;107.8125;NaN;NaN;NaN;NaN;NaN;NaN;NaN;NaN;NaN
;ServiceLog;Stanislav;1435594616728;Raw;-2.1966896;1.9221034;10.316595;331.59375;-11.546875;-10.484375;7.8125;77.625;108.125;NaN;NaN;NaN;NaN;NaN;NaN;NaN;NaN;NaN
;ServiceLog;Stanislav;1435594617749;Raw;-2.2751427;2.2751427;10.473502;331.92188;-9.921875;-11.296875;7.3125;79.1875;109.5;NaN;NaN;NaN;NaN;NaN;NaN;NaN;NaN;NaN
;ServiceLog;Stanislav;1435594618766;Raw;-2.1966896;2.1574628;10.159689;332.15625;-10.828125;-11.921875;9.125;77.625;106.5625;NaN;NaN;NaN;NaN;NaN;NaN;NaN;NaN;NaN
;ServiceLog;Stanislav;1435594619789;Raw;-1.6082906;1.8828768;10.042009;332.0;-11.546875;-11.125;10.375;76.75;103.8125;NaN;NaN;NaN;NaN;NaN;NaN;NaN;NaN;NaN
;ServiceLog;Stanislav;1435594620807;Raw;-2.0790098;1.7651969;9.80665;331.9375;-9.953125;-11.75;10.75;76.9375;102.75;NaN;NaN;NaN;NaN;NaN;NaN;NaN;NaN;NaN
;ServiceLog;Stanislav;1435594621827;Raw;-1.9221034;2.0397832;10.002783;331.76563;-10.0625;-11.515625;11.0;79.125;105.0;NaN;NaN;NaN;NaN;NaN;NaN;NaN;NaN;NaN
;ServiceLog;Stanislav;1435594622845;Raw;-2.1182363;1.7259704;10.159689;331.5;-11.46875;-12.609375;9.625;76.3125;104.125;NaN;NaN;NaN;NaN;NaN;NaN;NaN;NaN;NaN
;ServiceLog;Stanislav;1435594623866;Raw;-1.8044236;2.0790098;9.963556;331.09375;-9.953125;-9.703125;11.875;75.8125;102.4375;NaN;NaN;NaN;NaN;NaN;NaN;NaN;NaN;NaN
;ServiceLog;Stanislav;1435594624887;Raw;-2.1574628;2.0005565;10.120462;330.42188;-12.3125;-13.375;11.875;75.6875;99.4375;NaN;NaN;NaN;NaN;NaN;NaN;NaN;NaN;NaN
;ServiceLog;Stanislav;1435594625907;Raw;-2.0397832;1.9221034;9.92433;330.10938;-10.265625;-9.84375;12.8125;76.4375;97.8125;NaN;NaN;NaN;NaN;NaN;NaN;NaN;NaN;NaN
;ServiceLog;Stanislav;1435594626914;Raw;-1.7651969;2.1574628;10.002783;329.98438;-10.484375;-11.546875;13.3125;74.375;96.0625;NaN;NaN;NaN;NaN;NaN;NaN;NaN;NaN;NaN
;ServiceLog;Stanislav;1435594627928;Raw;-1.7259704;2.1182363;10.748088;329.4375;-11.203125;-14.15625;11.9375;75.0;99.3125;NaN;NaN;NaN;NaN;NaN;NaN;NaN;NaN;NaN
;ServiceLog;Stanislav;1435594628935;Raw;-2.353596;1.7259704;10.277369;329.32813;-10.546875;-12.578125;11.5625;75.9375;103.375;NaN;NaN;NaN;NaN;NaN;NaN;NaN;NaN;NaN
;ServiceLog;Stanislav;1435594629949;Raw;-2.5889556;2.0790098;10.316595;329.70313;-8.796875;-11.234375;7.3125;77.25;109.5;NaN;NaN;NaN;NaN;NaN;NaN;NaN;NaN;NaN
;ServiceLog;Stanislav;1435594630958;Raw;-2.0790098;2.1966896;10.355823;330.17188;-10.578125;-10.8125;6.25;76.875;103.6875;NaN;NaN;NaN;NaN;NaN;NaN;NaN;NaN;NaN
;ServiceLog;Stanislav;1435594631973;Raw;-2.0790098;1.9221034;10.081236;330.15625;-11.0;-13.640625;8.4375;75.5625;102.4375;NaN;NaN;NaN;NaN;NaN;NaN;NaN;NaN;NaN
;ServiceLog;Stanislav;1435594632982;Raw;-4.0403395;1.0591182;8.8652115;330.35938;-4.84375;-19.78125;-3.1875;69.6875;110.5;NaN;NaN;NaN;NaN;NaN;NaN;NaN;NaN;NaN
;ServiceLog;Stanislav;1435594633995;Raw;-3.726527;1.372931;9.296704;335.14063;-9.328125;-18.734375;-14.0;74.6875;118.25;NaN;NaN;NaN;NaN;NaN;NaN;NaN;NaN;NaN
;ServiceLog;Stanislav;1435594635004;Raw;-3.726527;1.4121575;9.885103;334.04688;-8.65625;-20.703125;-15.0625;72.5625;115.375;NaN;NaN;NaN;NaN;NaN;NaN;NaN;NaN;NaN
;ServiceLog;Stanislav;1435594636017;Raw;-3.9226599;1.7651969;10.238142;333.8125;-9.46875;-22.140625;-18.125;74.625;114.875;NaN;NaN;NaN;NaN;NaN;NaN;NaN;NaN;NaN
;ServiceLog;Stanislav;1435594637026;Raw;3.80498;2.7850885;8.669079;356.79688;-15.4375;6.140625;15.75;83.6875;93.1875;NaN;NaN;NaN;NaN;NaN;NaN;NaN;NaN;NaN
;ServiceLog;Stanislav;1435594638040;Raw;-2.4712758;2.432049;9.218251;335.1875;-13.875;-5.65625;32.25;97.1875;81.5;NaN;NaN;NaN;NaN;NaN;NaN;NaN;NaN;NaN
;ServiceLog;Stanislav;1435594639048;Raw;-3.3734875;1.9221034;9.80665;331.34375;-10.5;-18.59375;-5.8125;77.625;111.0;NaN;NaN;NaN;NaN;NaN;NaN;NaN;NaN;NaN
;ServiceLog;Stanislav;1435594640062;Raw;-3.5303938;2.1182363;9.767424;330.6875;-11.265625;-22.390625;-5.875;76.5625;108.0625;NaN;NaN;NaN;NaN;NaN;NaN;NaN;NaN;NaN
;ServiceLog;Stanislav;1435594641071;Raw;-3.726527;1.9613299;9.179024;329.8125;-11.484375;-22.5625;-7.1875;77.1875;110.6875;NaN;NaN;NaN;NaN;NaN;NaN;NaN;NaN;NaN
;ServiceLog;Stanislav;1435594642086;Raw;-3.9226599;1.4121575;10.277369;329.46875;-7.65625;-22.53125;-7.375;77.625;116.125;NaN;NaN;NaN;NaN;NaN;NaN;NaN;NaN;NaN
;ServiceLog;Stanislav;1435594643095;Raw;-3.9618864;2.0005565;9.963556;329.53125;-8.90625;-19.453125;-6.4375;77.875;114.375;NaN;NaN;NaN;NaN;NaN;NaN;NaN;NaN;NaN
;ServiceLog;Stanislav;1435594644114;Raw;-3.5303938;1.8828768;9.767424;329.07813;-7.78125;-20.640625;-3.8125;79.625;117.0;NaN;NaN;NaN;NaN;NaN;NaN;NaN;NaN;NaN
;ServiceLog;Stanislav;1435594645123;Raw;-2.9812214;1.8044236;10.1989155;328.29688;-9.328125;-21.328125;-1.75;78.9375;119.25;NaN;NaN;NaN;NaN;NaN;NaN;NaN;NaN;NaN
;ServiceLog;Stanislav;1435594646136;Raw;-3.7657535;1.6082906;9.610517;324.03125;-9.015625;-20.375;-2.125;80.0;120.5;NaN;NaN;NaN;NaN;NaN;NaN;NaN;NaN;NaN
;ServiceLog;Stanislav;1435594647145;Raw;-3.7657535;1.6867437;9.610517;324.01563;-9.21875;-20.109375;-1.9375;78.625;120.625;NaN;NaN;NaN;NaN;NaN;NaN;NaN;NaN;NaN
;ServiceLog;Stanislav;1435594648157;Raw;-3.4519408;1.5298374;9.728196;324.03125;-10.1875;-21.390625;-0.75;78.75;120.0625;NaN;NaN;NaN;NaN;NaN;NaN;NaN;NaN;NaN
;ServiceLog;Stanislav;1435594649173;Raw;-3.412714;1.6475172;9.57129;324.29688;-8.0;-20.25;-1.9375;78.875;120.125;NaN;NaN;NaN;NaN;NaN;NaN;NaN;NaN;NaN
;ServiceLog;Stanislav;1435594650191;Raw;-3.8834333;1.6475172;9.80665;324.42188;-10.484375;-20.578125;-2.625;79.4375;120.6875;NaN;NaN;NaN;NaN;NaN;NaN;NaN;NaN;NaN
;ServiceLog;Stanislav;1435594651201;Raw;-3.7657535;1.4121575;9.57129;324.84375;-9.125;-18.359375;-5.5;79.75;124.6875;NaN;NaN;NaN;NaN;NaN;NaN;NaN;NaN;NaN
;ServiceLog;Stanislav;1435594652216;Raw;-3.2950344;1.4513842;9.845877;324.9375;-9.953125;-20.4375;-3.75;78.9375;120.0;NaN;NaN;NaN;NaN;NaN;NaN;NaN;NaN;NaN
;ServiceLog;Stanislav;1435594653225;Raw;-1.8044236;6.1978025;6.6292953;322.79688;-38.546875;-12.125;24.375;122.9375;75.375;NaN;NaN;NaN;NaN;NaN;NaN;NaN;NaN;NaN
;ServiceLog;Stanislav;1435594654242;Raw;0.70607877;4.197246;9.296704;5.375;-23.96875;6.0;-11.8125;148.875;60.625;NaN;NaN;NaN;NaN;NaN;NaN;NaN;NaN;NaN
;ServiceLog;Stanislav;1435594655254;Raw;0.8629852;3.9618864;9.885103;5.421875;-22.328125;4.9375;0.1875;142.6875;68.0;NaN;NaN;NaN;NaN;NaN;NaN;NaN;NaN;NaN
;ServiceLog;Stanislav;1435594656273;Raw;0.588399;4.511059;9.728196;5.21875;-24.828125;3.140625;-5.4375;148.1875;59.9375;NaN;NaN;NaN;NaN;NaN;NaN;NaN;NaN;NaN
;ServiceLog;Stanislav;1435594657282;Raw;1.0198916;5.1386843;9.45361;8.375;-28.359375;5.34375;-12.9375;147.125;57.8125;NaN;NaN;NaN;NaN;NaN;NaN;NaN;NaN;NaN
;ServiceLog;Stanislav;1435594658304;Raw;0.39226598;4.275699;9.335931;8.515625;-24.390625;2.125;-13.0625;141.3125;57.9375;NaN;NaN;NaN;NaN;NaN;NaN;NaN;NaN;NaN
;ServiceLog;Stanislav;1435594659324;Raw;0.2745862;3.4519408;8.982891;8.28125;-19.609375;0.140625;-14.0;138.5625;57.9375;NaN;NaN;NaN;NaN;NaN;NaN;NaN;NaN;NaN
;ServiceLog;Stanislav;1435594660344;Raw;0.2353596;3.6480737;9.179024;8.375;-21.328125;1.09375;-15.4375;139.125;63.25;NaN;NaN;NaN;NaN;NaN;NaN;NaN;NaN;NaN
;ServiceLog;Stanislav;1435594661356;Raw;0.70607877;4.0403395;9.139797;8.53125;-22.296875;-0.359375;-15.0;139.25;64.5625;NaN;NaN;NaN;NaN;NaN;NaN;NaN;NaN;NaN
;ServiceLog;Stanislav;1435594662372;Raw;0.8237586;4.197246;9.414384;8.75;-23.421875;1.03125;-14.9375;138.125;60.625;NaN;NaN;NaN;NaN;NaN;NaN;NaN;NaN;NaN
;ServiceLog;Stanislav;1435594663379;Raw;0.5099458;4.3541527;10.002783;9.09375;-24.03125;5.46875;-14.3125;140.0625;59.375;NaN;NaN;NaN;NaN;NaN;NaN;NaN;NaN;NaN
;ServiceLog;Stanislav;1435594664394;Raw;0.0784532;4.0795665;9.767424;9.078125;-22.515625;1.703125;-15.5625;138.25;60.75;NaN;NaN;NaN;NaN;NaN;NaN;NaN;NaN;NaN
;ServiceLog;Stanislav;1435594665404;Raw;0.6668522;4.0403395;9.5320635;9.296875;-24.0;2.34375;-15.375;138.0625;60.9375;NaN;NaN;NaN;NaN;NaN;NaN;NaN;NaN;NaN
;ServiceLog;Stanislav;1435594666420;Raw;-0.0;3.6088471;9.845877;9.34375;-22.953125;2.546875;-14.8125;138.5;60.6875;NaN;NaN;NaN;NaN;NaN;NaN;NaN;NaN;NaN
;ServiceLog;Stanislav;1435594667428;Raw;0.4314926;4.118793;10.002783;9.21875;-22.71875;1.265625;-13.0625;138.375;58.8125;NaN;NaN;NaN;NaN;NaN;NaN;NaN;NaN;NaN
;ServiceLog;Stanislav;1435594668445;Raw;0.5491724;4.197246;9.5320635;9.234375;-23.359375;3.578125;-13.5;138.0;56.625;NaN;NaN;NaN;NaN;NaN;NaN;NaN;NaN;NaN
;ServiceLog;Stanislav;1435594669455;Raw;0.39226598;4.1580195;9.649743;9.34375;-23.875;2.765625;-14.9375;135.0625;57.25;NaN;NaN;NaN;NaN;NaN;NaN;NaN;NaN;NaN
;ServiceLog;Stanislav;1435594670474;Raw;0.5491724;4.3149257;9.375157;9.6875;-24.640625;3.015625;-14.125;136.0625;57.375;NaN;NaN;NaN;NaN;NaN;NaN;NaN;NaN;NaN
;ServiceLog;Stanislav;1435594671484;Raw;0.70607877;4.5502853;9.45361;9.953125;-25.640625;3.78125;-13.8125;136.5;59.375;NaN;NaN;NaN;NaN;NaN;NaN;NaN;NaN;NaN
;ServiceLog;Stanislav;1435594672497;Raw;0.35303938;4.628739;9.375157;10.34375;-26.21875;1.875;-14.875;137.3125;55.75;NaN;NaN;NaN;NaN;NaN;NaN;NaN;NaN;NaN
;ServiceLog;Stanislav;1435594673507;Raw;0.6276256;4.785645;9.218251;10.421875;-27.890625;3.046875;-16.6875;140.5625;61.9375;NaN;NaN;NaN;NaN;NaN;NaN;NaN;NaN;NaN
;ServiceLog;Stanislav;1435594674522;Raw;0.4314926;4.8248715;9.45361;10.625;-25.875;2.546875;-14.625;138.125;60.3125;NaN;NaN;NaN;NaN;NaN;NaN;NaN;NaN;NaN
;ServiceLog;Stanislav;1435594675530;Raw;0.5099458;4.981778;9.492837;10.75;-25.546875;3.390625;-14.75;139.875;63.125;NaN;NaN;NaN;NaN;NaN;NaN;NaN;NaN;NaN
;ServiceLog;Stanislav;1435594676546;Raw;0.4314926;4.5502853;9.414384;11.0;-26.015625;1.875;-14.75;142.3125;70.625;NaN;NaN;NaN;NaN;NaN;NaN;NaN;NaN;NaN
;ServiceLog;Stanislav;1435594677559;Raw;0.74530536;4.707192;9.296704;11.265625;-26.09375;1.28125;-16.0;139.75;64.25;NaN;NaN;NaN;NaN;NaN;NaN;NaN;NaN;NaN
;ServiceLog;Stanislav;1435594678574;Raw;0.5099458;5.0210047;9.57129;12.0;-27.5625;4.0625;-16.875;137.0625;71.875;NaN;NaN;NaN;NaN;NaN;NaN;NaN;NaN;NaN
;ServiceLog;Stanislav;1435594679584;Raw;0.8629852;4.5502853;9.179024;12.40625;-27.734375;2.71875;-15.125;134.5;67.8125;NaN;NaN;NaN;NaN;NaN;NaN;NaN;NaN;NaN
;ServiceLog;Stanislav;1435594680598;Raw;0.8237586;4.707192;9.492837;12.8125;-26.109375;4.765625;-15.1875;136.0;70.375;NaN;NaN;NaN;NaN;NaN;NaN;NaN;NaN;NaN
;ServiceLog;Stanislav;1435594681608;Raw;1.3337044;4.707192;9.375157;17.5;-26.34375;4.671875;-18.75;123.375;83.125;NaN;NaN;NaN;NaN;NaN;NaN;NaN;NaN;NaN
;ServiceLog;Stanislav;1435594682624;Raw;0.9022118;4.4718323;9.45361;18.0625;-24.859375;4.625;-13.125;130.625;79.875;NaN;NaN;NaN;NaN;NaN;NaN;NaN;NaN;NaN
;ServiceLog;Stanislav;1435594683631;Raw;1.0591182;4.628739;9.414384;17.140625;-26.03125;4.515625;-12.6875;131.5;70.25;NaN;NaN;NaN;NaN;NaN;NaN;NaN;NaN;NaN
;ServiceLog;Stanislav;1435594684648;Raw;1.2160245;4.7464185;9.257478;16.0625;-26.421875;5.296875;-6.9375;142.6875;83.4375;NaN;NaN;NaN;NaN;NaN;NaN;NaN;NaN;NaN
;ServiceLog;Stanislav;1435594685660;Raw;0.8237586;4.7464185;9.375157;9.71875;-25.15625;4.234375;-9.8125;140.6875;63.5625;NaN;NaN;NaN;NaN;NaN;NaN;NaN;NaN;NaN
;ServiceLog;Stanislav;1435594686677;Raw;0.6668522;4.6679654;9.492837;14.625;-25.65625;5.4375;-19.0625;118.6875;74.3125;NaN;NaN;NaN;NaN;NaN;NaN;NaN;NaN;NaN
;ServiceLog;Stanislav;1435594687694;Raw;0.9414384;4.9425516;8.943665;15.265625;-27.703125;3.609375;-17.625;124.875;66.5625;NaN;NaN;NaN;NaN;NaN;NaN;NaN;NaN;NaN
;ServiceLog;Stanislav;1435594688709;Raw;1.4513842;4.275699;9.5320635;23.640625;-23.875;7.890625;-21.75;108.1875;78.1875;NaN;NaN;NaN;NaN;NaN;NaN;NaN;NaN;NaN
;ServiceLog;Stanislav;1435594689718;Raw;1.176798;4.393379;9.335931;28.484375;-25.015625;6.46875;-21.75;106.3125;81.5625;NaN;NaN;NaN;NaN;NaN;NaN;NaN;NaN;NaN
;ServiceLog;Stanislav;1435594690734;Raw;1.2160245;4.3541527;9.57129;28.078125;-27.296875;7.375;-18.625;112.25;77.6875;NaN;NaN;NaN;NaN;NaN;NaN;NaN;NaN;NaN
;ServiceLog;Stanislav;1435594691744;Raw;1.0983448;4.6679654;9.375157;27.265625;-25.234375;6.203125;-22.75;109.625;69.6875;NaN;NaN;NaN;NaN;NaN;NaN;NaN;NaN;NaN
;ServiceLog;Stanislav;1435594692757;Raw;2.2359161;4.0795665;9.649743;31.390625;-24.640625;12.140625;-24.75;101.8125;74.875;NaN;NaN;NaN;NaN;NaN;NaN;NaN;NaN;NaN
;ServiceLog;Stanislav;1435594693767;Raw;2.745862;3.9618864;9.218251;53.578125;-23.203125;16.59375;-29.3125;81.375;96.5625;NaN;NaN;NaN;NaN;NaN;NaN;NaN;NaN;NaN
;ServiceLog;Stanislav;1435594694788;Raw;1.9613299;4.589512;9.375157;45.296875;-25.046875;10.484375;-21.5625;89.9375;82.25;NaN;NaN;NaN;NaN;NaN;NaN;NaN;NaN;NaN
;ServiceLog;Stanislav;1435594695800;Raw;0.74530536;4.707192;9.414384;34.484375;-28.265625;4.421875;-25.625;99.1875;76.375;NaN;NaN;NaN;NaN;NaN;NaN;NaN;NaN;NaN
;ServiceLog;Stanislav;1435594696816;Raw;0.8237586;4.707192;9.492837;33.75;-25.828125;4.90625;-24.5;100.3125;72.0625;NaN;NaN;NaN;NaN;NaN;NaN;NaN;NaN;NaN
;ServiceLog;Stanislav;1435594697826;Raw;0.5491724;4.589512;9.414384;27.84375;-26.6875;3.4375;-19.625;105.875;67.125;NaN;NaN;NaN;NaN;NaN;NaN;NaN;NaN;NaN
;ServiceLog;Stanislav;1435594698843;Raw;0.78453195;4.707192;9.335931;22.546875;-26.875;3.75;-19.0;112.5;63.0;NaN;NaN;NaN;NaN;NaN;NaN;NaN;NaN;NaN
;ServiceLog;Stanislav;1435594699858;Raw;1.0591182;4.5502853;9.45361;21.875;-25.578125;5.71875;-20.0;112.875;67.3125;NaN;NaN;NaN;NaN;NaN;NaN;NaN;NaN;NaN
;ServiceLog;Stanislav;1435594700876;Raw;2.1574628;4.0795665;9.57129;23.109375;-22.578125;11.6875;-18.9375;106.1875;66.4375;NaN;NaN;NaN;NaN;NaN;NaN;NaN;NaN;NaN
;ServiceLog;Stanislav;1435594701887;Raw;1.7259704;4.197246;9.414384;22.390625;-23.671875;9.453125;-16.0625;114.375;50.5625;NaN;NaN;NaN;NaN;NaN;NaN;NaN;NaN;NaN
;ServiceLog;Stanislav;1435594702903;Raw;1.7259704;4.4326057;9.335931;311.64063;-24.765625;8.765625;20.6875;15.5;-7.125;NaN;NaN;NaN;NaN;NaN;NaN;NaN;NaN;NaN
;ServiceLog;Stanislav;1435594703911;Raw;0.588399;4.864098;8.747532;311.67188;-41.59375;8.875;18.75;17.8125;-7.8125;NaN;NaN;NaN;NaN;NaN;NaN;NaN;NaN;NaN
;ServiceLog;Stanislav;1435594704927;Raw;0.78453195;4.6679654;9.414384;313.03125;-26.859375;4.453125;18.25;17.3125;-8.5;NaN;NaN;NaN;NaN;NaN;NaN;NaN;NaN;NaN
;ServiceLog;Stanislav;1435594705941;Raw;0.9414384;4.4718323;9.492837;313.90625;-25.140625;5.125;19.1875;15.4375;-17.25;NaN;NaN;NaN;NaN;NaN;NaN;NaN;NaN;NaN
;ServiceLog;Stanislav;1435594706960;Raw;0.70607877;4.4326057;9.57129;313.98438;-24.796875;3.78125;19.1875;14.125;-14.4375;NaN;NaN;NaN;NaN;NaN;NaN;NaN;NaN;NaN
;ServiceLog;Stanislav;1435594707973;Raw;0.70607877;3.8834333;9.610517;313.23438;-23.203125;5.890625;17.8125;12.75;-11.3125;NaN;NaN;NaN;NaN;NaN;NaN;NaN;NaN;NaN
;ServiceLog;Stanislav;1435594708994;Raw;1.0198916;4.0795665;9.767424;312.23438;-23.59375;5.15625;20.0;13.0625;-14.3125;NaN;NaN;NaN;NaN;NaN;NaN;NaN;NaN;NaN
;ServiceLog;Stanislav;1435594710006;Raw;0.9414384;4.0403395;9.649743;311.07813;-22.359375;5.1875;21.375;13.625;-13.4375;NaN;NaN;NaN;NaN;NaN;NaN;NaN;NaN;NaN
;ServiceLog;Stanislav;1435594711025;Raw;0.78453195;4.0795665;9.610517;310.4375;-22.4375;4.984375;21.5;14.0625;-13.625;NaN;NaN;NaN;NaN;NaN;NaN;NaN;NaN;NaN
;ServiceLog;Stanislav;1435594712036;Raw;0.8629852;4.0403395;9.57129;309.78125;-22.390625;5.40625;20.6875;13.8125;-10.9375;NaN;NaN;NaN;NaN;NaN;NaN;NaN;NaN;NaN
;ServiceLog;Stanislav;1435594713055;Raw;0.98066497;4.0795665;9.68897;309.23438;-22.5625;5.515625;20.8125;14.25;-9.4375;NaN;NaN;NaN;NaN;NaN;NaN;NaN;NaN;NaN
;ServiceLog;Stanislav;1435594714067;Raw;0.98066497;4.0795665;9.5320635;308.6875;-23.046875;5.328125;20.8125;14.5625;-8.0625;NaN;NaN;NaN;NaN;NaN;NaN;NaN;NaN;NaN
;ServiceLog;Stanislav;1435594715085;Raw;0.9414384;4.0403395;9.649743;307.9375;-22.59375;5.125;20.625;12.3125;-9.1875;NaN;NaN;NaN;NaN;NaN;NaN;NaN;NaN;NaN
;ServiceLog;Stanislav;1435594716095;Raw;1.0198916;4.0795665;9.414384;306.96875;-23.265625;5.609375;19.5;10.5;-13.0;NaN;NaN;NaN;NaN;NaN;NaN;NaN;NaN;NaN
;ServiceLog;Stanislav;1435594717111;Raw;1.0983448;4.0403395;9.649743;306.4375;-22.328125;5.0625;20.0;10.125;-13.8125;NaN;NaN;NaN;NaN;NaN;NaN;NaN;NaN;NaN
;ServiceLog;Stanislav;1435594718126;Raw;0.9022118;3.9618864;9.649743;293.8125;-22.015625;5.125;17.25;3.9375;-4.625;NaN;NaN;NaN;NaN;NaN;NaN;NaN;NaN;NaN
;ServiceLog;Stanislav;1435594719144;Raw;1.0198916;4.0403395;9.649743;255.17188;-22.5625;5.515625;14.4375;-2.0625;8.625;NaN;NaN;NaN;NaN;NaN;NaN;NaN;NaN;NaN
;ServiceLog;Stanislav;1435594720152;Raw;1.0983448;3.9618864;9.68897;232.78125;-21.8125;5.765625;12.3125;-10.25;4.625;NaN;NaN;NaN;NaN;NaN;NaN;NaN;NaN;NaN
;ServiceLog;Stanislav;1435594721171;Raw;0.74530536;4.589512;9.492837;228.3125;-25.6875;4.0;11.75;-10.9375;1.1875;NaN;NaN;NaN;NaN;NaN;NaN;NaN;NaN;NaN
;ServiceLog;Stanislav;1435594722182;Raw;0.6668522;4.5502853;9.375157;229.34375;-26.0625;4.234375;10.0;-9.8125;-0.875;NaN;NaN;NaN;NaN;NaN;NaN;NaN;NaN;NaN
;ServiceLog;Stanislav;1435594723200;Raw;0.8237586;4.5502853;9.5320635;265.90625;-25.546875;3.8125;32.375;-20.25;-57.1875;NaN;NaN;NaN;NaN;NaN;NaN;NaN;NaN;NaN
;ServiceLog;Stanislav;1435594724208;Raw;-0.5491724;5.1386843;9.335931;303.53125;-26.78125;-3.546875;16.0625;-19.1875;-64.6875;NaN;NaN;NaN;NaN;NaN;NaN;NaN;NaN;NaN
;ServiceLog;Stanislav;1435594725227;Raw;-1.3337044;4.903325;9.179024;347.76563;-28.328125;-7.046875;12.4375;-14.625;-73.5625;NaN;NaN;NaN;NaN;NaN;NaN;NaN;NaN;NaN
;ServiceLog;Stanislav;1435594726240;Raw;-1.5298374;4.7464185;9.68897;348.0625;-28.484375;-2.6875;12.0625;-12.625;-74.5625;NaN;NaN;NaN;NaN;NaN;NaN;NaN;NaN;NaN
;ServiceLog;Stanislav;1435594727258;Raw;-1.2160245;4.4718323;9.375157;343.57813;-26.578125;-3.953125;14.125;-11.0625;-74.1875;NaN;NaN;NaN;NaN;NaN;NaN;NaN;NaN;NaN
;ServiceLog;Stanislav;1435594728272;Raw;-1.2160245;4.981778;9.728196;339.29688;-27.984375;-3.359375;37.5;-1.1875;-138.125;NaN;NaN;NaN;NaN;NaN;NaN;NaN;NaN;NaN
;ServiceLog;Stanislav;1435594729291;Raw;-0.98066497;4.628739;8.943665;339.07813;-25.171875;-7.890625;39.75;8.4375;-138.875;NaN;NaN;NaN;NaN;NaN;NaN;NaN;NaN;NaN
;ServiceLog;Stanislav;1435594730303;Raw;-1.0983448;4.903325;9.767424;338.95313;-24.515625;-7.765625;47.875;16.6875;-144.625;NaN;NaN;NaN;NaN;NaN;NaN;NaN;NaN;NaN
;ServiceLog;Stanislav;1435594731327;Raw;-1.0198916;4.393379;9.5320635;333.15625;-24.609375;-5.484375;95.3125;23.875;-227.9375;NaN;NaN;NaN;NaN;NaN;NaN;NaN;NaN;NaN
;ServiceLog;Stanislav;1435594732338;Raw;-0.78453195;4.628739;9.414384;329.09375;-26.0625;-4.234375;97.25;24.25;-242.0;NaN;NaN;NaN;NaN;NaN;NaN;NaN;NaN;NaN
;ServiceLog;Stanislav;1435594733360;Raw;-0.39226598;4.7464185;9.57129;328.20313;-26.34375;-2.046875;96.875;27.5625;-220.5625;NaN;NaN;NaN;NaN;NaN;NaN;NaN;NaN;NaN
;ServiceLog;Stanislav;1435594734371;Raw;-0.6668522;4.511059;9.649743;326.96875;-25.515625;-2.96875;90.875;23.875;-202.25;NaN;NaN;NaN;NaN;NaN;NaN;NaN;NaN;NaN
;ServiceLog;Stanislav;1435594735384;Raw;-0.0784532;4.864098;9.80665;325.8125;-25.546875;-3.109375;85.5;26.5;-182.125;NaN;NaN;NaN;NaN;NaN;NaN;NaN;NaN;NaN
;ServiceLog;Stanislav;1435594736395;Raw;-0.74530536;4.511059;8.8652115;330.6875;-29.640625;-3.421875;68.75;25.1875;-205.375;NaN;NaN;NaN;NaN;NaN;NaN;NaN;NaN;NaN
;ServiceLog;Stanislav;1435594737414;Raw;-0.4707192;4.707192;9.845877;155.78125;-26.1875;-3.890625;12.5625;-43.875;19.875;NaN;NaN;NaN;NaN;NaN;NaN;NaN;NaN;NaN
;ServiceLog;Stanislav;1435594738436;Raw;-0.5491724;4.903325;9.649743;229.0;-26.21875;-2.6875;20.5;-25.25;-29.5625;NaN;NaN;NaN;NaN;NaN;NaN;NaN;NaN;NaN
;ServiceLog;Stanislav;1435594739452;Raw;-0.39226598;6.5116153;8.433719;257.65625;-40.9375;-4.65625;39.25;-36.875;-22.375;NaN;NaN;NaN;NaN;NaN;NaN;NaN;NaN;NaN
;ServiceLog;Stanislav;1435594740471;Raw;0.1176798;2.432049;9.728196;199.82813;-13.984375;0.609375;8.125;-83.25;52.75;NaN;NaN;NaN;NaN;NaN;NaN;NaN;NaN;NaN
;ServiceLog;Stanislav;1435594741486;Raw;-2.7066352;2.1966896;9.610517;203.39063;-12.40625;-15.3125;110.8125;-154.8125;-56.0625;NaN;NaN;NaN;NaN;NaN;NaN;NaN;NaN;NaN
;ServiceLog;Stanislav;1435594742495;Raw;-2.0397832;2.824315;10.042009;232.32813;-15.40625;-11.0;133.125;-101.125;-109.8125;NaN;NaN;NaN;NaN;NaN;NaN;NaN;NaN;NaN
;ServiceLog;Stanislav;1435594743509;Raw;-2.6281822;2.3143694;10.159689;233.32813;-12.375;-14.109375;132.875;-98.1875;-104.5;NaN;NaN;NaN;NaN;NaN;NaN;NaN;NaN;NaN
;ServiceLog;Stanislav;1435594744518;Raw;-2.353596;2.3928225;9.728196;234.51563;-13.40625;-13.171875;133.5625;-95.125;-100.75;NaN;NaN;NaN;NaN;NaN;NaN;NaN;NaN;NaN
;ServiceLog;Stanislav;1435594745532;Raw;-1.9221034;2.4712758;9.68897;225.5;-14.015625;-10.890625;85.125;-103.625;-149.4375;NaN;NaN;NaN;NaN;NaN;NaN;NaN;NaN;NaN
;ServiceLog;Stanislav;1435594746540;Raw;-2.6281822;2.1182363;10.395049;206.76563;-11.140625;-13.84375;28.0625;-57.375;-23.8125;NaN;NaN;NaN;NaN;NaN;NaN;NaN;NaN;NaN
;ServiceLog;Stanislav;1435594747555;Raw;-2.0397832;1.9221034;9.80665;206.90625;-10.859375;-11.484375;25.4375;-46.0;-3.5625;NaN;NaN;NaN;NaN;NaN;NaN;NaN;NaN;NaN
;ServiceLog;Stanislav;1435594748564;Raw;-2.1966896;1.8044236;9.649743;207.64063;-10.296875;-12.609375;27.8125;-46.0;-1.9375;NaN;NaN;NaN;NaN;NaN;NaN;NaN;NaN;NaN
;ServiceLog;Stanislav;1435594749588;Raw;-2.1966896;1.8828768;9.767424;208.54688;-10.640625;-12.4375;31.875;-47.875;-12.0;NaN;NaN;NaN;NaN;NaN;NaN;NaN;NaN;NaN
;ServiceLog;Stanislav;1435594750604;Raw;-2.3928225;2.1574628;9.767424;209.28125;-12.09375;-13.40625;30.4375;-47.4375;-11.75;NaN;NaN;NaN;NaN;NaN;NaN;NaN;NaN;NaN
;ServiceLog;Stanislav;1435594751624;Raw;-2.4712758;1.9613299;10.159689;209.60938;-11.0625;-12.578125;30.0625;-47.4375;-10.25;NaN;NaN;NaN;NaN;NaN;NaN;NaN;NaN;NaN
;ServiceLog;Stanislav;1435594752640;Raw;-0.6276256;0.4314926;8.041452;215.25;-9.296875;10.375;33.1875;-45.5;-16.3125;NaN;NaN;NaN;NaN;NaN;NaN;NaN;NaN;NaN
;ServiceLog;Stanislav;1435594753660;Raw;0.4314926;-2.1966896;10.238142;210.59375;11.859375;1.703125;23.4375;-47.25;5.125;NaN;NaN;NaN;NaN;NaN;NaN;NaN;NaN;NaN
;ServiceLog;Stanislav;1435594754675;Raw;0.35303938;-1.9613299;10.277369;210.71875;10.71875;1.875;26.9375;-45.8125;8.3125;NaN;NaN;NaN;NaN;NaN;NaN;NaN;NaN;NaN
;ServiceLog;Stanislav;1435594755695;Raw;0.19613299;-0.8629852;6.3154826;210.5;7.75;1.703125;29.25;-51.5625;-5.0;NaN;NaN;NaN;NaN;NaN;NaN;NaN;NaN;NaN
;ServiceLog;Stanislav;1435594756710;Raw;-0.2745862;2.5889556;9.649743;219.1875;-15.03125;-1.5625;39.875;-47.0625;-23.5;NaN;NaN;NaN;NaN;NaN;NaN;NaN;NaN;NaN
;ServiceLog;Stanislav;1435594757731;Raw;0.0784532;2.5497289;10.277369;220.15625;-13.921875;0.359375;36.9375;-46.625;-21.5;NaN;NaN;NaN;NaN;NaN;NaN;NaN;NaN;NaN
;ServiceLog;Stanislav;1435594758745;Raw;-0.5491724;2.5889556;10.630408;220.625;-13.671875;-2.859375;36.5625;-44.75;-15.875;NaN;NaN;NaN;NaN;NaN;NaN;NaN;NaN;NaN
;ServiceLog;Stanislav;1435594759766;Raw;-0.588399;2.7066352;10.395049;220.04688;-14.53125;-3.140625;32.0625;-47.4375;-16.375;NaN;NaN;NaN;NaN;NaN;NaN;NaN;NaN;NaN
;ServiceLog;Stanislav;1435594760781;Raw;-0.6276256;2.5497289;10.473502;219.29688;-13.671875;-3.328125;34.75;-48.3125;-24.8125;NaN;NaN;NaN;NaN;NaN;NaN;NaN;NaN;NaN
;ServiceLog;Stanislav;1435594761802;Raw;-0.2353596;2.6281822;10.120462;219.04688;-14.484375;-1.265625;33.8125;-48.8125;-21.4375;NaN;NaN;NaN;NaN;NaN;NaN;NaN;NaN;NaN
;ServiceLog;Stanislav;1435594762818;Raw;-0.35303938;2.5105023;10.316595;218.625;-14.328125;-2.046875;33.9375;-48.0;-21.9375;NaN;NaN;NaN;NaN;NaN;NaN;NaN;NaN;NaN
;ServiceLog;Stanislav;1435594763839;Raw;-0.6276256;2.2751427;10.081236;218.40625;-14.890625;-3.46875;31.8125;-46.0;-15.0;NaN;NaN;NaN;NaN;NaN;NaN;NaN;NaN;NaN
;ServiceLog;Stanislav;1435594764861;Raw;-0.588399;2.7066352;10.1989155;218.34375;-13.90625;-4.3125;33.25;-46.1875;-14.375;NaN;NaN;NaN;NaN;NaN;NaN;NaN;NaN;NaN
;ServiceLog;Stanislav;1435594765881;Raw;-0.70607877;2.2359161;10.630408;217.54688;-11.859375;-3.671875;31.0;-46.1875;-12.75;NaN;NaN;NaN;NaN;NaN;NaN;NaN;NaN;NaN
;ServiceLog;Stanislav;1435594766898;Raw;-0.2745862;2.5497289;10.159689;216.375;-14.078125;-1.484375;28.6875;-45.8125;-14.0;NaN;NaN;NaN;NaN;NaN;NaN;NaN;NaN;NaN
;ServiceLog;Stanislav;1435594767918;Raw;-0.78453195;2.3143694;10.983448;198.45313;-11.796875;-3.953125;14.3125;-52.8125;-20.0625;NaN;NaN;NaN;NaN;NaN;NaN;NaN;NaN;NaN
;ServiceLog;Stanislav;1435594768932;Raw;-0.2353596;2.353596;10.042009;212.01563;-13.125;-1.28125;31.3125;-46.6875;-15.0625;NaN;NaN;NaN;NaN;NaN;NaN;NaN;NaN;NaN
;ServiceLog;Stanislav;1435594769951;Raw;-0.74530536;2.2751427;9.45361;212.6875;-13.5;-4.3125;29.5;-46.75;-15.125;NaN;NaN;NaN;NaN;NaN;NaN;NaN;NaN;NaN
;ServiceLog;Stanislav;1435594770971;Raw;-1.3337044;2.5889556;10.630408;213.09375;-13.59375;-6.90625;29.5625;-46.5625;-17.0;NaN;NaN;NaN;NaN;NaN;NaN;NaN;NaN;NaN
;ServiceLog;Stanislav;1435594771991;Raw;-1.176798;2.353596;10.826541;212.70313;-12.140625;-6.046875;28.6875;-45.0625;-14.0;NaN;NaN;NaN;NaN;NaN;NaN;NaN;NaN;NaN
;ServiceLog;Stanislav;1435594773009;Raw;-1.4906107;2.2751427;10.1989155;212.375;-12.46875;-8.078125;28.6875;-46.4375;-13.375;NaN;NaN;NaN;NaN;NaN;NaN;NaN;NaN;NaN
;ServiceLog;Stanislav;1435594774112;Raw;-1.4513842;2.353596;10.512729;212.375;-12.46875;-7.640625;29.0;-47.125;-12.5625;NaN;NaN;NaN;NaN;NaN;NaN;NaN;NaN;NaN
;ServiceLog;Stanislav;1435594775133;Raw;-1.7259704;2.432049;10.395049;211.64063;-12.953125;-9.125;24.9375;-45.0;-5.9375;NaN;NaN;NaN;NaN;NaN;NaN;NaN;NaN;NaN
;ServiceLog;Stanislav;1435594776153;Raw;-1.2552512;2.1182363;10.473502;210.85938;-11.3125;-6.703125;24.3125;-45.25;-4.375;NaN;NaN;NaN;NaN;NaN;NaN;NaN;NaN;NaN
;ServiceLog;Stanislav;1435594777170;Raw;-1.4513842;2.1966896;10.120462;209.85938;-12.125;-7.9375;23.375;-44.9375;-4.5;NaN;NaN;NaN;NaN;NaN;NaN;NaN;NaN;NaN
;ServiceLog;Stanislav;1435594778192;Raw;-1.2160245;2.1574628;10.748088;209.09375;-11.265625;-6.3125;22.25;-45.3125;-2.5625;NaN;NaN;NaN;NaN;NaN;NaN;NaN;NaN;NaN
;ServiceLog;Stanislav;1435594779209;Raw;-0.5491724;1.7651969;10.669635;208.125;-11.34375;-10.640625;20.625;-42.75;3.75;NaN;NaN;NaN;NaN;NaN;NaN;NaN;NaN;NaN
;ServiceLog;Stanislav;1435594780232;Raw;-0.4707192;2.6281822;10.8657675;207.67188;-13.53125;-2.375;23.1875;-44.8125;-4.9375;NaN;NaN;NaN;NaN;NaN;NaN;NaN;NaN;NaN
;ServiceLog;Stanislav;1435594781312;Raw;-1.2160245;2.0397832;9.845877;207.6875;-10.859375;-5.71875;23.6875;-45.1875;-5.25;NaN;NaN;NaN;NaN;NaN;NaN;NaN;NaN;NaN
;ServiceLog;Stanislav;1435594782337;Raw;-1.0591182;2.0790098;9.92433;207.1875;-11.71875;-5.90625;21.625;-45.6875;-2.3125;NaN;NaN;NaN;NaN;NaN;NaN;NaN;NaN;NaN
;ServiceLog;Stanislav;1435594783355;Raw;-1.2552512;1.7651969;10.238142;206.59375;-9.671875;-6.875;21.875;-45.5625;-2.4375;NaN;NaN;NaN;NaN;NaN;NaN;NaN;NaN;NaN
;ServiceLog;Stanislav;1435594784380;Raw;-1.4906107;2.3143694;10.395049;206.42188;-12.375;-7.9375;22.8125;-46.5;-1.125;NaN;NaN;NaN;NaN;NaN;NaN;NaN;NaN;NaN
;ServiceLog;Stanislav;1435594785398;Raw;-1.4121575;2.2751427;10.316595;206.04688;-12.3125;-7.578125;20.4375;-44.125;4.0;NaN;NaN;NaN;NaN;NaN;NaN;NaN;NaN;NaN
;ServiceLog;Stanislav;1435594786418;Raw;-0.98066497;2.1966896;10.630408;205.82813;-11.609375;-5.09375;21.875;-45.5625;-2.0625;NaN;NaN;NaN;NaN;NaN;NaN;NaN;NaN;NaN
;ServiceLog;Stanislav;1435594787435;Raw;-1.5690639;2.1182363;10.473502;205.625;-11.296875;-8.34375;21.8125;-46.4375;-2.0625;NaN;NaN;NaN;NaN;NaN;NaN;NaN;NaN;NaN
;ServiceLog;Stanislav;1435594788457;Raw;-1.176798;2.0005565;10.238142;205.84375;-11.09375;-8.1875;23.625;-46.5625;-4.25;NaN;NaN;NaN;NaN;NaN;NaN;NaN;NaN;NaN
;ServiceLog;Stanislav;1435594789476;Raw;-0.98066497;2.6674087;10.8657675;205.89063;-13.703125;-4.953125;23.4375;-46.625;-3.625;NaN;NaN;NaN;NaN;NaN;NaN;NaN;NaN;NaN
;ServiceLog;Stanislav;1435594790502;Raw;-1.176798;2.0790098;10.120462;206.28125;-11.484375;-6.46875;24.6875;-46.25;-6.6875;NaN;NaN;NaN;NaN;NaN;NaN;NaN;NaN;NaN
;ServiceLog;Stanislav;1435594791523;Raw;-1.1375713;2.2359161;10.1989155;207.0;-12.296875;-6.1875;25.75;-46.75;-9.1875;NaN;NaN;NaN;NaN;NaN;NaN;NaN;NaN;NaN
;ServiceLog;Stanislav;1435594792551;Raw;-1.0983448;1.8436501;10.1989155;207.76563;-10.1875;-6.0;27.0;-45.5625;-4.5625;NaN;NaN;NaN;NaN;NaN;NaN;NaN;NaN;NaN
;ServiceLog;Stanislav;1435594793570;Raw;-1.3337044;2.3143694;10.395049;208.14063;-12.40625;-7.0625;25.5;-47.3125;-4.875;NaN;NaN;NaN;NaN;NaN;NaN;NaN;NaN;NaN
;ServiceLog;Stanislav;1435594794583;Raw;-1.2944778;2.3143694;10.277369;207.95313;-12.546875;-7.015625;24.4375;-47.0625;-3.5625;NaN;NaN;NaN;NaN;NaN;NaN;NaN;NaN;NaN
;ServiceLog;Stanislav;1435594795593;Raw;-1.2160245;2.1574628;10.120462;207.73438;-11.921875;-6.671875;23.5;-46.0625;-2.8125;NaN;NaN;NaN;NaN;NaN;NaN;NaN;NaN;NaN
;ServiceLog;Stanislav;1435594796612;Raw;-1.2552512;1.8828768;10.316595;207.4375;-10.265625;-6.8125;24.0625;-46.5625;-3.25;NaN;NaN;NaN;NaN;NaN;NaN;NaN;NaN;NaN
;ServiceLog;Stanislav;1435594797621;Raw;-0.9414384;2.1182363;10.042009;207.48438;-11.828125;-5.234375;23.5625;-46.375;-2.0625;NaN;NaN;NaN;NaN;NaN;NaN;NaN;NaN;NaN
;ServiceLog;Stanislav;1435594798643;Raw;-0.98066497;1.8044236;9.885103;206.92188;-10.265625;-5.484375;21.1875;-46.3125;2.0625;NaN;NaN;NaN;NaN;NaN;NaN;NaN;NaN;NaN
;ServiceLog;Stanislav;1435594799652;Raw;-1.0983448;1.9613299;10.042009;205.92188;-10.578125;-6.84375;19.5;-45.125;5.75;NaN;NaN;NaN;NaN;NaN;NaN;NaN;NaN;NaN
;ServiceLog;Stanislav;1435594800665;Raw;-1.6867437;2.1182363;10.669635;205.125;-11.234375;-5.890625;18.375;-44.375;8.875;NaN;NaN;NaN;NaN;NaN;NaN;NaN;NaN;NaN
;ServiceLog;Stanislav;1435594801673;Raw;-1.4513842;2.1574628;9.80665;204.25;-10.65625;-6.625;17.75;-45.625;12.25;NaN;NaN;NaN;NaN;NaN;NaN;NaN;NaN;NaN
;ServiceLog;Stanislav;1435594802692;Raw;-1.0591182;2.0790098;10.042009;203.48438;-11.609375;-5.828125;17.8125;-44.9375;10.125;NaN;NaN;NaN;NaN;NaN;NaN;NaN;NaN;NaN
;ServiceLog;Stanislav;1435594803701;Raw;-1.5690639;2.0397832;10.1989155;203.14063;-11.15625;-8.5625;18.6875;-45.0;6.8125;NaN;NaN;NaN;NaN;NaN;NaN;NaN;NaN;NaN
;ServiceLog;Stanislav;1435594804730;Raw;-1.176798;1.8436501;10.630408;203.51563;-9.75;-6.203125;21.375;-45.3125;5.125;NaN;NaN;NaN;NaN;NaN;NaN;NaN;NaN;NaN
;ServiceLog;Stanislav;1435594805772;Raw;2.0005565;3.216581;9.649743;183.29688;-18.09375;11.0625;-2.6875;-8.75;-4.8125;NaN;NaN;NaN;NaN;NaN;NaN;NaN;NaN;NaN
;ServiceLog;Stanislav;1435594806788;Raw;-2.1574628;3.216581;8.8652115;130.60938;-19.421875;-12.859375;-18.0;-11.25;-0.25;NaN;NaN;NaN;NaN;NaN;NaN;NaN;NaN;NaN
;ServiceLog;Stanislav;1435594807796;Raw;-0.35303938;4.4718323;9.92433;33.75;-30.9375;2.40625;-6.9375;6.3125;-23.4375;NaN;NaN;NaN;NaN;NaN;NaN;NaN;NaN;NaN
;ServiceLog;Stanislav;1435594808811;Raw;0.70607877;4.707192;9.022118;3.625;-29.03125;7.578125;-2.3125;-3.8125;-18.875;NaN;NaN;NaN;NaN;NaN;NaN;NaN;NaN;NaN
;ServiceLog;Stanislav;1435594809821;Raw;1.0198916;4.7464185;8.982891;329.03125;-27.0;5.015625;-0.1875;-6.5625;-17.625;NaN;NaN;NaN;NaN;NaN;NaN;NaN;NaN;NaN
;ServiceLog;Stanislav;1435594810835;Raw;0.9414384;5.0210047;9.257478;353.625;-27.921875;6.640625;-1.25;-4.6875;-13.4375;NaN;NaN;NaN;NaN;NaN;NaN;NaN;NaN;NaN
;ServiceLog;Stanislav;1435594811854;Raw;1.0983448;4.6679654;9.375157;270.29688;-25.96875;6.1875;0.9375;-7.75;-15.0625;NaN;NaN;NaN;NaN;NaN;NaN;NaN;NaN;NaN
;ServiceLog;Stanislav;1435594812870;Raw;0.9022118;4.7464185;9.296704;306.32813;-24.609375;4.25;1.625;-5.8125;-19.4375;NaN;NaN;NaN;NaN;NaN;NaN;NaN;NaN;NaN
;ServiceLog;Stanislav;1435594813879;Raw;1.1375713;4.864098;9.218251;314.90625;-28.625;5.484375;2.625;-5.4375;-21.6875;NaN;NaN;NaN;NaN;NaN;NaN;NaN;NaN;NaN
;ServiceLog;Stanislav;1435594814893;Raw;0.8629852;4.981778;9.257478;320.35938;-28.640625;4.984375;2.9375;-4.0625;-22.8125;NaN;NaN;NaN;NaN;NaN;NaN;NaN;NaN;NaN
;ServiceLog;Stanislav;1435594815904;Raw;0.9414384;5.2563643;9.139797;330.57813;-29.609375;4.9375;2.1875;-3.375;-24.5;NaN;NaN;NaN;NaN;NaN;NaN;NaN;NaN;NaN
;ServiceLog;Stanislav;1435594816926;Raw;0.8629852;5.1386843;8.943665;345.4375;-30.609375;4.84375;-0.5625;-2.5;-19.375;NaN;NaN;NaN;NaN;NaN;NaN;NaN;NaN;NaN
;ServiceLog;Stanislav;1435594817936;Raw;0.8629852;5.4132705;9.139797;339.375;-30.515625;4.625;6.25;6.75;-20.375;NaN;NaN;NaN;NaN;NaN;NaN;NaN;NaN;NaN
;ServiceLog;Stanislav;1435594818947;Raw;0.588399;5.295591;9.022118;338.51563;-30.328125;3.21875;8.9375;17.4375;-16.0625;NaN;NaN;NaN;NaN;NaN;NaN;NaN;NaN;NaN
;ServiceLog;Stanislav;1435594819958;Raw;0.8237586;5.2563643;8.982891;338.875;-30.1875;4.515625;9.0625;20.3125;-17.125;NaN;NaN;NaN;NaN;NaN;NaN;NaN;NaN;NaN
;ServiceLog;Stanislav;1435594820977;Raw;0.9022118;5.4524975;8.982891;340.42188;-31.140625;4.90625;5.125;15.0;-37.875;NaN;NaN;NaN;NaN;NaN;NaN;NaN;NaN;NaN
;ServiceLog;Stanislav;1435594821987;Raw;0.6668522;5.295591;9.061344;345.95313;-30.640625;2.46875;3.125;14.625;-38.375;NaN;NaN;NaN;NaN;NaN;NaN;NaN;NaN;NaN
;ServiceLog;Stanislav;1435594823006;Raw;1.2944778;4.785645;9.257478;345.65625;-26.78125;7.515625;2.625;6.9375;-26.5;NaN;NaN;NaN;NaN;NaN;NaN;NaN;NaN;NaN
;ServiceLog;Stanislav;1435594824015;Raw;1.2944778;4.6679654;9.139797;336.40625;-28.75;7.890625;1.9375;-1.3125;-23.0625;NaN;NaN;NaN;NaN;NaN;NaN;NaN;NaN;NaN
;ServiceLog;Stanislav;1435594825034;Raw;1.0198916;4.903325;9.296704;335.73438;-30.0625;7.34375;3.0625;-0.125;-27.0625;NaN;NaN;NaN;NaN;NaN;NaN;NaN;NaN;NaN
;ServiceLog;Stanislav;1435594826042;Raw;1.2552512;5.0210047;9.100571;335.32813;-28.765625;5.96875;3.5;1.625;-23.625;NaN;NaN;NaN;NaN;NaN;NaN;NaN;NaN;NaN
;ServiceLog;Stanislav;1435594827057;Raw;1.5298374;4.7464185;9.061344;335.59375;-28.203125;7.125;3.6875;2.25;-25.0;NaN;NaN;NaN;NaN;NaN;NaN;NaN;NaN;NaN
;ServiceLog;Stanislav;1435594828065;Raw;1.9613299;4.9425516;9.335931;230.73438;-24.140625;12.484375;-1.625;-11.5625;-10.0625;NaN;NaN;NaN;NaN;NaN;NaN;NaN;NaN;NaN
;ServiceLog;Stanislav;1435594829081;Raw;1.5298374;4.864098;9.257478;170.0625;-26.875;8.90625;-3.25;-10.4375;-15.25;NaN;NaN;NaN;NaN;NaN;NaN;NaN;NaN;NaN
;ServiceLog;Stanislav;1435594830091;Raw;1.1375713;4.903325;9.296704;327.53125;-27.296875;5.234375;0.8125;-6.25;-27.25;NaN;NaN;NaN;NaN;NaN;NaN;NaN;NaN;NaN
;ServiceLog;Stanislav;1435594831110;Raw;0.9022118;4.981778;9.257478;328.51563;-28.515625;5.234375;3.875;-2.0625;-33.6875;NaN;NaN;NaN;NaN;NaN;NaN;NaN;NaN;NaN
;ServiceLog;Stanislav;1435594832119;Raw;0.70607877;4.981778;9.139797;337.90625;-27.546875;4.453125;2.9375;3.3125;-36.8125;NaN;NaN;NaN;NaN;NaN;NaN;NaN;NaN;NaN
;ServiceLog;Stanislav;1435594833134;Raw;0.6668522;4.9425516;9.257478;343.96875;-27.640625;4.421875;1.25;4.375;-39.875;NaN;NaN;NaN;NaN;NaN;NaN;NaN;NaN;NaN
;ServiceLog;Stanislav;1435594834142;Raw;0.74530536;4.864098;9.257478;344.64063;-27.671875;4.03125;3.25;4.625;-39.625;NaN;NaN;NaN;NaN;NaN;NaN;NaN;NaN;NaN
;ServiceLog;Stanislav;1435594835159;Raw;1.4906107;4.707192;9.139797;340.85938;-26.90625;8.21875;1.125;-1.75;-38.6875;NaN;NaN;NaN;NaN;NaN;NaN;NaN;NaN;NaN
;ServiceLog;Stanislav;1435594836171;Raw;1.4906107;4.785645;9.375157;336.95313;-26.75;8.03125;0.3125;-0.9375;-41.8125;NaN;NaN;NaN;NaN;NaN;NaN;NaN;NaN;NaN
;ServiceLog;Stanislav;1435594837187;Raw;1.7259704;4.7464185;9.296704;337.85938;-26.09375;8.953125;1.125;3.0625;-47.8125;NaN;NaN;NaN;NaN;NaN;NaN;NaN;NaN;NaN
;ServiceLog;Stanislav;1435594838195;Raw;0.5491724;4.4326057;8.080679;346.26563;-34.765625;4.34375;1.375;3.25;-49.75;NaN;NaN;NaN;NaN;NaN;NaN;NaN;NaN;NaN
;ServiceLog;Stanislav;1435594839213;Raw;1.0591182;4.6679654;9.296704;349.20313;-27.0;5.4375;1.75;4.75;-48.625;NaN;NaN;NaN;NaN;NaN;NaN;NaN;NaN;NaN
;ServiceLog;Stanislav;1435594840224;Raw;1.6867437;5.060231;8.982891;349.15625;-28.1875;7.328125;0.1875;3.8125;-46.5625;NaN;NaN;NaN;NaN;NaN;NaN;NaN;NaN;NaN
;ServiceLog;Stanislav;1435594841241;Raw;0.78453195;4.5502853;9.375157;348.98438;-26.125;4.953125;0.875;5.75;-47.5;NaN;NaN;NaN;NaN;NaN;NaN;NaN;NaN;NaN
;ServiceLog;Stanislav;1435594842250;Raw;1.0983448;4.6679654;9.45361;348.9375;-26.125;4.484375;1.4375;5.625;-45.9375;NaN;NaN;NaN;NaN;NaN;NaN;NaN;NaN;NaN
;ServiceLog;Stanislav;1435594843289;Raw;0.74530536;4.3541527;9.335931;348.70313;-23.59375;3.828125;2.1875;9.1875;-37.25;NaN;NaN;NaN;NaN;NaN;NaN;NaN;NaN;NaN
;ServiceLog;Stanislav;1435594844297;Raw;0.98066497;4.197246;9.610517;347.84375;-23.234375;4.765625;3.0625;10.25;-32.8125;NaN;NaN;NaN;NaN;NaN;NaN;NaN;NaN;NaN
;ServiceLog;Stanislav;1435594845314;Raw;0.9022118;4.0795665;9.57129;347.73438;-23.0;4.9375;2.1875;9.875;-32.8125;NaN;NaN;NaN;NaN;NaN;NaN;NaN;NaN;NaN
;ServiceLog;Stanislav;1435594846325;Raw;0.9414384;4.275699;9.649743;347.65625;-23.75;5.09375;2.0625;10.0;-34.3125;NaN;NaN;NaN;NaN;NaN;NaN;NaN;NaN;NaN
;ServiceLog;Stanislav;1435594847341;Raw;0.70607877;4.1580195;9.5320635;347.95313;-23.515625;3.828125;2.1875;9.625;-33.375;NaN;NaN;NaN;NaN;NaN;NaN;NaN;NaN;NaN
;ServiceLog;Stanislav;1435594848353;Raw;0.8629852;4.197246;9.68897;347.8125;-23.90625;5.484375;1.9375;9.3125;-32.5;NaN;NaN;NaN;NaN;NaN;NaN;NaN;NaN;NaN
;ServiceLog;Stanislav;1435594849376;Raw;0.9414384;4.3149257;9.57129;347.95313;-24.09375;5.765625;1.9375;10.75;-32.5;NaN;NaN;NaN;NaN;NaN;NaN;NaN;NaN;NaN
;ServiceLog;Stanislav;1435594850387;Raw;0.78453195;4.197246;9.57129;348.01563;-23.609375;4.484375;3.0625;12.0;-28.4375;NaN;NaN;NaN;NaN;NaN;NaN;NaN;NaN;NaN
;ServiceLog;Stanislav;1435594851402;Raw;0.39226598;4.8248715;9.414384;348.53125;-26.625;1.84375;1.8125;13.875;-29.4375;NaN;NaN;NaN;NaN;NaN;NaN;NaN;NaN;NaN
;ServiceLog;Stanislav;1435594852410;Raw;0.5099458;4.4326057;9.45361;353.79688;-25.0625;2.765625;-0.4375;14.0625;-28.75;NaN;NaN;NaN;NaN;NaN;NaN;NaN;NaN;NaN
;ServiceLog;Stanislav;1435594853427;Raw;0.5491724;4.5502853;9.492837;354.875;-25.203125;2.515625;0.0625;13.3125;-28.5625;NaN;NaN;NaN;NaN;NaN;NaN;NaN;NaN;NaN
;ServiceLog;Stanislav;1435594854439;Raw;0.4707192;4.589512;9.375157;337.35938;-25.84375;2.515625;17.5625;10.875;-55.375;NaN;NaN;NaN;NaN;NaN;NaN;NaN;NaN;NaN
;ServiceLog;Stanislav;1435594855455;Raw;-0.8629852;4.9425516;9.139797;346.96875;-28.015625;-4.9375;0.8125;5.9375;-18.4375;NaN;NaN;NaN;NaN;NaN;NaN;NaN;NaN;NaN
;ServiceLog;Stanislav;1435594856465;Raw;-0.98066497;5.060231;9.414384;46.75;-27.828125;-2.484375;-8.9375;8.4375;1.75;NaN;NaN;NaN;NaN;NaN;NaN;NaN;NaN;NaN
;ServiceLog;Stanislav;1435594857480;Raw;-0.74530536;5.0210047;9.296704;39.265625;-31.859375;-1.84375;-5.875;9.125;-3.5625;NaN;NaN;NaN;NaN;NaN;NaN;NaN;NaN;NaN
;ServiceLog;Stanislav;1435594858490;Raw;-0.6276256;4.7464185;9.80665;27.0;-25.453125;-3.21875;-4.0625;7.75;-0.3125;NaN;NaN;NaN;NaN;NaN;NaN;NaN;NaN;NaN
;ServiceLog;Stanislav;1435594859509;Raw;-0.5491724;4.4718323;9.57129;213.59375;-25.234375;-3.640625;2.5;4.5;44.625;NaN;NaN;NaN;NaN;NaN;NaN;NaN;NaN;NaN
;ServiceLog;Stanislav;1435594860520;Raw;-1.0198916;4.2364726;9.022118;195.75;-24.921875;-6.0;-0.5;4.1875;58.0;NaN;NaN;NaN;NaN;NaN;NaN;NaN;NaN;NaN
;ServiceLog;Stanislav;1435594861543;Raw;-1.2944778;4.0795665;10.042009;191.14063;-22.78125;-6.90625;-4.625;7.6875;59.375;NaN;NaN;NaN;NaN;NaN;NaN;NaN;NaN;NaN
;ServiceLog;Stanislav;1435594862554;Raw;-0.8237586;4.589512;9.375157;255.84375;-25.203125;-2.75;34.125;4.9375;11.625;NaN;NaN;NaN;NaN;NaN;NaN;NaN;NaN;NaN
;ServiceLog;Stanislav;1435594863582;Raw;-0.5099458;4.275699;9.375157;270.79688;-24.4375;-2.796875;42.375;-3.1875;-4.0625;NaN;NaN;NaN;NaN;NaN;NaN;NaN;NaN;NaN
;ServiceLog;Stanislav;1435594864593;Raw;-0.19613299;4.7464185;9.845877;272.46875;-25.71875;-1.015625;61.375;-0.6875;-18.625;NaN;NaN;NaN;NaN;NaN;NaN;NaN;NaN;NaN
;ServiceLog;Stanislav;1435594865612;Raw;-0.19613299;4.4718323;9.375157;272.57813;-24.640625;-2.6875;57.875;1.875;-0.5;NaN;NaN;NaN;NaN;NaN;NaN;NaN;NaN;NaN
;ServiceLog;Stanislav;1435594866625;Raw;-0.0;4.7464185;9.728196;271.6875;-26.359375;-0.59375;50.6875;-0.9375;-1.1875;NaN;NaN;NaN;NaN;NaN;NaN;NaN;NaN;NaN
;ServiceLog;Stanislav;1435594867642;Raw;-0.0784532;4.1580195;9.92433;271.21875;-24.34375;0.59375;47.5625;-5.8125;-9.25;NaN;NaN;NaN;NaN;NaN;NaN;NaN;NaN;NaN
;ServiceLog;Stanislav;1435594868659;Raw;-0.6276256;4.864098;9.375157;298.4375;-27.640625;-2.65625;60.1875;34.5625;-20.375;NaN;NaN;NaN;NaN;NaN;NaN;NaN;NaN;NaN
;ServiceLog;Stanislav;1435594869687;Raw;-2.3143694;5.570177;10.042009;322.35938;-41.296875;17.234375;7.125;14.6875;-29.9375;NaN;NaN;NaN;NaN;NaN;NaN;NaN;NaN;NaN
;ServiceLog;Stanislav;1435594870699;Raw;-2.1182363;1.8436501;8.943665;150.20313;-11.859375;-12.09375;-1.125;-144.875;-120.1875;NaN;NaN;NaN;NaN;NaN;NaN;NaN;NaN;NaN
;ServiceLog;Stanislav;1435594871715;Raw;-2.2359161;2.0397832;9.492837;211.89063;-11.234375;-12.859375;8.5625;-17.0625;24.625;NaN;NaN;NaN;NaN;NaN;NaN;NaN;NaN;NaN
;ServiceLog;Stanislav;1435594872723;Raw;-1.6082906;2.1574628;9.296704;204.42188;-11.34375;-8.984375;3.5625;-11.375;33.4375;NaN;NaN;NaN;NaN;NaN;NaN;NaN;NaN;NaN
;ServiceLog;Stanislav;1435594873738;Raw;-2.0397832;2.1182363;9.57129;210.5;-12.953125;-11.125;4.8125;-13.125;31.0625;NaN;NaN;NaN;NaN;NaN;NaN;NaN;NaN;NaN
;ServiceLog;Stanislav;1435594874759;Raw;-2.1966896;2.0790098;9.728196;210.65625;-13.46875;-12.109375;6.0;-12.375;27.5625;NaN;NaN;NaN;NaN;NaN;NaN;NaN;NaN;NaN
;ServiceLog;Stanislav;1435594875771;Raw;-2.3143694;1.9221034;9.296704;205.25;-10.234375;-10.71875;-0.3125;-10.5625;35.5625;NaN;NaN;NaN;NaN;NaN;NaN;NaN;NaN;NaN
;ServiceLog;Stanislav;1435594876781;Raw;-2.8635418;2.0005565;9.885103;204.03125;-10.8125;-12.640625;-0.3125;-10.75;33.6875;NaN;NaN;NaN;NaN;NaN;NaN;NaN;NaN;NaN
;ServiceLog;Stanislav;1435594877795;Raw;-2.5497289;1.9613299;9.92433;203.3125;-9.859375;-11.140625;-1.8125;-9.0625;36.6875;NaN;NaN;NaN;NaN;NaN;NaN;NaN;NaN;NaN
;ServiceLog;Stanislav;1435594878804;Raw;-2.2751427;1.9613299;10.355823;202.35938;-11.953125;-11.71875;-1.3125;-10.3125;34.9375;NaN;NaN;NaN;NaN;NaN;NaN;NaN;NaN;NaN
;ServiceLog;Stanislav;1435594879818;Raw;-2.432049;2.2359161;10.630408;196.89063;-10.515625;-12.75;-3.5;-10.5;35.25;NaN;NaN;NaN;NaN;NaN;NaN;NaN;NaN;NaN
;ServiceLog;Stanislav;1435594880827;Raw;-2.353596;2.2751427;10.355823;196.53125;-11.4375;-13.125;-0.625;-11.5625;29.0625;NaN;NaN;NaN;NaN;NaN;NaN;NaN;NaN;NaN
;ServiceLog;Stanislav;1435594881841;Raw;-2.5105023;1.9613299;10.277369;208.48438;-10.40625;-14.28125;6.1875;-13.8125;21.4375;NaN;NaN;NaN;NaN;NaN;NaN;NaN;NaN;NaN
;ServiceLog;Stanislav;1435594882849;Raw;-2.3143694;2.1574628;9.963556;209.07813;-12.125;-15.3125;7.375;-14.9375;18.1875;NaN;NaN;NaN;NaN;NaN;NaN;NaN;NaN;NaN
;ServiceLog;Stanislav;1435594883874;Raw;-2.1182363;1.9613299;9.845877;210.5;-12.125;-13.875;11.3125;-17.125;13.5;NaN;NaN;NaN;NaN;NaN;NaN;NaN;NaN;NaN
;ServiceLog;Stanislav;1435594884883;Raw;-2.0790098;2.0790098;10.081236;211.96875;-11.5;-11.71875;11.5;-16.0625;13.5;NaN;NaN;NaN;NaN;NaN;NaN;NaN;NaN;NaN
;ServiceLog;Stanislav;1435594885898;Raw;-2.1966896;2.0005565;9.963556;213.4375;-10.828125;-11.484375;13.75;-18.375;12.5625;NaN;NaN;NaN;NaN;NaN;NaN;NaN;NaN;NaN
;ServiceLog;Stanislav;1435594886906;Raw;-2.1182363;2.0005565;9.92433;222.625;-11.09375;-11.796875;21.8125;-21.125;3.125;NaN;NaN;NaN;NaN;NaN;NaN;NaN;NaN;NaN
;ServiceLog;Stanislav;1435594887919;Raw;-2.1182363;2.1182363;10.1989155;223.54688;-11.46875;-11.46875;23.4375;-22.1875;-5.0;NaN;NaN;NaN;NaN;NaN;NaN;NaN;NaN;NaN
;ServiceLog;Stanislav;1435594888927;Raw;-2.2359161;2.1182363;10.277369;224.45313;-11.34375;-12.03125;24.0625;-22.9375;-6.125;NaN;NaN;NaN;NaN;NaN;NaN;NaN;NaN;NaN
;ServiceLog;Stanislav;1435594889940;Raw;-2.6674087;2.3143694;9.767424;224.71875;-13.8125;-14.046875;21.1875;-21.3125;-3.3125;NaN;NaN;NaN;NaN;NaN;NaN;NaN;NaN;NaN
;ServiceLog;Stanislav;1435594890955;Raw;-2.5497289;2.2751427;9.57129;224.34375;-12.6875;-17.390625;18.5625;-19.5;-1.5;NaN;NaN;NaN;NaN;NaN;NaN;NaN;NaN;NaN
;ServiceLog;Stanislav;1435594891967;Raw;-2.7850885;2.2751427;10.159689;223.39063;-12.375;-15.75;13.625;-17.1875;10.4375;NaN;NaN;NaN;NaN;NaN;NaN;NaN;NaN;NaN
;ServiceLog;Stanislav;1435594892975;Raw;-2.3928225;2.1574628;10.277369;218.70313;-11.03125;-14.421875;8.8125;-15.0;23.375;NaN;NaN;NaN;NaN;NaN;NaN;NaN;NaN;NaN
;ServiceLog;Stanislav;1435594893987;Raw;-2.824315;2.0005565;10.042009;218.8125;-12.15625;-15.953125;10.3125;-13.9375;23.4375;NaN;NaN;NaN;NaN;NaN;NaN;NaN;NaN;NaN
;ServiceLog;Stanislav;1435594894995;Raw;-2.941995;2.1574628;9.728196;218.46875;-12.484375;-15.921875;10.125;-15.1875;22.5;NaN;NaN;NaN;NaN;NaN;NaN;NaN;NaN;NaN
;ServiceLog;Stanislav;1435594896007;Raw;-2.5497289;2.0790098;10.081236;219.4375;-10.203125;-14.53125;16.9375;-19.125;10.625;NaN;NaN;NaN;NaN;NaN;NaN;NaN;NaN;NaN
;ServiceLog;Stanislav;1435594897016;Raw;-2.7066352;2.1182363;9.649743;220.96875;-11.625;-18.15625;24.875;-22.9375;-3.75;NaN;NaN;NaN;NaN;NaN;NaN;NaN;NaN;NaN
;ServiceLog;Stanislav;1435594898032;Raw;-2.824315;2.2359161;9.845877;179.875;-11.140625;-14.078125;1.6875;-26.625;-11.875;NaN;NaN;NaN;NaN;NaN;NaN;NaN;NaN;NaN
;ServiceLog;Stanislav;1435594899040;Raw;-2.7850885;1.6475172;10.081236;178.54688;-10.609375;-11.5;1.5625;-25.5;-13.25;NaN;NaN;NaN;NaN;NaN;NaN;NaN;NaN;NaN
;ServiceLog;Stanislav;1435594900053;Raw;-2.3143694;2.0005565;10.120462;177.34375;-11.65625;-14.9375;1.75;-26.75;-13.6875;NaN;NaN;NaN;NaN;NaN;NaN;NaN;NaN;NaN
;ServiceLog;Stanislav;1435594901061;Raw;-2.4712758;1.8828768;10.002783;177.26563;-10.609375;-15.921875;4.5;-29.0;-19.75;NaN;NaN;NaN;NaN;NaN;NaN;NaN;NaN;NaN
;ServiceLog;Stanislav;1435594902075;Raw;-3.0596747;2.2359161;9.92433;177.09375;-10.1875;-15.578125;4.5625;-29.125;-19.75;NaN;NaN;NaN;NaN;NaN;NaN;NaN;NaN;NaN
;ServiceLog;Stanislav;1435594903082;Raw;-2.4712758;2.1574628;9.92433;177.32813;-11.890625;-13.671875;4.625;-29.5625;-20.75;NaN;NaN;NaN;NaN;NaN;NaN;NaN;NaN;NaN
;ServiceLog;Stanislav;1435594904102;Raw;-2.824315;2.0005565;10.120462;177.09375;-12.171875;-12.78125;4.0;-27.0625;-17.3125;NaN;NaN;NaN;NaN;NaN;NaN;NaN;NaN;NaN
;ServiceLog;Stanislav;1435594905119;Raw;-2.1966896;2.1182363;9.963556;177.1875;-11.6875;-12.140625;5.0;-28.9375;-22.875;NaN;NaN;NaN;NaN;NaN;NaN;NaN;NaN;NaN
;ServiceLog;Stanislav;1435594906139;Raw;-2.3143694;2.0005565;9.963556;176.90625;-11.0;-12.78125;6.0;-28.5625;-23.75;NaN;NaN;NaN;NaN;NaN;NaN;NaN;NaN;NaN
;ServiceLog;Stanislav;1435594907156;Raw;-2.7066352;1.8828768;9.80665;177.14063;-10.46875;-15.109375;4.1875;-30.75;-17.875;NaN;NaN;NaN;NaN;NaN;NaN;NaN;NaN;NaN
;ServiceLog;Stanislav;1435594908182;Raw;-2.824315;2.0005565;9.767424;182.42188;-11.0625;-15.8125;6.625;-26.125;-8.125;NaN;NaN;NaN;NaN;NaN;NaN;NaN;NaN;NaN
;ServiceLog;Stanislav;1435594909200;Raw;-2.7066352;1.9221034;9.45361;187.125;-11.0625;-15.609375;7.625;-26.3125;-7.0625;NaN;NaN;NaN;NaN;NaN;NaN;NaN;NaN;NaN
;ServiceLog;Stanislav;1435594910220;Raw;-2.3928225;1.9221034;9.68897;188.1875;-10.890625;-13.578125;7.25;-26.125;-7.1875;NaN;NaN;NaN;NaN;NaN;NaN;NaN;NaN;NaN
;ServiceLog;Stanislav;1435594911238;Raw;-2.2751427;2.1182363;9.57129;188.82813;-12.125;-13.0625;6.125;-26.125;-4.375;NaN;NaN;NaN;NaN;NaN;NaN;NaN;NaN;NaN
;ServiceLog;Stanislav;1435594912259;Raw;-2.941995;2.1182363;9.57129;189.65625;-11.921875;-16.65625;7.5;-25.9375;-3.125;NaN;NaN;NaN;NaN;NaN;NaN;NaN;NaN;NaN
;ServiceLog;Stanislav;1435594913276;Raw;-2.4712758;1.6867437;9.610517;191.0;-9.578125;-14.1875;6.9375;-24.125;0.1875;NaN;NaN;NaN;NaN;NaN;NaN;NaN;NaN;NaN
;ServiceLog;Stanislav;1435594914300;Raw;-2.745862;2.0790098;9.845877;191.0;-10.78125;-14.078125;8.6875;-27.0625;-11.6875;NaN;NaN;NaN;NaN;NaN;NaN;NaN;NaN;NaN
;ServiceLog;Stanislav;1435594915319;Raw;-2.7066352;1.7651969;9.80665;191.84375;-9.8125;-15.140625;10.6875;-26.9375;-13.4375;NaN;NaN;NaN;NaN;NaN;NaN;NaN;NaN;NaN
;ServiceLog;Stanislav;1435594916339;Raw;-2.432049;2.0397832;10.355823;192.375;-10.796875;-12.953125;10.125;-26.9375;-11.8125;NaN;NaN;NaN;NaN;NaN;NaN;NaN;NaN;NaN
;ServiceLog;Stanislav;1435594917356;Raw;-2.3928225;2.0005565;10.002783;193.3125;-10.953125;-13.15625;11.4375;-27.5625;-11.875;NaN;NaN;NaN;NaN;NaN;NaN;NaN;NaN;NaN
;ServiceLog;Stanislav;1435594918381;Raw;-2.8635418;2.1574628;10.042009;193.85938;-11.65625;-15.578125;8.375;-26.625;-8.25;NaN;NaN;NaN;NaN;NaN;NaN;NaN;NaN;NaN
;ServiceLog;Stanislav;1435594919406;Raw;-2.3928225;2.0005565;9.68897;194.25;-11.265625;-13.5625;11.9375;-26.4375;-10.125;NaN;NaN;NaN;NaN;NaN;NaN;NaN;NaN;NaN
;ServiceLog;Stanislav;1435594920426;Raw;-2.941995;2.0005565;9.68897;194.92188;-11.125;-16.515625;8.0625;-25.75;-5.5625;NaN;NaN;NaN;NaN;NaN;NaN;NaN;NaN;NaN
;ServiceLog;Stanislav;1435594921443;Raw;-2.941995;1.8828768;9.92433;194.8125;-10.296875;-16.1875;10.0625;-25.9375;-6.75;NaN;NaN;NaN;NaN;NaN;NaN;NaN;NaN;NaN
;ServiceLog;Stanislav;1435594922464;Raw;-2.7066352;2.2359161;10.238142;195.625;-11.921875;-14.453125;8.75;-25.5625;-3.6875;NaN;NaN;NaN;NaN;NaN;NaN;NaN;NaN;NaN
;ServiceLog;Stanislav;1435594923481;Raw;-2.745862;2.0397832;10.316595;187.75;-10.78125;-14.59375;3.4375;-24.9375;-3.9375;NaN;NaN;NaN;NaN;NaN;NaN;NaN;NaN;NaN
;ServiceLog;Stanislav;1435594924501;Raw;-2.3928225;1.8436501;9.845877;170.92188;-11.40625;-16.109375;-5.375;-23.5;1.3125;NaN;NaN;NaN;NaN;NaN;NaN;NaN;NaN;NaN
;ServiceLog;Stanislav;1435594925519;Raw;-2.432049;1.8436501;9.963556;169.39063;-10.171875;-13.46875;-7.1875;-23.25;3.4375;NaN;NaN;NaN;NaN;NaN;NaN;NaN;NaN;NaN
;ServiceLog;Stanislav;1435594926538;Raw;-2.5105023;2.1574628;9.610517;167.6875;-12.234375;-14.265625;-7.375;-22.75;2.4375;NaN;NaN;NaN;NaN;NaN;NaN;NaN;NaN;NaN
;ServiceLog;Stanislav;1435594927553;Raw;-2.6674087;1.9221034;10.042009;166.04688;-10.46875;-14.5625;-8.5625;-23.0;3.3125;NaN;NaN;NaN;NaN;NaN;NaN;NaN;NaN;NaN
;ServiceLog;Stanislav;1435594928582;Raw;-2.745862;1.9221034;9.728196;165.29688;-10.75;-15.4375;-7.0;-23.4375;3.9375;NaN;NaN;NaN;NaN;NaN;NaN;NaN;NaN;NaN
;ServiceLog;Stanislav;1435594929613;Raw;-2.6674087;1.7651969;10.042009;164.82813;-9.609375;-14.625;-9.4375;-21.5;10.5;NaN;NaN;NaN;NaN;NaN;NaN;NaN;NaN;NaN
;ServiceLog;Stanislav;1435594930637;Raw;-2.7850885;2.1182363;9.963556;165.09375;-11.546875;-15.25;-8.1875;-22.625;7.875;NaN;NaN;NaN;NaN;NaN;NaN;NaN;NaN;NaN
;ServiceLog;Stanislav;1435594931657;Raw;-2.5105023;1.7651969;9.767424;164.01563;-11.65625;-12.5;-10.125;-23.5625;6.6875;NaN;NaN;NaN;NaN;NaN;NaN;NaN;NaN;NaN
;ServiceLog;Stanislav;1435594932685;Raw;-2.0397832;1.7651969;10.042009;162.84375;-11.546875;-12.796875;-9.375;-22.9375;5.75;NaN;NaN;NaN;NaN;NaN;NaN;NaN;NaN;NaN
;ServiceLog;Stanislav;1435594933705;Raw;-2.353596;2.0397832;9.885103;158.15625;-10.375;-12.953125;-13.1875;-23.3125;6.5;NaN;NaN;NaN;NaN;NaN;NaN;NaN;NaN;NaN
;ServiceLog;Stanislav;1435594934734;Raw;-2.1966896;1.9221034;10.1989155;156.34375;-10.4375;-11.953125;-14.0625;-22.375;8.9375;NaN;NaN;NaN;NaN;NaN;NaN;NaN;NaN;NaN
;ServiceLog;Stanislav;1435594935755;Raw;-2.353596;2.353596;10.316595;151.60938;-12.484375;-12.484375;-17.8125;-20.9375;14.0625;NaN;NaN;NaN;NaN;NaN;NaN;NaN;NaN;NaN
;ServiceLog;Stanislav;1435594936780;Raw;-2.0005565;1.9221034;10.316595;151.54688;-10.34375;-10.75;-14.6875;-22.625;9.125;NaN;NaN;NaN;NaN;NaN;NaN;NaN;NaN;NaN
;ServiceLog;Stanislav;1435594937800;Raw;-2.0397832;1.8044236;10.120462;151.59375;-9.875;-11.171875;-14.0625;-23.3125;7.9375;NaN;NaN;NaN;NaN;NaN;NaN;NaN;NaN;NaN
;ServiceLog;Stanislav;1435594938824;Raw;-2.1182363;2.0790098;10.120462;152.21875;-11.3125;-11.546875;-14.0625;-23.0;9.0;NaN;NaN;NaN;NaN;NaN;NaN;NaN;NaN;NaN
;ServiceLog;Stanislav;1435594939842;Raw;-2.2751427;2.0005565;9.80665;152.53125;-11.171875;-12.8125;-13.625;-23.1875;7.125;NaN;NaN;NaN;NaN;NaN;NaN;NaN;NaN;NaN
;ServiceLog;Stanislav;1435594940866;Raw;-1.7651969;1.6475172;10.042009;152.14063;-9.109375;-9.8125;-13.4375;-21.6875;3.5625;NaN;NaN;NaN;NaN;NaN;NaN;NaN;NaN;NaN
;ServiceLog;Stanislav;1435594941886;Raw;-2.4712758;2.0790098;10.355823;139.0;-10.1875;-11.484375;-22.875;-27.8125;-13.125;NaN;NaN;NaN;NaN;NaN;NaN;NaN;NaN;NaN
;ServiceLog;Stanislav;1435594942915;Raw;-2.3143694;2.0790098;10.277369;137.53125;-10.578125;-12.859375;-22.9375;-26.625;-15.375;NaN;NaN;NaN;NaN;NaN;NaN;NaN;NaN;NaN
;ServiceLog;Stanislav;1435594943935;Raw;-1.8828768;2.1574628;10.277369;136.25;-11.640625;-10.15625;-20.3125;-24.9375;-13.3125;NaN;NaN;NaN;NaN;NaN;NaN;NaN;NaN;NaN
;ServiceLog;Stanislav;1435594944971;Raw;-1.6867437;2.0397832;10.277369;136.28125;-11.03125;-9.109375;-17.6875;-25.9375;-15.375;NaN;NaN;NaN;NaN;NaN;NaN;NaN;NaN;NaN
;ServiceLog;Stanislav;1435594945991;Raw;-2.1966896;1.8828768;9.767424;124.046875;-10.640625;-12.4375;-35.125;-20.625;-5.3125;NaN;NaN;NaN;NaN;NaN;NaN;NaN;NaN;NaN
;ServiceLog;Stanislav;1435594947075;Raw;1.6867437;2.4712758;11.218807;118.890625;-6.0;-12.140625;-53.8125;-29.875;-3.375;NaN;NaN;NaN;NaN;NaN;NaN;NaN;NaN;NaN
;ServiceLog;Stanislav;1435594948122;Raw;-0.78453195;3.9618864;9.218251;95.984375;-24.828125;-1.9375;-38.875;-14.0625;-11.5;NaN;NaN;NaN;NaN;NaN;NaN;NaN;NaN;NaN
;ServiceLog;Stanislav;1435594949159;Raw;0.4314926;5.8055367;8.904438;97.640625;-35.234375;2.484375;-25.125;13.0;21.125;NaN;NaN;NaN;NaN;NaN;NaN;NaN;NaN;NaN
;ServiceLog;Stanislav;1435594950181;Raw;0.35303938;6.158576;8.472945;69.953125;-36.28125;1.671875;-30.25;15.4375;7.625;NaN;NaN;NaN;NaN;NaN;NaN;NaN;NaN;NaN
;ServiceLog;Stanislav;1435594951213;Raw;0.39226598;5.88399;8.747532;86.828125;-34.046875;1.875;-33.4375;-7.375;-8.1875;NaN;NaN;NaN;NaN;NaN;NaN;NaN;NaN;NaN
;ServiceLog;Stanislav;1435594952222;Raw;0.5491724;5.374044;8.904438;103.25;-31.0625;3.0;-33.3125;-33.1875;-35.9375;NaN;NaN;NaN;NaN;NaN;NaN;NaN;NaN;NaN
;ServiceLog;Stanislav;1435594953237;Raw;0.3138128;5.9232163;8.825985;113.0;-33.78125;1.671875;-35.8125;-44.125;-33.125;NaN;NaN;NaN;NaN;NaN;NaN;NaN;NaN;NaN
;ServiceLog;Stanislav;1435594954246;Raw;0.2745862;5.6094036;8.943665;114.171875;-31.609375;1.515625;-34.1875;-41.125;-34.1875;NaN;NaN;NaN;NaN;NaN;NaN;NaN;NaN;NaN
;ServiceLog;Stanislav;1435594955266;Raw;0.3138128;5.374044;8.904438;122.65625;-31.140625;1.703125;-41.4375;-40.3125;-7.625;NaN;NaN;NaN;NaN;NaN;NaN;NaN;NaN;NaN
;ServiceLog;Stanislav;1435594956275;Raw;0.35303938;5.5309505;8.8652115;134.53125;-31.5;1.03125;-37.8125;-46.0625;5.5625;NaN;NaN;NaN;NaN;NaN;NaN;NaN;NaN;NaN
;ServiceLog;Stanislav;1435594957296;Raw;0.2353596;5.491724;8.825985;135.20313;-31.359375;0.359375;-40.375;-61.625;-29.8125;NaN;NaN;NaN;NaN;NaN;NaN;NaN;NaN;NaN
;ServiceLog;Stanislav;1435594958314;Raw;0.2353596;5.295591;8.904438;120.890625;-30.15625;0.359375;-34.8125;-30.25;-18.875;NaN;NaN;NaN;NaN;NaN;NaN;NaN;NaN;NaN
;ServiceLog;Stanislav;1435594959335;Raw;0.19613299;5.6094036;9.061344;109.234375;-31.640625;0.8125;-36.1875;-18.125;-13.625;NaN;NaN;NaN;NaN;NaN;NaN;NaN;NaN;NaN
;ServiceLog;Stanislav;1435594960351;Raw;0.35303938;5.6878567;8.825985;104.8125;-32.75;1.84375;-37.5;-11.625;-5.25;NaN;NaN;NaN;NaN;NaN;NaN;NaN;NaN;NaN
;ServiceLog;Stanislav;1435594961367;Raw;-0.0784532;5.5309505;8.943665;95.609375;-31.765625;-0.359375;-35.125;-6.1875;-10.375;NaN;NaN;NaN;NaN;NaN;NaN;NaN;NaN;NaN
;ServiceLog;Stanislav;1435594962378;Raw;0.1176798;5.570177;8.8652115;87.375;-32.125;0.59375;-32.625;-6.4375;-16.6875;NaN;NaN;NaN;NaN;NaN;NaN;NaN;NaN;NaN
;ServiceLog;Stanislav;1435594963396;Raw;0.19613299;5.3348174;8.747532;86.484375;-31.328125;1.0625;-28.75;-4.8125;-12.4375;NaN;NaN;NaN;NaN;NaN;NaN;NaN;NaN;NaN
;ServiceLog;Stanislav;1435594964406;Raw;0.2353596;5.570177;8.708305;85.421875;-31.984375;0.0;-27.5625;-3.875;-16.5;NaN;NaN;NaN;NaN;NaN;NaN;NaN;NaN;NaN
;ServiceLog;Stanislav;1435594965422;Raw;-0.0784532;5.64863;9.061344;47.15625;-31.765625;-0.8125;-21.3125;24.375;-22.5;NaN;NaN;NaN;NaN;NaN;NaN;NaN;NaN;NaN
;ServiceLog;Stanislav;1435594966580;Raw;0.0784532;5.5309505;8.904438;20.96875;-31.859375;0.359375;-13.4375;40.0625;-30.4375;NaN;NaN;NaN;NaN;NaN;NaN;NaN;NaN;NaN
;ServiceLog;Stanislav;1435594967594;Raw;0.4314926;5.570177;9.179024;20.171875;-31.203125;2.265625;-16.1875;35.5625;-23.875;NaN;NaN;NaN;NaN;NaN;NaN;NaN;NaN;NaN
;ServiceLog;Stanislav;1435594968607;Raw;0.9022118;5.295591;8.943665;21.21875;-31.078125;5.515625;-15.9375;26.6875;-12.6875;NaN;NaN;NaN;NaN;NaN;NaN;NaN;NaN;NaN
;ServiceLog;Stanislav;1435594969807;Raw;0.98066497;5.295591;9.061344;28.0;-30.125;5.265625;-17.375;24.875;-11.75;NaN;NaN;NaN;NaN;NaN;NaN;NaN;NaN;NaN
;ServiceLog;Stanislav;1435594970865;Raw;1.2944778;5.1779113;8.943665;33.390625;-29.515625;6.21875;-18.25;23.25;-11.3125;NaN;NaN;NaN;NaN;NaN;NaN;NaN;NaN;NaN
;ServiceLog;Stanislav;1435594971915;Raw;0.9414384;5.491724;9.100571;21.25;-30.75;5.296875;-15.0625;35.9375;-28.375;NaN;NaN;NaN;NaN;NaN;NaN;NaN;NaN;NaN
;ServiceLog;Stanislav;1435594973026;Raw;0.9414384;5.4132705;8.982891;16.234375;-30.8125;4.203125;-13.6875;39.8125;-35.5;NaN;NaN;NaN;NaN;NaN;NaN;NaN;NaN;NaN
;ServiceLog;Stanislav;1435594974140;Raw;0.588399;5.76631;8.747532;15.703125;-32.375;1.671875;-14.3125;40.5;-37.0625;NaN;NaN;NaN;NaN;NaN;NaN;NaN;NaN;NaN
;ServiceLog;Stanislav;1435594975162;Raw;0.0784532;4.785645;10.042009;5.125;-23.484375;-1.796875;-5.125;33.6875;-27.375;NaN;NaN;NaN;NaN;NaN;NaN;NaN;NaN;NaN
;ServiceLog;Stanislav;1435594976218;Raw;0.70607877;2.4712758;8.982891;43.875;-12.609375;3.859375;-28.25;11.5625;-36.625;NaN;NaN;NaN;NaN;NaN;NaN;NaN;NaN;NaN
;ServiceLog;Stanislav;1435594977351;Raw;0.1569064;3.80498;9.728196;96.578125;-18.890625;-3.390625;-19.9375;-20.875;-35.625;NaN;NaN;NaN;NaN;NaN;NaN;NaN;NaN;NaN
