ID;Name;User;TimeStamp;Type;Accel_X;Accel_Y;Accel_Z;Azimuth;Pitch;Roll;Magnetic_X;Magnetic_Y;Magnetic_Z;Gyro_X;Gyro_Y;Gyro_Z;GPS_Lat;GPS_Lon;GPS_Alt;GPS_Accuracy;GPS_Speed;GPS_Bearing
873;Звенигородская 3;Stanislav;1435594414376;Raw;1.0591182;2.824315;10.238142;255.57813;-15.34375;5.625;25.625;-14.5625;-37.625;NaN;NaN;NaN;NaN;NaN;NaN;NaN;NaN;NaN
874;Звенигородская 4;Stanislav;1435594426496;Raw;0.4707192;2.1574628;10.591182;159.29688;-10.859375;3.015625;-15.625;-43.4375;-106.6875;NaN;NaN;NaN;NaN;NaN;NaN;NaN;NaN;NaN
861;Обводный канал 1;Stanislav;1435594523786;Raw;0.2745862;2.7850885;10.434276;33.515625;-15.375;0.609375;-18.125;24.1875;-0.5;NaN;NaN;NaN;NaN;NaN;NaN;NaN;NaN;NaN
862;Обводный канал 2;Stanislav;1435594541678;Raw;0.2745862;2.4712758;10.238142;352.26563;-13.125;1.84375;1.5625;6.125;-14.0625;NaN;NaN;NaN;NaN;NaN;NaN;NaN;NaN;NaN
863;Обводный канал 3;Stanislav;1435594564084;Raw;-1.7651969;4.8248715;9.257478;39.03125;-28.46875;-5.859375;-34.0625;45.6875;15.125;NaN;NaN;NaN;NaN;NaN;NaN;NaN;NaN;NaN
864;Обводный канал 4;Stanislav;1435594575676;Raw;-0.35303938;4.7464185;9.375157;87.6875;-27.671875;-3.640625;-57.0;44.375;84.6875;NaN;NaN;NaN;NaN;NaN;NaN;NaN;NaN;NaN
851;Волковская 1;Stanislav;1435594685904;Raw;0.8629852;4.9425516;9.45361;9.921875;-27.453125;4.59375;-13.0625;135.0625;63.4375;NaN;NaN;NaN;NaN;NaN;NaN;NaN;NaN;NaN
852;Волковская 2;Stanislav;1435594703661;Raw;0.6668522;4.785645;8.943665;311.42188;-25.671875;1.453125;20.1875;16.5;-7.75;NaN;NaN;NaN;NaN;NaN;NaN;NaN;NaN;NaN
853;Волковская 3;Stanislav;1435594723654;Raw;0.1176798;4.511059;9.649743;281.09375;-25.5625;1.28125;36.5;-23.25;-78.8125;NaN;NaN;NaN;NaN;NaN;NaN;NaN;NaN;NaN
854;Волковская 4;Stanislav;1435594735384;Raw;-0.0784532;4.864098;9.80665;325.8125;-25.546875;-3.109375;85.5;26.5;-182.125;NaN;NaN;NaN;NaN;NaN;NaN;NaN;NaN;NaN
841;Бухарестская 1;Stanislav;1435594820516;Raw;0.6276256;5.4132705;9.179024;339.625;-30.90625;3.296875;7.5;16.25;-34.625;NaN;NaN;NaN;NaN;NaN;NaN;NaN;NaN;NaN
842;Бухарестская 2;Stanislav;1435594837986;Raw;0.3138128;4.903325;9.414384;345.96875;-27.515625;1.671875;1.375;3.1875;-49.3125;NaN;NaN;NaN;NaN;NaN;NaN;NaN;NaN;NaN
843;Бухарестская 3;Stanislav;1435594855658;Raw;-0.70607877;5.1779113;9.218251;5.375;-27.953125;-4.203125;-3.875;6.5;-9.3125;NaN;NaN;NaN;NaN;NaN;NaN;NaN;NaN;NaN
844;Бухарестская 4;Stanislav;1435594867166;Raw;-0.0784532;4.589512;9.649743;271.70313;-24.578125;0.140625;49.8125;-1.375;-5.5;NaN;NaN;NaN;NaN;NaN;NaN;NaN;NaN;NaN
831;Международная 1;Stanislav;1435594959360;Raw;0.19613299;5.6094036;9.061344;105.671875;-32.8125;-0.609375;-36.875;-16.8125;-11.625;NaN;NaN;NaN;NaN;NaN;NaN;NaN;NaN;NaN
832;Международная 2;Stanislav;1435594973502;Raw;-0.4314926;5.4524975;9.139797;15.90625;-32.6875;-0.359375;-14.1875;40.0625;-36.4375;NaN;NaN;NaN;NaN;NaN;NaN;NaN;NaN;NaN
