ID;Name;User;TimeStamp;Type;Accel_X;Accel_Y;Accel_Z;Azimuth;Pitch;Roll;Magnetic_X;Magnetic_Y;Magnetic_Z;Gyro_X;Gyro_Y;Gyro_Z;GPS_Lat;GPS_Lon;GPS_Alt;GPS_Accuracy;GPS_Speed;GPS_Bearing
;ServiceLog;Stanislav;1435585866385;Raw;-1.7259704;4.4326057;9.414384;NaN;NaN;NaN;NaN;NaN;NaN;NaN;NaN;NaN;NaN;NaN;NaN;NaN;NaN;NaN
;ServiceLog;Stanislav;1435585867440;Raw;-0.8237586;3.9618864;9.57129;327.71875;-20.796875;-4.03125;9.5625;26.375;16.0625;NaN;NaN;NaN;NaN;NaN;NaN;NaN;NaN;NaN
;ServiceLog;Stanislav;1435585868458;Raw;-0.4314926;2.7850885;10.1989155;326.89063;-21.359375;-5.0625;10.4375;29.5625;24.0625;NaN;NaN;NaN;NaN;NaN;NaN;NaN;NaN;NaN
;ServiceLog;Stanislav;1435585869484;Raw;-0.5491724;3.0989013;10.002783;332.04688;-15.3125;-3.5;10.375;35.5625;21.0;NaN;NaN;NaN;NaN;NaN;NaN;NaN;NaN;NaN
;ServiceLog;Stanislav;1435585870496;Raw;-0.8629852;3.216581;9.963556;332.95313;-17.5625;-4.84375;11.25;34.375;20.625;NaN;NaN;NaN;NaN;NaN;NaN;NaN;NaN;NaN
;ServiceLog;Stanislav;1435585871516;Raw;-0.9022118;3.1381278;10.002783;332.01563;-16.921875;-4.65625;13.75;40.875;34.625;NaN;NaN;NaN;NaN;NaN;NaN;NaN;NaN;NaN
;ServiceLog;Stanislav;1435585872529;Raw;-1.1375713;3.5303938;10.120462;330.625;-20.25;-5.0625;13.625;41.25;34.9375;NaN;NaN;NaN;NaN;NaN;NaN;NaN;NaN;NaN
;ServiceLog;Stanislav;1435585874543;Raw;-0.2745862;3.0989013;10.238142;334.78125;-16.796875;-1.453125;10.5;41.625;34.1875;NaN;NaN;NaN;NaN;NaN;NaN;NaN;NaN;NaN
;ServiceLog;Stanislav;1435585875599;Raw;1.2552512;3.334261;10.081236;353.59375;-15.34375;3.0;7.3125;36.75;33.0625;NaN;NaN;NaN;NaN;NaN;NaN;NaN;NaN;NaN
;ServiceLog;Stanislav;1435585876796;Raw;-0.2745862;2.1574628;10.1989155;348.67188;-11.921875;-1.515625;6.375;36.5625;28.5;NaN;NaN;NaN;NaN;NaN;NaN;NaN;NaN;NaN
;ServiceLog;Stanislav;1435585877866;Raw;0.9414384;1.8828768;10.669635;343.59375;-10.921875;2.0625;9.375;36.125;30.0;NaN;NaN;NaN;NaN;NaN;NaN;NaN;NaN;NaN
;ServiceLog;Stanislav;1435585878876;Raw;0.74530536;2.941995;10.1989155;334.23438;-16.328125;5.90625;16.9375;29.4375;30.875;NaN;NaN;NaN;NaN;NaN;NaN;NaN;NaN;NaN
;ServiceLog;Stanislav;1435585879893;Raw;0.4314926;2.7066352;9.728196;314.375;-15.875;2.4375;31.5625;45.4375;30.3125;NaN;NaN;NaN;NaN;NaN;NaN;NaN;NaN;NaN
;ServiceLog;Stanislav;1435585880906;Raw;0.35303938;2.6674087;10.434276;352.21875;-12.40625;2.46875;3.5625;49.6875;37.375;NaN;NaN;NaN;NaN;NaN;NaN;NaN;NaN;NaN
;ServiceLog;Stanislav;1435585881925;Raw;0.5491724;2.745862;10.1989155;347.89063;-15.03125;2.96875;7.375;13.625;17.625;NaN;NaN;NaN;NaN;NaN;NaN;NaN;NaN;NaN
;ServiceLog;Stanislav;1435585882941;Raw;0.588399;2.6674087;10.120462;348.57813;-14.671875;3.1875;1.375;28.8125;12.1875;NaN;NaN;NaN;NaN;NaN;NaN;NaN;NaN;NaN
;ServiceLog;Stanislav;1435585883960;Raw;0.39226598;2.5497289;10.159689;32.90625;-14.078125;2.09375;-16.0625;23.0;13.75;NaN;NaN;NaN;NaN;NaN;NaN;NaN;NaN;NaN
;ServiceLog;Stanislav;1435585884972;Raw;0.2353596;2.6674087;10.159689;74.796875;-15.140625;1.703125;-8.9375;5.375;19.5625;NaN;NaN;NaN;NaN;NaN;NaN;NaN;NaN;NaN
;ServiceLog;Stanislav;1435585885991;Raw;0.2353596;2.5497289;10.238142;338.79688;-14.28125;1.03125;6.25;25.1875;15.125;NaN;NaN;NaN;NaN;NaN;NaN;NaN;NaN;NaN
;ServiceLog;Stanislav;1435585887006;Raw;0.2745862;2.6674087;10.159689;6.25;-13.984375;0.8125;-4.4375;25.4375;14.9375;NaN;NaN;NaN;NaN;NaN;NaN;NaN;NaN;NaN
;ServiceLog;Stanislav;1435585888026;Raw;0.0392266;2.3143694;10.355823;11.4375;-12.546875;0.140625;-6.0625;25.6875;14.125;NaN;NaN;NaN;NaN;NaN;NaN;NaN;NaN;NaN
;ServiceLog;Stanislav;1435585889038;Raw;0.2745862;2.1574628;10.316595;13.046875;-12.890625;2.296875;-6.5625;26.8125;15.625;NaN;NaN;NaN;NaN;NaN;NaN;NaN;NaN;NaN
;ServiceLog;Stanislav;1435585890057;Raw;-0.1569064;2.5497289;10.159689;20.140625;-13.1875;0.609375;-10.1875;25.75;16.5;NaN;NaN;NaN;NaN;NaN;NaN;NaN;NaN;NaN
;ServiceLog;Stanislav;1435585891072;Raw;-0.8237586;3.6873002;10.159689;25.4375;-12.265625;0.0;-11.9375;23.75;16.0;NaN;NaN;NaN;NaN;NaN;NaN;NaN;NaN;NaN
;ServiceLog;Stanislav;1435585892133;Raw;-0.6668522;-1.4513842;9.022118;31.453125;9.078125;-4.09375;-7.75;23.0625;21.8125;NaN;NaN;NaN;NaN;NaN;NaN;NaN;NaN;NaN
;ServiceLog;Stanislav;1435585893143;Raw;6.4723887;-8.276813;3.0204482;17.4375;44.875;35.359375;-3.75;43.375;49.3125;NaN;NaN;NaN;NaN;NaN;NaN;NaN;NaN;NaN
;ServiceLog;Stanislav;1435585894158;Raw;7.1784678;-6.9823346;2.9027684;16.5625;43.4375;40.765625;2.0625;35.625;48.125;NaN;NaN;NaN;NaN;NaN;NaN;NaN;NaN;NaN
;ServiceLog;Stanislav;1435585895169;Raw;4.589512;-7.72764;5.6878567;17.859375;43.015625;40.984375;-3.25;32.125;45.8125;NaN;NaN;NaN;NaN;NaN;NaN;NaN;NaN;NaN
;ServiceLog;Stanislav;1435585896184;Raw;5.2563643;-7.256921;5.0210047;19.125;45.515625;30.171875;-8.375;32.4375;45.375;NaN;NaN;NaN;NaN;NaN;NaN;NaN;NaN;NaN
;ServiceLog;Stanislav;1435585897195;Raw;6.550842;-7.8845463;2.7850885;19.484375;41.25;38.875;0.75;37.6875;50.875;NaN;NaN;NaN;NaN;NaN;NaN;NaN;NaN;NaN
;ServiceLog;Stanislav;1435585898210;Raw;7.3746004;-6.354709;3.7657535;22.65625;37.515625;44.953125;-3.0625;37.625;70.4375;NaN;NaN;NaN;NaN;NaN;NaN;NaN;NaN;NaN
;ServiceLog;Stanislav;1435585899221;Raw;7.021561;-6.668522;4.0403395;33.578125;39.875;42.09375;-18.875;33.9375;78.1875;NaN;NaN;NaN;NaN;NaN;NaN;NaN;NaN;NaN
;ServiceLog;Stanislav;1435585900237;Raw;6.158576;-6.433162;5.217138;39.15625;39.078125;36.640625;-30.8125;32.875;78.9375;NaN;NaN;NaN;NaN;NaN;NaN;NaN;NaN;NaN
;ServiceLog;Stanislav;1435585901247;Raw;6.0408964;-7.5707335;3.334261;43.75;40.140625;41.84375;-24.3125;36.8125;87.4375;NaN;NaN;NaN;NaN;NaN;NaN;NaN;NaN;NaN
;ServiceLog;Stanislav;1435585902261;Raw;4.589512;-8.669079;-0.6276256;3.578125;118.078125;27.796875;33.6875;48.625;74.625;NaN;NaN;NaN;NaN;NaN;NaN;NaN;NaN;NaN
;ServiceLog;Stanislav;1435585903271;Raw;4.4326057;-9.179024;2.0005565;328.82813;62.109375;25.265625;69.5;73.875;41.3125;NaN;NaN;NaN;NaN;NaN;NaN;NaN;NaN;NaN
;ServiceLog;Stanislav;1435585904289;Raw;8.355266;-6.3154826;2.353596;335.125;36.03125;51.140625;50.75;106.125;34.5;NaN;NaN;NaN;NaN;NaN;NaN;NaN;NaN;NaN
;ServiceLog;Stanislav;1435585905299;Raw;8.1983595;-5.7270837;2.3143694;346.875;33.921875;53.015625;18.0625;101.3125;31.1875;NaN;NaN;NaN;NaN;NaN;NaN;NaN;NaN;NaN
;ServiceLog;Stanislav;1435585906319;Raw;8.982891;-4.9425516;1.6082906;342.5625;28.40625;59.984375;31.9375;97.75;10.875;NaN;NaN;NaN;NaN;NaN;NaN;NaN;NaN;NaN
;ServiceLog;Stanislav;1435585907331;Raw;4.785645;2.9027684;8.394492;52.046875;-16.71875;28.3125;-67.5625;55.9375;65.5625;NaN;NaN;NaN;NaN;NaN;NaN;NaN;NaN;NaN
;ServiceLog;Stanislav;1435585908388;Raw;0.2745862;7.60996;5.4132705;22.296875;-54.53125;1.671875;-19.5;75.5;-45.9375;NaN;NaN;NaN;NaN;NaN;NaN;NaN;NaN;NaN
;ServiceLog;Stanislav;1435585909405;Raw;1.7651969;2.4712758;9.610517;5.65625;-14.1875;10.03125;-7.6875;80.25;-40.8125;NaN;NaN;NaN;NaN;NaN;NaN;NaN;NaN;NaN
;ServiceLog;Stanislav;1435585910431;Raw;3.8442068;1.7259704;9.845877;331.60938;-13.671875;15.84375;40.125;51.1875;-27.1875;NaN;NaN;NaN;NaN;NaN;NaN;NaN;NaN;NaN
;ServiceLog;Stanislav;1435585911444;Raw;1.8044236;4.2364726;10.787314;291.15625;-23.171875;9.5;64.25;15.9375;-21.5;NaN;NaN;NaN;NaN;NaN;NaN;NaN;NaN;NaN
;ServiceLog;Stanislav;1435585912472;Raw;1.9221034;3.8834333;9.022118;286.75;-22.328125;7.40625;63.0625;12.625;-10.5625;NaN;NaN;NaN;NaN;NaN;NaN;NaN;NaN;NaN
;ServiceLog;Stanislav;1435585913483;Raw;1.2552512;0.2353596;10.1989155;243.51563;-2.515625;5.625;43.5625;-28.875;17.9375;NaN;NaN;NaN;NaN;NaN;NaN;NaN;NaN;NaN
;ServiceLog;Stanislav;1435585914506;Raw;0.8629852;6.9038815;8.708305;209.54688;-34.046875;1.59375;19.5;-2.3125;52.75;NaN;NaN;NaN;NaN;NaN;NaN;NaN;NaN;NaN
;ServiceLog;Stanislav;1435585915519;Raw;1.176798;6.825428;8.786758;228.875;-39.390625;6.8125;30.75;29.6875;76.625;NaN;NaN;NaN;NaN;NaN;NaN;NaN;NaN;NaN
;ServiceLog;Stanislav;1435585916569;Raw;-0.19613299;4.8248715;8.825985;262.32813;-24.859375;-2.34375;24.1875;37.25;80.5625;NaN;NaN;NaN;NaN;NaN;NaN;NaN;NaN;NaN
;ServiceLog;Stanislav;1435585917716;Raw;0.4707192;5.1386843;9.257478;264.28125;-27.515625;1.875;26.6875;43.75;84.5;NaN;NaN;NaN;NaN;NaN;NaN;NaN;NaN;NaN
;ServiceLog;Stanislav;1435585918742;Raw;0.2353596;4.393379;9.45361;258.125;-28.171875;3.96875;26.3125;37.0625;78.6875;NaN;NaN;NaN;NaN;NaN;NaN;NaN;NaN;NaN
;ServiceLog;Stanislav;1435585919755;Raw;1.4906107;6.237029;8.433719;231.875;-34.359375;11.4375;24.5;37.0;79.875;NaN;NaN;NaN;NaN;NaN;NaN;NaN;NaN;NaN
;ServiceLog;Stanislav;1435585920773;Raw;1.7651969;5.217138;9.139797;241.78125;-29.203125;12.15625;28.8125;42.3125;83.0;NaN;NaN;NaN;NaN;NaN;NaN;NaN;NaN;NaN
;ServiceLog;Stanislav;1435585921786;Raw;-0.588399;5.88399;8.355266;255.09375;-35.125;-3.0;33.1875;45.375;78.4375;NaN;NaN;NaN;NaN;NaN;NaN;NaN;NaN;NaN
;ServiceLog;Stanislav;1435585922814;Raw;-0.588399;5.8447633;8.747532;260.64063;-33.6875;-3.1875;32.125;47.625;78.5625;NaN;NaN;NaN;NaN;NaN;NaN;NaN;NaN;NaN
;ServiceLog;Stanislav;1435585923834;Raw;1.4513842;6.746975;10.826541;267.29688;-28.203125;5.234375;29.6875;40.1875;80.75;NaN;NaN;NaN;NaN;NaN;NaN;NaN;NaN;NaN
;ServiceLog;Stanislav;1435585924851;Raw;0.8237586;5.6878567;8.825985;249.53125;-33.625;6.421875;34.75;37.4375;77.25;NaN;NaN;NaN;NaN;NaN;NaN;NaN;NaN;NaN
;ServiceLog;Stanislav;1435585925861;Raw;1.2160245;6.080123;8.355266;251.75;-34.703125;5.796875;37.125;38.6875;73.8125;NaN;NaN;NaN;NaN;NaN;NaN;NaN;NaN;NaN
;ServiceLog;Stanislav;1435585926878;Raw;0.6276256;6.00167;8.943665;252.28125;-32.234375;2.90625;37.1875;39.0625;73.875;NaN;NaN;NaN;NaN;NaN;NaN;NaN;NaN;NaN
;ServiceLog;Stanislav;1435585927893;Raw;-0.1176798;6.3939357;8.8652115;249.57813;-36.875;-6.046875;33.375;27.75;71.875;NaN;NaN;NaN;NaN;NaN;NaN;NaN;NaN;NaN
;ServiceLog;Stanislav;1435585928911;Raw;-0.5099458;7.2961473;7.963;236.92188;-41.5625;-1.8125;34.5;30.5625;68.1875;NaN;NaN;NaN;NaN;NaN;NaN;NaN;NaN;NaN
;ServiceLog;Stanislav;1435585929924;Raw;-1.2160245;7.335374;7.7668667;228.95313;-53.03125;-1.9375;33.0;32.25;70.0;NaN;NaN;NaN;NaN;NaN;NaN;NaN;NaN;NaN
;ServiceLog;Stanislav;1435585930945;Raw;-0.39226598;5.374044;7.806093;234.07813;-32.453125;-1.984375;26.125;23.875;70.125;NaN;NaN;NaN;NaN;NaN;NaN;NaN;NaN;NaN
;ServiceLog;Stanislav;1435585931965;Raw;1.372931;5.0994577;9.218251;233.79688;-28.6875;7.375;25.9375;25.0625;68.5;NaN;NaN;NaN;NaN;NaN;NaN;NaN;NaN;NaN
;ServiceLog;Stanislav;1435585932980;Raw;0.1176798;4.9425516;9.414384;246.10938;-27.953125;0.0;26.4375;24.5625;68.0625;NaN;NaN;NaN;NaN;NaN;NaN;NaN;NaN;NaN
;ServiceLog;Stanislav;1435585933994;Raw;0.0392266;5.0994577;9.179024;245.25;-28.875;0.59375;24.875;23.6875;67.875;NaN;NaN;NaN;NaN;NaN;NaN;NaN;NaN;NaN
;ServiceLog;Stanislav;1435585935015;Raw;0.0784532;5.217138;9.257478;245.21875;-28.109375;0.140625;24.5;23.25;66.6875;NaN;NaN;NaN;NaN;NaN;NaN;NaN;NaN;NaN
;ServiceLog;Stanislav;1435585936025;Raw;0.0392266;4.9425516;9.414384;245.14063;-27.640625;0.140625;24.5;23.75;66.8125;NaN;NaN;NaN;NaN;NaN;NaN;NaN;NaN;NaN
;ServiceLog;Stanislav;1435585937048;Raw;-0.1569064;5.1779113;9.218251;245.07813;-29.328125;-0.8125;24.625;24.6875;67.6875;NaN;NaN;NaN;NaN;NaN;NaN;NaN;NaN;NaN
;ServiceLog;Stanislav;1435585938062;Raw;-0.588399;5.060231;9.061344;245.64063;-29.9375;-1.265625;23.875;25.375;68.1875;NaN;NaN;NaN;NaN;NaN;NaN;NaN;NaN;NaN
;ServiceLog;Stanislav;1435585939086;Raw;-0.0784532;5.3348174;9.100571;245.78125;-29.609375;-1.453125;24.625;30.875;72.5625;NaN;NaN;NaN;NaN;NaN;NaN;NaN;NaN;NaN
;ServiceLog;Stanislav;1435585940098;Raw;-0.1176798;5.3348174;8.982891;250.8125;-30.125;-1.03125;24.625;38.8125;79.875;NaN;NaN;NaN;NaN;NaN;NaN;NaN;NaN;NaN
;ServiceLog;Stanislav;1435585941113;Raw;-0.2745862;5.4132705;9.022118;252.53125;-30.453125;-0.8125;24.125;41.0;80.0;NaN;NaN;NaN;NaN;NaN;NaN;NaN;NaN;NaN
;ServiceLog;Stanislav;1435585942123;Raw;-0.35303938;5.295591;9.218251;258.64063;-29.125;-0.78125;24.0;41.625;79.25;NaN;NaN;NaN;NaN;NaN;NaN;NaN;NaN;NaN
;ServiceLog;Stanislav;1435585943142;Raw;-0.1176798;5.060231;9.257478;263.32813;-28.453125;-1.484375;23.6875;39.125;79.875;NaN;NaN;NaN;NaN;NaN;NaN;NaN;NaN;NaN
;ServiceLog;Stanislav;1435585944155;Raw;-0.0392266;4.981778;9.296704;262.42188;-27.921875;-0.359375;22.0;35.75;79.375;NaN;NaN;NaN;NaN;NaN;NaN;NaN;NaN;NaN
;ServiceLog;Stanislav;1435585945176;Raw;-0.4314926;4.511059;9.5320635;262.125;-25.015625;-2.515625;20.9375;33.9375;77.6875;NaN;NaN;NaN;NaN;NaN;NaN;NaN;NaN;NaN
;ServiceLog;Stanislav;1435585946186;Raw;-0.1176798;4.5502853;9.45361;261.26563;-25.703125;-0.59375;20.625;30.5;75.9375;NaN;NaN;NaN;NaN;NaN;NaN;NaN;NaN;NaN
;ServiceLog;Stanislav;1435585947203;Raw;-0.35303938;4.589512;9.45361;257.0;-25.828125;-1.84375;21.625;26.3125;73.0625;NaN;NaN;NaN;NaN;NaN;NaN;NaN;NaN;NaN
;ServiceLog;Stanislav;1435585948215;Raw;-0.1569064;4.8248715;9.335931;252.07813;-27.328125;-0.8125;21.625;28.375;72.75;NaN;NaN;NaN;NaN;NaN;NaN;NaN;NaN;NaN
;ServiceLog;Stanislav;1435585949242;Raw;-0.19613299;4.864098;9.375157;251.14063;-27.953125;-1.265625;21.0;29.0;75.75;NaN;NaN;NaN;NaN;NaN;NaN;NaN;NaN;NaN
;ServiceLog;Stanislav;1435585950259;Raw;-0.19613299;4.707192;9.414384;250.3125;-26.578125;-1.265625;20.5625;27.6875;74.9375;NaN;NaN;NaN;NaN;NaN;NaN;NaN;NaN;NaN
;ServiceLog;Stanislav;1435585951283;Raw;-0.1176798;4.7464185;9.335931;250.45313;-28.234375;-0.59375;23.5;32.375;74.4375;NaN;NaN;NaN;NaN;NaN;NaN;NaN;NaN;NaN
;ServiceLog;Stanislav;1435585952294;Raw;-0.19613299;4.9425516;9.414384;261.6875;-28.53125;-1.484375;22.6875;37.625;75.5625;NaN;NaN;NaN;NaN;NaN;NaN;NaN;NaN;NaN
;ServiceLog;Stanislav;1435585953311;Raw;-0.1569064;4.785645;9.061344;271.78125;-27.546875;-0.359375;19.625;46.0625;82.875;NaN;NaN;NaN;NaN;NaN;NaN;NaN;NaN;NaN
;ServiceLog;Stanislav;1435585954323;Raw;-0.1176798;4.707192;9.257478;276.51563;-27.234375;-1.484375;22.875;47.3125;85.375;NaN;NaN;NaN;NaN;NaN;NaN;NaN;NaN;NaN
;ServiceLog;Stanislav;1435585955341;Raw;-0.1569064;5.060231;9.218251;267.9375;-27.421875;-1.703125;17.25;41.4375;83.0625;NaN;NaN;NaN;NaN;NaN;NaN;NaN;NaN;NaN
;ServiceLog;Stanislav;1435585956353;Raw;0.0784532;5.0994577;9.100571;267.76563;-28.140625;-0.8125;18.8125;42.375;83.75;NaN;NaN;NaN;NaN;NaN;NaN;NaN;NaN;NaN
;ServiceLog;Stanislav;1435585957377;Raw;0.1176798;4.393379;9.375157;290.03125;-25.078125;0.609375;19.4375;48.4375;82.5;NaN;NaN;NaN;NaN;NaN;NaN;NaN;NaN;NaN
;ServiceLog;Stanislav;1435585958393;Raw;0.3138128;6.6292953;8.355266;255.5625;-38.390625;1.671875;12.0;47.4375;85.5;NaN;NaN;NaN;NaN;NaN;NaN;NaN;NaN;NaN
;ServiceLog;Stanislav;1435585959418;Raw;0.8629852;2.4712758;9.80665;335.75;-14.078125;4.84375;14.125;34.5625;96.5625;NaN;NaN;NaN;NaN;NaN;NaN;NaN;NaN;NaN
;ServiceLog;Stanislav;1435585960435;Raw;0.1569064;4.5502853;9.492837;236.40625;-27.421875;1.703125;29.5625;39.0;99.75;NaN;NaN;NaN;NaN;NaN;NaN;NaN;NaN;NaN
;ServiceLog;Stanislav;1435585961468;Raw;-0.1569064;3.8442068;9.885103;272.85938;-19.953125;1.875;34.3125;43.625;99.8125;NaN;NaN;NaN;NaN;NaN;NaN;NaN;NaN;NaN
;ServiceLog;Stanislav;1435585962488;Raw;-0.19613299;4.0403395;9.845877;266.20313;-21.84375;-1.703125;30.0625;36.125;104.0;NaN;NaN;NaN;NaN;NaN;NaN;NaN;NaN;NaN
;ServiceLog;Stanislav;1435585963546;Raw;-1.1375713;6.746975;8.8652115;275.15625;-23.84375;0.359375;33.5625;51.8125;103.6875;NaN;NaN;NaN;NaN;NaN;NaN;NaN;NaN;NaN
;ServiceLog;Stanislav;1435585964568;Raw;0.2353596;5.491724;9.061344;278.53125;-31.421875;0.359375;31.875;64.125;96.6875;NaN;NaN;NaN;NaN;NaN;NaN;NaN;NaN;NaN
;ServiceLog;Stanislav;1435585965586;Raw;-0.0392266;6.2762556;7.5707335;258.45313;-39.65625;-0.171875;37.75;57.0625;80.0;NaN;NaN;NaN;NaN;NaN;NaN;NaN;NaN;NaN
;ServiceLog;Stanislav;1435585966601;Raw;0.4707192;-1.6867437;10.473502;287.96875;-0.609375;10.75;55.5625;6.6875;81.375;NaN;NaN;NaN;NaN;NaN;NaN;NaN;NaN;NaN
;ServiceLog;Stanislav;1435585967618;Raw;0.0392266;-0.4314926;10.551955;259.59375;3.25;0.0;62.1875;-19.0;101.875;NaN;NaN;NaN;NaN;NaN;NaN;NaN;NaN;NaN
;ServiceLog;Stanislav;1435585968628;Raw;-0.0392266;-0.588399;10.551955;258.60938;3.578125;0.0;63.6875;-20.6875;90.875;NaN;NaN;NaN;NaN;NaN;NaN;NaN;NaN;NaN
;ServiceLog;Stanislav;1435585969655;Raw;0.19613299;-0.6668522;10.395049;258.14063;3.421875;1.265625;63.375;-20.0625;89.8125;NaN;NaN;NaN;NaN;NaN;NaN;NaN;NaN;NaN
;ServiceLog;Stanislav;1435585970669;Raw;0.1569064;-0.4707192;10.551955;257.01563;3.0;-0.359375;55.8125;-21.625;92.0;NaN;NaN;NaN;NaN;NaN;NaN;NaN;NaN;NaN
;ServiceLog;Stanislav;1435585971689;Raw;0.19613299;-0.70607877;10.669635;256.09375;2.265625;1.015625;54.75;-19.6875;98.8125;NaN;NaN;NaN;NaN;NaN;NaN;NaN;NaN;NaN
;ServiceLog;Stanislav;1435585972707;Raw;0.0784532;-0.5491724;10.630408;255.10938;2.96875;0.0;53.75;-25.1875;103.4375;NaN;NaN;NaN;NaN;NaN;NaN;NaN;NaN;NaN
;ServiceLog;Stanislav;1435585973736;Raw;-0.0784532;-0.4707192;10.512729;253.32813;2.0625;0.140625;55.3125;-22.4375;87.4375;NaN;NaN;NaN;NaN;NaN;NaN;NaN;NaN;NaN
;ServiceLog;Stanislav;1435585974751;Raw;0.0784532;-0.74530536;10.708861;253.20313;2.96875;0.0;53.4375;-21.25;86.1875;NaN;NaN;NaN;NaN;NaN;NaN;NaN;NaN;NaN
;ServiceLog;Stanislav;1435585975781;Raw;0.19613299;-0.5491724;10.591182;253.64063;2.9375;1.03125;53.5625;-19.875;91.875;NaN;NaN;NaN;NaN;NaN;NaN;NaN;NaN;NaN
;ServiceLog;Stanislav;1435585976796;Raw;0.1176798;-0.6276256;10.591182;254.0625;4.8125;1.28125;55.625;-21.0;90.6875;NaN;NaN;NaN;NaN;NaN;NaN;NaN;NaN;NaN
;ServiceLog;Stanislav;1435585977826;Raw;0.19613299;-0.5491724;10.591182;254.34375;2.765625;-0.359375;55.9375;-19.4375;92.625;NaN;NaN;NaN;NaN;NaN;NaN;NaN;NaN;NaN
;ServiceLog;Stanislav;1435585978841;Raw;-0.1569064;-0.5491724;10.669635;254.40625;2.96875;-0.140625;58.3125;-21.375;92.75;NaN;NaN;NaN;NaN;NaN;NaN;NaN;NaN;NaN
;ServiceLog;Stanislav;1435585979865;Raw;0.2745862;-0.78453195;10.395049;254.10938;4.25;0.8125;55.0;-19.875;85.1875;NaN;NaN;NaN;NaN;NaN;NaN;NaN;NaN;NaN
;ServiceLog;Stanislav;1435585980905;Raw;0.3138128;-0.4707192;10.395049;254.67188;2.546875;0.359375;58.625;-19.1875;89.75;NaN;NaN;NaN;NaN;NaN;NaN;NaN;NaN;NaN
;ServiceLog;Stanislav;1435585981924;Raw;0.0784532;-0.5491724;10.434276;254.6875;2.765625;1.03125;58.75;-19.625;87.5;NaN;NaN;NaN;NaN;NaN;NaN;NaN;NaN;NaN
;ServiceLog;Stanislav;1435585982938;Raw;0.0392266;-0.5099458;10.1989155;255.07813;2.96875;-1.03125;57.125;-19.375;90.4375;NaN;NaN;NaN;NaN;NaN;NaN;NaN;NaN;NaN
;ServiceLog;Stanislav;1435585983967;Raw;-0.0;-0.5491724;10.473502;254.9375;3.0;0.0;57.6875;-19.875;87.9375;NaN;NaN;NaN;NaN;NaN;NaN;NaN;NaN;NaN
;ServiceLog;Stanislav;1435585984988;Raw;0.0392266;-0.5491724;10.434276;255.14063;2.296875;0.140625;58.5625;-18.4375;89.4375;NaN;NaN;NaN;NaN;NaN;NaN;NaN;NaN;NaN
;ServiceLog;Stanislav;1435585986019;Raw;0.0392266;-0.4314926;10.512729;255.29688;2.484375;1.453125;58.0;-20.0625;91.375;NaN;NaN;NaN;NaN;NaN;NaN;NaN;NaN;NaN
;ServiceLog;Stanislav;1435585987036;Raw;0.0392266;-0.4707192;10.316595;255.1875;3.53125;0.140625;59.3125;-18.875;89.125;NaN;NaN;NaN;NaN;NaN;NaN;NaN;NaN;NaN
;ServiceLog;Stanislav;1435585988057;Raw;0.5099458;-0.4707192;10.630408;255.42188;3.25;-0.84375;58.5625;-21.3125;91.0625;NaN;NaN;NaN;NaN;NaN;NaN;NaN;NaN;NaN
;ServiceLog;Stanislav;1435585989078;Raw;0.0784532;-0.5491724;10.512729;255.34375;3.0;1.484375;59.25;-18.0625;89.1875;NaN;NaN;NaN;NaN;NaN;NaN;NaN;NaN;NaN
;ServiceLog;Stanislav;1435585990097;Raw;0.2353596;-0.39226598;10.551955;255.73438;2.96875;1.03125;58.8125;-18.3125;89.5;NaN;NaN;NaN;NaN;NaN;NaN;NaN;NaN;NaN
;ServiceLog;Stanislav;1435585991115;Raw;0.39226598;-0.3138128;10.355823;255.5625;2.515625;-0.140625;57.6875;-19.75;89.5625;NaN;NaN;NaN;NaN;NaN;NaN;NaN;NaN;NaN
;ServiceLog;Stanislav;1435585992135;Raw;-0.0784532;-0.6668522;10.591182;255.5625;2.9375;2.484375;58.375;-19.0625;91.4375;NaN;NaN;NaN;NaN;NaN;NaN;NaN;NaN;NaN
;ServiceLog;Stanislav;1435585993152;Raw;0.39226598;-0.4314926;10.551955;255.375;2.09375;1.484375;57.75;-18.8125;89.25;NaN;NaN;NaN;NaN;NaN;NaN;NaN;NaN;NaN
;ServiceLog;Stanislav;1435585994172;Raw;-0.1569064;-0.5491724;10.551955;255.60938;2.96875;-0.8125;57.0625;-20.25;94.25;NaN;NaN;NaN;NaN;NaN;NaN;NaN;NaN;NaN
;ServiceLog;Stanislav;1435585995191;Raw;0.9022118;-1.5298374;10.081236;259.46875;12.0;1.84375;54.75;-24.875;87.0;NaN;NaN;NaN;NaN;NaN;NaN;NaN;NaN;NaN
;ServiceLog;Stanislav;1435585996214;Raw;0.5491724;-0.9414384;10.473502;258.53125;3.4375;3.0;54.625;-19.25;89.8125;NaN;NaN;NaN;NaN;NaN;NaN;NaN;NaN;NaN
;ServiceLog;Stanislav;1435585997231;Raw;0.6276256;-0.74530536;10.748088;257.89063;4.8125;2.265625;57.0625;-23.0625;95.125;NaN;NaN;NaN;NaN;NaN;NaN;NaN;NaN;NaN
;ServiceLog;Stanislav;1435585998258;Raw;-0.19613299;-0.39226598;10.434276;256.40625;1.765625;1.765625;53.4375;-19.625;89.8125;NaN;NaN;NaN;NaN;NaN;NaN;NaN;NaN;NaN
;ServiceLog;Stanislav;1435585999276;Raw;-0.1176798;-0.2745862;10.473502;256.07813;1.84375;1.265625;55.875;-17.9375;97.0;NaN;NaN;NaN;NaN;NaN;NaN;NaN;NaN;NaN
;ServiceLog;Stanislav;1435586000300;Raw;-0.1176798;-0.4314926;10.434276;255.57813;3.1875;-1.03125;52.125;-19.1875;92.6875;NaN;NaN;NaN;NaN;NaN;NaN;NaN;NaN;NaN
;ServiceLog;Stanislav;1435586001323;Raw;0.1176798;-0.0784532;10.395049;255.04688;2.546875;-2.328125;59.875;-22.75;101.3125;NaN;NaN;NaN;NaN;NaN;NaN;NaN;NaN;NaN
;ServiceLog;Stanislav;1435586002348;Raw;-0.4314926;-0.6668522;10.434276;254.96875;2.328125;2.546875;61.375;-18.9375;104.5625;NaN;NaN;NaN;NaN;NaN;NaN;NaN;NaN;NaN
;ServiceLog;Stanislav;1435586003367;Raw;0.1176798;-0.19613299;10.512729;255.125;2.75;-2.75;61.25;-21.125;105.875;NaN;NaN;NaN;NaN;NaN;NaN;NaN;NaN;NaN
;ServiceLog;Stanislav;1435586004389;Raw;0.0392266;-0.2353596;10.120462;255.03125;3.546875;-2.296875;59.0625;-22.6875;103.6875;NaN;NaN;NaN;NaN;NaN;NaN;NaN;NaN;NaN
;ServiceLog;Stanislav;1435586005408;Raw;-0.19613299;-0.35303938;10.512729;254.53125;1.84375;-2.296875;54.25;-19.5;101.5;NaN;NaN;NaN;NaN;NaN;NaN;NaN;NaN;NaN
;ServiceLog;Stanislav;1435586006421;Raw;-0.0784532;-0.3138128;10.395049;254.45313;1.84375;-0.8125;52.25;-20.25;107.6875;NaN;NaN;NaN;NaN;NaN;NaN;NaN;NaN;NaN
;ServiceLog;Stanislav;1435586007429;Raw;-0.0392266;-0.19613299;10.748088;253.6875;0.59375;-0.59375;51.8125;-22.0625;107.0625;NaN;NaN;NaN;NaN;NaN;NaN;NaN;NaN;NaN
;ServiceLog;Stanislav;1435586008445;Raw;-0.39226598;-0.4314926;10.669635;252.90625;2.046875;-2.046875;56.4375;-22.9375;106.125;NaN;NaN;NaN;NaN;NaN;NaN;NaN;NaN;NaN
;ServiceLog;Stanislav;1435586009454;Raw;-0.39226598;-0.70607877;10.434276;252.92188;2.96875;-1.484375;56.5625;-25.0;104.125;NaN;NaN;NaN;NaN;NaN;NaN;NaN;NaN;NaN
;ServiceLog;Stanislav;1435586010467;Raw;-0.2745862;-0.4707192;10.748088;252.90625;3.5;-2.6875;58.0625;-25.375;104.0625;NaN;NaN;NaN;NaN;NaN;NaN;NaN;NaN;NaN
;ServiceLog;Stanislav;1435586011475;Raw;-0.0784532;0.0784532;10.983448;252.42188;2.015625;-1.453125;56.0625;-23.4375;101.375;NaN;NaN;NaN;NaN;NaN;NaN;NaN;NaN;NaN
;ServiceLog;Stanislav;1435586012489;Raw;0.2353596;-0.5099458;10.551955;252.03125;3.109375;-0.140625;56.125;-24.0;98.6875;NaN;NaN;NaN;NaN;NaN;NaN;NaN;NaN;NaN
;ServiceLog;Stanislav;1435586013497;Raw;-0.0392266;-0.4314926;10.708861;252.0;3.4375;0.5625;57.25;-23.5625;96.4375;NaN;NaN;NaN;NaN;NaN;NaN;NaN;NaN;NaN
;ServiceLog;Stanislav;1435586014509;Raw;-0.1176798;-0.4707192;10.669635;251.25;2.296875;-0.140625;43.1875;-22.0;91.625;NaN;NaN;NaN;NaN;NaN;NaN;NaN;NaN;NaN
;ServiceLog;Stanislav;1435586015517;Raw;-0.4707192;-0.39226598;10.395049;250.54688;2.09375;-2.546875;45.375;-21.75;93.5625;NaN;NaN;NaN;NaN;NaN;NaN;NaN;NaN;NaN
;ServiceLog;Stanislav;1435586016539;Raw;-0.4314926;-0.8629852;10.120462;250.65625;4.84375;-2.375;44.5;-20.375;92.125;NaN;NaN;NaN;NaN;NaN;NaN;NaN;NaN;NaN
;ServiceLog;Stanislav;1435586017547;Raw;-1.0198916;-0.98066497;10.826541;251.28125;5.09375;-5.296875;45.25;-22.75;94.1875;NaN;NaN;NaN;NaN;NaN;NaN;NaN;NaN;NaN
;ServiceLog;Stanislav;1435586018559;Raw;-0.8237586;-0.6668522;10.551955;251.29688;3.46875;-5.609375;41.8125;-23.0;94.75;NaN;NaN;NaN;NaN;NaN;NaN;NaN;NaN;NaN
;ServiceLog;Stanislav;1435586019568;Raw;-1.1375713;-0.588399;10.787314;251.71875;3.421875;-6.640625;44.0625;-21.4375;98.9375;NaN;NaN;NaN;NaN;NaN;NaN;NaN;NaN;NaN
;ServiceLog;Stanislav;1435586020579;Raw;-0.78453195;-0.4707192;10.355823;251.82813;3.78125;-7.046875;39.0;-20.6875;100.0625;NaN;NaN;NaN;NaN;NaN;NaN;NaN;NaN;NaN
;ServiceLog;Stanislav;1435586021587;Raw;-1.372931;-0.74530536;10.395049;252.34375;4.0;-7.4375;42.1875;-22.375;99.25;NaN;NaN;NaN;NaN;NaN;NaN;NaN;NaN;NaN
;ServiceLog;Stanislav;1435586022598;Raw;-0.98066497;-0.6668522;10.277369;252.125;3.5;-5.609375;42.5;-22.5;99.375;NaN;NaN;NaN;NaN;NaN;NaN;NaN;NaN;NaN
;ServiceLog;Stanislav;1435586023606;Raw;-1.0591182;-0.6276256;10.355823;252.28125;3.4375;-5.765625;42.8125;-23.5;96.0;NaN;NaN;NaN;NaN;NaN;NaN;NaN;NaN;NaN
;ServiceLog;Stanislav;1435586024619;Raw;-1.3337044;-0.4314926;10.630408;251.59375;2.265625;-7.09375;42.375;-23.125;98.0625;NaN;NaN;NaN;NaN;NaN;NaN;NaN;NaN;NaN
;ServiceLog;Stanislav;1435586025626;Raw;-0.5099458;-0.3138128;10.512729;250.73438;1.703125;-2.734375;46.0625;-20.6875;97.5;NaN;NaN;NaN;NaN;NaN;NaN;NaN;NaN;NaN
;ServiceLog;Stanislav;1435586026638;Raw;-1.2552512;-0.4707192;10.316595;250.65625;2.546875;-6.921875;41.0625;-25.4375;97.5625;NaN;NaN;NaN;NaN;NaN;NaN;NaN;NaN;NaN
;ServiceLog;Stanislav;1435586027652;Raw;-1.176798;-0.78453195;10.316595;250.78125;4.28125;-6.484375;41.25;-25.125;99.4375;NaN;NaN;NaN;NaN;NaN;NaN;NaN;NaN;NaN
;ServiceLog;Stanislav;1435586028667;Raw;-1.176798;-0.8629852;10.238142;251.07813;4.765625;-6.5;40.625;-26.75;100.5625;NaN;NaN;NaN;NaN;NaN;NaN;NaN;NaN;NaN
;ServiceLog;Stanislav;1435586029675;Raw;-1.372931;-1.0198916;10.473502;251.9375;5.46875;-7.375;57.25;-26.1875;108.8125;NaN;NaN;NaN;NaN;NaN;NaN;NaN;NaN;NaN
;ServiceLog;Stanislav;1435586030687;Raw;-1.3337044;-0.78453195;10.473502;253.07813;4.203125;-7.1875;62.625;-25.125;108.125;NaN;NaN;NaN;NaN;NaN;NaN;NaN;NaN;NaN
;ServiceLog;Stanislav;1435586031695;Raw;-1.0198916;-0.588399;10.512729;254.1875;3.1875;-5.46875;64.0;-23.0625;105.25;NaN;NaN;NaN;NaN;NaN;NaN;NaN;NaN;NaN
;ServiceLog;Stanislav;1435586032707;Raw;-1.372931;-0.4314926;10.159689;255.29688;2.34375;-7.640625;63.125;-20.5625;107.5;NaN;NaN;NaN;NaN;NaN;NaN;NaN;NaN;NaN
;ServiceLog;Stanislav;1435586033715;Raw;-1.4906107;-0.4314926;10.395049;256.09375;2.296875;-8.109375;63.75;-20.125;107.8125;NaN;NaN;NaN;NaN;NaN;NaN;NaN;NaN;NaN
;ServiceLog;Stanislav;1435586034729;Raw;-0.98066497;-0.2353596;10.238142;256.71875;1.28125;-5.40625;65.125;-19.8125;103.5625;NaN;NaN;NaN;NaN;NaN;NaN;NaN;NaN;NaN
;ServiceLog;Stanislav;1435586035739;Raw;-1.8828768;-0.4314926;10.473502;257.34375;2.265625;-10.1875;64.375;-17.1875;94.4375;NaN;NaN;NaN;NaN;NaN;NaN;NaN;NaN;NaN
;ServiceLog;Stanislav;1435586036751;Raw;-1.2552512;-0.4314926;10.316595;258.3125;2.328125;-6.921875;80.4375;-15.8125;81.8125;NaN;NaN;NaN;NaN;NaN;NaN;NaN;NaN;NaN
;ServiceLog;Stanislav;1435586037758;Raw;-1.5298374;-0.4707192;10.1989155;259.375;2.578125;-8.515625;86.9375;-15.9375;68.875;NaN;NaN;NaN;NaN;NaN;NaN;NaN;NaN;NaN
;ServiceLog;Stanislav;1435586038772;Raw;-1.5690639;-0.5099458;10.630408;247.875;2.6875;-8.359375;71.5625;-44.625;74.25;NaN;NaN;NaN;NaN;NaN;NaN;NaN;NaN;NaN
;ServiceLog;Stanislav;1435586039780;Raw;-1.1375713;-0.4314926;10.473502;235.89063;2.296875;-6.171875;28.125;-28.125;86.8125;NaN;NaN;NaN;NaN;NaN;NaN;NaN;NaN;NaN
;ServiceLog;Stanislav;1435586040792;Raw;-1.372931;-0.6668522;10.395049;242.5625;3.546875;-7.46875;38.25;-24.4375;84.0;NaN;NaN;NaN;NaN;NaN;NaN;NaN;NaN;NaN
;ServiceLog;Stanislav;1435586041800;Raw;-1.0591182;-0.4707192;10.826541;244.23438;2.15625;-8.828125;43.0;-23.875;82.25;NaN;NaN;NaN;NaN;NaN;NaN;NaN;NaN;NaN
;ServiceLog;Stanislav;1435586042812;Raw;-1.6867437;-0.5491724;10.277369;245.96875;3.0;-9.25;42.4375;-24.375;80.8125;NaN;NaN;NaN;NaN;NaN;NaN;NaN;NaN;NaN
;ServiceLog;Stanislav;1435586043821;Raw;-1.5298374;-0.6668522;10.473502;247.125;3.53125;-8.28125;40.375;-24.125;83.375;NaN;NaN;NaN;NaN;NaN;NaN;NaN;NaN;NaN
;ServiceLog;Stanislav;1435586044832;Raw;-1.5690639;-0.4314926;10.277369;247.09375;2.328125;-8.671875;39.375;-25.1875;85.25;NaN;NaN;NaN;NaN;NaN;NaN;NaN;NaN;NaN
;ServiceLog;Stanislav;1435586045840;Raw;-1.4513842;-0.6668522;10.434276;247.51563;3.546875;-7.859375;40.0625;-24.6875;84.75;NaN;NaN;NaN;NaN;NaN;NaN;NaN;NaN;NaN
;ServiceLog;Stanislav;1435586046854;Raw;-1.176798;-0.4707192;10.630408;247.89063;2.484375;-6.28125;40.625;-24.0625;84.0625;NaN;NaN;NaN;NaN;NaN;NaN;NaN;NaN;NaN
;ServiceLog;Stanislav;1435586047862;Raw;-1.5298374;-0.6668522;10.159689;248.53125;3.640625;-8.53125;43.5625;-24.3125;83.75;NaN;NaN;NaN;NaN;NaN;NaN;NaN;NaN;NaN
;ServiceLog;Stanislav;1435586048873;Raw;-1.2944778;-0.5491724;10.277369;249.59375;3.015625;-7.1875;47.875;-21.6875;87.3125;NaN;NaN;NaN;NaN;NaN;NaN;NaN;NaN;NaN
;ServiceLog;Stanislav;1435586049881;Raw;-1.4906107;-0.6276256;10.669635;250.26563;3.328125;-7.921875;39.4375;-23.6875;86.4375;NaN;NaN;NaN;NaN;NaN;NaN;NaN;NaN;NaN
;ServiceLog;Stanislav;1435586050898;Raw;-1.0198916;-0.588399;10.512729;250.0625;3.1875;-5.46875;42.625;-23.5625;83.875;NaN;NaN;NaN;NaN;NaN;NaN;NaN;NaN;NaN
;ServiceLog;Stanislav;1435586051909;Raw;-1.2552512;-0.70607877;10.551955;250.46875;3.75;-6.765625;43.0625;-22.6875;78.4375;NaN;NaN;NaN;NaN;NaN;NaN;NaN;NaN;NaN
;ServiceLog;Stanislav;1435586052924;Raw;-1.5298374;-0.6668522;10.551955;250.5625;3.5;-8.21875;40.6875;-25.3125;88.5625;NaN;NaN;NaN;NaN;NaN;NaN;NaN;NaN;NaN
;ServiceLog;Stanislav;1435586053935;Raw;-1.8044236;-0.8237586;10.551955;249.9375;4.375;-9.640625;35.8125;-25.25;88.6875;NaN;NaN;NaN;NaN;NaN;NaN;NaN;NaN;NaN
;ServiceLog;Stanislav;1435586054951;Raw;-1.4513842;-0.78453195;10.512729;248.82813;4.203125;-7.796875;31.9375;-26.375;88.75;NaN;NaN;NaN;NaN;NaN;NaN;NaN;NaN;NaN
;ServiceLog;Stanislav;1435586055962;Raw;-1.2552512;-0.6668522;10.1989155;248.0625;3.640625;-7.015625;30.125;-24.375;86.5625;NaN;NaN;NaN;NaN;NaN;NaN;NaN;NaN;NaN
;ServiceLog;Stanislav;1435586056979;Raw;-0.74530536;-0.5099458;10.591182;243.28125;2.71875;-3.96875;27.5;-23.8125;81.6875;NaN;NaN;NaN;NaN;NaN;NaN;NaN;NaN;NaN
;ServiceLog;Stanislav;1435586058003;Raw;-1.6867437;-0.6276256;10.8657675;243.20313;3.921875;-10.609375;27.625;-23.8125;75.875;NaN;NaN;NaN;NaN;NaN;NaN;NaN;NaN;NaN
;ServiceLog;Stanislav;1435586059024;Raw;-0.6668522;-0.4707192;11.140354;238.40625;1.53125;-5.0625;24.4375;-24.25;75.9375;NaN;NaN;NaN;NaN;NaN;NaN;NaN;NaN;NaN
;ServiceLog;Stanislav;1435586060038;Raw;-1.2552512;-0.5491724;9.728196;236.8125;2.796875;-9.328125;19.6875;-26.0;75.5;NaN;NaN;NaN;NaN;NaN;NaN;NaN;NaN;NaN
;ServiceLog;Stanislav;1435586061064;Raw;-1.8828768;-0.74530536;10.081236;231.89063;1.734375;-4.0625;20.3125;-22.625;80.5;NaN;NaN;NaN;NaN;NaN;NaN;NaN;NaN;NaN
;ServiceLog;Stanislav;1435586062078;Raw;-1.3337044;-0.6276256;10.395049;237.92188;3.46875;-6.734375;21.125;-26.5;88.875;NaN;NaN;NaN;NaN;NaN;NaN;NaN;NaN;NaN
;ServiceLog;Stanislav;1435586063103;Raw;-1.176798;-0.588399;10.473502;238.0;3.78125;-6.59375;23.8125;-24.3125;86.375;NaN;NaN;NaN;NaN;NaN;NaN;NaN;NaN;NaN
;ServiceLog;Stanislav;1435586064118;Raw;-0.9414384;-0.4314926;10.395049;246.64063;4.171875;-7.125;41.5625;-20.625;75.125;NaN;NaN;NaN;NaN;NaN;NaN;NaN;NaN;NaN
;ServiceLog;Stanislav;1435586065139;Raw;-1.5690639;-0.588399;10.630408;256.9375;2.96875;-5.296875;57.9375;-15.875;70.8125;NaN;NaN;NaN;NaN;NaN;NaN;NaN;NaN;NaN
;ServiceLog;Stanislav;1435586066152;Raw;-2.1182363;-0.9022118;10.238142;257.67188;2.765625;-10.953125;49.1875;-17.25;84.0;NaN;NaN;NaN;NaN;NaN;NaN;NaN;NaN;NaN
;ServiceLog;Stanislav;1435586067169;Raw;-1.8044236;-0.8237586;10.591182;257.35938;4.375;-7.296875;50.6875;-19.3125;77.1875;NaN;NaN;NaN;NaN;NaN;NaN;NaN;NaN;NaN
;ServiceLog;Stanislav;1435586068191;Raw;-1.0198916;-0.5491724;11.140354;257.54688;4.953125;-13.765625;49.75;-17.0;87.4375;NaN;NaN;NaN;NaN;NaN;NaN;NaN;NaN;NaN
;ServiceLog;Stanislav;1435586069209;Raw;-1.6082906;-0.5491724;10.669635;257.96875;2.859375;-9.046875;45.0625;-19.0;103.375;NaN;NaN;NaN;NaN;NaN;NaN;NaN;NaN;NaN
;ServiceLog;Stanislav;1435586070223;Raw;-1.0591182;-0.588399;10.277369;257.8125;3.25;-5.828125;43.375;-18.5;104.6875;NaN;NaN;NaN;NaN;NaN;NaN;NaN;NaN;NaN
;ServiceLog;Stanislav;1435586071242;Raw;-1.8828768;-0.8237586;10.787314;257.8125;3.046875;-10.859375;41.3125;-19.1875;106.0625;NaN;NaN;NaN;NaN;NaN;NaN;NaN;NaN;NaN
;ServiceLog;Stanislav;1435586072255;Raw;-1.3337044;-0.35303938;9.885103;258.375;4.515625;-10.6875;41.1875;-18.1875;104.625;NaN;NaN;NaN;NaN;NaN;NaN;NaN;NaN;NaN
;ServiceLog;Stanislav;1435586073268;Raw;-2.1574628;-0.39226598;10.355823;258.39063;1.03125;-3.71875;41.6875;-14.5625;106.3125;NaN;NaN;NaN;NaN;NaN;NaN;NaN;NaN;NaN
;ServiceLog;Stanislav;1435586074277;Raw;-2.4712758;-0.4314926;10.355823;259.48438;4.84375;-17.296875;42.0;-14.5625;109.375;NaN;NaN;NaN;NaN;NaN;NaN;NaN;NaN;NaN
;ServiceLog;Stanislav;1435586075292;Raw;-1.9221034;-0.4707192;10.826541;255.20313;3.25;-11.609375;39.25;-15.6875;113.75;NaN;NaN;NaN;NaN;NaN;NaN;NaN;NaN;NaN
;ServiceLog;Stanislav;1435586076301;Raw;-1.0591182;-0.0784532;10.473502;255.125;-0.609375;-7.921875;36.5;-16.0;110.875;NaN;NaN;NaN;NaN;NaN;NaN;NaN;NaN;NaN
;ServiceLog;Stanislav;1435586077319;Raw;-1.5690639;-0.5099458;10.316595;255.42188;1.703125;-5.96875;36.5625;-16.0;112.9375;NaN;NaN;NaN;NaN;NaN;NaN;NaN;NaN;NaN
;ServiceLog;Stanislav;1435586078330;Raw;-1.9613299;-0.4314926;10.120462;251.45313;0.59375;-4.234375;34.5;-19.3125;113.3125;NaN;NaN;NaN;NaN;NaN;NaN;NaN;NaN;NaN
;ServiceLog;Stanislav;1435586079349;Raw;-2.3143694;-0.4314926;10.316595;252.5;1.484375;-8.5;34.9375;-17.0;114.0625;NaN;NaN;NaN;NaN;NaN;NaN;NaN;NaN;NaN
;ServiceLog;Stanislav;1435586080358;Raw;-1.9221034;-0.35303938;10.512729;257.0625;1.875;-10.328125;37.8125;-15.5;109.5;NaN;NaN;NaN;NaN;NaN;NaN;NaN;NaN;NaN
;ServiceLog;Stanislav;1435586081380;Raw;-2.2751427;-0.3138128;10.316595;257.4375;1.671875;-12.0;34.9375;-14.8125;109.375;NaN;NaN;NaN;NaN;NaN;NaN;NaN;NaN;NaN
;ServiceLog;Stanislav;1435586082391;Raw;-2.0790098;-0.3138128;10.355823;257.70313;2.609375;-13.265625;33.875;-15.1875;109.375;NaN;NaN;NaN;NaN;NaN;NaN;NaN;NaN;NaN
;ServiceLog;Stanislav;1435586083408;Raw;-1.9613299;-0.2745862;10.238142;257.39063;1.703125;-9.84375;33.8125;-15.875;108.8125;NaN;NaN;NaN;NaN;NaN;NaN;NaN;NaN;NaN
;ServiceLog;Stanislav;1435586084416;Raw;-2.2751427;-0.588399;9.885103;257.5625;3.0;-12.09375;35.0;-16.5;110.6875;NaN;NaN;NaN;NaN;NaN;NaN;NaN;NaN;NaN
;ServiceLog;Stanislav;1435586085429;Raw;-2.1182363;-0.35303938;10.277369;257.54688;1.671875;-12.265625;32.9375;-16.25;110.9375;NaN;NaN;NaN;NaN;NaN;NaN;NaN;NaN;NaN
;ServiceLog;Stanislav;1435586086438;Raw;-2.2751427;-0.2745862;10.591182;257.29688;1.453125;-12.109375;30.6875;-15.75;110.5;NaN;NaN;NaN;NaN;NaN;NaN;NaN;NaN;NaN
;ServiceLog;Stanislav;1435586087454;Raw;-2.1966896;-0.19613299;10.512729;257.01563;1.015625;-11.8125;33.3125;-15.5;110.8125;NaN;NaN;NaN;NaN;NaN;NaN;NaN;NaN;NaN
;ServiceLog;Stanislav;1435586088463;Raw;-1.9613299;-0.4314926;10.120462;257.28125;2.34375;-10.890625;31.3125;-14.9375;111.5625;NaN;NaN;NaN;NaN;NaN;NaN;NaN;NaN;NaN
;ServiceLog;Stanislav;1435586089481;Raw;-1.8828768;-0.2745862;10.434276;257.0625;1.484375;-10.203125;30.8125;-15.8125;113.3125;NaN;NaN;NaN;NaN;NaN;NaN;NaN;NaN;NaN
;ServiceLog;Stanislav;1435586090489;Raw;-2.1182363;-0.3138128;10.277369;256.78125;1.03125;-9.21875;30.8125;-14.9375;113.6875;NaN;NaN;NaN;NaN;NaN;NaN;NaN;NaN;NaN
;ServiceLog;Stanislav;1435586091506;Raw;-1.7651969;-0.2745862;10.316595;256.875;1.734375;-9.609375;30.875;-15.625;116.6875;NaN;NaN;NaN;NaN;NaN;NaN;NaN;NaN;NaN
;ServiceLog;Stanislav;1435586092514;Raw;-2.0005565;-0.4314926;10.591182;256.375;1.671875;-9.40625;29.625;-16.9375;119.375;NaN;NaN;NaN;NaN;NaN;NaN;NaN;NaN;NaN
;ServiceLog;Stanislav;1435586093529;Raw;-2.1574628;-0.3138128;10.1989155;256.65625;2.09375;-11.203125;29.6875;-15.75;116.0;NaN;NaN;NaN;NaN;NaN;NaN;NaN;NaN;NaN
;ServiceLog;Stanislav;1435586094537;Raw;-2.0790098;-0.39226598;10.002783;256.54688;2.71875;-11.859375;31.125;-16.25;114.9375;NaN;NaN;NaN;NaN;NaN;NaN;NaN;NaN;NaN
;ServiceLog;Stanislav;1435586095548;Raw;-2.0397832;-0.2353596;10.473502;256.65625;1.515625;-11.859375;28.4375;-15.4375;114.5;NaN;NaN;NaN;NaN;NaN;NaN;NaN;NaN;NaN
;ServiceLog;Stanislav;1435586096556;Raw;-2.0397832;-0.2745862;10.1989155;256.64063;1.8125;-10.96875;28.0;-15.25;115.75;NaN;NaN;NaN;NaN;NaN;NaN;NaN;NaN;NaN
;ServiceLog;Stanislav;1435586097569;Raw;-2.1574628;-0.4314926;10.042009;256.3125;1.65625;-9.671875;25.875;-17.0;117.125;NaN;NaN;NaN;NaN;NaN;NaN;NaN;NaN;NaN
;ServiceLog;Stanislav;1435586098576;Raw;-2.0005565;-0.4314926;10.473502;256.14063;1.734375;-11.0;27.5;-17.4375;116.3125;NaN;NaN;NaN;NaN;NaN;NaN;NaN;NaN;NaN
;ServiceLog;Stanislav;1435586099589;Raw;-1.8828768;-0.4707192;10.355823;256.0625;2.515625;-12.4375;28.3125;-17.0625;115.375;NaN;NaN;NaN;NaN;NaN;NaN;NaN;NaN;NaN
;ServiceLog;Stanislav;1435586100596;Raw;-2.0005565;-0.6668522;10.434276;256.26563;2.515625;-11.828125;27.5;-17.4375;114.9375;NaN;NaN;NaN;NaN;NaN;NaN;NaN;NaN;NaN
;ServiceLog;Stanislav;1435586101609;Raw;-2.0790098;-0.5491724;10.002783;256.53125;2.546875;-11.203125;23.625;-17.375;115.3125;NaN;NaN;NaN;NaN;NaN;NaN;NaN;NaN;NaN
;ServiceLog;Stanislav;1435586102616;Raw;-2.0790098;-0.6276256;10.120462;256.07813;3.46875;-11.546875;23.0625;-18.125;116.125;NaN;NaN;NaN;NaN;NaN;NaN;NaN;NaN;NaN
;ServiceLog;Stanislav;1435586103644;Raw;-2.2359161;-0.4314926;10.355823;255.625;2.296875;-12.171875;22.1875;-18.0625;115.0;NaN;NaN;NaN;NaN;NaN;NaN;NaN;NaN;NaN
;ServiceLog;Stanislav;1435586104651;Raw;-2.1182363;-0.39226598;9.885103;255.1875;2.15625;-12.0625;24.0;-18.5;116.5;NaN;NaN;NaN;NaN;NaN;NaN;NaN;NaN;NaN
;ServiceLog;Stanislav;1435586105671;Raw;-2.353596;-0.5491724;10.159689;255.34375;3.0;-12.984375;21.8125;-18.125;118.375;NaN;NaN;NaN;NaN;NaN;NaN;NaN;NaN;NaN
;ServiceLog;Stanislav;1435586106690;Raw;-2.1182363;-0.5491724;10.159689;255.26563;3.015625;-11.75;20.5;-17.375;121.1875;NaN;NaN;NaN;NaN;NaN;NaN;NaN;NaN;NaN
;ServiceLog;Stanislav;1435586107703;Raw;-2.353596;-0.6668522;10.120462;254.85938;2.90625;-12.0;23.125;-20.0625;122.6875;NaN;NaN;NaN;NaN;NaN;NaN;NaN;NaN;NaN
;ServiceLog;Stanislav;1435586108710;Raw;-2.2359161;-0.5491724;10.395049;255.10938;3.578125;-12.34375;19.5625;-18.625;123.6875;NaN;NaN;NaN;NaN;NaN;NaN;NaN;NaN;NaN
;ServiceLog;Stanislav;1435586109723;Raw;-2.2751427;-0.588399;10.081236;255.76563;3.53125;-12.546875;17.1875;-17.1875;125.1875;NaN;NaN;NaN;NaN;NaN;NaN;NaN;NaN;NaN
;ServiceLog;Stanislav;1435586110730;Raw;-2.353596;-0.70607877;10.395049;255.46875;3.140625;-11.40625;16.625;-19.9375;127.75;NaN;NaN;NaN;NaN;NaN;NaN;NaN;NaN;NaN
;ServiceLog;Stanislav;1435586111743;Raw;-2.0790098;-0.74530536;10.042009;255.39063;3.578125;-10.953125;17.3125;-19.5;124.8125;NaN;NaN;NaN;NaN;NaN;NaN;NaN;NaN;NaN
;ServiceLog;Stanislav;1435586112750;Raw;-1.9613299;-0.78453195;10.512729;255.1875;4.34375;-11.828125;13.4375;-21.25;125.625;NaN;NaN;NaN;NaN;NaN;NaN;NaN;NaN;NaN
;ServiceLog;Stanislav;1435586113763;Raw;-2.2751427;-0.78453195;10.277369;254.51563;4.625;-12.15625;11.6875;-19.6875;123.875;NaN;NaN;NaN;NaN;NaN;NaN;NaN;NaN;NaN
;ServiceLog;Stanislav;1435586114770;Raw;-2.0005565;-0.6276256;10.591182;253.95313;4.234375;-12.46875;10.9375;-22.0;124.375;NaN;NaN;NaN;NaN;NaN;NaN;NaN;NaN;NaN
;ServiceLog;Stanislav;1435586115784;Raw;-0.78453195;-2.0005565;10.473502;245.875;8.5;-2.9375;23.75;-28.8125;127.3125;NaN;NaN;NaN;NaN;NaN;NaN;NaN;NaN;NaN
;ServiceLog;Stanislav;1435586116790;Raw;-0.0392266;-1.8044236;10.355823;243.85938;7.65625;-0.84375;29.5625;-30.8125;131.1875;NaN;NaN;NaN;NaN;NaN;NaN;NaN;NaN;NaN
;ServiceLog;Stanislav;1435586117803;Raw;-0.5491724;-1.6082906;10.591182;256.375;9.8125;0.609375;30.75;-30.6875;134.5;NaN;NaN;NaN;NaN;NaN;NaN;NaN;NaN;NaN
;ServiceLog;Stanislav;1435586118811;Raw;-0.4314926;-1.2552512;10.316595;252.42188;7.09375;-3.140625;30.4375;-28.6875;138.3125;NaN;NaN;NaN;NaN;NaN;NaN;NaN;NaN;NaN
;ServiceLog;Stanislav;1435586119835;Raw;-0.4707192;-1.3337044;10.395049;253.0625;7.234375;-2.515625;30.3125;-27.8125;140.1875;NaN;NaN;NaN;NaN;NaN;NaN;NaN;NaN;NaN
;ServiceLog;Stanislav;1435586120849;Raw;-0.4314926;-1.5298374;10.434276;252.96875;8.3125;-2.296875;23.625;-31.375;143.9375;NaN;NaN;NaN;NaN;NaN;NaN;NaN;NaN;NaN
;ServiceLog;Stanislav;1435586121870;Raw;-0.6276256;-1.2944778;10.512729;248.75;7.015625;-3.390625;25.625;-28.75;139.6875;NaN;NaN;NaN;NaN;NaN;NaN;NaN;NaN;NaN
;ServiceLog;Stanislav;1435586122878;Raw;-0.5099458;-1.2160245;10.277369;248.71875;6.734375;-2.796875;24.0625;-30.1875;139.5625;NaN;NaN;NaN;NaN;NaN;NaN;NaN;NaN;NaN
;ServiceLog;Stanislav;1435586123890;Raw;-0.6668522;-1.1375713;10.120462;248.42188;6.359375;-3.671875;21.8125;-30.5625;144.0;NaN;NaN;NaN;NaN;NaN;NaN;NaN;NaN;NaN
;ServiceLog;Stanislav;1435586124898;Raw;-0.2745862;-1.0591182;10.512729;247.5625;6.53125;-2.796875;20.1875;-31.0;149.875;NaN;NaN;NaN;NaN;NaN;NaN;NaN;NaN;NaN
;ServiceLog;Stanislav;1435586125912;Raw;-0.5099458;-1.5298374;10.630408;247.5;6.046875;-2.71875;22.125;-29.5;148.875;NaN;NaN;NaN;NaN;NaN;NaN;NaN;NaN;NaN
;ServiceLog;Stanislav;1435586126920;Raw;-0.5099458;-1.2552512;10.316595;247.9375;5.890625;-2.484375;23.875;-29.1875;156.8125;NaN;NaN;NaN;NaN;NaN;NaN;NaN;NaN;NaN
;ServiceLog;Stanislav;1435586127931;Raw;-0.3138128;-1.1375713;10.512729;243.14063;6.171875;-3.1875;16.4375;-33.0625;157.6875;NaN;NaN;NaN;NaN;NaN;NaN;NaN;NaN;NaN
;ServiceLog;Stanislav;1435586128938;Raw;-0.588399;-1.3337044;10.551955;235.51563;6.953125;-2.796875;13.5625;-30.375;152.8125;NaN;NaN;NaN;NaN;NaN;NaN;NaN;NaN;NaN
;ServiceLog;Stanislav;1435586129951;Raw;-0.6668522;-1.0198916;10.630408;240.1875;5.484375;-2.515625;17.0625;-29.625;154.625;NaN;NaN;NaN;NaN;NaN;NaN;NaN;NaN;NaN
;ServiceLog;Stanislav;1435586130962;Raw;-0.70607877;-1.2160245;10.355823;245.14063;6.5625;-3.53125;20.0;-30.0625;161.4375;NaN;NaN;NaN;NaN;NaN;NaN;NaN;NaN;NaN
;ServiceLog;Stanislav;1435586131973;Raw;-0.6668522;-1.176798;10.316595;246.34375;6.890625;-4.0625;17.1875;-30.75;165.0625;NaN;NaN;NaN;NaN;NaN;NaN;NaN;NaN;NaN
;ServiceLog;Stanislav;1435586132981;Raw;-0.5491724;0.5099458;11.728753;261.14063;11.71875;4.265625;22.0625;-27.75;144.5625;NaN;NaN;NaN;NaN;NaN;NaN;NaN;NaN;NaN
;ServiceLog;Stanislav;1435586133996;Raw;-1.9613299;5.0994577;7.5707335;217.46875;-36.03125;-18.171875;-9.125;27.4375;127.0625;NaN;NaN;NaN;NaN;NaN;NaN;NaN;NaN;NaN
;ServiceLog;Stanislav;1435586135009;Raw;-0.5099458;4.118793;10.120462;219.4375;-21.78125;-4.90625;1.1875;47.6875;143.0625;NaN;NaN;NaN;NaN;NaN;NaN;NaN;NaN;NaN
;ServiceLog;Stanislav;1435586136024;Raw;1.7259704;3.6088471;9.649743;180.14063;-22.375;9.75;12.375;20.0625;95.75;NaN;NaN;NaN;NaN;NaN;NaN;NaN;NaN;NaN
;ServiceLog;Stanislav;1435586137033;Raw;1.3337044;3.726527;9.414384;243.54688;-21.359375;7.4375;34.25;45.625;108.25;NaN;NaN;NaN;NaN;NaN;NaN;NaN;NaN;NaN
;ServiceLog;Stanislav;1435586138049;Raw;1.1375713;4.4718323;9.179024;248.125;-26.03125;5.125;37.0625;39.25;112.4375;NaN;NaN;NaN;NaN;NaN;NaN;NaN;NaN;NaN
;ServiceLog;Stanislav;1435586139059;Raw;1.3337044;3.9226599;10.042009;271.84375;-20.796875;5.40625;35.75;47.75;107.3125;NaN;NaN;NaN;NaN;NaN;NaN;NaN;NaN;NaN
;ServiceLog;Stanislav;1435586140078;Raw;0.6668522;4.275699;9.375157;263.125;-23.0625;4.65625;35.8125;43.75;116.5;NaN;NaN;NaN;NaN;NaN;NaN;NaN;NaN;NaN
;ServiceLog;Stanislav;1435586141085;Raw;1.0198916;4.197246;9.649743;257.6875;-23.390625;5.46875;39.4375;46.125;123.75;NaN;NaN;NaN;NaN;NaN;NaN;NaN;NaN;NaN
;ServiceLog;Stanislav;1435586142101;Raw;0.8629852;4.275699;9.92433;266.26563;-23.171875;4.53125;44.875;61.0;132.8125;NaN;NaN;NaN;NaN;NaN;NaN;NaN;NaN;NaN
;ServiceLog;Stanislav;1435586143110;Raw;0.4314926;4.4718323;9.610517;265.90625;-24.921875;2.296875;50.8125;54.5625;132.5;NaN;NaN;NaN;NaN;NaN;NaN;NaN;NaN;NaN
;ServiceLog;Stanislav;1435586144132;Raw;0.588399;4.3541527;9.610517;269.90625;-25.40625;2.515625;46.5;57.9375;129.25;NaN;NaN;NaN;NaN;NaN;NaN;NaN;NaN;NaN
;ServiceLog;Stanislav;1435586145145;Raw;0.4707192;4.393379;9.45361;265.96875;-24.3125;2.125;43.4375;56.0625;122.9375;NaN;NaN;NaN;NaN;NaN;NaN;NaN;NaN;NaN
;ServiceLog;Stanislav;1435586146162;Raw;0.4314926;4.511059;9.45361;262.125;-24.375;3.21875;41.9375;53.25;124.0625;NaN;NaN;NaN;NaN;NaN;NaN;NaN;NaN;NaN
;ServiceLog;Stanislav;1435586147170;Raw;0.588399;4.5502853;9.45361;262.64063;-24.8125;2.09375;44.0;55.9375;122.375;NaN;NaN;NaN;NaN;NaN;NaN;NaN;NaN;NaN
;ServiceLog;Stanislav;1435586148184;Raw;0.19613299;4.707192;9.375157;266.82813;-25.671875;1.265625;43.1875;55.0;120.9375;NaN;NaN;NaN;NaN;NaN;NaN;NaN;NaN;NaN
;ServiceLog;Stanislav;1435586149195;Raw;0.1569064;4.3149257;9.45361;266.23438;-25.796875;1.484375;40.625;52.875;120.5;NaN;NaN;NaN;NaN;NaN;NaN;NaN;NaN;NaN
;ServiceLog;Stanislav;1435586150209;Raw;0.2353596;4.4718323;9.375157;265.54688;-25.28125;1.0625;39.5625;52.75;119.5625;NaN;NaN;NaN;NaN;NaN;NaN;NaN;NaN;NaN
;ServiceLog;Stanislav;1435586151216;Raw;0.0784532;4.4718323;9.492837;265.375;-24.828125;0.8125;39.1875;52.8125;118.875;NaN;NaN;NaN;NaN;NaN;NaN;NaN;NaN;NaN
;ServiceLog;Stanislav;1435586152232;Raw;0.1569064;4.589512;9.335931;264.375;-25.78125;0.359375;36.0625;50.375;118.125;NaN;NaN;NaN;NaN;NaN;NaN;NaN;NaN;NaN
;ServiceLog;Stanislav;1435586153242;Raw;1.2552512;4.3149257;9.5320635;259.4375;-24.15625;6.84375;36.5;46.5625;115.125;NaN;NaN;NaN;NaN;NaN;NaN;NaN;NaN;NaN
;ServiceLog;Stanislav;1435586154260;Raw;0.588399;4.589512;9.414384;255.53125;-25.875;3.1875;37.0625;45.0;112.625;NaN;NaN;NaN;NaN;NaN;NaN;NaN;NaN;NaN
;ServiceLog;Stanislav;1435586155268;Raw;0.5099458;4.393379;9.414384;255.0;-24.953125;2.765625;34.25;43.3125;110.0625;NaN;NaN;NaN;NaN;NaN;NaN;NaN;NaN;NaN
;ServiceLog;Stanislav;1435586156285;Raw;0.6276256;4.393379;9.492837;254.39063;-25.203125;2.75;34.875;42.3125;109.875;NaN;NaN;NaN;NaN;NaN;NaN;NaN;NaN;NaN
;ServiceLog;Stanislav;1435586157296;Raw;0.6668522;4.3149257;9.57129;254.73438;-24.21875;3.828125;35.125;42.1875;108.75;NaN;NaN;NaN;NaN;NaN;NaN;NaN;NaN;NaN
;ServiceLog;Stanislav;1435586158313;Raw;1.176798;4.0403395;9.610517;255.3125;-22.515625;6.21875;35.375;41.5625;108.0;NaN;NaN;NaN;NaN;NaN;NaN;NaN;NaN;NaN
;ServiceLog;Stanislav;1435586159324;Raw;0.3138128;4.4326057;9.492837;254.98438;-25.015625;1.703125;33.25;38.6875;109.625;NaN;NaN;NaN;NaN;NaN;NaN;NaN;NaN;NaN
;ServiceLog;Stanislav;1435586160338;Raw;0.78453195;4.197246;9.68897;249.10938;-23.359375;4.203125;32.4375;42.1875;108.875;NaN;NaN;NaN;NaN;NaN;NaN;NaN;NaN;NaN
;ServiceLog;Stanislav;1435586161347;Raw;0.8237586;4.2364726;9.414384;252.65625;-23.90625;4.03125;31.25;42.0625;109.0;NaN;NaN;NaN;NaN;NaN;NaN;NaN;NaN;NaN
;ServiceLog;Stanislav;1435586162365;Raw;0.8237586;4.2364726;9.492837;252.8125;-23.96875;4.234375;31.5625;42.375;109.25;NaN;NaN;NaN;NaN;NaN;NaN;NaN;NaN;NaN
;ServiceLog;Stanislav;1435586163374;Raw;0.6668522;4.275699;9.57129;253.71875;-23.8125;4.03125;31.375;41.5625;109.375;NaN;NaN;NaN;NaN;NaN;NaN;NaN;NaN;NaN
;ServiceLog;Stanislav;1435586164391;Raw;0.78453195;4.3541527;9.649743;253.65625;-24.265625;4.65625;31.875;41.5625;109.6875;NaN;NaN;NaN;NaN;NaN;NaN;NaN;NaN;NaN
;ServiceLog;Stanislav;1435586165402;Raw;0.78453195;4.3149257;9.375157;253.0;-23.6875;4.421875;31.25;41.375;110.8125;NaN;NaN;NaN;NaN;NaN;NaN;NaN;NaN;NaN
;ServiceLog;Stanislav;1435586166418;Raw;0.74530536;4.393379;9.57129;252.76563;-23.140625;3.8125;31.9375;41.875;111.75;NaN;NaN;NaN;NaN;NaN;NaN;NaN;NaN;NaN
;ServiceLog;Stanislav;1435586167431;Raw;0.70607877;4.2364726;9.610517;252.3125;-23.65625;3.78125;31.8125;41.25;112.0;NaN;NaN;NaN;NaN;NaN;NaN;NaN;NaN;NaN
;ServiceLog;Stanislav;1435586168452;Raw;0.8237586;4.275699;9.5320635;251.90625;-24.375;4.0;31.75;41.5;111.9375;NaN;NaN;NaN;NaN;NaN;NaN;NaN;NaN;NaN
;ServiceLog;Stanislav;1435586169462;Raw;0.8237586;4.197246;9.610517;251.59375;-23.078125;4.28125;31.8125;41.375;111.75;NaN;NaN;NaN;NaN;NaN;NaN;NaN;NaN;NaN
;ServiceLog;Stanislav;1435586170475;Raw;0.78453195;4.0403395;9.57129;251.71875;-22.8125;4.28125;31.5625;40.4375;111.625;NaN;NaN;NaN;NaN;NaN;NaN;NaN;NaN;NaN
;ServiceLog;Stanislav;1435586171482;Raw;0.8237586;4.1580195;9.492837;251.07813;-23.59375;4.515625;31.875;40.5625;111.875;NaN;NaN;NaN;NaN;NaN;NaN;NaN;NaN;NaN
;ServiceLog;Stanislav;1435586172525;Raw;0.8237586;4.118793;9.728196;250.60938;-22.84375;4.421875;30.75;40.1875;112.8125;NaN;NaN;NaN;NaN;NaN;NaN;NaN;NaN;NaN
;ServiceLog;Stanislav;1435586173533;Raw;0.6668522;4.0795665;9.649743;250.32813;-23.71875;3.8125;31.0;38.5625;114.1875;NaN;NaN;NaN;NaN;NaN;NaN;NaN;NaN;NaN
;ServiceLog;Stanislav;1435586174547;Raw;0.74530536;3.9226599;9.45361;249.65625;-22.953125;4.234375;31.0;37.875;113.0625;NaN;NaN;NaN;NaN;NaN;NaN;NaN;NaN;NaN
;ServiceLog;Stanislav;1435586175562;Raw;0.8237586;4.001113;9.610517;249.45313;-22.515625;4.25;31.3125;37.8125;113.375;NaN;NaN;NaN;NaN;NaN;NaN;NaN;NaN;NaN
;ServiceLog;Stanislav;1435586176581;Raw;0.8237586;4.118793;9.767424;249.29688;-22.421875;4.25;31.6875;38.6875;114.6875;NaN;NaN;NaN;NaN;NaN;NaN;NaN;NaN;NaN
;ServiceLog;Stanislav;1435586177593;Raw;0.8629852;3.9618864;9.610517;249.4375;-23.109375;4.703125;32.5;37.625;113.375;NaN;NaN;NaN;NaN;NaN;NaN;NaN;NaN;NaN
;ServiceLog;Stanislav;1435586178613;Raw;0.78453195;3.8834333;9.492837;249.03125;-22.09375;4.734375;31.875;37.875;112.625;NaN;NaN;NaN;NaN;NaN;NaN;NaN;NaN;NaN
;ServiceLog;Stanislav;1435586179624;Raw;0.8237586;4.001113;9.68897;249.1875;-22.578125;4.515625;31.5625;37.625;111.75;NaN;NaN;NaN;NaN;NaN;NaN;NaN;NaN;NaN
;ServiceLog;Stanislav;1435586180641;Raw;0.70607877;4.001113;9.5320635;249.10938;-22.515625;3.609375;31.0;37.25;111.875;NaN;NaN;NaN;NaN;NaN;NaN;NaN;NaN;NaN
;ServiceLog;Stanislav;1435586181649;Raw;0.6668522;3.8834333;9.649743;249.64063;-21.875;3.609375;31.125;37.375;112.1875;NaN;NaN;NaN;NaN;NaN;NaN;NaN;NaN;NaN
;ServiceLog;Stanislav;1435586182666;Raw;0.78453195;3.8834333;9.649743;249.39063;-21.859375;4.28125;30.5;37.3125;113.9375;NaN;NaN;NaN;NaN;NaN;NaN;NaN;NaN;NaN
;ServiceLog;Stanislav;1435586183676;Raw;0.70607877;4.0795665;9.57129;248.90625;-23.015625;3.828125;31.3125;37.75;114.0625;NaN;NaN;NaN;NaN;NaN;NaN;NaN;NaN;NaN
;ServiceLog;Stanislav;1435586184689;Raw;0.8629852;4.0795665;9.5320635;248.28125;-22.78125;4.734375;30.875;37.5625;113.5625;NaN;NaN;NaN;NaN;NaN;NaN;NaN;NaN;NaN
;ServiceLog;Stanislav;1435586185705;Raw;0.78453195;3.8442068;9.649743;247.95313;-22.53125;4.453125;32.0;37.25;113.625;NaN;NaN;NaN;NaN;NaN;NaN;NaN;NaN;NaN
;ServiceLog;Stanislav;1435586186721;Raw;0.74530536;3.9226599;9.649743;247.4375;-23.09375;3.75;31.6875;37.0;114.375;NaN;NaN;NaN;NaN;NaN;NaN;NaN;NaN;NaN
;ServiceLog;Stanislav;1435586187729;Raw;0.74530536;3.9618864;9.728196;247.03125;-22.015625;4.453125;32.5625;36.25;114.1875;NaN;NaN;NaN;NaN;NaN;NaN;NaN;NaN;NaN
;ServiceLog;Stanislav;1435586188748;Raw;0.74530536;4.001113;9.57129;246.84375;-22.609375;4.0625;32.625;36.6875;114.1875;NaN;NaN;NaN;NaN;NaN;NaN;NaN;NaN;NaN
;ServiceLog;Stanislav;1435586189758;Raw;0.6668522;3.9226599;9.649743;246.75;-21.703125;4.453125;32.5625;36.5;114.0;NaN;NaN;NaN;NaN;NaN;NaN;NaN;NaN;NaN
;ServiceLog;Stanislav;1435586190786;Raw;0.6668522;3.9226599;9.767424;247.03125;-22.453125;4.234375;33.0;36.8125;113.375;NaN;NaN;NaN;NaN;NaN;NaN;NaN;NaN;NaN
;ServiceLog;Stanislav;1435586191795;Raw;0.8237586;3.9226599;9.767424;247.35938;-21.984375;4.703125;32.3125;36.875;113.9375;NaN;NaN;NaN;NaN;NaN;NaN;NaN;NaN;NaN
;ServiceLog;Stanislav;1435586192815;Raw;0.6276256;4.001113;9.5320635;247.79688;-22.328125;3.609375;32.6875;36.9375;113.6875;NaN;NaN;NaN;NaN;NaN;NaN;NaN;NaN;NaN
;ServiceLog;Stanislav;1435586193826;Raw;0.6668522;3.9618864;9.728196;247.96875;-22.234375;4.234375;32.5;36.75;113.875;NaN;NaN;NaN;NaN;NaN;NaN;NaN;NaN;NaN
;ServiceLog;Stanislav;1435586194844;Raw;0.70607877;4.0403395;9.68897;248.28125;-22.609375;4.703125;32.4375;37.4375;113.0;NaN;NaN;NaN;NaN;NaN;NaN;NaN;NaN;NaN
;ServiceLog;Stanislav;1435586195857;Raw;0.78453195;4.001113;9.728196;249.15625;-21.90625;4.25;32.5625;37.0;112.1875;NaN;NaN;NaN;NaN;NaN;NaN;NaN;NaN;NaN
;ServiceLog;Stanislav;1435586196881;Raw;0.74530536;3.9618864;9.57129;249.625;-22.390625;4.0625;32.8125;36.25;108.9375;NaN;NaN;NaN;NaN;NaN;NaN;NaN;NaN;NaN
;ServiceLog;Stanislav;1435586197892;Raw;0.6668522;3.8442068;9.649743;250.4375;-21.78125;3.015625;30.5625;33.4375;104.0;NaN;NaN;NaN;NaN;NaN;NaN;NaN;NaN;NaN
;ServiceLog;Stanislav;1435586198908;Raw;0.6276256;3.80498;9.68897;254.79688;-22.203125;2.796875;30.625;34.0625;102.4375;NaN;NaN;NaN;NaN;NaN;NaN;NaN;NaN;NaN
;ServiceLog;Stanislav;1435586199923;Raw;0.70607877;3.8834333;9.649743;253.76563;-22.65625;4.421875;30.6875;33.875;102.0625;NaN;NaN;NaN;NaN;NaN;NaN;NaN;NaN;NaN
;ServiceLog;Stanislav;1435586200945;Raw;0.6668522;3.9618864;9.5320635;253.34375;-22.484375;3.640625;31.625;35.25;101.9375;NaN;NaN;NaN;NaN;NaN;NaN;NaN;NaN;NaN
;ServiceLog;Stanislav;1435586201956;Raw;0.6668522;3.9618864;9.5320635;254.29688;-22.484375;3.640625;31.875;35.5625;96.625;NaN;NaN;NaN;NaN;NaN;NaN;NaN;NaN;NaN
;ServiceLog;Stanislav;1435586202971;Raw;0.70607877;4.0795665;9.68897;258.67188;-22.6875;3.5625;31.5;36.0;94.125;NaN;NaN;NaN;NaN;NaN;NaN;NaN;NaN;NaN
;ServiceLog;Stanislav;1435586203979;Raw;0.8237586;4.1580195;9.57129;259.59375;-23.140625;4.65625;32.0;36.5;94.0;NaN;NaN;NaN;NaN;NaN;NaN;NaN;NaN;NaN
;ServiceLog;Stanislav;1435586204995;Raw;0.9022118;3.9226599;9.57129;260.14063;-23.59375;4.921875;31.3125;35.6875;92.6875;NaN;NaN;NaN;NaN;NaN;NaN;NaN;NaN;NaN
;ServiceLog;Stanislav;1435586206011;Raw;1.0591182;4.118793;9.610517;263.23438;-23.015625;3.828125;31.875;37.5;90.6875;NaN;NaN;NaN;NaN;NaN;NaN;NaN;NaN;NaN
;ServiceLog;Stanislav;1435586207027;Raw;1.2552512;3.9618864;9.767424;267.71875;-21.328125;6.359375;31.6875;36.8125;91.4375;NaN;NaN;NaN;NaN;NaN;NaN;NaN;NaN;NaN
;ServiceLog;Stanislav;1435586208042;Raw;1.2552512;3.80498;9.57129;267.21875;-21.75;6.875;30.125;35.8125;92.0625;NaN;NaN;NaN;NaN;NaN;NaN;NaN;NaN;NaN
;ServiceLog;Stanislav;1435586209061;Raw;1.372931;3.8442068;9.649743;261.5;-22.65625;6.953125;30.8125;34.6875;92.625;NaN;NaN;NaN;NaN;NaN;NaN;NaN;NaN;NaN
;ServiceLog;Stanislav;1435586210073;Raw;1.4906107;4.001113;9.139797;254.25;-23.3125;8.46875;31.5;34.1875;93.875;NaN;NaN;NaN;NaN;NaN;NaN;NaN;NaN;NaN
;ServiceLog;Stanislav;1435586211093;Raw;1.176798;3.8834333;9.45361;251.92188;-22.453125;7.40625;30.8125;32.5625;93.9375;NaN;NaN;NaN;NaN;NaN;NaN;NaN;NaN;NaN
;ServiceLog;Stanislav;1435586212108;Raw;1.4513842;3.6873002;9.80665;248.625;-20.46875;8.5625;29.6875;28.625;93.4375;NaN;NaN;NaN;NaN;NaN;NaN;NaN;NaN;NaN
;ServiceLog;Stanislav;1435586213124;Raw;1.4121575;3.7657535;9.728196;238.90625;-21.328125;8.625;28.25;26.9375;94.125;NaN;NaN;NaN;NaN;NaN;NaN;NaN;NaN;NaN
;ServiceLog;Stanislav;1435586214132;Raw;1.6475172;3.8834333;10.316595;230.0;-20.140625;7.71875;27.375;24.1875;92.75;NaN;NaN;NaN;NaN;NaN;NaN;NaN;NaN;NaN
;ServiceLog;Stanislav;1435586215148;Raw;1.6082906;3.7657535;9.728196;226.8125;-21.125;8.0;28.375;22.625;92.375;NaN;NaN;NaN;NaN;NaN;NaN;NaN;NaN;NaN
;ServiceLog;Stanislav;1435586216163;Raw;1.5298374;3.6088471;9.57129;233.3125;-20.75;8.59375;28.8125;25.0;91.25;NaN;NaN;NaN;NaN;NaN;NaN;NaN;NaN;NaN
;ServiceLog;Stanislav;1435586217182;Raw;1.7259704;3.5696206;9.885103;249.23438;-19.59375;9.265625;29.375;29.375;92.0625;NaN;NaN;NaN;NaN;NaN;NaN;NaN;NaN;NaN
;ServiceLog;Stanislav;1435586218196;Raw;1.6082906;3.4911673;9.728196;236.57813;-21.0625;8.34375;25.1875;22.875;90.0;NaN;NaN;NaN;NaN;NaN;NaN;NaN;NaN;NaN
;ServiceLog;Stanislav;1435586219225;Raw;1.5690639;3.5303938;9.92433;212.04688;-20.59375;9.78125;23.3125;25.4375;95.625;NaN;NaN;NaN;NaN;NaN;NaN;NaN;NaN;NaN
;ServiceLog;Stanislav;1435586220235;Raw;0.98066497;4.118793;8.669079;240.45313;-24.546875;6.8125;27.1875;32.0625;84.0625;NaN;NaN;NaN;NaN;NaN;NaN;NaN;NaN;NaN
;ServiceLog;Stanislav;1435586221254;Raw;0.6668522;5.3348174;8.943665;251.57813;-30.421875;2.75;30.1875;39.9375;80.1875;NaN;NaN;NaN;NaN;NaN;NaN;NaN;NaN;NaN
;ServiceLog;Stanislav;1435586222264;Raw;0.74530536;5.8055367;8.8652115;242.57813;-33.515625;2.96875;24.4375;43.875;80.875;NaN;NaN;NaN;NaN;NaN;NaN;NaN;NaN;NaN
;ServiceLog;Stanislav;1435586223280;Raw;1.372931;4.864098;7.335374;262.67188;-33.125;8.796875;27.3125;50.4375;79.5625;NaN;NaN;NaN;NaN;NaN;NaN;NaN;NaN;NaN
;ServiceLog;Stanislav;1435586224312;Raw;-0.2353596;-1.6082906;8.982891;305.0;10.15625;-1.453125;41.25;24.0;63.5625;NaN;NaN;NaN;NaN;NaN;NaN;NaN;NaN;NaN
;ServiceLog;Stanislav;1435586225329;Raw;0.3138128;-1.8828768;10.434276;304.57813;10.203125;1.671875;49.125;20.0;54.8125;NaN;NaN;NaN;NaN;NaN;NaN;NaN;NaN;NaN
;ServiceLog;Stanislav;1435586226342;Raw;0.3138128;-1.4906107;10.473502;298.17188;8.078125;1.703125;72.25;25.3125;83.4375;NaN;NaN;NaN;NaN;NaN;NaN;NaN;NaN;NaN
;ServiceLog;Stanislav;1435586227365;Raw;0.74530536;-2.4712758;10.355823;319.57813;13.359375;3.953125;87.75;66.5625;195.8125;NaN;NaN;NaN;NaN;NaN;NaN;NaN;NaN;NaN
;ServiceLog;Stanislav;1435586228378;Raw;1.6867437;-3.2950344;9.885103;277.01563;18.140625;9.15625;48.625;-47.8125;126.875;NaN;NaN;NaN;NaN;NaN;NaN;NaN;NaN;NaN
;ServiceLog;Stanislav;1435586229395;Raw;2.1966896;-2.3928225;10.042009;63.65625;13.0625;12.0;11.875;-2.3125;104.3125;NaN;NaN;NaN;NaN;NaN;NaN;NaN;NaN;NaN
;ServiceLog;Stanislav;1435586230406;Raw;2.5889556;-2.4712758;9.963556;320.23438;14.90625;15.609375;70.3125;32.4375;55.75;NaN;NaN;NaN;NaN;NaN;NaN;NaN;NaN;NaN
;ServiceLog;Stanislav;1435586231424;Raw;2.3143694;-2.4712758;9.80665;304.59375;15.71875;10.890625;43.75;5.1875;50.5625;NaN;NaN;NaN;NaN;NaN;NaN;NaN;NaN;NaN
;ServiceLog;Stanislav;1435586232436;Raw;2.3928225;-2.353596;9.885103;293.76563;13.265625;13.03125;46.0;0.0;46.5;NaN;NaN;NaN;NaN;NaN;NaN;NaN;NaN;NaN
;ServiceLog;Stanislav;1435586233454;Raw;2.4712758;-2.2359161;10.1989155;284.0;13.375;12.3125;42.9375;-5.5;48.5625;NaN;NaN;NaN;NaN;NaN;NaN;NaN;NaN;NaN
;ServiceLog;Stanislav;1435586234465;Raw;2.3928225;-2.2359161;9.885103;282.84375;11.625;12.34375;42.0;-5.875;51.6875;NaN;NaN;NaN;NaN;NaN;NaN;NaN;NaN;NaN
;ServiceLog;Stanislav;1435586235484;Raw;2.353596;-2.2359161;10.120462;284.125;12.140625;12.75;49.375;-2.8125;62.5625;NaN;NaN;NaN;NaN;NaN;NaN;NaN;NaN;NaN
;ServiceLog;Stanislav;1435586236497;Raw;1.8044236;-2.1966896;10.316595;285.34375;11.828125;9.671875;52.9375;-5.375;84.875;NaN;NaN;NaN;NaN;NaN;NaN;NaN;NaN;NaN
;ServiceLog;Stanislav;1435586237513;Raw;1.4121575;-1.6867437;10.081236;284.625;9.359375;7.828125;51.875;-10.125;98.375;NaN;NaN;NaN;NaN;NaN;NaN;NaN;NaN;NaN
;ServiceLog;Stanislav;1435586238525;Raw;1.5298374;-1.6082906;10.120462;308.51563;8.9375;8.484375;26.875;17.75;22.5;NaN;NaN;NaN;NaN;NaN;NaN;NaN;NaN;NaN
;ServiceLog;Stanislav;1435586239542;Raw;1.6082906;-1.5298374;10.159689;310.0;8.453125;8.90625;25.0625;17.75;19.75;NaN;NaN;NaN;NaN;NaN;NaN;NaN;NaN;NaN
;ServiceLog;Stanislav;1435586240555;Raw;1.4121575;-1.9221034;9.963556;310.85938;10.8125;7.890625;24.5;19.3125;14.125;NaN;NaN;NaN;NaN;NaN;NaN;NaN;NaN;NaN
;ServiceLog;Stanislav;1435586241582;Raw;1.4513842;-1.8828768;10.473502;311.8125;10.09375;7.75;24.6875;20.25;13.375;NaN;NaN;NaN;NaN;NaN;NaN;NaN;NaN;NaN
;ServiceLog;Stanislav;1435586242594;Raw;1.3337044;-1.8436501;10.277369;312.59375;9.953125;8.171875;26.5625;23.25;11.0;NaN;NaN;NaN;NaN;NaN;NaN;NaN;NaN;NaN
;ServiceLog;Stanislav;1435586243617;Raw;1.372931;-1.6867437;10.042009;312.95313;9.890625;6.875;24.875;20.125;9.8125;NaN;NaN;NaN;NaN;NaN;NaN;NaN;NaN;NaN
;ServiceLog;Stanislav;1435586244635;Raw;1.5690639;-1.5690639;10.238142;312.21875;10.296875;8.734375;22.6875;16.875;11.25;NaN;NaN;NaN;NaN;NaN;NaN;NaN;NaN;NaN
;ServiceLog;Stanislav;1435586245656;Raw;1.5298374;-1.8828768;10.355823;312.90625;7.96875;8.421875;27.8125;20.875;18.125;NaN;NaN;NaN;NaN;NaN;NaN;NaN;NaN;NaN
;ServiceLog;Stanislav;1435586246673;Raw;1.0198916;-2.432049;10.081236;313.6875;13.46875;5.546875;25.125;26.0;8.4375;NaN;NaN;NaN;NaN;NaN;NaN;NaN;NaN;NaN
;ServiceLog;Stanislav;1435586247698;Raw;1.5298374;-2.7066352;9.92433;314.35938;15.046875;8.453125;29.8125;22.6875;10.1875;NaN;NaN;NaN;NaN;NaN;NaN;NaN;NaN;NaN
;ServiceLog;Stanislav;1435586248715;Raw;1.4906107;-1.4513842;10.277369;313.21875;7.90625;8.140625;32.5625;26.0625;10.125;NaN;NaN;NaN;NaN;NaN;NaN;NaN;NaN;NaN
;ServiceLog;Stanislav;1435586249736;Raw;1.5690639;-1.8044236;9.963556;312.90625;10.125;8.78125;34.4375;29.5625;8.3125;NaN;NaN;NaN;NaN;NaN;NaN;NaN;NaN;NaN
;ServiceLog;Stanislav;1435586250753;Raw;1.4906107;-1.6475172;10.395049;312.98438;8.84375;8.03125;37.8125;33.625;7.875;NaN;NaN;NaN;NaN;NaN;NaN;NaN;NaN;NaN
;ServiceLog;Stanislav;1435586251773;Raw;1.176798;-1.7651969;10.1989155;313.21875;9.734375;6.484375;39.5625;35.5625;10.3125;NaN;NaN;NaN;NaN;NaN;NaN;NaN;NaN;NaN
;ServiceLog;Stanislav;1435586252790;Raw;1.4513842;-1.2160245;10.002783;313.48438;6.84375;8.171875;41.625;38.6875;11.375;NaN;NaN;NaN;NaN;NaN;NaN;NaN;NaN;NaN
;ServiceLog;Stanislav;1435586253811;Raw;1.4906107;-1.6082906;10.434276;314.125;10.265625;6.59375;43.5625;42.25;12.0625;NaN;NaN;NaN;NaN;NaN;NaN;NaN;NaN;NaN
;ServiceLog;Stanislav;1435586254830;Raw;1.2160245;-2.0790098;10.277369;314.95313;9.109375;7.09375;43.5;43.5;13.5625;NaN;NaN;NaN;NaN;NaN;NaN;NaN;NaN;NaN
;ServiceLog;Stanislav;1435586255853;Raw;1.176798;-2.0005565;10.591182;315.59375;8.3125;8.53125;41.9375;41.125;13.75;NaN;NaN;NaN;NaN;NaN;NaN;NaN;NaN;NaN
;ServiceLog;Stanislav;1435586256871;Raw;1.4513842;-1.6867437;10.277369;316.10938;9.1875;7.890625;39.5625;37.5;18.1875;NaN;NaN;NaN;NaN;NaN;NaN;NaN;NaN;NaN
;ServiceLog;Stanislav;1435586257893;Raw;1.3337044;-2.0005565;10.081236;316.65625;11.0625;7.328125;38.3125;37.3125;20.0;NaN;NaN;NaN;NaN;NaN;NaN;NaN;NaN;NaN
;ServiceLog;Stanislav;1435586258910;Raw;1.4121575;-2.2359161;10.551955;317.10938;11.859375;7.40625;38.5625;37.75;20.125;NaN;NaN;NaN;NaN;NaN;NaN;NaN;NaN;NaN
;ServiceLog;Stanislav;1435586259936;Raw;1.0983448;-1.0198916;10.1989155;317.45313;5.609375;6.078125;38.3125;35.6875;21.6875;NaN;NaN;NaN;NaN;NaN;NaN;NaN;NaN;NaN
;ServiceLog;Stanislav;1435586260955;Raw;0.98066497;-2.353596;10.355823;317.59375;12.6875;5.203125;35.0;35.625;17.1875;NaN;NaN;NaN;NaN;NaN;NaN;NaN;NaN;NaN
;ServiceLog;Stanislav;1435586261966;Raw;1.176798;-1.9613299;10.120462;317.8125;10.828125;6.484375;35.4375;33.0;19.375;NaN;NaN;NaN;NaN;NaN;NaN;NaN;NaN;NaN
;ServiceLog;Stanislav;1435586262973;Raw;1.5690639;-1.0591182;10.355823;317.70313;5.71875;8.5625;29.6875;28.875;17.0625;NaN;NaN;NaN;NaN;NaN;NaN;NaN;NaN;NaN
;ServiceLog;Stanislav;1435586263985;Raw;1.6867437;-1.4121575;10.395049;313.57813;7.609375;9.078125;21.1875;12.375;24.1875;NaN;NaN;NaN;NaN;NaN;NaN;NaN;NaN;NaN
;ServiceLog;Stanislav;1435586264991;Raw;1.176798;-1.6082906;10.277369;313.82813;8.84375;6.421875;23.4375;17.375;20.3125;NaN;NaN;NaN;NaN;NaN;NaN;NaN;NaN;NaN
;ServiceLog;Stanislav;1435586266012;Raw;1.5690639;-1.0198916;10.120462;313.64063;5.34375;6.90625;23.25;17.9375;18.3125;NaN;NaN;NaN;NaN;NaN;NaN;NaN;NaN;NaN
;ServiceLog;Stanislav;1435586267021;Raw;0.9022118;-1.2160245;10.277369;314.14063;7.46875;8.109375;22.875;17.875;18.625;NaN;NaN;NaN;NaN;NaN;NaN;NaN;NaN;NaN
;ServiceLog;Stanislav;1435586268032;Raw;1.1375713;-0.70607877;10.591182;314.32813;8.03125;8.9375;21.9375;17.6875;18.6875;NaN;NaN;NaN;NaN;NaN;NaN;NaN;NaN;NaN
;ServiceLog;Stanislav;1435586269041;Raw;1.6082906;-1.2160245;11.022675;314.6875;3.1875;5.484375;20.875;17.5625;17.5;NaN;NaN;NaN;NaN;NaN;NaN;NaN;NaN;NaN
;ServiceLog;Stanislav;1435586270053;Raw;2.1574628;0.0392266;10.591182;314.79688;6.625;7.640625;22.5625;17.0;19.5625;NaN;NaN;NaN;NaN;NaN;NaN;NaN;NaN;NaN
;ServiceLog;Stanislav;1435586271060;Raw;1.9613299;-0.78453195;10.081236;314.34375;-2.6875;14.046875;25.6875;21.3125;18.25;NaN;NaN;NaN;NaN;NaN;NaN;NaN;NaN;NaN
;ServiceLog;Stanislav;1435586272074;Raw;2.0005565;-0.1569064;10.434276;315.71875;2.09375;12.34375;23.625;22.875;19.0;NaN;NaN;NaN;NaN;NaN;NaN;NaN;NaN;NaN
;ServiceLog;Stanislav;1435586273082;Raw;2.3143694;-0.0392266;10.277369;316.28125;4.203125;10.8125;23.5;18.6875;19.875;NaN;NaN;NaN;NaN;NaN;NaN;NaN;NaN;NaN
;ServiceLog;Stanislav;1435586274094;Raw;2.353596;0.0784532;10.238142;316.29688;4.03125;12.0625;20.375;16.875;16.0;NaN;NaN;NaN;NaN;NaN;NaN;NaN;NaN;NaN
;ServiceLog;Stanislav;1435586275101;Raw;2.6674087;0.0784532;10.042009;316.84375;-0.359375;14.828125;22.75;19.0;19.0625;NaN;NaN;NaN;NaN;NaN;NaN;NaN;NaN;NaN
;ServiceLog;Stanislav;1435586276113;Raw;1.8044236;-0.6668522;9.885103;317.0;3.71875;10.296875;21.1875;17.0;19.5;NaN;NaN;NaN;NaN;NaN;NaN;NaN;NaN;NaN
;ServiceLog;Stanislav;1435586277121;Raw;2.2751427;-0.588399;10.042009;317.0;3.25;12.75;22.625;19.8125;18.5;NaN;NaN;NaN;NaN;NaN;NaN;NaN;NaN;NaN
;ServiceLog;Stanislav;1435586278133;Raw;2.1574628;-0.5491724;10.395049;316.90625;2.9375;11.6875;22.375;17.4375;18.0;NaN;NaN;NaN;NaN;NaN;NaN;NaN;NaN;NaN
;ServiceLog;Stanislav;1435586279141;Raw;2.745862;0.2353596;10.826541;316.84375;-1.171875;14.1875;23.75;22.125;18.5;NaN;NaN;NaN;NaN;NaN;NaN;NaN;NaN;NaN
;ServiceLog;Stanislav;1435586280152;Raw;1.9221034;-1.1375713;10.395049;311.04688;6.109375;10.40625;30.5;15.5;23.6875;NaN;NaN;NaN;NaN;NaN;NaN;NaN;NaN;NaN
;ServiceLog;Stanislav;1435586281160;Raw;1.4121575;-0.39226598;10.434276;304.34375;2.0625;7.65625;17.75;9.8125;33.875;NaN;NaN;NaN;NaN;NaN;NaN;NaN;NaN;NaN
;ServiceLog;Stanislav;1435586282173;Raw;2.432049;-0.70607877;9.963556;315.39063;3.890625;13.640625;19.75;10.375;34.75;NaN;NaN;NaN;NaN;NaN;NaN;NaN;NaN;NaN
;ServiceLog;Stanislav;1435586283181;Raw;1.4121575;-1.6867437;9.845877;315.20313;9.59375;8.0;16.0625;4.5625;36.375;NaN;NaN;NaN;NaN;NaN;NaN;NaN;NaN;NaN
;ServiceLog;Stanislav;1435586284193;Raw;2.1574628;-0.588399;10.708861;309.57813;3.078125;11.34375;16.1875;3.5625;41.0;NaN;NaN;NaN;NaN;NaN;NaN;NaN;NaN;NaN
;ServiceLog;Stanislav;1435586285201;Raw;2.5497289;-0.2353596;10.434276;313.26563;1.234375;13.734375;16.6875;4.25;41.3125;NaN;NaN;NaN;NaN;NaN;NaN;NaN;NaN;NaN
;ServiceLog;Stanislav;1435586286212;Raw;2.2751427;-0.4707192;10.512729;313.1875;5.828125;10.890625;18.9375;8.625;26.5625;NaN;NaN;NaN;NaN;NaN;NaN;NaN;NaN;NaN
;ServiceLog;Stanislav;1435586287221;Raw;1.8436501;-0.6276256;10.395049;313.28125;3.25;13.296875;23.6875;17.875;22.5;NaN;NaN;NaN;NaN;NaN;NaN;NaN;NaN;NaN
;ServiceLog;Stanislav;1435586288233;Raw;2.353596;-0.39226598;10.002783;314.07813;3.21875;11.234375;29.6875;25.25;21.5;NaN;NaN;NaN;NaN;NaN;NaN;NaN;NaN;NaN
;ServiceLog;Stanislav;1435586289240;Raw;2.1574628;-1.2160245;10.355823;314.90625;-0.140625;15.171875;28.1875;23.4375;20.6875;NaN;NaN;NaN;NaN;NaN;NaN;NaN;NaN;NaN
;ServiceLog;Stanislav;1435586290254;Raw;2.0005565;-0.70607877;9.92433;315.64063;6.671875;13.203125;27.25;22.4375;20.625;NaN;NaN;NaN;NaN;NaN;NaN;NaN;NaN;NaN
;ServiceLog;Stanislav;1435586291261;Raw;2.6674087;-0.1569064;10.081236;315.82813;6.28125;11.8125;28.3125;23.1875;18.3125;NaN;NaN;NaN;NaN;NaN;NaN;NaN;NaN;NaN
;ServiceLog;Stanislav;1435586292273;Raw;2.0397832;-0.0;10.277369;316.07813;0.8125;13.15625;27.875;24.125;16.4375;NaN;NaN;NaN;NaN;NaN;NaN;NaN;NaN;NaN
;ServiceLog;Stanislav;1435586293329;Raw;2.3143694;-0.19613299;10.277369;316.20313;1.03125;12.640625;30.625;25.375;21.9375;NaN;NaN;NaN;NaN;NaN;NaN;NaN;NaN;NaN
;ServiceLog;Stanislav;1435586294340;Raw;2.0790098;-0.98066497;10.473502;316.4375;5.1875;11.140625;30.875;26.0625;22.6875;NaN;NaN;NaN;NaN;NaN;NaN;NaN;NaN;NaN
;ServiceLog;Stanislav;1435586295348;Raw;2.2751427;0.0392266;10.159689;316.4375;-0.140625;12.640625;30.5625;24.1875;23.625;NaN;NaN;NaN;NaN;NaN;NaN;NaN;NaN;NaN
;ServiceLog;Stanislav;1435586296360;Raw;2.4712758;-0.35303938;10.591182;316.35938;1.796875;13.09375;28.5;26.125;21.9375;NaN;NaN;NaN;NaN;NaN;NaN;NaN;NaN;NaN
;ServiceLog;Stanislav;1435586297368;Raw;2.6281822;-0.3138128;10.551955;315.98438;1.65625;13.921875;29.0625;20.25;25.8125;NaN;NaN;NaN;NaN;NaN;NaN;NaN;NaN;NaN
;ServiceLog;Stanislav;1435586298380;Raw;1.9613299;-0.74530536;10.238142;315.79688;4.03125;10.75;29.125;23.5;22.4375;NaN;NaN;NaN;NaN;NaN;NaN;NaN;NaN;NaN
;ServiceLog;Stanislav;1435586299387;Raw;2.6281822;0.4314926;9.80665;315.9375;-2.375;14.90625;28.4375;24.0625;23.125;NaN;NaN;NaN;NaN;NaN;NaN;NaN;NaN;NaN
;ServiceLog;Stanislav;1435586300399;Raw;1.7259704;-1.372931;10.316595;316.21875;7.4375;9.359375;29.1875;24.5;23.8125;NaN;NaN;NaN;NaN;NaN;NaN;NaN;NaN;NaN
;ServiceLog;Stanislav;1435586301406;Raw;2.3928225;0.4314926;9.885103;316.5625;3.046875;11.46875;28.625;24.0625;21.75;NaN;NaN;NaN;NaN;NaN;NaN;NaN;NaN;NaN
;ServiceLog;Stanislav;1435586302422;Raw;1.8828768;-0.78453195;10.120462;316.65625;-1.0625;15.0625;26.9375;23.125;22.9375;NaN;NaN;NaN;NaN;NaN;NaN;NaN;NaN;NaN
;ServiceLog;Stanislav;1435586303430;Raw;2.5497289;0.2353596;10.159689;317.01563;3.359375;13.578125;28.4375;25.375;21.1875;NaN;NaN;NaN;NaN;NaN;NaN;NaN;NaN;NaN
;ServiceLog;Stanislav;1435586304443;Raw;2.5889556;-0.588399;10.434276;316.42188;-0.140625;13.53125;29.4375;22.6875;15.9375;NaN;NaN;NaN;NaN;NaN;NaN;NaN;NaN;NaN
;ServiceLog;Stanislav;1435586305450;Raw;2.2359161;-0.5491724;10.434276;316.6875;1.453125;13.984375;26.8125;25.5;13.625;NaN;NaN;NaN;NaN;NaN;NaN;NaN;NaN;NaN
;ServiceLog;Stanislav;1435586306462;Raw;2.3928225;-0.1176798;10.395049;317.04688;1.875;12.578125;28.875;26.875;14.875;NaN;NaN;NaN;NaN;NaN;NaN;NaN;NaN;NaN
;ServiceLog;Stanislav;1435586307470;Raw;2.432049;-0.19613299;10.395049;316.9375;1.65625;13.359375;29.75;29.4375;8.1875;NaN;NaN;NaN;NaN;NaN;NaN;NaN;NaN;NaN
;ServiceLog;Stanislav;1435586308482;Raw;2.3143694;0.1569064;10.042009;317.1875;3.0;11.859375;31.125;29.9375;7.0625;NaN;NaN;NaN;NaN;NaN;NaN;NaN;NaN;NaN
;ServiceLog;Stanislav;1435586309489;Raw;2.0005565;-1.0983448;10.355823;316.95313;-1.734375;14.65625;31.0625;31.9375;2.125;NaN;NaN;NaN;NaN;NaN;NaN;NaN;NaN;NaN
;ServiceLog;Stanislav;1435586310501;Raw;2.2359161;0.1569064;10.434276;316.95313;2.546875;11.203125;28.5;27.625;8.1875;NaN;NaN;NaN;NaN;NaN;NaN;NaN;NaN;NaN
;ServiceLog;Stanislav;1435586311508;Raw;2.1574628;0.4314926;10.434276;317.90625;-0.8125;10.578125;25.5625;29.9375;6.0625;NaN;NaN;NaN;NaN;NaN;NaN;NaN;NaN;NaN
;ServiceLog;Stanislav;1435586312519;Raw;1.8436501;0.9022118;10.1989155;318.67188;-5.65625;10.78125;24.4375;27.875;15.5625;NaN;NaN;NaN;NaN;NaN;NaN;NaN;NaN;NaN
;ServiceLog;Stanislav;1435586313527;Raw;2.0005565;0.5099458;10.395049;319.67188;-2.71875;10.8125;26.375;29.5;16.5625;NaN;NaN;NaN;NaN;NaN;NaN;NaN;NaN;NaN
;ServiceLog;Stanislav;1435586314539;Raw;1.6867437;0.9414384;10.316595;320.21875;-5.15625;9.1875;27.4375;31.8125;15.125;NaN;NaN;NaN;NaN;NaN;NaN;NaN;NaN;NaN
;ServiceLog;Stanislav;1435586315557;Raw;1.5298374;0.5491724;10.277369;321.09375;-2.625;9.640625;25.8125;33.0625;12.0;NaN;NaN;NaN;NaN;NaN;NaN;NaN;NaN;NaN
;ServiceLog;Stanislav;1435586316569;Raw;1.7259704;0.70607877;10.081236;321.59375;-3.890625;9.640625;26.375;30.9375;10.6875;NaN;NaN;NaN;NaN;NaN;NaN;NaN;NaN;NaN
;ServiceLog;Stanislav;1435586317577;Raw;1.8436501;0.35303938;10.120462;321.07813;-2.296875;10.640625;23.8125;25.6875;13.25;NaN;NaN;NaN;NaN;NaN;NaN;NaN;NaN;NaN
;ServiceLog;Stanislav;1435586318590;Raw;1.7651969;0.5491724;10.316595;321.09375;-3.0;9.671875;26.75;30.5625;9.75;NaN;NaN;NaN;NaN;NaN;NaN;NaN;NaN;NaN
;ServiceLog;Stanislav;1435586319597;Raw;1.4513842;0.6276256;10.1989155;321.07813;-3.46875;8.0625;25.0625;29.4375;13.0625;NaN;NaN;NaN;NaN;NaN;NaN;NaN;NaN;NaN
;ServiceLog;Stanislav;1435586320608;Raw;1.5690639;0.74530536;10.120462;321.07813;-4.109375;8.765625;26.375;29.875;12.5;NaN;NaN;NaN;NaN;NaN;NaN;NaN;NaN;NaN
;ServiceLog;Stanislav;1435586321616;Raw;1.6475172;0.8629852;10.669635;321.5625;-4.53125;8.671875;21.6875;28.875;17.125;NaN;NaN;NaN;NaN;NaN;NaN;NaN;NaN;NaN
;ServiceLog;Stanislav;1435586322628;Raw;1.372931;0.74530536;10.120462;322.14063;-4.109375;7.625;26.375;32.125;12.6875;NaN;NaN;NaN;NaN;NaN;NaN;NaN;NaN;NaN
;ServiceLog;Stanislav;1435586323636;Raw;1.6082906;0.6668522;10.434276;321.78125;-3.53125;8.5;27.0;30.625;11.5;NaN;NaN;NaN;NaN;NaN;NaN;NaN;NaN;NaN
;ServiceLog;Stanislav;1435586324648;Raw;1.7651969;0.6668522;10.434276;321.26563;-3.4375;9.703125;26.1875;28.0;17.5625;NaN;NaN;NaN;NaN;NaN;NaN;NaN;NaN;NaN
;ServiceLog;Stanislav;1435586325655;Raw;1.6082906;0.4707192;10.316595;320.71875;-3.25;9.359375;24.5625;25.25;22.75;NaN;NaN;NaN;NaN;NaN;NaN;NaN;NaN;NaN
;ServiceLog;Stanislav;1435586326669;Raw;2.0790098;0.6668522;10.551955;320.125;-4.375;9.46875;28.4375;25.75;29.5625;NaN;NaN;NaN;NaN;NaN;NaN;NaN;NaN;NaN
;ServiceLog;Stanislav;1435586327676;Raw;1.7259704;0.78453195;10.395049;319.1875;-3.75;9.328125;22.0;22.4375;31.3125;NaN;NaN;NaN;NaN;NaN;NaN;NaN;NaN;NaN
;ServiceLog;Stanislav;1435586328688;Raw;1.6475172;0.8629852;10.277369;318.78125;-4.203125;8.84375;27.625;26.375;26.125;NaN;NaN;NaN;NaN;NaN;NaN;NaN;NaN;NaN
;ServiceLog;Stanislav;1435586329696;Raw;1.9221034;0.588399;10.238142;318.875;-3.28125;10.546875;27.4375;27.125;29.9375;NaN;NaN;NaN;NaN;NaN;NaN;NaN;NaN;NaN
;ServiceLog;Stanislav;1435586330711;Raw;1.8436501;0.74530536;10.277369;317.75;-2.96875;10.890625;23.0;18.375;33.125;NaN;NaN;NaN;NaN;NaN;NaN;NaN;NaN;NaN
;ServiceLog;Stanislav;1435586331719;Raw;1.8044236;0.4707192;10.316595;318.17188;-3.0;9.5;26.125;25.625;27.0625;NaN;NaN;NaN;NaN;NaN;NaN;NaN;NaN;NaN
;ServiceLog;Stanislav;1435586332730;Raw;1.9221034;0.5099458;10.159689;319.59375;-2.34375;9.5625;15.3125;15.8125;29.25;NaN;NaN;NaN;NaN;NaN;NaN;NaN;NaN;NaN
;ServiceLog;Stanislav;1435586333738;Raw;1.8044236;0.3138128;10.277369;260.65625;-1.875;9.921875;12.875;0.4375;23.75;NaN;NaN;NaN;NaN;NaN;NaN;NaN;NaN;NaN
;ServiceLog;Stanislav;1435586334752;Raw;0.0784532;1.0591182;12.866324;311.07813;-5.015625;-3.140625;6.0;8.125;11.5;NaN;NaN;NaN;NaN;NaN;NaN;NaN;NaN;NaN
;ServiceLog;Stanislav;1435586335768;Raw;-0.4314926;3.9618864;8.825985;31.640625;-24.09375;-2.484375;-17.3125;31.375;32.4375;NaN;NaN;NaN;NaN;NaN;NaN;NaN;NaN;NaN
;ServiceLog;Stanislav;1435586336798;Raw;2.4712758;2.5497289;9.649743;18.234375;-14.359375;13.875;-1.8125;44.1875;48.0;NaN;NaN;NaN;NaN;NaN;NaN;NaN;NaN;NaN
;ServiceLog;Stanislav;1435586337959;Raw;0.8237586;4.903325;9.139797;349.35938;-28.109375;4.515625;16.125;70.9375;39.25;NaN;NaN;NaN;NaN;NaN;NaN;NaN;NaN;NaN
;ServiceLog;Stanislav;1435586338975;Raw;0.4314926;4.001113;9.767424;344.71875;-22.234375;1.671875;16.75;67.375;39.3125;NaN;NaN;NaN;NaN;NaN;NaN;NaN;NaN;NaN
;ServiceLog;Stanislav;1435586339988;Raw;0.6276256;4.1580195;9.5320635;339.59375;-23.75;3.0;18.125;55.5625;39.125;NaN;NaN;NaN;NaN;NaN;NaN;NaN;NaN;NaN
;ServiceLog;Stanislav;1435586341001;Raw;0.6276256;4.197246;9.728196;339.01563;-23.359375;3.78125;16.4375;51.875;37.0625;NaN;NaN;NaN;NaN;NaN;NaN;NaN;NaN;NaN
;ServiceLog;Stanislav;1435586342008;Raw;0.6668522;4.197246;9.68897;339.34375;-23.75;3.5625;15.1875;53.4375;30.4375;NaN;NaN;NaN;NaN;NaN;NaN;NaN;NaN;NaN
;ServiceLog;Stanislav;1435586343024;Raw;0.4707192;4.275699;9.610517;339.92188;-22.9375;3.015625;15.9375;54.625;30.0;NaN;NaN;NaN;NaN;NaN;NaN;NaN;NaN;NaN
;ServiceLog;Stanislav;1435586344034;Raw;-0.19613299;6.668522;6.825428;332.64063;-44.0;0.640625;12.5;53.0625;29.8125;NaN;NaN;NaN;NaN;NaN;NaN;NaN;NaN;NaN
;ServiceLog;Stanislav;1435586345054;Raw;0.9022118;3.9618864;9.80665;348.78125;-21.8125;7.0625;9.75;54.125;26.1875;NaN;NaN;NaN;NaN;NaN;NaN;NaN;NaN;NaN
;ServiceLog;Stanislav;1435586346068;Raw;3.6873002;0.1569064;10.042009;23.421875;-0.875;19.078125;-7.75;18.75;18.0625;NaN;NaN;NaN;NaN;NaN;NaN;NaN;NaN;NaN
;ServiceLog;Stanislav;1435586347096;Raw;2.824315;2.6674087;9.68897;55.0625;-12.296875;16.5625;-23.4375;17.3125;12.0;NaN;NaN;NaN;NaN;NaN;NaN;NaN;NaN;NaN
;ServiceLog;Stanislav;1435586348122;Raw;1.6475172;3.2558076;10.630408;78.890625;-23.484375;8.953125;-27.9375;11.75;9.875;NaN;NaN;NaN;NaN;NaN;NaN;NaN;NaN;NaN
;ServiceLog;Stanislav;1435586349146;Raw;1.0983448;3.6088471;9.610517;72.59375;-20.40625;6.046875;-22.3125;11.75;6.1875;NaN;NaN;NaN;NaN;NaN;NaN;NaN;NaN;NaN
;ServiceLog;Stanislav;1435586350158;Raw;2.1966896;3.8442068;9.57129;67.59375;-20.1875;13.375;-21.625;13.3125;7.75;NaN;NaN;NaN;NaN;NaN;NaN;NaN;NaN;NaN
;ServiceLog;Stanislav;1435586351176;Raw;2.4712758;4.1580195;9.45361;67.765625;-22.09375;12.84375;-19.75;11.875;10.625;NaN;NaN;NaN;NaN;NaN;NaN;NaN;NaN;NaN
;ServiceLog;Stanislav;1435586352190;Raw;2.941995;5.0210047;8.904438;68.3125;-25.796875;15.171875;-18.4375;14.5625;12.875;NaN;NaN;NaN;NaN;NaN;NaN;NaN;NaN;NaN
;ServiceLog;Stanislav;1435586353209;Raw;2.3928225;4.118793;9.68897;67.8125;-22.40625;12.78125;-23.9375;18.0625;13.3125;NaN;NaN;NaN;NaN;NaN;NaN;NaN;NaN;NaN
;ServiceLog;Stanislav;1435586354224;Raw;1.6082906;4.6679654;6.433162;66.75;-35.109375;11.4375;-39.9375;22.0625;9.0;NaN;NaN;NaN;NaN;NaN;NaN;NaN;NaN;NaN
;ServiceLog;Stanislav;1435586355245;Raw;3.2950344;4.785645;10.551955;66.484375;-25.859375;13.671875;-40.375;20.1875;-0.5;NaN;NaN;NaN;NaN;NaN;NaN;NaN;NaN;NaN
;ServiceLog;Stanislav;1435586356255;Raw;1.7651969;2.432049;7.453054;65.75;-23.390625;14.46875;-26.9375;6.5625;-8.25;NaN;NaN;NaN;NaN;NaN;NaN;NaN;NaN;NaN
;ServiceLog;Stanislav;1435586357272;Raw;3.3734875;2.3928225;8.708305;32.21875;-12.40625;20.375;-8.75;8.25;-17.25;NaN;NaN;NaN;NaN;NaN;NaN;NaN;NaN;NaN
;ServiceLog;Stanislav;1435586358286;Raw;4.3149257;3.2950344;9.257478;333.23438;-16.078125;23.234375;3.9375;14.1875;-24.0;NaN;NaN;NaN;NaN;NaN;NaN;NaN;NaN;NaN
;ServiceLog;Stanislav;1435586359308;Raw;-0.0784532;4.3541527;9.414384;342.14063;-25.046875;-1.453125;10.125;27.25;-23.6875;NaN;NaN;NaN;NaN;NaN;NaN;NaN;NaN;NaN
;ServiceLog;Stanislav;1435586360319;Raw;0.98066497;5.374044;9.335931;342.54688;-23.71875;7.46875;12.125;44.1875;-26.75;NaN;NaN;NaN;NaN;NaN;NaN;NaN;NaN;NaN
;ServiceLog;Stanislav;1435586361343;Raw;1.0198916;0.74530536;10.708861;348.39063;-5.765625;2.375;4.125;35.875;-18.125;NaN;NaN;NaN;NaN;NaN;NaN;NaN;NaN;NaN
;ServiceLog;Stanislav;1435586362354;Raw;0.19613299;3.0204482;9.45361;14.578125;-18.703125;-1.8125;-10.875;27.5;-7.5625;NaN;NaN;NaN;NaN;NaN;NaN;NaN;NaN;NaN
;ServiceLog;Stanislav;1435586363368;Raw;0.588399;2.2751427;8.629851;13.640625;-14.734375;3.75;-6.3125;25.6875;-20.375;NaN;NaN;NaN;NaN;NaN;NaN;NaN;NaN;NaN
;ServiceLog;Stanislav;1435586364379;Raw;-0.2353596;4.118793;8.590625;8.984375;-25.609375;-1.40625;-4.125;28.0;-36.25;NaN;NaN;NaN;NaN;NaN;NaN;NaN;NaN;NaN
