ID;Name;User;TimeStamp;Type;Accel_X;Accel_Y;Accel_Z;Azimuth;Pitch;Roll;Magnetic_X;Magnetic_Y;Magnetic_Z;Gyro_X;Gyro_Y;Gyro_Z;GPS_Lat;GPS_Lon;GPS_Alt;GPS_Accuracy;GPS_Speed;GPS_Bearing
493;Гостиный двор 3;Stanislav;1435585941763;Raw;-0.0;5.1779113;9.139797;258.20313;-29.515625;0.0;24.0625;41.5625;79.625;NaN;NaN;NaN;NaN;NaN;NaN;NaN;NaN;NaN
494;Гостиный двор 4;Stanislav;1435585956419;Raw;-0.2745862;4.864098;9.492837;267.76563;-28.140625;-0.8125;18.8125;42.375;83.75;NaN;NaN;NaN;NaN;NaN;NaN;NaN;NaN;NaN
511;Василеостровская 1;Stanislav;1435586143511;Raw;0.5099458;4.785645;9.296704;260.32813;-27.1875;2.765625;48.0;56.0;131.8125;NaN;NaN;NaN;NaN;NaN;NaN;NaN;NaN;NaN
512;Василеостровская 2;Stanislav;1435586159627;Raw;1.6867437;3.8442068;9.57129;254.67188;-23.625;4.109375;33.0625;39.1875;110.375;NaN;NaN;NaN;NaN;NaN;NaN;NaN;NaN;NaN
513;Василеостровская 3;Stanislav;1435586205346;Raw;1.3337044;4.3149257;9.179024;255.09375;-24.921875;7.4375;31.5625;36.3125;91.875;NaN;NaN;NaN;NaN;NaN;NaN;NaN;NaN;NaN
514;Василеостровская 4;Stanislav;1435586219408;Raw;1.9613299;3.9618864;9.57129;232.625;-17.359375;5.9375;23.5;26.0;95.125;NaN;NaN;NaN;NaN;NaN;NaN;NaN;NaN;NaN
521;Приморская 1;Stanislav;1435586337200;Raw;0.2353596;5.570177;8.825985;3.453125;-29.515625;1.953125;5.875;48.1875;45.6875;NaN;NaN;NaN;NaN;NaN;NaN;NaN;NaN;NaN
522;Приморская 2;Stanislav;1435586353992;Raw;0.9414384;3.5303938;9.296704;66.53125;-19.09375;6.921875;-35.375;22.125;11.3125;NaN;NaN;NaN;NaN;NaN;NaN;NaN;NaN;NaN
