ID;Name;User;TimeStamp;NetworkGen;NetworkType;Active;MCC;MNC;LAC;CID;PSC;Power;session_id
943;Сухаревская 3;vlad;1435839630343;unknown;unknown;1;-1;-1;-1;-1;-1;-1;616517325
944;Сухаревская 4;vlad;1435839645082;unknown;unknown;1;-1;-1;-1;-1;-1;-1;616517325
931;Проспект Мира (КРЛ) 1;vlad;1435839715724;unknown;unknown;1;-1;-1;-1;-1;-1;-1;616517325
932;Проспект Мира (КРЛ) 2;vlad;1435839728738;unknown;unknown;1;-1;-1;-1;-1;-1;-1;616517325
933;Проспект Мира (КРЛ) 3;vlad;1435839756203;unknown;unknown;1;-1;-1;-1;-1;-1;-1;616517325
934;Проспект Мира (КРЛ) 4;vlad;1435839770021;unknown;unknown;1;-1;-1;-1;-1;-1;-1;616517325
921;Рижская 1;vlad;1435839855349;unknown;unknown;1;-1;-1;-1;-1;-1;-1;616517325
922;Рижская 2;vlad;1435839866110;unknown;unknown;1;-1;-1;-1;-1;-1;-1;616517325
923;Рижская 3;vlad;1435839889590;unknown;unknown;1;-1;-1;-1;-1;-1;-1;616517325
924;Рижская 4;vlad;1435839902832;unknown;unknown;1;-1;-1;-1;-1;-1;-1;616517325
911;Алексеевская 1;vlad;1435839997518;unknown;unknown;1;-1;-1;-1;-1;-1;-1;616517325
912;Алексеевская 2;vlad;1435840008688;unknown;unknown;1;-1;-1;-1;-1;-1;-1;616517325
913;Алексеевская 3;vlad;1435840044458;unknown;unknown;1;-1;-1;-1;-1;-1;-1;616517325
914;Алексеевская 4;vlad;1435840060882;unknown;unknown;1;-1;-1;-1;-1;-1;-1;616517325
901;ВДНХ 1;vlad;1435840147189;2G;EDGE;1;250;2;7763;720;-1;-73;616517325
902;ВДНХ 2;vlad;1435840161304;2G;EDGE;1;250;2;7763;720;-1;-63;616517325
903;ВДНХ 3;vlad;1435840188716;2G;EDGE;1;250;2;7763;720;-1;-69;616517325
904;ВДНХ 4;vlad;1435840201651;2G;EDGE;1;250;2;7763;720;-1;-65;616517325
891;Ботанический сад 1;vlad;1435840357847;unknown;unknown;1;-1;-1;-1;-1;-1;-1;616517325
892;Ботанический сад 2;vlad;1435840370168;unknown;unknown;1;-1;-1;-1;-1;-1;-1;616517325
893;Ботанический сад 3;vlad;1435840397359;unknown;unknown;1;-1;-1;-1;-1;-1;-1;616517325
894;Ботанический сад 4;vlad;1435840410630;unknown;unknown;1;-1;-1;-1;-1;-1;-1;616517325
881;Свиблово 1;vlad;1435840496430;unknown;unknown;1;-1;-1;-1;-1;-1;-1;616517325
882;Свиблово 2;vlad;1435840509831;unknown;unknown;1;-1;-1;-1;-1;-1;-1;616517325
883;Свиблово 3;vlad;1435840538238;unknown;unknown;1;-1;-1;-1;-1;-1;-1;616517325
884;Свиблово 4;vlad;1435840552211;unknown;unknown;1;-1;-1;-1;-1;-1;-1;616517325
871;Бабушкинская 1;vlad;1435840649209;unknown;unknown;1;-1;-1;-1;-1;-1;-1;616517325
872;Бабушкинская 2;vlad;1435840661553;unknown;unknown;1;-1;-1;-1;-1;-1;-1;616517325
873;Бабушкинская 3;vlad;1435840686602;unknown;unknown;1;-1;-1;-1;-1;-1;-1;616517325
874;Бабушкинская 4;vlad;1435840700502;unknown;unknown;1;-1;-1;-1;-1;-1;-1;616517325
861;Медведково 1;vlad;1435840816793;unknown;unknown;1;-1;-1;-1;-1;-1;-1;616517325
862;Медведково 2;vlad;1435840829278;unknown;unknown;1;-1;-1;-1;-1;-1;-1;616517325
863;Медведково 3;vlad;1435840913585;2G;EDGE;1;250;2;7719;820;-1;-61;616517325
864;Медведково 4;vlad;1435840924072;2G;EDGE;1;250;2;7719;820;-1;-51;616517325
871;Бабушкинская 1;vlad;1435841041203;unknown;unknown;1;-1;-1;-1;-1;-1;-1;616517325
872;Бабушкинская 2;vlad;1435841057198;unknown;unknown;1;-1;-1;-1;-1;-1;-1;616517325
