ID;Name;User;TimeStamp;NetworkGen;NetworkType;Active;MCC;MNC;LAC;CID;PSC;Power
943;Сухаревская 3;vlad;1435839630134;unknown;unknown;1;-1;-1;-1;-1;-1;-1
944;Сухаревская 4;vlad;1435839645321;unknown;unknown;1;-1;-1;-1;-1;-1;-1
931;Проспект Мира (КРЛ) 1;vlad;1435839715744;unknown;unknown;1;-1;-1;-1;-1;-1;-1
932;Проспект Мира (КРЛ) 2;vlad;1435839728755;unknown;unknown;1;-1;-1;-1;-1;-1;-1
933;Проспект Мира (КРЛ) 3;vlad;1435839756000;unknown;unknown;1;-1;-1;-1;-1;-1;-1
934;Проспект Мира (КРЛ) 4;vlad;1435839769401;unknown;unknown;1;-1;-1;-1;-1;-1;-1
921;Рижская 1;vlad;1435839855612;unknown;unknown;1;-1;-1;-1;-1;-1;-1
922;Рижская 2;vlad;1435839865955;unknown;unknown;1;-1;-1;-1;-1;-1;-1
923;Рижская 3;vlad;1435839889732;unknown;unknown;1;-1;-1;-1;-1;-1;-1
924;Рижская 4;vlad;1435839903367;unknown;unknown;1;-1;-1;-1;-1;-1;-1
911;Алексеевская 1;vlad;1435839998316;unknown;unknown;1;-1;-1;-1;-1;-1;-1
912;Алексеевская 2;vlad;1435840008689;unknown;unknown;1;-1;-1;-1;-1;-1;-1
913;Алексеевская 3;vlad;1435840044169;unknown;unknown;1;-1;-1;-1;-1;-1;-1
914;Алексеевская 4;vlad;1435840061089;unknown;unknown;1;-1;-1;-1;-1;-1;-1
901;ВДНХ 1;vlad;1435840147276;2G;EDGE;1;250;2;7763;720;-1;-73
902;ВДНХ 2;vlad;1435840161039;2G;EDGE;1;250;2;7763;720;-1;-63
903;ВДНХ 3;vlad;1435840188918;2G;EDGE;1;250;2;7763;720;-1;-69
904;ВДНХ 4;vlad;1435840201390;2G;EDGE;1;250;2;7763;720;-1;-65
891;Ботанический сад 1;vlad;1435840357366;unknown;unknown;1;-1;-1;-1;-1;-1;-1
892;Ботанический сад 2;vlad;1435840370057;unknown;unknown;1;-1;-1;-1;-1;-1;-1
893;Ботанический сад 3;vlad;1435840397846;unknown;unknown;1;-1;-1;-1;-1;-1;-1
894;Ботанический сад 4;vlad;1435840409812;unknown;unknown;1;-1;-1;-1;-1;-1;-1
881;Свиблово 1;vlad;1435840497037;unknown;unknown;1;-1;-1;-1;-1;-1;-1
882;Свиблово 2;vlad;1435840510091;unknown;unknown;1;-1;-1;-1;-1;-1;-1
883;Свиблово 3;vlad;1435840538060;unknown;unknown;1;-1;-1;-1;-1;-1;-1
884;Свиблово 4;vlad;1435840551504;unknown;unknown;1;-1;-1;-1;-1;-1;-1
871;Бабушкинская 1;vlad;1435840649215;unknown;unknown;1;-1;-1;-1;-1;-1;-1
872;Бабушкинская 2;vlad;1435840661882;unknown;unknown;1;-1;-1;-1;-1;-1;-1
873;Бабушкинская 3;vlad;1435840686615;unknown;unknown;1;-1;-1;-1;-1;-1;-1
874;Бабушкинская 4;vlad;1435840701023;unknown;unknown;1;-1;-1;-1;-1;-1;-1
861;Медведково 1;vlad;1435840816968;unknown;unknown;1;-1;-1;-1;-1;-1;-1
862;Медведково 2;vlad;1435840829304;unknown;unknown;1;-1;-1;-1;-1;-1;-1
863;Медведково 3;vlad;1435840913629;2G;EDGE;1;250;2;7719;820;-1;-61
864;Медведково 4;vlad;1435840924440;2G;EDGE;1;250;2;7719;820;-1;-51
871;Бабушкинская 1;vlad;1435841041203;unknown;unknown;1;-1;-1;-1;-1;-1;-1
872;Бабушкинская 2;vlad;1435841057352;unknown;unknown;1;-1;-1;-1;-1;-1;-1
