ID;Name;User;TimeStamp;NetworkGen;NetworkType;Active;MCC;MNC;LAC;CID;PSC;Power
703;Комсомольская (КЛЦ) 3;sasfeat;1433355575394;3G;UMTS;1;250;1;660;6944799;-1;-113
704;Комсомольская (КЛЦ) 4;sasfeat;1433355587530;3G;UMTS;1;250;1;660;6944799;-1;-113
711;Курская (КЛЦ) 1;sasfeat;1433355718829;3G;UMTS;1;250;1;660;6888395;-1;-113
712;Курская (КЛЦ) 2;sasfeat;1433355728936;3G;UMTS;1;250;1;660;6888395;-1;-113
713;Курская (КЛЦ) 3;sasfeat;1433355767206;3G;UMTS;1;250;1;660;6888395;-1;-113
714;Курская (КЛЦ) 4;sasfeat;1433355779793;3G;UMTS;1;250;1;660;6888395;-1;-113
721;Таганская (КЛЦ) 1;sasfeat;1433355881065;3G;UMTS;1;250;1;660;6892878;-1;-113
722;Таганская (КЛЦ) 2;sasfeat;1433355892613;3G;UMTS;1;250;1;660;6892877;-1;-113
723;Таганская (КЛЦ) 3;sasfeat;1433356098278;3G;UMTS;1;250;1;660;6913613;-1;-113
724;Таганская (КЛЦ) 4;sasfeat;1433356117638;3G;UMTS;1;250;1;660;6926693;-1;-113
711;Курская (КЛЦ) 1;sasfeat;1433356224073;3G;UMTS;1;250;1;660;6893109;-1;-113
712;Курская (КЛЦ) 2;sasfeat;1433356233927;3G;UMTS;1;250;1;660;6893109;-1;-113
713;Курская (КЛЦ) 3;sasfeat;1433356264465;3G;UMTS;1;250;1;660;6893109;-1;-113
714;Курская (КЛЦ) 4;sasfeat;1433356277147;3G;UMTS;1;250;1;660;6893109;-1;-113
701;Комсомольская (КЛЦ) 1;sasfeat;1433356399011;3G;UMTS;1;250;1;660;6893119;-1;-113
702;Комсомольская (КЛЦ) 2;sasfeat;1433356409114;3G;UMTS;1;250;1;660;6893118;-1;-113
703;Комсомольская (КЛЦ) 3;sasfeat;1433356440637;3G;UMTS;1;250;1;660;6893118;-1;-113
704;Комсомольская (КЛЦ) 4;sasfeat;1433356456487;3G;UMTS;1;250;1;660;6893169;-1;-113
691;Проспект Мира (КЛЦ) 1;sasfeat;1433356559593;3G;UMTS;1;250;1;660;6944796;-1;-113
692;Проспект Мира (КЛЦ) 2;sasfeat;1433356569009;3G;UMTS;1;250;1;660;6944796;-1;-113
693;Проспект Мира (КЛЦ) 3;sasfeat;1433356605209;3G;UMTS;1;250;1;660;6944796;-1;-113
694;Проспект Мира (КЛЦ) 4;sasfeat;1433356617912;3G;UMTS;1;250;1;660;6944796;-1;-113
681;Новослободская 1;sasfeat;1433356723795;3G;UMTS;1;250;1;660;6893107;-1;0
682;Новослободская 2;sasfeat;1433356731029;3G;UMTS;1;250;1;660;6893107;-1;0
683;Новослободская 3;sasfeat;1433357012182;3G;UMTS;1;250;1;660;6940441;-1;0
684;Новослободская 4;sasfeat;1433357025318;3G;UMTS;1;250;1;660;6932080;-1;0
691;Проспект Мира (КЛЦ) 1;sasfeat;1433357107803;3G;UMTS;1;250;1;660;6893107;-1;0
692;Проспект Мира (КЛЦ) 2;sasfeat;1433357120221;3G;UMTS;1;250;1;660;6944796;-1;0
693;Проспект Мира (КЛЦ) 3;sasfeat;1433357157702;3G;UMTS;1;250;1;660;6944796;-1;0
694;Проспект Мира (КЛЦ) 4;sasfeat;1433357168524;3G;UMTS;1;250;1;660;6944796;-1;0
702;Комсомольская (КЛЦ) 2;sasfeat;1433357272033;3G;UMTS;1;250;1;660;6893118;-1;0
703;Комсомольская (КЛЦ) 3;sasfeat;1433357304164;3G;UMTS;1;250;1;660;6892909;-1;0
704;Комсомольская (КЛЦ) 4;sasfeat;1433357315287;3G;UMTS;1;250;1;660;6893119;-1;0
711;Курская (КЛЦ) 1;sasfeat;1433357422008;3G;UMTS;1;250;1;660;6888395;-1;0
712;Курская (КЛЦ) 2;sasfeat;1433357440417;3G;UMTS;1;250;1;660;6888395;-1;0
713;Курская (КЛЦ) 3;sasfeat;1433357475636;3G;UMTS;1;250;1;660;6888395;-1;0
714;Курская (КЛЦ) 4;sasfeat;1433357489556;3G;UMTS;1;250;1;660;6888395;-1;0
721;Таганская (КЛЦ) 1;sasfeat;1433357596123;3G;UMTS;1;250;1;660;6892878;-1;0
722;Таганская (КЛЦ) 2;sasfeat;1433357608160;3G;UMTS;1;250;1;660;6892878;-1;0
723;Таганская (КЛЦ) 3;sasfeat;1433357642026;3G;UMTS;1;250;1;660;6892878;-1;0
724;Таганская (КЛЦ) 4;sasfeat;1433357654900;3G;UMTS;1;250;1;660;6892878;-1;0
731;Павелецкая (КЛЦ) 1;sasfeat;1433357736245;2G;EDGE;1;250;1;660;11012;-1;0
732;Павелецкая (КЛЦ) 2;sasfeat;1433357747101;3G;UMTS;1;250;1;660;6939671;-1;0
733;Павелецкая (КЛЦ) 3;sasfeat;1433357775061;3G;UMTS;1;250;1;660;6939671;-1;0
734;Павелецкая (КЛЦ) 4;sasfeat;1433357786819;3G;UMTS;1;250;1;660;6939671;-1;0
741;Добрынинская 1;sasfeat;1433357843516;3G;UMTS;1;250;1;660;6930120;-1;0
742;Добрынинская 2;sasfeat;1433357854274;3G;UMTS;1;250;1;660;6930120;-1;0
743;Добрынинская 3;sasfeat;1433357886580;3G;UMTS;1;250;1;660;6930120;-1;0
744;Добрынинская 4;sasfeat;1433357898525;3G;UMTS;1;250;1;660;6930120;-1;0
751;Октябрьская (КЛЦ) 1;sasfeat;1433357963288;3G;UMTS;1;250;1;660;6944756;-1;0
752;Октябрьская (КЛЦ) 2;sasfeat;1433357975671;3G;UMTS;1;250;1;660;6944757;-1;0
753;Октябрьская (КЛЦ) 3;sasfeat;1433358011879;3G;UMTS;1;250;1;660;6892888;-1;0
754;Октябрьская (КЛЦ) 4;sasfeat;1433358024327;3G;UMTS;1;250;1;660;6892888;-1;0
761;Парк культуры (КЛЦ) 1;sasfeat;1433358093500;3G;UMTS;1;250;1;660;6930124;-1;0
762;Парк культуры (КЛЦ) 2;sasfeat;1433358100966;3G;UMTS;1;250;1;660;6930124;-1;0
763;Парк культуры (КЛЦ) 3;sasfeat;1433358139680;3G;UMTS;1;250;1;660;6930124;-1;0
764;Парк культуры (КЛЦ) 4;sasfeat;1433358151860;3G;UMTS;1;250;1;660;6930124;-1;0
771;Киевская (КЛЦ) 1;sasfeat;1433358256006;3G;UMTS;1;250;1;660;6930121;-1;0
772;Киевская (КЛЦ) 2;sasfeat;1433358263952;3G;UMTS;1;250;1;660;6930121;-1;0
