ID;Name;User;TimeStamp;NetworkGen;NetworkType;Active;MCC;MNC;LAC;CID;PSC;Power
973;Третьяковская (КРЛ) 3;Andrey;1435850166455;2G;EDGE;1;250;2;7763;70;-1;-71
974;Третьяковская (КРЛ) 4;Andrey;1435850175754;2G;EDGE;1;250;2;7763;70;-1;-65
981;Октябрьская (КРЛ) 1;Andrey;1435850287037;2G;EDGE;1;250;2;7736;340;-1;-55
982;Октябрьская (КРЛ) 2;Andrey;1435850300840;2G;EDGE;1;250;2;7736;340;-1;-59
983;Октябрьская (КРЛ) 3;Andrey;1435850333955;2G;EDGE;1;250;2;7736;340;-1;-71
984;Октябрьская (КРЛ) 4;Andrey;1435850345594;2G;EDGE;1;250;2;7736;340;-1;-75
991;Шаболовская 1;Andrey;1435850419242;2G;EDGE;1;250;2;7736;1000;-1;-65
992;Шаболовская 2;Andrey;1435850432132;2G;EDGE;1;250;2;7736;1000;-1;-71
993;Шаболовская 3;Andrey;1435850455762;2G;EDGE;1;250;2;7736;1000;-1;-69
994;Шаболовская 4;Andrey;1435850468280;2G;EDGE;1;250;2;7736;1000;-1;-67
981;Октябрьская (КРЛ) 1;Andrey;1435850536594;2G;EDGE;1;250;2;7736;340;-1;-55
982;Октябрьская (КРЛ) 2;Andrey;1435850550583;2G;EDGE;1;250;2;7736;340;-1;-65
983;Октябрьская (КРЛ) 3;Andrey;1435850611087;2G;EDGE;1;250;2;7736;340;-1;-65
984;Октябрьская (КРЛ) 4;Andrey;1435850623581;2G;EDGE;1;250;2;7736;340;-1;-73
991;Шаболовская 1;Andrey;1435850697629;2G;EDGE;1;250;2;7736;1000;-1;-69
992;Шаболовская 2;Andrey;1435850711344;2G;EDGE;1;250;2;7736;1000;-1;-73
993;Шаболовская 3;Andrey;1435850763286;2G;EDGE;1;250;2;7736;1000;-1;-75
994;Шаболовская 4;Andrey;1435850774927;2G;EDGE;1;250;2;7736;1000;-1;-67
981;Октябрьская (КРЛ) 1;Andrey;1435850842655;2G;EDGE;1;250;2;7736;340;-1;-55
982;Октябрьская (КРЛ) 2;Andrey;1435850856307;2G;EDGE;1;250;2;7736;340;-1;-75
983;Октябрьская (КРЛ) 3;Andrey;1435850918367;2G;EDGE;1;250;2;7736;340;-1;-63
984;Октябрьская (КРЛ) 4;Andrey;1435850930691;2G;EDGE;1;250;2;7736;340;-1;-67
991;Шаболовская 1;Andrey;1435851006595;2G;EDGE;1;250;2;7736;1000;-1;-65
992;Шаболовская 2;Andrey;1435851018855;2G;EDGE;1;250;2;7736;1000;-1;-67
993;Шаболовская 3;Andrey;1435851060939;2G;EDGE;1;250;2;7736;1000;-1;-73
994;Шаболовская 4;Andrey;1435851071784;2G;EDGE;1;250;2;7736;1000;-1;-59
981;Октябрьская (КРЛ) 1;Andrey;1435851138649;2G;EDGE;1;250;2;7736;340;-1;-51
982;Октябрьская (КРЛ) 2;Andrey;1435851152975;2G;EDGE;1;250;2;7736;340;-1;-63
983;Октябрьская (КРЛ) 3;Andrey;1435851203621;2G;EDGE;1;250;2;7736;340;-1;-65
984;Октябрьская (КРЛ) 4;Andrey;1435851215327;2G;EDGE;1;250;2;7736;340;-1;-73
991;Шаболовская 1;Andrey;1435851289620;2G;EDGE;1;250;2;7736;1000;-1;-71
992;Шаболовская 2;Andrey;1435851300957;2G;EDGE;1;250;2;7736;1000;-1;-67
993;Шаболовская 3;Andrey;1435851320719;2G;EDGE;1;250;2;7736;1000;-1;-77
994;Шаболовская 4;Andrey;1435851333387;2G;EDGE;1;250;2;7736;1000;-1;-69
1001;Ленинский проспект 1;Andrey;1435851453016;2G;EDGE;1;250;2;7736;1010;-1;-65
1002;Ленинский проспект 2;Andrey;1435851464610;2G;EDGE;1;250;2;7736;1010;-1;-67
1003;Ленинский проспект 3;Andrey;1435851487716;2G;EDGE;1;250;2;7736;1010;-1;-71
1004;Ленинский проспект 4;Andrey;1435851500409;2G;EDGE;1;250;2;7736;1010;-1;-65
1011;Академическая 1;Andrey;1435851647804;2G;EDGE;1;250;2;7736;1020;-1;-91
1012;Академическая 2;Andrey;1435851659301;2G;EDGE;1;250;2;7736;1020;-1;-55
