ID;Name;User;TimeStamp;NetworkGen;NetworkType;Active;MCC;MNC;LAC;CID;PSC;Power
;ServiceLog;Anna;1435915504168;unknown;unknown;1;250;1;660;41843;-1;-63
;ServiceLog;Anna;1435915504168;unknown;unknown;250-1-660-41843;-1;-1;-1;-1;-1;-107
;ServiceLog;Anna;1435915505312;unknown;unknown;1;250;1;660;41843;-1;-63
;ServiceLog;Anna;1435915505312;unknown;unknown;250-1-660-41843;-1;-1;-1;-1;-1;-107
;ServiceLog;Anna;1435915506338;unknown;unknown;1;250;1;660;41843;-1;-61
;ServiceLog;Anna;1435915506338;unknown;unknown;250-1-660-41843;-1;-1;-1;-1;-1;-107
;ServiceLog;Anna;1435915507416;unknown;unknown;1;250;1;660;41843;-1;-61
;ServiceLog;Anna;1435915507416;unknown;unknown;250-1-660-41843;-1;-1;-1;-1;-1;-107
;ServiceLog;Anna;1435915508431;unknown;unknown;1;250;1;660;41843;-1;-63
;ServiceLog;Anna;1435915508431;unknown;unknown;250-1-660-41843;-1;-1;-1;-1;-1;-107
;ServiceLog;Anna;1435915509549;unknown;unknown;1;250;1;660;41843;-1;-63
;ServiceLog;Anna;1435915509549;unknown;unknown;250-1-660-41843;-1;-1;-1;-1;-1;-107
;ServiceLog;Anna;1435915510559;unknown;unknown;1;250;1;660;41843;-1;-67
;ServiceLog;Anna;1435915510559;unknown;unknown;250-1-660-41843;-1;-1;-1;-1;-1;-107
;ServiceLog;Anna;1435915511643;unknown;unknown;1;250;1;660;41843;-1;-67
;ServiceLog;Anna;1435915511643;unknown;unknown;250-1-660-41843;-1;-1;-1;-1;-1;-107
;ServiceLog;Anna;1435915512655;unknown;unknown;1;250;1;660;41843;-1;-67
;ServiceLog;Anna;1435915512655;unknown;unknown;250-1-660-41843;-1;-1;-1;-1;-1;-107
;ServiceLog;Anna;1435915513828;unknown;unknown;1;250;1;660;41843;-1;-67
;ServiceLog;Anna;1435915513828;unknown;unknown;250-1-660-41843;-1;-1;-1;-1;-1;-107
;ServiceLog;Anna;1435915514904;unknown;unknown;1;250;1;660;41843;-1;-71
;ServiceLog;Anna;1435915514904;unknown;unknown;250-1-660-41843;-1;-1;-1;-1;-1;-107
;ServiceLog;Anna;1435915515951;unknown;unknown;1;250;1;660;41843;-1;-71
;ServiceLog;Anna;1435915515951;unknown;unknown;250-1-660-41843;-1;-1;-1;-1;-1;-107
;ServiceLog;Anna;1435915516961;unknown;unknown;1;250;1;660;41843;-1;-61
;ServiceLog;Anna;1435915516961;unknown;unknown;250-1-660-41843;-1;-1;-1;-1;-1;-107
;ServiceLog;Anna;1435915518046;unknown;unknown;1;250;1;660;41843;-1;-61
;ServiceLog;Anna;1435915518046;unknown;unknown;250-1-660-41843;-1;-1;-1;-1;-1;-107
;ServiceLog;Anna;1435915519057;unknown;unknown;1;250;1;660;41843;-1;-67
;ServiceLog;Anna;1435915519057;unknown;unknown;250-1-660-41843;-1;-1;-1;-1;-1;-107
;ServiceLog;Anna;1435915520262;unknown;unknown;1;250;1;660;41843;-1;-67
;ServiceLog;Anna;1435915520262;unknown;unknown;250-1-660-41843;-1;-1;-1;-1;-1;-107
;ServiceLog;Anna;1435915521279;unknown;unknown;1;250;1;660;41843;-1;-67
;ServiceLog;Anna;1435915521279;unknown;unknown;250-1-660-41843;-1;-1;-1;-1;-1;-107
;ServiceLog;Anna;1435915522352;unknown;unknown;1;250;1;660;41843;-1;-67
;ServiceLog;Anna;1435915522352;unknown;unknown;250-1-660-41843;-1;-1;-1;-1;-1;-107
;ServiceLog;Anna;1435915523363;unknown;unknown;1;250;1;660;41843;-1;-69
;ServiceLog;Anna;1435915523363;unknown;unknown;250-1-660-41843;-1;-1;-1;-1;-1;-107
;ServiceLog;Anna;1435915524456;unknown;unknown;1;250;1;660;41843;-1;-69
;ServiceLog;Anna;1435915524456;unknown;unknown;250-1-660-41843;-1;-1;-1;-1;-1;-107
;ServiceLog;Anna;1435915525469;unknown;unknown;1;250;1;660;41843;-1;-71
;ServiceLog;Anna;1435915525469;unknown;unknown;250-1-660-41843;-1;-1;-1;-1;-1;-107
;ServiceLog;Anna;1435915526554;unknown;unknown;1;250;1;660;41843;-1;-71
;ServiceLog;Anna;1435915526554;unknown;unknown;250-1-660-41843;-1;-1;-1;-1;-1;-107
;ServiceLog;Anna;1435915527564;unknown;unknown;1;250;1;660;41843;-1;-59
;ServiceLog;Anna;1435915527564;unknown;unknown;250-1-660-41843;-1;-1;-1;-1;-1;-107
;ServiceLog;Anna;1435915528594;unknown;unknown;1;250;1;660;41843;-1;-59
;ServiceLog;Anna;1435915528594;unknown;unknown;250-1-660-41843;-1;-1;-1;-1;-1;-107
;ServiceLog;Anna;1435915529606;unknown;unknown;1;250;1;660;41843;-1;-75
;ServiceLog;Anna;1435915529606;unknown;unknown;250-1-660-41843;-1;-1;-1;-1;-1;-107
;ServiceLog;Anna;1435915530640;unknown;unknown;1;250;1;660;41843;-1;-75
;ServiceLog;Anna;1435915530640;unknown;unknown;250-1-660-41843;-1;-1;-1;-1;-1;-107
;ServiceLog;Anna;1435915531651;unknown;unknown;1;250;1;660;41843;-1;-81
;ServiceLog;Anna;1435915531651;unknown;unknown;250-1-660-41843;-1;-1;-1;-1;-1;-107
;ServiceLog;Anna;1435915532722;unknown;unknown;1;250;1;660;41843;-1;-81
;ServiceLog;Anna;1435915532722;unknown;unknown;250-1-660-41843;-1;-1;-1;-1;-1;-107
;ServiceLog;Anna;1435915533736;unknown;unknown;1;250;1;660;41843;-1;-77
;ServiceLog;Anna;1435915533736;unknown;unknown;250-1-660-41843;-1;-1;-1;-1;-1;-107
;ServiceLog;Anna;1435915534850;unknown;unknown;1;250;1;660;41843;-1;-77
;ServiceLog;Anna;1435915534850;unknown;unknown;250-1-660-41843;-1;-1;-1;-1;-1;-107
;ServiceLog;Anna;1435915535861;unknown;unknown;1;250;1;660;41843;-1;-65
;ServiceLog;Anna;1435915535861;unknown;unknown;250-1-660-41843;-1;-1;-1;-1;-1;-107
;ServiceLog;Anna;1435915536934;unknown;unknown;1;250;1;660;41843;-1;-65
;ServiceLog;Anna;1435915536934;unknown;unknown;250-1-660-41843;-1;-1;-1;-1;-1;-107
;ServiceLog;Anna;1435915537953;unknown;unknown;1;250;1;660;41843;-1;-65
;ServiceLog;Anna;1435915537953;unknown;unknown;250-1-660-41843;-1;-1;-1;-1;-1;-107
;ServiceLog;Anna;1435915539037;unknown;unknown;1;250;1;660;41843;-1;-65
;ServiceLog;Anna;1435915539037;unknown;unknown;250-1-660-41843;-1;-1;-1;-1;-1;-107
;ServiceLog;Anna;1435915540049;unknown;unknown;1;250;1;660;41843;-1;-67
;ServiceLog;Anna;1435915540049;unknown;unknown;250-1-660-41843;-1;-1;-1;-1;-1;-107
;ServiceLog;Anna;1435915541087;unknown;unknown;1;250;1;660;41843;-1;-67
;ServiceLog;Anna;1435915541087;unknown;unknown;250-1-660-41843;-1;-1;-1;-1;-1;-107
;ServiceLog;Anna;1435915542114;unknown;unknown;1;250;1;660;41843;-1;-65
;ServiceLog;Anna;1435915542114;unknown;unknown;250-1-660-41843;-1;-1;-1;-1;-1;-107
;ServiceLog;Anna;1435915543205;unknown;unknown;1;250;1;660;41843;-1;-65
;ServiceLog;Anna;1435915543205;unknown;unknown;250-1-660-41843;-1;-1;-1;-1;-1;-107
;ServiceLog;Anna;1435915544216;unknown;unknown;1;250;1;660;41843;-1;-61
;ServiceLog;Anna;1435915544216;unknown;unknown;250-1-660-41843;-1;-1;-1;-1;-1;-107
;ServiceLog;Anna;1435915545307;unknown;unknown;1;250;1;660;41843;-1;-61
;ServiceLog;Anna;1435915545307;unknown;unknown;250-1-660-41843;-1;-1;-1;-1;-1;-107
;ServiceLog;Anna;1435915546319;unknown;unknown;1;250;1;660;41843;-1;-61
;ServiceLog;Anna;1435915546319;unknown;unknown;250-1-660-41843;-1;-1;-1;-1;-1;-107
;ServiceLog;Anna;1435915547351;unknown;unknown;1;250;1;660;41843;-1;-61
;ServiceLog;Anna;1435915547351;unknown;unknown;250-1-660-41843;-1;-1;-1;-1;-1;-107
;ServiceLog;Anna;1435915548360;unknown;unknown;1;250;1;660;41843;-1;-59
;ServiceLog;Anna;1435915548360;unknown;unknown;250-1-660-41843;-1;-1;-1;-1;-1;-107
;ServiceLog;Anna;1435915549434;unknown;unknown;1;250;1;660;41843;-1;-59
;ServiceLog;Anna;1435915549434;unknown;unknown;250-1-660-41843;-1;-1;-1;-1;-1;-107
;ServiceLog;Anna;1435915550459;unknown;unknown;1;250;1;660;41843;-1;-59
;ServiceLog;Anna;1435915550459;unknown;unknown;250-1-660-41843;-1;-1;-1;-1;-1;-107
;ServiceLog;Anna;1435915551545;unknown;unknown;1;250;1;660;41843;-1;-59
;ServiceLog;Anna;1435915551545;unknown;unknown;250-1-660-41843;-1;-1;-1;-1;-1;-107
;ServiceLog;Anna;1435915552555;unknown;unknown;1;250;1;660;41843;-1;-61
;ServiceLog;Anna;1435915552555;unknown;unknown;250-1-660-41843;-1;-1;-1;-1;-1;-107
;ServiceLog;Anna;1435915553631;unknown;unknown;1;250;1;660;41843;-1;-61
;ServiceLog;Anna;1435915553631;unknown;unknown;250-1-660-41843;-1;-1;-1;-1;-1;-107
;ServiceLog;Anna;1435915554642;unknown;unknown;1;250;1;660;41843;-1;-61
;ServiceLog;Anna;1435915554642;unknown;unknown;250-1-660-41843;-1;-1;-1;-1;-1;-107
;ServiceLog;Anna;1435915555679;unknown;unknown;1;250;1;660;41843;-1;-61
;ServiceLog;Anna;1435915555679;unknown;unknown;250-1-660-41843;-1;-1;-1;-1;-1;-107
;ServiceLog;Anna;1435915556690;unknown;unknown;1;250;1;660;41843;-1;-65
;ServiceLog;Anna;1435915556690;unknown;unknown;250-1-660-41843;-1;-1;-1;-1;-1;-107
;ServiceLog;Anna;1435915557762;unknown;unknown;1;250;1;660;41843;-1;-65
;ServiceLog;Anna;1435915557762;unknown;unknown;250-1-660-41843;-1;-1;-1;-1;-1;-107
;ServiceLog;Anna;1435915558772;unknown;unknown;1;250;1;660;41843;-1;-65
;ServiceLog;Anna;1435915558772;unknown;unknown;250-1-660-41843;-1;-1;-1;-1;-1;-107
;ServiceLog;Anna;1435915559804;unknown;unknown;1;250;1;660;41843;-1;-65
;ServiceLog;Anna;1435915559804;unknown;unknown;250-1-660-41843;-1;-1;-1;-1;-1;-107
;ServiceLog;Anna;1435915560814;unknown;unknown;1;250;1;660;41843;-1;-69
;ServiceLog;Anna;1435915560814;unknown;unknown;250-1-660-41843;-1;-1;-1;-1;-1;-107
;ServiceLog;Anna;1435915561905;unknown;unknown;1;250;1;660;41843;-1;-69
;ServiceLog;Anna;1435915561905;unknown;unknown;250-1-660-41843;-1;-1;-1;-1;-1;-107
;ServiceLog;Anna;1435915562915;unknown;unknown;1;250;1;660;41843;-1;-73
;ServiceLog;Anna;1435915562915;unknown;unknown;250-1-660-41843;-1;-1;-1;-1;-1;-107
;ServiceLog;Anna;1435915563992;unknown;unknown;1;250;1;660;41843;-1;-73
;ServiceLog;Anna;1435915563992;unknown;unknown;250-1-660-41843;-1;-1;-1;-1;-1;-107
;ServiceLog;Anna;1435915565009;unknown;unknown;1;250;1;660;41843;-1;-79
;ServiceLog;Anna;1435915565009;unknown;unknown;250-1-660-41843;-1;-1;-1;-1;-1;-107
;ServiceLog;Anna;1435915566087;unknown;unknown;1;250;1;660;41843;-1;-79
;ServiceLog;Anna;1435915566087;unknown;unknown;250-1-660-41843;-1;-1;-1;-1;-1;-107
;ServiceLog;Anna;1435915567099;unknown;unknown;1;250;1;660;41843;-1;-73
;ServiceLog;Anna;1435915567099;unknown;unknown;250-1-660-41843;-1;-1;-1;-1;-1;-107
;ServiceLog;Anna;1435915568132;unknown;unknown;1;250;1;660;41843;-1;-73
;ServiceLog;Anna;1435915568132;unknown;unknown;250-1-660-41843;-1;-1;-1;-1;-1;-107
;ServiceLog;Anna;1435915569143;unknown;unknown;1;250;1;660;41843;-1;-71
;ServiceLog;Anna;1435915569143;unknown;unknown;250-1-660-41843;-1;-1;-1;-1;-1;-107
;ServiceLog;Anna;1435915570173;unknown;unknown;1;250;1;660;41843;-1;-71
;ServiceLog;Anna;1435915570173;unknown;unknown;250-1-660-41843;-1;-1;-1;-1;-1;-107
;ServiceLog;Anna;1435915571185;unknown;unknown;1;250;1;660;41843;-1;-69
;ServiceLog;Anna;1435915571185;unknown;unknown;250-1-660-41843;-1;-1;-1;-1;-1;-107
;ServiceLog;Anna;1435915572269;unknown;unknown;1;250;1;660;41843;-1;-69
;ServiceLog;Anna;1435915572269;unknown;unknown;250-1-660-41843;-1;-1;-1;-1;-1;-107
;ServiceLog;Anna;1435915573281;unknown;unknown;1;250;1;660;41843;-1;-73
;ServiceLog;Anna;1435915573281;unknown;unknown;250-1-660-41843;-1;-1;-1;-1;-1;-107
;ServiceLog;Anna;1435915574350;unknown;unknown;1;250;1;660;41843;-1;-73
;ServiceLog;Anna;1435915574350;unknown;unknown;250-1-660-41843;-1;-1;-1;-1;-1;-107
;ServiceLog;Anna;1435915575360;unknown;unknown;1;250;1;660;41843;-1;-69
;ServiceLog;Anna;1435915575360;unknown;unknown;250-1-660-41843;-1;-1;-1;-1;-1;-107
;ServiceLog;Anna;1435915576436;unknown;unknown;1;250;1;660;41843;-1;-69
;ServiceLog;Anna;1435915576436;unknown;unknown;250-1-660-41843;-1;-1;-1;-1;-1;-107
;ServiceLog;Anna;1435915577452;unknown;unknown;1;250;1;660;41843;-1;-69
;ServiceLog;Anna;1435915577452;unknown;unknown;250-1-660-41843;-1;-1;-1;-1;-1;-107
;ServiceLog;Anna;1435915578523;unknown;unknown;1;250;1;660;41843;-1;-69
;ServiceLog;Anna;1435915578523;unknown;unknown;250-1-660-41843;-1;-1;-1;-1;-1;-107
;ServiceLog;Anna;1435915579536;unknown;unknown;1;250;1;660;41843;-1;-77
;ServiceLog;Anna;1435915579536;unknown;unknown;250-1-660-41843;-1;-1;-1;-1;-1;-107
;ServiceLog;Anna;1435915580569;unknown;unknown;1;250;1;660;41843;-1;-77
;ServiceLog;Anna;1435915580569;unknown;unknown;250-1-660-41843;-1;-1;-1;-1;-1;-107
;ServiceLog;Anna;1435915581580;unknown;unknown;1;250;1;660;41843;-1;-69
;ServiceLog;Anna;1435915581580;unknown;unknown;250-1-660-41843;-1;-1;-1;-1;-1;-107
;ServiceLog;Anna;1435915582744;unknown;unknown;1;250;1;660;41843;-1;-69
;ServiceLog;Anna;1435915582744;unknown;unknown;250-1-660-41843;-1;-1;-1;-1;-1;-107
;ServiceLog;Anna;1435915583755;unknown;unknown;1;250;1;660;41843;-1;-63
;ServiceLog;Anna;1435915583755;unknown;unknown;250-1-660-41843;-1;-1;-1;-1;-1;-107
;ServiceLog;Anna;1435915584829;unknown;unknown;1;250;1;660;41843;-1;-63
;ServiceLog;Anna;1435915584829;unknown;unknown;250-1-660-41843;-1;-1;-1;-1;-1;-107
;ServiceLog;Anna;1435915585845;unknown;unknown;1;250;1;660;41843;-1;-71
;ServiceLog;Anna;1435915585845;unknown;unknown;250-1-660-41843;-1;-1;-1;-1;-1;-107
;ServiceLog;Anna;1435915586934;unknown;unknown;1;250;1;660;41843;-1;-71
;ServiceLog;Anna;1435915586934;unknown;unknown;250-1-660-41843;-1;-1;-1;-1;-1;-107
;ServiceLog;Anna;1435915587946;unknown;unknown;1;250;1;660;41843;-1;-57
;ServiceLog;Anna;1435915587946;unknown;unknown;250-1-660-41843;-1;-1;-1;-1;-1;-107
;ServiceLog;Anna;1435915588983;unknown;unknown;1;250;1;660;41843;-1;-57
;ServiceLog;Anna;1435915588983;unknown;unknown;250-1-660-41843;-1;-1;-1;-1;-1;-107
;ServiceLog;Anna;1435915589994;unknown;unknown;1;250;1;660;41843;-1;-57
;ServiceLog;Anna;1435915589994;unknown;unknown;250-1-660-41843;-1;-1;-1;-1;-1;-107
;ServiceLog;Anna;1435915591081;unknown;unknown;1;250;1;660;41843;-1;-57
;ServiceLog;Anna;1435915591081;unknown;unknown;250-1-660-41843;-1;-1;-1;-1;-1;-107
;ServiceLog;Anna;1435915592091;unknown;unknown;1;250;1;660;41843;-1;-63
;ServiceLog;Anna;1435915592091;unknown;unknown;250-1-660-41843;-1;-1;-1;-1;-1;-107
;ServiceLog;Anna;1435915593175;unknown;unknown;1;250;1;660;41843;-1;-63
;ServiceLog;Anna;1435915593175;unknown;unknown;250-1-660-41843;-1;-1;-1;-1;-1;-107
;ServiceLog;Anna;1435915594189;unknown;unknown;1;250;1;660;41843;-1;-65
;ServiceLog;Anna;1435915594189;unknown;unknown;250-1-660-41843;-1;-1;-1;-1;-1;-107
;ServiceLog;Anna;1435915595255;unknown;unknown;1;250;1;660;41843;-1;-65
;ServiceLog;Anna;1435915595255;unknown;unknown;250-1-660-41843;-1;-1;-1;-1;-1;-107
;ServiceLog;Anna;1435915596269;unknown;unknown;1;250;1;660;41843;-1;-59
;ServiceLog;Anna;1435915596269;unknown;unknown;250-1-660-41843;-1;-1;-1;-1;-1;-107
;ServiceLog;Anna;1435915597344;unknown;unknown;1;250;1;660;41843;-1;-59
;ServiceLog;Anna;1435915597344;unknown;unknown;250-1-660-41843;-1;-1;-1;-1;-1;-107
;ServiceLog;Anna;1435915598359;unknown;unknown;1;250;1;660;41843;-1;-59
;ServiceLog;Anna;1435915598359;unknown;unknown;250-1-660-41843;-1;-1;-1;-1;-1;-107
;ServiceLog;Anna;1435915599436;unknown;unknown;1;250;1;660;41843;-1;-59
;ServiceLog;Anna;1435915599436;unknown;unknown;250-1-660-41843;-1;-1;-1;-1;-1;-107
;ServiceLog;Anna;1435915600447;unknown;unknown;1;250;1;660;41843;-1;-61
;ServiceLog;Anna;1435915600447;unknown;unknown;250-1-660-41843;-1;-1;-1;-1;-1;-107
;ServiceLog;Anna;1435915601528;unknown;unknown;1;250;1;660;41843;-1;-61
;ServiceLog;Anna;1435915601528;unknown;unknown;250-1-660-41843;-1;-1;-1;-1;-1;-107
;ServiceLog;Anna;1435915602540;unknown;unknown;1;250;1;660;41843;-1;-57
;ServiceLog;Anna;1435915602540;unknown;unknown;250-1-660-41843;-1;-1;-1;-1;-1;-107
;ServiceLog;Anna;1435915603614;unknown;unknown;1;250;1;660;41843;-1;-57
;ServiceLog;Anna;1435915603614;unknown;unknown;250-1-660-41843;-1;-1;-1;-1;-1;-107
;ServiceLog;Anna;1435915604625;unknown;unknown;1;250;1;660;41843;-1;-61
;ServiceLog;Anna;1435915604625;unknown;unknown;250-1-660-41843;-1;-1;-1;-1;-1;-107
;ServiceLog;Anna;1435915605704;unknown;unknown;1;250;1;660;41843;-1;-61
;ServiceLog;Anna;1435915605704;unknown;unknown;250-1-660-41843;-1;-1;-1;-1;-1;-107
;ServiceLog;Anna;1435915606715;unknown;unknown;1;250;1;660;41843;-1;-59
;ServiceLog;Anna;1435915606715;unknown;unknown;250-1-660-41843;-1;-1;-1;-1;-1;-107
;ServiceLog;Anna;1435915607792;unknown;unknown;1;250;1;660;41843;-1;-59
;ServiceLog;Anna;1435915607792;unknown;unknown;250-1-660-41843;-1;-1;-1;-1;-1;-107
;ServiceLog;Anna;1435915608814;unknown;unknown;1;250;1;660;41843;-1;-59
;ServiceLog;Anna;1435915608814;unknown;unknown;250-1-660-41843;-1;-1;-1;-1;-1;-107
;ServiceLog;Anna;1435915609846;unknown;unknown;1;250;1;660;41843;-1;-59
;ServiceLog;Anna;1435915609846;unknown;unknown;250-1-660-41843;-1;-1;-1;-1;-1;-107
;ServiceLog;Anna;1435915610856;unknown;unknown;1;250;1;660;41843;-1;-53
;ServiceLog;Anna;1435915610856;unknown;unknown;250-1-660-41843;-1;-1;-1;-1;-1;-107
;ServiceLog;Anna;1435915611947;unknown;unknown;1;250;1;660;41843;-1;-53
;ServiceLog;Anna;1435915611947;unknown;unknown;250-1-660-41843;-1;-1;-1;-1;-1;-107
;ServiceLog;Anna;1435915612962;unknown;unknown;1;250;1;660;41843;-1;-75
;ServiceLog;Anna;1435915612962;unknown;unknown;250-1-660-41843;-1;-1;-1;-1;-1;-107
;ServiceLog;Anna;1435915614051;unknown;unknown;1;250;1;660;41843;-1;-75
;ServiceLog;Anna;1435915614051;unknown;unknown;250-1-660-41843;-1;-1;-1;-1;-1;-107
;ServiceLog;Anna;1435915615075;unknown;unknown;1;250;1;660;41843;-1;-71
;ServiceLog;Anna;1435915615075;unknown;unknown;250-1-660-41843;-1;-1;-1;-1;-1;-107
;ServiceLog;Anna;1435915616153;unknown;unknown;1;250;1;660;41843;-1;-71
;ServiceLog;Anna;1435915616153;unknown;unknown;250-1-660-41843;-1;-1;-1;-1;-1;-107
;ServiceLog;Anna;1435915617163;unknown;unknown;1;250;1;660;41843;-1;-71
;ServiceLog;Anna;1435915617163;unknown;unknown;250-1-660-41843;-1;-1;-1;-1;-1;-107
;ServiceLog;Anna;1435915618195;unknown;unknown;1;250;1;660;41843;-1;-71
;ServiceLog;Anna;1435915618195;unknown;unknown;250-1-660-41843;-1;-1;-1;-1;-1;-107
;ServiceLog;Anna;1435915619213;unknown;unknown;1;250;1;660;41843;-1;-75
;ServiceLog;Anna;1435915619213;unknown;unknown;250-1-660-41843;-1;-1;-1;-1;-1;-107
;ServiceLog;Anna;1435915620297;unknown;unknown;1;250;1;660;41843;-1;-75
;ServiceLog;Anna;1435915620297;unknown;unknown;250-1-660-41843;-1;-1;-1;-1;-1;-107
;ServiceLog;Anna;1435915621308;unknown;unknown;1;250;1;660;41843;-1;-81
;ServiceLog;Anna;1435915621308;unknown;unknown;250-1-660-41843;-1;-1;-1;-1;-1;-107
;ServiceLog;Anna;1435915622393;unknown;unknown;1;250;1;660;41843;-1;-81
;ServiceLog;Anna;1435915622393;unknown;unknown;250-1-660-41843;-1;-1;-1;-1;-1;-107
;ServiceLog;Anna;1435915623405;unknown;unknown;1;250;1;660;41843;-1;-77
;ServiceLog;Anna;1435915623405;unknown;unknown;250-1-660-41843;-1;-1;-1;-1;-1;-107
;ServiceLog;Anna;1435915624488;unknown;unknown;1;250;1;660;41843;-1;-77
;ServiceLog;Anna;1435915624488;unknown;unknown;250-1-660-41843;-1;-1;-1;-1;-1;-107
;ServiceLog;Anna;1435915625498;unknown;unknown;1;250;1;660;41843;-1;-75
;ServiceLog;Anna;1435915625498;unknown;unknown;250-1-660-41843;-1;-1;-1;-1;-1;-107
;ServiceLog;Anna;1435915626528;unknown;unknown;1;250;1;660;41843;-1;-75
;ServiceLog;Anna;1435915626528;unknown;unknown;250-1-660-41843;-1;-1;-1;-1;-1;-107
;ServiceLog;Anna;1435915627537;unknown;unknown;1;250;1;660;41843;-1;-73
;ServiceLog;Anna;1435915627537;unknown;unknown;250-1-660-41843;-1;-1;-1;-1;-1;-107
;ServiceLog;Anna;1435915628567;unknown;unknown;1;250;1;660;41843;-1;-73
;ServiceLog;Anna;1435915628567;unknown;unknown;250-1-660-41843;-1;-1;-1;-1;-1;-107
;ServiceLog;Anna;1435915629579;unknown;unknown;1;250;1;660;41843;-1;-73
;ServiceLog;Anna;1435915629579;unknown;unknown;250-1-660-41843;-1;-1;-1;-1;-1;-107
;ServiceLog;Anna;1435915630656;unknown;unknown;1;250;1;660;41843;-1;-73
;ServiceLog;Anna;1435915630656;unknown;unknown;250-1-660-41843;-1;-1;-1;-1;-1;-107
;ServiceLog;Anna;1435915631675;unknown;unknown;1;250;1;660;41843;-1;-73
;ServiceLog;Anna;1435915631675;unknown;unknown;250-1-660-41843;-1;-1;-1;-1;-1;-107
;ServiceLog;Anna;1435915632755;unknown;unknown;1;250;1;660;41843;-1;-73
;ServiceLog;Anna;1435915632755;unknown;unknown;250-1-660-41843;-1;-1;-1;-1;-1;-107
;ServiceLog;Anna;1435915633765;unknown;unknown;1;250;1;660;41843;-1;-71
;ServiceLog;Anna;1435915633765;unknown;unknown;250-1-660-41843;-1;-1;-1;-1;-1;-107
;ServiceLog;Anna;1435915634844;unknown;unknown;1;250;1;660;41843;-1;-71
;ServiceLog;Anna;1435915634844;unknown;unknown;250-1-660-41843;-1;-1;-1;-1;-1;-107
;ServiceLog;Anna;1435915635856;unknown;unknown;1;250;1;660;41843;-1;-77
;ServiceLog;Anna;1435915635856;unknown;unknown;250-1-660-41843;-1;-1;-1;-1;-1;-107
;ServiceLog;Anna;1435915636899;unknown;unknown;1;250;1;660;41843;-1;-77
;ServiceLog;Anna;1435915636899;unknown;unknown;250-1-660-41843;-1;-1;-1;-1;-1;-107
;ServiceLog;Anna;1435915637917;unknown;unknown;1;250;1;660;41843;-1;-75
;ServiceLog;Anna;1435915637917;unknown;unknown;250-1-660-41843;-1;-1;-1;-1;-1;-107
;ServiceLog;Anna;1435915638996;unknown;unknown;1;250;1;660;41843;-1;-75
;ServiceLog;Anna;1435915638996;unknown;unknown;250-1-660-41843;-1;-1;-1;-1;-1;-107
;ServiceLog;Anna;1435915640006;unknown;unknown;1;250;1;660;41843;-1;-73
;ServiceLog;Anna;1435915640006;unknown;unknown;250-1-660-41843;-1;-1;-1;-1;-1;-107
;ServiceLog;Anna;1435915641101;unknown;unknown;1;250;1;660;41843;-1;-73
;ServiceLog;Anna;1435915641101;unknown;unknown;250-1-660-41843;-1;-1;-1;-1;-1;-107
;ServiceLog;Anna;1435915642113;unknown;unknown;1;250;1;660;41843;-1;-87
;ServiceLog;Anna;1435915642113;unknown;unknown;250-1-660-41843;-1;-1;-1;-1;-1;-107
;ServiceLog;Anna;1435915643197;unknown;unknown;1;250;1;660;41843;-1;-87
;ServiceLog;Anna;1435915643197;unknown;unknown;250-1-660-41843;-1;-1;-1;-1;-1;-107
;ServiceLog;Anna;1435915644208;unknown;unknown;1;250;1;660;41843;-1;-109
;ServiceLog;Anna;1435915644208;unknown;unknown;250-1-660-41843;-1;-1;-1;-1;-1;-107
;ServiceLog;Anna;1435915645287;unknown;unknown;1;250;1;660;41843;-1;-109
;ServiceLog;Anna;1435915645287;unknown;unknown;250-1-660-41843;-1;-1;-1;-1;-1;-107
;ServiceLog;Anna;1435915646299;unknown;unknown;1;250;1;660;41843;-1;-113
;ServiceLog;Anna;1435915646299;unknown;unknown;250-1-660-41843;-1;-1;-1;-1;-1;-107
;ServiceLog;Anna;1435915647333;unknown;unknown;1;250;1;660;41843;-1;-113
;ServiceLog;Anna;1435915647333;unknown;unknown;250-1-660-41843;-1;-1;-1;-1;-1;-107
;ServiceLog;Anna;1435915648343;unknown;unknown;1;250;1;660;41843;-1;-111
;ServiceLog;Anna;1435915648343;unknown;unknown;250-1-660-41843;-1;-1;-1;-1;-1;-107
;ServiceLog;Anna;1435915649381;unknown;unknown;1;250;1;660;41843;-1;-111
;ServiceLog;Anna;1435915649381;unknown;unknown;250-1-660-41843;-1;-1;-1;-1;-1;-107
;ServiceLog;Anna;1435915650393;unknown;unknown;1;250;1;660;41843;-1;-109
;ServiceLog;Anna;1435915650393;unknown;unknown;250-1-660-41843;-1;-1;-1;-1;-1;-107
;ServiceLog;Anna;1435915651424;unknown;unknown;1;250;1;660;41843;-1;-109
;ServiceLog;Anna;1435915651424;unknown;unknown;250-1-660-41843;-1;-1;-1;-1;-1;-107
;ServiceLog;Anna;1435915652442;unknown;unknown;1;250;1;660;41843;-1;-109
;ServiceLog;Anna;1435915652442;unknown;unknown;250-1-660-41843;-1;-1;-1;-1;-1;-107
;ServiceLog;Anna;1435915653505;unknown;unknown;1;250;1;660;41843;-1;-109
;ServiceLog;Anna;1435915653505;unknown;unknown;250-1-660-41843;-1;-1;-1;-1;-1;-107
;ServiceLog;Anna;1435915654520;unknown;unknown;1;250;1;660;41843;-1;-109
;ServiceLog;Anna;1435915654520;unknown;unknown;250-1-660-41843;-1;-1;-1;-1;-1;-107
;ServiceLog;Anna;1435915655589;unknown;unknown;1;250;1;660;41843;-1;-109
;ServiceLog;Anna;1435915655589;unknown;unknown;250-1-660-41843;-1;-1;-1;-1;-1;-107
;ServiceLog;Anna;1435915656602;unknown;unknown;1;250;1;660;41843;-1;-109
;ServiceLog;Anna;1435915656602;unknown;unknown;250-1-660-41843;-1;-1;-1;-1;-1;-107
;ServiceLog;Anna;1435915657666;unknown;unknown;1;250;1;660;41843;-1;-109
;ServiceLog;Anna;1435915657666;unknown;unknown;250-1-660-41843;-1;-1;-1;-1;-1;-107
;ServiceLog;Anna;1435915658678;unknown;unknown;1;-1;-1;-1;-1;-1;-113
;ServiceLog;Anna;1435915659714;unknown;unknown;1;-1;-1;-1;-1;-1;-113
;ServiceLog;Anna;1435915660726;unknown;unknown;1;-1;-1;-1;-1;-1;-113
;ServiceLog;Anna;1435915661802;unknown;unknown;1;-1;-1;-1;-1;-1;-113
;ServiceLog;Anna;1435915662813;unknown;unknown;1;-1;-1;-1;-1;-1;0
;ServiceLog;Anna;1435915663941;unknown;unknown;1;-1;-1;-1;-1;-1;0
;ServiceLog;Anna;1435915664974;unknown;unknown;1;-1;-1;-1;-1;-1;0
;ServiceLog;Anna;1435915666035;unknown;unknown;1;-1;-1;-1;-1;-1;0
;ServiceLog;Anna;1435915667071;unknown;unknown;1;250;99;26627;19007;-1;-71
;ServiceLog;Anna;1435915668104;unknown;unknown;1;250;99;26627;19007;-1;-71
;ServiceLog;Anna;1435915669120;unknown;unknown;1;250;99;26627;19007;-1;-77
;ServiceLog;Anna;1435915669120;unknown;unknown;250-99-26627-19007;250;99;26627;19051;-1;-93
;ServiceLog;Anna;1435915670198;unknown;unknown;1;250;99;26627;19007;-1;-77
;ServiceLog;Anna;1435915670198;unknown;unknown;250-99-26627-19007;250;99;26627;19051;-1;-93
;ServiceLog;Anna;1435915671210;unknown;unknown;1;250;99;26627;19007;-1;-83
;ServiceLog;Anna;1435915671210;unknown;unknown;250-99-26627-19007;250;99;26627;19051;-1;-91
;ServiceLog;Anna;1435915672247;unknown;unknown;1;250;99;26627;19007;-1;-83
;ServiceLog;Anna;1435915672247;unknown;unknown;250-99-26627-19007;250;99;26627;19051;-1;-91
;ServiceLog;Anna;1435915673257;unknown;unknown;1;250;99;26627;19007;-1;-85
;ServiceLog;Anna;1435915673257;unknown;unknown;250-99-26627-19007;250;99;26627;19051;-1;-93
;ServiceLog;Anna;1435915674352;unknown;unknown;1;250;99;26627;19007;-1;-85
;ServiceLog;Anna;1435915674352;unknown;unknown;250-99-26627-19007;250;99;26627;19051;-1;-93
;ServiceLog;Anna;1435915675366;unknown;unknown;1;250;99;26627;19007;-1;-89
;ServiceLog;Anna;1435915675366;unknown;unknown;250-99-26627-19007;250;99;26627;19051;-1;-97
;ServiceLog;Anna;1435915676442;unknown;unknown;1;250;99;26627;19007;-1;-89
;ServiceLog;Anna;1435915676442;unknown;unknown;250-99-26627-19007;250;99;26627;19051;-1;-97
;ServiceLog;Anna;1435915677452;unknown;unknown;1;250;99;26627;19007;-1;-89
;ServiceLog;Anna;1435915677452;unknown;unknown;250-99-26627-19007;250;99;26627;19051;-1;-95
;ServiceLog;Anna;1435915678527;unknown;unknown;1;250;99;26627;19007;-1;-89
;ServiceLog;Anna;1435915678527;unknown;unknown;250-99-26627-19007;250;99;26627;19051;-1;-95
;ServiceLog;Anna;1435915679546;unknown;unknown;1;250;99;26627;19007;-1;-91
;ServiceLog;Anna;1435915679546;unknown;unknown;250-99-26627-19007;250;99;26627;19051;-1;-93
;ServiceLog;Anna;1435915680627;unknown;unknown;1;250;99;26627;19007;-1;-91
;ServiceLog;Anna;1435915680627;unknown;unknown;250-99-26627-19007;250;99;26627;19051;-1;-93
;ServiceLog;Anna;1435915681638;unknown;unknown;1;250;99;26627;19007;-1;-89
;ServiceLog;Anna;1435915681638;unknown;unknown;250-99-26627-19007;250;99;26627;19051;-1;-91
;ServiceLog;Anna;1435915682677;unknown;unknown;1;250;99;26627;19007;-1;-89
;ServiceLog;Anna;1435915682677;unknown;unknown;250-99-26627-19007;250;99;26627;19051;-1;-91
;ServiceLog;Anna;1435915683688;unknown;unknown;1;250;99;26627;19007;-1;-93
;ServiceLog;Anna;1435915683688;unknown;unknown;250-99-26627-19007;250;99;26627;19051;-1;-91
;ServiceLog;Anna;1435915684766;unknown;unknown;1;250;99;26627;19007;-1;-93
;ServiceLog;Anna;1435915684766;unknown;unknown;250-99-26627-19007;250;99;26627;19051;-1;-91
;ServiceLog;Anna;1435915685781;unknown;unknown;1;250;99;26627;19007;-1;-95
;ServiceLog;Anna;1435915685781;unknown;unknown;250-99-26627-19007;250;99;26627;19051;-1;-89
;ServiceLog;Anna;1435915686847;unknown;unknown;1;250;99;26627;19007;-1;-95
;ServiceLog;Anna;1435915686847;unknown;unknown;250-99-26627-19007;250;99;26627;19051;-1;-89
;ServiceLog;Anna;1435915687857;unknown;unknown;1;250;99;26627;19007;-1;-95
;ServiceLog;Anna;1435915687857;unknown;unknown;250-99-26627-19007;250;99;26627;19051;-1;-89
;ServiceLog;Anna;1435915688935;unknown;unknown;1;250;99;26627;19007;-1;-95
;ServiceLog;Anna;1435915688935;unknown;unknown;250-99-26627-19007;250;99;26627;19051;-1;-89
;ServiceLog;Anna;1435915689949;unknown;unknown;1;250;99;26627;19007;-1;-97
;ServiceLog;Anna;1435915689949;unknown;unknown;250-99-26627-19007;250;99;26627;19051;-1;-91
;ServiceLog;Anna;1435915690993;unknown;unknown;1;250;99;26627;19007;-1;-97
;ServiceLog;Anna;1435915690993;unknown;unknown;250-99-26627-19007;250;99;26627;19051;-1;-91
;ServiceLog;Anna;1435915692006;unknown;unknown;1;250;99;26627;19051;-1;-91
;ServiceLog;Anna;1435915692006;unknown;unknown;250-99-26627-19051;-1;-1;-1;-1;-1;-93
;ServiceLog;Anna;1435915693038;unknown;unknown;1;250;99;26627;19051;-1;-91
;ServiceLog;Anna;1435915693038;unknown;unknown;250-99-26627-19051;-1;-1;-1;-1;-1;-93
;ServiceLog;Anna;1435915694056;unknown;unknown;1;250;99;26627;19051;-1;-87
;ServiceLog;Anna;1435915694056;unknown;unknown;250-99-26627-19051;-1;-1;-1;-1;-1;-95
;ServiceLog;Anna;1435915695140;unknown;unknown;1;250;99;26627;19051;-1;-87
;ServiceLog;Anna;1435915695140;unknown;unknown;250-99-26627-19051;-1;-1;-1;-1;-1;-95
;ServiceLog;Anna;1435915696152;unknown;unknown;1;250;99;26627;19051;-1;-81
;ServiceLog;Anna;1435915696152;unknown;unknown;250-99-26627-19051;-1;-1;-1;-1;-1;-95
;ServiceLog;Anna;1435915697186;unknown;unknown;1;250;99;26627;19051;-1;-81
;ServiceLog;Anna;1435915697186;unknown;unknown;250-99-26627-19051;-1;-1;-1;-1;-1;-95
;ServiceLog;Anna;1435915698197;unknown;unknown;1;250;99;26627;19051;-1;-75
;ServiceLog;Anna;1435915698197;unknown;unknown;250-99-26627-19051;-1;-1;-1;-1;-1;-95
;ServiceLog;Anna;1435915699288;unknown;unknown;1;250;99;26627;19051;-1;-75
;ServiceLog;Anna;1435915699288;unknown;unknown;250-99-26627-19051;-1;-1;-1;-1;-1;-95
;ServiceLog;Anna;1435915700299;unknown;unknown;1;250;99;26627;19051;-1;-75
;ServiceLog;Anna;1435915700299;unknown;unknown;250-99-26627-19051;-1;-1;-1;-1;-1;-95
;ServiceLog;Anna;1435915701375;unknown;unknown;1;250;99;26627;19051;-1;-75
;ServiceLog;Anna;1435915701375;unknown;unknown;250-99-26627-19051;-1;-1;-1;-1;-1;-95
;ServiceLog;Anna;1435915702391;unknown;unknown;1;250;99;26627;19051;-1;-83
;ServiceLog;Anna;1435915702391;unknown;unknown;250-99-26627-19051;-1;-1;-1;-1;-1;-93
;ServiceLog;Anna;1435915703465;unknown;unknown;1;250;99;26627;19051;-1;-83
;ServiceLog;Anna;1435915703465;unknown;unknown;250-99-26627-19051;-1;-1;-1;-1;-1;-93
;ServiceLog;Anna;1435915704482;unknown;unknown;1;250;99;26627;19051;-1;-75
;ServiceLog;Anna;1435915704482;unknown;unknown;250-99-26627-19051;-1;-1;-1;-1;-1;-95
;ServiceLog;Anna;1435915705523;unknown;unknown;1;250;99;26627;19051;-1;-75
;ServiceLog;Anna;1435915705523;unknown;unknown;250-99-26627-19051;-1;-1;-1;-1;-1;-95
;ServiceLog;Anna;1435915706536;unknown;unknown;1;250;99;26627;19051;-1;-77
;ServiceLog;Anna;1435915706536;unknown;unknown;250-99-26627-19051;-1;-1;-1;-1;-1;-95
;ServiceLog;Anna;1435915707619;unknown;unknown;1;250;99;26627;19051;-1;-77
;ServiceLog;Anna;1435915707619;unknown;unknown;250-99-26627-19051;-1;-1;-1;-1;-1;-95
;ServiceLog;Anna;1435915708629;unknown;unknown;1;250;99;26627;19051;-1;-73
;ServiceLog;Anna;1435915708629;unknown;unknown;250-99-26627-19051;-1;-1;-1;-1;-1;-97
;ServiceLog;Anna;1435915709706;unknown;unknown;1;250;99;26627;19051;-1;-73
;ServiceLog;Anna;1435915709706;unknown;unknown;250-99-26627-19051;-1;-1;-1;-1;-1;-97
;ServiceLog;Anna;1435915710717;unknown;unknown;1;250;99;26627;19051;-1;-69
;ServiceLog;Anna;1435915710717;unknown;unknown;250-99-26627-19051;-1;-1;-1;-1;-1;-97
;ServiceLog;Anna;1435915711758;unknown;unknown;1;250;99;26627;19051;-1;-69
;ServiceLog;Anna;1435915711758;unknown;unknown;250-99-26627-19051;-1;-1;-1;-1;-1;-97
;ServiceLog;Anna;1435915712770;unknown;unknown;1;250;99;26627;19051;-1;-61
;ServiceLog;Anna;1435915712770;unknown;unknown;250-99-26627-19051;-1;-1;-1;-1;-1;-97
;ServiceLog;Anna;1435915713848;unknown;unknown;1;250;99;26627;19051;-1;-61
;ServiceLog;Anna;1435915713848;unknown;unknown;250-99-26627-19051;-1;-1;-1;-1;-1;-97
;ServiceLog;Anna;1435915714865;unknown;unknown;1;250;99;26627;19051;-1;-67
;ServiceLog;Anna;1435915714865;unknown;unknown;250-99-26627-19051;-1;-1;-1;-1;-1;-101
;ServiceLog;Anna;1435915715956;unknown;unknown;1;250;99;26627;19051;-1;-67
;ServiceLog;Anna;1435915715956;unknown;unknown;250-99-26627-19051;-1;-1;-1;-1;-1;-101
;ServiceLog;Anna;1435915716967;unknown;unknown;1;250;99;26627;19051;-1;-71
;ServiceLog;Anna;1435915716967;unknown;unknown;250-99-26627-19051;-1;-1;-1;-1;-1;-99
;ServiceLog;Anna;1435915718046;unknown;unknown;1;250;99;26627;19051;-1;-71
;ServiceLog;Anna;1435915718046;unknown;unknown;250-99-26627-19051;-1;-1;-1;-1;-1;-99
;ServiceLog;Anna;1435915719056;unknown;unknown;1;250;99;26627;19051;-1;-59
;ServiceLog;Anna;1435915719056;unknown;unknown;250-99-26627-19051;-1;-1;-1;-1;-1;-101
;ServiceLog;Anna;1435915720126;unknown;unknown;1;250;99;26627;19051;-1;-59
;ServiceLog;Anna;1435915720126;unknown;unknown;250-99-26627-19051;-1;-1;-1;-1;-1;-101
;ServiceLog;Anna;1435915721137;unknown;unknown;1;250;99;26627;19051;-1;-59
;ServiceLog;Anna;1435915721137;unknown;unknown;250-99-26627-19051;-1;-1;-1;-1;-1;-101
;ServiceLog;Anna;1435915722212;unknown;unknown;1;250;99;26627;19051;-1;-59
;ServiceLog;Anna;1435915722212;unknown;unknown;250-99-26627-19051;-1;-1;-1;-1;-1;-101
;ServiceLog;Anna;1435915723222;unknown;unknown;1;250;99;26627;19051;-1;-59
;ServiceLog;Anna;1435915723222;unknown;unknown;250-99-26627-19051;-1;-1;-1;-1;-1;-101
;ServiceLog;Anna;1435915724292;unknown;unknown;1;250;99;26627;19051;-1;-59
;ServiceLog;Anna;1435915724292;unknown;unknown;250-99-26627-19051;-1;-1;-1;-1;-1;-101
;ServiceLog;Anna;1435915725301;unknown;unknown;1;250;99;26627;19051;-1;-55
;ServiceLog;Anna;1435915725301;unknown;unknown;250-99-26627-19051;250;99;26627;19007;-1;-101
;ServiceLog;Anna;1435915726373;unknown;unknown;1;250;99;26627;19051;-1;-55
;ServiceLog;Anna;1435915726373;unknown;unknown;250-99-26627-19051;250;99;26627;19007;-1;-101
;ServiceLog;Anna;1435915727386;unknown;unknown;1;250;99;26627;19051;-1;-57
;ServiceLog;Anna;1435915727386;unknown;unknown;250-99-26627-19051;250;99;26627;19007;-1;-103
;ServiceLog;Anna;1435915728466;unknown;unknown;1;250;99;26627;19051;-1;-57
;ServiceLog;Anna;1435915728466;unknown;unknown;250-99-26627-19051;250;99;26627;19007;-1;-103
;ServiceLog;Anna;1435915729486;unknown;unknown;1;250;99;26627;19051;-1;-57
;ServiceLog;Anna;1435915729486;unknown;unknown;250-99-26627-19051;250;99;26627;19007;-1;-103
;ServiceLog;Anna;1435915730563;unknown;unknown;1;250;99;26627;19051;-1;-57
;ServiceLog;Anna;1435915730563;unknown;unknown;250-99-26627-19051;250;99;26627;19007;-1;-103
;ServiceLog;Anna;1435915731578;unknown;unknown;1;250;99;26627;19051;-1;-65
;ServiceLog;Anna;1435915731578;unknown;unknown;250-99-26627-19051;250;99;26627;19007;-1;-103
;ServiceLog;Anna;1435915732656;unknown;unknown;1;250;99;26627;19051;-1;-65
;ServiceLog;Anna;1435915732656;unknown;unknown;250-99-26627-19051;250;99;26627;19007;-1;-103
;ServiceLog;Anna;1435915733668;unknown;unknown;1;250;99;26627;19051;-1;-55
;ServiceLog;Anna;1435915733668;unknown;unknown;250-99-26627-19051;250;99;26627;19007;-1;-107
;ServiceLog;Anna;1435915734748;unknown;unknown;1;250;99;26627;19051;-1;-55
;ServiceLog;Anna;1435915734748;unknown;unknown;250-99-26627-19051;250;99;26627;19007;-1;-107
;ServiceLog;Anna;1435915735768;unknown;unknown;1;250;99;26627;19051;-1;-55
;ServiceLog;Anna;1435915735768;unknown;unknown;250-99-26627-19051;250;99;26627;19007;-1;-107
;ServiceLog;Anna;1435915736843;unknown;unknown;1;250;99;26627;19051;-1;-55
;ServiceLog;Anna;1435915736843;unknown;unknown;250-99-26627-19051;250;99;26627;19007;-1;-107
;ServiceLog;Anna;1435915737853;unknown;unknown;1;250;99;26627;19051;-1;-59
;ServiceLog;Anna;1435915737853;unknown;unknown;250-99-26627-19051;250;99;26627;19007;-1;-107
;ServiceLog;Anna;1435915738939;unknown;unknown;1;250;99;26627;19051;-1;-59
;ServiceLog;Anna;1435915738939;unknown;unknown;250-99-26627-19051;250;99;26627;19007;-1;-107
;ServiceLog;Anna;1435915739951;unknown;unknown;1;250;99;26627;19051;-1;-57
;ServiceLog;Anna;1435915739951;unknown;unknown;250-99-26627-19051;250;99;26627;19007;-1;-107
;ServiceLog;Anna;1435915741044;unknown;unknown;1;250;99;26627;19051;-1;-57
;ServiceLog;Anna;1435915741044;unknown;unknown;250-99-26627-19051;250;99;26627;19007;-1;-107
;ServiceLog;Anna;1435915742075;unknown;unknown;1;250;99;26627;19051;-1;-59
;ServiceLog;Anna;1435915742075;unknown;unknown;250-99-26627-19051;250;99;26627;19007;-1;-107
;ServiceLog;Anna;1435915743155;unknown;unknown;1;250;99;26627;19051;-1;-59
;ServiceLog;Anna;1435915743155;unknown;unknown;250-99-26627-19051;250;99;26627;19007;-1;-107
;ServiceLog;Anna;1435915744177;unknown;unknown;1;250;99;26627;19051;-1;-69
;ServiceLog;Anna;1435915744177;unknown;unknown;250-99-26627-19051;250;99;26627;19007;-1;-107
;ServiceLog;Anna;1435915745255;unknown;unknown;1;250;99;26627;19051;-1;-69
;ServiceLog;Anna;1435915745255;unknown;unknown;250-99-26627-19051;250;99;26627;19007;-1;-107
;ServiceLog;Anna;1435915746274;unknown;unknown;1;250;99;26627;19051;-1;-59
;ServiceLog;Anna;1435915746274;unknown;unknown;250-99-26627-19051;250;99;26627;19007;-1;-107
;ServiceLog;Anna;1435915747305;unknown;unknown;1;250;99;26627;19051;-1;-59
;ServiceLog;Anna;1435915747305;unknown;unknown;250-99-26627-19051;250;99;26627;19007;-1;-107
;ServiceLog;Anna;1435915748317;unknown;unknown;1;250;99;26627;19051;-1;-55
;ServiceLog;Anna;1435915748317;unknown;unknown;250-99-26627-19051;250;99;26627;19007;-1;-107
;ServiceLog;Anna;1435915749390;unknown;unknown;1;250;99;26627;19051;-1;-55
;ServiceLog;Anna;1435915749390;unknown;unknown;250-99-26627-19051;250;99;26627;19007;-1;-107
;ServiceLog;Anna;1435915750401;unknown;unknown;1;250;99;26627;19051;-1;-57
;ServiceLog;Anna;1435915750401;unknown;unknown;250-99-26627-19051;250;99;26627;19007;-1;-107
;ServiceLog;Anna;1435915751474;unknown;unknown;1;250;99;26627;19051;-1;-57
;ServiceLog;Anna;1435915751474;unknown;unknown;250-99-26627-19051;250;99;26627;19007;-1;-107
;ServiceLog;Anna;1435915752484;unknown;unknown;1;250;99;26627;19051;-1;-59
;ServiceLog;Anna;1435915752484;unknown;unknown;250-99-26627-19051;250;99;26627;19007;-1;-107
;ServiceLog;Anna;1435915753561;unknown;unknown;1;250;99;26627;19051;-1;-59
;ServiceLog;Anna;1435915753561;unknown;unknown;250-99-26627-19051;250;99;26627;19007;-1;-107
;ServiceLog;Anna;1435915754571;unknown;unknown;1;250;99;26627;19051;-1;-69
;ServiceLog;Anna;1435915754571;unknown;unknown;250-99-26627-19051;250;99;26627;19007;-1;-107
;ServiceLog;Anna;1435915755648;unknown;unknown;1;250;99;26627;19051;-1;-69
;ServiceLog;Anna;1435915755648;unknown;unknown;250-99-26627-19051;250;99;26627;19007;-1;-107
;ServiceLog;Anna;1435915756658;unknown;unknown;1;250;99;26627;19051;-1;-73
;ServiceLog;Anna;1435915756658;unknown;unknown;250-99-26627-19051;250;99;26627;19007;-1;-107
;ServiceLog;Anna;1435915757696;unknown;unknown;1;250;99;26627;19051;-1;-73
;ServiceLog;Anna;1435915757696;unknown;unknown;250-99-26627-19051;250;99;26627;19007;-1;-107
;ServiceLog;Anna;1435915758708;unknown;unknown;1;250;99;26627;19051;-1;-71
;ServiceLog;Anna;1435915758708;unknown;unknown;250-99-26627-19051;250;99;26627;19007;-1;-107
;ServiceLog;Anna;1435915759793;unknown;unknown;1;250;99;26627;19051;-1;-71
;ServiceLog;Anna;1435915759793;unknown;unknown;250-99-26627-19051;250;99;26627;19007;-1;-107
;ServiceLog;Anna;1435915760811;unknown;unknown;1;250;99;26627;19051;-1;-77
;ServiceLog;Anna;1435915760811;unknown;unknown;250-99-26627-19051;250;99;26627;19007;-1;-107
;ServiceLog;Anna;1435915761884;unknown;unknown;1;250;99;26627;19051;-1;-77
;ServiceLog;Anna;1435915761884;unknown;unknown;250-99-26627-19051;250;99;26627;19007;-1;-107
;ServiceLog;Anna;1435915762894;unknown;unknown;1;250;99;26627;19051;-1;-83
;ServiceLog;Anna;1435915762894;unknown;unknown;250-99-26627-19051;250;99;26627;19007;-1;-107
;ServiceLog;Anna;1435915763974;unknown;unknown;1;250;99;26627;19051;-1;-83
;ServiceLog;Anna;1435915763974;unknown;unknown;250-99-26627-19051;250;99;26627;19007;-1;-107
;ServiceLog;Anna;1435915764984;unknown;unknown;1;250;99;26627;19051;-1;-83
;ServiceLog;Anna;1435915764984;unknown;unknown;250-99-26627-19051;250;99;26627;19007;-1;-107
;ServiceLog;Anna;1435915766065;unknown;unknown;1;250;99;26627;19051;-1;-83
;ServiceLog;Anna;1435915766065;unknown;unknown;250-99-26627-19051;250;99;26627;19007;-1;-107
;ServiceLog;Anna;1435915767076;unknown;unknown;1;250;99;26627;19051;-1;-83
;ServiceLog;Anna;1435915767076;unknown;unknown;250-99-26627-19051;250;99;26627;19007;-1;-107
;ServiceLog;Anna;1435915768154;unknown;unknown;1;250;99;26627;19051;-1;-83
;ServiceLog;Anna;1435915768154;unknown;unknown;250-99-26627-19051;250;99;26627;19007;-1;-107
;ServiceLog;Anna;1435915769166;unknown;unknown;1;250;99;26627;19051;-1;-83
;ServiceLog;Anna;1435915769166;unknown;unknown;250-99-26627-19051;250;99;26627;19007;-1;-107
;ServiceLog;Anna;1435915770244;unknown;unknown;1;250;99;26627;19051;-1;-83
;ServiceLog;Anna;1435915770244;unknown;unknown;250-99-26627-19051;250;99;26627;19007;-1;-107
;ServiceLog;Anna;1435915771273;unknown;unknown;1;250;1;660;43922;-1;-83
;ServiceLog;Anna;1435915771273;unknown;unknown;250-1-660-43922;250;99;26627;19007;-1;-107
;ServiceLog;Anna;1435915772449;unknown;unknown;1;250;1;660;43922;-1;-83
;ServiceLog;Anna;1435915772449;unknown;unknown;250-1-660-43922;250;99;26627;19007;-1;-107
;ServiceLog;Anna;1435915773460;unknown;unknown;1;250;1;660;43922;-1;-83
;ServiceLog;Anna;1435915773460;unknown;unknown;250-1-660-43922;250;99;26627;19007;-1;-107
;ServiceLog;Anna;1435915774530;unknown;unknown;1;250;1;660;43922;-1;-83
;ServiceLog;Anna;1435915774530;unknown;unknown;250-1-660-43922;250;99;26627;19007;-1;-107
;ServiceLog;Anna;1435915775543;unknown;unknown;1;250;1;660;43922;-1;-71
;ServiceLog;Anna;1435915775543;unknown;unknown;250-1-660-43922;250;99;26627;19007;-1;-107
;ServiceLog;Anna;1435915776627;unknown;unknown;1;250;1;660;43922;-1;-71
;ServiceLog;Anna;1435915776627;unknown;unknown;250-1-660-43922;250;99;26627;19007;-1;-107
;ServiceLog;Anna;1435915777640;unknown;unknown;1;250;1;660;43922;-1;-77
;ServiceLog;Anna;1435915777640;unknown;unknown;250-1-660-43922;250;99;26627;19007;-1;-107
;ServiceLog;Anna;1435915778713;unknown;unknown;1;250;1;660;43922;-1;-77
;ServiceLog;Anna;1435915778713;unknown;unknown;250-1-660-43922;250;99;26627;19007;-1;-107
;ServiceLog;Anna;1435915779725;unknown;unknown;1;250;1;660;43922;-1;-61
;ServiceLog;Anna;1435915779725;unknown;unknown;250-1-660-43922;250;99;26627;19007;-1;-107
;ServiceLog;Anna;1435915780769;unknown;unknown;1;250;1;660;43922;-1;-61
;ServiceLog;Anna;1435915780769;unknown;unknown;250-1-660-43922;250;99;26627;19007;-1;-107
;ServiceLog;Anna;1435915781782;unknown;unknown;1;250;1;660;43922;-1;-57
;ServiceLog;Anna;1435915781782;unknown;unknown;250-1-660-43922;250;99;26627;19007;-1;-107
;ServiceLog;Anna;1435915782863;unknown;unknown;1;250;1;660;43922;-1;-57
;ServiceLog;Anna;1435915782863;unknown;unknown;250-1-660-43922;250;99;26627;19007;-1;-107
;ServiceLog;Anna;1435915783877;unknown;unknown;1;250;1;660;43922;-1;-57
;ServiceLog;Anna;1435915783877;unknown;unknown;250-1-660-43922;250;99;26627;19007;-1;-107
;ServiceLog;Anna;1435915784966;unknown;unknown;1;250;1;660;43922;-1;-57
;ServiceLog;Anna;1435915784966;unknown;unknown;250-1-660-43922;250;99;26627;19007;-1;-107
;ServiceLog;Anna;1435915785978;unknown;unknown;1;250;1;660;43922;-1;-75
;ServiceLog;Anna;1435915785978;unknown;unknown;250-1-660-43922;250;99;26627;19007;-1;-107
;ServiceLog;Anna;1435915787050;unknown;unknown;1;250;1;660;43922;-1;-75
;ServiceLog;Anna;1435915787050;unknown;unknown;250-1-660-43922;250;99;26627;19007;-1;-107
;ServiceLog;Anna;1435915788063;unknown;unknown;1;250;1;660;43922;-1;-75
;ServiceLog;Anna;1435915788063;unknown;unknown;250-1-660-43922;250;99;26627;19007;-1;-107
;ServiceLog;Anna;1435915789159;unknown;unknown;1;250;1;660;43922;-1;-75
;ServiceLog;Anna;1435915789159;unknown;unknown;250-1-660-43922;250;99;26627;19007;-1;-107
;ServiceLog;Anna;1435915790173;unknown;unknown;1;250;1;660;43922;-1;-71
;ServiceLog;Anna;1435915790173;unknown;unknown;250-1-660-43922;250;99;26627;19007;-1;-107
;ServiceLog;Anna;1435915791213;unknown;unknown;1;250;1;660;43922;-1;-71
;ServiceLog;Anna;1435915791213;unknown;unknown;250-1-660-43922;250;99;26627;19007;-1;-107
;ServiceLog;Anna;1435915792229;unknown;unknown;1;250;1;660;43922;-1;-75
;ServiceLog;Anna;1435915792229;unknown;unknown;250-1-660-43922;250;99;26627;19007;-1;-107
;ServiceLog;Anna;1435915793301;unknown;unknown;1;250;1;660;43922;-1;-75
;ServiceLog;Anna;1435915793301;unknown;unknown;250-1-660-43922;250;99;26627;19007;-1;-107
;ServiceLog;Anna;1435915794311;unknown;unknown;1;250;1;660;43922;-1;-79
;ServiceLog;Anna;1435915794311;unknown;unknown;250-1-660-43922;250;99;26627;19007;-1;-107
;ServiceLog;Anna;1435915795383;unknown;unknown;1;250;1;660;43922;-1;-79
;ServiceLog;Anna;1435915795383;unknown;unknown;250-1-660-43922;250;99;26627;19007;-1;-107
;ServiceLog;Anna;1435915796402;unknown;unknown;1;250;1;660;43922;-1;-73
;ServiceLog;Anna;1435915796402;unknown;unknown;250-1-660-43922;250;99;26627;19007;-1;-107
;ServiceLog;Anna;1435915797476;unknown;unknown;1;250;1;660;43922;-1;-73
;ServiceLog;Anna;1435915797476;unknown;unknown;250-1-660-43922;250;99;26627;19007;-1;-107
;ServiceLog;Anna;1435915798490;unknown;unknown;1;250;1;660;43922;-1;-71
;ServiceLog;Anna;1435915798490;unknown;unknown;250-1-660-43922;250;99;26627;19007;-1;-107
;ServiceLog;Anna;1435915799567;unknown;unknown;1;250;1;660;43922;-1;-71
;ServiceLog;Anna;1435915799567;unknown;unknown;250-1-660-43922;250;99;26627;19007;-1;-107
;ServiceLog;Anna;1435915800579;unknown;unknown;1;250;1;660;43922;-1;-69
;ServiceLog;Anna;1435915800579;unknown;unknown;250-1-660-43922;250;99;26627;19007;-1;-107
;ServiceLog;Anna;1435915801670;unknown;unknown;1;250;1;660;43922;-1;-69
;ServiceLog;Anna;1435915801670;unknown;unknown;250-1-660-43922;250;99;26627;19007;-1;-107
;ServiceLog;Anna;1435915802682;unknown;unknown;1;250;1;660;43922;-1;-71
;ServiceLog;Anna;1435915802682;unknown;unknown;250-1-660-43922;250;99;26627;19007;-1;-107
;ServiceLog;Anna;1435915803756;unknown;unknown;1;250;1;660;43922;-1;-71
;ServiceLog;Anna;1435915803756;unknown;unknown;250-1-660-43922;250;99;26627;19007;-1;-107
;ServiceLog;Anna;1435915804771;unknown;unknown;1;250;1;660;43922;-1;-73
;ServiceLog;Anna;1435915804771;unknown;unknown;250-1-660-43922;250;99;26627;19007;-1;-107
;ServiceLog;Anna;1435915805842;unknown;unknown;1;250;1;660;43922;-1;-73
;ServiceLog;Anna;1435915805842;unknown;unknown;250-1-660-43922;250;99;26627;19007;-1;-107
;ServiceLog;Anna;1435915806855;unknown;unknown;1;250;1;660;43922;-1;-75
;ServiceLog;Anna;1435915806855;unknown;unknown;250-1-660-43922;250;99;26627;19007;-1;-107
;ServiceLog;Anna;1435915807931;unknown;unknown;1;250;1;660;43922;-1;-75
;ServiceLog;Anna;1435915807931;unknown;unknown;250-1-660-43922;250;99;26627;19007;-1;-107
;ServiceLog;Anna;1435915808943;unknown;unknown;1;250;1;660;43922;-1;-71
;ServiceLog;Anna;1435915808943;unknown;unknown;250-1-660-43922;250;99;26627;19007;-1;-107
;ServiceLog;Anna;1435915810020;unknown;unknown;1;250;1;660;43922;-1;-71
;ServiceLog;Anna;1435915810020;unknown;unknown;250-1-660-43922;250;99;26627;19007;-1;-107
;ServiceLog;Anna;1435915811038;unknown;unknown;1;250;1;660;43922;-1;-67
;ServiceLog;Anna;1435915811038;unknown;unknown;250-1-660-43922;250;99;26627;19007;-1;-107
;ServiceLog;Anna;1435915812111;unknown;unknown;1;250;1;660;43922;-1;-67
;ServiceLog;Anna;1435915812111;unknown;unknown;250-1-660-43922;250;99;26627;19007;-1;-107
;ServiceLog;Anna;1435915813122;unknown;unknown;1;250;1;660;43922;-1;-63
;ServiceLog;Anna;1435915813122;unknown;unknown;250-1-660-43922;250;99;26627;19007;-1;-107
;ServiceLog;Anna;1435915814196;unknown;unknown;1;250;1;660;43922;-1;-63
;ServiceLog;Anna;1435915814196;unknown;unknown;250-1-660-43922;250;99;26627;19007;-1;-107
;ServiceLog;Anna;1435915815206;unknown;unknown;1;250;1;660;43922;-1;-63
;ServiceLog;Anna;1435915815206;unknown;unknown;250-1-660-43922;250;99;26627;19007;-1;-107
;ServiceLog;Anna;1435915816286;unknown;unknown;1;250;1;660;43922;-1;-63
;ServiceLog;Anna;1435915816286;unknown;unknown;250-1-660-43922;250;99;26627;19007;-1;-107
;ServiceLog;Anna;1435915817306;unknown;unknown;1;250;1;660;43922;-1;-65
;ServiceLog;Anna;1435915817306;unknown;unknown;250-1-660-43922;250;99;26627;19007;-1;-107
;ServiceLog;Anna;1435915818395;unknown;unknown;1;250;1;660;43922;-1;-65
;ServiceLog;Anna;1435915818395;unknown;unknown;250-1-660-43922;250;99;26627;19007;-1;-107
;ServiceLog;Anna;1435915819414;unknown;unknown;1;250;1;660;43922;-1;-65
;ServiceLog;Anna;1435915819414;unknown;unknown;250-1-660-43922;250;99;26627;19007;-1;-107
;ServiceLog;Anna;1435915820444;unknown;unknown;1;250;1;660;43922;-1;-65
;ServiceLog;Anna;1435915820444;unknown;unknown;250-1-660-43922;250;99;26627;19007;-1;-107
;ServiceLog;Anna;1435915821458;unknown;unknown;1;250;1;660;43922;-1;-71
;ServiceLog;Anna;1435915821458;unknown;unknown;250-1-660-43922;250;99;26627;19007;-1;-107
;ServiceLog;Anna;1435915822542;unknown;unknown;1;250;1;660;43922;-1;-71
;ServiceLog;Anna;1435915822542;unknown;unknown;250-1-660-43922;250;99;26627;19007;-1;-107
;ServiceLog;Anna;1435915823554;unknown;unknown;1;250;1;660;43922;-1;-77
;ServiceLog;Anna;1435915823554;unknown;unknown;250-1-660-43922;250;99;26627;19007;-1;-107
;ServiceLog;Anna;1435915824636;unknown;unknown;1;250;1;660;43922;-1;-77
;ServiceLog;Anna;1435915824636;unknown;unknown;250-1-660-43922;250;99;26627;19007;-1;-107
;ServiceLog;Anna;1435915825647;unknown;unknown;1;250;1;660;43922;-1;-69
;ServiceLog;Anna;1435915825647;unknown;unknown;250-1-660-43922;250;99;26627;19007;-1;-107
;ServiceLog;Anna;1435915826682;unknown;unknown;1;250;1;660;43922;-1;-69
;ServiceLog;Anna;1435915826682;unknown;unknown;250-1-660-43922;250;99;26627;19007;-1;-107
;ServiceLog;Anna;1435915827695;unknown;unknown;1;250;1;660;43922;-1;-73
;ServiceLog;Anna;1435915827695;unknown;unknown;250-1-660-43922;250;99;26627;19007;-1;-107
;ServiceLog;Anna;1435915828778;unknown;unknown;1;250;1;660;43922;-1;-73
;ServiceLog;Anna;1435915828778;unknown;unknown;250-1-660-43922;250;99;26627;19007;-1;-107
;ServiceLog;Anna;1435915829788;unknown;unknown;1;250;1;660;43922;-1;-73
;ServiceLog;Anna;1435915829788;unknown;unknown;250-1-660-43922;250;99;26627;19007;-1;-107
;ServiceLog;Anna;1435915830864;unknown;unknown;1;250;1;660;43922;-1;-73
;ServiceLog;Anna;1435915830864;unknown;unknown;250-1-660-43922;250;99;26627;19007;-1;-107
;ServiceLog;Anna;1435915831874;unknown;unknown;1;250;1;660;43922;-1;-69
;ServiceLog;Anna;1435915831874;unknown;unknown;250-1-660-43922;250;99;26627;19007;-1;-107
;ServiceLog;Anna;1435915832955;unknown;unknown;1;250;1;660;43922;-1;-69
;ServiceLog;Anna;1435915832955;unknown;unknown;250-1-660-43922;250;99;26627;19007;-1;-107
;ServiceLog;Anna;1435915833970;unknown;unknown;1;250;1;660;43922;-1;-69
;ServiceLog;Anna;1435915833970;unknown;unknown;250-1-660-43922;250;99;26627;19007;-1;-107
;ServiceLog;Anna;1435915835045;unknown;unknown;1;250;1;660;43922;-1;-69
;ServiceLog;Anna;1435915835045;unknown;unknown;250-1-660-43922;250;99;26627;19007;-1;-107
;ServiceLog;Anna;1435915836056;unknown;unknown;1;250;1;660;43922;-1;-71
;ServiceLog;Anna;1435915836056;unknown;unknown;250-1-660-43922;250;99;26627;19007;-1;-107
;ServiceLog;Anna;1435915837094;unknown;unknown;1;250;1;660;43922;-1;-71
;ServiceLog;Anna;1435915837094;unknown;unknown;250-1-660-43922;250;99;26627;19007;-1;-107
;ServiceLog;Anna;1435915838112;unknown;unknown;1;250;1;660;43922;-1;-73
;ServiceLog;Anna;1435915838112;unknown;unknown;250-1-660-43922;250;99;26627;19007;-1;-107
;ServiceLog;Anna;1435915839141;unknown;unknown;1;250;1;660;43922;-1;-73
;ServiceLog;Anna;1435915839141;unknown;unknown;250-1-660-43922;250;99;26627;19007;-1;-107
;ServiceLog;Anna;1435915840151;unknown;unknown;1;250;1;660;43922;-1;-67
;ServiceLog;Anna;1435915840151;unknown;unknown;250-1-660-43922;250;99;26627;19007;-1;-107
;ServiceLog;Anna;1435915841224;unknown;unknown;1;250;1;660;43922;-1;-67
;ServiceLog;Anna;1435915841224;unknown;unknown;250-1-660-43922;250;99;26627;19007;-1;-107
;ServiceLog;Anna;1435915842234;unknown;unknown;1;250;1;660;43922;-1;-65
;ServiceLog;Anna;1435915842234;unknown;unknown;250-1-660-43922;250;99;26627;19007;-1;-107
;ServiceLog;Anna;1435915843319;unknown;unknown;1;250;1;660;43922;-1;-65
;ServiceLog;Anna;1435915843319;unknown;unknown;250-1-660-43922;250;99;26627;19007;-1;-107
;ServiceLog;Anna;1435915844330;unknown;unknown;1;250;1;660;43922;-1;-73
;ServiceLog;Anna;1435915844330;unknown;unknown;250-1-660-43922;250;99;26627;19007;-1;-107
;ServiceLog;Anna;1435915845403;unknown;unknown;1;250;1;660;43922;-1;-73
;ServiceLog;Anna;1435915845403;unknown;unknown;250-1-660-43922;250;99;26627;19007;-1;-107
;ServiceLog;Anna;1435915846413;unknown;unknown;1;250;1;660;43922;-1;-67
;ServiceLog;Anna;1435915846413;unknown;unknown;250-1-660-43922;250;99;26627;19007;-1;-107
;ServiceLog;Anna;1435915847443;unknown;unknown;1;250;1;660;43922;-1;-67
;ServiceLog;Anna;1435915847443;unknown;unknown;250-1-660-43922;250;99;26627;19007;-1;-107
;ServiceLog;Anna;1435915848453;unknown;unknown;1;250;1;660;43922;-1;-69
;ServiceLog;Anna;1435915848453;unknown;unknown;250-1-660-43922;250;99;26627;19007;-1;-107
;ServiceLog;Anna;1435915849487;unknown;unknown;1;250;1;660;43922;-1;-69
;ServiceLog;Anna;1435915849487;unknown;unknown;250-1-660-43922;250;99;26627;19007;-1;-107
;ServiceLog;Anna;1435915850504;unknown;unknown;1;250;1;660;43922;-1;-67
;ServiceLog;Anna;1435915850504;unknown;unknown;250-1-660-43922;250;99;26627;19007;-1;-107
;ServiceLog;Anna;1435915851587;unknown;unknown;1;250;1;660;43922;-1;-67
;ServiceLog;Anna;1435915851587;unknown;unknown;250-1-660-43922;250;99;26627;19007;-1;-107
;ServiceLog;Anna;1435915852599;unknown;unknown;1;250;1;660;43922;-1;-69
;ServiceLog;Anna;1435915852599;unknown;unknown;250-1-660-43922;250;99;26627;19007;-1;-107
;ServiceLog;Anna;1435915853672;unknown;unknown;1;250;1;660;43922;-1;-69
;ServiceLog;Anna;1435915853672;unknown;unknown;250-1-660-43922;250;99;26627;19007;-1;-107
;ServiceLog;Anna;1435915854694;unknown;unknown;1;250;1;660;43922;-1;-73
;ServiceLog;Anna;1435915854694;unknown;unknown;250-1-660-43922;250;99;26627;19007;-1;-107
;ServiceLog;Anna;1435915855776;unknown;unknown;1;250;1;660;43922;-1;-73
;ServiceLog;Anna;1435915855776;unknown;unknown;250-1-660-43922;250;99;26627;19007;-1;-107
;ServiceLog;Anna;1435915856795;unknown;unknown;1;250;1;660;43922;-1;-77
;ServiceLog;Anna;1435915856795;unknown;unknown;250-1-660-43922;250;99;26627;19007;-1;-107
;ServiceLog;Anna;1435915857879;unknown;unknown;1;250;1;660;43922;-1;-77
;ServiceLog;Anna;1435915857879;unknown;unknown;250-1-660-43922;250;99;26627;19007;-1;-107
;ServiceLog;Anna;1435915858892;unknown;unknown;1;250;1;660;43922;-1;-67
;ServiceLog;Anna;1435915858892;unknown;unknown;250-1-660-43922;250;99;26627;19007;-1;-107
;ServiceLog;Anna;1435915859925;unknown;unknown;1;250;1;660;43922;-1;-67
;ServiceLog;Anna;1435915859925;unknown;unknown;250-1-660-43922;250;99;26627;19007;-1;-107
;ServiceLog;Anna;1435915860936;unknown;unknown;1;250;1;660;43922;-1;-71
;ServiceLog;Anna;1435915860936;unknown;unknown;250-1-660-43922;250;99;26627;19007;-1;-107
;ServiceLog;Anna;1435915862025;unknown;unknown;1;250;1;660;43922;-1;-71
;ServiceLog;Anna;1435915862025;unknown;unknown;250-1-660-43922;250;99;26627;19007;-1;-107
;ServiceLog;Anna;1435915863037;unknown;unknown;1;250;1;660;43922;-1;-79
;ServiceLog;Anna;1435915863037;unknown;unknown;250-1-660-43922;250;99;26627;19007;-1;-107
;ServiceLog;Anna;1435915864116;unknown;unknown;1;250;1;660;43922;-1;-79
;ServiceLog;Anna;1435915864116;unknown;unknown;250-1-660-43922;250;99;26627;19007;-1;-107
;ServiceLog;Anna;1435915865132;unknown;unknown;1;250;1;660;43922;-1;-67
;ServiceLog;Anna;1435915865132;unknown;unknown;250-1-660-43922;250;99;26627;19007;-1;-107
;ServiceLog;Anna;1435915866210;unknown;unknown;1;250;1;660;43922;-1;-67
;ServiceLog;Anna;1435915866210;unknown;unknown;250-1-660-43922;250;99;26627;19007;-1;-107
;ServiceLog;Anna;1435915867225;unknown;unknown;1;250;1;660;43922;-1;-81
;ServiceLog;Anna;1435915867225;unknown;unknown;250-1-660-43922;250;99;26627;19007;-1;-107
;ServiceLog;Anna;1435915868259;unknown;unknown;1;250;1;660;43922;-1;-81
;ServiceLog;Anna;1435915868259;unknown;unknown;250-1-660-43922;250;99;26627;19007;-1;-107
;ServiceLog;Anna;1435915869272;unknown;unknown;1;250;1;660;43922;-1;-81
;ServiceLog;Anna;1435915869272;unknown;unknown;250-1-660-43922;250;99;26627;19007;-1;-107
;ServiceLog;Anna;1435915870300;unknown;unknown;1;250;1;660;43922;-1;-81
;ServiceLog;Anna;1435915870300;unknown;unknown;250-1-660-43922;250;99;26627;19007;-1;-107
;ServiceLog;Anna;1435915871310;unknown;unknown;1;250;1;660;43922;-1;-81
;ServiceLog;Anna;1435915871310;unknown;unknown;250-1-660-43922;250;99;26627;19007;-1;-107
;ServiceLog;Anna;1435915872404;unknown;unknown;1;250;1;660;43922;-1;-81
;ServiceLog;Anna;1435915872404;unknown;unknown;250-1-660-43922;250;99;26627;19007;-1;-107
;ServiceLog;Anna;1435915873413;unknown;unknown;1;250;1;660;43922;-1;-83
;ServiceLog;Anna;1435915873413;unknown;unknown;250-1-660-43922;250;99;26627;19007;-1;-107
;ServiceLog;Anna;1435915874486;unknown;unknown;1;250;1;660;43922;-1;-83
;ServiceLog;Anna;1435915874486;unknown;unknown;250-1-660-43922;250;99;26627;19007;-1;-107
;ServiceLog;Anna;1435915875502;unknown;unknown;1;250;1;660;43922;-1;-73
;ServiceLog;Anna;1435915875502;unknown;unknown;250-1-660-43922;250;99;26627;19007;-1;-107
;ServiceLog;Anna;1435915876576;unknown;unknown;1;250;1;660;43922;-1;-73
;ServiceLog;Anna;1435915876576;unknown;unknown;250-1-660-43922;250;99;26627;19007;-1;-107
;ServiceLog;Anna;1435915877594;unknown;unknown;1;250;1;660;43922;-1;-75
;ServiceLog;Anna;1435915877594;unknown;unknown;250-1-660-43922;250;99;26627;19007;-1;-107
;ServiceLog;Anna;1435915878624;unknown;unknown;1;250;1;660;43922;-1;-75
;ServiceLog;Anna;1435915878624;unknown;unknown;250-1-660-43922;250;99;26627;19007;-1;-107
;ServiceLog;Anna;1435915879634;unknown;unknown;1;250;1;660;43922;-1;-69
;ServiceLog;Anna;1435915879634;unknown;unknown;250-1-660-43922;250;99;26627;19007;-1;-107
;ServiceLog;Anna;1435915880721;unknown;unknown;1;250;1;660;43922;-1;-69
;ServiceLog;Anna;1435915880721;unknown;unknown;250-1-660-43922;250;99;26627;19007;-1;-107
;ServiceLog;Anna;1435915881737;unknown;unknown;1;250;1;660;43922;-1;-71
;ServiceLog;Anna;1435915881737;unknown;unknown;250-1-660-43922;250;99;26627;19007;-1;-107
;ServiceLog;Anna;1435915882811;unknown;unknown;1;250;1;660;43922;-1;-71
;ServiceLog;Anna;1435915882811;unknown;unknown;250-1-660-43922;250;99;26627;19007;-1;-107
;ServiceLog;Anna;1435915883823;unknown;unknown;1;250;1;660;43922;-1;-73
;ServiceLog;Anna;1435915883823;unknown;unknown;250-1-660-43922;250;99;26627;19007;-1;-107
;ServiceLog;Anna;1435915884910;unknown;unknown;1;250;1;660;43922;-1;-73
;ServiceLog;Anna;1435915884910;unknown;unknown;250-1-660-43922;250;99;26627;19007;-1;-107
;ServiceLog;Anna;1435915885920;unknown;unknown;1;250;1;660;43922;-1;-83
;ServiceLog;Anna;1435915885920;unknown;unknown;250-1-660-43922;250;99;26627;19007;-1;-107
;ServiceLog;Anna;1435915887005;unknown;unknown;1;250;1;660;43922;-1;-83
;ServiceLog;Anna;1435915887005;unknown;unknown;250-1-660-43922;250;99;26627;19007;-1;-107
;ServiceLog;Anna;1435915888015;unknown;unknown;1;250;1;660;43922;-1;-75
;ServiceLog;Anna;1435915888015;unknown;unknown;250-1-660-43922;250;99;26627;19007;-1;-107
;ServiceLog;Anna;1435915889059;unknown;unknown;1;250;1;660;43922;-1;-75
;ServiceLog;Anna;1435915889059;unknown;unknown;250-1-660-43922;250;99;26627;19007;-1;-107
;ServiceLog;Anna;1435915890070;unknown;unknown;1;250;1;660;43922;-1;-79
;ServiceLog;Anna;1435915890070;unknown;unknown;250-1-660-43922;250;99;26627;19007;-1;-107
;ServiceLog;Anna;1435915891147;unknown;unknown;1;250;1;660;43922;-1;-79
;ServiceLog;Anna;1435915891147;unknown;unknown;250-1-660-43922;250;99;26627;19007;-1;-107
;ServiceLog;Anna;1435915892169;unknown;unknown;1;250;1;660;43922;-1;-75
;ServiceLog;Anna;1435915892169;unknown;unknown;250-1-660-43922;250;99;26627;19007;-1;-107
;ServiceLog;Anna;1435915893243;unknown;unknown;1;250;1;660;43922;-1;-75
;ServiceLog;Anna;1435915893243;unknown;unknown;250-1-660-43922;250;99;26627;19007;-1;-107
;ServiceLog;Anna;1435915894253;unknown;unknown;1;250;1;660;43922;-1;-69
;ServiceLog;Anna;1435915894253;unknown;unknown;250-1-660-43922;250;99;26627;19007;-1;-107
;ServiceLog;Anna;1435915895336;unknown;unknown;1;250;1;660;43922;-1;-69
;ServiceLog;Anna;1435915895336;unknown;unknown;250-1-660-43922;250;99;26627;19007;-1;-107
;ServiceLog;Anna;1435915896349;unknown;unknown;1;250;1;660;43922;-1;-75
;ServiceLog;Anna;1435915896349;unknown;unknown;250-1-660-43922;250;99;26627;19007;-1;-107
;ServiceLog;Anna;1435915897442;unknown;unknown;1;250;1;660;43922;-1;-75
;ServiceLog;Anna;1435915897442;unknown;unknown;250-1-660-43922;250;99;26627;19007;-1;-107
;ServiceLog;Anna;1435915898457;unknown;unknown;1;250;1;660;43922;-1;-65
;ServiceLog;Anna;1435915898457;unknown;unknown;250-1-660-43922;250;99;26627;19007;-1;-107
;ServiceLog;Anna;1435915899493;unknown;unknown;1;250;1;660;43922;-1;-65
;ServiceLog;Anna;1435915899493;unknown;unknown;250-1-660-43922;250;99;26627;19007;-1;-107
;ServiceLog;Anna;1435915900505;unknown;unknown;1;250;1;660;43922;-1;-63
;ServiceLog;Anna;1435915900505;unknown;unknown;250-1-660-43922;250;99;26627;19007;-1;-107
;ServiceLog;Anna;1435915901600;unknown;unknown;1;250;1;660;43922;-1;-63
;ServiceLog;Anna;1435915901600;unknown;unknown;250-1-660-43922;250;99;26627;19007;-1;-107
;ServiceLog;Anna;1435915902611;unknown;unknown;1;250;1;660;43922;-1;-53
;ServiceLog;Anna;1435915902611;unknown;unknown;250-1-660-43922;250;99;26627;19007;-1;-107
;ServiceLog;Anna;1435915903697;unknown;unknown;1;250;1;660;43922;-1;-53
;ServiceLog;Anna;1435915903697;unknown;unknown;250-1-660-43922;250;99;26627;19007;-1;-107
;ServiceLog;Anna;1435915904710;unknown;unknown;1;250;1;660;43922;-1;-51
;ServiceLog;Anna;1435915904710;unknown;unknown;250-1-660-43922;250;99;26627;19007;-1;-107
;ServiceLog;Anna;1435915905740;unknown;unknown;1;250;1;660;43922;-1;-51
;ServiceLog;Anna;1435915905740;unknown;unknown;250-1-660-43922;250;99;26627;19007;-1;-107
;ServiceLog;Anna;1435915906764;unknown;unknown;1;250;1;660;43922;-1;-71
;ServiceLog;Anna;1435915906764;unknown;unknown;250-1-660-43922;250;99;26627;19007;-1;-107
;ServiceLog;Anna;1435915907846;unknown;unknown;1;250;1;660;43922;-1;-71
;ServiceLog;Anna;1435915907846;unknown;unknown;250-1-660-43922;250;99;26627;19007;-1;-107
;ServiceLog;Anna;1435915908857;unknown;unknown;1;250;1;660;43922;-1;-91
;ServiceLog;Anna;1435915908857;unknown;unknown;250-1-660-43922;250;99;26627;19007;-1;-107
;ServiceLog;Anna;1435915909935;unknown;unknown;1;250;1;660;43922;-1;-91
;ServiceLog;Anna;1435915909935;unknown;unknown;250-1-660-43922;250;99;26627;19007;-1;-107
;ServiceLog;Anna;1435915910952;unknown;unknown;1;250;1;660;43922;-1;-101
;ServiceLog;Anna;1435915910952;unknown;unknown;250-1-660-43922;250;99;26627;19007;-1;-107
;ServiceLog;Anna;1435915912027;unknown;unknown;1;250;1;660;43922;-1;-101
;ServiceLog;Anna;1435915912027;unknown;unknown;250-1-660-43922;250;99;26627;19007;-1;-107
;ServiceLog;Anna;1435915913046;unknown;unknown;1;250;1;660;43922;-1;-91
;ServiceLog;Anna;1435915913046;unknown;unknown;250-1-660-43922;250;99;26627;19007;-1;-107
;ServiceLog;Anna;1435915914135;unknown;unknown;1;250;1;660;43922;-1;-91
;ServiceLog;Anna;1435915914135;unknown;unknown;250-1-660-43922;250;99;26627;19007;-1;-107
;ServiceLog;Anna;1435915915148;unknown;unknown;1;250;1;660;43922;-1;-95
;ServiceLog;Anna;1435915915148;unknown;unknown;250-1-660-43922;250;99;26627;19007;-1;-107
;ServiceLog;Anna;1435915916181;unknown;unknown;1;250;1;660;43922;-1;-95
;ServiceLog;Anna;1435915916181;unknown;unknown;250-1-660-43922;250;99;26627;19007;-1;-107
;ServiceLog;Anna;1435915917193;unknown;unknown;1;250;1;660;43922;-1;-97
;ServiceLog;Anna;1435915917193;unknown;unknown;250-1-660-43922;250;99;26627;19007;-1;-107
;ServiceLog;Anna;1435915918231;unknown;unknown;1;250;1;660;43922;-1;-97
;ServiceLog;Anna;1435915918231;unknown;unknown;250-1-660-43922;250;99;26627;19007;-1;-107
;ServiceLog;Anna;1435915919242;unknown;unknown;1;250;1;660;43922;-1;-93
;ServiceLog;Anna;1435915919242;unknown;unknown;250-1-660-43922;250;99;26627;19007;-1;-107
;ServiceLog;Anna;1435915920324;unknown;unknown;1;250;1;660;43922;-1;-93
;ServiceLog;Anna;1435915920324;unknown;unknown;250-1-660-43922;250;99;26627;19007;-1;-107
;ServiceLog;Anna;1435915921335;unknown;unknown;1;250;1;660;43922;-1;-103
;ServiceLog;Anna;1435915921335;unknown;unknown;250-1-660-43922;250;99;26627;19007;-1;-107
;ServiceLog;Anna;1435915922419;unknown;unknown;1;250;1;660;43922;-1;-103
;ServiceLog;Anna;1435915922419;unknown;unknown;250-1-660-43922;250;99;26627;19007;-1;-107
;ServiceLog;Anna;1435915923439;unknown;unknown;1;250;1;660;43922;-1;-107
;ServiceLog;Anna;1435915923439;unknown;unknown;250-1-660-43922;250;99;26627;19007;-1;-107
;ServiceLog;Anna;1435915924514;unknown;unknown;1;250;1;660;43922;-1;-107
;ServiceLog;Anna;1435915924514;unknown;unknown;250-1-660-43922;250;99;26627;19007;-1;-107
;ServiceLog;Anna;1435915925531;unknown;unknown;1;250;1;660;43922;-1;-101
;ServiceLog;Anna;1435915925531;unknown;unknown;250-1-660-43922;250;99;26627;19007;-1;-107
;ServiceLog;Anna;1435915926562;unknown;unknown;1;250;1;660;43922;-1;-101
;ServiceLog;Anna;1435915926562;unknown;unknown;250-1-660-43922;250;99;26627;19007;-1;-107
;ServiceLog;Anna;1435915927573;unknown;unknown;1;250;1;660;43922;-1;-105
;ServiceLog;Anna;1435915927573;unknown;unknown;250-1-660-43922;250;99;26627;19007;-1;-107
;ServiceLog;Anna;1435915928647;unknown;unknown;1;250;1;660;43922;-1;-105
;ServiceLog;Anna;1435915928647;unknown;unknown;250-1-660-43922;250;99;26627;19007;-1;-107
;ServiceLog;Anna;1435915929657;unknown;unknown;1;250;1;660;43922;-1;-107
;ServiceLog;Anna;1435915929657;unknown;unknown;250-1-660-43922;250;99;26627;19007;-1;-107
;ServiceLog;Anna;1435915930755;unknown;unknown;1;250;1;660;43922;-1;-107
;ServiceLog;Anna;1435915930755;unknown;unknown;250-1-660-43922;250;99;26627;19007;-1;-107
;ServiceLog;Anna;1435915931774;unknown;unknown;1;250;1;660;43922;-1;-113
;ServiceLog;Anna;1435915931774;unknown;unknown;250-1-660-43922;250;99;26627;19007;-1;-107
;ServiceLog;Anna;1435915932855;unknown;unknown;1;250;1;660;43922;-1;-113
;ServiceLog;Anna;1435915932855;unknown;unknown;250-1-660-43922;250;99;26627;19007;-1;-107
;ServiceLog;Anna;1435915933866;unknown;unknown;1;250;1;660;43922;-1;-111
;ServiceLog;Anna;1435915933866;unknown;unknown;250-1-660-43922;250;99;26627;19007;-1;-107
;ServiceLog;Anna;1435915934938;unknown;unknown;1;250;1;660;43922;-1;-111
;ServiceLog;Anna;1435915934938;unknown;unknown;250-1-660-43922;250;99;26627;19007;-1;-107
;ServiceLog;Anna;1435915935956;unknown;unknown;1;250;1;660;43922;-1;-111
;ServiceLog;Anna;1435915935956;unknown;unknown;250-1-660-43922;250;99;26627;19007;-1;-107
;ServiceLog;Anna;1435915937036;unknown;unknown;1;250;1;660;43922;-1;-111
;ServiceLog;Anna;1435915937036;unknown;unknown;250-1-660-43922;250;99;26627;19007;-1;-107
;ServiceLog;Anna;1435915938047;unknown;unknown;1;-1;-1;-1;-1;-1;-113
;ServiceLog;Anna;1435915939075;unknown;unknown;1;-1;-1;-1;-1;-1;-113
;ServiceLog;Anna;1435915940085;unknown;unknown;1;-1;-1;-1;-1;-1;-113
;ServiceLog;Anna;1435915941170;unknown;unknown;1;-1;-1;-1;-1;-1;-113
;ServiceLog;Anna;1435915942179;unknown;unknown;1;-1;-1;-1;-1;-1;0
;ServiceLog;Anna;1435915943232;unknown;unknown;1;-1;-1;-1;-1;-1;0
;ServiceLog;Anna;1435915944276;unknown;unknown;1;-1;-1;-1;-1;-1;0
;ServiceLog;Anna;1435915945335;unknown;unknown;1;-1;-1;-1;-1;-1;0
;ServiceLog;Anna;1435915946372;unknown;unknown;1;250;2;7763;640;-1;-65
;ServiceLog;Anna;1435915947403;unknown;unknown;1;250;2;7763;640;-1;-65
;ServiceLog;Anna;1435915948420;unknown;unknown;1;250;2;7763;640;-1;-67
;ServiceLog;Anna;1435915948420;unknown;unknown;250-2-7763-640;-1;-1;-1;-1;-1;-81
;ServiceLog;Anna;1435915949499;unknown;unknown;1;250;2;7763;640;-1;-67
;ServiceLog;Anna;1435915949499;unknown;unknown;250-2-7763-640;-1;-1;-1;-1;-1;-81
;ServiceLog;Anna;1435915950510;unknown;unknown;1;250;2;7763;640;-1;-69
;ServiceLog;Anna;1435915950510;unknown;unknown;250-2-7763-640;250;2;7763;160;-1;-79
;ServiceLog;Anna;1435915951540;unknown;unknown;1;250;2;7763;640;-1;-69
;ServiceLog;Anna;1435915951540;unknown;unknown;250-2-7763-640;250;2;7763;160;-1;-79
;ServiceLog;Anna;1435915952553;unknown;unknown;1;250;2;7763;640;-1;-69
;ServiceLog;Anna;1435915952553;unknown;unknown;250-2-7763-640;250;2;7763;160;-1;-79
;ServiceLog;Anna;1435915953633;unknown;unknown;1;250;2;7763;640;-1;-69
;ServiceLog;Anna;1435915953633;unknown;unknown;250-2-7763-640;250;2;7763;160;-1;-79
;ServiceLog;Anna;1435915954651;unknown;unknown;1;250;2;7763;640;-1;-71
;ServiceLog;Anna;1435915954651;unknown;unknown;250-2-7763-640;250;2;7763;160;-1;-83
;ServiceLog;Anna;1435915955730;unknown;unknown;1;250;2;7763;640;-1;-71
;ServiceLog;Anna;1435915955730;unknown;unknown;250-2-7763-640;250;2;7763;160;-1;-83
;ServiceLog;Anna;1435915956743;unknown;unknown;1;250;2;7763;640;-1;-71
;ServiceLog;Anna;1435915956743;unknown;unknown;250-2-7763-640;250;2;7763;160;-1;-79
;ServiceLog;Anna;1435915957787;unknown;unknown;1;250;2;7763;640;-1;-71
;ServiceLog;Anna;1435915957787;unknown;unknown;250-2-7763-640;250;2;7763;160;-1;-79
;ServiceLog;Anna;1435915958807;unknown;unknown;1;250;2;7763;640;-1;-85
;ServiceLog;Anna;1435915958807;unknown;unknown;250-2-7763-640;250;2;7763;160;-1;-79
;ServiceLog;Anna;1435915959885;unknown;unknown;1;250;2;7763;640;-1;-85
;ServiceLog;Anna;1435915959885;unknown;unknown;250-2-7763-640;250;2;7763;160;-1;-79
;ServiceLog;Anna;1435915960899;unknown;unknown;1;250;2;7763;640;-1;-79
;ServiceLog;Anna;1435915960899;unknown;unknown;250-2-7763-640;250;2;7763;160;-1;-73
;ServiceLog;Anna;1435915961946;unknown;unknown;1;250;2;7763;640;-1;-79
;ServiceLog;Anna;1435915961946;unknown;unknown;250-2-7763-640;250;2;7763;160;-1;-73
;ServiceLog;Anna;1435915962957;unknown;unknown;1;250;2;7763;640;-1;-75
;ServiceLog;Anna;1435915962957;unknown;unknown;250-2-7763-640;250;2;7763;160;-1;-75
;ServiceLog;Anna;1435915964040;unknown;unknown;1;250;2;7763;640;-1;-75
;ServiceLog;Anna;1435915964040;unknown;unknown;250-2-7763-640;250;2;7763;160;-1;-75
;ServiceLog;Anna;1435915965059;unknown;unknown;1;250;2;7763;640;-1;-73
;ServiceLog;Anna;1435915965059;unknown;unknown;250-2-7763-640;250;2;7763;160;-1;-73
;ServiceLog;Anna;1435915966134;unknown;unknown;1;250;2;7763;640;-1;-73
;ServiceLog;Anna;1435915966134;unknown;unknown;250-2-7763-640;250;2;7763;160;-1;-73
;ServiceLog;Anna;1435915967144;unknown;unknown;1;250;2;7763;640;-1;-73
;ServiceLog;Anna;1435915967144;unknown;unknown;250-2-7763-640;250;2;7763;160;-1;-73
;ServiceLog;Anna;1435915968183;unknown;unknown;1;250;2;7763;640;-1;-73
;ServiceLog;Anna;1435915968183;unknown;unknown;250-2-7763-640;250;2;7763;160;-1;-73
;ServiceLog;Anna;1435915969198;unknown;unknown;1;250;2;7763;640;-1;-81
;ServiceLog;Anna;1435915969198;unknown;unknown;250-2-7763-640;250;2;7763;160;-1;-71
;ServiceLog;Anna;1435915970281;unknown;unknown;1;250;2;7763;640;-1;-81
;ServiceLog;Anna;1435915970281;unknown;unknown;250-2-7763-640;250;2;7763;160;-1;-71
;ServiceLog;Anna;1435915971293;unknown;unknown;1;250;2;7763;640;-1;-83
;ServiceLog;Anna;1435915971293;unknown;unknown;250-2-7763-640;250;2;7763;160;-1;-71
;ServiceLog;Anna;1435915972378;unknown;unknown;1;250;2;7763;640;-1;-83
;ServiceLog;Anna;1435915972378;unknown;unknown;250-2-7763-640;250;2;7763;160;-1;-71
;ServiceLog;Anna;1435915973404;unknown;unknown;1;250;2;7763;640;-1;-95
;ServiceLog;Anna;1435915973404;unknown;unknown;250-2-7763-640;250;2;7763;160;-1;-69
;ServiceLog;Anna;1435915974431;unknown;unknown;1;250;2;7763;640;-1;-95
;ServiceLog;Anna;1435915974431;unknown;unknown;250-2-7763-640;250;2;7763;160;-1;-69
;ServiceLog;Anna;1435915975447;unknown;unknown;1;250;2;7763;640;-1;-83
;ServiceLog;Anna;1435915975447;unknown;unknown;250-2-7763-640;250;2;7763;160;-1;-67
;ServiceLog;Anna;1435915976523;unknown;unknown;1;250;2;7763;640;-1;-83
;ServiceLog;Anna;1435915976523;unknown;unknown;250-2-7763-640;250;2;7763;160;-1;-67
;ServiceLog;Anna;1435915977540;unknown;unknown;1;250;2;7763;640;-1;-83
;ServiceLog;Anna;1435915977540;unknown;unknown;250-2-7763-640;250;2;7763;160;-1;-67
;ServiceLog;Anna;1435915978595;unknown;unknown;1;250;2;7763;640;-1;-83
;ServiceLog;Anna;1435915978595;unknown;unknown;250-2-7763-640;250;2;7763;160;-1;-67
;ServiceLog;Anna;1435915979607;unknown;unknown;1;250;2;7763;160;-1;-83
;ServiceLog;Anna;1435915979607;unknown;unknown;250-2-7763-160;250;2;7763;160;-1;-67
;ServiceLog;Anna;1435915980639;unknown;unknown;1;250;2;7763;160;-1;-83
;ServiceLog;Anna;1435915980639;unknown;unknown;250-2-7763-160;250;2;7763;160;-1;-67
;ServiceLog;Anna;1435915981651;unknown;unknown;1;250;2;7763;160;-1;-55
;ServiceLog;Anna;1435915981651;unknown;unknown;250-2-7763-160;-1;-1;-1;-1;-1;-83
;ServiceLog;Anna;1435915982724;unknown;unknown;1;250;2;7763;160;-1;-55
;ServiceLog;Anna;1435915982724;unknown;unknown;250-2-7763-160;-1;-1;-1;-1;-1;-83
;ServiceLog;Anna;1435915983742;unknown;unknown;1;250;2;7763;160;-1;-57
;ServiceLog;Anna;1435915983742;unknown;unknown;250-2-7763-160;-1;-1;-1;-1;-1;-85
;ServiceLog;Anna;1435915984780;unknown;unknown;1;250;2;7763;160;-1;-57
;ServiceLog;Anna;1435915984780;unknown;unknown;250-2-7763-160;-1;-1;-1;-1;-1;-85
;ServiceLog;Anna;1435915985799;unknown;unknown;1;250;2;7763;160;-1;-51
;ServiceLog;Anna;1435915985799;unknown;unknown;250-2-7763-160;-1;-1;-1;-1;-1;-83
;ServiceLog;Anna;1435915986881;unknown;unknown;1;250;2;7763;160;-1;-51
;ServiceLog;Anna;1435915986881;unknown;unknown;250-2-7763-160;-1;-1;-1;-1;-1;-83
;ServiceLog;Anna;1435915987899;unknown;unknown;1;250;2;7763;160;-1;-59
;ServiceLog;Anna;1435915987899;unknown;unknown;250-2-7763-160;-1;-1;-1;-1;-1;-83
;ServiceLog;Anna;1435915988980;unknown;unknown;1;250;2;7763;160;-1;-59
;ServiceLog;Anna;1435915988980;unknown;unknown;250-2-7763-160;-1;-1;-1;-1;-1;-83
;ServiceLog;Anna;1435915990001;unknown;unknown;1;250;2;7763;160;-1;-51
;ServiceLog;Anna;1435915990001;unknown;unknown;250-2-7763-160;-1;-1;-1;-1;-1;-85
;ServiceLog;Anna;1435915991089;unknown;unknown;1;250;2;7763;160;-1;-51
;ServiceLog;Anna;1435915991089;unknown;unknown;250-2-7763-160;-1;-1;-1;-1;-1;-85
;ServiceLog;Anna;1435915992103;unknown;unknown;1;250;2;7763;160;-1;-51
;ServiceLog;Anna;1435915992103;unknown;unknown;250-2-7763-160;-1;-1;-1;-1;-1;-89
;ServiceLog;Anna;1435915993184;unknown;unknown;1;250;2;7763;160;-1;-51
;ServiceLog;Anna;1435915993184;unknown;unknown;250-2-7763-160;-1;-1;-1;-1;-1;-89
;ServiceLog;Anna;1435915994197;unknown;unknown;1;250;2;7763;160;-1;-51
;ServiceLog;Anna;1435915994197;unknown;unknown;250-2-7763-160;-1;-1;-1;-1;-1;-87
;ServiceLog;Anna;1435915995273;unknown;unknown;1;250;2;7763;160;-1;-51
;ServiceLog;Anna;1435915995273;unknown;unknown;250-2-7763-160;-1;-1;-1;-1;-1;-87
;ServiceLog;Anna;1435915996284;unknown;unknown;1;250;2;7763;160;-1;-55
;ServiceLog;Anna;1435915996284;unknown;unknown;250-2-7763-160;-1;-1;-1;-1;-1;-87
;ServiceLog;Anna;1435915997369;unknown;unknown;1;250;2;7763;160;-1;-55
;ServiceLog;Anna;1435915997369;unknown;unknown;250-2-7763-160;-1;-1;-1;-1;-1;-87
;ServiceLog;Anna;1435915998391;unknown;unknown;1;250;2;7763;160;-1;-51
;ServiceLog;Anna;1435915998391;unknown;unknown;250-2-7763-160;-1;-1;-1;-1;-1;-89
;ServiceLog;Anna;1435915999457;unknown;unknown;1;250;2;7763;160;-1;-51
;ServiceLog;Anna;1435915999457;unknown;unknown;250-2-7763-160;-1;-1;-1;-1;-1;-89
;ServiceLog;Anna;1435916000467;unknown;unknown;1;250;2;7763;160;-1;-51
;ServiceLog;Anna;1435916000467;unknown;unknown;250-2-7763-160;-1;-1;-1;-1;-1;-89
;ServiceLog;Anna;1435916001540;unknown;unknown;1;250;2;7763;160;-1;-51
;ServiceLog;Anna;1435916001540;unknown;unknown;250-2-7763-160;-1;-1;-1;-1;-1;-89
;ServiceLog;Anna;1435916002552;unknown;unknown;1;250;2;7763;160;-1;-51
;ServiceLog;Anna;1435916002552;unknown;unknown;250-2-7763-160;-1;-1;-1;-1;-1;-89
;ServiceLog;Anna;1435916003622;unknown;unknown;1;250;2;7763;160;-1;-51
;ServiceLog;Anna;1435916003622;unknown;unknown;250-2-7763-160;-1;-1;-1;-1;-1;-89
;ServiceLog;Anna;1435916004636;unknown;unknown;1;250;2;7763;160;-1;-51
;ServiceLog;Anna;1435916004636;unknown;unknown;250-2-7763-160;-1;-1;-1;-1;-1;-89
;ServiceLog;Anna;1435916005672;unknown;unknown;1;250;2;7763;160;-1;-51
;ServiceLog;Anna;1435916005672;unknown;unknown;250-2-7763-160;-1;-1;-1;-1;-1;-89
;ServiceLog;Anna;1435916006684;unknown;unknown;1;250;1;660;41843;-1;-107
;ServiceLog;Anna;1435916006684;unknown;unknown;250-1-660-41843;-1;-1;-1;-1;-1;-89
;ServiceLog;Anna;1435916007863;unknown;unknown;1;250;1;660;41843;-1;-107
;ServiceLog;Anna;1435916007863;unknown;unknown;250-1-660-41843;-1;-1;-1;-1;-1;-89
;ServiceLog;Anna;1435916008874;unknown;unknown;1;250;1;660;41843;-1;-109
;ServiceLog;Anna;1435916008874;unknown;unknown;250-1-660-41843;-1;-1;-1;-1;-1;-89
;ServiceLog;Anna;1435916009955;unknown;unknown;1;250;1;660;41843;-1;-109
;ServiceLog;Anna;1435916009955;unknown;unknown;250-1-660-41843;-1;-1;-1;-1;-1;-89
;ServiceLog;Anna;1435916010966;unknown;unknown;1;250;1;660;41843;-1;-93
;ServiceLog;Anna;1435916010966;unknown;unknown;250-1-660-41843;-1;-1;-1;-1;-1;-89
;ServiceLog;Anna;1435916012044;unknown;unknown;1;250;1;660;41843;-1;-93
;ServiceLog;Anna;1435916012044;unknown;unknown;250-1-660-41843;-1;-1;-1;-1;-1;-89
;ServiceLog;Anna;1435916013055;unknown;unknown;1;250;1;660;41843;-1;-85
;ServiceLog;Anna;1435916013055;unknown;unknown;250-1-660-41843;-1;-1;-1;-1;-1;-89
;ServiceLog;Anna;1435916014135;unknown;unknown;1;250;1;660;41843;-1;-85
;ServiceLog;Anna;1435916014135;unknown;unknown;250-1-660-41843;-1;-1;-1;-1;-1;-89
;ServiceLog;Anna;1435916015146;unknown;unknown;1;250;1;660;41843;-1;-95
;ServiceLog;Anna;1435916015146;unknown;unknown;250-1-660-41843;-1;-1;-1;-1;-1;-89
;ServiceLog;Anna;1435916016224;unknown;unknown;1;250;1;660;41843;-1;-95
;ServiceLog;Anna;1435916016224;unknown;unknown;250-1-660-41843;-1;-1;-1;-1;-1;-89
;ServiceLog;Anna;1435916017234;unknown;unknown;1;250;1;660;41843;-1;-89
;ServiceLog;Anna;1435916017234;unknown;unknown;250-1-660-41843;-1;-1;-1;-1;-1;-89
;ServiceLog;Anna;1435916018315;unknown;unknown;1;250;1;660;41843;-1;-89
;ServiceLog;Anna;1435916018315;unknown;unknown;250-1-660-41843;-1;-1;-1;-1;-1;-89
;ServiceLog;Anna;1435916019619;unknown;unknown;1;250;1;660;41843;-1;-77
;ServiceLog;Anna;1435916019619;unknown;unknown;250-1-660-41843;-1;-1;-1;-1;-1;-89
;ServiceLog;Anna;1435916020661;unknown;unknown;1;250;1;660;41843;-1;-77
;ServiceLog;Anna;1435916020661;unknown;unknown;250-1-660-41843;-1;-1;-1;-1;-1;-89
;ServiceLog;Anna;1435916021671;unknown;unknown;1;250;1;660;41843;-1;-83
;ServiceLog;Anna;1435916021671;unknown;unknown;250-1-660-41843;-1;-1;-1;-1;-1;-89
;ServiceLog;Anna;1435916022738;unknown;unknown;1;250;1;660;41843;-1;-83
;ServiceLog;Anna;1435916022738;unknown;unknown;250-1-660-41843;-1;-1;-1;-1;-1;-89
;ServiceLog;Anna;1435916023749;unknown;unknown;1;250;1;660;41843;-1;-77
;ServiceLog;Anna;1435916023749;unknown;unknown;250-1-660-41843;-1;-1;-1;-1;-1;-89
;ServiceLog;Anna;1435916024784;unknown;unknown;1;250;1;660;41843;-1;-77
;ServiceLog;Anna;1435916024784;unknown;unknown;250-1-660-41843;-1;-1;-1;-1;-1;-89
;ServiceLog;Anna;1435916025796;unknown;unknown;1;250;1;660;41843;-1;-81
;ServiceLog;Anna;1435916025796;unknown;unknown;250-1-660-41843;-1;-1;-1;-1;-1;-89
;ServiceLog;Anna;1435916026875;unknown;unknown;1;250;1;660;41843;-1;-81
;ServiceLog;Anna;1435916026875;unknown;unknown;250-1-660-41843;-1;-1;-1;-1;-1;-89
;ServiceLog;Anna;1435916027894;unknown;unknown;1;250;1;660;41843;-1;-75
;ServiceLog;Anna;1435916027894;unknown;unknown;250-1-660-41843;-1;-1;-1;-1;-1;-89
;ServiceLog;Anna;1435916028979;unknown;unknown;1;250;1;660;41843;-1;-75
;ServiceLog;Anna;1435916028979;unknown;unknown;250-1-660-41843;-1;-1;-1;-1;-1;-89
;ServiceLog;Anna;1435916029990;unknown;unknown;1;250;1;660;41843;-1;-77
;ServiceLog;Anna;1435916029990;unknown;unknown;250-1-660-41843;-1;-1;-1;-1;-1;-89
;ServiceLog;Anna;1435916031063;unknown;unknown;1;250;1;660;41843;-1;-77
;ServiceLog;Anna;1435916031063;unknown;unknown;250-1-660-41843;-1;-1;-1;-1;-1;-89
;ServiceLog;Anna;1435916032083;unknown;unknown;1;250;1;660;41843;-1;-73
;ServiceLog;Anna;1435916032083;unknown;unknown;250-1-660-41843;-1;-1;-1;-1;-1;-89
;ServiceLog;Anna;1435916033164;unknown;unknown;1;250;1;660;41843;-1;-73
;ServiceLog;Anna;1435916033164;unknown;unknown;250-1-660-41843;-1;-1;-1;-1;-1;-89
;ServiceLog;Anna;1435916034180;unknown;unknown;1;250;1;660;41843;-1;-73
;ServiceLog;Anna;1435916034180;unknown;unknown;250-1-660-41843;-1;-1;-1;-1;-1;-89
;ServiceLog;Anna;1435916035213;unknown;unknown;1;250;1;660;41843;-1;-73
;ServiceLog;Anna;1435916035213;unknown;unknown;250-1-660-41843;-1;-1;-1;-1;-1;-89
;ServiceLog;Anna;1435916036228;unknown;unknown;1;250;1;660;41843;-1;-69
;ServiceLog;Anna;1435916036228;unknown;unknown;250-1-660-41843;-1;-1;-1;-1;-1;-89
;ServiceLog;Anna;1435916037319;unknown;unknown;1;250;1;660;41843;-1;-69
;ServiceLog;Anna;1435916037319;unknown;unknown;250-1-660-41843;-1;-1;-1;-1;-1;-89
;ServiceLog;Anna;1435916038330;unknown;unknown;1;250;1;660;41843;-1;-79
;ServiceLog;Anna;1435916038330;unknown;unknown;250-1-660-41843;-1;-1;-1;-1;-1;-89
;ServiceLog;Anna;1435916039418;unknown;unknown;1;250;1;660;41843;-1;-79
;ServiceLog;Anna;1435916039418;unknown;unknown;250-1-660-41843;-1;-1;-1;-1;-1;-89
;ServiceLog;Anna;1435916040433;unknown;unknown;1;250;1;660;41843;-1;-73
;ServiceLog;Anna;1435916040433;unknown;unknown;250-1-660-41843;-1;-1;-1;-1;-1;-89
;ServiceLog;Anna;1435916041518;unknown;unknown;1;250;1;660;41843;-1;-73
;ServiceLog;Anna;1435916041518;unknown;unknown;250-1-660-41843;-1;-1;-1;-1;-1;-89
;ServiceLog;Anna;1435916042553;unknown;unknown;1;250;1;660;41843;-1;-59
;ServiceLog;Anna;1435916042553;unknown;unknown;250-1-660-41843;-1;-1;-1;-1;-1;-89
;ServiceLog;Anna;1435916043638;unknown;unknown;1;250;1;660;41843;-1;-59
;ServiceLog;Anna;1435916043638;unknown;unknown;250-1-660-41843;-1;-1;-1;-1;-1;-89
;ServiceLog;Anna;1435916044649;unknown;unknown;1;250;1;660;41843;-1;-61
;ServiceLog;Anna;1435916044649;unknown;unknown;250-1-660-41843;-1;-1;-1;-1;-1;-89
;ServiceLog;Anna;1435916045707;unknown;unknown;1;250;1;660;41843;-1;-61
;ServiceLog;Anna;1435916045707;unknown;unknown;250-1-660-41843;-1;-1;-1;-1;-1;-89
;ServiceLog;Anna;1435916046722;unknown;unknown;1;250;1;660;41843;-1;-67
;ServiceLog;Anna;1435916046722;unknown;unknown;250-1-660-41843;-1;-1;-1;-1;-1;-89
;ServiceLog;Anna;1435916047796;unknown;unknown;1;250;1;660;41843;-1;-67
;ServiceLog;Anna;1435916047796;unknown;unknown;250-1-660-41843;-1;-1;-1;-1;-1;-89
;ServiceLog;Anna;1435916048807;unknown;unknown;1;250;1;660;41843;-1;-69
;ServiceLog;Anna;1435916048807;unknown;unknown;250-1-660-41843;-1;-1;-1;-1;-1;-89
;ServiceLog;Anna;1435916049891;unknown;unknown;1;250;1;660;41843;-1;-69
;ServiceLog;Anna;1435916049891;unknown;unknown;250-1-660-41843;-1;-1;-1;-1;-1;-89
