ID;Name;User;TimeStamp;NetworkGen;NetworkType;Active;MCC;MNC;LAC;CID;PSC;Power;session_id
1013;Академическая 3;vlad;1435838542319;3G;HSDPA;1;250;2;7736;10305849;-1;-71;441771612
1014;Академическая 4;vlad;1435838556945;3G;HSDPA;1;250;2;7736;10305849;-1;-71;441771612
1001;Ленинский проспект 1;vlad;1435838686391;unknown;unknown;1;-1;-1;-1;-1;-1;-1;441771612
1002;Ленинский проспект 2;vlad;1435838700206;unknown;unknown;1;-1;-1;-1;-1;-1;-1;441771612
1003;Ленинский проспект 3;vlad;1435838720900;unknown;unknown;1;-1;-1;-1;-1;-1;-1;441771612
1004;Ленинский проспект 4;vlad;1435838734494;unknown;unknown;1;-1;-1;-1;-1;-1;-1;441771612
991;Шаболовская 1;vlad;1435838869276;unknown;unknown;1;-1;-1;-1;-1;-1;-1;441771612
992;Шаболовская 2;vlad;1435838888640;unknown;unknown;1;-1;-1;-1;-1;-1;-1;441771612
993;Шаболовская 3;vlad;1435838915435;unknown;unknown;1;-1;-1;-1;-1;-1;-1;441771612
994;Шаболовская 4;vlad;1435838929222;unknown;unknown;1;-1;-1;-1;-1;-1;-1;441771612
981;Октябрьская (КРЛ) 1;vlad;1435839005644;unknown;unknown;1;-1;-1;-1;-1;-1;-1;441771612
982;Октябрьская (КРЛ) 2;vlad;1435839019532;unknown;unknown;1;-1;-1;-1;-1;-1;-1;441771612
983;Октябрьская (КРЛ) 3;vlad;1435839060060;unknown;unknown;1;-1;-1;-1;-1;-1;-1;441771612
984;Октябрьская (КРЛ) 4;vlad;1435839072477;unknown;unknown;1;-1;-1;-1;-1;-1;-1;441771612
