ID;Name;User;TimeStamp;NetworkGen;NetworkType;Active;MCC;MNC;LAC;CID;PSC;Power
933;Старая деревня 3;Stanislav;1418310444383;3G;HSPA;1;250;1;100;65539967;505;-85
933;Старая деревня 3;Stanislav;1418310444383;3G;HSPA;250-1-100-65539967;-1;-1;-1;-1;505;-87
934;Старая деревня 4;Stanislav;1418310456824;3G;HSPA;1;250;1;100;65539967;505;-67
934;Старая деревня 4;Stanislav;1418310456824;3G;HSPA;250-1-100-65539967;-1;-1;-1;-1;505;-61
921;Крестовский остров 1;Stanislav;1418310552540;3G;HSPA;1;250;1;100;65569957;502;-51
921;Крестовский остров 1;Stanislav;1418310552540;3G;HSPA;250-1-100-65569957;-1;-1;-1;-1;502;-53
922;Крестовский остров 2;Stanislav;1418310570324;3G;HSPA;1;250;1;100;65569957;502;-83
922;Крестовский остров 2;Stanislav;1418310570324;3G;HSPA;250-1-100-65569957;-1;-1;-1;-1;502;-91
923;Крестовский остров 3;Stanislav;1418310590696;3G;HSPA;1;250;1;100;65569957;502;-75
923;Крестовский остров 3;Stanislav;1418310590696;3G;HSPA;250-1-100-65569957;-1;-1;-1;-1;502;-79
924;Крестовский остров 4;Stanislav;1418310601013;3G;HSPA;1;250;1;100;65569957;502;-87
924;Крестовский остров 4;Stanislav;1418310601013;3G;HSPA;250-1-100-65569957;-1;-1;-1;-1;502;-81
911;Чкаловская 1;Stanislav;1418310717569;unknown;unknown;1;250;2;7803;8293636;336;-69
912;Чкаловская 2;Stanislav;1418310733253;3G;HSPA;1;250;1;100;65539947;500;-81
913;Чкаловская 3;Stanislav;1418310756649;3G;HSPA;1;250;1;100;65539947;500;-81
913;Чкаловская 3;Stanislav;1418310756649;3G;HSPA;250-1-100-65539947;-1;-1;-1;-1;500;-83
914;Чкаловская 4;Stanislav;1418310769375;3G;HSPA;1;250;1;100;65539947;500;-85
914;Чкаловская 4;Stanislav;1418310769375;3G;HSPA;250-1-100-65539947;-1;-1;-1;-1;500;-83
901;Спортивная 1;Stanislav;1418310826159;3G;HSPA;1;250;1;100;65539937;504;-87
901;Спортивная 1;Stanislav;1418310826159;3G;HSPA;250-1-100-65539937;-1;-1;-1;-1;504;-95
901;Спортивная 1;Stanislav;1418310826159;3G;HSPA;250-1-100-65539937;2147483647;2147483647;2147483647;2147483647;-1;-113
902;Спортивная 2;Stanislav;1418310843697;3G;HSPA;1;250;1;100;65539937;504;-75
902;Спортивная 2;Stanislav;1418310843697;3G;HSPA;250-1-100-65539937;-1;-1;-1;-1;504;-77
902;Спортивная 2;Stanislav;1418310843697;3G;HSPA;250-1-100-65539937;2147483647;2147483647;2147483647;2147483647;-1;-113
903;Спортивная 3;Stanislav;1418310867332;3G;HSPA;1;250;1;100;65569937;504;-83
903;Спортивная 3;Stanislav;1418310867332;3G;HSPA;250-1-100-65569937;-1;-1;-1;-1;504;-87
904;Спортивная 4;Stanislav;1418310878410;3G;HSPA;1;250;1;100;65569937;504;-81
904;Спортивная 4;Stanislav;1418310878410;3G;HSPA;250-1-100-65569937;-1;-1;-1;-1;504;-81
891;Адмиралтейская 1;Stanislav;1418311027234;3G;HSPA;1;250;1;100;65539187;360;-71
891;Адмиралтейская 1;Stanislav;1418311027234;3G;HSPA;250-1-100-65539187;-1;-1;-1;-1;360;-79
892;Адмиралтейская 2;Stanislav;1418311045274;3G;HSPA;1;250;1;100;65539187;360;-83
892;Адмиралтейская 2;Stanislav;1418311045274;3G;HSPA;250-1-100-65539187;-1;-1;-1;-1;360;-79
893;Адмиралтейская 3;Stanislav;1418311076378;3G;HSPA;1;250;1;100;65539187;360;-81
893;Адмиралтейская 3;Stanislav;1418311076378;3G;HSPA;250-1-100-65539187;-1;-1;-1;-1;360;-85
894;Адмиралтейская 4;Stanislav;1418311087439;3G;HSPA;1;250;1;100;65539187;360;-79
894;Адмиралтейская 4;Stanislav;1418311087439;3G;HSPA;250-1-100-65539187;-1;-1;-1;-1;360;-81
881;Садовая 1;Stanislav;1418311147852;unknown;unknown;1;250;2;7803;8302837;17;-63
882;Садовая 2;Stanislav;1418311166259;3G;HSPA;1;250;1;100;65539907;511;-83
882;Садовая 2;Stanislav;1418311166259;3G;HSPA;250-1-100-65539907;-1;-1;-1;-1;511;-87
883;Садовая 3;Stanislav;1418311197952;3G;HSPA;1;250;1;100;65569907;511;-79
883;Садовая 3;Stanislav;1418311197952;3G;HSPA;250-1-100-65569907;-1;-1;-1;-1;511;-89
884;Садовая 4;Stanislav;1418311209503;3G;HSPA;1;250;1;100;65569907;511;-79
884;Садовая 4;Stanislav;1418311209503;3G;HSPA;250-1-100-65569907;-1;-1;-1;-1;511;-79
871;Звенигородская 1;Stanislav;1418311283472;3G;HSPA;1;250;1;100;65539897;500;-85
871;Звенигородская 1;Stanislav;1418311283472;3G;HSPA;250-1-100-65539897;-1;-1;-1;-1;500;-91
872;Звенигородская 2;Stanislav;1418311298985;3G;HSPA;1;250;1;100;65539897;500;-85
872;Звенигородская 2;Stanislav;1418311298985;3G;HSPA;250-1-100-65539897;-1;-1;-1;-1;500;-83
873;Звенигородская 3;Stanislav;1418311327008;3G;HSPA;1;250;1;100;65569897;500;-83
873;Звенигородская 3;Stanislav;1418311327008;3G;HSPA;250-1-100-65569897;-1;-1;-1;-1;500;-81
874;Звенигородская 4;Stanislav;1418311338847;3G;HSPA;1;250;1;100;65569897;500;-65
874;Звенигородская 4;Stanislav;1418311338847;3G;HSPA;250-1-100-65569897;-1;-1;-1;-1;500;-75
861;Обводный канал 1;Stanislav;1418311435270;3G;HSPA;1;250;1;100;65569598;510;-51
861;Обводный канал 1;Stanislav;1418311435270;3G;HSPA;250-1-100-65569598;-1;-1;-1;-1;510;-51
862;Обводный канал 2;Stanislav;1418311453544;3G;HSPA;1;250;1;100;65569597;507;-77
862;Обводный канал 2;Stanislav;1418311453544;3G;HSPA;250-1-100-65569597;-1;-1;-1;-1;510;-93
862;Обводный канал 2;Stanislav;1418311453544;3G;HSPA;250-1-100-65569597;-1;-1;-1;-1;507;-73
863;Обводный канал 3;Stanislav;1418311473551;3G;HSPA;1;250;1;100;65539597;507;-67
863;Обводный канал 3;Stanislav;1418311473551;3G;HSPA;250-1-100-65539597;-1;-1;-1;-1;507;-67
863;Обводный канал 3;Stanislav;1418311473551;3G;HSPA;250-1-100-65539597;-1;-1;-1;-1;510;-83
864;Обводный канал 4;Stanislav;1418311484697;3G;HSPA;1;250;1;100;65539597;507;-73
864;Обводный канал 4;Stanislav;1418311484697;3G;HSPA;250-1-100-65539597;-1;-1;-1;-1;507;-81
864;Обводный канал 4;Stanislav;1418311484697;3G;HSPA;250-1-100-65539597;-1;-1;-1;-1;510;-97
851;Волковская 1;Stanislav;1418311594652;unknown;unknown;1;250;2;7803;22546;-1;-53
851;Волковская 1;Stanislav;1418311594652;unknown;unknown;250-2-7803-22546;250;2;7803;14705;-1;-89
852;Волковская 2;Stanislav;1418311613414;3G;HSPA;1;250;1;100;65540017;501;-75
852;Волковская 2;Stanislav;1418311613414;3G;HSPA;250-1-100-65540017;-1;-1;-1;-1;501;-67
853;Волковская 3;Stanislav;1418311634748;3G;HSPA;1;250;1;100;65570017;501;-79
853;Волковская 3;Stanislav;1418311634748;3G;HSPA;250-1-100-65570017;-1;-1;-1;-1;501;-75
854;Волковская 4;Stanislav;1418311645669;3G;HSPA;1;250;1;100;65570017;501;-67
854;Волковская 4;Stanislav;1418311645669;3G;HSPA;250-1-100-65570017;-1;-1;-1;-1;501;-69
841;Бухарестская 1;Stanislav;1418311729260;unknown;unknown;1;250;99;14764;15925;-1;-51
841;Бухарестская 1;Stanislav;1418311729260;unknown;unknown;250-99-14764-15925;250;2;7803;24675;-1;-107
842;Бухарестская 2;Stanislav;1418311746988;3G;HSPA;1;250;1;100;65565847;503;-79
842;Бухарестская 2;Stanislav;1418311746988;3G;HSPA;250-1-100-65565847;-1;-1;-1;-1;503;-81
843;Бухарестская 3;Stanislav;1418311766784;3G;HSPA;1;250;1;100;65595847;503;-79
843;Бухарестская 3;Stanislav;1418311766784;3G;HSPA;250-1-100-65595847;-1;-1;-1;-1;503;-71
844;Бухарестская 4;Stanislav;1418311778313;3G;HSPA;1;250;1;100;65595847;503;-69
844;Бухарестская 4;Stanislav;1418311778313;3G;HSPA;250-1-100-65595847;-1;-1;-1;-1;503;-65
831;Международная 1;Stanislav;1418311870525;3G;HSPA;1;250;1;100;65565857;174;-71
831;Международная 1;Stanislav;1418311870525;3G;HSPA;250-1-100-65565857;-1;-1;-1;-1;174;-73
832;Международная 2;Stanislav;1418311889750;3G;HSPA;1;250;1;100;65565857;174;-67
832;Международная 2;Stanislav;1418311889750;3G;HSPA;250-1-100-65565857;-1;-1;-1;-1;174;-73
