ID;Name;User;TimeStamp;NetworkGen;NetworkType;Active;MCC;MNC;LAC;CID;PSC;Power
;ServiceLog;Andrey;1435912664771;2G;EDGE;1;250;99;26627;19007;-1;0
;ServiceLog;Andrey;1435912665810;2G;EDGE;1;250;99;26627;19007;-1;-75
;ServiceLog;Andrey;1435912666926;2G;EDGE;1;250;99;26627;19007;-1;-75
;ServiceLog;Andrey;1435912668056;2G;EDGE;1;250;99;26627;19007;-1;-75
;ServiceLog;Andrey;1435912669119;2G;EDGE;1;250;99;26627;19007;-1;-75
;ServiceLog;Andrey;1435912670198;2G;EDGE;1;250;99;26627;19007;-1;-75
;ServiceLog;Andrey;1435912671264;2G;EDGE;1;250;99;26627;19007;-1;-75
;ServiceLog;Andrey;1435912672337;2G;EDGE;1;250;99;26627;19007;-1;-75
;ServiceLog;Andrey;1435912673356;2G;EDGE;1;250;99;26627;19007;-1;-75
;ServiceLog;Andrey;1435912674410;2G;EDGE;1;250;99;26627;19007;-1;-75
;ServiceLog;Andrey;1435912675480;2G;EDGE;1;250;99;26627;19007;-1;-77
;ServiceLog;Andrey;1435912676496;2G;EDGE;1;250;99;26627;19007;-1;-77
;ServiceLog;Andrey;1435912677531;2G;EDGE;1;250;99;26627;19007;-1;-77
;ServiceLog;Andrey;1435912678586;2G;EDGE;1;250;99;26627;19007;-1;-79
;ServiceLog;Andrey;1435912679600;2G;EDGE;1;250;99;26627;19007;-1;-79
;ServiceLog;Andrey;1435912680637;2G;EDGE;1;250;99;26627;19007;-1;-79
;ServiceLog;Andrey;1435912681670;2G;EDGE;1;250;99;26627;19007;-1;-79
;ServiceLog;Andrey;1435912682712;2G;EDGE;1;250;99;26627;19007;-1;-79
;ServiceLog;Andrey;1435912683822;2G;EDGE;1;250;99;26627;19007;-1;-75
;ServiceLog;Andrey;1435912684861;2G;EDGE;1;250;99;26627;19007;-1;-75
;ServiceLog;Andrey;1435912685935;2G;EDGE;1;250;99;26627;19007;-1;-75
;ServiceLog;Andrey;1435912686968;2G;EDGE;1;250;99;26627;19007;-1;-73
;ServiceLog;Andrey;1435912688016;2G;EDGE;1;250;99;26627;19007;-1;-73
;ServiceLog;Andrey;1435912689063;2G;EDGE;1;250;99;26627;19007;-1;-73
;ServiceLog;Andrey;1435912690080;2G;EDGE;1;250;99;26627;19007;-1;-73
;ServiceLog;Andrey;1435912691103;2G;EDGE;1;250;99;26627;19007;-1;-73
;ServiceLog;Andrey;1435912692115;2G;EDGE;1;250;99;26627;19007;-1;-71
;ServiceLog;Andrey;1435912693140;2G;EDGE;1;250;99;26627;19007;-1;-71
;ServiceLog;Andrey;1435912694181;2G;EDGE;1;250;99;26627;19007;-1;-71
;ServiceLog;Andrey;1435912695210;2G;EDGE;1;250;99;26627;19007;-1;-71
;ServiceLog;Andrey;1435912696238;2G;EDGE;1;250;99;26627;19007;-1;-69
;ServiceLog;Andrey;1435912697323;2G;EDGE;1;250;99;26627;19007;-1;-69
;ServiceLog;Andrey;1435912698351;2G;EDGE;1;250;99;26627;19007;-1;-69
;ServiceLog;Andrey;1435912699376;2G;EDGE;1;250;99;26627;19007;-1;-69
;ServiceLog;Andrey;1435912700484;2G;EDGE;1;250;99;26627;19007;-1;-69
;ServiceLog;Andrey;1435912701497;2G;EDGE;1;250;99;26627;19007;-1;-69
;ServiceLog;Andrey;1435912702550;2G;EDGE;1;250;99;26627;19007;-1;-71
;ServiceLog;Andrey;1435912703681;2G;EDGE;1;250;99;26627;19007;-1;-71
;ServiceLog;Andrey;1435912704773;2G;EDGE;1;250;99;26627;19007;-1;-75
;ServiceLog;Andrey;1435912705825;2G;EDGE;1;250;99;26627;19007;-1;-75
;ServiceLog;Andrey;1435912706855;2G;EDGE;1;250;99;26627;19007;-1;-75
;ServiceLog;Andrey;1435912707869;2G;EDGE;1;250;99;26627;19007;-1;-77
;ServiceLog;Andrey;1435912708883;2G;EDGE;1;250;99;26627;19007;-1;-77
;ServiceLog;Andrey;1435912709896;2G;EDGE;1;250;99;26627;19007;-1;-77
;ServiceLog;Andrey;1435912711014;2G;EDGE;1;250;99;26627;19007;-1;-77
;ServiceLog;Andrey;1435912712027;2G;EDGE;1;250;99;26627;19007;-1;-77
;ServiceLog;Andrey;1435912713038;2G;EDGE;1;250;99;26627;19007;-1;-77
;ServiceLog;Andrey;1435912714052;2G;EDGE;1;250;99;26627;19007;-1;-75
;ServiceLog;Andrey;1435912715059;2G;EDGE;1;250;99;26627;19007;-1;-75
;ServiceLog;Andrey;1435912716078;2G;EDGE;1;250;99;26627;19007;-1;-75
;ServiceLog;Andrey;1435912717086;2G;EDGE;1;250;99;26627;19007;-1;-75
;ServiceLog;Andrey;1435912718142;2G;EDGE;1;250;99;26627;19007;-1;-73
;ServiceLog;Andrey;1435912719155;2G;EDGE;1;250;99;26627;19007;-1;-73
;ServiceLog;Andrey;1435912720164;2G;EDGE;1;250;99;26627;19007;-1;-73
;ServiceLog;Andrey;1435912721180;2G;EDGE;1;250;99;26627;19007;-1;-73
;ServiceLog;Andrey;1435912722195;2G;EDGE;1;250;99;26627;19007;-1;-73
;ServiceLog;Andrey;1435912723213;2G;EDGE;1;250;99;26627;19007;-1;-71
;ServiceLog;Andrey;1435912724223;2G;EDGE;1;250;99;26627;19007;-1;-71
;ServiceLog;Andrey;1435912725234;2G;EDGE;1;250;99;26627;19007;-1;-71
;ServiceLog;Andrey;1435912726256;2G;EDGE;1;250;99;26627;19007;-1;-71
;ServiceLog;Andrey;1435912727268;2G;EDGE;1;250;99;26627;19007;-1;-71
;ServiceLog;Andrey;1435912728279;2G;EDGE;1;250;99;26627;19007;-1;-71
;ServiceLog;Andrey;1435912729317;2G;EDGE;1;250;99;26627;19007;-1;-71
;ServiceLog;Andrey;1435912730327;2G;EDGE;1;250;99;26627;19007;-1;-71
;ServiceLog;Andrey;1435912731337;2G;EDGE;1;250;99;26627;19007;-1;-71
;ServiceLog;Andrey;1435912732369;2G;EDGE;1;250;99;26627;19007;-1;-71
;ServiceLog;Andrey;1435912733379;2G;EDGE;1;250;99;26627;19007;-1;-71
;ServiceLog;Andrey;1435912734396;2G;EDGE;1;250;99;26627;19007;-1;-71
;ServiceLog;Andrey;1435912735435;2G;EDGE;1;250;99;26627;19007;-1;-71
;ServiceLog;Andrey;1435912736509;2G;EDGE;1;250;99;26627;19007;-1;-73
;ServiceLog;Andrey;1435912737524;2G;EDGE;1;250;99;26627;19007;-1;-73
;ServiceLog;Andrey;1435912738536;2G;EDGE;1;250;99;26627;19007;-1;-73
;ServiceLog;Andrey;1435912739590;2G;EDGE;1;250;99;26627;19007;-1;-73
;ServiceLog;Andrey;1435912740601;2G;EDGE;1;250;99;26627;19007;-1;-73
;ServiceLog;Andrey;1435912741612;2G;EDGE;1;250;99;26627;19007;-1;-73
;ServiceLog;Andrey;1435912742654;2G;EDGE;1;250;99;26627;19007;-1;-73
;ServiceLog;Andrey;1435912743662;2G;EDGE;1;250;99;26627;19007;-1;-73
;ServiceLog;Andrey;1435912744678;2G;EDGE;1;250;99;26627;19007;-1;-73
;ServiceLog;Andrey;1435912745689;2G;EDGE;1;250;99;26627;19007;-1;-73
;ServiceLog;Andrey;1435912746725;2G;EDGE;1;250;99;26627;19007;-1;-73
;ServiceLog;Andrey;1435912747739;2G;EDGE;1;250;99;26627;19007;-1;-73
;ServiceLog;Andrey;1435912748759;2G;EDGE;1;250;99;26627;19007;-1;-73
;ServiceLog;Andrey;1435912749780;2G;EDGE;1;250;99;26627;19007;-1;-73
;ServiceLog;Andrey;1435912750790;2G;EDGE;1;250;99;26627;19007;-1;-73
;ServiceLog;Andrey;1435912751800;2G;EDGE;1;250;99;26627;19007;-1;-73
;ServiceLog;Andrey;1435912752825;2G;EDGE;1;250;99;26627;19007;-1;-73
;ServiceLog;Andrey;1435912753838;2G;EDGE;1;250;99;26627;19007;-1;-73
;ServiceLog;Andrey;1435912754851;2G;EDGE;1;250;99;26627;19007;-1;-73
;ServiceLog;Andrey;1435912755865;2G;EDGE;1;250;99;26627;19007;-1;-73
;ServiceLog;Andrey;1435912756904;2G;EDGE;1;250;99;26627;19007;-1;-73
;ServiceLog;Andrey;1435912758099;2G;EDGE;1;250;99;26627;19007;-1;-73
;ServiceLog;Andrey;1435912759197;2G;EDGE;1;250;99;26627;19007;-1;-73
;ServiceLog;Andrey;1435912760238;2G;EDGE;1;250;99;26627;19007;-1;-73
;ServiceLog;Andrey;1435912761277;2G;EDGE;1;250;99;26627;19007;-1;-73
;ServiceLog;Andrey;1435912762315;2G;EDGE;1;250;99;26627;19007;-1;-73
;ServiceLog;Andrey;1435912763363;2G;EDGE;1;250;99;26627;19007;-1;-73
;ServiceLog;Andrey;1435912764465;2G;EDGE;1;250;99;26627;19007;-1;-73
;ServiceLog;Andrey;1435912765495;2G;EDGE;1;250;99;26627;19007;-1;-75
;ServiceLog;Andrey;1435912766546;2G;EDGE;1;250;99;26627;19007;-1;-75
;ServiceLog;Andrey;1435912767682;2G;EDGE;1;250;99;26627;19007;-1;-75
;ServiceLog;Andrey;1435912768750;2G;EDGE;1;250;99;26627;19007;-1;-75
;ServiceLog;Andrey;1435912769871;2G;EDGE;1;250;99;26627;19007;-1;-75
;ServiceLog;Andrey;1435912771002;2G;EDGE;1;250;99;26627;19007;-1;-75
;ServiceLog;Andrey;1435912772047;2G;EDGE;1;250;99;26627;19007;-1;-77
;ServiceLog;Andrey;1435912773103;2G;EDGE;1;250;99;26627;19007;-1;-77
;ServiceLog;Andrey;1435912774235;2G;EDGE;1;250;99;26627;19007;-1;-77
;ServiceLog;Andrey;1435912775390;2G;EDGE;1;250;99;26627;19007;-1;-77
;ServiceLog;Andrey;1435912776451;2G;EDGE;1;250;99;26627;19007;-1;-77
;ServiceLog;Andrey;1435912777521;2G;EDGE;1;250;99;26627;19007;-1;-77
;ServiceLog;Andrey;1435912778562;2G;EDGE;1;250;99;26627;19007;-1;-77
;ServiceLog;Andrey;1435912779602;2G;EDGE;1;250;99;26627;19007;-1;-75
;ServiceLog;Andrey;1435912780651;2G;EDGE;1;250;99;26627;19007;-1;-75
;ServiceLog;Andrey;1435912781660;2G;EDGE;1;250;99;26627;19007;-1;-75
;ServiceLog;Andrey;1435912782770;2G;EDGE;1;250;99;26627;19007;-1;-75
;ServiceLog;Andrey;1435912783936;2G;EDGE;1;250;99;26627;19007;-1;-75
;ServiceLog;Andrey;1435912785061;2G;EDGE;1;250;99;26627;19007;-1;-75
;ServiceLog;Andrey;1435912786114;2G;EDGE;1;250;99;26627;19007;-1;-75
;ServiceLog;Andrey;1435912787147;2G;EDGE;1;250;99;26627;19007;-1;-75
;ServiceLog;Andrey;1435912788183;2G;EDGE;1;250;99;26627;19007;-1;-75
;ServiceLog;Andrey;1435912789234;2G;EDGE;1;250;99;26627;19007;-1;-75
;ServiceLog;Andrey;1435912790341;2G;EDGE;1;250;99;26627;19007;-1;-75
;ServiceLog;Andrey;1435912791369;2G;EDGE;1;250;99;26627;19007;-1;-75
;ServiceLog;Andrey;1435912792417;2G;EDGE;1;250;99;26627;19007;-1;-75
;ServiceLog;Andrey;1435912793582;2G;EDGE;1;250;99;26627;19007;-1;-75
;ServiceLog;Andrey;1435912794642;2G;EDGE;1;250;99;26627;19007;-1;-75
;ServiceLog;Andrey;1435912795686;2G;EDGE;1;250;99;26627;19007;-1;-77
;ServiceLog;Andrey;1435912796750;2G;EDGE;1;250;99;26627;19007;-1;-79
;ServiceLog;Andrey;1435912797788;2G;EDGE;1;250;99;26627;19007;-1;-79
;ServiceLog;Andrey;1435912798849;2G;EDGE;1;250;99;26627;19007;-1;-81
;ServiceLog;Andrey;1435912799909;2G;EDGE;1;250;99;26627;19007;-1;-83
;ServiceLog;Andrey;1435912801092;2G;EDGE;1;250;99;26627;19007;-1;-85
;ServiceLog;Andrey;1435912802141;2G;EDGE;1;250;99;26627;19007;-1;-85
;ServiceLog;Andrey;1435912803205;2G;EDGE;1;250;99;26627;19007;-1;-87
;ServiceLog;Andrey;1435912804242;2G;EDGE;1;250;99;26627;19007;-1;-87
;ServiceLog;Andrey;1435912805289;2G;EDGE;1;250;99;26627;19007;-1;-87
;ServiceLog;Andrey;1435912806353;2G;EDGE;1;250;99;26627;19007;-1;-87
;ServiceLog;Andrey;1435912807451;2G;EDGE;1;250;99;26627;19007;-1;-87
;ServiceLog;Andrey;1435912808553;2G;EDGE;1;250;99;26627;19007;-1;-87
;ServiceLog;Andrey;1435912809596;2G;EDGE;1;250;99;26627;19007;-1;-87
;ServiceLog;Andrey;1435912810671;2G;EDGE;1;250;99;26627;19007;-1;-87
;ServiceLog;Andrey;1435912811780;2G;EDGE;1;250;99;26627;19007;-1;-87
;ServiceLog;Andrey;1435912812825;2G;EDGE;1;250;99;26627;19007;-1;-87
;ServiceLog;Andrey;1435912813913;2G;EDGE;1;250;99;26627;19007;-1;-87
;ServiceLog;Andrey;1435912815003;2G;EDGE;1;250;99;26627;19007;-1;-85
;ServiceLog;Andrey;1435912816046;2G;EDGE;1;250;99;26627;19007;-1;-85
;ServiceLog;Andrey;1435912817094;2G;EDGE;1;250;99;26627;19007;-1;-83
;ServiceLog;Andrey;1435912818139;2G;EDGE;1;250;99;26627;19007;-1;-79
;ServiceLog;Andrey;1435912819177;2G;EDGE;1;250;99;26627;19007;-1;-75
;ServiceLog;Andrey;1435912820219;2G;EDGE;1;250;99;26627;19007;-1;-75
;ServiceLog;Andrey;1435912821246;2G;EDGE;1;250;99;26627;19007;-1;-71
;ServiceLog;Andrey;1435912822265;2G;EDGE;1;250;99;26627;19007;-1;-67
;ServiceLog;Andrey;1435912823291;2G;EDGE;1;250;99;26627;19007;-1;-67
;ServiceLog;Andrey;1435912824305;2G;EDGE;1;250;99;26627;19007;-1;-65
;ServiceLog;Andrey;1435912825321;2G;EDGE;1;250;99;26627;19007;-1;-65
;ServiceLog;Andrey;1435912826441;2G;EDGE;1;250;99;26627;19007;-1;-65
;ServiceLog;Andrey;1435912827507;2G;EDGE;1;250;99;26627;19007;-1;-65
;ServiceLog;Andrey;1435912828555;2G;EDGE;1;250;99;26627;19007;-1;-65
;ServiceLog;Andrey;1435912829619;2G;EDGE;1;250;99;26627;19007;-1;-65
;ServiceLog;Andrey;1435912830672;2G;EDGE;1;250;99;26627;19007;-1;-65
;ServiceLog;Andrey;1435912831709;2G;EDGE;1;250;99;26627;19007;-1;-65
;ServiceLog;Andrey;1435912832774;2G;EDGE;1;250;99;26627;19007;-1;-65
;ServiceLog;Andrey;1435912833838;2G;EDGE;1;250;99;26627;19007;-1;-63
;ServiceLog;Andrey;1435912834866;2G;EDGE;1;250;99;26627;19007;-1;-63
;ServiceLog;Andrey;1435912835911;2G;EDGE;1;250;99;26627;19007;-1;-63
;ServiceLog;Andrey;1435912836951;2G;EDGE;1;250;99;26627;19007;-1;-63
;ServiceLog;Andrey;1435912838066;2G;EDGE;1;250;99;26627;19007;-1;-63
;ServiceLog;Andrey;1435912839097;2G;EDGE;1;250;99;26627;19007;-1;-63
;ServiceLog;Andrey;1435912840140;2G;EDGE;1;250;99;26627;19007;-1;-63
;ServiceLog;Andrey;1435912841228;2G;EDGE;1;250;99;26627;19007;-1;-63
;ServiceLog;Andrey;1435912842240;2G;EDGE;1;250;99;26627;19007;-1;-65
;ServiceLog;Andrey;1435912843260;2G;EDGE;1;250;99;26627;19007;-1;-67
;ServiceLog;Andrey;1435912844268;2G;EDGE;1;250;99;26627;19007;-1;-67
;ServiceLog;Andrey;1435912845280;2G;EDGE;1;250;99;26627;19007;-1;-69
;ServiceLog;Andrey;1435912846322;2G;EDGE;1;250;99;26627;19007;-1;-71
;ServiceLog;Andrey;1435912847329;2G;EDGE;1;250;99;26627;19007;-1;-71
;ServiceLog;Andrey;1435912848357;2G;EDGE;1;250;99;26627;19007;-1;-73
;ServiceLog;Andrey;1435912849373;2G;EDGE;1;250;99;26627;19007;-1;-75
;ServiceLog;Andrey;1435912850401;2G;EDGE;1;250;99;26627;19007;-1;-77
;ServiceLog;Andrey;1435912851410;2G;EDGE;1;250;99;26627;19007;-1;-77
;ServiceLog;Andrey;1435912852428;2G;EDGE;1;250;99;26627;19007;-1;-81
;ServiceLog;Andrey;1435912853439;2G;EDGE;1;250;99;26627;19007;-1;-83
;ServiceLog;Andrey;1435912854453;2G;EDGE;1;250;99;26627;19007;-1;-83
;ServiceLog;Andrey;1435912855478;2G;EDGE;1;250;99;26627;19007;-1;-85
;ServiceLog;Andrey;1435912856507;2G;EDGE;1;250;99;26627;19007;-1;-87
;ServiceLog;Andrey;1435912857519;2G;EDGE;1;250;99;26627;19007;-1;-87
;ServiceLog;Andrey;1435912858536;2G;EDGE;1;250;99;26627;19007;-1;-87
;ServiceLog;Andrey;1435912859549;2G;EDGE;1;250;99;26627;19007;-1;-89
;ServiceLog;Andrey;1435912860562;2G;EDGE;1;250;99;26627;19007;-1;-89
;ServiceLog;Andrey;1435912861575;2G;EDGE;1;250;99;26627;19007;-1;-91
;ServiceLog;Andrey;1435912862584;2G;EDGE;1;250;99;26627;19007;-1;-91
;ServiceLog;Andrey;1435912863603;2G;EDGE;1;250;99;26627;19007;-1;-91
;ServiceLog;Andrey;1435912864636;2G;EDGE;1;250;99;26627;19007;-1;-91
;ServiceLog;Andrey;1435912865649;2G;EDGE;1;250;99;26627;19007;-1;-91
;ServiceLog;Andrey;1435912866663;2G;EDGE;1;250;99;26627;19007;-1;-93
;ServiceLog;Andrey;1435912867670;2G;EDGE;1;250;99;26627;19007;-1;-93
;ServiceLog;Andrey;1435912868687;2G;EDGE;1;250;99;26627;19051;-1;-93
;ServiceLog;Andrey;1435912869700;2G;EDGE;1;250;99;26627;19051;-1;-93
;ServiceLog;Andrey;1435912870740;2G;EDGE;1;250;99;26627;19051;-1;-93
;ServiceLog;Andrey;1435912871763;2G;EDGE;1;250;99;26627;19051;-1;-91
;ServiceLog;Andrey;1435912872771;2G;EDGE;1;250;99;26627;19051;-1;-89
;ServiceLog;Andrey;1435912873792;2G;EDGE;1;250;99;26627;19051;-1;-89
;ServiceLog;Andrey;1435912874819;2G;EDGE;1;250;99;26627;19051;-1;-87
;ServiceLog;Andrey;1435912875826;2G;EDGE;1;250;99;26627;19051;-1;-87
;ServiceLog;Andrey;1435912876849;2G;EDGE;1;250;99;26627;19051;-1;-87
;ServiceLog;Andrey;1435912877886;2G;EDGE;1;250;99;26627;19051;-1;-83
;ServiceLog;Andrey;1435912878900;2G;EDGE;1;250;99;26627;19051;-1;-83
;ServiceLog;Andrey;1435912879946;2G;EDGE;1;250;99;26627;19051;-1;-81
;ServiceLog;Andrey;1435912880961;2G;EDGE;1;250;99;26627;19051;-1;-81
;ServiceLog;Andrey;1435912881985;2G;EDGE;1;250;99;26627;19051;-1;-81
;ServiceLog;Andrey;1435912882994;2G;EDGE;1;250;99;26627;19051;-1;-79
;ServiceLog;Andrey;1435912884009;2G;EDGE;1;250;99;26627;19051;-1;-79
;ServiceLog;Andrey;1435912885039;2G;EDGE;1;250;99;26627;19051;-1;-79
;ServiceLog;Andrey;1435912886051;2G;EDGE;1;250;99;26627;19051;-1;-77
;ServiceLog;Andrey;1435912887063;2G;EDGE;1;250;99;26627;19051;-1;-77
;ServiceLog;Andrey;1435912888100;2G;EDGE;1;250;99;26627;19051;-1;-77
;ServiceLog;Andrey;1435912889115;2G;EDGE;1;250;99;26627;19051;-1;-73
;ServiceLog;Andrey;1435912890128;2G;EDGE;1;250;99;26627;19051;-1;-71
;ServiceLog;Andrey;1435912891164;2G;EDGE;1;250;99;26627;19051;-1;-71
;ServiceLog;Andrey;1435912892173;2G;EDGE;1;250;99;26627;19051;-1;-71
;ServiceLog;Andrey;1435912893184;2G;EDGE;1;250;99;26627;19051;-1;-69
;ServiceLog;Andrey;1435912894197;2G;EDGE;1;250;99;26627;19051;-1;-69
;ServiceLog;Andrey;1435912895241;2G;EDGE;1;250;99;26627;19051;-1;-69
;ServiceLog;Andrey;1435912896265;2G;EDGE;1;250;99;26627;19051;-1;-65
;ServiceLog;Andrey;1435912897285;2G;EDGE;1;250;99;26627;19051;-1;-65
;ServiceLog;Andrey;1435912898315;2G;EDGE;1;250;99;26627;19051;-1;-63
;ServiceLog;Andrey;1435912899322;2G;EDGE;1;250;99;26627;19051;-1;-63
;ServiceLog;Andrey;1435912900337;2G;EDGE;1;250;99;26627;19051;-1;-61
;ServiceLog;Andrey;1435912901403;2G;EDGE;1;250;99;26627;19051;-1;-61
;ServiceLog;Andrey;1435912902432;2G;EDGE;1;250;99;26627;19051;-1;-61
;ServiceLog;Andrey;1435912903445;2G;EDGE;1;250;99;26627;19051;-1;-61
;ServiceLog;Andrey;1435912904481;2G;EDGE;1;250;99;26627;19051;-1;-61
;ServiceLog;Andrey;1435912905512;2G;EDGE;1;250;99;26627;19051;-1;-61
;ServiceLog;Andrey;1435912906588;2G;EDGE;1;250;99;26627;19051;-1;-61
;ServiceLog;Andrey;1435912907690;2G;EDGE;1;250;99;26627;19051;-1;-59
;ServiceLog;Andrey;1435912908716;2G;EDGE;1;250;99;26627;19051;-1;-59
;ServiceLog;Andrey;1435912909751;2G;EDGE;1;250;99;26627;19051;-1;-59
;ServiceLog;Andrey;1435912910818;2G;EDGE;1;250;99;26627;19051;-1;-59
;ServiceLog;Andrey;1435912911874;2G;EDGE;1;250;99;26627;19051;-1;-59
;ServiceLog;Andrey;1435912912902;2G;EDGE;1;250;99;26627;19051;-1;-59
;ServiceLog;Andrey;1435912913913;2G;EDGE;1;250;99;26627;19051;-1;-59
;ServiceLog;Andrey;1435912914952;2G;EDGE;1;250;99;26627;19051;-1;-59
;ServiceLog;Andrey;1435912915995;2G;EDGE;1;250;99;26627;19051;-1;-59
;ServiceLog;Andrey;1435912917038;2G;EDGE;1;250;99;26627;19051;-1;-59
;ServiceLog;Andrey;1435912918095;2G;EDGE;1;250;99;26627;19051;-1;-57
;ServiceLog;Andrey;1435912919130;2G;EDGE;1;250;99;26627;19051;-1;-57
;ServiceLog;Andrey;1435912920194;2G;EDGE;1;250;99;26627;19051;-1;-57
;ServiceLog;Andrey;1435912921211;2G;EDGE;1;250;99;26627;19051;-1;-57
;ServiceLog;Andrey;1435912922255;2G;EDGE;1;250;99;26627;19051;-1;-57
;ServiceLog;Andrey;1435912923372;2G;EDGE;1;250;99;26627;19051;-1;-57
;ServiceLog;Andrey;1435912924435;2G;EDGE;1;250;99;26627;19051;-1;-57
;ServiceLog;Andrey;1435912925456;2G;EDGE;1;250;99;26627;19051;-1;-57
;ServiceLog;Andrey;1435912926514;2G;EDGE;1;250;99;26627;19051;-1;-57
;ServiceLog;Andrey;1435912927544;2G;EDGE;1;250;99;26627;19051;-1;-57
;ServiceLog;Andrey;1435912928580;2G;EDGE;1;250;99;26627;19051;-1;-57
;ServiceLog;Andrey;1435912929708;2G;EDGE;1;250;99;26627;19051;-1;-59
;ServiceLog;Andrey;1435912930760;2G;EDGE;1;250;99;26627;19051;-1;-59
;ServiceLog;Andrey;1435912931855;2G;EDGE;1;250;99;26627;19051;-1;-59
;ServiceLog;Andrey;1435912932965;2G;EDGE;1;250;99;26627;19051;-1;-59
;ServiceLog;Andrey;1435912933994;2G;EDGE;1;250;99;26627;19051;-1;-59
;ServiceLog;Andrey;1435912935044;2G;EDGE;1;250;99;26627;19051;-1;-59
;ServiceLog;Andrey;1435912936085;2G;EDGE;1;250;99;26627;19051;-1;-59
;ServiceLog;Andrey;1435912937153;2G;EDGE;1;250;99;26627;19051;-1;-59
;ServiceLog;Andrey;1435912938194;2G;EDGE;1;250;99;26627;19051;-1;-59
;ServiceLog;Andrey;1435912939228;2G;EDGE;1;250;99;26627;19051;-1;-59
;ServiceLog;Andrey;1435912940349;2G;EDGE;1;250;99;26627;19051;-1;-59
;ServiceLog;Andrey;1435912941443;2G;EDGE;1;250;99;26627;19051;-1;-59
;ServiceLog;Andrey;1435912942500;2G;EDGE;1;250;99;26627;19051;-1;-59
;ServiceLog;Andrey;1435912943544;2G;EDGE;1;250;99;26627;19051;-1;-63
;ServiceLog;Andrey;1435912944674;2G;EDGE;1;250;99;26627;19051;-1;-63
;ServiceLog;Andrey;1435912945746;2G;EDGE;1;250;99;26627;19051;-1;-67
;ServiceLog;Andrey;1435912946779;2G;EDGE;1;250;99;26627;19051;-1;-69
;ServiceLog;Andrey;1435912947811;2G;EDGE;1;250;99;26627;19051;-1;-73
;ServiceLog;Andrey;1435912948948;2G;EDGE;1;250;99;26627;19051;-1;-75
;ServiceLog;Andrey;1435912950069;2G;EDGE;1;250;99;26627;19051;-1;-75
;ServiceLog;Andrey;1435912951108;2G;EDGE;1;250;99;26627;19051;-1;-75
;ServiceLog;Andrey;1435912952139;2G;EDGE;1;250;99;26627;19051;-1;-79
;ServiceLog;Andrey;1435912953191;2G;EDGE;1;250;99;26627;19051;-1;-79
;ServiceLog;Andrey;1435912954293;2G;EDGE;1;250;99;26627;19051;-1;-79
;ServiceLog;Andrey;1435912955326;2G;EDGE;1;250;99;26627;19051;-1;-79
;ServiceLog;Andrey;1435912956402;2G;EDGE;1;250;99;26627;19051;-1;-79
;ServiceLog;Andrey;1435912957440;2G;EDGE;1;250;99;26627;19051;-1;-79
;ServiceLog;Andrey;1435912958497;2G;EDGE;1;250;99;26627;19051;-1;-79
;ServiceLog;Andrey;1435912959584;2G;EDGE;1;250;99;26627;19051;-1;-79
;ServiceLog;Andrey;1435912960639;2G;EDGE;1;250;99;26627;19051;-1;-79
;ServiceLog;Andrey;1435912961687;2G;EDGE;1;250;99;26627;19051;-1;-79
;ServiceLog;Andrey;1435912962723;2G;EDGE;1;250;99;26627;19051;-1;-79
;ServiceLog;Andrey;1435912963752;2G;EDGE;1;250;99;26627;19051;-1;-79
;ServiceLog;Andrey;1435912964890;2G;EDGE;1;250;99;26627;19051;-1;-79
;ServiceLog;Andrey;1435912965948;2G;EDGE;1;250;99;26627;19051;-1;-77
;ServiceLog;Andrey;1435912966989;2G;EDGE;1;250;99;26627;19051;-1;-77
;ServiceLog;Andrey;1435912968021;2G;EDGE;1;250;99;26627;19051;-1;-77
;ServiceLog;Andrey;1435912969062;2G;EDGE;1;250;99;26627;19051;-1;-73
;ServiceLog;Andrey;1435912970141;2G;EDGE;1;250;99;26627;19051;-1;-73
;ServiceLog;Andrey;1435912971216;2G;EDGE;1;250;99;26627;19051;-1;-73
;ServiceLog;Andrey;1435912972281;2G;EDGE;1;250;99;26627;19051;-1;-73
;ServiceLog;Andrey;1435912973312;2G;EDGE;1;250;99;26627;19051;-1;-73
;ServiceLog;Andrey;1435912974344;2G;EDGE;1;250;99;26627;19051;-1;-73
;ServiceLog;Andrey;1435912975394;2G;EDGE;1;250;99;26627;19051;-1;-73
;ServiceLog;Andrey;1435912976429;2G;EDGE;1;250;99;26627;19051;-1;-73
;ServiceLog;Andrey;1435912977458;2G;EDGE;1;250;99;26627;19051;-1;-71
;ServiceLog;Andrey;1435912978546;2G;EDGE;1;250;99;26627;19051;-1;-71
;ServiceLog;Andrey;1435912979590;2G;EDGE;1;250;99;26627;19051;-1;-71
;ServiceLog;Andrey;1435912980698;2G;EDGE;1;250;99;26627;19051;-1;-71
;ServiceLog;Andrey;1435912981784;2G;EDGE;1;250;99;26627;19051;-1;-71
;ServiceLog;Andrey;1435912982830;2G;EDGE;1;250;99;26627;19051;-1;-71
;ServiceLog;Andrey;1435912983866;2G;EDGE;1;250;99;26627;19051;-1;-71
;ServiceLog;Andrey;1435912984899;2G;EDGE;1;250;99;26627;19051;-1;-69
;ServiceLog;Andrey;1435912985929;2G;EDGE;1;250;99;26627;19051;-1;-67
;ServiceLog;Andrey;1435912986960;2G;EDGE;1;250;99;26627;19051;-1;-67
;ServiceLog;Andrey;1435912987993;2G;EDGE;1;250;99;26627;19051;-1;-65
;ServiceLog;Andrey;1435912989030;2G;EDGE;1;250;99;26627;19051;-1;-63
;ServiceLog;Andrey;1435912990080;2G;EDGE;1;250;99;26627;19051;-1;-61
;ServiceLog;Andrey;1435912991122;2G;EDGE;1;250;99;26627;19051;-1;-61
;ServiceLog;Andrey;1435912992213;2G;EDGE;1;250;99;26627;19051;-1;-61
;ServiceLog;Andrey;1435912993257;2G;EDGE;1;250;99;26627;19051;-1;-59
;ServiceLog;Andrey;1435912994320;2G;EDGE;1;250;99;26627;19051;-1;-59
;ServiceLog;Andrey;1435912995349;2G;EDGE;1;250;99;26627;19051;-1;-59
;ServiceLog;Andrey;1435912996444;2G;EDGE;1;250;99;26627;19051;-1;-59
;ServiceLog;Andrey;1435912997485;2G;EDGE;1;250;99;26627;19051;-1;-59
;ServiceLog;Andrey;1435912998533;2G;EDGE;1;250;99;26627;19051;-1;-59
;ServiceLog;Andrey;1435912999588;2G;EDGE;1;250;99;26627;19051;-1;-59
;ServiceLog;Andrey;1435913000655;2G;EDGE;1;250;99;26627;19051;-1;-59
;ServiceLog;Andrey;1435913001665;2G;EDGE;1;250;99;26627;19051;-1;-59
;ServiceLog;Andrey;1435913002773;2G;EDGE;1;250;99;26627;19051;-1;-59
;ServiceLog;Andrey;1435913003838;2G;EDGE;1;250;99;26627;19051;-1;-59
;ServiceLog;Andrey;1435913004876;2G;EDGE;1;250;99;26627;19051;-1;-59
;ServiceLog;Andrey;1435913005929;2G;EDGE;1;250;99;26627;19051;-1;-59
;ServiceLog;Andrey;1435913006989;2G;EDGE;1;250;99;26627;19051;-1;-61
;ServiceLog;Andrey;1435913007999;2G;EDGE;1;250;99;26627;19051;-1;-61
;ServiceLog;Andrey;1435913009063;2G;EDGE;1;250;99;26627;19051;-1;-63
;ServiceLog;Andrey;1435913010094;2G;EDGE;1;250;99;26627;19051;-1;-67
;ServiceLog;Andrey;1435913011129;2G;EDGE;1;250;99;26627;19051;-1;-67
;ServiceLog;Andrey;1435913012174;2G;EDGE;1;250;99;26627;19051;-1;-69
;ServiceLog;Andrey;1435913013216;2G;EDGE;1;250;99;26627;19051;-1;-71
;ServiceLog;Andrey;1435913014291;2G;EDGE;1;250;99;26627;19051;-1;-73
;ServiceLog;Andrey;1435913015332;2G;EDGE;1;250;99;26627;19051;-1;-73
;ServiceLog;Andrey;1435913016434;2G;EDGE;1;250;99;26627;19051;-1;-73
;ServiceLog;Andrey;1435913017514;2G;EDGE;1;250;99;26627;19051;-1;-75
;ServiceLog;Andrey;1435913018559;2G;EDGE;1;250;99;26627;19051;-1;-75
;ServiceLog;Andrey;1435913019610;2G;EDGE;1;250;99;26627;19051;-1;-75
;ServiceLog;Andrey;1435913020648;2G;EDGE;1;250;99;26627;19051;-1;-75
;ServiceLog;Andrey;1435913021659;2G;EDGE;1;250;99;26627;19051;-1;-75
;ServiceLog;Andrey;1435913022721;2G;EDGE;1;250;99;26627;19051;-1;-73
;ServiceLog;Andrey;1435913023750;2G;EDGE;1;250;99;26627;19051;-1;-73
;ServiceLog;Andrey;1435913024785;2G;EDGE;1;250;99;26627;19051;-1;-73
;ServiceLog;Andrey;1435913025835;2G;EDGE;1;250;99;26627;19051;-1;-73
;ServiceLog;Andrey;1435913026862;2G;EDGE;1;250;99;26627;19051;-1;-73
;ServiceLog;Andrey;1435913027896;2G;EDGE;1;250;99;26627;19051;-1;-73
;ServiceLog;Andrey;1435913028981;2G;EDGE;1;250;99;26627;19051;-1;-73
;ServiceLog;Andrey;1435913030088;2G;EDGE;1;250;99;26627;19051;-1;-73
;ServiceLog;Andrey;1435913031141;2G;EDGE;1;250;99;26627;19051;-1;-73
;ServiceLog;Andrey;1435913032190;2G;EDGE;1;250;99;26627;19051;-1;-73
;ServiceLog;Andrey;1435913033224;2G;EDGE;1;250;99;26627;19051;-1;-73
;ServiceLog;Andrey;1435913034286;2G;EDGE;1;250;99;26627;19051;-1;-75
;ServiceLog;Andrey;1435913035302;2G;EDGE;1;250;99;26627;19051;-1;-75
;ServiceLog;Andrey;1435913036333;2G;EDGE;1;250;99;26627;19051;-1;-75
;ServiceLog;Andrey;1435913037380;2G;EDGE;1;250;99;26627;19051;-1;-73
;ServiceLog;Andrey;1435913038410;2G;EDGE;1;250;99;26627;19051;-1;-71
;ServiceLog;Andrey;1435913039435;2G;EDGE;1;250;99;26627;19051;-1;-67
;ServiceLog;Andrey;1435913040459;2G;EDGE;1;250;99;26627;19051;-1;-67
;ServiceLog;Andrey;1435913041512;2G;EDGE;1;250;99;26627;19051;-1;-65
;ServiceLog;Andrey;1435913042543;2G;EDGE;1;250;99;26627;19051;-1;-61
;ServiceLog;Andrey;1435913043556;2G;EDGE;1;250;99;26627;19051;-1;-61
;ServiceLog;Andrey;1435913044573;2G;EDGE;1;250;99;26627;19051;-1;-61
;ServiceLog;Andrey;1435913045611;2G;EDGE;1;250;99;26627;19051;-1;-59
;ServiceLog;Andrey;1435913046643;2G;EDGE;1;250;99;26627;19051;-1;-59
;ServiceLog;Andrey;1435913047669;2G;EDGE;1;250;99;26627;19051;-1;-59
;ServiceLog;Andrey;1435913048706;2G;EDGE;1;250;99;26627;19051;-1;-59
;ServiceLog;Andrey;1435913049744;2G;EDGE;1;250;99;26627;19051;-1;-59
;ServiceLog;Andrey;1435913050788;2G;EDGE;1;250;99;26627;19051;-1;-57
;ServiceLog;Andrey;1435913051842;2G;EDGE;1;250;99;26627;19051;-1;-57
;ServiceLog;Andrey;1435913052923;2G;EDGE;1;250;99;26627;19051;-1;-57
;ServiceLog;Andrey;1435913053961;2G;EDGE;1;250;99;26627;19051;-1;-57
;ServiceLog;Andrey;1435913055077;2G;EDGE;1;250;99;26627;19051;-1;-57
;ServiceLog;Andrey;1435913056131;2G;EDGE;1;250;99;26627;19051;-1;-57
;ServiceLog;Andrey;1435913057197;2G;EDGE;1;250;99;26627;19051;-1;-57
;ServiceLog;Andrey;1435913058300;2G;EDGE;1;250;99;26627;19051;-1;-55
;ServiceLog;Andrey;1435913059364;2G;EDGE;1;250;99;26627;19051;-1;-55
;ServiceLog;Andrey;1435913060401;2G;EDGE;1;250;99;26627;19051;-1;-55
;ServiceLog;Andrey;1435913061475;2G;EDGE;1;250;99;26627;19051;-1;-55
;ServiceLog;Andrey;1435913062560;2G;EDGE;1;250;99;26627;19051;-1;-55
;ServiceLog;Andrey;1435913063688;2G;EDGE;1;250;99;26627;19051;-1;-55
;ServiceLog;Andrey;1435913064828;2G;EDGE;1;250;99;26627;19051;-1;-57
;ServiceLog;Andrey;1435913065873;2G;EDGE;1;250;99;26627;19051;-1;-57
;ServiceLog;Andrey;1435913066906;2G;EDGE;1;250;99;26627;19051;-1;-57
;ServiceLog;Andrey;1435913067944;2G;EDGE;1;250;99;26627;19051;-1;-61
;ServiceLog;Andrey;1435913068974;2G;EDGE;1;250;99;26627;19051;-1;-61
;ServiceLog;Andrey;1435913070037;2G;EDGE;1;250;99;26627;19051;-1;-61
;ServiceLog;Andrey;1435913071083;2G;EDGE;1;250;99;26627;19051;-1;-63
;ServiceLog;Andrey;1435913072229;2G;EDGE;1;250;99;26627;19051;-1;-63
;ServiceLog;Andrey;1435913073270;2G;EDGE;1;250;99;26627;19051;-1;-65
;ServiceLog;Andrey;1435913074325;2G;EDGE;1;250;99;26627;19051;-1;-65
;ServiceLog;Andrey;1435913075390;2G;EDGE;1;250;99;26627;19051;-1;-65
;ServiceLog;Andrey;1435913076431;2G;EDGE;1;250;99;26627;19051;-1;-67
;ServiceLog;Andrey;1435913077459;2G;EDGE;1;250;99;26627;19051;-1;-67
;ServiceLog;Andrey;1435913078536;2G;EDGE;1;250;99;26627;19051;-1;-67
;ServiceLog;Andrey;1435913079569;2G;EDGE;1;250;99;26627;19051;-1;-69
;ServiceLog;Andrey;1435913080630;2G;EDGE;1;250;99;26627;19051;-1;-69
;ServiceLog;Andrey;1435913081700;2G;EDGE;1;250;99;26627;19051;-1;-69
;ServiceLog;Andrey;1435913082742;2G;EDGE;1;250;99;26627;19051;-1;-71
;ServiceLog;Andrey;1435913083779;2G;EDGE;1;250;99;26627;19051;-1;-71
;ServiceLog;Andrey;1435913084836;2G;EDGE;1;250;99;26627;19051;-1;-71
;ServiceLog;Andrey;1435913085980;2G;EDGE;1;250;99;26627;19051;-1;-75
;ServiceLog;Andrey;1435913087030;2G;EDGE;1;250;99;26627;19051;-1;-75
;ServiceLog;Andrey;1435913088081;2G;EDGE;1;250;99;26627;19051;-1;-75
;ServiceLog;Andrey;1435913089121;2G;EDGE;1;250;99;26627;19051;-1;-77
;ServiceLog;Andrey;1435913090174;2G;EDGE;1;250;99;26627;19051;-1;-77
;ServiceLog;Andrey;1435913091221;2G;EDGE;1;250;99;26627;19051;-1;-79
;ServiceLog;Andrey;1435913092262;2G;EDGE;1;250;99;26627;19051;-1;-81
;ServiceLog;Andrey;1435913093340;2G;EDGE;1;250;99;26627;19051;-1;-81
;ServiceLog;Andrey;1435913094425;2G;EDGE;1;250;99;26627;19051;-1;-81
;ServiceLog;Andrey;1435913095490;2G;EDGE;1;250;99;26627;19051;-1;-83
;ServiceLog;Andrey;1435913096539;2G;EDGE;1;250;99;26627;19051;-1;-83
;ServiceLog;Andrey;1435913097599;2G;EDGE;1;250;99;26627;19051;-1;-83
;ServiceLog;Andrey;1435913098657;2G;EDGE;1;250;99;26627;19051;-1;-85
;ServiceLog;Andrey;1435913099728;2G;EDGE;1;250;99;26627;19051;-1;-85
;ServiceLog;Andrey;1435913100758;2G;EDGE;1;250;99;26627;19051;-1;-85
;ServiceLog;Andrey;1435913101824;2G;EDGE;1;250;99;26627;19051;-1;-87
;ServiceLog;Andrey;1435913102868;2G;EDGE;1;250;99;26627;19051;-1;-87
;ServiceLog;Andrey;1435913103941;2G;EDGE;1;250;99;26627;19051;-1;-87
;ServiceLog;Andrey;1435913105017;2G;EDGE;1;250;99;26627;19051;-1;-89
;ServiceLog;Andrey;1435913106110;2G;EDGE;1;250;99;26627;19051;-1;-89
;ServiceLog;Andrey;1435913107161;2G;EDGE;1;250;99;26627;19051;-1;-91
;ServiceLog;Andrey;1435913108188;2G;EDGE;1;250;99;26627;19051;-1;-91
;ServiceLog;Andrey;1435913109241;2G;EDGE;1;250;99;26627;19051;-1;-91
;ServiceLog;Andrey;1435913110287;2G;EDGE;1;250;99;26627;19051;-1;-91
;ServiceLog;Andrey;1435913111305;2G;EDGE;1;250;99;26627;19007;-1;-91
;ServiceLog;Andrey;1435913112364;2G;EDGE;1;250;99;26627;19007;-1;-91
;ServiceLog;Andrey;1435913113475;2G;EDGE;1;250;99;26627;19007;-1;-87
;ServiceLog;Andrey;1435913114604;2G;EDGE;1;250;99;26627;19007;-1;-85
;ServiceLog;Andrey;1435913115658;2G;EDGE;1;250;99;26627;19007;-1;-85
;ServiceLog;Andrey;1435913116698;2G;EDGE;1;250;99;26627;19007;-1;-83
;ServiceLog;Andrey;1435913117750;2G;EDGE;1;250;99;26627;19007;-1;-79
;ServiceLog;Andrey;1435913118796;2G;EDGE;1;250;99;26627;19007;-1;-79
;ServiceLog;Andrey;1435913119825;2G;EDGE;1;250;99;26627;19007;-1;-79
;ServiceLog;Andrey;1435913120889;2G;EDGE;1;250;99;26627;19007;-1;-77
;ServiceLog;Andrey;1435913121937;2G;EDGE;1;250;99;26627;19007;-1;-77
;ServiceLog;Andrey;1435913123035;2G;EDGE;1;250;99;26627;19007;-1;-77
;ServiceLog;Andrey;1435913124075;2G;EDGE;1;250;99;26627;19007;-1;-77
;ServiceLog;Andrey;1435913125131;2G;EDGE;1;250;99;26627;19007;-1;-75
;ServiceLog;Andrey;1435913126250;2G;EDGE;1;250;99;26627;19007;-1;-75
;ServiceLog;Andrey;1435913127299;2G;EDGE;1;250;99;26627;19007;-1;-75
;ServiceLog;Andrey;1435913128349;2G;EDGE;1;250;99;26627;19007;-1;-75
;ServiceLog;Andrey;1435913129394;2G;EDGE;1;250;99;26627;19007;-1;-73
;ServiceLog;Andrey;1435913130443;2G;EDGE;1;250;99;26627;19007;-1;-73
;ServiceLog;Andrey;1435913131477;2G;EDGE;1;250;99;26627;19007;-1;-71
;ServiceLog;Andrey;1435913132522;2G;EDGE;1;250;99;26627;19007;-1;-71
;ServiceLog;Andrey;1435913133551;2G;EDGE;1;250;99;26627;19007;-1;-69
;ServiceLog;Andrey;1435913134616;2G;EDGE;1;250;99;26627;19007;-1;-69
;ServiceLog;Andrey;1435913135648;2G;EDGE;1;250;99;26627;19007;-1;-67
;ServiceLog;Andrey;1435913136716;2G;EDGE;1;250;99;26627;19007;-1;-67
;ServiceLog;Andrey;1435913137778;2G;EDGE;1;250;99;26627;19007;-1;-67
;ServiceLog;Andrey;1435913138824;2G;EDGE;1;250;99;26627;19007;-1;-67
;ServiceLog;Andrey;1435913139861;2G;EDGE;1;250;99;26627;19007;-1;-65
;ServiceLog;Andrey;1435913140944;2G;EDGE;1;250;99;26627;19007;-1;-65
;ServiceLog;Andrey;1435913141979;2G;EDGE;1;250;99;26627;19007;-1;-65
;ServiceLog;Andrey;1435913143014;2G;EDGE;1;250;99;26627;19007;-1;-65
;ServiceLog;Andrey;1435913144084;2G;EDGE;1;250;99;26627;19007;-1;-63
;ServiceLog;Andrey;1435913145157;2G;EDGE;1;250;99;26627;19007;-1;-63
;ServiceLog;Andrey;1435913146238;2G;EDGE;1;250;99;26627;19007;-1;-63
;ServiceLog;Andrey;1435913147363;2G;EDGE;1;250;99;26627;19007;-1;-63
;ServiceLog;Andrey;1435913148443;2G;EDGE;1;250;99;26627;19007;-1;-61
;ServiceLog;Andrey;1435913149493;2G;EDGE;1;250;99;26627;19007;-1;-61
;ServiceLog;Andrey;1435913150525;2G;EDGE;1;250;99;26627;19007;-1;-61
;ServiceLog;Andrey;1435913151585;2G;EDGE;1;250;99;26627;19007;-1;-59
;ServiceLog;Andrey;1435913152673;2G;EDGE;1;250;99;26627;19007;-1;-59
;ServiceLog;Andrey;1435913153749;2G;EDGE;1;250;99;26627;19007;-1;-59
;ServiceLog;Andrey;1435913154811;2G;EDGE;1;250;99;26627;19007;-1;-59
;ServiceLog;Andrey;1435913156038;2G;EDGE;1;250;99;26627;19007;-1;-59
;ServiceLog;Andrey;1435913157051;2G;EDGE;1;250;99;26627;19007;-1;-59
;ServiceLog;Andrey;1435913158112;2G;EDGE;1;250;99;26627;19007;-1;-59
;ServiceLog;Andrey;1435913159175;2G;EDGE;1;250;99;26627;19007;-1;-59
;ServiceLog;Andrey;1435913160236;2G;EDGE;1;250;99;26627;19007;-1;-59
;ServiceLog;Andrey;1435913161253;2G;EDGE;1;250;99;26627;19007;-1;-59
;ServiceLog;Andrey;1435913162314;2G;EDGE;1;250;99;26627;19007;-1;-59
;ServiceLog;Andrey;1435913163429;2G;EDGE;1;250;99;26627;19007;-1;-59
;ServiceLog;Andrey;1435913164462;2G;EDGE;1;250;99;26627;19007;-1;-59
;ServiceLog;Andrey;1435913165523;2G;EDGE;1;250;99;26627;19007;-1;-59
;ServiceLog;Andrey;1435913166573;2G;EDGE;1;250;99;26627;19007;-1;-59
;ServiceLog;Andrey;1435913167606;2G;EDGE;1;250;99;26627;19007;-1;-59
;ServiceLog;Andrey;1435913168705;2G;EDGE;1;250;99;26627;19007;-1;-59
;ServiceLog;Andrey;1435913169746;2G;EDGE;1;250;99;26627;19007;-1;-59
;ServiceLog;Andrey;1435913170858;2G;EDGE;1;250;99;26627;19007;-1;-61
;ServiceLog;Andrey;1435913171890;2G;EDGE;1;250;99;26627;19007;-1;-61
;ServiceLog;Andrey;1435913172967;2G;EDGE;1;250;99;26627;19007;-1;-61
;ServiceLog;Andrey;1435913174070;2G;EDGE;1;250;99;26627;19007;-1;-61
;ServiceLog;Andrey;1435913175102;2G;EDGE;1;250;99;26627;19007;-1;-61
;ServiceLog;Andrey;1435913176154;2G;EDGE;1;250;99;26627;19007;-1;-61
;ServiceLog;Andrey;1435913177205;2G;EDGE;1;250;99;26627;19007;-1;-65
;ServiceLog;Andrey;1435913178236;2G;EDGE;1;250;99;26627;19007;-1;-69
;ServiceLog;Andrey;1435913179316;2G;EDGE;1;250;99;26627;19007;-1;-71
;ServiceLog;Andrey;1435913180333;2G;EDGE;1;250;99;26627;19007;-1;-71
;ServiceLog;Andrey;1435913181380;2G;EDGE;1;250;99;26627;19007;-1;-75
;ServiceLog;Andrey;1435913182433;2G;EDGE;1;250;99;26627;19007;-1;-79
;ServiceLog;Andrey;1435913183474;2G;EDGE;1;250;99;26627;19007;-1;-79
;ServiceLog;Andrey;1435913184560;2G;EDGE;1;250;99;26627;19007;-1;-81
;ServiceLog;Andrey;1435913185592;2G;EDGE;1;250;99;26627;19007;-1;-81
;ServiceLog;Andrey;1435913186665;2G;EDGE;1;250;99;26627;19007;-1;-81
;ServiceLog;Andrey;1435913187721;2G;EDGE;1;250;99;26627;19007;-1;-81
;ServiceLog;Andrey;1435913188759;2G;EDGE;1;250;99;26627;19007;-1;-81
;ServiceLog;Andrey;1435913189790;2G;EDGE;1;250;99;26627;19007;-1;-79
;ServiceLog;Andrey;1435913190861;2G;EDGE;1;250;99;26627;19007;-1;-77
;ServiceLog;Andrey;1435913191887;2G;EDGE;1;250;99;26627;19007;-1;-77
;ServiceLog;Andrey;1435913192918;2G;EDGE;1;250;99;26627;19007;-1;-77
;ServiceLog;Andrey;1435913194034;2G;EDGE;1;250;99;26627;19007;-1;-77
;ServiceLog;Andrey;1435913195162;2G;EDGE;1;250;99;26627;19007;-1;-75
;ServiceLog;Andrey;1435913196250;2G;EDGE;1;250;99;26627;19007;-1;-75
;ServiceLog;Andrey;1435913197292;2G;EDGE;1;250;99;26627;19007;-1;-75
;ServiceLog;Andrey;1435913198393;2G;EDGE;1;250;99;26627;19007;-1;-73
;ServiceLog;Andrey;1435913199517;2G;EDGE;1;250;99;26627;19007;-1;-73
;ServiceLog;Andrey;1435913200525;2G;EDGE;1;250;99;26627;19007;-1;-71
;ServiceLog;Andrey;1435913201553;2G;EDGE;1;250;99;26627;19007;-1;-71
;ServiceLog;Andrey;1435913202579;2G;EDGE;1;250;99;26627;19007;-1;-69
;ServiceLog;Andrey;1435913203600;2G;EDGE;1;250;99;26627;19007;-1;-67
;ServiceLog;Andrey;1435913204626;2G;EDGE;1;250;99;26627;19007;-1;-67
;ServiceLog;Andrey;1435913205638;2G;EDGE;1;250;99;26627;19007;-1;-67
;ServiceLog;Andrey;1435913206649;2G;EDGE;1;250;99;26627;19007;-1;-63
;ServiceLog;Andrey;1435913207660;2G;EDGE;1;250;99;26627;19007;-1;-63
;ServiceLog;Andrey;1435913208668;2G;EDGE;1;250;99;26627;19007;-1;-63
;ServiceLog;Andrey;1435913209679;2G;EDGE;1;250;99;26627;19007;-1;-63
;ServiceLog;Andrey;1435913210686;2G;EDGE;1;250;99;26627;19007;-1;-63
;ServiceLog;Andrey;1435913211705;2G;EDGE;1;250;99;26627;19007;-1;-63
;ServiceLog;Andrey;1435913212731;2G;EDGE;1;250;99;26627;19007;-1;-63
;ServiceLog;Andrey;1435913213800;2G;EDGE;1;250;99;26627;19007;-1;-63
;ServiceLog;Andrey;1435913214811;2G;EDGE;1;250;99;26627;19007;-1;-63
;ServiceLog;Andrey;1435913215833;2G;EDGE;1;250;99;26627;19007;-1;-63
;ServiceLog;Andrey;1435913216855;2G;EDGE;1;250;99;26627;19007;-1;-63
;ServiceLog;Andrey;1435913217868;2G;EDGE;1;250;99;26627;19007;-1;-65
;ServiceLog;Andrey;1435913218884;2G;EDGE;1;250;99;26627;19007;-1;-69
;ServiceLog;Andrey;1435913219905;2G;EDGE;1;250;99;26627;19007;-1;-69
;ServiceLog;Andrey;1435913220914;2G;EDGE;1;250;99;26627;19007;-1;-69
;ServiceLog;Andrey;1435913221923;2G;EDGE;1;250;99;26627;19007;-1;-71
;ServiceLog;Andrey;1435913222951;2G;EDGE;1;250;99;26627;19007;-1;-71
;ServiceLog;Andrey;1435913223995;2G;EDGE;1;250;99;26627;19007;-1;-71
;ServiceLog;Andrey;1435913225007;2G;EDGE;1;250;99;26627;19007;-1;-71
;ServiceLog;Andrey;1435913226024;2G;EDGE;1;250;99;26627;19007;-1;-69
;ServiceLog;Andrey;1435913227035;2G;EDGE;1;250;99;26627;19007;-1;-69
;ServiceLog;Andrey;1435913228051;2G;EDGE;1;250;99;26627;19007;-1;-69
;ServiceLog;Andrey;1435913229075;2G;EDGE;1;250;99;26627;19007;-1;-67
;ServiceLog;Andrey;1435913230107;2G;EDGE;1;250;99;26627;19007;-1;-67
;ServiceLog;Andrey;1435913231119;2G;EDGE;1;250;99;26627;19007;-1;-67
;ServiceLog;Andrey;1435913232148;2G;EDGE;1;250;99;26627;19007;-1;-65
;ServiceLog;Andrey;1435913233177;2G;EDGE;1;250;99;26627;19007;-1;-65
;ServiceLog;Andrey;1435913234206;2G;EDGE;1;250;99;26627;19007;-1;-65
;ServiceLog;Andrey;1435913235224;2G;EDGE;1;250;99;26627;19007;-1;-63
;ServiceLog;Andrey;1435913236239;2G;EDGE;1;250;99;26627;19007;-1;-61
;ServiceLog;Andrey;1435913237257;2G;EDGE;1;250;99;26627;19007;-1;-59
;ServiceLog;Andrey;1435913238289;2G;EDGE;1;250;99;26627;19007;-1;-59
;ServiceLog;Andrey;1435913239302;2G;EDGE;1;250;99;26627;19007;-1;-55
;ServiceLog;Andrey;1435913240313;2G;EDGE;1;250;99;26627;19007;-1;-53
;ServiceLog;Andrey;1435913241340;2G;EDGE;1;250;99;26627;19007;-1;-53
;ServiceLog;Andrey;1435913242371;2G;EDGE;1;250;99;26627;19007;-1;-53
;ServiceLog;Andrey;1435913243390;2G;EDGE;1;250;99;26627;19007;-1;-53
;ServiceLog;Andrey;1435913244406;2G;EDGE;1;250;99;26627;19007;-1;-53
;ServiceLog;Andrey;1435913245428;2G;EDGE;1;250;99;26627;19007;-1;-53
;ServiceLog;Andrey;1435913246436;2G;EDGE;1;250;99;26627;19007;-1;-53
;ServiceLog;Andrey;1435913247463;2G;EDGE;1;250;99;26627;19007;-1;-57
;ServiceLog;Andrey;1435913248478;2G;EDGE;1;250;99;26627;19007;-1;-59
;ServiceLog;Andrey;1435913249575;2G;EDGE;1;250;99;26627;19007;-1;-59
;ServiceLog;Andrey;1435913250648;2G;EDGE;1;250;99;26627;19007;-1;-63
;ServiceLog;Andrey;1435913251788;2G;EDGE;1;250;99;26627;19007;-1;-67
;ServiceLog;Andrey;1435913252904;2G;EDGE;1;250;99;26627;19007;-1;-69
;ServiceLog;Andrey;1435913253945;2G;EDGE;1;250;99;26627;19007;-1;-69
;ServiceLog;Andrey;1435913254975;2G;EDGE;1;250;99;26627;19007;-1;-71
;ServiceLog;Andrey;1435913256037;2G;EDGE;1;250;99;26627;19007;-1;-73
;ServiceLog;Andrey;1435913257200;2G;EDGE;1;250;99;26627;19007;-1;-73
;ServiceLog;Andrey;1435913258335;2G;EDGE;1;250;99;26627;19007;-1;-73
;ServiceLog;Andrey;1435913259403;2G;EDGE;1;250;99;26627;19007;-1;-75
;ServiceLog;Andrey;1435913260435;2G;EDGE;1;250;99;26627;19007;-1;-77
;ServiceLog;Andrey;1435913261501;2G;EDGE;1;250;99;26627;19007;-1;-77
;ServiceLog;Andrey;1435913262623;2G;EDGE;1;250;99;26627;19007;-1;-79
;ServiceLog;Andrey;1435913263699;2G;EDGE;1;250;99;26627;19007;-1;-79
;ServiceLog;Andrey;1435913264762;2G;EDGE;1;250;99;26627;19007;-1;-81
;ServiceLog;Andrey;1435913265873;2G;EDGE;1;250;99;26627;19007;-1;-81
;ServiceLog;Andrey;1435913266928;2G;EDGE;1;250;99;26627;19007;-1;-83
;ServiceLog;Andrey;1435913267960;2G;EDGE;1;250;99;26627;19007;-1;-83
;ServiceLog;Andrey;1435913269031;2G;EDGE;1;250;99;26627;19007;-1;-83
;ServiceLog;Andrey;1435913270112;2G;EDGE;1;250;99;26627;19007;-1;-85
;ServiceLog;Andrey;1435913271215;2G;EDGE;1;250;99;26627;19007;-1;-85
;ServiceLog;Andrey;1435913272278;2G;EDGE;1;250;99;26627;19007;-1;-85
;ServiceLog;Andrey;1435913273313;2G;EDGE;1;250;99;26627;19007;-1;-85
;ServiceLog;Andrey;1435913274346;2G;EDGE;1;250;99;26627;19005;-1;-85
;ServiceLog;Andrey;1435913275443;2G;EDGE;1;250;99;26627;19005;-1;-85
;ServiceLog;Andrey;1435913276474;2G;EDGE;1;250;99;26627;19005;-1;-83
;ServiceLog;Andrey;1435913277518;2G;EDGE;1;250;99;26627;19005;-1;-81
;ServiceLog;Andrey;1435913278571;2G;EDGE;1;250;99;26627;19005;-1;-81
;ServiceLog;Andrey;1435913279601;2G;EDGE;1;250;99;26627;19005;-1;-81
;ServiceLog;Andrey;1435913280655;2G;EDGE;1;250;99;26627;19005;-1;-81
;ServiceLog;Andrey;1435913281709;2G;EDGE;1;250;99;26627;19005;-1;-79
;ServiceLog;Andrey;1435913282784;2G;EDGE;1;250;99;26627;19005;-1;-79
;ServiceLog;Andrey;1435913284014;2G;EDGE;1;250;99;26627;19005;-1;-79
;ServiceLog;Andrey;1435913285032;2G;EDGE;1;250;99;26627;19005;-1;-79
;ServiceLog;Andrey;1435913286079;2G;EDGE;1;250;99;26627;19005;-1;-79
;ServiceLog;Andrey;1435913287174;2G;EDGE;1;250;99;26627;19005;-1;-79
;ServiceLog;Andrey;1435913288264;2G;EDGE;1;250;99;26627;19005;-1;-79
;ServiceLog;Andrey;1435913289338;2G;EDGE;1;250;99;26627;19005;-1;-79
;ServiceLog;Andrey;1435913290395;2G;EDGE;1;250;99;26627;19005;-1;-79
;ServiceLog;Andrey;1435913291480;2G;EDGE;1;250;99;26627;19005;-1;-79
;ServiceLog;Andrey;1435913292569;2G;EDGE;1;250;99;26627;19005;-1;-79
;ServiceLog;Andrey;1435913293646;2G;EDGE;1;250;99;26627;19005;-1;-79
;ServiceLog;Andrey;1435913294718;2G;EDGE;1;250;99;26627;19005;-1;-79
;ServiceLog;Andrey;1435913295775;2G;EDGE;1;250;99;26627;19005;-1;-79
;ServiceLog;Andrey;1435913296878;2G;EDGE;1;250;99;26627;19005;-1;-79
;ServiceLog;Andrey;1435913297990;2G;EDGE;1;250;99;26627;19005;-1;-79
;ServiceLog;Andrey;1435913299024;2G;EDGE;1;250;99;26627;19005;-1;-77
;ServiceLog;Andrey;1435913300073;2G;EDGE;1;250;99;26627;19005;-1;-75
;ServiceLog;Andrey;1435913301171;2G;EDGE;1;250;99;26627;19005;-1;-75
;ServiceLog;Andrey;1435913302179;2G;EDGE;1;250;99;26627;19005;-1;-73
;ServiceLog;Andrey;1435913303210;2G;EDGE;1;250;99;26627;19005;-1;-71
;ServiceLog;Andrey;1435913304358;2G;EDGE;1;250;99;26627;19005;-1;-71
;ServiceLog;Andrey;1435913305440;2G;EDGE;1;250;99;26627;19005;-1;-71
;ServiceLog;Andrey;1435913306520;2G;EDGE;1;250;99;26627;19005;-1;-71
;ServiceLog;Andrey;1435913307555;2G;EDGE;1;250;99;26627;19005;-1;-71
;ServiceLog;Andrey;1435913308590;2G;EDGE;1;250;99;26627;19005;-1;-71
;ServiceLog;Andrey;1435913309643;2G;EDGE;1;250;99;26627;19005;-1;-71
;ServiceLog;Andrey;1435913310785;2G;EDGE;1;250;99;26627;19005;-1;-71
;ServiceLog;Andrey;1435913311893;2G;EDGE;1;250;99;26627;19005;-1;-71
;ServiceLog;Andrey;1435913313003;2G;EDGE;1;250;99;26627;19005;-1;-71
;ServiceLog;Andrey;1435913314043;2G;EDGE;1;250;99;26627;19005;-1;-71
;ServiceLog;Andrey;1435913315086;2G;EDGE;1;250;99;26627;19005;-1;-71
;ServiceLog;Andrey;1435913316185;2G;EDGE;1;250;99;26627;19005;-1;-69
;ServiceLog;Andrey;1435913317228;2G;EDGE;1;250;99;26627;19005;-1;-67
;ServiceLog;Andrey;1435913318263;2G;EDGE;1;250;99;26627;19005;-1;-67
;ServiceLog;Andrey;1435913319328;2G;EDGE;1;250;99;26627;19005;-1;-67
;ServiceLog;Andrey;1435913320467;2G;EDGE;1;250;99;26627;19005;-1;-67
;ServiceLog;Andrey;1435913321533;2G;EDGE;1;250;99;26627;19005;-1;-67
;ServiceLog;Andrey;1435913322568;2G;EDGE;1;250;99;26627;19005;-1;-67
;ServiceLog;Andrey;1435913323633;2G;EDGE;1;250;99;26627;19005;-1;-67
;ServiceLog;Andrey;1435913324788;2G;EDGE;1;250;99;26627;19005;-1;-65
;ServiceLog;Andrey;1435913325834;2G;EDGE;1;250;99;26627;19005;-1;-65
;ServiceLog;Andrey;1435913326894;2G;EDGE;1;250;99;26627;19005;-1;-65
;ServiceLog;Andrey;1435913327966;2G;EDGE;1;250;99;26627;19005;-1;-65
;ServiceLog;Andrey;1435913329086;2G;EDGE;1;250;99;26627;19005;-1;-63
;ServiceLog;Andrey;1435913330186;2G;EDGE;1;250;99;26627;19005;-1;-63
;ServiceLog;Andrey;1435913331215;2G;EDGE;1;250;99;26627;19005;-1;-61
;ServiceLog;Andrey;1435913332269;2G;EDGE;1;250;99;26627;19005;-1;-61
;ServiceLog;Andrey;1435913333396;2G;EDGE;1;250;99;26627;19005;-1;-61
;ServiceLog;Andrey;1435913334435;2G;EDGE;1;250;99;26627;19005;-1;-59
;ServiceLog;Andrey;1435913335497;2G;EDGE;1;250;99;26627;19005;-1;-59
;ServiceLog;Andrey;1435913336533;2G;EDGE;1;250;99;26627;19005;-1;-59
;ServiceLog;Andrey;1435913337574;2G;EDGE;1;250;99;26627;19005;-1;-59
;ServiceLog;Andrey;1435913338625;2G;EDGE;1;250;99;26627;19005;-1;-59
;ServiceLog;Andrey;1435913339654;2G;EDGE;1;250;99;26627;19005;-1;-59
;ServiceLog;Andrey;1435913340694;2G;EDGE;1;250;99;26627;19005;-1;-59
;ServiceLog;Andrey;1435913341778;2G;EDGE;1;250;99;26627;19005;-1;-59
;ServiceLog;Andrey;1435913342828;2G;EDGE;1;250;99;26627;19005;-1;-59
;ServiceLog;Andrey;1435913343859;2G;EDGE;1;250;99;26627;19005;-1;-59
;ServiceLog;Andrey;1435913344913;2G;EDGE;1;250;99;26627;19005;-1;-59
;ServiceLog;Andrey;1435913345974;2G;EDGE;1;250;99;26627;19005;-1;-59
;ServiceLog;Andrey;1435913347078;2G;EDGE;1;250;99;26627;19005;-1;-59
;ServiceLog;Andrey;1435913348192;2G;EDGE;1;250;99;26627;19005;-1;-59
;ServiceLog;Andrey;1435913349312;2G;EDGE;1;250;99;26627;19005;-1;-59
;ServiceLog;Andrey;1435913350435;2G;EDGE;1;250;99;26627;19005;-1;-59
;ServiceLog;Andrey;1435913351453;2G;EDGE;1;250;99;26627;19005;-1;-59
;ServiceLog;Andrey;1435913352494;2G;EDGE;1;250;99;26627;19005;-1;-59
;ServiceLog;Andrey;1435913353628;2G;EDGE;1;250;99;26627;19005;-1;-59
;ServiceLog;Andrey;1435913354736;2G;EDGE;1;250;99;26627;19005;-1;-59
;ServiceLog;Andrey;1435913355810;2G;EDGE;1;250;99;26627;19005;-1;-59
;ServiceLog;Andrey;1435913356846;2G;EDGE;1;250;99;26627;19005;-1;-57
;ServiceLog;Andrey;1435913357887;2G;EDGE;1;250;99;26627;19005;-1;-57
;ServiceLog;Andrey;1435913358918;2G;EDGE;1;250;99;26627;19005;-1;-57
;ServiceLog;Andrey;1435913359965;2G;EDGE;1;250;99;26627;19005;-1;-55
;ServiceLog;Andrey;1435913361068;2G;EDGE;1;250;99;26627;19005;-1;-55
;ServiceLog;Andrey;1435913362143;2G;EDGE;1;250;99;26627;19005;-1;-55
;ServiceLog;Andrey;1435913363216;2G;EDGE;1;250;99;26627;19005;-1;-55
;ServiceLog;Andrey;1435913364324;2G;EDGE;1;250;99;26627;19005;-1;-55
;ServiceLog;Andrey;1435913365373;2G;EDGE;1;250;99;26627;19005;-1;-55
;ServiceLog;Andrey;1435913366419;2G;EDGE;1;250;99;26627;19005;-1;-57
;ServiceLog;Andrey;1435913367472;2G;EDGE;1;250;99;26627;19005;-1;-57
;ServiceLog;Andrey;1435913368521;2G;EDGE;1;250;99;26627;19005;-1;-57
;ServiceLog;Andrey;1435913369613;2G;EDGE;1;250;99;26627;19005;-1;-59
;ServiceLog;Andrey;1435913370665;2G;EDGE;1;250;99;26627;19005;-1;-61
;ServiceLog;Andrey;1435913371684;2G;EDGE;1;250;99;26627;19005;-1;-61
;ServiceLog;Andrey;1435913372760;2G;EDGE;1;250;99;26627;19005;-1;-61
;ServiceLog;Andrey;1435913373825;2G;EDGE;1;250;99;26627;19005;-1;-61
;ServiceLog;Andrey;1435913374868;2G;EDGE;1;250;99;26627;19005;-1;-61
;ServiceLog;Andrey;1435913375900;2G;EDGE;1;250;99;26627;19005;-1;-61
;ServiceLog;Andrey;1435913376932;2G;EDGE;1;250;99;26627;19005;-1;-61
;ServiceLog;Andrey;1435913377969;2G;EDGE;1;250;99;26627;19005;-1;-59
;ServiceLog;Andrey;1435913379080;2G;EDGE;1;250;99;26627;19005;-1;-59
;ServiceLog;Andrey;1435913380173;2G;EDGE;1;250;99;26627;19005;-1;-57
;ServiceLog;Andrey;1435913381248;2G;EDGE;1;250;99;26627;19005;-1;-57
;ServiceLog;Andrey;1435913382377;2G;EDGE;1;250;99;26627;19005;-1;-57
;ServiceLog;Andrey;1435913383425;2G;EDGE;1;250;99;26627;19005;-1;-55
;ServiceLog;Andrey;1435913384466;2G;EDGE;1;250;99;26627;19005;-1;-55
;ServiceLog;Andrey;1435913385495;2G;EDGE;1;250;99;26627;19005;-1;-55
;ServiceLog;Andrey;1435913386533;2G;EDGE;1;250;99;26627;19005;-1;-55
;ServiceLog;Andrey;1435913387588;2G;EDGE;1;250;99;26627;19005;-1;-55
;ServiceLog;Andrey;1435913388644;2G;EDGE;1;250;99;26627;19005;-1;-55
;ServiceLog;Andrey;1435913389708;2G;EDGE;1;250;99;26627;19005;-1;-55
;ServiceLog;Andrey;1435913390831;2G;EDGE;1;250;99;26627;19005;-1;-55
;ServiceLog;Andrey;1435913391914;2G;EDGE;1;250;99;26627;19005;-1;-55
;ServiceLog;Andrey;1435913392947;2G;EDGE;1;250;99;26627;19005;-1;-55
;ServiceLog;Andrey;1435913393993;2G;EDGE;1;250;99;26627;19005;-1;-57
;ServiceLog;Andrey;1435913395048;2G;EDGE;1;250;99;26627;19005;-1;-59
;ServiceLog;Andrey;1435913396115;2G;EDGE;1;250;99;26627;19005;-1;-61
;ServiceLog;Andrey;1435913397188;2G;EDGE;1;250;99;26627;19005;-1;-61
;ServiceLog;Andrey;1435913398315;2G;EDGE;1;250;99;26627;19005;-1;-61
;ServiceLog;Andrey;1435913399413;2G;EDGE;1;250;99;26627;19005;-1;-63
;ServiceLog;Andrey;1435913400440;2G;EDGE;1;250;99;26627;19005;-1;-63
;ServiceLog;Andrey;1435913401472;2G;EDGE;1;250;99;26627;19005;-1;-63
;ServiceLog;Andrey;1435913402603;2G;EDGE;1;250;99;26627;19005;-1;-65
;ServiceLog;Andrey;1435913403638;2G;EDGE;1;250;99;26627;19005;-1;-67
;ServiceLog;Andrey;1435913404705;2G;EDGE;1;250;99;26627;19005;-1;-67
;ServiceLog;Andrey;1435913405760;2G;EDGE;1;250;99;26627;19005;-1;-67
;ServiceLog;Andrey;1435913406876;2G;EDGE;1;250;99;26627;19005;-1;-69
;ServiceLog;Andrey;1435913407990;2G;EDGE;1;250;99;26627;19005;-1;-69
;ServiceLog;Andrey;1435913409027;2G;EDGE;1;250;99;26627;19005;-1;-69
;ServiceLog;Andrey;1435913410058;2G;EDGE;1;250;99;26627;19005;-1;-69
;ServiceLog;Andrey;1435913411118;2G;EDGE;1;250;99;26627;19005;-1;-67
;ServiceLog;Andrey;1435913412164;2G;EDGE;1;250;99;26627;19005;-1;-65
;ServiceLog;Andrey;1435913413200;2G;EDGE;1;250;99;26627;19005;-1;-61
;ServiceLog;Andrey;1435913414237;2G;EDGE;1;250;99;26627;19005;-1;-61
;ServiceLog;Andrey;1435913415350;2G;EDGE;1;250;99;26627;19005;-1;-59
;ServiceLog;Andrey;1435913416405;2G;EDGE;1;250;99;26627;19005;-1;-59
;ServiceLog;Andrey;1435913417480;2G;EDGE;1;250;99;26627;19005;-1;-57
;ServiceLog;Andrey;1435913418598;2G;EDGE;1;250;99;26627;19005;-1;-57
;ServiceLog;Andrey;1435913419633;2G;EDGE;1;250;99;26627;19005;-1;-57
;ServiceLog;Andrey;1435913420702;2G;EDGE;1;250;99;26627;19005;-1;-57
;ServiceLog;Andrey;1435913421767;2G;EDGE;1;250;99;26627;19005;-1;-57
;ServiceLog;Andrey;1435913422877;2G;EDGE;1;250;99;26627;19005;-1;-57
;ServiceLog;Andrey;1435913423988;2G;EDGE;1;250;99;26627;19005;-1;-57
;ServiceLog;Andrey;1435913425024;2G;EDGE;1;250;99;26627;19005;-1;-57
;ServiceLog;Andrey;1435913426060;2G;EDGE;1;250;99;26627;19005;-1;-57
;ServiceLog;Andrey;1435913427176;2G;EDGE;1;250;99;26627;19005;-1;-57
;ServiceLog;Andrey;1435913428227;2G;EDGE;1;250;99;26627;19005;-1;-57
;ServiceLog;Andrey;1435913429256;2G;EDGE;1;250;99;26627;19005;-1;-59
;ServiceLog;Andrey;1435913430288;2G;EDGE;1;250;99;26627;19005;-1;-59
;ServiceLog;Andrey;1435913431331;2G;EDGE;1;250;99;26627;19005;-1;-59
;ServiceLog;Andrey;1435913432468;2G;EDGE;1;250;99;26627;19005;-1;-61
;ServiceLog;Andrey;1435913433599;2G;EDGE;1;250;99;26627;19005;-1;-61
;ServiceLog;Andrey;1435913434708;2G;EDGE;1;250;99;26627;19005;-1;-63
;ServiceLog;Andrey;1435913435742;2G;EDGE;1;250;99;26627;19005;-1;-63
;ServiceLog;Andrey;1435913436781;2G;EDGE;1;250;99;26627;19005;-1;-63
;ServiceLog;Andrey;1435913437902;2G;EDGE;1;250;99;26627;19005;-1;-65
;ServiceLog;Andrey;1435913439071;2G;EDGE;1;250;99;26627;19005;-1;-65
;ServiceLog;Andrey;1435913440193;2G;EDGE;1;250;99;26627;19005;-1;-65
;ServiceLog;Andrey;1435913441239;2G;EDGE;1;250;99;26627;19005;-1;-65
;ServiceLog;Andrey;1435913442272;2G;EDGE;1;250;99;26627;19005;-1;-65
;ServiceLog;Andrey;1435913443329;2G;EDGE;1;250;99;26627;19005;-1;-63
;ServiceLog;Andrey;1435913444487;2G;EDGE;1;250;99;26627;19005;-1;-63
;ServiceLog;Andrey;1435913445573;2G;EDGE;1;250;99;26627;19005;-1;-63
;ServiceLog;Andrey;1435913446636;2G;EDGE;1;250;99;26627;19005;-1;-63
;ServiceLog;Andrey;1435913447692;2G;EDGE;1;250;99;26627;19005;-1;-63
;ServiceLog;Andrey;1435913448781;2G;EDGE;1;250;99;26627;19005;-1;-63
;ServiceLog;Andrey;1435913449838;2G;EDGE;1;250;99;26627;19005;-1;-63
;ServiceLog;Andrey;1435913450866;2G;EDGE;1;250;99;26627;19005;-1;-63
;ServiceLog;Andrey;1435913451921;2G;EDGE;1;250;99;26627;19005;-1;-65
;ServiceLog;Andrey;1435913453063;2G;EDGE;1;250;99;26627;19005;-1;-65
;ServiceLog;Andrey;1435913454163;2G;EDGE;1;250;99;26627;19005;-1;-65
;ServiceLog;Andrey;1435913455258;2G;EDGE;1;250;99;26627;19005;-1;-65
;ServiceLog;Andrey;1435913456294;2G;EDGE;1;250;99;26627;19005;-1;-67
;ServiceLog;Andrey;1435913457368;2G;EDGE;1;250;99;26627;19005;-1;-67
;ServiceLog;Andrey;1435913458476;2G;EDGE;1;250;99;26627;19005;-1;-69
;ServiceLog;Andrey;1435913459607;2G;EDGE;1;250;99;26627;19005;-1;-69
;ServiceLog;Andrey;1435913460722;2G;EDGE;1;250;99;26627;19005;-1;-69
;ServiceLog;Andrey;1435913461755;2G;EDGE;1;250;99;26627;19005;-1;-69
;ServiceLog;Andrey;1435913462794;2G;EDGE;1;250;99;26627;19005;-1;-71
;ServiceLog;Andrey;1435913463910;2G;EDGE;1;250;99;26627;19005;-1;-71
;ServiceLog;Andrey;1435913464948;2G;EDGE;1;250;99;26627;19005;-1;-71
;ServiceLog;Andrey;1435913466025;2G;EDGE;1;250;99;26627;19005;-1;-71
;ServiceLog;Andrey;1435913467053;2G;EDGE;1;250;99;26627;19005;-1;-71
;ServiceLog;Andrey;1435913468105;2G;EDGE;1;250;99;26627;19005;-1;-71
;ServiceLog;Andrey;1435913469161;2G;EDGE;1;250;99;26627;19005;-1;-71
;ServiceLog;Andrey;1435913470224;2G;EDGE;1;250;99;26627;19005;-1;-71
;ServiceLog;Andrey;1435913471378;2G;EDGE;1;250;99;26627;19005;-1;-71
;ServiceLog;Andrey;1435913472429;2G;EDGE;1;250;99;26627;19005;-1;-71
;ServiceLog;Andrey;1435913473466;2G;EDGE;1;250;99;26627;19005;-1;-71
;ServiceLog;Andrey;1435913474531;2G;EDGE;1;250;99;26627;19005;-1;-71
;ServiceLog;Andrey;1435913475674;2G;EDGE;1;250;99;26627;19005;-1;-73
;ServiceLog;Andrey;1435913476800;2G;EDGE;1;250;99;26627;19005;-1;-73
;ServiceLog;Andrey;1435913477946;2G;EDGE;1;250;99;26627;19005;-1;-77
;ServiceLog;Andrey;1435913479010;2G;EDGE;1;250;99;26627;19005;-1;-77
;ServiceLog;Andrey;1435913480069;2G;EDGE;1;250;99;26627;19005;-1;-77
;ServiceLog;Andrey;1435913481100;2G;EDGE;1;250;99;26627;19005;-1;-79
;ServiceLog;Andrey;1435913482152;2G;EDGE;1;250;99;26627;19005;-1;-79
;ServiceLog;Andrey;1435913483228;2G;EDGE;1;250;99;26627;19005;-1;-79
;ServiceLog;Andrey;1435913484290;2G;EDGE;1;250;99;26627;19005;-1;-79
;ServiceLog;Andrey;1435913485384;2G;EDGE;1;250;99;26627;19005;-1;-79
;ServiceLog;Andrey;1435913486420;2G;EDGE;1;250;99;26627;19005;-1;-81
;ServiceLog;Andrey;1435913487471;2G;EDGE;1;250;99;26627;19005;-1;-81
;ServiceLog;Andrey;1435913488503;2G;EDGE;1;250;99;26627;19005;-1;-81
;ServiceLog;Andrey;1435913489558;2G;EDGE;1;250;99;26627;19005;-1;-81
;ServiceLog;Andrey;1435913490805;2G;EDGE;1;250;99;26627;19005;-1;-83
;ServiceLog;Andrey;1435913491836;2G;EDGE;1;250;99;26627;19005;-1;-83
;ServiceLog;Andrey;1435913492891;2G;EDGE;1;250;99;26627;19005;-1;-83
;ServiceLog;Andrey;1435913493955;2G;EDGE;1;250;99;26627;19005;-1;-83
;ServiceLog;Andrey;1435913494981;2G;EDGE;1;250;99;26627;19005;-1;-83
;ServiceLog;Andrey;1435913496018;2G;EDGE;1;250;99;26627;19005;-1;-83
;ServiceLog;Andrey;1435913497160;2G;EDGE;1;250;99;26627;19005;-1;-83
;ServiceLog;Andrey;1435913498254;2G;EDGE;1;250;99;26627;19005;-1;-83
;ServiceLog;Andrey;1435913499333;2G;EDGE;1;250;99;26627;19005;-1;-81
;ServiceLog;Andrey;1435913500382;2G;EDGE;1;250;99;26627;19005;-1;-81
;ServiceLog;Andrey;1435913501484;2G;EDGE;1;250;99;26627;19005;-1;-81
;ServiceLog;Andrey;1435913502540;2G;EDGE;1;250;99;26627;19005;-1;-81
;ServiceLog;Andrey;1435913503573;2G;EDGE;1;250;99;26627;19005;-1;-81
;ServiceLog;Andrey;1435913504632;2G;EDGE;1;250;99;26627;19005;-1;-81
;ServiceLog;Andrey;1435913505770;2G;EDGE;1;250;99;26627;19005;-1;-81
;ServiceLog;Andrey;1435913506903;2G;EDGE;1;250;99;26627;19005;-1;-81
;ServiceLog;Andrey;1435913508042;2G;EDGE;1;250;99;26627;19005;-1;-81
;ServiceLog;Andrey;1435913509073;2G;EDGE;1;250;99;26627;19005;-1;-81
;ServiceLog;Andrey;1435913510110;2G;EDGE;1;250;99;26627;19005;-1;-81
;ServiceLog;Andrey;1435913511242;2G;EDGE;1;250;99;26627;19005;-1;-81
;ServiceLog;Andrey;1435913512362;2G;EDGE;1;250;99;26627;19005;-1;-77
;ServiceLog;Andrey;1435913513435;2G;EDGE;1;250;99;26627;19005;-1;-75
;ServiceLog;Andrey;1435913514466;2G;EDGE;1;250;99;26627;19005;-1;-75
;ServiceLog;Andrey;1435913515511;2G;EDGE;1;250;99;26627;19005;-1;-73
;ServiceLog;Andrey;1435913516572;2G;EDGE;1;250;99;26627;19005;-1;-71
;ServiceLog;Andrey;1435913517641;2G;EDGE;1;250;99;26627;19005;-1;-71
;ServiceLog;Andrey;1435913518815;2G;EDGE;1;250;99;26627;19005;-1;-71
;ServiceLog;Andrey;1435913519954;2G;EDGE;1;250;99;26627;19005;-1;-71
;ServiceLog;Andrey;1435913520988;2G;EDGE;1;250;99;26627;19005;-1;-71
;ServiceLog;Andrey;1435913522019;2G;EDGE;1;250;99;26627;19005;-1;-71
;ServiceLog;Andrey;1435913523163;2G;EDGE;1;250;99;26627;19005;-1;-71
;ServiceLog;Andrey;1435913524204;2G;EDGE;1;250;99;26627;19005;-1;-71
;ServiceLog;Andrey;1435913525290;2G;EDGE;1;250;99;26627;19005;-1;-73
;ServiceLog;Andrey;1435913526344;2G;EDGE;1;250;99;26627;19005;-1;-73
;ServiceLog;Andrey;1435913527474;2G;EDGE;1;250;99;26627;19005;-1;-73
;ServiceLog;Andrey;1435913528597;2G;EDGE;1;250;99;26627;19005;-1;-73
;ServiceLog;Andrey;1435913529641;2G;EDGE;1;250;99;26627;19005;-1;-73
;ServiceLog;Andrey;1435913530695;2G;EDGE;1;250;99;26627;19005;-1;-73
;ServiceLog;Andrey;1435913531761;2G;EDGE;1;250;99;26627;19005;-1;-73
;ServiceLog;Andrey;1435913532920;2G;EDGE;1;250;99;26627;19005;-1;-73
;ServiceLog;Andrey;1435913533976;2G;EDGE;1;250;99;26627;19005;-1;-71
;ServiceLog;Andrey;1435913535005;2G;EDGE;1;250;99;26627;19005;-1;-71
;ServiceLog;Andrey;1435913536028;2G;EDGE;1;250;99;26627;19005;-1;-69
;ServiceLog;Andrey;1435913537123;2G;EDGE;1;250;99;26627;19005;-1;-69
;ServiceLog;Andrey;1435913538155;2G;EDGE;1;250;99;26627;19005;-1;-69
;ServiceLog;Andrey;1435913539184;2G;EDGE;1;250;99;26627;19005;-1;-67
;ServiceLog;Andrey;1435913540272;2G;EDGE;1;250;99;26627;19005;-1;-67
;ServiceLog;Andrey;1435913541305;2G;EDGE;1;250;99;26627;19005;-1;-67
;ServiceLog;Andrey;1435913542359;2G;EDGE;1;250;99;26627;19005;-1;-67
;ServiceLog;Andrey;1435913543395;2G;EDGE;1;250;99;26627;19005;-1;-67
;ServiceLog;Andrey;1435913544545;2G;EDGE;1;250;99;26627;19005;-1;-67
;ServiceLog;Andrey;1435913545636;2G;EDGE;1;250;99;26627;19005;-1;-67
;ServiceLog;Andrey;1435913546671;2G;EDGE;1;250;99;26627;19005;-1;-67
;ServiceLog;Andrey;1435913547710;2G;EDGE;1;250;99;26627;19005;-1;-67
;ServiceLog;Andrey;1435913548887;2G;EDGE;1;250;99;26627;19005;-1;-67
;ServiceLog;Andrey;1435913549899;2G;EDGE;1;250;99;26627;19005;-1;-67
;ServiceLog;Andrey;1435913551055;2G;EDGE;1;250;99;26627;19005;-1;-67
;ServiceLog;Andrey;1435913552198;2G;EDGE;1;250;99;26627;19005;-1;-67
;ServiceLog;Andrey;1435913553239;2G;EDGE;1;250;99;26627;19005;-1;-67
;ServiceLog;Andrey;1435913554252;2G;EDGE;1;250;99;26627;19005;-1;-67
;ServiceLog;Andrey;1435913555294;2G;EDGE;1;250;99;26627;19005;-1;-67
;ServiceLog;Andrey;1435913556409;2G;EDGE;1;250;99;26627;19005;-1;-67
;ServiceLog;Andrey;1435913557419;2G;EDGE;1;250;99;26627;19005;-1;-67
;ServiceLog;Andrey;1435913558480;2G;EDGE;1;250;99;26627;19005;-1;-67
;ServiceLog;Andrey;1435913559546;2G;EDGE;1;250;99;26627;19005;-1;-67
;ServiceLog;Andrey;1435913560699;2G;EDGE;1;250;99;26627;19005;-1;-67
;ServiceLog;Andrey;1435913561766;2G;EDGE;1;250;99;26627;19005;-1;-67
;ServiceLog;Andrey;1435913562803;2G;EDGE;1;250;99;26627;19005;-1;-67
;ServiceLog;Andrey;1435913563944;2G;EDGE;1;250;99;26627;19005;-1;-67
;ServiceLog;Andrey;1435913564996;2G;EDGE;1;250;99;26627;19005;-1;-67
;ServiceLog;Andrey;1435913566117;2G;EDGE;1;250;99;26627;19005;-1;-67
;ServiceLog;Andrey;1435913567239;2G;EDGE;1;250;99;26627;19005;-1;-67
;ServiceLog;Andrey;1435913568270;2G;EDGE;1;250;99;26627;19005;-1;-67
;ServiceLog;Andrey;1435913569375;2G;EDGE;1;250;99;26627;19005;-1;-67
;ServiceLog;Andrey;1435913570383;unknown;unknown;1;250;99;26627;19005;-1;-111
;ServiceLog;Andrey;1435913571398;unknown;unknown;1;250;99;26627;19005;-1;-111
;ServiceLog;Andrey;1435913572412;unknown;unknown;1;250;99;26627;19005;-1;-111
;ServiceLog;Andrey;1435913573430;unknown;unknown;1;250;99;26627;19005;-1;-111
;ServiceLog;Andrey;1435913574446;unknown;unknown;1;250;99;26627;19005;-1;-111
;ServiceLog;Andrey;1435913575454;unknown;unknown;1;250;99;26627;19005;-1;-111
;ServiceLog;Andrey;1435913576469;unknown;unknown;1;250;99;26627;19005;-1;-111
;ServiceLog;Andrey;1435913577521;unknown;unknown;1;250;99;26627;19005;-1;-111
;ServiceLog;Andrey;1435913578532;unknown;unknown;1;250;99;26627;19005;-1;-111
;ServiceLog;Andrey;1435913579542;unknown;unknown;1;250;99;26627;19005;-1;-111
;ServiceLog;Andrey;1435913580596;unknown;unknown;1;250;99;26627;19005;-1;-111
;ServiceLog;Andrey;1435913581630;unknown;unknown;1;250;99;26627;19005;-1;-111
;ServiceLog;Andrey;1435913582647;unknown;unknown;1;250;99;26627;19005;-1;-111
;ServiceLog;Andrey;1435913583687;unknown;unknown;1;250;99;26627;19005;-1;-111
