ID;Name;User;TimeStamp;Temperature;Humidity;Noise;CO;C4H10;CH4;session_id
943;Сухаревская 3;Anna;1435842940876;No data;;;;;;616517325
944;Сухаревская 4;Anna;1435842957322;No data;;;;;;616517325
931;Проспект Мира (КРЛ) 1;Anna;1435843026993;No data;;;;;;616517325
932;Проспект Мира (КРЛ) 2;Anna;1435843041323;No data;;;;;;616517325
933;Проспект Мира (КРЛ) 3;Anna;1435843069057;No data;;;;;;616517325
934;Проспект Мира (КРЛ) 4;Anna;1435843082019;No data;;;;;;616517325
921;Рижская 1;Anna;1435843166629;No data;;;;;;616517325
922;Рижская 2;Anna;1435843178237;No data;;;;;;616517325
923;Рижская 3;Anna;1435843201114;No data;;;;;;616517325
924;Рижская 4;Anna;1435843214245;No data;;;;;;616517325
911;Алексеевская 1;Anna;1435843309634;No data;;;;;;616517325
912;Алексеевская 2;Anna;1435843321411;No data;;;;;;616517325
913;Алексеевская 3;Anna;1435843355978;No data;;;;;;616517325
914;Алексеевская 4;Anna;1435843373153;No data;;;;;;616517325
901;ВДНХ 1;Anna;1435843459195;No data;;;;;;616517325
902;ВДНХ 2;Anna;1435843472775;No data;;;;;;616517325
903;ВДНХ 3;Anna;1435843500351;No data;;;;;;616517325
904;ВДНХ 4;Anna;1435843514941;No data;;;;;;616517325
891;Ботанический сад 1;Anna;1435843670317;No data;;;;;;616517325
892;Ботанический сад 2;Anna;1435843681373;No data;;;;;;616517325
893;Ботанический сад 3;Anna;1435843709904;No data;;;;;;616517325
894;Ботанический сад 4;Anna;1435843722219;No data;;;;;;616517325
881;Свиблово 1;Anna;1435843809148;No data;;;;;;616517325
882;Свиблово 2;Anna;1435843820765;No data;;;;;;616517325
883;Свиблово 3;Anna;1435843850101;No data;;;;;;616517325
884;Свиблово 4;Anna;1435843863995;No data;;;;;;616517325
871;Бабушкинская 1;Anna;1435843960440;No data;;;;;;616517325
872;Бабушкинская 2;Anna;1435843973442;No data;;;;;;616517325
873;Бабушкинская 3;Anna;1435843998735;No data;;;;;;616517325
874;Бабушкинская 4;Anna;1435844013127;No data;;;;;;616517325
861;Медведково 1;Anna;1435844128627;No data;;;;;;616517325
862;Медведково 2;Anna;1435844140958;No data;;;;;;616517325
863;Медведково 3;Anna;1435844226100;No data;;;;;;616517325
864;Медведково 4;Anna;1435844236159;No data;;;;;;616517325
871;Бабушкинская 1;Anna;1435844352758;No data;;;;;;616517325
872;Бабушкинская 2;Anna;1435844369484;No data;;;;;;616517325
