ID;Name;User;TimeStamp;Temperature;Humidity;Noise;CO;C4H10;CH4;session_id
;ServiceLog;Anna;1435842705673;No data;;;;;;616517325
;ServiceLog;Anna;1435842706756;No data;;;;;;616517325
;ServiceLog;Anna;1435842707768;No data;;;;;;616517325
;ServiceLog;Anna;1435842708851;No data;;;;;;616517325
;ServiceLog;Anna;1435842709865;No data;;;;;;616517325
;ServiceLog;Anna;1435842711100;No data;;;;;;616517325
;ServiceLog;Anna;1435842712117;No data;;;;;;616517325
;ServiceLog;Anna;1435842713196;No data;;;;;;616517325
;ServiceLog;Anna;1435842714206;No data;;;;;;616517325
;ServiceLog;Anna;1435842715255;No data;;;;;;616517325
;ServiceLog;Anna;1435842716296;No data;;;;;;616517325
;ServiceLog;Anna;1435842717329;No data;;;;;;616517325
;ServiceLog;Anna;1435842718341;No data;;;;;;616517325
;ServiceLog;Anna;1435842719414;No data;;;;;;616517325
;ServiceLog;Anna;1435842720424;No data;;;;;;616517325
;ServiceLog;Anna;1435842721457;No data;;;;;;616517325
;ServiceLog;Anna;1435842722477;No data;;;;;;616517325
;ServiceLog;Anna;1435842723565;No data;;;;;;616517325
;ServiceLog;Anna;1435842724576;No data;;;;;;616517325
;ServiceLog;Anna;1435842725659;No data;;;;;;616517325
;ServiceLog;Anna;1435842726668;No data;;;;;;616517325
;ServiceLog;Anna;1435842727747;No data;;;;;;616517325
;ServiceLog;Anna;1435842728757;No data;;;;;;616517325
;ServiceLog;Anna;1435842729791;No data;;;;;;616517325
;ServiceLog;Anna;1435842730800;No data;;;;;;616517325
;ServiceLog;Anna;1435842731831;No data;;;;;;616517325
;ServiceLog;Anna;1435842732840;No data;;;;;;616517325
;ServiceLog;Anna;1435842733892;No data;;;;;;616517325
;ServiceLog;Anna;1435842734913;No data;;;;;;616517325
;ServiceLog;Anna;1435842735989;No data;;;;;;616517325
;ServiceLog;Anna;1435842737009;No data;;;;;;616517325
;ServiceLog;Anna;1435842738040;No data;;;;;;616517325
;ServiceLog;Anna;1435842739052;No data;;;;;;616517325
;ServiceLog;Anna;1435842740099;No data;;;;;;616517325
;ServiceLog;Anna;1435842741130;No data;;;;;;616517325
;ServiceLog;Anna;1435842742157;No data;;;;;;616517325
;ServiceLog;Anna;1435842743166;No data;;;;;;616517325
;ServiceLog;Anna;1435842744206;No data;;;;;;616517325
;ServiceLog;Anna;1435842745217;No data;;;;;;616517325
;ServiceLog;Anna;1435842746249;No data;;;;;;616517325
;ServiceLog;Anna;1435842747259;No data;;;;;;616517325
;ServiceLog;Anna;1435842748334;No data;;;;;;616517325
;ServiceLog;Anna;1435842749342;No data;;;;;;616517325
;ServiceLog;Anna;1435842750419;No data;;;;;;616517325
;ServiceLog;Anna;1435842751428;No data;;;;;;616517325
;ServiceLog;Anna;1435842752504;No data;;;;;;616517325
;ServiceLog;Anna;1435842753513;No data;;;;;;616517325
;ServiceLog;Anna;1435842754587;No data;;;;;;616517325
;ServiceLog;Anna;1435842755605;No data;;;;;;616517325
;ServiceLog;Anna;1435842756673;No data;;;;;;616517325
;ServiceLog;Anna;1435842757683;No data;;;;;;616517325
;ServiceLog;Anna;1435842758753;No data;;;;;;616517325
;ServiceLog;Anna;1435842759762;No data;;;;;;616517325
;ServiceLog;Anna;1435842760840;No data;;;;;;616517325
;ServiceLog;Anna;1435842761853;No data;;;;;;616517325
;ServiceLog;Anna;1435842762883;No data;;;;;;616517325
;ServiceLog;Anna;1435842763892;No data;;;;;;616517325
;ServiceLog;Anna;1435842764959;No data;;;;;;616517325
;ServiceLog;Anna;1435842765970;No data;;;;;;616517325
;ServiceLog;Anna;1435842767062;No data;;;;;;616517325
;ServiceLog;Anna;1435842768105;No data;;;;;;616517325
;ServiceLog;Anna;1435842769161;No data;;;;;;616517325
;ServiceLog;Anna;1435842770192;No data;;;;;;616517325
;ServiceLog;Anna;1435842771238;No data;;;;;;616517325
;ServiceLog;Anna;1435842772278;No data;;;;;;616517325
;ServiceLog;Anna;1435842773309;No data;;;;;;616517325
;ServiceLog;Anna;1435842774321;No data;;;;;;616517325
;ServiceLog;Anna;1435842775516;No data;;;;;;616517325
;ServiceLog;Anna;1435842776527;No data;;;;;;616517325
;ServiceLog;Anna;1435842777612;No data;;;;;;616517325
;ServiceLog;Anna;1435842778621;No data;;;;;;616517325
;ServiceLog;Anna;1435842779702;No data;;;;;;616517325
;ServiceLog;Anna;1435842780720;No data;;;;;;616517325
;ServiceLog;Anna;1435842781808;No data;;;;;;616517325
;ServiceLog;Anna;1435842782827;No data;;;;;;616517325
;ServiceLog;Anna;1435842783921;No data;;;;;;616517325
;ServiceLog;Anna;1435842784951;No data;;;;;;616517325
;ServiceLog;Anna;1435842785996;No data;;;;;;616517325
;ServiceLog;Anna;1435842787016;No data;;;;;;616517325
;ServiceLog;Anna;1435842788105;No data;;;;;;616517325
;ServiceLog;Anna;1435842789128;No data;;;;;;616517325
;ServiceLog;Anna;1435842790244;No data;;;;;;616517325
;ServiceLog;Anna;1435842791265;No data;;;;;;616517325
;ServiceLog;Anna;1435842792354;No data;;;;;;616517325
;ServiceLog;Anna;1435842793375;No data;;;;;;616517325
;ServiceLog;Anna;1435842794445;No data;;;;;;616517325
;ServiceLog;Anna;1435842795466;No data;;;;;;616517325
;ServiceLog;Anna;1435842796523;No data;;;;;;616517325
;ServiceLog;Anna;1435842797545;No data;;;;;;616517325
;ServiceLog;Anna;1435842798587;No data;;;;;;616517325
;ServiceLog;Anna;1435842799632;No data;;;;;;616517325
;ServiceLog;Anna;1435842800718;No data;;;;;;616517325
;ServiceLog;Anna;1435842801741;No data;;;;;;616517325
;ServiceLog;Anna;1435842802837;No data;;;;;;616517325
;ServiceLog;Anna;1435842803856;No data;;;;;;616517325
;ServiceLog;Anna;1435842804965;No data;;;;;;616517325
;ServiceLog;Anna;1435842805987;No data;;;;;;616517325
;ServiceLog;Anna;1435842807034;No data;;;;;;616517325
;ServiceLog;Anna;1435842808069;No data;;;;;;616517325
;ServiceLog;Anna;1435842809108;No data;;;;;;616517325
;ServiceLog;Anna;1435842810131;No data;;;;;;616517325
;ServiceLog;Anna;1435842811228;No data;;;;;;616517325
;ServiceLog;Anna;1435842812244;No data;;;;;;616517325
;ServiceLog;Anna;1435842813287;No data;;;;;;616517325
;ServiceLog;Anna;1435842814305;No data;;;;;;616517325
;ServiceLog;Anna;1435842815386;No data;;;;;;616517325
;ServiceLog;Anna;1435842816405;No data;;;;;;616517325
;ServiceLog;Anna;1435842817480;No data;;;;;;616517325
;ServiceLog;Anna;1435842818504;No data;;;;;;616517325
;ServiceLog;Anna;1435842819588;No data;;;;;;616517325
;ServiceLog;Anna;1435842820612;No data;;;;;;616517325
;ServiceLog;Anna;1435842821698;No data;;;;;;616517325
;ServiceLog;Anna;1435842822728;No data;;;;;;616517325
;ServiceLog;Anna;1435842823820;No data;;;;;;616517325
;ServiceLog;Anna;1435842824950;No data;;;;;;616517325
;ServiceLog;Anna;1435842826038;No data;;;;;;616517325
;ServiceLog;Anna;1435842827056;No data;;;;;;616517325
;ServiceLog;Anna;1435842828136;No data;;;;;;616517325
;ServiceLog;Anna;1435842829153;No data;;;;;;616517325
;ServiceLog;Anna;1435842830272;No data;;;;;;616517325
;ServiceLog;Anna;1435842831296;No data;;;;;;616517325
;ServiceLog;Anna;1435842832382;No data;;;;;;616517325
;ServiceLog;Anna;1435842833401;No data;;;;;;616517325
;ServiceLog;Anna;1435842834486;No data;;;;;;616517325
;ServiceLog;Anna;1435842835514;No data;;;;;;616517325
;ServiceLog;Anna;1435842836594;No data;;;;;;616517325
;ServiceLog;Anna;1435842837610;No data;;;;;;616517325
;ServiceLog;Anna;1435842838837;No data;;;;;;616517325
;ServiceLog;Anna;1435842839854;No data;;;;;;616517325
;ServiceLog;Anna;1435842840942;No data;;;;;;616517325
;ServiceLog;Anna;1435842841960;No data;;;;;;616517325
;ServiceLog;Anna;1435842843050;No data;;;;;;616517325
;ServiceLog;Anna;1435842844069;No data;;;;;;616517325
;ServiceLog;Anna;1435842845159;No data;;;;;;616517325
;ServiceLog;Anna;1435842846195;No data;;;;;;616517325
;ServiceLog;Anna;1435842847279;No data;;;;;;616517325
;ServiceLog;Anna;1435842848298;No data;;;;;;616517325
;ServiceLog;Anna;1435842849376;No data;;;;;;616517325
;ServiceLog;Anna;1435842850396;No data;;;;;;616517325
;ServiceLog;Anna;1435842851488;No data;;;;;;616517325
;ServiceLog;Anna;1435842852507;No data;;;;;;616517325
;ServiceLog;Anna;1435842853594;No data;;;;;;616517325
;ServiceLog;Anna;1435842854614;No data;;;;;;616517325
;ServiceLog;Anna;1435842855706;No data;;;;;;616517325
;ServiceLog;Anna;1435842856725;No data;;;;;;616517325
;ServiceLog;Anna;1435842857804;No data;;;;;;616517325
;ServiceLog;Anna;1435842858824;No data;;;;;;616517325
;ServiceLog;Anna;1435842859891;No data;;;;;;616517325
;ServiceLog;Anna;1435842860910;No data;;;;;;616517325
;ServiceLog;Anna;1435842861975;No data;;;;;;616517325
;ServiceLog;Anna;1435842863017;No data;;;;;;616517325
;ServiceLog;Anna;1435842864079;No data;;;;;;616517325
;ServiceLog;Anna;1435842865119;No data;;;;;;616517325
;ServiceLog;Anna;1435842866190;No data;;;;;;616517325
;ServiceLog;Anna;1435842867233;No data;;;;;;616517325
;ServiceLog;Anna;1435842868295;No data;;;;;;616517325
;ServiceLog;Anna;1435842869339;No data;;;;;;616517325
;ServiceLog;Anna;1435842870415;No data;;;;;;616517325
;ServiceLog;Anna;1435842871456;No data;;;;;;616517325
;ServiceLog;Anna;1435842872521;No data;;;;;;616517325
;ServiceLog;Anna;1435842873552;No data;;;;;;616517325
;ServiceLog;Anna;1435842874600;No data;;;;;;616517325
;ServiceLog;Anna;1435842875633;No data;;;;;;616517325
;ServiceLog;Anna;1435842876698;No data;;;;;;616517325
;ServiceLog;Anna;1435842877737;No data;;;;;;616517325
;ServiceLog;Anna;1435842878784;No data;;;;;;616517325
;ServiceLog;Anna;1435842879816;No data;;;;;;616517325
;ServiceLog;Anna;1435842880864;No data;;;;;;616517325
;ServiceLog;Anna;1435842881897;No data;;;;;;616517325
;ServiceLog;Anna;1435842882945;No data;;;;;;616517325
;ServiceLog;Anna;1435842883975;No data;;;;;;616517325
;ServiceLog;Anna;1435842885064;No data;;;;;;616517325
;ServiceLog;Anna;1435842886095;No data;;;;;;616517325
;ServiceLog;Anna;1435842887121;No data;;;;;;616517325
;ServiceLog;Anna;1435842888129;No data;;;;;;616517325
;ServiceLog;Anna;1435842889175;No data;;;;;;616517325
;ServiceLog;Anna;1435842890208;No data;;;;;;616517325
;ServiceLog;Anna;1435842891242;No data;;;;;;616517325
;ServiceLog;Anna;1435842892252;No data;;;;;;616517325
;ServiceLog;Anna;1435842893328;No data;;;;;;616517325
;ServiceLog;Anna;1435842894338;No data;;;;;;616517325
;ServiceLog;Anna;1435842895414;No data;;;;;;616517325
;ServiceLog;Anna;1435842896424;No data;;;;;;616517325
;ServiceLog;Anna;1435842897497;No data;;;;;;616517325
;ServiceLog;Anna;1435842898514;No data;;;;;;616517325
;ServiceLog;Anna;1435842899594;No data;;;;;;616517325
;ServiceLog;Anna;1435842900602;No data;;;;;;616517325
;ServiceLog;Anna;1435842901686;No data;;;;;;616517325
;ServiceLog;Anna;1435842902702;No data;;;;;;616517325
;ServiceLog;Anna;1435842903794;No data;;;;;;616517325
;ServiceLog;Anna;1435842904810;No data;;;;;;616517325
;ServiceLog;Anna;1435842905896;No data;;;;;;616517325
;ServiceLog;Anna;1435842906916;No data;;;;;;616517325
;ServiceLog;Anna;1435842908016;No data;;;;;;616517325
;ServiceLog;Anna;1435842909064;No data;;;;;;616517325
;ServiceLog;Anna;1435842910146;No data;;;;;;616517325
;ServiceLog;Anna;1435842911164;No data;;;;;;616517325
;ServiceLog;Anna;1435842912256;No data;;;;;;616517325
;ServiceLog;Anna;1435842913273;No data;;;;;;616517325
;ServiceLog;Anna;1435842914356;No data;;;;;;616517325
;ServiceLog;Anna;1435842915375;No data;;;;;;616517325
;ServiceLog;Anna;1435842916454;No data;;;;;;616517325
;ServiceLog;Anna;1435842917473;No data;;;;;;616517325
;ServiceLog;Anna;1435842918562;No data;;;;;;616517325
;ServiceLog;Anna;1435842919582;No data;;;;;;616517325
;ServiceLog;Anna;1435842920674;No data;;;;;;616517325
;ServiceLog;Anna;1435842921702;No data;;;;;;616517325
;ServiceLog;Anna;1435842922787;No data;;;;;;616517325
;ServiceLog;Anna;1435842923807;No data;;;;;;616517325
;ServiceLog;Anna;1435842924909;No data;;;;;;616517325
;ServiceLog;Anna;1435842925928;No data;;;;;;616517325
;ServiceLog;Anna;1435842927047;No data;;;;;;616517325
;ServiceLog;Anna;1435842928068;No data;;;;;;616517325
;ServiceLog;Anna;1435842929154;No data;;;;;;616517325
;ServiceLog;Anna;1435842930174;No data;;;;;;616517325
;ServiceLog;Anna;1435842931262;No data;;;;;;616517325
;ServiceLog;Anna;1435842932281;No data;;;;;;616517325
;ServiceLog;Anna;1435842933367;No data;;;;;;616517325
;ServiceLog;Anna;1435842934391;No data;;;;;;616517325
;ServiceLog;Anna;1435842935477;No data;;;;;;616517325
;ServiceLog;Anna;1435842936510;No data;;;;;;616517325
;ServiceLog;Anna;1435842937609;No data;;;;;;616517325
;ServiceLog;Anna;1435842938631;No data;;;;;;616517325
;ServiceLog;Anna;1435842939716;No data;;;;;;616517325
;ServiceLog;Anna;1435842940738;No data;;;;;;616517325
;ServiceLog;Anna;1435842941836;No data;;;;;;616517325
;ServiceLog;Anna;1435842942853;No data;;;;;;616517325
;ServiceLog;Anna;1435842943939;No data;;;;;;616517325
;ServiceLog;Anna;1435842944970;No data;;;;;;616517325
;ServiceLog;Anna;1435842946065;No data;;;;;;616517325
;ServiceLog;Anna;1435842947085;No data;;;;;;616517325
;ServiceLog;Anna;1435842948164;No data;;;;;;616517325
;ServiceLog;Anna;1435842949182;No data;;;;;;616517325
;ServiceLog;Anna;1435842950270;No data;;;;;;616517325
;ServiceLog;Anna;1435842951288;No data;;;;;;616517325
;ServiceLog;Anna;1435842952373;No data;;;;;;616517325
;ServiceLog;Anna;1435842953389;No data;;;;;;616517325
;ServiceLog;Anna;1435842954485;No data;;;;;;616517325
;ServiceLog;Anna;1435842955505;No data;;;;;;616517325
;ServiceLog;Anna;1435842956598;No data;;;;;;616517325
;ServiceLog;Anna;1435842957616;No data;;;;;;616517325
;ServiceLog;Anna;1435842958701;No data;;;;;;616517325
;ServiceLog;Anna;1435842959721;No data;;;;;;616517325
;ServiceLog;Anna;1435842960806;No data;;;;;;616517325
;ServiceLog;Anna;1435842961833;No data;;;;;;616517325
;ServiceLog;Anna;1435842962920;No data;;;;;;616517325
;ServiceLog;Anna;1435842963937;No data;;;;;;616517325
;ServiceLog;Anna;1435842965010;No data;;;;;;616517325
;ServiceLog;Anna;1435842966019;No data;;;;;;616517325
;ServiceLog;Anna;1435842967053;No data;;;;;;616517325
;ServiceLog;Anna;1435842968063;No data;;;;;;616517325
;ServiceLog;Anna;1435842969239;No data;;;;;;616517325
;ServiceLog;Anna;1435842970271;No data;;;;;;616517325
;ServiceLog;Anna;1435842971312;No data;;;;;;616517325
;ServiceLog;Anna;1435842972320;No data;;;;;;616517325
;ServiceLog;Anna;1435842973394;No data;;;;;;616517325
;ServiceLog;Anna;1435842974404;No data;;;;;;616517325
;ServiceLog;Anna;1435842975485;No data;;;;;;616517325
;ServiceLog;Anna;1435842976494;No data;;;;;;616517325
;ServiceLog;Anna;1435842977565;No data;;;;;;616517325
;ServiceLog;Anna;1435842978575;No data;;;;;;616517325
;ServiceLog;Anna;1435842979655;No data;;;;;;616517325
;ServiceLog;Anna;1435842980665;No data;;;;;;616517325
;ServiceLog;Anna;1435842981750;No data;;;;;;616517325
;ServiceLog;Anna;1435842982758;No data;;;;;;616517325
;ServiceLog;Anna;1435842983833;No data;;;;;;616517325
;ServiceLog;Anna;1435842984842;No data;;;;;;616517325
;ServiceLog;Anna;1435842985878;No data;;;;;;616517325
;ServiceLog;Anna;1435842986897;No data;;;;;;616517325
;ServiceLog;Anna;1435842987973;No data;;;;;;616517325
;ServiceLog;Anna;1435842988986;No data;;;;;;616517325
;ServiceLog;Anna;1435842990056;No data;;;;;;616517325
;ServiceLog;Anna;1435842991065;No data;;;;;;616517325
;ServiceLog;Anna;1435842992143;No data;;;;;;616517325
;ServiceLog;Anna;1435842993158;No data;;;;;;616517325
;ServiceLog;Anna;1435842994191;No data;;;;;;616517325
;ServiceLog;Anna;1435842995212;No data;;;;;;616517325
;ServiceLog;Anna;1435842996290;No data;;;;;;616517325
;ServiceLog;Anna;1435842997300;No data;;;;;;616517325
;ServiceLog;Anna;1435842998327;No data;;;;;;616517325
;ServiceLog;Anna;1435842999340;No data;;;;;;616517325
;ServiceLog;Anna;1435843000418;No data;;;;;;616517325
;ServiceLog;Anna;1435843001432;No data;;;;;;616517325
;ServiceLog;Anna;1435843002511;No data;;;;;;616517325
;ServiceLog;Anna;1435843003522;No data;;;;;;616517325
;ServiceLog;Anna;1435843004601;No data;;;;;;616517325
;ServiceLog;Anna;1435843005614;No data;;;;;;616517325
;ServiceLog;Anna;1435843006692;No data;;;;;;616517325
;ServiceLog;Anna;1435843007708;No data;;;;;;616517325
;ServiceLog;Anna;1435843008791;No data;;;;;;616517325
;ServiceLog;Anna;1435843009803;No data;;;;;;616517325
;ServiceLog;Anna;1435843010833;No data;;;;;;616517325
;ServiceLog;Anna;1435843011852;No data;;;;;;616517325
;ServiceLog;Anna;1435843012885;No data;;;;;;616517325
;ServiceLog;Anna;1435843013899;No data;;;;;;616517325
;ServiceLog;Anna;1435843015007;No data;;;;;;616517325
;ServiceLog;Anna;1435843016017;No data;;;;;;616517325
;ServiceLog;Anna;1435843017099;No data;;;;;;616517325
;ServiceLog;Anna;1435843018109;No data;;;;;;616517325
;ServiceLog;Anna;1435843019185;No data;;;;;;616517325
;ServiceLog;Anna;1435843020196;No data;;;;;;616517325
;ServiceLog;Anna;1435843021225;No data;;;;;;616517325
;ServiceLog;Anna;1435843022237;No data;;;;;;616517325
;ServiceLog;Anna;1435843023311;No data;;;;;;616517325
;ServiceLog;Anna;1435843024325;No data;;;;;;616517325
;ServiceLog;Anna;1435843025363;No data;;;;;;616517325
;ServiceLog;Anna;1435843026377;No data;;;;;;616517325
;ServiceLog;Anna;1435843027460;No data;;;;;;616517325
;ServiceLog;Anna;1435843028504;No data;;;;;;616517325
;ServiceLog;Anna;1435843029533;No data;;;;;;616517325
;ServiceLog;Anna;1435843030544;No data;;;;;;616517325
;ServiceLog;Anna;1435843031553;No data;;;;;;616517325
;ServiceLog;Anna;1435843032563;No data;;;;;;616517325
;ServiceLog;Anna;1435843033601;No data;;;;;;616517325
;ServiceLog;Anna;1435843034613;No data;;;;;;616517325
;ServiceLog;Anna;1435843035688;No data;;;;;;616517325
;ServiceLog;Anna;1435843036705;No data;;;;;;616517325
;ServiceLog;Anna;1435843037781;No data;;;;;;616517325
;ServiceLog;Anna;1435843038791;No data;;;;;;616517325
;ServiceLog;Anna;1435843039872;No data;;;;;;616517325
;ServiceLog;Anna;1435843040884;No data;;;;;;616517325
;ServiceLog;Anna;1435843041966;No data;;;;;;616517325
;ServiceLog;Anna;1435843042977;No data;;;;;;616517325
;ServiceLog;Anna;1435843044076;No data;;;;;;616517325
;ServiceLog;Anna;1435843045095;No data;;;;;;616517325
;ServiceLog;Anna;1435843046178;No data;;;;;;616517325
;ServiceLog;Anna;1435843047211;No data;;;;;;616517325
;ServiceLog;Anna;1435843048295;No data;;;;;;616517325
;ServiceLog;Anna;1435843049332;No data;;;;;;616517325
;ServiceLog;Anna;1435843050382;No data;;;;;;616517325
;ServiceLog;Anna;1435843051404;No data;;;;;;616517325
;ServiceLog;Anna;1435843052474;No data;;;;;;616517325
;ServiceLog;Anna;1435843053485;No data;;;;;;616517325
;ServiceLog;Anna;1435843054568;No data;;;;;;616517325
;ServiceLog;Anna;1435843055580;No data;;;;;;616517325
;ServiceLog;Anna;1435843056655;No data;;;;;;616517325
;ServiceLog;Anna;1435843057675;No data;;;;;;616517325
;ServiceLog;Anna;1435843058749;No data;;;;;;616517325
;ServiceLog;Anna;1435843059762;No data;;;;;;616517325
;ServiceLog;Anna;1435843060850;No data;;;;;;616517325
;ServiceLog;Anna;1435843061860;No data;;;;;;616517325
;ServiceLog;Anna;1435843062943;No data;;;;;;616517325
;ServiceLog;Anna;1435843063956;No data;;;;;;616517325
;ServiceLog;Anna;1435843065026;No data;;;;;;616517325
;ServiceLog;Anna;1435843066036;No data;;;;;;616517325
;ServiceLog;Anna;1435843067112;No data;;;;;;616517325
;ServiceLog;Anna;1435843068131;No data;;;;;;616517325
;ServiceLog;Anna;1435843069204;No data;;;;;;616517325
;ServiceLog;Anna;1435843070223;No data;;;;;;616517325
;ServiceLog;Anna;1435843071254;No data;;;;;;616517325
;ServiceLog;Anna;1435843072271;No data;;;;;;616517325
;ServiceLog;Anna;1435843073376;No data;;;;;;616517325
;ServiceLog;Anna;1435843074386;No data;;;;;;616517325
;ServiceLog;Anna;1435843075457;No data;;;;;;616517325
;ServiceLog;Anna;1435843076469;No data;;;;;;616517325
;ServiceLog;Anna;1435843077553;No data;;;;;;616517325
;ServiceLog;Anna;1435843078565;No data;;;;;;616517325
;ServiceLog;Anna;1435843079644;No data;;;;;;616517325
;ServiceLog;Anna;1435843080654;No data;;;;;;616517325
;ServiceLog;Anna;1435843081692;No data;;;;;;616517325
;ServiceLog;Anna;1435843082726;No data;;;;;;616517325
;ServiceLog;Anna;1435843083769;No data;;;;;;616517325
;ServiceLog;Anna;1435843084794;No data;;;;;;616517325
;ServiceLog;Anna;1435843085876;No data;;;;;;616517325
;ServiceLog;Anna;1435843086929;No data;;;;;;616517325
;ServiceLog;Anna;1435843088021;No data;;;;;;616517325
;ServiceLog;Anna;1435843089046;No data;;;;;;616517325
;ServiceLog;Anna;1435843090163;No data;;;;;;616517325
;ServiceLog;Anna;1435843091185;No data;;;;;;616517325
;ServiceLog;Anna;1435843092254;No data;;;;;;616517325
;ServiceLog;Anna;1435843093265;No data;;;;;;616517325
;ServiceLog;Anna;1435843094335;No data;;;;;;616517325
;ServiceLog;Anna;1435843095356;No data;;;;;;616517325
;ServiceLog;Anna;1435843096438;No data;;;;;;616517325
;ServiceLog;Anna;1435843097487;No data;;;;;;616517325
;ServiceLog;Anna;1435843098664;No data;;;;;;616517325
;ServiceLog;Anna;1435843099712;No data;;;;;;616517325
;ServiceLog;Anna;1435843100736;No data;;;;;;616517325
;ServiceLog;Anna;1435843101747;No data;;;;;;616517325
;ServiceLog;Anna;1435843102781;No data;;;;;;616517325
;ServiceLog;Anna;1435843103792;No data;;;;;;616517325
;ServiceLog;Anna;1435843104884;No data;;;;;;616517325
;ServiceLog;Anna;1435843105894;No data;;;;;;616517325
;ServiceLog;Anna;1435843106968;No data;;;;;;616517325
;ServiceLog;Anna;1435843107989;No data;;;;;;616517325
;ServiceLog;Anna;1435843109060;No data;;;;;;616517325
;ServiceLog;Anna;1435843110072;No data;;;;;;616517325
;ServiceLog;Anna;1435843111150;No data;;;;;;616517325
;ServiceLog;Anna;1435843112160;No data;;;;;;616517325
;ServiceLog;Anna;1435843113414;No data;;;;;;616517325
;ServiceLog;Anna;1435843114424;No data;;;;;;616517325
;ServiceLog;Anna;1435843115499;No data;;;;;;616517325
;ServiceLog;Anna;1435843116513;No data;;;;;;616517325
;ServiceLog;Anna;1435843117589;No data;;;;;;616517325
;ServiceLog;Anna;1435843118599;No data;;;;;;616517325
;ServiceLog;Anna;1435843119686;No data;;;;;;616517325
;ServiceLog;Anna;1435843120695;No data;;;;;;616517325
;ServiceLog;Anna;1435843121777;No data;;;;;;616517325
;ServiceLog;Anna;1435843122787;No data;;;;;;616517325
;ServiceLog;Anna;1435843123872;No data;;;;;;616517325
;ServiceLog;Anna;1435843124885;No data;;;;;;616517325
;ServiceLog;Anna;1435843125959;No data;;;;;;616517325
;ServiceLog;Anna;1435843126969;No data;;;;;;616517325
;ServiceLog;Anna;1435843128008;No data;;;;;;616517325
;ServiceLog;Anna;1435843129018;No data;;;;;;616517325
;ServiceLog;Anna;1435843130047;No data;;;;;;616517325
;ServiceLog;Anna;1435843131056;No data;;;;;;616517325
;ServiceLog;Anna;1435843132148;No data;;;;;;616517325
;ServiceLog;Anna;1435843133164;No data;;;;;;616517325
;ServiceLog;Anna;1435843134238;No data;;;;;;616517325
;ServiceLog;Anna;1435843135248;No data;;;;;;616517325
;ServiceLog;Anna;1435843136332;No data;;;;;;616517325
;ServiceLog;Anna;1435843137344;No data;;;;;;616517325
;ServiceLog;Anna;1435843138420;No data;;;;;;616517325
;ServiceLog;Anna;1435843139430;No data;;;;;;616517325
;ServiceLog;Anna;1435843140473;No data;;;;;;616517325
;ServiceLog;Anna;1435843141482;No data;;;;;;616517325
;ServiceLog;Anna;1435843142513;No data;;;;;;616517325
;ServiceLog;Anna;1435843143533;No data;;;;;;616517325
;ServiceLog;Anna;1435843144577;No data;;;;;;616517325
;ServiceLog;Anna;1435843145592;No data;;;;;;616517325
;ServiceLog;Anna;1435843146668;No data;;;;;;616517325
;ServiceLog;Anna;1435843147681;No data;;;;;;616517325
;ServiceLog;Anna;1435843148768;No data;;;;;;616517325
;ServiceLog;Anna;1435843149784;No data;;;;;;616517325
;ServiceLog;Anna;1435843150814;No data;;;;;;616517325
;ServiceLog;Anna;1435843151825;No data;;;;;;616517325
;ServiceLog;Anna;1435843152930;No data;;;;;;616517325
;ServiceLog;Anna;1435843153949;No data;;;;;;616517325
;ServiceLog;Anna;1435843155037;No data;;;;;;616517325
;ServiceLog;Anna;1435843156048;No data;;;;;;616517325
;ServiceLog;Anna;1435843157126;No data;;;;;;616517325
;ServiceLog;Anna;1435843158138;No data;;;;;;616517325
;ServiceLog;Anna;1435843159173;No data;;;;;;616517325
;ServiceLog;Anna;1435843160185;No data;;;;;;616517325
;ServiceLog;Anna;1435843161213;No data;;;;;;616517325
;ServiceLog;Anna;1435843162225;No data;;;;;;616517325
;ServiceLog;Anna;1435843163299;No data;;;;;;616517325
;ServiceLog;Anna;1435843164312;No data;;;;;;616517325
;ServiceLog;Anna;1435843165388;No data;;;;;;616517325
;ServiceLog;Anna;1435843166408;No data;;;;;;616517325
;ServiceLog;Anna;1435843167440;No data;;;;;;616517325
;ServiceLog;Anna;1435843168451;No data;;;;;;616517325
;ServiceLog;Anna;1435843169536;No data;;;;;;616517325
;ServiceLog;Anna;1435843170547;No data;;;;;;616517325
;ServiceLog;Anna;1435843171642;No data;;;;;;616517325
;ServiceLog;Anna;1435843172656;No data;;;;;;616517325
;ServiceLog;Anna;1435843173749;No data;;;;;;616517325
;ServiceLog;Anna;1435843174760;No data;;;;;;616517325
;ServiceLog;Anna;1435843175782;No data;;;;;;616517325
;ServiceLog;Anna;1435843176792;No data;;;;;;616517325
;ServiceLog;Anna;1435843177813;No data;;;;;;616517325
;ServiceLog;Anna;1435843178823;No data;;;;;;616517325
;ServiceLog;Anna;1435843179896;No data;;;;;;616517325
;ServiceLog;Anna;1435843180905;No data;;;;;;616517325
;ServiceLog;Anna;1435843181929;No data;;;;;;616517325
;ServiceLog;Anna;1435843182940;No data;;;;;;616517325
;ServiceLog;Anna;1435843184013;No data;;;;;;616517325
;ServiceLog;Anna;1435843185024;No data;;;;;;616517325
;ServiceLog;Anna;1435843186094;No data;;;;;;616517325
;ServiceLog;Anna;1435843187106;No data;;;;;;616517325
;ServiceLog;Anna;1435843188168;No data;;;;;;616517325
;ServiceLog;Anna;1435843189205;No data;;;;;;616517325
;ServiceLog;Anna;1435843190215;No data;;;;;;616517325
;ServiceLog;Anna;1435843191226;No data;;;;;;616517325
;ServiceLog;Anna;1435843192254;No data;;;;;;616517325
;ServiceLog;Anna;1435843193300;No data;;;;;;616517325
;ServiceLog;Anna;1435843194328;No data;;;;;;616517325
;ServiceLog;Anna;1435843195340;No data;;;;;;616517325
;ServiceLog;Anna;1435843196374;No data;;;;;;616517325
;ServiceLog;Anna;1435843197511;No data;;;;;;616517325
;ServiceLog;Anna;1435843198573;No data;;;;;;616517325
;ServiceLog;Anna;1435843199639;No data;;;;;;616517325
;ServiceLog;Anna;1435843200720;No data;;;;;;616517325
;ServiceLog;Anna;1435843201739;No data;;;;;;616517325
;ServiceLog;Anna;1435843202812;No data;;;;;;616517325
;ServiceLog;Anna;1435843203822;No data;;;;;;616517325
;ServiceLog;Anna;1435843204894;No data;;;;;;616517325
;ServiceLog;Anna;1435843205921;No data;;;;;;616517325
;ServiceLog;Anna;1435843206982;No data;;;;;;616517325
;ServiceLog;Anna;1435843208024;No data;;;;;;616517325
;ServiceLog;Anna;1435843209059;No data;;;;;;616517325
;ServiceLog;Anna;1435843210077;No data;;;;;;616517325
;ServiceLog;Anna;1435843211105;No data;;;;;;616517325
;ServiceLog;Anna;1435843212117;No data;;;;;;616517325
;ServiceLog;Anna;1435843213149;No data;;;;;;616517325
;ServiceLog;Anna;1435843214159;No data;;;;;;616517325
;ServiceLog;Anna;1435843215189;No data;;;;;;616517325
;ServiceLog;Anna;1435843216202;No data;;;;;;616517325
;ServiceLog;Anna;1435843217296;No data;;;;;;616517325
;ServiceLog;Anna;1435843218326;No data;;;;;;616517325
;ServiceLog;Anna;1435843219373;No data;;;;;;616517325
;ServiceLog;Anna;1435843220398;No data;;;;;;616517325
;ServiceLog;Anna;1435843221497;No data;;;;;;616517325
;ServiceLog;Anna;1435843222515;No data;;;;;;616517325
;ServiceLog;Anna;1435843223600;No data;;;;;;616517325
;ServiceLog;Anna;1435843224624;No data;;;;;;616517325
;ServiceLog;Anna;1435843225671;No data;;;;;;616517325
;ServiceLog;Anna;1435843226694;No data;;;;;;616517325
;ServiceLog;Anna;1435843227766;No data;;;;;;616517325
;ServiceLog;Anna;1435843228789;No data;;;;;;616517325
;ServiceLog;Anna;1435843229881;No data;;;;;;616517325
;ServiceLog;Anna;1435843230905;No data;;;;;;616517325
;ServiceLog;Anna;1435843232002;No data;;;;;;616517325
;ServiceLog;Anna;1435843233024;No data;;;;;;616517325
;ServiceLog;Anna;1435843234103;No data;;;;;;616517325
;ServiceLog;Anna;1435843235124;No data;;;;;;616517325
;ServiceLog;Anna;1435843236158;No data;;;;;;616517325
;ServiceLog;Anna;1435843237183;No data;;;;;;616517325
;ServiceLog;Anna;1435843238240;No data;;;;;;616517325
;ServiceLog;Anna;1435843239282;No data;;;;;;616517325
;ServiceLog;Anna;1435843240353;No data;;;;;;616517325
;ServiceLog;Anna;1435843241385;No data;;;;;;616517325
;ServiceLog;Anna;1435843242421;No data;;;;;;616517325
;ServiceLog;Anna;1435843243432;No data;;;;;;616517325
;ServiceLog;Anna;1435843244462;No data;;;;;;616517325
;ServiceLog;Anna;1435843245473;No data;;;;;;616517325
;ServiceLog;Anna;1435843246549;No data;;;;;;616517325
;ServiceLog;Anna;1435843247560;No data;;;;;;616517325
;ServiceLog;Anna;1435843248645;No data;;;;;;616517325
;ServiceLog;Anna;1435843249876;No data;;;;;;616517325
;ServiceLog;Anna;1435843250946;No data;;;;;;616517325
;ServiceLog;Anna;1435843251955;No data;;;;;;616517325
;ServiceLog;Anna;1435843253023;No data;;;;;;616517325
;ServiceLog;Anna;1435843254033;No data;;;;;;616517325
;ServiceLog;Anna;1435843255120;No data;;;;;;616517325
;ServiceLog;Anna;1435843256129;No data;;;;;;616517325
;ServiceLog;Anna;1435843257157;No data;;;;;;616517325
;ServiceLog;Anna;1435843258167;No data;;;;;;616517325
;ServiceLog;Anna;1435843259236;No data;;;;;;616517325
;ServiceLog;Anna;1435843260246;No data;;;;;;616517325
;ServiceLog;Anna;1435843261307;No data;;;;;;616517325
;ServiceLog;Anna;1435843262317;No data;;;;;;616517325
;ServiceLog;Anna;1435843263396;No data;;;;;;616517325
;ServiceLog;Anna;1435843264423;No data;;;;;;616517325
;ServiceLog;Anna;1435843265459;No data;;;;;;616517325
;ServiceLog;Anna;1435843266468;No data;;;;;;616517325
;ServiceLog;Anna;1435843267540;No data;;;;;;616517325
;ServiceLog;Anna;1435843268554;No data;;;;;;616517325
;ServiceLog;Anna;1435843269607;No data;;;;;;616517325
;ServiceLog;Anna;1435843270650;No data;;;;;;616517325
;ServiceLog;Anna;1435843271698;No data;;;;;;616517325
;ServiceLog;Anna;1435843272731;No data;;;;;;616517325
;ServiceLog;Anna;1435843273777;No data;;;;;;616517325
;ServiceLog;Anna;1435843274812;No data;;;;;;616517325
;ServiceLog;Anna;1435843275858;No data;;;;;;616517325
;ServiceLog;Anna;1435843276890;No data;;;;;;616517325
;ServiceLog;Anna;1435843277926;No data;;;;;;616517325
;ServiceLog;Anna;1435843278936;No data;;;;;;616517325
;ServiceLog;Anna;1435843280023;No data;;;;;;616517325
;ServiceLog;Anna;1435843281032;No data;;;;;;616517325
;ServiceLog;Anna;1435843282107;No data;;;;;;616517325
;ServiceLog;Anna;1435843283118;No data;;;;;;616517325
;ServiceLog;Anna;1435843284201;No data;;;;;;616517325
;ServiceLog;Anna;1435843285211;No data;;;;;;616517325
;ServiceLog;Anna;1435843286242;No data;;;;;;616517325
;ServiceLog;Anna;1435843287256;No data;;;;;;616517325
;ServiceLog;Anna;1435843288348;No data;;;;;;616517325
;ServiceLog;Anna;1435843289359;No data;;;;;;616517325
;ServiceLog;Anna;1435843290389;No data;;;;;;616517325
;ServiceLog;Anna;1435843291401;No data;;;;;;616517325
;ServiceLog;Anna;1435843292564;No data;;;;;;616517325
;ServiceLog;Anna;1435843293580;No data;;;;;;616517325
;ServiceLog;Anna;1435843294671;No data;;;;;;616517325
;ServiceLog;Anna;1435843295690;No data;;;;;;616517325
;ServiceLog;Anna;1435843296778;No data;;;;;;616517325
;ServiceLog;Anna;1435843297790;No data;;;;;;616517325
;ServiceLog;Anna;1435843298871;No data;;;;;;616517325
;ServiceLog;Anna;1435843299885;No data;;;;;;616517325
;ServiceLog;Anna;1435843300924;No data;;;;;;616517325
;ServiceLog;Anna;1435843301937;No data;;;;;;616517325
;ServiceLog;Anna;1435843302983;No data;;;;;;616517325
;ServiceLog;Anna;1435843303996;No data;;;;;;616517325
;ServiceLog;Anna;1435843305078;No data;;;;;;616517325
;ServiceLog;Anna;1435843306089;No data;;;;;;616517325
;ServiceLog;Anna;1435843307165;No data;;;;;;616517325
;ServiceLog;Anna;1435843308179;No data;;;;;;616517325
;ServiceLog;Anna;1435843309264;No data;;;;;;616517325
;ServiceLog;Anna;1435843310275;No data;;;;;;616517325
;ServiceLog;Anna;1435843311313;No data;;;;;;616517325
;ServiceLog;Anna;1435843312324;No data;;;;;;616517325
;ServiceLog;Anna;1435843313362;No data;;;;;;616517325
;ServiceLog;Anna;1435843314374;No data;;;;;;616517325
;ServiceLog;Anna;1435843315457;No data;;;;;;616517325
;ServiceLog;Anna;1435843316469;No data;;;;;;616517325
;ServiceLog;Anna;1435843317555;No data;;;;;;616517325
;ServiceLog;Anna;1435843318566;No data;;;;;;616517325
;ServiceLog;Anna;1435843319646;No data;;;;;;616517325
;ServiceLog;Anna;1435843320664;No data;;;;;;616517325
;ServiceLog;Anna;1435843321742;No data;;;;;;616517325
;ServiceLog;Anna;1435843322757;No data;;;;;;616517325
;ServiceLog;Anna;1435843323836;No data;;;;;;616517325
;ServiceLog;Anna;1435843324847;No data;;;;;;616517325
;ServiceLog;Anna;1435843325948;No data;;;;;;616517325
;ServiceLog;Anna;1435843326959;No data;;;;;;616517325
;ServiceLog;Anna;1435843328040;No data;;;;;;616517325
;ServiceLog;Anna;1435843329050;No data;;;;;;616517325
;ServiceLog;Anna;1435843330129;No data;;;;;;616517325
;ServiceLog;Anna;1435843331154;No data;;;;;;616517325
;ServiceLog;Anna;1435843332241;No data;;;;;;616517325
;ServiceLog;Anna;1435843333253;No data;;;;;;616517325
;ServiceLog;Anna;1435843334328;No data;;;;;;616517325
;ServiceLog;Anna;1435843335345;No data;;;;;;616517325
;ServiceLog;Anna;1435843336431;No data;;;;;;616517325
;ServiceLog;Anna;1435843337445;No data;;;;;;616517325
;ServiceLog;Anna;1435843338517;No data;;;;;;616517325
;ServiceLog;Anna;1435843339527;No data;;;;;;616517325
;ServiceLog;Anna;1435843340606;No data;;;;;;616517325
;ServiceLog;Anna;1435843341616;No data;;;;;;616517325
;ServiceLog;Anna;1435843342687;No data;;;;;;616517325
;ServiceLog;Anna;1435843343698;No data;;;;;;616517325
;ServiceLog;Anna;1435843344789;No data;;;;;;616517325
;ServiceLog;Anna;1435843345806;No data;;;;;;616517325
;ServiceLog;Anna;1435843346876;No data;;;;;;616517325
;ServiceLog;Anna;1435843347886;No data;;;;;;616517325
;ServiceLog;Anna;1435843348962;No data;;;;;;616517325
;ServiceLog;Anna;1435843349973;No data;;;;;;616517325
;ServiceLog;Anna;1435843351057;No data;;;;;;616517325
;ServiceLog;Anna;1435843352069;No data;;;;;;616517325
;ServiceLog;Anna;1435843353152;No data;;;;;;616517325
;ServiceLog;Anna;1435843354165;No data;;;;;;616517325
;ServiceLog;Anna;1435843355238;No data;;;;;;616517325
;ServiceLog;Anna;1435843356250;No data;;;;;;616517325
;ServiceLog;Anna;1435843357330;No data;;;;;;616517325
;ServiceLog;Anna;1435843358353;No data;;;;;;616517325
;ServiceLog;Anna;1435843359425;No data;;;;;;616517325
;ServiceLog;Anna;1435843360435;No data;;;;;;616517325
;ServiceLog;Anna;1435843361528;No data;;;;;;616517325
;ServiceLog;Anna;1435843362539;No data;;;;;;616517325
;ServiceLog;Anna;1435843363625;No data;;;;;;616517325
;ServiceLog;Anna;1435843364635;No data;;;;;;616517325
;ServiceLog;Anna;1435843365718;No data;;;;;;616517325
;ServiceLog;Anna;1435843366729;No data;;;;;;616517325
;ServiceLog;Anna;1435843367810;No data;;;;;;616517325
;ServiceLog;Anna;1435843368820;No data;;;;;;616517325
;ServiceLog;Anna;1435843369849;No data;;;;;;616517325
;ServiceLog;Anna;1435843370866;No data;;;;;;616517325
;ServiceLog;Anna;1435843371897;No data;;;;;;616517325
;ServiceLog;Anna;1435843372907;No data;;;;;;616517325
;ServiceLog;Anna;1435843373998;No data;;;;;;616517325
;ServiceLog;Anna;1435843375017;No data;;;;;;616517325
;ServiceLog;Anna;1435843376104;No data;;;;;;616517325
;ServiceLog;Anna;1435843377114;No data;;;;;;616517325
;ServiceLog;Anna;1435843378141;No data;;;;;;616517325
;ServiceLog;Anna;1435843379155;No data;;;;;;616517325
;ServiceLog;Anna;1435843380224;No data;;;;;;616517325
;ServiceLog;Anna;1435843381240;No data;;;;;;616517325
;ServiceLog;Anna;1435843382316;No data;;;;;;616517325
;ServiceLog;Anna;1435843383327;No data;;;;;;616517325
;ServiceLog;Anna;1435843384357;No data;;;;;;616517325
;ServiceLog;Anna;1435843385370;No data;;;;;;616517325
;ServiceLog;Anna;1435843386447;No data;;;;;;616517325
;ServiceLog;Anna;1435843387459;No data;;;;;;616517325
;ServiceLog;Anna;1435843388536;No data;;;;;;616517325
;ServiceLog;Anna;1435843389548;No data;;;;;;616517325
;ServiceLog;Anna;1435843390629;No data;;;;;;616517325
;ServiceLog;Anna;1435843391640;No data;;;;;;616517325
;ServiceLog;Anna;1435843392722;No data;;;;;;616517325
;ServiceLog;Anna;1435843393734;No data;;;;;;616517325
;ServiceLog;Anna;1435843394824;No data;;;;;;616517325
;ServiceLog;Anna;1435843395835;No data;;;;;;616517325
;ServiceLog;Anna;1435843396908;No data;;;;;;616517325
;ServiceLog;Anna;1435843397918;No data;;;;;;616517325
;ServiceLog;Anna;1435843398997;No data;;;;;;616517325
;ServiceLog;Anna;1435843400008;No data;;;;;;616517325
;ServiceLog;Anna;1435843401095;No data;;;;;;616517325
;ServiceLog;Anna;1435843402104;No data;;;;;;616517325
;ServiceLog;Anna;1435843403177;No data;;;;;;616517325
;ServiceLog;Anna;1435843404186;No data;;;;;;616517325
;ServiceLog;Anna;1435843405258;No data;;;;;;616517325
;ServiceLog;Anna;1435843406268;No data;;;;;;616517325
;ServiceLog;Anna;1435843407345;No data;;;;;;616517325
;ServiceLog;Anna;1435843408357;No data;;;;;;616517325
;ServiceLog;Anna;1435843409448;No data;;;;;;616517325
;ServiceLog;Anna;1435843410459;No data;;;;;;616517325
;ServiceLog;Anna;1435843411546;No data;;;;;;616517325
;ServiceLog;Anna;1435843412557;No data;;;;;;616517325
;ServiceLog;Anna;1435843413641;No data;;;;;;616517325
;ServiceLog;Anna;1435843414652;No data;;;;;;616517325
;ServiceLog;Anna;1435843415729;No data;;;;;;616517325
;ServiceLog;Anna;1435843416748;No data;;;;;;616517325
;ServiceLog;Anna;1435843417831;No data;;;;;;616517325
;ServiceLog;Anna;1435843418843;No data;;;;;;616517325
;ServiceLog;Anna;1435843419923;No data;;;;;;616517325
;ServiceLog;Anna;1435843420937;No data;;;;;;616517325
;ServiceLog;Anna;1435843422031;No data;;;;;;616517325
;ServiceLog;Anna;1435843423043;No data;;;;;;616517325
;ServiceLog;Anna;1435843424123;No data;;;;;;616517325
;ServiceLog;Anna;1435843425135;No data;;;;;;616517325
;ServiceLog;Anna;1435843426210;No data;;;;;;616517325
;ServiceLog;Anna;1435843427221;No data;;;;;;616517325
;ServiceLog;Anna;1435843428252;No data;;;;;;616517325
;ServiceLog;Anna;1435843429286;No data;;;;;;616517325
;ServiceLog;Anna;1435843430367;No data;;;;;;616517325
;ServiceLog;Anna;1435843431389;No data;;;;;;616517325
;ServiceLog;Anna;1435843432431;No data;;;;;;616517325
;ServiceLog;Anna;1435843433441;No data;;;;;;616517325
;ServiceLog;Anna;1435843434521;No data;;;;;;616517325
;ServiceLog;Anna;1435843435537;No data;;;;;;616517325
;ServiceLog;Anna;1435843436569;No data;;;;;;616517325
;ServiceLog;Anna;1435843437581;No data;;;;;;616517325
;ServiceLog;Anna;1435843438654;No data;;;;;;616517325
;ServiceLog;Anna;1435843439670;No data;;;;;;616517325
;ServiceLog;Anna;1435843440742;No data;;;;;;616517325
;ServiceLog;Anna;1435843441763;No data;;;;;;616517325
;ServiceLog;Anna;1435843442835;No data;;;;;;616517325
;ServiceLog;Anna;1435843443844;No data;;;;;;616517325
;ServiceLog;Anna;1435843444922;No data;;;;;;616517325
;ServiceLog;Anna;1435843445934;No data;;;;;;616517325
;ServiceLog;Anna;1435843447010;No data;;;;;;616517325
;ServiceLog;Anna;1435843448021;No data;;;;;;616517325
;ServiceLog;Anna;1435843449098;No data;;;;;;616517325
;ServiceLog;Anna;1435843450109;No data;;;;;;616517325
;ServiceLog;Anna;1435843451186;No data;;;;;;616517325
;ServiceLog;Anna;1435843452205;No data;;;;;;616517325
;ServiceLog;Anna;1435843453278;No data;;;;;;616517325
;ServiceLog;Anna;1435843454291;No data;;;;;;616517325
;ServiceLog;Anna;1435843455364;No data;;;;;;616517325
;ServiceLog;Anna;1435843456376;No data;;;;;;616517325
;ServiceLog;Anna;1435843457465;No data;;;;;;616517325
;ServiceLog;Anna;1435843458476;No data;;;;;;616517325
;ServiceLog;Anna;1435843459560;No data;;;;;;616517325
;ServiceLog;Anna;1435843460571;No data;;;;;;616517325
;ServiceLog;Anna;1435843461655;No data;;;;;;616517325
;ServiceLog;Anna;1435843462668;No data;;;;;;616517325
;ServiceLog;Anna;1435843463745;No data;;;;;;616517325
;ServiceLog;Anna;1435843464756;No data;;;;;;616517325
;ServiceLog;Anna;1435843465825;No data;;;;;;616517325
;ServiceLog;Anna;1435843466844;No data;;;;;;616517325
;ServiceLog;Anna;1435843467919;No data;;;;;;616517325
;ServiceLog;Anna;1435843468930;No data;;;;;;616517325
;ServiceLog;Anna;1435843470013;No data;;;;;;616517325
;ServiceLog;Anna;1435843471024;No data;;;;;;616517325
;ServiceLog;Anna;1435843472104;No data;;;;;;616517325
;ServiceLog;Anna;1435843473114;No data;;;;;;616517325
;ServiceLog;Anna;1435843474188;No data;;;;;;616517325
;ServiceLog;Anna;1435843475200;No data;;;;;;616517325
;ServiceLog;Anna;1435843476277;No data;;;;;;616517325
;ServiceLog;Anna;1435843477288;No data;;;;;;616517325
;ServiceLog;Anna;1435843478371;No data;;;;;;616517325
;ServiceLog;Anna;1435843479384;No data;;;;;;616517325
;ServiceLog;Anna;1435843480457;No data;;;;;;616517325
;ServiceLog;Anna;1435843481468;No data;;;;;;616517325
;ServiceLog;Anna;1435843482559;No data;;;;;;616517325
;ServiceLog;Anna;1435843483575;No data;;;;;;616517325
;ServiceLog;Anna;1435843484663;No data;;;;;;616517325
;ServiceLog;Anna;1435843485675;No data;;;;;;616517325
;ServiceLog;Anna;1435843486747;No data;;;;;;616517325
;ServiceLog;Anna;1435843487759;No data;;;;;;616517325
;ServiceLog;Anna;1435843488835;No data;;;;;;616517325
;ServiceLog;Anna;1435843489847;No data;;;;;;616517325
;ServiceLog;Anna;1435843490932;No data;;;;;;616517325
;ServiceLog;Anna;1435843491943;No data;;;;;;616517325
;ServiceLog;Anna;1435843493020;No data;;;;;;616517325
;ServiceLog;Anna;1435843494032;No data;;;;;;616517325
;ServiceLog;Anna;1435843495122;No data;;;;;;616517325
;ServiceLog;Anna;1435843496141;No data;;;;;;616517325
;ServiceLog;Anna;1435843497220;No data;;;;;;616517325
;ServiceLog;Anna;1435843498230;No data;;;;;;616517325
;ServiceLog;Anna;1435843499308;No data;;;;;;616517325
;ServiceLog;Anna;1435843500319;No data;;;;;;616517325
;ServiceLog;Anna;1435843501421;No data;;;;;;616517325
;ServiceLog;Anna;1435843502438;No data;;;;;;616517325
;ServiceLog;Anna;1435843503526;No data;;;;;;616517325
;ServiceLog;Anna;1435843504536;No data;;;;;;616517325
;ServiceLog;Anna;1435843505618;No data;;;;;;616517325
;ServiceLog;Anna;1435843506639;No data;;;;;;616517325
;ServiceLog;Anna;1435843507723;No data;;;;;;616517325
;ServiceLog;Anna;1435843508734;No data;;;;;;616517325
;ServiceLog;Anna;1435843509808;No data;;;;;;616517325
;ServiceLog;Anna;1435843510817;No data;;;;;;616517325
;ServiceLog;Anna;1435843511910;No data;;;;;;616517325
;ServiceLog;Anna;1435843512921;No data;;;;;;616517325
;ServiceLog;Anna;1435843513998;No data;;;;;;616517325
;ServiceLog;Anna;1435843515010;No data;;;;;;616517325
;ServiceLog;Anna;1435843516092;No data;;;;;;616517325
;ServiceLog;Anna;1435843517104;No data;;;;;;616517325
;ServiceLog;Anna;1435843518184;No data;;;;;;616517325
;ServiceLog;Anna;1435843519195;No data;;;;;;616517325
;ServiceLog;Anna;1435843520267;No data;;;;;;616517325
;ServiceLog;Anna;1435843521280;No data;;;;;;616517325
;ServiceLog;Anna;1435843522358;No data;;;;;;616517325
;ServiceLog;Anna;1435843523368;No data;;;;;;616517325
;ServiceLog;Anna;1435843524443;No data;;;;;;616517325
;ServiceLog;Anna;1435843525453;No data;;;;;;616517325
;ServiceLog;Anna;1435843526526;No data;;;;;;616517325
;ServiceLog;Anna;1435843527547;No data;;;;;;616517325
;ServiceLog;Anna;1435843528628;No data;;;;;;616517325
;ServiceLog;Anna;1435843529638;No data;;;;;;616517325
;ServiceLog;Anna;1435843530715;No data;;;;;;616517325
;ServiceLog;Anna;1435843531729;No data;;;;;;616517325
;ServiceLog;Anna;1435843532815;No data;;;;;;616517325
;ServiceLog;Anna;1435843533825;No data;;;;;;616517325
;ServiceLog;Anna;1435843534897;No data;;;;;;616517325
;ServiceLog;Anna;1435843535909;No data;;;;;;616517325
;ServiceLog;Anna;1435843536994;No data;;;;;;616517325
;ServiceLog;Anna;1435843538014;No data;;;;;;616517325
;ServiceLog;Anna;1435843539100;No data;;;;;;616517325
;ServiceLog;Anna;1435843540112;No data;;;;;;616517325
;ServiceLog;Anna;1435843541199;No data;;;;;;616517325
;ServiceLog;Anna;1435843542212;No data;;;;;;616517325
;ServiceLog;Anna;1435843543293;No data;;;;;;616517325
;ServiceLog;Anna;1435843544307;No data;;;;;;616517325
;ServiceLog;Anna;1435843545390;No data;;;;;;616517325
;ServiceLog;Anna;1435843546401;No data;;;;;;616517325
;ServiceLog;Anna;1435843547479;No data;;;;;;616517325
;ServiceLog;Anna;1435843548491;No data;;;;;;616517325
;ServiceLog;Anna;1435843549562;No data;;;;;;616517325
;ServiceLog;Anna;1435843550573;No data;;;;;;616517325
;ServiceLog;Anna;1435843551600;No data;;;;;;616517325
;ServiceLog;Anna;1435843552609;No data;;;;;;616517325
;ServiceLog;Anna;1435843553683;No data;;;;;;616517325
;ServiceLog;Anna;1435843554692;No data;;;;;;616517325
;ServiceLog;Anna;1435843555811;No data;;;;;;616517325
;ServiceLog;Anna;1435843556820;No data;;;;;;616517325
;ServiceLog;Anna;1435843557909;No data;;;;;;616517325
;ServiceLog;Anna;1435843558921;No data;;;;;;616517325
;ServiceLog;Anna;1435843560001;No data;;;;;;616517325
;ServiceLog;Anna;1435843561012;No data;;;;;;616517325
;ServiceLog;Anna;1435843562088;No data;;;;;;616517325
;ServiceLog;Anna;1435843563111;No data;;;;;;616517325
;ServiceLog;Anna;1435843564187;No data;;;;;;616517325
;ServiceLog;Anna;1435843565201;No data;;;;;;616517325
;ServiceLog;Anna;1435843566283;No data;;;;;;616517325
;ServiceLog;Anna;1435843567295;No data;;;;;;616517325
;ServiceLog;Anna;1435843568370;No data;;;;;;616517325
;ServiceLog;Anna;1435843569382;No data;;;;;;616517325
;ServiceLog;Anna;1435843570460;No data;;;;;;616517325
;ServiceLog;Anna;1435843571479;No data;;;;;;616517325
;ServiceLog;Anna;1435843572557;No data;;;;;;616517325
;ServiceLog;Anna;1435843573582;No data;;;;;;616517325
;ServiceLog;Anna;1435843574653;No data;;;;;;616517325
;ServiceLog;Anna;1435843575666;No data;;;;;;616517325
;ServiceLog;Anna;1435843576737;No data;;;;;;616517325
;ServiceLog;Anna;1435843577748;No data;;;;;;616517325
;ServiceLog;Anna;1435843578776;No data;;;;;;616517325
;ServiceLog;Anna;1435843579786;No data;;;;;;616517325
;ServiceLog;Anna;1435843580861;No data;;;;;;616517325
;ServiceLog;Anna;1435843581872;No data;;;;;;616517325
;ServiceLog;Anna;1435843582954;No data;;;;;;616517325
;ServiceLog;Anna;1435843583965;No data;;;;;;616517325
;ServiceLog;Anna;1435843585039;No data;;;;;;616517325
;ServiceLog;Anna;1435843586050;No data;;;;;;616517325
;ServiceLog;Anna;1435843587122;No data;;;;;;616517325
;ServiceLog;Anna;1435843588135;No data;;;;;;616517325
;ServiceLog;Anna;1435843589206;No data;;;;;;616517325
;ServiceLog;Anna;1435843590215;No data;;;;;;616517325
;ServiceLog;Anna;1435843591284;No data;;;;;;616517325
;ServiceLog;Anna;1435843592297;No data;;;;;;616517325
;ServiceLog;Anna;1435843593379;No data;;;;;;616517325
;ServiceLog;Anna;1435843594400;No data;;;;;;616517325
;ServiceLog;Anna;1435843595479;No data;;;;;;616517325
;ServiceLog;Anna;1435843596489;No data;;;;;;616517325
;ServiceLog;Anna;1435843597567;No data;;;;;;616517325
;ServiceLog;Anna;1435843598586;No data;;;;;;616517325
;ServiceLog;Anna;1435843599661;No data;;;;;;616517325
;ServiceLog;Anna;1435843600671;No data;;;;;;616517325
;ServiceLog;Anna;1435843601756;No data;;;;;;616517325
;ServiceLog;Anna;1435843602772;No data;;;;;;616517325
;ServiceLog;Anna;1435843603859;No data;;;;;;616517325
;ServiceLog;Anna;1435843604871;No data;;;;;;616517325
;ServiceLog;Anna;1435843605975;No data;;;;;;616517325
;ServiceLog;Anna;1435843606989;No data;;;;;;616517325
;ServiceLog;Anna;1435843608075;No data;;;;;;616517325
;ServiceLog;Anna;1435843609085;No data;;;;;;616517325
;ServiceLog;Anna;1435843610154;No data;;;;;;616517325
;ServiceLog;Anna;1435843611165;No data;;;;;;616517325
;ServiceLog;Anna;1435843612239;No data;;;;;;616517325
;ServiceLog;Anna;1435843613251;No data;;;;;;616517325
;ServiceLog;Anna;1435843614325;No data;;;;;;616517325
;ServiceLog;Anna;1435843615335;No data;;;;;;616517325
;ServiceLog;Anna;1435843616410;No data;;;;;;616517325
;ServiceLog;Anna;1435843617420;No data;;;;;;616517325
;ServiceLog;Anna;1435843618502;No data;;;;;;616517325
;ServiceLog;Anna;1435843619523;No data;;;;;;616517325
;ServiceLog;Anna;1435843620594;No data;;;;;;616517325
;ServiceLog;Anna;1435843621610;No data;;;;;;616517325
;ServiceLog;Anna;1435843622688;No data;;;;;;616517325
;ServiceLog;Anna;1435843623700;No data;;;;;;616517325
;ServiceLog;Anna;1435843624772;No data;;;;;;616517325
;ServiceLog;Anna;1435843625783;No data;;;;;;616517325
;ServiceLog;Anna;1435843626854;No data;;;;;;616517325
;ServiceLog;Anna;1435843627865;No data;;;;;;616517325
;ServiceLog;Anna;1435843628944;No data;;;;;;616517325
;ServiceLog;Anna;1435843629966;No data;;;;;;616517325
;ServiceLog;Anna;1435843631049;No data;;;;;;616517325
;ServiceLog;Anna;1435843632060;No data;;;;;;616517325
;ServiceLog;Anna;1435843633144;No data;;;;;;616517325
;ServiceLog;Anna;1435843634154;No data;;;;;;616517325
;ServiceLog;Anna;1435843635236;No data;;;;;;616517325
;ServiceLog;Anna;1435843636247;No data;;;;;;616517325
;ServiceLog;Anna;1435843637328;No data;;;;;;616517325
;ServiceLog;Anna;1435843638337;No data;;;;;;616517325
;ServiceLog;Anna;1435843639418;No data;;;;;;616517325
;ServiceLog;Anna;1435843640430;No data;;;;;;616517325
;ServiceLog;Anna;1435843641500;No data;;;;;;616517325
;ServiceLog;Anna;1435843642517;No data;;;;;;616517325
;ServiceLog;Anna;1435843643596;No data;;;;;;616517325
;ServiceLog;Anna;1435843644609;No data;;;;;;616517325
;ServiceLog;Anna;1435843645687;No data;;;;;;616517325
;ServiceLog;Anna;1435843646696;No data;;;;;;616517325
;ServiceLog;Anna;1435843647777;No data;;;;;;616517325
;ServiceLog;Anna;1435843648797;No data;;;;;;616517325
;ServiceLog;Anna;1435843649881;No data;;;;;;616517325
;ServiceLog;Anna;1435843650893;No data;;;;;;616517325
;ServiceLog;Anna;1435843651967;No data;;;;;;616517325
;ServiceLog;Anna;1435843652978;No data;;;;;;616517325
;ServiceLog;Anna;1435843654060;No data;;;;;;616517325
;ServiceLog;Anna;1435843655071;No data;;;;;;616517325
;ServiceLog;Anna;1435843656140;No data;;;;;;616517325
;ServiceLog;Anna;1435843657166;No data;;;;;;616517325
;ServiceLog;Anna;1435843658202;No data;;;;;;616517325
;ServiceLog;Anna;1435843659222;No data;;;;;;616517325
;ServiceLog;Anna;1435843660247;No data;;;;;;616517325
;ServiceLog;Anna;1435843661260;No data;;;;;;616517325
;ServiceLog;Anna;1435843662366;No data;;;;;;616517325
;ServiceLog;Anna;1435843663382;No data;;;;;;616517325
;ServiceLog;Anna;1435843664471;No data;;;;;;616517325
;ServiceLog;Anna;1435843665482;No data;;;;;;616517325
;ServiceLog;Anna;1435843666515;No data;;;;;;616517325
;ServiceLog;Anna;1435843667526;No data;;;;;;616517325
;ServiceLog;Anna;1435843668568;No data;;;;;;616517325
;ServiceLog;Anna;1435843669578;No data;;;;;;616517325
;ServiceLog;Anna;1435843670655;No data;;;;;;616517325
;ServiceLog;Anna;1435843671667;No data;;;;;;616517325
;ServiceLog;Anna;1435843672748;No data;;;;;;616517325
;ServiceLog;Anna;1435843673760;No data;;;;;;616517325
;ServiceLog;Anna;1435843674837;No data;;;;;;616517325
;ServiceLog;Anna;1435843675847;No data;;;;;;616517325
;ServiceLog;Anna;1435843676929;No data;;;;;;616517325
;ServiceLog;Anna;1435843677942;No data;;;;;;616517325
;ServiceLog;Anna;1435843678972;No data;;;;;;616517325
;ServiceLog;Anna;1435843679983;No data;;;;;;616517325
;ServiceLog;Anna;1435843681055;No data;;;;;;616517325
;ServiceLog;Anna;1435843682065;No data;;;;;;616517325
;ServiceLog;Anna;1435843683136;No data;;;;;;616517325
;ServiceLog;Anna;1435843684159;No data;;;;;;616517325
;ServiceLog;Anna;1435843685199;No data;;;;;;616517325
;ServiceLog;Anna;1435843686209;No data;;;;;;616517325
;ServiceLog;Anna;1435843687241;No data;;;;;;616517325
;ServiceLog;Anna;1435843688254;No data;;;;;;616517325
;ServiceLog;Anna;1435843689326;No data;;;;;;616517325
;ServiceLog;Anna;1435843690337;No data;;;;;;616517325
;ServiceLog;Anna;1435843691415;No data;;;;;;616517325
;ServiceLog;Anna;1435843692439;No data;;;;;;616517325
;ServiceLog;Anna;1435843693480;No data;;;;;;616517325
;ServiceLog;Anna;1435843694494;No data;;;;;;616517325
;ServiceLog;Anna;1435843695578;No data;;;;;;616517325
;ServiceLog;Anna;1435843696588;No data;;;;;;616517325
;ServiceLog;Anna;1435843697627;No data;;;;;;616517325
;ServiceLog;Anna;1435843698639;No data;;;;;;616517325
;ServiceLog;Anna;1435843699717;No data;;;;;;616517325
;ServiceLog;Anna;1435843700731;No data;;;;;;616517325
;ServiceLog;Anna;1435843701810;No data;;;;;;616517325
;ServiceLog;Anna;1435843702821;No data;;;;;;616517325
;ServiceLog;Anna;1435843703911;No data;;;;;;616517325
;ServiceLog;Anna;1435843704926;No data;;;;;;616517325
;ServiceLog;Anna;1435843705973;No data;;;;;;616517325
;ServiceLog;Anna;1435843706985;No data;;;;;;616517325
;ServiceLog;Anna;1435843708061;No data;;;;;;616517325
;ServiceLog;Anna;1435843709078;No data;;;;;;616517325
;ServiceLog;Anna;1435843710167;No data;;;;;;616517325
;ServiceLog;Anna;1435843711178;No data;;;;;;616517325
;ServiceLog;Anna;1435843712211;No data;;;;;;616517325
;ServiceLog;Anna;1435843713221;No data;;;;;;616517325
;ServiceLog;Anna;1435843714297;No data;;;;;;616517325
;ServiceLog;Anna;1435843715307;No data;;;;;;616517325
;ServiceLog;Anna;1435843716401;No data;;;;;;616517325
;ServiceLog;Anna;1435843717421;No data;;;;;;616517325
;ServiceLog;Anna;1435843718475;No data;;;;;;616517325
;ServiceLog;Anna;1435843719493;No data;;;;;;616517325
;ServiceLog;Anna;1435843720569;No data;;;;;;616517325
;ServiceLog;Anna;1435843721578;No data;;;;;;616517325
;ServiceLog;Anna;1435843722658;No data;;;;;;616517325
;ServiceLog;Anna;1435843723669;No data;;;;;;616517325
;ServiceLog;Anna;1435843724755;No data;;;;;;616517325
;ServiceLog;Anna;1435843725770;No data;;;;;;616517325
;ServiceLog;Anna;1435843726853;No data;;;;;;616517325
;ServiceLog;Anna;1435843727866;No data;;;;;;616517325
;ServiceLog;Anna;1435843728956;No data;;;;;;616517325
;ServiceLog;Anna;1435843729969;No data;;;;;;616517325
;ServiceLog;Anna;1435843731056;No data;;;;;;616517325
;ServiceLog;Anna;1435843732069;No data;;;;;;616517325
;ServiceLog;Anna;1435843733148;No data;;;;;;616517325
;ServiceLog;Anna;1435843734175;No data;;;;;;616517325
;ServiceLog;Anna;1435843735215;No data;;;;;;616517325
;ServiceLog;Anna;1435843736228;No data;;;;;;616517325
;ServiceLog;Anna;1435843737311;No data;;;;;;616517325
;ServiceLog;Anna;1435843738324;No data;;;;;;616517325
;ServiceLog;Anna;1435843739383;No data;;;;;;616517325
;ServiceLog;Anna;1435843740398;No data;;;;;;616517325
;ServiceLog;Anna;1435843741482;No data;;;;;;616517325
;ServiceLog;Anna;1435843742494;No data;;;;;;616517325
;ServiceLog;Anna;1435843743581;No data;;;;;;616517325
;ServiceLog;Anna;1435843744593;No data;;;;;;616517325
;ServiceLog;Anna;1435843745664;No data;;;;;;616517325
;ServiceLog;Anna;1435843746674;No data;;;;;;616517325
;ServiceLog;Anna;1435843747761;No data;;;;;;616517325
;ServiceLog;Anna;1435843748782;No data;;;;;;616517325
;ServiceLog;Anna;1435843749863;No data;;;;;;616517325
;ServiceLog;Anna;1435843750873;No data;;;;;;616517325
;ServiceLog;Anna;1435843751944;No data;;;;;;616517325
;ServiceLog;Anna;1435843752957;No data;;;;;;616517325
;ServiceLog;Anna;1435843754047;No data;;;;;;616517325
;ServiceLog;Anna;1435843755058;No data;;;;;;616517325
;ServiceLog;Anna;1435843756102;No data;;;;;;616517325
;ServiceLog;Anna;1435843757116;No data;;;;;;616517325
;ServiceLog;Anna;1435843758189;No data;;;;;;616517325
;ServiceLog;Anna;1435843759230;No data;;;;;;616517325
;ServiceLog;Anna;1435843760310;No data;;;;;;616517325
;ServiceLog;Anna;1435843761320;No data;;;;;;616517325
;ServiceLog;Anna;1435843762406;No data;;;;;;616517325
;ServiceLog;Anna;1435843763420;No data;;;;;;616517325
;ServiceLog;Anna;1435843764502;No data;;;;;;616517325
;ServiceLog;Anna;1435843765514;No data;;;;;;616517325
;ServiceLog;Anna;1435843766578;No data;;;;;;616517325
;ServiceLog;Anna;1435843767590;No data;;;;;;616517325
;ServiceLog;Anna;1435843768669;No data;;;;;;616517325
;ServiceLog;Anna;1435843769693;No data;;;;;;616517325
;ServiceLog;Anna;1435843770762;No data;;;;;;616517325
;ServiceLog;Anna;1435843771773;No data;;;;;;616517325
;ServiceLog;Anna;1435843772801;No data;;;;;;616517325
;ServiceLog;Anna;1435843773812;No data;;;;;;616517325
;ServiceLog;Anna;1435843774894;No data;;;;;;616517325
;ServiceLog;Anna;1435843775909;No data;;;;;;616517325
;ServiceLog;Anna;1435843776957;No data;;;;;;616517325
;ServiceLog;Anna;1435843777988;No data;;;;;;616517325
;ServiceLog;Anna;1435843779022;No data;;;;;;616517325
;ServiceLog;Anna;1435843780054;No data;;;;;;616517325
;ServiceLog;Anna;1435843781129;No data;;;;;;616517325
;ServiceLog;Anna;1435843782138;No data;;;;;;616517325
;ServiceLog;Anna;1435843783217;No data;;;;;;616517325
;ServiceLog;Anna;1435843784228;No data;;;;;;616517325
;ServiceLog;Anna;1435843785307;No data;;;;;;616517325
;ServiceLog;Anna;1435843786319;No data;;;;;;616517325
;ServiceLog;Anna;1435843787399;No data;;;;;;616517325
;ServiceLog;Anna;1435843788414;No data;;;;;;616517325
;ServiceLog;Anna;1435843789486;No data;;;;;;616517325
;ServiceLog;Anna;1435843790497;No data;;;;;;616517325
;ServiceLog;Anna;1435843791540;No data;;;;;;616517325
;ServiceLog;Anna;1435843792551;No data;;;;;;616517325
;ServiceLog;Anna;1435843793627;No data;;;;;;616517325
;ServiceLog;Anna;1435843794653;No data;;;;;;616517325
;ServiceLog;Anna;1435843795729;No data;;;;;;616517325
;ServiceLog;Anna;1435843796738;No data;;;;;;616517325
;ServiceLog;Anna;1435843797822;No data;;;;;;616517325
;ServiceLog;Anna;1435843798833;No data;;;;;;616517325
;ServiceLog;Anna;1435843799908;No data;;;;;;616517325
;ServiceLog;Anna;1435843800922;No data;;;;;;616517325
;ServiceLog;Anna;1435843801995;No data;;;;;;616517325
;ServiceLog;Anna;1435843803006;No data;;;;;;616517325
;ServiceLog;Anna;1435843804034;No data;;;;;;616517325
;ServiceLog;Anna;1435843805046;No data;;;;;;616517325
;ServiceLog;Anna;1435843806075;No data;;;;;;616517325
;ServiceLog;Anna;1435843807084;No data;;;;;;616517325
;ServiceLog;Anna;1435843808164;No data;;;;;;616517325
;ServiceLog;Anna;1435843809175;No data;;;;;;616517325
;ServiceLog;Anna;1435843810252;No data;;;;;;616517325
;ServiceLog;Anna;1435843811264;No data;;;;;;616517325
;ServiceLog;Anna;1435843812338;No data;;;;;;616517325
;ServiceLog;Anna;1435843813351;No data;;;;;;616517325
;ServiceLog;Anna;1435843814428;No data;;;;;;616517325
;ServiceLog;Anna;1435843815438;No data;;;;;;616517325
;ServiceLog;Anna;1435843816477;No data;;;;;;616517325
;ServiceLog;Anna;1435843817486;No data;;;;;;616517325
;ServiceLog;Anna;1435843818519;No data;;;;;;616517325
;ServiceLog;Anna;1435843819528;No data;;;;;;616517325
;ServiceLog;Anna;1435843820608;No data;;;;;;616517325
;ServiceLog;Anna;1435843821617;No data;;;;;;616517325
;ServiceLog;Anna;1435843822700;No data;;;;;;616517325
;ServiceLog;Anna;1435843823727;No data;;;;;;616517325
;ServiceLog;Anna;1435843824811;No data;;;;;;616517325
;ServiceLog;Anna;1435843825821;No data;;;;;;616517325
;ServiceLog;Anna;1435843826898;No data;;;;;;616517325
;ServiceLog;Anna;1435843827910;No data;;;;;;616517325
;ServiceLog;Anna;1435843828984;No data;;;;;;616517325
;ServiceLog;Anna;1435843829995;No data;;;;;;616517325
;ServiceLog;Anna;1435843831095;No data;;;;;;616517325
;ServiceLog;Anna;1435843832111;No data;;;;;;616517325
;ServiceLog;Anna;1435843833145;No data;;;;;;616517325
;ServiceLog;Anna;1435843834157;No data;;;;;;616517325
;ServiceLog;Anna;1435843835237;No data;;;;;;616517325
;ServiceLog;Anna;1435843836247;No data;;;;;;616517325
;ServiceLog;Anna;1435843837325;No data;;;;;;616517325
;ServiceLog;Anna;1435843838334;No data;;;;;;616517325
;ServiceLog;Anna;1435843839411;No data;;;;;;616517325
;ServiceLog;Anna;1435843840421;No data;;;;;;616517325
;ServiceLog;Anna;1435843841511;No data;;;;;;616517325
;ServiceLog;Anna;1435843842521;No data;;;;;;616517325
;ServiceLog;Anna;1435843843602;No data;;;;;;616517325
;ServiceLog;Anna;1435843844613;No data;;;;;;616517325
;ServiceLog;Anna;1435843845689;No data;;;;;;616517325
;ServiceLog;Anna;1435843846707;No data;;;;;;616517325
;ServiceLog;Anna;1435843847787;No data;;;;;;616517325
;ServiceLog;Anna;1435843848804;No data;;;;;;616517325
;ServiceLog;Anna;1435843849838;No data;;;;;;616517325
;ServiceLog;Anna;1435843850849;No data;;;;;;616517325
;ServiceLog;Anna;1435843851928;No data;;;;;;616517325
;ServiceLog;Anna;1435843852938;No data;;;;;;616517325
;ServiceLog;Anna;1435843853968;No data;;;;;;616517325
;ServiceLog;Anna;1435843854978;No data;;;;;;616517325
;ServiceLog;Anna;1435843856008;No data;;;;;;616517325
;ServiceLog;Anna;1435843857018;No data;;;;;;616517325
;ServiceLog;Anna;1435843858100;No data;;;;;;616517325
;ServiceLog;Anna;1435843859115;No data;;;;;;616517325
;ServiceLog;Anna;1435843860186;No data;;;;;;616517325
;ServiceLog;Anna;1435843861203;No data;;;;;;616517325
;ServiceLog;Anna;1435843862282;No data;;;;;;616517325
;ServiceLog;Anna;1435843863291;No data;;;;;;616517325
;ServiceLog;Anna;1435843864328;No data;;;;;;616517325
;ServiceLog;Anna;1435843865339;No data;;;;;;616517325
;ServiceLog;Anna;1435843866414;No data;;;;;;616517325
;ServiceLog;Anna;1435843867424;No data;;;;;;616517325
;ServiceLog;Anna;1435843868465;No data;;;;;;616517325
;ServiceLog;Anna;1435843869480;No data;;;;;;616517325
;ServiceLog;Anna;1435843870514;No data;;;;;;616517325
;ServiceLog;Anna;1435843871531;No data;;;;;;616517325
;ServiceLog;Anna;1435843872611;No data;;;;;;616517325
;ServiceLog;Anna;1435843873621;No data;;;;;;616517325
;ServiceLog;Anna;1435843874703;No data;;;;;;616517325
;ServiceLog;Anna;1435843875720;No data;;;;;;616517325
;ServiceLog;Anna;1435843876817;No data;;;;;;616517325
;ServiceLog;Anna;1435843877826;No data;;;;;;616517325
;ServiceLog;Anna;1435843878909;No data;;;;;;616517325
;ServiceLog;Anna;1435843879919;No data;;;;;;616517325
;ServiceLog;Anna;1435843880999;No data;;;;;;616517325
;ServiceLog;Anna;1435843882009;No data;;;;;;616517325
;ServiceLog;Anna;1435843883039;No data;;;;;;616517325
;ServiceLog;Anna;1435843884048;No data;;;;;;616517325
;ServiceLog;Anna;1435843885128;No data;;;;;;616517325
;ServiceLog;Anna;1435843886145;No data;;;;;;616517325
;ServiceLog;Anna;1435843887176;No data;;;;;;616517325
;ServiceLog;Anna;1435843888189;No data;;;;;;616517325
;ServiceLog;Anna;1435843889269;No data;;;;;;616517325
;ServiceLog;Anna;1435843890284;No data;;;;;;616517325
;ServiceLog;Anna;1435843891321;No data;;;;;;616517325
;ServiceLog;Anna;1435843892334;No data;;;;;;616517325
;ServiceLog;Anna;1435843893366;No data;;;;;;616517325
;ServiceLog;Anna;1435843894381;No data;;;;;;616517325
;ServiceLog;Anna;1435843895454;No data;;;;;;616517325
;ServiceLog;Anna;1435843896472;No data;;;;;;616517325
;ServiceLog;Anna;1435843897545;No data;;;;;;616517325
;ServiceLog;Anna;1435843898555;No data;;;;;;616517325
;ServiceLog;Anna;1435843899629;No data;;;;;;616517325
;ServiceLog;Anna;1435843900640;No data;;;;;;616517325
;ServiceLog;Anna;1435843901726;No data;;;;;;616517325
;ServiceLog;Anna;1435843902734;No data;;;;;;616517325
;ServiceLog;Anna;1435843903816;No data;;;;;;616517325
;ServiceLog;Anna;1435843904832;No data;;;;;;616517325
;ServiceLog;Anna;1435843905905;No data;;;;;;616517325
;ServiceLog;Anna;1435843906922;No data;;;;;;616517325
;ServiceLog;Anna;1435843908048;No data;;;;;;616517325
;ServiceLog;Anna;1435843909062;No data;;;;;;616517325
;ServiceLog;Anna;1435843910134;No data;;;;;;616517325
;ServiceLog;Anna;1435843911146;No data;;;;;;616517325
;ServiceLog;Anna;1435843912462;No data;;;;;;616517325
;ServiceLog;Anna;1435843913503;No data;;;;;;616517325
;ServiceLog;Anna;1435843914545;No data;;;;;;616517325
;ServiceLog;Anna;1435843915561;No data;;;;;;616517325
;ServiceLog;Anna;1435843916643;No data;;;;;;616517325
;ServiceLog;Anna;1435843917652;No data;;;;;;616517325
;ServiceLog;Anna;1435843918729;No data;;;;;;616517325
;ServiceLog;Anna;1435843919739;No data;;;;;;616517325
;ServiceLog;Anna;1435843920812;No data;;;;;;616517325
;ServiceLog;Anna;1435843921829;No data;;;;;;616517325
;ServiceLog;Anna;1435843922916;No data;;;;;;616517325
;ServiceLog;Anna;1435843923929;No data;;;;;;616517325
;ServiceLog;Anna;1435843925006;No data;;;;;;616517325
;ServiceLog;Anna;1435843926016;No data;;;;;;616517325
;ServiceLog;Anna;1435843927047;No data;;;;;;616517325
;ServiceLog;Anna;1435843928057;No data;;;;;;616517325
;ServiceLog;Anna;1435843929153;No data;;;;;;616517325
;ServiceLog;Anna;1435843930163;No data;;;;;;616517325
;ServiceLog;Anna;1435843931239;No data;;;;;;616517325
;ServiceLog;Anna;1435843932249;No data;;;;;;616517325
;ServiceLog;Anna;1435843933325;No data;;;;;;616517325
;ServiceLog;Anna;1435843934335;No data;;;;;;616517325
;ServiceLog;Anna;1435843935371;No data;;;;;;616517325
;ServiceLog;Anna;1435843936381;No data;;;;;;616517325
;ServiceLog;Anna;1435843937454;No data;;;;;;616517325
;ServiceLog;Anna;1435843938474;No data;;;;;;616517325
;ServiceLog;Anna;1435843939502;No data;;;;;;616517325
;ServiceLog;Anna;1435843940513;No data;;;;;;616517325
;ServiceLog;Anna;1435843941585;No data;;;;;;616517325
;ServiceLog;Anna;1435843942595;No data;;;;;;616517325
;ServiceLog;Anna;1435843943666;No data;;;;;;616517325
;ServiceLog;Anna;1435843944677;No data;;;;;;616517325
;ServiceLog;Anna;1435843945709;No data;;;;;;616517325
;ServiceLog;Anna;1435843946726;No data;;;;;;616517325
;ServiceLog;Anna;1435843947816;No data;;;;;;616517325
;ServiceLog;Anna;1435843948826;No data;;;;;;616517325
;ServiceLog;Anna;1435843949899;No data;;;;;;616517325
;ServiceLog;Anna;1435843950910;No data;;;;;;616517325
;ServiceLog;Anna;1435843951993;No data;;;;;;616517325
;ServiceLog;Anna;1435843953003;No data;;;;;;616517325
;ServiceLog;Anna;1435843954079;No data;;;;;;616517325
;ServiceLog;Anna;1435843955089;No data;;;;;;616517325
;ServiceLog;Anna;1435843956170;No data;;;;;;616517325
;ServiceLog;Anna;1435843957187;No data;;;;;;616517325
;ServiceLog;Anna;1435843958218;No data;;;;;;616517325
;ServiceLog;Anna;1435843959228;No data;;;;;;616517325
;ServiceLog;Anna;1435843960312;No data;;;;;;616517325
;ServiceLog;Anna;1435843961320;No data;;;;;;616517325
;ServiceLog;Anna;1435843962394;No data;;;;;;616517325
;ServiceLog;Anna;1435843963404;No data;;;;;;616517325
;ServiceLog;Anna;1435843964442;No data;;;;;;616517325
;ServiceLog;Anna;1435843965452;No data;;;;;;616517325
;ServiceLog;Anna;1435843966526;No data;;;;;;616517325
;ServiceLog;Anna;1435843967548;No data;;;;;;616517325
;ServiceLog;Anna;1435843968618;No data;;;;;;616517325
;ServiceLog;Anna;1435843969628;No data;;;;;;616517325
;ServiceLog;Anna;1435843970711;No data;;;;;;616517325
;ServiceLog;Anna;1435843971724;No data;;;;;;616517325
;ServiceLog;Anna;1435843972762;No data;;;;;;616517325
;ServiceLog;Anna;1435843973774;No data;;;;;;616517325
;ServiceLog;Anna;1435843974844;No data;;;;;;616517325
;ServiceLog;Anna;1435843975855;No data;;;;;;616517325
;ServiceLog;Anna;1435843976888;No data;;;;;;616517325
;ServiceLog;Anna;1435843977909;No data;;;;;;616517325
;ServiceLog;Anna;1435843978989;No data;;;;;;616517325
;ServiceLog;Anna;1435843979999;No data;;;;;;616517325
;ServiceLog;Anna;1435843981077;No data;;;;;;616517325
;ServiceLog;Anna;1435843982088;No data;;;;;;616517325
;ServiceLog;Anna;1435843983124;No data;;;;;;616517325
;ServiceLog;Anna;1435843984136;No data;;;;;;616517325
;ServiceLog;Anna;1435843985225;No data;;;;;;616517325
;ServiceLog;Anna;1435843986235;No data;;;;;;616517325
;ServiceLog;Anna;1435843987263;No data;;;;;;616517325
;ServiceLog;Anna;1435843988273;No data;;;;;;616517325
;ServiceLog;Anna;1435843989346;No data;;;;;;616517325
;ServiceLog;Anna;1435843990355;No data;;;;;;616517325
;ServiceLog;Anna;1435843991429;No data;;;;;;616517325
;ServiceLog;Anna;1435843992439;No data;;;;;;616517325
;ServiceLog;Anna;1435843993521;No data;;;;;;616517325
;ServiceLog;Anna;1435843994531;No data;;;;;;616517325
;ServiceLog;Anna;1435843995606;No data;;;;;;616517325
;ServiceLog;Anna;1435843996615;No data;;;;;;616517325
;ServiceLog;Anna;1435843997685;No data;;;;;;616517325
;ServiceLog;Anna;1435843998708;No data;;;;;;616517325
;ServiceLog;Anna;1435843999732;No data;;;;;;616517325
;ServiceLog;Anna;1435844000746;No data;;;;;;616517325
;ServiceLog;Anna;1435844001782;No data;;;;;;616517325
;ServiceLog;Anna;1435844002797;No data;;;;;;616517325
;ServiceLog;Anna;1435844003877;No data;;;;;;616517325
;ServiceLog;Anna;1435844004889;No data;;;;;;616517325
;ServiceLog;Anna;1435844005925;No data;;;;;;616517325
;ServiceLog;Anna;1435844006935;No data;;;;;;616517325
;ServiceLog;Anna;1435844008023;No data;;;;;;616517325
;ServiceLog;Anna;1435844009034;No data;;;;;;616517325
;ServiceLog;Anna;1435844010107;No data;;;;;;616517325
;ServiceLog;Anna;1435844011115;No data;;;;;;616517325
;ServiceLog;Anna;1435844012192;No data;;;;;;616517325
;ServiceLog;Anna;1435844013209;No data;;;;;;616517325
;ServiceLog;Anna;1435844014289;No data;;;;;;616517325
;ServiceLog;Anna;1435844015299;No data;;;;;;616517325
;ServiceLog;Anna;1435844016376;No data;;;;;;616517325
;ServiceLog;Anna;1435844017386;No data;;;;;;616517325
;ServiceLog;Anna;1435844018459;No data;;;;;;616517325
;ServiceLog;Anna;1435844019471;No data;;;;;;616517325
;ServiceLog;Anna;1435844020548;No data;;;;;;616517325
;ServiceLog;Anna;1435844021558;No data;;;;;;616517325
;ServiceLog;Anna;1435844022635;No data;;;;;;616517325
;ServiceLog;Anna;1435844023652;No data;;;;;;616517325
;ServiceLog;Anna;1435844024728;No data;;;;;;616517325
;ServiceLog;Anna;1435844025739;No data;;;;;;616517325
;ServiceLog;Anna;1435844026822;No data;;;;;;616517325
;ServiceLog;Anna;1435844027831;No data;;;;;;616517325
;ServiceLog;Anna;1435844028918;No data;;;;;;616517325
;ServiceLog;Anna;1435844029929;No data;;;;;;616517325
;ServiceLog;Anna;1435844031012;No data;;;;;;616517325
;ServiceLog;Anna;1435844032032;No data;;;;;;616517325
;ServiceLog;Anna;1435844033105;No data;;;;;;616517325
;ServiceLog;Anna;1435844034116;No data;;;;;;616517325
;ServiceLog;Anna;1435844035148;No data;;;;;;616517325
;ServiceLog;Anna;1435844036158;No data;;;;;;616517325
;ServiceLog;Anna;1435844037233;No data;;;;;;616517325
;ServiceLog;Anna;1435844038245;No data;;;;;;616517325
;ServiceLog;Anna;1435844039273;No data;;;;;;616517325
;ServiceLog;Anna;1435844040284;No data;;;;;;616517325
;ServiceLog;Anna;1435844041368;No data;;;;;;616517325
;ServiceLog;Anna;1435844042379;No data;;;;;;616517325
;ServiceLog;Anna;1435844043458;No data;;;;;;616517325
;ServiceLog;Anna;1435844044470;No data;;;;;;616517325
;ServiceLog;Anna;1435844045545;No data;;;;;;616517325
;ServiceLog;Anna;1435844046556;No data;;;;;;616517325
;ServiceLog;Anna;1435844047639;No data;;;;;;616517325
;ServiceLog;Anna;1435844048657;No data;;;;;;616517325
;ServiceLog;Anna;1435844049737;No data;;;;;;616517325
;ServiceLog;Anna;1435844050750;No data;;;;;;616517325
;ServiceLog;Anna;1435844051824;No data;;;;;;616517325
;ServiceLog;Anna;1435844052834;No data;;;;;;616517325
;ServiceLog;Anna;1435844053917;No data;;;;;;616517325
;ServiceLog;Anna;1435844054926;No data;;;;;;616517325
;ServiceLog;Anna;1435844055955;No data;;;;;;616517325
;ServiceLog;Anna;1435844056965;No data;;;;;;616517325
;ServiceLog;Anna;1435844058000;No data;;;;;;616517325
;ServiceLog;Anna;1435844059022;No data;;;;;;616517325
;ServiceLog;Anna;1435844060100;No data;;;;;;616517325
;ServiceLog;Anna;1435844061112;No data;;;;;;616517325
;ServiceLog;Anna;1435844062168;No data;;;;;;616517325
;ServiceLog;Anna;1435844063181;No data;;;;;;616517325
;ServiceLog;Anna;1435844064260;No data;;;;;;616517325
;ServiceLog;Anna;1435844065278;No data;;;;;;616517325
;ServiceLog;Anna;1435844066307;No data;;;;;;616517325
;ServiceLog;Anna;1435844067318;No data;;;;;;616517325
;ServiceLog;Anna;1435844068409;No data;;;;;;616517325
;ServiceLog;Anna;1435844069418;No data;;;;;;616517325
;ServiceLog;Anna;1435844070452;No data;;;;;;616517325
;ServiceLog;Anna;1435844071472;No data;;;;;;616517325
;ServiceLog;Anna;1435844072544;No data;;;;;;616517325
;ServiceLog;Anna;1435844073565;No data;;;;;;616517325
;ServiceLog;Anna;1435844074651;No data;;;;;;616517325
;ServiceLog;Anna;1435844075683;No data;;;;;;616517325
;ServiceLog;Anna;1435844076758;No data;;;;;;616517325
;ServiceLog;Anna;1435844077768;No data;;;;;;616517325
;ServiceLog;Anna;1435844078854;No data;;;;;;616517325
;ServiceLog;Anna;1435844079864;No data;;;;;;616517325
;ServiceLog;Anna;1435844080943;No data;;;;;;616517325
;ServiceLog;Anna;1435844081962;No data;;;;;;616517325
;ServiceLog;Anna;1435844083037;No data;;;;;;616517325
;ServiceLog;Anna;1435844084056;No data;;;;;;616517325
;ServiceLog;Anna;1435844085125;No data;;;;;;616517325
;ServiceLog;Anna;1435844086137;No data;;;;;;616517325
;ServiceLog;Anna;1435844087218;No data;;;;;;616517325
;ServiceLog;Anna;1435844088229;No data;;;;;;616517325
;ServiceLog;Anna;1435844089257;No data;;;;;;616517325
;ServiceLog;Anna;1435844090267;No data;;;;;;616517325
;ServiceLog;Anna;1435844091297;No data;;;;;;616517325
;ServiceLog;Anna;1435844092322;No data;;;;;;616517325
;ServiceLog;Anna;1435844093390;No data;;;;;;616517325
;ServiceLog;Anna;1435844094401;No data;;;;;;616517325
;ServiceLog;Anna;1435844095480;No data;;;;;;616517325
;ServiceLog;Anna;1435844096490;No data;;;;;;616517325
;ServiceLog;Anna;1435844097577;No data;;;;;;616517325
;ServiceLog;Anna;1435844098588;No data;;;;;;616517325
;ServiceLog;Anna;1435844099664;No data;;;;;;616517325
;ServiceLog;Anna;1435844100674;No data;;;;;;616517325
;ServiceLog;Anna;1435844101920;No data;;;;;;616517325
;ServiceLog;Anna;1435844102931;No data;;;;;;616517325
;ServiceLog;Anna;1435844104009;No data;;;;;;616517325
;ServiceLog;Anna;1435844105020;No data;;;;;;616517325
;ServiceLog;Anna;1435844106094;No data;;;;;;616517325
;ServiceLog;Anna;1435844107104;No data;;;;;;616517325
;ServiceLog;Anna;1435844108186;No data;;;;;;616517325
;ServiceLog;Anna;1435844109199;No data;;;;;;616517325
;ServiceLog;Anna;1435844110275;No data;;;;;;616517325
;ServiceLog;Anna;1435844111287;No data;;;;;;616517325
;ServiceLog;Anna;1435844112369;No data;;;;;;616517325
;ServiceLog;Anna;1435844113380;No data;;;;;;616517325
;ServiceLog;Anna;1435844114465;No data;;;;;;616517325
;ServiceLog;Anna;1435844115475;No data;;;;;;616517325
;ServiceLog;Anna;1435844116544;No data;;;;;;616517325
;ServiceLog;Anna;1435844117557;No data;;;;;;616517325
;ServiceLog;Anna;1435844118639;No data;;;;;;616517325
;ServiceLog;Anna;1435844119657;No data;;;;;;616517325
;ServiceLog;Anna;1435844120736;No data;;;;;;616517325
;ServiceLog;Anna;1435844121750;No data;;;;;;616517325
;ServiceLog;Anna;1435844122828;No data;;;;;;616517325
;ServiceLog;Anna;1435844123841;No data;;;;;;616517325
;ServiceLog;Anna;1435844124919;No data;;;;;;616517325
;ServiceLog;Anna;1435844125934;No data;;;;;;616517325
;ServiceLog;Anna;1435844126968;No data;;;;;;616517325
;ServiceLog;Anna;1435844127983;No data;;;;;;616517325
;ServiceLog;Anna;1435844129066;No data;;;;;;616517325
;ServiceLog;Anna;1435844130079;No data;;;;;;616517325
;ServiceLog;Anna;1435844131162;No data;;;;;;616517325
;ServiceLog;Anna;1435844132174;No data;;;;;;616517325
;ServiceLog;Anna;1435844133255;No data;;;;;;616517325
;ServiceLog;Anna;1435844134301;No data;;;;;;616517325
;ServiceLog;Anna;1435844135381;No data;;;;;;616517325
;ServiceLog;Anna;1435844136393;No data;;;;;;616517325
;ServiceLog;Anna;1435844137470;No data;;;;;;616517325
;ServiceLog;Anna;1435844138482;No data;;;;;;616517325
;ServiceLog;Anna;1435844139569;No data;;;;;;616517325
;ServiceLog;Anna;1435844140580;No data;;;;;;616517325
;ServiceLog;Anna;1435844141663;No data;;;;;;616517325
;ServiceLog;Anna;1435844142674;No data;;;;;;616517325
;ServiceLog;Anna;1435844143760;No data;;;;;;616517325
;ServiceLog;Anna;1435844144780;No data;;;;;;616517325
;ServiceLog;Anna;1435844145857;No data;;;;;;616517325
;ServiceLog;Anna;1435844146868;No data;;;;;;616517325
;ServiceLog;Anna;1435844147953;No data;;;;;;616517325
;ServiceLog;Anna;1435844148964;No data;;;;;;616517325
;ServiceLog;Anna;1435844150049;No data;;;;;;616517325
;ServiceLog;Anna;1435844151059;No data;;;;;;616517325
;ServiceLog;Anna;1435844152138;No data;;;;;;616517325
;ServiceLog;Anna;1435844153148;No data;;;;;;616517325
;ServiceLog;Anna;1435844154225;No data;;;;;;616517325
;ServiceLog;Anna;1435844155239;No data;;;;;;616517325
;ServiceLog;Anna;1435844156324;No data;;;;;;616517325
;ServiceLog;Anna;1435844157344;No data;;;;;;616517325
;ServiceLog;Anna;1435844158417;No data;;;;;;616517325
;ServiceLog;Anna;1435844159431;No data;;;;;;616517325
;ServiceLog;Anna;1435844160509;No data;;;;;;616517325
;ServiceLog;Anna;1435844161520;No data;;;;;;616517325
;ServiceLog;Anna;1435844162599;No data;;;;;;616517325
;ServiceLog;Anna;1435844163609;No data;;;;;;616517325
;ServiceLog;Anna;1435844164700;No data;;;;;;616517325
;ServiceLog;Anna;1435844165712;No data;;;;;;616517325
;ServiceLog;Anna;1435844166790;No data;;;;;;616517325
;ServiceLog;Anna;1435844167808;No data;;;;;;616517325
;ServiceLog;Anna;1435844168887;No data;;;;;;616517325
;ServiceLog;Anna;1435844169907;No data;;;;;;616517325
;ServiceLog;Anna;1435844170987;No data;;;;;;616517325
;ServiceLog;Anna;1435844171998;No data;;;;;;616517325
;ServiceLog;Anna;1435844173075;No data;;;;;;616517325
;ServiceLog;Anna;1435844174087;No data;;;;;;616517325
;ServiceLog;Anna;1435844175174;No data;;;;;;616517325
;ServiceLog;Anna;1435844176186;No data;;;;;;616517325
;ServiceLog;Anna;1435844177255;No data;;;;;;616517325
;ServiceLog;Anna;1435844178270;No data;;;;;;616517325
;ServiceLog;Anna;1435844179355;No data;;;;;;616517325
;ServiceLog;Anna;1435844180365;No data;;;;;;616517325
;ServiceLog;Anna;1435844181438;No data;;;;;;616517325
;ServiceLog;Anna;1435844182454;No data;;;;;;616517325
;ServiceLog;Anna;1435844183524;No data;;;;;;616517325
;ServiceLog;Anna;1435844184534;No data;;;;;;616517325
;ServiceLog;Anna;1435844185603;No data;;;;;;616517325
;ServiceLog;Anna;1435844186613;No data;;;;;;616517325
;ServiceLog;Anna;1435844187690;No data;;;;;;616517325
;ServiceLog;Anna;1435844188704;No data;;;;;;616517325
;ServiceLog;Anna;1435844189772;No data;;;;;;616517325
;ServiceLog;Anna;1435844190794;No data;;;;;;616517325
;ServiceLog;Anna;1435844191866;No data;;;;;;616517325
;ServiceLog;Anna;1435844192877;No data;;;;;;616517325
;ServiceLog;Anna;1435844193958;No data;;;;;;616517325
;ServiceLog;Anna;1435844194980;No data;;;;;;616517325
;ServiceLog;Anna;1435844196060;No data;;;;;;616517325
;ServiceLog;Anna;1435844197073;No data;;;;;;616517325
;ServiceLog;Anna;1435844198145;No data;;;;;;616517325
;ServiceLog;Anna;1435844199156;No data;;;;;;616517325
;ServiceLog;Anna;1435844200248;No data;;;;;;616517325
;ServiceLog;Anna;1435844201259;No data;;;;;;616517325
;ServiceLog;Anna;1435844202340;No data;;;;;;616517325
;ServiceLog;Anna;1435844203351;No data;;;;;;616517325
;ServiceLog;Anna;1435844204430;No data;;;;;;616517325
;ServiceLog;Anna;1435844205443;No data;;;;;;616517325
;ServiceLog;Anna;1435844206524;No data;;;;;;616517325
;ServiceLog;Anna;1435844207547;No data;;;;;;616517325
;ServiceLog;Anna;1435844208632;No data;;;;;;616517325
;ServiceLog;Anna;1435844209644;No data;;;;;;616517325
;ServiceLog;Anna;1435844210719;No data;;;;;;616517325
;ServiceLog;Anna;1435844211733;No data;;;;;;616517325
;ServiceLog;Anna;1435844212806;No data;;;;;;616517325
;ServiceLog;Anna;1435844213820;No data;;;;;;616517325
;ServiceLog;Anna;1435844214900;No data;;;;;;616517325
;ServiceLog;Anna;1435844215917;No data;;;;;;616517325
;ServiceLog;Anna;1435844216996;No data;;;;;;616517325
;ServiceLog;Anna;1435844218007;No data;;;;;;616517325
;ServiceLog;Anna;1435844219032;No data;;;;;;616517325
;ServiceLog;Anna;1435844220046;No data;;;;;;616517325
;ServiceLog;Anna;1435844221131;No data;;;;;;616517325
;ServiceLog;Anna;1435844222145;No data;;;;;;616517325
;ServiceLog;Anna;1435844223187;No data;;;;;;616517325
;ServiceLog;Anna;1435844224201;No data;;;;;;616517325
;ServiceLog;Anna;1435844225276;No data;;;;;;616517325
;ServiceLog;Anna;1435844226286;No data;;;;;;616517325
;ServiceLog;Anna;1435844227325;No data;;;;;;616517325
;ServiceLog;Anna;1435844228338;No data;;;;;;616517325
;ServiceLog;Anna;1435844229421;No data;;;;;;616517325
;ServiceLog;Anna;1435844230431;No data;;;;;;616517325
;ServiceLog;Anna;1435844231505;No data;;;;;;616517325
;ServiceLog;Anna;1435844232516;No data;;;;;;616517325
;ServiceLog;Anna;1435844233591;No data;;;;;;616517325
;ServiceLog;Anna;1435844234602;No data;;;;;;616517325
;ServiceLog;Anna;1435844235683;No data;;;;;;616517325
;ServiceLog;Anna;1435844236695;No data;;;;;;616517325
;ServiceLog;Anna;1435844237722;No data;;;;;;616517325
;ServiceLog;Anna;1435844238735;No data;;;;;;616517325
;ServiceLog;Anna;1435844239770;No data;;;;;;616517325
;ServiceLog;Anna;1435844240780;No data;;;;;;616517325
;ServiceLog;Anna;1435844241857;No data;;;;;;616517325
;ServiceLog;Anna;1435844242870;No data;;;;;;616517325
;ServiceLog;Anna;1435844243909;No data;;;;;;616517325
;ServiceLog;Anna;1435844244920;No data;;;;;;616517325
;ServiceLog;Anna;1435844246002;No data;;;;;;616517325
;ServiceLog;Anna;1435844247012;No data;;;;;;616517325
;ServiceLog;Anna;1435844248097;No data;;;;;;616517325
;ServiceLog;Anna;1435844249113;No data;;;;;;616517325
;ServiceLog;Anna;1435844250203;No data;;;;;;616517325
;ServiceLog;Anna;1435844251214;No data;;;;;;616517325
;ServiceLog;Anna;1435844252295;No data;;;;;;616517325
;ServiceLog;Anna;1435844253310;No data;;;;;;616517325
;ServiceLog;Anna;1435844254356;No data;;;;;;616517325
;ServiceLog;Anna;1435844255367;No data;;;;;;616517325
;ServiceLog;Anna;1435844256450;No data;;;;;;616517325
;ServiceLog;Anna;1435844257461;No data;;;;;;616517325
;ServiceLog;Anna;1435844258539;No data;;;;;;616517325
;ServiceLog;Anna;1435844259554;No data;;;;;;616517325
;ServiceLog;Anna;1435844260604;No data;;;;;;616517325
;ServiceLog;Anna;1435844261633;No data;;;;;;616517325
;ServiceLog;Anna;1435844262711;No data;;;;;;616517325
;ServiceLog;Anna;1435844263725;No data;;;;;;616517325
;ServiceLog;Anna;1435844264807;No data;;;;;;616517325
;ServiceLog;Anna;1435844265823;No data;;;;;;616517325
;ServiceLog;Anna;1435844266907;No data;;;;;;616517325
;ServiceLog;Anna;1435844267928;No data;;;;;;616517325
;ServiceLog;Anna;1435844269011;No data;;;;;;616517325
;ServiceLog;Anna;1435844270022;No data;;;;;;616517325
;ServiceLog;Anna;1435844271098;No data;;;;;;616517325
;ServiceLog;Anna;1435844272108;No data;;;;;;616517325
;ServiceLog;Anna;1435844273185;No data;;;;;;616517325
;ServiceLog;Anna;1435844274200;No data;;;;;;616517325
;ServiceLog;Anna;1435844275225;No data;;;;;;616517325
;ServiceLog;Anna;1435844276237;No data;;;;;;616517325
;ServiceLog;Anna;1435844277309;No data;;;;;;616517325
;ServiceLog;Anna;1435844278320;No data;;;;;;616517325
;ServiceLog;Anna;1435844279358;No data;;;;;;616517325
;ServiceLog;Anna;1435844280367;No data;;;;;;616517325
;ServiceLog;Anna;1435844281447;No data;;;;;;616517325
;ServiceLog;Anna;1435844282459;No data;;;;;;616517325
;ServiceLog;Anna;1435844283542;No data;;;;;;616517325
;ServiceLog;Anna;1435844284558;No data;;;;;;616517325
;ServiceLog;Anna;1435844285638;No data;;;;;;616517325
;ServiceLog;Anna;1435844286650;No data;;;;;;616517325
;ServiceLog;Anna;1435844287743;No data;;;;;;616517325
;ServiceLog;Anna;1435844288753;No data;;;;;;616517325
;ServiceLog;Anna;1435844289827;No data;;;;;;616517325
;ServiceLog;Anna;1435844290842;No data;;;;;;616517325
;ServiceLog;Anna;1435844291919;No data;;;;;;616517325
;ServiceLog;Anna;1435844292937;No data;;;;;;616517325
;ServiceLog;Anna;1435844294016;No data;;;;;;616517325
;ServiceLog;Anna;1435844295029;No data;;;;;;616517325
;ServiceLog;Anna;1435844296109;No data;;;;;;616517325
;ServiceLog;Anna;1435844297128;No data;;;;;;616517325
;ServiceLog;Anna;1435844298210;No data;;;;;;616517325
;ServiceLog;Anna;1435844299220;No data;;;;;;616517325
;ServiceLog;Anna;1435844300257;No data;;;;;;616517325
;ServiceLog;Anna;1435844301270;No data;;;;;;616517325
;ServiceLog;Anna;1435844302347;No data;;;;;;616517325
;ServiceLog;Anna;1435844303359;No data;;;;;;616517325
;ServiceLog;Anna;1435844304442;No data;;;;;;616517325
;ServiceLog;Anna;1435844305455;No data;;;;;;616517325
;ServiceLog;Anna;1435844306527;No data;;;;;;616517325
;ServiceLog;Anna;1435844307540;No data;;;;;;616517325
;ServiceLog;Anna;1435844308575;No data;;;;;;616517325
;ServiceLog;Anna;1435844309593;No data;;;;;;616517325
;ServiceLog;Anna;1435844310633;No data;;;;;;616517325
;ServiceLog;Anna;1435844311646;No data;;;;;;616517325
;ServiceLog;Anna;1435844312680;No data;;;;;;616517325
;ServiceLog;Anna;1435844313690;No data;;;;;;616517325
;ServiceLog;Anna;1435844314769;No data;;;;;;616517325
;ServiceLog;Anna;1435844315801;No data;;;;;;616517325
;ServiceLog;Anna;1435844316878;No data;;;;;;616517325
;ServiceLog;Anna;1435844317889;No data;;;;;;616517325
;ServiceLog;Anna;1435844318972;No data;;;;;;616517325
;ServiceLog;Anna;1435844319987;No data;;;;;;616517325
;ServiceLog;Anna;1435844321076;No data;;;;;;616517325
;ServiceLog;Anna;1435844322088;No data;;;;;;616517325
;ServiceLog;Anna;1435844323166;No data;;;;;;616517325
;ServiceLog;Anna;1435844324178;No data;;;;;;616517325
;ServiceLog;Anna;1435844325262;No data;;;;;;616517325
;ServiceLog;Anna;1435844326279;No data;;;;;;616517325
;ServiceLog;Anna;1435844327363;No data;;;;;;616517325
;ServiceLog;Anna;1435844328375;No data;;;;;;616517325
;ServiceLog;Anna;1435844329410;No data;;;;;;616517325
;ServiceLog;Anna;1435844330421;No data;;;;;;616517325
;ServiceLog;Anna;1435844331500;No data;;;;;;616517325
;ServiceLog;Anna;1435844332513;No data;;;;;;616517325
;ServiceLog;Anna;1435844333541;No data;;;;;;616517325
;ServiceLog;Anna;1435844334555;No data;;;;;;616517325
;ServiceLog;Anna;1435844335579;No data;;;;;;616517325
;ServiceLog;Anna;1435844336589;No data;;;;;;616517325
;ServiceLog;Anna;1435844337674;No data;;;;;;616517325
;ServiceLog;Anna;1435844338685;No data;;;;;;616517325
;ServiceLog;Anna;1435844339764;No data;;;;;;616517325
;ServiceLog;Anna;1435844340787;No data;;;;;;616517325
;ServiceLog;Anna;1435844341866;No data;;;;;;616517325
;ServiceLog;Anna;1435844342879;No data;;;;;;616517325
;ServiceLog;Anna;1435844343956;No data;;;;;;616517325
;ServiceLog;Anna;1435844344967;No data;;;;;;616517325
;ServiceLog;Anna;1435844346004;No data;;;;;;616517325
;ServiceLog;Anna;1435844347016;No data;;;;;;616517325
;ServiceLog;Anna;1435844348052;No data;;;;;;616517325
;ServiceLog;Anna;1435844349064;No data;;;;;;616517325
;ServiceLog;Anna;1435844350140;No data;;;;;;616517325
;ServiceLog;Anna;1435844351154;No data;;;;;;616517325
;ServiceLog;Anna;1435844352232;No data;;;;;;616517325
;ServiceLog;Anna;1435844353243;No data;;;;;;616517325
;ServiceLog;Anna;1435844354275;No data;;;;;;616517325
;ServiceLog;Anna;1435844355301;No data;;;;;;616517325
;ServiceLog;Anna;1435844356337;No data;;;;;;616517325
;ServiceLog;Anna;1435844357353;No data;;;;;;616517325
;ServiceLog;Anna;1435844358402;No data;;;;;;616517325
;ServiceLog;Anna;1435844359413;No data;;;;;;616517325
;ServiceLog;Anna;1435844360497;No data;;;;;;616517325
;ServiceLog;Anna;1435844361514;No data;;;;;;616517325
;ServiceLog;Anna;1435844362549;No data;;;;;;616517325
;ServiceLog;Anna;1435844363560;No data;;;;;;616517325
;ServiceLog;Anna;1435844364760;No data;;;;;;616517325
;ServiceLog;Anna;1435844365774;No data;;;;;;616517325
;ServiceLog;Anna;1435844366849;No data;;;;;;616517325
;ServiceLog;Anna;1435844367859;No data;;;;;;616517325
;ServiceLog;Anna;1435844368890;No data;;;;;;616517325
;ServiceLog;Anna;1435844369906;No data;;;;;;616517325
;ServiceLog;Anna;1435844370995;No data;;;;;;616517325
;ServiceLog;Anna;1435844372007;No data;;;;;;616517325
;ServiceLog;Anna;1435844373040;No data;;;;;;616517325
;ServiceLog;Anna;1435844374051;No data;;;;;;616517325
;ServiceLog;Anna;1435844375137;No data;;;;;;616517325
;ServiceLog;Anna;1435844376158;No data;;;;;;616517325
;ServiceLog;Anna;1435844377250;No data;;;;;;616517325
;ServiceLog;Anna;1435844378276;No data;;;;;;616517325
;ServiceLog;Anna;1435844379362;No data;;;;;;616517325
;ServiceLog;Anna;1435844380376;No data;;;;;;616517325
;ServiceLog;Anna;1435844381409;No data;;;;;;616517325
;ServiceLog;Anna;1435844382422;No data;;;;;;616517325
;ServiceLog;Anna;1435844383559;No data;;;;;;616517325
;ServiceLog;Anna;1435844384571;No data;;;;;;616517325
;ServiceLog;Anna;1435844385647;No data;;;;;;616517325
;ServiceLog;Anna;1435844386658;No data;;;;;;616517325
;ServiceLog;Anna;1435844387695;No data;;;;;;616517325
;ServiceLog;Anna;1435844388718;No data;;;;;;616517325
;ServiceLog;Anna;1435844389764;No data;;;;;;616517325
;ServiceLog;Anna;1435844390787;No data;;;;;;616517325
;ServiceLog;Anna;1435844391869;No data;;;;;;616517325
;ServiceLog;Anna;1435844392881;No data;;;;;;616517325
;ServiceLog;Anna;1435844393968;No data;;;;;;616517325
;ServiceLog;Anna;1435844394980;No data;;;;;;616517325
;ServiceLog;Anna;1435844396061;No data;;;;;;616517325
;ServiceLog;Anna;1435844397073;No data;;;;;;616517325
;ServiceLog;Anna;1435844398147;No data;;;;;;616517325
;ServiceLog;Anna;1435844399163;No data;;;;;;616517325
;ServiceLog;Anna;1435844400247;No data;;;;;;616517325
;ServiceLog;Anna;1435844401268;No data;;;;;;616517325
;ServiceLog;Anna;1435844402348;No data;;;;;;616517325
;ServiceLog;Anna;1435844403359;No data;;;;;;616517325
;ServiceLog;Anna;1435844404438;No data;;;;;;616517325
;ServiceLog;Anna;1435844405448;No data;;;;;;616517325
;ServiceLog;Anna;1435844406494;No data;;;;;;616517325
;ServiceLog;Anna;1435844407511;No data;;;;;;616517325
;ServiceLog;Anna;1435844408586;No data;;;;;;616517325
;ServiceLog;Anna;1435844409596;No data;;;;;;616517325
;ServiceLog;Anna;1435844410682;No data;;;;;;616517325
;ServiceLog;Anna;1435844411694;No data;;;;;;616517325
