ID;Name;User;TimeStamp;NetworkGen;NetworkType;Active;MCC;MNC;LAC;CID;PSC;Power
;ServiceLog;Andrey;1435911876510;2G;EDGE;1;250;99;26627;19007;-1;0
;ServiceLog;Andrey;1435911877581;2G;EDGE;1;250;99;26627;19007;-1;-75
;ServiceLog;Andrey;1435911878643;2G;EDGE;1;250;99;26627;19007;-1;-75
;ServiceLog;Andrey;1435911879686;2G;EDGE;1;250;99;26627;19007;-1;-75
;ServiceLog;Andrey;1435911880777;2G;EDGE;1;250;99;26627;19007;-1;-77
;ServiceLog;Andrey;1435911881823;2G;EDGE;1;250;99;26627;19007;-1;-77
;ServiceLog;Andrey;1435911882873;2G;EDGE;1;250;99;26627;19007;-1;-77
;ServiceLog;Andrey;1435911883943;2G;EDGE;1;250;99;26627;19007;-1;-77
;ServiceLog;Andrey;1435911884965;2G;EDGE;1;250;99;26627;19007;-1;-79
;ServiceLog;Andrey;1435911886010;2G;EDGE;1;250;99;26627;19007;-1;-79
;ServiceLog;Andrey;1435911887077;2G;EDGE;1;250;99;26627;19007;-1;-79
;ServiceLog;Andrey;1435911888112;2G;EDGE;1;250;99;26627;19007;-1;-79
;ServiceLog;Andrey;1435911889205;2G;EDGE;1;250;99;26627;19007;-1;-79
;ServiceLog;Andrey;1435911890239;2G;EDGE;1;250;99;26627;19007;-1;-79
;ServiceLog;Andrey;1435911891290;2G;EDGE;1;250;99;26627;19007;-1;-79
;ServiceLog;Andrey;1435911892446;2G;EDGE;1;250;99;26627;19007;-1;-79
;ServiceLog;Andrey;1435911893595;2G;EDGE;1;250;99;26627;19007;-1;-79
;ServiceLog;Andrey;1435911894642;2G;EDGE;1;250;99;26627;19007;-1;-77
;ServiceLog;Andrey;1435911895685;2G;EDGE;1;250;99;26627;19007;-1;-77
;ServiceLog;Andrey;1435911896716;2G;EDGE;1;250;99;26627;19007;-1;-77
;ServiceLog;Andrey;1435911897792;2G;EDGE;1;250;99;26627;19007;-1;-77
;ServiceLog;Andrey;1435911898891;2G;EDGE;1;250;99;26627;19007;-1;-77
;ServiceLog;Andrey;1435911899914;2G;EDGE;1;250;99;26627;19007;-1;-77
;ServiceLog;Andrey;1435911900934;2G;EDGE;1;250;99;26627;19007;-1;-77
;ServiceLog;Andrey;1435911902018;2G;EDGE;1;250;99;26627;19007;-1;-77
;ServiceLog;Andrey;1435911903028;2G;EDGE;1;250;99;26627;19007;-1;-77
;ServiceLog;Andrey;1435911904060;2G;EDGE;1;250;99;26627;19007;-1;-77
;ServiceLog;Andrey;1435911905097;2G;EDGE;1;250;99;26627;19007;-1;-77
;ServiceLog;Andrey;1435911906108;2G;EDGE;1;250;99;26627;19007;-1;-77
;ServiceLog;Andrey;1435911907126;2G;EDGE;1;250;99;26627;19007;-1;-77
;ServiceLog;Andrey;1435911908138;2G;EDGE;1;250;99;26627;19007;-1;-77
;ServiceLog;Andrey;1435911909168;2G;EDGE;1;250;99;26627;19007;-1;-77
;ServiceLog;Andrey;1435911910202;2G;EDGE;1;250;99;26627;19007;-1;-77
;ServiceLog;Andrey;1435911911245;2G;EDGE;1;250;99;26627;19007;-1;-77
;ServiceLog;Andrey;1435911912283;2G;EDGE;1;250;99;26627;19007;-1;-77
;ServiceLog;Andrey;1435911913316;2G;EDGE;1;250;99;26627;19007;-1;-77
;ServiceLog;Andrey;1435911914435;2G;EDGE;1;250;99;26627;19007;-1;-75
;ServiceLog;Andrey;1435911915481;2G;EDGE;1;250;99;26627;19007;-1;-73
;ServiceLog;Andrey;1435911916518;2G;EDGE;1;250;99;26627;19007;-1;-73
;ServiceLog;Andrey;1435911917569;2G;EDGE;1;250;99;26627;19007;-1;-69
;ServiceLog;Andrey;1435911918584;2G;EDGE;1;250;99;26627;19007;-1;-67
;ServiceLog;Andrey;1435911919605;2G;EDGE;1;250;99;26627;19007;-1;-65
;ServiceLog;Andrey;1435911920663;2G;EDGE;1;250;99;26627;19007;-1;-65
;ServiceLog;Andrey;1435911921708;2G;EDGE;1;250;99;26627;19007;-1;-65
;ServiceLog;Andrey;1435911922796;2G;EDGE;1;250;99;26627;19007;-1;-63
;ServiceLog;Andrey;1435911923807;2G;EDGE;1;250;99;26627;19007;-1;-63
;ServiceLog;Andrey;1435911924816;2G;EDGE;1;250;99;26627;19007;-1;-63
;ServiceLog;Andrey;1435911925826;2G;EDGE;1;250;99;26627;19007;-1;-63
;ServiceLog;Andrey;1435911926836;2G;EDGE;1;250;99;26627;19007;-1;-63
;ServiceLog;Andrey;1435911927897;2G;EDGE;1;250;99;26627;19007;-1;-63
;ServiceLog;Andrey;1435911928912;2G;EDGE;1;250;99;26627;19007;-1;-63
;ServiceLog;Andrey;1435911929951;2G;EDGE;1;250;99;26627;19007;-1;-63
;ServiceLog;Andrey;1435911930968;2G;EDGE;1;250;99;26627;19007;-1;-63
;ServiceLog;Andrey;1435911931992;2G;EDGE;1;250;99;26627;19007;-1;-63
;ServiceLog;Andrey;1435911933021;2G;EDGE;1;250;99;26627;19007;-1;-63
;ServiceLog;Andrey;1435911934041;2G;EDGE;1;250;99;26627;19007;-1;-63
;ServiceLog;Andrey;1435911935069;2G;EDGE;1;250;99;26627;19007;-1;-63
;ServiceLog;Andrey;1435911936078;2G;EDGE;1;250;99;26627;19007;-1;-63
;ServiceLog;Andrey;1435911937089;2G;EDGE;1;250;99;26627;19007;-1;-63
;ServiceLog;Andrey;1435911938105;2G;EDGE;1;250;99;26627;19007;-1;-63
;ServiceLog;Andrey;1435911939117;2G;EDGE;1;250;99;26627;19007;-1;-63
;ServiceLog;Andrey;1435911940132;2G;EDGE;1;250;99;26627;19007;-1;-63
;ServiceLog;Andrey;1435911941145;2G;EDGE;1;250;99;26627;19007;-1;-63
;ServiceLog;Andrey;1435911942161;2G;EDGE;1;250;99;26627;19007;-1;-63
;ServiceLog;Andrey;1435911943184;2G;EDGE;1;250;99;26627;19007;-1;-63
;ServiceLog;Andrey;1435911944211;2G;EDGE;1;250;99;26627;19007;-1;-63
;ServiceLog;Andrey;1435911945225;2G;EDGE;1;250;99;26627;19007;-1;-63
;ServiceLog;Andrey;1435911946240;2G;EDGE;1;250;99;26627;19007;-1;-63
;ServiceLog;Andrey;1435911947290;2G;EDGE;1;250;99;26627;19007;-1;-65
;ServiceLog;Andrey;1435911948333;2G;EDGE;1;250;99;26627;19007;-1;-65
;ServiceLog;Andrey;1435911949341;2G;EDGE;1;250;99;26627;19007;-1;-65
;ServiceLog;Andrey;1435911950357;2G;EDGE;1;250;99;26627;19007;-1;-65
;ServiceLog;Andrey;1435911951378;2G;EDGE;1;250;99;26627;19007;-1;-65
;ServiceLog;Andrey;1435911952389;2G;EDGE;1;250;99;26627;19007;-1;-65
;ServiceLog;Andrey;1435911953403;2G;EDGE;1;250;99;26627;19007;-1;-65
;ServiceLog;Andrey;1435911954474;2G;EDGE;1;250;99;26627;19007;-1;-65
;ServiceLog;Andrey;1435911955483;2G;EDGE;1;250;99;26627;19007;-1;-65
;ServiceLog;Andrey;1435911956512;2G;EDGE;1;250;99;26627;19007;-1;-65
;ServiceLog;Andrey;1435911957533;2G;EDGE;1;250;99;26627;19007;-1;-65
;ServiceLog;Andrey;1435911958541;2G;EDGE;1;250;99;26627;19007;-1;-65
;ServiceLog;Andrey;1435911959551;2G;EDGE;1;250;99;26627;19007;-1;-65
;ServiceLog;Andrey;1435911960576;2G;EDGE;1;250;99;26627;19007;-1;-65
;ServiceLog;Andrey;1435911961616;2G;EDGE;1;250;99;26627;19007;-1;-65
;ServiceLog;Andrey;1435911962629;2G;EDGE;1;250;99;26627;19007;-1;-65
;ServiceLog;Andrey;1435911963642;2G;EDGE;1;250;99;26627;19007;-1;-67
;ServiceLog;Andrey;1435911964665;2G;EDGE;1;250;99;26627;19007;-1;-67
;ServiceLog;Andrey;1435911965676;2G;EDGE;1;250;99;26627;19007;-1;-67
;ServiceLog;Andrey;1435911966687;2G;EDGE;1;250;99;26627;19007;-1;-67
;ServiceLog;Andrey;1435911967701;2G;EDGE;1;250;99;26627;19007;-1;-69
;ServiceLog;Andrey;1435911968708;2G;EDGE;1;250;99;26627;19007;-1;-69
;ServiceLog;Andrey;1435911969721;2G;EDGE;1;250;99;26627;19007;-1;-69
;ServiceLog;Andrey;1435911970744;2G;EDGE;1;250;99;26627;19007;-1;-71
;ServiceLog;Andrey;1435911971755;2G;EDGE;1;250;99;26627;19007;-1;-71
;ServiceLog;Andrey;1435911972763;2G;EDGE;1;250;99;26627;19007;-1;-71
;ServiceLog;Andrey;1435911973791;2G;EDGE;1;250;99;26627;19007;-1;-71
;ServiceLog;Andrey;1435911974806;2G;EDGE;1;250;99;26627;19007;-1;-73
;ServiceLog;Andrey;1435911975842;2G;EDGE;1;250;99;26627;19007;-1;-73
;ServiceLog;Andrey;1435911976914;2G;EDGE;1;250;99;26627;19007;-1;-73
;ServiceLog;Andrey;1435911977962;2G;EDGE;1;250;99;26627;19007;-1;-73
;ServiceLog;Andrey;1435911978999;2G;EDGE;1;250;99;26627;19007;-1;-75
;ServiceLog;Andrey;1435911980045;2G;EDGE;1;250;99;26627;19007;-1;-75
;ServiceLog;Andrey;1435911981165;2G;EDGE;1;250;99;26627;19007;-1;-75
;ServiceLog;Andrey;1435911982321;2G;EDGE;1;250;99;26627;19007;-1;-75
;ServiceLog;Andrey;1435911983368;2G;EDGE;1;250;99;26627;19007;-1;-75
;ServiceLog;Andrey;1435911984474;2G;EDGE;1;250;99;26627;19007;-1;-75
;ServiceLog;Andrey;1435911985508;2G;EDGE;1;250;99;26627;19007;-1;-75
;ServiceLog;Andrey;1435911986554;2G;EDGE;1;250;99;26627;19007;-1;-75
;ServiceLog;Andrey;1435911987611;2G;EDGE;1;250;99;26627;19007;-1;-75
;ServiceLog;Andrey;1435911988655;2G;EDGE;1;250;99;26627;19007;-1;-75
;ServiceLog;Andrey;1435911989707;2G;EDGE;1;250;99;26627;19007;-1;-75
;ServiceLog;Andrey;1435911990765;2G;EDGE;1;250;99;26627;19007;-1;-75
;ServiceLog;Andrey;1435911991817;2G;EDGE;1;250;99;26627;19007;-1;-75
;ServiceLog;Andrey;1435911992852;2G;EDGE;1;250;99;26627;19007;-1;-75
;ServiceLog;Andrey;1435911993938;2G;EDGE;1;250;99;26627;19007;-1;-75
;ServiceLog;Andrey;1435911995006;2G;EDGE;1;250;99;26627;19007;-1;-75
;ServiceLog;Andrey;1435911996048;2G;EDGE;1;250;99;26627;19007;-1;-79
;ServiceLog;Andrey;1435911997107;2G;EDGE;1;250;99;26627;19007;-1;-79
;ServiceLog;Andrey;1435911998171;2G;EDGE;1;250;99;26627;19007;-1;-81
;ServiceLog;Andrey;1435911999291;2G;EDGE;1;250;99;26627;19007;-1;-83
;ServiceLog;Andrey;1435912000323;2G;EDGE;1;250;99;26627;19007;-1;-83
;ServiceLog;Andrey;1435912001353;2G;EDGE;1;250;99;26627;19007;-1;-83
;ServiceLog;Andrey;1435912002428;2G;EDGE;1;250;99;26627;19007;-1;-83
;ServiceLog;Andrey;1435912003446;2G;EDGE;1;250;99;26627;19007;-1;-83
;ServiceLog;Andrey;1435912004516;2G;EDGE;1;250;99;26627;19007;-1;-83
;ServiceLog;Andrey;1435912005562;2G;EDGE;1;250;99;26627;19007;-1;-83
;ServiceLog;Andrey;1435912006604;2G;EDGE;1;250;99;26627;19007;-1;-81
;ServiceLog;Andrey;1435912007626;2G;EDGE;1;250;99;26627;19007;-1;-81
;ServiceLog;Andrey;1435912008700;2G;EDGE;1;250;99;26627;19007;-1;-81
;ServiceLog;Andrey;1435912009784;2G;EDGE;1;250;99;26627;19007;-1;-81
;ServiceLog;Andrey;1435912010877;2G;EDGE;1;250;99;26627;19007;-1;-81
;ServiceLog;Andrey;1435912011973;2G;EDGE;1;250;99;26627;19007;-1;-81
;ServiceLog;Andrey;1435912013014;2G;EDGE;1;250;99;26627;19007;-1;-79
;ServiceLog;Andrey;1435912014046;2G;EDGE;1;250;99;26627;19007;-1;-79
;ServiceLog;Andrey;1435912015090;2G;EDGE;1;250;99;26627;19007;-1;-77
;ServiceLog;Andrey;1435912016128;2G;EDGE;1;250;99;26627;19007;-1;-75
;ServiceLog;Andrey;1435912017206;2G;EDGE;1;250;99;26627;19007;-1;-71
;ServiceLog;Andrey;1435912018257;2G;EDGE;1;250;99;26627;19007;-1;-71
;ServiceLog;Andrey;1435912019415;2G;EDGE;1;250;99;26627;19007;-1;-67
;ServiceLog;Andrey;1435912020426;2G;EDGE;1;250;99;26627;19007;-1;-63
;ServiceLog;Andrey;1435912021435;2G;EDGE;1;250;99;26627;19007;-1;-63
;ServiceLog;Andrey;1435912022492;2G;EDGE;1;250;99;26627;19007;-1;-63
;ServiceLog;Andrey;1435912023516;2G;EDGE;1;250;99;26627;19007;-1;-61
;ServiceLog;Andrey;1435912024529;2G;EDGE;1;250;99;26627;19007;-1;-61
;ServiceLog;Andrey;1435912025557;2G;EDGE;1;250;99;26627;19007;-1;-61
;ServiceLog;Andrey;1435912026587;2G;EDGE;1;250;99;26627;19007;-1;-61
;ServiceLog;Andrey;1435912027602;2G;EDGE;1;250;99;26627;19007;-1;-61
;ServiceLog;Andrey;1435912028658;2G;EDGE;1;250;99;26627;19007;-1;-61
;ServiceLog;Andrey;1435912029677;2G;EDGE;1;250;99;26627;19007;-1;-61
;ServiceLog;Andrey;1435912030684;2G;EDGE;1;250;99;26627;19007;-1;-61
;ServiceLog;Andrey;1435912031694;2G;EDGE;1;250;99;26627;19007;-1;-61
;ServiceLog;Andrey;1435912032708;2G;EDGE;1;250;99;26627;19007;-1;-61
;ServiceLog;Andrey;1435912033728;2G;EDGE;1;250;99;26627;19007;-1;-61
;ServiceLog;Andrey;1435912034743;2G;EDGE;1;250;99;26627;19007;-1;-61
;ServiceLog;Andrey;1435912035752;2G;EDGE;1;250;99;26627;19007;-1;-61
;ServiceLog;Andrey;1435912036767;2G;EDGE;1;250;99;26627;19007;-1;-61
;ServiceLog;Andrey;1435912037778;2G;EDGE;1;250;99;26627;19007;-1;-61
;ServiceLog;Andrey;1435912038802;2G;EDGE;1;250;99;26627;19007;-1;-63
;ServiceLog;Andrey;1435912039814;2G;EDGE;1;250;99;26627;19007;-1;-65
;ServiceLog;Andrey;1435912040847;2G;EDGE;1;250;99;26627;19007;-1;-65
;ServiceLog;Andrey;1435912041857;2G;EDGE;1;250;99;26627;19007;-1;-67
;ServiceLog;Andrey;1435912042889;2G;EDGE;1;250;99;26627;19007;-1;-69
;ServiceLog;Andrey;1435912043898;2G;EDGE;1;250;99;26627;19007;-1;-69
;ServiceLog;Andrey;1435912044915;2G;EDGE;1;250;99;26627;19007;-1;-71
;ServiceLog;Andrey;1435912045942;2G;EDGE;1;250;99;26627;19007;-1;-73
;ServiceLog;Andrey;1435912046970;2G;EDGE;1;250;99;26627;19007;-1;-73
;ServiceLog;Andrey;1435912047992;2G;EDGE;1;250;99;26627;19007;-1;-73
;ServiceLog;Andrey;1435912049005;2G;EDGE;1;250;99;26627;19007;-1;-77
;ServiceLog;Andrey;1435912050027;2G;EDGE;1;250;99;26627;19007;-1;-77
;ServiceLog;Andrey;1435912051069;2G;EDGE;1;250;99;26627;19007;-1;-79
;ServiceLog;Andrey;1435912052079;2G;EDGE;1;250;99;26627;19007;-1;-79
;ServiceLog;Andrey;1435912053092;2G;EDGE;1;250;99;26627;19007;-1;-81
;ServiceLog;Andrey;1435912054146;2G;EDGE;1;250;99;26627;19007;-1;-81
;ServiceLog;Andrey;1435912055190;2G;EDGE;1;250;99;26627;19007;-1;-81
;ServiceLog;Andrey;1435912056207;2G;EDGE;1;250;99;26627;19007;-1;-85
;ServiceLog;Andrey;1435912057220;2G;EDGE;1;250;99;26627;19007;-1;-87
;ServiceLog;Andrey;1435912058229;2G;EDGE;1;250;99;26627;19007;-1;-87
;ServiceLog;Andrey;1435912059265;2G;EDGE;1;250;99;26627;19007;-1;-87
;ServiceLog;Andrey;1435912060328;2G;EDGE;1;250;99;26627;19007;-1;-89
;ServiceLog;Andrey;1435912061355;2G;EDGE;1;250;99;26627;19007;-1;-89
;ServiceLog;Andrey;1435912062364;2G;EDGE;1;250;99;26627;19007;-1;-91
;ServiceLog;Andrey;1435912063377;2G;EDGE;1;250;99;26627;19007;-1;-91
;ServiceLog;Andrey;1435912064407;2G;EDGE;1;250;99;26627;19007;-1;-91
;ServiceLog;Andrey;1435912065421;2G;EDGE;1;250;99;26627;19007;-1;-95
;ServiceLog;Andrey;1435912066436;2G;EDGE;1;250;99;26627;19051;-1;-93
;ServiceLog;Andrey;1435912067455;2G;EDGE;1;250;99;26627;19051;-1;-93
;ServiceLog;Andrey;1435912068462;2G;EDGE;1;250;99;26627;19051;-1;-93
;ServiceLog;Andrey;1435912069482;2G;EDGE;1;250;99;26627;19051;-1;-89
;ServiceLog;Andrey;1435912070521;2G;EDGE;1;250;99;26627;19051;-1;-89
;ServiceLog;Andrey;1435912071540;2G;EDGE;1;250;99;26627;19051;-1;-87
;ServiceLog;Andrey;1435912072567;2G;EDGE;1;250;99;26627;19051;-1;-85
;ServiceLog;Andrey;1435912073605;2G;EDGE;1;250;99;26627;19051;-1;-85
;ServiceLog;Andrey;1435912074620;2G;EDGE;1;250;99;26627;19051;-1;-85
;ServiceLog;Andrey;1435912075664;2G;EDGE;1;250;99;26627;19051;-1;-83
;ServiceLog;Andrey;1435912076684;2G;EDGE;1;250;99;26627;19051;-1;-83
;ServiceLog;Andrey;1435912077729;2G;EDGE;1;250;99;26627;19051;-1;-79
;ServiceLog;Andrey;1435912078755;2G;EDGE;1;250;99;26627;19051;-1;-79
;ServiceLog;Andrey;1435912079767;2G;EDGE;1;250;99;26627;19051;-1;-79
;ServiceLog;Andrey;1435912080773;2G;EDGE;1;250;99;26627;19051;-1;-77
;ServiceLog;Andrey;1435912081806;2G;EDGE;1;250;99;26627;19051;-1;-77
;ServiceLog;Andrey;1435912082903;2G;EDGE;1;250;99;26627;19051;-1;-77
;ServiceLog;Andrey;1435912083915;2G;EDGE;1;250;99;26627;19051;-1;-75
;ServiceLog;Andrey;1435912084961;2G;EDGE;1;250;99;26627;19051;-1;-75
;ServiceLog;Andrey;1435912086015;2G;EDGE;1;250;99;26627;19051;-1;-75
;ServiceLog;Andrey;1435912087084;2G;EDGE;1;250;99;26627;19051;-1;-75
;ServiceLog;Andrey;1435912088130;2G;EDGE;1;250;99;26627;19051;-1;-73
;ServiceLog;Andrey;1435912089185;2G;EDGE;1;250;99;26627;19051;-1;-73
;ServiceLog;Andrey;1435912090314;2G;EDGE;1;250;99;26627;19051;-1;-73
;ServiceLog;Andrey;1435912091350;2G;EDGE;1;250;99;26627;19051;-1;-73
;ServiceLog;Andrey;1435912092398;2G;EDGE;1;250;99;26627;19051;-1;-69
;ServiceLog;Andrey;1435912093443;2G;EDGE;1;250;99;26627;19051;-1;-69
;ServiceLog;Andrey;1435912094487;2G;EDGE;1;250;99;26627;19051;-1;-69
;ServiceLog;Andrey;1435912095597;2G;EDGE;1;250;99;26627;19051;-1;-67
;ServiceLog;Andrey;1435912096637;2G;EDGE;1;250;99;26627;19051;-1;-67
;ServiceLog;Andrey;1435912097690;2G;EDGE;1;250;99;26627;19051;-1;-63
;ServiceLog;Andrey;1435912098724;2G;EDGE;1;250;99;26627;19051;-1;-63
;ServiceLog;Andrey;1435912099762;2G;EDGE;1;250;99;26627;19051;-1;-61
;ServiceLog;Andrey;1435912100898;2G;EDGE;1;250;99;26627;19051;-1;-61
;ServiceLog;Andrey;1435912101941;2G;EDGE;1;250;99;26627;19051;-1;-59
;ServiceLog;Andrey;1435912103034;2G;EDGE;1;250;99;26627;19051;-1;-59
;ServiceLog;Andrey;1435912104089;2G;EDGE;1;250;99;26627;19051;-1;-59
;ServiceLog;Andrey;1435912105174;2G;EDGE;1;250;99;26627;19051;-1;-59
;ServiceLog;Andrey;1435912106217;2G;EDGE;1;250;99;26627;19051;-1;-59
;ServiceLog;Andrey;1435912107341;2G;EDGE;1;250;99;26627;19051;-1;-59
;ServiceLog;Andrey;1435912108391;2G;EDGE;1;250;99;26627;19051;-1;-59
;ServiceLog;Andrey;1435912109465;2G;EDGE;1;250;99;26627;19051;-1;-59
;ServiceLog;Andrey;1435912110493;2G;EDGE;1;250;99;26627;19051;-1;-59
;ServiceLog;Andrey;1435912111558;2G;EDGE;1;250;99;26627;19051;-1;-59
;ServiceLog;Andrey;1435912112577;2G;EDGE;1;250;99;26627;19051;-1;-59
;ServiceLog;Andrey;1435912113658;2G;EDGE;1;250;99;26627;19051;-1;-59
;ServiceLog;Andrey;1435912114731;2G;EDGE;1;250;99;26627;19051;-1;-59
;ServiceLog;Andrey;1435912115767;2G;EDGE;1;250;99;26627;19051;-1;-59
;ServiceLog;Andrey;1435912116822;2G;EDGE;1;250;99;26627;19051;-1;-59
;ServiceLog;Andrey;1435912117857;2G;EDGE;1;250;99;26627;19051;-1;-59
;ServiceLog;Andrey;1435912118883;2G;EDGE;1;250;99;26627;19051;-1;-59
;ServiceLog;Andrey;1435912120016;2G;EDGE;1;250;99;26627;19051;-1;-59
;ServiceLog;Andrey;1435912121073;2G;EDGE;1;250;99;26627;19051;-1;-59
;ServiceLog;Andrey;1435912122168;2G;EDGE;1;250;99;26627;19051;-1;-61
;ServiceLog;Andrey;1435912123212;2G;EDGE;1;250;99;26627;19051;-1;-61
;ServiceLog;Andrey;1435912124254;2G;EDGE;1;250;99;26627;19051;-1;-61
;ServiceLog;Andrey;1435912125278;2G;EDGE;1;250;99;26627;19051;-1;-61
;ServiceLog;Andrey;1435912126320;2G;EDGE;1;250;99;26627;19051;-1;-61
;ServiceLog;Andrey;1435912127377;2G;EDGE;1;250;99;26627;19051;-1;-59
;ServiceLog;Andrey;1435912128412;2G;EDGE;1;250;99;26627;19051;-1;-59
;ServiceLog;Andrey;1435912129475;2G;EDGE;1;250;99;26627;19051;-1;-59
;ServiceLog;Andrey;1435912130506;2G;EDGE;1;250;99;26627;19051;-1;-59
;ServiceLog;Andrey;1435912131546;2G;EDGE;1;250;99;26627;19051;-1;-59
;ServiceLog;Andrey;1435912132577;2G;EDGE;1;250;99;26627;19051;-1;-59
;ServiceLog;Andrey;1435912133611;2G;EDGE;1;250;99;26627;19051;-1;-59
;ServiceLog;Andrey;1435912134724;2G;EDGE;1;250;99;26627;19051;-1;-59
;ServiceLog;Andrey;1435912135818;2G;EDGE;1;250;99;26627;19051;-1;-63
;ServiceLog;Andrey;1435912136882;2G;EDGE;1;250;99;26627;19051;-1;-63
;ServiceLog;Andrey;1435912137937;2G;EDGE;1;250;99;26627;19051;-1;-65
;ServiceLog;Andrey;1435912139050;2G;EDGE;1;250;99;26627;19051;-1;-69
;ServiceLog;Andrey;1435912140136;2G;EDGE;1;250;99;26627;19051;-1;-71
;ServiceLog;Andrey;1435912141159;2G;EDGE;1;250;99;26627;19051;-1;-73
;ServiceLog;Andrey;1435912142204;2G;EDGE;1;250;99;26627;19051;-1;-73
;ServiceLog;Andrey;1435912143340;2G;EDGE;1;250;99;26627;19051;-1;-75
;ServiceLog;Andrey;1435912144406;2G;EDGE;1;250;99;26627;19051;-1;-75
;ServiceLog;Andrey;1435912145480;2G;EDGE;1;250;99;26627;19051;-1;-75
;ServiceLog;Andrey;1435912146522;2G;EDGE;1;250;99;26627;19051;-1;-75
;ServiceLog;Andrey;1435912147567;2G;EDGE;1;250;99;26627;19051;-1;-75
;ServiceLog;Andrey;1435912148617;2G;EDGE;1;250;99;26627;19051;-1;-75
;ServiceLog;Andrey;1435912149630;2G;EDGE;1;250;99;26627;19051;-1;-75
;ServiceLog;Andrey;1435912150671;2G;EDGE;1;250;99;26627;19051;-1;-75
;ServiceLog;Andrey;1435912151713;2G;EDGE;1;250;99;26627;19051;-1;-75
;ServiceLog;Andrey;1435912152737;2G;EDGE;1;250;99;26627;19051;-1;-73
;ServiceLog;Andrey;1435912153763;2G;EDGE;1;250;99;26627;19051;-1;-73
;ServiceLog;Andrey;1435912154819;2G;EDGE;1;250;99;26627;19051;-1;-73
;ServiceLog;Andrey;1435912155911;2G;EDGE;1;250;99;26627;19051;-1;-71
;ServiceLog;Andrey;1435912156974;2G;EDGE;1;250;99;26627;19051;-1;-71
;ServiceLog;Andrey;1435912158030;2G;EDGE;1;250;99;26627;19051;-1;-71
;ServiceLog;Andrey;1435912159147;2G;EDGE;1;250;99;26627;19051;-1;-69
;ServiceLog;Andrey;1435912160192;2G;EDGE;1;250;99;26627;19051;-1;-69
;ServiceLog;Andrey;1435912161251;2G;EDGE;1;250;99;26627;19051;-1;-69
;ServiceLog;Andrey;1435912162302;2G;EDGE;1;250;99;26627;19051;-1;-69
;ServiceLog;Andrey;1435912163344;2G;EDGE;1;250;99;26627;19051;-1;-69
;ServiceLog;Andrey;1435912164392;2G;EDGE;1;250;99;26627;19051;-1;-69
;ServiceLog;Andrey;1435912165515;2G;EDGE;1;250;99;26627;19051;-1;-69
;ServiceLog;Andrey;1435912166523;2G;EDGE;1;250;99;26627;19051;-1;-69
;ServiceLog;Andrey;1435912167535;2G;EDGE;1;250;99;26627;19051;-1;-69
;ServiceLog;Andrey;1435912168561;2G;EDGE;1;250;99;26627;19051;-1;-69
;ServiceLog;Andrey;1435912169572;2G;EDGE;1;250;99;26627;19051;-1;-69
;ServiceLog;Andrey;1435912170643;2G;EDGE;1;250;99;26627;19051;-1;-69
;ServiceLog;Andrey;1435912171666;2G;EDGE;1;250;99;26627;19051;-1;-69
;ServiceLog;Andrey;1435912172683;2G;EDGE;1;250;99;26627;19051;-1;-69
;ServiceLog;Andrey;1435912173691;2G;EDGE;1;250;99;26627;19051;-1;-69
;ServiceLog;Andrey;1435912174712;2G;EDGE;1;250;99;26627;19051;-1;-69
;ServiceLog;Andrey;1435912175912;2G;EDGE;1;250;99;26627;19051;-1;-69
;ServiceLog;Andrey;1435912177005;2G;EDGE;1;250;99;26627;19051;-1;-69
;ServiceLog;Andrey;1435912178018;2G;EDGE;1;250;99;26627;19051;-1;-69
;ServiceLog;Andrey;1435912179028;2G;EDGE;1;250;99;26627;19051;-1;-69
;ServiceLog;Andrey;1435912180041;2G;EDGE;1;250;99;26627;19051;-1;-69
;ServiceLog;Andrey;1435912181055;2G;EDGE;1;250;99;26627;19051;-1;-69
;ServiceLog;Andrey;1435912182066;2G;EDGE;1;250;99;26627;19051;-1;-69
;ServiceLog;Andrey;1435912183083;2G;EDGE;1;250;99;26627;19051;-1;-69
;ServiceLog;Andrey;1435912184106;2G;EDGE;1;250;99;26627;19051;-1;-69
;ServiceLog;Andrey;1435912185121;2G;EDGE;1;250;99;26627;19051;-1;-69
;ServiceLog;Andrey;1435912186190;2G;EDGE;1;250;99;26627;19051;-1;-69
;ServiceLog;Andrey;1435912187202;2G;EDGE;1;250;99;26627;19051;-1;-69
;ServiceLog;Andrey;1435912188225;2G;EDGE;1;250;99;26627;19051;-1;-69
;ServiceLog;Andrey;1435912189254;2G;EDGE;1;250;99;26627;19051;-1;-69
;ServiceLog;Andrey;1435912190304;2G;EDGE;1;250;99;26627;19051;-1;-69
;ServiceLog;Andrey;1435912191314;2G;EDGE;1;250;99;26627;19051;-1;-69
;ServiceLog;Andrey;1435912192325;2G;EDGE;1;250;99;26627;19051;-1;-69
;ServiceLog;Andrey;1435912193336;2G;EDGE;1;250;99;26627;19051;-1;-69
;ServiceLog;Andrey;1435912194349;2G;EDGE;1;250;99;26627;19051;-1;-69
;ServiceLog;Andrey;1435912195372;2G;EDGE;1;250;99;26627;19051;-1;-69
;ServiceLog;Andrey;1435912196390;2G;EDGE;1;250;99;26627;19051;-1;-69
;ServiceLog;Andrey;1435912197397;2G;EDGE;1;250;99;26627;19051;-1;-69
;ServiceLog;Andrey;1435912198421;2G;EDGE;1;250;99;26627;19051;-1;-69
;ServiceLog;Andrey;1435912199436;2G;EDGE;1;250;99;26627;19051;-1;-71
;ServiceLog;Andrey;1435912200451;2G;EDGE;1;250;99;26627;19051;-1;-71
;ServiceLog;Andrey;1435912201476;2G;EDGE;1;250;99;26627;19051;-1;-71
;ServiceLog;Andrey;1435912202511;2G;EDGE;1;250;99;26627;19051;-1;-71
;ServiceLog;Andrey;1435912203534;2G;EDGE;1;250;99;26627;19051;-1;-71
;ServiceLog;Andrey;1435912204576;2G;EDGE;1;250;99;26627;19051;-1;-71
;ServiceLog;Andrey;1435912205593;2G;EDGE;1;250;99;26627;19051;-1;-71
;ServiceLog;Andrey;1435912206702;2G;EDGE;1;250;99;26627;19051;-1;-71
;ServiceLog;Andrey;1435912207734;2G;EDGE;1;250;99;26627;19051;-1;-73
;ServiceLog;Andrey;1435912208775;2G;EDGE;1;250;99;26627;19051;-1;-73
;ServiceLog;Andrey;1435912209881;2G;EDGE;1;250;99;26627;19051;-1;-73
;ServiceLog;Andrey;1435912210946;2G;EDGE;1;250;99;26627;19051;-1;-73
;ServiceLog;Andrey;1435912212007;2G;EDGE;1;250;99;26627;19051;-1;-73
;ServiceLog;Andrey;1435912213115;2G;EDGE;1;250;99;26627;19051;-1;-73
;ServiceLog;Andrey;1435912214232;2G;EDGE;1;250;99;26627;19051;-1;-73
;ServiceLog;Andrey;1435912215270;2G;EDGE;1;250;99;26627;19051;-1;-73
;ServiceLog;Andrey;1435912216302;2G;EDGE;1;250;99;26627;19051;-1;-73
;ServiceLog;Andrey;1435912217342;2G;EDGE;1;250;99;26627;19051;-1;-73
;ServiceLog;Andrey;1435912218409;2G;EDGE;1;250;99;26627;19051;-1;-73
;ServiceLog;Andrey;1435912219523;2G;EDGE;1;250;99;26627;19051;-1;-73
;ServiceLog;Andrey;1435912220669;2G;EDGE;1;250;99;26627;19051;-1;-73
;ServiceLog;Andrey;1435912221715;2G;EDGE;1;250;99;26627;19051;-1;-73
;ServiceLog;Andrey;1435912222746;2G;EDGE;1;250;99;26627;19051;-1;-73
;ServiceLog;Andrey;1435912223844;2G;EDGE;1;250;99;26627;19051;-1;-73
;ServiceLog;Andrey;1435912224874;2G;EDGE;1;250;99;26627;19051;-1;-73
;ServiceLog;Andrey;1435912225919;2G;EDGE;1;250;99;26627;19051;-1;-73
;ServiceLog;Andrey;1435912227038;2G;EDGE;1;250;99;26627;19051;-1;-73
;ServiceLog;Andrey;1435912228132;2G;EDGE;1;250;99;26627;19051;-1;-73
;ServiceLog;Andrey;1435912229272;2G;EDGE;1;250;99;26627;19051;-1;-73
;ServiceLog;Andrey;1435912230309;2G;EDGE;1;250;99;26627;19051;-1;-71
;ServiceLog;Andrey;1435912231344;2G;EDGE;1;250;99;26627;19051;-1;-71
;ServiceLog;Andrey;1435912232465;2G;EDGE;1;250;99;26627;19051;-1;-71
;ServiceLog;Andrey;1435912233501;2G;EDGE;1;250;99;26627;19051;-1;-71
;ServiceLog;Andrey;1435912234530;2G;EDGE;1;250;99;26627;19051;-1;-71
;ServiceLog;Andrey;1435912235572;2G;EDGE;1;250;99;26627;19051;-1;-71
;ServiceLog;Andrey;1435912236612;2G;EDGE;1;250;99;26627;19051;-1;-71
;ServiceLog;Andrey;1435912237770;2G;EDGE;1;250;99;26627;19051;-1;-71
;ServiceLog;Andrey;1435912238855;2G;EDGE;1;250;99;26627;19051;-1;-73
;ServiceLog;Andrey;1435912239930;2G;EDGE;1;250;99;26627;19051;-1;-73
;ServiceLog;Andrey;1435912240966;2G;EDGE;1;250;99;26627;19051;-1;-73
;ServiceLog;Andrey;1435912242023;2G;EDGE;1;250;99;26627;19051;-1;-73
;ServiceLog;Andrey;1435912243093;2G;EDGE;1;250;99;26627;19051;-1;-73
;ServiceLog;Andrey;1435912244174;2G;EDGE;1;250;99;26627;19051;-1;-73
;ServiceLog;Andrey;1435912245295;2G;EDGE;1;250;99;26627;19051;-1;-73
;ServiceLog;Andrey;1435912246389;2G;EDGE;1;250;99;26627;19051;-1;-73
;ServiceLog;Andrey;1435912247503;2G;EDGE;1;250;99;26627;19051;-1;-73
;ServiceLog;Andrey;1435912248555;2G;EDGE;1;250;99;26627;19051;-1;-73
;ServiceLog;Andrey;1435912249597;2G;EDGE;1;250;99;26627;19051;-1;-73
;ServiceLog;Andrey;1435912250664;2G;EDGE;1;250;99;26627;19051;-1;-73
;ServiceLog;Andrey;1435912251687;2G;EDGE;1;250;99;26627;19051;-1;-73
;ServiceLog;Andrey;1435912252732;2G;EDGE;1;250;99;26627;19051;-1;-73
;ServiceLog;Andrey;1435912253808;2G;EDGE;1;250;99;26627;19051;-1;-75
;ServiceLog;Andrey;1435912254872;2G;EDGE;1;250;99;26627;19051;-1;-75
;ServiceLog;Andrey;1435912255907;2G;EDGE;1;250;99;26627;19051;-1;-75
;ServiceLog;Andrey;1435912256959;2G;EDGE;1;250;99;26627;19051;-1;-75
;ServiceLog;Andrey;1435912258059;2G;EDGE;1;250;99;26627;19051;-1;-75
;ServiceLog;Andrey;1435912259093;2G;EDGE;1;250;99;26627;19051;-1;-73
;ServiceLog;Andrey;1435912260122;2G;EDGE;1;250;99;26627;19051;-1;-73
;ServiceLog;Andrey;1435912261138;2G;EDGE;1;250;99;26627;19051;-1;-73
;ServiceLog;Andrey;1435912262181;2G;EDGE;1;250;99;26627;19051;-1;-73
;ServiceLog;Andrey;1435912263247;2G;EDGE;1;250;99;26627;19051;-1;-73
;ServiceLog;Andrey;1435912264268;2G;EDGE;1;250;99;26627;19051;-1;-73
;ServiceLog;Andrey;1435912265304;2G;EDGE;1;250;99;26627;19051;-1;-73
;ServiceLog;Andrey;1435912266322;2G;EDGE;1;250;99;26627;19051;-1;-73
;ServiceLog;Andrey;1435912267361;2G;EDGE;1;250;99;26627;19051;-1;-73
;ServiceLog;Andrey;1435912268385;2G;EDGE;1;250;99;26627;19051;-1;-73
;ServiceLog;Andrey;1435912269403;2G;EDGE;1;250;99;26627;19051;-1;-73
;ServiceLog;Andrey;1435912270518;2G;EDGE;1;250;99;26627;19051;-1;-75
;ServiceLog;Andrey;1435912271555;2G;EDGE;1;250;99;26627;19051;-1;-75
;ServiceLog;Andrey;1435912272598;2G;EDGE;1;250;99;26627;19051;-1;-75
;ServiceLog;Andrey;1435912273722;2G;EDGE;1;250;99;26627;19051;-1;-75
;ServiceLog;Andrey;1435912274773;2G;EDGE;1;250;99;26627;19051;-1;-75
;ServiceLog;Andrey;1435912275875;2G;EDGE;1;250;99;26627;19051;-1;-75
;ServiceLog;Andrey;1435912276975;2G;EDGE;1;250;99;26627;19051;-1;-73
;ServiceLog;Andrey;1435912277988;2G;EDGE;1;250;99;26627;19051;-1;-73
;ServiceLog;Andrey;1435912279025;2G;EDGE;1;250;99;26627;19051;-1;-69
;ServiceLog;Andrey;1435912280067;2G;EDGE;1;250;99;26627;19051;-1;-65
;ServiceLog;Andrey;1435912281094;2G;EDGE;1;250;99;26627;19051;-1;-63
;ServiceLog;Andrey;1435912282214;2G;EDGE;1;250;99;26627;19051;-1;-63
;ServiceLog;Andrey;1435912283257;2G;EDGE;1;250;99;26627;19051;-1;-59
;ServiceLog;Andrey;1435912284273;2G;EDGE;1;250;99;26627;19051;-1;-57
;ServiceLog;Andrey;1435912285319;2G;EDGE;1;250;99;26627;19051;-1;-57
;ServiceLog;Andrey;1435912286327;2G;EDGE;1;250;99;26627;19051;-1;-57
;ServiceLog;Andrey;1435912287340;2G;EDGE;1;250;99;26627;19051;-1;-55
;ServiceLog;Andrey;1435912288509;2G;EDGE;1;250;99;26627;19051;-1;-55
;ServiceLog;Andrey;1435912289567;2G;EDGE;1;250;99;26627;19051;-1;-55
;ServiceLog;Andrey;1435912290602;2G;EDGE;1;250;99;26627;19051;-1;-55
;ServiceLog;Andrey;1435912291609;2G;EDGE;1;250;99;26627;19051;-1;-55
;ServiceLog;Andrey;1435912292622;2G;EDGE;1;250;99;26627;19051;-1;-55
;ServiceLog;Andrey;1435912293652;2G;EDGE;1;250;99;26627;19051;-1;-55
;ServiceLog;Andrey;1435912294673;2G;EDGE;1;250;99;26627;19051;-1;-55
;ServiceLog;Andrey;1435912295699;2G;EDGE;1;250;99;26627;19051;-1;-55
;ServiceLog;Andrey;1435912296730;2G;EDGE;1;250;99;26627;19051;-1;-55
;ServiceLog;Andrey;1435912297738;2G;EDGE;1;250;99;26627;19051;-1;-55
;ServiceLog;Andrey;1435912298757;2G;EDGE;1;250;99;26627;19051;-1;-55
;ServiceLog;Andrey;1435912299779;2G;EDGE;1;250;99;26627;19051;-1;-57
;ServiceLog;Andrey;1435912300789;2G;EDGE;1;250;99;26627;19051;-1;-57
;ServiceLog;Andrey;1435912301798;2G;EDGE;1;250;99;26627;19051;-1;-57
;ServiceLog;Andrey;1435912302860;2G;EDGE;1;250;99;26627;19051;-1;-57
;ServiceLog;Andrey;1435912303873;2G;EDGE;1;250;99;26627;19051;-1;-57
;ServiceLog;Andrey;1435912304888;2G;EDGE;1;250;99;26627;19051;-1;-57
;ServiceLog;Andrey;1435912305903;2G;EDGE;1;250;99;26627;19051;-1;-57
;ServiceLog;Andrey;1435912306916;2G;EDGE;1;250;99;26627;19051;-1;-57
;ServiceLog;Andrey;1435912307925;2G;EDGE;1;250;99;26627;19051;-1;-59
;ServiceLog;Andrey;1435912308946;2G;EDGE;1;250;99;26627;19051;-1;-59
;ServiceLog;Andrey;1435912310005;2G;EDGE;1;250;99;26627;19051;-1;-61
;ServiceLog;Andrey;1435912311024;2G;EDGE;1;250;99;26627;19051;-1;-61
;ServiceLog;Andrey;1435912312072;2G;EDGE;1;250;99;26627;19051;-1;-61
;ServiceLog;Andrey;1435912313095;2G;EDGE;1;250;99;26627;19051;-1;-63
;ServiceLog;Andrey;1435912314104;2G;EDGE;1;250;99;26627;19051;-1;-65
;ServiceLog;Andrey;1435912315120;2G;EDGE;1;250;99;26627;19051;-1;-67
;ServiceLog;Andrey;1435912316201;2G;EDGE;1;250;99;26627;19051;-1;-67
;ServiceLog;Andrey;1435912317213;2G;EDGE;1;250;99;26627;19051;-1;-69
;ServiceLog;Andrey;1435912318225;2G;EDGE;1;250;99;26627;19051;-1;-73
;ServiceLog;Andrey;1435912319239;2G;EDGE;1;250;99;26627;19051;-1;-73
;ServiceLog;Andrey;1435912320259;2G;EDGE;1;250;99;26627;19051;-1;-73
;ServiceLog;Andrey;1435912321270;2G;EDGE;1;250;99;26627;19051;-1;-75
;ServiceLog;Andrey;1435912322281;2G;EDGE;1;250;99;26627;19051;-1;-77
;ServiceLog;Andrey;1435912323290;2G;EDGE;1;250;99;26627;19051;-1;-77
;ServiceLog;Andrey;1435912324304;2G;EDGE;1;250;99;26627;19051;-1;-77
;ServiceLog;Andrey;1435912325333;2G;EDGE;1;250;99;26627;19051;-1;-79
;ServiceLog;Andrey;1435912326352;2G;EDGE;1;250;99;26627;19051;-1;-79
;ServiceLog;Andrey;1435912327363;2G;EDGE;1;250;99;26627;19051;-1;-79
;ServiceLog;Andrey;1435912328371;2G;EDGE;1;250;99;26627;19051;-1;-81
;ServiceLog;Andrey;1435912329389;2G;EDGE;1;250;99;26627;19051;-1;-81
;ServiceLog;Andrey;1435912330403;2G;EDGE;1;250;99;26627;19051;-1;-81
;ServiceLog;Andrey;1435912331423;2G;EDGE;1;250;99;26627;19051;-1;-83
;ServiceLog;Andrey;1435912332435;2G;EDGE;1;250;99;26627;19051;-1;-83
;ServiceLog;Andrey;1435912333441;2G;EDGE;1;250;99;26627;19051;-1;-85
;ServiceLog;Andrey;1435912334455;2G;EDGE;1;250;99;26627;19051;-1;-85
;ServiceLog;Andrey;1435912335484;2G;EDGE;1;250;99;26627;19051;-1;-85
;ServiceLog;Andrey;1435912336512;2G;EDGE;1;250;99;26627;19051;-1;-87
;ServiceLog;Andrey;1435912337530;2G;EDGE;1;250;99;26627;19051;-1;-87
;ServiceLog;Andrey;1435912338578;2G;EDGE;1;250;99;26627;19051;-1;-87
;ServiceLog;Andrey;1435912339613;2G;EDGE;1;250;99;26627;19051;-1;-89
;ServiceLog;Andrey;1435912340673;2G;EDGE;1;250;99;26627;19051;-1;-89
;ServiceLog;Andrey;1435912341702;2G;EDGE;1;250;99;26627;19051;-1;-89
;ServiceLog;Andrey;1435912342710;2G;EDGE;1;250;99;26627;19007;-1;-91
;ServiceLog;Andrey;1435912343731;2G;EDGE;1;250;99;26627;19007;-1;-91
;ServiceLog;Andrey;1435912344746;2G;EDGE;1;250;99;26627;19007;-1;-91
;ServiceLog;Andrey;1435912345753;2G;EDGE;1;250;99;26627;19007;-1;-87
;ServiceLog;Andrey;1435912346764;2G;EDGE;1;250;99;26627;19007;-1;-85
;ServiceLog;Andrey;1435912347776;2G;EDGE;1;250;99;26627;19007;-1;-83
;ServiceLog;Andrey;1435912348807;2G;EDGE;1;250;99;26627;19007;-1;-83
;ServiceLog;Andrey;1435912349832;2G;EDGE;1;250;99;26627;19007;-1;-79
;ServiceLog;Andrey;1435912350846;2G;EDGE;1;250;99;26627;19007;-1;-79
;ServiceLog;Andrey;1435912351863;2G;EDGE;1;250;99;26627;19007;-1;-77
;ServiceLog;Andrey;1435912352883;2G;EDGE;1;250;99;26627;19007;-1;-77
;ServiceLog;Andrey;1435912353896;2G;EDGE;1;250;99;26627;19007;-1;-75
;ServiceLog;Andrey;1435912354908;2G;EDGE;1;250;99;26627;19007;-1;-75
;ServiceLog;Andrey;1435912355927;2G;EDGE;1;250;99;26627;19007;-1;-75
;ServiceLog;Andrey;1435912357003;2G;EDGE;1;250;99;26627;19007;-1;-73
;ServiceLog;Andrey;1435912358016;2G;EDGE;1;250;99;26627;19007;-1;-73
;ServiceLog;Andrey;1435912359067;2G;EDGE;1;250;99;26627;19007;-1;-69
;ServiceLog;Andrey;1435912360106;2G;EDGE;1;250;99;26627;19007;-1;-69
;ServiceLog;Andrey;1435912361128;2G;EDGE;1;250;99;26627;19007;-1;-69
;ServiceLog;Andrey;1435912362140;2G;EDGE;1;250;99;26627;19007;-1;-67
;ServiceLog;Andrey;1435912363147;2G;EDGE;1;250;99;26627;19007;-1;-65
;ServiceLog;Andrey;1435912364161;2G;EDGE;1;250;99;26627;19007;-1;-65
;ServiceLog;Andrey;1435912365169;2G;EDGE;1;250;99;26627;19007;-1;-63
;ServiceLog;Andrey;1435912366195;2G;EDGE;1;250;99;26627;19007;-1;-63
;ServiceLog;Andrey;1435912367214;2G;EDGE;1;250;99;26627;19007;-1;-63
;ServiceLog;Andrey;1435912368274;2G;EDGE;1;250;99;26627;19007;-1;-63
;ServiceLog;Andrey;1435912369305;2G;EDGE;1;250;99;26627;19007;-1;-61
;ServiceLog;Andrey;1435912370371;2G;EDGE;1;250;99;26627;19007;-1;-61
;ServiceLog;Andrey;1435912371431;2G;EDGE;1;250;99;26627;19007;-1;-61
;ServiceLog;Andrey;1435912372513;2G;EDGE;1;250;99;26627;19007;-1;-61
;ServiceLog;Andrey;1435912373572;2G;EDGE;1;250;99;26627;19007;-1;-61
;ServiceLog;Andrey;1435912374723;2G;EDGE;1;250;99;26627;19007;-1;-61
;ServiceLog;Andrey;1435912375857;2G;EDGE;1;250;99;26627;19007;-1;-61
;ServiceLog;Andrey;1435912376906;2G;EDGE;1;250;99;26627;19007;-1;-61
;ServiceLog;Andrey;1435912377939;2G;EDGE;1;250;99;26627;19007;-1;-61
;ServiceLog;Andrey;1435912378985;2G;EDGE;1;250;99;26627;19007;-1;-59
;ServiceLog;Andrey;1435912380011;2G;EDGE;1;250;99;26627;19007;-1;-59
;ServiceLog;Andrey;1435912381171;2G;EDGE;1;250;99;26627;19007;-1;-59
;ServiceLog;Andrey;1435912382295;2G;EDGE;1;250;99;26627;19007;-1;-59
;ServiceLog;Andrey;1435912383337;2G;EDGE;1;250;99;26627;19007;-1;-59
;ServiceLog;Andrey;1435912384379;2G;EDGE;1;250;99;26627;19007;-1;-59
;ServiceLog;Andrey;1435912385407;2G;EDGE;1;250;99;26627;19007;-1;-59
;ServiceLog;Andrey;1435912386637;2G;EDGE;1;250;99;26627;19007;-1;-59
;ServiceLog;Andrey;1435912387703;2G;EDGE;1;250;99;26627;19007;-1;-59
;ServiceLog;Andrey;1435912388736;2G;EDGE;1;250;99;26627;19007;-1;-59
;ServiceLog;Andrey;1435912389850;2G;EDGE;1;250;99;26627;19007;-1;-59
;ServiceLog;Andrey;1435912390901;2G;EDGE;1;250;99;26627;19007;-1;-59
;ServiceLog;Andrey;1435912391938;2G;EDGE;1;250;99;26627;19007;-1;-61
;ServiceLog;Andrey;1435912392974;2G;EDGE;1;250;99;26627;19007;-1;-61
;ServiceLog;Andrey;1435912394019;2G;EDGE;1;250;99;26627;19007;-1;-61
;ServiceLog;Andrey;1435912395042;2G;EDGE;1;250;99;26627;19007;-1;-61
;ServiceLog;Andrey;1435912396085;2G;EDGE;1;250;99;26627;19007;-1;-65
;ServiceLog;Andrey;1435912397208;2G;EDGE;1;250;99;26627;19007;-1;-67
;ServiceLog;Andrey;1435912398364;2G;EDGE;1;250;99;26627;19007;-1;-69
;ServiceLog;Andrey;1435912399426;2G;EDGE;1;250;99;26627;19007;-1;-69
;ServiceLog;Andrey;1435912400477;2G;EDGE;1;250;99;26627;19007;-1;-73
;ServiceLog;Andrey;1435912401490;2G;EDGE;1;250;99;26627;19007;-1;-75
;ServiceLog;Andrey;1435912402528;2G;EDGE;1;250;99;26627;19007;-1;-77
;ServiceLog;Andrey;1435912403679;2G;EDGE;1;250;99;26627;19007;-1;-77
;ServiceLog;Andrey;1435912404721;2G;EDGE;1;250;99;26627;19007;-1;-77
;ServiceLog;Andrey;1435912405785;2G;EDGE;1;250;99;26627;19007;-1;-79
;ServiceLog;Andrey;1435912406821;2G;EDGE;1;250;99;26627;19007;-1;-79
;ServiceLog;Andrey;1435912407908;2G;EDGE;1;250;99;26627;19007;-1;-79
;ServiceLog;Andrey;1435912409011;2G;EDGE;1;250;99;26627;19007;-1;-79
;ServiceLog;Andrey;1435912410040;2G;EDGE;1;250;99;26627;19007;-1;-79
;ServiceLog;Andrey;1435912411080;2G;EDGE;1;250;99;26627;19007;-1;-79
;ServiceLog;Andrey;1435912412164;2G;EDGE;1;250;99;26627;19007;-1;-79
;ServiceLog;Andrey;1435912413196;2G;EDGE;1;250;99;26627;19007;-1;-79
;ServiceLog;Andrey;1435912414255;2G;EDGE;1;250;99;26627;19007;-1;-79
;ServiceLog;Andrey;1435912415293;2G;EDGE;1;250;99;26627;19007;-1;-79
;ServiceLog;Andrey;1435912416348;2G;EDGE;1;250;99;26627;19007;-1;-79
;ServiceLog;Andrey;1435912417382;2G;EDGE;1;250;99;26627;19007;-1;-79
;ServiceLog;Andrey;1435912418413;2G;EDGE;1;250;99;26627;19007;-1;-79
;ServiceLog;Andrey;1435912419472;2G;EDGE;1;250;99;26627;19007;-1;-79
;ServiceLog;Andrey;1435912420502;2G;EDGE;1;250;99;26627;19007;-1;-79
;ServiceLog;Andrey;1435912421578;2G;EDGE;1;250;99;26627;19007;-1;-77
;ServiceLog;Andrey;1435912422612;2G;EDGE;1;250;99;26627;19007;-1;-77
