index,CID,LAC,NetworkGen,NetworkType,NumRaces,NumUsers,Power,laccid,quality,ratio,segment,segment_end_id,segment_start_id,weight,x,y,coeffs,controls,method,maxCorrMinDelta,iter
1345,6889999,660,3G,UMTS,2,2,-87.0,UMTS-3G-660-6889999,0.27,0.466330281825,006-007,7,6,uniform,37.6530321441,55.7724308346,0.866006283828,0.0,byCorr,0.0,1.0
1348,6889999,660,3G,UMTS,2,2,-88.0,UMTS-3G-660-6889999,0.27,0.506301448839,006-007,7,6,uniform,37.652992023,55.7720945771,0.843357995921,0.0,byCorr,0.0,1.0
1350,6889999,660,3G,UMTS,2,2,-89.0,UMTS-3G-660-6889999,0.27,0.532948893514,006-007,7,6,uniform,37.6529395501,55.7718742011,0.845521359801,0.0,byCorr,0.0,1.0
1354,6889999,660,3G,UMTS,2,2,-89.0,UMTS-3G-660-6889999,0.27,0.586243782866,006-007,7,6,uniform,37.6525947653,55.7714688482,0.890722250445,1.0,byCorr,0.0,1.0
2186,6889999,660,3G,UMTS,1,1,-89.0,UMTS-3G-660-6889999,0.94,0.862110039876,011-010,10,11,distance,37.6150764285,55.7567896535,0.762075729567,0.0,byCorr,0.0,1.0
2192,6889999,660,3G,UMTS,1,1,-94.0,UMTS-3G-660-6889999,0.94,0.940619804375,011-010,10,11,distance,37.6157655481,55.7572349544,0.973940088894,0.0,byCorr,0.0,1.0
2195,6889999,660,3G,UMTS,1,1,-99.0,UMTS-3G-660-6889999,0.94,0.979874686625,011-010,10,11,distance,37.6161254727,55.7574498349,0.976429760269,1.0,byCorr,1.0,1.0
37670,4007,26802,2G,GPRS,1,1,-60.0,GPRS-2G-26802-4007,0.82,0.661181761815,142-143,143,142,uniform,37.6235360326,55.7151819402,0.892079040042,1.0,byCorr,0.0,2.0
37675,4007,26802,2G,GPRS,1,1,-62.0,GPRS-2G-26802-4007,0.82,0.691324040608,142-143,143,142,uniform,37.6234210135,55.7146153684,0.838750408107,0.0,byCorr,0.0,2.0
37678,4007,26802,2G,GPRS,1,1,-63.0,GPRS-2G-26802-4007,0.82,0.709409407883,142-143,143,142,uniform,37.623352002,55.7142754215,0.79746264232,0.0,byCorr,0.0,2.0
37682,4007,26802,2G,GPRS,1,1,-63.0,GPRS-2G-26802-4007,0.82,0.733523230918,142-143,143,142,uniform,37.6232727394,55.7138215087,0.791901000386,0.0,byCorr,0.0,2.0
37816,4007,26802,2G,GPRS,1,1,-65.0,GPRS-2G-26802-4007,0.76,0.583944249472,143-142,142,143,distance,37.6270742241,55.7194620301,0.865662763432,0.0,byCorr,0.0,2.0
37825,4007,26802,2G,GPRS,1,1,-68.0,GPRS-2G-26802-4007,0.76,0.633613453641,143-142,142,143,distance,37.6276028323,55.7203577688,0.969271443932,1.0,byCorr,1.0,2.0
37852,4007,26802,2G,GPRS,1,1,-96.0,GPRS-2G-26802-4007,0.76,0.782621066148,143-142,142,143,distance,37.6272610153,55.7231104372,0.856131099316,0.0,byCorr,0.0,2.0
38031,4007,26802,2G,GPRS,1,1,-105.0,GPRS-2G-26802-4007,0.82,0.345542510739,143-144,144,143,uniform,37.6181172565,55.7000220215,0.864946197044,1.0,byCorr,0.0,2.0
38039,4007,26802,2G,GPRS,1,1,-107.0,GPRS-2G-26802-4007,0.82,0.385545944393,143-144,144,143,uniform,37.6172604747,55.6990071109,0.825047109474,0.0,byCorr,0.0,2.0
32369,49597,26802,2G,GPRS,1,1,-67.0,GPRS-2G-26802-49597,0.66,0.807488963854,109-108,108,109,uniform,37.5379007607,55.6054559912,0.463163835176,1.0,byCorr,1.0,3.0
37366,401,770,2G,EDGE,1,2,-81.0,EDGE-2G-770-401,0.65,0.294954080307,141-142,142,141,uniform,37.6215390238,55.7353074492,3.76470588235,1.0,byAbs,1.0,5.0
37367,401,770,2G,EDGE,1,2,-81.0,EDGE-2G-770-401,0.65,0.304785882984,141-142,142,141,uniform,37.621672159,55.7352114677,3.88235294118,0.0,byAbs,0.0,5.0
37368,401,770,2G,EDGE,1,2,-81.0,EDGE-2G-770-401,0.65,0.31461768566,141-142,142,141,uniform,37.6218052943,55.735115486,3.94117647059,0.0,byAbs,0.0,5.0
37369,401,770,2G,EDGE,1,2,-81.0,EDGE-2G-770-401,0.65,0.324449488337,141-142,142,141,uniform,37.6219348185,55.7350180676,4.0,0.0,byAbs,0.0,5.0
37370,401,770,2G,EDGE,1,2,-81.0,EDGE-2G-770-401,0.65,0.334281291014,141-142,142,141,uniform,37.6220510435,55.7349153579,4.0,0.0,byAbs,0.0,5.0
37371,401,770,2G,EDGE,1,2,-81.0,EDGE-2G-770-401,0.65,0.344113093691,141-142,142,141,uniform,37.6221672684,55.7348126481,4.0,0.0,byAbs,0.0,5.0
37372,401,770,2G,EDGE,1,2,-81.0,EDGE-2G-770-401,0.65,0.353944896368,141-142,142,141,uniform,37.6222834934,55.7347099379,4.0,0.0,byAbs,0.0,5.0
37373,401,770,2G,EDGE,1,2,-81.0,EDGE-2G-770-401,0.65,0.363776699045,141-142,142,141,uniform,37.6223997183,55.7346072275,4.0,0.0,byAbs,0.0,5.0
37374,401,770,2G,EDGE,1,2,-81.0,EDGE-2G-770-401,0.65,0.373608501722,141-142,142,141,uniform,37.6225159433,55.7345045168,4.0,0.0,byAbs,0.0,5.0
37375,401,770,2G,EDGE,1,2,-81.0,EDGE-2G-770-401,0.65,0.383440304399,141-142,142,141,uniform,37.6226321682,55.7344018058,4.0,0.0,byAbs,0.0,5.0
37376,401,770,2G,EDGE,1,2,-81.0,EDGE-2G-770-401,0.65,0.393272107076,141-142,142,141,uniform,37.6227483931,55.7342990946,4.0,0.0,byAbs,0.0,5.0
37377,401,770,2G,EDGE,1,2,-81.0,EDGE-2G-770-401,0.65,0.403103909752,141-142,142,141,uniform,37.6228698255,55.734198325,4.0,0.0,byAbs,0.0,5.0
37378,401,770,2G,EDGE,1,2,-81.0,EDGE-2G-770-401,0.65,0.412935712429,141-142,142,141,uniform,37.6229924471,55.7340979987,4.0,0.0,byAbs,0.0,5.0
37379,401,770,2G,EDGE,1,2,-81.0,EDGE-2G-770-401,0.65,0.422767515106,141-142,142,141,uniform,37.6231150686,55.733997672,4.0,0.0,byAbs,0.0,5.0
37380,401,770,2G,EDGE,1,2,-81.0,EDGE-2G-770-401,0.65,0.432599317783,141-142,142,141,uniform,37.6232376902,55.7338973452,4.0,0.0,byAbs,0.0,5.0
37381,401,770,2G,EDGE,1,2,-81.0,EDGE-2G-770-401,0.65,0.44243112046,141-142,142,141,uniform,37.6233603117,55.733797018,4.0,0.0,byAbs,0.0,5.0
37382,401,770,2G,EDGE,1,2,-81.0,EDGE-2G-770-401,0.65,0.452262923137,141-142,142,141,uniform,37.6234801369,55.7336956483,4.0,0.0,byAbs,0.0,5.0
37383,401,770,2G,EDGE,1,2,-81.0,EDGE-2G-770-401,0.65,0.462094725814,141-142,142,141,uniform,37.6235962804,55.733592906,4.0,0.0,byAbs,0.0,5.0
37384,401,770,2G,EDGE,1,2,-81.0,EDGE-2G-770-401,0.65,0.471926528491,141-142,142,141,uniform,37.623709858,55.7334893147,4.0,0.0,byAbs,0.0,5.0
37385,401,770,2G,EDGE,1,2,-81.0,EDGE-2G-770-401,0.65,0.481758331168,141-142,142,141,uniform,37.6238127115,55.7333821757,4.0,0.0,byAbs,0.0,5.0
37386,401,770,2G,EDGE,1,2,-81.0,EDGE-2G-770-401,0.65,0.491590133844,141-142,142,141,uniform,37.6239155651,55.7332750364,4.0,0.0,byAbs,0.0,5.0
4012,601,770,2G,EDGE,1,1,-67.0,EDGE-2G-770-601,0.89,0.240545481829,027-026,26,27,uniform,37.6141206351,55.6533628728,0.125,0.0,byAbs,0.0,6.0
4013,601,770,2G,EDGE,1,1,-67.0,EDGE-2G-770-601,0.89,0.249136391895,027-026,26,27,uniform,37.6139395794,55.6533617995,0.0625,0.0,byAbs,0.0,6.0
4014,601,770,2G,EDGE,1,1,-67.0,EDGE-2G-770-601,0.89,0.25772730196,027-026,26,27,uniform,37.6137585237,55.6533607263,0.0,1.0,byAbs,1.0,6.0
4015,601,770,2G,EDGE,1,1,-67.0,EDGE-2G-770-601,0.89,0.266318212025,027-026,26,27,uniform,37.6135774681,55.6533596531,0.0,1.0,byAbs,1.0,6.0
4016,601,770,2G,EDGE,1,1,-67.0,EDGE-2G-770-601,0.89,0.274909122091,027-026,26,27,uniform,37.6133964124,55.6533585798,0.0,1.0,byAbs,1.0,6.0
4017,601,770,2G,EDGE,1,1,-67.0,EDGE-2G-770-601,0.89,0.283500032156,027-026,26,27,uniform,37.6132153567,55.6533575066,0.0,1.0,byAbs,1.0,6.0
4018,601,770,2G,EDGE,1,1,-67.0,EDGE-2G-770-601,0.89,0.292090942221,027-026,26,27,uniform,37.6130343011,55.6533564333,0.0,1.0,byAbs,1.0,6.0
4019,601,770,2G,EDGE,1,1,-67.0,EDGE-2G-770-601,0.89,0.300681852287,027-026,26,27,uniform,37.6128532454,55.6533553601,0.0,1.0,byAbs,1.0,6.0
4020,601,770,2G,EDGE,1,1,-67.0,EDGE-2G-770-601,0.89,0.309272762352,027-026,26,27,uniform,37.6126721897,55.6533542869,0.0,1.0,byAbs,1.0,6.0
4021,601,770,2G,EDGE,1,1,-67.0,EDGE-2G-770-601,0.89,0.317863672417,027-026,26,27,uniform,37.6124911341,55.6533532136,0.0,1.0,byAbs,1.0,6.0
4022,601,770,2G,EDGE,1,1,-67.0,EDGE-2G-770-601,0.89,0.326454582483,027-026,26,27,uniform,37.6123100784,55.6533521404,0.0,1.0,byAbs,1.0,6.0
4023,601,770,2G,EDGE,1,1,-67.0,EDGE-2G-770-601,0.89,0.335045492548,027-026,26,27,uniform,37.6121290227,55.6533510671,0.0,1.0,byAbs,1.0,6.0
4024,601,770,2G,EDGE,1,1,-67.0,EDGE-2G-770-601,0.89,0.343636402613,027-026,26,27,uniform,37.6119479671,55.6533499939,0.0,1.0,byAbs,1.0,6.0
4025,601,770,2G,EDGE,1,1,-67.0,EDGE-2G-770-601,0.89,0.352227312679,027-026,26,27,uniform,37.6117669114,55.6533489207,0.0,1.0,byAbs,1.0,6.0
4026,601,770,2G,EDGE,1,1,-67.0,EDGE-2G-770-601,0.89,0.360818222744,027-026,26,27,uniform,37.6115858557,55.6533478474,0.0,1.0,byAbs,1.0,6.0
4027,601,770,2G,EDGE,1,1,-67.0,EDGE-2G-770-601,0.89,0.369409132809,027-026,26,27,uniform,37.6114048001,55.6533467742,0.0,1.0,byAbs,1.0,6.0
4028,601,770,2G,EDGE,1,1,-67.0,EDGE-2G-770-601,0.89,0.378000042875,027-026,26,27,uniform,37.6112237444,55.6533457009,0.0,1.0,byAbs,1.0,6.0
4029,601,770,2G,EDGE,1,1,-67.0,EDGE-2G-770-601,0.89,0.38659095294,027-026,26,27,uniform,37.6110426887,55.6533446277,0.0,1.0,byAbs,1.0,6.0
4030,601,770,2G,EDGE,1,1,-67.0,EDGE-2G-770-601,0.89,0.395181863005,027-026,26,27,uniform,37.610861633,55.6533435545,0.0,1.0,byAbs,1.0,6.0
4031,601,770,2G,EDGE,1,1,-67.0,EDGE-2G-770-601,0.89,0.403772773071,027-026,26,27,uniform,37.6106805774,55.6533424812,0.0,1.0,byAbs,1.0,6.0
4032,601,770,2G,EDGE,1,1,-67.0,EDGE-2G-770-601,0.89,0.412363683136,027-026,26,27,uniform,37.6104995217,55.653341408,0.0,1.0,byAbs,1.0,6.0
4033,601,770,2G,EDGE,1,1,-67.0,EDGE-2G-770-601,0.89,0.420954593201,027-026,26,27,uniform,37.610318466,55.6533403347,0.0,1.0,byAbs,1.0,6.0
4034,601,770,2G,EDGE,1,1,-67.0,EDGE-2G-770-601,0.89,0.429545503267,027-026,26,27,uniform,37.6101374104,55.6533392615,0.0,1.0,byAbs,1.0,6.0
4035,601,770,2G,EDGE,1,1,-67.0,EDGE-2G-770-601,0.89,0.438136413332,027-026,26,27,uniform,37.6099563547,55.6533381883,0.0,1.0,byAbs,1.0,6.0
4036,601,770,2G,EDGE,1,1,-67.0,EDGE-2G-770-601,0.89,0.446727323397,027-026,26,27,uniform,37.609775299,55.653337115,0.0,1.0,byAbs,1.0,6.0
4037,601,770,2G,EDGE,1,1,-67.0,EDGE-2G-770-601,0.89,0.455318233463,027-026,26,27,uniform,37.6095942434,55.6533360418,0.0,1.0,byAbs,1.0,6.0
4038,601,770,2G,EDGE,1,1,-67.0,EDGE-2G-770-601,0.89,0.463909143528,027-026,26,27,uniform,37.6094131877,55.6533349685,0.0,1.0,byAbs,1.0,6.0
4039,601,770,2G,EDGE,1,1,-67.0,EDGE-2G-770-601,0.89,0.472500053593,027-026,26,27,uniform,37.609232132,55.6533338953,0.0,1.0,byAbs,1.0,6.0
4040,601,770,2G,EDGE,1,1,-67.0,EDGE-2G-770-601,0.89,0.481090963659,027-026,26,27,uniform,37.6090510764,55.6533328221,0.0,1.0,byAbs,1.0,6.0
4041,601,770,2G,EDGE,1,1,-67.0,EDGE-2G-770-601,0.89,0.489681873724,027-026,26,27,uniform,37.6088700207,55.6533317488,0.0,1.0,byAbs,1.0,6.0
4042,601,770,2G,EDGE,1,1,-67.0,EDGE-2G-770-601,0.89,0.49827278379,027-026,26,27,uniform,37.608688965,55.6533306756,0.0,1.0,byAbs,1.0,6.0
4043,601,770,2G,EDGE,1,1,-67.0,EDGE-2G-770-601,0.89,0.506863693855,027-026,26,27,uniform,37.6085079094,55.6533296023,0.0,1.0,byAbs,1.0,6.0
4044,601,770,2G,EDGE,1,1,-67.0,EDGE-2G-770-601,0.89,0.51545460392,027-026,26,27,uniform,37.6083268537,55.6533285291,0.0,1.0,byAbs,1.0,6.0
4045,601,770,2G,EDGE,1,1,-67.0,EDGE-2G-770-601,0.89,0.524045513986,027-026,26,27,uniform,37.608145798,55.6533274559,0.0,1.0,byAbs,1.0,6.0
4046,601,770,2G,EDGE,1,1,-67.0,EDGE-2G-770-601,0.89,0.532636424051,027-026,26,27,uniform,37.6079647423,55.6533263826,0.0,1.0,byAbs,1.0,6.0
4047,601,770,2G,EDGE,1,1,-67.0,EDGE-2G-770-601,0.89,0.541227334116,027-026,26,27,uniform,37.6077836867,55.6533253094,0.0,1.0,byAbs,1.0,6.0
4048,601,770,2G,EDGE,1,1,-67.0,EDGE-2G-770-601,0.89,0.549818244182,027-026,26,27,uniform,37.607602631,55.6533242361,0.0,1.0,byAbs,1.0,6.0
4049,601,770,2G,EDGE,1,1,-67.0,EDGE-2G-770-601,0.89,0.558409154247,027-026,26,27,uniform,37.6074215753,55.6533231629,0.0,1.0,byAbs,1.0,6.0
43489,7799017,655,3G,UMTS,1,2,-79.0,UMTS-3G-655-7799017,0.76,0.719610457966,194-195,195,194,distance,37.5203947739,55.5391646222,0.867303270975,0.0,byCorr,0.0,7.0
43497,7799017,655,3G,UMTS,1,2,-89.0,UMTS-3G-655-7799017,0.76,0.798191448655,194-195,195,194,distance,37.5192502069,55.5388941599,0.975100666076,1.0,byCorr,1.0,7.0
43506,7799017,655,3G,UMTS,1,2,-91.0,UMTS-3G-655-7799017,0.76,0.886595063179,194-195,195,194,distance,37.51796502,55.5385867607,0.808037607413,0.0,byCorr,0.0,7.0
43647,7799017,655,3G,UMTS,1,2,-74.0,UMTS-3G-655-7799017,0.91,0.631378732936,195-194,194,195,uniform,37.5255179693,55.5403112014,0.877919316362,0.0,byCorr,0.0,7.0
43653,7799017,655,3G,UMTS,1,2,-77.0,UMTS-3G-655-7799017,0.91,0.693087885395,195-194,194,195,uniform,37.5264191104,55.5405209206,0.973036401153,1.0,byCorr,0.0,7.0
43655,7799017,655,3G,UMTS,1,2,-79.0,UMTS-3G-655-7799017,0.91,0.713657602882,195-194,194,195,uniform,37.5267195763,55.5405907086,0.956662231108,0.0,byCorr,0.0,7.0
43657,7799017,655,3G,UMTS,1,2,-81.0,UMTS-3G-655-7799017,0.91,0.734227320368,195-194,194,195,uniform,37.527020244,55.5406602181,0.929102334557,0.0,byCorr,0.0,7.0
43660,7799017,655,3G,UMTS,1,2,-81.0,UMTS-3G-655-7799017,0.91,0.765081896598,195-194,194,195,uniform,37.5274712454,55.5407644821,0.913081091691,0.0,byCorr,0.0,7.0
43662,7799017,655,3G,UMTS,1,2,-81.0,UMTS-3G-655-7799017,0.91,0.785651614084,195-194,194,195,uniform,37.5277719131,55.5408339912,0.918627842782,0.0,byCorr,0.0,7.0
43678,7799017,655,3G,UMTS,1,2,-89.0,UMTS-3G-655-7799017,0.91,0.950209353976,195-194,194,195,uniform,37.5301380971,55.541438603,0.967602057717,0.0,byCorr,0.0,7.0
15700,11033,660,2G,EDGE,2,1,-75.0,EDGE-2G-660-11033,0.74,0.197634995602,068-069,69,68,uniform,37.6080718566,55.7803555901,0.975400452694,0.0,byCorr,0.0,8.0
15706,11033,660,2G,EDGE,2,1,-79.0,EDGE-2G-660-11033,0.74,0.25368151528,068-069,69,68,uniform,37.6098064386,55.7805297905,0.941480597537,0.0,byCorr,0.0,8.0
15716,11033,660,2G,EDGE,2,1,-80.0,EDGE-2G-660-11033,0.74,0.34709238141,068-069,69,68,uniform,37.6127337019,55.7805655356,0.991497414391,1.0,byCorr,1.0,8.0
15717,11033,660,2G,EDGE,2,1,-80.0,EDGE-2G-660-11033,0.74,0.356433468023,068-069,69,68,uniform,37.6130262257,55.7805496541,0.739018539364,0.0,byCorr,0.0,8.0
15728,11033,660,2G,EDGE,2,1,-80.0,EDGE-2G-660-11033,0.74,0.459185420767,068-069,69,68,uniform,37.6162419259,55.7803635738,0.739018539364,0.0,byCorr,0.0,8.0
15730,11033,660,2G,EDGE,2,1,-82.0,EDGE-2G-660-11033,0.74,0.477867593993,068-069,69,68,uniform,37.6168262056,55.7803276181,0.621505810366,0.0,byCorr,0.0,8.0
15741,11033,660,2G,EDGE,2,1,-83.0,EDGE-2G-660-11033,0.74,0.580619546736,068-069,69,68,uniform,37.6200405076,55.780133825,0.910474472496,0.0,byCorr,0.0,8.0
15744,11033,660,2G,EDGE,2,1,-83.0,EDGE-2G-660-11033,0.74,0.608642806575,068-069,69,68,uniform,37.6209171437,55.7800810155,0.991497414391,1.0,byCorr,1.0,8.0
15745,11033,660,2G,EDGE,2,1,-83.0,EDGE-2G-660-11033,0.74,0.617983893188,068-069,69,68,uniform,37.6212095532,55.7800645471,0.739018539364,0.0,byCorr,0.0,8.0
15766,11033,660,2G,EDGE,2,1,-86.0,EDGE-2G-660-11033,0.74,0.814146712062,068-069,69,68,uniform,37.6273666717,55.7798335455,0.917420759636,0.0,byCorr,0.0,8.0
15769,11033,660,2G,EDGE,2,1,-86.0,EDGE-2G-660-11033,0.74,0.842169971901,068-069,69,68,uniform,37.6282469127,55.7798055123,0.880547309569,0.0,byCorr,0.0,8.0
15785,11033,660,2G,EDGE,2,1,-106.0,EDGE-2G-660-11033,0.74,0.99162735771,068-069,69,68,uniform,37.6329465923,55.7797589077,0.922571684283,0.0,byCorr,0.0,8.0
15796,11041,660,2G,EDGE,1,1,-89.0,EDGE-2G-660-11041,0.72,0.761569220356,068-069,69,68,distance,37.6257151555,55.7798861416,0.858091337154,0.0,byCorr,0.0,8.0
15805,11041,660,2G,EDGE,1,1,-75.0,EDGE-2G-660-11041,0.72,0.847991523375,068-069,69,68,distance,37.6284297743,55.7797996921,0.996976663667,1.0,byCorr,1.0,8.0
15816,11041,660,2G,EDGE,1,1,-71.0,EDGE-2G-660-11041,0.72,0.953618782621,068-069,69,68,distance,37.6317508239,55.7797537536,0.733607798694,0.0,byCorr,0.0,8.0
16415,11033,660,2G,EDGE,1,1,-75.0,EDGE-2G-660-11033,0.87,0.717934308888,069-068,68,69,distance,37.6106409325,55.7807753644,0.922458826678,1.0,byCorr,0.0,8.0
16417,11033,660,2G,EDGE,1,1,-75.0,EDGE-2G-660-11033,0.87,0.73416087195,069-068,68,69,distance,37.6101327971,55.7807427684,0.90510916595,0.0,byCorr,0.0,8.0
16424,11033,660,2G,EDGE,1,1,-77.0,EDGE-2G-660-11033,0.87,0.790953842665,069-068,68,69,distance,37.6083642531,55.7805849908,0.922458826678,1.0,byCorr,0.0,8.0
16426,11033,660,2G,EDGE,1,1,-77.0,EDGE-2G-660-11033,0.87,0.807180405727,069-068,68,69,distance,37.6078680355,55.78051456,0.90510916595,0.0,byCorr,0.0,8.0
16430,11033,660,2G,EDGE,1,1,-78.0,EDGE-2G-660-11033,0.87,0.83963353185,069-068,68,69,distance,37.6068754169,55.780374122,0.658647099927,0.0,byCorr,0.0,8.0
16449,11033,660,2G,EDGE,1,1,-81.0,EDGE-2G-660-11033,0.87,0.993785880935,069-068,68,69,distance,37.6021418724,55.7797500239,0.870753153233,0.0,byCorr,0.0,8.0
16271,11041,660,2G,EDGE,1,1,-71.0,EDGE-2G-660-11041,0.86,0.057484124648,069-068,68,69,distance,37.6313970382,55.7799574895,0.943172543724,0.0,byCorr,0.0,8.0
16273,11041,660,2G,EDGE,1,1,-64.0,EDGE-2G-660-11041,0.86,0.0739081602617,069-068,68,69,distance,37.6308790521,55.77996,0.968860368391,1.0,byCorr,0.0,8.0
16275,11041,660,2G,EDGE,1,1,-64.0,EDGE-2G-660-11041,0.86,0.0903321958754,069-068,68,69,distance,37.6303610456,55.77996,0.946155166517,0.0,byCorr,0.0,8.0
39928,10454313,7717,3G,HSDPA,3,3,-75.0,HSDPA-3G-7717-10454313,0.87,0.88558612815,149-150,150,149,distance,37.6047118945,55.6135602638,0.697616553196,1.0,byCorr,1.0,9.0
42452,6890765,660,3G,UMTS,1,1,-95.0,UMTS-3G-660-6890765,0.73,0.419060728599,188-189,189,188,uniform,37.5383525554,55.7490877338,0.936011328822,0.0,byCorr,0.0,10.0
42456,6890765,660,3G,UMTS,1,1,-95.0,UMTS-3G-660-6890765,0.73,0.473133080677,188-189,189,188,uniform,37.5380093977,55.7489741058,0.970682784723,1.0,byCorr,1.0,10.0
42458,6890765,660,3G,UMTS,1,1,-95.0,UMTS-3G-660-6890765,0.73,0.500169256715,188-189,189,188,uniform,37.5378378188,55.7489172918,0.956618577095,0.0,byCorr,0.0,10.0
13375,487957,821,3G,UMTS,1,1,-80.0,UMTS-3G-821-487957,0.87,0.143931367248,062-063,63,62,distance,37.4811463,55.7389346575,9.77777777778,1.0,byAbs,1.0,11.0
13318,512130,821,3G,UMTS,2,1,-91.0,UMTS-3G-821-512130,0.89,0.514609401117,062-063,63,62,distance,37.4751144613,55.7376259938,0.962547724498,0.0,byCorr,0.0,11.0
13321,512130,821,3G,UMTS,2,1,-93.0,UMTS-3G-821-512130,0.89,0.547471673728,062-063,63,62,distance,37.4745791974,55.7375104628,0.905131224161,0.0,byCorr,0.0,11.0
13328,512130,821,3G,UMTS,2,1,-95.0,UMTS-3G-821-512130,0.89,0.62415030982,062-063,63,62,distance,37.4733302485,55.7372408891,0.920331613635,0.0,byCorr,0.0,11.0
13330,512130,821,3G,UMTS,2,1,-95.0,UMTS-3G-821-512130,0.89,0.646058491561,062-063,63,62,distance,37.472973406,55.7371638677,0.888028688446,0.0,byCorr,0.0,11.0
13338,512130,821,3G,UMTS,2,1,-97.0,UMTS-3G-821-512130,0.89,0.733691218524,062-063,63,62,distance,37.4715460358,55.7368557805,0.920331613635,0.0,byCorr,0.0,11.0
13340,512130,821,3G,UMTS,2,1,-97.0,UMTS-3G-821-512130,0.89,0.755599400264,062-063,63,62,distance,37.4711891933,55.7367787584,0.888028688446,0.0,byCorr,0.0,11.0
13348,512130,821,3G,UMTS,2,1,-99.0,UMTS-3G-821-512130,0.89,0.843232127227,062-063,63,62,distance,37.46975324,55.7364838948,0.920331613635,0.0,byCorr,0.0,11.0
13350,512130,821,3G,UMTS,2,1,-99.0,UMTS-3G-821-512130,0.89,0.865140308968,062-063,63,62,distance,37.4693891713,55.7364186922,0.888028688446,0.0,byCorr,0.0,11.0
13358,512130,821,3G,UMTS,2,1,-100.0,UMTS-3G-821-512130,0.89,0.95277303593,062-063,63,62,distance,37.4679202626,55.7361804334,0.996516680486,1.0,byCorr,1.0,11.0
13361,512130,821,3G,UMTS,2,1,-103.0,UMTS-3G-821-512130,0.89,0.985635308541,062-063,63,62,distance,37.4673680426,55.7360938106,0.824202924828,0.0,byCorr,0.0,11.0
37767,603,770,2G,EDGE,1,1,-85.0,EDGE-2G-770-603,0.56,0.231719413452,143-142,142,143,distance,37.6234584334,55.7131594761,7.8125,1.0,byAbs,0.0,12.0
37768,603,770,2G,EDGE,1,1,-85.0,EDGE-2G-770-603,0.56,0.237236542344,143-142,142,143,distance,37.6234676818,55.7132642195,7.875,0.0,byAbs,0.0,12.0
37769,603,770,2G,EDGE,1,1,-85.0,EDGE-2G-770-603,0.56,0.242753671236,143-142,142,143,distance,37.6234769302,55.7133689626,8.0,0.0,byAbs,0.0,12.0
37770,603,770,2G,EDGE,1,1,-85.0,EDGE-2G-770-603,0.56,0.248270800128,143-142,142,143,distance,37.6234861786,55.7134737054,8.0,0.0,byAbs,0.0,12.0
37771,603,770,2G,EDGE,1,1,-85.0,EDGE-2G-770-603,0.56,0.253787929019,143-142,142,143,distance,37.6234954271,55.713578448,8.0,0.0,byAbs,0.0,12.0
37772,603,770,2G,EDGE,1,1,-85.0,EDGE-2G-770-603,0.56,0.259305057911,143-142,142,143,distance,37.6235046755,55.7136831903,8.0,0.0,byAbs,0.0,12.0
37773,603,770,2G,EDGE,1,1,-85.0,EDGE-2G-770-603,0.56,0.264822186803,143-142,142,143,distance,37.6235139239,55.7137879322,8.0,0.0,byAbs,0.0,12.0
37774,603,770,2G,EDGE,1,1,-85.0,EDGE-2G-770-603,0.56,0.270339315695,143-142,142,143,distance,37.6235231723,55.713892674,8.0,0.0,byAbs,0.0,12.0
37775,603,770,2G,EDGE,1,1,-85.0,EDGE-2G-770-603,0.56,0.275856444586,143-142,142,143,distance,37.6235358914,55.7139972479,8.0,0.0,byAbs,0.0,12.0
37776,603,770,2G,EDGE,1,1,-85.0,EDGE-2G-770-603,0.56,0.281373573478,143-142,142,143,distance,37.6235583995,55.7141013492,8.0,0.0,byAbs,0.0,12.0
37777,603,770,2G,EDGE,1,1,-85.0,EDGE-2G-770-603,0.56,0.28689070237,143-142,142,143,distance,37.6235809076,55.7142054503,8.0,0.0,byAbs,0.0,12.0
37778,603,770,2G,EDGE,1,1,-85.0,EDGE-2G-770-603,0.56,0.292407831261,143-142,142,143,distance,37.6236034157,55.714309551,8.0,0.0,byAbs,0.0,12.0
37779,603,770,2G,EDGE,1,1,-85.0,EDGE-2G-770-603,0.56,0.297924960153,143-142,142,143,distance,37.6236259238,55.7144136515,8.0,0.0,byAbs,0.0,12.0
37780,603,770,2G,EDGE,1,1,-85.0,EDGE-2G-770-603,0.56,0.303442089045,143-142,142,143,distance,37.623648432,55.7145177517,8.0,0.0,byAbs,0.0,12.0
37781,603,770,2G,EDGE,1,1,-85.0,EDGE-2G-770-603,0.56,0.308959217937,143-142,142,143,distance,37.6236709401,55.7146218517,8.0,0.0,byAbs,0.0,12.0
37782,603,770,2G,EDGE,1,1,-85.0,EDGE-2G-770-603,0.56,0.314476346828,143-142,142,143,distance,37.6236934482,55.7147259513,8.0,0.0,byAbs,0.0,12.0
37783,603,770,2G,EDGE,1,1,-85.0,EDGE-2G-770-603,0.56,0.31999347572,143-142,142,143,distance,37.6237159563,55.7148300507,8.0,0.0,byAbs,0.0,12.0
37784,603,770,2G,EDGE,1,1,-85.0,EDGE-2G-770-603,0.56,0.325510604612,143-142,142,143,distance,37.6237384644,55.7149341498,8.0,0.0,byAbs,0.0,12.0
37785,603,770,2G,EDGE,1,1,-85.0,EDGE-2G-770-603,0.56,0.331027733504,143-142,142,143,distance,37.6237609725,55.7150382486,8.0,0.0,byAbs,0.0,12.0
37786,603,770,2G,EDGE,1,1,-85.0,EDGE-2G-770-603,0.56,0.336544862395,143-142,142,143,distance,37.6238106071,55.7151384944,8.0,0.0,byAbs,0.0,12.0
37787,603,770,2G,EDGE,1,1,-85.0,EDGE-2G-770-603,0.56,0.342061991287,143-142,142,143,distance,37.6238784071,55.71523616,8.0,0.0,byAbs,0.0,12.0
37788,603,770,2G,EDGE,1,1,-85.0,EDGE-2G-770-603,0.56,0.347579120179,143-142,142,143,distance,37.6239462072,55.7153338253,8.0,0.0,byAbs,0.0,12.0
37789,603,770,2G,EDGE,1,1,-85.0,EDGE-2G-770-603,0.56,0.35309624907,143-142,142,143,distance,37.6240140072,55.7154314904,8.0,0.0,byAbs,0.0,12.0
37790,603,770,2G,EDGE,1,1,-85.0,EDGE-2G-770-603,0.56,0.358613377962,143-142,142,143,distance,37.6240818072,55.7155291552,8.0,0.0,byAbs,0.0,12.0
37791,603,770,2G,EDGE,1,1,-85.0,EDGE-2G-770-603,0.56,0.364130506854,143-142,142,143,distance,37.6241496072,55.7156268198,8.0,0.0,byAbs,0.0,12.0
37792,603,770,2G,EDGE,1,1,-85.0,EDGE-2G-770-603,0.56,0.369647635746,143-142,142,143,distance,37.6242174073,55.7157244842,8.0,0.0,byAbs,0.0,12.0
37793,603,770,2G,EDGE,1,1,-85.0,EDGE-2G-770-603,0.56,0.375164764637,143-142,142,143,distance,37.6242852073,55.7158221483,8.0,0.0,byAbs,0.0,12.0
38005,603,770,2G,EDGE,1,2,-85.0,EDGE-2G-770-603,0.73,0.215093561544,143-144,144,143,uniform,37.621973498,55.7029724447,8.0,1.0,byAbs,0.0,12.0
38006,603,770,2G,EDGE,1,2,-85.0,EDGE-2G-770-603,0.73,0.220095737394,143-144,144,143,uniform,37.6218229598,55.7028602895,8.0,1.0,byAbs,0.0,12.0
38007,603,770,2G,EDGE,1,2,-85.0,EDGE-2G-770-603,0.73,0.225097913244,143-144,144,143,uniform,37.6216724216,55.7027481339,8.0,1.0,byAbs,0.0,12.0
38008,603,770,2G,EDGE,1,2,-85.0,EDGE-2G-770-603,0.73,0.230100089094,143-144,144,143,uniform,37.6215218833,55.702635978,8.0,1.0,byAbs,0.0,12.0
38009,603,770,2G,EDGE,1,2,-85.0,EDGE-2G-770-603,0.73,0.235102264944,143-144,144,143,uniform,37.6213713451,55.7025238218,8.0,1.0,byAbs,0.0,12.0
38010,603,770,2G,EDGE,1,2,-85.0,EDGE-2G-770-603,0.73,0.240104440793,143-144,144,143,uniform,37.6212208069,55.7024116652,8.0,1.0,byAbs,0.0,12.0
38011,603,770,2G,EDGE,1,2,-85.0,EDGE-2G-770-603,0.73,0.245106616643,143-144,144,143,uniform,37.6210702687,55.7022995083,8.0,1.0,byAbs,0.0,12.0
38012,603,770,2G,EDGE,1,2,-85.0,EDGE-2G-770-603,0.73,0.250108792493,143-144,144,143,uniform,37.6209197305,55.7021873511,8.0,1.0,byAbs,0.0,12.0
38013,603,770,2G,EDGE,1,2,-85.0,EDGE-2G-770-603,0.73,0.255110968343,143-144,144,143,uniform,37.6207691922,55.7020751936,8.0,1.0,byAbs,0.0,12.0
38014,603,770,2G,EDGE,1,2,-85.0,EDGE-2G-770-603,0.73,0.260113144193,143-144,144,143,uniform,37.620618654,55.7019630358,8.0,1.0,byAbs,0.0,12.0
38093,603,770,2G,EDGE,1,1,-77.0,EDGE-2G-770-603,-44.3,0.0657635696027,144-143,143,144,uniform,37.623480699,55.6846530207,0.0,1.0,byAbs,1.0,12.0
38094,603,770,2G,EDGE,1,1,-77.0,EDGE-2G-770-603,-44.3,0.0701478075762,144-143,143,144,uniform,37.6234860909,55.6847764966,0.0,1.0,byAbs,1.0,12.0
38095,603,770,2G,EDGE,1,1,-77.0,EDGE-2G-770-603,-44.3,0.0745320455497,144-143,143,144,uniform,37.6234914828,55.6848999722,0.0,1.0,byAbs,1.0,12.0
38096,603,770,2G,EDGE,1,1,-77.0,EDGE-2G-770-603,-44.3,0.0789162835232,144-143,143,144,uniform,37.6234968747,55.6850234473,0.0,1.0,byAbs,1.0,12.0
38097,603,770,2G,EDGE,1,1,-77.0,EDGE-2G-770-603,-44.3,0.0833005214968,144-143,143,144,uniform,37.6235022666,55.685146922,0.0,1.0,byAbs,1.0,12.0
38098,603,770,2G,EDGE,1,1,-77.0,EDGE-2G-770-603,-44.3,0.0876847594703,144-143,143,144,uniform,37.6235076585,55.6852703964,0.0,1.0,byAbs,1.0,12.0
38099,603,770,2G,EDGE,1,1,-77.0,EDGE-2G-770-603,-44.3,0.0920689974438,144-143,143,144,uniform,37.6235130504,55.6853938704,0.0,1.0,byAbs,1.0,12.0
38100,603,770,2G,EDGE,1,1,-77.0,EDGE-2G-770-603,-44.3,0.0964532354173,144-143,143,144,uniform,37.6235184423,55.685517344,0.0,1.0,byAbs,1.0,12.0
38101,603,770,2G,EDGE,1,1,-77.0,EDGE-2G-770-603,-44.3,0.100837473391,144-143,143,144,uniform,37.6235238342,55.6856408172,0.0,1.0,byAbs,1.0,12.0
38102,603,770,2G,EDGE,1,1,-77.0,EDGE-2G-770-603,-44.3,0.105221711364,144-143,143,144,uniform,37.6235292262,55.68576429,0.0,1.0,byAbs,1.0,12.0
38103,603,770,2G,EDGE,1,1,-77.0,EDGE-2G-770-603,-44.3,0.109605949338,144-143,143,144,uniform,37.6235346181,55.6858877624,0.0,1.0,byAbs,1.0,12.0
38104,603,770,2G,EDGE,1,1,-77.0,EDGE-2G-770-603,-44.3,0.113990187311,144-143,143,144,uniform,37.62354001,55.6860112344,0.0,1.0,byAbs,1.0,12.0
38105,603,770,2G,EDGE,1,1,-77.0,EDGE-2G-770-603,-44.3,0.118374425285,144-143,143,144,uniform,37.6235454019,55.686134706,0.0,1.0,byAbs,1.0,12.0
38106,603,770,2G,EDGE,1,1,-77.0,EDGE-2G-770-603,-44.3,0.122758663258,144-143,143,144,uniform,37.6235454988,55.6862580048,0.0,1.0,byAbs,1.0,12.0
38107,603,770,2G,EDGE,1,1,-77.0,EDGE-2G-770-603,-44.3,0.127142901232,144-143,143,144,uniform,37.6235149242,55.6863803046,0.0,1.0,byAbs,1.0,12.0
38108,603,770,2G,EDGE,1,1,-77.0,EDGE-2G-770-603,-44.3,0.131527139205,144-143,143,144,uniform,37.6234843495,55.6865026039,0.0,1.0,byAbs,1.0,12.0
38109,603,770,2G,EDGE,1,1,-77.0,EDGE-2G-770-603,-44.3,0.135911377179,144-143,143,144,uniform,37.6234537749,55.6866249029,0.0,1.0,byAbs,1.0,12.0
38110,603,770,2G,EDGE,1,1,-77.0,EDGE-2G-770-603,-44.3,0.140295615152,144-143,143,144,uniform,37.6234232002,55.6867472015,0.0,1.0,byAbs,1.0,12.0
38111,603,770,2G,EDGE,1,1,-77.0,EDGE-2G-770-603,-44.3,0.144679853126,144-143,143,144,uniform,37.6233926256,55.6868694997,0.0,1.0,byAbs,1.0,12.0
38112,603,770,2G,EDGE,1,1,-77.0,EDGE-2G-770-603,-44.3,0.149064091099,144-143,143,144,uniform,37.6233620509,55.6869917975,0.0,1.0,byAbs,1.0,12.0
38113,603,770,2G,EDGE,1,1,-77.0,EDGE-2G-770-603,-44.3,0.153448329073,144-143,143,144,uniform,37.6233314763,55.6871140949,0.0,1.0,byAbs,1.0,12.0
38114,603,770,2G,EDGE,1,1,-77.0,EDGE-2G-770-603,-44.3,0.157832567046,144-143,143,144,uniform,37.6232203693,55.6872199845,0.0,1.0,byAbs,1.0,12.0
38115,603,770,2G,EDGE,1,1,-77.0,EDGE-2G-770-603,-44.3,0.16221680502,144-143,143,144,uniform,37.6231051765,55.6873250415,0.0,1.0,byAbs,1.0,12.0
38116,603,770,2G,EDGE,1,1,-77.0,EDGE-2G-770-603,-44.3,0.166601042994,144-143,143,144,uniform,37.6229899838,55.6874300981,0.0,1.0,byAbs,1.0,12.0
38117,603,770,2G,EDGE,1,1,-77.0,EDGE-2G-770-603,-44.3,0.170985280967,144-143,143,144,uniform,37.622874791,55.6875351545,0.0,1.0,byAbs,1.0,12.0
38118,603,770,2G,EDGE,1,1,-77.0,EDGE-2G-770-603,-44.3,0.175369518941,144-143,143,144,uniform,37.6227595982,55.6876402106,0.0,1.0,byAbs,1.0,12.0
38119,603,770,2G,EDGE,1,1,-77.0,EDGE-2G-770-603,-44.3,0.179753756914,144-143,143,144,uniform,37.6226444054,55.6877452664,0.0,1.0,byAbs,1.0,12.0
38120,603,770,2G,EDGE,1,1,-77.0,EDGE-2G-770-603,-44.3,0.184137994888,144-143,143,144,uniform,37.6225292127,55.6878503219,0.0,1.0,byAbs,1.0,12.0
38121,603,770,2G,EDGE,1,1,-77.0,EDGE-2G-770-603,-44.3,0.188522232861,144-143,143,144,uniform,37.6224140199,55.6879553771,0.0,1.0,byAbs,1.0,12.0
38122,603,770,2G,EDGE,1,1,-77.0,EDGE-2G-770-603,-44.3,0.192906470835,144-143,143,144,uniform,37.6222988271,55.6880604321,0.0,1.0,byAbs,1.0,12.0
38123,603,770,2G,EDGE,1,1,-77.0,EDGE-2G-770-603,-44.3,0.197290708808,144-143,143,144,uniform,37.6221836344,55.6881654867,0.0,1.0,byAbs,1.0,12.0
38124,603,770,2G,EDGE,1,1,-77.0,EDGE-2G-770-603,-44.3,0.201674946782,144-143,143,144,uniform,37.6220642115,55.6882686231,0.0,1.0,byAbs,1.0,12.0
38125,603,770,2G,EDGE,1,1,-77.0,EDGE-2G-770-603,-44.3,0.206059184755,144-143,143,144,uniform,37.6219068613,55.688354562,0.0,1.0,byAbs,1.0,12.0
38126,603,770,2G,EDGE,1,1,-77.0,EDGE-2G-770-603,-44.3,0.210443422729,144-143,143,144,uniform,37.621749511,55.6884405007,0.0,1.0,byAbs,1.0,12.0
38127,603,770,2G,EDGE,1,1,-77.0,EDGE-2G-770-603,-44.3,0.214827660702,144-143,143,144,uniform,37.6215921608,55.6885264392,0.0,1.0,byAbs,1.0,12.0
38128,603,770,2G,EDGE,1,1,-77.0,EDGE-2G-770-603,-44.3,0.219211898676,144-143,143,144,uniform,37.6214348105,55.6886123775,0.0,1.0,byAbs,1.0,12.0
38129,603,770,2G,EDGE,1,1,-77.0,EDGE-2G-770-603,-44.3,0.223596136649,144-143,143,144,uniform,37.6212774603,55.6886983157,0.0,1.0,byAbs,1.0,12.0
38130,603,770,2G,EDGE,1,1,-77.0,EDGE-2G-770-603,-44.3,0.227980374623,144-143,143,144,uniform,37.62112011,55.6887842536,0.0,1.0,byAbs,1.0,12.0
38131,603,770,2G,EDGE,1,1,-77.0,EDGE-2G-770-603,-44.3,0.232364612596,144-143,143,144,uniform,37.6209627598,55.6888701914,0.0,1.0,byAbs,1.0,12.0
38132,603,770,2G,EDGE,1,1,-77.0,EDGE-2G-770-603,-44.3,0.23674885057,144-143,143,144,uniform,37.6208054095,55.6889561289,0.0,1.0,byAbs,1.0,12.0
38133,603,770,2G,EDGE,1,1,-77.0,EDGE-2G-770-603,-44.3,0.241133088543,144-143,143,144,uniform,37.6206480593,55.6890420663,0.0,1.0,byAbs,1.0,12.0
38134,603,770,2G,EDGE,1,1,-77.0,EDGE-2G-770-603,-44.3,0.245517326517,144-143,143,144,uniform,37.620490709,55.6891280035,0.0,1.0,byAbs,1.0,12.0
38135,603,770,2G,EDGE,1,1,-77.0,EDGE-2G-770-603,-44.3,0.24990156449,144-143,143,144,uniform,37.6203333588,55.6892139405,0.0,1.0,byAbs,1.0,12.0
38136,603,770,2G,EDGE,1,1,-77.0,EDGE-2G-770-603,-44.3,0.254285802464,144-143,143,144,uniform,37.6201760085,55.6892998773,0.0,1.0,byAbs,1.0,12.0
38137,603,770,2G,EDGE,1,1,-77.0,EDGE-2G-770-603,-44.3,0.258670040437,144-143,143,144,uniform,37.6200186583,55.689385814,0.0,1.0,byAbs,1.0,12.0
38138,603,770,2G,EDGE,1,1,-77.0,EDGE-2G-770-603,-44.3,0.263054278411,144-143,143,144,uniform,37.619861308,55.6894717504,0.0,1.0,byAbs,1.0,12.0
38139,603,770,2G,EDGE,1,1,-77.0,EDGE-2G-770-603,-44.3,0.267438516384,144-143,143,144,uniform,37.6197039578,55.6895576866,0.0,1.0,byAbs,1.0,12.0
38140,603,770,2G,EDGE,1,1,-77.0,EDGE-2G-770-603,-44.3,0.271822754358,144-143,143,144,uniform,37.6195466075,55.6896436227,0.0,1.0,byAbs,1.0,12.0
38141,603,770,2G,EDGE,1,1,-77.0,EDGE-2G-770-603,-44.3,0.276206992331,144-143,143,144,uniform,37.6194187282,55.6897422855,0.0,1.0,byAbs,1.0,12.0
38142,603,770,2G,EDGE,1,1,-77.0,EDGE-2G-770-603,-44.3,0.280591230305,144-143,143,144,uniform,37.6193124814,55.6898502898,0.0,1.0,byAbs,1.0,12.0
38143,603,770,2G,EDGE,1,1,-77.0,EDGE-2G-770-603,-44.3,0.284975468278,144-143,143,144,uniform,37.6192062345,55.6899582939,0.0,1.0,byAbs,1.0,12.0
38144,603,770,2G,EDGE,1,1,-77.0,EDGE-2G-770-603,-44.3,0.289359706252,144-143,143,144,uniform,37.6190999877,55.6900662977,0.0,1.0,byAbs,1.0,12.0
38145,603,770,2G,EDGE,1,1,-77.0,EDGE-2G-770-603,-44.3,0.293743944225,144-143,143,144,uniform,37.6189937408,55.6901743012,0.0,1.0,byAbs,1.0,12.0
38146,603,770,2G,EDGE,1,1,-77.0,EDGE-2G-770-603,-44.3,0.298128182199,144-143,143,144,uniform,37.618887494,55.6902823044,0.0,1.0,byAbs,1.0,12.0
38147,603,770,2G,EDGE,1,1,-77.0,EDGE-2G-770-603,-44.3,0.302512420172,144-143,143,144,uniform,37.6187812471,55.6903903073,0.0,1.0,byAbs,1.0,12.0
38148,603,770,2G,EDGE,1,1,-77.0,EDGE-2G-770-603,-44.3,0.306896658146,144-143,143,144,uniform,37.6186750002,55.6904983098,0.0,1.0,byAbs,1.0,12.0
38149,603,770,2G,EDGE,1,1,-77.0,EDGE-2G-770-603,-44.3,0.311280896119,144-143,143,144,uniform,37.6185687534,55.6906063121,0.0,1.0,byAbs,1.0,12.0
38150,603,770,2G,EDGE,1,1,-77.0,EDGE-2G-770-603,-44.3,0.315665134093,144-143,143,144,uniform,37.6184625065,55.6907143141,0.0,1.0,byAbs,1.0,12.0
38151,603,770,2G,EDGE,1,1,-77.0,EDGE-2G-770-603,-44.3,0.320049372067,144-143,143,144,uniform,37.6183562597,55.6908223158,0.0,1.0,byAbs,1.0,12.0
38152,603,770,2G,EDGE,1,1,-77.0,EDGE-2G-770-603,-44.3,0.32443361004,144-143,143,144,uniform,37.6182595992,55.6909324798,0.0,1.0,byAbs,1.0,12.0
38153,603,770,2G,EDGE,1,1,-77.0,EDGE-2G-770-603,-44.3,0.328817848014,144-143,143,144,uniform,37.6182043109,55.6910519766,0.0,1.0,byAbs,1.0,12.0
38154,603,770,2G,EDGE,1,1,-77.0,EDGE-2G-770-603,-44.3,0.333202085987,144-143,143,144,uniform,37.6181490227,55.691171473,0.0,1.0,byAbs,1.0,12.0
38155,603,770,2G,EDGE,1,1,-77.0,EDGE-2G-770-603,-44.3,0.337586323961,144-143,143,144,uniform,37.6180937344,55.691290969,0.0,1.0,byAbs,1.0,12.0
38156,603,770,2G,EDGE,1,1,-77.0,EDGE-2G-770-603,-44.3,0.341970561934,144-143,143,144,uniform,37.6180384462,55.6914104647,0.0,1.0,byAbs,1.0,12.0
38157,603,770,2G,EDGE,1,1,-77.0,EDGE-2G-770-603,-44.3,0.346354799908,144-143,143,144,uniform,37.6179831579,55.69152996,0.0,1.0,byAbs,1.0,12.0
38158,603,770,2G,EDGE,1,1,-77.0,EDGE-2G-770-603,-44.3,0.350739037881,144-143,143,144,uniform,37.6179278697,55.6916494549,0.0,1.0,byAbs,1.0,12.0
38159,603,770,2G,EDGE,1,1,-77.0,EDGE-2G-770-603,-44.3,0.355123275855,144-143,143,144,uniform,37.6178725815,55.6917689495,0.0,1.0,byAbs,1.0,12.0
38160,603,770,2G,EDGE,1,1,-77.0,EDGE-2G-770-603,-44.3,0.359507513828,144-143,143,144,uniform,37.6178172932,55.6918884437,0.0,1.0,byAbs,1.0,12.0
38161,603,770,2G,EDGE,1,1,-77.0,EDGE-2G-770-603,-44.3,0.363891751802,144-143,143,144,uniform,37.617762005,55.6920079376,0.0,1.0,byAbs,1.0,12.0
38162,603,770,2G,EDGE,1,1,-77.0,EDGE-2G-770-603,-44.3,0.368275989775,144-143,143,144,uniform,37.6177067167,55.6921274311,0.0,1.0,byAbs,1.0,12.0
38163,603,770,2G,EDGE,1,1,-77.0,EDGE-2G-770-603,-44.3,0.372660227749,144-143,143,144,uniform,37.6176514285,55.6922469242,0.0,1.0,byAbs,1.0,12.0
38164,603,770,2G,EDGE,1,1,-77.0,EDGE-2G-770-603,-44.3,0.377044465722,144-143,143,144,uniform,37.6175961402,55.6923664169,0.0,1.0,byAbs,1.0,12.0
38165,603,770,2G,EDGE,1,1,-77.0,EDGE-2G-770-603,-44.3,0.381428703696,144-143,143,144,uniform,37.617540852,55.6924859093,0.0,1.0,byAbs,1.0,12.0
38166,603,770,2G,EDGE,1,1,-77.0,EDGE-2G-770-603,-44.3,0.385812941669,144-143,143,144,uniform,37.6174855637,55.6926054013,0.0,1.0,byAbs,1.0,12.0
38167,603,770,2G,EDGE,1,1,-77.0,EDGE-2G-770-603,-44.3,0.390197179643,144-143,143,144,uniform,37.6174302755,55.692724893,0.0,1.0,byAbs,1.0,12.0
38168,603,770,2G,EDGE,1,1,-77.0,EDGE-2G-770-603,-44.3,0.394581417616,144-143,143,144,uniform,37.6173749872,55.6928443843,0.0,1.0,byAbs,1.0,12.0
38169,603,770,2G,EDGE,1,1,-77.0,EDGE-2G-770-603,-44.3,0.39896565559,144-143,143,144,uniform,37.6173331191,55.6929651765,0.0,1.0,byAbs,1.0,12.0
38170,603,770,2G,EDGE,1,1,-77.0,EDGE-2G-770-603,-44.3,0.403349893563,144-143,143,144,uniform,37.6173143794,55.6930882111,0.0,1.0,byAbs,1.0,12.0
38171,603,770,2G,EDGE,1,1,-77.0,EDGE-2G-770-603,-44.3,0.407734131537,144-143,143,144,uniform,37.6172956397,55.6932112452,0.0,1.0,byAbs,1.0,12.0
38172,603,770,2G,EDGE,1,1,-77.0,EDGE-2G-770-603,-44.3,0.41211836951,144-143,143,144,uniform,37.6172769,55.693334279,0.0,1.0,byAbs,1.0,12.0
38173,603,770,2G,EDGE,1,1,-77.0,EDGE-2G-770-603,-44.3,0.416502607484,144-143,143,144,uniform,37.6172581603,55.6934573123,0.0,1.0,byAbs,1.0,12.0
38174,603,770,2G,EDGE,1,1,-77.0,EDGE-2G-770-603,-44.3,0.420886845457,144-143,143,144,uniform,37.6172394206,55.6935803453,0.0,1.0,byAbs,1.0,12.0
38175,603,770,2G,EDGE,1,1,-77.0,EDGE-2G-770-603,-44.3,0.425271083431,144-143,143,144,uniform,37.6172206809,55.6937033779,0.0,1.0,byAbs,1.0,12.0
38176,603,770,2G,EDGE,1,1,-77.0,EDGE-2G-770-603,-44.3,0.429655321404,144-143,143,144,uniform,37.6172019413,55.6938264102,0.0,1.0,byAbs,1.0,12.0
38177,603,770,2G,EDGE,1,1,-77.0,EDGE-2G-770-603,-44.3,0.434039559378,144-143,143,144,uniform,37.6171832016,55.693949442,0.0,1.0,byAbs,1.0,12.0
38178,603,770,2G,EDGE,1,1,-77.0,EDGE-2G-770-603,-44.3,0.438423797351,144-143,143,144,uniform,37.6171644619,55.6940724734,0.0,1.0,byAbs,1.0,12.0
38179,603,770,2G,EDGE,1,1,-77.0,EDGE-2G-770-603,-44.3,0.442808035325,144-143,143,144,uniform,37.6171457222,55.6941955045,0.0,1.0,byAbs,1.0,12.0
38180,603,770,2G,EDGE,1,1,-77.0,EDGE-2G-770-603,-44.3,0.447192273298,144-143,143,144,uniform,37.6171269825,55.6943185352,0.0,1.0,byAbs,1.0,12.0
38181,603,770,2G,EDGE,1,1,-77.0,EDGE-2G-770-603,-44.3,0.451576511272,144-143,143,144,uniform,37.6171082428,55.6944415654,0.0,1.0,byAbs,1.0,12.0
38182,603,770,2G,EDGE,1,1,-77.0,EDGE-2G-770-603,-44.3,0.455960749245,144-143,143,144,uniform,37.6170895031,55.6945645953,0.0,1.0,byAbs,1.0,12.0
38183,603,770,2G,EDGE,1,1,-77.0,EDGE-2G-770-603,-44.3,0.460344987219,144-143,143,144,uniform,37.6170707634,55.6946876248,0.0,1.0,byAbs,1.0,12.0
38184,603,770,2G,EDGE,1,1,-77.0,EDGE-2G-770-603,-44.3,0.464729225192,144-143,143,144,uniform,37.6170520238,55.6948106539,0.0,1.0,byAbs,1.0,12.0
38185,603,770,2G,EDGE,1,1,-77.0,EDGE-2G-770-603,-44.3,0.469113463166,144-143,143,144,uniform,37.6170332841,55.6949336827,0.0,1.0,byAbs,1.0,12.0
38186,603,770,2G,EDGE,1,1,-77.0,EDGE-2G-770-603,-44.3,0.473497701139,144-143,143,144,uniform,37.6170145444,55.695056711,0.0,1.0,byAbs,1.0,12.0
38187,603,770,2G,EDGE,1,1,-77.0,EDGE-2G-770-603,-44.3,0.477881939113,144-143,143,144,uniform,37.6169958047,55.695179739,0.0,1.0,byAbs,1.0,12.0
38188,603,770,2G,EDGE,1,1,-77.0,EDGE-2G-770-603,-44.3,0.482266177087,144-143,143,144,uniform,37.616977065,55.6953027666,0.0,1.0,byAbs,1.0,12.0
38189,603,770,2G,EDGE,1,1,-77.0,EDGE-2G-770-603,-44.3,0.48665041506,144-143,143,144,uniform,37.6169583253,55.6954257937,0.0,1.0,byAbs,1.0,12.0
38190,603,770,2G,EDGE,1,1,-77.0,EDGE-2G-770-603,-44.3,0.491034653034,144-143,143,144,uniform,37.6169395856,55.6955488205,0.0,1.0,byAbs,1.0,12.0
38191,603,770,2G,EDGE,1,1,-77.0,EDGE-2G-770-603,-44.3,0.495418891007,144-143,143,144,uniform,37.6169208459,55.6956718469,0.0,1.0,byAbs,1.0,12.0
38192,603,770,2G,EDGE,1,1,-77.0,EDGE-2G-770-603,-44.3,0.499803128981,144-143,143,144,uniform,37.6169021063,55.695794873,0.0,1.0,byAbs,1.0,12.0
38193,603,770,2G,EDGE,1,1,-77.0,EDGE-2G-770-603,-44.3,0.504187366954,144-143,143,144,uniform,37.6168833666,55.6959178986,0.0,1.0,byAbs,1.0,12.0
38194,603,770,2G,EDGE,1,1,-77.0,EDGE-2G-770-603,-44.3,0.508571604928,144-143,143,144,uniform,37.6168766015,55.6960412769,0.0,1.0,byAbs,1.0,12.0
38195,603,770,2G,EDGE,1,1,-77.0,EDGE-2G-770-603,-44.3,0.512955842901,144-143,143,144,uniform,37.6168724588,55.6961647322,0.0,1.0,byAbs,1.0,12.0
38196,603,770,2G,EDGE,1,1,-77.0,EDGE-2G-770-603,-44.3,0.517340080875,144-143,143,144,uniform,37.616868316,55.6962881871,0.0,1.0,byAbs,1.0,12.0
38197,603,770,2G,EDGE,1,1,-77.0,EDGE-2G-770-603,-44.3,0.521724318848,144-143,143,144,uniform,37.6168641733,55.6964116416,0.0,1.0,byAbs,1.0,12.0
38198,603,770,2G,EDGE,1,1,-77.0,EDGE-2G-770-603,-44.3,0.526108556822,144-143,143,144,uniform,37.6168600306,55.6965350957,0.0,1.0,byAbs,1.0,12.0
38199,603,770,2G,EDGE,1,1,-77.0,EDGE-2G-770-603,-44.3,0.530492794795,144-143,143,144,uniform,37.6168558878,55.6966585495,0.0,1.0,byAbs,1.0,12.0
38200,603,770,2G,EDGE,1,1,-77.0,EDGE-2G-770-603,-44.3,0.534877032769,144-143,143,144,uniform,37.6168517451,55.6967820028,0.0,1.0,byAbs,1.0,12.0
38201,603,770,2G,EDGE,1,1,-77.0,EDGE-2G-770-603,-44.3,0.539261270742,144-143,143,144,uniform,37.6168476024,55.6969054557,0.0,1.0,byAbs,1.0,12.0
38202,603,770,2G,EDGE,1,1,-77.0,EDGE-2G-770-603,-44.3,0.543645508716,144-143,143,144,uniform,37.6168434596,55.6970289083,0.0,1.0,byAbs,1.0,12.0
38203,603,770,2G,EDGE,1,1,-77.0,EDGE-2G-770-603,-44.3,0.548029746689,144-143,143,144,uniform,37.6168393169,55.6971523604,0.0,1.0,byAbs,1.0,12.0
38204,603,770,2G,EDGE,1,1,-77.0,EDGE-2G-770-603,-44.3,0.552413984663,144-143,143,144,uniform,37.6168351742,55.6972758122,0.0,1.0,byAbs,1.0,12.0
38205,603,770,2G,EDGE,1,1,-77.0,EDGE-2G-770-603,-44.3,0.556798222636,144-143,143,144,uniform,37.6168310314,55.6973992636,0.0,1.0,byAbs,1.0,12.0
38206,603,770,2G,EDGE,1,1,-77.0,EDGE-2G-770-603,-44.3,0.56118246061,144-143,143,144,uniform,37.6168603786,55.6975211371,0.0,1.0,byAbs,1.0,12.0
38207,603,770,2G,EDGE,1,1,-77.0,EDGE-2G-770-603,-44.3,0.565566698583,144-143,143,144,uniform,37.6169008282,55.6976424872,0.0,1.0,byAbs,1.0,12.0
38208,603,770,2G,EDGE,1,1,-77.0,EDGE-2G-770-603,-44.3,0.569950936557,144-143,143,144,uniform,37.6169412777,55.697763837,0.0,1.0,byAbs,1.0,12.0
38209,603,770,2G,EDGE,1,1,-77.0,EDGE-2G-770-603,-44.3,0.57433517453,144-143,143,144,uniform,37.6169817273,55.6978851864,0.0,1.0,byAbs,1.0,12.0
38210,603,770,2G,EDGE,1,1,-77.0,EDGE-2G-770-603,-44.3,0.578719412504,144-143,143,144,uniform,37.6170221769,55.6980065354,0.0,1.0,byAbs,1.0,12.0
38211,603,770,2G,EDGE,1,1,-77.0,EDGE-2G-770-603,-44.3,0.583103650477,144-143,143,144,uniform,37.6170626264,55.698127884,0.0,1.0,byAbs,1.0,12.0
38212,603,770,2G,EDGE,1,1,-77.0,EDGE-2G-770-603,-44.3,0.587487888451,144-143,143,144,uniform,37.617103076,55.6982492323,0.0,1.0,byAbs,1.0,12.0
38213,603,770,2G,EDGE,1,1,-77.0,EDGE-2G-770-603,-44.3,0.591872126424,144-143,143,144,uniform,37.6171435256,55.6983705801,0.0,1.0,byAbs,1.0,12.0
38214,603,770,2G,EDGE,1,1,-77.0,EDGE-2G-770-603,-44.3,0.596256364398,144-143,143,144,uniform,37.6171839751,55.6984919276,0.0,1.0,byAbs,1.0,12.0
38215,603,770,2G,EDGE,1,1,-77.0,EDGE-2G-770-603,-44.3,0.600640602371,144-143,143,144,uniform,37.6172244247,55.6986132748,0.0,1.0,byAbs,1.0,12.0
38216,603,770,2G,EDGE,1,1,-77.0,EDGE-2G-770-603,-44.3,0.605024840345,144-143,143,144,uniform,37.617295708,55.6987291324,0.0,1.0,byAbs,1.0,12.0
38217,603,770,2G,EDGE,1,1,-77.0,EDGE-2G-770-603,-44.3,0.609409078318,144-143,143,144,uniform,37.6173862981,55.6988415526,0.0,1.0,byAbs,1.0,12.0
38218,603,770,2G,EDGE,1,1,-77.0,EDGE-2G-770-603,-44.3,0.613793316292,144-143,143,144,uniform,37.6174768883,55.6989539726,0.0,1.0,byAbs,1.0,12.0
38219,603,770,2G,EDGE,1,1,-77.0,EDGE-2G-770-603,-44.3,0.618177554265,144-143,143,144,uniform,37.6175674784,55.6990663922,0.0,1.0,byAbs,1.0,12.0
38220,603,770,2G,EDGE,1,1,-77.0,EDGE-2G-770-603,-44.3,0.622561792239,144-143,143,144,uniform,37.6176580686,55.6991788114,0.0,1.0,byAbs,1.0,12.0
38221,603,770,2G,EDGE,1,1,-77.0,EDGE-2G-770-603,-44.3,0.626946030212,144-143,143,144,uniform,37.6177486588,55.6992912304,0.0,1.0,byAbs,1.0,12.0
38222,603,770,2G,EDGE,1,1,-77.0,EDGE-2G-770-603,-44.3,0.631330268186,144-143,143,144,uniform,37.6178392489,55.699403649,0.0,1.0,byAbs,1.0,12.0
38223,603,770,2G,EDGE,1,1,-77.0,EDGE-2G-770-603,-44.3,0.63571450616,144-143,143,144,uniform,37.6179298391,55.6995160673,0.0,1.0,byAbs,1.0,12.0
38224,603,770,2G,EDGE,1,1,-77.0,EDGE-2G-770-603,-44.3,0.640098744133,144-143,143,144,uniform,37.6180204292,55.6996284852,0.0,1.0,byAbs,1.0,12.0
38225,603,770,2G,EDGE,1,1,-77.0,EDGE-2G-770-603,-44.3,0.644482982107,144-143,143,144,uniform,37.6181152328,55.6997397564,0.0,1.0,byAbs,1.0,12.0
38226,603,770,2G,EDGE,1,1,-77.0,EDGE-2G-770-603,-44.3,0.64886722008,144-143,143,144,uniform,37.6182151281,55.6998496417,0.0,1.0,byAbs,1.0,12.0
38227,603,770,2G,EDGE,1,1,-77.0,EDGE-2G-770-603,-44.3,0.653251458054,144-143,143,144,uniform,37.6183150233,55.6999595266,0.0,1.0,byAbs,1.0,12.0
38228,603,770,2G,EDGE,1,1,-77.0,EDGE-2G-770-603,-44.3,0.657635696027,144-143,143,144,uniform,37.6184149186,55.7000694113,0.0,1.0,byAbs,1.0,12.0
38229,603,770,2G,EDGE,1,1,-77.0,EDGE-2G-770-603,-44.3,0.662019934001,144-143,143,144,uniform,37.6185148139,55.7001792957,0.0,1.0,byAbs,1.0,12.0
38230,603,770,2G,EDGE,1,1,-77.0,EDGE-2G-770-603,-44.3,0.666404171974,144-143,143,144,uniform,37.6186300697,55.7002836755,0.0,1.0,byAbs,1.0,12.0
38231,603,770,2G,EDGE,1,1,-77.0,EDGE-2G-770-603,-44.3,0.670788409948,144-143,143,144,uniform,37.6187642855,55.7003812611,0.0,1.0,byAbs,1.0,12.0
38232,603,770,2G,EDGE,1,1,-77.0,EDGE-2G-770-603,-44.3,0.675172647921,144-143,143,144,uniform,37.6188985013,55.7004788464,0.0,1.0,byAbs,1.0,12.0
38233,603,770,2G,EDGE,1,1,-77.0,EDGE-2G-770-603,-44.3,0.679556885895,144-143,143,144,uniform,37.6190327171,55.7005764314,0.0,1.0,byAbs,1.0,12.0
38234,603,770,2G,EDGE,1,1,-77.0,EDGE-2G-770-603,-44.3,0.683941123868,144-143,143,144,uniform,37.6191669329,55.7006740162,0.0,1.0,byAbs,1.0,12.0
38235,603,770,2G,EDGE,1,1,-77.0,EDGE-2G-770-603,-44.3,0.688325361842,144-143,143,144,uniform,37.6193011487,55.7007716008,0.0,1.0,byAbs,1.0,12.0
38236,603,770,2G,EDGE,1,1,-77.0,EDGE-2G-770-603,-44.3,0.692709599815,144-143,143,144,uniform,37.6194353645,55.7008691851,0.0,1.0,byAbs,1.0,12.0
38237,603,770,2G,EDGE,1,1,-77.0,EDGE-2G-770-603,-44.3,0.697093837789,144-143,143,144,uniform,37.6195695803,55.7009667692,0.0,1.0,byAbs,1.0,12.0
38238,603,770,2G,EDGE,1,1,-77.0,EDGE-2G-770-603,-44.3,0.701478075762,144-143,143,144,uniform,37.6197037961,55.7010643531,0.0,1.0,byAbs,1.0,12.0
38239,603,770,2G,EDGE,1,1,-77.0,EDGE-2G-770-603,-44.3,0.705862313736,144-143,143,144,uniform,37.6198380119,55.7011619367,0.0,1.0,byAbs,1.0,12.0
38240,603,770,2G,EDGE,1,1,-77.0,EDGE-2G-770-603,-44.3,0.710246551709,144-143,143,144,uniform,37.6199722277,55.70125952,0.0,1.0,byAbs,1.0,12.0
38241,603,770,2G,EDGE,1,1,-77.0,EDGE-2G-770-603,-44.3,0.714630789683,144-143,143,144,uniform,37.6201064435,55.7013571031,0.0,1.0,byAbs,1.0,12.0
38242,603,770,2G,EDGE,1,1,-77.0,EDGE-2G-770-603,-44.3,0.719015027656,144-143,143,144,uniform,37.6202406593,55.701454686,0.0,1.0,byAbs,1.0,12.0
38243,603,770,2G,EDGE,1,1,-77.0,EDGE-2G-770-603,-44.3,0.72339926563,144-143,143,144,uniform,37.6203748751,55.7015522686,0.0,1.0,byAbs,1.0,12.0
38244,603,770,2G,EDGE,1,1,-77.0,EDGE-2G-770-603,-44.3,0.727783503603,144-143,143,144,uniform,37.6205090909,55.701649851,0.0,1.0,byAbs,1.0,12.0
38245,603,770,2G,EDGE,1,1,-77.0,EDGE-2G-770-603,-44.3,0.732167741577,144-143,143,144,uniform,37.6206433067,55.7017474331,0.0,1.0,byAbs,1.0,12.0
38246,603,770,2G,EDGE,1,1,-77.0,EDGE-2G-770-603,-44.3,0.73655197955,144-143,143,144,uniform,37.6207775225,55.701845015,0.0,1.0,byAbs,1.0,12.0
38247,603,770,2G,EDGE,1,1,-77.0,EDGE-2G-770-603,-44.3,0.740936217524,144-143,143,144,uniform,37.6209117383,55.7019425967,0.0,1.0,byAbs,1.0,12.0
38248,603,770,2G,EDGE,1,1,-77.0,EDGE-2G-770-603,-44.3,0.745320455497,144-143,143,144,uniform,37.6210459541,55.7020401781,0.0,1.0,byAbs,1.0,12.0
38249,603,770,2G,EDGE,1,1,-77.0,EDGE-2G-770-603,-44.3,0.749704693471,144-143,143,144,uniform,37.6211801699,55.7021377592,0.0,1.0,byAbs,1.0,12.0
38250,603,770,2G,EDGE,1,1,-77.0,EDGE-2G-770-603,-44.3,0.754088931444,144-143,143,144,uniform,37.6213143857,55.7022353402,0.0,1.0,byAbs,1.0,12.0
38251,603,770,2G,EDGE,1,1,-77.0,EDGE-2G-770-603,-44.3,0.758473169418,144-143,143,144,uniform,37.6214486015,55.7023329208,0.0,1.0,byAbs,1.0,12.0
38252,603,770,2G,EDGE,1,1,-77.0,EDGE-2G-770-603,-44.3,0.762857407391,144-143,143,144,uniform,37.6215828173,55.7024305013,0.0,1.0,byAbs,1.0,12.0
38253,603,770,2G,EDGE,1,1,-77.0,EDGE-2G-770-603,-44.3,0.767241645365,144-143,143,144,uniform,37.6217170331,55.7025280814,0.0,1.0,byAbs,1.0,12.0
38254,603,770,2G,EDGE,1,1,-77.0,EDGE-2G-770-603,-44.3,0.771625883338,144-143,143,144,uniform,37.6218512489,55.7026256614,0.0,1.0,byAbs,1.0,12.0
38255,603,770,2G,EDGE,1,1,-77.0,EDGE-2G-770-603,-44.3,0.776010121312,144-143,143,144,uniform,37.6219854647,55.7027232411,0.0,1.0,byAbs,1.0,12.0
38256,603,770,2G,EDGE,1,1,-77.0,EDGE-2G-770-603,-44.3,0.780394359285,144-143,143,144,uniform,37.6221196805,55.7028208205,0.0,1.0,byAbs,1.0,12.0
38257,603,770,2G,EDGE,1,1,-77.0,EDGE-2G-770-603,-44.3,0.784778597259,144-143,143,144,uniform,37.6222538963,55.7029183998,0.0,1.0,byAbs,1.0,12.0
38258,603,770,2G,EDGE,1,1,-77.0,EDGE-2G-770-603,-44.3,0.789162835232,144-143,143,144,uniform,37.6223881121,55.7030159787,0.0,1.0,byAbs,1.0,12.0
38259,603,770,2G,EDGE,1,1,-77.0,EDGE-2G-770-603,-44.3,0.793547073206,144-143,143,144,uniform,37.6225223279,55.7031135574,0.0,1.0,byAbs,1.0,12.0
38260,603,770,2G,EDGE,1,1,-77.0,EDGE-2G-770-603,-44.3,0.79793131118,144-143,143,144,uniform,37.6226565437,55.7032111359,0.0,1.0,byAbs,1.0,12.0
38261,603,770,2G,EDGE,1,1,-77.0,EDGE-2G-770-603,-44.3,0.802315549153,144-143,143,144,uniform,37.6227701041,55.7033161149,0.0,1.0,byAbs,1.0,12.0
38262,603,770,2G,EDGE,1,1,-77.0,EDGE-2G-770-603,-44.3,0.806699787127,144-143,143,144,uniform,37.6228699923,55.7034259921,0.0,1.0,byAbs,1.0,12.0
38263,603,770,2G,EDGE,1,1,-77.0,EDGE-2G-770-603,-44.3,0.8110840251,144-143,143,144,uniform,37.6229698805,55.7035358691,0.0,1.0,byAbs,1.0,12.0
38264,603,770,2G,EDGE,1,1,-77.0,EDGE-2G-770-603,-44.3,0.815468263074,144-143,143,144,uniform,37.6230697687,55.7036457458,0.0,1.0,byAbs,1.0,12.0
38265,603,770,2G,EDGE,1,1,-77.0,EDGE-2G-770-603,-44.3,0.819852501047,144-143,143,144,uniform,37.6231485523,55.703760458,0.0,1.0,byAbs,1.0,12.0
38266,603,770,2G,EDGE,1,1,-77.0,EDGE-2G-770-603,-44.3,0.824236739021,144-143,143,144,uniform,37.6232131034,55.7038784312,0.0,1.0,byAbs,1.0,12.0
38267,603,770,2G,EDGE,1,1,-77.0,EDGE-2G-770-603,-44.3,0.828620976994,144-143,143,144,uniform,37.6232776545,55.703996404,0.0,1.0,byAbs,1.0,12.0
38268,603,770,2G,EDGE,1,1,-77.0,EDGE-2G-770-603,-44.3,0.833005214968,144-143,143,144,uniform,37.6233422057,55.7041143764,0.0,1.0,byAbs,1.0,12.0
38269,603,770,2G,EDGE,1,1,-77.0,EDGE-2G-770-603,-44.3,0.837389452941,144-143,143,144,uniform,37.6234051401,55.7042325934,0.0,1.0,byAbs,1.0,12.0
38270,603,770,2G,EDGE,1,1,-77.0,EDGE-2G-770-603,-44.3,0.841773690915,144-143,143,144,uniform,37.6234542463,55.7043529041,0.0,1.0,byAbs,1.0,12.0
38271,603,770,2G,EDGE,1,1,-77.0,EDGE-2G-770-603,-44.3,0.846157928888,144-143,143,144,uniform,37.6235033525,55.7044732144,0.0,1.0,byAbs,1.0,12.0
38272,603,770,2G,EDGE,1,1,-77.0,EDGE-2G-770-603,-44.3,0.850542166862,144-143,143,144,uniform,37.6235524587,55.7045935243,0.0,1.0,byAbs,1.0,12.0
38273,603,770,2G,EDGE,1,1,-77.0,EDGE-2G-770-603,-44.3,0.854926404835,144-143,143,144,uniform,37.6236009739,55.7047138956,0.0,1.0,byAbs,1.0,12.0
38274,603,770,2G,EDGE,1,1,-77.0,EDGE-2G-770-603,-44.3,0.859310642809,144-143,143,144,uniform,37.6236315345,55.7048361387,0.0,1.0,byAbs,1.0,12.0
38275,603,770,2G,EDGE,1,1,-77.0,EDGE-2G-770-603,-44.3,0.863694880782,144-143,143,144,uniform,37.6236620952,55.7049583814,0.0,1.0,byAbs,1.0,12.0
38276,603,770,2G,EDGE,1,1,-77.0,EDGE-2G-770-603,-44.3,0.868079118756,144-143,143,144,uniform,37.6236926559,55.7050806237,0.0,1.0,byAbs,1.0,12.0
38277,603,770,2G,EDGE,1,1,-77.0,EDGE-2G-770-603,-44.3,0.872463356729,144-143,143,144,uniform,37.6236932573,55.7052025475,0.0,1.0,byAbs,1.0,12.0
38278,603,770,2G,EDGE,1,1,-77.0,EDGE-2G-770-603,-44.3,0.876847594703,144-143,143,144,uniform,37.6236545431,55.7053240534,0.0,1.0,byAbs,1.0,12.0
38279,603,770,2G,EDGE,1,1,-77.0,EDGE-2G-770-603,-44.3,0.881231832676,144-143,143,144,uniform,37.6236158289,55.705445559,0.0,1.0,byAbs,1.0,12.0
38280,603,770,2G,EDGE,1,1,-77.0,EDGE-2G-770-603,-44.3,0.88561607065,144-143,143,144,uniform,37.6235771147,55.7055670641,0.0,1.0,byAbs,1.0,12.0
38281,603,770,2G,EDGE,1,1,-77.0,EDGE-2G-770-603,-44.3,0.890000308623,144-143,143,144,uniform,37.6235384005,55.7056885689,0.0,1.0,byAbs,1.0,12.0
38282,603,770,2G,EDGE,1,1,-77.0,EDGE-2G-770-603,-44.3,0.894384546597,144-143,143,144,uniform,37.6234996863,55.7058100732,0.0,1.0,byAbs,1.0,12.0
38283,603,770,2G,EDGE,1,1,-77.0,EDGE-2G-770-603,-44.3,0.89876878457,144-143,143,144,uniform,37.623460972,55.7059315773,0.0,1.0,byAbs,1.0,12.0
38284,603,770,2G,EDGE,1,1,-77.0,EDGE-2G-770-603,-44.3,0.903153022544,144-143,143,144,uniform,37.6234222578,55.7060530809,0.0,1.0,byAbs,1.0,12.0
38285,603,770,2G,EDGE,1,1,-77.0,EDGE-2G-770-603,-44.3,0.907537260517,144-143,143,144,uniform,37.6233835436,55.7061745841,0.0,1.0,byAbs,1.0,12.0
38286,603,770,2G,EDGE,1,1,-77.0,EDGE-2G-770-603,-44.3,0.911921498491,144-143,143,144,uniform,37.6233448294,55.706296087,0.0,1.0,byAbs,1.0,12.0
38287,603,770,2G,EDGE,1,1,-77.0,EDGE-2G-770-603,-44.3,0.916305736464,144-143,143,144,uniform,37.6233061152,55.7064175895,0.0,1.0,byAbs,1.0,12.0
38288,603,770,2G,EDGE,1,1,-77.0,EDGE-2G-770-603,-44.3,0.920689974438,144-143,143,144,uniform,37.623267401,55.7065390916,0.0,1.0,byAbs,1.0,12.0
38289,603,770,2G,EDGE,1,1,-77.0,EDGE-2G-770-603,-44.3,0.925074212411,144-143,143,144,uniform,37.6232286868,55.7066605934,0.0,1.0,byAbs,1.0,12.0
38290,603,770,2G,EDGE,1,1,-77.0,EDGE-2G-770-603,-44.3,0.929458450385,144-143,143,144,uniform,37.6231899725,55.7067820947,0.0,1.0,byAbs,1.0,12.0
38291,603,770,2G,EDGE,1,1,-77.0,EDGE-2G-770-603,-44.3,0.933842688358,144-143,143,144,uniform,37.6231512583,55.7069035957,0.0,1.0,byAbs,1.0,12.0
38292,603,770,2G,EDGE,1,1,-77.0,EDGE-2G-770-603,-44.3,0.938226926332,144-143,143,144,uniform,37.6231125441,55.7070250963,0.0,1.0,byAbs,1.0,12.0
38293,603,770,2G,EDGE,1,1,-77.0,EDGE-2G-770-603,-44.3,0.942611164305,144-143,143,144,uniform,37.6230738299,55.7071465965,0.0,1.0,byAbs,1.0,12.0
38294,603,770,2G,EDGE,1,1,-77.0,EDGE-2G-770-603,-44.3,0.946995402279,144-143,143,144,uniform,37.6230533953,55.7072692576,0.0,1.0,byAbs,1.0,12.0
38295,603,770,2G,EDGE,1,1,-77.0,EDGE-2G-770-603,-44.3,0.951379640253,144-143,143,144,uniform,37.6230431198,55.7073925637,0.0,1.0,byAbs,1.0,12.0
38296,603,770,2G,EDGE,1,1,-77.0,EDGE-2G-770-603,-44.3,0.955763878226,144-143,143,144,uniform,37.6230328444,55.7075158693,0.0,1.0,byAbs,1.0,12.0
38297,603,770,2G,EDGE,1,1,-77.0,EDGE-2G-770-603,-44.3,0.9601481162,144-143,143,144,uniform,37.6230225689,55.7076391746,0.0,1.0,byAbs,1.0,12.0
38298,603,770,2G,EDGE,1,1,-77.0,EDGE-2G-770-603,-44.3,0.964532354173,144-143,143,144,uniform,37.6230122935,55.7077624795,0.0,1.0,byAbs,1.0,12.0
38299,603,770,2G,EDGE,1,1,-77.0,EDGE-2G-770-603,-44.3,0.968916592147,144-143,143,144,uniform,37.623002018,55.707885784,0.0,1.0,byAbs,1.0,12.0
38300,603,770,2G,EDGE,1,1,-77.0,EDGE-2G-770-603,-44.3,0.97330083012,144-143,143,144,uniform,37.6230081603,55.7080090906,0.0,1.0,byAbs,1.0,12.0
38301,603,770,2G,EDGE,1,1,-77.0,EDGE-2G-770-603,-44.3,0.977685068094,144-143,143,144,uniform,37.6230183149,55.7081323975,0.0,1.0,byAbs,1.0,12.0
38302,603,770,2G,EDGE,1,1,-77.0,EDGE-2G-770-603,-44.3,0.982069306067,144-143,143,144,uniform,37.6230284696,55.708255704,0.0,1.0,byAbs,1.0,12.0
38303,603,770,2G,EDGE,1,1,-77.0,EDGE-2G-770-603,-44.3,0.986453544041,144-143,143,144,uniform,37.6230386242,55.7083790102,0.0,1.0,byAbs,1.0,12.0
38304,603,770,2G,EDGE,1,1,-77.0,EDGE-2G-770-603,-44.3,0.990837782014,144-143,143,144,uniform,37.6230487788,55.7085023159,0.0,1.0,byAbs,1.0,12.0
38305,603,770,2G,EDGE,1,1,-77.0,EDGE-2G-770-603,-44.3,0.995222019988,144-143,143,144,uniform,37.6230589334,55.7086256212,0.0,1.0,byAbs,1.0,12.0
38406,603,770,2G,EDGE,1,2,-77.0,EDGE-2G-770-603,0.77,0.357239790762,144-145,145,144,uniform,37.6185513253,55.679042785,0.0,1.0,byAbs,1.0,12.0
38407,603,770,2G,EDGE,1,2,-77.0,EDGE-2G-770-603,0.77,0.366640837887,144-145,145,144,uniform,37.6183854962,55.6789645029,0.0,1.0,byAbs,1.0,12.0
38408,603,770,2G,EDGE,1,2,-77.0,EDGE-2G-770-603,0.77,0.376041885012,144-145,145,144,uniform,37.6182196671,55.6788862206,0.0,1.0,byAbs,1.0,12.0
38409,603,770,2G,EDGE,1,2,-77.0,EDGE-2G-770-603,0.77,0.385442932138,144-145,145,144,uniform,37.6180538379,55.6788079382,0.0,1.0,byAbs,1.0,12.0
38410,603,770,2G,EDGE,1,2,-77.0,EDGE-2G-770-603,0.77,0.394843979263,144-145,145,144,uniform,37.6178880088,55.6787296556,0.0,1.0,byAbs,1.0,12.0
38411,603,770,2G,EDGE,1,2,-77.0,EDGE-2G-770-603,0.77,0.404245026388,144-145,145,144,uniform,37.6177221796,55.6786513729,0.0,1.0,byAbs,1.0,12.0
38412,603,770,2G,EDGE,1,2,-77.0,EDGE-2G-770-603,0.77,0.413646073514,144-145,145,144,uniform,37.6175563505,55.67857309,0.0,1.0,byAbs,1.0,12.0
38413,603,770,2G,EDGE,1,2,-77.0,EDGE-2G-770-603,0.77,0.423047120639,144-145,145,144,uniform,37.6173905214,55.6784948069,0.0,1.0,byAbs,1.0,12.0
38414,603,770,2G,EDGE,1,2,-77.0,EDGE-2G-770-603,0.77,0.432448167764,144-145,145,144,uniform,37.6172246922,55.6784165237,0.0,1.0,byAbs,1.0,12.0
38415,603,770,2G,EDGE,1,2,-77.0,EDGE-2G-770-603,0.77,0.44184921489,144-145,145,144,uniform,37.6170588631,55.6783382404,0.0,1.0,byAbs,1.0,12.0
38416,603,770,2G,EDGE,1,2,-77.0,EDGE-2G-770-603,0.77,0.451250262015,144-145,145,144,uniform,37.616893034,55.6782599568,0.0,1.0,byAbs,1.0,12.0
38417,603,770,2G,EDGE,1,2,-77.0,EDGE-2G-770-603,0.77,0.46065130914,144-145,145,144,uniform,37.6167272048,55.6781816731,0.0,1.0,byAbs,1.0,12.0
38418,603,770,2G,EDGE,1,2,-77.0,EDGE-2G-770-603,0.77,0.470052356266,144-145,145,144,uniform,37.6165613757,55.6781033893,0.0,1.0,byAbs,1.0,12.0
38419,603,770,2G,EDGE,1,2,-77.0,EDGE-2G-770-603,0.77,0.479453403391,144-145,145,144,uniform,37.6163955465,55.6780251053,0.0,1.0,byAbs,1.0,12.0
38420,603,770,2G,EDGE,1,2,-77.0,EDGE-2G-770-603,0.77,0.488854450516,144-145,145,144,uniform,37.6162436057,55.6779392549,0.0,1.0,byAbs,1.0,12.0
38421,603,770,2G,EDGE,1,2,-77.0,EDGE-2G-770-603,0.77,0.498255497641,144-145,145,144,uniform,37.6161105455,55.6778431183,0.0,1.0,byAbs,1.0,12.0
38422,603,770,2G,EDGE,1,2,-77.0,EDGE-2G-770-603,0.77,0.507656544767,144-145,145,144,uniform,37.6159774854,55.6777469815,0.0,1.0,byAbs,1.0,12.0
38423,603,770,2G,EDGE,1,2,-77.0,EDGE-2G-770-603,0.77,0.517057591892,144-145,145,144,uniform,37.6158444252,55.6776508444,0.0,1.0,byAbs,1.0,12.0
38424,603,770,2G,EDGE,1,2,-77.0,EDGE-2G-770-603,0.77,0.526458639017,144-145,145,144,uniform,37.615711365,55.677554707,0.0,1.0,byAbs,1.0,12.0
38425,603,770,2G,EDGE,1,2,-77.0,EDGE-2G-770-603,0.77,0.535859686143,144-145,145,144,uniform,37.6155783049,55.6774585695,0.0,1.0,byAbs,1.0,12.0
38426,603,770,2G,EDGE,1,2,-77.0,EDGE-2G-770-603,0.77,0.545260733268,144-145,145,144,uniform,37.6154452447,55.6773624317,0.0,1.0,byAbs,1.0,12.0
38427,603,770,2G,EDGE,1,2,-77.0,EDGE-2G-770-603,0.77,0.554661780393,144-145,145,144,uniform,37.6153121845,55.6772662937,0.0,1.0,byAbs,1.0,12.0
38428,603,770,2G,EDGE,1,2,-77.0,EDGE-2G-770-603,0.77,0.564062827519,144-145,145,144,uniform,37.6151791243,55.6771701554,0.0,1.0,byAbs,1.0,12.0
38429,603,770,2G,EDGE,1,2,-77.0,EDGE-2G-770-603,0.77,0.573463874644,144-145,145,144,uniform,37.6150460642,55.6770740169,0.0,1.0,byAbs,1.0,12.0
38430,603,770,2G,EDGE,1,2,-77.0,EDGE-2G-770-603,0.77,0.582864921769,144-145,145,144,uniform,37.614913004,55.6769778781,0.0,1.0,byAbs,1.0,12.0
38431,603,770,2G,EDGE,1,2,-77.0,EDGE-2G-770-603,0.77,0.592265968895,144-145,145,144,uniform,37.6147799438,55.6768817392,0.0,1.0,byAbs,1.0,12.0
38432,603,770,2G,EDGE,1,2,-77.0,EDGE-2G-770-603,0.77,0.60166701602,144-145,145,144,uniform,37.6146468837,55.6767855999,0.0,1.0,byAbs,1.0,12.0
38433,603,770,2G,EDGE,1,2,-77.0,EDGE-2G-770-603,0.77,0.611068063145,144-145,145,144,uniform,37.6145138235,55.6766894605,0.0,1.0,byAbs,1.0,12.0
25287,57827,26627,2G,EDGE,1,1,-83.0,EDGE-2G-26627-57827,0.79,0.376473128194,080-081,81,80,distance,37.7694469689,55.7493166559,0.649982248956,0.0,byCorr,0.0,13.0
25304,57827,26627,2G,EDGE,1,1,-60.0,EDGE-2G-26627-57827,0.79,0.449281955998,080-081,81,80,distance,37.766417867,55.7501271823,0.901721984097,0.0,byCorr,0.0,13.0
25330,57827,26627,2G,EDGE,1,1,-66.0,EDGE-2G-26627-57827,0.79,0.560636633815,080-081,81,80,distance,37.7638086112,55.7525415225,0.904284858709,0.0,byCorr,0.0,13.0
25349,57827,26627,2G,EDGE,1,1,-67.0,EDGE-2G-26627-57827,0.79,0.642011206067,080-081,81,80,distance,37.7636458402,55.7546745616,0.930919797355,1.0,byCorr,0.0,13.0
25391,57827,26627,2G,EDGE,1,1,-73.0,EDGE-2G-26627-57827,0.79,0.821891839464,080-081,81,80,distance,37.7579937571,55.7579108919,0.803439316925,0.0,byCorr,0.0,13.0
25408,57827,26627,2G,EDGE,1,1,-73.0,EDGE-2G-26627-57827,0.79,0.894700667268,080-081,81,80,distance,37.7546372129,55.7581458769,0.869471724634,0.0,byCorr,0.0,13.0
25420,57827,26627,2G,EDGE,1,1,-71.0,EDGE-2G-26627-57827,0.79,0.946095133953,080-081,81,80,distance,37.7522675556,55.757944544,0.909362894707,0.0,byCorr,0.0,13.0
25428,57827,26627,2G,EDGE,1,1,-64.0,EDGE-2G-26627-57827,0.79,0.980358111743,080-081,81,80,distance,37.7506927733,55.7577827511,0.803538275836,0.0,byCorr,0.0,13.0
25646,57827,26627,2G,EDGE,1,1,-93.0,EDGE-2G-26627-57827,0.62,0.599857691239,081-080,80,81,distance,37.7685196314,55.7489819194,0.692733621271,1.0,byCorr,0.0,13.0
25683,57827,26627,2G,EDGE,1,1,-67.0,EDGE-2G-26627-57827,0.91,0.117866089044,081-082,82,81,distance,37.7461625119,55.7573184514,0.958046965874,0.0,byCorr,0.0,13.0
25692,57827,26627,2G,EDGE,1,1,-63.0,EDGE-2G-26627-57827,0.91,0.18858574247,081-082,82,81,distance,37.7440640271,55.75692592,0.626303494866,0.0,byCorr,0.0,13.0
25709,57827,26627,2G,EDGE,1,1,-58.0,EDGE-2G-26627-57827,0.91,0.322167310053,081-082,82,81,distance,37.7401060286,55.7561718374,0.94952553318,0.0,byCorr,0.0,13.0
25728,57827,26627,2G,EDGE,1,1,-57.0,EDGE-2G-26627-57827,0.91,0.471464356176,081-082,82,81,distance,37.7356823832,55.755329022,0.959033416601,0.0,byCorr,0.0,13.0
25749,57827,26627,2G,EDGE,1,1,-57.0,EDGE-2G-26627-57827,0.91,0.636476880837,081-082,82,81,distance,37.7307930909,55.7543974679,0.960600230545,1.0,byCorr,1.0,13.0
25760,57827,26627,2G,EDGE,1,1,-54.0,EDGE-2G-26627-57827,0.91,0.722912012803,081-082,82,81,distance,37.728232033,55.7539095022,0.837358205123,0.0,byCorr,0.0,13.0
5884,6945023,660,3G,UMTS,1,1,-97.0,UMTS-3G-660-6945023,0.48,0.184448571913,045-044,44,45,distance,37.6185185126,55.7565912161,0.950207565423,1.0,byCorr,1.0,14.0
5889,6945023,660,3G,UMTS,1,1,-103.0,UMTS-3G-660-6945023,0.48,0.238412506251,045-044,44,45,distance,37.6175579639,55.7564142014,0.92180040188,0.0,byCorr,0.0,14.0
5945,6945023,660,3G,UMTS,1,1,-101.0,UMTS-3G-660-6945023,0.81,0.102447955018,045-046,46,45,distance,37.6256935708,55.7566484691,0.91575200076,0.0,byCorr,0.0,14.0
5947,6945023,660,3G,UMTS,1,1,-102.0,UMTS-3G-660-6945023,0.81,0.116107682353,045-046,46,45,distance,37.6261912872,55.7566604273,0.91585976331,1.0,byCorr,0.0,14.0
42930,7832473,655,3G,UMTS,1,2,-87.0,UMTS-3G-655-7832473,0.72,0.969864592682,192-193,193,192,uniform,37.5433223408,55.5455135264,0.881004959785,1.0,byCorr,1.0,15.0
