ID;Name;User;TimeStamp;NetworkGen;NetworkType;Active;MCC;MNC;LAC;CID;PSC;Power
;ServiceLog;Komzpa;1436255920108;3G;HSPAP;1;257;4;1100;9974693;-1;-71
;ServiceLog;Komzpa;1436255921153;3G;HSPAP;1;257;4;1100;9974693;-1;-71
;ServiceLog;Komzpa;1436255922167;3G;HSPAP;1;257;4;1100;9974693;-1;-71
;ServiceLog;Komzpa;1436255923183;3G;HSPAP;1;257;4;1100;9974693;-1;-69
;ServiceLog;Komzpa;1436255924195;3G;HSPAP;1;257;4;1100;9974693;-1;-69
;ServiceLog;Komzpa;1436255925206;3G;HSPAP;1;257;4;1100;9974693;-1;-69
;ServiceLog;Komzpa;1436255926222;3G;HSPAP;1;257;4;1100;9974693;-1;-69
;ServiceLog;Komzpa;1436255927247;3G;HSPAP;1;257;4;1100;9974693;-1;-69
;ServiceLog;Komzpa;1436255928266;3G;UMTS;1;257;4;1100;9974693;-1;-69
;ServiceLog;Komzpa;1436255929277;3G;HSDPA;1;257;4;1100;9974693;-1;-69
;ServiceLog;Komzpa;1436255930289;3G;HSPAP;1;257;4;1100;9974693;-1;-69
;ServiceLog;Komzpa;1436255931305;3G;HSPAP;1;257;4;1100;9974693;-1;-69
;ServiceLog;Komzpa;1436255932326;3G;HSPAP;1;257;4;1100;9974693;-1;-69
;ServiceLog;Komzpa;1436255933350;3G;HSPAP;1;257;4;1100;9974693;-1;-69
;ServiceLog;Komzpa;1436255934385;3G;HSPAP;1;257;4;1100;9974693;-1;-69
;ServiceLog;Komzpa;1436255935406;3G;HSPAP;1;257;4;1100;9974693;-1;-69
;ServiceLog;Komzpa;1436255936431;3G;HSPAP;1;257;4;1100;9974693;-1;-69
;ServiceLog;Komzpa;1436255937452;3G;HSPAP;1;257;4;1100;9974693;-1;-71
;ServiceLog;Komzpa;1436255938471;3G;HSPAP;1;257;4;1100;9974693;-1;-71
;ServiceLog;Komzpa;1436255939488;3G;HSPAP;1;257;4;1100;9974693;-1;-71
;ServiceLog;Komzpa;1436255940510;3G;UMTS;1;257;4;1100;9974693;-1;-71
;ServiceLog;Komzpa;1436255941587;3G;HSDPA;1;257;4;1100;9974693;-1;-71
;ServiceLog;Komzpa;1436255942620;3G;HSPAP;1;257;4;1100;9974693;-1;-71
;ServiceLog;Komzpa;1436255943643;3G;HSPAP;1;257;4;1100;9974693;-1;-71
;ServiceLog;Komzpa;1436255944660;3G;HSPAP;1;257;4;1100;9974693;-1;-71
;ServiceLog;Komzpa;1436255945680;3G;HSPAP;1;257;4;1100;9974693;-1;-71
;ServiceLog;Komzpa;1436255946700;3G;HSPAP;1;257;4;1100;9974693;-1;-71
;ServiceLog;Komzpa;1436255947726;3G;HSPAP;1;257;4;1100;9974693;-1;-71
;ServiceLog;Komzpa;1436255948748;3G;HSPAP;1;257;4;1100;9974693;-1;-73
;ServiceLog;Komzpa;1436255949766;3G;HSPAP;1;257;4;1100;9974693;-1;-73
;ServiceLog;Komzpa;1436255950781;3G;HSPAP;1;257;4;1100;9974693;-1;-75
;ServiceLog;Komzpa;1436255951800;3G;HSPAP;1;257;4;1100;9974693;-1;-75
;ServiceLog;Komzpa;1436255952822;3G;HSPAP;1;257;4;1100;9974693;-1;-75
;ServiceLog;Komzpa;1436255953842;3G;HSPAP;1;257;4;1100;9974693;-1;-75
;ServiceLog;Komzpa;1436255954863;3G;HSPAP;1;257;4;1100;9974693;-1;-77
;ServiceLog;Komzpa;1436255955911;3G;HSPAP;1;257;4;1100;9974693;-1;-81
;ServiceLog;Komzpa;1436255956944;3G;HSPAP;1;257;4;1100;9974693;-1;-81
;ServiceLog;Komzpa;1436255957964;3G;HSPAP;1;257;4;1100;9974693;-1;-83
;ServiceLog;Komzpa;1436255958980;3G;HSPAP;1;257;4;1100;9974693;-1;-85
;ServiceLog;Komzpa;1436255959997;3G;HSPAP;1;257;4;1100;9974693;-1;-85
;ServiceLog;Komzpa;1436255961015;3G;HSPAP;1;257;4;1100;9974693;-1;-85
;ServiceLog;Komzpa;1436255962033;3G;HSPAP;1;257;4;1100;9974693;-1;-85
;ServiceLog;Komzpa;1436255963049;3G;HSPAP;1;257;4;1100;9974693;-1;-85
;ServiceLog;Komzpa;1436255964068;3G;HSPAP;1;257;4;1100;9974693;-1;-85
;ServiceLog;Komzpa;1436255965087;3G;HSPAP;1;257;4;1100;9974693;-1;-85
;ServiceLog;Komzpa;1436255966103;3G;HSPAP;1;257;4;1100;9974693;-1;-85
;ServiceLog;Komzpa;1436255967121;3G;HSPAP;1;257;4;1100;9974693;-1;-85
;ServiceLog;Komzpa;1436255968143;3G;HSPAP;1;257;4;1100;9974693;-1;-85
;ServiceLog;Komzpa;1436255969177;3G;HSPAP;1;257;4;1100;9974693;-1;-87
;ServiceLog;Komzpa;1436255970195;3G;HSPAP;1;257;4;1100;9974693;-1;-87
;ServiceLog;Komzpa;1436255971224;3G;UMTS;1;257;4;1100;9974693;-1;-87
;ServiceLog;Komzpa;1436255972243;3G;HSDPA;1;257;4;1100;9974693;-1;-87
;ServiceLog;Komzpa;1436255973266;3G;HSPAP;1;257;4;1100;9974693;-1;-87
;ServiceLog;Komzpa;1436255974285;3G;HSPAP;1;257;4;1100;9974693;-1;-87
;ServiceLog;Komzpa;1436255975310;3G;HSPAP;1;257;4;1100;9974693;-1;-83
;ServiceLog;Komzpa;1436255976326;3G;HSPAP;1;257;4;1100;9974693;-1;-77
;ServiceLog;Komzpa;1436255977343;3G;HSDPA;1;257;4;1100;9974693;-1;-77
;ServiceLog;Komzpa;1436255978355;3G;HSDPA;1;257;4;1100;9974693;-1;-73
;ServiceLog;Komzpa;1436255979374;3G;HSDPA;1;257;4;1100;9974693;-1;-73
;ServiceLog;Komzpa;1436255980401;3G;HSDPA;1;257;4;1100;9974693;-1;-71
;ServiceLog;Komzpa;1436255981438;3G;HSDPA;1;257;4;1100;9974693;-1;-71
;ServiceLog;Komzpa;1436255982456;3G;HSDPA;1;257;4;1100;9974693;-1;-71
;ServiceLog;Komzpa;1436255983470;3G;HSDPA;1;257;4;1100;9974693;-1;-69
;ServiceLog;Komzpa;1436255984483;3G;HSDPA;1;257;4;1100;9974693;-1;-69
;ServiceLog;Komzpa;1436255985496;3G;HSDPA;1;257;4;1100;9974693;-1;-69
;ServiceLog;Komzpa;1436255986507;3G;HSDPA;1;257;4;1100;9974693;-1;-69
;ServiceLog;Komzpa;1436255987520;3G;HSDPA;1;257;4;1100;9974693;-1;-69
;ServiceLog;Komzpa;1436255988538;3G;HSDPA;1;257;4;1100;9974693;-1;-69
;ServiceLog;Komzpa;1436255989555;3G;HSDPA;1;257;4;1100;9974693;-1;-69
;ServiceLog;Komzpa;1436255990581;3G;HSDPA;1;257;4;1100;9974693;-1;-73
;ServiceLog;Komzpa;1436255991612;3G;HSPAP;1;257;4;1100;9974693;-1;-79
;ServiceLog;Komzpa;1436255992634;3G;HSPAP;1;257;4;1100;9974693;-1;-79
;ServiceLog;Komzpa;1436255993658;3G;HSPAP;1;257;4;1100;9974693;-1;-89
;ServiceLog;Komzpa;1436255994676;3G;HSPAP;1;257;4;1100;9974693;-1;-95
;ServiceLog;Komzpa;1436255995691;3G;HSPAP;1;257;4;1100;9974693;-1;-99
;ServiceLog;Komzpa;1436255996708;3G;HSPAP;1;257;4;1100;9974693;-1;-101
;ServiceLog;Komzpa;1436255997724;3G;HSPAP;1;257;4;1100;9974693;-1;-103
;ServiceLog;Komzpa;1436255998752;3G;HSPAP;1;257;4;1100;9974693;-1;-103
;ServiceLog;Komzpa;1436255999781;3G;UMTS;1;257;4;1100;9974693;-1;-103
;ServiceLog;Komzpa;1436256000791;3G;HSDPA;1;257;4;1100;9974696;-1;-103
;ServiceLog;Komzpa;1436256001812;3G;HSDPA;1;257;4;1100;9974696;-1;-105
;ServiceLog;Komzpa;1436256002825;3G;HSDPA;1;257;4;1100;9974696;-1;-105
;ServiceLog;Komzpa;1436256003841;3G;HSPAP;1;257;4;1100;9974696;-1;-109
;ServiceLog;Komzpa;1436256004860;3G;HSPAP;1;257;4;1100;9974696;-1;-109
;ServiceLog;Komzpa;1436256005881;3G;HSPAP;1;257;4;1100;9974696;-1;-111
;ServiceLog;Komzpa;1436256006906;3G;HSPAP;1;257;4;1100;9974696;-1;-111
;ServiceLog;Komzpa;1436256007928;3G;HSPAP;1;257;4;1100;9974696;-1;-111
;ServiceLog;Komzpa;1436256008948;3G;HSPAP;1;257;4;1100;9974696;-1;-113
;ServiceLog;Komzpa;1436256009959;3G;HSPAP;1;257;4;1100;9974696;-1;-113
;ServiceLog;Komzpa;1436256010980;3G;HSPAP;1;257;4;1100;9974696;-1;-113
;ServiceLog;Komzpa;1436256011997;3G;HSPAP;1;257;4;1100;9974696;-1;-113
;ServiceLog;Komzpa;1436256013014;3G;HSPAP;1;257;4;1100;9974696;-1;-113
;ServiceLog;Komzpa;1436256014031;3G;HSPAP;1;257;4;1100;9974696;-1;-113
;ServiceLog;Komzpa;1436256015054;3G;HSPAP;1;257;4;1100;9974696;-1;-113
;ServiceLog;Komzpa;1436256016072;3G;HSPAP;1;257;4;1100;9974696;-1;-113
;ServiceLog;Komzpa;1436256017090;3G;UMTS;1;257;4;1100;9974696;-1;-113
;ServiceLog;Komzpa;1436256018108;3G;UMTS;1;257;4;1100;9974696;-1;-113
;ServiceLog;Komzpa;1436256019132;3G;UMTS;1;257;4;1100;9974696;-1;-113
;ServiceLog;Komzpa;1436256020165;3G;UMTS;1;257;4;1100;9974696;-1;-113
;ServiceLog;Komzpa;1436256021184;3G;UMTS;1;257;4;1100;9974696;-1;-113
;ServiceLog;Komzpa;1436256022210;3G;UMTS;1;257;4;1100;9974696;-1;-113
;ServiceLog;Komzpa;1436256023237;3G;UMTS;1;257;4;1100;9974696;-1;-113
;ServiceLog;Komzpa;1436256024262;3G;UMTS;1;257;4;1100;9974696;-1;-113
;ServiceLog;Komzpa;1436256025284;3G;UMTS;1;257;4;1100;9974696;-1;-113
;ServiceLog;Komzpa;1436256026301;3G;UMTS;1;257;4;1100;9974696;-1;-113
;ServiceLog;Komzpa;1436256027316;3G;UMTS;1;257;4;1100;9974696;-1;-113
;ServiceLog;Komzpa;1436256028334;3G;UMTS;1;257;4;1100;9974696;-1;-113
;ServiceLog;Komzpa;1436256029358;3G;UMTS;1;257;4;1100;9974696;-1;-113
;ServiceLog;Komzpa;1436256030388;3G;UMTS;1;257;4;1100;9974696;-1;-113
;ServiceLog;Komzpa;1436256031413;3G;UMTS;1;257;4;1100;9974696;-1;-113
;ServiceLog;Komzpa;1436256032438;3G;UMTS;1;257;4;1100;9974696;-1;-113
;ServiceLog;Komzpa;1436256033475;3G;UMTS;1;257;4;1100;9974696;-1;-113
;ServiceLog;Komzpa;1436256034492;3G;UMTS;1;257;4;1100;9974696;-1;-113
;ServiceLog;Komzpa;1436256035511;3G;UMTS;1;257;4;1100;9974696;-1;-113
;ServiceLog;Komzpa;1436256036528;3G;HSDPA;1;257;4;100;10311;-1;-113
;ServiceLog;Komzpa;1436256037550;3G;HSDPA;1;257;4;100;10311;-1;-113
;ServiceLog;Komzpa;1436256038579;3G;HSDPA;1;257;4;100;10311;-1;-111
;ServiceLog;Komzpa;1436256039602;3G;HSDPA;1;257;4;100;10311;-1;-111
;ServiceLog;Komzpa;1436256040635;3G;HSDPA;1;257;4;100;10311;-1;-113
;ServiceLog;Komzpa;1436256041653;2G;GPRS;1;257;2;100;10311;-1;-113
;ServiceLog;Komzpa;1436256042665;2G;GPRS;1;257;2;100;10311;-1;-113
;ServiceLog;Komzpa;1436256043674;2G;GPRS;1;257;2;100;10311;-1;-113
;ServiceLog;Komzpa;1436256044681;2G;GPRS;1;257;2;100;10311;-1;-113
;ServiceLog;Komzpa;1436256045689;2G;GPRS;1;257;2;100;10311;-1;-113
;ServiceLog;Komzpa;1436256046697;2G;GPRS;1;257;2;100;10311;-1;-107
;ServiceLog;Komzpa;1436256047717;2G;GPRS;1;257;2;100;10311;-1;-103
;ServiceLog;Komzpa;1436256048746;2G;GPRS;1;257;2;100;10311;-1;-101
;ServiceLog;Komzpa;1436256049780;2G;GPRS;1;257;2;100;10311;-1;-97
;ServiceLog;Komzpa;1436256050795;2G;GPRS;1;257;2;100;10311;-1;-95
;ServiceLog;Komzpa;1436256051804;2G;GPRS;1;257;2;100;10311;-1;-95
;ServiceLog;Komzpa;1436256052826;2G;GPRS;1;257;2;100;10311;-1;-95
;ServiceLog;Komzpa;1436256053843;2G;GPRS;1;257;2;100;10311;-1;-93
;ServiceLog;Komzpa;1436256054863;2G;GPRS;1;257;2;100;10311;-1;-93
;ServiceLog;Komzpa;1436256055881;2G;GPRS;1;257;2;100;10311;-1;-93
;ServiceLog;Komzpa;1436256056905;2G;GPRS;1;257;2;100;10311;-1;-93
;ServiceLog;Komzpa;1436256057935;2G;GPRS;1;257;2;100;10311;-1;-89
;ServiceLog;Komzpa;1436256058985;2G;GPRS;1;257;2;100;10311;-1;-89
;ServiceLog;Komzpa;1436256060024;2G;GPRS;1;257;2;100;10311;-1;-89
;ServiceLog;Komzpa;1436256061045;2G;GPRS;1;257;2;100;10311;-1;-89
;ServiceLog;Komzpa;1436256062065;2G;GPRS;1;257;2;100;10311;-1;-87
;ServiceLog;Komzpa;1436256063100;2G;GPRS;1;257;2;100;10311;-1;-87
;ServiceLog;Komzpa;1436256064119;2G;GPRS;1;257;2;100;10311;-1;-87
;ServiceLog;Komzpa;1436256065135;2G;GPRS;1;257;2;100;10311;-1;-85
;ServiceLog;Komzpa;1436256066153;2G;GPRS;1;257;2;100;10311;-1;-85
;ServiceLog;Komzpa;1436256067170;2G;GPRS;1;257;2;100;10311;-1;-85
;ServiceLog;Komzpa;1436256068194;2G;GPRS;1;257;2;100;10311;-1;-85
;ServiceLog;Komzpa;1436256069233;3G;HSDPA;1;257;2;215;13117514;-1;-85
;ServiceLog;Komzpa;1436256070253;3G;HSDPA;1;257;2;215;13117514;-1;-85
;ServiceLog;Komzpa;1436256071281;3G;HSDPA;1;257;2;215;13117514;-1;-85
;ServiceLog;Komzpa;1436256072303;3G;HSDPA;1;257;2;215;13117514;-1;-85
;ServiceLog;Komzpa;1436256073323;3G;HSDPA;1;257;2;215;13117514;-1;-85
;ServiceLog;Komzpa;1436256074361;3G;HSDPA;1;257;2;215;13117514;-1;-85
;ServiceLog;Komzpa;1436256075381;3G;HSDPA;1;257;2;215;13117511;-1;-85
;ServiceLog;Komzpa;1436256076406;3G;HSDPA;1;257;2;215;13117511;-1;-65
;ServiceLog;Komzpa;1436256077427;3G;HSDPA;1;257;2;215;13117517;-1;-65
;ServiceLog;Komzpa;1436256078442;3G;HSDPA;1;257;2;215;13117517;-1;-65
;ServiceLog;Komzpa;1436256079466;3G;HSDPA;1;257;2;215;13117517;-1;-65
;ServiceLog;Komzpa;1436256080493;3G;HSDPA;1;257;2;215;13117517;-1;-65
;ServiceLog;Komzpa;1436256081520;3G;HSDPA;1;257;2;215;13117517;-1;-65
;ServiceLog;Komzpa;1436256082535;3G;HSDPA;1;257;2;215;13117517;-1;-65
;ServiceLog;Komzpa;1436256083554;3G;HSDPA;1;257;2;215;13117517;-1;-65
;ServiceLog;Komzpa;1436256084573;3G;HSDPA;1;257;2;215;13117517;-1;-65
;ServiceLog;Komzpa;1436256085604;3G;HSDPA;1;257;2;215;13117517;-1;-65
;ServiceLog;Komzpa;1436256086619;3G;HSDPA;1;257;2;215;13117517;-1;-65
;ServiceLog;Komzpa;1436256087637;3G;HSDPA;1;257;2;215;13117517;-1;-65
;ServiceLog;Komzpa;1436256088655;3G;HSDPA;1;257;2;215;13117517;-1;-65
;ServiceLog;Komzpa;1436256089678;3G;HSDPA;1;257;2;215;13117517;-1;-65
;ServiceLog;Komzpa;1436256090694;3G;HSDPA;1;257;2;215;13117517;-1;-65
;ServiceLog;Komzpa;1436256091712;3G;HSDPA;1;257;2;215;13117517;-1;-65
;ServiceLog;Komzpa;1436256092740;3G;HSDPA;1;257;2;215;13117517;-1;-65
;ServiceLog;Komzpa;1436256093758;3G;HSDPA;1;257;2;215;13117517;-1;-65
;ServiceLog;Komzpa;1436256094775;3G;HSDPA;1;257;2;215;13117517;-1;-65
;ServiceLog;Komzpa;1436256095791;3G;HSDPA;1;257;4;1100;9974707;-1;-71
;ServiceLog;Komzpa;1436256096807;3G;HSDPA;1;257;4;1100;9974707;-1;-77
;ServiceLog;Komzpa;1436256097826;3G;HSPAP;1;257;4;1100;9974707;-1;-83
;ServiceLog;Komzpa;1436256098843;3G;HSPAP;1;257;4;1100;9974707;-1;-87
;ServiceLog;Komzpa;1436256099868;3G;HSPAP;1;257;4;1100;9974707;-1;-91
;ServiceLog;Komzpa;1436256100879;3G;HSPAP;1;257;4;1100;9974707;-1;-91
;ServiceLog;Komzpa;1436256101889;3G;HSPAP;1;257;4;1100;9974707;-1;-91
;ServiceLog;Komzpa;1436256102901;3G;HSPAP;1;257;4;1100;9974707;-1;-91
;ServiceLog;Komzpa;1436256103920;3G;HSPAP;1;257;4;1100;9974707;-1;-91
;ServiceLog;Komzpa;1436256104926;3G;HSPAP;1;257;4;1100;9974707;-1;-87
;ServiceLog;Komzpa;1436256105973;3G;HSPAP;1;257;4;1100;9974707;-1;-87
;ServiceLog;Komzpa;1436256106988;3G;HSPAP;1;257;4;1100;9974707;-1;-91
;ServiceLog;Komzpa;1436256108006;3G;HSPAP;1;257;4;1100;9974707;-1;-97
;ServiceLog;Komzpa;1436256109027;3G;HSPAP;1;257;4;1100;9974707;-1;-93
;ServiceLog;Komzpa;1436256110052;3G;HSPAP;1;257;4;1100;9974707;-1;-93
;ServiceLog;Komzpa;1436256111069;3G;HSPAP;1;257;4;1100;9974707;-1;-93
;ServiceLog;Komzpa;1436256112095;3G;HSPAP;1;257;4;1100;9974707;-1;-93
;ServiceLog;Komzpa;1436256113124;3G;HSPAP;1;257;4;1100;9974707;-1;-97
;ServiceLog;Komzpa;1436256114139;3G;HSPAP;1;257;4;1100;9974707;-1;-97
;ServiceLog;Komzpa;1436256115148;3G;HSPAP;1;257;4;1100;9974707;-1;-97
;ServiceLog;Komzpa;1436256116157;3G;HSPAP;1;257;4;1100;9974707;-1;-97
;ServiceLog;Komzpa;1436256117181;3G;HSPAP;1;257;4;1100;9974707;-1;-95
;ServiceLog;Komzpa;1436256118230;3G;HSPAP;1;257;4;1100;9974707;-1;-95
;ServiceLog;Komzpa;1436256119253;3G;HSPAP;1;257;4;1100;9974707;-1;-89
;ServiceLog;Komzpa;1436256120272;3G;HSPAP;1;257;4;1100;9974707;-1;-85
;ServiceLog;Komzpa;1436256121287;3G;HSPAP;1;257;4;1100;9974707;-1;-77
;ServiceLog;Komzpa;1436256122307;3G;HSPAP;1;257;4;1100;9974707;-1;-75
;ServiceLog;Komzpa;1436256123318;3G;HSPAP;1;257;4;1100;9974707;-1;-75
;ServiceLog;Komzpa;1436256124334;3G;HSPAP;1;257;4;1100;9974707;-1;-75
;ServiceLog;Komzpa;1436256125351;3G;HSPAP;1;257;4;1100;9974707;-1;-75
;ServiceLog;Komzpa;1436256126362;3G;HSPAP;1;257;4;1100;9974707;-1;-77
;ServiceLog;Komzpa;1436256127417;3G;HSPAP;1;257;4;1100;9974707;-1;-81
;ServiceLog;Komzpa;1436256128437;3G;HSPAP;1;257;4;1100;9974707;-1;-89
;ServiceLog;Komzpa;1436256129479;3G;HSPAP;1;257;4;1100;9974707;-1;-89
;ServiceLog;Komzpa;1436256130504;3G;HSPAP;1;257;4;1100;9974707;-1;-85
;ServiceLog;Komzpa;1436256131540;3G;HSPAP;1;257;4;1100;9974707;-1;-83
;ServiceLog;Komzpa;1436256132569;3G;HSPAP;1;257;4;1100;9974707;-1;-83
;ServiceLog;Komzpa;1436256133600;3G;HSPAP;1;257;4;1100;9974707;-1;-83
;ServiceLog;Komzpa;1436256134619;3G;HSPAP;1;257;4;1100;9974707;-1;-83
;ServiceLog;Komzpa;1436256135636;3G;HSPAP;1;257;4;1100;9974707;-1;-83
;ServiceLog;Komzpa;1436256136656;3G;HSPAP;1;257;4;1100;9974707;-1;-87
;ServiceLog;Komzpa;1436256137674;3G;HSPAP;1;257;4;1100;9974707;-1;-95
;ServiceLog;Komzpa;1436256138691;3G;HSPAP;1;257;4;1100;9974707;-1;-101
;ServiceLog;Komzpa;1436256139711;3G;HSPAP;1;257;4;1100;9974707;-1;-103
;ServiceLog;Komzpa;1436256140743;3G;HSDPA;1;257;4;1100;9974707;-1;-105
;ServiceLog;Komzpa;1436256141783;3G;HSDPA;1;257;4;1100;9974707;-1;-105
;ServiceLog;Komzpa;1436256142827;3G;HSDPA;1;257;4;1100;9974704;-1;-105
;ServiceLog;Komzpa;1436256143847;3G;HSDPA;1;257;4;1100;9974704;-1;-107
;ServiceLog;Komzpa;1436256144869;3G;HSDPA;1;257;4;1100;9974704;-1;-107
;ServiceLog;Komzpa;1436256145891;3G;HSDPA;1;257;4;1100;9974704;-1;-107
;ServiceLog;Komzpa;1436256146931;3G;HSDPA;1;257;4;1100;9974704;-1;-111
;ServiceLog;Komzpa;1436256147975;3G;HSDPA;1;257;4;1100;9974704;-1;-111
;ServiceLog;Komzpa;1436256148995;3G;HSDPA;1;257;4;1100;9974704;-1;-113
;ServiceLog;Komzpa;1436256150012;3G;HSDPA;1;257;4;1100;9974704;-1;-113
;ServiceLog;Komzpa;1436256151029;3G;HSDPA;1;257;4;1100;9974704;-1;-113
;ServiceLog;Komzpa;1436256152047;3G;HSDPA;1;257;4;1100;9974704;-1;-113
;ServiceLog;Komzpa;1436256153071;3G;HSDPA;1;257;4;1100;9974704;-1;-113
;ServiceLog;Komzpa;1436256154091;3G;HSDPA;1;257;4;1100;9974704;-1;-113
;ServiceLog;Komzpa;1436256155111;3G;HSDPA;1;257;4;1100;9974704;-1;-113
;ServiceLog;Komzpa;1436256156128;3G;HSDPA;1;257;4;1100;9974704;-1;-113
;ServiceLog;Komzpa;1436256157145;3G;HSDPA;1;257;4;1100;9974704;-1;-113
;ServiceLog;Komzpa;1436256158166;3G;HSDPA;1;257;4;1100;9974704;-1;-113
;ServiceLog;Komzpa;1436256159189;3G;HSDPA;1;257;4;1100;9974704;-1;-113
;ServiceLog;Komzpa;1436256160231;3G;HSDPA;1;257;4;1100;9974704;-1;-113
;ServiceLog;Komzpa;1436256161256;3G;HSDPA;1;257;4;1100;9974704;-1;-113
;ServiceLog;Komzpa;1436256162289;3G;HSDPA;1;257;4;1100;9974704;-1;-113
;ServiceLog;Komzpa;1436256163311;3G;HSDPA;1;257;4;1100;9974704;-1;-113
;ServiceLog;Komzpa;1436256164335;3G;HSDPA;1;257;4;1100;9974704;-1;-113
;ServiceLog;Komzpa;1436256165375;3G;HSDPA;1;257;4;1100;9974704;-1;-113
;ServiceLog;Komzpa;1436256166386;3G;HSDPA;1;257;4;1100;9974704;-1;-113
;ServiceLog;Komzpa;1436256167403;3G;HSDPA;1;257;4;1100;9974704;-1;-113
;ServiceLog;Komzpa;1436256168419;3G;HSDPA;1;257;4;1100;9974704;-1;-113
;ServiceLog;Komzpa;1436256169436;3G;HSDPA;1;257;4;1100;9974704;-1;-113
;ServiceLog;Komzpa;1436256170458;3G;HSDPA;1;257;4;1100;9974704;-1;-113
;ServiceLog;Komzpa;1436256171479;3G;HSDPA;1;257;4;1100;9974704;-1;-113
;ServiceLog;Komzpa;1436256172504;3G;HSDPA;1;257;4;1100;9974704;-1;-113
;ServiceLog;Komzpa;1436256173531;3G;HSDPA;1;257;4;1100;9974704;-1;-113
;ServiceLog;Komzpa;1436256174551;3G;HSDPA;1;257;4;1100;9974704;-1;-113
;ServiceLog;Komzpa;1436256175573;3G;HSDPA;1;257;4;1100;9974704;-1;-113
;ServiceLog;Komzpa;1436256176594;3G;HSDPA;1;257;4;1100;9974704;-1;-113
;ServiceLog;Komzpa;1436256177622;3G;HSDPA;1;257;4;1100;9974704;-1;-113
;ServiceLog;Komzpa;1436256178637;3G;HSDPA;1;257;4;1100;9974704;-1;-113
;ServiceLog;Komzpa;1436256179653;3G;HSDPA;1;257;4;1100;9974704;-1;-113
;ServiceLog;Komzpa;1436256180675;3G;HSDPA;1;257;4;1100;9974704;-1;-113
;ServiceLog;Komzpa;1436256181697;3G;HSDPA;1;257;4;1100;9974704;-1;-113
;ServiceLog;Komzpa;1436256182743;3G;HSDPA;1;257;4;1100;9974704;-1;-113
;ServiceLog;Komzpa;1436256183779;3G;HSDPA;1;257;4;1100;9974704;-1;-113
;ServiceLog;Komzpa;1436256184795;3G;HSDPA;1;257;4;1100;9974704;-1;-113
;ServiceLog;Komzpa;1436256185813;3G;HSDPA;1;257;4;1100;9974704;-1;-113
;ServiceLog;Komzpa;1436256186827;3G;HSDPA;1;257;4;1100;9974704;-1;-113
;ServiceLog;Komzpa;1436256187843;3G;HSDPA;1;257;4;1100;9974704;-1;-113
;ServiceLog;Komzpa;1436256188871;3G;HSDPA;1;257;4;1100;9974704;-1;-113
;ServiceLog;Komzpa;1436256189890;3G;HSDPA;1;257;4;1100;9974704;-1;-113
;ServiceLog;Komzpa;1436256190931;3G;HSDPA;1;257;4;1100;9974704;-1;-113
;ServiceLog;Komzpa;1436256191951;3G;HSDPA;1;257;4;1100;9974704;-1;-113
;ServiceLog;Komzpa;1436256192974;3G;HSDPA;1;257;4;1100;9974704;-1;-113
;ServiceLog;Komzpa;1436256193991;3G;HSDPA;1;257;4;1100;9974704;-1;-113
;ServiceLog;Komzpa;1436256195007;3G;HSDPA;1;257;4;1100;9974704;-1;-113
;ServiceLog;Komzpa;1436256196022;3G;HSDPA;1;257;4;1100;9974704;-1;-113
;ServiceLog;Komzpa;1436256197040;3G;HSDPA;1;257;4;1100;9974704;-1;-109
;ServiceLog;Komzpa;1436256198075;3G;HSDPA;1;257;4;1100;9974704;-1;-107
;ServiceLog;Komzpa;1436256199094;2G;EDGE;1;257;4;800;13241;-1;-105
;ServiceLog;Komzpa;1436256200110;2G;EDGE;1;257;4;800;13241;-1;-105
;ServiceLog;Komzpa;1436256201126;2G;EDGE;1;257;4;800;13241;-1;-105
;ServiceLog;Komzpa;1436256202146;2G;EDGE;1;257;4;800;13241;-1;-105
;ServiceLog;Komzpa;1436256203174;2G;EDGE;1;257;4;800;13241;-1;-101
;ServiceLog;Komzpa;1436256204196;2G;EDGE;1;257;4;800;13241;-1;-101
;ServiceLog;Komzpa;1436256205230;2G;EDGE;1;257;4;800;13241;-1;-99
;ServiceLog;Komzpa;1436256206250;2G;EDGE;1;257;4;800;13241;-1;-95
;ServiceLog;Komzpa;1436256207278;2G;EDGE;1;257;4;800;13241;-1;-95
;ServiceLog;Komzpa;1436256208296;2G;EDGE;1;257;4;800;13241;-1;-95
;ServiceLog;Komzpa;1436256209313;2G;EDGE;1;257;4;800;13241;-1;-95
;ServiceLog;Komzpa;1436256210330;2G;EDGE;1;257;4;800;13241;-1;-93
;ServiceLog;Komzpa;1436256211348;2G;EDGE;1;257;4;800;13241;-1;-91
;ServiceLog;Komzpa;1436256212364;2G;EDGE;1;257;4;800;13241;-1;-89
;ServiceLog;Komzpa;1436256213382;2G;EDGE;1;257;4;800;13241;-1;-89
;ServiceLog;Komzpa;1436256214406;2G;EDGE;1;257;4;800;13241;-1;-87
;ServiceLog;Komzpa;1436256215431;2G;EDGE;1;257;4;800;13241;-1;-81
;ServiceLog;Komzpa;1436256216472;3G;HSDPA;1;257;4;1100;9974713;-1;-73
;ServiceLog;Komzpa;1436256217490;3G;HSDPA;1;257;4;1100;9974713;-1;-69
;ServiceLog;Komzpa;1436256218508;3G;HSDPA;1;257;4;1100;9974713;-1;-69
;ServiceLog;Komzpa;1436256219531;3G;HSDPA;1;257;4;1100;9974713;-1;-69
;ServiceLog;Komzpa;1436256220547;3G;HSDPA;1;257;4;1100;9974713;-1;-71
;ServiceLog;Komzpa;1436256221569;3G;HSDPA;1;257;4;1100;9974713;-1;-75
;ServiceLog;Komzpa;1436256222591;3G;HSDPA;1;257;4;1100;9974713;-1;-75
;ServiceLog;Komzpa;1436256223636;3G;HSDPA;1;257;4;1100;9974713;-1;-79
;ServiceLog;Komzpa;1436256224655;3G;HSDPA;1;257;4;1100;9974713;-1;-85
;ServiceLog;Komzpa;1436256225669;3G;HSPAP;1;257;4;1100;9974713;-1;-91
;ServiceLog;Komzpa;1436256226696;3G;HSPAP;1;257;4;1100;9974713;-1;-95
;ServiceLog;Komzpa;1436256227721;3G;HSPAP;1;257;4;1100;9974713;-1;-97
;ServiceLog;Komzpa;1436256228741;3G;HSPAP;1;257;4;1100;9974713;-1;-97
;ServiceLog;Komzpa;1436256229759;3G;HSPAP;1;257;4;1100;9974713;-1;-97
;ServiceLog;Komzpa;1436256230777;3G;HSDPA;1;257;4;1100;9974713;-1;-97
;ServiceLog;Komzpa;1436256231790;3G;HSDPA;1;257;4;1100;9974713;-1;-97
;ServiceLog;Komzpa;1436256232809;3G;HSPAP;1;257;4;1100;9974713;-1;-97
;ServiceLog;Komzpa;1436256233828;3G;HSPAP;1;257;4;1100;9974713;-1;-97
;ServiceLog;Komzpa;1436256234848;3G;HSPAP;1;257;4;1100;9974713;-1;-97
;ServiceLog;Komzpa;1436256235865;3G;HSPAP;1;257;4;1100;9974713;-1;-97
;ServiceLog;Komzpa;1436256236881;3G;HSPAP;1;257;4;1100;9974713;-1;-97
