ID;Name;User;TimeStamp;NetworkGen;NetworkType;Active;MCC;MNC;LAC;CID;PSC;Power
2123;Partyzanskaja 3;Komzpa;1436255964797;3G;HSPAP;1;257;4;1100;9974693;-1;-85
2124;Partyzanskaja 4;Komzpa;1436255974504;3G;HSPAP;1;257;4;1100;9974693;-1;-87
2111;Aŭtazavodskaja 1;Komzpa;1436256080137;3G;HSDPA;1;257;2;215;13117517;-1;-65
2112;Aŭtazavodskaja 2;Komzpa;1436256094161;3G;HSDPA;1;257;2;215;13117517;-1;-65
2113;Aŭtazavodskaja 3;Komzpa;1436256110533;3G;HSPAP;1;257;4;1100;9974707;-1;-93
2114;Aŭtazavodskaja 4;Komzpa;1436256120416;3G;HSPAP;1;257;4;1100;9974707;-1;-85
2101;Mahilioŭskaja 1;Komzpa;1436256223511;3G;HSDPA;1;257;4;1100;9974713;-1;-79
2102;Mahilioŭskaja 2;Komzpa;1436256235222;3G;HSPAP;1;257;4;1100;9974713;-1;-97
