ID;Name;User;TimeStamp;Temperature;Humidity;Noise;CO;C4H10;CH4
713;Курская (КЛЦ) 3;Anna;1435916636570;No data;;;;;
714;Курская (КЛЦ) 4;Anna;1435916648407;No data;;;;;
721;Таганская (КЛЦ) 1;Anna;1435916756076;No data;;;;;
722;Таганская (КЛЦ) 2;Anna;1435916769074;No data;;;;;
723;Таганская (КЛЦ) 3;Anna;1435916811790;No data;;;;;
724;Таганская (КЛЦ) 4;Anna;1435916821974;No data;;;;;
731;Павелецкая (КЛЦ) 1;Anna;1435916889954;No data;;;;;
732;Павелецкая (КЛЦ) 2;Anna;1435916901996;No data;;;;;
733;Павелецкая (КЛЦ) 3;Anna;1435916934805;No data;;;;;
734;Павелецкая (КЛЦ) 4;Anna;1435916950422;No data;;;;;
741;Добрынинская 1;Anna;1435917004734;No data;;;;;
742;Добрынинская 2;Anna;1435917014141;No data;;;;;
743;Добрынинская 3;Anna;1435917047520;No data;;;;;
744;Добрынинская 4;Anna;1435917058399;No data;;;;;
751;Октябрьская (КЛЦ) 1;Anna;1435917124837;No data;;;;;
752;Октябрьская (КЛЦ) 2;Anna;1435917131401;No data;;;;;
753;Октябрьская (КЛЦ) 3;Anna;1435917227035;No data;;;;;
754;Октябрьская (КЛЦ) 4;Anna;1435917234273;No data;;;;;
741;Добрынинская 1;Anna;1435917289594;No data;;;;;
742;Добрынинская 2;Anna;1435917299256;No data;;;;;
743;Добрынинская 3;Anna;1435917329696;No data;;;;;
744;Добрынинская 4;Anna;1435917344525;No data;;;;;
731;Павелецкая (КЛЦ) 1;Anna;1435917394088;No data;;;;;
732;Павелецкая (КЛЦ) 2;Anna;1435917401925;No data;;;;;
733;Павелецкая (КЛЦ) 3;Anna;1435917591623;No data;;;;;
734;Павелецкая (КЛЦ) 4;Anna;1435917601987;No data;;;;;
741;Добрынинская 1;Anna;1435917662004;No data;;;;;
742;Добрынинская 2;Anna;1435917677308;No data;;;;;
743;Добрынинская 3;Anna;1435917705860;No data;;;;;
744;Добрынинская 4;Anna;1435917717096;No data;;;;;
751;Октябрьская (КЛЦ) 1;Anna;1435917785825;No data;;;;;
752;Октябрьская (КЛЦ) 2;Anna;1435917793560;No data;;;;;
983;Октябрьская (КРЛ) 3;Anna;1435917975080;No data;;;;;
984;Октябрьская (КРЛ) 4;Anna;1435917985976;No data;;;;;
991;Шаболовская 1;Anna;1435918059820;No data;;;;;
992;Шаболовская 2;Anna;1435918075932;No data;;;;;
993;Шаболовская 3;Anna;1435918097320;No data;;;;;
994;Шаболовская 4;Anna;1435918108669;No data;;;;;
1001;Ленинский проспект 1;Anna;1435918232102;No data;;;;;
1002;Ленинский проспект 2;Anna;1435918248943;No data;;;;;
1003;Ленинский проспект 3;Anna;1435918288754;No data;;;;;
1004;Ленинский проспект 4;Anna;1435918300274;No data;;;;;
1011;Академическая 1;Anna;1435918442007;No data;;;;;
1012;Академическая 2;Anna;1435918460035;No data;;;;;
1013;Академическая 3;Anna;1435918490256;No data;;;;;
1014;Академическая 4;Anna;1435918501038;No data;;;;;
1001;Ленинский проспект 1;Anna;1435918637839;No data;;;;;
1002;Ленинский проспект 2;Anna;1435918651738;No data;;;;;
1003;Ленинский проспект 3;Anna;1435918674742;No data;;;;;
1004;Ленинский проспект 4;Anna;1435918687704;No data;;;;;
991;Шаболовская 1;Anna;1435918827760;No data;;;;;
992;Шаболовская 2;Anna;1435918842007;No data;;;;;
993;Шаболовская 3;Anna;1435918868090;No data;;;;;
994;Шаболовская 4;Anna;1435918880536;No data;;;;;
981;Октябрьская (КРЛ) 1;Anna;1435918960876;No data;;;;;
982;Октябрьская (КРЛ) 2;Anna;1435918972294;No data;;;;;
983;Октябрьская (КРЛ) 3;Anna;1435919091703;No data;;;;;
984;Октябрьская (КРЛ) 4;Anna;1435919101642;No data;;;;;
991;Шаболовская 1;Anna;1435919176993;No data;;;;;
992;Шаболовская 2;Anna;1435919191829;No data;;;;;
993;Шаболовская 3;Anna;1435919223256;No data;;;;;
994;Шаболовская 4;Anna;1435919234284;No data;;;;;
1001;Ленинский проспект 1;Anna;1435919362129;No data;;;;;
1002;Ленинский проспект 2;Anna;1435919376022;No data;;;;;
1003;Ленинский проспект 3;Anna;1435919404392;No data;;;;;
1004;Ленинский проспект 4;Anna;1435919414832;No data;;;;;
1011;Академическая 1;Anna;1435919551915;No data;;;;;
1012;Академическая 2;Anna;1435919567241;No data;;;;;
