ID;Name;User;TimeStamp;Temperature;Humidity;Noise;CO;C4H10;CH4;session_id
713;Курская (КЛЦ) 3;Anna;1435916637010;No data;;;;;;957208655
714;Курская (КЛЦ) 4;Anna;1435916648010;No data;;;;;;957208655
721;Таганская (КЛЦ) 1;Anna;1435916756634;No data;;;;;;957208655
722;Таганская (КЛЦ) 2;Anna;1435916768584;No data;;;;;;957208655
723;Таганская (КЛЦ) 3;Anna;1435916811645;No data;;;;;;957208655
724;Таганская (КЛЦ) 4;Anna;1435916821727;No data;;;;;;957208655
731;Павелецкая (КЛЦ) 1;Anna;1435916889127;No data;;;;;;957208655
732;Павелецкая (КЛЦ) 2;Anna;1435916901746;No data;;;;;;957208655
733;Павелецкая (КЛЦ) 3;Anna;1435916934203;No data;;;;;;957208655
734;Павелецкая (КЛЦ) 4;Anna;1435916949769;No data;;;;;;957208655
741;Добрынинская 1;Anna;1435917004642;No data;;;;;;957208655
742;Добрынинская 2;Anna;1435917014554;No data;;;;;;957208655
743;Добрынинская 3;Anna;1435917047930;No data;;;;;;957208655
744;Добрынинская 4;Anna;1435917057567;No data;;;;;;957208655
751;Октябрьская (КЛЦ) 1;Anna;1435917124994;No data;;;;;;957208655
752;Октябрьская (КЛЦ) 2;Anna;1435917130598;No data;;;;;;957208655
753;Октябрьская (КЛЦ) 3;Anna;1435917227416;No data;;;;;;957208655
754;Октябрьская (КЛЦ) 4;Anna;1435917234681;No data;;;;;;957208655
741;Добрынинская 1;Anna;1435917289642;No data;;;;;;957208655
742;Добрынинская 2;Anna;1435917299405;No data;;;;;;957208655
743;Добрынинская 3;Anna;1435917329659;No data;;;;;;957208655
744;Добрынинская 4;Anna;1435917344032;No data;;;;;;957208655
731;Павелецкая (КЛЦ) 1;Anna;1435917394064;No data;;;;;;957208655
732;Павелецкая (КЛЦ) 2;Anna;1435917402431;No data;;;;;;957208655
733;Павелецкая (КЛЦ) 3;Anna;1435917591324;No data;;;;;;957208655
734;Павелецкая (КЛЦ) 4;Anna;1435917601937;No data;;;;;;957208655
741;Добрынинская 1;Anna;1435917662582;No data;;;;;;957208655
742;Добрынинская 2;Anna;1435917677239;No data;;;;;;957208655
743;Добрынинская 3;Anna;1435917705690;No data;;;;;;957208655
744;Добрынинская 4;Anna;1435917716740;No data;;;;;;957208655
751;Октябрьская (КЛЦ) 1;Anna;1435917786430;No data;;;;;;957208655
752;Октябрьская (КЛЦ) 2;Anna;1435917793714;No data;;;;;;957208655
983;Октябрьская (КРЛ) 3;Anna;1435917975802;No data;;;;;;957208655
984;Октябрьская (КРЛ) 4;Anna;1435917985361;No data;;;;;;957208655
991;Шаболовская 1;Anna;1435918059270;No data;;;;;;957208655
992;Шаболовская 2;Anna;1435918075957;No data;;;;;;957208655
993;Шаболовская 3;Anna;1435918096697;No data;;;;;;957208655
994;Шаболовская 4;Anna;1435918109093;No data;;;;;;957208655
1001;Ленинский проспект 1;Anna;1435918232630;No data;;;;;;957208655
1002;Ленинский проспект 2;Anna;1435918249320;No data;;;;;;957208655
1003;Ленинский проспект 3;Anna;1435918288187;No data;;;;;;957208655
1004;Ленинский проспект 4;Anna;1435918299838;No data;;;;;;957208655
1011;Академическая 1;Anna;1435918441497;No data;;;;;;957208655
1012;Академическая 2;Anna;1435918460049;No data;;;;;;957208655
1013;Академическая 3;Anna;1435918490662;No data;;;;;;957208655
1014;Академическая 4;Anna;1435918500573;No data;;;;;;957208655
1001;Ленинский проспект 1;Anna;1435918637222;No data;;;;;;957208655
1002;Ленинский проспект 2;Anna;1435918652568;No data;;;;;;957208655
1003;Ленинский проспект 3;Anna;1435918674997;No data;;;;;;957208655
1004;Ленинский проспект 4;Anna;1435918687626;No data;;;;;;957208655
991;Шаболовская 1;Anna;1435918827089;No data;;;;;;957208655
992;Шаболовская 2;Anna;1435918841977;No data;;;;;;957208655
993;Шаболовская 3;Anna;1435918867621;No data;;;;;;957208655
994;Шаболовская 4;Anna;1435918880944;No data;;;;;;957208655
981;Октябрьская (КРЛ) 1;Anna;1435918961034;No data;;;;;;957208655
982;Октябрьская (КРЛ) 2;Anna;1435918972283;No data;;;;;;957208655
983;Октябрьская (КРЛ) 3;Anna;1435919091570;No data;;;;;;957208655
984;Октябрьская (КРЛ) 4;Anna;1435919101489;No data;;;;;;957208655
991;Шаболовская 1;Anna;1435919176798;No data;;;;;;957208655
992;Шаболовская 2;Anna;1435919191861;No data;;;;;;957208655
993;Шаболовская 3;Anna;1435919223383;No data;;;;;;957208655
994;Шаболовская 4;Anna;1435919234244;No data;;;;;;957208655
1001;Ленинский проспект 1;Anna;1435919362661;No data;;;;;;957208655
1002;Ленинский проспект 2;Anna;1435919375879;No data;;;;;;957208655
1003;Ленинский проспект 3;Anna;1435919404021;No data;;;;;;957208655
1004;Ленинский проспект 4;Anna;1435919415200;No data;;;;;;957208655
1011;Академическая 1;Anna;1435919551881;No data;;;;;;957208655
1012;Академическая 2;Anna;1435919567127;No data;;;;;;957208655
