ID;Name;User;TimeStamp;NetworkGen;NetworkType;Active;MCC;MNC;LAC;CID;PSC;Power
;ServiceLog;Andrey;1435850109858;2G;EDGE;1;250;2;7763;70;-1;0
;ServiceLog;Andrey;1435850110902;2G;EDGE;1;250;2;7763;70;-1;-57
;ServiceLog;Andrey;1435850111984;2G;EDGE;1;250;2;7763;70;-1;-57
;ServiceLog;Andrey;1435850113031;2G;EDGE;1;250;2;7763;70;-1;-57
;ServiceLog;Andrey;1435850114103;2G;EDGE;1;250;2;7763;70;-1;-57
;ServiceLog;Andrey;1435850115154;2G;EDGE;1;250;2;7763;70;-1;-57
;ServiceLog;Andrey;1435850116196;2G;EDGE;1;250;2;7763;70;-1;-55
;ServiceLog;Andrey;1435850117296;2G;EDGE;1;250;2;7763;70;-1;-55
;ServiceLog;Andrey;1435850118326;2G;EDGE;1;250;2;7763;70;-1;-55
;ServiceLog;Andrey;1435850119471;2G;EDGE;1;250;2;7763;70;-1;-53
;ServiceLog;Andrey;1435850120527;2G;EDGE;1;250;2;7763;70;-1;-53
;ServiceLog;Andrey;1435850121571;2G;EDGE;1;250;2;7763;70;-1;-53
;ServiceLog;Andrey;1435850122606;2G;EDGE;1;250;2;7763;70;-1;-53
;ServiceLog;Andrey;1435850123646;2G;EDGE;1;250;2;7763;70;-1;-53
;ServiceLog;Andrey;1435850124669;2G;EDGE;1;250;2;7763;70;-1;-53
;ServiceLog;Andrey;1435850125716;2G;EDGE;1;250;2;7763;70;-1;-53
;ServiceLog;Andrey;1435850126787;2G;EDGE;1;250;2;7763;70;-1;-53
;ServiceLog;Andrey;1435850128054;2G;EDGE;1;250;2;7763;70;-1;-55
;ServiceLog;Andrey;1435850129085;2G;EDGE;1;250;2;7763;70;-1;-55
;ServiceLog;Andrey;1435850130149;2G;EDGE;1;250;2;7763;70;-1;-55
;ServiceLog;Andrey;1435850131178;2G;EDGE;1;250;2;7763;70;-1;-55
;ServiceLog;Andrey;1435850132208;2G;EDGE;1;250;2;7763;70;-1;-55
;ServiceLog;Andrey;1435850133374;2G;EDGE;1;250;2;7763;70;-1;-53
;ServiceLog;Andrey;1435850134506;2G;EDGE;1;250;2;7763;70;-1;-53
;ServiceLog;Andrey;1435850135587;2G;EDGE;1;250;2;7763;70;-1;-53
;ServiceLog;Andrey;1435850136616;2G;EDGE;1;250;2;7763;70;-1;-53
;ServiceLog;Andrey;1435850137684;2G;EDGE;1;250;2;7763;70;-1;-53
;ServiceLog;Andrey;1435850138719;2G;EDGE;1;250;2;7763;70;-1;-53
;ServiceLog;Andrey;1435850139765;2G;EDGE;1;250;2;7763;70;-1;-53
;ServiceLog;Andrey;1435850140774;2G;EDGE;1;250;2;7763;70;-1;-53
;ServiceLog;Andrey;1435850141880;2G;EDGE;1;250;2;7763;70;-1;-53
;ServiceLog;Andrey;1435850142919;2G;EDGE;1;250;2;7763;70;-1;-55
;ServiceLog;Andrey;1435850143967;2G;EDGE;1;250;2;7763;70;-1;-55
;ServiceLog;Andrey;1435850144977;2G;EDGE;1;250;2;7763;70;-1;-59
;ServiceLog;Andrey;1435850146019;2G;EDGE;1;250;2;7763;70;-1;-59
;ServiceLog;Andrey;1435850147128;2G;EDGE;1;250;2;7763;70;-1;-61
;ServiceLog;Andrey;1435850148142;2G;EDGE;1;250;2;7763;70;-1;-61
;ServiceLog;Andrey;1435850149155;2G;EDGE;1;250;2;7763;70;-1;-59
;ServiceLog;Andrey;1435850150191;2G;EDGE;1;250;2;7763;70;-1;-59
;ServiceLog;Andrey;1435850151238;2G;EDGE;1;250;2;7763;70;-1;-59
;ServiceLog;Andrey;1435850152273;2G;EDGE;1;250;2;7763;70;-1;-57
;ServiceLog;Andrey;1435850153328;2G;EDGE;1;250;2;7763;70;-1;-57
;ServiceLog;Andrey;1435850154451;2G;EDGE;1;250;2;7763;70;-1;-57
;ServiceLog;Andrey;1435850155507;2G;EDGE;1;250;2;7763;70;-1;-57
;ServiceLog;Andrey;1435850156653;2G;EDGE;1;250;2;7763;70;-1;-59
;ServiceLog;Andrey;1435850157673;2G;EDGE;1;250;2;7763;70;-1;-61
;ServiceLog;Andrey;1435850158756;2G;EDGE;1;250;2;7763;70;-1;-63
;ServiceLog;Andrey;1435850159853;2G;EDGE;1;250;2;7763;70;-1;-65
;ServiceLog;Andrey;1435850160902;2G;EDGE;1;250;2;7763;70;-1;-67
;ServiceLog;Andrey;1435850161932;2G;EDGE;1;250;2;7763;70;-1;-67
;ServiceLog;Andrey;1435850163014;2G;EDGE;1;250;2;7763;70;-1;-67
;ServiceLog;Andrey;1435850164038;2G;EDGE;1;250;2;7763;70;-1;-69
;ServiceLog;Andrey;1435850165101;2G;EDGE;1;250;2;7763;70;-1;-69
;ServiceLog;Andrey;1435850166192;2G;EDGE;1;250;2;7763;70;-1;-71
;ServiceLog;Andrey;1435850167215;2G;EDGE;1;250;2;7763;70;-1;-71
;ServiceLog;Andrey;1435850168235;2G;EDGE;1;250;2;7763;70;-1;-71
;ServiceLog;Andrey;1435850169307;2G;EDGE;1;250;2;7763;70;-1;-71
;ServiceLog;Andrey;1435850170378;2G;EDGE;1;250;2;7763;70;-1;-71
;ServiceLog;Andrey;1435850171456;2G;EDGE;1;250;2;7763;70;-1;-69
;ServiceLog;Andrey;1435850172518;2G;EDGE;1;250;2;7763;70;-1;-69
;ServiceLog;Andrey;1435850173562;2G;EDGE;1;250;2;7763;70;-1;-67
;ServiceLog;Andrey;1435850174612;2G;EDGE;1;250;2;7763;70;-1;-65
;ServiceLog;Andrey;1435850175659;2G;EDGE;1;250;2;7763;70;-1;-65
;ServiceLog;Andrey;1435850176681;2G;EDGE;1;250;2;7763;70;-1;-65
;ServiceLog;Andrey;1435850177745;2G;EDGE;1;250;2;7763;70;-1;-63
;ServiceLog;Andrey;1435850178790;2G;EDGE;1;250;2;7763;70;-1;-63
;ServiceLog;Andrey;1435850179893;2G;EDGE;1;250;2;7763;70;-1;-63
;ServiceLog;Andrey;1435850180905;2G;EDGE;1;250;2;7763;70;-1;-63
;ServiceLog;Andrey;1435850181945;2G;EDGE;1;250;2;7763;70;-1;-63
;ServiceLog;Andrey;1435850183049;2G;EDGE;1;250;2;7763;70;-1;-63
;ServiceLog;Andrey;1435850184106;2G;EDGE;1;250;2;7763;70;-1;-63
;ServiceLog;Andrey;1435850185141;2G;EDGE;1;250;2;7763;70;-1;-63
;ServiceLog;Andrey;1435850186184;2G;EDGE;1;250;2;7763;70;-1;-67
;ServiceLog;Andrey;1435850187230;2G;EDGE;1;250;2;7763;70;-1;-73
;ServiceLog;Andrey;1435850188346;2G;EDGE;1;250;2;7763;70;-1;-81
;ServiceLog;Andrey;1435850189391;2G;EDGE;1;250;2;7763;70;-1;-81
;ServiceLog;Andrey;1435850190498;2G;EDGE;1;250;2;7763;70;-1;-81
;ServiceLog;Andrey;1435850191553;2G;EDGE;1;250;2;7763;70;-1;-81
;ServiceLog;Andrey;1435850192580;2G;EDGE;1;250;2;7763;70;-1;-81
;ServiceLog;Andrey;1435850193679;2G;EDGE;1;250;2;7763;70;-1;-81
;ServiceLog;Andrey;1435850194823;2G;EDGE;1;250;2;7763;70;-1;-81
;ServiceLog;Andrey;1435850195908;2G;EDGE;1;250;2;7763;70;-1;-81
;ServiceLog;Andrey;1435850196963;2G;EDGE;1;250;2;7763;70;-1;-81
;ServiceLog;Andrey;1435850197999;2G;EDGE;1;250;2;7763;70;-1;-81
;ServiceLog;Andrey;1435850199045;2G;EDGE;1;250;2;7763;70;-1;-81
;ServiceLog;Andrey;1435850200075;2G;EDGE;1;250;2;7763;70;-1;-81
;ServiceLog;Andrey;1435850201221;2G;GPRS;1;250;99;26801;19063;-1;-85
;ServiceLog;Andrey;1435850202268;2G;GPRS;1;250;99;26801;19063;-1;-85
;ServiceLog;Andrey;1435850203343;2G;GPRS;1;250;99;26801;19063;-1;-85
;ServiceLog;Andrey;1435850204410;2G;GPRS;1;250;99;26801;19063;-1;-85
;ServiceLog;Andrey;1435850205545;2G;GPRS;1;250;99;26801;19063;-1;-85
;ServiceLog;Andrey;1435850206573;2G;GPRS;1;250;99;26801;19063;-1;-85
;ServiceLog;Andrey;1435850207618;2G;GPRS;1;250;99;26801;19063;-1;-85
;ServiceLog;Andrey;1435850208656;2G;GPRS;1;250;99;26801;19063;-1;-85
;ServiceLog;Andrey;1435850209691;2G;GPRS;1;250;99;26801;19063;-1;-85
;ServiceLog;Andrey;1435850210730;2G;GPRS;1;250;99;26801;19063;-1;-81
;ServiceLog;Andrey;1435850211779;2G;GPRS;1;250;99;26801;19063;-1;-75
;ServiceLog;Andrey;1435850212843;2G;GPRS;1;250;99;26801;19063;-1;-75
;ServiceLog;Andrey;1435850213883;2G;GPRS;1;250;99;26801;19063;-1;-75
;ServiceLog;Andrey;1435850214929;2G;GPRS;1;250;99;26801;19063;-1;-75
;ServiceLog;Andrey;1435850215957;2G;GPRS;1;250;99;26801;19063;-1;-75
;ServiceLog;Andrey;1435850217044;2G;GPRS;1;250;99;26801;19063;-1;-75
;ServiceLog;Andrey;1435850218104;2G;GPRS;1;250;99;26801;19063;-1;-75
;ServiceLog;Andrey;1435850219147;2G;GPRS;1;250;99;26801;19063;-1;-77
;ServiceLog;Andrey;1435850220333;2G;GPRS;1;250;99;26801;19063;-1;-77
;ServiceLog;Andrey;1435850221344;2G;GPRS;1;250;99;26801;19063;-1;-77
;ServiceLog;Andrey;1435850222377;2G;GPRS;1;250;99;26801;19063;-1;-79
;ServiceLog;Andrey;1435850223479;2G;GPRS;1;250;99;26801;19063;-1;-79
;ServiceLog;Andrey;1435850224532;2G;GPRS;1;250;99;26801;19063;-1;-79
;ServiceLog;Andrey;1435850225590;2G;GPRS;1;250;99;26801;19063;-1;-79
;ServiceLog;Andrey;1435850226661;2G;GPRS;1;250;99;26801;19063;-1;-79
;ServiceLog;Andrey;1435850227727;2G;GPRS;1;250;99;26801;19063;-1;-81
;ServiceLog;Andrey;1435850228782;2G;GPRS;1;250;99;26801;19063;-1;-81
;ServiceLog;Andrey;1435850229836;2G;GPRS;1;250;99;26801;19063;-1;-81
;ServiceLog;Andrey;1435850230866;2G;GPRS;1;250;99;26801;19063;-1;-85
;ServiceLog;Andrey;1435850231910;2G;GPRS;1;250;99;26801;19063;-1;-85
;ServiceLog;Andrey;1435850232946;2G;GPRS;1;250;99;26801;19063;-1;-87
;ServiceLog;Andrey;1435850233964;2G;GPRS;1;250;99;26801;19063;-1;-87
;ServiceLog;Andrey;1435850235068;2G;GPRS;1;250;99;26801;19063;-1;-89
;ServiceLog;Andrey;1435850236217;2G;GPRS;1;250;99;26801;19063;-1;-89
;ServiceLog;Andrey;1435850237280;2G;GPRS;1;250;99;26801;19063;-1;-93
;ServiceLog;Andrey;1435850238318;2G;GPRS;1;250;99;26801;19063;-1;-93
;ServiceLog;Andrey;1435850239362;2G;GPRS;1;250;99;26801;19063;-1;-93
;ServiceLog;Andrey;1435850240417;2G;GPRS;1;250;99;26801;19063;-1;-95
;ServiceLog;Andrey;1435850241511;2G;GPRS;1;250;99;26801;19063;-1;-95
;ServiceLog;Andrey;1435850242670;2G;GPRS;1;250;99;26801;19063;-1;-95
;ServiceLog;Andrey;1435850243709;2G;GPRS;1;250;99;26801;19063;-1;-97
;ServiceLog;Andrey;1435850244748;2G;GPRS;1;250;99;26801;19063;-1;-97
;ServiceLog;Andrey;1435850245806;2G;GPRS;1;250;99;26801;19063;-1;-97
;ServiceLog;Andrey;1435850246881;2G;GPRS;1;250;99;26801;19063;-1;-97
;ServiceLog;Andrey;1435850247931;2G;GPRS;1;250;99;7736;340;-1;-97
;ServiceLog;Andrey;1435850248976;2G;GPRS;1;250;99;7736;340;-1;-97
;ServiceLog;Andrey;1435850250022;2G;GPRS;1;250;99;7736;340;-1;-97
;ServiceLog;Andrey;1435850251115;2G;GPRS;1;250;99;7736;340;-1;-97
;ServiceLog;Andrey;1435850252196;2G;GPRS;1;250;99;7736;340;-1;-97
;ServiceLog;Andrey;1435850253291;2G;GPRS;1;250;99;7736;340;-1;-99
;ServiceLog;Andrey;1435850254372;2G;GPRS;1;250;99;7736;340;-1;-99
;ServiceLog;Andrey;1435850255402;2G;GPRS;1;250;99;7736;340;-1;-99
;ServiceLog;Andrey;1435850256439;2G;EDGE;1;250;2;7736;340;-1;-99
;ServiceLog;Andrey;1435850257480;2G;EDGE;1;250;2;7736;340;-1;-99
;ServiceLog;Andrey;1435850258546;2G;EDGE;1;250;2;7736;340;-1;-99
;ServiceLog;Andrey;1435850259581;2G;EDGE;1;250;2;7736;340;-1;-99
;ServiceLog;Andrey;1435850260611;2G;EDGE;1;250;2;7736;340;-1;-99
;ServiceLog;Andrey;1435850261664;2G;EDGE;1;250;2;7736;340;-1;-99
;ServiceLog;Andrey;1435850262682;2G;EDGE;1;250;2;7736;340;-1;-99
;ServiceLog;Andrey;1435850263739;2G;EDGE;1;250;2;7736;340;-1;-99
;ServiceLog;Andrey;1435850264879;2G;EDGE;1;250;2;7736;340;-1;-97
;ServiceLog;Andrey;1435850265914;2G;EDGE;1;250;2;7736;340;-1;-97
;ServiceLog;Andrey;1435850266949;2G;EDGE;1;250;2;7736;340;-1;-93
;ServiceLog;Andrey;1435850268024;2G;EDGE;1;250;2;7736;340;-1;-93
;ServiceLog;Andrey;1435850269055;2G;EDGE;1;250;2;7736;340;-1;-91
;ServiceLog;Andrey;1435850270107;2G;EDGE;1;250;2;7736;340;-1;-91
;ServiceLog;Andrey;1435850271255;2G;EDGE;1;250;2;7736;340;-1;-91
;ServiceLog;Andrey;1435850272379;2G;EDGE;1;250;2;7736;340;-1;-91
;ServiceLog;Andrey;1435850273451;2G;EDGE;1;250;2;7736;340;-1;-91
;ServiceLog;Andrey;1435850274489;2G;EDGE;1;250;2;7736;340;-1;-91
;ServiceLog;Andrey;1435850275580;2G;EDGE;1;250;2;7736;340;-1;-91
;ServiceLog;Andrey;1435850276618;2G;EDGE;1;250;2;7736;340;-1;-91
;ServiceLog;Andrey;1435850277666;2G;EDGE;1;250;2;7736;340;-1;-87
;ServiceLog;Andrey;1435850278742;2G;EDGE;1;250;2;7736;340;-1;-83
;ServiceLog;Andrey;1435850279799;2G;EDGE;1;250;2;7736;340;-1;-79
;ServiceLog;Andrey;1435850280830;2G;EDGE;1;250;2;7736;340;-1;-73
;ServiceLog;Andrey;1435850281914;2G;EDGE;1;250;2;7736;340;-1;-73
;ServiceLog;Andrey;1435850283006;2G;EDGE;1;250;2;7736;340;-1;-67
;ServiceLog;Andrey;1435850284080;2G;EDGE;1;250;2;7736;340;-1;-63
;ServiceLog;Andrey;1435850285116;2G;EDGE;1;250;2;7736;340;-1;-59
;ServiceLog;Andrey;1435850286146;2G;EDGE;1;250;2;7736;340;-1;-55
;ServiceLog;Andrey;1435850287215;2G;EDGE;1;250;2;7736;340;-1;-55
;ServiceLog;Andrey;1435850288226;2G;EDGE;1;250;2;7736;340;-1;-55
;ServiceLog;Andrey;1435850289260;2G;EDGE;1;250;2;7736;340;-1;-55
;ServiceLog;Andrey;1435850290280;2G;EDGE;1;250;2;7736;340;-1;-59
;ServiceLog;Andrey;1435850291329;2G;EDGE;1;250;2;7736;340;-1;-61
;ServiceLog;Andrey;1435850292346;2G;EDGE;1;250;2;7736;340;-1;-61
;ServiceLog;Andrey;1435850293374;2G;EDGE;1;250;2;7736;340;-1;-61
;ServiceLog;Andrey;1435850294518;2G;EDGE;1;250;2;7736;340;-1;-61
;ServiceLog;Andrey;1435850295620;2G;EDGE;1;250;2;7736;340;-1;-61
;ServiceLog;Andrey;1435850296675;2G;EDGE;1;250;2;7736;340;-1;-59
;ServiceLog;Andrey;1435850297708;2G;EDGE;1;250;2;7736;340;-1;-59
;ServiceLog;Andrey;1435850298759;2G;EDGE;1;250;2;7736;340;-1;-59
;ServiceLog;Andrey;1435850299889;2G;EDGE;1;250;2;7736;340;-1;-59
;ServiceLog;Andrey;1435850300963;2G;EDGE;1;250;2;7736;340;-1;-59
;ServiceLog;Andrey;1435850302022;2G;EDGE;1;250;2;7736;340;-1;-63
;ServiceLog;Andrey;1435850303051;2G;EDGE;1;250;2;7736;340;-1;-63
;ServiceLog;Andrey;1435850304087;2G;EDGE;1;250;2;7736;340;-1;-63
;ServiceLog;Andrey;1435850305145;2G;EDGE;1;250;2;7736;340;-1;-65
;ServiceLog;Andrey;1435850306157;2G;EDGE;1;250;2;7736;340;-1;-65
;ServiceLog;Andrey;1435850307194;2G;EDGE;1;250;2;7736;340;-1;-65
;ServiceLog;Andrey;1435850308251;2G;EDGE;1;250;2;7736;340;-1;-67
;ServiceLog;Andrey;1435850309278;2G;EDGE;1;250;2;7736;340;-1;-67
;ServiceLog;Andrey;1435850310312;2G;EDGE;1;250;2;7736;340;-1;-71
;ServiceLog;Andrey;1435850311403;2G;EDGE;1;250;2;7736;340;-1;-71
;ServiceLog;Andrey;1435850312473;2G;EDGE;1;250;2;7736;340;-1;-71
;ServiceLog;Andrey;1435850313667;2G;EDGE;1;250;2;7736;340;-1;-75
;ServiceLog;Andrey;1435850314799;2G;EDGE;1;250;2;7736;340;-1;-75
;ServiceLog;Andrey;1435850315873;2G;EDGE;1;250;2;7736;340;-1;-75
;ServiceLog;Andrey;1435850316918;2G;EDGE;1;250;2;7736;340;-1;-75
;ServiceLog;Andrey;1435850317973;2G;EDGE;1;250;2;7736;340;-1;-75
;ServiceLog;Andrey;1435850318999;2G;EDGE;1;250;2;7736;340;-1;-73
;ServiceLog;Andrey;1435850320056;2G;EDGE;1;250;2;7736;340;-1;-73
;ServiceLog;Andrey;1435850321065;2G;EDGE;1;250;2;7736;340;-1;-71
;ServiceLog;Andrey;1435850322116;2G;EDGE;1;250;2;7736;340;-1;-71
;ServiceLog;Andrey;1435850323183;2G;EDGE;1;250;2;7736;340;-1;-71
;ServiceLog;Andrey;1435850324221;2G;EDGE;1;250;2;7736;340;-1;-71
;ServiceLog;Andrey;1435850325265;2G;EDGE;1;250;2;7736;340;-1;-71
;ServiceLog;Andrey;1435850326351;2G;EDGE;1;250;2;7736;340;-1;-71
;ServiceLog;Andrey;1435850327416;2G;EDGE;1;250;2;7736;340;-1;-71
;ServiceLog;Andrey;1435850328448;2G;EDGE;1;250;2;7736;340;-1;-71
;ServiceLog;Andrey;1435850329478;2G;EDGE;1;250;2;7736;340;-1;-71
;ServiceLog;Andrey;1435850330530;2G;EDGE;1;250;2;7736;340;-1;-71
;ServiceLog;Andrey;1435850331557;2G;EDGE;1;250;2;7736;340;-1;-71
;ServiceLog;Andrey;1435850332598;2G;EDGE;1;250;2;7736;340;-1;-71
;ServiceLog;Andrey;1435850333725;2G;EDGE;1;250;2;7736;340;-1;-71
;ServiceLog;Andrey;1435850334821;2G;EDGE;1;250;2;7736;340;-1;-71
;ServiceLog;Andrey;1435850335882;2G;EDGE;1;250;2;7736;340;-1;-71
;ServiceLog;Andrey;1435850336915;2G;EDGE;1;250;2;7736;340;-1;-71
;ServiceLog;Andrey;1435850337969;2G;EDGE;1;250;2;7736;340;-1;-71
;ServiceLog;Andrey;1435850339043;2G;EDGE;1;250;2;7736;340;-1;-71
;ServiceLog;Andrey;1435850340125;2G;EDGE;1;250;2;7736;340;-1;-71
;ServiceLog;Andrey;1435850341178;2G;EDGE;1;250;2;7736;340;-1;-71
;ServiceLog;Andrey;1435850342279;2G;EDGE;1;250;2;7736;340;-1;-71
;ServiceLog;Andrey;1435850343307;2G;EDGE;1;250;2;7736;340;-1;-71
;ServiceLog;Andrey;1435850344361;2G;EDGE;1;250;2;7736;340;-1;-73
;ServiceLog;Andrey;1435850345420;2G;EDGE;1;250;2;7736;340;-1;-73
;ServiceLog;Andrey;1435850346434;2G;EDGE;1;250;2;7736;340;-1;-75
;ServiceLog;Andrey;1435850347475;2G;EDGE;1;250;2;7736;340;-1;-77
;ServiceLog;Andrey;1435850348524;2G;EDGE;1;250;2;7736;340;-1;-79
;ServiceLog;Andrey;1435850349557;2G;EDGE;1;250;2;7736;340;-1;-81
;ServiceLog;Andrey;1435850350590;2G;EDGE;1;250;2;7736;340;-1;-85
;ServiceLog;Andrey;1435850351639;2G;EDGE;1;250;2;7736;340;-1;-87
;ServiceLog;Andrey;1435850352679;2G;EDGE;1;250;2;7736;340;-1;-87
;ServiceLog;Andrey;1435850353695;2G;EDGE;1;250;2;7736;340;-1;-91
;ServiceLog;Andrey;1435850354780;2G;EDGE;1;250;2;7736;340;-1;-91
;ServiceLog;Andrey;1435850355808;2G;EDGE;1;250;2;7736;340;-1;-91
;ServiceLog;Andrey;1435850356842;2G;EDGE;1;250;2;7736;340;-1;-91
;ServiceLog;Andrey;1435850357881;2G;EDGE;1;250;2;7736;340;-1;-91
;ServiceLog;Andrey;1435850358913;2G;EDGE;1;250;2;7736;340;-1;-91
;ServiceLog;Andrey;1435850359945;2G;EDGE;1;250;2;7736;340;-1;-91
;ServiceLog;Andrey;1435850360959;2G;EDGE;1;250;2;7736;340;-1;-91
;ServiceLog;Andrey;1435850362039;2G;EDGE;1;250;2;7736;340;-1;-93
;ServiceLog;Andrey;1435850363081;2G;EDGE;1;250;2;7736;340;-1;-93
;ServiceLog;Andrey;1435850364159;2G;EDGE;1;250;2;7736;340;-1;-97
;ServiceLog;Andrey;1435850365185;2G;EDGE;1;250;2;7736;340;-1;-99
;ServiceLog;Andrey;1435850366233;2G;EDGE;1;250;2;7736;340;-1;-99
;ServiceLog;Andrey;1435850367323;2G;EDGE;1;250;2;7736;340;-1;-99
;ServiceLog;Andrey;1435850368403;2G;EDGE;1;250;2;7736;340;-1;-99
;ServiceLog;Andrey;1435850369454;2G;EDGE;1;250;2;7736;340;-1;-99
;ServiceLog;Andrey;1435850370480;2G;EDGE;1;250;2;7736;340;-1;-99
;ServiceLog;Andrey;1435850371517;2G;EDGE;1;250;2;7736;340;-1;-99
;ServiceLog;Andrey;1435850372563;2G;EDGE;1;250;2;7736;340;-1;-99
;ServiceLog;Andrey;1435850373640;2G;EDGE;1;250;2;7736;340;-1;-99
;ServiceLog;Andrey;1435850374701;2G;EDGE;1;250;2;7736;340;-1;-99
;ServiceLog;Andrey;1435850375767;2G;EDGE;1;250;2;7736;340;-1;-99
;ServiceLog;Andrey;1435850376897;2G;EDGE;1;250;2;7736;340;-1;-99
;ServiceLog;Andrey;1435850377925;2G;GPRS;1;250;99;26802;49566;-1;-93
;ServiceLog;Andrey;1435850378970;2G;GPRS;1;250;99;26802;49566;-1;-93
;ServiceLog;Andrey;1435850380082;2G;GPRS;1;250;99;26802;49566;-1;-93
;ServiceLog;Andrey;1435850381128;2G;GPRS;1;250;99;26802;49566;-1;-93
;ServiceLog;Andrey;1435850382154;2G;GPRS;1;250;99;26802;49566;-1;-93
;ServiceLog;Andrey;1435850383193;2G;GPRS;1;250;99;26802;49566;-1;-93
;ServiceLog;Andrey;1435850384238;2G;GPRS;1;250;99;26802;49566;-1;-93
;ServiceLog;Andrey;1435850385383;2G;GPRS;1;250;99;26802;49566;-1;-85
;ServiceLog;Andrey;1435850386416;2G;GPRS;1;250;99;26802;49566;-1;-85
;ServiceLog;Andrey;1435850387468;2G;GPRS;1;250;99;26802;49566;-1;-75
;ServiceLog;Andrey;1435850388540;2G;GPRS;1;250;99;26802;49566;-1;-67
;ServiceLog;Andrey;1435850389562;2G;GPRS;1;250;99;26802;49566;-1;-55
;ServiceLog;Andrey;1435850390579;2G;GPRS;1;250;99;26802;49566;-1;-55
;ServiceLog;Andrey;1435850391667;2G;GPRS;1;250;99;26802;49566;-1;-55
;ServiceLog;Andrey;1435850392702;2G;GPRS;1;250;99;26802;49566;-1;-53
;ServiceLog;Andrey;1435850393733;2G;GPRS;1;250;99;26802;49566;-1;-53
;ServiceLog;Andrey;1435850394763;2G;EDGE;1;250;2;7736;1000;-1;-53
;ServiceLog;Andrey;1435850395790;2G;EDGE;1;250;2;7736;1000;-1;-53
;ServiceLog;Andrey;1435850396823;2G;EDGE;1;250;2;7736;1000;-1;-53
;ServiceLog;Andrey;1435850397862;2G;EDGE;1;250;2;7736;1000;-1;-53
;ServiceLog;Andrey;1435850398900;2G;EDGE;1;250;2;7736;1000;-1;-53
;ServiceLog;Andrey;1435850400022;2G;EDGE;1;250;2;7736;1000;-1;-53
;ServiceLog;Andrey;1435850401223;2G;EDGE;1;250;2;7736;1000;-1;-53
;ServiceLog;Andrey;1435850402279;2G;EDGE;1;250;2;7736;1000;-1;-59
;ServiceLog;Andrey;1435850403316;2G;EDGE;1;250;2;7736;1000;-1;-65
;ServiceLog;Andrey;1435850404349;2G;EDGE;1;250;2;7736;1000;-1;-71
;ServiceLog;Andrey;1435850405387;2G;EDGE;1;250;2;7736;1000;-1;-77
;ServiceLog;Andrey;1435850406428;2G;EDGE;1;250;2;7736;1000;-1;-81
;ServiceLog;Andrey;1435850407457;2G;EDGE;1;250;2;7736;1000;-1;-81
;ServiceLog;Andrey;1435850408496;2G;EDGE;1;250;2;7736;1000;-1;-77
;ServiceLog;Andrey;1435850409518;2G;EDGE;1;250;2;7736;1000;-1;-73
;ServiceLog;Andrey;1435850410642;2G;EDGE;1;250;2;7736;1000;-1;-67
;ServiceLog;Andrey;1435850411734;2G;EDGE;1;250;2;7736;1000;-1;-63
;ServiceLog;Andrey;1435850412768;2G;EDGE;1;250;2;7736;1000;-1;-59
;ServiceLog;Andrey;1435850413805;2G;EDGE;1;250;2;7736;1000;-1;-57
;ServiceLog;Andrey;1435850414870;2G;EDGE;1;250;2;7736;1000;-1;-57
;ServiceLog;Andrey;1435850415933;2G;EDGE;1;250;2;7736;1000;-1;-57
;ServiceLog;Andrey;1435850416960;2G;EDGE;1;250;2;7736;1000;-1;-57
;ServiceLog;Andrey;1435850417999;2G;EDGE;1;250;2;7736;1000;-1;-61
;ServiceLog;Andrey;1435850419036;2G;EDGE;1;250;2;7736;1000;-1;-61
;ServiceLog;Andrey;1435850420047;2G;EDGE;1;250;2;7736;1000;-1;-65
;ServiceLog;Andrey;1435850421062;2G;EDGE;1;250;2;7736;1000;-1;-67
;ServiceLog;Andrey;1435850422116;2G;EDGE;1;250;2;7736;1000;-1;-67
;ServiceLog;Andrey;1435850423180;2G;EDGE;1;250;2;7736;1000;-1;-67
;ServiceLog;Andrey;1435850424280;2G;EDGE;1;250;2;7736;1000;-1;-63
;ServiceLog;Andrey;1435850425316;2G;EDGE;1;250;2;7736;1000;-1;-63
;ServiceLog;Andrey;1435850426346;2G;EDGE;1;250;2;7736;1000;-1;-63
;ServiceLog;Andrey;1435850427419;2G;EDGE;1;250;2;7736;1000;-1;-63
;ServiceLog;Andrey;1435850428479;2G;EDGE;1;250;2;7736;1000;-1;-63
;ServiceLog;Andrey;1435850429513;2G;EDGE;1;250;2;7736;1000;-1;-63
;ServiceLog;Andrey;1435850430558;2G;EDGE;1;250;2;7736;1000;-1;-67
;ServiceLog;Andrey;1435850431621;2G;EDGE;1;250;2;7736;1000;-1;-71
;ServiceLog;Andrey;1435850432665;2G;EDGE;1;250;2;7736;1000;-1;-73
;ServiceLog;Andrey;1435850433683;2G;EDGE;1;250;2;7736;1000;-1;-73
;ServiceLog;Andrey;1435850434742;2G;EDGE;1;250;2;7736;1000;-1;-73
;ServiceLog;Andrey;1435850435758;2G;EDGE;1;250;2;7736;1000;-1;-73
;ServiceLog;Andrey;1435850436787;2G;EDGE;1;250;2;7736;1000;-1;-73
;ServiceLog;Andrey;1435850437925;2G;EDGE;1;250;2;7736;1000;-1;-73
;ServiceLog;Andrey;1435850439111;2G;EDGE;1;250;2;7736;1000;-1;-71
;ServiceLog;Andrey;1435850440176;2G;EDGE;1;250;2;7736;1000;-1;-71
;ServiceLog;Andrey;1435850441235;2G;EDGE;1;250;2;7736;1000;-1;-69
;ServiceLog;Andrey;1435850442273;2G;EDGE;1;250;2;7736;1000;-1;-69
;ServiceLog;Andrey;1435850443326;2G;EDGE;1;250;2;7736;1000;-1;-65
;ServiceLog;Andrey;1435850444473;2G;EDGE;1;250;2;7736;1000;-1;-65
;ServiceLog;Andrey;1435850445508;2G;EDGE;1;250;2;7736;1000;-1;-63
;ServiceLog;Andrey;1435850446548;2G;EDGE;1;250;2;7736;1000;-1;-63
;ServiceLog;Andrey;1435850447634;2G;EDGE;1;250;2;7736;1000;-1;-63
;ServiceLog;Andrey;1435850448689;2G;EDGE;1;250;2;7736;1000;-1;-63
;ServiceLog;Andrey;1435850449721;2G;EDGE;1;250;2;7736;1000;-1;-63
;ServiceLog;Andrey;1435850450752;2G;EDGE;1;250;2;7736;1000;-1;-63
;ServiceLog;Andrey;1435850451794;2G;EDGE;1;250;2;7736;1000;-1;-63
;ServiceLog;Andrey;1435850452916;2G;EDGE;1;250;2;7736;1000;-1;-63
;ServiceLog;Andrey;1435850453981;2G;EDGE;1;250;2;7736;1000;-1;-67
;ServiceLog;Andrey;1435850455025;2G;EDGE;1;250;2;7736;1000;-1;-69
;ServiceLog;Andrey;1435850456058;2G;EDGE;1;250;2;7736;1000;-1;-69
;ServiceLog;Andrey;1435850457089;2G;EDGE;1;250;2;7736;1000;-1;-69
;ServiceLog;Andrey;1435850458130;2G;EDGE;1;250;2;7736;1000;-1;-69
;ServiceLog;Andrey;1435850459175;2G;EDGE;1;250;2;7736;1000;-1;-69
;ServiceLog;Andrey;1435850460235;2G;EDGE;1;250;2;7736;1000;-1;-69
;ServiceLog;Andrey;1435850461247;2G;EDGE;1;250;2;7736;1000;-1;-69
;ServiceLog;Andrey;1435850462335;2G;EDGE;1;250;2;7736;1000;-1;-69
;ServiceLog;Andrey;1435850463364;2G;EDGE;1;250;2;7736;1000;-1;-69
;ServiceLog;Andrey;1435850464448;2G;EDGE;1;250;2;7736;1000;-1;-69
;ServiceLog;Andrey;1435850465543;2G;EDGE;1;250;2;7736;1000;-1;-69
;ServiceLog;Andrey;1435850466596;2G;EDGE;1;250;2;7736;1000;-1;-69
;ServiceLog;Andrey;1435850467668;2G;EDGE;1;250;2;7736;1000;-1;-67
;ServiceLog;Andrey;1435850468698;2G;EDGE;1;250;2;7736;1000;-1;-65
;ServiceLog;Andrey;1435850469718;2G;EDGE;1;250;2;7736;1000;-1;-65
;ServiceLog;Andrey;1435850470753;2G;EDGE;1;250;2;7736;1000;-1;-63
;ServiceLog;Andrey;1435850471762;2G;EDGE;1;250;2;7736;1000;-1;-63
;ServiceLog;Andrey;1435850472784;2G;EDGE;1;250;2;7736;1000;-1;-63
;ServiceLog;Andrey;1435850473808;2G;EDGE;1;250;2;7736;1000;-1;-63
;ServiceLog;Andrey;1435850474855;2G;EDGE;1;250;2;7736;1000;-1;-63
;ServiceLog;Andrey;1435850475887;2G;EDGE;1;250;2;7736;1000;-1;-63
;ServiceLog;Andrey;1435850476907;2G;EDGE;1;250;2;7736;1000;-1;-61
;ServiceLog;Andrey;1435850477934;2G;EDGE;1;250;2;7736;1000;-1;-61
;ServiceLog;Andrey;1435850478965;2G;EDGE;1;250;2;7736;1000;-1;-61
;ServiceLog;Andrey;1435850479977;2G;EDGE;1;250;2;7736;1000;-1;-59
;ServiceLog;Andrey;1435850481041;2G;EDGE;1;250;2;7736;1000;-1;-59
;ServiceLog;Andrey;1435850482137;2G;EDGE;1;250;2;7736;1000;-1;-59
;ServiceLog;Andrey;1435850483152;2G;EDGE;1;250;2;7736;1000;-1;-59
;ServiceLog;Andrey;1435850484167;2G;EDGE;1;250;2;7736;1000;-1;-63
;ServiceLog;Andrey;1435850485232;2G;EDGE;1;250;2;7736;1000;-1;-67
;ServiceLog;Andrey;1435850486257;2G;EDGE;1;250;2;7736;1000;-1;-73
;ServiceLog;Andrey;1435850487335;2G;EDGE;1;250;2;7736;1000;-1;-73
;ServiceLog;Andrey;1435850488448;2G;EDGE;1;250;2;7736;1000;-1;-79
;ServiceLog;Andrey;1435850489527;2G;EDGE;1;250;2;7736;1000;-1;-85
;ServiceLog;Andrey;1435850490570;2G;EDGE;1;250;2;7736;1000;-1;-91
;ServiceLog;Andrey;1435850491619;2G;EDGE;1;250;2;7736;1000;-1;-95
;ServiceLog;Andrey;1435850492632;2G;EDGE;1;250;2;7736;1000;-1;-95
;ServiceLog;Andrey;1435850493669;2G;EDGE;1;250;2;7736;1000;-1;-95
;ServiceLog;Andrey;1435850494699;2G;EDGE;1;250;2;7736;1000;-1;-95
;ServiceLog;Andrey;1435850495713;2G;EDGE;1;250;2;7736;1000;-1;-95
;ServiceLog;Andrey;1435850496742;2G;EDGE;1;250;2;7736;1000;-1;-95
;ServiceLog;Andrey;1435850497766;2G;EDGE;1;250;2;7736;1000;-1;-95
;ServiceLog;Andrey;1435850498775;2G;EDGE;1;250;2;7736;1000;-1;-95
;ServiceLog;Andrey;1435850499788;2G;EDGE;1;250;2;7736;1000;-1;-95
;ServiceLog;Andrey;1435850500827;2G;EDGE;1;250;2;7736;1000;-1;-95
;ServiceLog;Andrey;1435850501834;2G;EDGE;1;250;2;7736;1000;-1;-95
;ServiceLog;Andrey;1435850502853;2G;EDGE;1;250;2;7736;1000;-1;-95
;ServiceLog;Andrey;1435850503888;2G;EDGE;1;250;2;7736;1000;-1;-91
;ServiceLog;Andrey;1435850505002;2G;GPRS;1;250;99;26802;49566;-1;-91
;ServiceLog;Andrey;1435850506012;2G;GPRS;1;250;99;26802;49566;-1;-91
;ServiceLog;Andrey;1435850507022;2G;GPRS;1;250;99;26802;49566;-1;-91
;ServiceLog;Andrey;1435850508038;2G;GPRS;1;250;99;26802;49566;-1;-91
;ServiceLog;Andrey;1435850509084;2G;GPRS;1;250;99;26802;49566;-1;-91
;ServiceLog;Andrey;1435850510100;2G;GPRS;1;250;99;26802;49566;-1;-91
;ServiceLog;Andrey;1435850511116;2G;GPRS;1;250;99;26802;49566;-1;-85
;ServiceLog;Andrey;1435850512128;2G;GPRS;1;250;99;26802;49566;-1;-85
;ServiceLog;Andrey;1435850513136;2G;GPRS;1;250;99;26802;49566;-1;-79
;ServiceLog;Andrey;1435850514151;2G;GPRS;1;250;99;26802;49566;-1;-73
;ServiceLog;Andrey;1435850515178;2G;GPRS;1;250;99;26802;49566;-1;-73
;ServiceLog;Andrey;1435850516190;2G;EDGE;1;250;2;7736;340;-1;-73
;ServiceLog;Andrey;1435850517206;2G;EDGE;1;250;2;7736;340;-1;-73
;ServiceLog;Andrey;1435850518243;2G;EDGE;1;250;2;7736;340;-1;-73
;ServiceLog;Andrey;1435850519252;2G;EDGE;1;250;2;7736;340;-1;-73
;ServiceLog;Andrey;1435850520260;2G;EDGE;1;250;2;7736;340;-1;-73
;ServiceLog;Andrey;1435850521276;2G;EDGE;1;250;2;7736;340;-1;-73
;ServiceLog;Andrey;1435850522293;2G;EDGE;1;250;2;7736;340;-1;-71
;ServiceLog;Andrey;1435850523315;2G;EDGE;1;250;2;7736;340;-1;-71
;ServiceLog;Andrey;1435850524339;2G;EDGE;1;250;2;7736;340;-1;-71
;ServiceLog;Andrey;1435850525379;2G;EDGE;1;250;2;7736;340;-1;-73
;ServiceLog;Andrey;1435850526391;2G;EDGE;1;250;2;7736;340;-1;-75
;ServiceLog;Andrey;1435850527406;2G;EDGE;1;250;2;7736;340;-1;-75
;ServiceLog;Andrey;1435850528427;2G;EDGE;1;250;2;7736;340;-1;-75
;ServiceLog;Andrey;1435850529434;2G;EDGE;1;250;2;7736;340;-1;-67
;ServiceLog;Andrey;1435850530443;2G;EDGE;1;250;2;7736;340;-1;-61
;ServiceLog;Andrey;1435850531456;2G;EDGE;1;250;2;7736;340;-1;-57
;ServiceLog;Andrey;1435850532470;2G;EDGE;1;250;2;7736;340;-1;-57
;ServiceLog;Andrey;1435850533520;2G;EDGE;1;250;2;7736;340;-1;-55
;ServiceLog;Andrey;1435850534553;2G;EDGE;1;250;2;7736;340;-1;-55
;ServiceLog;Andrey;1435850535569;2G;EDGE;1;250;2;7736;340;-1;-55
;ServiceLog;Andrey;1435850536607;2G;EDGE;1;250;2;7736;340;-1;-55
;ServiceLog;Andrey;1435850537665;2G;EDGE;1;250;2;7736;340;-1;-59
;ServiceLog;Andrey;1435850538762;2G;EDGE;1;250;2;7736;340;-1;-65
;ServiceLog;Andrey;1435850539783;2G;EDGE;1;250;2;7736;340;-1;-69
;ServiceLog;Andrey;1435850540822;2G;EDGE;1;250;2;7736;340;-1;-69
;ServiceLog;Andrey;1435850541847;2G;EDGE;1;250;2;7736;340;-1;-73
;ServiceLog;Andrey;1435850542872;2G;EDGE;1;250;2;7736;340;-1;-75
;ServiceLog;Andrey;1435850543933;2G;EDGE;1;250;2;7736;340;-1;-75
;ServiceLog;Andrey;1435850544983;2G;EDGE;1;250;2;7736;340;-1;-75
;ServiceLog;Andrey;1435850546020;2G;EDGE;1;250;2;7736;340;-1;-71
;ServiceLog;Andrey;1435850547067;2G;EDGE;1;250;2;7736;340;-1;-69
;ServiceLog;Andrey;1435850548108;2G;EDGE;1;250;2;7736;340;-1;-69
;ServiceLog;Andrey;1435850549173;2G;EDGE;1;250;2;7736;340;-1;-67
;ServiceLog;Andrey;1435850550207;2G;EDGE;1;250;2;7736;340;-1;-67
;ServiceLog;Andrey;1435850551369;2G;EDGE;1;250;2;7736;340;-1;-65
;ServiceLog;Andrey;1435850552407;2G;EDGE;1;250;2;7736;340;-1;-65
;ServiceLog;Andrey;1435850553439;2G;EDGE;1;250;2;7736;340;-1;-65
;ServiceLog;Andrey;1435850554470;2G;EDGE;1;250;2;7736;340;-1;-65
;ServiceLog;Andrey;1435850555508;2G;EDGE;1;250;2;7736;340;-1;-65
;ServiceLog;Andrey;1435850556530;2G;EDGE;1;250;2;7736;340;-1;-65
;ServiceLog;Andrey;1435850557568;2G;EDGE;1;250;2;7736;340;-1;-65
;ServiceLog;Andrey;1435850558648;2G;EDGE;1;250;2;7736;340;-1;-65
;ServiceLog;Andrey;1435850559669;2G;EDGE;1;250;2;7736;340;-1;-63
;ServiceLog;Andrey;1435850560705;2G;EDGE;1;250;2;7736;340;-1;-63
;ServiceLog;Andrey;1435850561824;2G;EDGE;1;250;2;7736;340;-1;-61
;ServiceLog;Andrey;1435850562877;2G;EDGE;1;250;2;7736;340;-1;-59
;ServiceLog;Andrey;1435850563902;2G;EDGE;1;250;2;7736;340;-1;-55
;ServiceLog;Andrey;1435850564935;2G;EDGE;1;250;2;7736;340;-1;-53
;ServiceLog;Andrey;1435850565983;2G;EDGE;1;250;2;7736;340;-1;-53
;ServiceLog;Andrey;1435850567066;2G;EDGE;1;250;2;7736;340;-1;-53
;ServiceLog;Andrey;1435850568225;2G;EDGE;1;250;2;7736;340;-1;-53
;ServiceLog;Andrey;1435850569395;2G;EDGE;1;250;2;7736;340;-1;-53
;ServiceLog;Andrey;1435850570447;2G;EDGE;1;250;2;7736;340;-1;-57
;ServiceLog;Andrey;1435850571485;2G;EDGE;1;250;2;7736;340;-1;-59
;ServiceLog;Andrey;1435850572525;2G;EDGE;1;250;2;7736;340;-1;-59
;ServiceLog;Andrey;1435850573591;2G;EDGE;1;250;2;7736;340;-1;-61
;ServiceLog;Andrey;1435850574629;2G;EDGE;1;250;2;7736;340;-1;-61
;ServiceLog;Andrey;1435850575650;2G;EDGE;1;250;2;7736;340;-1;-61
;ServiceLog;Andrey;1435850576698;2G;EDGE;1;250;2;7736;340;-1;-63
;ServiceLog;Andrey;1435850577810;2G;EDGE;1;250;2;7736;340;-1;-63
;ServiceLog;Andrey;1435850578857;2G;EDGE;1;250;2;7736;340;-1;-63
;ServiceLog;Andrey;1435850579897;2G;EDGE;1;250;2;7736;340;-1;-63
;ServiceLog;Andrey;1435850581078;2G;EDGE;1;250;2;7736;340;-1;-63
;ServiceLog;Andrey;1435850582149;2G;EDGE;1;250;2;7736;340;-1;-63
;ServiceLog;Andrey;1435850583203;2G;EDGE;1;250;2;7736;340;-1;-63
;ServiceLog;Andrey;1435850584252;2G;EDGE;1;250;2;7736;340;-1;-61
;ServiceLog;Andrey;1435850585360;2G;EDGE;1;250;2;7736;340;-1;-61
;ServiceLog;Andrey;1435850586387;2G;EDGE;1;250;2;7736;340;-1;-61
;ServiceLog;Andrey;1435850587435;2G;EDGE;1;250;2;7736;340;-1;-61
;ServiceLog;Andrey;1435850588522;2G;EDGE;1;250;2;7736;340;-1;-61
;ServiceLog;Andrey;1435850589577;2G;EDGE;1;250;2;7736;340;-1;-61
;ServiceLog;Andrey;1435850590677;2G;EDGE;1;250;2;7736;340;-1;-61
;ServiceLog;Andrey;1435850591725;2G;EDGE;1;250;2;7736;340;-1;-61
;ServiceLog;Andrey;1435850592756;2G;EDGE;1;250;2;7736;340;-1;-63
;ServiceLog;Andrey;1435850593776;2G;EDGE;1;250;2;7736;340;-1;-63
;ServiceLog;Andrey;1435850594831;2G;EDGE;1;250;2;7736;340;-1;-63
;ServiceLog;Andrey;1435850595970;2G;EDGE;1;250;2;7736;340;-1;-63
;ServiceLog;Andrey;1435850597007;2G;EDGE;1;250;2;7736;340;-1;-63
;ServiceLog;Andrey;1435850598047;2G;EDGE;1;250;2;7736;340;-1;-63
;ServiceLog;Andrey;1435850599111;2G;EDGE;1;250;2;7736;340;-1;-63
;ServiceLog;Andrey;1435850600155;2G;EDGE;1;250;2;7736;340;-1;-63
;ServiceLog;Andrey;1435850601192;2G;EDGE;1;250;2;7736;340;-1;-63
;ServiceLog;Andrey;1435850602322;2G;EDGE;1;250;2;7736;340;-1;-63
;ServiceLog;Andrey;1435850603380;2G;EDGE;1;250;2;7736;340;-1;-63
;ServiceLog;Andrey;1435850604475;2G;EDGE;1;250;2;7736;340;-1;-63
;ServiceLog;Andrey;1435850605490;2G;EDGE;1;250;2;7736;340;-1;-63
;ServiceLog;Andrey;1435850606539;2G;EDGE;1;250;2;7736;340;-1;-65
;ServiceLog;Andrey;1435850607640;2G;EDGE;1;250;2;7736;340;-1;-67
;ServiceLog;Andrey;1435850608673;2G;EDGE;1;250;2;7736;340;-1;-67
;ServiceLog;Andrey;1435850609721;2G;EDGE;1;250;2;7736;340;-1;-67
;ServiceLog;Andrey;1435850610766;2G;EDGE;1;250;2;7736;340;-1;-65
;ServiceLog;Andrey;1435850611809;2G;EDGE;1;250;2;7736;340;-1;-63
;ServiceLog;Andrey;1435850612879;2G;EDGE;1;250;2;7736;340;-1;-61
;ServiceLog;Andrey;1435850613931;2G;EDGE;1;250;2;7736;340;-1;-61
;ServiceLog;Andrey;1435850614970;2G;EDGE;1;250;2;7736;340;-1;-61
;ServiceLog;Andrey;1435850616032;2G;EDGE;1;250;2;7736;340;-1;-61
;ServiceLog;Andrey;1435850617082;2G;EDGE;1;250;2;7736;340;-1;-61
;ServiceLog;Andrey;1435850618116;2G;EDGE;1;250;2;7736;340;-1;-61
;ServiceLog;Andrey;1435850619189;2G;EDGE;1;250;2;7736;340;-1;-61
;ServiceLog;Andrey;1435850620242;2G;EDGE;1;250;2;7736;340;-1;-65
;ServiceLog;Andrey;1435850621259;2G;EDGE;1;250;2;7736;340;-1;-67
;ServiceLog;Andrey;1435850622309;2G;EDGE;1;250;2;7736;340;-1;-71
;ServiceLog;Andrey;1435850623370;2G;EDGE;1;250;2;7736;340;-1;-73
;ServiceLog;Andrey;1435850624390;2G;EDGE;1;250;2;7736;340;-1;-77
;ServiceLog;Andrey;1435850625448;2G;EDGE;1;250;2;7736;340;-1;-77
;ServiceLog;Andrey;1435850626481;2G;EDGE;1;250;2;7736;340;-1;-79
;ServiceLog;Andrey;1435850627492;2G;EDGE;1;250;2;7736;340;-1;-81
;ServiceLog;Andrey;1435850628544;2G;EDGE;1;250;2;7736;340;-1;-83
;ServiceLog;Andrey;1435850629685;2G;EDGE;1;250;2;7736;340;-1;-85
;ServiceLog;Andrey;1435850630732;2G;EDGE;1;250;2;7736;340;-1;-89
;ServiceLog;Andrey;1435850631779;2G;EDGE;1;250;2;7736;340;-1;-91
;ServiceLog;Andrey;1435850632941;2G;EDGE;1;250;2;7736;340;-1;-93
;ServiceLog;Andrey;1435850633998;2G;EDGE;1;250;2;7736;340;-1;-93
;ServiceLog;Andrey;1435850635035;2G;EDGE;1;250;2;7736;340;-1;-95
;ServiceLog;Andrey;1435850636077;2G;EDGE;1;250;2;7736;340;-1;-95
;ServiceLog;Andrey;1435850637230;2G;EDGE;1;250;2;7736;340;-1;-95
;ServiceLog;Andrey;1435850638343;2G;EDGE;1;250;2;7736;340;-1;-95
;ServiceLog;Andrey;1435850639399;2G;EDGE;1;250;2;7736;340;-1;-97
;ServiceLog;Andrey;1435850640444;2G;EDGE;1;250;2;7736;340;-1;-97
;ServiceLog;Andrey;1435850641480;2G;EDGE;1;250;2;7736;340;-1;-101
;ServiceLog;Andrey;1435850642508;2G;EDGE;1;250;2;7736;340;-1;-103
;ServiceLog;Andrey;1435850643592;2G;EDGE;1;250;2;7736;340;-1;-103
;ServiceLog;Andrey;1435850644646;2G;EDGE;1;250;2;7736;340;-1;-103
;ServiceLog;Andrey;1435850645703;2G;EDGE;1;250;2;7736;340;-1;-103
;ServiceLog;Andrey;1435850646757;2G;EDGE;1;250;2;7736;340;-1;-103
;ServiceLog;Andrey;1435850647813;2G;EDGE;1;250;2;7736;340;-1;-103
;ServiceLog;Andrey;1435850648914;2G;EDGE;1;250;2;7736;340;-1;-103
;ServiceLog;Andrey;1435850649967;2G;EDGE;1;250;2;7736;340;-1;-103
;ServiceLog;Andrey;1435850650998;2G;EDGE;1;250;2;7736;340;-1;-103
;ServiceLog;Andrey;1435850652042;2G;EDGE;1;250;2;7736;340;-1;-103
;ServiceLog;Andrey;1435850653107;2G;EDGE;1;250;2;7736;340;-1;-103
;ServiceLog;Andrey;1435850654143;2G;EDGE;1;250;2;7736;340;-1;-103
;ServiceLog;Andrey;1435850655178;2G;EDGE;1;250;2;7736;340;-1;-103
;ServiceLog;Andrey;1435850656229;2G;GPRS;1;250;99;26802;49566;-1;-97
;ServiceLog;Andrey;1435850657238;2G;GPRS;1;250;99;26802;49566;-1;-97
;ServiceLog;Andrey;1435850658328;2G;GPRS;1;250;99;26802;49566;-1;-97
;ServiceLog;Andrey;1435850659365;2G;GPRS;1;250;99;26802;49566;-1;-97
;ServiceLog;Andrey;1435850660418;2G;GPRS;1;250;99;26802;49566;-1;-97
;ServiceLog;Andrey;1435850661455;2G;GPRS;1;250;99;26802;49566;-1;-97
;ServiceLog;Andrey;1435850662513;2G;GPRS;1;250;99;26802;49566;-1;-97
;ServiceLog;Andrey;1435850663533;2G;GPRS;1;250;99;26802;49566;-1;-97
;ServiceLog;Andrey;1435850664606;2G;GPRS;1;250;99;26802;49566;-1;-87
;ServiceLog;Andrey;1435850665623;2G;GPRS;1;250;99;26802;49566;-1;-79
;ServiceLog;Andrey;1435850666639;2G;GPRS;1;250;99;26802;49566;-1;-69
;ServiceLog;Andrey;1435850667653;2G;GPRS;1;250;99;26802;49566;-1;-69
;ServiceLog;Andrey;1435850668678;2G;GPRS;1;250;99;26802;49566;-1;-59
;ServiceLog;Andrey;1435850669698;2G;GPRS;1;250;99;26802;49566;-1;-59
;ServiceLog;Andrey;1435850670734;2G;GPRS;1;250;99;26802;49566;-1;-59
;ServiceLog;Andrey;1435850671801;2G;GPRS;1;250;99;26802;49566;-1;-59
;ServiceLog;Andrey;1435850672857;2G;GPRS;1;250;99;26802;49566;-1;-59
;ServiceLog;Andrey;1435850674008;2G;GPRS;1;250;99;26802;49566;-1;-59
;ServiceLog;Andrey;1435850675070;2G;GPRS;1;250;99;26802;49566;-1;-59
;ServiceLog;Andrey;1435850676108;2G;GPRS;1;250;99;26802;49566;-1;-59
;ServiceLog;Andrey;1435850677169;2G;GPRS;1;250;99;26802;49566;-1;-59
;ServiceLog;Andrey;1435850678188;2G;GPRS;1;250;99;26802;49566;-1;-59
;ServiceLog;Andrey;1435850679224;2G;GPRS;1;250;99;26802;49566;-1;-59
;ServiceLog;Andrey;1435850680555;2G;EDGE;1;250;2;7736;1000;-1;-59
;ServiceLog;Andrey;1435850681591;2G;EDGE;1;250;2;7736;1000;-1;-59
;ServiceLog;Andrey;1435850682639;2G;EDGE;1;250;2;7736;1000;-1;-59
;ServiceLog;Andrey;1435850683759;2G;EDGE;1;250;2;7736;1000;-1;-59
;ServiceLog;Andrey;1435850684809;2G;EDGE;1;250;2;7736;1000;-1;-59
;ServiceLog;Andrey;1435850685846;2G;EDGE;1;250;2;7736;1000;-1;-59
;ServiceLog;Andrey;1435850686865;2G;EDGE;1;250;2;7736;1000;-1;-59
;ServiceLog;Andrey;1435850687903;2G;EDGE;1;250;2;7736;1000;-1;-59
;ServiceLog;Andrey;1435850688983;2G;EDGE;1;250;2;7736;1000;-1;-59
;ServiceLog;Andrey;1435850690043;2G;EDGE;1;250;2;7736;1000;-1;-59
;ServiceLog;Andrey;1435850691087;2G;EDGE;1;250;2;7736;1000;-1;-61
;ServiceLog;Andrey;1435850692135;2G;EDGE;1;250;2;7736;1000;-1;-61
;ServiceLog;Andrey;1435850693225;2G;EDGE;1;250;2;7736;1000;-1;-61
;ServiceLog;Andrey;1435850694285;2G;EDGE;1;250;2;7736;1000;-1;-61
;ServiceLog;Andrey;1435850695359;2G;EDGE;1;250;2;7736;1000;-1;-61
;ServiceLog;Andrey;1435850696402;2G;EDGE;1;250;2;7736;1000;-1;-65
;ServiceLog;Andrey;1435850697459;2G;EDGE;1;250;2;7736;1000;-1;-69
;ServiceLog;Andrey;1435850698476;2G;EDGE;1;250;2;7736;1000;-1;-71
;ServiceLog;Andrey;1435850699510;2G;EDGE;1;250;2;7736;1000;-1;-71
;ServiceLog;Andrey;1435850700681;2G;EDGE;1;250;2;7736;1000;-1;-71
;ServiceLog;Andrey;1435850701742;2G;EDGE;1;250;2;7736;1000;-1;-67
;ServiceLog;Andrey;1435850702779;2G;EDGE;1;250;2;7736;1000;-1;-67
;ServiceLog;Andrey;1435850703826;2G;EDGE;1;250;2;7736;1000;-1;-63
;ServiceLog;Andrey;1435850704882;2G;EDGE;1;250;2;7736;1000;-1;-63
;ServiceLog;Andrey;1435850705974;2G;EDGE;1;250;2;7736;1000;-1;-63
;ServiceLog;Andrey;1435850707080;2G;EDGE;1;250;2;7736;1000;-1;-63
;ServiceLog;Andrey;1435850708141;2G;EDGE;1;250;2;7736;1000;-1;-63
;ServiceLog;Andrey;1435850709179;2G;EDGE;1;250;2;7736;1000;-1;-67
;ServiceLog;Andrey;1435850710304;2G;EDGE;1;250;2;7736;1000;-1;-69
;ServiceLog;Andrey;1435850711383;2G;EDGE;1;250;2;7736;1000;-1;-73
;ServiceLog;Andrey;1435850712414;2G;EDGE;1;250;2;7736;1000;-1;-73
;ServiceLog;Andrey;1435850713447;2G;EDGE;1;250;2;7736;1000;-1;-73
;ServiceLog;Andrey;1435850714544;2G;EDGE;1;250;2;7736;1000;-1;-73
;ServiceLog;Andrey;1435850715571;2G;EDGE;1;250;2;7736;1000;-1;-73
;ServiceLog;Andrey;1435850716587;2G;EDGE;1;250;2;7736;1000;-1;-73
;ServiceLog;Andrey;1435850717609;2G;EDGE;1;250;2;7736;1000;-1;-73
;ServiceLog;Andrey;1435850718718;2G;EDGE;1;250;2;7736;1000;-1;-71
;ServiceLog;Andrey;1435850719807;2G;EDGE;1;250;2;7736;1000;-1;-69
;ServiceLog;Andrey;1435850720855;2G;EDGE;1;250;2;7736;1000;-1;-69
;ServiceLog;Andrey;1435850721911;2G;EDGE;1;250;2;7736;1000;-1;-67
;ServiceLog;Andrey;1435850722948;2G;EDGE;1;250;2;7736;1000;-1;-67
;ServiceLog;Andrey;1435850723986;2G;EDGE;1;250;2;7736;1000;-1;-65
;ServiceLog;Andrey;1435850725008;2G;EDGE;1;250;2;7736;1000;-1;-65
;ServiceLog;Andrey;1435850726055;2G;EDGE;1;250;2;7736;1000;-1;-65
;ServiceLog;Andrey;1435850727083;2G;EDGE;1;250;2;7736;1000;-1;-65
;ServiceLog;Andrey;1435850728238;2G;EDGE;1;250;2;7736;1000;-1;-65
;ServiceLog;Andrey;1435850729311;2G;EDGE;1;250;2;7736;1000;-1;-65
;ServiceLog;Andrey;1435850730368;2G;EDGE;1;250;2;7736;1000;-1;-65
;ServiceLog;Andrey;1435850731415;2G;EDGE;1;250;2;7736;1000;-1;-65
;ServiceLog;Andrey;1435850732463;2G;EDGE;1;250;2;7736;1000;-1;-65
;ServiceLog;Andrey;1435850733491;2G;EDGE;1;250;2;7736;1000;-1;-65
;ServiceLog;Andrey;1435850734538;2G;EDGE;1;250;2;7736;1000;-1;-65
;ServiceLog;Andrey;1435850735628;2G;EDGE;1;250;2;7736;1000;-1;-67
;ServiceLog;Andrey;1435850736665;2G;EDGE;1;250;2;7736;1000;-1;-67
;ServiceLog;Andrey;1435850737769;2G;EDGE;1;250;2;7736;1000;-1;-67
;ServiceLog;Andrey;1435850738837;2G;EDGE;1;250;2;7736;1000;-1;-67
;ServiceLog;Andrey;1435850739859;2G;EDGE;1;250;2;7736;1000;-1;-67
;ServiceLog;Andrey;1435850740897;2G;EDGE;1;250;2;7736;1000;-1;-67
;ServiceLog;Andrey;1435850742063;2G;EDGE;1;250;2;7736;1000;-1;-67
;ServiceLog;Andrey;1435850743100;2G;EDGE;1;250;2;7736;1000;-1;-67
;ServiceLog;Andrey;1435850744110;2G;EDGE;1;250;2;7736;1000;-1;-65
;ServiceLog;Andrey;1435850745137;2G;EDGE;1;250;2;7736;1000;-1;-65
;ServiceLog;Andrey;1435850746200;2G;EDGE;1;250;2;7736;1000;-1;-63
;ServiceLog;Andrey;1435850747242;2G;EDGE;1;250;2;7736;1000;-1;-63
;ServiceLog;Andrey;1435850748281;2G;EDGE;1;250;2;7736;1000;-1;-63
;ServiceLog;Andrey;1435850749356;2G;EDGE;1;250;2;7736;1000;-1;-63
;ServiceLog;Andrey;1435850750498;2G;EDGE;1;250;2;7736;1000;-1;-63
;ServiceLog;Andrey;1435850751634;2G;EDGE;1;250;2;7736;1000;-1;-63
;ServiceLog;Andrey;1435850752690;2G;EDGE;1;250;2;7736;1000;-1;-63
;ServiceLog;Andrey;1435850753720;2G;EDGE;1;250;2;7736;1000;-1;-63
;ServiceLog;Andrey;1435850754747;2G;EDGE;1;250;2;7736;1000;-1;-65
;ServiceLog;Andrey;1435850755811;2G;EDGE;1;250;2;7736;1000;-1;-67
;ServiceLog;Andrey;1435850756929;2G;EDGE;1;250;2;7736;1000;-1;-69
;ServiceLog;Andrey;1435850758003;2G;EDGE;1;250;2;7736;1000;-1;-69
;ServiceLog;Andrey;1435850759031;2G;EDGE;1;250;2;7736;1000;-1;-71
;ServiceLog;Andrey;1435850760104;2G;EDGE;1;250;2;7736;1000;-1;-71
;ServiceLog;Andrey;1435850761123;2G;EDGE;1;250;2;7736;1000;-1;-73
;ServiceLog;Andrey;1435850762164;2G;EDGE;1;250;2;7736;1000;-1;-73
;ServiceLog;Andrey;1435850763194;2G;EDGE;1;250;2;7736;1000;-1;-75
;ServiceLog;Andrey;1435850764242;2G;EDGE;1;250;2;7736;1000;-1;-75
;ServiceLog;Andrey;1435850765286;2G;EDGE;1;250;2;7736;1000;-1;-75
;ServiceLog;Andrey;1435850766340;2G;EDGE;1;250;2;7736;1000;-1;-75
;ServiceLog;Andrey;1435850767426;2G;EDGE;1;250;2;7736;1000;-1;-77
;ServiceLog;Andrey;1435850768461;2G;EDGE;1;250;2;7736;1000;-1;-77
;ServiceLog;Andrey;1435850769480;2G;EDGE;1;250;2;7736;1000;-1;-77
;ServiceLog;Andrey;1435850770538;2G;EDGE;1;250;2;7736;1000;-1;-75
;ServiceLog;Andrey;1435850771571;2G;EDGE;1;250;2;7736;1000;-1;-75
;ServiceLog;Andrey;1435850772648;2G;EDGE;1;250;2;7736;1000;-1;-73
;ServiceLog;Andrey;1435850773704;2G;EDGE;1;250;2;7736;1000;-1;-71
;ServiceLog;Andrey;1435850774736;2G;EDGE;1;250;2;7736;1000;-1;-67
;ServiceLog;Andrey;1435850775776;2G;EDGE;1;250;2;7736;1000;-1;-65
;ServiceLog;Andrey;1435850776836;2G;EDGE;1;250;2;7736;1000;-1;-65
;ServiceLog;Andrey;1435850777906;2G;EDGE;1;250;2;7736;1000;-1;-63
;ServiceLog;Andrey;1435850778949;2G;EDGE;1;250;2;7736;1000;-1;-63
;ServiceLog;Andrey;1435850780014;2G;EDGE;1;250;2;7736;1000;-1;-63
;ServiceLog;Andrey;1435850781026;2G;EDGE;1;250;2;7736;1000;-1;-63
;ServiceLog;Andrey;1435850782062;2G;EDGE;1;250;2;7736;1000;-1;-63
;ServiceLog;Andrey;1435850783071;2G;EDGE;1;250;2;7736;1000;-1;-63
;ServiceLog;Andrey;1435850784130;2G;EDGE;1;250;2;7736;1000;-1;-61
;ServiceLog;Andrey;1435850785180;2G;EDGE;1;250;2;7736;1000;-1;-61
;ServiceLog;Andrey;1435850786223;2G;EDGE;1;250;2;7736;1000;-1;-61
;ServiceLog;Andrey;1435850787256;2G;EDGE;1;250;2;7736;1000;-1;-59
;ServiceLog;Andrey;1435850788279;2G;EDGE;1;250;2;7736;1000;-1;-59
;ServiceLog;Andrey;1435850789340;2G;EDGE;1;250;2;7736;1000;-1;-59
;ServiceLog;Andrey;1435850790423;2G;EDGE;1;250;2;7736;1000;-1;-59
;ServiceLog;Andrey;1435850791484;2G;EDGE;1;250;2;7736;1000;-1;-63
;ServiceLog;Andrey;1435850792578;2G;EDGE;1;250;2;7736;1000;-1;-69
;ServiceLog;Andrey;1435850793617;2G;EDGE;1;250;2;7736;1000;-1;-75
;ServiceLog;Andrey;1435850794657;2G;EDGE;1;250;2;7736;1000;-1;-75
;ServiceLog;Andrey;1435850795689;2G;EDGE;1;250;2;7736;1000;-1;-81
;ServiceLog;Andrey;1435850796703;2G;EDGE;1;250;2;7736;1000;-1;-85
;ServiceLog;Andrey;1435850797759;2G;EDGE;1;250;2;7736;1000;-1;-91
;ServiceLog;Andrey;1435850798773;2G;EDGE;1;250;2;7736;1000;-1;-95
;ServiceLog;Andrey;1435850799817;2G;EDGE;1;250;2;7736;1000;-1;-95
;ServiceLog;Andrey;1435850800847;2G;EDGE;1;250;2;7736;1000;-1;-95
;ServiceLog;Andrey;1435850801857;2G;EDGE;1;250;2;7736;1000;-1;-95
;ServiceLog;Andrey;1435850802868;2G;EDGE;1;250;2;7736;1000;-1;-95
;ServiceLog;Andrey;1435850803875;2G;EDGE;1;250;2;7736;1000;-1;-95
;ServiceLog;Andrey;1435850804887;2G;EDGE;1;250;2;7736;1000;-1;-95
;ServiceLog;Andrey;1435850805899;2G;EDGE;1;250;2;7736;1000;-1;-95
;ServiceLog;Andrey;1435850806930;2G;EDGE;1;250;2;7736;1000;-1;-95
;ServiceLog;Andrey;1435850807937;2G;EDGE;1;250;2;7736;1000;-1;-95
;ServiceLog;Andrey;1435850808946;2G;EDGE;1;250;2;7736;1000;-1;-95
;ServiceLog;Andrey;1435850809959;2G;EDGE;1;250;2;7736;1000;-1;-95
;ServiceLog;Andrey;1435850810976;2G;GPRS;1;250;99;26802;49566;-1;-91
;ServiceLog;Andrey;1435850811996;2G;GPRS;1;250;99;26802;49566;-1;-91
;ServiceLog;Andrey;1435850813011;2G;GPRS;1;250;99;26802;49566;-1;-91
;ServiceLog;Andrey;1435850814026;2G;GPRS;1;250;99;26802;49566;-1;-91
;ServiceLog;Andrey;1435850815081;2G;GPRS;1;250;99;26802;49566;-1;-91
;ServiceLog;Andrey;1435850816090;2G;GPRS;1;250;99;26802;49566;-1;-91
;ServiceLog;Andrey;1435850817099;2G;GPRS;1;250;99;26802;49566;-1;-91
;ServiceLog;Andrey;1435850818132;2G;GPRS;1;250;99;26802;49566;-1;-87
;ServiceLog;Andrey;1435850819153;2G;GPRS;1;250;99;26802;49566;-1;-81
;ServiceLog;Andrey;1435850820163;2G;GPRS;1;250;99;26802;49566;-1;-81
;ServiceLog;Andrey;1435850821182;2G;GPRS;1;250;99;26802;49566;-1;-75
;ServiceLog;Andrey;1435850822225;2G;GPRS;1;250;99;26802;49566;-1;-67
;ServiceLog;Andrey;1435850823237;2G;GPRS;1;250;99;26802;49566;-1;-67
;ServiceLog;Andrey;1435850824246;2G;EDGE;1;250;2;7736;340;-1;-67
;ServiceLog;Andrey;1435850825270;2G;EDGE;1;250;2;7736;340;-1;-67
;ServiceLog;Andrey;1435850826339;2G;EDGE;1;250;2;7736;340;-1;-67
;ServiceLog;Andrey;1435850827358;2G;EDGE;1;250;2;7736;340;-1;-67
;ServiceLog;Andrey;1435850828429;2G;EDGE;1;250;2;7736;340;-1;-67
;ServiceLog;Andrey;1435850829437;2G;EDGE;1;250;2;7736;340;-1;-67
;ServiceLog;Andrey;1435850830463;2G;EDGE;1;250;2;7736;340;-1;-71
;ServiceLog;Andrey;1435850831475;2G;EDGE;1;250;2;7736;340;-1;-71
;ServiceLog;Andrey;1435850832484;2G;EDGE;1;250;2;7736;340;-1;-75
;ServiceLog;Andrey;1435850833544;2G;EDGE;1;250;2;7736;340;-1;-75
;ServiceLog;Andrey;1435850834559;2G;EDGE;1;250;2;7736;340;-1;-75
;ServiceLog;Andrey;1435850835570;2G;EDGE;1;250;2;7736;340;-1;-69
;ServiceLog;Andrey;1435850836581;2G;EDGE;1;250;2;7736;340;-1;-63
;ServiceLog;Andrey;1435850837595;2G;EDGE;1;250;2;7736;340;-1;-57
;ServiceLog;Andrey;1435850838626;2G;EDGE;1;250;2;7736;340;-1;-55
;ServiceLog;Andrey;1435850839650;2G;EDGE;1;250;2;7736;340;-1;-55
;ServiceLog;Andrey;1435850840680;2G;EDGE;1;250;2;7736;340;-1;-55
;ServiceLog;Andrey;1435850841718;2G;EDGE;1;250;2;7736;340;-1;-55
;ServiceLog;Andrey;1435850842762;2G;EDGE;1;250;2;7736;340;-1;-55
;ServiceLog;Andrey;1435850843776;2G;EDGE;1;250;2;7736;340;-1;-61
;ServiceLog;Andrey;1435850844856;2G;EDGE;1;250;2;7736;340;-1;-67
;ServiceLog;Andrey;1435850845899;2G;EDGE;1;250;2;7736;340;-1;-75
;ServiceLog;Andrey;1435850846976;2G;EDGE;1;250;2;7736;340;-1;-79
;ServiceLog;Andrey;1435850847992;2G;EDGE;1;250;2;7736;340;-1;-81
;ServiceLog;Andrey;1435850849071;2G;EDGE;1;250;2;7736;340;-1;-81
;ServiceLog;Andrey;1435850850137;2G;EDGE;1;250;2;7736;340;-1;-81
;ServiceLog;Andrey;1435850851301;2G;EDGE;1;250;2;7736;340;-1;-81
;ServiceLog;Andrey;1435850852365;2G;EDGE;1;250;2;7736;340;-1;-79
;ServiceLog;Andrey;1435850853396;2G;EDGE;1;250;2;7736;340;-1;-79
;ServiceLog;Andrey;1435850854491;2G;EDGE;1;250;2;7736;340;-1;-77
;ServiceLog;Andrey;1435850855541;2G;EDGE;1;250;2;7736;340;-1;-75
;ServiceLog;Andrey;1435850856625;2G;EDGE;1;250;2;7736;340;-1;-75
;ServiceLog;Andrey;1435850857649;2G;EDGE;1;250;2;7736;340;-1;-71
;ServiceLog;Andrey;1435850858697;2G;EDGE;1;250;2;7736;340;-1;-71
;ServiceLog;Andrey;1435850859830;2G;EDGE;1;250;2;7736;340;-1;-71
;ServiceLog;Andrey;1435850860875;2G;EDGE;1;250;2;7736;340;-1;-71
;ServiceLog;Andrey;1435850861904;2G;EDGE;1;250;2;7736;340;-1;-71
;ServiceLog;Andrey;1435850862937;2G;EDGE;1;250;2;7736;340;-1;-69
;ServiceLog;Andrey;1435850863984;2G;EDGE;1;250;2;7736;340;-1;-69
;ServiceLog;Andrey;1435850865039;2G;EDGE;1;250;2;7736;340;-1;-67
;ServiceLog;Andrey;1435850866049;2G;EDGE;1;250;2;7736;340;-1;-65
;ServiceLog;Andrey;1435850867082;2G;EDGE;1;250;2;7736;340;-1;-63
;ServiceLog;Andrey;1435850868119;2G;EDGE;1;250;2;7736;340;-1;-59
;ServiceLog;Andrey;1435850869188;2G;EDGE;1;250;2;7736;340;-1;-57
;ServiceLog;Andrey;1435850870256;2G;EDGE;1;250;2;7736;340;-1;-57
;ServiceLog;Andrey;1435850871276;2G;EDGE;1;250;2;7736;340;-1;-55
;ServiceLog;Andrey;1435850872309;2G;EDGE;1;250;2;7736;340;-1;-53
;ServiceLog;Andrey;1435850873425;2G;EDGE;1;250;2;7736;340;-1;-53
;ServiceLog;Andrey;1435850874443;2G;EDGE;1;250;2;7736;340;-1;-53
;ServiceLog;Andrey;1435850875536;2G;EDGE;1;250;2;7736;340;-1;-53
;ServiceLog;Andrey;1435850876568;2G;EDGE;1;250;2;7736;340;-1;-53
;ServiceLog;Andrey;1435850877599;2G;EDGE;1;250;2;7736;340;-1;-55
;ServiceLog;Andrey;1435850878816;2G;EDGE;1;250;2;7736;340;-1;-55
;ServiceLog;Andrey;1435850879851;2G;EDGE;1;250;2;7736;340;-1;-57
;ServiceLog;Andrey;1435850880885;2G;EDGE;1;250;2;7736;340;-1;-57
;ServiceLog;Andrey;1435850881916;2G;EDGE;1;250;2;7736;340;-1;-57
;ServiceLog;Andrey;1435850882954;2G;EDGE;1;250;2;7736;340;-1;-57
;ServiceLog;Andrey;1435850884033;2G;EDGE;1;250;2;7736;340;-1;-57
;ServiceLog;Andrey;1435850885118;2G;EDGE;1;250;2;7736;340;-1;-57
;ServiceLog;Andrey;1435850886144;2G;EDGE;1;250;2;7736;340;-1;-57
;ServiceLog;Andrey;1435850887173;2G;EDGE;1;250;2;7736;340;-1;-57
;ServiceLog;Andrey;1435850888199;2G;EDGE;1;250;2;7736;340;-1;-57
;ServiceLog;Andrey;1435850889273;2G;EDGE;1;250;2;7736;340;-1;-57
;ServiceLog;Andrey;1435850890317;2G;EDGE;1;250;2;7736;340;-1;-57
;ServiceLog;Andrey;1435850891373;2G;EDGE;1;250;2;7736;340;-1;-57
;ServiceLog;Andrey;1435850892503;2G;EDGE;1;250;2;7736;340;-1;-57
;ServiceLog;Andrey;1435850893588;2G;EDGE;1;250;2;7736;340;-1;-57
;ServiceLog;Andrey;1435850894636;2G;EDGE;1;250;2;7736;340;-1;-57
;ServiceLog;Andrey;1435850895672;2G;EDGE;1;250;2;7736;340;-1;-57
;ServiceLog;Andrey;1435850896707;2G;EDGE;1;250;2;7736;340;-1;-57
;ServiceLog;Andrey;1435850897823;2G;EDGE;1;250;2;7736;340;-1;-57
;ServiceLog;Andrey;1435850898855;2G;EDGE;1;250;2;7736;340;-1;-57
;ServiceLog;Andrey;1435850899917;2G;EDGE;1;250;2;7736;340;-1;-57
;ServiceLog;Andrey;1435850900984;2G;EDGE;1;250;2;7736;340;-1;-57
;ServiceLog;Andrey;1435850902090;2G;EDGE;1;250;2;7736;340;-1;-57
;ServiceLog;Andrey;1435850903205;2G;EDGE;1;250;2;7736;340;-1;-57
;ServiceLog;Andrey;1435850904253;2G;EDGE;1;250;2;7736;340;-1;-57
;ServiceLog;Andrey;1435850905291;2G;EDGE;1;250;2;7736;340;-1;-57
;ServiceLog;Andrey;1435850906326;2G;EDGE;1;250;2;7736;340;-1;-61
;ServiceLog;Andrey;1435850907382;2G;EDGE;1;250;2;7736;340;-1;-63
;ServiceLog;Andrey;1435850908474;2G;EDGE;1;250;2;7736;340;-1;-65
;ServiceLog;Andrey;1435850909596;2G;EDGE;1;250;2;7736;340;-1;-65
;ServiceLog;Andrey;1435850910687;2G;EDGE;1;250;2;7736;340;-1;-65
;ServiceLog;Andrey;1435850911786;2G;EDGE;1;250;2;7736;340;-1;-65
;ServiceLog;Andrey;1435850912824;2G;EDGE;1;250;2;7736;340;-1;-65
;ServiceLog;Andrey;1435850913858;2G;EDGE;1;250;2;7736;340;-1;-65
;ServiceLog;Andrey;1435850915031;2G;EDGE;1;250;2;7736;340;-1;-63
;ServiceLog;Andrey;1435850916119;2G;EDGE;1;250;2;7736;340;-1;-63
;ServiceLog;Andrey;1435850917209;2G;EDGE;1;250;2;7736;340;-1;-63
;ServiceLog;Andrey;1435850918259;2G;EDGE;1;250;2;7736;340;-1;-63
;ServiceLog;Andrey;1435850919280;2G;EDGE;1;250;2;7736;340;-1;-63
;ServiceLog;Andrey;1435850920313;2G;EDGE;1;250;2;7736;340;-1;-65
;ServiceLog;Andrey;1435850921376;2G;EDGE;1;250;2;7736;340;-1;-65
;ServiceLog;Andrey;1435850922430;2G;EDGE;1;250;2;7736;340;-1;-65
;ServiceLog;Andrey;1435850923482;2G;EDGE;1;250;2;7736;340;-1;-65
;ServiceLog;Andrey;1435850924492;2G;EDGE;1;250;2;7736;340;-1;-65
;ServiceLog;Andrey;1435850925575;2G;EDGE;1;250;2;7736;340;-1;-65
;ServiceLog;Andrey;1435850926682;2G;EDGE;1;250;2;7736;340;-1;-65
;ServiceLog;Andrey;1435850927716;2G;EDGE;1;250;2;7736;340;-1;-65
;ServiceLog;Andrey;1435850928769;2G;EDGE;1;250;2;7736;340;-1;-65
;ServiceLog;Andrey;1435850929889;2G;EDGE;1;250;2;7736;340;-1;-65
;ServiceLog;Andrey;1435850930925;2G;EDGE;1;250;2;7736;340;-1;-67
;ServiceLog;Andrey;1435850931943;2G;EDGE;1;250;2;7736;340;-1;-69
;ServiceLog;Andrey;1435850932978;2G;EDGE;1;250;2;7736;340;-1;-73
;ServiceLog;Andrey;1435850934095;2G;EDGE;1;250;2;7736;340;-1;-75
;ServiceLog;Andrey;1435850935134;2G;EDGE;1;250;2;7736;340;-1;-77
;ServiceLog;Andrey;1435850936179;2G;EDGE;1;250;2;7736;340;-1;-77
;ServiceLog;Andrey;1435850937187;2G;EDGE;1;250;2;7736;340;-1;-81
;ServiceLog;Andrey;1435850938239;2G;EDGE;1;250;2;7736;340;-1;-85
;ServiceLog;Andrey;1435850939277;2G;EDGE;1;250;2;7736;340;-1;-89
;ServiceLog;Andrey;1435850940285;2G;EDGE;1;250;2;7736;340;-1;-91
;ServiceLog;Andrey;1435850941319;2G;EDGE;1;250;2;7736;340;-1;-95
;ServiceLog;Andrey;1435850942350;2G;EDGE;1;250;2;7736;340;-1;-97
;ServiceLog;Andrey;1435850943367;2G;EDGE;1;250;2;7736;340;-1;-97
;ServiceLog;Andrey;1435850944378;2G;EDGE;1;250;2;7736;340;-1;-97
;ServiceLog;Andrey;1435850945435;2G;EDGE;1;250;2;7736;340;-1;-97
;ServiceLog;Andrey;1435850946460;2G;EDGE;1;250;2;7736;340;-1;-99
;ServiceLog;Andrey;1435850947469;2G;EDGE;1;250;2;7736;340;-1;-99
;ServiceLog;Andrey;1435850948513;2G;EDGE;1;250;2;7736;340;-1;-99
;ServiceLog;Andrey;1435850949540;2G;EDGE;1;250;2;7736;340;-1;-99
;ServiceLog;Andrey;1435850950578;2G;EDGE;1;250;2;7736;340;-1;-99
;ServiceLog;Andrey;1435850951608;2G;EDGE;1;250;2;7736;340;-1;-99
;ServiceLog;Andrey;1435850952625;2G;EDGE;1;250;2;7736;340;-1;-99
;ServiceLog;Andrey;1435850953635;2G;EDGE;1;250;2;7736;340;-1;-99
;ServiceLog;Andrey;1435850954643;2G;EDGE;1;250;2;7736;340;-1;-99
;ServiceLog;Andrey;1435850955670;2G;EDGE;1;250;2;7736;340;-1;-99
;ServiceLog;Andrey;1435850956677;2G;EDGE;1;250;2;7736;340;-1;-99
;ServiceLog;Andrey;1435850957687;2G;EDGE;1;250;2;7736;340;-1;-99
;ServiceLog;Andrey;1435850958711;2G;EDGE;1;250;2;7736;340;-1;-99
;ServiceLog;Andrey;1435850959723;2G;GPRS;1;250;99;26802;49566;-1;-93
;ServiceLog;Andrey;1435850960765;2G;GPRS;1;250;99;26802;49566;-1;-93
;ServiceLog;Andrey;1435850961803;2G;GPRS;1;250;99;26802;49566;-1;-93
;ServiceLog;Andrey;1435850962821;2G;GPRS;1;250;99;26802;49566;-1;-93
;ServiceLog;Andrey;1435850963835;2G;GPRS;1;250;99;26802;49566;-1;-93
;ServiceLog;Andrey;1435850964848;2G;GPRS;1;250;99;26802;49566;-1;-93
;ServiceLog;Andrey;1435850965884;2G;GPRS;1;250;99;26802;49566;-1;-93
;ServiceLog;Andrey;1435850966895;2G;GPRS;1;250;99;26802;49566;-1;-93
;ServiceLog;Andrey;1435850967906;2G;GPRS;1;250;99;26802;49566;-1;-87
;ServiceLog;Andrey;1435850968935;2G;GPRS;1;250;99;26802;49566;-1;-79
;ServiceLog;Andrey;1435850970003;2G;GPRS;1;250;99;26802;49566;-1;-79
;ServiceLog;Andrey;1435850971015;2G;GPRS;1;250;99;26802;49566;-1;-71
;ServiceLog;Andrey;1435850972043;2G;GPRS;1;250;99;26802;49566;-1;-61
;ServiceLog;Andrey;1435850973063;2G;GPRS;1;250;99;26802;49566;-1;-61
;ServiceLog;Andrey;1435850974071;2G;GPRS;1;250;99;26802;49566;-1;-61
;ServiceLog;Andrey;1435850975087;2G;GPRS;1;250;99;26802;49566;-1;-59
;ServiceLog;Andrey;1435850976100;2G;GPRS;1;250;99;26802;49566;-1;-59
;ServiceLog;Andrey;1435850977119;2G;GPRS;1;250;99;26802;49566;-1;-59
;ServiceLog;Andrey;1435850978133;2G;GPRS;1;250;99;26802;49566;-1;-59
;ServiceLog;Andrey;1435850979295;2G;GPRS;1;250;99;26802;49566;-1;-59
;ServiceLog;Andrey;1435850980358;2G;GPRS;1;250;99;26802;49566;-1;-57
;ServiceLog;Andrey;1435850981403;2G;GPRS;1;250;99;26802;49566;-1;-57
;ServiceLog;Andrey;1435850982485;2G;GPRS;1;250;99;26802;49566;-1;-57
;ServiceLog;Andrey;1435850983500;2G;GPRS;1;250;99;26802;49566;-1;-57
;ServiceLog;Andrey;1435850984511;2G;GPRS;1;250;99;26802;49566;-1;-57
;ServiceLog;Andrey;1435850985575;2G;GPRS;1;250;99;26802;49566;-1;-57
;ServiceLog;Andrey;1435850986594;2G;GPRS;1;250;99;26802;49566;-1;-57
;ServiceLog;Andrey;1435850987657;2G;GPRS;1;250;99;26802;49566;-1;-57
;ServiceLog;Andrey;1435850988782;2G;EDGE;1;250;2;7736;1000;-1;-57
;ServiceLog;Andrey;1435850989828;2G;EDGE;1;250;2;7736;1000;-1;-57
;ServiceLog;Andrey;1435850990871;2G;EDGE;1;250;2;7736;1000;-1;-57
;ServiceLog;Andrey;1435850991953;2G;EDGE;1;250;2;7736;1000;-1;-57
;ServiceLog;Andrey;1435850992994;2G;EDGE;1;250;2;7736;1000;-1;-57
;ServiceLog;Andrey;1435850994030;2G;EDGE;1;250;2;7736;1000;-1;-57
;ServiceLog;Andrey;1435850995055;2G;EDGE;1;250;2;7736;1000;-1;-57
;ServiceLog;Andrey;1435850996105;2G;EDGE;1;250;2;7736;1000;-1;-59
;ServiceLog;Andrey;1435850997200;2G;EDGE;1;250;2;7736;1000;-1;-59
;ServiceLog;Andrey;1435850998235;2G;EDGE;1;250;2;7736;1000;-1;-59
;ServiceLog;Andrey;1435850999300;2G;EDGE;1;250;2;7736;1000;-1;-59
;ServiceLog;Andrey;1435851000322;2G;EDGE;1;250;2;7736;1000;-1;-59
;ServiceLog;Andrey;1435851001341;2G;EDGE;1;250;2;7736;1000;-1;-59
;ServiceLog;Andrey;1435851002403;2G;EDGE;1;250;2;7736;1000;-1;-59
;ServiceLog;Andrey;1435851003539;2G;EDGE;1;250;2;7736;1000;-1;-59
;ServiceLog;Andrey;1435851004671;2G;EDGE;1;250;2;7736;1000;-1;-59
;ServiceLog;Andrey;1435851005757;2G;EDGE;1;250;2;7736;1000;-1;-63
;ServiceLog;Andrey;1435851006824;2G;EDGE;1;250;2;7736;1000;-1;-65
;ServiceLog;Andrey;1435851007832;2G;EDGE;1;250;2;7736;1000;-1;-67
;ServiceLog;Andrey;1435851008897;2G;EDGE;1;250;2;7736;1000;-1;-67
;ServiceLog;Andrey;1435851010068;2G;EDGE;1;250;2;7736;1000;-1;-65
;ServiceLog;Andrey;1435851011130;2G;EDGE;1;250;2;7736;1000;-1;-65
;ServiceLog;Andrey;1435851012183;2G;EDGE;1;250;2;7736;1000;-1;-63
;ServiceLog;Andrey;1435851013229;2G;EDGE;1;250;2;7736;1000;-1;-61
;ServiceLog;Andrey;1435851014285;2G;EDGE;1;250;2;7736;1000;-1;-61
;ServiceLog;Andrey;1435851015317;2G;EDGE;1;250;2;7736;1000;-1;-61
;ServiceLog;Andrey;1435851016400;2G;EDGE;1;250;2;7736;1000;-1;-61
;ServiceLog;Andrey;1435851017446;2G;EDGE;1;250;2;7736;1000;-1;-63
;ServiceLog;Andrey;1435851018484;2G;EDGE;1;250;2;7736;1000;-1;-67
;ServiceLog;Andrey;1435851019503;2G;EDGE;1;250;2;7736;1000;-1;-69
;ServiceLog;Andrey;1435851020630;2G;EDGE;1;250;2;7736;1000;-1;-71
;ServiceLog;Andrey;1435851021645;2G;EDGE;1;250;2;7736;1000;-1;-71
;ServiceLog;Andrey;1435851022696;2G;EDGE;1;250;2;7736;1000;-1;-71
;ServiceLog;Andrey;1435851023735;2G;EDGE;1;250;2;7736;1000;-1;-75
;ServiceLog;Andrey;1435851024793;2G;EDGE;1;250;2;7736;1000;-1;-75
;ServiceLog;Andrey;1435851025848;2G;EDGE;1;250;2;7736;1000;-1;-75
;ServiceLog;Andrey;1435851026885;2G;EDGE;1;250;2;7736;1000;-1;-73
;ServiceLog;Andrey;1435851027921;2G;EDGE;1;250;2;7736;1000;-1;-73
;ServiceLog;Andrey;1435851028955;2G;EDGE;1;250;2;7736;1000;-1;-69
;ServiceLog;Andrey;1435851029969;2G;EDGE;1;250;2;7736;1000;-1;-69
;ServiceLog;Andrey;1435851030995;2G;EDGE;1;250;2;7736;1000;-1;-67
;ServiceLog;Andrey;1435851032113;2G;EDGE;1;250;2;7736;1000;-1;-67
;ServiceLog;Andrey;1435851033199;2G;EDGE;1;250;2;7736;1000;-1;-65
;ServiceLog;Andrey;1435851034241;2G;EDGE;1;250;2;7736;1000;-1;-65
;ServiceLog;Andrey;1435851035275;2G;EDGE;1;250;2;7736;1000;-1;-61
;ServiceLog;Andrey;1435851036306;2G;EDGE;1;250;2;7736;1000;-1;-61
;ServiceLog;Andrey;1435851037379;2G;EDGE;1;250;2;7736;1000;-1;-61
;ServiceLog;Andrey;1435851038523;2G;EDGE;1;250;2;7736;1000;-1;-61
;ServiceLog;Andrey;1435851039602;2G;EDGE;1;250;2;7736;1000;-1;-61
;ServiceLog;Andrey;1435851040668;2G;EDGE;1;250;2;7736;1000;-1;-65
;ServiceLog;Andrey;1435851041722;2G;EDGE;1;250;2;7736;1000;-1;-65
;ServiceLog;Andrey;1435851042861;2G;EDGE;1;250;2;7736;1000;-1;-65
;ServiceLog;Andrey;1435851043919;2G;EDGE;1;250;2;7736;1000;-1;-67
;ServiceLog;Andrey;1435851044950;2G;EDGE;1;250;2;7736;1000;-1;-67
;ServiceLog;Andrey;1435851046085;2G;EDGE;1;250;2;7736;1000;-1;-67
;ServiceLog;Andrey;1435851047139;2G;EDGE;1;250;2;7736;1000;-1;-67
;ServiceLog;Andrey;1435851048308;2G;EDGE;1;250;2;7736;1000;-1;-67
;ServiceLog;Andrey;1435851049354;2G;EDGE;1;250;2;7736;1000;-1;-67
;ServiceLog;Andrey;1435851050387;2G;EDGE;1;250;2;7736;1000;-1;-69
;ServiceLog;Andrey;1435851051426;2G;EDGE;1;250;2;7736;1000;-1;-69
;ServiceLog;Andrey;1435851052477;2G;EDGE;1;250;2;7736;1000;-1;-71
;ServiceLog;Andrey;1435851053614;2G;EDGE;1;250;2;7736;1000;-1;-71
;ServiceLog;Andrey;1435851054681;2G;EDGE;1;250;2;7736;1000;-1;-71
;ServiceLog;Andrey;1435851055739;2G;EDGE;1;250;2;7736;1000;-1;-71
;ServiceLog;Andrey;1435851056780;2G;EDGE;1;250;2;7736;1000;-1;-71
;ServiceLog;Andrey;1435851057838;2G;EDGE;1;250;2;7736;1000;-1;-71
;ServiceLog;Andrey;1435851058883;2G;EDGE;1;250;2;7736;1000;-1;-71
;ServiceLog;Andrey;1435851059916;2G;EDGE;1;250;2;7736;1000;-1;-73
;ServiceLog;Andrey;1435851060992;2G;EDGE;1;250;2;7736;1000;-1;-73
;ServiceLog;Andrey;1435851062008;2G;EDGE;1;250;2;7736;1000;-1;-73
;ServiceLog;Andrey;1435851063047;2G;EDGE;1;250;2;7736;1000;-1;-73
;ServiceLog;Andrey;1435851064092;2G;EDGE;1;250;2;7736;1000;-1;-73
;ServiceLog;Andrey;1435851065122;2G;EDGE;1;250;2;7736;1000;-1;-73
;ServiceLog;Andrey;1435851066136;2G;EDGE;1;250;2;7736;1000;-1;-71
;ServiceLog;Andrey;1435851067187;2G;EDGE;1;250;2;7736;1000;-1;-69
;ServiceLog;Andrey;1435851068258;2G;EDGE;1;250;2;7736;1000;-1;-67
;ServiceLog;Andrey;1435851069292;2G;EDGE;1;250;2;7736;1000;-1;-65
;ServiceLog;Andrey;1435851070346;2G;EDGE;1;250;2;7736;1000;-1;-63
;ServiceLog;Andrey;1435851071368;2G;EDGE;1;250;2;7736;1000;-1;-59
;ServiceLog;Andrey;1435851072401;2G;EDGE;1;250;2;7736;1000;-1;-57
;ServiceLog;Andrey;1435851073416;2G;EDGE;1;250;2;7736;1000;-1;-57
;ServiceLog;Andrey;1435851074425;2G;EDGE;1;250;2;7736;1000;-1;-57
;ServiceLog;Andrey;1435851075442;2G;EDGE;1;250;2;7736;1000;-1;-55
;ServiceLog;Andrey;1435851076495;2G;EDGE;1;250;2;7736;1000;-1;-55
;ServiceLog;Andrey;1435851077508;2G;EDGE;1;250;2;7736;1000;-1;-55
;ServiceLog;Andrey;1435851078612;2G;EDGE;1;250;2;7736;1000;-1;-55
;ServiceLog;Andrey;1435851079689;2G;EDGE;1;250;2;7736;1000;-1;-55
;ServiceLog;Andrey;1435851080758;2G;EDGE;1;250;2;7736;1000;-1;-55
;ServiceLog;Andrey;1435851081934;2G;EDGE;1;250;2;7736;1000;-1;-55
;ServiceLog;Andrey;1435851082984;2G;EDGE;1;250;2;7736;1000;-1;-55
;ServiceLog;Andrey;1435851083993;2G;EDGE;1;250;2;7736;1000;-1;-55
;ServiceLog;Andrey;1435851085008;2G;EDGE;1;250;2;7736;1000;-1;-55
;ServiceLog;Andrey;1435851086037;2G;EDGE;1;250;2;7736;1000;-1;-55
;ServiceLog;Andrey;1435851087095;2G;EDGE;1;250;2;7736;1000;-1;-55
;ServiceLog;Andrey;1435851088114;2G;EDGE;1;250;2;7736;1000;-1;-59
;ServiceLog;Andrey;1435851089167;2G;EDGE;1;250;2;7736;1000;-1;-65
;ServiceLog;Andrey;1435851090179;2G;EDGE;1;250;2;7736;1000;-1;-71
;ServiceLog;Andrey;1435851091219;2G;EDGE;1;250;2;7736;1000;-1;-71
;ServiceLog;Andrey;1435851092273;2G;EDGE;1;250;2;7736;1000;-1;-77
;ServiceLog;Andrey;1435851093285;2G;EDGE;1;250;2;7736;1000;-1;-83
;ServiceLog;Andrey;1435851094296;2G;EDGE;1;250;2;7736;1000;-1;-87
;ServiceLog;Andrey;1435851095320;2G;EDGE;1;250;2;7736;1000;-1;-93
;ServiceLog;Andrey;1435851096332;2G;EDGE;1;250;2;7736;1000;-1;-97
;ServiceLog;Andrey;1435851097341;2G;EDGE;1;250;2;7736;1000;-1;-101
;ServiceLog;Andrey;1435851098359;2G;EDGE;1;250;2;7736;1000;-1;-101
;ServiceLog;Andrey;1435851099370;2G;EDGE;1;250;2;7736;1000;-1;-101
;ServiceLog;Andrey;1435851100385;2G;EDGE;1;250;2;7736;1000;-1;-101
;ServiceLog;Andrey;1435851101402;2G;EDGE;1;250;2;7736;1000;-1;-101
;ServiceLog;Andrey;1435851102433;2G;EDGE;1;250;2;7736;1000;-1;-101
;ServiceLog;Andrey;1435851103440;2G;EDGE;1;250;2;7736;1000;-1;-101
;ServiceLog;Andrey;1435851104463;2G;EDGE;1;250;2;7736;1000;-1;-101
;ServiceLog;Andrey;1435851105471;2G;EDGE;1;250;2;7736;1000;-1;-101
;ServiceLog;Andrey;1435851106483;2G;EDGE;1;250;2;7736;1000;-1;-101
;ServiceLog;Andrey;1435851107508;2G;EDGE;1;250;2;7736;1000;-1;-101
;ServiceLog;Andrey;1435851108545;2G;EDGE;1;250;2;7736;1000;-1;-101
;ServiceLog;Andrey;1435851109559;2G;EDGE;1;250;2;7736;1000;-1;-101
;ServiceLog;Andrey;1435851110586;2G;GPRS;1;250;99;26802;49566;-1;-97
;ServiceLog;Andrey;1435851111596;2G;GPRS;1;250;99;26802;49566;-1;-97
;ServiceLog;Andrey;1435851112608;2G;GPRS;1;250;99;26802;49566;-1;-97
;ServiceLog;Andrey;1435851113634;2G;GPRS;1;250;99;26802;49566;-1;-97
;ServiceLog;Andrey;1435851114668;2G;GPRS;1;250;99;26802;49566;-1;-97
;ServiceLog;Andrey;1435851115682;2G;GPRS;1;250;99;26802;49566;-1;-97
;ServiceLog;Andrey;1435851116710;2G;GPRS;1;250;99;26802;49566;-1;-97
;ServiceLog;Andrey;1435851117741;2G;EDGE;1;250;2;7736;340;-1;-97
;ServiceLog;Andrey;1435851118755;2G;EDGE;1;250;2;7736;340;-1;-97
;ServiceLog;Andrey;1435851119774;2G;EDGE;1;250;2;7736;340;-1;-97
;ServiceLog;Andrey;1435851120790;2G;EDGE;1;250;2;7736;340;-1;-97
;ServiceLog;Andrey;1435851121800;2G;EDGE;1;250;2;7736;340;-1;-97
;ServiceLog;Andrey;1435851122811;2G;EDGE;1;250;2;7736;340;-1;-97
;ServiceLog;Andrey;1435851123823;2G;EDGE;1;250;2;7736;340;-1;-95
;ServiceLog;Andrey;1435851124834;2G;EDGE;1;250;2;7736;340;-1;-91
;ServiceLog;Andrey;1435851125848;2G;EDGE;1;250;2;7736;340;-1;-85
;ServiceLog;Andrey;1435851126863;2G;EDGE;1;250;2;7736;340;-1;-85
;ServiceLog;Andrey;1435851127924;2G;EDGE;1;250;2;7736;340;-1;-81
;ServiceLog;Andrey;1435851128939;2G;EDGE;1;250;2;7736;340;-1;-77
;ServiceLog;Andrey;1435851129989;2G;EDGE;1;250;2;7736;340;-1;-77
;ServiceLog;Andrey;1435851131054;2G;EDGE;1;250;2;7736;340;-1;-71
;ServiceLog;Andrey;1435851132091;2G;EDGE;1;250;2;7736;340;-1;-65
;ServiceLog;Andrey;1435851133154;2G;EDGE;1;250;2;7736;340;-1;-59
;ServiceLog;Andrey;1435851134185;2G;EDGE;1;250;2;7736;340;-1;-53
;ServiceLog;Andrey;1435851135238;2G;EDGE;1;250;2;7736;340;-1;-51
;ServiceLog;Andrey;1435851136277;2G;EDGE;1;250;2;7736;340;-1;-51
;ServiceLog;Andrey;1435851137331;2G;EDGE;1;250;2;7736;340;-1;-51
;ServiceLog;Andrey;1435851138460;2G;EDGE;1;250;2;7736;340;-1;-51
;ServiceLog;Andrey;1435851139563;2G;EDGE;1;250;2;7736;340;-1;-51
;ServiceLog;Andrey;1435851140607;2G;EDGE;1;250;2;7736;340;-1;-55
;ServiceLog;Andrey;1435851141640;2G;EDGE;1;250;2;7736;340;-1;-59
;ServiceLog;Andrey;1435851142684;2G;EDGE;1;250;2;7736;340;-1;-65
;ServiceLog;Andrey;1435851143733;2G;EDGE;1;250;2;7736;340;-1;-69
;ServiceLog;Andrey;1435851144774;2G;EDGE;1;250;2;7736;340;-1;-71
;ServiceLog;Andrey;1435851145834;2G;EDGE;1;250;2;7736;340;-1;-71
;ServiceLog;Andrey;1435851146878;2G;EDGE;1;250;2;7736;340;-1;-71
;ServiceLog;Andrey;1435851147987;2G;EDGE;1;250;2;7736;340;-1;-71
;ServiceLog;Andrey;1435851149059;2G;EDGE;1;250;2;7736;340;-1;-69
;ServiceLog;Andrey;1435851150095;2G;EDGE;1;250;2;7736;340;-1;-69
;ServiceLog;Andrey;1435851151162;2G;EDGE;1;250;2;7736;340;-1;-67
;ServiceLog;Andrey;1435851152178;2G;EDGE;1;250;2;7736;340;-1;-67
;ServiceLog;Andrey;1435851153232;2G;EDGE;1;250;2;7736;340;-1;-63
;ServiceLog;Andrey;1435851154252;2G;EDGE;1;250;2;7736;340;-1;-63
;ServiceLog;Andrey;1435851155289;2G;EDGE;1;250;2;7736;340;-1;-61
;ServiceLog;Andrey;1435851156379;2G;EDGE;1;250;2;7736;340;-1;-59
;ServiceLog;Andrey;1435851157422;2G;EDGE;1;250;2;7736;340;-1;-59
;ServiceLog;Andrey;1435851158539;2G;EDGE;1;250;2;7736;340;-1;-59
;ServiceLog;Andrey;1435851159576;2G;EDGE;1;250;2;7736;340;-1;-57
;ServiceLog;Andrey;1435851160611;2G;EDGE;1;250;2;7736;340;-1;-57
;ServiceLog;Andrey;1435851161658;2G;EDGE;1;250;2;7736;340;-1;-53
;ServiceLog;Andrey;1435851162723;2G;EDGE;1;250;2;7736;340;-1;-53
;ServiceLog;Andrey;1435851163777;2G;EDGE;1;250;2;7736;340;-1;-51
;ServiceLog;Andrey;1435851164807;2G;EDGE;1;250;2;7736;340;-1;-51
;ServiceLog;Andrey;1435851165847;2G;EDGE;1;250;2;7736;340;-1;-51
;ServiceLog;Andrey;1435851166893;2G;EDGE;1;250;2;7736;340;-1;-51
;ServiceLog;Andrey;1435851167907;2G;EDGE;1;250;2;7736;340;-1;-51
;ServiceLog;Andrey;1435851168974;2G;EDGE;1;250;2;7736;340;-1;-51
;ServiceLog;Andrey;1435851170055;2G;EDGE;1;250;2;7736;340;-1;-51
;ServiceLog;Andrey;1435851171089;2G;EDGE;1;250;2;7736;340;-1;-51
;ServiceLog;Andrey;1435851172138;2G;EDGE;1;250;2;7736;340;-1;-51
;ServiceLog;Andrey;1435851173214;2G;EDGE;1;250;2;7736;340;-1;-51
;ServiceLog;Andrey;1435851174241;2G;EDGE;1;250;2;7736;340;-1;-53
;ServiceLog;Andrey;1435851175254;2G;EDGE;1;250;2;7736;340;-1;-53
;ServiceLog;Andrey;1435851176330;2G;EDGE;1;250;2;7736;340;-1;-55
;ServiceLog;Andrey;1435851177433;2G;EDGE;1;250;2;7736;340;-1;-55
;ServiceLog;Andrey;1435851178481;2G;EDGE;1;250;2;7736;340;-1;-55
;ServiceLog;Andrey;1435851179516;2G;EDGE;1;250;2;7736;340;-1;-55
;ServiceLog;Andrey;1435851180597;2G;EDGE;1;250;2;7736;340;-1;-55
;ServiceLog;Andrey;1435851181637;2G;EDGE;1;250;2;7736;340;-1;-55
;ServiceLog;Andrey;1435851182720;2G;EDGE;1;250;2;7736;340;-1;-55
;ServiceLog;Andrey;1435851183747;2G;EDGE;1;250;2;7736;340;-1;-57
;ServiceLog;Andrey;1435851184769;2G;EDGE;1;250;2;7736;340;-1;-57
;ServiceLog;Andrey;1435851185810;2G;EDGE;1;250;2;7736;340;-1;-59
;ServiceLog;Andrey;1435851186880;2G;EDGE;1;250;2;7736;340;-1;-59
;ServiceLog;Andrey;1435851187912;2G;EDGE;1;250;2;7736;340;-1;-59
;ServiceLog;Andrey;1435851188949;2G;EDGE;1;250;2;7736;340;-1;-61
;ServiceLog;Andrey;1435851190003;2G;EDGE;1;250;2;7736;340;-1;-61
;ServiceLog;Andrey;1435851191047;2G;EDGE;1;250;2;7736;340;-1;-61
;ServiceLog;Andrey;1435851192080;2G;EDGE;1;250;2;7736;340;-1;-61
;ServiceLog;Andrey;1435851193119;2G;EDGE;1;250;2;7736;340;-1;-63
;ServiceLog;Andrey;1435851194210;2G;EDGE;1;250;2;7736;340;-1;-63
;ServiceLog;Andrey;1435851195250;2G;EDGE;1;250;2;7736;340;-1;-65
;ServiceLog;Andrey;1435851196266;2G;EDGE;1;250;2;7736;340;-1;-65
;ServiceLog;Andrey;1435851197359;2G;EDGE;1;250;2;7736;340;-1;-65
;ServiceLog;Andrey;1435851198419;2G;EDGE;1;250;2;7736;340;-1;-65
;ServiceLog;Andrey;1435851199443;2G;EDGE;1;250;2;7736;340;-1;-65
;ServiceLog;Andrey;1435851200473;2G;EDGE;1;250;2;7736;340;-1;-65
;ServiceLog;Andrey;1435851201510;2G;EDGE;1;250;2;7736;340;-1;-65
;ServiceLog;Andrey;1435851202545;2G;EDGE;1;250;2;7736;340;-1;-65
;ServiceLog;Andrey;1435851203575;2G;EDGE;1;250;2;7736;340;-1;-65
;ServiceLog;Andrey;1435851204596;2G;EDGE;1;250;2;7736;340;-1;-69
;ServiceLog;Andrey;1435851205690;2G;EDGE;1;250;2;7736;340;-1;-69
;ServiceLog;Andrey;1435851206745;2G;EDGE;1;250;2;7736;340;-1;-69
;ServiceLog;Andrey;1435851207787;2G;EDGE;1;250;2;7736;340;-1;-71
;ServiceLog;Andrey;1435851208819;2G;EDGE;1;250;2;7736;340;-1;-71
;ServiceLog;Andrey;1435851209833;2G;EDGE;1;250;2;7736;340;-1;-73
;ServiceLog;Andrey;1435851210864;2G;EDGE;1;250;2;7736;340;-1;-73
;ServiceLog;Andrey;1435851211915;2G;EDGE;1;250;2;7736;340;-1;-73
;ServiceLog;Andrey;1435851213036;2G;EDGE;1;250;2;7736;340;-1;-73
;ServiceLog;Andrey;1435851214081;2G;EDGE;1;250;2;7736;340;-1;-73
;ServiceLog;Andrey;1435851215128;2G;EDGE;1;250;2;7736;340;-1;-73
;ServiceLog;Andrey;1435851216141;2G;EDGE;1;250;2;7736;340;-1;-73
;ServiceLog;Andrey;1435851217176;2G;EDGE;1;250;2;7736;340;-1;-73
;ServiceLog;Andrey;1435851218293;2G;EDGE;1;250;2;7736;340;-1;-75
;ServiceLog;Andrey;1435851219339;2G;EDGE;1;250;2;7736;340;-1;-77
;ServiceLog;Andrey;1435851220364;2G;EDGE;1;250;2;7736;340;-1;-79
;ServiceLog;Andrey;1435851221387;2G;EDGE;1;250;2;7736;340;-1;-83
;ServiceLog;Andrey;1435851222515;2G;EDGE;1;250;2;7736;340;-1;-85
;ServiceLog;Andrey;1435851223539;2G;EDGE;1;250;2;7736;340;-1;-89
;ServiceLog;Andrey;1435851224574;2G;EDGE;1;250;2;7736;340;-1;-91
;ServiceLog;Andrey;1435851225633;2G;EDGE;1;250;2;7736;340;-1;-91
;ServiceLog;Andrey;1435851226668;2G;EDGE;1;250;2;7736;340;-1;-91
;ServiceLog;Andrey;1435851227687;2G;EDGE;1;250;2;7736;340;-1;-93
;ServiceLog;Andrey;1435851228744;2G;EDGE;1;250;2;7736;340;-1;-93
;ServiceLog;Andrey;1435851229780;2G;EDGE;1;250;2;7736;340;-1;-93
;ServiceLog;Andrey;1435851230829;2G;EDGE;1;250;2;7736;340;-1;-93
;ServiceLog;Andrey;1435851231865;2G;EDGE;1;250;2;7736;340;-1;-95
;ServiceLog;Andrey;1435851232908;2G;EDGE;1;250;2;7736;340;-1;-97
;ServiceLog;Andrey;1435851233916;2G;EDGE;1;250;2;7736;340;-1;-97
;ServiceLog;Andrey;1435851234963;2G;EDGE;1;250;2;7736;340;-1;-99
;ServiceLog;Andrey;1435851235978;2G;EDGE;1;250;2;7736;340;-1;-101
;ServiceLog;Andrey;1435851236999;2G;EDGE;1;250;2;7736;340;-1;-103
;ServiceLog;Andrey;1435851238010;2G;EDGE;1;250;2;7736;340;-1;-103
;ServiceLog;Andrey;1435851239038;2G;EDGE;1;250;2;7736;340;-1;-103
;ServiceLog;Andrey;1435851240052;2G;EDGE;1;250;2;7736;340;-1;-103
;ServiceLog;Andrey;1435851241070;2G;EDGE;1;250;2;7736;340;-1;-103
;ServiceLog;Andrey;1435851242097;2G;EDGE;1;250;2;7736;340;-1;-103
;ServiceLog;Andrey;1435851243109;2G;EDGE;1;250;2;7736;340;-1;-103
;ServiceLog;Andrey;1435851244137;2G;EDGE;1;250;2;7736;340;-1;-103
;ServiceLog;Andrey;1435851245152;2G;EDGE;1;250;2;7736;340;-1;-103
;ServiceLog;Andrey;1435851246169;2G;EDGE;1;250;2;7736;340;-1;-103
;ServiceLog;Andrey;1435851247183;2G;EDGE;1;250;2;7736;340;-1;-103
;ServiceLog;Andrey;1435851248194;2G;EDGE;1;250;2;7736;340;-1;-103
;ServiceLog;Andrey;1435851249211;2G;EDGE;1;250;2;7736;340;-1;-103
;ServiceLog;Andrey;1435851250227;2G;EDGE;1;250;2;7736;340;-1;-103
;ServiceLog;Andrey;1435851251260;2G;GPRS;1;250;99;26802;49566;-1;-95
;ServiceLog;Andrey;1435851252275;2G;GPRS;1;250;99;26802;49566;-1;-95
;ServiceLog;Andrey;1435851253305;2G;GPRS;1;250;99;26802;49566;-1;-95
;ServiceLog;Andrey;1435851254315;2G;GPRS;1;250;99;26802;49566;-1;-95
;ServiceLog;Andrey;1435851255323;2G;GPRS;1;250;99;26802;49566;-1;-95
;ServiceLog;Andrey;1435851256371;2G;GPRS;1;250;99;26802;49566;-1;-95
;ServiceLog;Andrey;1435851257382;2G;GPRS;1;250;99;26802;49566;-1;-95
;ServiceLog;Andrey;1435851258390;2G;GPRS;1;250;99;26802;49566;-1;-87
;ServiceLog;Andrey;1435851259403;2G;GPRS;1;250;99;26802;49566;-1;-87
;ServiceLog;Andrey;1435851260414;2G;GPRS;1;250;99;26802;49566;-1;-77
;ServiceLog;Andrey;1435851261423;2G;GPRS;1;250;99;26802;49566;-1;-67
;ServiceLog;Andrey;1435851262445;2G;GPRS;1;250;99;26802;49566;-1;-57
;ServiceLog;Andrey;1435851263453;2G;GPRS;1;250;99;26802;49566;-1;-57
;ServiceLog;Andrey;1435851264488;2G;GPRS;1;250;99;26802;49566;-1;-55
;ServiceLog;Andrey;1435851265529;2G;GPRS;1;250;99;26802;49566;-1;-55
;ServiceLog;Andrey;1435851266556;2G;GPRS;1;250;99;26802;49566;-1;-55
;ServiceLog;Andrey;1435851267564;2G;GPRS;1;250;99;26802;49566;-1;-55
;ServiceLog;Andrey;1435851268609;2G;GPRS;1;250;99;26802;49566;-1;-55
;ServiceLog;Andrey;1435851269639;2G;GPRS;1;250;99;26802;49566;-1;-55
;ServiceLog;Andrey;1435851270753;2G;GPRS;1;250;99;26802;49566;-1;-55
;ServiceLog;Andrey;1435851271788;2G;GPRS;1;250;99;26802;49566;-1;-55
;ServiceLog;Andrey;1435851272905;2G;GPRS;1;250;99;26802;49566;-1;-55
;ServiceLog;Andrey;1435851273941;2G;GPRS;1;250;99;26802;49566;-1;-55
;ServiceLog;Andrey;1435851274977;2G;EDGE;1;250;2;7736;1000;-1;-57
;ServiceLog;Andrey;1435851276007;2G;EDGE;1;250;2;7736;1000;-1;-57
;ServiceLog;Andrey;1435851277083;2G;EDGE;1;250;2;7736;1000;-1;-57
;ServiceLog;Andrey;1435851278096;2G;EDGE;1;250;2;7736;1000;-1;-57
;ServiceLog;Andrey;1435851279131;2G;EDGE;1;250;2;7736;1000;-1;-57
;ServiceLog;Andrey;1435851280160;2G;EDGE;1;250;2;7736;1000;-1;-59
;ServiceLog;Andrey;1435851281195;2G;EDGE;1;250;2;7736;1000;-1;-59
;ServiceLog;Andrey;1435851282255;2G;EDGE;1;250;2;7736;1000;-1;-61
;ServiceLog;Andrey;1435851283325;2G;EDGE;1;250;2;7736;1000;-1;-61
;ServiceLog;Andrey;1435851284381;2G;EDGE;1;250;2;7736;1000;-1;-63
;ServiceLog;Andrey;1435851285459;2G;EDGE;1;250;2;7736;1000;-1;-63
;ServiceLog;Andrey;1435851286490;2G;EDGE;1;250;2;7736;1000;-1;-63
;ServiceLog;Andrey;1435851287538;2G;EDGE;1;250;2;7736;1000;-1;-63
;ServiceLog;Andrey;1435851288576;2G;EDGE;1;250;2;7736;1000;-1;-67
;ServiceLog;Andrey;1435851289591;2G;EDGE;1;250;2;7736;1000;-1;-71
;ServiceLog;Andrey;1435851290619;2G;EDGE;1;250;2;7736;1000;-1;-73
;ServiceLog;Andrey;1435851291686;2G;EDGE;1;250;2;7736;1000;-1;-73
;ServiceLog;Andrey;1435851292767;2G;EDGE;1;250;2;7736;1000;-1;-73
;ServiceLog;Andrey;1435851293816;2G;EDGE;1;250;2;7736;1000;-1;-71
;ServiceLog;Andrey;1435851294834;2G;EDGE;1;250;2;7736;1000;-1;-67
;ServiceLog;Andrey;1435851295885;2G;EDGE;1;250;2;7736;1000;-1;-67
;ServiceLog;Andrey;1435851296941;2G;EDGE;1;250;2;7736;1000;-1;-67
;ServiceLog;Andrey;1435851297979;2G;EDGE;1;250;2;7736;1000;-1;-67
;ServiceLog;Andrey;1435851299083;2G;EDGE;1;250;2;7736;1000;-1;-67
;ServiceLog;Andrey;1435851300099;2G;EDGE;1;250;2;7736;1000;-1;-67
;ServiceLog;Andrey;1435851301109;2G;EDGE;1;250;2;7736;1000;-1;-67
;ServiceLog;Andrey;1435851302126;2G;EDGE;1;250;2;7736;1000;-1;-71
;ServiceLog;Andrey;1435851303177;2G;EDGE;1;250;2;7736;1000;-1;-71
;ServiceLog;Andrey;1435851304195;2G;EDGE;1;250;2;7736;1000;-1;-75
;ServiceLog;Andrey;1435851305245;2G;EDGE;1;250;2;7736;1000;-1;-75
;ServiceLog;Andrey;1435851306269;2G;EDGE;1;250;2;7736;1000;-1;-77
;ServiceLog;Andrey;1435851307321;2G;EDGE;1;250;2;7736;1000;-1;-77
;ServiceLog;Andrey;1435851308355;2G;EDGE;1;250;2;7736;1000;-1;-81
;ServiceLog;Andrey;1435851309390;2G;EDGE;1;250;2;7736;1000;-1;-81
;ServiceLog;Andrey;1435851310444;2G;EDGE;1;250;2;7736;1000;-1;-81
;ServiceLog;Andrey;1435851311518;2G;EDGE;1;250;2;7736;1000;-1;-81
;ServiceLog;Andrey;1435851312571;2G;EDGE;1;250;2;7736;1000;-1;-81
;ServiceLog;Andrey;1435851313655;2G;EDGE;1;250;2;7736;1000;-1;-81
;ServiceLog;Andrey;1435851314786;2G;EDGE;1;250;2;7736;1000;-1;-81
;ServiceLog;Andrey;1435851316076;2G;EDGE;1;250;2;7736;1000;-1;-81
;ServiceLog;Andrey;1435851317107;2G;EDGE;1;250;2;7736;1000;-1;-81
;ServiceLog;Andrey;1435851318126;2G;EDGE;1;250;2;7736;1000;-1;-79
;ServiceLog;Andrey;1435851319189;2G;EDGE;1;250;2;7736;1000;-1;-79
;ServiceLog;Andrey;1435851320329;2G;EDGE;1;250;2;7736;1000;-1;-79
;ServiceLog;Andrey;1435851321415;2G;EDGE;1;250;2;7736;1000;-1;-77
;ServiceLog;Andrey;1435851322456;2G;EDGE;1;250;2;7736;1000;-1;-77
;ServiceLog;Andrey;1435851323491;2G;EDGE;1;250;2;7736;1000;-1;-77
;ServiceLog;Andrey;1435851324529;2G;EDGE;1;250;2;7736;1000;-1;-77
;ServiceLog;Andrey;1435851325563;2G;EDGE;1;250;2;7736;1000;-1;-77
;ServiceLog;Andrey;1435851326602;2G;EDGE;1;250;2;7736;1000;-1;-77
;ServiceLog;Andrey;1435851327662;2G;EDGE;1;250;2;7736;1000;-1;-77
;ServiceLog;Andrey;1435851328810;2G;EDGE;1;250;2;7736;1000;-1;-75
;ServiceLog;Andrey;1435851329947;2G;EDGE;1;250;2;7736;1000;-1;-75
;ServiceLog;Andrey;1435851331007;2G;EDGE;1;250;2;7736;1000;-1;-73
;ServiceLog;Andrey;1435851332056;2G;EDGE;1;250;2;7736;1000;-1;-73
;ServiceLog;Andrey;1435851333084;2G;EDGE;1;250;2;7736;1000;-1;-69
;ServiceLog;Andrey;1435851334138;2G;EDGE;1;250;2;7736;1000;-1;-65
;ServiceLog;Andrey;1435851335179;2G;EDGE;1;250;2;7736;1000;-1;-63
;ServiceLog;Andrey;1435851336191;2G;EDGE;1;250;2;7736;1000;-1;-63
;ServiceLog;Andrey;1435851337203;2G;EDGE;1;250;2;7736;1000;-1;-63
;ServiceLog;Andrey;1435851338278;2G;EDGE;1;250;2;7736;1000;-1;-63
;ServiceLog;Andrey;1435851339306;2G;EDGE;1;250;2;7736;1000;-1;-63
;ServiceLog;Andrey;1435851340350;2G;EDGE;1;250;2;7736;1000;-1;-63
;ServiceLog;Andrey;1435851341370;2G;EDGE;1;250;2;7736;1000;-1;-65
;ServiceLog;Andrey;1435851342401;2G;EDGE;1;250;2;7736;1000;-1;-65
;ServiceLog;Andrey;1435851343441;2G;EDGE;1;250;2;7736;1000;-1;-65
;ServiceLog;Andrey;1435851344493;2G;EDGE;1;250;2;7736;1000;-1;-65
;ServiceLog;Andrey;1435851345524;2G;EDGE;1;250;2;7736;1000;-1;-63
;ServiceLog;Andrey;1435851346539;2G;EDGE;1;250;2;7736;1000;-1;-63
;ServiceLog;Andrey;1435851347599;2G;EDGE;1;250;2;7736;1000;-1;-63
;ServiceLog;Andrey;1435851348686;2G;EDGE;1;250;2;7736;1000;-1;-63
;ServiceLog;Andrey;1435851349728;2G;EDGE;1;250;2;7736;1000;-1;-65
;ServiceLog;Andrey;1435851350741;2G;EDGE;1;250;2;7736;1000;-1;-69
;ServiceLog;Andrey;1435851351779;2G;EDGE;1;250;2;7736;1000;-1;-73
;ServiceLog;Andrey;1435851352788;2G;EDGE;1;250;2;7736;1000;-1;-79
;ServiceLog;Andrey;1435851353812;2G;EDGE;1;250;2;7736;1000;-1;-85
;ServiceLog;Andrey;1435851354880;2G;EDGE;1;250;2;7736;1000;-1;-85
;ServiceLog;Andrey;1435851356011;2G;EDGE;1;250;2;7736;1000;-1;-91
;ServiceLog;Andrey;1435851357066;2G;EDGE;1;250;2;7736;1000;-1;-91
;ServiceLog;Andrey;1435851358096;2G;EDGE;1;250;2;7736;1000;-1;-93
;ServiceLog;Andrey;1435851359153;2G;EDGE;1;250;2;7736;1000;-1;-95
;ServiceLog;Andrey;1435851360159;2G;EDGE;1;250;2;7736;1000;-1;-95
;ServiceLog;Andrey;1435851361167;2G;EDGE;1;250;2;7736;1000;-1;-97
;ServiceLog;Andrey;1435851362214;2G;EDGE;1;250;2;7736;1000;-1;-97
;ServiceLog;Andrey;1435851363227;2G;EDGE;1;250;2;7736;1000;-1;-101
;ServiceLog;Andrey;1435851364239;2G;EDGE;1;250;2;7736;1000;-1;-101
;ServiceLog;Andrey;1435851365254;2G;EDGE;1;250;2;7736;1000;-1;-103
;ServiceLog;Andrey;1435851366273;2G;EDGE;1;250;2;7736;1000;-1;-103
;ServiceLog;Andrey;1435851367296;2G;EDGE;1;250;2;7736;1000;-1;-103
;ServiceLog;Andrey;1435851368316;2G;EDGE;1;250;2;7736;1000;-1;-103
;ServiceLog;Andrey;1435851369350;2G;EDGE;1;250;2;7736;1000;-1;-103
;ServiceLog;Andrey;1435851370368;2G;EDGE;1;250;2;7736;1000;-1;-103
;ServiceLog;Andrey;1435851371382;2G;EDGE;1;250;2;7736;1000;-1;-103
;ServiceLog;Andrey;1435851372493;2G;EDGE;1;250;2;7736;1000;-1;-103
;ServiceLog;Andrey;1435851373528;2G;EDGE;1;250;2;7736;1000;-1;-103
;ServiceLog;Andrey;1435851374536;2G;EDGE;1;250;2;7736;1000;-1;-103
;ServiceLog;Andrey;1435851375546;2G;EDGE;1;250;2;7736;1000;-1;-103
;ServiceLog;Andrey;1435851376566;2G;GPRS;1;250;99;26802;49566;-1;-95
;ServiceLog;Andrey;1435851377580;2G;GPRS;1;250;99;26802;49566;-1;-95
;ServiceLog;Andrey;1435851378603;2G;GPRS;1;250;99;26802;49566;-1;-95
;ServiceLog;Andrey;1435851379646;2G;GPRS;1;250;99;26802;49566;-1;-95
;ServiceLog;Andrey;1435851380689;2G;GPRS;1;250;99;26802;49566;-1;-95
;ServiceLog;Andrey;1435851381770;2G;GPRS;1;250;99;26802;49566;-1;-95
;ServiceLog;Andrey;1435851382780;2G;GPRS;1;250;99;26802;49566;-1;-95
;ServiceLog;Andrey;1435851383800;2G;GPRS;1;250;99;26802;49566;-1;-95
;ServiceLog;Andrey;1435851384818;2G;GPRS;1;250;99;26802;49566;-1;-89
;ServiceLog;Andrey;1435851385829;2G;GPRS;1;250;99;26802;49566;-1;-83
;ServiceLog;Andrey;1435851386840;2G;GPRS;1;250;99;26802;49566;-1;-77
;ServiceLog;Andrey;1435851387847;2G;GPRS;1;250;99;26802;49566;-1;-77
;ServiceLog;Andrey;1435851388867;2G;GPRS;1;250;99;26802;49566;-1;-71
;ServiceLog;Andrey;1435851389913;2G;GPRS;1;250;99;26802;49566;-1;-71
;ServiceLog;Andrey;1435851391044;2G;GPRS;1;250;99;26802;49566;-1;-71
;ServiceLog;Andrey;1435851392098;2G;GPRS;1;250;99;26802;49566;-1;-71
;ServiceLog;Andrey;1435851393140;2G;GPRS;1;250;99;26802;49566;-1;-71
;ServiceLog;Andrey;1435851394200;2G;GPRS;1;250;99;26802;49566;-1;-71
;ServiceLog;Andrey;1435851395226;2G;GPRS;1;250;99;26802;49566;-1;-71
;ServiceLog;Andrey;1435851396249;2G;GPRS;1;250;99;26802;49566;-1;-71
;ServiceLog;Andrey;1435851397273;2G;GPRS;1;250;99;26802;49566;-1;-71
;ServiceLog;Andrey;1435851398280;2G;GPRS;1;250;99;26802;49566;-1;-71
;ServiceLog;Andrey;1435851399294;2G;GPRS;1;250;99;26802;49566;-1;-71
;ServiceLog;Andrey;1435851400326;2G;GPRS;1;250;99;26802;49566;-1;-71
;ServiceLog;Andrey;1435851401348;2G;GPRS;1;250;99;26802;49566;-1;-71
;ServiceLog;Andrey;1435851402364;2G;GPRS;1;250;99;26802;49566;-1;-73
;ServiceLog;Andrey;1435851403395;2G;GPRS;1;250;99;26802;49566;-1;-73
;ServiceLog;Andrey;1435851404513;2G;GPRS;1;250;99;26802;49566;-1;-73
;ServiceLog;Andrey;1435851405555;2G;GPRS;1;250;99;26802;49566;-1;-73
;ServiceLog;Andrey;1435851406624;2G;GPRS;1;250;99;26802;49566;-1;-73
;ServiceLog;Andrey;1435851407717;2G;GPRS;1;250;99;26802;49566;-1;-73
;ServiceLog;Andrey;1435851408775;2G;GPRS;1;250;99;26802;49566;-1;-73
;ServiceLog;Andrey;1435851409843;2G;GPRS;1;250;99;26802;49566;-1;-73
;ServiceLog;Andrey;1435851410891;2G;GPRS;1;250;99;26802;49566;-1;-73
;ServiceLog;Andrey;1435851411925;2G;GPRS;1;250;99;26802;49566;-1;-73
;ServiceLog;Andrey;1435851412955;2G;GPRS;1;250;99;26802;49566;-1;-71
;ServiceLog;Andrey;1435851413981;2G;GPRS;1;250;99;26802;49566;-1;-71
;ServiceLog;Andrey;1435851414998;2G;GPRS;1;250;99;26802;49566;-1;-71
;ServiceLog;Andrey;1435851416064;2G;GPRS;1;250;99;26802;49566;-1;-71
;ServiceLog;Andrey;1435851417086;2G;GPRS;1;250;99;26802;49566;-1;-71
;ServiceLog;Andrey;1435851418151;2G;GPRS;1;250;99;26802;49566;-1;-73
;ServiceLog;Andrey;1435851419240;2G;GPRS;1;250;99;26802;49566;-1;-73
;ServiceLog;Andrey;1435851420289;2G;GPRS;1;250;99;26802;49566;-1;-73
;ServiceLog;Andrey;1435851421371;2G;GPRS;1;250;99;26802;49566;-1;-75
;ServiceLog;Andrey;1435851422425;2G;GPRS;1;250;99;26802;49566;-1;-75
;ServiceLog;Andrey;1435851423464;2G;GPRS;1;250;99;26802;49566;-1;-77
;ServiceLog;Andrey;1435851424480;2G;GPRS;1;250;99;26802;49566;-1;-77
;ServiceLog;Andrey;1435851425540;2G;GPRS;1;250;99;26802;49566;-1;-77
;ServiceLog;Andrey;1435851426696;2G;GPRS;1;250;99;26802;49566;-1;-77
;ServiceLog;Andrey;1435851427813;2G;GPRS;1;250;99;26802;49566;-1;-79
;ServiceLog;Andrey;1435851428854;2G;GPRS;1;250;99;26802;49566;-1;-79
;ServiceLog;Andrey;1435851429895;2G;GPRS;1;250;99;26802;49566;-1;-81
;ServiceLog;Andrey;1435851430943;2G;GPRS;1;250;99;26802;49566;-1;-81
;ServiceLog;Andrey;1435851431974;2G;GPRS;1;250;99;26802;49566;-1;-81
;ServiceLog;Andrey;1435851433003;2G;EDGE;1;250;2;7736;1010;-1;-81
;ServiceLog;Andrey;1435851434037;2G;EDGE;1;250;2;7736;1010;-1;-81
;ServiceLog;Andrey;1435851435091;2G;EDGE;1;250;2;7736;1010;-1;-81
;ServiceLog;Andrey;1435851436229;2G;EDGE;1;250;2;7736;1010;-1;-81
;ServiceLog;Andrey;1435851437307;2G;EDGE;1;250;2;7736;1010;-1;-81
;ServiceLog;Andrey;1435851438353;2G;EDGE;1;250;2;7736;1010;-1;-81
;ServiceLog;Andrey;1435851439388;2G;EDGE;1;250;2;7736;1010;-1;-85
;ServiceLog;Andrey;1435851440433;2G;EDGE;1;250;2;7736;1010;-1;-85
;ServiceLog;Andrey;1435851441487;2G;EDGE;1;250;2;7736;1010;-1;-87
;ServiceLog;Andrey;1435851442504;2G;EDGE;1;250;2;7736;1010;-1;-87
;ServiceLog;Andrey;1435851443545;2G;EDGE;1;250;2;7736;1010;-1;-85
;ServiceLog;Andrey;1435851444581;2G;EDGE;1;250;2;7736;1010;-1;-81
;ServiceLog;Andrey;1435851445607;2G;EDGE;1;250;2;7736;1010;-1;-81
;ServiceLog;Andrey;1435851446703;2G;EDGE;1;250;2;7736;1010;-1;-79
;ServiceLog;Andrey;1435851447733;2G;EDGE;1;250;2;7736;1010;-1;-75
;ServiceLog;Andrey;1435851448778;2G;EDGE;1;250;2;7736;1010;-1;-71
;ServiceLog;Andrey;1435851449864;2G;EDGE;1;250;2;7736;1010;-1;-67
;ServiceLog;Andrey;1435851450911;2G;EDGE;1;250;2;7736;1010;-1;-65
;ServiceLog;Andrey;1435851451966;2G;EDGE;1;250;2;7736;1010;-1;-65
;ServiceLog;Andrey;1435851453059;2G;EDGE;1;250;2;7736;1010;-1;-65
;ServiceLog;Andrey;1435851454080;2G;EDGE;1;250;2;7736;1010;-1;-65
;ServiceLog;Andrey;1435851455148;2G;EDGE;1;250;2;7736;1010;-1;-65
;ServiceLog;Andrey;1435851456185;2G;EDGE;1;250;2;7736;1010;-1;-65
;ServiceLog;Andrey;1435851457271;2G;EDGE;1;250;2;7736;1010;-1;-67
;ServiceLog;Andrey;1435851458280;2G;EDGE;1;250;2;7736;1010;-1;-67
;ServiceLog;Andrey;1435851459309;2G;EDGE;1;250;2;7736;1010;-1;-67
;ServiceLog;Andrey;1435851460424;2G;EDGE;1;250;2;7736;1010;-1;-67
;ServiceLog;Andrey;1435851461473;2G;EDGE;1;250;2;7736;1010;-1;-67
;ServiceLog;Andrey;1435851462524;2G;EDGE;1;250;2;7736;1010;-1;-67
;ServiceLog;Andrey;1435851463555;2G;EDGE;1;250;2;7736;1010;-1;-67
;ServiceLog;Andrey;1435851464603;2G;EDGE;1;250;2;7736;1010;-1;-67
;ServiceLog;Andrey;1435851465630;2G;EDGE;1;250;2;7736;1010;-1;-67
;ServiceLog;Andrey;1435851466694;2G;EDGE;1;250;2;7736;1010;-1;-69
;ServiceLog;Andrey;1435851467785;2G;EDGE;1;250;2;7736;1010;-1;-71
;ServiceLog;Andrey;1435851468941;2G;EDGE;1;250;2;7736;1010;-1;-71
;ServiceLog;Andrey;1435851469955;2G;EDGE;1;250;2;7736;1010;-1;-73
;ServiceLog;Andrey;1435851471010;2G;EDGE;1;250;2;7736;1010;-1;-73
;ServiceLog;Andrey;1435851472101;2G;EDGE;1;250;2;7736;1010;-1;-73
;ServiceLog;Andrey;1435851473246;2G;EDGE;1;250;2;7736;1010;-1;-73
;ServiceLog;Andrey;1435851474305;2G;EDGE;1;250;2;7736;1010;-1;-73
;ServiceLog;Andrey;1435851475400;2G;EDGE;1;250;2;7736;1010;-1;-71
;ServiceLog;Andrey;1435851476451;2G;EDGE;1;250;2;7736;1010;-1;-71
;ServiceLog;Andrey;1435851477488;2G;EDGE;1;250;2;7736;1010;-1;-71
;ServiceLog;Andrey;1435851478571;2G;EDGE;1;250;2;7736;1010;-1;-71
;ServiceLog;Andrey;1435851479601;2G;EDGE;1;250;2;7736;1010;-1;-71
;ServiceLog;Andrey;1435851480615;2G;EDGE;1;250;2;7736;1010;-1;-71
;ServiceLog;Andrey;1435851481627;2G;EDGE;1;250;2;7736;1010;-1;-71
;ServiceLog;Andrey;1435851482643;2G;EDGE;1;250;2;7736;1010;-1;-71
;ServiceLog;Andrey;1435851483661;2G;EDGE;1;250;2;7736;1010;-1;-71
;ServiceLog;Andrey;1435851484691;2G;EDGE;1;250;2;7736;1010;-1;-71
;ServiceLog;Andrey;1435851485719;2G;EDGE;1;250;2;7736;1010;-1;-71
;ServiceLog;Andrey;1435851486772;2G;EDGE;1;250;2;7736;1010;-1;-71
;ServiceLog;Andrey;1435851487919;2G;EDGE;1;250;2;7736;1010;-1;-71
;ServiceLog;Andrey;1435851488984;2G;EDGE;1;250;2;7736;1010;-1;-71
;ServiceLog;Andrey;1435851490135;2G;EDGE;1;250;2;7736;1010;-1;-71
;ServiceLog;Andrey;1435851491202;2G;EDGE;1;250;2;7736;1010;-1;-69
;ServiceLog;Andrey;1435851492271;2G;EDGE;1;250;2;7736;1010;-1;-69
;ServiceLog;Andrey;1435851493284;2G;EDGE;1;250;2;7736;1010;-1;-69
;ServiceLog;Andrey;1435851494335;2G;EDGE;1;250;2;7736;1010;-1;-69
;ServiceLog;Andrey;1435851495494;2G;EDGE;1;250;2;7736;1010;-1;-69
;ServiceLog;Andrey;1435851496634;2G;EDGE;1;250;2;7736;1010;-1;-69
;ServiceLog;Andrey;1435851497701;2G;EDGE;1;250;2;7736;1010;-1;-69
;ServiceLog;Andrey;1435851498744;2G;EDGE;1;250;2;7736;1010;-1;-67
;ServiceLog;Andrey;1435851499775;2G;EDGE;1;250;2;7736;1010;-1;-67
;ServiceLog;Andrey;1435851500819;2G;EDGE;1;250;2;7736;1010;-1;-65
;ServiceLog;Andrey;1435851501833;2G;EDGE;1;250;2;7736;1010;-1;-63
;ServiceLog;Andrey;1435851502863;2G;EDGE;1;250;2;7736;1010;-1;-61
;ServiceLog;Andrey;1435851504135;2G;EDGE;1;250;2;7736;1010;-1;-61
;ServiceLog;Andrey;1435851505187;2G;EDGE;1;250;2;7736;1010;-1;-61
;ServiceLog;Andrey;1435851506220;2G;EDGE;1;250;2;7736;1010;-1;-61
;ServiceLog;Andrey;1435851507277;2G;EDGE;1;250;2;7736;1010;-1;-61
;ServiceLog;Andrey;1435851508305;2G;EDGE;1;250;2;7736;1010;-1;-61
;ServiceLog;Andrey;1435851509365;2G;EDGE;1;250;2;7736;1010;-1;-61
;ServiceLog;Andrey;1435851510424;2G;EDGE;1;250;2;7736;1010;-1;-63
;ServiceLog;Andrey;1435851511476;2G;EDGE;1;250;2;7736;1010;-1;-63
;ServiceLog;Andrey;1435851512518;2G;EDGE;1;250;2;7736;1010;-1;-65
;ServiceLog;Andrey;1435851513530;2G;EDGE;1;250;2;7736;1010;-1;-65
;ServiceLog;Andrey;1435851514557;2G;EDGE;1;250;2;7736;1010;-1;-69
;ServiceLog;Andrey;1435851515680;2G;EDGE;1;250;2;7736;1010;-1;-75
;ServiceLog;Andrey;1435851516750;2G;EDGE;1;250;2;7736;1010;-1;-75
;ServiceLog;Andrey;1435851517796;2G;EDGE;1;250;2;7736;1010;-1;-75
;ServiceLog;Andrey;1435851518865;2G;EDGE;1;250;2;7736;1010;-1;-75
;ServiceLog;Andrey;1435851519920;2G;EDGE;1;250;2;7736;1010;-1;-75
;ServiceLog;Andrey;1435851520961;2G;EDGE;1;250;2;7736;1010;-1;-75
;ServiceLog;Andrey;1435851522008;2G;EDGE;1;250;2;7736;1010;-1;-75
;ServiceLog;Andrey;1435851523132;2G;EDGE;1;250;2;7736;1010;-1;-75
;ServiceLog;Andrey;1435851524186;2G;EDGE;1;250;2;7736;1010;-1;-75
;ServiceLog;Andrey;1435851525257;2G;EDGE;1;250;2;7736;1010;-1;-75
;ServiceLog;Andrey;1435851526288;2G;EDGE;1;250;2;7736;1010;-1;-75
;ServiceLog;Andrey;1435851527375;2G;EDGE;1;250;2;7736;1010;-1;-75
;ServiceLog;Andrey;1435851528426;2G;GPRS;1;250;99;26802;49565;-1;-77
;ServiceLog;Andrey;1435851529461;2G;GPRS;1;250;99;26802;49565;-1;-77
;ServiceLog;Andrey;1435851530507;2G;GPRS;1;250;99;26802;49565;-1;-77
;ServiceLog;Andrey;1435851531565;2G;GPRS;1;250;99;26802;49565;-1;-77
;ServiceLog;Andrey;1435851532675;2G;GPRS;1;250;99;26802;49565;-1;-77
;ServiceLog;Andrey;1435851533711;2G;GPRS;1;250;99;26802;49565;-1;-77
;ServiceLog;Andrey;1435851534870;2G;GPRS;1;250;99;26802;49565;-1;-77
;ServiceLog;Andrey;1435851535975;2G;GPRS;1;250;99;26802;49565;-1;-79
;ServiceLog;Andrey;1435851537018;2G;GPRS;1;250;99;26802;49565;-1;-79
;ServiceLog;Andrey;1435851538055;2G;GPRS;1;250;99;26802;49565;-1;-79
;ServiceLog;Andrey;1435851539092;2G;GPRS;1;250;99;26802;49565;-1;-79
;ServiceLog;Andrey;1435851540127;2G;GPRS;1;250;99;26802;49565;-1;-75
;ServiceLog;Andrey;1435851541161;2G;GPRS;1;250;99;26802;49565;-1;-75
;ServiceLog;Andrey;1435851542194;2G;GPRS;1;250;99;26802;49565;-1;-75
;ServiceLog;Andrey;1435851543258;2G;GPRS;1;250;99;26802;49565;-1;-75
;ServiceLog;Andrey;1435851544272;2G;GPRS;1;250;99;26802;49565;-1;-75
;ServiceLog;Andrey;1435851545310;2G;GPRS;1;250;99;26802;49565;-1;-73
;ServiceLog;Andrey;1435851546432;2G;GPRS;1;250;99;26802;49565;-1;-73
;ServiceLog;Andrey;1435851547561;2G;GPRS;1;250;99;26802;49565;-1;-73
;ServiceLog;Andrey;1435851548619;2G;GPRS;1;250;99;26802;49565;-1;-73
;ServiceLog;Andrey;1435851549664;2G;GPRS;1;250;99;26802;49565;-1;-71
;ServiceLog;Andrey;1435851550710;2G;GPRS;1;250;99;26802;49565;-1;-71
;ServiceLog;Andrey;1435851551762;2G;GPRS;1;250;99;26802;49565;-1;-71
;ServiceLog;Andrey;1435851552813;2G;GPRS;1;250;99;26802;49565;-1;-67
;ServiceLog;Andrey;1435851553860;2G;GPRS;1;250;99;26802;49565;-1;-65
;ServiceLog;Andrey;1435851554964;2G;GPRS;1;250;99;26802;49565;-1;-65
;ServiceLog;Andrey;1435851555983;2G;GPRS;1;250;99;26802;49565;-1;-65
;ServiceLog;Andrey;1435851557031;2G;GPRS;1;250;99;26802;49565;-1;-63
;ServiceLog;Andrey;1435851558124;2G;GPRS;1;250;99;26802;49565;-1;-63
;ServiceLog;Andrey;1435851559180;2G;GPRS;1;250;99;26802;49565;-1;-63
;ServiceLog;Andrey;1435851560253;2G;GPRS;1;250;99;26802;49565;-1;-63
;ServiceLog;Andrey;1435851561289;2G;GPRS;1;250;99;26802;49565;-1;-63
;ServiceLog;Andrey;1435851562321;2G;GPRS;1;250;99;26802;49565;-1;-63
;ServiceLog;Andrey;1435851563356;2G;GPRS;1;250;99;26802;49565;-1;-63
;ServiceLog;Andrey;1435851564384;2G;GPRS;1;250;99;26802;49565;-1;-63
;ServiceLog;Andrey;1435851565424;2G;GPRS;1;250;99;26802;49565;-1;-67
;ServiceLog;Andrey;1435851566497;2G;GPRS;1;250;99;26802;49565;-1;-67
;ServiceLog;Andrey;1435851567555;2G;GPRS;1;250;99;26802;49565;-1;-69
;ServiceLog;Andrey;1435851568574;2G;GPRS;1;250;99;26802;49565;-1;-69
;ServiceLog;Andrey;1435851569619;2G;GPRS;1;250;99;26802;49565;-1;-69
;ServiceLog;Andrey;1435851570692;2G;GPRS;1;250;99;26802;49565;-1;-71
;ServiceLog;Andrey;1435851571747;2G;GPRS;1;250;99;26802;49565;-1;-71
;ServiceLog;Andrey;1435851572778;2G;GPRS;1;250;99;26802;49565;-1;-71
;ServiceLog;Andrey;1435851573838;2G;GPRS;1;250;99;26802;49565;-1;-71
;ServiceLog;Andrey;1435851574886;2G;GPRS;1;250;99;26802;49565;-1;-73
;ServiceLog;Andrey;1435851575950;2G;GPRS;1;250;99;26802;49565;-1;-73
;ServiceLog;Andrey;1435851576986;2G;GPRS;1;250;99;26802;49565;-1;-73
;ServiceLog;Andrey;1435851578053;2G;GPRS;1;250;99;26802;49565;-1;-73
;ServiceLog;Andrey;1435851579118;2G;GPRS;1;250;99;26802;49565;-1;-73
;ServiceLog;Andrey;1435851580258;2G;GPRS;1;250;99;26802;49565;-1;-75
;ServiceLog;Andrey;1435851581273;2G;GPRS;1;250;99;26802;49565;-1;-75
;ServiceLog;Andrey;1435851582279;2G;GPRS;1;250;99;26802;49565;-1;-77
;ServiceLog;Andrey;1435851583296;2G;GPRS;1;250;99;26802;49565;-1;-79
;ServiceLog;Andrey;1435851584302;2G;GPRS;1;250;99;26802;49565;-1;-79
;ServiceLog;Andrey;1435851585315;2G;GPRS;1;250;99;26802;49565;-1;-81
;ServiceLog;Andrey;1435851586330;2G;GPRS;1;250;99;26802;49565;-1;-81
;ServiceLog;Andrey;1435851587337;2G;GPRS;1;250;99;26802;49565;-1;-85
;ServiceLog;Andrey;1435851588346;2G;GPRS;1;250;99;26802;49565;-1;-85
;ServiceLog;Andrey;1435851589355;2G;GPRS;1;250;99;26802;49565;-1;-87
;ServiceLog;Andrey;1435851590365;2G;GPRS;1;250;99;26802;49565;-1;-87
;ServiceLog;Andrey;1435851591379;2G;GPRS;1;250;99;26802;49565;-1;-87
;ServiceLog;Andrey;1435851592477;2G;GPRS;1;250;99;26802;49565;-1;-89
;ServiceLog;Andrey;1435851593531;2G;GPRS;1;250;99;26802;49565;-1;-91
;ServiceLog;Andrey;1435851594541;2G;GPRS;1;250;99;26802;49565;-1;-93
;ServiceLog;Andrey;1435851595566;2G;GPRS;1;250;99;26802;49565;-1;-93
;ServiceLog;Andrey;1435851596682;2G;GPRS;1;250;99;26802;49565;-1;-93
;ServiceLog;Andrey;1435851597778;2G;GPRS;1;250;99;26802;49565;-1;-95
;ServiceLog;Andrey;1435851598822;2G;GPRS;1;250;99;26802;49565;-1;-95
;ServiceLog;Andrey;1435851599868;2G;GPRS;1;250;99;26802;49565;-1;-95
;ServiceLog;Andrey;1435851601052;2G;GPRS;1;250;99;26802;49565;-1;-95
;ServiceLog;Andrey;1435851602118;2G;GPRS;1;250;99;26802;49565;-1;-97
;ServiceLog;Andrey;1435851603179;2G;GPRS;1;250;99;26802;49565;-1;-97
;ServiceLog;Andrey;1435851604201;2G;GPRS;1;250;99;26802;49565;-1;-101
;ServiceLog;Andrey;1435851605237;2G;GPRS;1;250;99;26802;49565;-1;-101
;ServiceLog;Andrey;1435851606346;2G;GPRS;1;250;99;26802;49565;-1;-101
;ServiceLog;Andrey;1435851607370;2G;GPRS;1;250;99;26802;49565;-1;-105
;ServiceLog;Andrey;1435851608401;2G;GPRS;1;250;99;26802;49577;-1;-105
;ServiceLog;Andrey;1435851609484;2G;GPRS;1;250;99;26802;49577;-1;-105
;ServiceLog;Andrey;1435851610554;2G;GPRS;1;250;99;26802;49577;-1;-103
;ServiceLog;Andrey;1435851611681;2G;GPRS;1;250;99;26802;49577;-1;-99
;ServiceLog;Andrey;1435851612718;2G;GPRS;1;250;99;26802;49577;-1;-99
;ServiceLog;Andrey;1435851613750;2G;GPRS;1;250;99;26802;49577;-1;-99
;ServiceLog;Andrey;1435851614782;2G;EDGE;1;250;2;7736;1020;-1;-99
;ServiceLog;Andrey;1435851615855;2G;EDGE;1;250;2;7736;1020;-1;-99
;ServiceLog;Andrey;1435851616958;2G;EDGE;1;250;2;7736;1020;-1;-99
;ServiceLog;Andrey;1435851618105;2G;EDGE;1;250;2;7736;1020;-1;-99
;ServiceLog;Andrey;1435851619171;2G;EDGE;1;250;2;7736;1020;-1;-99
;ServiceLog;Andrey;1435851620196;2G;EDGE;1;250;2;7736;1020;-1;-97
;ServiceLog;Andrey;1435851621209;2G;EDGE;1;250;2;7736;1020;-1;-97
;ServiceLog;Andrey;1435851622244;2G;EDGE;1;250;2;7736;1020;-1;-97
;ServiceLog;Andrey;1435851623295;2G;EDGE;1;250;2;7736;1020;-1;-99
;ServiceLog;Andrey;1435851624350;2G;EDGE;1;250;2;7736;1020;-1;-101
;ServiceLog;Andrey;1435851625438;2G;EDGE;1;250;2;7736;1020;-1;-103
;ServiceLog;Andrey;1435851626458;2G;EDGE;1;250;2;7736;1020;-1;-103
;ServiceLog;Andrey;1435851627475;2G;EDGE;1;250;2;7736;1020;-1;-103
;ServiceLog;Andrey;1435851628483;2G;EDGE;1;250;2;7736;1020;-1;-103
;ServiceLog;Andrey;1435851629495;2G;EDGE;1;250;2;7736;1020;-1;-101
;ServiceLog;Andrey;1435851630510;2G;EDGE;1;250;2;7736;1020;-1;-101
;ServiceLog;Andrey;1435851631570;2G;EDGE;1;250;2;7736;1020;-1;-97
;ServiceLog;Andrey;1435851632593;2G;EDGE;1;250;2;7736;1020;-1;-97
;ServiceLog;Andrey;1435851633608;2G;EDGE;1;250;2;7736;1020;-1;-95
;ServiceLog;Andrey;1435851634633;2G;EDGE;1;250;2;7736;1020;-1;-95
;ServiceLog;Andrey;1435851635655;2G;EDGE;1;250;2;7736;1020;-1;-95
;ServiceLog;Andrey;1435851636696;2G;EDGE;1;250;2;7736;1020;-1;-95
;ServiceLog;Andrey;1435851637725;2G;EDGE;1;250;2;7736;1020;-1;-95
;ServiceLog;Andrey;1435851638741;2G;EDGE;1;250;2;7736;1020;-1;-95
;ServiceLog;Andrey;1435851639785;2G;EDGE;1;250;2;7736;1020;-1;-95
;ServiceLog;Andrey;1435851640883;2G;EDGE;1;250;2;7736;1020;-1;-99
;ServiceLog;Andrey;1435851641917;2G;EDGE;1;250;2;7736;1020;-1;-99
;ServiceLog;Andrey;1435851642954;2G;EDGE;1;250;2;7736;1020;-1;-99
;ServiceLog;Andrey;1435851644086;2G;EDGE;1;250;2;7736;1020;-1;-99
;ServiceLog;Andrey;1435851645148;2G;EDGE;1;250;2;7736;1020;-1;-97
;ServiceLog;Andrey;1435851646205;2G;EDGE;1;250;2;7736;1020;-1;-97
;ServiceLog;Andrey;1435851647239;2G;EDGE;1;250;2;7736;1020;-1;-95
;ServiceLog;Andrey;1435851648275;2G;EDGE;1;250;2;7736;1020;-1;-91
;ServiceLog;Andrey;1435851649312;2G;EDGE;1;250;2;7736;1020;-1;-85
;ServiceLog;Andrey;1435851650362;2G;EDGE;1;250;2;7736;1020;-1;-79
;ServiceLog;Andrey;1435851651424;2G;EDGE;1;250;2;7736;1020;-1;-71
;ServiceLog;Andrey;1435851652479;2G;EDGE;1;250;2;7736;1020;-1;-63
;ServiceLog;Andrey;1435851653602;2G;EDGE;1;250;2;7736;1020;-1;-57
;ServiceLog;Andrey;1435851654651;2G;EDGE;1;250;2;7736;1020;-1;-55
;ServiceLog;Andrey;1435851655711;2G;EDGE;1;250;2;7736;1020;-1;-55
;ServiceLog;Andrey;1435851656778;2G;EDGE;1;250;2;7736;1020;-1;-55
;ServiceLog;Andrey;1435851657819;2G;EDGE;1;250;2;7736;1020;-1;-55
;ServiceLog;Andrey;1435851658870;2G;EDGE;1;250;2;7736;1020;-1;-55
;ServiceLog;Andrey;1435851659911;2G;EDGE;1;250;2;7736;1020;-1;-55
;ServiceLog;Andrey;1435851660930;2G;EDGE;1;250;2;7736;1020;-1;-57
;ServiceLog;Andrey;1435851661977;2G;EDGE;1;250;2;7736;1020;-1;-57
;ServiceLog;Andrey;1435851663086;2G;EDGE;1;250;2;7736;1020;-1;-57
;ServiceLog;Andrey;1435851664133;2G;EDGE;1;250;2;7736;1020;-1;-57
;ServiceLog;Andrey;1435851665187;2G;EDGE;1;250;2;7736;1020;-1;-57
;ServiceLog;Andrey;1435851666255;2G;EDGE;1;250;2;7736;1020;-1;-57
;ServiceLog;Andrey;1435851667318;2G;EDGE;1;250;2;7736;1020;-1;-57
;ServiceLog;Andrey;1435851668351;2G;EDGE;1;250;2;7736;1020;-1;-57
;ServiceLog;Andrey;1435851669403;2G;EDGE;1;250;2;7736;1020;-1;-57
;ServiceLog;Andrey;1435851670431;2G;EDGE;1;250;2;7736;1020;-1;-57
;ServiceLog;Andrey;1435851671504;2G;EDGE;1;250;2;7736;1020;-1;-57
;ServiceLog;Andrey;1435851672587;2G;EDGE;1;250;2;7736;1020;-1;-57
;ServiceLog;Andrey;1435851673684;2G;EDGE;1;250;2;7736;1020;-1;-57
;ServiceLog;Andrey;1435851674742;2G;EDGE;1;250;2;7736;1020;-1;-59
;ServiceLog;Andrey;1435851675789;2G;EDGE;1;250;2;7736;1020;-1;-59
;ServiceLog;Andrey;1435851676891;2G;EDGE;1;250;2;7736;1020;-1;-59
;ServiceLog;Andrey;1435851677951;2G;EDGE;1;250;2;7736;1020;-1;-59
