ID;Name;User;TimeStamp;NetworkGen;NetworkType;Active;MCC;MNC;LAC;CID;PSC;Power
333;Горьковская 3;Stanislav;1419503930817;3G;HSPA;1;250;1;100;65569727;503;-81
333;Горьковская 3;Stanislav;1419503930817;3G;HSPA;250-1-100-65569727;-1;-1;-1;-1;503;-79
334;Горьковская 4;Stanislav;1419503942337;3G;HSPA;1;250;1;100;65569727;503;-67
334;Горьковская 4;Stanislav;1419503942337;3G;HSPA;250-1-100-65569727;-1;-1;-1;-1;503;-63
321;Невский проспект 1;Stanislav;1419504096424;3G;HSPA;1;250;1;100;65569708;507;-63
321;Невский проспект 1;Stanislav;1419504096424;3G;HSPA;250-1-100-65569708;-1;-1;-1;-1;507;-73
322;Невский проспект 2;Stanislav;1419504111730;3G;HSPA;1;250;1;100;65569708;507;-89
322;Невский проспект 2;Stanislav;1419504111730;3G;HSPA;250-1-100-65569708;-1;-1;-1;-1;507;-95
323;Невский проспект 3;Stanislav;1419504144468;3G;HSPA;1;250;1;100;65569702;507;-91
323;Невский проспект 3;Stanislav;1419504144468;3G;HSPA;250-1-100-65569702;-1;-1;-1;-1;507;-89
324;Невский проспект 4;Stanislav;1419504155830;3G;HSPA;1;250;1;100;65569702;507;-81
324;Невский проспект 4;Stanislav;1419504155830;3G;HSPA;250-1-100-65569702;-1;-1;-1;-1;507;-87
324;Невский проспект 4;Stanislav;1419504155830;3G;HSPA;250-1-100-65569702;-1;-1;-1;-1;507;-85
311;Сенная площадь 1;Stanislav;1419504222545;unknown;unknown;1;250;2;7803;8322241;42;-59
312;Сенная площадь 2;Stanislav;1419504241320;3G;HSPA;1;250;1;100;65539908;503;-105
312;Сенная площадь 2;Stanislav;1419504241320;3G;HSPA;250-1-100-65539908;-1;-1;-1;-1;503;-111
313;Сенная площадь 3;Stanislav;1419504272675;3G;HSPA;1;250;1;100;65569908;503;-103
313;Сенная площадь 3;Stanislav;1419504272675;3G;HSPA;250-1-100-65569908;-1;-1;-1;-1;503;-101
314;Сенная площадь 4;Stanislav;1419504286682;3G;HSPA;1;250;1;100;65569908;503;-79
314;Сенная площадь 4;Stanislav;1419504286682;3G;HSPA;250-1-100-65569908;-1;-1;-1;-1;503;-85
91;Технологический институт 1 1;Stanislav;1419504390980;unknown;unknown;1;250;2;7803;8302310;389;-79
92;Технологический институт 1 2;Stanislav;1419504405386;unknown;unknown;1;250;2;7803;8291410;392;-69
92;Технологический институт 1 2;Stanislav;1419504405386;unknown;unknown;250-2-7803-8291410;-1;-1;-1;-1;392;-57
92;Технологический институт 1 2;Stanislav;1419504405386;unknown;unknown;250-2-7803-8291410;-1;-1;-1;-1;389;-85
93;Технологический институт 1 3;Stanislav;1419504443385;3G;HSPA;1;250;1;100;65539617;498;-69
93;Технологический институт 1 3;Stanislav;1419504443385;3G;HSPA;250-1-100-65539617;-1;-1;-1;-1;498;-81
94;Технологический институт 1 4;Stanislav;1419504455309;3G;HSPA;1;250;1;100;65569617;498;-81
94;Технологический институт 1 4;Stanislav;1419504455309;3G;HSPA;250-1-100-65569617;-1;-1;-1;-1;498;-81
291;Фрунзенская 1;Stanislav;1419504530545;unknown;unknown;1;250;2;7803;8321910;53;-81
292;Фрунзенская 2;Stanislav;1419504542395;unknown;unknown;1;250;2;7803;8321910;53;-81
293;Фрунзенская 3;Stanislav;1419504568602;2G;EDGE;1;250;1;100;4081;-1;-71
294;Фрунзенская 4;Stanislav;1419504579740;2G;EDGE;1;250;1;100;4081;-1;-71
281;Московские ворота 1;Stanislav;1419504663850;3G;HSPA;1;250;1;100;65540097;505;-87
282;Московские ворота 2;Stanislav;1419504677853;3G;HSPA;1;250;1;100;65540097;505;-87
283;Московские ворота 3;Stanislav;1419504704663;3G;HSPA;1;250;1;100;65540097;505;-85
283;Московские ворота 3;Stanislav;1419504704663;3G;HSPA;250-1-100-65540097;-1;-1;-1;-1;505;-85
284;Московские ворота 4;Stanislav;1419504716276;3G;HSPA;1;250;1;100;65540097;505;-89
284;Московские ворота 4;Stanislav;1419504716276;3G;HSPA;250-1-100-65540097;-1;-1;-1;-1;505;-89
271;Электросила 1;Stanislav;1419504817645;3G;HSPA;1;250;1;100;65540107;502;-69
271;Электросила 1;Stanislav;1419504817645;3G;HSPA;250-1-100-65540107;-1;-1;-1;-1;502;-75
272;Электросила 2;Stanislav;1419504831748;3G;HSPA;1;250;1;100;65570107;502;-73
272;Электросила 2;Stanislav;1419504831748;3G;HSPA;250-1-100-65570107;-1;-1;-1;-1;502;-69
273;Электросила 3;Stanislav;1419504854814;3G;HSPA;1;250;1;100;65570107;502;-69
273;Электросила 3;Stanislav;1419504854814;3G;HSPA;250-1-100-65570107;-1;-1;-1;-1;502;-69
274;Электросила 4;Stanislav;1419504872560;3G;HSPA;1;250;1;100;65570107;502;-71
274;Электросила 4;Stanislav;1419504872560;3G;HSPA;250-1-100-65570107;-1;-1;-1;-1;502;-73
261;Парк Победы 1;Stanislav;1419504961269;unknown;unknown;1;250;2;7803;8317844;30;-69
262;Парк Победы 2;Stanislav;1419504975520;3G;HSPA;1;250;1;100;65540117;503;-81
263;Парк Победы 3;Stanislav;1419505016378;3G;HSPA;1;250;1;100;65540117;503;-73
263;Парк Победы 3;Stanislav;1419505016378;3G;HSPA;250-1-100-65540117;-1;-1;-1;-1;503;-71
264;Парк Победы 4;Stanislav;1419505027418;3G;HSPA;1;250;1;100;65540117;503;-73
264;Парк Победы 4;Stanislav;1419505027418;3G;HSPA;250-1-100-65540117;-1;-1;-1;-1;503;-83
251;Московская 1;Stanislav;1419505136555;unknown;unknown;1;250;2;7803;8317840;21;-71
252;Московская 2;Stanislav;1419505152735;3G;HSPA;1;250;1;100;65570127;511;-111
253;Московская 3;Stanislav;1419505193027;3G;HSPA;1;250;1;100;65540127;511;-113
253;Московская 3;Stanislav;1419505193027;3G;HSPA;250-1-100-65540127;-1;-1;-1;-1;511;-113
253;Московская 3;Stanislav;1419505193027;3G;HSPA;250-1-100-65540127;2147483647;2147483647;2147483647;2147483647;-1;-97
253;Московская 3;Stanislav;1419505193027;3G;HSPA;250-1-100-65540127;2147483647;2147483647;2147483647;2147483647;-1;-113
253;Московская 3;Stanislav;1419505193027;3G;HSPA;250-1-100-65540127;2147483647;2147483647;2147483647;2147483647;-1;-113
254;Московская 4;Stanislav;1419505204103;3G;HSPA;1;250;1;100;65540127;511;-111
254;Московская 4;Stanislav;1419505204103;3G;HSPA;250-1-100-65540127;-1;-1;-1;-1;511;-113
254;Московская 4;Stanislav;1419505204103;3G;HSPA;250-1-100-65540127;2147483647;2147483647;2147483647;2147483647;-1;-97
254;Московская 4;Stanislav;1419505204103;3G;HSPA;250-1-100-65540127;2147483647;2147483647;2147483647;2147483647;-1;-113
254;Московская 4;Stanislav;1419505204103;3G;HSPA;250-1-100-65540127;2147483647;2147483647;2147483647;2147483647;-1;-113
241;Звёздная 1;Stanislav;1419505368658;unknown;unknown;1;250;2;7803;8317837;4;-69
242;Звёздная 2;Stanislav;1419505382907;unknown;unknown;1;250;2;7803;8317837;4;-69
243;Звёздная 3;Stanislav;1419505419800;2G;EDGE;1;250;1;100;3791;-1;-71
244;Звёздная 4;Stanislav;1419505431189;2G;EDGE;1;250;1;100;3791;-1;-75
231;Купчино 1;Stanislav;1419505536528;3G;HSPA;1;250;1;218;67589585;347;-109
231;Купчино 1;Stanislav;1419505536528;3G;HSPA;250-1-218-67589585;-1;-1;-1;-1;130;-101
232;Купчино 2;Stanislav;1419505552961;3G;HSPA;1;250;1;218;67579103;462;-83
232;Купчино 2;Stanislav;1419505552961;3G;HSPA;250-1-218-67579103;-1;-1;-1;-1;44;-87
232;Купчино 2;Stanislav;1419505552961;3G;HSPA;250-1-218-67579103;-1;-1;-1;-1;478;-95
232;Купчино 2;Stanislav;1419505552961;3G;HSPA;250-1-218-67579103;-1;-1;-1;-1;96;-97
232;Купчино 2;Stanislav;1419505552961;3G;HSPA;250-1-218-67579103;-1;-1;-1;-1;462;-93
