ID;Name;User;TimeStamp;NetworkGen;NetworkType;Active;MCC;MNC;LAC;CID;PSC;Power
653;Молодежная 3;md;1418197818410;2G;EDGE;1;250;1;660;41852;-1;-83
654;Молодежная 4;md;1418197832603;2G;EDGE;1;250;1;660;41852;-1;-81
2101;Кунцевская (АПК) 1;md;1418197955911;2G;EDGE;1;250;1;821;42604;-1;-85
2101;Кунцевская (АПК) 1;md;1418197955911;2G;EDGE;250-1-821-42604;250;1;821;42601;-1;-63
2101;Кунцевская (АПК) 1;md;1418197955911;2G;EDGE;250-1-821-42604;250;1;0;42603;-1;0
2102;Кунцевская (АПК) 2;md;1418197976470;3G;UMTS;1;250;1;821;513420;-1;-83
2103;Кунцевская (АПК) 3;md;1418197999085;3G;UMTS;1;250;1;821;513420;-1;-89
2104;Кунцевская (АПК) 4;md;1418198013908;3G;UMTS;1;250;1;821;491219;-1;-81
2161;Славянский бульвар 1;md;1418198099299;unknown;unknown;1;-1;-1;-1;-1;-1;-1
2162;Славянский бульвар 2;md;1418198115653;unknown;unknown;1;-1;-1;-1;-1;-1;-1
1653;Парк Победы (АПК) 3;md;1418198357960;2G;EDGE;1;250;1;660;452;-1;-81
1654;Парк Победы (АПК) 4;md;1418198371339;2G;EDGE;1;250;1;660;452;-1;-77
421;Киевская (АПК) 1;md;1418198542933;unknown;unknown;1;-1;-1;-1;-1;-1;-1
422;Киевская (АПК) 2;md;1418198557511;unknown;unknown;1;-1;-1;-1;-1;-1;-1
773;Киевская (КЛЦ) 3;md;1418198787448;3G;UMTS;1;250;1;660;6926932;-1;0
774;Киевская (КЛЦ) 4;md;1418198798557;3G;UMTS;1;250;1;660;6892889;-1;-83
761;Парк культуры (КЛЦ) 1;md;1418198923737;2G;EDGE;1;250;1;660;11022;-1;-71
761;Парк культуры (КЛЦ) 1;md;1418198923737;2G;EDGE;250-1-660-11022;250;1;660;11023;-1;-99
762;Парк культуры (КЛЦ) 2;md;1418198938442;3G;UMTS;1;250;1;660;6892888;-1;-75
763;Парк культуры (КЛЦ) 3;md;1418198965017;3G;UMTS;1;250;1;660;6892888;-1;-89
764;Парк культуры (КЛЦ) 4;md;1418198975498;3G;UMTS;1;250;1;660;6892888;-1;-79
751;Октябрьская (КЛЦ) 1;md;1418199050704;3G;UMTS;1;250;1;660;6892887;-1;-81
752;Октябрьская (КЛЦ) 2;md;1418199065851;3G;UMTS;1;250;1;660;6892887;-1;-83
983;Октябрьская (КРЛ) 3;md;1418199365883;2G;EDGE;1;250;1;770;43241;-1;-73
984;Октябрьская (КРЛ) 4;md;1418199373250;2G;EDGE;1;250;1;770;43241;-1;-79
991;Шаболовская 1;md;1418199448740;unknown;unknown;1;-1;-1;-1;-1;-1;-1
992;Шаболовская 2;md;1418199464035;2G;EDGE;1;250;1;770;543;-1;-81
993;Шаболовская 3;md;1418199487610;2G;EDGE;1;250;1;770;543;-1;-77
994;Шаболовская 4;md;1418199497655;2G;EDGE;1;250;1;770;543;-1;-67
1001;Ленинский проспект 1;md;1418199615532;unknown;unknown;1;-1;-1;-1;-1;-1;-1
1002;Ленинский проспект 2;md;1418199630627;unknown;unknown;1;-1;-1;-1;-1;-1;-1
1003;Ленинский проспект 3;md;1418199652658;unknown;unknown;1;-1;-1;-1;-1;-1;-1
1004;Ленинский проспект 4;md;1418199664780;2G;EDGE;1;250;1;770;543;-1;-89
1011;Академическая 1;md;1418199781188;unknown;unknown;1;-1;-1;-1;-1;-1;-1
1012;Академическая 2;md;1418199796351;unknown;unknown;1;-1;-1;-1;-1;-1;-1
