ID;Name;User;TimeStamp;NetworkGen;NetworkType;Active;MCC;MNC;LAC;CID;PSC;Power
633;Улица Дыбенко 3;Stanislav;1435679552348;3G;HSPA;1;250;1;100;65570007;-1;-85
633;Улица Дыбенко 3;Stanislav;1435679552348;3G;HSPA;250-1-100-65570007;-1;-1;-1;-1;-1;-71
634;Улица Дыбенко 4;Stanislav;1435679563474;3G;HSPA;1;250;1;100;65570007;-1;-71
634;Улица Дыбенко 4;Stanislav;1435679563474;3G;HSPA;250-1-100-65570007;-1;-1;-1;-1;-1;-65
641;Проспект Большевиков 1;Stanislav;1435679655069;3G;HSPA;1;250;1;100;65539997;503;-91
641;Проспект Большевиков 1;Stanislav;1435679655069;3G;HSPA;250-1-100-65539997;-1;-1;-1;-1;503;-91
642;Проспект Большевиков 2;Stanislav;1435679669879;3G;HSPA;1;250;1;100;65539997;503;-89
642;Проспект Большевиков 2;Stanislav;1435679669879;3G;HSPA;250-1-100-65539997;-1;-1;-1;-1;503;-87
643;Проспект Большевиков 3;Stanislav;1435679696497;3G;HSPA;1;250;1;100;65539997;503;-77
643;Проспект Большевиков 3;Stanislav;1435679696497;3G;HSPA;250-1-100-65539997;-1;-1;-1;-1;503;-83
644;Проспект Большевиков 4;Stanislav;1435679708054;3G;HSPA;1;250;1;100;65539997;503;-79
644;Проспект Большевиков 4;Stanislav;1435679708054;3G;HSPA;250-1-100-65539997;-1;-1;-1;-1;503;-77
651;Ладожская 1;Stanislav;1435679798986;2G;EDGE;1;250;1;100;3981;-1;-51
652;Ладожская 2;Stanislav;1435679819084;3G;HSPA;1;250;1;100;65539987;439;-73
653;Ладожская 3;Stanislav;1435679841600;3G;HSPA;1;250;1;100;65539987;439;-71
653;Ладожская 3;Stanislav;1435679841600;3G;HSPA;250-1-100-65539987;-1;-1;-1;-1;439;-75
654;Ладожская 4;Stanislav;1435679851664;3G;HSPA;1;250;1;100;65539987;439;-73
654;Ладожская 4;Stanislav;1435679851664;3G;HSPA;250-1-100-65539987;-1;-1;-1;-1;439;-79
661;Новочеркасская 1;Stanislav;1435679949930;2G;EDGE;1;250;1;100;3971;-1;-79
661;Новочеркасская 1;Stanislav;1435679949930;2G;EDGE;250-1-100-3971;250;2;7803;1583;-1;-93
662;Новочеркасская 2;Stanislav;1435679970333;3G;HSPA;1;250;1;100;65539977;508;-79
663;Новочеркасская 3;Stanislav;1435679998555;3G;HSPA;1;250;1;100;65569977;508;-73
663;Новочеркасская 3;Stanislav;1435679998555;3G;HSPA;250-1-100-65569977;-1;-1;-1;-1;508;-77
664;Новочеркасская 4;Stanislav;1435680008141;3G;HSPA;1;250;1;100;65569977;508;-65
664;Новочеркасская 4;Stanislav;1435680008141;3G;HSPA;250-1-100-65569977;-1;-1;-1;-1;508;-67
671;Площадь Александра Невского (ор) 1;Stanislav;1435680152368;unknown;unknown;1;250;2;7803;8312385;229;-79
671;Площадь Александра Невского (ор) 1;Stanislav;1435680152368;unknown;unknown;250-2-7803-8312385;-1;-1;-1;-1;408;-89
671;Площадь Александра Невского (ор) 1;Stanislav;1435680152368;unknown;unknown;250-2-7803-8312385;-1;-1;-1;-1;229;-89
671;Площадь Александра Невского (ор) 1;Stanislav;1435680152368;unknown;unknown;250-2-7803-8312385;-1;-1;-1;-1;-1;-55
671;Площадь Александра Невского (ор) 1;Stanislav;1435680152368;unknown;unknown;250-2-7803-8312385;-1;-1;-1;-1;-1;-67
671;Площадь Александра Невского (ор) 1;Stanislav;1435680152368;unknown;unknown;250-2-7803-8312385;-1;-1;-1;-1;-1;-109
671;Площадь Александра Невского (ор) 1;Stanislav;1435680152368;unknown;unknown;250-2-7803-8312385;-1;-1;-1;-1;-1;-113
671;Площадь Александра Невского (ор) 1;Stanislav;1435680152368;unknown;unknown;250-2-7803-8312385;-1;-1;-1;-1;-1;-113
671;Площадь Александра Невского (ор) 1;Stanislav;1435680152368;unknown;unknown;250-2-7803-8312385;-1;-1;-1;-1;-1;-113
672;Площадь Александра Невского (ор) 2;Stanislav;1435680172615;3G;HSPA;1;250;1;100;65539827;501;-91
673;Площадь Александра Невского (ор) 3;Stanislav;1435680199705;3G;HSPA;1;250;1;100;65539827;501;-89
673;Площадь Александра Невского (ор) 3;Stanislav;1435680199705;3G;HSPA;250-1-100-65539827;-1;-1;-1;-1;501;-95
674;Площадь Александра Невского (ор) 4;Stanislav;1435680209766;3G;HSPA;1;250;1;100;65569827;501;-87
674;Площадь Александра Невского (ор) 4;Stanislav;1435680209766;3G;HSPA;250-1-100-65569827;-1;-1;-1;-1;501;-85
681;Лиговский проспект 1;Stanislav;1435680302095;unknown;unknown;1;250;2;7803;18973;-1;-79
681;Лиговский проспект 1;Stanislav;1435680302095;unknown;unknown;250-2-7803-18973;250;2;7803;14058;-1;-93
682;Лиговский проспект 2;Stanislav;1435680322860;3G;HSPA;1;250;1;100;65539927;503;-87
683;Лиговский проспект 3;Stanislav;1435680406580;3G;HSPA;1;250;1;100;65539927;503;-85
683;Лиговский проспект 3;Stanislav;1435680406580;3G;HSPA;250-1-100-65539927;-1;-1;-1;-1;503;-87
684;Лиговский проспект 4;Stanislav;1435680417902;3G;HSPA;1;250;1;100;65539927;503;-81
684;Лиговский проспект 4;Stanislav;1435680417902;3G;HSPA;250-1-100-65539927;-1;-1;-1;-1;503;-79
691;Достоевская 1;Stanislav;1435680474789;3G;HSPA;1;250;1;100;65539917;502;-105
692;Достоевская 2;Stanislav;1435680492064;3G;HSPA;1;250;1;100;65539917;502;-85
692;Достоевская 2;Stanislav;1435680492064;3G;HSPA;250-1-100-65539917;-1;-1;-1;-1;502;-85
693;Достоевская 3;Stanislav;1435680513311;3G;HSPA;1;250;1;100;65539917;502;-87
693;Достоевская 3;Stanislav;1435680513311;3G;HSPA;250-1-100-65539917;-1;-1;-1;-1;502;-77
694;Достоевская 4;Stanislav;1435680524664;3G;HSPA;1;250;1;100;65539917;502;-75
694;Достоевская 4;Stanislav;1435680524664;3G;HSPA;250-1-100-65539917;-1;-1;-1;-1;502;-69
701;Спасская 1;Stanislav;1435680649540;2G;EDGE;1;250;1;100;4171;-1;-51
701;Спасская 1;Stanislav;1435680649540;2G;EDGE;250-1-100-4171;250;2;7803;14669;-1;-93
702;Спасская 2;Stanislav;1435680671277;3G;HSPA;1;250;1;100;65540177;505;-83
