ID;Name;User;TimeStamp;Type;Accel_X;Accel_Y;Accel_Z;Azimuth;Pitch;Roll;Magnetic_X;Magnetic_Y;Magnetic_Z;Gyro_X;Gyro_Y;Gyro_Z;GPS_Lat;GPS_Lon;GPS_Alt;GPS_Accuracy;GPS_Speed;GPS_Bearing
633;Улица Дыбенко 3;Stanislav;1435679552348;Raw;-2.0397832;5.6878567;8.943665;146.125;-32.890625;-13.953125;-24.5625;7.5625;51.375;NaN;NaN;NaN;NaN;NaN;NaN;NaN;NaN;NaN
634;Улица Дыбенко 4;Stanislav;1435679563474;Raw;6.0408964;0.98066497;8.159133;179.57813;-3.140625;38.5;91.5625;-48.0625;117.8125;NaN;NaN;NaN;NaN;NaN;NaN;NaN;NaN;NaN
641;Проспект Большевиков 1;Stanislav;1435679655069;Raw;-1.0591182;1.6082906;10.002783;188.65625;-9.609375;-6.703125;11.25;-40.25;-10.375;NaN;NaN;NaN;NaN;NaN;NaN;NaN;NaN;NaN
642;Проспект Большевиков 2;Stanislav;1435679669879;Raw;-0.8629852;1.0591182;10.159689;39.421875;-5.890625;-4.8125;-17.5625;22.5;-24.5;NaN;NaN;NaN;NaN;NaN;NaN;NaN;NaN;NaN
643;Проспект Большевиков 3;Stanislav;1435679696497;Raw;0.3138128;5.4524975;8.982891;70.859375;-31.234375;1.703125;-33.5;40.0625;52.875;NaN;NaN;NaN;NaN;NaN;NaN;NaN;NaN;NaN
644;Проспект Большевиков 4;Stanislav;1435679708054;Raw;1.7259704;5.570177;8.1983595;119.484375;-33.578125;9.84375;-39.75;45.125;118.625;NaN;NaN;NaN;NaN;NaN;NaN;NaN;NaN;NaN
651;Ладожская 1;Stanislav;1435679798986;Raw;2.5497289;4.4326057;9.296704;262.4375;-22.578125;13.4375;46.0625;-17.3125;-15.8125;NaN;NaN;NaN;NaN;NaN;NaN;NaN;NaN;NaN
652;Ладожская 2;Stanislav;1435679819084;Raw;0.78453195;4.0795665;9.649743;289.09375;-22.84375;4.234375;44.6875;-2.0;-60.25;NaN;NaN;NaN;NaN;NaN;NaN;NaN;NaN;NaN
653;Ладожская 3;Stanislav;1435679841600;Raw;1.7651969;3.1381278;10.002783;90.6875;-14.359375;8.390625;3.5625;17.5;59.5625;NaN;NaN;NaN;NaN;NaN;NaN;NaN;NaN;NaN
654;Ладожская 4;Stanislav;1435679851664;Raw;2.0790098;3.4519408;8.708305;4.953125;-16.53125;8.90625;-0.1875;34.5625;-3.8125;NaN;NaN;NaN;NaN;NaN;NaN;NaN;NaN;NaN
661;Новочеркасская 1;Stanislav;1435679949930;Raw;3.2558076;3.0596747;10.120462;176.3125;-14.484375;16.71875;4.4375;-14.6875;19.5625;NaN;NaN;NaN;NaN;NaN;NaN;NaN;NaN;NaN
662;Новочеркасская 2;Stanislav;1435679970333;Raw;4.4326057;1.7651969;8.943665;10.015625;-4.203125;23.140625;3.75;24.0625;16.125;NaN;NaN;NaN;NaN;NaN;NaN;NaN;NaN;NaN
663;Новочеркасская 3;Stanislav;1435679998555;Raw;2.8635418;1.6082906;9.845877;2.125;-9.15625;15.140625;2.25;43.5625;-14.625;NaN;NaN;NaN;NaN;NaN;NaN;NaN;NaN;NaN
664;Новочеркасская 4;Stanislav;1435680008141;Raw;3.7657535;2.2751427;9.061344;351.5625;-5.265625;17.328125;14.25;52.875;-2.1875;NaN;NaN;NaN;NaN;NaN;NaN;NaN;NaN;NaN
671;Площадь Александра Невского (ор) 1;Stanislav;1435680152368;Raw;6.354709;1.2552512;7.021561;322.625;-1.203125;36.53125;23.375;18.5625;16.5625;NaN;NaN;NaN;NaN;NaN;NaN;NaN;NaN;NaN
672;Площадь Александра Невского (ор) 2;Stanislav;1435680172615;Raw;6.158576;2.8635418;8.904438;298.46875;-10.328125;34.1875;18.125;17.75;-40.0625;NaN;NaN;NaN;NaN;NaN;NaN;NaN;NaN;NaN
673;Площадь Александра Невского (ор) 3;Stanislav;1435680199705;Raw;5.962443;1.2552512;8.119906;132.17188;-7.09375;35.9375;22.9375;-0.5625;39.625;NaN;NaN;NaN;NaN;NaN;NaN;NaN;NaN;NaN
674;Площадь Александра Невского (ор) 4;Stanislav;1435680209766;Raw;6.3939357;1.7651969;7.335374;151.64063;-2.578125;31.984375;59.3125;-25.0625;122.0625;NaN;NaN;NaN;NaN;NaN;NaN;NaN;NaN;NaN
681;Лиговский проспект 1;Stanislav;1435680302095;Raw;4.4326057;0.3138128;9.139797;143.51563;3.078125;21.234375;-43.8125;-35.5;-23.5;NaN;NaN;NaN;NaN;NaN;NaN;NaN;NaN;NaN
682;Лиговский проспект 2;Stanislav;1435680322860;Raw;5.4524975;1.0198916;8.982891;138.54688;-2.1875;31.265625;-35.125;-18.125;-28.875;NaN;NaN;NaN;NaN;NaN;NaN;NaN;NaN;NaN
683;Лиговский проспект 3;Stanislav;1435680406580;Raw;3.7657535;1.9221034;9.5320635;102.328125;-12.828125;22.046875;-35.3125;-4.0;10.0;NaN;NaN;NaN;NaN;NaN;NaN;NaN;NaN;NaN
684;Лиговский проспект 4;Stanislav;1435680417902;Raw;3.7657535;3.334261;9.610517;33.578125;-9.375;19.59375;-16.125;3.9375;-30.125;NaN;NaN;NaN;NaN;NaN;NaN;NaN;NaN;NaN
691;Достоевская 1;Stanislav;1435680474789;Raw;1.176798;4.001113;8.786758;154.26563;-24.25;6.921875;-22.5625;-51.375;-17.25;NaN;NaN;NaN;NaN;NaN;NaN;NaN;NaN;NaN
692;Достоевская 2;Stanislav;1435680492064;Raw;4.1580195;1.8828768;9.414384;147.96875;-10.34375;23.421875;-25.375;-29.3125;-16.875;NaN;NaN;NaN;NaN;NaN;NaN;NaN;NaN;NaN
693;Достоевская 3;Stanislav;1435680513311;Raw;2.1966896;3.0596747;9.885103;120.140625;-15.4375;13.921875;-20.5625;-8.125;60.8125;NaN;NaN;NaN;NaN;NaN;NaN;NaN;NaN;NaN
694;Достоевская 4;Stanislav;1435680524664;Raw;3.5696206;2.2751427;9.5320635;134.78125;-12.609375;20.015625;-22.0;-31.625;130.875;NaN;NaN;NaN;NaN;NaN;NaN;NaN;NaN;NaN
701;Спасская 1;Stanislav;1435680649540;Raw;4.001113;3.0204482;8.786758;113.28125;-17.328125;23.265625;-40.5;-16.0;14.6875;NaN;NaN;NaN;NaN;NaN;NaN;NaN;NaN;NaN
702;Спасская 2;Stanislav;1435680671277;Raw;3.6088471;3.0989013;8.943665;119.875;-17.796875;20.8125;-52.5;-31.5625;-12.5;NaN;NaN;NaN;NaN;NaN;NaN;NaN;NaN;NaN
