ID;Name;User;TimeStamp;NetworkGen;NetworkType;Active;MCC;MNC;LAC;CID;PSC;Power
753;Октябрьская (КЛЦ) 3;md;1424966897271;3G;UMTS;1;250;1;660;6926696;-1;-81
754;Октябрьская (КЛЦ) 4;md;1424966910111;3G;UMTS;1;250;1;660;6926696;-1;-87
761;Парк культуры (КЛЦ) 1;md;1424966971948;3G;UMTS;1;250;1;660;6926931;-1;-93
762;Парк культуры (КЛЦ) 2;md;1424966983385;3G;UMTS;1;250;1;660;6926931;-1;-89
763;Парк культуры (КЛЦ) 3;md;1424967009709;3G;UMTS;1;250;1;660;6926931;-1;-91
764;Парк культуры (КЛЦ) 4;md;1424967022723;3G;UMTS;1;250;1;660;6926931;-1;-95
771;Киевская (КЛЦ) 1;md;1424967170646;3G;UMTS;1;250;1;660;6892889;-1;-87
772;Киевская (КЛЦ) 2;md;1424967182795;3G;UMTS;1;250;1;660;6892889;-1;-89
