ID;Name;User;TimeStamp;NetworkGen;NetworkType;Active;MCC;MNC;LAC;CID;PSC;Power
253;Каширская (КХЛ) 3;Bishop;1426932560896;3G;HSDPA;1;250;2;7784;10762604;-1;-93
254;Каширская (КХЛ) 4;Bishop;1426932575711;3G;HSDPA;1;250;2;7784;10762604;-1;-87
271;Варшавская 1;Bishop;1426932696035;2G;GPRS;1;250;99;26803;49605;-1;-63
272;Варшавская 2;Bishop;1426932708978;2G;EDGE;1;250;1;770;601;-1;-85
273;Варшавская 3;Bishop;1426932726499;2G;EDGE;1;250;1;770;601;-1;-83
274;Варшавская 4;Bishop;1426932740348;2G;EDGE;1;250;1;770;601;-1;-75
261;Каховская 1;Bishop;1426932831516;2G;GPRS;1;250;99;26802;4015;-1;-59
262;Каховская 2;Bishop;1426932845611;2G;GPRS;1;250;99;26802;4015;-1;-71
1473;Севастопольская 3;Bishop;1426933018420;2G;GPRS;1;250;99;26802;4015;-1;-89
1474;Севастопольская 4;Bishop;1426933035133;2G;GPRS;1;250;99;26802;4015;-1;-85
21;Черкизовская 1;Bishop;1426933121965;2G;GPRS;1;250;99;26802;4015;-1;-79
1482;Чертановская 2;Bishop;1426933136337;2G;GPRS;1;250;99;26802;4015;-1;-105
1483;Чертановская 3;Bishop;1426933153833;2G;GPRS;1;250;99;26802;4015;-1;-109
1484;Чертановская 4;Bishop;1426933168684;3G;HSDPA;1;250;2;7717;10439691;-1;-89
1491;Южная 1;Bishop;1426933288601;2G;EDGE;1;250;1;770;41833;-1;-71
1492;Южная 2;Bishop;1426933302257;2G;EDGE;1;250;1;770;41833;-1;-77
1493;Южная 3;Bishop;1426933321021;2G;EDGE;1;250;1;770;41833;-1;-79
1494;Южная 4;Bishop;1426933335458;2G;EDGE;1;250;1;770;41833;-1;-83
1501;Пражская 1;Bishop;1426933391860;2G;EDGE;1;250;1;770;41832;-1;-81
1502;Пражская 2;Bishop;1426933403509;2G;EDGE;1;250;1;770;41832;-1;-73
1503;Пражская 3;Bishop;1426933423906;2G;EDGE;1;250;1;770;41832;-1;-87
1504;Пражская 4;Bishop;1426933438828;2G;EDGE;1;250;1;770;41832;-1;-81
1621;Улица Академика Янгеля 1;Bishop;1426933527942;2G;GPRS;1;250;99;26802;4026;-1;-65
1622;Улица Академика Янгеля 2;Bishop;1426933549496;2G;EDGE;1;250;1;770;41832;-1;-69
1623;Улица Академика Янгеля 3;Bishop;1426933569326;2G;EDGE;1;250;1;770;41832;-1;-89
1624;Улица Академика Янгеля 4;Bishop;1426933584805;3G;UMTS;1;250;1;770;6925018;-1;-91
1631;Аннино 1;Bishop;1426933655927;2G;GPRS;1;250;99;26802;4036;-1;-67
1632;Аннино 2;Bishop;1426933665781;2G;EDGE;1;250;1;770;41831;-1;-59
1633;Аннино 3;Bishop;1426933694431;2G;EDGE;1;250;1;770;41831;-1;-69
1634;Аннино 4;Bishop;1426933710162;2G;EDGE;1;250;1;770;41831;-1;-79
1641;Бульвар Дмитрия Донского 1;Bishop;1426933826672;2G;GPRS;1;250;99;26802;4036;-1;-65
1642;Бульвар Дмитрия Донского 2;Bishop;1426933842103;2G;EDGE;1;250;1;770;41831;-1;-99
