ID;Name;User;TimeStamp;NetworkGen;NetworkType;Active;MCC;MNC;LAC;CID;PSC;Power
;ServiceLog;alexkar;1436425749586;unknown;unknown;1;260;3;58020;42034162;181;0
;ServiceLog;alexkar;1436425750613;unknown;unknown;1;260;3;58020;42034162;181;-51
;ServiceLog;alexkar;1436425751650;unknown;unknown;1;260;3;58020;42034162;181;-51
;ServiceLog;alexkar;1436425752699;unknown;unknown;1;260;3;58020;42034162;181;-51
;ServiceLog;alexkar;1436425753721;unknown;unknown;1;260;3;58020;42034162;181;-51
;ServiceLog;alexkar;1436425754833;unknown;unknown;1;260;3;58020;42034162;181;-51
;ServiceLog;alexkar;1436425755899;unknown;unknown;1;260;3;58020;42034162;181;-51
;ServiceLog;alexkar;1436425756915;unknown;unknown;1;260;3;58020;42034162;181;-51
;ServiceLog;alexkar;1436425757944;unknown;unknown;1;260;3;58020;42034162;181;-51
;ServiceLog;alexkar;1436425758968;unknown;unknown;1;260;3;58020;42034162;181;-51
;ServiceLog;alexkar;1436425759997;unknown;unknown;1;260;3;58020;42034162;181;-51
;ServiceLog;alexkar;1436425761026;unknown;unknown;1;260;3;58020;42034162;181;-51
;ServiceLog;alexkar;1436425762055;unknown;unknown;1;260;3;58020;42034162;181;-51
;ServiceLog;alexkar;1436425762863;unknown;unknown;1;260;3;58020;42034162;181;-51
;ServiceLog;alexkar;1436425763891;unknown;unknown;1;260;3;58020;42034162;181;-51
;ServiceLog;alexkar;1436425764911;unknown;unknown;1;260;3;58020;42034162;181;-51
;ServiceLog;alexkar;1436425765963;unknown;unknown;1;260;3;58020;42034162;181;-51
;ServiceLog;alexkar;1436425766994;unknown;unknown;1;260;3;58020;42034162;181;-51
;ServiceLog;alexkar;1436425768022;unknown;unknown;1;260;3;58020;42034162;181;-51
;ServiceLog;alexkar;1436425769057;unknown;unknown;1;260;3;58020;42034162;181;-51
;ServiceLog;alexkar;1436425770072;unknown;unknown;1;260;3;58020;42034162;181;-71
;ServiceLog;alexkar;1436425771090;unknown;unknown;1;260;3;58020;42034162;181;-71
;ServiceLog;alexkar;1436425772117;unknown;unknown;1;260;3;58020;42034162;181;-71
;ServiceLog;alexkar;1436425773166;unknown;unknown;1;260;3;58020;42034162;181;-71
;ServiceLog;alexkar;1436425774193;unknown;unknown;1;260;3;58020;42034162;181;-71
;ServiceLog;alexkar;1436425775246;unknown;unknown;1;260;3;58020;42034162;181;-71
;ServiceLog;alexkar;1436425776273;unknown;unknown;1;260;3;58020;42034162;181;-71
;ServiceLog;alexkar;1436425777324;unknown;unknown;1;260;3;58020;42034162;181;-71
;ServiceLog;alexkar;1436425778373;unknown;unknown;1;260;3;58020;42034162;181;-71
;ServiceLog;alexkar;1436425779423;unknown;unknown;1;260;3;58020;42034162;181;-71
;ServiceLog;alexkar;1436425780471;unknown;unknown;1;260;3;58020;42034162;181;-71
;ServiceLog;alexkar;1436425781523;unknown;unknown;1;260;3;58020;42034162;181;-71
;ServiceLog;alexkar;1436425782577;unknown;unknown;1;260;3;58020;42034162;181;-71
;ServiceLog;alexkar;1436425783621;unknown;unknown;1;260;3;58020;42034162;181;-71
;ServiceLog;alexkar;1436425784673;unknown;unknown;1;260;3;58020;42034162;181;-71
;ServiceLog;alexkar;1436425785722;unknown;unknown;1;260;3;58020;42034162;181;-77
;ServiceLog;alexkar;1436425786777;unknown;unknown;1;260;3;58020;42034162;181;-77
;ServiceLog;alexkar;1436425787825;unknown;unknown;1;260;3;58020;42034162;181;-77
;ServiceLog;alexkar;1436425788873;unknown;unknown;1;260;3;58020;42034162;181;-81
;ServiceLog;alexkar;1436425789925;unknown;unknown;1;260;3;58020;42034162;181;-81
;ServiceLog;alexkar;1436425790995;unknown;unknown;1;260;3;58020;42034162;181;-81
;ServiceLog;alexkar;1436425792046;unknown;unknown;1;260;3;58020;42034162;181;-81
;ServiceLog;alexkar;1436425793107;unknown;unknown;1;260;3;58020;42034162;181;-81
;ServiceLog;alexkar;1436425794154;unknown;unknown;1;260;3;58020;42034162;181;-81
;ServiceLog;alexkar;1436425795212;unknown;unknown;1;260;3;58020;42034162;181;-81
;ServiceLog;alexkar;1436425796251;unknown;unknown;1;260;3;58020;42034162;181;-81
;ServiceLog;alexkar;1436425797305;unknown;unknown;1;260;3;58020;42034162;181;-85
;ServiceLog;alexkar;1436425798356;unknown;unknown;1;260;3;58020;42034162;181;-85
;ServiceLog;alexkar;1436425799424;unknown;unknown;1;260;3;58020;42034162;181;-85
;ServiceLog;alexkar;1436425800482;unknown;unknown;1;260;3;58020;42034162;181;-81
;ServiceLog;alexkar;1436425801567;unknown;unknown;1;260;3;58020;42034162;181;-81
;ServiceLog;alexkar;1436425802626;unknown;unknown;1;260;3;58020;42034162;181;-81
;ServiceLog;alexkar;1436425803664;unknown;unknown;1;260;3;58020;42034162;181;-81
;ServiceLog;alexkar;1436425804711;unknown;unknown;1;260;3;58020;42034162;181;-81
;ServiceLog;alexkar;1436425805762;unknown;unknown;1;260;3;58020;42034162;181;-81
;ServiceLog;alexkar;1436425806816;unknown;unknown;1;260;3;58020;42034162;181;-71
;ServiceLog;alexkar;1436425807869;unknown;unknown;1;260;3;58020;42034162;181;-71
;ServiceLog;alexkar;1436425808939;unknown;unknown;1;260;3;58020;42034162;181;-71
;ServiceLog;alexkar;1436425810009;unknown;unknown;1;260;3;58020;42034162;181;-67
;ServiceLog;alexkar;1436425811070;unknown;unknown;1;260;3;58020;42034162;181;-67
;ServiceLog;alexkar;1436425812121;unknown;unknown;1;260;3;58020;42034162;181;-67
;ServiceLog;alexkar;1436425813170;unknown;unknown;1;260;3;58020;42034162;181;-67
;ServiceLog;alexkar;1436425814226;unknown;unknown;1;260;3;58020;42034162;181;-67
;ServiceLog;alexkar;1436425815276;unknown;unknown;1;260;3;58020;42034162;181;-67
;ServiceLog;alexkar;1436425816333;unknown;unknown;1;260;3;58020;42034162;181;-67
;ServiceLog;alexkar;1436425817374;unknown;unknown;1;260;3;58020;42034162;181;-67
;ServiceLog;alexkar;1436425818426;unknown;unknown;1;260;3;58020;42034162;181;-67
;ServiceLog;alexkar;1436425819476;unknown;unknown;1;260;3;58020;42034162;181;-67
;ServiceLog;alexkar;1436425820523;unknown;unknown;1;260;3;58020;42034162;181;-67
;ServiceLog;alexkar;1436425821572;unknown;unknown;1;260;3;58020;42034162;181;-67
;ServiceLog;alexkar;1436425822622;unknown;unknown;1;260;3;58020;42034162;181;-67
;ServiceLog;alexkar;1436425823672;unknown;unknown;1;260;3;58020;42034162;181;-67
;ServiceLog;alexkar;1436425824724;unknown;unknown;1;260;3;58020;42034162;181;-67
;ServiceLog;alexkar;1436425825748;unknown;unknown;1;260;3;58020;42034162;181;-67
;ServiceLog;alexkar;1436425826924;unknown;unknown;1;260;3;58020;42034162;181;-67
;ServiceLog;alexkar;1436425827965;unknown;unknown;1;260;3;58020;42034162;181;-61
;ServiceLog;alexkar;1436425829013;unknown;unknown;1;260;3;58020;42034162;181;-61
;ServiceLog;alexkar;1436425830065;unknown;unknown;1;260;3;58020;42034162;181;-65
;ServiceLog;alexkar;1436425831082;unknown;unknown;1;260;3;58020;42034162;181;-65
;ServiceLog;alexkar;1436425832132;unknown;unknown;1;260;3;58020;42034162;181;-65
;ServiceLog;alexkar;1436425833156;unknown;unknown;1;260;3;58020;42034162;181;-63
;ServiceLog;alexkar;1436425834214;unknown;unknown;1;260;3;58020;42034162;181;-63
;ServiceLog;alexkar;1436425835383;unknown;unknown;1;260;3;58020;42034162;181;-63
;ServiceLog;alexkar;1436425836397;unknown;unknown;1;260;3;58020;42034162;181;-63
;ServiceLog;alexkar;1436425837475;unknown;unknown;1;260;3;58020;42034162;181;-63
;ServiceLog;alexkar;1436425838559;unknown;unknown;1;260;3;58020;42034162;181;-63
;ServiceLog;alexkar;1436425839670;unknown;unknown;1;260;3;58020;42034162;181;-63
;ServiceLog;alexkar;1436425840760;unknown;unknown;1;260;3;58020;42034162;181;-63
;ServiceLog;alexkar;1436425841834;unknown;unknown;1;260;3;58020;42034162;181;-63
;ServiceLog;alexkar;1436425842905;unknown;unknown;1;260;3;58020;42034162;181;-63
;ServiceLog;alexkar;1436425843972;unknown;unknown;1;260;3;58020;42034162;181;-63
;ServiceLog;alexkar;1436425845073;unknown;unknown;1;260;3;58020;42034162;181;-63
;ServiceLog;alexkar;1436425846143;unknown;unknown;1;260;3;58020;42034162;181;-63
;ServiceLog;alexkar;1436425847217;unknown;unknown;1;260;3;58020;42034162;181;-63
;ServiceLog;alexkar;1436425848283;unknown;unknown;1;260;3;58020;42034162;181;-63
;ServiceLog;alexkar;1436425849359;unknown;unknown;1;260;3;58020;42034162;181;-63
;ServiceLog;alexkar;1436425850425;unknown;unknown;1;260;3;58020;42034162;181;-63
;ServiceLog;alexkar;1436425851502;unknown;unknown;1;260;3;58020;42034162;181;-63
;ServiceLog;alexkar;1436425852580;unknown;unknown;1;260;3;58020;42034162;181;-63
;ServiceLog;alexkar;1436425853652;unknown;unknown;1;260;3;58020;42034162;181;-63
;ServiceLog;alexkar;1436425854718;unknown;unknown;1;260;3;58020;42034162;181;-63
;ServiceLog;alexkar;1436425855802;unknown;unknown;1;260;3;58020;42034162;181;-63
;ServiceLog;alexkar;1436425856883;unknown;unknown;1;260;3;58020;42034162;181;-63
;ServiceLog;alexkar;1436425857947;unknown;unknown;1;260;3;58020;42034162;181;-63
;ServiceLog;alexkar;1436425859011;unknown;unknown;1;260;3;58020;42034162;181;-63
;ServiceLog;alexkar;1436425860083;unknown;unknown;1;260;3;58020;42034162;181;-63
;ServiceLog;alexkar;1436425861172;unknown;unknown;1;260;3;58020;42034162;181;-63
;ServiceLog;alexkar;1436425862237;unknown;unknown;1;260;3;58020;42034162;181;-63
;ServiceLog;alexkar;1436425863316;unknown;unknown;1;260;3;58020;42034162;181;-63
;ServiceLog;alexkar;1436425864385;unknown;unknown;1;260;3;58020;42034162;181;-63
;ServiceLog;alexkar;1436425865460;unknown;unknown;1;260;3;58020;42034162;181;-63
;ServiceLog;alexkar;1436425866531;unknown;unknown;1;260;3;58020;42034162;181;-63
;ServiceLog;alexkar;1436425867600;unknown;unknown;1;260;3;58020;42034162;181;-63
;ServiceLog;alexkar;1436425868666;unknown;unknown;1;260;3;58020;42034162;181;-63
;ServiceLog;alexkar;1436425869737;unknown;unknown;1;260;3;58020;42034162;181;-63
;ServiceLog;alexkar;1436425870812;unknown;unknown;1;260;3;58020;42034162;181;-63
;ServiceLog;alexkar;1436425871886;unknown;unknown;1;260;3;58020;42034162;181;-63
;ServiceLog;alexkar;1436425872955;unknown;unknown;1;260;3;58020;42034162;181;-63
;ServiceLog;alexkar;1436425874015;unknown;unknown;1;260;3;58020;42034162;181;-63
;ServiceLog;alexkar;1436425875084;unknown;unknown;1;260;3;58020;42034162;181;-63
;ServiceLog;alexkar;1436425876150;unknown;unknown;1;260;3;58020;42034162;181;-63
;ServiceLog;alexkar;1436425877222;unknown;unknown;1;260;3;58020;42034162;181;-63
;ServiceLog;alexkar;1436425878293;unknown;unknown;1;260;3;58020;42034162;181;-63
;ServiceLog;alexkar;1436425879367;unknown;unknown;1;260;3;58020;42034162;181;-63
;ServiceLog;alexkar;1436425880437;unknown;unknown;1;260;3;58020;42034162;181;-63
;ServiceLog;alexkar;1436425881512;unknown;unknown;1;260;3;58020;42034162;181;-63
;ServiceLog;alexkar;1436425882612;unknown;unknown;1;260;3;58020;42034162;181;-63
;ServiceLog;alexkar;1436425883687;unknown;unknown;1;260;3;58020;42034162;181;-63
;ServiceLog;alexkar;1436425884753;unknown;unknown;1;260;3;58020;42034162;181;-63
;ServiceLog;alexkar;1436425885822;unknown;unknown;1;260;3;58020;42034162;181;-63
;ServiceLog;alexkar;1436425886913;unknown;unknown;1;260;3;58020;42034162;181;-63
;ServiceLog;alexkar;1436425887991;unknown;unknown;1;260;3;58020;42034162;181;-63
;ServiceLog;alexkar;1436425889051;unknown;unknown;1;260;3;58020;42034162;181;-63
;ServiceLog;alexkar;1436425890121;unknown;unknown;1;260;3;58020;42034162;181;-63
;ServiceLog;alexkar;1436425891185;unknown;unknown;1;260;3;58020;42034162;181;-63
;ServiceLog;alexkar;1436425892261;unknown;unknown;1;260;3;58020;42034162;181;-63
;ServiceLog;alexkar;1436425893335;unknown;unknown;1;260;3;58020;42034162;181;-63
;ServiceLog;alexkar;1436425894402;unknown;unknown;1;260;3;58020;42034162;181;-63
;ServiceLog;alexkar;1436425895472;unknown;unknown;1;260;3;58020;42034162;181;-63
;ServiceLog;alexkar;1436425896542;unknown;unknown;1;260;3;58020;42034162;181;-63
;ServiceLog;alexkar;1436425897604;unknown;unknown;1;260;3;58020;42034162;181;-63
;ServiceLog;alexkar;1436425898685;unknown;unknown;1;260;3;58020;42034162;181;-63
;ServiceLog;alexkar;1436425899766;unknown;unknown;1;260;3;58020;42034162;181;-63
;ServiceLog;alexkar;1436425900834;unknown;unknown;1;260;3;58020;42034162;181;-63
;ServiceLog;alexkar;1436425901901;unknown;unknown;1;260;3;58020;42034162;181;-63
;ServiceLog;alexkar;1436425902974;unknown;unknown;1;260;3;58020;42034162;181;-63
;ServiceLog;alexkar;1436425904041;unknown;unknown;1;260;3;58020;42034162;181;-63
;ServiceLog;alexkar;1436425905106;unknown;unknown;1;260;3;58020;42034162;181;-63
;ServiceLog;alexkar;1436425906190;unknown;unknown;1;260;3;58020;42034162;181;-63
;ServiceLog;alexkar;1436425907262;unknown;unknown;1;260;3;58020;42034162;181;-63
;ServiceLog;alexkar;1436425908331;unknown;unknown;1;260;3;58020;42034162;181;-63
;ServiceLog;alexkar;1436425909402;unknown;unknown;1;260;3;58020;42034162;181;-63
;ServiceLog;alexkar;1436425910473;unknown;unknown;1;260;3;58020;42034162;181;-63
;ServiceLog;alexkar;1436425911541;unknown;unknown;1;260;3;58020;42034162;181;-63
;ServiceLog;alexkar;1436425912604;unknown;unknown;1;260;3;58020;42034162;181;-63
;ServiceLog;alexkar;1436425913677;unknown;unknown;1;260;3;58020;42034162;181;-63
;ServiceLog;alexkar;1436425914750;unknown;unknown;1;260;3;58020;42034162;181;-63
;ServiceLog;alexkar;1436425915816;unknown;unknown;1;260;3;58020;42034162;181;-63
;ServiceLog;alexkar;1436425916892;unknown;unknown;1;260;3;58020;42034162;181;-63
;ServiceLog;alexkar;1436425917992;unknown;unknown;1;260;3;58020;42034162;181;-63
;ServiceLog;alexkar;1436425919062;unknown;unknown;1;260;3;58020;42034162;181;-63
;ServiceLog;alexkar;1436425920127;unknown;unknown;1;260;3;58020;42034162;181;-63
;ServiceLog;alexkar;1436425921255;unknown;unknown;1;260;3;58020;42034162;181;-63
;ServiceLog;alexkar;1436425922329;unknown;unknown;1;260;3;58020;42034162;181;-63
;ServiceLog;alexkar;1436425923402;unknown;unknown;1;260;3;58020;42034162;181;-63
;ServiceLog;alexkar;1436425924471;unknown;unknown;1;260;3;58020;42034162;181;-63
;ServiceLog;alexkar;1436425925543;unknown;unknown;1;260;3;58020;42034162;181;-63
;ServiceLog;alexkar;1436425926612;unknown;unknown;1;260;3;58020;42034162;181;-63
;ServiceLog;alexkar;1436425927678;unknown;unknown;1;260;3;58020;42034162;181;-63
;ServiceLog;alexkar;1436425928743;unknown;unknown;1;260;3;58020;42034162;181;-63
;ServiceLog;alexkar;1436425929817;unknown;unknown;1;260;3;58020;42034162;181;-63
;ServiceLog;alexkar;1436425930882;unknown;unknown;1;260;3;58020;42034162;181;-63
;ServiceLog;alexkar;1436425931952;unknown;unknown;1;260;3;58020;42034162;181;-63
;ServiceLog;alexkar;1436425933024;unknown;unknown;1;260;3;58020;42034162;181;-63
;ServiceLog;alexkar;1436425934086;unknown;unknown;1;260;3;58020;42034162;181;-63
;ServiceLog;alexkar;1436425935159;unknown;unknown;1;260;3;58020;42034162;181;-63
;ServiceLog;alexkar;1436425936224;unknown;unknown;1;260;3;58020;42034162;181;-63
;ServiceLog;alexkar;1436425937283;unknown;unknown;1;260;3;58020;42034162;181;-63
;ServiceLog;alexkar;1436425938359;unknown;unknown;1;260;3;58020;42034162;181;-63
;ServiceLog;alexkar;1436425939432;unknown;unknown;1;260;3;58020;42034162;181;-63
;ServiceLog;alexkar;1436425940493;unknown;unknown;1;260;3;58020;42034162;181;-63
;ServiceLog;alexkar;1436425941571;unknown;unknown;1;260;3;58020;42034162;181;-63
;ServiceLog;alexkar;1436425942640;unknown;unknown;1;260;3;58020;42034162;181;-63
;ServiceLog;alexkar;1436425943707;unknown;unknown;1;260;3;58020;42034162;181;-63
;ServiceLog;alexkar;1436425944778;unknown;unknown;1;260;3;58020;42034162;181;-63
;ServiceLog;alexkar;1436425945850;unknown;unknown;1;260;3;58020;42034162;181;-63
;ServiceLog;alexkar;1436425946913;unknown;unknown;1;260;3;58020;42034162;181;-63
;ServiceLog;alexkar;1436425947990;unknown;unknown;1;260;3;58020;42034162;181;-63
;ServiceLog;alexkar;1436425949059;unknown;unknown;1;260;3;58020;42034162;181;-63
;ServiceLog;alexkar;1436425950168;unknown;unknown;1;260;3;58020;42034162;181;-63
;ServiceLog;alexkar;1436425951231;unknown;unknown;1;260;3;58020;42034162;181;-63
;ServiceLog;alexkar;1436425952289;unknown;unknown;1;260;3;58020;42034162;181;-63
;ServiceLog;alexkar;1436425953356;unknown;unknown;1;260;3;58020;42034162;181;-63
;ServiceLog;alexkar;1436425954436;unknown;unknown;1;260;3;58020;42034162;181;-63
;ServiceLog;alexkar;1436425955514;unknown;unknown;1;260;3;58020;42034162;181;-63
;ServiceLog;alexkar;1436425956582;unknown;unknown;1;260;3;58020;42034162;181;-63
;ServiceLog;alexkar;1436425957654;unknown;unknown;1;260;3;58020;42034162;181;-63
;ServiceLog;alexkar;1436425959251;unknown;unknown;1;260;3;58020;42034162;181;-63
;ServiceLog;alexkar;1436425960320;unknown;unknown;1;260;3;58020;42034162;181;-63
;ServiceLog;alexkar;1436425961390;unknown;unknown;1;260;3;58020;42034162;181;-63
;ServiceLog;alexkar;1436425962465;unknown;unknown;1;260;3;58020;42034162;181;-63
;ServiceLog;alexkar;1436425963531;unknown;unknown;1;260;3;58020;42034162;181;-63
;ServiceLog;alexkar;1436425964601;unknown;unknown;1;260;3;58020;42034162;181;-63
;ServiceLog;alexkar;1436425965680;unknown;unknown;1;260;3;58020;42034162;181;-63
;ServiceLog;alexkar;1436425966744;unknown;unknown;1;260;3;58020;42034162;181;-63
;ServiceLog;alexkar;1436425967815;unknown;unknown;1;260;3;58020;42034162;181;-63
;ServiceLog;alexkar;1436425968890;unknown;unknown;1;260;3;58020;42034162;181;-63
;ServiceLog;alexkar;1436425969957;unknown;unknown;1;260;3;58020;42034162;181;-63
;ServiceLog;alexkar;1436425971023;unknown;unknown;1;260;3;58020;42034162;181;-63
;ServiceLog;alexkar;1436425972153;unknown;unknown;1;260;3;58020;42034162;181;-63
;ServiceLog;alexkar;1436425973232;unknown;unknown;1;260;3;58020;42034162;181;-63
;ServiceLog;alexkar;1436425974304;unknown;unknown;1;260;3;58020;42034162;181;-63
;ServiceLog;alexkar;1436425975378;unknown;unknown;1;260;3;58020;42034162;181;-63
;ServiceLog;alexkar;1436425976451;unknown;unknown;1;260;3;58020;42034162;181;-63
;ServiceLog;alexkar;1436425977522;unknown;unknown;1;260;3;58020;42034162;181;-63
;ServiceLog;alexkar;1436425978600;unknown;unknown;1;260;3;58020;42034162;181;-63
;ServiceLog;alexkar;1436425979672;unknown;unknown;1;260;3;58020;42034162;181;-63
;ServiceLog;alexkar;1436425980741;unknown;unknown;1;260;3;58020;42034162;181;-63
;ServiceLog;alexkar;1436425981819;unknown;unknown;1;260;3;58020;42034162;181;-63
;ServiceLog;alexkar;1436425982896;unknown;unknown;1;260;3;58020;42034162;181;-63
;ServiceLog;alexkar;1436425983970;unknown;unknown;1;260;3;58020;42034162;181;-63
;ServiceLog;alexkar;1436425985051;unknown;unknown;1;260;3;58020;42034162;181;-63
;ServiceLog;alexkar;1436425986120;unknown;unknown;1;260;3;58020;42034162;181;-63
;ServiceLog;alexkar;1436425987191;unknown;unknown;1;260;3;58020;42034162;181;-63
;ServiceLog;alexkar;1436425988262;unknown;unknown;1;260;3;58020;42034162;181;-63
;ServiceLog;alexkar;1436425989330;unknown;unknown;1;260;3;58020;42034162;181;-63
;ServiceLog;alexkar;1436425990397;unknown;unknown;1;260;3;58020;42034162;181;-63
;ServiceLog;alexkar;1436425991472;unknown;unknown;1;260;3;58020;42034162;181;-63
;ServiceLog;alexkar;1436425992544;unknown;unknown;1;260;3;58020;42034162;181;-63
;ServiceLog;alexkar;1436425993607;unknown;unknown;1;260;3;58020;42034162;181;-63
;ServiceLog;alexkar;1436425994681;unknown;unknown;1;260;3;58020;42034162;181;-63
;ServiceLog;alexkar;1436425995755;unknown;unknown;1;260;3;58020;42034162;181;-63
;ServiceLog;alexkar;1436425996814;unknown;unknown;1;260;3;58020;42034162;181;-63
;ServiceLog;alexkar;1436425997892;unknown;unknown;1;260;3;58020;42034162;181;-63
;ServiceLog;alexkar;1436425998962;unknown;unknown;1;260;3;58020;42034162;181;-63
;ServiceLog;alexkar;1436426000036;unknown;unknown;1;260;3;58020;42034162;181;-63
;ServiceLog;alexkar;1436426001104;unknown;unknown;1;260;3;58020;42034162;181;-63
;ServiceLog;alexkar;1436426002176;unknown;unknown;1;260;3;58020;42034162;181;-63
;ServiceLog;alexkar;1436426003242;unknown;unknown;1;260;3;58020;42034162;181;-63
;ServiceLog;alexkar;1436426004312;unknown;unknown;1;260;3;58020;42034162;181;-63
;ServiceLog;alexkar;1436426005377;unknown;unknown;1;260;3;58020;42034162;181;-63
;ServiceLog;alexkar;1436426006442;unknown;unknown;1;260;3;58020;42034162;181;-63
;ServiceLog;alexkar;1436426007513;unknown;unknown;1;260;3;58020;42034162;181;-63
;ServiceLog;alexkar;1436426008581;unknown;unknown;1;260;3;58020;42034162;181;-63
;ServiceLog;alexkar;1436426009652;unknown;unknown;1;260;3;58020;42034162;181;-63
;ServiceLog;alexkar;1436426010722;unknown;unknown;1;260;3;58020;42034162;181;-63
;ServiceLog;alexkar;1436426011792;unknown;unknown;1;260;3;58020;42034162;181;-63
;ServiceLog;alexkar;1436426012862;unknown;unknown;1;260;3;58020;42034162;181;-63
;ServiceLog;alexkar;1436426013936;unknown;unknown;1;260;3;58020;42034162;181;-63
;ServiceLog;alexkar;1436426015009;unknown;unknown;1;260;3;58020;42034162;181;-63
;ServiceLog;alexkar;1436426016080;unknown;unknown;1;260;3;58020;42034162;181;-63
;ServiceLog;alexkar;1436426017147;unknown;unknown;1;260;3;58020;42034162;181;-63
;ServiceLog;alexkar;1436426018222;unknown;unknown;1;260;3;58020;42034162;181;-63
;ServiceLog;alexkar;1436426019287;unknown;unknown;1;260;3;58020;42034162;181;-63
;ServiceLog;alexkar;1436426020354;unknown;unknown;1;260;3;58020;42034162;181;-63
;ServiceLog;alexkar;1436426021421;unknown;unknown;1;260;3;58020;42034162;181;-63
;ServiceLog;alexkar;1436426022491;unknown;unknown;1;260;3;58020;42034162;181;-63
;ServiceLog;alexkar;1436426023562;unknown;unknown;1;260;3;58020;42034162;181;-63
;ServiceLog;alexkar;1436426024628;unknown;unknown;1;260;3;58020;42034162;181;-63
;ServiceLog;alexkar;1436426025695;unknown;unknown;1;260;3;58020;42034162;181;-63
;ServiceLog;alexkar;1436426026760;unknown;unknown;1;260;3;58020;42034162;181;-63
;ServiceLog;alexkar;1436426027872;unknown;unknown;1;260;3;58020;42034162;181;-63
;ServiceLog;alexkar;1436426028939;unknown;unknown;1;260;3;58020;42034162;181;-63
;ServiceLog;alexkar;1436426030012;unknown;unknown;1;260;3;58020;42034162;181;-63
;ServiceLog;alexkar;1436426031081;unknown;unknown;1;260;3;58020;42034162;181;-63
;ServiceLog;alexkar;1436426032147;unknown;unknown;1;260;3;58020;42034162;181;-63
;ServiceLog;alexkar;1436426033222;unknown;unknown;1;260;3;58020;42034162;181;-63
;ServiceLog;alexkar;1436426034290;unknown;unknown;1;260;3;58020;42034162;181;-63
;ServiceLog;alexkar;1436426035363;unknown;unknown;1;260;3;58020;42034162;181;-63
;ServiceLog;alexkar;1436426036432;unknown;unknown;1;260;3;58020;42034162;181;-63
;ServiceLog;alexkar;1436426037502;unknown;unknown;1;260;3;58020;42034162;181;-63
;ServiceLog;alexkar;1436426038575;unknown;unknown;1;260;3;58020;42034162;181;-63
;ServiceLog;alexkar;1436426039643;unknown;unknown;1;260;3;58020;42034162;181;-63
;ServiceLog;alexkar;1436426040710;unknown;unknown;1;260;3;58020;42034162;181;-63
;ServiceLog;alexkar;1436426041776;unknown;unknown;1;260;3;58020;42034162;181;-63
;ServiceLog;alexkar;1436426042843;unknown;unknown;1;260;3;58020;42034162;181;-63
;ServiceLog;alexkar;1436426043912;unknown;unknown;1;260;3;58020;42034162;181;-63
;ServiceLog;alexkar;1436426044984;unknown;unknown;1;260;3;58020;42034162;181;-63
;ServiceLog;alexkar;1436426046050;unknown;unknown;1;260;3;58020;42034162;181;-63
;ServiceLog;alexkar;1436426047122;unknown;unknown;1;260;3;58020;42034162;181;-63
;ServiceLog;alexkar;1436426048182;unknown;unknown;1;260;3;58020;42034162;181;-63
;ServiceLog;alexkar;1436426049258;unknown;unknown;1;260;3;58020;42034162;181;-69
;ServiceLog;alexkar;1436426050276;unknown;unknown;1;260;3;58020;42034162;181;-69
;ServiceLog;alexkar;1436426051316;unknown;unknown;1;260;3;58020;42034162;181;-69
;ServiceLog;alexkar;1436426052366;unknown;unknown;1;260;3;58020;42034162;181;-69
;ServiceLog;alexkar;1436426053401;unknown;unknown;1;260;3;58020;42034162;181;-69
;ServiceLog;alexkar;1436426054470;unknown;unknown;1;260;3;58020;42034162;181;-69
;ServiceLog;alexkar;1436426055540;unknown;unknown;1;260;3;58020;42034162;181;-69
;ServiceLog;alexkar;1436426056606;unknown;unknown;1;260;3;58020;42034162;181;-69
;ServiceLog;alexkar;1436426057680;unknown;unknown;1;260;3;58020;42034162;181;-69
;ServiceLog;alexkar;1436426058754;unknown;unknown;1;260;3;58020;42034162;181;-69
;ServiceLog;alexkar;1436426059830;unknown;unknown;1;260;3;58020;42034162;181;-69
;ServiceLog;alexkar;1436426060901;unknown;unknown;1;260;3;58020;42034162;181;-69
;ServiceLog;alexkar;1436426061969;unknown;unknown;1;260;3;58020;42034162;181;-69
;ServiceLog;alexkar;1436426063037;unknown;unknown;1;260;3;58020;42034162;181;-69
;ServiceLog;alexkar;1436426064132;unknown;unknown;1;260;3;58020;42034162;181;-69
;ServiceLog;alexkar;1436426065203;unknown;unknown;1;260;3;58020;42034162;181;-69
;ServiceLog;alexkar;1436426066270;unknown;unknown;1;260;3;58020;42034162;181;-69
;ServiceLog;alexkar;1436426067341;unknown;unknown;1;260;3;58020;42034162;181;-69
;ServiceLog;alexkar;1436426068411;unknown;unknown;1;260;3;58020;42034162;181;-69
;ServiceLog;alexkar;1436426069484;unknown;unknown;1;260;3;58020;42034162;181;-69
;ServiceLog;alexkar;1436426070556;unknown;unknown;1;260;3;58020;42034162;181;-69
;ServiceLog;alexkar;1436426071630;unknown;unknown;1;260;3;58020;42034162;181;-69
;ServiceLog;alexkar;1436426072690;unknown;unknown;1;260;3;58020;42034162;181;-69
;ServiceLog;alexkar;1436426073773;unknown;unknown;1;260;3;58020;42034162;181;-69
;ServiceLog;alexkar;1436426074841;unknown;unknown;1;260;3;58020;42034162;181;-69
;ServiceLog;alexkar;1436426075909;unknown;unknown;1;260;3;58020;42034162;181;-69
;ServiceLog;alexkar;1436426076977;unknown;unknown;1;260;3;58020;42034162;181;-69
;ServiceLog;alexkar;1436426078042;unknown;unknown;1;260;3;58020;42034162;181;-69
;ServiceLog;alexkar;1436426079112;unknown;unknown;1;260;3;58020;42034162;181;-69
;ServiceLog;alexkar;1436426080191;unknown;unknown;1;260;3;58020;42034162;181;-77
;ServiceLog;alexkar;1436426081223;unknown;unknown;1;260;3;58020;42034162;181;-77
;ServiceLog;alexkar;1436426082253;unknown;unknown;1;260;3;58020;42034162;181;-71
;ServiceLog;alexkar;1436426083283;unknown;unknown;1;260;3;58020;42034162;181;-71
;ServiceLog;alexkar;1436426084325;unknown;unknown;1;260;3;58020;42034162;181;-71
;ServiceLog;alexkar;1436426085363;unknown;unknown;1;260;3;58020;42034162;181;-71
;ServiceLog;alexkar;1436426086414;unknown;unknown;1;260;3;58020;42034162;181;-71
;ServiceLog;alexkar;1436426087461;unknown;unknown;1;260;3;58020;42034162;181;-71
;ServiceLog;alexkar;1436426088513;unknown;unknown;1;260;3;58020;42034162;181;-71
;ServiceLog;alexkar;1436426089561;unknown;unknown;1;260;3;58020;42034162;181;-71
;ServiceLog;alexkar;1436426090619;unknown;unknown;1;260;3;58020;42034162;181;-71
;ServiceLog;alexkar;1436426091662;unknown;unknown;1;260;3;58020;42034162;181;-71
;ServiceLog;alexkar;1436426092713;unknown;unknown;1;260;3;58020;42034162;181;-71
;ServiceLog;alexkar;1436426093766;unknown;unknown;1;260;3;58020;42034162;181;-71
;ServiceLog;alexkar;1436426094816;unknown;unknown;1;260;3;58020;42034162;181;-69
;ServiceLog;alexkar;1436426095877;unknown;unknown;1;260;3;58020;42034162;181;-69
;ServiceLog;alexkar;1436426096919;unknown;unknown;1;260;3;58020;42034162;181;-69
;ServiceLog;alexkar;1436426097963;unknown;unknown;1;260;3;58020;42034162;181;-65
;ServiceLog;alexkar;1436426099023;unknown;unknown;1;260;3;58020;42034162;181;-65
;ServiceLog;alexkar;1436426100064;unknown;unknown;1;260;3;58020;42034162;181;-65
;ServiceLog;alexkar;1436426101106;unknown;unknown;1;260;3;58020;42034162;181;-73
;ServiceLog;alexkar;1436426102277;unknown;unknown;1;260;3;58020;42034162;181;-73
;ServiceLog;alexkar;1436426103297;unknown;unknown;1;260;3;58020;42034162;181;-77
;ServiceLog;alexkar;1436426104351;unknown;unknown;1;260;3;58020;42034162;181;-77
;ServiceLog;alexkar;1436426105401;unknown;unknown;1;260;3;58020;42034162;181;-77
;ServiceLog;alexkar;1436426106451;unknown;unknown;1;260;3;58020;42034162;181;-87
;ServiceLog;alexkar;1436426107509;unknown;unknown;1;260;3;58020;42034162;181;-87
;ServiceLog;alexkar;1436426108556;unknown;unknown;1;260;3;58020;42034162;181;-87
;ServiceLog;alexkar;1436426109575;unknown;unknown;1;260;3;58020;42034162;181;-101
;ServiceLog;alexkar;1436426110622;unknown;unknown;1;260;3;58020;42034162;181;-101
;ServiceLog;alexkar;1436426111687;unknown;unknown;1;260;3;58020;42034162;181;-101
;ServiceLog;alexkar;1436426112735;unknown;unknown;1;260;3;58020;42034162;181;-101
;ServiceLog;alexkar;1436426113772;unknown;unknown;1;260;3;58020;42034162;181;-101
;ServiceLog;alexkar;1436426114823;unknown;unknown;1;260;3;58020;42034162;181;-101
;ServiceLog;alexkar;1436426115872;unknown;unknown;1;260;3;58020;42034162;181;-111
;ServiceLog;alexkar;1436426116920;unknown;unknown;1;260;3;58020;42034162;181;-111
;ServiceLog;alexkar;1436426117972;unknown;unknown;1;260;3;58020;42034162;181;-111
;ServiceLog;alexkar;1436426119021;unknown;unknown;1;260;3;58020;42034162;181;-113
;ServiceLog;alexkar;1436426120072;unknown;unknown;1;260;3;58020;42034162;181;-113
;ServiceLog;alexkar;1436426121123;unknown;unknown;1;260;3;58020;42034162;181;-113
;ServiceLog;alexkar;1436426122173;unknown;unknown;1;260;3;58020;42034162;181;-113
;ServiceLog;alexkar;1436426123225;unknown;unknown;1;260;3;58020;42034162;181;-113
;ServiceLog;alexkar;1436426124274;unknown;unknown;1;260;3;58020;42034162;181;-113
;ServiceLog;alexkar;1436426125323;unknown;unknown;1;260;3;58020;42034162;181;-113
;ServiceLog;alexkar;1436426126372;unknown;unknown;1;260;3;58020;42034162;181;-113
;ServiceLog;alexkar;1436426127421;unknown;unknown;1;260;3;58020;42034162;181;-113
;ServiceLog;alexkar;1436426128472;unknown;unknown;1;260;3;58020;42034162;181;-113
;ServiceLog;alexkar;1436426129520;unknown;unknown;1;260;3;58020;42034162;181;-113
;ServiceLog;alexkar;1436426130565;unknown;unknown;1;260;3;58020;42034162;181;-113
;ServiceLog;alexkar;1436426131655;unknown;unknown;1;260;3;58020;42034162;181;-113
;ServiceLog;alexkar;1436426132700;unknown;unknown;1;260;3;58020;42034162;181;-113
;ServiceLog;alexkar;1436426133752;unknown;unknown;1;260;3;58020;42034162;181;-113
;ServiceLog;alexkar;1436426134823;unknown;unknown;1;260;3;58020;42058781;275;-113
;ServiceLog;alexkar;1436426135882;unknown;unknown;1;260;3;58020;42058781;275;-113
;ServiceLog;alexkar;1436426136930;unknown;unknown;1;260;3;58020;42058781;275;-83
;ServiceLog;alexkar;1436426137979;unknown;unknown;1;260;3;58020;42058781;275;-83
;ServiceLog;alexkar;1436426139046;unknown;unknown;1;260;3;58020;42058781;275;-83
;ServiceLog;alexkar;1436426140088;unknown;unknown;1;260;3;58020;42058781;275;-83
;ServiceLog;alexkar;1436426141134;unknown;unknown;1;260;3;58020;42058781;275;-83
;ServiceLog;alexkar;1436426142178;unknown;unknown;1;260;3;58020;42058781;275;-83
;ServiceLog;alexkar;1436426143234;unknown;unknown;1;260;3;58020;42058781;275;-83
;ServiceLog;alexkar;1436426144293;unknown;unknown;1;260;3;58020;42058781;275;-83
;ServiceLog;alexkar;1436426145336;unknown;unknown;1;260;3;58020;42058781;275;-83
;ServiceLog;alexkar;1436426146383;unknown;unknown;1;260;3;58020;42058781;275;-83
;ServiceLog;alexkar;1436426147455;unknown;unknown;1;260;3;58020;42058781;275;-83
;ServiceLog;alexkar;1436426148496;unknown;unknown;1;260;3;58020;42058781;275;-83
;ServiceLog;alexkar;1436426149541;unknown;unknown;1;260;3;58020;42058781;275;-83
;ServiceLog;alexkar;1436426150591;unknown;unknown;1;260;3;58020;42058781;275;-83
;ServiceLog;alexkar;1436426151642;unknown;unknown;1;260;3;58020;42058781;275;-85
;ServiceLog;alexkar;1436426152693;unknown;unknown;1;260;3;58020;42058781;275;-85
;ServiceLog;alexkar;1436426153744;unknown;unknown;1;260;3;58020;42058781;275;-85
;ServiceLog;alexkar;1436426154795;unknown;unknown;1;260;3;58020;42058781;275;-83
;ServiceLog;alexkar;1436426155841;unknown;unknown;1;260;3;58020;42058781;275;-83
;ServiceLog;alexkar;1436426156892;unknown;unknown;1;260;3;58020;42058781;275;-83
;ServiceLog;alexkar;1436426157937;unknown;unknown;1;260;3;58020;42058781;275;-83
;ServiceLog;alexkar;1436426158997;unknown;unknown;1;260;3;58020;42058781;275;-83
;ServiceLog;alexkar;1436426160042;unknown;unknown;1;260;3;58020;42058781;275;-83
;ServiceLog;alexkar;1436426161077;unknown;unknown;1;260;3;58020;42058781;275;-83
;ServiceLog;alexkar;1436426162132;unknown;unknown;1;260;3;58020;42058781;275;-83
;ServiceLog;alexkar;1436426163185;unknown;unknown;1;260;3;58020;42058781;275;-83
;ServiceLog;alexkar;1436426164233;unknown;unknown;1;260;3;58020;42058781;275;-83
;ServiceLog;alexkar;1436426165293;unknown;unknown;1;260;3;58020;42058781;275;-83
;ServiceLog;alexkar;1436426166344;unknown;unknown;1;260;3;58020;42058781;275;-83
;ServiceLog;alexkar;1436426167410;unknown;unknown;1;260;3;58020;42058781;275;-83
;ServiceLog;alexkar;1436426168470;unknown;unknown;1;260;3;58020;42058781;275;-83
;ServiceLog;alexkar;1436426169525;unknown;unknown;1;260;3;58020;42058781;275;-83
;ServiceLog;alexkar;1436426170573;unknown;unknown;1;260;3;58020;42058781;275;-83
;ServiceLog;alexkar;1436426171625;unknown;unknown;1;260;3;58020;42058781;275;-83
;ServiceLog;alexkar;1436426172676;unknown;unknown;1;260;3;58020;42058781;275;-83
;ServiceLog;alexkar;1436426173722;unknown;unknown;1;260;3;58020;42058781;275;-83
;ServiceLog;alexkar;1436426174770;unknown;unknown;1;260;3;58020;42058781;275;-83
;ServiceLog;alexkar;1436426175822;unknown;unknown;1;260;3;58020;42058781;275;-79
;ServiceLog;alexkar;1436426176870;unknown;unknown;1;260;3;58020;42058781;275;-79
;ServiceLog;alexkar;1436426177924;unknown;unknown;1;260;3;58020;42058781;275;-79
;ServiceLog;alexkar;1436426178981;unknown;unknown;1;260;3;58020;42058781;275;-71
;ServiceLog;alexkar;1436426180001;unknown;unknown;1;260;3;58020;42058781;275;-71
;ServiceLog;alexkar;1436426181025;unknown;unknown;1;260;3;58020;42058781;275;-71
;ServiceLog;alexkar;1436426182050;unknown;unknown;1;260;3;58020;42058781;275;-77
;ServiceLog;alexkar;1436426183100;unknown;unknown;1;260;3;58020;42058781;275;-77
;ServiceLog;alexkar;1436426184148;unknown;unknown;1;260;3;58020;42058781;275;-61
;ServiceLog;alexkar;1436426185162;unknown;unknown;1;260;3;58020;42058781;275;-61
;ServiceLog;alexkar;1436426186216;unknown;unknown;1;260;3;58020;42058781;275;-61
;ServiceLog;alexkar;1436426187235;unknown;unknown;1;260;3;58020;42058781;275;-61
;ServiceLog;alexkar;1436426188290;unknown;unknown;1;260;3;58020;42058781;275;-61
;ServiceLog;alexkar;1436426189340;unknown;unknown;1;260;3;58020;42058781;275;-61
;ServiceLog;alexkar;1436426190392;unknown;unknown;1;260;3;58020;42058781;275;-67
;ServiceLog;alexkar;1436426191440;unknown;unknown;1;260;3;58020;42058781;275;-67
;ServiceLog;alexkar;1436426192490;unknown;unknown;1;260;3;58020;42058781;275;-67
;ServiceLog;alexkar;1436426193516;unknown;unknown;1;260;3;58020;42058781;275;-67
;ServiceLog;alexkar;1436426194558;unknown;unknown;1;260;3;58020;42058781;275;-67
;ServiceLog;alexkar;1436426195609;unknown;unknown;1;260;3;58020;42058781;275;-67
;ServiceLog;alexkar;1436426196660;unknown;unknown;1;260;3;58020;42058781;275;-73
;ServiceLog;alexkar;1436426197713;unknown;unknown;1;260;3;58020;42058781;275;-73
;ServiceLog;alexkar;1436426198785;unknown;unknown;1;260;3;58020;42058781;275;-73
;ServiceLog;alexkar;1436426199842;unknown;unknown;1;260;3;58020;42058781;275;-83
;ServiceLog;alexkar;1436426200888;unknown;unknown;1;260;3;58020;42058781;275;-83
;ServiceLog;alexkar;1436426201945;unknown;unknown;1;260;3;58020;42058781;275;-83
;ServiceLog;alexkar;1436426202994;unknown;unknown;1;260;3;58020;42058781;275;-99
;ServiceLog;alexkar;1436426204049;unknown;unknown;1;260;3;58020;42058781;275;-99
;ServiceLog;alexkar;1436426205126;unknown;unknown;1;260;3;58020;42058781;275;-99
;ServiceLog;alexkar;1436426206172;unknown;unknown;1;260;3;58020;42058781;275;-107
;ServiceLog;alexkar;1436426207223;unknown;unknown;1;260;3;58020;42058781;275;-107
;ServiceLog;alexkar;1436426208271;unknown;unknown;1;260;3;58020;42058781;275;-107
;ServiceLog;alexkar;1436426209322;unknown;unknown;1;260;3;58020;42058781;275;-107
;ServiceLog;alexkar;1436426210371;unknown;unknown;1;260;3;58020;42058781;275;-107
;ServiceLog;alexkar;1436426211422;unknown;unknown;1;260;3;58020;42058781;275;-111
;ServiceLog;alexkar;1436426212472;unknown;unknown;1;260;3;58020;42058781;275;-111
;ServiceLog;alexkar;1436426213521;unknown;unknown;1;260;3;58020;42058781;275;-111
;ServiceLog;alexkar;1436426214569;unknown;unknown;1;260;3;58020;7983;0;-111
;ServiceLog;alexkar;1436426215625;unknown;unknown;1;260;3;58020;7983;0;-111
;ServiceLog;alexkar;1436426216671;unknown;unknown;1;260;3;58020;7983;0;-111
;ServiceLog;alexkar;1436426217719;unknown;unknown;1;260;3;58020;7983;0;-105
;ServiceLog;alexkar;1436426218771;unknown;unknown;1;260;3;58020;7983;0;-105
;ServiceLog;alexkar;1436426219829;unknown;unknown;1;260;3;58020;7983;0;-105
;ServiceLog;alexkar;1436426220877;unknown;unknown;1;260;3;58020;7983;0;-105
;ServiceLog;alexkar;1436426221927;unknown;unknown;1;260;3;58020;7983;0;-105
;ServiceLog;alexkar;1436426222984;unknown;unknown;1;260;3;58020;7983;0;-105
;ServiceLog;alexkar;1436426224032;unknown;unknown;1;260;3;58020;7983;0;-105
;ServiceLog;alexkar;1436426225073;unknown;unknown;1;260;3;58020;7983;0;-105
;ServiceLog;alexkar;1436426226125;unknown;unknown;1;260;3;58020;7983;0;-105
;ServiceLog;alexkar;1436426227171;unknown;unknown;1;260;3;58020;7983;0;-105
;ServiceLog;alexkar;1436426228222;unknown;unknown;1;260;3;58020;7983;0;-105
;ServiceLog;alexkar;1436426229271;unknown;unknown;1;260;3;58020;7983;0;-105
;ServiceLog;alexkar;1436426230321;unknown;unknown;1;260;3;58020;7983;0;-105
;ServiceLog;alexkar;1436426231366;unknown;unknown;1;260;3;58020;7983;0;-105
;ServiceLog;alexkar;1436426232421;unknown;unknown;1;260;3;58020;7983;0;-105
;ServiceLog;alexkar;1436426233471;unknown;unknown;1;260;3;58020;7983;0;-105
;ServiceLog;alexkar;1436426234520;unknown;unknown;1;260;3;58020;7983;0;-105
;ServiceLog;alexkar;1436426235572;unknown;unknown;1;260;3;58020;7983;0;-105
;ServiceLog;alexkar;1436426236622;unknown;unknown;1;260;3;58020;7983;0;-105
;ServiceLog;alexkar;1436426237692;unknown;unknown;1;260;3;58020;7983;0;-105
;ServiceLog;alexkar;1436426238750;unknown;unknown;1;260;3;58020;7983;0;-105
;ServiceLog;alexkar;1436426239800;unknown;unknown;1;260;3;58020;7983;0;-105
;ServiceLog;alexkar;1436426240849;unknown;unknown;1;260;3;58020;7983;0;-105
;ServiceLog;alexkar;1436426241871;unknown;unknown;1;260;3;58020;7983;0;-105
;ServiceLog;alexkar;1436426242922;unknown;unknown;1;260;3;58020;7983;0;-105
;ServiceLog;alexkar;1436426243977;unknown;unknown;1;260;3;58020;7983;0;-105
;ServiceLog;alexkar;1436426245022;unknown;unknown;1;260;3;58020;7983;0;-105
;ServiceLog;alexkar;1436426246063;unknown;unknown;1;-1;-1;-1;-1;0;-105
;ServiceLog;alexkar;1436426247113;unknown;unknown;1;-1;-1;-1;-1;0;-105
;ServiceLog;alexkar;1436426248168;unknown;unknown;1;260;3;58020;9852;0;-105
;ServiceLog;alexkar;1436426249224;unknown;unknown;1;260;3;58020;9852;0;-105
;ServiceLog;alexkar;1436426250275;unknown;unknown;1;260;3;58020;9852;0;-105
;ServiceLog;alexkar;1436426251345;unknown;unknown;1;260;3;58020;9852;0;-79
;ServiceLog;alexkar;1436426252450;unknown;unknown;1;260;3;58020;9852;0;-79
;ServiceLog;alexkar;1436426253476;unknown;unknown;1;260;3;58020;9852;0;-79
;ServiceLog;alexkar;1436426254510;unknown;unknown;1;260;3;58020;9852;0;-79
;ServiceLog;alexkar;1436426255554;unknown;unknown;1;260;3;58020;9852;0;-79
;ServiceLog;alexkar;1436426256578;unknown;unknown;1;260;3;58020;9852;0;-79
;ServiceLog;alexkar;1436426257622;unknown;unknown;1;260;3;58020;9852;0;-79
;ServiceLog;alexkar;1436426258643;unknown;unknown;1;260;3;58020;9852;0;-79
;ServiceLog;alexkar;1436426259687;unknown;unknown;1;260;3;58020;9852;0;-79
;ServiceLog;alexkar;1436426260725;unknown;unknown;1;260;3;58020;9852;0;-79
;ServiceLog;alexkar;1436426261771;unknown;unknown;1;260;3;58020;9852;0;-79
;ServiceLog;alexkar;1436426262820;unknown;unknown;1;260;3;58020;9852;0;-79
;ServiceLog;alexkar;1436426263858;unknown;unknown;1;260;3;58020;9852;0;-79
;ServiceLog;alexkar;1436426264909;unknown;unknown;1;260;3;58020;9852;0;-79
;ServiceLog;alexkar;1436426265962;unknown;unknown;1;260;3;58020;9852;0;-79
;ServiceLog;alexkar;1436426267051;unknown;unknown;1;260;3;58020;9852;0;-81
;ServiceLog;alexkar;1436426268101;unknown;unknown;1;260;3;58020;9852;0;-81
;ServiceLog;alexkar;1436426269152;unknown;unknown;1;260;3;58020;9852;0;-77
;ServiceLog;alexkar;1436426270199;unknown;unknown;1;260;3;58020;9852;0;-77
;ServiceLog;alexkar;1436426271252;unknown;unknown;1;260;3;58020;9852;0;-77
;ServiceLog;alexkar;1436426272313;unknown;unknown;1;260;3;58020;9852;0;-77
;ServiceLog;alexkar;1436426273329;unknown;unknown;1;260;3;58020;9852;0;-77
;ServiceLog;alexkar;1436426274370;unknown;unknown;1;260;3;58020;9852;0;-77
;ServiceLog;alexkar;1436426275427;unknown;unknown;1;260;3;58020;9852;0;-77
;ServiceLog;alexkar;1436426276475;unknown;unknown;1;260;3;58020;9852;0;-77
;ServiceLog;alexkar;1436426277531;unknown;unknown;1;260;3;58020;9852;0;-77
;ServiceLog;alexkar;1436426278548;unknown;unknown;1;260;3;58020;9852;0;-75
;ServiceLog;alexkar;1436426279596;unknown;unknown;1;260;3;58020;9852;0;-75
;ServiceLog;alexkar;1436426280625;unknown;unknown;1;260;3;58020;9852;0;-75
;ServiceLog;alexkar;1436426281660;unknown;unknown;1;260;3;58020;9852;0;-77
;ServiceLog;alexkar;1436426282684;unknown;unknown;1;260;3;58020;9852;0;-77
;ServiceLog;alexkar;1436426283733;unknown;unknown;1;260;3;58020;9852;0;-77
;ServiceLog;alexkar;1436426284783;unknown;unknown;1;260;3;58020;9852;0;-73
;ServiceLog;alexkar;1436426285832;unknown;unknown;1;260;3;58020;9852;0;-73
;ServiceLog;alexkar;1436426286886;unknown;unknown;1;260;3;58020;9852;0;-73
;ServiceLog;alexkar;1436426287931;unknown;unknown;1;260;3;58020;9852;0;-73
;ServiceLog;alexkar;1436426288951;unknown;unknown;1;260;3;58020;9852;0;-73
;ServiceLog;alexkar;1436426289999;unknown;unknown;1;260;3;58020;9852;0;-73
;ServiceLog;alexkar;1436426291044;unknown;unknown;1;260;3;58020;9852;0;-85
;ServiceLog;alexkar;1436426292100;unknown;unknown;1;260;3;58020;9852;0;-85
;ServiceLog;alexkar;1436426293167;unknown;unknown;1;260;3;58020;9852;0;-93
;ServiceLog;alexkar;1436426294230;unknown;unknown;1;260;3;58020;9852;0;-93
;ServiceLog;alexkar;1436426295282;unknown;unknown;1;260;3;58020;9852;0;-93
;ServiceLog;alexkar;1436426296328;unknown;unknown;1;260;3;58020;9852;0;-103
;ServiceLog;alexkar;1436426297387;unknown;unknown;1;260;3;58020;9852;0;-103
;ServiceLog;alexkar;1436426298436;unknown;unknown;1;260;3;58020;9852;0;-103
;ServiceLog;alexkar;1436426299481;unknown;unknown;1;260;3;58020;9852;0;-103
;ServiceLog;alexkar;1436426300527;unknown;unknown;1;260;3;58020;9852;0;-103
;ServiceLog;alexkar;1436426301576;unknown;unknown;1;260;3;58020;9852;0;-103
;ServiceLog;alexkar;1436426302630;unknown;unknown;1;260;3;58020;9852;0;-103
;ServiceLog;alexkar;1436426303685;unknown;unknown;1;260;3;58020;9852;0;-103
;ServiceLog;alexkar;1436426304739;unknown;unknown;1;260;3;58020;9852;0;-103
;ServiceLog;alexkar;1436426305787;unknown;unknown;1;-1;-1;-1;-1;0;-103
;ServiceLog;alexkar;1436426306846;unknown;unknown;1;-1;-1;-1;-1;0;-103
;ServiceLog;alexkar;1436426307898;unknown;unknown;1;-1;-1;-1;-1;0;-103
;ServiceLog;alexkar;1436426308949;unknown;unknown;1;-1;-1;-1;-1;0;-103
;ServiceLog;alexkar;1436426310003;unknown;unknown;1;-1;-1;-1;-1;0;-103
;ServiceLog;alexkar;1436426311069;unknown;unknown;1;-1;-1;-1;-1;0;-103
;ServiceLog;alexkar;1436426312109;unknown;unknown;1;-1;-1;-1;-1;0;-103
;ServiceLog;alexkar;1436426313153;unknown;unknown;1;-1;-1;-1;-1;0;-103
;ServiceLog;alexkar;1436426314199;unknown;unknown;1;-1;-1;-1;-1;0;-103
;ServiceLog;alexkar;1436426315357;unknown;unknown;1;-1;-1;-1;-1;0;-103
;ServiceLog;alexkar;1436426316371;unknown;unknown;1;-1;-1;-1;-1;0;-103
;ServiceLog;alexkar;1436426317417;unknown;unknown;1;-1;-1;-1;-1;0;-103
;ServiceLog;alexkar;1436426318472;unknown;unknown;1;-1;-1;-1;-1;0;-103
;ServiceLog;alexkar;1436426319522;unknown;unknown;1;-1;-1;-1;-1;0;-103
;ServiceLog;alexkar;1436426320566;unknown;unknown;1;-1;-1;-1;-1;0;-103
;ServiceLog;alexkar;1436426321610;unknown;unknown;1;-1;-1;-1;-1;0;-103
;ServiceLog;alexkar;1436426322659;unknown;unknown;1;-1;-1;-1;-1;0;-103
;ServiceLog;alexkar;1436426323726;unknown;unknown;1;-1;-1;-1;-1;0;-103
;ServiceLog;alexkar;1436426324763;unknown;unknown;1;-1;-1;-1;-1;0;-103
;ServiceLog;alexkar;1436426325810;unknown;unknown;1;-1;-1;-1;-1;0;-103
;ServiceLog;alexkar;1436426326859;unknown;unknown;1;-1;-1;-1;-1;0;-103
;ServiceLog;alexkar;1436426327911;unknown;unknown;1;-1;-1;-1;-1;0;-103
;ServiceLog;alexkar;1436426328974;unknown;unknown;1;-1;-1;-1;-1;0;-103
;ServiceLog;alexkar;1436426330025;unknown;unknown;1;-1;-1;-1;-1;0;-103
;ServiceLog;alexkar;1436426331093;unknown;unknown;1;-1;-1;-1;-1;0;-103
;ServiceLog;alexkar;1436426332140;unknown;unknown;1;-1;-1;-1;-1;0;-103
;ServiceLog;alexkar;1436426333195;unknown;unknown;1;-1;-1;-1;-1;0;-103
;ServiceLog;alexkar;1436426334254;unknown;unknown;1;-1;-1;-1;-1;0;-103
;ServiceLog;alexkar;1436426335320;unknown;unknown;1;-1;-1;-1;-1;0;-103
;ServiceLog;alexkar;1436426336381;unknown;unknown;1;-1;-1;-1;-1;0;-103
;ServiceLog;alexkar;1436426337421;unknown;unknown;1;-1;-1;-1;-1;0;-103
;ServiceLog;alexkar;1436426338476;unknown;unknown;1;-1;-1;-1;-1;0;-103
;ServiceLog;alexkar;1436426339523;unknown;unknown;1;-1;-1;-1;-1;0;-103
;ServiceLog;alexkar;1436426340573;unknown;unknown;1;-1;-1;-1;-1;0;-103
;ServiceLog;alexkar;1436426341621;unknown;unknown;1;-1;-1;-1;-1;0;-103
;ServiceLog;alexkar;1436426342672;unknown;unknown;1;-1;-1;-1;-1;0;-103
;ServiceLog;alexkar;1436426343737;unknown;unknown;1;-1;-1;-1;-1;0;-103
;ServiceLog;alexkar;1436426344786;unknown;unknown;1;-1;-1;-1;-1;0;-103
;ServiceLog;alexkar;1436426345822;unknown;unknown;1;-1;-1;-1;-1;0;-103
;ServiceLog;alexkar;1436426346894;unknown;unknown;1;-1;-1;-1;-1;0;-103
;ServiceLog;alexkar;1436426347950;unknown;unknown;1;-1;-1;-1;-1;0;-103
;ServiceLog;alexkar;1436426349009;unknown;unknown;1;-1;-1;-1;-1;0;-103
;ServiceLog;alexkar;1436426350056;unknown;unknown;1;-1;-1;-1;-1;0;-103
;ServiceLog;alexkar;1436426351099;unknown;unknown;1;-1;-1;-1;-1;36;-103
;ServiceLog;alexkar;1436426352130;unknown;unknown;1;-1;-1;-1;-1;36;-103
;ServiceLog;alexkar;1436426353172;unknown;unknown;1;-1;-1;-1;-1;36;-103
;ServiceLog;alexkar;1436426354204;unknown;unknown;1;-1;-1;-1;-1;36;-103
;ServiceLog;alexkar;1436426355246;unknown;unknown;1;-1;-1;-1;-1;36;-103
;ServiceLog;alexkar;1436426356291;unknown;unknown;1;-1;-1;-1;-1;36;-103
;ServiceLog;alexkar;1436426357339;unknown;unknown;1;-1;-1;-1;-1;36;-103
;ServiceLog;alexkar;1436426358395;unknown;unknown;1;-1;-1;-1;-1;36;-103
;ServiceLog;alexkar;1436426359442;unknown;unknown;1;-1;-1;-1;-1;36;-103
;ServiceLog;alexkar;1436426360491;unknown;unknown;1;-1;-1;-1;-1;36;-103
;ServiceLog;alexkar;1436426361541;unknown;unknown;1;-1;-1;-1;-1;36;-103
;ServiceLog;alexkar;1436426362599;unknown;unknown;1;-1;-1;-1;-1;36;-103
;ServiceLog;alexkar;1436426363645;unknown;unknown;1;-1;-1;-1;-1;36;-103
;ServiceLog;alexkar;1436426364715;unknown;unknown;1;-1;-1;-1;-1;36;-103
;ServiceLog;alexkar;1436426365775;unknown;unknown;1;-1;-1;-1;-1;36;-103
;ServiceLog;alexkar;1436426366827;unknown;unknown;1;-1;-1;-1;-1;36;-103
;ServiceLog;alexkar;1436426367874;unknown;unknown;1;-1;-1;-1;-1;36;-103
;ServiceLog;alexkar;1436426368924;unknown;unknown;1;-1;-1;-1;-1;36;-103
;ServiceLog;alexkar;1436426369972;unknown;unknown;1;-1;-1;-1;-1;36;-103
;ServiceLog;alexkar;1436426371018;unknown;unknown;1;-1;-1;-1;-1;36;-103
;ServiceLog;alexkar;1436426372070;unknown;unknown;1;-1;-1;-1;-1;36;-103
;ServiceLog;alexkar;1436426373121;unknown;unknown;1;-1;-1;-1;-1;36;-103
;ServiceLog;alexkar;1436426374175;unknown;unknown;1;-1;-1;-1;-1;36;-103
;ServiceLog;alexkar;1436426375219;unknown;unknown;1;-1;-1;-1;-1;36;-103
;ServiceLog;alexkar;1436426376272;unknown;unknown;1;-1;-1;-1;-1;36;-103
;ServiceLog;alexkar;1436426377319;unknown;unknown;1;-1;-1;-1;-1;36;-103
;ServiceLog;alexkar;1436426378344;unknown;unknown;1;-1;-1;-1;-1;36;-103
;ServiceLog;alexkar;1436426379389;unknown;unknown;1;-1;-1;-1;-1;36;-103
;ServiceLog;alexkar;1436426380455;unknown;unknown;1;-1;-1;-1;-1;44;-103
;ServiceLog;alexkar;1436426381525;unknown;unknown;1;-1;-1;-1;-1;44;-103
;ServiceLog;alexkar;1436426382564;unknown;unknown;1;-1;-1;-1;-1;44;-103
;ServiceLog;alexkar;1436426383621;unknown;unknown;1;-1;-1;-1;-1;44;-103
;ServiceLog;alexkar;1436426384666;unknown;unknown;1;-1;-1;-1;-1;44;-103
;ServiceLog;alexkar;1436426385729;unknown;unknown;1;-1;-1;-1;-1;44;-103
;ServiceLog;alexkar;1436426386776;unknown;unknown;1;-1;-1;-1;-1;44;-103
;ServiceLog;alexkar;1436426387826;unknown;unknown;1;-1;-1;-1;-1;44;-103
;ServiceLog;alexkar;1436426388912;unknown;unknown;1;-1;-1;-1;-1;44;-103
;ServiceLog;alexkar;1436426389960;unknown;unknown;1;-1;-1;-1;-1;44;-103
;ServiceLog;alexkar;1436426391008;unknown;unknown;1;-1;-1;-1;-1;44;-103
;ServiceLog;alexkar;1436426392059;unknown;unknown;1;-1;-1;-1;-1;44;-103
;ServiceLog;alexkar;1436426393104;unknown;unknown;1;-1;-1;-1;-1;44;-103
;ServiceLog;alexkar;1436426394146;unknown;unknown;1;-1;-1;-1;-1;44;-103
;ServiceLog;alexkar;1436426395201;unknown;unknown;1;-1;-1;-1;-1;44;-103
;ServiceLog;alexkar;1436426396248;unknown;unknown;1;-1;-1;-1;-1;44;-103
;ServiceLog;alexkar;1436426397296;unknown;unknown;1;-1;-1;-1;-1;44;-103
;ServiceLog;alexkar;1436426398347;unknown;unknown;1;-1;-1;-1;-1;44;-103
;ServiceLog;alexkar;1436426399401;unknown;unknown;1;-1;-1;-1;-1;44;-103
;ServiceLog;alexkar;1436426400448;unknown;unknown;1;-1;-1;-1;-1;44;-103
;ServiceLog;alexkar;1436426401502;unknown;unknown;1;-1;-1;-1;-1;44;-103
;ServiceLog;alexkar;1436426402549;unknown;unknown;1;-1;-1;-1;-1;44;-103
;ServiceLog;alexkar;1436426403599;unknown;unknown;1;-1;-1;-1;-1;44;-103
;ServiceLog;alexkar;1436426404649;unknown;unknown;1;-1;-1;-1;-1;44;-103
;ServiceLog;alexkar;1436426405691;unknown;unknown;1;-1;-1;-1;-1;44;-103
;ServiceLog;alexkar;1436426406730;unknown;unknown;1;-1;-1;-1;-1;44;-103
;ServiceLog;alexkar;1436426407775;unknown;unknown;1;-1;-1;-1;-1;44;-103
;ServiceLog;alexkar;1436426408465;unknown;unknown;1;-1;-1;-1;-1;44;-103
;ServiceLog;alexkar;1436426409480;unknown;unknown;1;-1;-1;-1;-1;44;-103
;ServiceLog;alexkar;1436426410502;unknown;unknown;1;-1;-1;-1;-1;44;-103
;ServiceLog;alexkar;1436426412457;unknown;unknown;1;-1;-1;-1;-1;44;-103
;ServiceLog;alexkar;1436426413496;unknown;unknown;1;-1;-1;-1;-1;44;-103
;ServiceLog;alexkar;1436426414523;unknown;unknown;1;-1;-1;-1;-1;44;-103
;ServiceLog;alexkar;1436426415563;unknown;unknown;1;-1;-1;-1;-1;44;-103
;ServiceLog;alexkar;1436426416605;unknown;unknown;1;-1;-1;-1;-1;44;-103
;ServiceLog;alexkar;1436426417653;unknown;unknown;1;-1;-1;-1;-1;44;-103
;ServiceLog;alexkar;1436426418706;unknown;unknown;1;-1;-1;-1;-1;44;-103
;ServiceLog;alexkar;1436426419759;unknown;unknown;1;-1;-1;-1;-1;44;-103
;ServiceLog;alexkar;1436426420810;unknown;unknown;1;-1;-1;-1;-1;44;-103
;ServiceLog;alexkar;1436426421856;unknown;unknown;1;-1;-1;-1;-1;44;-103
;ServiceLog;alexkar;1436426422898;unknown;unknown;1;-1;-1;-1;-1;44;-103
;ServiceLog;alexkar;1436426423920;unknown;unknown;1;-1;-1;-1;-1;44;-103
;ServiceLog;alexkar;1436426424974;unknown;unknown;1;-1;-1;-1;-1;44;-103
;ServiceLog;alexkar;1436426426026;unknown;unknown;1;-1;-1;-1;-1;0;-103
;ServiceLog;alexkar;1436426427067;unknown;unknown;1;-1;-1;-1;-1;0;-103
;ServiceLog;alexkar;1436426428121;unknown;unknown;1;-1;-1;-1;-1;0;-103
;ServiceLog;alexkar;1436426429168;unknown;unknown;1;-1;-1;-1;-1;0;-103
;ServiceLog;alexkar;1436426430199;unknown;unknown;1;-1;-1;-1;-1;0;-103
;ServiceLog;alexkar;1436426431247;unknown;unknown;1;-1;-1;-1;-1;0;-103
;ServiceLog;alexkar;1436426432311;unknown;unknown;1;-1;-1;-1;-1;0;-103
;ServiceLog;alexkar;1436426433350;unknown;unknown;1;-1;-1;-1;-1;0;-103
;ServiceLog;alexkar;1436426434403;unknown;unknown;1;-1;-1;-1;-1;0;-103
;ServiceLog;alexkar;1436426435448;unknown;unknown;1;-1;-1;-1;-1;0;-103
;ServiceLog;alexkar;1436426436495;unknown;unknown;1;-1;-1;-1;-1;0;-103
;ServiceLog;alexkar;1436426437544;unknown;unknown;1;-1;-1;-1;-1;0;-103
;ServiceLog;alexkar;1436426438595;unknown;unknown;1;-1;-1;-1;-1;0;-103
;ServiceLog;alexkar;1436426439648;unknown;unknown;1;-1;-1;-1;-1;0;-103
;ServiceLog;alexkar;1436426440808;unknown;unknown;1;-1;-1;-1;-1;0;-103
;ServiceLog;alexkar;1436426441860;unknown;unknown;1;-1;-1;-1;-1;0;-103
;ServiceLog;alexkar;1436426442917;unknown;unknown;1;-1;-1;-1;-1;0;-103
;ServiceLog;alexkar;1436426443942;unknown;unknown;1;-1;-1;-1;-1;0;-103
;ServiceLog;alexkar;1436426444985;unknown;unknown;1;-1;-1;-1;-1;0;-103
;ServiceLog;alexkar;1436426446074;unknown;unknown;1;-1;-1;-1;-1;0;-103
;ServiceLog;alexkar;1436426447119;unknown;unknown;1;-1;-1;-1;-1;0;-103
;ServiceLog;alexkar;1436426448169;unknown;unknown;1;-1;-1;-1;-1;0;-103
;ServiceLog;alexkar;1436426449217;unknown;unknown;1;-1;-1;-1;-1;0;-103
;ServiceLog;alexkar;1436426450287;unknown;unknown;1;-1;-1;-1;-1;0;-103
;ServiceLog;alexkar;1436426451344;unknown;unknown;1;-1;-1;-1;-1;0;-103
;ServiceLog;alexkar;1436426452392;unknown;unknown;1;-1;-1;-1;-1;0;-103
;ServiceLog;alexkar;1436426453440;unknown;unknown;1;-1;-1;-1;-1;0;-103
;ServiceLog;alexkar;1436426454496;unknown;unknown;1;-1;-1;-1;-1;0;-103
;ServiceLog;alexkar;1436426455904;unknown;unknown;1;-1;-1;-1;-1;0;-103
;ServiceLog;alexkar;1436426456930;unknown;unknown;1;-1;-1;-1;-1;0;-103
;ServiceLog;alexkar;1436426457970;unknown;unknown;1;-1;-1;-1;-1;0;-103
;ServiceLog;alexkar;1436426459011;unknown;unknown;1;-1;-1;-1;-1;0;-103
;ServiceLog;alexkar;1436426460047;unknown;unknown;1;-1;-1;-1;-1;0;-103
;ServiceLog;alexkar;1436426461075;unknown;unknown;1;-1;-1;-1;-1;0;-103
;ServiceLog;alexkar;1436426462119;unknown;unknown;1;-1;-1;-1;-1;0;-103
;ServiceLog;alexkar;1436426463169;unknown;unknown;1;-1;-1;-1;-1;0;-103
;ServiceLog;alexkar;1436426464218;unknown;unknown;1;-1;-1;-1;-1;0;-103
;ServiceLog;alexkar;1436426465238;unknown;unknown;1;-1;-1;-1;-1;0;-103
;ServiceLog;alexkar;1436426466283;unknown;unknown;1;-1;-1;-1;-1;0;-103
;ServiceLog;alexkar;1436426467338;unknown;unknown;1;-1;-1;-1;-1;0;-103
;ServiceLog;alexkar;1436426468408;unknown;unknown;1;-1;-1;-1;-1;0;-103
;ServiceLog;alexkar;1436426469463;unknown;unknown;1;-1;-1;-1;-1;0;-103
;ServiceLog;alexkar;1436426470514;unknown;unknown;1;-1;-1;-1;-1;0;-103
;ServiceLog;alexkar;1436426471562;unknown;unknown;1;-1;-1;-1;-1;0;-103
;ServiceLog;alexkar;1436426472615;unknown;unknown;1;-1;-1;-1;-1;0;-103
;ServiceLog;alexkar;1436426473662;unknown;unknown;1;-1;-1;-1;-1;0;-103
;ServiceLog;alexkar;1436426474714;unknown;unknown;1;-1;-1;-1;-1;0;-103
;ServiceLog;alexkar;1436426475743;unknown;unknown;1;-1;-1;-1;-1;0;-103
;ServiceLog;alexkar;1436426476784;unknown;unknown;1;-1;-1;-1;-1;0;-103
;ServiceLog;alexkar;1436426477836;unknown;unknown;1;-1;-1;-1;-1;0;-103
;ServiceLog;alexkar;1436426478645;unknown;unknown;1;-1;-1;-1;-1;0;-103
;ServiceLog;alexkar;1436426479680;unknown;unknown;1;260;3;58020;8470;0;-55
;ServiceLog;alexkar;1436426480717;unknown;unknown;1;260;3;58020;8470;0;-55
;ServiceLog;alexkar;1436426481778;unknown;unknown;1;260;3;58020;8470;0;-55
;ServiceLog;alexkar;1436426482825;unknown;unknown;1;260;3;58020;8470;0;-55
;ServiceLog;alexkar;1436426483873;unknown;unknown;1;260;3;58020;8470;0;-55
;ServiceLog;alexkar;1436426484926;unknown;unknown;1;260;3;58020;8470;0;-55
;ServiceLog;alexkar;1436426485994;unknown;unknown;1;260;3;58020;8470;0;-55
;ServiceLog;alexkar;1436426487053;unknown;unknown;1;260;3;58020;8470;0;-55
;ServiceLog;alexkar;1436426488108;unknown;unknown;1;260;3;58020;8470;0;-55
;ServiceLog;alexkar;1436426489150;unknown;unknown;1;260;3;58020;8470;0;-55
;ServiceLog;alexkar;1436426490204;unknown;unknown;1;260;3;58020;8470;0;-55
;ServiceLog;alexkar;1436426491251;unknown;unknown;1;260;3;58020;8470;0;-55
;ServiceLog;alexkar;1436426492300;unknown;unknown;1;260;3;58020;8470;0;-55
;ServiceLog;alexkar;1436426493347;unknown;unknown;1;260;3;58020;8470;0;-55
;ServiceLog;alexkar;1436426494370;unknown;unknown;1;260;3;58020;8470;0;-55
;ServiceLog;alexkar;1436426495420;unknown;unknown;1;260;3;58020;8470;0;-55
;ServiceLog;alexkar;1436426496470;unknown;unknown;1;260;3;58020;8470;0;-55
;ServiceLog;alexkar;1436426497530;unknown;unknown;1;260;3;58020;8470;0;-55
;ServiceLog;alexkar;1436426498575;unknown;unknown;1;260;3;58020;8470;0;-55
;ServiceLog;alexkar;1436426499619;unknown;unknown;1;260;3;58020;8470;0;-55
;ServiceLog;alexkar;1436426500670;unknown;unknown;1;260;3;58020;8470;0;-55
;ServiceLog;alexkar;1436426501719;unknown;unknown;1;260;3;58020;8470;0;-55
;ServiceLog;alexkar;1436426502747;unknown;unknown;1;260;3;58020;8470;0;-55
;ServiceLog;alexkar;1436426503817;unknown;unknown;1;260;3;58020;8470;0;-55
;ServiceLog;alexkar;1436426504877;unknown;unknown;1;260;3;58020;8470;0;-55
;ServiceLog;alexkar;1436426505925;unknown;unknown;1;260;3;58020;8470;0;-55
;ServiceLog;alexkar;1436426506973;unknown;unknown;1;260;3;58020;8470;0;-55
;ServiceLog;alexkar;1436426508024;unknown;unknown;1;260;3;58020;8470;0;-55
;ServiceLog;alexkar;1436426509076;unknown;unknown;1;260;3;58020;8470;0;-55
;ServiceLog;alexkar;1436426510117;unknown;unknown;1;260;3;58020;8470;0;-55
;ServiceLog;alexkar;1436426511171;unknown;unknown;1;260;3;58020;8470;0;-55
;ServiceLog;alexkar;1436426512216;unknown;unknown;1;260;3;58020;8470;0;-71
;ServiceLog;alexkar;1436426513272;unknown;unknown;1;260;3;58020;8470;0;-71
;ServiceLog;alexkar;1436426514325;unknown;unknown;1;260;3;58020;8470;0;-71
;ServiceLog;alexkar;1436426515363;unknown;unknown;1;260;3;58020;8470;0;-75
;ServiceLog;alexkar;1436426516418;unknown;unknown;1;260;3;58020;8470;0;-75
;ServiceLog;alexkar;1436426517437;unknown;unknown;1;260;3;58020;8470;0;-71
;ServiceLog;alexkar;1436426518516;unknown;unknown;1;260;3;58020;8470;0;-71
;ServiceLog;alexkar;1436426519572;unknown;unknown;1;260;3;58020;8470;0;-71
;ServiceLog;alexkar;1436426520618;unknown;unknown;1;260;3;58020;8470;0;-67
;ServiceLog;alexkar;1436426521633;unknown;unknown;1;260;3;58020;8470;0;-67
;ServiceLog;alexkar;1436426522689;unknown;unknown;1;260;3;58020;8470;0;-67
;ServiceLog;alexkar;1436426523740;unknown;unknown;1;260;3;58020;8470;0;-59
;ServiceLog;alexkar;1436426524771;unknown;unknown;1;260;3;58020;8470;0;-59
;ServiceLog;alexkar;1436426525818;unknown;unknown;1;260;3;58020;8470;0;-59
;ServiceLog;alexkar;1436426526847;unknown;unknown;1;260;3;58020;8470;0;-59
;ServiceLog;alexkar;1436426527890;unknown;unknown;1;260;3;58020;8470;0;-59
;ServiceLog;alexkar;1436426528915;unknown;unknown;1;260;3;58020;8470;0;-59
;ServiceLog;alexkar;1436426529959;unknown;unknown;1;260;3;58020;8470;0;-61
;ServiceLog;alexkar;1436426531010;unknown;unknown;1;260;3;58020;8470;0;-61
;ServiceLog;alexkar;1436426532031;unknown;unknown;1;260;3;58020;8470;0;-61
;ServiceLog;alexkar;1436426533103;unknown;unknown;1;260;3;58020;8470;0;-69
;ServiceLog;alexkar;1436426534156;unknown;unknown;1;260;3;58020;8470;0;-69
;ServiceLog;alexkar;1436426535211;unknown;unknown;1;260;3;58020;8470;0;-69
;ServiceLog;alexkar;1436426536259;unknown;unknown;1;260;3;58020;8470;0;-69
;ServiceLog;alexkar;1436426537309;unknown;unknown;1;260;3;58020;8470;0;-69
;ServiceLog;alexkar;1436426538338;unknown;unknown;1;260;3;58020;8470;0;-69
;ServiceLog;alexkar;1436426539362;unknown;unknown;1;260;3;58020;8470;0;-69
;ServiceLog;alexkar;1436426540395;unknown;unknown;1;260;3;58020;8470;0;-69
;ServiceLog;alexkar;1436426541441;unknown;unknown;1;260;3;58020;8470;0;-69
;ServiceLog;alexkar;1436426542492;unknown;unknown;1;260;3;58020;8470;0;-69
;ServiceLog;alexkar;1436426543537;unknown;unknown;1;260;3;58020;8470;0;-69
;ServiceLog;alexkar;1436426544589;unknown;unknown;1;260;3;58020;8470;0;-63
;ServiceLog;alexkar;1436426545665;unknown;unknown;1;260;3;58020;8470;0;-63
;ServiceLog;alexkar;1436426546717;unknown;unknown;1;260;3;58020;8470;0;-63
;ServiceLog;alexkar;1436426547765;unknown;unknown;1;260;3;58020;8470;0;-59
;ServiceLog;alexkar;1436426548822;unknown;unknown;1;260;3;58020;42124244;8;-59
;ServiceLog;alexkar;1436426549867;unknown;unknown;1;260;3;58020;42124244;8;-59
;ServiceLog;alexkar;1436426550919;unknown;unknown;1;260;3;58020;42124244;8;-93
;ServiceLog;alexkar;1436426551952;unknown;unknown;1;260;3;58020;42124244;8;-93
;ServiceLog;alexkar;1436426552986;unknown;unknown;1;260;3;58020;42124244;8;-93
;ServiceLog;alexkar;1436426554009;unknown;unknown;1;260;3;58020;42124244;8;-93
;ServiceLog;alexkar;1436426555047;unknown;unknown;1;260;3;58020;42124244;8;-93
;ServiceLog;alexkar;1436426556082;unknown;unknown;1;260;3;58020;42124244;8;-93
;ServiceLog;alexkar;1436426557154;unknown;unknown;1;260;3;58020;42124244;8;-93
;ServiceLog;alexkar;1436426558174;unknown;unknown;1;260;3;58020;42124244;8;-93
;ServiceLog;alexkar;1436426559223;unknown;unknown;1;260;3;58020;42124244;8;-93
;ServiceLog;alexkar;1436426560277;unknown;unknown;1;260;3;58020;42124244;8;-93
;ServiceLog;alexkar;1436426561334;unknown;unknown;1;260;3;58020;42124244;8;-93
;ServiceLog;alexkar;1436426562386;unknown;unknown;1;260;3;58020;42124244;8;-93
;ServiceLog;alexkar;1436426563432;unknown;unknown;1;260;3;58020;42124244;8;-93
;ServiceLog;alexkar;1436426564485;unknown;unknown;1;260;3;58020;42124244;8;-93
;ServiceLog;alexkar;1436426565527;unknown;unknown;1;260;3;58020;42124244;8;-93
;ServiceLog;alexkar;1436426566579;unknown;unknown;1;260;3;58020;42124244;8;-93
;ServiceLog;alexkar;1436426567624;unknown;unknown;1;260;3;58020;42124244;8;-93
;ServiceLog;alexkar;1436426568678;unknown;unknown;1;260;3;58020;42124244;8;-93
;ServiceLog;alexkar;1436426569728;unknown;unknown;1;260;3;58020;42124244;8;-93
;ServiceLog;alexkar;1436426570785;unknown;unknown;1;260;3;58020;42124244;8;-93
;ServiceLog;alexkar;1436426571829;unknown;unknown;1;260;3;58020;42124182;3;-93
;ServiceLog;alexkar;1436426572860;unknown;unknown;1;260;3;58020;42124182;3;-93
;ServiceLog;alexkar;1436426573944;unknown;unknown;1;260;3;58020;42124182;3;-93
;ServiceLog;alexkar;1436426575032;unknown;unknown;1;260;3;58020;42124182;3;-113
;ServiceLog;alexkar;1436426576084;unknown;unknown;1;260;3;58020;42124182;3;-113
;ServiceLog;alexkar;1436426577139;unknown;unknown;1;260;3;58020;42124182;3;-113
;ServiceLog;alexkar;1436426578191;unknown;unknown;1;260;3;58020;42124182;3;-109
;ServiceLog;alexkar;1436426579238;unknown;unknown;1;260;3;58020;42124182;3;-109
;ServiceLog;alexkar;1436426580288;unknown;unknown;1;260;3;58020;42124182;3;-109
;ServiceLog;alexkar;1436426581380;unknown;unknown;1;260;3;58020;42124182;3;-89
;ServiceLog;alexkar;1436426582423;unknown;unknown;1;260;3;58020;42124182;3;-89
;ServiceLog;alexkar;1436426583473;unknown;unknown;1;260;3;58020;42124182;3;-83
;ServiceLog;alexkar;1436426584533;unknown;unknown;1;260;3;58020;42124182;3;-83
;ServiceLog;alexkar;1436426585571;unknown;unknown;1;260;3;58020;42124182;3;-83
;ServiceLog;alexkar;1436426586616;unknown;unknown;1;260;3;58020;42124182;3;-83
;ServiceLog;alexkar;1436426587714;unknown;unknown;1;260;3;58020;42124182;3;-83
;ServiceLog;alexkar;1436426588778;unknown;unknown;1;260;3;58020;42124182;3;-83
;ServiceLog;alexkar;1436426589829;unknown;unknown;1;260;3;58020;42124182;3;-83
;ServiceLog;alexkar;1436426590880;unknown;unknown;1;260;3;58020;42124182;3;-83
;ServiceLog;alexkar;1436426591942;unknown;unknown;1;260;3;58020;42124182;3;-83
;ServiceLog;alexkar;1436426593007;unknown;unknown;1;260;3;58020;42124182;3;-73
;ServiceLog;alexkar;1436426594059;unknown;unknown;1;260;3;58020;42124182;3;-73
;ServiceLog;alexkar;1436426595109;unknown;unknown;1;260;3;58020;42124182;3;-73
;ServiceLog;alexkar;1436426596155;unknown;unknown;1;260;3;58020;42124182;3;-73
;ServiceLog;alexkar;1436426597210;unknown;unknown;1;260;3;58020;42124182;3;-73
;ServiceLog;alexkar;1436426598255;unknown;unknown;1;260;3;58020;42124182;3;-73
;ServiceLog;alexkar;1436426599311;unknown;unknown;1;260;3;58020;42124182;3;-73
;ServiceLog;alexkar;1436426600355;unknown;unknown;1;260;3;58020;42124182;3;-73
;ServiceLog;alexkar;1436426601413;unknown;unknown;1;260;3;58020;42124182;3;-87
;ServiceLog;alexkar;1436426602459;unknown;unknown;1;260;3;58020;42124182;3;-87
;ServiceLog;alexkar;1436426603509;unknown;unknown;1;260;3;58020;42124182;3;-87
;ServiceLog;alexkar;1436426604562;unknown;unknown;1;260;3;58020;42124182;3;-81
;ServiceLog;alexkar;1436426605590;unknown;unknown;1;260;3;58020;42124182;3;-81
;ServiceLog;alexkar;1436426606626;unknown;unknown;1;260;3;58020;42124182;3;-81
;ServiceLog;alexkar;1436426607674;unknown;unknown;1;260;3;58020;42124182;3;-81
;ServiceLog;alexkar;1436426608743;unknown;unknown;1;260;3;58020;42124182;3;-81
;ServiceLog;alexkar;1436426609804;unknown;unknown;1;260;3;58020;42124182;3;-81
;ServiceLog;alexkar;1436426610862;unknown;unknown;1;260;3;58020;42124182;3;-81
;ServiceLog;alexkar;1436426611914;unknown;unknown;1;260;3;58020;42124182;3;-81
;ServiceLog;alexkar;1436426612604;unknown;unknown;1;260;3;58020;42124182;3;-81
;ServiceLog;alexkar;1436426613624;unknown;unknown;1;260;3;58020;42124182;3;-81
;ServiceLog;alexkar;1436426614682;unknown;unknown;1;260;3;58020;42124182;3;-81
;ServiceLog;alexkar;1436426616541;unknown;unknown;1;260;3;58020;42124182;3;-81
;ServiceLog;alexkar;1436426617600;unknown;unknown;1;260;3;58020;42124182;3;-81
;ServiceLog;alexkar;1436426618623;unknown;unknown;1;260;3;58020;42124182;3;-81
;ServiceLog;alexkar;1436426619654;unknown;unknown;1;260;3;58020;42124182;3;-63
;ServiceLog;alexkar;1436426620674;unknown;unknown;1;260;3;58020;42124182;3;-63
;ServiceLog;alexkar;1436426621715;unknown;unknown;1;260;3;58020;42124182;3;-63
;ServiceLog;alexkar;1436426622759;unknown;unknown;1;260;3;58020;42124182;3;-63
;ServiceLog;alexkar;1436426623813;unknown;unknown;1;260;3;58020;42124182;3;-63
;ServiceLog;alexkar;1436426624845;unknown;unknown;1;260;3;58020;42124182;3;-63
;ServiceLog;alexkar;1436426625892;unknown;unknown;1;260;3;58020;42124182;3;-63
;ServiceLog;alexkar;1436426626940;unknown;unknown;1;260;3;58020;42124182;3;-63
;ServiceLog;alexkar;1436426627979;unknown;unknown;1;260;3;58020;42124182;3;-63
;ServiceLog;alexkar;1436426629027;unknown;unknown;1;260;3;58020;42124182;3;-65
;ServiceLog;alexkar;1436426630077;unknown;unknown;1;260;3;58020;42124182;3;-65
;ServiceLog;alexkar;1436426631110;unknown;unknown;1;260;3;58020;42124182;3;-65
;ServiceLog;alexkar;1436426632137;unknown;unknown;1;260;3;58020;42124182;3;-73
;ServiceLog;alexkar;1436426633190;unknown;unknown;1;260;3;58020;42124182;3;-73
;ServiceLog;alexkar;1436426634278;unknown;unknown;1;260;3;58020;42124182;3;-73
;ServiceLog;alexkar;1436426635325;unknown;unknown;1;260;3;58020;42124182;3;-63
;ServiceLog;alexkar;1436426636376;unknown;unknown;1;260;3;58020;42124182;3;-63
;ServiceLog;alexkar;1436426637430;unknown;unknown;1;260;3;58020;42124182;3;-63
;ServiceLog;alexkar;1436426638481;unknown;unknown;1;260;3;58020;42124182;3;-65
;ServiceLog;alexkar;1436426639533;unknown;unknown;1;260;3;58020;42124182;3;-65
;ServiceLog;alexkar;1436426640580;unknown;unknown;1;260;3;58020;42124182;3;-65
;ServiceLog;alexkar;1436426641619;unknown;unknown;1;260;3;58020;42124182;3;-79
;ServiceLog;alexkar;1436426642664;unknown;unknown;1;260;3;58020;42124182;3;-79
;ServiceLog;alexkar;1436426643681;unknown;unknown;1;260;3;58020;42124182;3;-83
;ServiceLog;alexkar;1436426644709;unknown;unknown;1;260;3;58020;42124182;3;-83
;ServiceLog;alexkar;1436426645764;unknown;unknown;1;260;3;58020;42124182;3;-83
;ServiceLog;alexkar;1436426646803;unknown;unknown;1;260;3;58020;42124182;3;-93
;ServiceLog;alexkar;1436426647845;unknown;unknown;1;260;3;58020;42124182;3;-93
;ServiceLog;alexkar;1436426648896;unknown;unknown;1;260;3;58020;42124182;3;-93
;ServiceLog;alexkar;1436426649946;unknown;unknown;1;260;3;58020;42124182;3;-109
;ServiceLog;alexkar;1436426650989;unknown;unknown;1;260;3;58020;42124182;3;-109
;ServiceLog;alexkar;1436426652042;unknown;unknown;1;260;3;58020;42124182;3;-109
;ServiceLog;alexkar;1436426653092;unknown;unknown;1;260;3;58020;42124182;3;-109
;ServiceLog;alexkar;1436426654140;unknown;unknown;1;260;3;58020;42124182;3;-109
;ServiceLog;alexkar;1436426655189;unknown;unknown;1;260;3;58020;42124182;3;-109
;ServiceLog;alexkar;1436426656237;unknown;unknown;1;260;3;58020;42124182;3;-85
;ServiceLog;alexkar;1436426657256;unknown;unknown;1;260;3;58020;42124182;3;-85
;ServiceLog;alexkar;1436426658309;unknown;unknown;1;260;3;58020;42124182;3;-85
;ServiceLog;alexkar;1436426659377;unknown;unknown;1;260;3;58020;42124182;3;-81
;ServiceLog;alexkar;1436426660438;unknown;unknown;1;260;3;58020;42124182;3;-81
;ServiceLog;alexkar;1436426661485;unknown;unknown;1;260;3;58020;42124182;3;-81
;ServiceLog;alexkar;1436426662544;unknown;unknown;1;260;3;58020;42124182;3;-77
;ServiceLog;alexkar;1436426663590;unknown;unknown;1;260;3;58020;42124182;3;-77
;ServiceLog;alexkar;1436426664638;unknown;unknown;1;260;3;58020;42124182;3;-75
;ServiceLog;alexkar;1436426665660;unknown;unknown;1;260;3;58020;42124182;3;-75
;ServiceLog;alexkar;1436426666711;unknown;unknown;1;260;3;58020;42124182;3;-75
;ServiceLog;alexkar;1436426667756;unknown;unknown;1;260;3;58020;42124182;3;-89
;ServiceLog;alexkar;1436426668809;unknown;unknown;1;260;3;58020;42124182;3;-89
;ServiceLog;alexkar;1436426669858;unknown;unknown;1;260;3;58020;42124182;3;-89
;ServiceLog;alexkar;1436426670910;unknown;unknown;1;260;3;58020;42124182;3;-101
;ServiceLog;alexkar;1436426671963;unknown;unknown;1;260;3;58020;42124182;3;-101
;ServiceLog;alexkar;1436426673015;unknown;unknown;1;260;3;58020;42124182;3;-101
;ServiceLog;alexkar;1436426674060;unknown;unknown;1;260;3;58020;42124182;3;-101
;ServiceLog;alexkar;1436426675141;unknown;unknown;1;260;3;58020;42124182;3;-101
;ServiceLog;alexkar;1436426676191;unknown;unknown;1;260;3;58020;42124182;3;-101
;ServiceLog;alexkar;1436426677269;unknown;unknown;1;260;3;58020;42124182;3;-111
;ServiceLog;alexkar;1436426678319;unknown;unknown;1;260;3;58020;42124182;3;-111
;ServiceLog;alexkar;1436426679365;unknown;unknown;1;260;3;58020;42124182;3;-111
;ServiceLog;alexkar;1436426680418;unknown;unknown;1;260;3;58020;9026;0;-111
;ServiceLog;alexkar;1436426681468;unknown;unknown;1;260;3;58020;9026;0;-111
;ServiceLog;alexkar;1436426682523;unknown;unknown;1;260;3;58020;9026;0;-111
;ServiceLog;alexkar;1436426683570;unknown;unknown;1;260;3;58020;9026;0;-99
;ServiceLog;alexkar;1436426684622;unknown;unknown;1;260;3;58020;9026;0;-99
;ServiceLog;alexkar;1436426685667;unknown;unknown;1;260;3;58020;9026;0;-99
;ServiceLog;alexkar;1436426686716;unknown;unknown;1;260;3;58020;9026;0;-99
;ServiceLog;alexkar;1436426687743;unknown;unknown;1;260;3;58020;9026;0;-99
;ServiceLog;alexkar;1436426688790;unknown;unknown;1;260;3;58020;9026;0;-99
;ServiceLog;alexkar;1436426689845;unknown;unknown;1;260;3;58020;9026;0;-99
;ServiceLog;alexkar;1436426690890;unknown;unknown;1;260;3;58020;9734;0;-99
;ServiceLog;alexkar;1436426691922;unknown;unknown;1;260;3;58020;9734;0;-99
;ServiceLog;alexkar;1436426692967;unknown;unknown;1;260;3;58020;9734;0;-99
;ServiceLog;alexkar;1436426694014;unknown;unknown;1;260;3;58020;9734;0;-57
;ServiceLog;alexkar;1436426695098;unknown;unknown;1;260;3;58020;9734;0;-57
;ServiceLog;alexkar;1436426696140;unknown;unknown;1;260;3;58020;9734;0;-57
;ServiceLog;alexkar;1436426697186;unknown;unknown;1;260;3;58020;9734;0;-57
;ServiceLog;alexkar;1436426698244;unknown;unknown;1;260;3;58020;9734;0;-57
;ServiceLog;alexkar;1436426699289;unknown;unknown;1;260;3;58020;9734;0;-57
;ServiceLog;alexkar;1436426700336;unknown;unknown;1;260;3;58020;9734;0;-57
;ServiceLog;alexkar;1436426701386;unknown;unknown;1;260;3;58020;9734;0;-57
;ServiceLog;alexkar;1436426702454;unknown;unknown;1;260;3;58020;42098107;18;-57
;ServiceLog;alexkar;1436426703514;unknown;unknown;1;260;3;58020;42098107;18;-57
;ServiceLog;alexkar;1436426704564;unknown;unknown;1;260;3;58020;42098107;18;-61
;ServiceLog;alexkar;1436426705615;unknown;unknown;1;260;3;58020;42098107;18;-61
;ServiceLog;alexkar;1436426706670;unknown;unknown;1;260;3;58020;42098107;18;-61
;ServiceLog;alexkar;1436426707722;unknown;unknown;1;260;3;58020;42098107;18;-61
;ServiceLog;alexkar;1436426708771;unknown;unknown;1;260;3;58020;42098107;18;-61
;ServiceLog;alexkar;1436426709849;unknown;unknown;1;260;3;58020;42098107;18;-51
;ServiceLog;alexkar;1436426710901;unknown;unknown;1;260;3;58020;42098107;18;-51
;ServiceLog;alexkar;1436426711952;unknown;unknown;1;260;3;58020;42098107;18;-51
;ServiceLog;alexkar;1436426713006;unknown;unknown;1;260;3;58020;42098107;18;-51
;ServiceLog;alexkar;1436426714055;unknown;unknown;1;260;3;58020;42098107;18;-51
;ServiceLog;alexkar;1436426715074;unknown;unknown;1;260;3;58020;42098107;18;-51
;ServiceLog;alexkar;1436426716093;unknown;unknown;1;260;3;58020;42098107;18;-51
;ServiceLog;alexkar;1436426717149;unknown;unknown;1;260;3;58020;42098107;18;-51
;ServiceLog;alexkar;1436426718200;unknown;unknown;1;260;3;58020;42098107;18;-51
;ServiceLog;alexkar;1436426719219;unknown;unknown;1;260;3;58020;42098107;18;-51
;ServiceLog;alexkar;1436426720259;unknown;unknown;1;260;3;58020;42098107;18;-51
;ServiceLog;alexkar;1436426721309;unknown;unknown;1;260;3;58020;42098107;18;-51
;ServiceLog;alexkar;1436426722359;unknown;unknown;1;260;3;58020;42098107;18;-51
;ServiceLog;alexkar;1436426723411;unknown;unknown;1;260;3;58020;42098107;18;-51
;ServiceLog;alexkar;1436426724445;unknown;unknown;1;260;3;58020;42098107;18;-51
;ServiceLog;alexkar;1436426725511;unknown;unknown;1;260;3;58020;42098107;18;-51
;ServiceLog;alexkar;1436426726554;unknown;unknown;1;260;3;58020;42098107;18;-51
;ServiceLog;alexkar;1436426727609;unknown;unknown;1;260;3;58020;42098107;18;-51
;ServiceLog;alexkar;1436426728657;unknown;unknown;1;260;3;58020;42098107;18;-51
;ServiceLog;alexkar;1436426729675;unknown;unknown;1;260;3;58020;42098107;18;-51
;ServiceLog;alexkar;1436426730732;unknown;unknown;1;260;3;58020;42098107;18;-51
;ServiceLog;alexkar;1436426731781;unknown;unknown;1;260;3;58020;42098107;18;-51
;ServiceLog;alexkar;1436426732829;unknown;unknown;1;260;3;58020;42098107;18;-51
;ServiceLog;alexkar;1436426733876;unknown;unknown;1;260;3;58020;42098107;18;-51
;ServiceLog;alexkar;1436426734928;unknown;unknown;1;260;3;58020;42098107;18;-51
;ServiceLog;alexkar;1436426735980;unknown;unknown;1;260;3;58020;42098107;18;-51
;ServiceLog;alexkar;1436426737029;unknown;unknown;1;260;3;58020;42098107;18;-51
;ServiceLog;alexkar;1436426738079;unknown;unknown;1;260;3;58020;42098107;18;-51
;ServiceLog;alexkar;1436426739153;unknown;unknown;1;260;3;58020;42098107;18;-51
;ServiceLog;alexkar;1436426740209;unknown;unknown;1;260;3;58020;42098107;18;-65
;ServiceLog;alexkar;1436426741255;unknown;unknown;1;260;3;58020;42098107;18;-65
;ServiceLog;alexkar;1436426742276;unknown;unknown;1;260;3;58020;42098107;18;-65
;ServiceLog;alexkar;1436426743293;unknown;unknown;1;260;3;58020;42098107;18;-65
;ServiceLog;alexkar;1436426744310;unknown;unknown;1;260;3;58020;42098107;18;-65
;ServiceLog;alexkar;1436426745332;unknown;unknown;1;260;3;58020;42098107;18;-65
;ServiceLog;alexkar;1436426746355;unknown;unknown;1;260;3;58020;42098107;18;-65
;ServiceLog;alexkar;1436426747406;unknown;unknown;1;260;3;58020;42098107;18;-65
;ServiceLog;alexkar;1436426748463;unknown;unknown;1;260;3;58020;42098107;18;-65
;ServiceLog;alexkar;1436426749546;unknown;unknown;1;260;3;58020;42098107;18;-59
;ServiceLog;alexkar;1436426750595;unknown;unknown;1;260;3;58020;42098107;18;-59
;ServiceLog;alexkar;1436426751645;unknown;unknown;1;260;3;58020;42098107;18;-59
;ServiceLog;alexkar;1436426752706;unknown;unknown;1;260;3;58020;42098107;18;-59
;ServiceLog;alexkar;1436426753751;unknown;unknown;1;260;3;58020;42098107;18;-59
;ServiceLog;alexkar;1436426754805;unknown;unknown;1;260;3;58020;42098107;18;-59
;ServiceLog;alexkar;1436426755850;unknown;unknown;1;260;3;58020;42098107;18;-59
;ServiceLog;alexkar;1436426756902;unknown;unknown;1;260;3;58020;42098107;18;-59
;ServiceLog;alexkar;1436426758083;unknown;unknown;1;260;3;58020;42098107;18;-73
;ServiceLog;alexkar;1436426759144;unknown;unknown;1;260;3;58020;42098107;18;-73
;ServiceLog;alexkar;1436426760211;unknown;unknown;1;260;3;58020;42098107;18;-73
;ServiceLog;alexkar;1436426761248;unknown;unknown;1;260;3;58020;42098107;18;-85
;ServiceLog;alexkar;1436426762291;unknown;unknown;1;260;3;58020;42098107;18;-85
;ServiceLog;alexkar;1436426763336;unknown;unknown;1;260;3;58020;42098107;18;-85
;ServiceLog;alexkar;1436426764391;unknown;unknown;1;260;3;58020;42098107;18;-91
;ServiceLog;alexkar;1436426765444;unknown;unknown;1;260;3;58020;42098107;18;-91
;ServiceLog;alexkar;1436426766495;unknown;unknown;1;260;3;58020;42098107;18;-91
;ServiceLog;alexkar;1436426767540;unknown;unknown;1;260;3;58020;42098107;18;-91
;ServiceLog;alexkar;1436426768586;unknown;unknown;1;260;3;58020;42098107;18;-91
;ServiceLog;alexkar;1436426769641;unknown;unknown;1;260;3;58020;42098107;18;-97
;ServiceLog;alexkar;1436426770688;unknown;unknown;1;260;3;58020;42098107;18;-97
;ServiceLog;alexkar;1436426771739;unknown;unknown;1;260;3;58020;42097664;16;-97
;ServiceLog;alexkar;1436426772826;unknown;unknown;1;260;3;58020;42097664;16;-89
;ServiceLog;alexkar;1436426773869;unknown;unknown;1;260;3;58020;42097664;16;-89
;ServiceLog;alexkar;1436426774923;unknown;unknown;1;260;3;58020;42097664;16;-89
;ServiceLog;alexkar;1436426775975;unknown;unknown;1;260;3;58020;42097664;16;-81
;ServiceLog;alexkar;1436426777019;unknown;unknown;1;260;3;58020;42097664;16;-81
;ServiceLog;alexkar;1436426778099;unknown;unknown;1;260;3;58020;42097664;16;-81
;ServiceLog;alexkar;1436426779146;unknown;unknown;1;260;3;58020;42097664;16;-61
;ServiceLog;alexkar;1436426780197;unknown;unknown;1;260;3;58020;42097664;16;-61
;ServiceLog;alexkar;1436426781246;unknown;unknown;1;260;3;58020;42097664;16;-61
;ServiceLog;alexkar;1436426782300;unknown;unknown;1;260;3;58020;42097664;16;-61
;ServiceLog;alexkar;1436426783347;unknown;unknown;1;260;3;58020;42097664;16;-61
;ServiceLog;alexkar;1436426784401;unknown;unknown;1;260;3;58020;42097664;16;-61
;ServiceLog;alexkar;1436426785446;unknown;unknown;1;260;3;58020;42097664;16;-61
;ServiceLog;alexkar;1436426786501;unknown;unknown;1;260;3;58020;42097664;16;-61
;ServiceLog;alexkar;1436426787545;unknown;unknown;1;260;3;58020;42097664;16;-61
;ServiceLog;alexkar;1436426788573;unknown;unknown;1;260;3;58020;42097664;16;-57
;ServiceLog;alexkar;1436426789626;unknown;unknown;1;260;3;58020;42097664;16;-57
;ServiceLog;alexkar;1436426790671;unknown;unknown;1;260;3;58020;42097664;16;-57
;ServiceLog;alexkar;1436426791719;unknown;unknown;1;260;3;58020;42097664;16;-57
;ServiceLog;alexkar;1436426792768;unknown;unknown;1;260;3;58020;42097664;16;-57
;ServiceLog;alexkar;1436426793816;unknown;unknown;1;260;3;58020;42097664;16;-61
;ServiceLog;alexkar;1436426794851;unknown;unknown;1;260;3;58020;42097664;16;-61
;ServiceLog;alexkar;1436426795891;unknown;unknown;1;260;3;58020;42097664;16;-61
;ServiceLog;alexkar;1436426796936;unknown;unknown;1;260;3;58020;42097664;16;-67
;ServiceLog;alexkar;1436426797990;unknown;unknown;1;260;3;58020;42097664;16;-67
;ServiceLog;alexkar;1436426799017;unknown;unknown;1;260;3;58020;42097664;16;-67
;ServiceLog;alexkar;1436426800064;unknown;unknown;1;260;3;58020;42097664;16;-57
;ServiceLog;alexkar;1436426801115;unknown;unknown;1;260;3;58020;42097664;16;-57
;ServiceLog;alexkar;1436426802160;unknown;unknown;1;260;3;58020;42097664;16;-57
;ServiceLog;alexkar;1436426803181;unknown;unknown;1;260;3;58020;42097664;16;-57
;ServiceLog;alexkar;1436426804230;unknown;unknown;1;260;3;58020;42097664;16;-57
;ServiceLog;alexkar;1436426805263;unknown;unknown;1;260;3;58020;42097664;16;-57
;ServiceLog;alexkar;1436426806310;unknown;unknown;1;260;3;58020;42097664;16;-57
;ServiceLog;alexkar;1436426807353;unknown;unknown;1;260;3;58020;42097664;16;-57
;ServiceLog;alexkar;1436426808402;unknown;unknown;1;260;3;58020;42097664;16;-57
;ServiceLog;alexkar;1436426809448;unknown;unknown;1;260;3;58020;42097664;16;-57
;ServiceLog;alexkar;1436426810482;unknown;unknown;1;260;3;58020;42097664;16;-57
;ServiceLog;alexkar;1436426811545;unknown;unknown;1;260;3;58020;42097664;16;-57
;ServiceLog;alexkar;1436426812603;unknown;unknown;1;260;3;58020;42097664;16;-57
;ServiceLog;alexkar;1436426813649;unknown;unknown;1;260;3;58020;42097664;16;-57
;ServiceLog;alexkar;1436426814675;unknown;unknown;1;260;3;58020;42097664;16;-57
;ServiceLog;alexkar;1436426815719;unknown;unknown;1;260;3;58020;42097664;16;-57
;ServiceLog;alexkar;1436426816767;unknown;unknown;1;260;3;58020;42097664;16;-57
;ServiceLog;alexkar;1436426817809;unknown;unknown;1;260;3;58020;42097664;16;-57
;ServiceLog;alexkar;1436426818869;unknown;unknown;1;260;3;58020;42097664;16;-57
;ServiceLog;alexkar;1436426819917;unknown;unknown;1;260;3;58020;42097664;16;-57
;ServiceLog;alexkar;1436426820971;unknown;unknown;1;260;3;58020;42097664;16;-57
;ServiceLog;alexkar;1436426822016;unknown;unknown;1;260;3;58020;42097664;16;-57
;ServiceLog;alexkar;1436426823067;unknown;unknown;1;260;3;58020;42097664;16;-57
;ServiceLog;alexkar;1436426824116;unknown;unknown;1;260;3;58020;42097664;16;-57
;ServiceLog;alexkar;1436426825188;unknown;unknown;1;260;3;58020;42097664;16;-57
;ServiceLog;alexkar;1436426826222;unknown;unknown;1;260;3;58020;42097664;16;-57
;ServiceLog;alexkar;1436426827270;unknown;unknown;1;260;3;58020;42097664;16;-57
;ServiceLog;alexkar;1436426828322;unknown;unknown;1;260;3;58020;42097664;16;-57
;ServiceLog;alexkar;1436426829367;unknown;unknown;1;260;3;58020;42097664;16;-57
;ServiceLog;alexkar;1436426830415;unknown;unknown;1;260;3;58020;42097664;16;-57
;ServiceLog;alexkar;1436426831474;unknown;unknown;1;260;3;58020;42097664;16;-57
;ServiceLog;alexkar;1436426832523;unknown;unknown;1;260;3;58020;42097664;16;-57
;ServiceLog;alexkar;1436426833569;unknown;unknown;1;260;3;58020;42097664;16;-57
;ServiceLog;alexkar;1436426834623;unknown;unknown;1;260;3;58020;42097664;16;-57
;ServiceLog;alexkar;1436426835701;unknown;unknown;1;260;3;58020;42097664;16;-57
;ServiceLog;alexkar;1436426836756;unknown;unknown;1;260;3;58020;42097664;16;-57
;ServiceLog;alexkar;1436426837806;unknown;unknown;1;260;3;58020;42097664;16;-57
;ServiceLog;alexkar;1436426838854;unknown;unknown;1;260;3;58020;42097664;16;-65
;ServiceLog;alexkar;1436426839896;unknown;unknown;1;260;3;58020;42097664;16;-65
;ServiceLog;alexkar;1436426840926;unknown;unknown;1;260;3;58020;42097664;16;-65
;ServiceLog;alexkar;1436426841967;unknown;unknown;1;260;3;58020;42097664;16;-65
;ServiceLog;alexkar;1436426843021;unknown;unknown;1;260;3;58020;42097664;16;-65
;ServiceLog;alexkar;1436426844067;unknown;unknown;1;260;3;58020;42097664;16;-65
;ServiceLog;alexkar;1436426845122;unknown;unknown;1;260;3;58020;42097664;16;-65
;ServiceLog;alexkar;1436426846171;unknown;unknown;1;260;3;58020;42097664;16;-65
;ServiceLog;alexkar;1436426847226;unknown;unknown;1;260;3;58020;42097664;16;-65
;ServiceLog;alexkar;1436426848273;unknown;unknown;1;260;3;58020;42097664;16;-55
;ServiceLog;alexkar;1436426849324;unknown;unknown;1;260;3;58020;42097664;16;-55
;ServiceLog;alexkar;1436426850374;unknown;unknown;1;260;3;58020;42097664;16;-55
;ServiceLog;alexkar;1436426851418;unknown;unknown;1;260;3;58020;42097664;16;-73
;ServiceLog;alexkar;1436426852493;unknown;unknown;1;260;3;58020;42097664;16;-73
;ServiceLog;alexkar;1436426853547;unknown;unknown;1;260;3;58020;42097664;16;-73
;ServiceLog;alexkar;1436426854568;unknown;unknown;1;260;3;58020;42097664;16;-83
;ServiceLog;alexkar;1436426855623;unknown;unknown;1;260;3;58020;42097664;16;-83
;ServiceLog;alexkar;1436426856668;unknown;unknown;1;260;3;58020;42097664;16;-89
;ServiceLog;alexkar;1436426857718;unknown;unknown;1;260;3;58020;42097664;16;-89
;ServiceLog;alexkar;1436426858771;unknown;unknown;1;260;3;58020;42097664;16;-89
;ServiceLog;alexkar;1436426859849;unknown;unknown;1;260;3;58020;42097664;16;-89
;ServiceLog;alexkar;1436426860901;unknown;unknown;1;260;3;58020;42097664;16;-89
;ServiceLog;alexkar;1436426861954;unknown;unknown;1;260;3;58020;42097664;16;-89
;ServiceLog;alexkar;1436426863003;unknown;unknown;1;260;3;58020;42124305;16;-97
;ServiceLog;alexkar;1436426864054;unknown;unknown;1;260;3;58020;42124305;16;-97
;ServiceLog;alexkar;1436426865105;unknown;unknown;1;260;3;58020;42124305;16;-97
;ServiceLog;alexkar;1436426866153;unknown;unknown;1;260;3;58020;42124305;16;-103
;ServiceLog;alexkar;1436426867202;unknown;unknown;1;260;3;58020;42124305;16;-103
;ServiceLog;alexkar;1436426868251;unknown;unknown;1;260;3;58020;42124305;16;-103
;ServiceLog;alexkar;1436426869297;unknown;unknown;1;260;3;58020;42124305;16;-103
;ServiceLog;alexkar;1436426870373;unknown;unknown;1;260;3;58020;42124328;15;-103
;ServiceLog;alexkar;1436426871404;unknown;unknown;1;260;3;58020;42124328;15;-103
;ServiceLog;alexkar;1436426872452;unknown;unknown;1;260;3;58020;42124328;15;-79
;ServiceLog;alexkar;1436426873494;unknown;unknown;1;260;3;58020;42124328;15;-79
;ServiceLog;alexkar;1436426874546;unknown;unknown;1;260;3;58020;42124328;15;-79
;ServiceLog;alexkar;1436426875569;unknown;unknown;1;260;3;58020;42124328;15;-69
;ServiceLog;alexkar;1436426876621;unknown;unknown;1;260;3;58020;42124328;15;-69
;ServiceLog;alexkar;1436426877666;unknown;unknown;1;260;3;58020;42124328;15;-69
;ServiceLog;alexkar;1436426878715;unknown;unknown;1;260;3;58020;42124328;15;-69
;ServiceLog;alexkar;1436426879769;unknown;unknown;1;260;3;58020;42124328;15;-69
;ServiceLog;alexkar;1436426880851;unknown;unknown;1;260;3;58020;42124328;15;-63
;ServiceLog;alexkar;1436426881902;unknown;unknown;1;260;3;58020;42124328;15;-63
;ServiceLog;alexkar;1436426882952;unknown;unknown;1;260;3;58020;42124328;15;-63
;ServiceLog;alexkar;1436426883997;unknown;unknown;1;260;3;58020;42124328;15;-65
;ServiceLog;alexkar;1436426885049;unknown;unknown;1;260;3;58020;42124328;15;-65
;ServiceLog;alexkar;1436426886102;unknown;unknown;1;260;3;58020;42124328;15;-65
;ServiceLog;alexkar;1436426887151;unknown;unknown;1;260;3;58020;42124328;15;-75
;ServiceLog;alexkar;1436426888204;unknown;unknown;1;260;3;58020;42124328;15;-75
;ServiceLog;alexkar;1436426889248;unknown;unknown;1;260;3;58020;42124328;15;-75
;ServiceLog;alexkar;1436426890303;unknown;unknown;1;260;3;58020;42124328;15;-83
;ServiceLog;alexkar;1436426891352;unknown;unknown;1;260;3;58020;42124328;15;-83
;ServiceLog;alexkar;1436426892397;unknown;unknown;1;260;3;58020;42124328;15;-83
;ServiceLog;alexkar;1436426893451;unknown;unknown;1;260;3;58020;42124328;15;-79
;ServiceLog;alexkar;1436426894501;unknown;unknown;1;260;3;58020;42124328;15;-79
;ServiceLog;alexkar;1436426895549;unknown;unknown;1;260;3;58020;42124328;15;-79
;ServiceLog;alexkar;1436426896601;unknown;unknown;1;260;3;58020;42124328;15;-79
;ServiceLog;alexkar;1436426897653;unknown;unknown;1;260;3;58020;42124328;15;-79
;ServiceLog;alexkar;1436426898703;unknown;unknown;1;260;3;58020;42124328;15;-81
;ServiceLog;alexkar;1436426899752;unknown;unknown;1;260;3;58020;42124328;15;-81
;ServiceLog;alexkar;1436426900803;unknown;unknown;1;260;3;58020;42124328;15;-81
;ServiceLog;alexkar;1436426901850;unknown;unknown;1;260;3;58020;42124328;15;-79
;ServiceLog;alexkar;1436426902902;unknown;unknown;1;260;3;58020;42124328;15;-79
;ServiceLog;alexkar;1436426903950;unknown;unknown;1;260;3;58020;42124328;15;-79
;ServiceLog;alexkar;1436426905003;unknown;unknown;1;260;3;58020;42124328;15;-79
;ServiceLog;alexkar;1436426906052;unknown;unknown;1;260;3;58020;42124328;15;-79
;ServiceLog;alexkar;1436426907097;unknown;unknown;1;260;3;58020;42124328;15;-79
;ServiceLog;alexkar;1436426908148;unknown;unknown;1;260;3;58020;42124328;15;-79
;ServiceLog;alexkar;1436426909210;unknown;unknown;1;260;3;58020;42124328;15;-79
;ServiceLog;alexkar;1436426910256;unknown;unknown;1;260;3;58020;42124328;15;-79
;ServiceLog;alexkar;1436426911300;unknown;unknown;1;260;3;58020;42124328;15;-83
;ServiceLog;alexkar;1436426912349;unknown;unknown;1;260;3;58020;42124328;15;-83
;ServiceLog;alexkar;1436426913400;unknown;unknown;1;260;3;58020;42124328;15;-83
;ServiceLog;alexkar;1436426914451;unknown;unknown;1;260;3;58020;42124328;15;-83
;ServiceLog;alexkar;1436426915500;unknown;unknown;1;260;3;58020;42124328;15;-83
;ServiceLog;alexkar;1436426916574;unknown;unknown;1;260;3;58020;42124328;15;-83
;ServiceLog;alexkar;1436426917635;unknown;unknown;1;260;3;58020;42124328;15;-83
;ServiceLog;alexkar;1436426918680;unknown;unknown;1;260;3;58020;42124328;15;-83
;ServiceLog;alexkar;1436426919852;unknown;unknown;1;260;3;58020;42124328;15;-77
;ServiceLog;alexkar;1436426920901;unknown;unknown;1;260;3;58020;42124328;15;-77
;ServiceLog;alexkar;1436426921950;unknown;unknown;1;260;3;58020;42124328;15;-77
;ServiceLog;alexkar;1436426922998;unknown;unknown;1;260;3;58020;42124328;15;-69
;ServiceLog;alexkar;1436426924019;unknown;unknown;1;260;3;58020;42124328;15;-69
;ServiceLog;alexkar;1436426925053;unknown;unknown;1;260;3;58020;42124328;15;-69
;ServiceLog;alexkar;1436426926113;unknown;unknown;1;260;3;58020;42124328;15;-69
;ServiceLog;alexkar;1436426927167;unknown;unknown;1;260;3;58020;42124328;15;-69
;ServiceLog;alexkar;1436426928246;unknown;unknown;1;260;3;58020;42124328;15;-69
;ServiceLog;alexkar;1436426929300;unknown;unknown;1;260;3;58020;42124328;15;-69
;ServiceLog;alexkar;1436426930349;unknown;unknown;1;260;3;58020;42124328;15;-69
;ServiceLog;alexkar;1436426931404;unknown;unknown;1;260;3;58020;42124328;15;-69
;ServiceLog;alexkar;1436426932451;unknown;unknown;1;260;3;58020;42124328;15;-71
;ServiceLog;alexkar;1436426933507;unknown;unknown;1;260;3;58020;42124328;15;-71
;ServiceLog;alexkar;1436426934555;unknown;unknown;1;260;3;58020;42124328;15;-71
;ServiceLog;alexkar;1436426935604;unknown;unknown;1;260;3;58020;42124328;15;-75
;ServiceLog;alexkar;1436426936657;unknown;unknown;1;260;3;58020;42124328;15;-75
;ServiceLog;alexkar;1436426937702;unknown;unknown;1;260;3;58020;42124328;15;-85
;ServiceLog;alexkar;1436426938756;unknown;unknown;1;260;3;58020;42124328;15;-85
;ServiceLog;alexkar;1436426939802;unknown;unknown;1;260;3;58020;42124328;15;-85
;ServiceLog;alexkar;1436426940876;unknown;unknown;1;260;3;58020;42124328;15;-99
;ServiceLog;alexkar;1436426941935;unknown;unknown;1;260;3;58020;42124328;15;-99
;ServiceLog;alexkar;1436426942981;unknown;unknown;1;260;3;58020;42124328;15;-99
;ServiceLog;alexkar;1436426944031;unknown;unknown;1;260;3;58020;42124328;15;-103
;ServiceLog;alexkar;1436426945084;unknown;unknown;1;260;3;58020;42124328;15;-103
;ServiceLog;alexkar;1436426946156;unknown;unknown;1;260;3;58020;42124328;15;-103
;ServiceLog;alexkar;1436426947205;unknown;unknown;1;260;3;58020;42124328;15;-107
;ServiceLog;alexkar;1436426948258;unknown;unknown;1;260;3;58020;42124192;14;-107
;ServiceLog;alexkar;1436426949314;unknown;unknown;1;260;3;58020;42124192;14;-107
;ServiceLog;alexkar;1436426950358;unknown;unknown;1;260;3;58020;42124192;14;-87
;ServiceLog;alexkar;1436426951412;unknown;unknown;1;260;3;58020;42124192;14;-87
;ServiceLog;alexkar;1436426952461;unknown;unknown;1;260;3;58020;42124192;14;-87
;ServiceLog;alexkar;1436426953511;unknown;unknown;1;260;3;58020;42124192;14;-69
;ServiceLog;alexkar;1436426954559;unknown;unknown;1;260;3;58020;42124192;14;-69
;ServiceLog;alexkar;1436426955609;unknown;unknown;1;260;3;58020;42124192;14;-63
;ServiceLog;alexkar;1436426956626;unknown;unknown;1;260;3;58020;42124192;14;-63
;ServiceLog;alexkar;1436426957676;unknown;unknown;1;260;3;58020;42124192;14;-63
;ServiceLog;alexkar;1436426958733;unknown;unknown;1;260;3;58020;42124192;14;-63
;ServiceLog;alexkar;1436426959780;unknown;unknown;1;260;3;58020;42124192;14;-63
;ServiceLog;alexkar;1436426960834;unknown;unknown;1;260;3;58020;42124192;14;-63
;ServiceLog;alexkar;1436426961917;unknown;unknown;1;260;3;58020;42124192;14;-59
;ServiceLog;alexkar;1436426962958;unknown;unknown;1;260;3;58020;42124192;14;-59
;ServiceLog;alexkar;1436426964039;unknown;unknown;1;260;3;58020;42124192;14;-59
;ServiceLog;alexkar;1436426965094;unknown;unknown;1;260;3;58020;42124192;14;-59
;ServiceLog;alexkar;1436426966141;unknown;unknown;1;260;3;58020;42124192;14;-59
;ServiceLog;alexkar;1436426967190;unknown;unknown;1;260;3;58020;42124192;14;-59
;ServiceLog;alexkar;1436426968246;unknown;unknown;1;260;3;58020;42124192;14;-63
;ServiceLog;alexkar;1436426969269;unknown;unknown;1;260;3;58020;42124192;14;-63
;ServiceLog;alexkar;1436426970314;unknown;unknown;1;260;3;58020;42124192;14;-63
;ServiceLog;alexkar;1436426971360;unknown;unknown;1;260;3;58020;42124192;14;-71
;ServiceLog;alexkar;1436426972408;unknown;unknown;1;260;3;58020;42124192;14;-71
;ServiceLog;alexkar;1436426973454;unknown;unknown;1;260;3;58020;42124192;14;-71
;ServiceLog;alexkar;1436426974511;unknown;unknown;1;260;3;58020;42124192;14;-75
;ServiceLog;alexkar;1436426975557;unknown;unknown;1;260;3;58020;42124192;14;-75
;ServiceLog;alexkar;1436426976610;unknown;unknown;1;260;3;58020;42124192;14;-75
;ServiceLog;alexkar;1436426977663;unknown;unknown;1;260;3;58020;42124192;14;-75
;ServiceLog;alexkar;1436426978735;unknown;unknown;1;260;3;58020;42124192;14;-75
;ServiceLog;alexkar;1436426979786;unknown;unknown;1;260;3;58020;42124192;14;-85
;ServiceLog;alexkar;1436426980865;unknown;unknown;1;260;3;58020;42124192;14;-85
;ServiceLog;alexkar;1436426981916;unknown;unknown;1;260;3;58020;42124192;14;-85
;ServiceLog;alexkar;1436426982938;unknown;unknown;1;260;3;58020;42124192;14;-85
;ServiceLog;alexkar;1436426983989;unknown;unknown;1;260;3;58020;42124192;14;-85
;ServiceLog;alexkar;1436426985040;unknown;unknown;1;260;3;58020;42124192;14;-85
;ServiceLog;alexkar;1436426986091;unknown;unknown;1;260;3;58020;42124192;14;-83
;ServiceLog;alexkar;1436426987144;unknown;unknown;1;260;3;58020;42124192;14;-83
;ServiceLog;alexkar;1436426988197;unknown;unknown;1;260;3;58020;42124192;14;-83
;ServiceLog;alexkar;1436426989244;unknown;unknown;1;260;3;58020;42124192;14;-75
;ServiceLog;alexkar;1436426990289;unknown;unknown;1;260;3;58020;42124192;14;-75
;ServiceLog;alexkar;1436426991343;unknown;unknown;1;260;3;58020;42124192;14;-75
;ServiceLog;alexkar;1436426992394;unknown;unknown;1;260;3;58020;42124192;14;-75
;ServiceLog;alexkar;1436426993459;unknown;unknown;1;260;3;58020;42124192;14;-75
;ServiceLog;alexkar;1436426994496;unknown;unknown;1;260;3;58020;42124192;14;-75
;ServiceLog;alexkar;1436426995573;unknown;unknown;1;260;3;58020;42124192;14;-77
;ServiceLog;alexkar;1436426996619;unknown;unknown;1;260;3;58020;42124192;14;-77
;ServiceLog;alexkar;1436426997678;unknown;unknown;1;260;3;58020;42124192;14;-77
;ServiceLog;alexkar;1436426998726;unknown;unknown;1;260;3;58020;42124192;14;-77
;ServiceLog;alexkar;1436426999773;unknown;unknown;1;260;3;58020;42124192;14;-77
;ServiceLog;alexkar;1436427000817;unknown;unknown;1;260;3;58020;42124192;14;-77
;ServiceLog;alexkar;1436427001867;unknown;unknown;1;260;3;58020;42124192;14;-77
;ServiceLog;alexkar;1436427002922;unknown;unknown;1;260;3;58020;42124192;14;-77
;ServiceLog;alexkar;1436427003972;unknown;unknown;1;260;3;58020;42124192;14;-73
;ServiceLog;alexkar;1436427005024;unknown;unknown;1;260;3;58020;42124192;14;-73
;ServiceLog;alexkar;1436427006077;unknown;unknown;1;260;3;58020;42124192;14;-73
;ServiceLog;alexkar;1436427007139;unknown;unknown;1;260;3;58020;42124192;14;-73
;ServiceLog;alexkar;1436427008180;unknown;unknown;1;260;3;58020;42124192;14;-73
;ServiceLog;alexkar;1436427009254;unknown;unknown;1;260;3;58020;42124192;14;-73
;ServiceLog;alexkar;1436427010302;unknown;unknown;1;260;3;58020;42124192;14;-79
;ServiceLog;alexkar;1436427011350;unknown;unknown;1;260;3;58020;42124192;14;-79
;ServiceLog;alexkar;1436427012401;unknown;unknown;1;260;3;58020;42124192;14;-79
;ServiceLog;alexkar;1436427013446;unknown;unknown;1;260;3;58020;42124192;14;-79
;ServiceLog;alexkar;1436427014500;unknown;unknown;1;260;3;58020;42124192;14;-79
;ServiceLog;alexkar;1436427015550;unknown;unknown;1;260;3;58020;42124192;14;-79
