ID;Name;User;TimeStamp;NetworkGen;NetworkType;Active;MCC;MNC;LAC;CID;PSC;Power
103;Centrum 3;alexkar;1436426092259;unknown;unknown;1;260;3;58020;42034162;181;-71
104;Centrum 4;alexkar;1436426098506;unknown;unknown;1;260;3;58020;42034162;181;-65
91;Świętokrzyska (L1) 1;alexkar;1436426129133;unknown;unknown;1;260;3;58020;42034162;181;-113
92;Świętokrzyska (L1) 2;alexkar;1436426141549;unknown;unknown;1;260;3;58020;42058781;275;-83
93;Świętokrzyska (L1) 3;alexkar;1436426168020;unknown;unknown;1;260;3;58020;42058781;275;-83
94;Świętokrzyska (L1) 4;alexkar;1436426179103;unknown;unknown;1;260;3;58020;42058781;275;-71
81;Ratusz Arsenał 1;alexkar;1436426240653;unknown;unknown;1;260;3;58020;7983;0;-105
82;Ratusz Arsenał 2;alexkar;1436426255442;unknown;unknown;1;260;3;58020;9852;0;-79
83;Ratusz Arsenał 3;alexkar;1436426277494;unknown;unknown;1;260;3;58020;9852;0;-77
84;Ratusz Arsenał 4;alexkar;1436426286196;unknown;unknown;1;260;3;58020;9852;0;-73
71;Dworzec Gdański 1;alexkar;1436426377024;unknown;unknown;1;-1;-1;-1;-1;36;-103
72;Dworzec Gdański 2;alexkar;1436426390491;unknown;unknown;1;-1;-1;-1;-1;44;-103
73;Dworzec Gdański 3;alexkar;1436426409669;unknown;unknown;1;-1;-1;-1;-1;44;-103
74;Dworzec Gdański 4;alexkar;1436426421349;unknown;unknown;1;-1;-1;-1;-1;44;-103
61;Plac Wilsona 1;alexkar;1436426507495;unknown;unknown;1;260;3;58020;8470;0;-55
62;Plac Wilsona 2;alexkar;1436426523473;unknown;unknown;1;260;3;58020;8470;0;-59
63;Plac Wilsona 3;alexkar;1436426537081;unknown;unknown;1;260;3;58020;8470;0;-69
64;Plac Wilsona 4;alexkar;1436426551097;unknown;unknown;1;260;3;58020;42124244;8;-93
51;Marymont 1;alexkar;1436426604290;unknown;unknown;1;260;3;58020;42124182;3;-87
52;Marymont 2;alexkar;1436426614807;unknown;unknown;1;260;3;58020;42124182;3;-81
53;Marymont 3;alexkar;1436426629780;unknown;unknown;1;260;3;58020;42124182;3;-65
54;Marymont 4;alexkar;1436426641527;unknown;unknown;1;260;3;58020;42124182;3;-79
41;Słodowiec 1;alexkar;1436426699736;unknown;unknown;1;260;3;58020;9734;0;-57
42;Słodowiec 2;alexkar;1436426714112;unknown;unknown;1;260;3;58020;42098107;18;-51
43;Słodowiec 3;alexkar;1436426728243;unknown;unknown;1;260;3;58020;42098107;18;-51
44;Słodowiec 4;alexkar;1436426739785;unknown;unknown;1;260;3;58020;42098107;18;-65
31;Stare Bielany 1;alexkar;1436426793675;unknown;unknown;1;260;3;58020;42097664;16;-61
32;Stare Bielany 2;alexkar;1436426809574;unknown;unknown;1;260;3;58020;42097664;16;-57
33;Stare Bielany 3;alexkar;1436426827803;unknown;unknown;1;260;3;58020;42097664;16;-57
34;Stare Bielany 4;alexkar;1436426838166;unknown;unknown;1;260;3;58020;42097664;16;-57
21;Wawrzyszew 1;alexkar;1436426882355;unknown;unknown;1;260;3;58020;42124328;15;-63
22;Wawrzyszew 2;alexkar;1436426894892;unknown;unknown;1;260;3;58020;42124328;15;-79
23;Wawrzyszew 3;alexkar;1436426911717;unknown;unknown;1;260;3;58020;42124328;15;-83
24;Wawrzyszew 4;alexkar;1436426922220;unknown;unknown;1;260;3;58020;42124328;15;-77
11;Młociny 1;alexkar;1436426967841;unknown;unknown;1;260;3;58020;42124192;14;-63
12;Młociny 2;alexkar;1436426982044;unknown;unknown;1;260;3;58020;42124192;14;-85
