ID;Name;User;TimeStamp;NetworkGen;NetworkType;Active;MCC;MNC;LAC;CID;PSC;Power
;ServiceLog;Komzpa;1436124438117;2G;EDGE;1;257;4;800;13181;-1;-101
;ServiceLog;Komzpa;1436124439143;2G;EDGE;1;257;4;800;13181;-1;-103
;ServiceLog;Komzpa;1436124440169;2G;EDGE;1;257;4;800;13181;-1;-103
;ServiceLog;Komzpa;1436124441189;2G;EDGE;1;257;4;800;13181;-1;-103
;ServiceLog;Komzpa;1436124442207;2G;EDGE;1;257;4;800;13181;-1;-105
;ServiceLog;Komzpa;1436124443225;2G;EDGE;1;257;4;800;13181;-1;-105
;ServiceLog;Komzpa;1436124444249;2G;EDGE;1;257;4;800;13181;-1;-105
;ServiceLog;Komzpa;1436124445270;2G;EDGE;1;257;4;800;13181;-1;-105
;ServiceLog;Komzpa;1436124446290;2G;EDGE;1;257;4;800;13181;-1;-105
;ServiceLog;Komzpa;1436124447309;2G;EDGE;1;257;4;800;13181;-1;-105
;ServiceLog;Komzpa;1436124448335;2G;EDGE;1;257;4;800;13181;-1;-105
;ServiceLog;Komzpa;1436124449353;2G;EDGE;1;257;4;800;13181;-1;-105
;ServiceLog;Komzpa;1436124450370;2G;EDGE;1;257;4;800;13181;-1;-105
;ServiceLog;Komzpa;1436124451379;2G;EDGE;1;257;4;800;13181;-1;-105
;ServiceLog;Komzpa;1436124452391;2G;EDGE;1;257;4;800;13181;-1;-105
;ServiceLog;Komzpa;1436124453403;2G;EDGE;1;257;4;800;13181;-1;-105
;ServiceLog;Komzpa;1436124454419;2G;EDGE;1;257;4;800;13181;-1;-105
;ServiceLog;Komzpa;1436124455432;2G;EDGE;1;257;4;800;13181;-1;-105
;ServiceLog;Komzpa;1436124456445;2G;EDGE;1;257;4;800;13181;-1;-105
;ServiceLog;Komzpa;1436124457460;2G;EDGE;1;257;4;800;13181;-1;-105
;ServiceLog;Komzpa;1436124458473;2G;EDGE;1;257;4;800;13181;-1;-105
;ServiceLog;Komzpa;1436124459487;2G;EDGE;1;257;4;800;13181;-1;-105
;ServiceLog;Komzpa;1436124460501;2G;GPRS;1;257;4;800;13191;-1;-105
;ServiceLog;Komzpa;1436124461511;2G;GPRS;1;257;4;800;13191;-1;-105
;ServiceLog;Komzpa;1436124462524;2G;EDGE;1;257;4;800;13191;-1;-105
;ServiceLog;Komzpa;1436124463559;2G;EDGE;1;257;4;800;13191;-1;-105
;ServiceLog;Komzpa;1436124464587;2G;EDGE;1;257;4;800;13191;-1;-105
;ServiceLog;Komzpa;1436124465737;2G;EDGE;1;257;4;800;13191;-1;-105
;ServiceLog;Komzpa;1436124466747;2G;EDGE;1;257;4;800;13191;-1;-105
;ServiceLog;Komzpa;1436124467755;2G;EDGE;1;257;4;800;13191;-1;-105
;ServiceLog;Komzpa;1436124468766;2G;EDGE;1;257;4;800;13191;-1;-105
;ServiceLog;Komzpa;1436124469774;2G;EDGE;1;257;4;800;13191;-1;-105
;ServiceLog;Komzpa;1436124470788;2G;EDGE;1;257;4;800;13191;-1;-105
;ServiceLog;Komzpa;1436124471797;2G;EDGE;1;257;4;800;13191;-1;-105
;ServiceLog;Komzpa;1436124472808;2G;EDGE;1;257;4;800;13191;-1;-105
;ServiceLog;Komzpa;1436124473911;2G;EDGE;1;257;4;800;13191;-1;-105
;ServiceLog;Komzpa;1436124475123;2G;EDGE;1;257;4;800;13191;-1;-105
;ServiceLog;Komzpa;1436124476130;2G;EDGE;1;257;4;800;13191;-1;-103
;ServiceLog;Komzpa;1436124477181;2G;EDGE;1;257;4;800;13191;-1;-111
;ServiceLog;Komzpa;1436124478233;2G;GPRS;1;257;4;1000;-1;-1;-99
;ServiceLog;Komzpa;1436124479246;2G;GPRS;1;257;4;1000;-1;-1;-99
;ServiceLog;Komzpa;1436124480256;3G;HSDPA;1;257;4;1000;9909127;-1;-97
;ServiceLog;Komzpa;1436124481280;3G;HSPAP;1;257;4;1000;9909127;-1;-85
;ServiceLog;Komzpa;1436124482291;3G;HSPAP;1;257;4;1000;9909127;-1;-85
;ServiceLog;Komzpa;1436124483325;3G;HSPAP;1;257;4;1000;9909127;-1;-83
;ServiceLog;Komzpa;1436124484337;3G;HSPAP;1;257;4;1000;9909127;-1;-79
;ServiceLog;Komzpa;1436124485354;3G;HSPAP;1;257;4;1000;9909127;-1;-75
;ServiceLog;Komzpa;1436124486368;3G;HSPAP;1;257;4;1000;9909127;-1;-73
;ServiceLog;Komzpa;1436124487443;3G;HSPAP;1;257;4;1000;9909127;-1;-71
;ServiceLog;Komzpa;1436124488460;3G;HSPAP;1;257;4;1000;9909127;-1;-71
;ServiceLog;Komzpa;1436124489476;3G;HSPAP;1;257;4;1000;9909127;-1;-73
;ServiceLog;Komzpa;1436124490495;3G;HSPAP;1;257;4;1000;9909127;-1;-73
;ServiceLog;Komzpa;1436124491504;3G;HSPAP;1;257;4;1000;9909127;-1;-81
;ServiceLog;Komzpa;1436124492514;3G;HSPAP;1;257;4;1000;9909127;-1;-83
;ServiceLog;Komzpa;1436124493532;3G;HSPAP;1;257;4;1000;9909127;-1;-83
;ServiceLog;Komzpa;1436124494545;3G;HSPAP;1;257;4;1000;9909127;-1;-87
;ServiceLog;Komzpa;1436124495580;3G;HSPAP;1;257;4;1000;9909127;-1;-91
;ServiceLog;Komzpa;1436124496599;3G;HSPAP;1;257;4;1000;9909127;-1;-95
;ServiceLog;Komzpa;1436124497619;3G;HSPAP;1;257;4;1000;9909127;-1;-97
;ServiceLog;Komzpa;1436124498662;3G;HSPAP;1;257;4;1000;9909127;-1;-97
;ServiceLog;Komzpa;1436124500045;3G;HSPAP;1;257;4;1000;9909127;-1;-99
;ServiceLog;Komzpa;1436124501058;3G;UMTS;1;257;4;1000;9909127;-1;-105
;ServiceLog;Komzpa;1436124502078;3G;HSDPA;1;257;4;1000;9909130;-1;-105
;ServiceLog;Komzpa;1436124503096;3G;HSDPA;1;257;4;1000;9909130;-1;-105
;ServiceLog;Komzpa;1436124504112;3G;HSDPA;1;257;4;1000;9909130;-1;-105
;ServiceLog;Komzpa;1436124505129;3G;HSDPA;1;257;4;1000;9909130;-1;-105
;ServiceLog;Komzpa;1436124506148;3G;HSDPA;1;257;4;1000;9909130;-1;-105
;ServiceLog;Komzpa;1436124507162;3G;HSDPA;1;257;4;1000;9909130;-1;-97
;ServiceLog;Komzpa;1436124508188;3G;HSDPA;1;257;4;1000;9909130;-1;-97
;ServiceLog;Komzpa;1436124509204;3G;HSDPA;1;257;4;1000;9909130;-1;-97
;ServiceLog;Komzpa;1436124510226;3G;HSDPA;1;257;4;1000;9909130;-1;-97
;ServiceLog;Komzpa;1436124511251;3G;HSDPA;1;257;4;1000;9909130;-1;-97
;ServiceLog;Komzpa;1436124512291;3G;HSDPA;1;257;4;1000;9909130;-1;-97
;ServiceLog;Komzpa;1436124513306;3G;HSPAP;1;257;4;1000;9909130;-1;-97
;ServiceLog;Komzpa;1436124514325;3G;HSPAP;1;257;4;1000;9909130;-1;-97
;ServiceLog;Komzpa;1436124515346;3G;HSPAP;1;257;4;1000;9909130;-1;-97
;ServiceLog;Komzpa;1436124516366;3G;HSPAP;1;257;4;1000;9909130;-1;-97
;ServiceLog;Komzpa;1436124517382;3G;HSPAP;1;257;4;1000;9909130;-1;-97
;ServiceLog;Komzpa;1436124518393;3G;HSPAP;1;257;4;1000;9909130;-1;-97
;ServiceLog;Komzpa;1436124519410;3G;HSPAP;1;257;4;1000;9909130;-1;-97
;ServiceLog;Komzpa;1436124520428;3G;HSPAP;1;257;4;1000;9909130;-1;-99
;ServiceLog;Komzpa;1436124521450;3G;HSPAP;1;257;4;1000;9909130;-1;-101
;ServiceLog;Komzpa;1436124522493;3G;HSPAP;1;257;4;1000;9909130;-1;-101
;ServiceLog;Komzpa;1436124523512;3G;HSPAP;1;257;4;1000;9909130;-1;-101
;ServiceLog;Komzpa;1436124524530;3G;HSPAP;1;257;4;1000;9909130;-1;-97
;ServiceLog;Komzpa;1436124525540;3G;HSPAP;1;257;4;1000;9909130;-1;-97
;ServiceLog;Komzpa;1436124526554;3G;HSPAP;1;257;4;1000;9909130;-1;-93
;ServiceLog;Komzpa;1436124527571;3G;HSPAP;1;257;4;1000;9909130;-1;-91
;ServiceLog;Komzpa;1436124528581;3G;HSPAP;1;257;4;1000;9909130;-1;-87
;ServiceLog;Komzpa;1436124529591;3G;HSDPA;1;257;4;1000;9909130;-1;-81
;ServiceLog;Komzpa;1436124530606;3G;HSDPA;1;257;4;1000;9909130;-1;-79
;ServiceLog;Komzpa;1436124531633;3G;HSDPA;1;257;4;1000;9909130;-1;-79
;ServiceLog;Komzpa;1436124532649;3G;HSDPA;1;257;4;1000;9909130;-1;-79
;ServiceLog;Komzpa;1436124533660;3G;HSDPA;1;257;4;1000;9909130;-1;-79
;ServiceLog;Komzpa;1436124534672;3G;HSPAP;1;257;4;1000;9909130;-1;-79
;ServiceLog;Komzpa;1436124535693;3G;HSPAP;1;257;4;1000;9909130;-1;-83
;ServiceLog;Komzpa;1436124536709;3G;HSPAP;1;257;4;1000;9909130;-1;-87
;ServiceLog;Komzpa;1436124537733;3G;HSPAP;1;257;4;1000;9909130;-1;-95
;ServiceLog;Komzpa;1436124538765;3G;UMTS;1;257;4;1000;9909130;-1;-103
;ServiceLog;Komzpa;1436124539801;3G;UMTS;1;257;4;1000;9909130;-1;-103
;ServiceLog;Komzpa;1436124540847;3G;UMTS;1;257;4;1000;9909130;-1;-103
;ServiceLog;Komzpa;1436124541868;3G;UMTS;1;257;4;1000;9909130;-1;-103
;ServiceLog;Komzpa;1436124542908;3G;UMTS;1;257;4;1000;9909130;-1;-103
;ServiceLog;Komzpa;1436124543931;3G;UMTS;1;257;4;1000;9909130;-1;-103
;ServiceLog;Komzpa;1436124544954;3G;UMTS;1;257;4;1000;9909130;-1;-103
;ServiceLog;Komzpa;1436124545978;3G;UMTS;1;257;4;1000;9909130;-1;-103
;ServiceLog;Komzpa;1436124546998;3G;UMTS;1;257;4;1000;9909130;-1;-103
;ServiceLog;Komzpa;1436124548046;3G;UMTS;1;257;4;1000;9909130;-1;-103
;ServiceLog;Komzpa;1436124549064;3G;UMTS;1;257;4;1000;9909130;-1;-103
;ServiceLog;Komzpa;1436124550077;3G;UMTS;1;257;4;1000;9909130;-1;-103
;ServiceLog;Komzpa;1436124551096;3G;UMTS;1;257;4;1000;9909130;-1;-103
;ServiceLog;Komzpa;1436124552113;3G;UMTS;1;257;4;1000;9909130;-1;-103
;ServiceLog;Komzpa;1436124553138;3G;UMTS;1;257;4;1000;9909130;-1;-103
;ServiceLog;Komzpa;1436124554164;3G;UMTS;1;257;4;1000;9909130;-1;-103
;ServiceLog;Komzpa;1436124555185;3G;UMTS;1;257;4;1000;9909130;-1;-103
;ServiceLog;Komzpa;1436124556209;3G;UMTS;1;257;4;1000;9909130;-1;-103
;ServiceLog;Komzpa;1436124557229;3G;UMTS;1;257;4;1000;9909130;-1;-103
;ServiceLog;Komzpa;1436124558253;3G;UMTS;1;257;4;1000;9909130;-1;-103
;ServiceLog;Komzpa;1436124559277;3G;UMTS;1;257;4;1000;9909130;-1;-103
;ServiceLog;Komzpa;1436124560301;3G;UMTS;1;257;4;1000;9909130;-1;-103
;ServiceLog;Komzpa;1436124561318;3G;UMTS;1;257;4;1000;9909130;-1;-103
;ServiceLog;Komzpa;1436124562336;3G;UMTS;1;257;4;1000;9909130;-1;-103
;ServiceLog;Komzpa;1436124563359;3G;UMTS;1;257;4;1000;9909130;-1;-103
;ServiceLog;Komzpa;1436124564377;3G;UMTS;1;257;4;1000;9909130;-1;-103
;ServiceLog;Komzpa;1436124565393;3G;UMTS;1;257;4;1000;9909130;-1;-103
;ServiceLog;Komzpa;1436124566408;3G;UMTS;1;257;4;1000;9909130;-1;-103
;ServiceLog;Komzpa;1436124567425;3G;UMTS;1;257;4;1000;9909130;-1;-103
;ServiceLog;Komzpa;1436124568441;3G;UMTS;1;257;4;1000;9909130;-1;-103
;ServiceLog;Komzpa;1436124569450;unknown;unknown;1;257;4;1000;9909130;-1;-111
;ServiceLog;Komzpa;1436124570462;unknown;unknown;1;257;4;1000;9909130;-1;-111
;ServiceLog;Komzpa;1436124571479;unknown;unknown;1;257;4;1000;9909130;-1;-111
;ServiceLog;Komzpa;1436124572496;unknown;unknown;1;257;4;1000;9909130;-1;-111
;ServiceLog;Komzpa;1436124573512;unknown;unknown;1;257;4;1000;9909130;-1;-111
;ServiceLog;Komzpa;1436124574521;unknown;unknown;1;257;4;1000;9909130;-1;-111
;ServiceLog;Komzpa;1436124575538;unknown;unknown;1;257;4;1000;9909130;-1;-111
;ServiceLog;Komzpa;1436124576547;unknown;unknown;1;257;4;1000;9909130;-1;-111
;ServiceLog;Komzpa;1436124577567;3G;HSDPA;1;257;4;1000;9909137;-1;-105
;ServiceLog;Komzpa;1436124578595;3G;HSPAP;1;257;4;1000;9909137;-1;-105
;ServiceLog;Komzpa;1436124579615;3G;HSPAP;1;257;4;1000;9909137;-1;-105
;ServiceLog;Komzpa;1436124580648;3G;HSPAP;1;257;4;1000;9909137;-1;-105
;ServiceLog;Komzpa;1436124581661;3G;HSPAP;1;257;4;1000;9909137;-1;-101
;ServiceLog;Komzpa;1436124582708;3G;HSPAP;1;257;4;1000;9909137;-1;-101
;ServiceLog;Komzpa;1436124583719;3G;HSPAP;1;257;4;1000;9909137;-1;-97
;ServiceLog;Komzpa;1436124584729;3G;HSPAP;1;257;4;1000;9909137;-1;-93
;ServiceLog;Komzpa;1436124585737;3G;HSPAP;1;257;4;1000;9909137;-1;-93
;ServiceLog;Komzpa;1436124586751;3G;HSPAP;1;257;4;1000;9909137;-1;-91
;ServiceLog;Komzpa;1436124587793;3G;HSPAP;1;257;4;1000;9909137;-1;-89
;ServiceLog;Komzpa;1436124588948;3G;HSPAP;1;257;4;1000;9909137;-1;-87
;ServiceLog;Komzpa;1436124589965;3G;HSPAP;1;257;4;1000;9909137;-1;-83
;ServiceLog;Komzpa;1436124590984;3G;HSPAP;1;257;4;1000;9909137;-1;-77
;ServiceLog;Komzpa;1436124592077;3G;HSPAP;1;257;4;1000;9909137;-1;-75
;ServiceLog;Komzpa;1436124593181;3G;HSPAP;1;257;4;1000;9909137;-1;-75
;ServiceLog;Komzpa;1436124594201;3G;HSPAP;1;257;4;1000;9909137;-1;-75
;ServiceLog;Komzpa;1436124595209;3G;HSPAP;1;257;4;1000;9909137;-1;-75
;ServiceLog;Komzpa;1436124596230;3G;HSPAP;1;257;4;1000;9909137;-1;-79
;ServiceLog;Komzpa;1436124597273;3G;HSPAP;1;257;4;1000;9909137;-1;-83
;ServiceLog;Komzpa;1436124598289;3G;HSPAP;1;257;4;1000;9909137;-1;-89
;ServiceLog;Komzpa;1436124599298;3G;HSPAP;1;257;4;1000;9909137;-1;-89
;ServiceLog;Komzpa;1436124600315;3G;HSPAP;1;257;4;1000;9909137;-1;-89
;ServiceLog;Komzpa;1436124601344;3G;HSPAP;1;257;4;1000;9909137;-1;-89
;ServiceLog;Komzpa;1436124602361;3G;HSPAP;1;257;4;1000;9909137;-1;-85
;ServiceLog;Komzpa;1436124603376;3G;HSPAP;1;257;4;1000;9909137;-1;-79
;ServiceLog;Komzpa;1436124604386;3G;HSPAP;1;257;4;1000;9909137;-1;-79
;ServiceLog;Komzpa;1436124605410;3G;HSPAP;1;257;4;1000;9909137;-1;-77
;ServiceLog;Komzpa;1436124606432;3G;HSPAP;1;257;4;1000;9909137;-1;-77
;ServiceLog;Komzpa;1436124607448;3G;HSPAP;1;257;4;1000;9909137;-1;-77
;ServiceLog;Komzpa;1436124608465;3G;HSDPA;1;257;4;1000;9909137;-1;-77
;ServiceLog;Komzpa;1436124609483;3G;HSDPA;1;257;4;1000;9909137;-1;-77
;ServiceLog;Komzpa;1436124610499;3G;HSDPA;1;257;4;1000;9909137;-1;-77
;ServiceLog;Komzpa;1436124611516;3G;HSDPA;1;257;4;1000;9909137;-1;-83
;ServiceLog;Komzpa;1436124612529;3G;HSDPA;1;257;4;1000;9909137;-1;-83
;ServiceLog;Komzpa;1436124613555;3G;HSDPA;1;257;4;1000;9909137;-1;-83
;ServiceLog;Komzpa;1436124614578;3G;HSDPA;1;257;4;1000;9909137;-1;-83
;ServiceLog;Komzpa;1436124615597;3G;HSDPA;1;257;4;1000;9909137;-1;-83
;ServiceLog;Komzpa;1436124616611;3G;HSDPA;1;257;4;1000;9909137;-1;-83
;ServiceLog;Komzpa;1436124617621;3G;HSDPA;1;257;4;1000;9909137;-1;-83
;ServiceLog;Komzpa;1436124618631;3G;HSDPA;1;257;4;1000;9909137;-1;-83
;ServiceLog;Komzpa;1436124619649;3G;HSDPA;1;257;4;1000;9909137;-1;-83
;ServiceLog;Komzpa;1436124620662;3G;HSDPA;1;257;4;1000;9909137;-1;-83
;ServiceLog;Komzpa;1436124621683;3G;HSDPA;1;257;4;1000;9909137;-1;-83
;ServiceLog;Komzpa;1436124622702;3G;HSDPA;1;257;4;1000;9909137;-1;-83
;ServiceLog;Komzpa;1436124623722;3G;HSDPA;1;257;4;1000;9909137;-1;-83
;ServiceLog;Komzpa;1436124624746;3G;HSDPA;1;257;4;1000;9909137;-1;-83
;ServiceLog;Komzpa;1436124625774;3G;HSDPA;1;257;4;1000;9909137;-1;-83
;ServiceLog;Komzpa;1436124626802;3G;HSDPA;1;257;4;1000;9909137;-1;-83
;ServiceLog;Komzpa;1436124627827;3G;HSDPA;1;257;4;1000;9909137;-1;-83
;ServiceLog;Komzpa;1436124628846;3G;HSDPA;1;257;4;1000;9909137;-1;-83
;ServiceLog;Komzpa;1436124629865;3G;HSDPA;1;257;4;1000;9909137;-1;-83
;ServiceLog;Komzpa;1436124630889;3G;HSDPA;1;257;4;1000;9909137;-1;-83
;ServiceLog;Komzpa;1436124631906;3G;HSDPA;1;257;4;1000;9909137;-1;-83
;ServiceLog;Komzpa;1436124632941;3G;HSDPA;1;257;4;1000;9909137;-1;-83
;ServiceLog;Komzpa;1436124633957;3G;HSDPA;1;257;4;1000;9909137;-1;-83
;ServiceLog;Komzpa;1436124634969;3G;HSDPA;1;257;4;1000;9909137;-1;-85
;ServiceLog;Komzpa;1436124635996;3G;HSDPA;1;257;4;1000;9909137;-1;-85
;ServiceLog;Komzpa;1436124637014;3G;HSDPA;1;257;4;1000;9909140;-1;-87
;ServiceLog;Komzpa;1436124638034;3G;HSDPA;1;257;4;1000;9909140;-1;-87
;ServiceLog;Komzpa;1436124639059;3G;HSDPA;1;257;4;1000;9909140;-1;-87
;ServiceLog;Komzpa;1436124640099;3G;HSDPA;1;257;4;1000;9909140;-1;-87
;ServiceLog;Komzpa;1436124641120;3G;HSDPA;1;257;4;1000;9909140;-1;-87
;ServiceLog;Komzpa;1436124642137;3G;HSDPA;1;257;4;1000;9909140;-1;-87
;ServiceLog;Komzpa;1436124643153;3G;HSDPA;1;257;4;1000;9909140;-1;-87
;ServiceLog;Komzpa;1436124644192;3G;HSDPA;1;257;4;1000;9909140;-1;-87
;ServiceLog;Komzpa;1436124645203;3G;HSDPA;1;257;4;1000;9909140;-1;-89
;ServiceLog;Komzpa;1436124646222;3G;HSDPA;1;257;4;1000;9909140;-1;-91
;ServiceLog;Komzpa;1436124647245;3G;HSPAP;1;257;4;1000;9909140;-1;-89
;ServiceLog;Komzpa;1436124648262;3G;HSPAP;1;257;4;1000;9909140;-1;-89
;ServiceLog;Komzpa;1436124649289;3G;HSPAP;1;257;4;1000;9909140;-1;-91
;ServiceLog;Komzpa;1436124650304;3G;HSPAP;1;257;4;1000;9909140;-1;-91
;ServiceLog;Komzpa;1436124651322;3G;HSPAP;1;257;4;1000;9909140;-1;-95
;ServiceLog;Komzpa;1436124652343;3G;HSPAP;1;257;4;1000;9909140;-1;-97
;ServiceLog;Komzpa;1436124653364;3G;UMTS;1;257;4;1000;9909140;-1;-97
;ServiceLog;Komzpa;1436124654384;3G;UMTS;1;257;4;1000;9909140;-1;-97
;ServiceLog;Komzpa;1436124655403;3G;HSDPA;1;257;4;1000;9909140;-1;-97
;ServiceLog;Komzpa;1436124656418;3G;HSDPA;1;257;4;1000;9909140;-1;-101
;ServiceLog;Komzpa;1436124657438;3G;HSDPA;1;257;4;1000;9909140;-1;-101
;ServiceLog;Komzpa;1436124658453;3G;HSDPA;1;257;4;1000;9909140;-1;-107
;ServiceLog;Komzpa;1436124659470;3G;HSDPA;1;257;4;1000;9909140;-1;-107
;ServiceLog;Komzpa;1436124660487;3G;HSDPA;1;257;4;1000;9909140;-1;-107
;ServiceLog;Komzpa;1436124661508;3G;HSDPA;1;257;4;1000;9909140;-1;-113
;ServiceLog;Komzpa;1436124662525;3G;HSDPA;1;257;4;1000;9909140;-1;-113
;ServiceLog;Komzpa;1436124663544;3G;HSDPA;1;257;4;1000;9909140;-1;-113
;ServiceLog;Komzpa;1436124664578;3G;HSDPA;1;257;4;1000;9909140;-1;-113
;ServiceLog;Komzpa;1436124665609;3G;HSDPA;1;257;4;1000;9909140;-1;-113
;ServiceLog;Komzpa;1436124666647;3G;HSDPA;1;257;4;1000;9909140;-1;-113
;ServiceLog;Komzpa;1436124667668;3G;HSDPA;1;257;4;1000;9909140;-1;-113
;ServiceLog;Komzpa;1436124668690;3G;HSDPA;1;257;4;1000;9909140;-1;-113
;ServiceLog;Komzpa;1436124669722;3G;HSDPA;1;257;4;1000;9909140;-1;-113
;ServiceLog;Komzpa;1436124670749;3G;HSDPA;1;257;4;1000;9909140;-1;-113
;ServiceLog;Komzpa;1436124671765;3G;HSDPA;1;257;4;1000;9909140;-1;-113
;ServiceLog;Komzpa;1436124672784;3G;HSDPA;1;257;4;1000;9909140;-1;-113
;ServiceLog;Komzpa;1436124673803;3G;HSDPA;1;257;4;1000;9909140;-1;-113
;ServiceLog;Komzpa;1436124674826;3G;HSDPA;1;257;4;1000;9909140;-1;-113
;ServiceLog;Komzpa;1436124675853;3G;HSDPA;1;257;4;1000;9909140;-1;-113
;ServiceLog;Komzpa;1436124676872;3G;HSDPA;1;257;4;1000;9909140;-1;-113
;ServiceLog;Komzpa;1436124677898;3G;HSDPA;1;257;4;1000;9909140;-1;-113
;ServiceLog;Komzpa;1436124678943;3G;HSDPA;1;257;4;1000;9909140;-1;-113
;ServiceLog;Komzpa;1436124679972;3G;HSDPA;1;257;4;1000;9909140;-1;-113
;ServiceLog;Komzpa;1436124680981;3G;HSDPA;1;257;4;1000;9909140;-1;-113
;ServiceLog;Komzpa;1436124682002;3G;HSDPA;1;257;4;1000;9909140;-1;-113
;ServiceLog;Komzpa;1436124683020;3G;HSDPA;1;257;4;1000;9909140;-1;-113
;ServiceLog;Komzpa;1436124684039;3G;HSDPA;1;257;4;1000;9909140;-1;-113
;ServiceLog;Komzpa;1436124685057;3G;HSDPA;1;257;4;1000;9909140;-1;-113
;ServiceLog;Komzpa;1436124686078;3G;HSDPA;1;257;4;1000;9909140;-1;-113
;ServiceLog;Komzpa;1436124687101;3G;HSDPA;1;257;4;1000;9909140;-1;-113
;ServiceLog;Komzpa;1436124688123;unknown;unknown;1;257;4;1000;9909140;-1;-113
;ServiceLog;Komzpa;1436124689349;unknown;unknown;1;257;4;1000;9909140;-1;-113
;ServiceLog;Komzpa;1436124690358;unknown;unknown;1;257;4;1000;9909140;-1;-113
;ServiceLog;Komzpa;1436124691367;unknown;unknown;1;257;4;1000;9909140;-1;-113
;ServiceLog;Komzpa;1436124692381;unknown;unknown;1;257;4;1000;9909140;-1;-113
;ServiceLog;Komzpa;1436124693389;unknown;unknown;1;257;4;1000;9909140;-1;-113
;ServiceLog;Komzpa;1436124694404;unknown;unknown;1;257;4;1000;9909140;-1;-113
;ServiceLog;Komzpa;1436124695444;unknown;unknown;1;257;4;1000;9909140;-1;-113
;ServiceLog;Komzpa;1436124696464;unknown;unknown;1;257;4;1000;9909140;-1;-113
;ServiceLog;Komzpa;1436124697481;unknown;unknown;1;257;4;1000;9909140;-1;-113
;ServiceLog;Komzpa;1436124698520;unknown;unknown;1;257;4;1000;9909140;-1;-113
;ServiceLog;Komzpa;1436124699543;unknown;unknown;1;257;4;1000;9909140;-1;-113
;ServiceLog;Komzpa;1436124700570;unknown;unknown;1;257;4;1000;9909140;-1;-113
;ServiceLog;Komzpa;1436124701588;unknown;unknown;1;257;4;1000;9909140;-1;-113
;ServiceLog;Komzpa;1436124702615;unknown;unknown;1;257;4;1000;9909140;-1;-113
;ServiceLog;Komzpa;1436124703629;unknown;unknown;1;257;4;1000;9909140;-1;-113
;ServiceLog;Komzpa;1436124704645;unknown;unknown;1;257;4;1000;9909140;-1;-113
;ServiceLog;Komzpa;1436124705665;unknown;unknown;1;257;4;1000;9909140;-1;-113
;ServiceLog;Komzpa;1436124706680;unknown;unknown;1;257;4;1000;9909140;-1;-113
;ServiceLog;Komzpa;1436124707689;unknown;unknown;1;257;4;1000;9909140;-1;-113
;ServiceLog;Komzpa;1436124708708;unknown;unknown;1;257;4;1000;9909140;-1;-113
;ServiceLog;Komzpa;1436124709725;unknown;unknown;1;257;4;1000;9909140;-1;-113
;ServiceLog;Komzpa;1436124710748;unknown;unknown;1;257;4;1000;9909140;-1;-113
;ServiceLog;Komzpa;1436124711772;unknown;unknown;1;257;4;1000;9909140;-1;-113
;ServiceLog;Komzpa;1436124712786;unknown;unknown;1;257;4;1000;9909140;-1;-113
;ServiceLog;Komzpa;1436124713807;unknown;unknown;1;257;4;1000;9909140;-1;-113
;ServiceLog;Komzpa;1436124714823;unknown;unknown;1;257;4;1000;9909140;-1;-113
;ServiceLog;Komzpa;1436124715841;unknown;unknown;1;257;4;1000;9909140;-1;-113
;ServiceLog;Komzpa;1436124716860;unknown;unknown;1;257;4;1000;9909140;-1;-113
;ServiceLog;Komzpa;1436124717880;unknown;unknown;1;257;4;1000;9909140;-1;-113
;ServiceLog;Komzpa;1436124718894;unknown;unknown;1;257;4;1000;9909140;-1;-113
;ServiceLog;Komzpa;1436124719916;unknown;unknown;1;257;4;1000;9909140;-1;-113
;ServiceLog;Komzpa;1436124720941;unknown;unknown;1;257;4;1000;9909140;-1;-113
;ServiceLog;Komzpa;1436124721959;unknown;unknown;1;257;4;1000;9909140;-1;-113
;ServiceLog;Komzpa;1436124722976;unknown;unknown;1;257;4;1000;9909140;-1;-113
;ServiceLog;Komzpa;1436124723994;unknown;unknown;1;257;4;1000;9909140;-1;-113
;ServiceLog;Komzpa;1436124725014;unknown;unknown;1;257;4;1000;9909140;-1;-113
;ServiceLog;Komzpa;1436124726030;unknown;unknown;1;257;4;1000;9909140;-1;-113
;ServiceLog;Komzpa;1436124727049;2G;EDGE;1;257;4;800;13211;-1;-105
;ServiceLog;Komzpa;1436124728081;2G;EDGE;1;257;4;800;13211;-1;-105
;ServiceLog;Komzpa;1436124729106;2G;EDGE;1;257;4;800;13211;-1;-101
;ServiceLog;Komzpa;1436124730224;2G;EDGE;1;257;4;800;13211;-1;-95
;ServiceLog;Komzpa;1436124731280;2G;EDGE;1;257;4;800;13211;-1;-95
;ServiceLog;Komzpa;1436124732294;2G;EDGE;1;257;4;800;13211;-1;-93
;ServiceLog;Komzpa;1436124733307;2G;EDGE;1;257;4;800;13211;-1;-93
;ServiceLog;Komzpa;1436124734316;2G;EDGE;1;257;4;800;13211;-1;-93
;ServiceLog;Komzpa;1436124735330;2G;EDGE;1;257;4;800;13211;-1;-93
;ServiceLog;Komzpa;1436124736340;2G;EDGE;1;257;4;800;13211;-1;-91
;ServiceLog;Komzpa;1436124737356;2G;EDGE;1;257;4;800;13211;-1;-91
;ServiceLog;Komzpa;1436124738374;2G;EDGE;1;257;4;800;13211;-1;-89
;ServiceLog;Komzpa;1436124739429;2G;EDGE;1;257;4;800;13211;-1;-89
;ServiceLog;Komzpa;1436124740536;2G;EDGE;1;257;4;800;13211;-1;-85
;ServiceLog;Komzpa;1436124741546;2G;EDGE;1;257;4;800;13211;-1;-85
;ServiceLog;Komzpa;1436124742557;2G;EDGE;1;257;4;800;13211;-1;-83
;ServiceLog;Komzpa;1436124743580;2G;EDGE;1;257;4;800;13211;-1;-77
;ServiceLog;Komzpa;1436124744591;3G;HSDPA;1;257;4;1000;9909147;-1;-77
;ServiceLog;Komzpa;1436124745599;3G;HSPAP;1;257;4;1000;9909147;-1;-93
;ServiceLog;Komzpa;1436124746618;3G;HSPAP;1;257;4;1000;9909147;-1;-93
;ServiceLog;Komzpa;1436124747646;3G;HSPAP;1;257;4;1000;9909147;-1;-91
;ServiceLog;Komzpa;1436124748661;3G;HSPAP;1;257;4;1000;9909147;-1;-81
;ServiceLog;Komzpa;1436124749677;3G;HSPAP;1;257;4;1000;9909147;-1;-89
;ServiceLog;Komzpa;1436124751031;3G;HSPAP;1;257;4;1000;9909147;-1;-89
;ServiceLog;Komzpa;1436124752053;3G;HSPAP;1;257;4;1000;9909147;-1;-89
;ServiceLog;Komzpa;1436124753062;3G;HSPAP;1;257;4;1000;9909147;-1;-89
;ServiceLog;Komzpa;1436124754071;3G;HSPAP;1;257;4;1000;9909147;-1;-89
;ServiceLog;Komzpa;1436124755080;3G;HSPAP;1;257;4;1000;9909147;-1;-91
;ServiceLog;Komzpa;1436124756097;3G;HSPAP;1;257;4;1000;9909147;-1;-91
;ServiceLog;Komzpa;1436124757145;3G;HSPAP;1;257;4;1000;9909147;-1;-89
;ServiceLog;Komzpa;1436124758165;3G;HSPAP;1;257;4;1000;9909147;-1;-89
;ServiceLog;Komzpa;1436124759185;3G;HSPAP;1;257;4;1000;9909147;-1;-89
;ServiceLog;Komzpa;1436124760205;3G;HSPAP;1;257;4;1000;9909147;-1;-89
;ServiceLog;Komzpa;1436124761227;3G;HSPAP;1;257;4;1000;9909147;-1;-89
;ServiceLog;Komzpa;1436124762270;3G;HSDPA;1;257;4;1000;9909147;-1;-89
;ServiceLog;Komzpa;1436124763302;3G;HSDPA;1;257;4;1000;9909147;-1;-91
;ServiceLog;Komzpa;1436124764318;3G;HSDPA;1;257;4;1000;9909147;-1;-91
;ServiceLog;Komzpa;1436124765342;3G;HSDPA;1;257;4;1000;9909147;-1;-91
;ServiceLog;Komzpa;1436124766361;3G;HSDPA;1;257;4;1000;9909147;-1;-91
;ServiceLog;Komzpa;1436124767377;3G;HSDPA;1;257;4;1000;9909147;-1;-91
;ServiceLog;Komzpa;1436124768393;3G;HSDPA;1;257;4;1000;9909147;-1;-95
;ServiceLog;Komzpa;1436124769410;3G;HSDPA;1;257;4;1000;9909147;-1;-95
;ServiceLog;Komzpa;1436124770428;3G;HSDPA;1;257;4;1000;9909147;-1;-95
;ServiceLog;Komzpa;1436124771446;3G;HSDPA;1;257;4;1000;9909147;-1;-95
;ServiceLog;Komzpa;1436124772465;3G;HSDPA;1;257;4;1000;9909147;-1;-95
;ServiceLog;Komzpa;1436124773482;3G;HSDPA;1;257;4;1000;9909147;-1;-95
;ServiceLog;Komzpa;1436124774499;3G;HSDPA;1;257;4;1000;9909147;-1;-95
;ServiceLog;Komzpa;1436124775516;3G;HSDPA;1;257;4;1000;9909147;-1;-95
;ServiceLog;Komzpa;1436124776534;3G;HSDPA;1;257;4;1000;9909147;-1;-95
;ServiceLog;Komzpa;1436124777557;3G;HSDPA;1;257;4;1000;9909147;-1;-95
;ServiceLog;Komzpa;1436124778596;3G;HSDPA;1;257;4;1000;9909147;-1;-93
;ServiceLog;Komzpa;1436124779614;3G;HSDPA;1;257;4;1000;9909147;-1;-93
;ServiceLog;Komzpa;1436124780652;3G;HSDPA;1;257;4;1000;9909147;-1;-93
;ServiceLog;Komzpa;1436124781691;3G;HSDPA;1;257;4;1000;9909147;-1;-93
;ServiceLog;Komzpa;1436124782713;3G;HSDPA;1;257;4;1000;9909147;-1;-93
;ServiceLog;Komzpa;1436124783750;3G;HSDPA;1;257;4;1000;9909147;-1;-93
;ServiceLog;Komzpa;1436124784778;3G;HSDPA;1;257;4;1000;9909147;-1;-93
;ServiceLog;Komzpa;1436124785806;3G;HSDPA;1;257;4;1000;9909147;-1;-93
;ServiceLog;Komzpa;1436124786825;3G;HSDPA;1;257;4;1000;9909147;-1;-93
;ServiceLog;Komzpa;1436124787842;3G;HSDPA;1;257;4;1000;9909147;-1;-93
;ServiceLog;Komzpa;1436124788861;3G;HSDPA;1;257;4;1000;9909147;-1;-93
;ServiceLog;Komzpa;1436124789870;3G;HSDPA;1;257;4;1000;9909147;-1;-93
;ServiceLog;Komzpa;1436124790890;3G;HSDPA;1;257;4;1000;9909147;-1;-89
;ServiceLog;Komzpa;1436124791908;3G;HSDPA;1;257;4;1000;9909147;-1;-89
;ServiceLog;Komzpa;1436124792926;3G;HSDPA;1;257;4;1000;9909147;-1;-89
;ServiceLog;Komzpa;1436124793944;3G;HSDPA;1;257;4;1000;9909147;-1;-89
;ServiceLog;Komzpa;1436124794960;3G;HSDPA;1;257;4;1000;9909147;-1;-89
;ServiceLog;Komzpa;1436124795981;3G;HSDPA;1;257;4;1000;9909147;-1;-89
;ServiceLog;Komzpa;1436124796999;3G;HSDPA;1;257;4;1000;9909147;-1;-89
;ServiceLog;Komzpa;1436124798025;3G;HSDPA;1;257;4;1000;9909147;-1;-89
;ServiceLog;Komzpa;1436124799059;3G;HSDPA;1;257;4;1000;9909147;-1;-85
;ServiceLog;Komzpa;1436124800094;3G;HSDPA;1;257;4;1000;9909147;-1;-85
;ServiceLog;Komzpa;1436124801117;3G;HSDPA;1;257;4;1000;9909147;-1;-85
;ServiceLog;Komzpa;1436124802141;3G;HSDPA;1;257;4;1000;9909147;-1;-85
;ServiceLog;Komzpa;1436124803162;3G;HSDPA;1;257;4;1000;9909147;-1;-85
;ServiceLog;Komzpa;1436124804179;3G;HSDPA;1;257;4;1000;9909147;-1;-85
;ServiceLog;Komzpa;1436124805200;3G;HSDPA;1;257;4;1000;9909147;-1;-85
;ServiceLog;Komzpa;1436124806237;3G;HSDPA;1;257;4;1000;9909147;-1;-85
;ServiceLog;Komzpa;1436124807252;3G;HSDPA;1;257;4;1000;9909147;-1;-85
;ServiceLog;Komzpa;1436124808270;3G;HSDPA;1;257;4;1000;9909147;-1;-85
;ServiceLog;Komzpa;1436124809297;3G;HSDPA;1;257;4;1000;9909147;-1;-95
;ServiceLog;Komzpa;1436124810315;3G;HSPAP;1;257;4;1000;9909147;-1;-97
;ServiceLog;Komzpa;1436124811333;3G;HSPAP;1;257;4;1000;9909147;-1;-105
;ServiceLog;Komzpa;1436124812348;3G;HSPAP;1;257;4;1000;9909147;-1;-111
;ServiceLog;Komzpa;1436124813364;3G;HSPAP;1;257;4;1000;9909147;-1;-113
;ServiceLog;Komzpa;1436124814384;3G;HSPAP;1;257;4;1000;9909147;-1;-113
;ServiceLog;Komzpa;1436124815409;3G;HSPAP;1;257;4;1000;9909147;-1;-113
;ServiceLog;Komzpa;1436124816429;3G;HSPAP;1;257;4;1000;9909147;-1;-113
;ServiceLog;Komzpa;1436124817448;3G;HSPAP;1;257;4;1000;9909147;-1;-113
;ServiceLog;Komzpa;1436124818469;3G;HSPAP;1;257;4;1000;9909147;-1;-113
;ServiceLog;Komzpa;1436124819486;3G;HSPAP;1;257;4;1000;9909147;-1;-113
;ServiceLog;Komzpa;1436124820508;3G;HSPAP;1;257;4;1000;9909147;-1;-113
;ServiceLog;Komzpa;1436124821534;3G;HSPAP;1;257;4;1000;9909147;-1;-113
;ServiceLog;Komzpa;1436124822550;3G;HSPAP;1;257;4;1000;9909147;-1;-113
;ServiceLog;Komzpa;1436124823566;3G;HSPAP;1;257;4;1000;9909147;-1;-113
;ServiceLog;Komzpa;1436124824589;3G;HSPAP;1;257;4;1000;9909147;-1;-113
;ServiceLog;Komzpa;1436124825610;3G;HSPAP;1;257;4;1000;9909147;-1;-113
;ServiceLog;Komzpa;1436124826629;3G;HSPAP;1;257;4;1000;9909147;-1;-113
;ServiceLog;Komzpa;1436124827646;3G;HSPAP;1;257;4;1000;9909147;-1;-113
;ServiceLog;Komzpa;1436124828665;3G;HSPAP;1;257;4;1000;9909147;-1;-113
;ServiceLog;Komzpa;1436124829705;3G;HSPAP;1;257;4;1000;9909147;-1;-113
;ServiceLog;Komzpa;1436124830723;3G;HSPAP;1;257;4;1000;9909147;-1;-113
;ServiceLog;Komzpa;1436124831743;3G;HSPAP;1;257;4;1000;9909147;-1;-113
;ServiceLog;Komzpa;1436124832764;3G;HSPAP;1;257;4;1000;9909147;-1;-113
;ServiceLog;Komzpa;1436124833783;3G;HSPAP;1;257;4;1000;9909147;-1;-113
;ServiceLog;Komzpa;1436124834800;3G;HSPAP;1;257;4;1000;9909147;-1;-113
;ServiceLog;Komzpa;1436124835818;3G;HSPAP;1;257;4;1000;9909147;-1;-113
;ServiceLog;Komzpa;1436124836839;3G;HSPAP;1;257;4;1000;9909147;-1;-113
;ServiceLog;Komzpa;1436124837857;3G;HSPAP;1;257;4;1000;9909147;-1;-113
;ServiceLog;Komzpa;1436124838882;3G;UMTS;1;257;4;1000;9909147;-1;-113
;ServiceLog;Komzpa;1436124839903;3G;UMTS;1;257;4;1000;9909147;-1;-113
;ServiceLog;Komzpa;1436124840926;3G;UMTS;1;257;4;1000;9909147;-1;-113
;ServiceLog;Komzpa;1436124841945;3G;UMTS;1;257;4;1000;9909147;-1;-113
;ServiceLog;Komzpa;1436124842962;3G;UMTS;1;257;4;1000;9909147;-1;-113
;ServiceLog;Komzpa;1436124843979;3G;UMTS;1;257;4;1000;9909147;-1;-113
;ServiceLog;Komzpa;1436124844997;3G;UMTS;1;257;4;1000;9909147;-1;-113
;ServiceLog;Komzpa;1436124846026;3G;UMTS;1;257;4;1000;9909147;-1;-113
;ServiceLog;Komzpa;1436124847051;3G;UMTS;1;257;4;1000;9909147;-1;-113
;ServiceLog;Komzpa;1436124848072;3G;UMTS;1;257;4;1000;9909147;-1;-113
;ServiceLog;Komzpa;1436124849090;3G;UMTS;1;257;4;1000;9909147;-1;-113
;ServiceLog;Komzpa;1436124850107;3G;UMTS;1;257;4;1000;9909147;-1;-113
;ServiceLog;Komzpa;1436124851132;3G;UMTS;1;257;4;1000;9909147;-1;-113
;ServiceLog;Komzpa;1436124852152;3G;UMTS;1;257;4;1000;9909147;-1;-113
;ServiceLog;Komzpa;1436124853171;3G;UMTS;1;257;4;1000;9909147;-1;-113
;ServiceLog;Komzpa;1436124854188;3G;UMTS;1;257;4;1000;9909147;-1;-113
;ServiceLog;Komzpa;1436124855197;3G;UMTS;1;257;4;1000;9909147;-1;-113
;ServiceLog;Komzpa;1436124856215;3G;UMTS;1;257;4;1000;9909147;-1;-113
;ServiceLog;Komzpa;1436124857240;3G;UMTS;1;257;4;1000;9909147;-1;-113
;ServiceLog;Komzpa;1436124858258;3G;UMTS;1;257;4;1000;9909147;-1;-113
;ServiceLog;Komzpa;1436124859285;3G;UMTS;1;257;4;1000;9909147;-1;-113
;ServiceLog;Komzpa;1436124860304;3G;UMTS;1;257;4;1000;9909147;-1;-113
;ServiceLog;Komzpa;1436124861324;3G;UMTS;1;257;4;1000;9909147;-1;-113
;ServiceLog;Komzpa;1436124862343;3G;UMTS;1;257;4;1000;9909147;-1;-113
;ServiceLog;Komzpa;1436124863360;3G;UMTS;1;257;4;1000;9909147;-1;-113
;ServiceLog;Komzpa;1436124864375;3G;UMTS;1;257;4;1000;9909147;-1;-113
;ServiceLog;Komzpa;1436124865405;3G;UMTS;1;257;4;1000;9909147;-1;-113
;ServiceLog;Komzpa;1436124866429;3G;UMTS;1;257;4;1000;9909147;-1;-113
;ServiceLog;Komzpa;1436124867447;3G;UMTS;1;257;4;1000;9909147;-1;-113
;ServiceLog;Komzpa;1436124868464;3G;UMTS;1;257;4;1000;9909147;-1;-113
;ServiceLog;Komzpa;1436124869485;3G;UMTS;1;257;4;1000;9909147;-1;-113
;ServiceLog;Komzpa;1436124870506;3G;UMTS;1;257;4;1000;9909147;-1;-113
;ServiceLog;Komzpa;1436124871524;3G;UMTS;1;257;4;1000;9909147;-1;-113
;ServiceLog;Komzpa;1436124872543;3G;UMTS;1;257;4;1000;9909147;-1;-113
;ServiceLog;Komzpa;1436124873561;3G;UMTS;1;257;4;1000;9909147;-1;-113
;ServiceLog;Komzpa;1436124874581;3G;UMTS;1;257;4;1000;9909147;-1;-113
;ServiceLog;Komzpa;1436124875606;3G;UMTS;1;257;4;1000;9909147;-1;-113
;ServiceLog;Komzpa;1436124876628;3G;UMTS;1;257;4;1000;9909147;-1;-113
;ServiceLog;Komzpa;1436124877655;3G;UMTS;1;257;4;1000;9909147;-1;-113
;ServiceLog;Komzpa;1436124878707;3G;UMTS;1;257;4;1000;9909147;-1;-113
;ServiceLog;Komzpa;1436124879743;unknown;unknown;1;257;4;1000;9909147;-1;-113
;ServiceLog;Komzpa;1436124880797;unknown;unknown;1;257;4;1000;9909147;-1;-113
;ServiceLog;Komzpa;1436124881840;unknown;unknown;1;257;4;1000;9909147;-1;-113
;ServiceLog;Komzpa;1436124882852;unknown;unknown;1;257;4;1000;9909147;-1;-113
;ServiceLog;Komzpa;1436124883867;3G;HSDPA;1;257;4;1100;9974693;-1;-113
;ServiceLog;Komzpa;1436124884882;3G;HSDPA;1;257;4;1100;9974693;-1;-113
;ServiceLog;Komzpa;1436124885896;3G;HSPAP;1;257;4;1100;9974693;-1;-113
;ServiceLog;Komzpa;1436124887017;3G;HSPAP;1;257;4;1100;9974693;-1;-109
;ServiceLog;Komzpa;1436124888026;3G;HSPAP;1;257;4;1100;9974693;-1;-105
;ServiceLog;Komzpa;1436124889039;3G;HSPAP;1;257;4;1100;9974693;-1;-99
;ServiceLog;Komzpa;1436124890187;3G;HSPAP;1;257;4;1100;9974693;-1;-95
;ServiceLog;Komzpa;1436124891203;3G;HSPAP;1;257;4;1100;9974693;-1;-91
;ServiceLog;Komzpa;1436124892216;3G;HSPAP;1;257;4;1100;9974693;-1;-87
;ServiceLog;Komzpa;1436124893236;3G;HSPAP;1;257;4;1100;9974693;-1;-83
;ServiceLog;Komzpa;1436124894277;3G;HSPAP;1;257;4;1100;9974693;-1;-83
;ServiceLog;Komzpa;1436124895387;3G;HSPAP;1;257;4;1100;9974693;-1;-83
;ServiceLog;Komzpa;1436124896396;3G;HSPAP;1;257;4;1100;9974693;-1;-83
;ServiceLog;Komzpa;1436124897659;3G;HSPAP;1;257;4;1100;9974693;-1;-83
;ServiceLog;Komzpa;1436124899026;3G;HSPAP;1;257;4;1100;9974693;-1;-83
;ServiceLog;Komzpa;1436124900041;3G;HSPAP;1;257;4;1100;9974693;-1;-83
;ServiceLog;Komzpa;1436124901053;3G;HSPAP;1;257;4;1100;9974693;-1;-83
;ServiceLog;Komzpa;1436124902062;3G;HSPAP;1;257;4;1100;9974693;-1;-83
;ServiceLog;Komzpa;1436124903078;3G;HSPAP;1;257;4;1100;9974693;-1;-81
;ServiceLog;Komzpa;1436124904121;3G;HSPAP;1;257;4;1100;9974693;-1;-81
;ServiceLog;Komzpa;1436124905149;3G;HSPAP;1;257;4;1100;9974693;-1;-81
;ServiceLog;Komzpa;1436124906166;3G;HSPAP;1;257;4;1100;9974693;-1;-83
;ServiceLog;Komzpa;1436124907180;3G;HSPAP;1;257;4;1100;9974693;-1;-87
;ServiceLog;Komzpa;1436124908265;3G;HSPAP;1;257;4;1100;9974693;-1;-87
;ServiceLog;Komzpa;1436124909287;3G;HSPAP;1;257;4;1100;9974693;-1;-87
