ID;Name;User;TimeStamp;NetworkGen;NetworkType;Active;MCC;MNC;LAC;CID;PSC;Power
2151;Pieršamajskaja 1;Komzpa;1436124489025;3G;HSPAP;1;257;4;1000;9909127;-1;-71
2152;Pieršamajskaja 2;Komzpa;1436124501951;3G;HSDPA;1;257;4;1000;9909130;-1;-105
2153;Pieršamajskaja 3;Komzpa;1436124517426;3G;HSPAP;1;257;4;1000;9909130;-1;-97
2154;Pieršamajskaja 4;Komzpa;1436124527675;3G;HSPAP;1;257;4;1000;9909130;-1;-91
2141;Pralietarskaja 1;Komzpa;1436124599398;3G;HSPAP;1;257;4;1000;9909137;-1;-89
2142;Pralietarskaja 2;Komzpa;1436124609460;3G;HSDPA;1;257;4;1000;9909137;-1;-77
2143;Pralietarskaja 3;Komzpa;1436124629356;3G;HSDPA;1;257;4;1000;9909137;-1;-83
2144;Pralietarskaja 4;Komzpa;1436124640497;3G;HSDPA;1;257;4;1000;9909140;-1;-87
2131;Traktarny zavod 1;Komzpa;1436124751351;3G;HSPAP;1;257;4;1000;9909147;-1;-89
2132;Traktarny zavod 2;Komzpa;1436124763708;3G;HSDPA;1;257;4;1000;9909147;-1;-91
2133;Traktarny zavod 3;Komzpa;1436124781279;3G;HSDPA;1;257;4;1000;9909147;-1;-93
2134;Traktarny zavod 4;Komzpa;1436124789553;3G;HSDPA;1;257;4;1000;9909147;-1;-93
2121;Partyzanskaja 1;Komzpa;1436124895944;3G;HSPAP;1;257;4;1100;9974693;-1;-83
2122;Partyzanskaja 2;Komzpa;1436124907152;3G;HSPAP;1;257;4;1100;9974693;-1;-87
