ID;Name;User;TimeStamp;NetworkGen;NetworkType;Active;MCC;MNC;LAC;CID;PSC;Power
873;Бабушкинская 3;vlad;1435841500858;2G;EDGE;1;250;2;7719;124;-1;-63
874;Бабушкинская 4;vlad;1435841509531;2G;EDGE;1;250;2;7719;124;-1;-63
881;Свиблово 1;vlad;1435841640691;unknown;unknown;1;-1;-1;-1;-1;-1;-1
882;Свиблово 2;vlad;1435841652796;unknown;unknown;1;-1;-1;-1;-1;-1;-1
883;Свиблово 3;vlad;1435841673698;unknown;unknown;1;-1;-1;-1;-1;-1;-1
884;Свиблово 4;vlad;1435841682921;unknown;unknown;1;-1;-1;-1;-1;-1;-1
891;Ботанический сад 1;vlad;1435841768222;unknown;unknown;1;-1;-1;-1;-1;-1;-1
892;Ботанический сад 2;vlad;1435841782368;unknown;unknown;1;-1;-1;-1;-1;-1;-1
893;Ботанический сад 3;vlad;1435841803479;unknown;unknown;1;-1;-1;-1;-1;-1;-1
894;Ботанический сад 4;vlad;1435841814741;unknown;unknown;1;-1;-1;-1;-1;-1;-1
901;ВДНХ 1;vlad;1435841988238;unknown;unknown;1;-1;-1;-1;-1;-1;-1
902;ВДНХ 2;vlad;1435842002012;unknown;unknown;1;-1;-1;-1;-1;-1;-1
903;ВДНХ 3;vlad;1435842019965;unknown;unknown;1;-1;-1;-1;-1;-1;-1
904;ВДНХ 4;vlad;1435842029148;unknown;unknown;1;-1;-1;-1;-1;-1;-1
911;Алексеевская 1;vlad;1435842103104;unknown;unknown;1;-1;-1;-1;-1;-1;-1
912;Алексеевская 2;vlad;1435842119259;unknown;unknown;1;-1;-1;-1;-1;-1;-1
913;Алексеевская 3;vlad;1435842143660;unknown;unknown;1;-1;-1;-1;-1;-1;-1
914;Алексеевская 4;vlad;1435842152887;unknown;unknown;1;-1;-1;-1;-1;-1;-1
921;Рижская 1;vlad;1435842248277;unknown;unknown;1;-1;-1;-1;-1;-1;-1
922;Рижская 2;vlad;1435842263681;unknown;unknown;1;-1;-1;-1;-1;-1;-1
923;Рижская 3;vlad;1435842282549;unknown;unknown;1;-1;-1;-1;-1;-1;-1
924;Рижская 4;vlad;1435842292127;unknown;unknown;1;-1;-1;-1;-1;-1;-1
931;Проспект Мира (КРЛ) 1;vlad;1435842385233;2G;EDGE;1;250;2;7763;270;-1;-57
932;Проспект Мира (КРЛ) 2;vlad;1435842401078;2G;EDGE;1;250;2;7763;270;-1;-59
683;Новослободская 3;vlad;1435842858316;2G;EDGE;1;250;2;7763;250;-1;-75
684;Новослободская 4;vlad;1435842871282;2G;EDGE;1;250;2;7763;250;-1;-71
691;Проспект Мира (КЛЦ) 1;vlad;1435842963048;2G;EDGE;1;250;2;7763;275;-1;-65
692;Проспект Мира (КЛЦ) 2;vlad;1435842975724;2G;EDGE;1;250;2;7763;275;-1;-65
693;Проспект Мира (КЛЦ) 3;vlad;1435843071492;2G;EDGE;1;250;2;7763;275;-1;-65
694;Проспект Мира (КЛЦ) 4;vlad;1435843082765;2G;EDGE;1;250;2;7763;275;-1;-65
681;Новослободская 1;vlad;1435843171685;unknown;unknown;1;-1;-1;-1;-1;-1;-1
682;Новослободская 2;vlad;1435843183584;unknown;unknown;1;-1;-1;-1;-1;-1;-1
683;Новослободская 3;vlad;1435843225784;unknown;unknown;1;-1;-1;-1;-1;-1;-1
684;Новослободская 4;vlad;1435843235966;unknown;unknown;1;-1;-1;-1;-1;-1;-1
691;Проспект Мира (КЛЦ) 1;vlad;1435843326864;unknown;unknown;1;-1;-1;-1;-1;-1;-1
692;Проспект Мира (КЛЦ) 2;vlad;1435843340944;unknown;unknown;1;-1;-1;-1;-1;-1;-1
693;Проспект Мира (КЛЦ) 3;vlad;1435843414637;unknown;unknown;1;-1;-1;-1;-1;-1;-1
694;Проспект Мира (КЛЦ) 4;vlad;1435843427569;unknown;unknown;1;-1;-1;-1;-1;-1;-1
681;Новослободская 1;vlad;1435843525272;unknown;unknown;1;-1;-1;-1;-1;-1;-1
682;Новослободская 2;vlad;1435843534254;unknown;unknown;1;-1;-1;-1;-1;-1;-1
1373;Менделеевская 3;vlad;1435843936773;unknown;unknown;1;-1;-1;-1;-1;-1;-1
1374;Менделеевская 4;vlad;1435843950388;unknown;unknown;1;-1;-1;-1;-1;-1;-1
1361;Савеловская 1;vlad;1435844023825;unknown;unknown;1;-1;-1;-1;-1;-1;-1
1362;Савеловская 2;vlad;1435844031843;unknown;unknown;1;-1;-1;-1;-1;-1;-1
1363;Савеловская 3;vlad;1435844059568;unknown;unknown;1;-1;-1;-1;-1;-1;-1
1364;Савеловская 4;vlad;1435844072797;unknown;unknown;1;-1;-1;-1;-1;-1;-1
1351;Дмитровская 1;vlad;1435844149680;unknown;unknown;1;-1;-1;-1;-1;-1;-1
1352;Дмитровская 2;vlad;1435844158976;unknown;unknown;1;-1;-1;-1;-1;-1;-1
1353;Дмитровская 3;vlad;1435844179158;unknown;unknown;1;-1;-1;-1;-1;-1;-1
1354;Дмитровская 4;vlad;1435844193045;unknown;unknown;1;-1;-1;-1;-1;-1;-1
1341;Тимирязевская 1;vlad;1435844249907;unknown;unknown;1;-1;-1;-1;-1;-1;-1
1342;Тимирязевская 2;vlad;1435844262037;unknown;unknown;1;-1;-1;-1;-1;-1;-1
1343;Тимирязевская 3;vlad;1435844304240;2G;EDGE;1;250;2;7788;800;-1;-61
1344;Тимирязевская 4;vlad;1435844317722;2G;EDGE;1;250;2;7788;800;-1;-67
1331;Петровско-Разумовская 1;vlad;1435844439177;2G;EDGE;1;250;2;7788;830;-1;-71
1332;Петровско-Разумовская 2;vlad;1435844451590;2G;EDGE;1;250;2;7788;830;-1;-63
1333;Петровско-Разумовская 3;vlad;1435844501904;2G;EDGE;1;250;2;7788;830;-1;-73
1334;Петровско-Разумовская 4;vlad;1435844516871;2G;EDGE;1;250;2;7788;830;-1;-69
1321;Владыкино 1;vlad;1435844624861;unknown;unknown;1;-1;-1;-1;-1;-1;-1
1322;Владыкино 2;vlad;1435844636247;unknown;unknown;1;-1;-1;-1;-1;-1;-1
1323;Владыкино 3;vlad;1435844662599;2G;EDGE;1;250;2;7737;1230;-1;-73
1324;Владыкино 4;vlad;1435844676186;2G;EDGE;1;250;2;7737;1230;-1;-69
1311;Отрадное 1;vlad;1435844825515;2G;EDGE;1;250;2;7741;950;-1;-73
1312;Отрадное 2;vlad;1435844836216;2G;EDGE;1;250;2;7741;950;-1;-57
1313;Отрадное 3;vlad;1435844870235;2G;EDGE;1;250;2;7741;950;-1;-67
1314;Отрадное 4;vlad;1435844884543;2G;EDGE;1;250;2;7741;950;-1;-69
1301;Бибирево 1;vlad;1435845013953;unknown;unknown;1;-1;-1;-1;-1;-1;-1
1302;Бибирево 2;vlad;1435845027868;unknown;unknown;1;-1;-1;-1;-1;-1;-1
1303;Бибирево 3;vlad;1435845053388;unknown;unknown;1;-1;-1;-1;-1;-1;-1
1304;Бибирево 4;vlad;1435845068328;unknown;unknown;1;-1;-1;-1;-1;-1;-1
1291;Алтуфьево 1;vlad;1435845166178;unknown;unknown;1;-1;-1;-1;-1;-1;-1
1292;Алтуфьево 2;vlad;1435845180283;unknown;unknown;1;-1;-1;-1;-1;-1;-1
1293;Алтуфьево 3;vlad;1435845227617;unknown;unknown;1;-1;-1;-1;-1;-1;-1
1294;Алтуфьево 4;vlad;1435845238900;unknown;unknown;1;-1;-1;-1;-1;-1;-1
1301;Бибирево 1;vlad;1435845339196;unknown;unknown;1;-1;-1;-1;-1;-1;-1
1302;Бибирево 2;vlad;1435845355434;unknown;unknown;1;-1;-1;-1;-1;-1;-1
1303;Бибирево 3;vlad;1435845376985;unknown;unknown;1;-1;-1;-1;-1;-1;-1
1304;Бибирево 4;vlad;1435845389175;unknown;unknown;1;-1;-1;-1;-1;-1;-1
1311;Отрадное 1;vlad;1435845513571;unknown;unknown;1;-1;-1;-1;-1;-1;-1
1312;Отрадное 2;vlad;1435845533438;unknown;unknown;1;-1;-1;-1;-1;-1;-1
1313;Отрадное 3;vlad;1435845550017;unknown;unknown;1;-1;-1;-1;-1;-1;-1
1314;Отрадное 4;vlad;1435845563471;unknown;unknown;1;-1;-1;-1;-1;-1;-1
1321;Владыкино 1;vlad;1435845667411;unknown;unknown;1;-1;-1;-1;-1;-1;-1
1322;Владыкино 2;vlad;1435845681269;unknown;unknown;1;-1;-1;-1;-1;-1;-1
1323;Владыкино 3;vlad;1435845705221;unknown;unknown;1;-1;-1;-1;-1;-1;-1
1324;Владыкино 4;vlad;1435845717068;unknown;unknown;1;-1;-1;-1;-1;-1;-1
1331;Петровско-Разумовская 1;vlad;1435845858181;unknown;unknown;1;-1;-1;-1;-1;-1;-1
1332;Петровско-Разумовская 2;vlad;1435845871401;unknown;unknown;1;-1;-1;-1;-1;-1;-1
1333;Петровско-Разумовская 3;vlad;1435845898517;unknown;unknown;1;-1;-1;-1;-1;-1;-1
1334;Петровско-Разумовская 4;vlad;1435845910616;unknown;unknown;1;-1;-1;-1;-1;-1;-1
1341;Тимирязевская 1;vlad;1435846011967;unknown;unknown;1;-1;-1;-1;-1;-1;-1
1342;Тимирязевская 2;vlad;1435846025897;unknown;unknown;1;-1;-1;-1;-1;-1;-1
1343;Тимирязевская 3;vlad;1435846045783;unknown;unknown;1;-1;-1;-1;-1;-1;-1
1344;Тимирязевская 4;vlad;1435846058263;unknown;unknown;1;-1;-1;-1;-1;-1;-1
1351;Дмитровская 1;vlad;1435846125594;unknown;unknown;1;-1;-1;-1;-1;-1;-1
1352;Дмитровская 2;vlad;1435846138215;unknown;unknown;1;-1;-1;-1;-1;-1;-1
1353;Дмитровская 3;vlad;1435846161876;unknown;unknown;1;-1;-1;-1;-1;-1;-1
1354;Дмитровская 4;vlad;1435846173865;unknown;unknown;1;-1;-1;-1;-1;-1;-1
1361;Савеловская 1;vlad;1435846260665;unknown;unknown;1;-1;-1;-1;-1;-1;-1
1362;Савеловская 2;vlad;1435846279963;unknown;unknown;1;-1;-1;-1;-1;-1;-1
1363;Савеловская 3;vlad;1435846306523;unknown;unknown;1;-1;-1;-1;-1;-1;-1
1364;Савеловская 4;vlad;1435846320288;unknown;unknown;1;-1;-1;-1;-1;-1;-1
1371;Менделеевская 1;vlad;1435846421557;unknown;unknown;1;-1;-1;-1;-1;-1;-1
1372;Менделеевская 2;vlad;1435846439651;unknown;unknown;1;-1;-1;-1;-1;-1;-1
683;Новослободская 3;vlad;1435846746694;unknown;unknown;1;-1;-1;-1;-1;-1;-1
684;Новослободская 4;vlad;1435846758098;unknown;unknown;1;-1;-1;-1;-1;-1;-1
671;Белорусская (КЛЦ) 1;vlad;1435846824992;unknown;unknown;1;-1;-1;-1;-1;-1;-1
672;Белорусская (КЛЦ) 2;vlad;1435846837301;unknown;unknown;1;-1;-1;-1;-1;-1;-1
353;Белорусская (ЗАМ) 3;vlad;1435847173264;unknown;unknown;1;-1;-1;-1;-1;-1;-1
354;Белорусская (ЗАМ) 4;vlad;1435847186784;unknown;unknown;1;-1;-1;-1;-1;-1;-1
361;Динамо 1;vlad;1435847297012;unknown;unknown;1;-1;-1;-1;-1;-1;-1
362;Динамо 2;vlad;1435847308104;unknown;unknown;1;-1;-1;-1;-1;-1;-1
363;Динамо 3;vlad;1435847329785;unknown;unknown;1;-1;-1;-1;-1;-1;-1
364;Динамо 4;vlad;1435847338933;unknown;unknown;1;-1;-1;-1;-1;-1;-1
371;Аэропорт 1;vlad;1435847454579;unknown;unknown;1;-1;-1;-1;-1;-1;-1
372;Аэропорт 2;vlad;1435847474213;unknown;unknown;1;-1;-1;-1;-1;-1;-1
373;Аэропорт 3;vlad;1435847496164;unknown;unknown;1;-1;-1;-1;-1;-1;-1
374;Аэропорт 4;vlad;1435847508974;unknown;unknown;1;-1;-1;-1;-1;-1;-1
381;Сокол 1;vlad;1435847576710;unknown;unknown;1;-1;-1;-1;-1;-1;-1
382;Сокол 2;vlad;1435847593094;unknown;unknown;1;-1;-1;-1;-1;-1;-1
383;Сокол 3;vlad;1435847616491;unknown;unknown;1;-1;-1;-1;-1;-1;-1
384;Сокол 4;vlad;1435847630149;unknown;unknown;1;-1;-1;-1;-1;-1;-1
391;Войковская 1;vlad;1435847765671;unknown;unknown;1;-1;-1;-1;-1;-1;-1
392;Войковская 2;vlad;1435847771295;unknown;unknown;1;-1;-1;-1;-1;-1;-1
393;Войковская 3;vlad;1435847791613;unknown;unknown;1;-1;-1;-1;-1;-1;-1
394;Войковская 4;vlad;1435847804922;unknown;unknown;1;-1;-1;-1;-1;-1;-1
401;Водный стадион 1;vlad;1435847939424;unknown;unknown;1;-1;-1;-1;-1;-1;-1
402;Водный стадион 2;vlad;1435847958073;2G;EDGE;1;250;2;7733;121;-1;-57
402;Водный стадион 2;vlad;1435847958073;2G;EDGE;250-2-7733-121;-1;-1;7733;20063;-1;-107
402;Водный стадион 2;vlad;1435847958073;2G;EDGE;250-2-7733-121;-1;-1;7733;28212;-1;-101
403;Водный стадион 3;vlad;1435847986344;2G;EDGE;1;250;2;7733;121;-1;-75
404;Водный стадион 4;vlad;1435847999798;2G;EDGE;1;250;2;7733;121;-1;-75
411;Речной вокзал 1;vlad;1435848113896;2G;EDGE;1;250;2;7733;481;-1;-59
412;Речной вокзал 2;vlad;1435848127246;2G;EDGE;1;250;2;7733;481;-1;-63
413;Речной вокзал 3;vlad;1435848175070;2G;EDGE;1;250;2;7733;481;-1;-71
414;Речной вокзал 4;vlad;1435848187089;2G;EDGE;1;250;2;7733;481;-1;-71
401;Водный стадион 1;vlad;1435848274197;unknown;unknown;1;-1;-1;-1;-1;-1;-1
402;Водный стадион 2;vlad;1435848290362;unknown;unknown;1;-1;-1;-1;-1;-1;-1
403;Водный стадион 3;vlad;1435848308246;unknown;unknown;1;-1;-1;-1;-1;-1;-1
391;Войковская 1;vlad;1435848450916;unknown;unknown;1;-1;-1;-1;-1;-1;-1
392;Войковская 2;vlad;1435848464413;unknown;unknown;1;-1;-1;-1;-1;-1;-1
393;Войковская 3;vlad;1435848490021;2G;EDGE;1;250;2;7764;730;-1;-71
394;Войковская 4;vlad;1435848503039;2G;EDGE;1;250;2;7764;730;-1;-67
381;Сокол 1;vlad;1435848633367;unknown;unknown;1;-1;-1;-1;-1;-1;-1
382;Сокол 2;vlad;1435848647876;unknown;unknown;1;-1;-1;-1;-1;-1;-1
383;Сокол 3;vlad;1435848671257;unknown;unknown;1;-1;-1;-1;-1;-1;-1
384;Сокол 4;vlad;1435848683779;unknown;unknown;1;-1;-1;-1;-1;-1;-1
371;Аэропорт 1;vlad;1435848764558;unknown;unknown;1;-1;-1;-1;-1;-1;-1
372;Аэропорт 2;vlad;1435848776736;unknown;unknown;1;-1;-1;-1;-1;-1;-1
373;Аэропорт 3;vlad;1435848802406;unknown;unknown;1;-1;-1;-1;-1;-1;-1
374;Аэропорт 4;vlad;1435848814213;unknown;unknown;1;-1;-1;-1;-1;-1;-1
361;Динамо 1;vlad;1435849046586;unknown;unknown;1;-1;-1;-1;-1;-1;-1
362;Динамо 2;vlad;1435849056364;unknown;unknown;1;-1;-1;-1;-1;-1;-1
363;Динамо 3;vlad;1435849088712;unknown;unknown;1;-1;-1;-1;-1;-1;-1
364;Динамо 4;vlad;1435849101308;unknown;unknown;1;-1;-1;-1;-1;-1;-1
351;Белорусская (ЗАМ) 1;vlad;1435849212707;unknown;unknown;1;-1;-1;-1;-1;-1;-1
352;Белорусская (ЗАМ) 2;vlad;1435849226080;unknown;unknown;1;-1;-1;-1;-1;-1;-1
353;Белорусская (ЗАМ) 3;vlad;1435849258606;unknown;unknown;1;-1;-1;-1;-1;-1;-1
354;Белорусская (ЗАМ) 4;vlad;1435849273504;unknown;unknown;1;-1;-1;-1;-1;-1;-1
341;Маяковская 1;vlad;1435849343513;unknown;unknown;1;-1;-1;-1;-1;-1;-1
342;Маяковская 2;vlad;1435849356251;unknown;unknown;1;-1;-1;-1;-1;-1;-1
343;Маяковская 3;vlad;1435849389369;unknown;unknown;1;-1;-1;-1;-1;-1;-1
344;Маяковская 4;vlad;1435849401391;unknown;unknown;1;-1;-1;-1;-1;-1;-1
332;Тверская 2;vlad;1435849466018;unknown;unknown;1;-1;-1;-1;-1;-1;-1
333;Тверская 3;vlad;1435849500843;unknown;unknown;1;-1;-1;-1;-1;-1;-1
334;Тверская 4;vlad;1435849514473;unknown;unknown;1;-1;-1;-1;-1;-1;-1
321;Театральная 1;vlad;1435849589310;unknown;unknown;1;-1;-1;-1;-1;-1;-1
322;Театральная 2;vlad;1435849600698;unknown;unknown;1;-1;-1;-1;-1;-1;-1
323;Театральная 3;vlad;1435849630374;unknown;unknown;1;-1;-1;-1;-1;-1;-1
324;Театральная 4;vlad;1435849643334;unknown;unknown;1;-1;-1;-1;-1;-1;-1
311;Новокузнецкая 1;vlad;1435849780438;unknown;unknown;1;-1;-1;-1;-1;-1;-1
312;Новокузнецкая 2;vlad;1435849794841;unknown;unknown;1;-1;-1;-1;-1;-1;-1
-1;новокузне;vlad;1435849813437;unknown;unknown;1;-1;-1;-1;-1;-1;-1
22;Черкизовская 2;vlad;1435849817301;unknown;unknown;1;-1;-1;-1;-1;-1;-1
