ID;Name;User;TimeStamp;NetworkGen;NetworkType;Active;MCC;MNC;LAC;CID;PSC;Power;session_id
873;Бабушкинская 3;vlad;1435841500001;2G;EDGE;1;250;2;7719;124;-1;-63;366166617
874;Бабушкинская 4;vlad;1435841509820;2G;EDGE;1;250;2;7719;124;-1;-63;366166617
881;Свиблово 1;vlad;1435841640562;unknown;unknown;1;-1;-1;-1;-1;-1;-1;366166617
882;Свиблово 2;vlad;1435841652813;unknown;unknown;1;-1;-1;-1;-1;-1;-1;366166617
883;Свиблово 3;vlad;1435841673526;unknown;unknown;1;-1;-1;-1;-1;-1;-1;366166617
884;Свиблово 4;vlad;1435841683221;unknown;unknown;1;-1;-1;-1;-1;-1;-1;366166617
891;Ботанический сад 1;vlad;1435841768195;unknown;unknown;1;-1;-1;-1;-1;-1;-1;366166617
892;Ботанический сад 2;vlad;1435841782205;unknown;unknown;1;-1;-1;-1;-1;-1;-1;366166617
893;Ботанический сад 3;vlad;1435841803976;unknown;unknown;1;-1;-1;-1;-1;-1;-1;366166617
894;Ботанический сад 4;vlad;1435841814780;unknown;unknown;1;-1;-1;-1;-1;-1;-1;366166617
901;ВДНХ 1;vlad;1435841988016;unknown;unknown;1;-1;-1;-1;-1;-1;-1;366166617
902;ВДНХ 2;vlad;1435842002136;unknown;unknown;1;-1;-1;-1;-1;-1;-1;366166617
903;ВДНХ 3;vlad;1435842020553;unknown;unknown;1;-1;-1;-1;-1;-1;-1;366166617
904;ВДНХ 4;vlad;1435842029545;unknown;unknown;1;-1;-1;-1;-1;-1;-1;366166617
911;Алексеевская 1;vlad;1435842103277;unknown;unknown;1;-1;-1;-1;-1;-1;-1;366166617
912;Алексеевская 2;vlad;1435842119222;unknown;unknown;1;-1;-1;-1;-1;-1;-1;366166617
913;Алексеевская 3;vlad;1435842143221;unknown;unknown;1;-1;-1;-1;-1;-1;-1;366166617
914;Алексеевская 4;vlad;1435842152818;unknown;unknown;1;-1;-1;-1;-1;-1;-1;366166617
921;Рижская 1;vlad;1435842248326;unknown;unknown;1;-1;-1;-1;-1;-1;-1;366166617
922;Рижская 2;vlad;1435842263716;unknown;unknown;1;-1;-1;-1;-1;-1;-1;366166617
923;Рижская 3;vlad;1435842282637;unknown;unknown;1;-1;-1;-1;-1;-1;-1;366166617
924;Рижская 4;vlad;1435842291532;unknown;unknown;1;-1;-1;-1;-1;-1;-1;366166617
931;Проспект Мира (КРЛ) 1;vlad;1435842385960;2G;EDGE;1;250;2;7763;270;-1;-57;366166617
932;Проспект Мира (КРЛ) 2;vlad;1435842401068;2G;EDGE;1;250;2;7763;270;-1;-59;366166617
683;Новослободская 3;vlad;1435842858046;2G;EDGE;1;250;2;7763;250;-1;-75;366166617
684;Новослободская 4;vlad;1435842871415;2G;EDGE;1;250;2;7763;250;-1;-71;366166617
691;Проспект Мира (КЛЦ) 1;vlad;1435842963184;2G;EDGE;1;250;2;7763;275;-1;-65;366166617
692;Проспект Мира (КЛЦ) 2;vlad;1435842975729;2G;EDGE;1;250;2;7763;275;-1;-65;366166617
693;Проспект Мира (КЛЦ) 3;vlad;1435843070576;2G;EDGE;1;250;2;7763;275;-1;-65;366166617
694;Проспект Мира (КЛЦ) 4;vlad;1435843082104;2G;EDGE;1;250;2;7763;275;-1;-65;366166617
681;Новослободская 1;vlad;1435843171225;unknown;unknown;1;-1;-1;-1;-1;-1;-1;366166617
682;Новослободская 2;vlad;1435843183431;unknown;unknown;1;-1;-1;-1;-1;-1;-1;366166617
683;Новослободская 3;vlad;1435843225159;unknown;unknown;1;-1;-1;-1;-1;-1;-1;366166617
684;Новослободская 4;vlad;1435843236015;unknown;unknown;1;-1;-1;-1;-1;-1;-1;366166617
691;Проспект Мира (КЛЦ) 1;vlad;1435843327456;unknown;unknown;1;-1;-1;-1;-1;-1;-1;366166617
692;Проспект Мира (КЛЦ) 2;vlad;1435843340848;unknown;unknown;1;-1;-1;-1;-1;-1;-1;366166617
693;Проспект Мира (КЛЦ) 3;vlad;1435843414288;unknown;unknown;1;-1;-1;-1;-1;-1;-1;366166617
694;Проспект Мира (КЛЦ) 4;vlad;1435843427894;unknown;unknown;1;-1;-1;-1;-1;-1;-1;366166617
681;Новослободская 1;vlad;1435843525719;unknown;unknown;1;-1;-1;-1;-1;-1;-1;366166617
682;Новослободская 2;vlad;1435843534442;unknown;unknown;1;-1;-1;-1;-1;-1;-1;366166617
1373;Менделеевская 3;vlad;1435843937237;unknown;unknown;1;-1;-1;-1;-1;-1;-1;366166617
1374;Менделеевская 4;vlad;1435843949722;unknown;unknown;1;-1;-1;-1;-1;-1;-1;366166617
1361;Савеловская 1;vlad;1435844023222;unknown;unknown;1;-1;-1;-1;-1;-1;-1;366166617
1362;Савеловская 2;vlad;1435844032122;unknown;unknown;1;-1;-1;-1;-1;-1;-1;366166617
1363;Савеловская 3;vlad;1435844059226;unknown;unknown;1;-1;-1;-1;-1;-1;-1;366166617
1364;Савеловская 4;vlad;1435844073383;unknown;unknown;1;-1;-1;-1;-1;-1;-1;366166617
1351;Дмитровская 1;vlad;1435844149162;unknown;unknown;1;-1;-1;-1;-1;-1;-1;366166617
1352;Дмитровская 2;vlad;1435844158758;unknown;unknown;1;-1;-1;-1;-1;-1;-1;366166617
1353;Дмитровская 3;vlad;1435844179734;unknown;unknown;1;-1;-1;-1;-1;-1;-1;366166617
1354;Дмитровская 4;vlad;1435844192952;unknown;unknown;1;-1;-1;-1;-1;-1;-1;366166617
1341;Тимирязевская 1;vlad;1435844250284;unknown;unknown;1;-1;-1;-1;-1;-1;-1;366166617
1342;Тимирязевская 2;vlad;1435844261968;unknown;unknown;1;-1;-1;-1;-1;-1;-1;366166617
1343;Тимирязевская 3;vlad;1435844304301;2G;EDGE;1;250;2;7788;800;-1;-61;366166617
1344;Тимирязевская 4;vlad;1435844318019;2G;EDGE;1;250;2;7788;800;-1;-67;366166617
1331;Петровско-Разумовская 1;vlad;1435844438755;2G;EDGE;1;250;2;7788;830;-1;-71;366166617
1332;Петровско-Разумовская 2;vlad;1435844451374;2G;EDGE;1;250;2;7788;830;-1;-63;366166617
1333;Петровско-Разумовская 3;vlad;1435844501936;2G;EDGE;1;250;2;7788;830;-1;-73;366166617
1334;Петровско-Разумовская 4;vlad;1435844517104;2G;EDGE;1;250;2;7788;830;-1;-69;366166617
1321;Владыкино 1;vlad;1435844625588;unknown;unknown;1;-1;-1;-1;-1;-1;-1;366166617
1322;Владыкино 2;vlad;1435844636659;unknown;unknown;1;-1;-1;-1;-1;-1;-1;366166617
1323;Владыкино 3;vlad;1435844662503;2G;EDGE;1;250;2;7737;1230;-1;-73;366166617
1324;Владыкино 4;vlad;1435844675818;2G;EDGE;1;250;2;7737;1230;-1;-69;366166617
1311;Отрадное 1;vlad;1435844825172;2G;EDGE;1;250;2;7741;950;-1;-73;366166617
1312;Отрадное 2;vlad;1435844836170;2G;EDGE;1;250;2;7741;950;-1;-57;366166617
1313;Отрадное 3;vlad;1435844870601;2G;EDGE;1;250;2;7741;950;-1;-67;366166617
1314;Отрадное 4;vlad;1435844884632;2G;EDGE;1;250;2;7741;950;-1;-69;366166617
1301;Бибирево 1;vlad;1435845014363;unknown;unknown;1;-1;-1;-1;-1;-1;-1;366166617
1302;Бибирево 2;vlad;1435845027347;unknown;unknown;1;-1;-1;-1;-1;-1;-1;366166617
1303;Бибирево 3;vlad;1435845052731;unknown;unknown;1;-1;-1;-1;-1;-1;-1;366166617
1304;Бибирево 4;vlad;1435845068147;unknown;unknown;1;-1;-1;-1;-1;-1;-1;366166617
1291;Алтуфьево 1;vlad;1435845165571;unknown;unknown;1;-1;-1;-1;-1;-1;-1;366166617
1292;Алтуфьево 2;vlad;1435845179913;unknown;unknown;1;-1;-1;-1;-1;-1;-1;366166617
1293;Алтуфьево 3;vlad;1435845226949;unknown;unknown;1;-1;-1;-1;-1;-1;-1;366166617
1294;Алтуфьево 4;vlad;1435845238976;unknown;unknown;1;-1;-1;-1;-1;-1;-1;366166617
1301;Бибирево 1;vlad;1435845339126;unknown;unknown;1;-1;-1;-1;-1;-1;-1;366166617
1302;Бибирево 2;vlad;1435845355067;unknown;unknown;1;-1;-1;-1;-1;-1;-1;366166617
1303;Бибирево 3;vlad;1435845376965;unknown;unknown;1;-1;-1;-1;-1;-1;-1;366166617
1304;Бибирево 4;vlad;1435845389505;unknown;unknown;1;-1;-1;-1;-1;-1;-1;366166617
1311;Отрадное 1;vlad;1435845513229;unknown;unknown;1;-1;-1;-1;-1;-1;-1;366166617
1312;Отрадное 2;vlad;1435845533619;unknown;unknown;1;-1;-1;-1;-1;-1;-1;366166617
1313;Отрадное 3;vlad;1435845550473;unknown;unknown;1;-1;-1;-1;-1;-1;-1;366166617
1314;Отрадное 4;vlad;1435845563886;unknown;unknown;1;-1;-1;-1;-1;-1;-1;366166617
1321;Владыкино 1;vlad;1435845667515;unknown;unknown;1;-1;-1;-1;-1;-1;-1;366166617
1322;Владыкино 2;vlad;1435845681365;unknown;unknown;1;-1;-1;-1;-1;-1;-1;366166617
1323;Владыкино 3;vlad;1435845705969;unknown;unknown;1;-1;-1;-1;-1;-1;-1;366166617
1324;Владыкино 4;vlad;1435845717054;unknown;unknown;1;-1;-1;-1;-1;-1;-1;366166617
1331;Петровско-Разумовская 1;vlad;1435845858516;unknown;unknown;1;-1;-1;-1;-1;-1;-1;366166617
1332;Петровско-Разумовская 2;vlad;1435845871162;unknown;unknown;1;-1;-1;-1;-1;-1;-1;366166617
1333;Петровско-Разумовская 3;vlad;1435845898961;unknown;unknown;1;-1;-1;-1;-1;-1;-1;366166617
1334;Петровско-Разумовская 4;vlad;1435845910453;unknown;unknown;1;-1;-1;-1;-1;-1;-1;366166617
1341;Тимирязевская 1;vlad;1435846011965;unknown;unknown;1;-1;-1;-1;-1;-1;-1;366166617
1342;Тимирязевская 2;vlad;1435846026720;unknown;unknown;1;-1;-1;-1;-1;-1;-1;366166617
1343;Тимирязевская 3;vlad;1435846045828;unknown;unknown;1;-1;-1;-1;-1;-1;-1;366166617
1344;Тимирязевская 4;vlad;1435846057764;unknown;unknown;1;-1;-1;-1;-1;-1;-1;366166617
1351;Дмитровская 1;vlad;1435846125264;unknown;unknown;1;-1;-1;-1;-1;-1;-1;366166617
1352;Дмитровская 2;vlad;1435846137841;unknown;unknown;1;-1;-1;-1;-1;-1;-1;366166617
1353;Дмитровская 3;vlad;1435846162047;unknown;unknown;1;-1;-1;-1;-1;-1;-1;366166617
1354;Дмитровская 4;vlad;1435846173871;unknown;unknown;1;-1;-1;-1;-1;-1;-1;366166617
1361;Савеловская 1;vlad;1435846260466;unknown;unknown;1;-1;-1;-1;-1;-1;-1;366166617
1362;Савеловская 2;vlad;1435846280010;unknown;unknown;1;-1;-1;-1;-1;-1;-1;366166617
1363;Савеловская 3;vlad;1435846305732;unknown;unknown;1;-1;-1;-1;-1;-1;-1;366166617
1364;Савеловская 4;vlad;1435846320772;unknown;unknown;1;-1;-1;-1;-1;-1;-1;366166617
1371;Менделеевская 1;vlad;1435846421243;unknown;unknown;1;-1;-1;-1;-1;-1;-1;366166617
1372;Менделеевская 2;vlad;1435846440143;unknown;unknown;1;-1;-1;-1;-1;-1;-1;366166617
683;Новослободская 3;vlad;1435846746957;unknown;unknown;1;-1;-1;-1;-1;-1;-1;366166617
684;Новослободская 4;vlad;1435846757563;unknown;unknown;1;-1;-1;-1;-1;-1;-1;366166617
671;Белорусская (КЛЦ) 1;vlad;1435846825747;unknown;unknown;1;-1;-1;-1;-1;-1;-1;366166617
672;Белорусская (КЛЦ) 2;vlad;1435846837817;unknown;unknown;1;-1;-1;-1;-1;-1;-1;366166617
353;Белорусская (ЗАМ) 3;vlad;1435847173851;unknown;unknown;1;-1;-1;-1;-1;-1;-1;366166617
354;Белорусская (ЗАМ) 4;vlad;1435847187179;unknown;unknown;1;-1;-1;-1;-1;-1;-1;366166617
361;Динамо 1;vlad;1435847296946;unknown;unknown;1;-1;-1;-1;-1;-1;-1;366166617
362;Динамо 2;vlad;1435847308431;unknown;unknown;1;-1;-1;-1;-1;-1;-1;366166617
363;Динамо 3;vlad;1435847329954;unknown;unknown;1;-1;-1;-1;-1;-1;-1;366166617
364;Динамо 4;vlad;1435847339842;unknown;unknown;1;-1;-1;-1;-1;-1;-1;366166617
371;Аэропорт 1;vlad;1435847454727;unknown;unknown;1;-1;-1;-1;-1;-1;-1;366166617
372;Аэропорт 2;vlad;1435847474271;unknown;unknown;1;-1;-1;-1;-1;-1;-1;366166617
373;Аэропорт 3;vlad;1435847497132;unknown;unknown;1;-1;-1;-1;-1;-1;-1;366166617
374;Аэропорт 4;vlad;1435847508549;unknown;unknown;1;-1;-1;-1;-1;-1;-1;366166617
381;Сокол 1;vlad;1435847577353;unknown;unknown;1;-1;-1;-1;-1;-1;-1;366166617
382;Сокол 2;vlad;1435847592989;unknown;unknown;1;-1;-1;-1;-1;-1;-1;366166617
383;Сокол 3;vlad;1435847616922;unknown;unknown;1;-1;-1;-1;-1;-1;-1;366166617
384;Сокол 4;vlad;1435847630303;unknown;unknown;1;-1;-1;-1;-1;-1;-1;366166617
391;Войковская 1;vlad;1435847765464;unknown;unknown;1;-1;-1;-1;-1;-1;-1;366166617
392;Войковская 2;vlad;1435847770968;unknown;unknown;1;-1;-1;-1;-1;-1;-1;366166617
393;Войковская 3;vlad;1435847791932;unknown;unknown;1;-1;-1;-1;-1;-1;-1;366166617
394;Войковская 4;vlad;1435847804352;unknown;unknown;1;-1;-1;-1;-1;-1;-1;366166617
401;Водный стадион 1;vlad;1435847940161;unknown;unknown;1;-1;-1;-1;-1;-1;-1;366166617
402;Водный стадион 2;vlad;1435847957846;2G;EDGE;1;250;2;7733;121;-1;-57;366166617
402;Водный стадион 2;vlad;1435847957846;2G;EDGE;250-2-7733-121;-1;-1;7733;20063;-1;-107;366166617
402;Водный стадион 2;vlad;1435847957846;2G;EDGE;250-2-7733-121;-1;-1;7733;28212;-1;-101;366166617
403;Водный стадион 3;vlad;1435847985933;2G;EDGE;1;250;2;7733;121;-1;-75;366166617
404;Водный стадион 4;vlad;1435847998987;2G;EDGE;1;250;2;7733;121;-1;-75;366166617
411;Речной вокзал 1;vlad;1435848113447;2G;EDGE;1;250;2;7733;481;-1;-59;366166617
412;Речной вокзал 2;vlad;1435848127136;2G;EDGE;1;250;2;7733;481;-1;-63;366166617
413;Речной вокзал 3;vlad;1435848175143;2G;EDGE;1;250;2;7733;481;-1;-71;366166617
414;Речной вокзал 4;vlad;1435848186684;2G;EDGE;1;250;2;7733;481;-1;-71;366166617
401;Водный стадион 1;vlad;1435848274624;unknown;unknown;1;-1;-1;-1;-1;-1;-1;366166617
402;Водный стадион 2;vlad;1435848289635;unknown;unknown;1;-1;-1;-1;-1;-1;-1;366166617
403;Водный стадион 3;vlad;1435848308193;unknown;unknown;1;-1;-1;-1;-1;-1;-1;366166617
391;Войковская 1;vlad;1435848450640;unknown;unknown;1;-1;-1;-1;-1;-1;-1;366166617
392;Войковская 2;vlad;1435848464913;unknown;unknown;1;-1;-1;-1;-1;-1;-1;366166617
393;Войковская 3;vlad;1435848489990;2G;EDGE;1;250;2;7764;730;-1;-71;366166617
394;Войковская 4;vlad;1435848502197;2G;EDGE;1;250;2;7764;730;-1;-67;366166617
381;Сокол 1;vlad;1435848633966;unknown;unknown;1;-1;-1;-1;-1;-1;-1;366166617
382;Сокол 2;vlad;1435848647500;unknown;unknown;1;-1;-1;-1;-1;-1;-1;366166617
383;Сокол 3;vlad;1435848671533;unknown;unknown;1;-1;-1;-1;-1;-1;-1;366166617
384;Сокол 4;vlad;1435848684151;unknown;unknown;1;-1;-1;-1;-1;-1;-1;366166617
371;Аэропорт 1;vlad;1435848765199;unknown;unknown;1;-1;-1;-1;-1;-1;-1;366166617
372;Аэропорт 2;vlad;1435848775891;unknown;unknown;1;-1;-1;-1;-1;-1;-1;366166617
373;Аэропорт 3;vlad;1435848802171;unknown;unknown;1;-1;-1;-1;-1;-1;-1;366166617
374;Аэропорт 4;vlad;1435848814630;unknown;unknown;1;-1;-1;-1;-1;-1;-1;366166617
361;Динамо 1;vlad;1435849046936;unknown;unknown;1;-1;-1;-1;-1;-1;-1;366166617
362;Динамо 2;vlad;1435849057312;unknown;unknown;1;-1;-1;-1;-1;-1;-1;366166617
363;Динамо 3;vlad;1435849088574;unknown;unknown;1;-1;-1;-1;-1;-1;-1;366166617
364;Динамо 4;vlad;1435849101329;unknown;unknown;1;-1;-1;-1;-1;-1;-1;366166617
351;Белорусская (ЗАМ) 1;vlad;1435849211925;unknown;unknown;1;-1;-1;-1;-1;-1;-1;366166617
352;Белорусская (ЗАМ) 2;vlad;1435849226034;unknown;unknown;1;-1;-1;-1;-1;-1;-1;366166617
353;Белорусская (ЗАМ) 3;vlad;1435849258481;unknown;unknown;1;-1;-1;-1;-1;-1;-1;366166617
354;Белорусская (ЗАМ) 4;vlad;1435849273257;unknown;unknown;1;-1;-1;-1;-1;-1;-1;366166617
341;Маяковская 1;vlad;1435849343073;unknown;unknown;1;-1;-1;-1;-1;-1;-1;366166617
342;Маяковская 2;vlad;1435849356147;unknown;unknown;1;-1;-1;-1;-1;-1;-1;366166617
343;Маяковская 3;vlad;1435849390024;unknown;unknown;1;-1;-1;-1;-1;-1;-1;366166617
344;Маяковская 4;vlad;1435849400712;unknown;unknown;1;-1;-1;-1;-1;-1;-1;366166617
332;Тверская 2;vlad;1435849466203;unknown;unknown;1;-1;-1;-1;-1;-1;-1;366166617
333;Тверская 3;vlad;1435849500701;unknown;unknown;1;-1;-1;-1;-1;-1;-1;366166617
334;Тверская 4;vlad;1435849514438;unknown;unknown;1;-1;-1;-1;-1;-1;-1;366166617
321;Театральная 1;vlad;1435849589148;unknown;unknown;1;-1;-1;-1;-1;-1;-1;366166617
322;Театральная 2;vlad;1435849600691;unknown;unknown;1;-1;-1;-1;-1;-1;-1;366166617
323;Театральная 3;vlad;1435849631131;unknown;unknown;1;-1;-1;-1;-1;-1;-1;366166617
324;Театральная 4;vlad;1435849643563;unknown;unknown;1;-1;-1;-1;-1;-1;-1;366166617
311;Новокузнецкая 1;vlad;1435849780249;unknown;unknown;1;-1;-1;-1;-1;-1;-1;366166617
312;Новокузнецкая 2;vlad;1435849795526;unknown;unknown;1;-1;-1;-1;-1;-1;-1;366166617
-1;новокузне;vlad;1435849813779;unknown;unknown;1;-1;-1;-1;-1;-1;-1;366166617
22;Черкизовская 2;vlad;1435849818237;unknown;unknown;1;-1;-1;-1;-1;-1;-1;366166617
