ID;Name;User;TimeStamp;NetworkGen;NetworkType;Active;MCC;MNC;LAC;CID;PSC;Power
283;Dworzec Wileński 3;alexkar;1436352342512;unknown;unknown;1;260;3;58080;42209630;66;-55
284;Dworzec Wileński 4;alexkar;1436352353361;unknown;unknown;1;260;3;58080;42209630;66;-55
271;Stadion Narodowy 1;alexkar;1436352407749;unknown;unknown;1;260;3;58080;42208218;65;-59
272;Stadion Narodowy 2;alexkar;1436352419801;unknown;unknown;1;260;3;58080;42208218;65;-59
273;Stadion Narodowy 3;alexkar;1436352436973;unknown;unknown;1;260;3;58080;42208218;65;-59
274;Stadion Narodowy 4;alexkar;1436352449475;unknown;unknown;1;260;3;58080;42208218;65;-59
261;Centrum Nauki Kopernik 1;alexkar;1436352512710;unknown;unknown;1;260;3;58080;42209629;42;-57
262;Centrum Nauki Kopernik 2;alexkar;1436352525627;unknown;unknown;1;260;3;58080;42209629;42;-57
263;Centrum Nauki Kopernik 3;alexkar;1436352540244;unknown;unknown;1;260;3;58080;42209629;42;-57
264;Centrum Nauki Kopernik 4;alexkar;1436352549087;unknown;unknown;1;260;3;58080;42209629;42;-57
251;Nowy Świat 1;alexkar;1436352614053;unknown;unknown;1;260;3;58120;42013102;40;-73
252;Nowy Świat 2;alexkar;1436352626737;unknown;unknown;1;260;3;58120;42013102;40;-59
253;Nowy Świat 3;alexkar;1436352645647;unknown;unknown;1;260;3;58120;42013102;40;-59
254;Nowy Świat 4;alexkar;1436352656287;unknown;unknown;1;260;3;58120;42013102;40;-61
241;Świętokrzyska (L2) 1;alexkar;1436352685890;unknown;unknown;1;260;3;58120;42011511;55;-95
242;Świętokrzyska (L2) 2;alexkar;1436352697496;unknown;unknown;1;260;3;58120;42011511;55;-57
243;Świętokrzyska (L2) 3;alexkar;1436352717737;unknown;unknown;1;260;3;58120;42011511;55;-51
244;Świętokrzyska (L2) 4;alexkar;1436352730871;unknown;unknown;1;260;3;58120;42011511;55;-51
231;Rondo ONZ 1;alexkar;1436352774547;unknown;unknown;1;260;3;58130;42013113;53;-59
232;Rondo ONZ 2;alexkar;1436352787099;unknown;unknown;1;260;3;58130;42013113;53;-59
233;Rondo ONZ 3;alexkar;1436352803367;unknown;unknown;1;260;3;58130;42013113;53;-59
234;Rondo ONZ 4;alexkar;1436352818196;unknown;unknown;1;260;3;58130;42013113;53;-59
221;Rondo Daszyńskiego 1;alexkar;1436352886167;unknown;unknown;1;260;3;58130;42011464;51;-59
222;Rondo Daszyńskiego 2;alexkar;1436352901451;unknown;unknown;1;260;3;58130;42011464;51;-55
