ID;Name;User;TimeStamp;NetworkGen;NetworkType;Active;MCC;MNC;LAC;CID;PSC;Power
;ServiceLog;alexkar;1436352175475;unknown;unknown;1;260;3;58080;42209630;66;0
;ServiceLog;alexkar;1436352176561;unknown;unknown;1;260;3;58080;42209630;66;-51
;ServiceLog;alexkar;1436352177596;unknown;unknown;1;260;3;58080;42209630;66;-51
;ServiceLog;alexkar;1436352178645;unknown;unknown;1;260;3;58080;42209630;66;-51
;ServiceLog;alexkar;1436352179666;unknown;unknown;1;260;3;58080;42209630;66;-51
;ServiceLog;alexkar;1436352180706;unknown;unknown;1;260;3;58080;42209630;66;-51
;ServiceLog;alexkar;1436352181737;unknown;unknown;1;260;3;58080;42209630;66;-51
;ServiceLog;alexkar;1436352182781;unknown;unknown;1;260;3;58080;42209630;66;-51
;ServiceLog;alexkar;1436352183833;unknown;unknown;1;260;3;58080;42209630;66;-51
;ServiceLog;alexkar;1436352184911;unknown;unknown;1;260;3;58080;42209630;66;-51
;ServiceLog;alexkar;1436352185967;unknown;unknown;1;260;3;58080;42209630;66;-51
;ServiceLog;alexkar;1436352187012;unknown;unknown;1;260;3;58080;42209630;66;-51
;ServiceLog;alexkar;1436352188073;unknown;unknown;1;260;3;58080;42209630;66;-51
;ServiceLog;alexkar;1436352189125;unknown;unknown;1;260;3;58080;42209630;66;-51
;ServiceLog;alexkar;1436352190168;unknown;unknown;1;260;3;58080;42209630;66;-51
;ServiceLog;alexkar;1436352191223;unknown;unknown;1;260;3;58080;42209630;66;-51
;ServiceLog;alexkar;1436352192266;unknown;unknown;1;260;3;58080;42209630;66;-51
;ServiceLog;alexkar;1436352193294;unknown;unknown;1;260;3;58080;42209630;66;-51
;ServiceLog;alexkar;1436352194339;unknown;unknown;1;260;3;58080;42209630;66;-51
;ServiceLog;alexkar;1436352195357;unknown;unknown;1;260;3;58080;42209630;66;-51
;ServiceLog;alexkar;1436352196405;unknown;unknown;1;260;3;58080;42209630;66;-51
;ServiceLog;alexkar;1436352197450;unknown;unknown;1;260;3;58080;42209630;66;-51
;ServiceLog;alexkar;1436352198497;unknown;unknown;1;260;3;58080;42209630;66;-51
;ServiceLog;alexkar;1436352199530;unknown;unknown;1;260;3;58080;42209630;66;-51
;ServiceLog;alexkar;1436352200553;unknown;unknown;1;260;3;58080;42209630;66;-51
;ServiceLog;alexkar;1436352201574;unknown;unknown;1;260;3;58080;42209630;66;-51
;ServiceLog;alexkar;1436352202598;unknown;unknown;1;260;3;58080;42209630;66;-51
;ServiceLog;alexkar;1436352203644;unknown;unknown;1;260;3;58080;42209630;66;-51
;ServiceLog;alexkar;1436352204665;unknown;unknown;1;260;3;58080;42209630;66;-51
;ServiceLog;alexkar;1436352205707;unknown;unknown;1;260;3;58080;42209630;66;-51
;ServiceLog;alexkar;1436352206752;unknown;unknown;1;260;3;58080;42209630;66;-51
;ServiceLog;alexkar;1436352207805;unknown;unknown;1;260;3;58080;42209630;66;-51
;ServiceLog;alexkar;1436352208831;unknown;unknown;1;260;3;58080;42209630;66;-51
;ServiceLog;alexkar;1436352209879;unknown;unknown;1;260;3;58080;42209630;66;-51
;ServiceLog;alexkar;1436352210925;unknown;unknown;1;260;3;58080;42209630;66;-51
;ServiceLog;alexkar;1436352211979;unknown;unknown;1;260;3;58080;42209630;66;-51
;ServiceLog;alexkar;1436352213026;unknown;unknown;1;260;3;58080;42209630;66;-51
;ServiceLog;alexkar;1436352214073;unknown;unknown;1;260;3;58080;42209630;66;-51
;ServiceLog;alexkar;1436352215126;unknown;unknown;1;260;3;58080;42209630;66;-51
;ServiceLog;alexkar;1436352216179;unknown;unknown;1;260;3;58080;42209630;66;-51
;ServiceLog;alexkar;1436352217225;unknown;unknown;1;260;3;58080;42209630;66;-51
;ServiceLog;alexkar;1436352218275;unknown;unknown;1;260;3;58080;42209630;66;-51
;ServiceLog;alexkar;1436352219323;unknown;unknown;1;260;3;58080;42209630;66;-51
;ServiceLog;alexkar;1436352220376;unknown;unknown;1;260;3;58080;42209630;66;-51
;ServiceLog;alexkar;1436352221433;unknown;unknown;1;260;3;58080;42209630;66;-51
;ServiceLog;alexkar;1436352222483;unknown;unknown;1;260;3;58080;42209630;66;-51
;ServiceLog;alexkar;1436352223534;unknown;unknown;1;260;3;58080;42209630;66;-51
;ServiceLog;alexkar;1436352224574;unknown;unknown;1;260;3;58080;42209630;66;-61
;ServiceLog;alexkar;1436352225781;unknown;unknown;1;260;3;58080;42209630;66;-61
;ServiceLog;alexkar;1436352226825;unknown;unknown;1;260;3;58080;42209630;66;-61
;ServiceLog;alexkar;1436352227873;unknown;unknown;1;260;3;58080;42209630;66;-61
;ServiceLog;alexkar;1436352228927;unknown;unknown;1;260;3;58080;42209630;66;-61
;ServiceLog;alexkar;1436352229997;unknown;unknown;1;260;3;58080;42209630;66;-59
;ServiceLog;alexkar;1436352231050;unknown;unknown;1;260;3;58080;42209630;66;-59
;ServiceLog;alexkar;1436352232098;unknown;unknown;1;260;3;58080;42209630;66;-59
;ServiceLog;alexkar;1436352233154;unknown;unknown;1;260;3;58080;42209630;66;-59
;ServiceLog;alexkar;1436352234201;unknown;unknown;1;260;3;58080;42209630;66;-59
;ServiceLog;alexkar;1436352235240;unknown;unknown;1;260;3;58080;42209630;66;-59
;ServiceLog;alexkar;1436352236259;unknown;unknown;1;260;3;58080;42209630;66;-59
;ServiceLog;alexkar;1436352237284;unknown;unknown;1;260;3;58080;42209630;66;-59
;ServiceLog;alexkar;1436352238307;unknown;unknown;1;260;3;58080;42209630;66;-59
;ServiceLog;alexkar;1436352239338;unknown;unknown;1;260;3;58080;42209630;66;-59
;ServiceLog;alexkar;1436352240395;unknown;unknown;1;260;3;58080;42209630;66;-59
;ServiceLog;alexkar;1436352241443;unknown;unknown;1;260;3;58080;42209630;66;-59
;ServiceLog;alexkar;1436352242511;unknown;unknown;1;260;3;58080;42209630;66;-59
;ServiceLog;alexkar;1436352243565;unknown;unknown;1;260;3;58080;42209630;66;-59
;ServiceLog;alexkar;1436352244631;unknown;unknown;1;260;3;58080;42209630;66;-59
;ServiceLog;alexkar;1436352245673;unknown;unknown;1;260;3;58080;42209630;66;-59
;ServiceLog;alexkar;1436352246696;unknown;unknown;1;260;3;58080;42209630;66;-59
;ServiceLog;alexkar;1436352247729;unknown;unknown;1;260;3;58080;42209630;66;-59
;ServiceLog;alexkar;1436352248763;unknown;unknown;1;260;3;58080;42209630;66;-59
;ServiceLog;alexkar;1436352249817;unknown;unknown;1;260;3;58080;42209630;66;-59
;ServiceLog;alexkar;1436352250852;unknown;unknown;1;260;3;58080;42209630;66;-59
;ServiceLog;alexkar;1436352251906;unknown;unknown;1;260;3;58080;42209630;66;-59
;ServiceLog;alexkar;1436352252931;unknown;unknown;1;260;3;58080;42209630;66;-59
;ServiceLog;alexkar;1436352253975;unknown;unknown;1;260;3;58080;42209630;66;-59
;ServiceLog;alexkar;1436352255029;unknown;unknown;1;260;3;58080;42209630;66;-59
;ServiceLog;alexkar;1436352256075;unknown;unknown;1;260;3;58080;42209630;66;-59
;ServiceLog;alexkar;1436352257126;unknown;unknown;1;260;3;58080;42209630;66;-59
;ServiceLog;alexkar;1436352258172;unknown;unknown;1;260;3;58080;42209630;66;-59
;ServiceLog;alexkar;1436352259227;unknown;unknown;1;260;3;58080;42209630;66;-59
;ServiceLog;alexkar;1436352260288;unknown;unknown;1;260;3;58080;42209630;66;-61
;ServiceLog;alexkar;1436352261354;unknown;unknown;1;260;3;58080;42209630;66;-61
;ServiceLog;alexkar;1436352262414;unknown;unknown;1;260;3;58080;42209630;66;-61
;ServiceLog;alexkar;1436352263433;unknown;unknown;1;260;3;58080;42209630;66;-61
;ServiceLog;alexkar;1436352264454;unknown;unknown;1;260;3;58080;42209630;66;-61
;ServiceLog;alexkar;1436352265496;unknown;unknown;1;260;3;58080;42209630;66;-61
;ServiceLog;alexkar;1436352266546;unknown;unknown;1;260;3;58080;42209630;66;-61
;ServiceLog;alexkar;1436352267595;unknown;unknown;1;260;3;58080;42209630;66;-61
;ServiceLog;alexkar;1436352268642;unknown;unknown;1;260;3;58080;42209630;66;-61
;ServiceLog;alexkar;1436352269675;unknown;unknown;1;260;3;58080;42209630;66;-55
;ServiceLog;alexkar;1436352270704;unknown;unknown;1;260;3;58080;42209630;66;-55
;ServiceLog;alexkar;1436352271741;unknown;unknown;1;260;3;58080;42209630;66;-55
;ServiceLog;alexkar;1436352272783;unknown;unknown;1;260;3;58080;42209630;66;-55
;ServiceLog;alexkar;1436352273837;unknown;unknown;1;260;3;58080;42209630;66;-55
;ServiceLog;alexkar;1436352274890;unknown;unknown;1;260;3;58080;42209630;66;-55
;ServiceLog;alexkar;1436352276048;unknown;unknown;1;260;3;58080;42209630;66;-55
;ServiceLog;alexkar;1436352277072;unknown;unknown;1;260;3;58080;42209630;66;-55
;ServiceLog;alexkar;1436352278151;unknown;unknown;1;260;3;58080;42209630;66;-55
;ServiceLog;alexkar;1436352279199;unknown;unknown;1;260;3;58080;42209630;66;-55
;ServiceLog;alexkar;1436352280227;unknown;unknown;1;260;3;58080;42209630;66;-55
;ServiceLog;alexkar;1436352281283;unknown;unknown;1;260;3;58080;42209630;66;-55
;ServiceLog;alexkar;1436352282333;unknown;unknown;1;260;3;58080;42209630;66;-55
;ServiceLog;alexkar;1436352283376;unknown;unknown;1;260;3;58080;42209630;66;-55
;ServiceLog;alexkar;1436352284427;unknown;unknown;1;260;3;58080;42209630;66;-55
;ServiceLog;alexkar;1436352285447;unknown;unknown;1;260;3;58080;42209630;66;-55
;ServiceLog;alexkar;1436352286499;unknown;unknown;1;260;3;58080;42209630;66;-55
;ServiceLog;alexkar;1436352287550;unknown;unknown;1;260;3;58080;42209630;66;-55
;ServiceLog;alexkar;1436352288605;unknown;unknown;1;260;3;58080;42209630;66;-55
;ServiceLog;alexkar;1436352289649;unknown;unknown;1;260;3;58080;42209630;66;-55
;ServiceLog;alexkar;1436352290685;unknown;unknown;1;260;3;58080;42209630;66;-55
;ServiceLog;alexkar;1436352291703;unknown;unknown;1;260;3;58080;42209630;66;-55
;ServiceLog;alexkar;1436352292731;unknown;unknown;1;260;3;58080;42209630;66;-55
;ServiceLog;alexkar;1436352293758;unknown;unknown;1;260;3;58080;42209630;66;-55
;ServiceLog;alexkar;1436352294816;unknown;unknown;1;260;3;58080;42209630;66;-55
;ServiceLog;alexkar;1436352295889;unknown;unknown;1;260;3;58080;42209630;66;-55
;ServiceLog;alexkar;1436352296938;unknown;unknown;1;260;3;58080;42209630;66;-55
;ServiceLog;alexkar;1436352297983;unknown;unknown;1;260;3;58080;42209630;66;-55
;ServiceLog;alexkar;1436352299043;unknown;unknown;1;260;3;58080;42209630;66;-55
;ServiceLog;alexkar;1436352300087;unknown;unknown;1;260;3;58080;42209630;66;-55
;ServiceLog;alexkar;1436352301114;unknown;unknown;1;260;3;58080;42209630;66;-55
;ServiceLog;alexkar;1436352302158;unknown;unknown;1;260;3;58080;42209630;66;-55
;ServiceLog;alexkar;1436352303204;unknown;unknown;1;260;3;58080;42209630;66;-55
;ServiceLog;alexkar;1436352304238;unknown;unknown;1;260;3;58080;42209630;66;-55
;ServiceLog;alexkar;1436352305305;unknown;unknown;1;260;3;58080;42209630;66;-55
;ServiceLog;alexkar;1436352306337;unknown;unknown;1;260;3;58080;42209630;66;-55
;ServiceLog;alexkar;1436352307359;unknown;unknown;1;260;3;58080;42209630;66;-55
;ServiceLog;alexkar;1436352308385;unknown;unknown;1;260;3;58080;42209630;66;-55
;ServiceLog;alexkar;1436352309415;unknown;unknown;1;260;3;58080;42209630;66;-55
;ServiceLog;alexkar;1436352310446;unknown;unknown;1;260;3;58080;42209630;66;-55
;ServiceLog;alexkar;1436352311480;unknown;unknown;1;260;3;58080;42209630;66;-55
;ServiceLog;alexkar;1436352312525;unknown;unknown;1;260;3;58080;42209630;66;-55
;ServiceLog;alexkar;1436352313582;unknown;unknown;1;260;3;58080;42209630;66;-55
;ServiceLog;alexkar;1436352314637;unknown;unknown;1;260;3;58080;42209630;66;-55
;ServiceLog;alexkar;1436352315675;unknown;unknown;1;260;3;58080;42209630;66;-55
;ServiceLog;alexkar;1436352316737;unknown;unknown;1;260;3;58080;42209630;66;-55
;ServiceLog;alexkar;1436352317789;unknown;unknown;1;260;3;58080;42209630;66;-55
;ServiceLog;alexkar;1436352318817;unknown;unknown;1;260;3;58080;42209630;66;-55
;ServiceLog;alexkar;1436352319889;unknown;unknown;1;260;3;58080;42209630;66;-55
;ServiceLog;alexkar;1436352320944;unknown;unknown;1;260;3;58080;42209630;66;-55
;ServiceLog;alexkar;1436352321989;unknown;unknown;1;260;3;58080;42209630;66;-55
;ServiceLog;alexkar;1436352323035;unknown;unknown;1;260;3;58080;42209630;66;-55
;ServiceLog;alexkar;1436352324086;unknown;unknown;1;260;3;58080;42209630;66;-55
;ServiceLog;alexkar;1436352325136;unknown;unknown;1;260;3;58080;42209630;66;-55
;ServiceLog;alexkar;1436352326180;unknown;unknown;1;260;3;58080;42209630;66;-55
;ServiceLog;alexkar;1436352327244;unknown;unknown;1;260;3;58080;42209630;66;-55
;ServiceLog;alexkar;1436352328286;unknown;unknown;1;260;3;58080;42209630;66;-55
;ServiceLog;alexkar;1436352329332;unknown;unknown;1;260;3;58080;42209630;66;-55
;ServiceLog;alexkar;1436352330382;unknown;unknown;1;260;3;58080;42209630;66;-55
;ServiceLog;alexkar;1436352331430;unknown;unknown;1;260;3;58080;42209630;66;-55
;ServiceLog;alexkar;1436352332489;unknown;unknown;1;260;3;58080;42209630;66;-55
;ServiceLog;alexkar;1436352333548;unknown;unknown;1;260;3;58080;42209630;66;-55
;ServiceLog;alexkar;1436352334611;unknown;unknown;1;260;3;58080;42209630;66;-55
;ServiceLog;alexkar;1436352335661;unknown;unknown;1;260;3;58080;42209630;66;-55
;ServiceLog;alexkar;1436352336683;unknown;unknown;1;260;3;58080;42209630;66;-55
;ServiceLog;alexkar;1436352337735;unknown;unknown;1;260;3;58080;42209630;66;-55
;ServiceLog;alexkar;1436352338772;unknown;unknown;1;260;3;58080;42209630;66;-55
;ServiceLog;alexkar;1436352339809;unknown;unknown;1;260;3;58080;42209630;66;-55
;ServiceLog;alexkar;1436352340859;unknown;unknown;1;260;3;58080;42209630;66;-55
;ServiceLog;alexkar;1436352341911;unknown;unknown;1;260;3;58080;42209630;66;-55
;ServiceLog;alexkar;1436352342957;unknown;unknown;1;260;3;58080;42209630;66;-55
;ServiceLog;alexkar;1436352343998;unknown;unknown;1;260;3;58080;42209630;66;-55
;ServiceLog;alexkar;1436352345050;unknown;unknown;1;260;3;58080;42209630;66;-55
;ServiceLog;alexkar;1436352346097;unknown;unknown;1;260;3;58080;42209630;66;-55
;ServiceLog;alexkar;1436352347157;unknown;unknown;1;260;3;58080;42209630;66;-55
;ServiceLog;alexkar;1436352348184;unknown;unknown;1;260;3;58080;42209630;66;-55
;ServiceLog;alexkar;1436352349206;unknown;unknown;1;260;3;58080;42209630;66;-55
;ServiceLog;alexkar;1436352350284;unknown;unknown;1;260;3;58080;42209630;66;-55
;ServiceLog;alexkar;1436352351331;unknown;unknown;1;260;3;58080;42209630;66;-55
;ServiceLog;alexkar;1436352352377;unknown;unknown;1;260;3;58080;42209630;66;-55
;ServiceLog;alexkar;1436352353427;unknown;unknown;1;260;3;58080;42209630;66;-55
;ServiceLog;alexkar;1436352354453;unknown;unknown;1;260;3;58080;42209630;66;-55
;ServiceLog;alexkar;1436352355491;unknown;unknown;1;260;3;58080;42209630;66;-55
;ServiceLog;alexkar;1436352356530;unknown;unknown;1;260;3;58080;42209630;66;-55
;ServiceLog;alexkar;1436352357556;unknown;unknown;1;260;3;58080;42209630;66;-55
;ServiceLog;alexkar;1436352358579;unknown;unknown;1;260;3;58080;42209630;66;-55
;ServiceLog;alexkar;1436352359598;unknown;unknown;1;260;3;58080;42209630;66;-55
;ServiceLog;alexkar;1436352360647;unknown;unknown;1;260;3;58080;42209630;66;-55
;ServiceLog;alexkar;1436352361661;unknown;unknown;1;260;3;58080;42209630;66;-55
;ServiceLog;alexkar;1436352362684;unknown;unknown;1;260;3;58080;42209630;66;-55
;ServiceLog;alexkar;1436352363741;unknown;unknown;1;260;3;58080;42209630;66;-55
;ServiceLog;alexkar;1436352364796;unknown;unknown;1;260;3;58080;42209630;66;-55
;ServiceLog;alexkar;1436352365856;unknown;unknown;1;260;3;58080;42209630;66;-55
;ServiceLog;alexkar;1436352366896;unknown;unknown;1;260;3;58080;42209630;66;-55
;ServiceLog;alexkar;1436352367944;unknown;unknown;1;260;3;58080;42209630;66;-55
;ServiceLog;alexkar;1436352368988;unknown;unknown;1;260;3;58080;42209630;66;-55
;ServiceLog;alexkar;1436352370042;unknown;unknown;1;260;3;58080;42209630;66;-55
;ServiceLog;alexkar;1436352371102;unknown;unknown;1;260;3;58080;42209630;66;-63
;ServiceLog;alexkar;1436352372154;unknown;unknown;1;260;3;58080;42209630;66;-63
;ServiceLog;alexkar;1436352373172;unknown;unknown;1;260;3;58080;42209630;66;-63
;ServiceLog;alexkar;1436352374214;unknown;unknown;1;260;3;58080;42209630;66;-63
;ServiceLog;alexkar;1436352375298;unknown;unknown;1;260;3;58080;42209630;66;-63
;ServiceLog;alexkar;1436352376347;unknown;unknown;1;260;3;58080;42209630;66;-63
;ServiceLog;alexkar;1436352377398;unknown;unknown;1;260;3;58080;42209630;66;-69
;ServiceLog;alexkar;1436352378467;unknown;unknown;1;260;3;58080;42209630;66;-69
;ServiceLog;alexkar;1436352379531;unknown;unknown;1;260;3;58080;42209630;66;-69
;ServiceLog;alexkar;1436352380575;unknown;unknown;1;260;3;58080;42209630;66;-71
;ServiceLog;alexkar;1436352381636;unknown;unknown;1;260;3;58080;42209630;66;-71
;ServiceLog;alexkar;1436352382659;unknown;unknown;1;260;3;58080;42209630;66;-71
;ServiceLog;alexkar;1436352383678;unknown;unknown;1;260;3;58080;42209630;66;-71
;ServiceLog;alexkar;1436352384703;unknown;unknown;1;260;3;58080;42209630;66;-71
;ServiceLog;alexkar;1436352385739;unknown;unknown;1;260;3;58080;42209630;66;-71
;ServiceLog;alexkar;1436352386782;unknown;unknown;1;260;3;58080;42209630;66;-71
;ServiceLog;alexkar;1436352387834;unknown;unknown;1;260;3;58080;42209630;66;-71
;ServiceLog;alexkar;1436352388885;unknown;unknown;1;260;3;58080;42209630;66;-71
;ServiceLog;alexkar;1436352389933;unknown;unknown;1;260;3;58080;42209630;66;-71
;ServiceLog;alexkar;1436352390983;unknown;unknown;1;260;3;58080;42208218;65;-71
;ServiceLog;alexkar;1436352392038;unknown;unknown;1;260;3;58080;42208218;65;-71
;ServiceLog;alexkar;1436352393089;unknown;unknown;1;260;3;58080;42208218;65;-71
;ServiceLog;alexkar;1436352394131;unknown;unknown;1;260;3;58080;42208218;65;-71
;ServiceLog;alexkar;1436352395147;unknown;unknown;1;260;3;58080;42208218;65;-63
;ServiceLog;alexkar;1436352396218;unknown;unknown;1;260;3;58080;42208218;65;-63
;ServiceLog;alexkar;1436352397283;unknown;unknown;1;260;3;58080;42208218;65;-63
;ServiceLog;alexkar;1436352398330;unknown;unknown;1;260;3;58080;42208218;65;-63
;ServiceLog;alexkar;1436352399382;unknown;unknown;1;260;3;58080;42208218;65;-63
;ServiceLog;alexkar;1436352400451;unknown;unknown;1;260;3;58080;42208218;65;-63
;ServiceLog;alexkar;1436352401497;unknown;unknown;1;260;3;58080;42208218;65;-59
;ServiceLog;alexkar;1436352402544;unknown;unknown;1;260;3;58080;42208218;65;-59
;ServiceLog;alexkar;1436352403595;unknown;unknown;1;260;3;58080;42208218;65;-59
;ServiceLog;alexkar;1436352404635;unknown;unknown;1;260;3;58080;42208218;65;-59
;ServiceLog;alexkar;1436352405669;unknown;unknown;1;260;3;58080;42208218;65;-59
;ServiceLog;alexkar;1436352406696;unknown;unknown;1;260;3;58080;42208218;65;-59
;ServiceLog;alexkar;1436352407726;unknown;unknown;1;260;3;58080;42208218;65;-59
;ServiceLog;alexkar;1436352408747;unknown;unknown;1;260;3;58080;42208218;65;-59
;ServiceLog;alexkar;1436352409943;unknown;unknown;1;260;3;58080;42208218;65;-59
;ServiceLog;alexkar;1436352410978;unknown;unknown;1;260;3;58080;42208218;65;-59
;ServiceLog;alexkar;1436352412016;unknown;unknown;1;260;3;58080;42208218;65;-59
;ServiceLog;alexkar;1436352413052;unknown;unknown;1;260;3;58080;42208218;65;-59
;ServiceLog;alexkar;1436352414087;unknown;unknown;1;260;3;58080;42208218;65;-59
;ServiceLog;alexkar;1436352415114;unknown;unknown;1;260;3;58080;42208218;65;-59
;ServiceLog;alexkar;1436352416149;unknown;unknown;1;260;3;58080;42208218;65;-59
;ServiceLog;alexkar;1436352417206;unknown;unknown;1;260;3;58080;42208218;65;-59
;ServiceLog;alexkar;1436352418264;unknown;unknown;1;260;3;58080;42208218;65;-59
;ServiceLog;alexkar;1436352419308;unknown;unknown;1;260;3;58080;42208218;65;-59
;ServiceLog;alexkar;1436352420355;unknown;unknown;1;260;3;58080;42208218;65;-59
;ServiceLog;alexkar;1436352421405;unknown;unknown;1;260;3;58080;42208218;65;-59
;ServiceLog;alexkar;1436352422453;unknown;unknown;1;260;3;58080;42208218;65;-59
;ServiceLog;alexkar;1436352423502;unknown;unknown;1;260;3;58080;42208218;65;-59
;ServiceLog;alexkar;1436352424573;unknown;unknown;1;260;3;58080;42208218;65;-59
;ServiceLog;alexkar;1436352425636;unknown;unknown;1;260;3;58080;42208218;65;-59
;ServiceLog;alexkar;1436352426681;unknown;unknown;1;260;3;58080;42208218;65;-59
;ServiceLog;alexkar;1436352427706;unknown;unknown;1;260;3;58080;42208218;65;-59
;ServiceLog;alexkar;1436352428740;unknown;unknown;1;260;3;58080;42208218;65;-59
;ServiceLog;alexkar;1436352429805;unknown;unknown;1;260;3;58080;42208218;65;-59
;ServiceLog;alexkar;1436352430852;unknown;unknown;1;260;3;58080;42208218;65;-59
;ServiceLog;alexkar;1436352431905;unknown;unknown;1;260;3;58080;42208218;65;-59
;ServiceLog;alexkar;1436352432957;unknown;unknown;1;260;3;58080;42208218;65;-59
;ServiceLog;alexkar;1436352434009;unknown;unknown;1;260;3;58080;42208218;65;-59
;ServiceLog;alexkar;1436352435028;unknown;unknown;1;260;3;58080;42208218;65;-59
;ServiceLog;alexkar;1436352436053;unknown;unknown;1;260;3;58080;42208218;65;-59
;ServiceLog;alexkar;1436352437099;unknown;unknown;1;260;3;58080;42208218;65;-59
;ServiceLog;alexkar;1436352438129;unknown;unknown;1;260;3;58080;42208218;65;-59
;ServiceLog;alexkar;1436352439154;unknown;unknown;1;260;3;58080;42208218;65;-59
;ServiceLog;alexkar;1436352440197;unknown;unknown;1;260;3;58080;42208218;65;-59
;ServiceLog;alexkar;1436352441237;unknown;unknown;1;260;3;58080;42208218;65;-59
;ServiceLog;alexkar;1436352442275;unknown;unknown;1;260;3;58080;42208218;65;-59
;ServiceLog;alexkar;1436352443314;unknown;unknown;1;260;3;58080;42208218;65;-59
;ServiceLog;alexkar;1436352444350;unknown;unknown;1;260;3;58080;42208218;65;-59
;ServiceLog;alexkar;1436352445405;unknown;unknown;1;260;3;58080;42208218;65;-59
;ServiceLog;alexkar;1436352446430;unknown;unknown;1;260;3;58080;42208218;65;-59
;ServiceLog;alexkar;1436352447478;unknown;unknown;1;260;3;58080;42208218;65;-59
;ServiceLog;alexkar;1436352448500;unknown;unknown;1;260;3;58080;42208218;65;-59
;ServiceLog;alexkar;1436352449544;unknown;unknown;1;260;3;58080;42208218;65;-59
;ServiceLog;alexkar;1436352450568;unknown;unknown;1;260;3;58080;42208218;65;-59
;ServiceLog;alexkar;1436352451598;unknown;unknown;1;260;3;58080;42208218;65;-59
;ServiceLog;alexkar;1436352452643;unknown;unknown;1;260;3;58080;42208218;65;-59
;ServiceLog;alexkar;1436352453663;unknown;unknown;1;260;3;58080;42208218;65;-59
;ServiceLog;alexkar;1436352454690;unknown;unknown;1;260;3;58080;42208218;65;-59
;ServiceLog;alexkar;1436352455767;unknown;unknown;1;260;3;58080;42208218;65;-61
;ServiceLog;alexkar;1436352456811;unknown;unknown;1;260;3;58080;42208218;65;-61
;ServiceLog;alexkar;1436352457854;unknown;unknown;1;260;3;58080;42208218;65;-57
;ServiceLog;alexkar;1436352458904;unknown;unknown;1;260;3;58080;42208218;65;-57
;ServiceLog;alexkar;1436352459956;unknown;unknown;1;260;3;58080;42208218;65;-57
;ServiceLog;alexkar;1436352460985;unknown;unknown;1;260;3;58080;42208218;65;-57
;ServiceLog;alexkar;1436352462033;unknown;unknown;1;260;3;58080;42208218;65;-57
;ServiceLog;alexkar;1436352463082;unknown;unknown;1;260;3;58080;42208218;65;-57
;ServiceLog;alexkar;1436352464126;unknown;unknown;1;260;3;58080;42208218;65;-67
;ServiceLog;alexkar;1436352465154;unknown;unknown;1;260;3;58080;42208218;65;-67
;ServiceLog;alexkar;1436352466203;unknown;unknown;1;260;3;58080;42208218;65;-67
;ServiceLog;alexkar;1436352467247;unknown;unknown;1;260;3;58080;42208218;65;-67
;ServiceLog;alexkar;1436352468301;unknown;unknown;1;260;3;58080;42208218;65;-67
;ServiceLog;alexkar;1436352469347;unknown;unknown;1;260;3;58080;42208218;65;-67
;ServiceLog;alexkar;1436352470403;unknown;unknown;1;260;3;58080;42208218;65;-67
;ServiceLog;alexkar;1436352471453;unknown;unknown;1;260;3;58080;42208218;65;-67
;ServiceLog;alexkar;1436352472480;unknown;unknown;1;260;3;58080;42208218;65;-67
;ServiceLog;alexkar;1436352473535;unknown;unknown;1;260;3;58080;42208218;65;-71
;ServiceLog;alexkar;1436352474596;unknown;unknown;1;260;3;58080;42208218;65;-71
;ServiceLog;alexkar;1436352475665;unknown;unknown;1;260;3;58080;42208218;65;-71
;ServiceLog;alexkar;1436352476682;unknown;unknown;1;260;3;58080;42208218;65;-71
;ServiceLog;alexkar;1436352477695;unknown;unknown;1;260;3;58080;42208218;65;-71
;ServiceLog;alexkar;1436352478714;unknown;unknown;1;260;3;58080;42208218;65;-71
;ServiceLog;alexkar;1436352479751;unknown;unknown;1;260;3;58080;42208218;65;-71
;ServiceLog;alexkar;1436352480803;unknown;unknown;1;260;3;58080;42208218;65;-71
;ServiceLog;alexkar;1436352481882;unknown;unknown;1;260;3;58080;42208218;65;-71
;ServiceLog;alexkar;1436352482941;unknown;unknown;1;260;3;58080;42208218;65;-71
;ServiceLog;alexkar;1436352483986;unknown;unknown;1;260;3;58080;42208218;65;-71
;ServiceLog;alexkar;1436352485035;unknown;unknown;1;260;3;58080;42208218;65;-83
;ServiceLog;alexkar;1436352486080;unknown;unknown;1;260;3;58080;42209629;42;-83
;ServiceLog;alexkar;1436352487134;unknown;unknown;1;260;3;58080;42209629;42;-83
;ServiceLog;alexkar;1436352488187;unknown;unknown;1;260;3;58080;42209629;42;-69
;ServiceLog;alexkar;1436352489256;unknown;unknown;1;260;3;58080;42209629;42;-69
;ServiceLog;alexkar;1436352490318;unknown;unknown;1;260;3;58080;42209629;42;-69
;ServiceLog;alexkar;1436352491377;unknown;unknown;1;260;3;58080;42209629;42;-65
;ServiceLog;alexkar;1436352492441;unknown;unknown;1;260;3;58080;42209629;42;-65
;ServiceLog;alexkar;1436352493489;unknown;unknown;1;260;3;58080;42209629;42;-65
;ServiceLog;alexkar;1436352494543;unknown;unknown;1;260;3;58080;42209629;42;-65
;ServiceLog;alexkar;1436352495600;unknown;unknown;1;260;3;58080;42209629;42;-65
;ServiceLog;alexkar;1436352496648;unknown;unknown;1;260;3;58080;42209629;42;-65
;ServiceLog;alexkar;1436352497708;unknown;unknown;1;260;3;58080;42209629;42;-59
;ServiceLog;alexkar;1436352498745;unknown;unknown;1;260;3;58080;42209629;42;-59
;ServiceLog;alexkar;1436352499794;unknown;unknown;1;260;3;58080;42209629;42;-59
;ServiceLog;alexkar;1436352500810;unknown;unknown;1;260;3;58080;42209629;42;-59
;ServiceLog;alexkar;1436352501869;unknown;unknown;1;260;3;58080;42209629;42;-59
;ServiceLog;alexkar;1436352502926;unknown;unknown;1;260;3;58080;42209629;42;-61
;ServiceLog;alexkar;1436352503980;unknown;unknown;1;260;3;58080;42209629;42;-61
;ServiceLog;alexkar;1436352505042;unknown;unknown;1;260;3;58080;42209629;42;-61
;ServiceLog;alexkar;1436352506094;unknown;unknown;1;260;3;58080;42209629;42;-57
;ServiceLog;alexkar;1436352507157;unknown;unknown;1;260;3;58080;42209629;42;-57
;ServiceLog;alexkar;1436352508224;unknown;unknown;1;260;3;58080;42209629;42;-57
;ServiceLog;alexkar;1436352509272;unknown;unknown;1;260;3;58080;42209629;42;-57
;ServiceLog;alexkar;1436352510336;unknown;unknown;1;260;3;58080;42209629;42;-57
;ServiceLog;alexkar;1436352511387;unknown;unknown;1;260;3;58080;42209629;42;-57
;ServiceLog;alexkar;1436352512405;unknown;unknown;1;260;3;58080;42209629;42;-57
;ServiceLog;alexkar;1436352513424;unknown;unknown;1;260;3;58080;42209629;42;-57
;ServiceLog;alexkar;1436352514466;unknown;unknown;1;260;3;58080;42209629;42;-57
;ServiceLog;alexkar;1436352515529;unknown;unknown;1;260;3;58080;42209629;42;-57
;ServiceLog;alexkar;1436352516552;unknown;unknown;1;260;3;58080;42209629;42;-57
;ServiceLog;alexkar;1436352517611;unknown;unknown;1;260;3;58080;42209629;42;-57
;ServiceLog;alexkar;1436352518657;unknown;unknown;1;260;3;58080;42209629;42;-57
;ServiceLog;alexkar;1436352519675;unknown;unknown;1;260;3;58080;42209629;42;-57
;ServiceLog;alexkar;1436352520698;unknown;unknown;1;260;3;58080;42209629;42;-57
;ServiceLog;alexkar;1436352521826;unknown;unknown;1;260;3;58080;42209629;42;-57
;ServiceLog;alexkar;1436352522846;unknown;unknown;1;260;3;58080;42209629;42;-57
;ServiceLog;alexkar;1436352523887;unknown;unknown;1;260;3;58080;42209629;42;-57
;ServiceLog;alexkar;1436352524932;unknown;unknown;1;260;3;58080;42209629;42;-57
;ServiceLog;alexkar;1436352526134;unknown;unknown;1;260;3;58080;42209629;42;-57
;ServiceLog;alexkar;1436352527178;unknown;unknown;1;260;3;58080;42209629;42;-57
;ServiceLog;alexkar;1436352528229;unknown;unknown;1;260;3;58080;42209629;42;-57
;ServiceLog;alexkar;1436352529295;unknown;unknown;1;260;3;58080;42209629;42;-57
;ServiceLog;alexkar;1436352530345;unknown;unknown;1;260;3;58080;42209629;42;-57
;ServiceLog;alexkar;1436352531398;unknown;unknown;1;260;3;58080;42209629;42;-57
;ServiceLog;alexkar;1436352532441;unknown;unknown;1;260;3;58080;42209629;42;-57
;ServiceLog;alexkar;1436352533494;unknown;unknown;1;260;3;58080;42209629;42;-57
;ServiceLog;alexkar;1436352534535;unknown;unknown;1;260;3;58080;42209629;42;-57
;ServiceLog;alexkar;1436352535586;unknown;unknown;1;260;3;58080;42209629;42;-57
;ServiceLog;alexkar;1436352536655;unknown;unknown;1;260;3;58080;42209629;42;-57
;ServiceLog;alexkar;1436352537673;unknown;unknown;1;260;3;58080;42209629;42;-57
;ServiceLog;alexkar;1436352538706;unknown;unknown;1;260;3;58080;42209629;42;-57
;ServiceLog;alexkar;1436352539751;unknown;unknown;1;260;3;58080;42209629;42;-57
;ServiceLog;alexkar;1436352540813;unknown;unknown;1;260;3;58080;42209629;42;-57
;ServiceLog;alexkar;1436352541854;unknown;unknown;1;260;3;58080;42209629;42;-57
;ServiceLog;alexkar;1436352542903;unknown;unknown;1;260;3;58080;42209629;42;-57
;ServiceLog;alexkar;1436352543952;unknown;unknown;1;260;3;58080;42209629;42;-57
;ServiceLog;alexkar;1436352545008;unknown;unknown;1;260;3;58080;42209629;42;-57
;ServiceLog;alexkar;1436352546054;unknown;unknown;1;260;3;58080;42209629;42;-57
;ServiceLog;alexkar;1436352547107;unknown;unknown;1;260;3;58080;42209629;42;-57
;ServiceLog;alexkar;1436352548150;unknown;unknown;1;260;3;58080;42209629;42;-57
;ServiceLog;alexkar;1436352549201;unknown;unknown;1;260;3;58080;42209629;42;-57
;ServiceLog;alexkar;1436352550254;unknown;unknown;1;260;3;58080;42209629;42;-57
;ServiceLog;alexkar;1436352551299;unknown;unknown;1;260;3;58080;42209629;42;-57
;ServiceLog;alexkar;1436352552337;unknown;unknown;1;260;3;58080;42209629;42;-57
;ServiceLog;alexkar;1436352553379;unknown;unknown;1;260;3;58080;42209629;42;-57
;ServiceLog;alexkar;1436352554405;unknown;unknown;1;260;3;58080;42209629;42;-57
;ServiceLog;alexkar;1436352555465;unknown;unknown;1;260;3;58080;42209629;42;-57
;ServiceLog;alexkar;1436352556506;unknown;unknown;1;260;3;58080;42209629;42;-57
;ServiceLog;alexkar;1436352557539;unknown;unknown;1;260;3;58080;42209629;42;-57
;ServiceLog;alexkar;1436352558564;unknown;unknown;1;260;3;58080;42209629;42;-57
;ServiceLog;alexkar;1436352559597;unknown;unknown;1;260;3;58080;42209629;42;-57
;ServiceLog;alexkar;1436352560636;unknown;unknown;1;260;3;58080;42209629;42;-63
;ServiceLog;alexkar;1436352561666;unknown;unknown;1;260;3;58080;42209629;42;-63
;ServiceLog;alexkar;1436352562719;unknown;unknown;1;260;3;58080;42209629;42;-63
;ServiceLog;alexkar;1436352563812;unknown;unknown;1;260;3;58080;42209629;42;-57
;ServiceLog;alexkar;1436352564845;unknown;unknown;1;260;3;58080;42209629;42;-57
;ServiceLog;alexkar;1436352565887;unknown;unknown;1;260;3;58080;42209629;42;-63
;ServiceLog;alexkar;1436352566939;unknown;unknown;1;260;3;58080;42209629;42;-63
;ServiceLog;alexkar;1436352567993;unknown;unknown;1;260;3;58080;42209629;42;-63
;ServiceLog;alexkar;1436352569036;unknown;unknown;1;260;3;58080;42209629;42;-63
;ServiceLog;alexkar;1436352570084;unknown;unknown;1;260;3;58080;42209629;42;-63
;ServiceLog;alexkar;1436352571132;unknown;unknown;1;260;3;58080;42209629;42;-63
;ServiceLog;alexkar;1436352572330;unknown;unknown;1;260;3;58080;42209629;42;-71
;ServiceLog;alexkar;1436352573365;unknown;unknown;1;260;3;58080;42209629;42;-71
;ServiceLog;alexkar;1436352574409;unknown;unknown;1;260;3;58080;42209629;42;-71
;ServiceLog;alexkar;1436352575454;unknown;unknown;1;260;3;58080;42209629;42;-77
;ServiceLog;alexkar;1436352576507;unknown;unknown;1;260;3;58080;42209629;42;-77
;ServiceLog;alexkar;1436352577559;unknown;unknown;1;260;3;58080;42209629;42;-77
;ServiceLog;alexkar;1436352578610;unknown;unknown;1;260;3;58080;42209629;42;-73
;ServiceLog;alexkar;1436352579657;unknown;unknown;1;260;3;58080;42209629;42;-73
;ServiceLog;alexkar;1436352580698;unknown;unknown;1;260;3;58080;42209629;42;-73
;ServiceLog;alexkar;1436352581745;unknown;unknown;1;260;3;58080;42209629;42;-69
;ServiceLog;alexkar;1436352582803;unknown;unknown;1;260;3;58080;42209629;42;-69
;ServiceLog;alexkar;1436352583867;unknown;unknown;1;260;3;58080;42209629;42;-69
;ServiceLog;alexkar;1436352584909;unknown;unknown;1;260;3;58080;42209629;42;-69
;ServiceLog;alexkar;1436352585963;unknown;unknown;1;260;3;58080;42209629;42;-69
;ServiceLog;alexkar;1436352587007;unknown;unknown;1;260;3;58080;42209629;42;-71
;ServiceLog;alexkar;1436352588055;unknown;unknown;1;260;3;58080;42209629;42;-71
;ServiceLog;alexkar;1436352589107;unknown;unknown;1;260;3;58080;42209629;42;-71
;ServiceLog;alexkar;1436352590151;unknown;unknown;1;260;3;58080;42209629;42;-71
;ServiceLog;alexkar;1436352591207;unknown;unknown;1;260;3;58080;42209629;42;-71
;ServiceLog;alexkar;1436352592254;unknown;unknown;1;260;3;58080;42209629;42;-71
;ServiceLog;alexkar;1436352593305;unknown;unknown;1;260;3;58080;42209629;42;-77
;ServiceLog;alexkar;1436352594358;unknown;unknown;1;260;3;58080;42209629;42;-77
;ServiceLog;alexkar;1436352595402;unknown;unknown;1;260;3;58080;42209629;42;-77
;ServiceLog;alexkar;1436352596452;unknown;unknown;1;260;3;58080;42209629;42;-77
;ServiceLog;alexkar;1436352597512;unknown;unknown;1;260;3;58080;42209629;42;-77
;ServiceLog;alexkar;1436352598600;unknown;unknown;1;260;3;58080;42209629;42;-77
;ServiceLog;alexkar;1436352599645;unknown;unknown;1;260;3;58080;42209629;42;-77
;ServiceLog;alexkar;1436352600678;unknown;unknown;1;260;3;58080;42209629;42;-77
;ServiceLog;alexkar;1436352601716;unknown;unknown;1;260;3;58080;42209629;42;-77
;ServiceLog;alexkar;1436352602761;unknown;unknown;1;260;3;58080;42209629;42;-77
;ServiceLog;alexkar;1436352603816;unknown;unknown;1;260;3;58080;42209629;42;-77
;ServiceLog;alexkar;1436352605621;unknown;unknown;1;260;3;58120;42013102;40;-77
;ServiceLog;alexkar;1436352606635;unknown;unknown;1;260;3;58120;42013102;40;-77
;ServiceLog;alexkar;1436352607648;unknown;unknown;1;260;3;58120;42013102;40;-77
;ServiceLog;alexkar;1436352608694;unknown;unknown;1;260;3;58120;42013102;40;-77
;ServiceLog;alexkar;1436352609738;unknown;unknown;1;260;3;58120;42013102;40;-77
;ServiceLog;alexkar;1436352610788;unknown;unknown;1;260;3;58120;42013102;40;-77
;ServiceLog;alexkar;1436352611841;unknown;unknown;1;260;3;58120;42013102;40;-73
;ServiceLog;alexkar;1436352612893;unknown;unknown;1;260;3;58120;42013102;40;-73
;ServiceLog;alexkar;1436352613943;unknown;unknown;1;260;3;58120;42013102;40;-73
;ServiceLog;alexkar;1436352614972;unknown;unknown;1;260;3;58120;42013102;40;-63
;ServiceLog;alexkar;1436352616064;unknown;unknown;1;260;3;58120;42013102;40;-63
;ServiceLog;alexkar;1436352617122;unknown;unknown;1;260;3;58120;42013102;40;-63
;ServiceLog;alexkar;1436352618137;unknown;unknown;1;260;3;58120;42013102;40;-63
;ServiceLog;alexkar;1436352619184;unknown;unknown;1;260;3;58120;42013102;40;-63
;ServiceLog;alexkar;1436352620242;unknown;unknown;1;260;3;58120;42013102;40;-63
;ServiceLog;alexkar;1436352621292;unknown;unknown;1;260;3;58120;42013102;40;-63
;ServiceLog;alexkar;1436352622343;unknown;unknown;1;260;3;58120;42013102;40;-63
;ServiceLog;alexkar;1436352623394;unknown;unknown;1;260;3;58120;42013102;40;-63
;ServiceLog;alexkar;1436352624445;unknown;unknown;1;260;3;58120;42013102;40;-63
;ServiceLog;alexkar;1436352625473;unknown;unknown;1;260;3;58120;42013102;40;-63
;ServiceLog;alexkar;1436352626504;unknown;unknown;1;260;3;58120;42013102;40;-63
;ServiceLog;alexkar;1436352627595;unknown;unknown;1;260;3;58120;42013102;40;-59
;ServiceLog;alexkar;1436352628610;unknown;unknown;1;260;3;58120;42013102;40;-59
;ServiceLog;alexkar;1436352629651;unknown;unknown;1;260;3;58120;42013102;40;-59
;ServiceLog;alexkar;1436352630726;unknown;unknown;1;260;3;58120;42013102;40;-59
;ServiceLog;alexkar;1436352631783;unknown;unknown;1;260;3;58120;42013102;40;-59
;ServiceLog;alexkar;1436352632842;unknown;unknown;1;260;3;58120;42013102;40;-59
;ServiceLog;alexkar;1436352633886;unknown;unknown;1;260;3;58120;42013102;40;-59
;ServiceLog;alexkar;1436352634942;unknown;unknown;1;260;3;58120;42013102;40;-59
;ServiceLog;alexkar;1436352635992;unknown;unknown;1;260;3;58120;42013102;40;-59
;ServiceLog;alexkar;1436352637030;unknown;unknown;1;260;3;58120;42013102;40;-59
;ServiceLog;alexkar;1436352638085;unknown;unknown;1;260;3;58120;42013102;40;-59
;ServiceLog;alexkar;1436352639103;unknown;unknown;1;260;3;58120;42013102;40;-59
;ServiceLog;alexkar;1436352640119;unknown;unknown;1;260;3;58120;42013102;40;-59
;ServiceLog;alexkar;1436352641172;unknown;unknown;1;260;3;58120;42013102;40;-59
;ServiceLog;alexkar;1436352642218;unknown;unknown;1;260;3;58120;42013102;40;-59
;ServiceLog;alexkar;1436352643272;unknown;unknown;1;260;3;58120;42013102;40;-59
;ServiceLog;alexkar;1436352644325;unknown;unknown;1;260;3;58120;42013102;40;-59
;ServiceLog;alexkar;1436352645371;unknown;unknown;1;260;3;58120;42013102;40;-59
;ServiceLog;alexkar;1436352646435;unknown;unknown;1;260;3;58120;42013102;40;-59
;ServiceLog;alexkar;1436352647461;unknown;unknown;1;260;3;58120;42013102;40;-59
;ServiceLog;alexkar;1436352648483;unknown;unknown;1;260;3;58120;42013102;40;-61
;ServiceLog;alexkar;1436352649537;unknown;unknown;1;260;3;58120;42013102;40;-61
;ServiceLog;alexkar;1436352650578;unknown;unknown;1;260;3;58120;42013102;40;-61
;ServiceLog;alexkar;1436352651617;unknown;unknown;1;260;3;58120;42013102;40;-61
;ServiceLog;alexkar;1436352652668;unknown;unknown;1;260;3;58120;42013102;40;-61
;ServiceLog;alexkar;1436352653718;unknown;unknown;1;260;3;58120;42013102;40;-61
;ServiceLog;alexkar;1436352654772;unknown;unknown;1;260;3;58120;42013102;40;-61
;ServiceLog;alexkar;1436352655818;unknown;unknown;1;260;3;58120;42013102;40;-61
;ServiceLog;alexkar;1436352656868;unknown;unknown;1;260;3;58120;42013102;40;-59
;ServiceLog;alexkar;1436352657912;unknown;unknown;1;260;3;58120;42013102;40;-59
;ServiceLog;alexkar;1436352658929;unknown;unknown;1;260;3;58120;42013102;40;-59
;ServiceLog;alexkar;1436352659950;unknown;unknown;1;260;3;58120;42013102;40;-59
;ServiceLog;alexkar;1436352660981;unknown;unknown;1;260;3;58120;42013102;40;-59
;ServiceLog;alexkar;1436352662023;unknown;unknown;1;260;3;58120;42013102;40;-59
;ServiceLog;alexkar;1436352663071;unknown;unknown;1;260;3;58120;42013102;40;-61
;ServiceLog;alexkar;1436352664135;unknown;unknown;1;260;3;58120;42013102;40;-61
;ServiceLog;alexkar;1436352665176;unknown;unknown;1;260;3;58120;42013102;40;-61
;ServiceLog;alexkar;1436352666245;unknown;unknown;1;260;3;58120;42013102;40;-61
;ServiceLog;alexkar;1436352667301;unknown;unknown;1;260;3;58120;42013102;40;-61
;ServiceLog;alexkar;1436352668348;unknown;unknown;1;260;3;58120;42013102;40;-61
;ServiceLog;alexkar;1436352669402;unknown;unknown;1;260;3;58120;42013102;40;-61
;ServiceLog;alexkar;1436352670434;unknown;unknown;1;260;3;58120;42013102;40;-61
;ServiceLog;alexkar;1436352671453;unknown;unknown;1;260;3;58120;42013102;40;-61
;ServiceLog;alexkar;1436352672475;unknown;unknown;1;260;3;58120;42013102;40;-61
;ServiceLog;alexkar;1436352673504;unknown;unknown;1;260;3;58120;42013102;40;-61
;ServiceLog;alexkar;1436352674517;unknown;unknown;1;260;3;58120;42013102;40;-61
;ServiceLog;alexkar;1436352675584;unknown;unknown;1;260;3;58120;42013102;40;-61
;ServiceLog;alexkar;1436352676634;unknown;unknown;1;260;3;58120;42013102;40;-61
;ServiceLog;alexkar;1436352677686;unknown;unknown;1;260;3;58120;42013102;40;-61
;ServiceLog;alexkar;1436352678733;unknown;unknown;1;260;3;58120;42013102;40;-61
;ServiceLog;alexkar;1436352679785;unknown;unknown;1;260;3;58120;42013102;40;-61
;ServiceLog;alexkar;1436352680833;unknown;unknown;1;260;3;58120;42013102;40;-69
;ServiceLog;alexkar;1436352681891;unknown;unknown;1;260;3;58120;42013102;40;-69
;ServiceLog;alexkar;1436352682945;unknown;unknown;1;260;3;58120;42013102;40;-69
;ServiceLog;alexkar;1436352684014;unknown;unknown;1;260;3;58120;42011511;55;-95
;ServiceLog;alexkar;1436352685040;unknown;unknown;1;260;3;58120;42011511;55;-95
;ServiceLog;alexkar;1436352686082;unknown;unknown;1;260;3;58120;42011511;55;-95
;ServiceLog;alexkar;1436352687110;unknown;unknown;1;260;3;58120;42011511;55;-65
;ServiceLog;alexkar;1436352688157;unknown;unknown;1;260;3;58120;42011511;55;-65
;ServiceLog;alexkar;1436352689198;unknown;unknown;1;260;3;58120;42011511;55;-65
;ServiceLog;alexkar;1436352690246;unknown;unknown;1;260;3;58120;42011511;55;-65
;ServiceLog;alexkar;1436352691292;unknown;unknown;1;260;3;58120;42011511;55;-65
;ServiceLog;alexkar;1436352692352;unknown;unknown;1;260;3;58120;42011511;55;-65
;ServiceLog;alexkar;1436352693415;unknown;unknown;1;260;3;58120;42011511;55;-57
;ServiceLog;alexkar;1436352694445;unknown;unknown;1;260;3;58120;42011511;55;-57
;ServiceLog;alexkar;1436352695476;unknown;unknown;1;260;3;58120;42011511;55;-57
;ServiceLog;alexkar;1436352696509;unknown;unknown;1;260;3;58120;42011511;55;-57
;ServiceLog;alexkar;1436352697571;unknown;unknown;1;260;3;58120;42011511;55;-57
;ServiceLog;alexkar;1436352698586;unknown;unknown;1;260;3;58120;42011511;55;-61
;ServiceLog;alexkar;1436352699603;unknown;unknown;1;260;3;58120;42011511;55;-61
;ServiceLog;alexkar;1436352700625;unknown;unknown;1;260;3;58120;42011511;55;-61
;ServiceLog;alexkar;1436352701688;unknown;unknown;1;260;3;58120;42011511;55;-51
;ServiceLog;alexkar;1436352702725;unknown;unknown;1;260;3;58120;42011511;55;-51
;ServiceLog;alexkar;1436352703778;unknown;unknown;1;260;3;58120;42011511;55;-51
;ServiceLog;alexkar;1436352704809;unknown;unknown;1;260;3;58120;42011511;55;-51
;ServiceLog;alexkar;1436352705865;unknown;unknown;1;260;3;58120;42011511;55;-51
;ServiceLog;alexkar;1436352706904;unknown;unknown;1;260;3;58120;42011511;55;-51
;ServiceLog;alexkar;1436352707968;unknown;unknown;1;260;3;58120;42011511;55;-51
;ServiceLog;alexkar;1436352709012;unknown;unknown;1;260;3;58120;42011511;55;-51
;ServiceLog;alexkar;1436352710068;unknown;unknown;1;260;3;58120;42011511;55;-51
;ServiceLog;alexkar;1436352711117;unknown;unknown;1;260;3;58120;42011511;55;-51
;ServiceLog;alexkar;1436352712177;unknown;unknown;1;260;3;58120;42011511;55;-51
;ServiceLog;alexkar;1436352713205;unknown;unknown;1;260;3;58120;42011511;55;-51
;ServiceLog;alexkar;1436352714291;unknown;unknown;1;260;3;58120;42011511;55;-51
;ServiceLog;alexkar;1436352715334;unknown;unknown;1;260;3;58120;42011511;55;-51
;ServiceLog;alexkar;1436352716388;unknown;unknown;1;260;3;58120;42011511;55;-51
;ServiceLog;alexkar;1436352717458;unknown;unknown;1;260;3;58120;42011511;55;-51
;ServiceLog;alexkar;1436352718481;unknown;unknown;1;260;3;58120;42011511;55;-51
;ServiceLog;alexkar;1436352719498;unknown;unknown;1;260;3;58120;42011511;55;-51
;ServiceLog;alexkar;1436352720526;unknown;unknown;1;260;3;58120;42011511;55;-51
;ServiceLog;alexkar;1436352721575;unknown;unknown;1;260;3;58120;42011511;55;-51
;ServiceLog;alexkar;1436352722619;unknown;unknown;1;260;3;58120;42011511;55;-51
;ServiceLog;alexkar;1436352723670;unknown;unknown;1;260;3;58120;42011511;55;-51
;ServiceLog;alexkar;1436352724727;unknown;unknown;1;260;3;58120;42011511;55;-51
;ServiceLog;alexkar;1436352725775;unknown;unknown;1;260;3;58120;42011511;55;-51
;ServiceLog;alexkar;1436352726822;unknown;unknown;1;260;3;58120;42011511;55;-51
;ServiceLog;alexkar;1436352727877;unknown;unknown;1;260;3;58120;42011511;55;-51
;ServiceLog;alexkar;1436352728949;unknown;unknown;1;260;3;58120;42011511;55;-51
;ServiceLog;alexkar;1436352730005;unknown;unknown;1;260;3;58120;42011511;55;-51
;ServiceLog;alexkar;1436352731047;unknown;unknown;1;260;3;58120;42011511;55;-51
;ServiceLog;alexkar;1436352732073;unknown;unknown;1;260;3;58120;42011511;55;-51
;ServiceLog;alexkar;1436352733120;unknown;unknown;1;260;3;58120;42011511;55;-51
;ServiceLog;alexkar;1436352734140;unknown;unknown;1;260;3;58120;42011511;55;-51
;ServiceLog;alexkar;1436352735174;unknown;unknown;1;260;3;58120;42011511;55;-51
;ServiceLog;alexkar;1436352736201;unknown;unknown;1;260;3;58120;42011511;55;-51
;ServiceLog;alexkar;1436352737236;unknown;unknown;1;260;3;58120;42011511;55;-51
;ServiceLog;alexkar;1436352738291;unknown;unknown;1;260;3;58120;42011511;55;-51
;ServiceLog;alexkar;1436352739359;unknown;unknown;1;260;3;58120;42011511;55;-51
;ServiceLog;alexkar;1436352740382;unknown;unknown;1;260;3;58120;42011511;55;-51
;ServiceLog;alexkar;1436352741408;unknown;unknown;1;260;3;58120;42011511;55;-51
;ServiceLog;alexkar;1436352742428;unknown;unknown;1;260;3;58120;42011511;55;-51
;ServiceLog;alexkar;1436352743459;unknown;unknown;1;260;3;58120;42011511;55;-51
;ServiceLog;alexkar;1436352744498;unknown;unknown;1;260;3;58120;42011511;55;-51
;ServiceLog;alexkar;1436352745548;unknown;unknown;1;260;3;58120;42011511;55;-51
;ServiceLog;alexkar;1436352746596;unknown;unknown;1;260;3;58120;42011511;55;-51
;ServiceLog;alexkar;1436352747638;unknown;unknown;1;260;3;58120;42011511;55;-51
;ServiceLog;alexkar;1436352748692;unknown;unknown;1;260;3;58120;42011511;55;-51
;ServiceLog;alexkar;1436352749743;unknown;unknown;1;260;3;58120;42011511;55;-51
;ServiceLog;alexkar;1436352750823;unknown;unknown;1;260;3;58120;42011511;55;-51
;ServiceLog;alexkar;1436352751883;unknown;unknown;1;260;3;58120;42011511;55;-51
;ServiceLog;alexkar;1436352752927;unknown;unknown;1;260;3;58120;42011511;55;-61
;ServiceLog;alexkar;1436352753973;unknown;unknown;1;260;3;58120;42011511;55;-61
;ServiceLog;alexkar;1436352755149;unknown;unknown;1;260;3;58120;42011511;55;-61
;ServiceLog;alexkar;1436352756199;unknown;unknown;1;260;3;58120;42011511;55;-61
;ServiceLog;alexkar;1436352757251;unknown;unknown;1;260;3;58120;42011511;55;-61
;ServiceLog;alexkar;1436352758301;unknown;unknown;1;260;3;58120;42011511;55;-61
;ServiceLog;alexkar;1436352759348;unknown;unknown;1;260;3;58120;42011511;55;-61
;ServiceLog;alexkar;1436352760398;unknown;unknown;1;260;3;58120;42011511;55;-61
;ServiceLog;alexkar;1436352761445;unknown;unknown;1;260;3;58120;42011511;55;-61
;ServiceLog;alexkar;1436352762490;unknown;unknown;1;260;3;58120;42011511;55;-67
;ServiceLog;alexkar;1436352763525;unknown;unknown;1;260;3;58120;42011511;55;-67
;ServiceLog;alexkar;1436352764569;unknown;unknown;1;260;3;58120;42013113;53;-79
;ServiceLog;alexkar;1436352765599;unknown;unknown;1;260;3;58120;42013113;53;-79
;ServiceLog;alexkar;1436352766596;unknown;unknown;1;260;3;58130;42013113;53;-79
;ServiceLog;alexkar;1436352767647;unknown;unknown;1;260;3;58130;42013113;53;-67
;ServiceLog;alexkar;1436352768719;unknown;unknown;1;260;3;58130;42013113;53;-67
;ServiceLog;alexkar;1436352769778;unknown;unknown;1;260;3;58130;42013113;53;-67
;ServiceLog;alexkar;1436352770822;unknown;unknown;1;260;3;58130;42013113;53;-63
;ServiceLog;alexkar;1436352771870;unknown;unknown;1;260;3;58130;42013113;53;-63
;ServiceLog;alexkar;1436352772921;unknown;unknown;1;260;3;58130;42013113;53;-63
;ServiceLog;alexkar;1436352773970;unknown;unknown;1;260;3;58130;42013113;53;-59
;ServiceLog;alexkar;1436352775023;unknown;unknown;1;260;3;58130;42013113;53;-59
;ServiceLog;alexkar;1436352776068;unknown;unknown;1;260;3;58130;42013113;53;-59
;ServiceLog;alexkar;1436352777121;unknown;unknown;1;260;3;58130;42013113;53;-59
;ServiceLog;alexkar;1436352778174;unknown;unknown;1;260;3;58130;42013113;53;-59
;ServiceLog;alexkar;1436352779225;unknown;unknown;1;260;3;58130;42013113;53;-59
;ServiceLog;alexkar;1436352780270;unknown;unknown;1;260;3;58130;42013113;53;-59
;ServiceLog;alexkar;1436352781312;unknown;unknown;1;260;3;58130;42013113;53;-59
;ServiceLog;alexkar;1436352782353;unknown;unknown;1;260;3;58130;42013113;53;-59
;ServiceLog;alexkar;1436352783417;unknown;unknown;1;260;3;58130;42013113;53;-59
;ServiceLog;alexkar;1436352784473;unknown;unknown;1;260;3;58130;42013113;53;-59
;ServiceLog;alexkar;1436352785544;unknown;unknown;1;260;3;58130;42013113;53;-59
;ServiceLog;alexkar;1436352786582;unknown;unknown;1;260;3;58130;42013113;53;-59
;ServiceLog;alexkar;1436352787627;unknown;unknown;1;260;3;58130;42013113;53;-59
;ServiceLog;alexkar;1436352788669;unknown;unknown;1;260;3;58130;42013113;53;-59
;ServiceLog;alexkar;1436352789689;unknown;unknown;1;260;3;58130;42013113;53;-59
;ServiceLog;alexkar;1436352790707;unknown;unknown;1;260;3;58130;42013113;53;-59
;ServiceLog;alexkar;1436352791737;unknown;unknown;1;260;3;58130;42013113;53;-59
;ServiceLog;alexkar;1436352792781;unknown;unknown;1;260;3;58130;42013113;53;-59
;ServiceLog;alexkar;1436352793827;unknown;unknown;1;260;3;58130;42013113;53;-59
;ServiceLog;alexkar;1436352794886;unknown;unknown;1;260;3;58130;42013113;53;-59
;ServiceLog;alexkar;1436352795945;unknown;unknown;1;260;3;58130;42013113;53;-59
;ServiceLog;alexkar;1436352796966;unknown;unknown;1;260;3;58130;42013113;53;-59
;ServiceLog;alexkar;1436352798039;unknown;unknown;1;260;3;58130;42013113;53;-59
;ServiceLog;alexkar;1436352799135;unknown;unknown;1;260;3;58130;42013113;53;-59
;ServiceLog;alexkar;1436352800199;unknown;unknown;1;260;3;58130;42013113;53;-59
;ServiceLog;alexkar;1436352801252;unknown;unknown;1;260;3;58130;42013113;53;-59
;ServiceLog;alexkar;1436352802313;unknown;unknown;1;260;3;58130;42013113;53;-59
;ServiceLog;alexkar;1436352803371;unknown;unknown;1;260;3;58130;42013113;53;-59
;ServiceLog;alexkar;1436352804421;unknown;unknown;1;260;3;58130;42013113;53;-59
;ServiceLog;alexkar;1436352805471;unknown;unknown;1;260;3;58130;42013113;53;-59
;ServiceLog;alexkar;1436352806505;unknown;unknown;1;260;3;58130;42013113;53;-59
;ServiceLog;alexkar;1436352807566;unknown;unknown;1;260;3;58130;42013113;53;-59
;ServiceLog;alexkar;1436352808594;unknown;unknown;1;260;3;58130;42013113;53;-59
;ServiceLog;alexkar;1436352809665;unknown;unknown;1;260;3;58130;42013113;53;-59
;ServiceLog;alexkar;1436352810720;unknown;unknown;1;260;3;58130;42013113;53;-59
;ServiceLog;alexkar;1436352811752;unknown;unknown;1;260;3;58130;42013113;53;-59
;ServiceLog;alexkar;1436352812800;unknown;unknown;1;260;3;58130;42013113;53;-59
;ServiceLog;alexkar;1436352813849;unknown;unknown;1;260;3;58130;42013113;53;-59
;ServiceLog;alexkar;1436352814893;unknown;unknown;1;260;3;58130;42013113;53;-59
;ServiceLog;alexkar;1436352815942;unknown;unknown;1;260;3;58130;42013113;53;-59
;ServiceLog;alexkar;1436352816969;unknown;unknown;1;260;3;58130;42013113;53;-59
;ServiceLog;alexkar;1436352818012;unknown;unknown;1;260;3;58130;42013113;53;-59
;ServiceLog;alexkar;1436352819057;unknown;unknown;1;260;3;58130;42013113;53;-61
;ServiceLog;alexkar;1436352820085;unknown;unknown;1;260;3;58130;42013113;53;-61
;ServiceLog;alexkar;1436352821112;unknown;unknown;1;260;3;58130;42013113;53;-61
;ServiceLog;alexkar;1436352822165;unknown;unknown;1;260;3;58130;42013113;53;-55
;ServiceLog;alexkar;1436352823208;unknown;unknown;1;260;3;58130;42013113;53;-55
;ServiceLog;alexkar;1436352824234;unknown;unknown;1;260;3;58130;42013113;53;-55
;ServiceLog;alexkar;1436352825284;unknown;unknown;1;260;3;58130;42013113;53;-55
;ServiceLog;alexkar;1436352826308;unknown;unknown;1;260;3;58130;42013113;53;-55
;ServiceLog;alexkar;1436352827342;unknown;unknown;1;260;3;58130;42013113;53;-55
;ServiceLog;alexkar;1436352828391;unknown;unknown;1;260;3;58130;42013113;53;-61
;ServiceLog;alexkar;1436352829451;unknown;unknown;1;260;3;58130;42013113;53;-61
;ServiceLog;alexkar;1436352830495;unknown;unknown;1;260;3;58130;42013113;53;-61
;ServiceLog;alexkar;1436352831547;unknown;unknown;1;260;3;58130;42013113;53;-61
;ServiceLog;alexkar;1436352832598;unknown;unknown;1;260;3;58130;42013113;53;-61
;ServiceLog;alexkar;1436352833617;unknown;unknown;1;260;3;58130;42013113;53;-57
;ServiceLog;alexkar;1436352834668;unknown;unknown;1;260;3;58130;42013113;53;-57
;ServiceLog;alexkar;1436352835736;unknown;unknown;1;260;3;58130;42013113;53;-57
;ServiceLog;alexkar;1436352836793;unknown;unknown;1;260;3;58130;42013113;53;-57
;ServiceLog;alexkar;1436352837844;unknown;unknown;1;260;3;58130;42013113;53;-57
;ServiceLog;alexkar;1436352838889;unknown;unknown;1;260;3;58130;42013113;53;-57
;ServiceLog;alexkar;1436352839939;unknown;unknown;1;260;3;58130;42013113;53;-65
;ServiceLog;alexkar;1436352840989;unknown;unknown;1;260;3;58130;42013113;53;-65
;ServiceLog;alexkar;1436352842047;unknown;unknown;1;260;3;58130;42013113;53;-65
;ServiceLog;alexkar;1436352843101;unknown;unknown;1;260;3;58130;42013113;53;-65
;ServiceLog;alexkar;1436352844157;unknown;unknown;1;260;3;58130;42013113;53;-65
;ServiceLog;alexkar;1436352845221;unknown;unknown;1;260;3;58130;42013113;53;-65
;ServiceLog;alexkar;1436352846262;unknown;unknown;1;260;3;58130;42013113;53;-69
;ServiceLog;alexkar;1436352847310;unknown;unknown;1;260;3;58130;42013113;53;-69
;ServiceLog;alexkar;1436352848494;unknown;unknown;1;260;3;58130;42013113;53;-69
;ServiceLog;alexkar;1436352849565;unknown;unknown;1;260;3;58130;42013113;53;-71
;ServiceLog;alexkar;1436352850590;unknown;unknown;1;260;3;58130;42013113;53;-71
;ServiceLog;alexkar;1436352851643;unknown;unknown;1;260;3;58130;42013113;53;-71
;ServiceLog;alexkar;1436352852694;unknown;unknown;1;260;3;58130;42013113;53;-71
;ServiceLog;alexkar;1436352853771;unknown;unknown;1;260;3;58130;42013113;53;-71
;ServiceLog;alexkar;1436352854821;unknown;unknown;1;260;3;58130;42013113;53;-71
;ServiceLog;alexkar;1436352855872;unknown;unknown;1;260;3;58130;42013113;53;-71
;ServiceLog;alexkar;1436352856921;unknown;unknown;1;260;3;58130;42013113;53;-71
;ServiceLog;alexkar;1436352857973;unknown;unknown;1;260;3;58130;42013113;53;-77
;ServiceLog;alexkar;1436352859026;unknown;unknown;1;260;3;58130;42013113;53;-77
;ServiceLog;alexkar;1436352860082;unknown;unknown;1;260;3;58130;42013113;53;-77
;ServiceLog;alexkar;1436352861129;unknown;unknown;1;260;3;58130;42011464;51;-83
;ServiceLog;alexkar;1436352862182;unknown;unknown;1;260;3;58130;42011464;51;-83
;ServiceLog;alexkar;1436352863247;unknown;unknown;1;260;3;58130;42011464;51;-83
;ServiceLog;alexkar;1436352864291;unknown;unknown;1;260;3;58130;42011464;51;-69
;ServiceLog;alexkar;1436352865312;unknown;unknown;1;260;3;58130;42011464;51;-69
;ServiceLog;alexkar;1436352866336;unknown;unknown;1;260;3;58130;42011464;51;-69
;ServiceLog;alexkar;1436352867362;unknown;unknown;1;260;3;58130;42011464;51;-71
;ServiceLog;alexkar;1436352868408;unknown;unknown;1;260;3;58130;42011464;51;-71
;ServiceLog;alexkar;1436352869457;unknown;unknown;1;260;3;58130;42011464;51;-71
;ServiceLog;alexkar;1436352870683;unknown;unknown;1;260;3;58130;42011464;51;-61
;ServiceLog;alexkar;1436352871761;unknown;unknown;1;260;3;58130;42011464;51;-61
;ServiceLog;alexkar;1436352872821;unknown;unknown;1;260;3;58130;42011464;51;-57
;ServiceLog;alexkar;1436352873850;unknown;unknown;1;260;3;58130;42011464;51;-57
;ServiceLog;alexkar;1436352874897;unknown;unknown;1;260;3;58130;42011464;51;-57
;ServiceLog;alexkar;1436352875943;unknown;unknown;1;260;3;58130;42011464;51;-63
;ServiceLog;alexkar;1436352876989;unknown;unknown;1;260;3;58130;42011464;51;-63
;ServiceLog;alexkar;1436352878051;unknown;unknown;1;260;3;58130;42011464;51;-63
;ServiceLog;alexkar;1436352879100;unknown;unknown;1;260;3;58130;42011464;51;-59
;ServiceLog;alexkar;1436352880144;unknown;unknown;1;260;3;58130;42011464;51;-59
;ServiceLog;alexkar;1436352881197;unknown;unknown;1;260;3;58130;42011464;51;-59
;ServiceLog;alexkar;1436352882244;unknown;unknown;1;260;3;58130;42011464;51;-59
;ServiceLog;alexkar;1436352883292;unknown;unknown;1;260;3;58130;42011464;51;-59
;ServiceLog;alexkar;1436352884306;unknown;unknown;1;260;3;58130;42011464;51;-59
;ServiceLog;alexkar;1436352885324;unknown;unknown;1;260;3;58130;42011464;51;-59
;ServiceLog;alexkar;1436352886380;unknown;unknown;1;260;3;58130;42011464;51;-59
;ServiceLog;alexkar;1436352887412;unknown;unknown;1;260;3;58130;42011464;51;-59
;ServiceLog;alexkar;1436352888501;unknown;unknown;1;260;3;58130;42011464;51;-63
;ServiceLog;alexkar;1436352889525;unknown;unknown;1;260;3;58130;42011464;51;-63
;ServiceLog;alexkar;1436352890586;unknown;unknown;1;260;3;58130;42011464;51;-55
;ServiceLog;alexkar;1436352891634;unknown;unknown;1;260;3;58130;42011464;51;-55
;ServiceLog;alexkar;1436352892709;unknown;unknown;1;260;3;58130;42011464;51;-55
;ServiceLog;alexkar;1436352893766;unknown;unknown;1;260;3;58130;42011464;51;-55
;ServiceLog;alexkar;1436352894812;unknown;unknown;1;260;3;58130;42011464;51;-55
;ServiceLog;alexkar;1436352895864;unknown;unknown;1;260;3;58130;42011464;51;-55
;ServiceLog;alexkar;1436352896916;unknown;unknown;1;260;3;58130;42011464;51;-55
;ServiceLog;alexkar;1436352897961;unknown;unknown;1;260;3;58130;42011464;51;-55
;ServiceLog;alexkar;1436352899016;unknown;unknown;1;260;3;58130;42011464;51;-55
;ServiceLog;alexkar;1436352900070;unknown;unknown;1;260;3;58130;42011464;51;-55
;ServiceLog;alexkar;1436352901095;unknown;unknown;1;260;3;58130;42011464;51;-55
;ServiceLog;alexkar;1436352902144;unknown;unknown;1;260;3;58130;42011464;51;-55
;ServiceLog;alexkar;1436352903206;unknown;unknown;1;260;3;58130;42011464;51;-55
;ServiceLog;alexkar;1436352904266;unknown;unknown;1;260;3;58130;42011464;51;-55
;ServiceLog;alexkar;1436352905295;unknown;unknown;1;260;3;58130;42011464;51;-55
;ServiceLog;alexkar;1436352906314;unknown;unknown;1;260;3;58130;42011464;51;-55
;ServiceLog;alexkar;1436352907352;unknown;unknown;1;260;3;58130;42011464;51;-55
;ServiceLog;alexkar;1436352908404;unknown;unknown;1;260;3;58130;42011464;51;-55
;ServiceLog;alexkar;1436352909457;unknown;unknown;1;260;3;58130;42011464;51;-55
;ServiceLog;alexkar;1436352910488;unknown;unknown;1;260;3;58130;42011464;51;-55
