ID;Name;User;TimeStamp;NetworkGen;NetworkType;Active;MCC;MNC;LAC;CID;PSC;Power
483;Маяковская 3;Stanislav;1435669824581;3G;HSPA;1;250;1;100;65569608;510;-89
483;Маяковская 3;Stanislav;1435669824581;3G;HSPA;250-1-100-65569608;-1;-1;-1;-1;510;-89
483;Маяковская 3;Stanislav;1435669824581;3G;HSPA;250-1-100-65569608;-1;-1;-1;-1;-1;-107
483;Маяковская 3;Stanislav;1435669824581;3G;HSPA;250-1-100-65569608;-1;-1;-1;-1;510;-91
483;Маяковская 3;Stanislav;1435669824581;3G;HSPA;250-1-100-65569608;-1;-1;-1;-1;-1;-111
484;Маяковская 4;Stanislav;1435669835217;3G;HSPA;1;250;1;100;65569608;510;-103
484;Маяковская 4;Stanislav;1435669835217;3G;HSPA;250-1-100-65569608;-1;-1;-1;-1;510;-97
484;Маяковская 4;Stanislav;1435669835217;3G;HSPA;250-1-100-65569608;-1;-1;-1;-1;-1;-113
484;Маяковская 4;Stanislav;1435669835217;3G;HSPA;250-1-100-65569608;-1;-1;-1;-1;510;-107
484;Маяковская 4;Stanislav;1435669835217;3G;HSPA;250-1-100-65569608;-1;-1;-1;-1;-1;-113
491;Гостиный двор 1;Stanislav;1435669944168;unknown;unknown;1;250;2;7803;8304507;354;-73
492;Гостиный двор 2;Stanislav;1435669964125;3G;HSPA;1;250;1;100;65539707;509;-99
492;Гостиный двор 2;Stanislav;1435669964125;3G;HSPA;250-1-100-65539707;-1;-1;-1;-1;509;-107
