ID;Name;User;TimeStamp;Type;Accel_X;Accel_Y;Accel_Z;Azimuth;Pitch;Roll;Magnetic_X;Magnetic_Y;Magnetic_Z;Gyro_X;Gyro_Y;Gyro_Z;GPS_Lat;GPS_Lon;GPS_Alt;GPS_Accuracy;GPS_Speed;GPS_Bearing
;ServiceLog;Stanislav;1435669698411;Raw;-3.0596747;6.0408964;8.119906;NaN;NaN;NaN;NaN;NaN;NaN;NaN;NaN;NaN;NaN;NaN;NaN;NaN;NaN;NaN
;ServiceLog;Stanislav;1435669699458;Raw;0.588399;4.7464185;10.512729;216.98438;-29.59375;-5.90625;11.375;-16.4375;12.0625;NaN;NaN;NaN;NaN;NaN;NaN;NaN;NaN;NaN
;ServiceLog;Stanislav;1435669700472;Raw;-0.8237586;4.5502853;9.885103;211.98438;-17.015625;2.46875;11.125;-14.4375;12.125;NaN;NaN;NaN;NaN;NaN;NaN;NaN;NaN;NaN
;ServiceLog;Stanislav;1435669701493;Raw;-1.0983448;4.9425516;11.336487;211.45313;-30.71875;-10.71875;12.8125;-19.9375;15.75;NaN;NaN;NaN;NaN;NaN;NaN;NaN;NaN;NaN
;ServiceLog;Stanislav;1435669702506;Raw;-1.8044236;3.4911673;10.591182;223.90625;-18.0;-9.15625;14.5625;-10.4375;14.5;NaN;NaN;NaN;NaN;NaN;NaN;NaN;NaN;NaN
;ServiceLog;Stanislav;1435669703538;Raw;-1.2552512;4.785645;10.159689;228.6875;-25.046875;-6.359375;18.25;-12.875;16.3125;NaN;NaN;NaN;NaN;NaN;NaN;NaN;NaN;NaN
;ServiceLog;Stanislav;1435669704563;Raw;0.1176798;3.4519408;11.454167;227.375;-19.6875;2.015625;12.875;-9.5625;14.1875;NaN;NaN;NaN;NaN;NaN;NaN;NaN;NaN;NaN
;ServiceLog;Stanislav;1435669705592;Raw;-0.35303938;3.9618864;9.022118;216.6875;-23.546875;-1.40625;11.3125;-14.75;16.25;NaN;NaN;NaN;NaN;NaN;NaN;NaN;NaN;NaN
;ServiceLog;Stanislav;1435669706606;Raw;1.4513842;2.5497289;9.257478;200.64063;-17.65625;10.4375;7.5625;-14.0625;15.875;NaN;NaN;NaN;NaN;NaN;NaN;NaN;NaN;NaN
;ServiceLog;Stanislav;1435669707643;Raw;-0.588399;4.1580195;8.708305;214.92188;-25.46875;-3.46875;12.5;-16.25;15.4375;NaN;NaN;NaN;NaN;NaN;NaN;NaN;NaN;NaN
;ServiceLog;Stanislav;1435669708665;Raw;13.062457;0.8237586;11.140354;151.29688;-2.71875;49.484375;-10.5;-19.6875;20.625;NaN;NaN;NaN;NaN;NaN;NaN;NaN;NaN;NaN
;ServiceLog;Stanislav;1435669709682;Raw;8.982891;0.4707192;4.511059;105.71875;6.21875;52.546875;-34.5;-3.4375;6.3125;NaN;NaN;NaN;NaN;NaN;NaN;NaN;NaN;NaN
;ServiceLog;Stanislav;1435669710693;Raw;9.5320635;1.1375713;3.6873002;99.453125;2.40625;59.46875;-32.1875;-3.625;-1.875;NaN;NaN;NaN;NaN;NaN;NaN;NaN;NaN;NaN
;ServiceLog;Stanislav;1435669711714;Raw;8.669079;1.6082906;4.1580195;113.21875;-1.09375;64.875;-31.125;-5.75;-4.625;NaN;NaN;NaN;NaN;NaN;NaN;NaN;NaN;NaN
;ServiceLog;Stanislav;1435669712725;Raw;10.002783;1.2944778;5.5309505;122.203125;2.375;65.046875;-26.9375;-7.25;-3.875;NaN;NaN;NaN;NaN;NaN;NaN;NaN;NaN;NaN
;ServiceLog;Stanislav;1435669713746;Raw;9.80665;1.176798;4.8248715;98.484375;-0.640625;63.0625;-24.875;-2.3125;-2.5;NaN;NaN;NaN;NaN;NaN;NaN;NaN;NaN;NaN
;ServiceLog;Stanislav;1435669714761;Raw;9.68897;-0.39226598;5.1779113;83.625;-9.53125;61.515625;-24.25;-0.125;-0.375;NaN;NaN;NaN;NaN;NaN;NaN;NaN;NaN;NaN
;ServiceLog;Stanislav;1435669715779;Raw;9.218251;0.3138128;4.981778;81.21875;-8.671875;59.546875;-19.8125;-1.3125;-2.75;NaN;NaN;NaN;NaN;NaN;NaN;NaN;NaN;NaN
;ServiceLog;Stanislav;1435669716793;Raw;8.276813;1.4513842;4.4326057;85.03125;-14.59375;50.578125;-18.5;-1.0;-0.4375;NaN;NaN;NaN;NaN;NaN;NaN;NaN;NaN;NaN
;ServiceLog;Stanislav;1435669717810;Raw;8.512172;1.0983448;5.8055367;78.125;-5.625;55.71875;-16.75;0.5;0.9375;NaN;NaN;NaN;NaN;NaN;NaN;NaN;NaN;NaN
;ServiceLog;Stanislav;1435669718822;Raw;2.2751427;3.4519408;8.8652115;109.96875;-21.0625;21.3125;-4.3125;-3.625;-3.875;NaN;NaN;NaN;NaN;NaN;NaN;NaN;NaN;NaN
;ServiceLog;Stanislav;1435669719839;Raw;2.2359161;4.589512;7.021561;149.34375;-30.390625;13.578125;-4.5;-6.75;-0.4375;NaN;NaN;NaN;NaN;NaN;NaN;NaN;NaN;NaN
;ServiceLog;Stanislav;1435669720851;Raw;9.492837;1.6475172;4.118793;82.6875;-4.875;63.625;-5.4375;2.8125;6.625;NaN;NaN;NaN;NaN;NaN;NaN;NaN;NaN;NaN
;ServiceLog;Stanislav;1435669721873;Raw;10.355823;1.6867437;1.1375713;105.59375;-7.78125;72.609375;-12.1875;-9.125;113.8125;NaN;NaN;NaN;NaN;NaN;NaN;NaN;NaN;NaN
;ServiceLog;Stanislav;1435669722889;Raw;10.042009;2.1574628;-0.19613299;67.25;-170.59375;80.4375;-55.125;54.8125;85.8125;NaN;NaN;NaN;NaN;NaN;NaN;NaN;NaN;NaN
;ServiceLog;Stanislav;1435669723909;Raw;9.92433;2.7850885;0.39226598;61.6875;-15.71875;73.984375;-45.5;66.9375;71.0625;NaN;NaN;NaN;NaN;NaN;NaN;NaN;NaN;NaN
;ServiceLog;Stanislav;1435669724922;Raw;9.963556;2.0397832;1.7259704;60.40625;-14.265625;73.890625;-30.5;73.875;67.25;NaN;NaN;NaN;NaN;NaN;NaN;NaN;NaN;NaN
;ServiceLog;Stanislav;1435669725941;Raw;9.845877;1.7259704;4.197246;59.125;-7.75;69.25;-11.0625;36.4375;43.5;NaN;NaN;NaN;NaN;NaN;NaN;NaN;NaN;NaN
;ServiceLog;Stanislav;1435669726953;Raw;10.002783;0.8237586;1.0983448;86.546875;1.28125;82.875;-48.5;-3.5625;70.75;NaN;NaN;NaN;NaN;NaN;NaN;NaN;NaN;NaN
;ServiceLog;Stanislav;1435669727984;Raw;9.296704;0.3138128;4.0403395;85.90625;-3.0;70.28125;-46.4375;3.75;46.4375;NaN;NaN;NaN;NaN;NaN;NaN;NaN;NaN;NaN
;ServiceLog;Stanislav;1435669728995;Raw;9.68897;-0.0;3.1381278;78.296875;-1.484375;69.65625;25.0625;20.5625;65.8125;NaN;NaN;NaN;NaN;NaN;NaN;NaN;NaN;NaN
;ServiceLog;Stanislav;1435669730012;Raw;9.57129;0.2353596;2.8635418;70.375;-1.875;73.078125;27.6875;25.1875;59.75;NaN;NaN;NaN;NaN;NaN;NaN;NaN;NaN;NaN
;ServiceLog;Stanislav;1435669731024;Raw;10.081236;0.588399;3.334261;61.640625;-2.375;71.71875;19.3125;32.5;55.25;NaN;NaN;NaN;NaN;NaN;NaN;NaN;NaN;NaN
;ServiceLog;Stanislav;1435669732047;Raw;9.845877;0.39226598;3.5303938;56.625;-2.265625;70.734375;15.1875;27.5625;40.5;NaN;NaN;NaN;NaN;NaN;NaN;NaN;NaN;NaN
;ServiceLog;Stanislav;1435669733063;Raw;9.885103;-0.0;3.726527;54.796875;-0.59375;71.109375;11.25;30.1875;43.25;NaN;NaN;NaN;NaN;NaN;NaN;NaN;NaN;NaN
;ServiceLog;Stanislav;1435669734089;Raw;9.963556;0.1569064;3.3734875;53.609375;-0.171875;70.765625;12.25;29.875;43.4375;NaN;NaN;NaN;NaN;NaN;NaN;NaN;NaN;NaN
;ServiceLog;Stanislav;1435669735104;Raw;9.80665;0.1569064;3.0596747;53.40625;-0.609375;72.125;12.25;32.1875;48.375;NaN;NaN;NaN;NaN;NaN;NaN;NaN;NaN;NaN
;ServiceLog;Stanislav;1435669736128;Raw;9.92433;0.2353596;3.2950344;53.421875;-1.265625;72.5625;12.1875;32.8125;48.75;NaN;NaN;NaN;NaN;NaN;NaN;NaN;NaN;NaN
;ServiceLog;Stanislav;1435669737142;Raw;9.80665;0.1569064;3.2558076;53.546875;-1.703125;71.1875;11.125;33.1875;47.3125;NaN;NaN;NaN;NaN;NaN;NaN;NaN;NaN;NaN
;ServiceLog;Stanislav;1435669738160;Raw;9.845877;0.1176798;3.2558076;53.328125;-1.265625;72.6875;8.8125;36.6875;51.75;NaN;NaN;NaN;NaN;NaN;NaN;NaN;NaN;NaN
;ServiceLog;Stanislav;1435669739172;Raw;9.845877;0.19613299;3.0596747;53.28125;-1.03125;72.640625;3.1875;41.875;57.875;NaN;NaN;NaN;NaN;NaN;NaN;NaN;NaN;NaN
;ServiceLog;Stanislav;1435669740199;Raw;9.885103;0.39226598;3.0596747;53.359375;-0.609375;72.8125;1.125;43.5;61.5625;NaN;NaN;NaN;NaN;NaN;NaN;NaN;NaN;NaN
;ServiceLog;Stanislav;1435669741213;Raw;10.002783;0.2745862;3.216581;53.671875;-0.59375;72.171875;2.3125;43.1875;60.25;NaN;NaN;NaN;NaN;NaN;NaN;NaN;NaN;NaN
;ServiceLog;Stanislav;1435669742230;Raw;9.885103;0.0392266;3.2558076;53.4375;0.609375;72.421875;0.1875;43.125;60.3125;NaN;NaN;NaN;NaN;NaN;NaN;NaN;NaN;NaN
;ServiceLog;Stanislav;1435669743244;Raw;9.80665;0.1569064;3.2558076;53.046875;-0.59375;71.8125;-3.6875;46.3125;58.5;NaN;NaN;NaN;NaN;NaN;NaN;NaN;NaN;NaN
;ServiceLog;Stanislav;1435669744261;Raw;9.845877;0.1176798;3.2558076;52.453125;0.8125;72.015625;-0.5;43.4375;57.4375;NaN;NaN;NaN;NaN;NaN;NaN;NaN;NaN;NaN
;ServiceLog;Stanislav;1435669745273;Raw;9.728196;-0.0392266;3.0989013;52.453125;0.140625;72.359375;0.5625;42.8125;58.0625;NaN;NaN;NaN;NaN;NaN;NaN;NaN;NaN;NaN
;ServiceLog;Stanislav;1435669746290;Raw;10.081236;0.1569064;3.0989013;52.484375;-0.8125;72.921875;-0.8125;43.5;58.25;NaN;NaN;NaN;NaN;NaN;NaN;NaN;NaN;NaN
;ServiceLog;Stanislav;1435669747303;Raw;10.002783;0.1176798;2.941995;52.640625;-0.59375;73.65625;0.6875;44.75;61.0;NaN;NaN;NaN;NaN;NaN;NaN;NaN;NaN;NaN
;ServiceLog;Stanislav;1435669748321;Raw;10.002783;0.39226598;3.0989013;52.6875;-2.09375;72.6875;6.1875;41.5625;55.75;NaN;NaN;NaN;NaN;NaN;NaN;NaN;NaN;NaN
;ServiceLog;Stanislav;1435669749332;Raw;9.80665;0.3138128;3.216581;52.4375;-1.734375;71.765625;6.25;42.0;54.25;NaN;NaN;NaN;NaN;NaN;NaN;NaN;NaN;NaN
;ServiceLog;Stanislav;1435669750349;Raw;10.081236;0.2353596;2.9027684;52.234375;-1.265625;73.90625;6.3125;41.375;55.125;NaN;NaN;NaN;NaN;NaN;NaN;NaN;NaN;NaN
;ServiceLog;Stanislav;1435669751360;Raw;10.002783;-0.0392266;3.0204482;52.109375;0.140625;73.25;10.0625;41.0;56.125;NaN;NaN;NaN;NaN;NaN;NaN;NaN;NaN;NaN
;ServiceLog;Stanislav;1435669752380;Raw;9.885103;0.1569064;3.1381278;51.828125;-0.84375;72.390625;8.625;40.0;54.4375;NaN;NaN;NaN;NaN;NaN;NaN;NaN;NaN;NaN
;ServiceLog;Stanislav;1435669753392;Raw;9.92433;0.2353596;3.2950344;51.984375;-1.265625;71.65625;1.0625;45.5;59.625;NaN;NaN;NaN;NaN;NaN;NaN;NaN;NaN;NaN
;ServiceLog;Stanislav;1435669754411;Raw;10.042009;0.19613299;3.216581;51.65625;-1.03125;72.234375;2.9375;42.1875;50.9375;NaN;NaN;NaN;NaN;NaN;NaN;NaN;NaN;NaN
;ServiceLog;Stanislav;1435669755423;Raw;9.963556;-0.1176798;2.9812214;50.96875;0.59375;73.390625;5.375;41.0;50.5;NaN;NaN;NaN;NaN;NaN;NaN;NaN;NaN;NaN
;ServiceLog;Stanislav;1435669756450;Raw;9.885103;-0.0392266;3.2558076;50.734375;0.140625;71.765625;3.25;34.3125;45.6875;NaN;NaN;NaN;NaN;NaN;NaN;NaN;NaN;NaN
;ServiceLog;Stanislav;1435669757463;Raw;9.963556;0.3138128;3.0989013;50.703125;-1.734375;72.671875;9.625;34.5625;39.8125;NaN;NaN;NaN;NaN;NaN;NaN;NaN;NaN;NaN
;ServiceLog;Stanislav;1435669758480;Raw;10.042009;0.0392266;2.8635418;49.484375;-0.140625;74.109375;-2.375;40.9375;45.375;NaN;NaN;NaN;NaN;NaN;NaN;NaN;NaN;NaN
;ServiceLog;Stanislav;1435669759490;Raw;9.92433;-0.2745862;2.7066352;48.953125;1.515625;74.734375;-11.75;46.3125;49.875;NaN;NaN;NaN;NaN;NaN;NaN;NaN;NaN;NaN
;ServiceLog;Stanislav;1435669760518;Raw;9.885103;0.1176798;2.7066352;48.921875;-0.609375;74.703125;-12.6875;49.3125;56.8125;NaN;NaN;NaN;NaN;NaN;NaN;NaN;NaN;NaN
;ServiceLog;Stanislav;1435669761529;Raw;9.845877;0.1569064;3.0989013;49.265625;-0.84375;72.53125;-10.375;46.4375;53.375;NaN;NaN;NaN;NaN;NaN;NaN;NaN;NaN;NaN
;ServiceLog;Stanislav;1435669762545;Raw;9.139797;4.511059;4.5502853;70.546875;-23.8125;54.984375;-18.0625;27.6875;49.125;NaN;NaN;NaN;NaN;NaN;NaN;NaN;NaN;NaN
;ServiceLog;Stanislav;1435669763556;Raw;1.6867437;-1.6475172;-8.1983595;330.10938;168.9375;11.34375;18.0625;-15.125;-29.375;NaN;NaN;NaN;NaN;NaN;NaN;NaN;NaN;NaN
;ServiceLog;Stanislav;1435669764573;Raw;0.39226598;-2.2751427;-9.45361;292.78125;166.46875;2.234375;27.1875;0.4375;-13.375;NaN;NaN;NaN;NaN;NaN;NaN;NaN;NaN;NaN
;ServiceLog;Stanislav;1435669765583;Raw;1.372931;-1.4906107;-9.45361;339.28125;171.15625;8.109375;27.9375;-2.25;-13.5;NaN;NaN;NaN;NaN;NaN;NaN;NaN;NaN;NaN
;ServiceLog;Stanislav;1435669766600;Raw;0.35303938;-0.8237586;-9.414384;324.0625;175.04688;2.0625;24.6875;-2.875;-13.6875;NaN;NaN;NaN;NaN;NaN;NaN;NaN;NaN;NaN
;ServiceLog;Stanislav;1435669767611;Raw;3.7657535;-0.1569064;-1.8828768;243.40625;177.95313;63.375;23.375;-4.0;-13.25;NaN;NaN;NaN;NaN;NaN;NaN;NaN;NaN;NaN
;ServiceLog;Stanislav;1435669768632;Raw;10.238142;1.372931;1.8436501;271.21875;-7.46875;77.40625;-3.875;-7.0625;-30.625;NaN;NaN;NaN;NaN;NaN;NaN;NaN;NaN;NaN
;ServiceLog;Stanislav;1435669769644;Raw;10.002783;0.8237586;2.2359161;196.5;-4.5625;76.625;-9.5;-21.75;-3.25;NaN;NaN;NaN;NaN;NaN;NaN;NaN;NaN;NaN
;ServiceLog;Stanislav;1435669770660;Raw;10.277369;0.9022118;1.5690639;187.15625;-4.953125;80.015625;-8.375;-24.625;-0.25;NaN;NaN;NaN;NaN;NaN;NaN;NaN;NaN;NaN
;ServiceLog;Stanislav;1435669771671;Raw;10.081236;1.6475172;0.98066497;168.14063;-9.15625;79.34375;-5.0625;-32.875;14.125;NaN;NaN;NaN;NaN;NaN;NaN;NaN;NaN;NaN
;ServiceLog;Stanislav;1435669772689;Raw;9.767424;1.372931;3.3734875;78.984375;-7.515625;69.625;6.1875;4.5625;2.1875;NaN;NaN;NaN;NaN;NaN;NaN;NaN;NaN;NaN
;ServiceLog;Stanislav;1435669773699;Raw;9.728196;1.1375713;2.9812214;345.09375;-6.328125;71.921875;9.5;28.625;-11.0;NaN;NaN;NaN;NaN;NaN;NaN;NaN;NaN;NaN
;ServiceLog;Stanislav;1435669774725;Raw;9.728196;0.78453195;2.6674087;335.375;-4.390625;74.125;7.4375;25.8125;-14.875;NaN;NaN;NaN;NaN;NaN;NaN;NaN;NaN;NaN
;ServiceLog;Stanislav;1435669775739;Raw;9.92433;0.4707192;2.6281822;282.45313;-2.578125;75.0;14.375;-4.0625;-39.0625;NaN;NaN;NaN;NaN;NaN;NaN;NaN;NaN;NaN
;ServiceLog;Stanislav;1435669776755;Raw;9.92433;0.9022118;2.941995;312.1875;-4.953125;72.84375;16.75;60.6875;-38.125;NaN;NaN;NaN;NaN;NaN;NaN;NaN;NaN;NaN
;ServiceLog;Stanislav;1435669777766;Raw;9.885103;0.74530536;2.7066352;354.51563;-4.109375;74.203125;6.625;39.375;-2.75;NaN;NaN;NaN;NaN;NaN;NaN;NaN;NaN;NaN
;ServiceLog;Stanislav;1435669778790;Raw;10.042009;0.5099458;2.6281822;319.48438;-2.765625;75.140625;15.625;43.5625;-28.5625;NaN;NaN;NaN;NaN;NaN;NaN;NaN;NaN;NaN
;ServiceLog;Stanislav;1435669779801;Raw;10.042009;0.70607877;2.5889556;349.6875;-3.828125;75.0625;5.3125;54.25;-6.8125;NaN;NaN;NaN;NaN;NaN;NaN;NaN;NaN;NaN
;ServiceLog;Stanislav;1435669780816;Raw;10.159689;0.8237586;2.7066352;332.84375;-4.453125;74.484375;10.0625;12.1875;-15.1875;NaN;NaN;NaN;NaN;NaN;NaN;NaN;NaN;NaN
;ServiceLog;Stanislav;1435669781828;Raw;9.92433;0.74530536;2.5889556;323.5;-4.515625;74.734375;10.6875;46.25;-22.9375;NaN;NaN;NaN;NaN;NaN;NaN;NaN;NaN;NaN
;ServiceLog;Stanislav;1435669782852;Raw;9.92433;0.588399;2.6281822;351.95313;-4.3125;74.421875;5.625;56.3125;-6.375;NaN;NaN;NaN;NaN;NaN;NaN;NaN;NaN;NaN
;ServiceLog;Stanislav;1435669783862;Raw;10.042009;0.6668522;2.9027684;1.8125;-3.46875;74.046875;0.125;54.9375;2.8125;NaN;NaN;NaN;NaN;NaN;NaN;NaN;NaN;NaN
;ServiceLog;Stanislav;1435669784878;Raw;9.80665;0.8629852;2.7850885;2.359375;-5.015625;72.84375;-1.125;60.6875;-0.5625;NaN;NaN;NaN;NaN;NaN;NaN;NaN;NaN;NaN
;ServiceLog;Stanislav;1435669785889;Raw;10.120462;0.78453195;2.7066352;11.515625;-4.25;74.65625;-3.75;58.75;13.8125;NaN;NaN;NaN;NaN;NaN;NaN;NaN;NaN;NaN
;ServiceLog;Stanislav;1435669786909;Raw;10.120462;0.6276256;2.1574628;24.78125;-3.921875;74.75;-5.1875;37.6875;18.9375;NaN;NaN;NaN;NaN;NaN;NaN;NaN;NaN;NaN
;ServiceLog;Stanislav;1435669787920;Raw;10.355823;0.19613299;0.4314926;48.3125;-4.34375;85.421875;13.25;31.25;34.375;NaN;NaN;NaN;NaN;NaN;NaN;NaN;NaN;NaN
;ServiceLog;Stanislav;1435669788937;Raw;10.355823;-0.1176798;0.6668522;49.203125;0.390625;86.34375;21.4375;30.125;41.25;NaN;NaN;NaN;NaN;NaN;NaN;NaN;NaN;NaN
;ServiceLog;Stanislav;1435669789960;Raw;10.277369;0.39226598;0.4707192;50.390625;-1.515625;87.015625;21.6875;32.375;40.25;NaN;NaN;NaN;NaN;NaN;NaN;NaN;NaN;NaN
;ServiceLog;Stanislav;1435669790981;Raw;10.159689;0.19613299;1.3337044;49.875;-1.0625;82.515625;25.75;34.5;37.0;NaN;NaN;NaN;NaN;NaN;NaN;NaN;NaN;NaN
;ServiceLog;Stanislav;1435669791992;Raw;9.57129;-0.2353596;0.3138128;109.6875;1.40625;87.65625;0.75;-5.6875;4.75;NaN;NaN;NaN;NaN;NaN;NaN;NaN;NaN;NaN
;ServiceLog;Stanislav;1435669793007;Raw;10.473502;0.5491724;2.1574628;64.921875;0.171875;80.5;25.75;28.375;50.6875;NaN;NaN;NaN;NaN;NaN;NaN;NaN;NaN;NaN
;ServiceLog;Stanislav;1435669794021;Raw;11.022675;-0.1569064;0.1176798;63.59375;-178.6875;87.796875;46.6875;56.125;87.0625;NaN;NaN;NaN;NaN;NaN;NaN;NaN;NaN;NaN
;ServiceLog;Stanislav;1435669795037;Raw;10.238142;0.1569064;2.3928225;49.140625;-3.578125;76.515625;42.625;81.875;82.125;NaN;NaN;NaN;NaN;NaN;NaN;NaN;NaN;NaN
;ServiceLog;Stanislav;1435669796048;Raw;10.081236;0.35303938;2.3928225;34.53125;-1.734375;76.46875;19.0625;97.1875;60.5;NaN;NaN;NaN;NaN;NaN;NaN;NaN;NaN;NaN
;ServiceLog;Stanislav;1435669797064;Raw;10.081236;0.39226598;2.6281822;33.0;-1.875;75.484375;19.375;100.0625;55.3125;NaN;NaN;NaN;NaN;NaN;NaN;NaN;NaN;NaN
;ServiceLog;Stanislav;1435669798080;Raw;11.336487;3.1773546;2.353596;3.65625;-4.671875;78.0;9.9375;54.3125;-8.75;NaN;NaN;NaN;NaN;NaN;NaN;NaN;NaN;NaN
;ServiceLog;Stanislav;1435669799098;Raw;5.491724;3.4911673;7.256921;2.46875;-12.609375;37.8125;-8.0625;11.375;-7.1875;NaN;NaN;NaN;NaN;NaN;NaN;NaN;NaN;NaN
;ServiceLog;Stanislav;1435669800113;Raw;0.9414384;6.433162;9.061344;354.32813;-35.21875;4.84375;-8.9375;5.1875;-26.0;NaN;NaN;NaN;NaN;NaN;NaN;NaN;NaN;NaN
;ServiceLog;Stanislav;1435669801139;Raw;0.9414384;4.0795665;9.5320635;17.609375;-23.0625;5.1875;-23.9375;35.8125;-57.8125;NaN;NaN;NaN;NaN;NaN;NaN;NaN;NaN;NaN
;ServiceLog;Stanislav;1435669802157;Raw;1.1375713;3.4911673;10.120462;27.546875;-19.921875;6.53125;-36.0625;31.5;-47.5625;NaN;NaN;NaN;NaN;NaN;NaN;NaN;NaN;NaN
;ServiceLog;Stanislav;1435669803185;Raw;0.4707192;4.275699;9.649743;41.59375;-20.609375;3.078125;-39.25;25.125;-46.875;NaN;NaN;NaN;NaN;NaN;NaN;NaN;NaN;NaN
;ServiceLog;Stanislav;1435669804195;Raw;-0.1176798;4.589512;9.257478;41.46875;-26.34375;-0.609375;-40.1875;27.875;-51.25;NaN;NaN;NaN;NaN;NaN;NaN;NaN;NaN;NaN
;ServiceLog;Stanislav;1435669805217;Raw;-0.2745862;4.511059;9.218251;40.796875;-26.359375;0.0;-40.0625;27.6875;-53.875;NaN;NaN;NaN;NaN;NaN;NaN;NaN;NaN;NaN
;ServiceLog;Stanislav;1435669806228;Raw;-0.0392266;4.393379;9.767424;40.1875;-26.5;3.015625;-37.5625;27.0;-54.5;NaN;NaN;NaN;NaN;NaN;NaN;NaN;NaN;NaN
;ServiceLog;Stanislav;1435669807252;Raw;0.0784532;4.589512;9.492837;39.546875;-25.390625;-1.671875;-35.0;26.3125;-55.75;NaN;NaN;NaN;NaN;NaN;NaN;NaN;NaN;NaN
;ServiceLog;Stanislav;1435669808266;Raw;-0.2353596;4.4326057;9.610517;38.765625;-24.609375;-1.53125;-34.25;26.5;-57.8125;NaN;NaN;NaN;NaN;NaN;NaN;NaN;NaN;NaN
;ServiceLog;Stanislav;1435669809286;Raw;-0.4314926;4.5502853;9.5320635;37.890625;-25.515625;-2.296875;-34.125;26.3125;-56.875;NaN;NaN;NaN;NaN;NaN;NaN;NaN;NaN;NaN
;ServiceLog;Stanislav;1435669810304;Raw;-0.4314926;4.589512;9.375157;37.390625;-26.0;-2.328125;-33.6875;25.625;-57.6875;NaN;NaN;NaN;NaN;NaN;NaN;NaN;NaN;NaN
;ServiceLog;Stanislav;1435669811326;Raw;-0.2353596;4.4718323;9.375157;37.09375;-25.484375;-1.28125;-32.9375;25.6875;-57.8125;NaN;NaN;NaN;NaN;NaN;NaN;NaN;NaN;NaN
;ServiceLog;Stanislav;1435669812353;Raw;-0.588399;4.393379;9.57129;36.921875;-25.59375;-3.1875;-32.4375;24.875;-59.5;NaN;NaN;NaN;NaN;NaN;NaN;NaN;NaN;NaN
;ServiceLog;Stanislav;1435669813375;Raw;-0.4314926;4.628739;9.649743;36.453125;-25.59375;-2.515625;-29.3125;22.5;-62.375;NaN;NaN;NaN;NaN;NaN;NaN;NaN;NaN;NaN
;ServiceLog;Stanislav;1435669814390;Raw;-0.39226598;5.4132705;9.257478;35.484375;-28.3125;-2.34375;-28.625;22.5;-62.25;NaN;NaN;NaN;NaN;NaN;NaN;NaN;NaN;NaN
;ServiceLog;Stanislav;1435669815412;Raw;-0.35303938;5.295591;8.943665;34.296875;-29.78125;-1.8125;-27.8125;22.25;-60.75;NaN;NaN;NaN;NaN;NaN;NaN;NaN;NaN;NaN
;ServiceLog;Stanislav;1435669816427;Raw;-0.3138128;5.491724;9.061344;33.4375;-31.265625;-2.046875;-29.125;23.625;-58.6875;NaN;NaN;NaN;NaN;NaN;NaN;NaN;NaN;NaN
;ServiceLog;Stanislav;1435669817453;Raw;-0.35303938;4.864098;9.296704;33.3125;-27.703125;-2.0625;-29.375;22.8125;-58.75;NaN;NaN;NaN;NaN;NaN;NaN;NaN;NaN;NaN
;ServiceLog;Stanislav;1435669818465;Raw;-0.4707192;4.628739;9.5320635;33.28125;-26.71875;-1.84375;-28.125;24.125;-57.75;NaN;NaN;NaN;NaN;NaN;NaN;NaN;NaN;NaN
;ServiceLog;Stanislav;1435669819487;Raw;-0.4314926;4.6679654;9.257478;32.90625;-26.71875;-2.328125;-26.4375;22.9375;-59.875;NaN;NaN;NaN;NaN;NaN;NaN;NaN;NaN;NaN
;ServiceLog;Stanislav;1435669820498;Raw;-0.39226598;4.5502853;9.649743;31.84375;-25.765625;-2.0625;-23.1875;22.6875;-62.0;NaN;NaN;NaN;NaN;NaN;NaN;NaN;NaN;NaN
;ServiceLog;Stanislav;1435669821534;Raw;-0.4314926;4.3541527;9.649743;30.875;-24.40625;-2.515625;-22.375;22.75;-62.3125;NaN;NaN;NaN;NaN;NaN;NaN;NaN;NaN;NaN
;ServiceLog;Stanislav;1435669822546;Raw;-0.4707192;4.511059;9.68897;29.84375;-24.953125;-2.484375;-20.4375;21.75;-63.625;NaN;NaN;NaN;NaN;NaN;NaN;NaN;NaN;NaN
;ServiceLog;Stanislav;1435669823573;Raw;-0.4314926;4.3541527;9.649743;28.453125;-24.3125;-2.515625;-17.6875;21.125;-65.5;NaN;NaN;NaN;NaN;NaN;NaN;NaN;NaN;NaN
;ServiceLog;Stanislav;1435669824586;Raw;-0.4314926;5.0994577;9.061344;0.53125;-27.390625;-2.046875;8.9375;12.9375;-91.0625;NaN;NaN;NaN;NaN;NaN;NaN;NaN;NaN;NaN
;ServiceLog;Stanislav;1435669825615;Raw;-0.19613299;5.295591;9.57129;353.20313;-31.671875;-1.484375;7.375;13.0625;-91.8125;NaN;NaN;NaN;NaN;NaN;NaN;NaN;NaN;NaN
;ServiceLog;Stanislav;1435669826631;Raw;-0.1176798;2.8635418;10.473502;356.26563;-17.328125;0.359375;7.0625;19.25;-83.875;NaN;NaN;NaN;NaN;NaN;NaN;NaN;NaN;NaN
;ServiceLog;Stanislav;1435669827660;Raw;-0.39226598;3.6480737;10.081236;351.01563;-20.515625;-1.8125;9.9375;18.5625;-85.4375;NaN;NaN;NaN;NaN;NaN;NaN;NaN;NaN;NaN
;ServiceLog;Stanislav;1435669828672;Raw;0.39226598;3.3734875;10.042009;338.125;-18.734375;5.09375;5.8125;21.25;-78.8125;NaN;NaN;NaN;NaN;NaN;NaN;NaN;NaN;NaN
;ServiceLog;Stanislav;1435669829693;Raw;0.5099458;4.275699;9.57129;344.3125;-28.578125;7.625;13.75;11.25;-82.25;NaN;NaN;NaN;NaN;NaN;NaN;NaN;NaN;NaN
;ServiceLog;Stanislav;1435669830706;Raw;0.588399;4.864098;9.296704;318.125;-26.625;1.875;41.125;-5.125;-119.1875;NaN;NaN;NaN;NaN;NaN;NaN;NaN;NaN;NaN
;ServiceLog;Stanislav;1435669831859;Raw;-0.5491724;4.628739;9.414384;317.20313;-24.265625;-2.609375;50.875;-11.25;-123.25;NaN;NaN;NaN;NaN;NaN;NaN;NaN;NaN;NaN
;ServiceLog;Stanislav;1435669832873;Raw;-0.1569064;4.864098;9.218251;316.01563;-27.625;-1.40625;56.3125;-7.125;-118.0625;NaN;NaN;NaN;NaN;NaN;NaN;NaN;NaN;NaN
;ServiceLog;Stanislav;1435669833894;Raw;-0.5099458;4.8248715;9.335931;322.10938;-27.296875;-2.75;33.8125;-2.125;-103.4375;NaN;NaN;NaN;NaN;NaN;NaN;NaN;NaN;NaN
;ServiceLog;Stanislav;1435669834915;Raw;-0.0;4.8248715;9.45361;333.92188;-27.03125;0.0;18.0625;5.5;-98.0;NaN;NaN;NaN;NaN;NaN;NaN;NaN;NaN;NaN
;ServiceLog;Stanislav;1435669835935;Raw;-0.19613299;3.80498;9.68897;356.01563;-20.21875;-2.15625;-1.5625;9.8125;-88.4375;NaN;NaN;NaN;NaN;NaN;NaN;NaN;NaN;NaN
;ServiceLog;Stanislav;1435669836950;Raw;-0.5099458;2.941995;10.002783;41.53125;-16.734375;-2.734375;-40.1875;24.375;-59.1875;NaN;NaN;NaN;NaN;NaN;NaN;NaN;NaN;NaN
;ServiceLog;Stanislav;1435669837980;Raw;0.39226598;3.6480737;10.277369;35.59375;-20.671875;2.1875;-31.6875;31.9375;-57.375;NaN;NaN;NaN;NaN;NaN;NaN;NaN;NaN;NaN
;ServiceLog;Stanislav;1435669838993;Raw;0.3138128;3.6873002;9.845877;23.28125;-21.875;1.0625;-15.875;27.75;-63.5625;NaN;NaN;NaN;NaN;NaN;NaN;NaN;NaN;NaN
;ServiceLog;Stanislav;1435669840041;Raw;0.19613299;3.7657535;10.316595;7.0;-19.75;0.421875;-8.3125;27.5625;-81.125;NaN;NaN;NaN;NaN;NaN;NaN;NaN;NaN;NaN
;ServiceLog;Stanislav;1435669841056;Raw;-0.0392266;3.4519408;9.296704;6.453125;-17.703125;6.140625;-13.9375;27.6875;-80.8125;NaN;NaN;NaN;NaN;NaN;NaN;NaN;NaN;NaN
;ServiceLog;Stanislav;1435669842082;Raw;0.8629852;2.9812214;10.395049;11.125;-15.890625;4.53125;-16.25;25.1875;-76.0625;NaN;NaN;NaN;NaN;NaN;NaN;NaN;NaN;NaN
;ServiceLog;Stanislav;1435669843111;Raw;-0.19613299;5.060231;9.45361;19.609375;-28.734375;0.140625;-17.75;17.875;-78.4375;NaN;NaN;NaN;NaN;NaN;NaN;NaN;NaN;NaN
;ServiceLog;Stanislav;1435669844135;Raw;0.0392266;4.1580195;8.041452;20.171875;-26.203125;2.625;-21.125;9.875;-79.625;NaN;NaN;NaN;NaN;NaN;NaN;NaN;NaN;NaN
;ServiceLog;Stanislav;1435669845151;Raw;-0.1569064;-7.923773;7.4922805;317.1875;26.984375;13.90625;3.75;37.0625;-57.4375;NaN;NaN;NaN;NaN;NaN;NaN;NaN;NaN;NaN
;ServiceLog;Stanislav;1435669846165;Raw;0.3138128;-8.316039;6.4723887;277.04688;52.046875;-0.140625;14.9375;40.3125;-28.8125;NaN;NaN;NaN;NaN;NaN;NaN;NaN;NaN;NaN
;ServiceLog;Stanislav;1435669847430;Raw;-0.1176798;-8.080679;6.354709;283.29688;52.09375;1.265625;14.6875;41.0625;-29.4375;NaN;NaN;NaN;NaN;NaN;NaN;NaN;NaN;NaN
;ServiceLog;Stanislav;1435669848456;Raw;0.1176798;-8.237586;6.7862015;279.01563;50.046875;0.140625;9.875;38.0;-28.9375;NaN;NaN;NaN;NaN;NaN;NaN;NaN;NaN;NaN
;ServiceLog;Stanislav;1435669849468;Raw;-0.0;-7.8453197;6.433162;293.42188;51.390625;-0.140625;8.5;38.4375;-26.1875;NaN;NaN;NaN;NaN;NaN;NaN;NaN;NaN;NaN
;ServiceLog;Stanislav;1435669850491;Raw;0.0784532;-8.080679;6.5116153;304.92188;51.125;0.359375;6.9375;36.5625;-23.625;NaN;NaN;NaN;NaN;NaN;NaN;NaN;NaN;NaN
;ServiceLog;Stanislav;1435669851502;Raw;0.1176798;-7.8453197;6.943108;320.8125;48.484375;0.59375;3.875;37.75;-23.0625;NaN;NaN;NaN;NaN;NaN;NaN;NaN;NaN;NaN
;ServiceLog;Stanislav;1435669852519;Raw;0.0392266;-7.4922805;6.433162;340.9375;49.359375;0.171875;2.5;39.625;-23.8125;NaN;NaN;NaN;NaN;NaN;NaN;NaN;NaN;NaN
;ServiceLog;Stanislav;1435669853532;Raw;-0.0784532;-8.041452;6.433162;333.3125;49.203125;-0.390625;2.5;37.8125;-24.25;NaN;NaN;NaN;NaN;NaN;NaN;NaN;NaN;NaN
;ServiceLog;Stanislav;1435669854549;Raw;0.1176798;-8.002226;6.354709;325.40625;52.875;0.59375;2.4375;39.4375;-26.8125;NaN;NaN;NaN;NaN;NaN;NaN;NaN;NaN;NaN
;ServiceLog;Stanislav;1435669855567;Raw;0.0784532;-7.4138274;6.746975;336.04688;47.515625;-0.359375;2.375;39.3125;-27.8125;NaN;NaN;NaN;NaN;NaN;NaN;NaN;NaN;NaN
;ServiceLog;Stanislav;1435669856586;Raw;-0.0392266;-7.6884136;7.0607877;337.125;46.90625;-0.390625;1.8125;37.375;-26.8125;NaN;NaN;NaN;NaN;NaN;NaN;NaN;NaN;NaN
;ServiceLog;Stanislav;1435669857598;Raw;-0.0784532;-7.4922805;6.864655;334.89063;50.03125;0.8125;0.75;38.25;-29.1875;NaN;NaN;NaN;NaN;NaN;NaN;NaN;NaN;NaN
;ServiceLog;Stanislav;1435669858623;Raw;0.19613299;-7.4922805;6.6292953;350.26563;46.875;0.140625;1.125;38.8125;-31.0625;NaN;NaN;NaN;NaN;NaN;NaN;NaN;NaN;NaN
;ServiceLog;Stanislav;1435669859640;Raw;-0.5491724;-7.1784678;6.4723887;299.59375;48.25;0.359375;2.0;37.25;-33.125;NaN;NaN;NaN;NaN;NaN;NaN;NaN;NaN;NaN
;ServiceLog;Stanislav;1435669860661;Raw;-0.35303938;-7.100014;6.237029;296.46875;46.75;0.0;4.5;36.9375;-34.0625;NaN;NaN;NaN;NaN;NaN;NaN;NaN;NaN;NaN
;ServiceLog;Stanislav;1435669861680;Raw;-0.2745862;-7.6491866;6.943108;284.67188;44.84375;-0.78125;6.0;36.1875;-33.3125;NaN;NaN;NaN;NaN;NaN;NaN;NaN;NaN;NaN
;ServiceLog;Stanislav;1435669862701;Raw;-0.588399;-7.6491866;6.943108;280.29688;47.671875;-3.25;5.1875;37.375;-33.5625;NaN;NaN;NaN;NaN;NaN;NaN;NaN;NaN;NaN
;ServiceLog;Stanislav;1435669863719;Raw;0.0392266;-7.4922805;7.963;304.1875;43.28125;0.140625;5.625;36.9375;-33.5;NaN;NaN;NaN;NaN;NaN;NaN;NaN;NaN;NaN
;ServiceLog;Stanislav;1435669864740;Raw;-0.6276256;-7.6491866;7.6491866;319.64063;47.140625;-0.5625;4.0625;33.5;-29.875;NaN;NaN;NaN;NaN;NaN;NaN;NaN;NaN;NaN
;ServiceLog;Stanislav;1435669865758;Raw;-1.0983448;-7.531507;7.60996;26.046875;41.6875;-4.09375;1.0;32.3125;-28.875;NaN;NaN;NaN;NaN;NaN;NaN;NaN;NaN;NaN
;ServiceLog;Stanislav;1435669866784;Raw;-0.0392266;-6.864655;6.7862015;337.3125;44.6875;1.203125;2.5;32.6875;-26.25;NaN;NaN;NaN;NaN;NaN;NaN;NaN;NaN;NaN
;ServiceLog;Stanislav;1435669867801;Raw;-0.2745862;-6.9038815;6.433162;332.75;44.25;-0.953125;1.75;32.625;-28.5;NaN;NaN;NaN;NaN;NaN;NaN;NaN;NaN;NaN
;ServiceLog;Stanislav;1435669868824;Raw;-0.39226598;-7.4922805;7.453054;329.70313;43.96875;-1.34375;2.5625;31.3125;-29.0625;NaN;NaN;NaN;NaN;NaN;NaN;NaN;NaN;NaN
;ServiceLog;Stanislav;1435669869840;Raw;-0.2745862;-8.041452;8.041452;18.203125;46.515625;-3.390625;1.625;30.75;-28.0;NaN;NaN;NaN;NaN;NaN;NaN;NaN;NaN;NaN
;ServiceLog;Stanislav;1435669870860;Raw;-0.4314926;-7.2176943;7.2176943;6.71875;45.28125;-1.453125;0.3125;31.0;-26.6875;NaN;NaN;NaN;NaN;NaN;NaN;NaN;NaN;NaN
;ServiceLog;Stanislav;1435669871877;Raw;-0.588399;-7.2961473;7.2961473;47.359375;46.46875;-4.5625;-0.3125;29.9375;-25.3125;NaN;NaN;NaN;NaN;NaN;NaN;NaN;NaN;NaN
;ServiceLog;Stanislav;1435669872901;Raw;-0.19613299;-7.256921;7.963;29.390625;42.3125;-1.015625;-1.5625;37.3125;-31.125;NaN;NaN;NaN;NaN;NaN;NaN;NaN;NaN;NaN
;ServiceLog;Stanislav;1435669873919;Raw;0.1569064;-6.5116153;8.041452;3.828125;39.0;0.84375;-2.25;37.25;-37.8125;NaN;NaN;NaN;NaN;NaN;NaN;NaN;NaN;NaN
;ServiceLog;Stanislav;1435669874944;Raw;0.1569064;-7.335374;7.1784678;334.5625;40.53125;2.015625;-0.75;37.9375;-41.3125;NaN;NaN;NaN;NaN;NaN;NaN;NaN;NaN;NaN
;ServiceLog;Stanislav;1435669875966;Raw;0.78453195;-7.5707335;8.394492;287.29688;42.515625;2.609375;1.375;38.3125;-39.625;NaN;NaN;NaN;NaN;NaN;NaN;NaN;NaN;NaN
;ServiceLog;Stanislav;1435669876989;Raw;0.1176798;-7.4138274;8.394492;297.45313;42.703125;4.09375;0.8125;36.75;-39.875;NaN;NaN;NaN;NaN;NaN;NaN;NaN;NaN;NaN
;ServiceLog;Stanislav;1435669878007;Raw;-0.5491724;-7.100014;6.9823346;293.48438;42.875;2.6875;1.8125;38.0625;-39.4375;NaN;NaN;NaN;NaN;NaN;NaN;NaN;NaN;NaN
;ServiceLog;Stanislav;1435669879026;Raw;0.19613299;-6.1193495;6.433162;205.9375;45.53125;-2.578125;1.75;36.375;-37.3125;NaN;NaN;NaN;NaN;NaN;NaN;NaN;NaN;NaN
;ServiceLog;Stanislav;1435669880044;Raw;0.1569064;-6.7862015;7.7668667;307.76563;41.390625;0.59375;0.5;34.5;-34.375;NaN;NaN;NaN;NaN;NaN;NaN;NaN;NaN;NaN
;ServiceLog;Stanislav;1435669881064;Raw;0.35303938;-7.335374;8.590625;341.14063;40.5625;-1.734375;1.25;34.625;-31.6875;NaN;NaN;NaN;NaN;NaN;NaN;NaN;NaN;NaN
;ServiceLog;Stanislav;1435669882081;Raw;0.0392266;-8.316039;8.1983595;306.17188;45.796875;3.71875;2.5;32.5625;-29.5;NaN;NaN;NaN;NaN;NaN;NaN;NaN;NaN;NaN
;ServiceLog;Stanislav;1435669883094;Raw;0.19613299;-7.453054;7.453054;273.67188;44.96875;2.078125;6.75;30.5;-31.9375;NaN;NaN;NaN;NaN;NaN;NaN;NaN;NaN;NaN
;ServiceLog;Stanislav;1435669884101;Raw;0.1176798;-6.943108;7.100014;246.53125;44.328125;0.609375;9.0;28.1875;-33.9375;NaN;NaN;NaN;NaN;NaN;NaN;NaN;NaN;NaN
;ServiceLog;Stanislav;1435669885113;Raw;-0.2745862;-7.335374;6.590069;247.54688;48.046875;-1.59375;6.625;28.8125;-30.6875;NaN;NaN;NaN;NaN;NaN;NaN;NaN;NaN;NaN
;ServiceLog;Stanislav;1435669886120;Raw;0.0392266;-7.6884136;6.3154826;241.5625;50.609375;0.171875;2.375;24.5;-22.375;NaN;NaN;NaN;NaN;NaN;NaN;NaN;NaN;NaN
;ServiceLog;Stanislav;1435669887135;Raw;-2.0790098;-5.88399;8.786758;39.671875;33.046875;-11.09375;-1.9375;31.5;-35.75;NaN;NaN;NaN;NaN;NaN;NaN;NaN;NaN;NaN
;ServiceLog;Stanislav;1435669888143;Raw;-1.2160245;-7.5707335;6.864655;99.421875;48.015625;-7.609375;-0.9375;29.9375;-32.5625;NaN;NaN;NaN;NaN;NaN;NaN;NaN;NaN;NaN
;ServiceLog;Stanislav;1435669889155;Raw;-0.74530536;-8.002226;6.825428;87.921875;46.3125;-7.828125;-2.0;24.375;-22.0625;NaN;NaN;NaN;NaN;NaN;NaN;NaN;NaN;NaN
;ServiceLog;Stanislav;1435669890163;Raw;-0.8629852;-7.2961473;6.590069;66.15625;45.3125;-3.390625;-1.625;25.4375;-22.125;NaN;NaN;NaN;NaN;NaN;NaN;NaN;NaN;NaN
;ServiceLog;Stanislav;1435669891175;Raw;-0.6668522;-7.021561;7.021561;82.5625;46.65625;-1.234375;-2.1875;24.5;-21.0625;NaN;NaN;NaN;NaN;NaN;NaN;NaN;NaN;NaN
;ServiceLog;Stanislav;1435669892183;Raw;-1.4121575;-8.276813;5.570177;133.90625;51.390625;-6.109375;2.5625;25.3125;-20.75;NaN;NaN;NaN;NaN;NaN;NaN;NaN;NaN;NaN
;ServiceLog;Stanislav;1435669893195;Raw;-1.7259704;-8.119906;4.511059;131.40625;57.84375;-14.671875;0.6875;20.25;-17.3125;NaN;NaN;NaN;NaN;NaN;NaN;NaN;NaN;NaN
;ServiceLog;Stanislav;1435669894203;Raw;-2.3928225;-8.355266;5.4524975;127.59375;60.609375;-11.0;1.375;19.4375;-14.375;NaN;NaN;NaN;NaN;NaN;NaN;NaN;NaN;NaN
;ServiceLog;Stanislav;1435669895216;Raw;-2.3143694;-8.472945;4.589512;110.125;58.234375;-15.75;-0.5;20.375;-15.25;NaN;NaN;NaN;NaN;NaN;NaN;NaN;NaN;NaN
;ServiceLog;Stanislav;1435669896225;Raw;-2.2359161;-8.747532;4.864098;99.953125;55.609375;-14.9375;0.125;19.375;-12.8125;NaN;NaN;NaN;NaN;NaN;NaN;NaN;NaN;NaN
;ServiceLog;Stanislav;1435669897237;Raw;-2.0005565;-8.080679;5.64863;133.64063;59.5625;-10.71875;2.4375;19.625;-15.9375;NaN;NaN;NaN;NaN;NaN;NaN;NaN;NaN;NaN
;ServiceLog;Stanislav;1435669898246;Raw;-1.9613299;-8.433719;5.7270837;145.0;55.171875;-9.921875;1.0625;19.75;-19.1875;NaN;NaN;NaN;NaN;NaN;NaN;NaN;NaN;NaN
;ServiceLog;Stanislav;1435669899262;Raw;-2.1574628;-8.1983595;5.8447633;149.625;55.203125;-9.78125;1.75;14.6875;-18.875;NaN;NaN;NaN;NaN;NaN;NaN;NaN;NaN;NaN
;ServiceLog;Stanislav;1435669900274;Raw;-2.353596;-8.472945;6.080123;138.54688;57.15625;-11.03125;-0.375;19.875;-19.5625;NaN;NaN;NaN;NaN;NaN;NaN;NaN;NaN;NaN
;ServiceLog;Stanislav;1435669901287;Raw;-1.9613299;-8.512172;6.1978025;110.203125;52.71875;-11.40625;-1.875;20.5;-18.4375;NaN;NaN;NaN;NaN;NaN;NaN;NaN;NaN;NaN
;ServiceLog;Stanislav;1435669902295;Raw;-1.8044236;-8.551398;5.8055367;95.265625;51.640625;-9.328125;-8.875;10.6875;-9.6875;NaN;NaN;NaN;NaN;NaN;NaN;NaN;NaN;NaN
;ServiceLog;Stanislav;1435669903309;Raw;-1.8436501;-8.316039;6.158576;95.1875;52.296875;-10.09375;-8.9375;14.4375;-13.75;NaN;NaN;NaN;NaN;NaN;NaN;NaN;NaN;NaN
;ServiceLog;Stanislav;1435669904329;Raw;-1.8828768;-8.512172;6.1193495;104.984375;53.03125;-10.1875;-4.3125;17.375;-17.25;NaN;NaN;NaN;NaN;NaN;NaN;NaN;NaN;NaN
;ServiceLog;Stanislav;1435669905342;Raw;-1.372931;-8.316039;5.5309505;115.28125;55.578125;-7.78125;-4.875;18.25;-18.75;NaN;NaN;NaN;NaN;NaN;NaN;NaN;NaN;NaN
;ServiceLog;Stanislav;1435669906351;Raw;-1.4121575;-8.786758;5.491724;114.96875;55.046875;-7.546875;-2.6875;16.875;-15.875;NaN;NaN;NaN;NaN;NaN;NaN;NaN;NaN;NaN
;ServiceLog;Stanislav;1435669907364;Raw;-1.176798;-8.629851;6.0408964;105.71875;54.703125;-6.734375;-0.8125;18.0625;-13.625;NaN;NaN;NaN;NaN;NaN;NaN;NaN;NaN;NaN
;ServiceLog;Stanislav;1435669908372;Raw;-1.3337044;-8.825985;5.8055367;136.54688;55.8125;-7.859375;-1.0625;18.4375;-17.6875;NaN;NaN;NaN;NaN;NaN;NaN;NaN;NaN;NaN
;ServiceLog;Stanislav;1435669909384;Raw;-1.4121575;-8.904438;6.1978025;125.375;55.5625;-7.15625;-1.5625;16.4375;-16.0625;NaN;NaN;NaN;NaN;NaN;NaN;NaN;NaN;NaN
;ServiceLog;Stanislav;1435669910393;Raw;-1.2160245;-8.551398;5.8055367;152.03125;55.234375;-5.375;0.125;14.875;-17.0;NaN;NaN;NaN;NaN;NaN;NaN;NaN;NaN;NaN
;ServiceLog;Stanislav;1435669911404;Raw;-1.2552512;-8.433719;6.00167;143.95313;55.484375;-6.359375;-0.75;17.6875;-17.5;NaN;NaN;NaN;NaN;NaN;NaN;NaN;NaN;NaN
;ServiceLog;Stanislav;1435669912413;Raw;-1.6475172;-8.629851;5.8447633;126.390625;55.21875;-8.359375;-1.5625;19.25;-17.75;NaN;NaN;NaN;NaN;NaN;NaN;NaN;NaN;NaN
;ServiceLog;Stanislav;1435669913426;Raw;-1.4513842;-8.394492;6.0408964;132.98438;55.5625;-6.84375;-0.3125;18.75;-17.75;NaN;NaN;NaN;NaN;NaN;NaN;NaN;NaN;NaN
;ServiceLog;Stanislav;1435669914433;Raw;-1.4121575;-8.590625;5.64863;138.29688;55.8125;-8.109375;0.1875;18.75;-19.0625;NaN;NaN;NaN;NaN;NaN;NaN;NaN;NaN;NaN
;ServiceLog;Stanislav;1435669915452;Raw;-1.2944778;-8.355266;5.8055367;87.109375;54.6875;-7.546875;1.4375;25.3125;-16.8125;NaN;NaN;NaN;NaN;NaN;NaN;NaN;NaN;NaN
;ServiceLog;Stanislav;1435669916459;Raw;-1.0591182;-8.590625;5.8447633;74.484375;53.953125;-5.609375;-7.75;17.8125;-10.125;NaN;NaN;NaN;NaN;NaN;NaN;NaN;NaN;NaN
;ServiceLog;Stanislav;1435669917478;Raw;-1.0591182;-8.394492;6.1978025;58.890625;53.8125;-5.34375;-8.25;20.125;-6.75;NaN;NaN;NaN;NaN;NaN;NaN;NaN;NaN;NaN
;ServiceLog;Stanislav;1435669918486;Raw;-1.2160245;-8.747532;5.6094036;62.8125;53.578125;-8.453125;-8.375;22.0;-10.875;NaN;NaN;NaN;NaN;NaN;NaN;NaN;NaN;NaN
;ServiceLog;Stanislav;1435669919498;Raw;-1.2160245;-8.394492;6.237029;68.125;53.015625;-7.09375;-9.6875;20.25;-9.0;NaN;NaN;NaN;NaN;NaN;NaN;NaN;NaN;NaN
;ServiceLog;Stanislav;1435669920505;Raw;-0.9022118;-8.394492;6.0408964;68.53125;54.109375;-4.90625;-8.8125;19.375;-9.4375;NaN;NaN;NaN;NaN;NaN;NaN;NaN;NaN;NaN
;ServiceLog;Stanislav;1435669921519;Raw;-0.98066497;-8.316039;5.7270837;67.328125;55.078125;-5.46875;-15.1875;14.125;-0.25;NaN;NaN;NaN;NaN;NaN;NaN;NaN;NaN;NaN
;ServiceLog;Stanislav;1435669922526;Raw;-0.70607877;-8.708305;6.590069;62.34375;52.765625;-3.640625;-31.5;4.8125;19.6875;NaN;NaN;NaN;NaN;NaN;NaN;NaN;NaN;NaN
;ServiceLog;Stanislav;1435669923540;Raw;-0.74530536;-8.590625;6.3154826;60.875;53.5;-3.953125;-35.4375;0.75;27.25;NaN;NaN;NaN;NaN;NaN;NaN;NaN;NaN;NaN
;ServiceLog;Stanislav;1435669924548;Raw;-0.98066497;-8.786758;5.88399;56.9375;55.296875;-4.484375;-20.6875;8.0;8.125;NaN;NaN;NaN;NaN;NaN;NaN;NaN;NaN;NaN
;ServiceLog;Stanislav;1435669925561;Raw;-0.9022118;-8.590625;5.2563643;101.109375;56.0;-5.859375;-4.4375;14.0;-12.0625;NaN;NaN;NaN;NaN;NaN;NaN;NaN;NaN;NaN
;ServiceLog;Stanislav;1435669926568;Raw;-1.1375713;-8.276813;5.5309505;166.5625;54.828125;-6.03125;4.6875;9.75;-23.875;NaN;NaN;NaN;NaN;NaN;NaN;NaN;NaN;NaN
;ServiceLog;Stanislav;1435669927581;Raw;-0.9414384;-8.512172;5.7270837;212.15625;55.21875;-5.578125;14.125;-5.0;-16.25;NaN;NaN;NaN;NaN;NaN;NaN;NaN;NaN;NaN
;ServiceLog;Stanislav;1435669928589;Raw;-0.9022118;-8.669079;6.0408964;96.140625;55.015625;-5.265625;-7.1875;17.875;-10.75;NaN;NaN;NaN;NaN;NaN;NaN;NaN;NaN;NaN
;ServiceLog;Stanislav;1435669929602;Raw;-0.8629852;-8.512172;6.1193495;82.359375;54.1875;-3.8125;-8.6875;14.4375;-7.8125;NaN;NaN;NaN;NaN;NaN;NaN;NaN;NaN;NaN
;ServiceLog;Stanislav;1435669930611;Raw;-1.5298374;1.8436501;6.825428;49.09375;-13.578125;-19.75;-19.1875;20.5;-43.4375;NaN;NaN;NaN;NaN;NaN;NaN;NaN;NaN;NaN
;ServiceLog;Stanislav;1435669931630;Raw;0.9022118;2.745862;10.787314;39.859375;-14.21875;4.625;-30.3125;10.5625;-108.375;NaN;NaN;NaN;NaN;NaN;NaN;NaN;NaN;NaN
;ServiceLog;Stanislav;1435669932640;Raw;0.2745862;3.726527;9.57129;38.359375;-22.546875;0.59375;-93.875;51.5;-115.4375;NaN;NaN;NaN;NaN;NaN;NaN;NaN;NaN;NaN
;ServiceLog;Stanislav;1435669933655;Raw;0.9414384;4.0403395;9.68897;43.1875;-24.0625;5.203125;-67.375;45.25;-70.125;NaN;NaN;NaN;NaN;NaN;NaN;NaN;NaN;NaN
;ServiceLog;Stanislav;1435669934664;Raw;1.6475172;4.0403395;9.649743;25.59375;-21.875;8.203125;-27.25;43.0625;-40.5;NaN;NaN;NaN;NaN;NaN;NaN;NaN;NaN;NaN
;ServiceLog;Stanislav;1435669935683;Raw;0.0784532;3.9226599;9.92433;14.703125;-21.609375;0.359375;-9.0625;39.5625;-49.6875;NaN;NaN;NaN;NaN;NaN;NaN;NaN;NaN;NaN
;ServiceLog;Stanislav;1435669936705;Raw;0.3138128;3.8442068;9.5320635;8.234375;-20.703125;2.078125;-14.0625;16.9375;-92.25;NaN;NaN;NaN;NaN;NaN;NaN;NaN;NaN;NaN
;ServiceLog;Stanislav;1435669937718;Raw;0.6276256;3.6873002;10.1989155;352.67188;-19.8125;3.296875;5.625;30.3125;-60.375;NaN;NaN;NaN;NaN;NaN;NaN;NaN;NaN;NaN
;ServiceLog;Stanislav;1435669938728;Raw;0.9022118;3.4911673;9.414384;347.42188;-19.125;6.078125;11.375;31.9375;-41.0625;NaN;NaN;NaN;NaN;NaN;NaN;NaN;NaN;NaN
;ServiceLog;Stanislav;1435669939743;Raw;0.4314926;3.9618864;10.120462;330.8125;-21.09375;3.1875;23.4375;21.8125;-49.125;NaN;NaN;NaN;NaN;NaN;NaN;NaN;NaN;NaN
;ServiceLog;Stanislav;1435669940751;Raw;0.70607877;3.7657535;9.845877;336.60938;-20.96875;4.84375;10.5;29.4375;-44.6875;NaN;NaN;NaN;NaN;NaN;NaN;NaN;NaN;NaN
;ServiceLog;Stanislav;1435669941765;Raw;0.8629852;3.4519408;9.80665;341.82813;-18.984375;6.109375;8.5625;27.75;-49.9375;NaN;NaN;NaN;NaN;NaN;NaN;NaN;NaN;NaN
;ServiceLog;Stanislav;1435669942775;Raw;1.2552512;3.80498;9.92433;341.42188;-20.828125;6.734375;11.375;21.5625;-62.125;NaN;NaN;NaN;NaN;NaN;NaN;NaN;NaN;NaN
;ServiceLog;Stanislav;1435669943796;Raw;0.588399;3.7657535;9.885103;340.95313;-20.8125;3.15625;10.3125;13.75;-76.25;NaN;NaN;NaN;NaN;NaN;NaN;NaN;NaN;NaN
;ServiceLog;Stanislav;1435669944806;Raw;0.9414384;3.9226599;9.845877;340.59375;-21.578125;3.890625;7.75;21.1875;-68.8125;NaN;NaN;NaN;NaN;NaN;NaN;NaN;NaN;NaN
;ServiceLog;Stanislav;1435669945820;Raw;1.0198916;3.9226599;9.80665;345.9375;-21.125;6.078125;2.6875;23.125;-62.0;NaN;NaN;NaN;NaN;NaN;NaN;NaN;NaN;NaN
;ServiceLog;Stanislav;1435669946831;Raw;0.6668522;3.8442068;9.375157;354.76563;-20.3125;5.40625;-3.6875;28.375;-56.6875;NaN;NaN;NaN;NaN;NaN;NaN;NaN;NaN;NaN
;ServiceLog;Stanislav;1435669947845;Raw;0.70607877;3.8442068;9.68897;355.48438;-21.9375;3.5;-4.0625;34.0;-62.0625;NaN;NaN;NaN;NaN;NaN;NaN;NaN;NaN;NaN
;ServiceLog;Stanislav;1435669948853;Raw;0.9022118;3.6873002;9.767424;5.0625;-20.84375;4.65625;-12.0;32.1875;-57.0;NaN;NaN;NaN;NaN;NaN;NaN;NaN;NaN;NaN
;ServiceLog;Stanislav;1435669949868;Raw;0.6668522;3.5696206;9.68897;6.375;-21.140625;2.71875;-12.4375;33.375;-57.5;NaN;NaN;NaN;NaN;NaN;NaN;NaN;NaN;NaN
;ServiceLog;Stanislav;1435669950878;Raw;0.4707192;4.001113;9.649743;7.453125;-22.203125;3.015625;-10.0625;26.6875;-58.0;NaN;NaN;NaN;NaN;NaN;NaN;NaN;NaN;NaN
;ServiceLog;Stanislav;1435669951895;Raw;0.5491724;3.8442068;9.885103;7.46875;-21.203125;2.796875;-11.8125;28.375;-57.9375;NaN;NaN;NaN;NaN;NaN;NaN;NaN;NaN;NaN
;ServiceLog;Stanislav;1435669952906;Raw;-0.1569064;2.1574628;10.081236;9.234375;-12.34375;1.265625;-11.6875;27.1875;-56.0625;NaN;NaN;NaN;NaN;NaN;NaN;NaN;NaN;NaN
;ServiceLog;Stanislav;1435669953924;Raw;0.4314926;2.941995;10.1989155;15.59375;-16.015625;2.296875;-16.4375;28.8125;-50.875;NaN;NaN;NaN;NaN;NaN;NaN;NaN;NaN;NaN
;ServiceLog;Stanislav;1435669954934;Raw;-0.39226598;2.745862;10.316595;22.640625;-14.859375;-2.046875;-17.625;22.6875;-52.75;NaN;NaN;NaN;NaN;NaN;NaN;NaN;NaN;NaN
;ServiceLog;Stanislav;1435669955957;Raw;0.1176798;3.216581;10.434276;16.296875;-17.125;0.5625;-8.125;19.5625;-51.8125;NaN;NaN;NaN;NaN;NaN;NaN;NaN;NaN;NaN
;ServiceLog;Stanislav;1435669956966;Raw;-0.0392266;2.353596;10.159689;15.453125;-13.359375;-1.765625;-7.8125;20.875;-53.25;NaN;NaN;NaN;NaN;NaN;NaN;NaN;NaN;NaN
;ServiceLog;Stanislav;1435669957985;Raw;0.1569064;2.8635418;9.45361;16.546875;-17.703125;0.609375;-13.625;20.8125;-49.75;NaN;NaN;NaN;NaN;NaN;NaN;NaN;NaN;NaN
;ServiceLog;Stanislav;1435669958997;Raw;-0.0392266;3.334261;10.355823;22.515625;-18.15625;-2.296875;-8.6875;22.1875;-47.8125;NaN;NaN;NaN;NaN;NaN;NaN;NaN;NaN;NaN
;ServiceLog;Stanislav;1435669960017;Raw;1.7651969;3.9226599;9.179024;5.53125;-22.703125;12.53125;-12.5625;32.25;-47.875;NaN;NaN;NaN;NaN;NaN;NaN;NaN;NaN;NaN
;ServiceLog;Stanislav;1435669961029;Raw;1.5690639;3.6088471;9.767424;4.78125;-18.09375;7.046875;-4.6875;24.5625;-51.4375;NaN;NaN;NaN;NaN;NaN;NaN;NaN;NaN;NaN
;ServiceLog;Stanislav;1435669962048;Raw;1.0591182;3.9618864;9.45361;359.21875;-24.3125;6.046875;-2.4375;29.0625;-52.6875;NaN;NaN;NaN;NaN;NaN;NaN;NaN;NaN;NaN
;ServiceLog;Stanislav;1435669963058;Raw;1.2160245;3.5696206;9.885103;358.6875;-19.5;6.734375;-3.4375;31.3125;-49.3125;NaN;NaN;NaN;NaN;NaN;NaN;NaN;NaN;NaN
;ServiceLog;Stanislav;1435669964076;Raw;1.1375713;3.9226599;9.5320635;358.39063;-22.609375;3.6875;-2.0;33.8125;-48.5625;NaN;NaN;NaN;NaN;NaN;NaN;NaN;NaN;NaN
;ServiceLog;Stanislav;1435669965084;Raw;0.98066497;2.9812214;10.042009;352.5;-19.390625;6.78125;4.75;30.3125;-53.625;NaN;NaN;NaN;NaN;NaN;NaN;NaN;NaN;NaN
;ServiceLog;Stanislav;1435669966106;Raw;1.9613299;9.022118;4.9425516;345.84375;-49.25;11.03125;9.5;28.0;-59.6875;NaN;NaN;NaN;NaN;NaN;NaN;NaN;NaN;NaN
;ServiceLog;Stanislav;1435669967117;Raw;0.5491724;7.453054;7.72764;333.15625;-43.890625;2.90625;20.625;0.5;-56.4375;NaN;NaN;NaN;NaN;NaN;NaN;NaN;NaN;NaN
;ServiceLog;Stanislav;1435669968341;Raw;-1.0983448;4.864098;8.159133;311.17188;-30.578125;-6.53125;14.0625;-6.5625;-21.125;NaN;NaN;NaN;NaN;NaN;NaN;NaN;NaN;NaN
;ServiceLog;Stanislav;1435669969358;Raw;0.0392266;5.217138;9.68897;293.03125;-28.296875;0.140625;7.625;-7.6875;-23.25;NaN;NaN;NaN;NaN;NaN;NaN;NaN;NaN;NaN
;ServiceLog;Stanislav;1435669970378;Raw;-0.0392266;4.864098;8.472945;224.71875;-29.875;-0.171875;3.625;-18.375;-16.6875;NaN;NaN;NaN;NaN;NaN;NaN;NaN;NaN;NaN
