ID;Name;User;TimeStamp;Type;Accel_X;Accel_Y;Accel_Z;Azimuth;Pitch;Roll;Magnetic_X;Magnetic_Y;Magnetic_Z;Gyro_X;Gyro_Y;Gyro_Z;GPS_Lat;GPS_Lon;GPS_Alt;GPS_Accuracy;GPS_Speed;GPS_Bearing
483;Маяковская 3;Stanislav;1435669824581;Raw;-0.39226598;4.903325;9.45361;0.53125;-27.390625;-2.046875;8.9375;12.9375;-91.0625;NaN;NaN;NaN;NaN;NaN;NaN;NaN;NaN;NaN
484;Маяковская 4;Stanislav;1435669835217;Raw;0.2745862;5.1779113;9.57129;339.40625;-24.734375;-0.59375;13.4375;6.375;-96.625;NaN;NaN;NaN;NaN;NaN;NaN;NaN;NaN;NaN
491;Гостиный двор 1;Stanislav;1435669944168;Raw;1.1375713;4.001113;9.139797;340.76563;-23.421875;6.46875;9.9375;18.3125;-70.375;NaN;NaN;NaN;NaN;NaN;NaN;NaN;NaN;NaN
492;Гостиный двор 2;Stanislav;1435669964125;Raw;1.1375713;3.9226599;9.5320635;358.39063;-22.609375;3.6875;-2.0;33.8125;-48.5625;NaN;NaN;NaN;NaN;NaN;NaN;NaN;NaN;NaN
