ID;Name;User;TimeStamp;NetworkGen;NetworkType;Active;MCC;MNC;LAC;CID;PSC;Power
833;Международная 3;Stanislav;1435664029333;3G;HSPA;1;250;1;100;65565857;174;-63
833;Международная 3;Stanislav;1435664029333;3G;HSPA;250-1-100-65565857;-1;-1;-1;-1;174;-65
834;Международная 4;Stanislav;1435664039346;3G;HSPA;1;250;1;100;65565857;174;-61
834;Международная 4;Stanislav;1435664039346;3G;HSPA;250-1-100-65565857;-1;-1;-1;-1;174;-59
841;Бухарестская 1;Stanislav;1435664121131;2G;EDGE;1;250;1;100;29841;-1;-51
842;Бухарестская 2;Stanislav;1435664141373;3G;HSPA;1;250;1;100;65565847;503;-71
843;Бухарестская 3;Stanislav;1435664161427;3G;HSPA;1;250;1;100;65565847;503;-71
843;Бухарестская 3;Stanislav;1435664161427;3G;HSPA;250-1-100-65565847;-1;-1;-1;-1;503;-69
844;Бухарестская 4;Stanislav;1435664171352;3G;HSPA;1;250;1;100;65565847;503;-57
844;Бухарестская 4;Stanislav;1435664171352;3G;HSPA;250-1-100-65565847;-1;-1;-1;-1;503;-59
851;Волковская 1;Stanislav;1435664261223;unknown;unknown;1;250;2;7803;8308450;68;-63
851;Волковская 1;Stanislav;1435664261223;unknown;unknown;250-2-7803-8308450;-1;-1;-1;-1;68;-103
851;Волковская 1;Stanislav;1435664261223;unknown;unknown;250-2-7803-8308450;-1;-1;-1;-1;68;-107
851;Волковская 1;Stanislav;1435664261223;unknown;unknown;250-2-7803-8308450;-1;-1;-1;-1;-1;-77
851;Волковская 1;Stanislav;1435664261223;unknown;unknown;250-2-7803-8308450;-1;-1;-1;-1;-1;-101
851;Волковская 1;Stanislav;1435664261223;unknown;unknown;250-2-7803-8308450;-1;-1;-1;-1;-1;-111
851;Волковская 1;Stanislav;1435664261223;unknown;unknown;250-2-7803-8308450;-1;-1;-1;-1;-1;-113
851;Волковская 1;Stanislav;1435664261223;unknown;unknown;250-2-7803-8308450;-1;-1;-1;-1;-1;-113
851;Волковская 1;Stanislav;1435664261223;unknown;unknown;250-2-7803-8308450;-1;-1;-1;-1;-1;-113
852;Волковская 2;Stanislav;1435664279769;3G;HSPA;1;250;1;100;65540017;501;-73
853;Волковская 3;Stanislav;1435664304867;3G;HSPA;1;250;1;100;65540017;501;-79
853;Волковская 3;Stanislav;1435664304867;3G;HSPA;250-1-100-65540017;-1;-1;-1;-1;501;-81
854;Волковская 4;Stanislav;1435664316262;3G;HSPA;1;250;1;100;65540017;501;-73
854;Волковская 4;Stanislav;1435664316262;3G;HSPA;250-1-100-65540017;-1;-1;-1;-1;501;-67
861;Обводный канал 1;Stanislav;1435664413229;unknown;unknown;1;250;2;7803;22681;-1;-55
861;Обводный канал 1;Stanislav;1435664413229;unknown;unknown;250-2-7803-22681;250;2;7803;22680;-1;-91
862;Обводный канал 2;Stanislav;1435664432248;3G;HSPA;1;250;1;100;65539597;507;-75
862;Обводный канал 2;Stanislav;1435664432248;3G;HSPA;250-1-100-65539597;-1;-1;-1;-1;507;-71
863;Обводный канал 3;Stanislav;1435664452803;3G;HSPA;1;250;1;100;65539597;507;-85
863;Обводный канал 3;Stanislav;1435664452803;3G;HSPA;250-1-100-65539597;-1;-1;-1;-1;507;-79
864;Обводный канал 4;Stanislav;1435664463516;3G;HSPA;1;250;1;100;65539597;507;-61
864;Обводный канал 4;Stanislav;1435664463516;3G;HSPA;250-1-100-65539597;-1;-1;-1;-1;507;-61
871;Звенигородская 1;Stanislav;1435664570509;unknown;unknown;1;250;2;7803;22545;-1;-65
871;Звенигородская 1;Stanislav;1435664570509;unknown;unknown;250-2-7803-22545;250;2;7803;14677;-1;-79
872;Звенигородская 2;Stanislav;1435664589029;2G;EDGE;1;250;1;100;3891;-1;-79
872;Звенигородская 2;Stanislav;1435664589029;2G;EDGE;250-1-100-3891;250;2;7803;14677;-1;-61
873;Звенигородская 3;Stanislav;1435664618636;3G;HSPA;1;250;1;100;65539897;500;-91
873;Звенигородская 3;Stanislav;1435664618636;3G;HSPA;250-1-100-65539897;-1;-1;-1;-1;500;-93
874;Звенигородская 4;Stanislav;1435664631912;3G;HSPA;1;250;1;100;65539897;500;-71
874;Звенигородская 4;Stanislav;1435664631912;3G;HSPA;250-1-100-65539897;-1;-1;-1;-1;500;-69
881;Садовая 1;Stanislav;1435664714940;unknown;unknown;1;250;2;7803;22542;-1;-61
881;Садовая 1;Stanislav;1435664714940;unknown;unknown;250-2-7803-22542;250;2;7803;14092;-1;-89
882;Садовая 2;Stanislav;1435664731766;3G;HSPA;1;-1;-1;-1;-1;-1;-113
883;Садовая 3;Stanislav;1435664761876;3G;HSPA;1;250;1;100;65539907;-1;-89
883;Садовая 3;Stanislav;1435664761876;3G;HSPA;250-1-100-65539907;-1;-1;-1;-1;-1;-93
884;Садовая 4;Stanislav;1435664772966;3G;HSPA;1;250;1;100;65539907;-1;-95
884;Садовая 4;Stanislav;1435664772966;3G;HSPA;250-1-100-65539907;-1;-1;-1;-1;-1;-91
891;Адмиралтейская 1;Stanislav;1435664846995;unknown;unknown;1;250;99;14764;41916;-1;-51
891;Адмиралтейская 1;Stanislav;1435664846995;unknown;unknown;250-99-14764-41916;250;99;14764;41915;-1;-99
892;Адмиралтейская 2;Stanislav;1435664862218;3G;HSPA;1;250;1;100;65539187;360;-89
893;Адмиралтейская 3;Stanislav;1435664886371;3G;HSPA;1;250;1;100;65539187;360;-83
893;Адмиралтейская 3;Stanislav;1435664886371;3G;HSPA;250-1-100-65539187;-1;-1;-1;-1;360;-89
894;Адмиралтейская 4;Stanislav;1435664902014;3G;HSPA;1;250;1;100;65539187;360;-73
894;Адмиралтейская 4;Stanislav;1435664902014;3G;HSPA;250-1-100-65539187;-1;-1;-1;-1;360;-81
901;Спортивная 1;Stanislav;1435665037002;unknown;unknown;1;250;2;7803;8291684;217;-85
901;Спортивная 1;Stanislav;1435665037002;unknown;unknown;250-2-7803-8291684;-1;-1;-1;-1;148;-91
902;Спортивная 2;Stanislav;1435665053920;3G;HSPA;1;250;1;100;65569937;504;-89
902;Спортивная 2;Stanislav;1435665053920;3G;HSPA;250-1-100-65569937;-1;-1;-1;-1;504;-93
903;Спортивная 3;Stanislav;1435665077940;3G;HSPA;1;250;1;100;65569937;504;-91
903;Спортивная 3;Stanislav;1435665077940;3G;HSPA;250-1-100-65569937;-1;-1;-1;-1;504;-95
904;Спортивная 4;Stanislav;1435665088566;3G;HSPA;1;250;1;100;65569937;504;-85
904;Спортивная 4;Stanislav;1435665088566;3G;HSPA;250-1-100-65569937;-1;-1;-1;-1;504;-85
911;Чкаловская 1;Stanislav;1435665146707;unknown;unknown;1;250;2;7803;8294604;459;-79
912;Чкаловская 2;Stanislav;1435665165096;3G;HSPA;1;250;1;100;65569947;500;-83
913;Чкаловская 3;Stanislav;1435665190803;3G;HSPA;1;250;1;100;65569947;500;-81
913;Чкаловская 3;Stanislav;1435665190803;3G;HSPA;250-1-100-65569947;-1;-1;-1;-1;500;-83
914;Чкаловская 4;Stanislav;1435665201161;3G;HSPA;1;250;1;100;65569947;500;-81
914;Чкаловская 4;Stanislav;1435665201161;3G;HSPA;250-1-100-65569947;-1;-1;-1;-1;500;-83
921;Крестовский остров 1;Stanislav;1435665335597;3G;HSPA;1;250;1;100;65539957;389;-57
922;Крестовский остров 2;Stanislav;1435665354964;3G;HSPA;1;250;1;100;65569957;389;-77
922;Крестовский остров 2;Stanislav;1435665354964;3G;HSPA;250-1-100-65569957;-1;-1;-1;-1;389;-91
923;Крестовский остров 3;Stanislav;1435665379543;3G;HSPA;1;250;1;100;65569957;389;-73
923;Крестовский остров 3;Stanislav;1435665379543;3G;HSPA;250-1-100-65569957;-1;-1;-1;-1;389;-77
924;Крестовский остров 4;Stanislav;1435665391553;3G;HSPA;1;250;1;100;65569957;389;-85
924;Крестовский остров 4;Stanislav;1435665391553;3G;HSPA;250-1-100-65569957;-1;-1;-1;-1;389;-79
931;Старая деревня 1;Stanislav;1435665520224;3G;HSPA;1;250;1;100;65569967;505;-73
931;Старая деревня 1;Stanislav;1435665520224;3G;HSPA;250-1-100-65569967;-1;-1;-1;-1;505;-73
932;Старая деревня 2;Stanislav;1435665539757;3G;HSPA;1;250;1;100;65569967;505;-91
932;Старая деревня 2;Stanislav;1435665539757;3G;HSPA;250-1-100-65569967;-1;-1;-1;-1;505;-89
933;Старая деревня 3;Stanislav;1435665570978;3G;HSPA;1;250;1;100;65569967;505;-79
933;Старая деревня 3;Stanislav;1435665570978;3G;HSPA;250-1-100-65569967;-1;-1;-1;-1;505;-79
934;Старая деревня 4;Stanislav;1435665583599;3G;HSPA;1;250;1;100;65569967;505;-79
934;Старая деревня 4;Stanislav;1435665583599;3G;HSPA;250-1-100-65569967;-1;-1;-1;-1;505;-83
941;Комендантский проспект 1;Stanislav;1435665738432;3G;HSPA;1;250;1;100;65570147;500;-85
942;Комендантский проспект 2;Stanislav;1435665753000;3G;HSPA;1;250;1;100;65570147;500;-75
942;Комендантский проспект 2;Stanislav;1435665753000;3G;HSPA;250-1-100-65570147;-1;-1;-1;-1;500;-75
