ID;Name;User;TimeStamp;Type;Accel_X;Accel_Y;Accel_Z;Azimuth;Pitch;Roll;Magnetic_X;Magnetic_Y;Magnetic_Z;Gyro_X;Gyro_Y;Gyro_Z;GPS_Lat;GPS_Lon;GPS_Alt;GPS_Accuracy;GPS_Speed;GPS_Bearing
833;Международная 3;Stanislav;1435664029333;Raw;-0.5491724;6.1193495;8.472945;114.203125;-35.640625;-1.84375;-49.25;-5.8125;38.4375;NaN;NaN;NaN;NaN;NaN;NaN;NaN;NaN;NaN
834;Международная 4;Stanislav;1435664039346;Raw;0.4707192;5.7270837;8.747532;148.92188;-32.484375;2.484375;-36.875;-2.4375;148.1875;NaN;NaN;NaN;NaN;NaN;NaN;NaN;NaN;NaN
841;Бухарестская 1;Stanislav;1435664121131;Raw;1.1375713;3.9226599;9.492837;92.53125;-17.5625;6.53125;-66.875;-29.1875;-67.75;NaN;NaN;NaN;NaN;NaN;NaN;NaN;NaN;NaN
842;Бухарестская 2;Stanislav;1435664141373;Raw;-0.4314926;3.6088471;9.45361;95.546875;-17.0;2.046875;-65.6875;-29.0;-74.875;NaN;NaN;NaN;NaN;NaN;NaN;NaN;NaN;NaN
843;Бухарестская 3;Stanislav;1435664161427;Raw;-0.0784532;4.5502853;9.492837;77.46875;-25.640625;-0.359375;-65.1875;-32.0625;-115.25;NaN;NaN;NaN;NaN;NaN;NaN;NaN;NaN;NaN
844;Бухарестская 4;Stanislav;1435664171352;Raw;0.5491724;2.941995;10.787314;299.8125;-15.203125;2.796875;17.875;13.375;6.25;NaN;NaN;NaN;NaN;NaN;NaN;NaN;NaN;NaN
851;Волковская 1;Stanislav;1435664261223;Raw;4.864098;2.1182363;10.120462;112.453125;-10.6875;24.703125;0.3125;-1.6875;120.9375;NaN;NaN;NaN;NaN;NaN;NaN;NaN;NaN;NaN
852;Волковская 2;Stanislav;1435664279769;Raw;3.0989013;3.5303938;8.982891;117.90625;-13.578125;23.90625;10.875;1.9375;115.75;NaN;NaN;NaN;NaN;NaN;NaN;NaN;NaN;NaN
853;Волковская 3;Stanislav;1435664304867;Raw;3.0989013;3.726527;8.982891;152.10938;-22.234375;16.578125;6.0;-22.5;125.5;NaN;NaN;NaN;NaN;NaN;NaN;NaN;NaN;NaN
854;Волковская 4;Stanislav;1435664316262;Raw;2.5497289;3.8442068;9.767424;157.23438;-20.828125;13.640625;15.9375;-27.0625;213.3125;NaN;NaN;NaN;NaN;NaN;NaN;NaN;NaN;NaN
861;Обводный канал 1;Stanislav;1435664413229;Raw;4.001113;3.0596747;9.139797;87.21875;-18.46875;22.171875;12.875;27.6875;82.25;NaN;NaN;NaN;NaN;NaN;NaN;NaN;NaN;NaN
862;Обводный канал 2;Stanislav;1435664432248;Raw;4.3541527;3.0204482;9.257478;96.109375;-16.390625;18.640625;6.8125;21.3125;86.375;NaN;NaN;NaN;NaN;NaN;NaN;NaN;NaN;NaN
863;Обводный канал 3;Stanislav;1435664452803;Raw;1.5298374;4.511059;9.335931;188.39063;-25.484375;8.390625;16.1875;8.625;67.25;NaN;NaN;NaN;NaN;NaN;NaN;NaN;NaN;NaN
864;Обводный канал 4;Stanislav;1435664463516;Raw;2.2359161;4.4718323;9.257478;298.82813;-23.140625;10.46875;51.1875;-9.75;-100.5;NaN;NaN;NaN;NaN;NaN;NaN;NaN;NaN;NaN
871;Звенигородская 1;Stanislav;1435664570509;Raw;3.4519408;3.412714;9.375157;61.25;-20.3125;19.6875;-37.875;9.25;-9.25;NaN;NaN;NaN;NaN;NaN;NaN;NaN;NaN;NaN
872;Звенигородская 2;Stanislav;1435664589029;Raw;3.0204482;3.334261;9.375157;104.265625;-20.859375;13.5;-50.75;-25.375;-43.1875;NaN;NaN;NaN;NaN;NaN;NaN;NaN;NaN;NaN
873;Звенигородская 3;Stanislav;1435664618636;Raw;1.6082906;4.118793;9.80665;179.10938;-19.625;12.203125;25.125;-3.625;13.8125;NaN;NaN;NaN;NaN;NaN;NaN;NaN;NaN;NaN
874;Звенигородская 4;Stanislav;1435664631912;Raw;2.7066352;3.334261;9.5320635;266.59375;-17.890625;16.953125;30.4375;6.5625;25.875;NaN;NaN;NaN;NaN;NaN;NaN;NaN;NaN;NaN
881;Садовая 1;Stanislav;1435664714940;Raw;1.2552512;3.4911673;9.885103;120.3125;-21.46875;9.375;-40.375;-32.6875;-11.5;NaN;NaN;NaN;NaN;NaN;NaN;NaN;NaN;NaN
882;Садовая 2;Stanislav;1435664731766;Raw;0.2353596;3.3734875;10.159689;98.84375;-19.21875;1.875;-43.4375;-17.3125;-34.1875;NaN;NaN;NaN;NaN;NaN;NaN;NaN;NaN;NaN
883;Садовая 3;Stanislav;1435664761876;Raw;0.1176798;4.2364726;9.610517;112.09375;-22.625;-0.8125;-40.875;-28.0;-15.9375;NaN;NaN;NaN;NaN;NaN;NaN;NaN;NaN;NaN
884;Садовая 4;Stanislav;1435664772966;Raw;1.1375713;3.0989013;9.414384;109.171875;-18.0625;6.5;-41.4375;-24.125;-45.0;NaN;NaN;NaN;NaN;NaN;NaN;NaN;NaN;NaN
891;Адмиралтейская 1;Stanislav;1435664846995;Raw;4.4326057;3.0596747;8.825985;37.421875;-17.1875;25.359375;-40.75;14.0625;-32.625;NaN;NaN;NaN;NaN;NaN;NaN;NaN;NaN;NaN
892;Адмиралтейская 2;Stanislav;1435664862218;Raw;2.8635418;3.9226599;9.022118;69.734375;-22.453125;16.21875;-34.1875;-2.5625;-26.625;NaN;NaN;NaN;NaN;NaN;NaN;NaN;NaN;NaN
893;Адмиралтейская 3;Stanislav;1435664886371;Raw;1.8436501;3.5696206;9.492837;100.546875;-17.5625;8.96875;-25.5;-7.5;8.4375;NaN;NaN;NaN;NaN;NaN;NaN;NaN;NaN;NaN
894;Адмиралтейская 4;Stanislav;1435664902014;Raw;2.353596;3.216581;9.963556;104.625;-17.4375;12.640625;-29.5;-10.25;2.5;NaN;NaN;NaN;NaN;NaN;NaN;NaN;NaN;NaN
901;Спортивная 1;Stanislav;1435665037002;Raw;1.8044236;3.4911673;9.492837;86.40625;-19.875;10.09375;-35.625;-11.9375;-27.5;NaN;NaN;NaN;NaN;NaN;NaN;NaN;NaN;NaN
902;Спортивная 2;Stanislav;1435665053920;Raw;0.6276256;4.785645;8.904438;108.171875;-23.625;2.09375;-43.25;-32.6875;-52.375;NaN;NaN;NaN;NaN;NaN;NaN;NaN;NaN;NaN
903;Спортивная 3;Stanislav;1435665077940;Raw;-0.0784532;3.80498;9.728196;81.390625;-25.4375;0.140625;-31.125;-23.5625;-81.75;NaN;NaN;NaN;NaN;NaN;NaN;NaN;NaN;NaN
904;Спортивная 4;Stanislav;1435665088566;Raw;1.0983448;3.9618864;9.45361;46.75;-22.546875;6.078125;-37.125;-11.5625;-97.5625;NaN;NaN;NaN;NaN;NaN;NaN;NaN;NaN;NaN
911;Чкаловская 1;Stanislav;1435665146707;Raw;3.9226599;2.8635418;9.728196;31.59375;-8.359375;19.484375;-31.875;18.875;-34.75;NaN;NaN;NaN;NaN;NaN;NaN;NaN;NaN;NaN
912;Чкаловская 2;Stanislav;1435665165096;Raw;3.0596747;2.9812214;8.472945;36.828125;-14.1875;15.890625;-35.0;10.1875;-55.4375;NaN;NaN;NaN;NaN;NaN;NaN;NaN;NaN;NaN
913;Чкаловская 3;Stanislav;1435665190803;Raw;1.4121575;3.726527;9.257478;15.890625;-24.765625;8.796875;-22.9375;19.25;-82.1875;NaN;NaN;NaN;NaN;NaN;NaN;NaN;NaN;NaN
914;Чкаловская 4;Stanislav;1435665201161;Raw;2.0005565;3.8834333;8.1983595;5.125;-11.234375;6.875;-21.3125;13.125;-135.75;NaN;NaN;NaN;NaN;NaN;NaN;NaN;NaN;NaN
921;Крестовский остров 1;Stanislav;1435665335597;Raw;3.6480737;3.6480737;9.80665;93.34375;-15.953125;16.59375;-39.5;-17.9375;-44.3125;NaN;NaN;NaN;NaN;NaN;NaN;NaN;NaN;NaN
922;Крестовский остров 2;Stanislav;1435665354964;Raw;2.1966896;3.2950344;10.1989155;63.265625;-17.46875;11.578125;-35.1875;5.375;-27.625;NaN;NaN;NaN;NaN;NaN;NaN;NaN;NaN;NaN
923;Крестовский остров 3;Stanislav;1435665379543;Raw;1.8828768;3.216581;9.80665;31.5625;-18.296875;14.15625;-37.0;10.875;-77.875;NaN;NaN;NaN;NaN;NaN;NaN;NaN;NaN;NaN
924;Крестовский остров 4;Stanislav;1435665391553;Raw;3.8442068;3.726527;8.786758;27.53125;-21.71875;21.0;-34.9375;11.3125;-56.375;NaN;NaN;NaN;NaN;NaN;NaN;NaN;NaN;NaN
931;Старая деревня 1;Stanislav;1435665520224;Raw;1.4906107;4.903325;8.904438;102.859375;-28.515625;8.3125;-41.4375;-25.3125;-40.3125;NaN;NaN;NaN;NaN;NaN;NaN;NaN;NaN;NaN
932;Старая деревня 2;Stanislav;1435665539757;Raw;-0.39226598;6.158576;8.8652115;114.828125;-34.125;3.25;-39.3125;-50.875;-43.125;NaN;NaN;NaN;NaN;NaN;NaN;NaN;NaN;NaN
933;Старая деревня 3;Stanislav;1435665570978;Raw;0.19613299;5.570177;9.296704;109.671875;-30.21875;3.609375;-38.0625;-40.25;-48.875;NaN;NaN;NaN;NaN;NaN;NaN;NaN;NaN;NaN
934;Старая деревня 4;Stanislav;1435665583599;Raw;0.2745862;4.903325;8.904438;99.46875;-29.03125;1.484375;-37.875;-27.25;-38.6875;NaN;NaN;NaN;NaN;NaN;NaN;NaN;NaN;NaN
941;Комендантский проспект 1;Stanislav;1435665738432;Raw;1.1375713;7.0607877;7.6884136;55.34375;-41.484375;5.46875;-71.75;48.6875;-11.75;NaN;NaN;NaN;NaN;NaN;NaN;NaN;NaN;NaN
942;Комендантский проспект 2;Stanislav;1435665753000;Raw;0.3138128;5.76631;9.061344;69.140625;-31.71875;0.140625;-73.75;6.0625;-31.625;NaN;NaN;NaN;NaN;NaN;NaN;NaN;NaN;NaN
