ID;Name;User;TimeStamp;NetworkGen;NetworkType;Active;MCC;MNC;LAC;CID;PSC;Power
1013;Академическая 3;md;1418216276830;2G;EDGE;1;250;1;770;543;-1;-69
1014;Академическая 4;md;1418216291031;2G;EDGE;1;250;1;770;543;-1;-77
1001;Ленинский проспект 1;md;1418216417875;unknown;unknown;1;-1;-1;-1;-1;-1;-1
1002;Ленинский проспект 2;md;1418216433908;unknown;unknown;1;-1;-1;-1;-1;-1;-1
1003;Ленинский проспект 3;md;1418216464330;2G;EDGE;1;250;1;770;543;-1;-67
1004;Ленинский проспект 4;md;1418216478411;2G;EDGE;1;250;1;770;543;-1;-73
991;Шаболовская 1;md;1418216615820;2G;EDGE;1;250;1;770;543;-1;-83
992;Шаболовская 2;md;1418216631530;2G;EDGE;1;250;1;770;543;-1;-59
993;Шаболовская 3;md;1418216664455;2G;EDGE;1;250;1;770;543;-1;-63
994;Шаболовская 4;md;1418216677968;2G;EDGE;1;250;1;770;543;-1;-67
