ID;Name;User;TimeStamp;NetworkGen;NetworkType;Active;MCC;MNC;LAC;CID;PSC;Power
873;Бабушкинская 3;Andrey;1435841566202;2G;EDGE;1;250;2;7719;124;-1;-65
874;Бабушкинская 4;Andrey;1435841576061;2G;EDGE;1;250;2;7719;124;-1;-57
881;Свиблово 1;Andrey;1435841707386;2G;EDGE;1;250;2;7734;1250;-1;-53
882;Свиблово 2;Andrey;1435841719436;2G;EDGE;1;250;2;7734;1250;-1;-69
883;Свиблово 3;Andrey;1435841739335;2G;EDGE;1;250;2;7734;1250;-1;-71
884;Свиблово 4;Andrey;1435841749407;2G;EDGE;1;250;2;7734;1250;-1;-67
891;Ботанический сад 1;Andrey;1435841833540;2G;EDGE;1;250;2;7734;1260;-1;-55
892;Ботанический сад 2;Andrey;1435841847890;2G;EDGE;1;250;2;7734;1260;-1;-65
893;Ботанический сад 3;Andrey;1435841870390;2G;EDGE;1;250;2;7734;1260;-1;-61
894;Ботанический сад 4;Andrey;1435841881106;2G;EDGE;1;250;2;7734;1260;-1;-59
901;ВДНХ 1;Andrey;1435842054216;2G;EDGE;1;250;2;7763;720;-1;-57
902;ВДНХ 2;Andrey;1435842068111;2G;EDGE;1;250;2;7763;720;-1;-71
903;ВДНХ 3;Andrey;1435842085981;2G;EDGE;1;250;2;7763;720;-1;-75
904;ВДНХ 4;Andrey;1435842095686;2G;EDGE;1;250;2;7763;720;-1;-73
911;Алексеевская 1;Andrey;1435842169379;2G;EDGE;1;250;2;7763;1270;-1;-51
912;Алексеевская 2;Andrey;1435842185399;2G;EDGE;1;250;2;7763;1270;-1;-59
913;Алексеевская 3;Andrey;1435842209325;2G;EDGE;1;250;2;7763;1270;-1;-65
914;Алексеевская 4;Andrey;1435842218821;2G;EDGE;1;250;2;7763;1270;-1;-67
921;Рижская 1;Andrey;1435842314325;2G;EDGE;1;250;2;7763;1280;-1;-59
922;Рижская 2;Andrey;1435842329917;2G;EDGE;1;250;2;7763;1280;-1;-63
923;Рижская 3;Andrey;1435842348399;2G;EDGE;1;250;2;7763;1280;-1;-59
924;Рижская 4;Andrey;1435842357633;2G;EDGE;1;250;2;7763;1280;-1;-65
931;Проспект Мира (КРЛ) 1;Andrey;1435842451413;2G;EDGE;1;250;2;7763;270;-1;-59
932;Проспект Мира (КРЛ) 2;Andrey;1435842466955;2G;EDGE;1;250;2;7763;270;-1;-63
683;Новослободская 3;Andrey;1435842924519;2G;EDGE;1;250;2;7763;250;-1;-75
684;Новослободская 4;Andrey;1435842936718;2G;EDGE;1;250;2;7763;250;-1;-69
691;Проспект Мира (КЛЦ) 1;Andrey;1435843028693;2G;EDGE;1;250;2;7763;275;-1;-63
692;Проспект Мира (КЛЦ) 2;Andrey;1435843041159;2G;EDGE;1;250;2;7763;275;-1;-73
693;Проспект Мира (КЛЦ) 3;Andrey;1435843136978;2G;EDGE;1;250;2;7763;275;-1;-69
694;Проспект Мира (КЛЦ) 4;Andrey;1435843148737;2G;EDGE;1;250;2;7763;275;-1;-81
681;Новослободская 1;Andrey;1435843237214;2G;EDGE;1;250;2;7763;250;-1;-57
682;Новослободская 2;Andrey;1435843249830;2G;EDGE;1;250;2;7763;250;-1;-59
683;Новослободская 3;Andrey;1435843291218;2G;EDGE;1;250;2;7763;250;-1;-79
684;Новослободская 4;Andrey;1435843302191;2G;EDGE;1;250;2;7763;250;-1;-83
691;Проспект Мира (КЛЦ) 1;Andrey;1435843393549;2G;EDGE;1;250;2;7763;275;-1;-65
692;Проспект Мира (КЛЦ) 2;Andrey;1435843407137;2G;EDGE;1;250;2;7763;275;-1;-77
693;Проспект Мира (КЛЦ) 3;Andrey;1435843480652;2G;EDGE;1;250;2;7763;275;-1;-89
694;Проспект Мира (КЛЦ) 4;Andrey;1435843493414;2G;EDGE;1;250;2;7763;275;-1;-95
681;Новослободская 1;Andrey;1435843592289;2G;EDGE;1;250;2;7763;250;-1;-77
682;Новослободская 2;Andrey;1435843599842;2G;EDGE;1;250;2;7763;250;-1;-71
1373;Менделеевская 3;Andrey;1435844002586;2G;EDGE;1;250;2;7763;240;-1;-77
1374;Менделеевская 4;Andrey;1435844015898;2G;EDGE;1;250;2;7763;240;-1;-73
1361;Савеловская 1;Andrey;1435844090090;2G;EDGE;1;250;2;7763;420;-1;-67
1362;Савеловская 2;Andrey;1435844097877;2G;EDGE;1;250;2;7763;420;-1;-57
1363;Савеловская 3;Andrey;1435844125635;2G;EDGE;1;250;2;7763;420;-1;-55
1364;Савеловская 4;Andrey;1435844139168;2G;EDGE;1;250;2;7763;420;-1;-61
1351;Дмитровская 1;Andrey;1435844215379;2G;EDGE;1;250;2;7788;840;-1;-61
1352;Дмитровская 2;Andrey;1435844224944;2G;EDGE;1;250;2;7788;840;-1;-61
1353;Дмитровская 3;Andrey;1435844245441;2G;EDGE;1;250;2;7788;840;-1;-67
1354;Дмитровская 4;Andrey;1435844259212;2G;EDGE;1;250;2;7788;840;-1;-69
1341;Тимирязевская 1;Andrey;1435844316309;2G;EDGE;1;250;2;7788;800;-1;-75
1342;Тимирязевская 2;Andrey;1435844328064;2G;EDGE;1;250;2;7788;800;-1;-65
1343;Тимирязевская 3;Andrey;1435844370592;2G;EDGE;1;250;2;7788;800;-1;-65
1344;Тимирязевская 4;Andrey;1435844384334;2G;EDGE;1;250;2;7788;800;-1;-65
1331;Петровско-Разумовская 1;Andrey;1435844505527;2G;EDGE;1;250;2;7788;830;-1;-71
1332;Петровско-Разумовская 2;Andrey;1435844517354;2G;EDGE;1;250;2;7788;830;-1;-61
1333;Петровско-Разумовская 3;Andrey;1435844567999;2G;EDGE;1;250;2;7788;830;-1;-67
1334;Петровско-Разумовская 4;Andrey;1435844583381;2G;EDGE;1;250;2;7788;830;-1;-67
1321;Владыкино 1;Andrey;1435844691213;2G;EDGE;1;250;2;7737;1230;-1;-61
1322;Владыкино 2;Andrey;1435844702806;2G;EDGE;1;250;2;7737;1230;-1;-57
1323;Владыкино 3;Andrey;1435844728724;2G;EDGE;1;250;2;7737;1230;-1;-65
1324;Владыкино 4;Andrey;1435844741823;2G;EDGE;1;250;2;7737;1230;-1;-63
1311;Отрадное 1;Andrey;1435844891723;2G;EDGE;1;250;2;7741;950;-1;-63
1312;Отрадное 2;Andrey;1435844902056;2G;EDGE;1;250;2;7741;950;-1;-61
1313;Отрадное 3;Andrey;1435844936905;2G;EDGE;1;250;2;7741;950;-1;-67
1314;Отрадное 4;Andrey;1435844950939;2G;EDGE;1;250;2;7741;950;-1;-67
1301;Бибирево 1;Andrey;1435845080021;2G;GPRS;1;250;99;26627;57896;-1;-75
1302;Бибирево 2;Andrey;1435845093695;2G;EDGE;1;250;2;7741;1220;-1;-77
1303;Бибирево 3;Andrey;1435845119225;2G;EDGE;1;250;2;7741;1220;-1;-63
1304;Бибирево 4;Andrey;1435845134332;2G;EDGE;1;250;2;7741;1220;-1;-65
1291;Алтуфьево 1;Andrey;1435845232180;2G;EDGE;1;250;2;7741;890;-1;-69
1292;Алтуфьево 2;Andrey;1435845246806;2G;EDGE;1;250;2;7741;890;-1;-57
1293;Алтуфьево 3;Andrey;1435845293012;2G;EDGE;1;250;2;7741;890;-1;-63
1294;Алтуфьево 4;Andrey;1435845304511;2G;EDGE;1;250;2;7741;890;-1;-61
1301;Бибирево 1;Andrey;1435845405601;2G;EDGE;1;250;2;7741;1220;-1;-53
1302;Бибирево 2;Andrey;1435845421254;2G;EDGE;1;250;2;7741;1220;-1;-61
1303;Бибирево 3;Andrey;1435845443131;2G;EDGE;1;250;2;7741;1220;-1;-67
1304;Бибирево 4;Andrey;1435845454743;2G;EDGE;1;250;2;7741;1220;-1;-59
1311;Отрадное 1;Andrey;1435845579084;2G;EDGE;1;250;2;7741;950;-1;-65
1312;Отрадное 2;Andrey;1435845599720;2G;EDGE;1;250;2;7741;950;-1;-69
1313;Отрадное 3;Andrey;1435845616584;2G;EDGE;1;250;2;7741;950;-1;-65
1314;Отрадное 4;Andrey;1435845629625;2G;EDGE;1;250;2;7741;950;-1;-63
1321;Владыкино 1;Andrey;1435845733173;2G;EDGE;1;250;2;7737;1230;-1;-67
1322;Владыкино 2;Andrey;1435845746577;2G;EDGE;1;250;2;7737;1230;-1;-67
1323;Владыкино 3;Andrey;1435845772148;2G;EDGE;1;250;2;7737;1230;-1;-67
1324;Владыкино 4;Andrey;1435845782728;2G;EDGE;1;250;2;7737;1230;-1;-61
1331;Петровско-Разумовская 1;Andrey;1435845924582;2G;EDGE;1;250;2;7788;830;-1;-71
1332;Петровско-Разумовская 2;Andrey;1435845938084;2G;EDGE;1;250;2;7788;830;-1;-67
1333;Петровско-Разумовская 3;Andrey;1435845964118;2G;EDGE;1;250;2;7788;830;-1;-65
1334;Петровско-Разумовская 4;Andrey;1435845975865;2G;EDGE;1;250;2;7788;830;-1;-63
1341;Тимирязевская 1;Andrey;1435846077944;2G;EDGE;1;250;2;7788;800;-1;-61
1342;Тимирязевская 2;Andrey;1435846091950;2G;EDGE;1;250;2;7788;800;-1;-63
1343;Тимирязевская 3;Andrey;1435846112461;2G;EDGE;1;250;2;7788;800;-1;-61
1344;Тимирязевская 4;Andrey;1435846124868;2G;EDGE;1;250;2;7788;800;-1;-61
1351;Дмитровская 1;Andrey;1435846191732;2G;EDGE;1;250;2;7788;840;-1;-67
1352;Дмитровская 2;Andrey;1435846204170;2G;EDGE;1;250;2;7788;840;-1;-71
1353;Дмитровская 3;Andrey;1435846227231;2G;EDGE;1;250;2;7788;840;-1;-65
1354;Дмитровская 4;Andrey;1435846240177;2G;EDGE;1;250;2;7788;840;-1;-59
1361;Савеловская 1;Andrey;1435846326326;2G;EDGE;1;250;2;7763;420;-1;-59
1362;Савеловская 2;Andrey;1435846346706;2G;EDGE;1;250;2;7763;420;-1;-79
1363;Савеловская 3;Andrey;1435846371852;2G;EDGE;1;250;2;7763;420;-1;-73
1364;Савеловская 4;Andrey;1435846386435;2G;EDGE;1;250;2;7763;420;-1;-71
1371;Менделеевская 1;Andrey;1435846487695;2G;EDGE;1;250;2;7763;240;-1;-75
1372;Менделеевская 2;Andrey;1435846505814;2G;EDGE;1;250;2;7763;240;-1;-77
683;Новослободская 3;Andrey;1435846813026;2G;GPRS;1;250;2;7799;-1;-1;-73
684;Новослободская 4;Andrey;1435846824240;2G;GPRS;1;250;2;7799;-1;-1;-77
671;Белорусская (КЛЦ) 1;Andrey;1435846891702;3G;HSDPA;1;250;2;7743;10251680;-1;-89
672;Белорусская (КЛЦ) 2;Andrey;1435846903956;3G;HSDPA;1;250;2;7743;10251680;-1;-83
353;Белорусская (ЗАМ) 3;Andrey;1435847239794;3G;HSDPA;1;250;2;7743;10225478;-1;-89
354;Белорусская (ЗАМ) 4;Andrey;1435847252721;3G;HSDPA;1;250;2;7743;10225478;-1;-95
361;Динамо 1;Andrey;1435847362341;3G;HSDPA;1;250;2;7743;10225226;-1;-79
362;Динамо 2;Andrey;1435847374035;3G;HSDPA;1;250;2;7743;10251692;-1;-85
363;Динамо 3;Andrey;1435847395518;3G;HSDPA;1;250;2;7743;10225226;-1;-89
364;Динамо 4;Andrey;1435847405385;3G;HSDPA;1;250;2;7743;10251692;-1;-85
371;Аэропорт 1;Andrey;1435847521131;2G;EDGE;1;250;2;7743;500;-1;-61
372;Аэропорт 2;Andrey;1435847540366;2G;EDGE;1;250;2;7743;500;-1;-67
373;Аэропорт 3;Andrey;1435847562801;3G;HSDPA;1;250;2;7743;10273621;-1;-87
374;Аэропорт 4;Andrey;1435847574682;3G;HSDPA;1;250;2;7743;10273621;-1;-91
381;Сокол 1;Andrey;1435847643666;2G;GPRS;1;250;99;26801;49545;-1;-63
382;Сокол 2;Andrey;1435847658709;2G;GPRS;1;250;99;26801;49545;-1;-59
383;Сокол 3;Andrey;1435847682251;2G;GPRS;1;250;99;26801;49545;-1;-73
384;Сокол 4;Andrey;1435847695770;2G;GPRS;1;250;99;26801;49545;-1;-73
391;Войковская 1;Andrey;1435847831575;3G;HSDPA;1;250;2;7764;10945247;-1;-95
392;Войковская 2;Andrey;1435847837435;3G;HSDPA;1;250;2;7764;730;-1;-93
393;Войковская 3;Andrey;1435847858280;2G;EDGE;1;250;2;7764;730;-1;-81
394;Войковская 4;Andrey;1435847870713;3G;HSDPA;1;250;2;7764;10945247;-1;-73
401;Водный стадион 1;Andrey;1435848006152;3G;HSDPA;1;250;2;7764;10978599;-1;-67
402;Водный стадион 2;Andrey;1435848024386;3G;HSDPA;1;250;2;7764;10978599;-1;-75
403;Водный стадион 3;Andrey;1435848052362;3G;HSDPA;1;250;2;7764;10978599;-1;-93
404;Водный стадион 4;Andrey;1435848065234;3G;HSDPA;1;250;2;7764;10978599;-1;-89
411;Речной вокзал 1;Andrey;1435848179560;3G;HSDPA;1;250;2;7764;10978699;-1;-79
412;Речной вокзал 2;Andrey;1435848193428;3G;HSDPA;1;250;2;7764;10978699;-1;-79
413;Речной вокзал 3;Andrey;1435848241333;3G;HSDPA;1;250;2;7764;10978699;-1;-77
414;Речной вокзал 4;Andrey;1435848253066;3G;HSDPA;1;250;2;7764;10944992;-1;-81
401;Водный стадион 1;Andrey;1435848340709;3G;HSDPA;1;250;2;7764;10978599;-1;-97
402;Водный стадион 2;Andrey;1435848356323;3G;HSDPA;1;250;2;7764;10978599;-1;-87
403;Водный стадион 3;Andrey;1435848374936;3G;HSDPA;1;250;2;7764;10978599;-1;-95
391;Войковская 1;Andrey;1435848517445;3G;HSDPA;1;250;2;7764;10945247;-1;-65
392;Войковская 2;Andrey;1435848530321;3G;HSDPA;1;250;2;7764;730;-1;-83
393;Войковская 3;Andrey;1435848556178;2G;EDGE;1;250;2;7764;730;-1;-81
394;Войковская 4;Andrey;1435848568480;2G;EDGE;1;250;2;7764;730;-1;-67
381;Сокол 1;Andrey;1435848700208;2G;GPRS;1;250;99;26801;49546;-1;-69
382;Сокол 2;Andrey;1435848713996;2G;GPRS;1;250;99;26801;49545;-1;-77
383;Сокол 3;Andrey;1435848737602;2G;GPRS;1;250;99;26801;49545;-1;-67
384;Сокол 4;Andrey;1435848749704;2G;GPRS;1;250;99;26801;49545;-1;-69
371;Аэропорт 1;Andrey;1435848830528;2G;EDGE;1;250;2;7743;500;-1;-77
372;Аэропорт 2;Andrey;1435848842543;2G;EDGE;1;250;2;7743;500;-1;-79
373;Аэропорт 3;Andrey;1435848868067;3G;HSDPA;1;250;2;7743;10273621;-1;-87
374;Аэропорт 4;Andrey;1435848880956;3G;HSDPA;1;250;2;7743;10273621;-1;-85
361;Динамо 1;Andrey;1435849112225;2G;EDGE;1;250;2;7743;540;-1;-65
362;Динамо 2;Andrey;1435849123068;3G;HSDPA;1;250;2;7743;10225226;-1;-91
363;Динамо 3;Andrey;1435849155118;3G;HSDPA;1;250;2;7743;10251692;-1;-85
364;Динамо 4;Andrey;1435849166918;3G;HSDPA;1;250;2;7743;10225226;-1;-87
351;Белорусская (ЗАМ) 1;Andrey;1435849278343;3G;HSDPA;1;250;2;7743;10251679;-1;-95
352;Белорусская (ЗАМ) 2;Andrey;1435849292109;3G;HSDPA;1;250;2;7743;10251679;-1;-91
353;Белорусская (ЗАМ) 3;Andrey;1435849324929;2G;EDGE;1;250;2;7736;230;-1;-87
354;Белорусская (ЗАМ) 4;Andrey;1435849339297;2G;EDGE;1;250;2;7736;230;-1;-93
341;Маяковская 1;Andrey;1435849409644;3G;HSDPA;1;250;2;7736;10335152;-1;-85
342;Маяковская 2;Andrey;1435849422477;3G;HSDPA;1;250;2;7736;10335152;-1;-87
343;Маяковская 3;Andrey;1435849455482;3G;HSDPA;1;250;2;7736;10335152;-1;-91
344;Маяковская 4;Andrey;1435849467520;3G;HSDPA;1;250;2;7736;460;-1;-89
332;Тверская 2;Andrey;1435849532570;2G;EDGE;1;250;2;7736;50;-1;-73
333;Тверская 3;Andrey;1435849566711;2G;EDGE;1;250;2;7736;50;-1;-75
334;Тверская 4;Andrey;1435849580633;2G;EDGE;1;250;2;7736;50;-1;-81
321;Театральная 1;Andrey;1435849655364;2G;EDGE;1;250;2;7736;11861;-1;-73
322;Театральная 2;Andrey;1435849666797;2G;EDGE;1;250;2;7736;11861;-1;-81
323;Театральная 3;Andrey;1435849696936;2G;EDGE;1;250;2;7736;11861;-1;-91
324;Театральная 4;Andrey;1435849708927;2G;EDGE;1;250;2;7736;11861;-1;-97
311;Новокузнецкая 1;Andrey;1435849846723;2G;EDGE;1;250;2;7736;72;-1;-89
312;Новокузнецкая 2;Andrey;1435849861350;2G;EDGE;1;250;2;7736;72;-1;-91
-1;новокузне;Andrey;1435849880193;2G;EDGE;1;250;2;7736;72;-1;-85
22;Черкизовская 2;Andrey;1435849884090;2G;EDGE;1;250;2;7736;72;-1;-81
