ID;Name;User;TimeStamp;NetworkGen;NetworkType;Active;MCC;MNC;LAC;CID;PSC;Power
233;Купчино 3;Stanislav;1432747245533;2G;EDGE;1;250;1;218;2316;-1;-97
233;Купчино 3;Stanislav;1432747245533;2G;EDGE;250-1-218-2316;250;1;218;2593;-1;-83
233;Купчино 3;Stanislav;1432747245533;2G;EDGE;250-1-218-2316;250;1;326;14241;-1;-95
233;Купчино 3;Stanislav;1432747245533;2G;EDGE;250-1-218-2316;250;1;218;2313;-1;-89
233;Купчино 3;Stanislav;1432747245533;2G;EDGE;250-1-218-2316;250;1;218;2312;-1;-93
233;Купчино 3;Stanislav;1432747245533;2G;EDGE;250-1-218-2316;250;1;218;2316;-1;-91
233;Купчино 3;Stanislav;1432747245533;2G;EDGE;250-1-218-2316;250;1;218;2315;-1;-95
234;Купчино 4;Stanislav;1432747260352;2G;EDGE;1;250;1;218;2593;-1;-101
234;Купчино 4;Stanislav;1432747260352;2G;EDGE;250-1-218-2593;250;1;218;2593;-1;-85
234;Купчино 4;Stanislav;1432747260352;2G;EDGE;250-1-218-2593;250;1;218;2313;-1;-93
234;Купчино 4;Stanislav;1432747260352;2G;EDGE;250-1-218-2593;250;1;218;2596;-1;-93
234;Купчино 4;Stanislav;1432747260352;2G;EDGE;250-1-218-2593;-1;-1;-1;-1;-1;-93
234;Купчино 4;Stanislav;1432747260352;2G;EDGE;250-1-218-2593;-1;-1;-1;-1;-1;-95
241;Звёздная 1;Stanislav;1432747358623;unknown;unknown;1;250;2;7803;8296322;4;-79
242;Звёздная 2;Stanislav;1432747373462;unknown;unknown;1;250;2;7803;8296322;4;-51
243;Звёздная 3;Stanislav;1432747404266;3G;HSPA;1;250;1;100;65539797;500;-73
244;Звёздная 4;Stanislav;1432747410812;3G;HSPA;1;250;1;100;65539797;500;-69
251;Московская 1;Stanislav;1432747576131;unknown;unknown;1;250;2;7803;8317840;21;-61
252;Московская 2;Stanislav;1432747595111;3G;HSPA;1;250;1;100;65570127;-1;-103
253;Московская 3;Stanislav;1432747627393;3G;HSPA;1;250;1;100;65570127;-1;-95
253;Московская 3;Stanislav;1432747627393;3G;HSPA;250-1-100-65570127;-1;-1;-1;-1;-1;-99
254;Московская 4;Stanislav;1432747641065;3G;HSPA;1;250;1;100;65570127;-1;-103
254;Московская 4;Stanislav;1432747641065;3G;HSPA;250-1-100-65570127;-1;-1;-1;-1;-1;-103
261;Парк Победы 1;Stanislav;1432747733745;unknown;unknown;1;250;2;7803;8322239;30;-67
262;Парк Победы 2;Stanislav;1432747748841;unknown;unknown;1;250;2;7803;8322239;30;-71
263;Парк Победы 3;Stanislav;1432747781500;3G;HSPA;1;250;1;100;65570117;503;-85
263;Парк Победы 3;Stanislav;1432747781500;3G;HSPA;250-1-100-65570117;-1;-1;-1;-1;503;-85
264;Парк Победы 4;Stanislav;1432747793709;3G;HSPA;1;250;1;100;65570117;503;-77
264;Парк Победы 4;Stanislav;1432747793709;3G;HSPA;250-1-100-65570117;-1;-1;-1;-1;503;-85
271;Электросила 1;Stanislav;1432747865437;3G;HSPA;1;250;1;100;65570107;502;-79
271;Электросила 1;Stanislav;1432747865437;3G;HSPA;250-1-100-65570107;-1;-1;-1;-1;502;-83
272;Электросила 2;Stanislav;1432747879871;3G;HSPA;1;250;1;100;65570107;502;-87
272;Электросила 2;Stanislav;1432747879871;3G;HSPA;250-1-100-65570107;-1;-1;-1;-1;502;-83
273;Электросила 3;Stanislav;1432747900652;3G;HSPA;1;250;1;100;65570107;502;-79
273;Электросила 3;Stanislav;1432747900652;3G;HSPA;250-1-100-65570107;-1;-1;-1;-1;502;-79
274;Электросила 4;Stanislav;1432747910089;3G;HSPA;1;250;1;100;65570107;502;-85
274;Электросила 4;Stanislav;1432747910089;3G;HSPA;250-1-100-65570107;-1;-1;-1;-1;502;-89
281;Московские ворота 1;Stanislav;1432747995732;unknown;unknown;1;250;2;7803;8321911;44;-79
282;Московские ворота 2;Stanislav;1432748013352;3G;HSPA;1;250;1;100;65540097;505;-79
282;Московские ворота 2;Stanislav;1432748013352;3G;HSPA;250-1-100-65540097;-1;-1;-1;-1;505;-85
283;Московские ворота 3;Stanislav;1432748035101;3G;HSPA;1;250;1;100;65570097;505;-83
283;Московские ворота 3;Stanislav;1432748035101;3G;HSPA;250-1-100-65570097;-1;-1;-1;-1;505;-77
284;Московские ворота 4;Stanislav;1432748044871;3G;HSPA;1;250;1;100;65570097;505;-85
284;Московские ворота 4;Stanislav;1432748044871;3G;HSPA;250-1-100-65570097;-1;-1;-1;-1;505;-87
291;Фрунзенская 1;Stanislav;1432748121580;3G;HSPA;1;250;1;100;65540087;501;-79
291;Фрунзенская 1;Stanislav;1432748121580;3G;HSPA;250-1-100-65540087;-1;-1;-1;-1;501;-73
292;Фрунзенская 2;Stanislav;1432748137330;3G;HSPA;1;250;1;100;65540087;501;-83
292;Фрунзенская 2;Stanislav;1432748137330;3G;HSPA;250-1-100-65540087;-1;-1;-1;-1;501;-81
293;Фрунзенская 3;Stanislav;1432748159857;3G;HSPA;1;250;1;100;65540087;501;-89
293;Фрунзенская 3;Stanislav;1432748159857;3G;HSPA;250-1-100-65540087;-1;-1;-1;-1;501;-81
294;Фрунзенская 4;Stanislav;1432748169758;3G;HSPA;1;250;1;100;65540087;501;-93
294;Фрунзенская 4;Stanislav;1432748169758;3G;HSPA;250-1-100-65540087;-1;-1;-1;-1;501;-83
301;Технологический институт (син) 1;Stanislav;1432748240175;3G;HSPA;1;250;1;100;65539618;497;-85
301;Технологический институт (син) 1;Stanislav;1432748240175;3G;HSPA;250-1-100-65539618;-1;-1;-1;-1;497;-77
302;Технологический институт (син) 2;Stanislav;1432748261169;3G;HSPA;1;250;1;100;65539618;497;-83
302;Технологический институт (син) 2;Stanislav;1432748261169;3G;HSPA;250-1-100-65539618;-1;-1;-1;-1;497;-79
303;Технологический институт (син) 3;Stanislav;1432748291320;3G;HSPA;1;250;1;100;65539618;497;-91
303;Технологический институт (син) 3;Stanislav;1432748291320;3G;HSPA;250-1-100-65539618;-1;-1;-1;-1;497;-85
304;Технологический институт (син) 4;Stanislav;1432748302011;3G;HSPA;1;250;1;100;65539618;497;-85
304;Технологический институт (син) 4;Stanislav;1432748302011;3G;HSPA;250-1-100-65539618;-1;-1;-1;-1;497;-85
311;Сенная площадь 1;Stanislav;1432748383330;unknown;unknown;1;250;2;7803;8302847;42;-91
312;Сенная площадь 2;Stanislav;1432748399510;unknown;unknown;1;250;2;7803;8294603;47;-77
