ID;Name;User;TimeStamp;NetworkGen;NetworkType;Active;MCC;MNC;LAC;CID;PSC;RSSI
1013;Академическая 3;bishop;1417189087518;2G;GPRS;1;250;1;770;543;-1;-69
1014;Академическая 4;bishop;1417189099988;2G;GPRS;1;250;1;770;543;-1;-79
1021;Профсоюзная 1;bishop;1417189167996;2G;GPRS;1;250;99;26802;49577;-1;-79
1022;Профсоюзная 2;bishop;1417189182446;2G;EDGE;1;250;1;770;542;-1;-85
1023;Профсоюзная 3;bishop;1417189206100;2G;EDGE;1;250;1;770;542;-1;-93
1024;Профсоюзная 4;bishop;1417189217855;2G;EDGE;1;250;1;770;542;-1;-91
1031;Новые Черемушки 1;bishop;1417189288456;2G;GPRS;1;250;99;26802;49576;-1;-77
1032;Новые Черемушки 2;bishop;1417189303425;2G;EDGE;1;250;1;770;541;-1;-87
1033;Новые Черемушки 3;bishop;1417189327088;2G;EDGE;1;250;1;770;541;-1;-89
1034;Новые Черемушки 4;bishop;1417189338328;2G;EDGE;1;250;1;770;541;-1;-89
1041;Калужская 1;bishop;1417189441749;2G;EDGE;1;250;1;770;563;-1;-63
1042;Калужская 2;bishop;1417189457112;2G;EDGE;1;250;1;770;563;-1;-59
1043;Калужская 3;bishop;1417189501146;2G;EDGE;1;250;1;770;563;-1;-65
1044;Калужская 4;bishop;1417189513799;2G;EDGE;1;250;1;770;563;-1;-69
1051;Беляево 1;bishop;1417189718005;2G;GPRS;1;250;99;26802;49586;-1;-51
1052;Беляево 2;bishop;1417189734970;2G;EDGE;1;250;1;770;563;-1;-57
1053;Беляево 3;bishop;1417189761018;2G;EDGE;1;250;1;770;563;-1;-73
1054;Беляево 4;bishop;1417189773016;2G;EDGE;1;250;1;770;563;-1;-77
1061;Коньково 1;bishop;1417189832771;unknown;unknown;1;250;1;770;563;-1;-113
1062;Коньково 2;bishop;1417189848652;2G;GPRS;1;250;2;7753;1070;-1;-113
1063;Коньково 3;bishop;1417189869133;2G;EDGE;1;250;1;770;562;-1;-69
1064;Коньково 4;bishop;1417189883022;2G;EDGE;1;250;1;770;562;-1;-73
1071;Теплый стан 1;bishop;1417190011575;2G;EDGE;1;250;1;770;561;-1;-53
1072;Теплый стан 2;bishop;1417190028109;2G;EDGE;1;250;1;770;561;-1;-61
1073;Теплый стан 3;bishop;1417190082949;2G;EDGE;1;250;1;770;561;-1;-67
1074;Теплый стан 4;bishop;1417190094433;2G;EDGE;1;250;1;770;561;-1;-67
1081;Ясенево 1;bishop;1417190214883;2G;GPRS;1;250;99;26802;49596;-1;-63
1082;Ясенево 2;bishop;1417190229915;2G;EDGE;1;250;1;770;561;-1;-61
1083;Ясенево 3;bishop;1417190249875;2G;EDGE;1;250;1;770;561;-1;-71
1084;Ясенево 4;bishop;1417190261979;2G;EDGE;1;250;1;770;561;-1;-67
1091;Новоясеневская 1;bishop;1417190365670;2G;EDGE;1;250;1;770;561;-1;-69
1092;Новоясеневская 2;bishop;1417190380620;2G;EDGE;1;250;1;770;561;-1;-61
2323;Битцевский парк 3;bishop;1417190573709;unknown;unknown;1;250;1;770;561;-1;-111
2324;Битцевский парк 4;bishop;1417190584498;unknown;unknown;1;250;1;770;561;-1;-111
2311;Лесопарковая 1;bishop;1417190730003;unknown;unknown;1;250;1;770;561;-1;-111
2312;Лесопарковая 2;bishop;1417190742161;unknown;unknown;1;250;1;770;561;-1;-111
2313;Лесопарковая 3;bishop;1417190767509;unknown;unknown;1;250;1;770;561;-1;-111
2314;Лесопарковая 4;bishop;1417190776453;unknown;unknown;1;250;1;770;561;-1;-111
1911;Улица Старокачаловская 1;bishop;1417190905221;unknown;unknown;1;250;1;770;561;-1;-113
1912;Улица Старокачаловская 2;bishop;1417190919078;unknown;unknown;1;250;1;770;561;-1;-113
1913;Улица Старокачаловская 3;bishop;1417190961916;unknown;unknown;1;250;1;770;561;-1;-113
1914;Улица Старокачаловская 4;bishop;1417190973668;unknown;unknown;1;250;1;770;561;-1;-113
1921;Улица Скобелевская 1;bishop;1417191178422;3G;UMTS;1;250;1;655;7803662;-1;-71
1922;Улица Скобелевская 2;bishop;1417191200007;3G;UMTS;1;250;1;655;7803662;-1;-57
1923;Улица Скобелевская 3;bishop;1417191244358;3G;UMTS;1;250;1;655;7803662;-1;-55
1924;Улица Скобелевская 4;bishop;1417191255069;3G;UMTS;1;250;1;655;7803662;-1;-57
1931;Бульвар Адмирала Ушакова 1;bishop;1417191302702;3G;UMTS;1;250;1;655;7853612;-1;-85
1932;Бульвар Адмирала Ушакова 2;bishop;1417191322968;3G;UMTS;1;250;1;655;7811576;-1;-91
1933;Бульвар Адмирала Ушакова 3;bishop;1417191347699;3G;UMTS;1;250;1;655;7811576;-1;-83
1934;Бульвар Адмирала Ушакова 4;bishop;1417191358522;3G;UMTS;1;250;1;655;7808279;-1;-83
1941;Улица Горчакова 1;bishop;1417191411822;3G;UMTS;1;250;1;655;7801531;-1;-65
1942;Улица Горчакова 2;bishop;1417191430221;3G;UMTS;1;250;1;655;7801531;-1;-73
1943;Улица Горчакова 3;bishop;1417191454346;3G;UMTS;1;250;1;655;7801531;-1;-71
1944;Улица Горчакова 4;bishop;1417191466299;3G;UMTS;1;250;1;655;7801531;-1;-79
1951;Бунинская аллея 1;bishop;1417191536898;3G;UMTS;1;250;1;655;7799017;-1;-77
1952;Бунинская аллея 2;bishop;1417191560045;3G;UMTS;1;250;1;655;7799017;-1;-81
