ID;Name;User;TimeStamp;NetworkGen;NetworkType;Active;MCC;MNC;LAC;CID;PSC;Power
933;Старая деревня 3;Stanislav;1418395663130;3G;HSPA;1;250;1;100;65569967;505;-77
933;Старая деревня 3;Stanislav;1418395663130;3G;HSPA;250-1-100-65569967;-1;-1;-1;-1;505;-91
934;Старая деревня 4;Stanislav;1418395675111;3G;HSPA;1;250;1;100;65569967;505;-75
934;Старая деревня 4;Stanislav;1418395675111;3G;HSPA;250-1-100-65569967;-1;-1;-1;-1;505;-73
921;Крестовский остров 1;Stanislav;1418395779431;unknown;unknown;1;250;2;7803;17509;-1;-51
921;Крестовский остров 1;Stanislav;1418395779431;unknown;unknown;250-2-7803-17509;250;2;7803;14009;-1;-93
922;Крестовский остров 2;Stanislav;1418395796867;2G;EDGE;1;250;1;100;3951;-1;-77
922;Крестовский остров 2;Stanislav;1418395796867;2G;EDGE;250-1-100-3951;250;2;7803;14009;-1;-89
923;Крестовский остров 3;Stanislav;1418395823361;2G;EDGE;1;250;1;100;3951;-1;-77
923;Крестовский остров 3;Stanislav;1418395823361;2G;EDGE;250-1-100-3951;250;2;7803;14009;-1;-89
924;Крестовский остров 4;Stanislav;1418395833876;2G;EDGE;1;250;1;100;3951;-1;-77
924;Крестовский остров 4;Stanislav;1418395833876;2G;EDGE;250-1-100-3951;250;2;7803;14009;-1;-89
911;Чкаловская 1;Stanislav;1418395956292;3G;HSPA;1;250;1;100;65569947;500;-85
912;Чкаловская 2;Stanislav;1418395969837;3G;HSPA;1;250;1;100;65569947;500;-85
913;Чкаловская 3;Stanislav;1418395998065;3G;HSPA;1;250;1;100;65569947;500;-87
913;Чкаловская 3;Stanislav;1418395998065;3G;HSPA;250-1-100-65569947;-1;-1;-1;-1;500;-85
914;Чкаловская 4;Stanislav;1418396009896;3G;HSPA;1;250;1;100;65569947;500;-85
914;Чкаловская 4;Stanislav;1418396009896;3G;HSPA;250-1-100-65569947;-1;-1;-1;-1;500;-85
901;Спортивная 1;Stanislav;1418396067211;3G;HSPA;1;250;1;100;65539937;504;-67
901;Спортивная 1;Stanislav;1418396067211;3G;HSPA;250-1-100-65539937;-1;-1;-1;-1;504;-65
902;Спортивная 2;Stanislav;1418396084018;3G;HSPA;1;250;1;100;65539937;504;-81
902;Спортивная 2;Stanislav;1418396084018;3G;HSPA;250-1-100-65539937;-1;-1;-1;-1;504;-83
903;Спортивная 3;Stanislav;1418396110542;3G;HSPA;1;250;1;100;65539937;504;-83
903;Спортивная 3;Stanislav;1418396110542;3G;HSPA;250-1-100-65539937;-1;-1;-1;-1;504;-81
904;Спортивная 4;Stanislav;1418396120553;3G;HSPA;1;250;1;100;65539937;504;-85
904;Спортивная 4;Stanislav;1418396120553;3G;HSPA;250-1-100-65539937;-1;-1;-1;-1;504;-83
891;Адмиралтейская 1;Stanislav;1418396270608;3G;HSPA;1;250;1;100;65539187;360;-65
891;Адмиралтейская 1;Stanislav;1418396270608;3G;HSPA;250-1-100-65539187;-1;-1;-1;-1;360;-51
892;Адмиралтейская 2;Stanislav;1418396286860;3G;HSPA;1;250;1;100;65539187;360;-79
892;Адмиралтейская 2;Stanislav;1418396286860;3G;HSPA;250-1-100-65539187;-1;-1;-1;-1;360;-77
893;Адмиралтейская 3;Stanislav;1418396333747;3G;HSPA;1;250;1;100;65539187;360;-99
893;Адмиралтейская 3;Stanislav;1418396333747;3G;HSPA;250-1-100-65539187;-1;-1;-1;-1;360;-93
894;Адмиралтейская 4;Stanislav;1418396343836;3G;HSPA;1;250;1;100;65539187;360;-87
894;Адмиралтейская 4;Stanislav;1418396343836;3G;HSPA;250-1-100-65539187;-1;-1;-1;-1;360;-91
881;Садовая 1;Stanislav;1418396402720;unknown;unknown;1;250;2;7803;8321275;17;-61
882;Садовая 2;Stanislav;1418396420336;3G;HSPA;1;250;1;100;65539907;511;-85
882;Садовая 2;Stanislav;1418396420336;3G;HSPA;250-1-100-65539907;-1;-1;-1;-1;511;-85
883;Садовая 3;Stanislav;1418396454465;3G;HSPA;1;250;1;100;65539907;511;-81
883;Садовая 3;Stanislav;1418396454465;3G;HSPA;250-1-100-65539907;-1;-1;-1;-1;511;-83
884;Садовая 4;Stanislav;1418396465240;3G;HSPA;1;250;1;100;65539907;511;-67
884;Садовая 4;Stanislav;1418396465240;3G;HSPA;250-1-100-65539907;-1;-1;-1;-1;511;-87
871;Звенигородская 1;Stanislav;1418396537269;3G;HSPA;1;250;1;100;65569897;500;-79
872;Звенигородская 2;Stanislav;1418396554030;3G;HSPA;1;250;1;100;65569897;500;-81
872;Звенигородская 2;Stanislav;1418396554030;3G;HSPA;250-1-100-65569897;-1;-1;-1;-1;500;-77
873;Звенигородская 3;Stanislav;1418396583041;3G;HSPA;1;250;1;100;65569897;500;-81
873;Звенигородская 3;Stanislav;1418396583041;3G;HSPA;250-1-100-65569897;-1;-1;-1;-1;500;-85
874;Звенигородская 4;Stanislav;1418396594182;3G;HSPA;1;250;1;100;65569897;500;-71
874;Звенигородская 4;Stanislav;1418396594182;3G;HSPA;250-1-100-65569897;-1;-1;-1;-1;500;-79
861;Обводный канал 1;Stanislav;1418396689961;3G;HSPA;1;250;1;100;65569598;510;-61
861;Обводный канал 1;Stanislav;1418396689961;3G;HSPA;250-1-100-65569598;-1;-1;-1;-1;510;-77
862;Обводный канал 2;Stanislav;1418396707489;3G;HSPA;1;250;1;100;65569597;507;-75
862;Обводный канал 2;Stanislav;1418396707489;3G;HSPA;250-1-100-65569597;-1;-1;-1;-1;507;-75
863;Обводный канал 3;Stanislav;1418396733014;3G;HSPA;1;250;1;100;65569597;507;-77
863;Обводный канал 3;Stanislav;1418396733014;3G;HSPA;250-1-100-65569597;-1;-1;-1;-1;507;-81
864;Обводный канал 4;Stanislav;1418396742885;3G;HSPA;1;250;1;100;65569597;507;-75
864;Обводный канал 4;Stanislav;1418396742885;3G;HSPA;250-1-100-65569597;-1;-1;-1;-1;507;-75
851;Волковская 1;Stanislav;1418396843654;unknown;unknown;1;250;2;7803;22546;-1;-55
851;Волковская 1;Stanislav;1418396843654;unknown;unknown;250-2-7803-22546;250;2;7803;14705;-1;-103
852;Волковская 2;Stanislav;1418396860632;unknown;unknown;1;250;2;7803;8294615;60;-67
853;Волковская 3;Stanislav;1418396886748;3G;HSPA;1;250;1;100;65570017;501;-67
853;Волковская 3;Stanislav;1418396886748;3G;HSPA;250-1-100-65570017;-1;-1;-1;-1;501;-71
854;Волковская 4;Stanislav;1418396897264;3G;HSPA;1;250;1;100;65570017;501;-63
854;Волковская 4;Stanislav;1418396897264;3G;HSPA;250-1-100-65570017;-1;-1;-1;-1;501;-71
841;Бухарестская 1;Stanislav;1418396980794;unknown;unknown;1;250;2;7803;24675;-1;-77
841;Бухарестская 1;Stanislav;1418396980794;unknown;unknown;250-2-7803-24675;250;2;7803;24675;-1;-107
842;Бухарестская 2;Stanislav;1418396997804;unknown;unknown;1;250;2;7803;8295187;275;-71
843;Бухарестская 3;Stanislav;1418397018373;3G;HSPA;1;250;1;100;65565847;503;-71
843;Бухарестская 3;Stanislav;1418397018373;3G;HSPA;250-1-100-65565847;-1;-1;-1;-1;503;-71
844;Бухарестская 4;Stanislav;1418397029703;3G;HSPA;1;250;1;100;65565847;503;-63
844;Бухарестская 4;Stanislav;1418397029703;3G;HSPA;250-1-100-65565847;-1;-1;-1;-1;503;-63
831;Международная 1;Stanislav;1418397119642;3G;HSPA;1;250;1;100;65565857;174;-65
831;Международная 1;Stanislav;1418397119642;3G;HSPA;250-1-100-65565857;-1;-1;-1;-1;174;-69
831;Международная 1;Stanislav;1418397119642;3G;HSPA;250-1-100-65565857;2147483647;2147483647;2147483647;2147483647;-1;-105
831;Международная 1;Stanislav;1418397119642;3G;HSPA;250-1-100-65565857;2147483647;2147483647;2147483647;2147483647;-1;-113
831;Международная 1;Stanislav;1418397119642;3G;HSPA;250-1-100-65565857;2147483647;2147483647;2147483647;2147483647;-1;-113
831;Международная 1;Stanislav;1418397119642;3G;HSPA;250-1-100-65565857;2147483647;2147483647;2147483647;2147483647;-1;-113
831;Международная 1;Stanislav;1418397119642;3G;HSPA;250-1-100-65565857;2147483647;2147483647;2147483647;2147483647;-1;-113
831;Международная 1;Stanislav;1418397119642;3G;HSPA;250-1-100-65565857;2147483647;2147483647;2147483647;2147483647;-1;-113
831;Международная 1;Stanislav;1418397119642;3G;HSPA;250-1-100-65565857;2147483647;2147483647;2147483647;2147483647;-1;-113
831;Международная 1;Stanislav;1418397119642;3G;HSPA;250-1-100-65565857;2147483647;2147483647;2147483647;2147483647;-1;-113
832;Международная 2;Stanislav;1418397138327;3G;HSPA;1;250;1;100;65565857;174;-63
832;Международная 2;Stanislav;1418397138327;3G;HSPA;250-1-100-65565857;-1;-1;-1;-1;174;-73
832;Международная 2;Stanislav;1418397138327;3G;HSPA;250-1-100-65565857;2147483647;2147483647;2147483647;2147483647;-1;-105
832;Международная 2;Stanislav;1418397138327;3G;HSPA;250-1-100-65565857;2147483647;2147483647;2147483647;2147483647;-1;-113
832;Международная 2;Stanislav;1418397138327;3G;HSPA;250-1-100-65565857;2147483647;2147483647;2147483647;2147483647;-1;-113
832;Международная 2;Stanislav;1418397138327;3G;HSPA;250-1-100-65565857;2147483647;2147483647;2147483647;2147483647;-1;-113
832;Международная 2;Stanislav;1418397138327;3G;HSPA;250-1-100-65565857;2147483647;2147483647;2147483647;2147483647;-1;-113
832;Международная 2;Stanislav;1418397138327;3G;HSPA;250-1-100-65565857;2147483647;2147483647;2147483647;2147483647;-1;-113
832;Международная 2;Stanislav;1418397138327;3G;HSPA;250-1-100-65565857;2147483647;2147483647;2147483647;2147483647;-1;-113
832;Международная 2;Stanislav;1418397138327;3G;HSPA;250-1-100-65565857;2147483647;2147483647;2147483647;2147483647;-1;-113
