ID;Name;User;TimeStamp;NetworkGen;NetworkType;Active;MCC;MNC;LAC;CID;PSC;Power
173;Университет 3;md;1418136433061;3G;UMTS;1;250;1;660;6891175;-1;-81
174;Университет 4;md;1418136444524;3G;UMTS;1;250;1;660;6891175;-1;-85
181;Проспект Вернадского 1;md;1418136579600;unknown;unknown;1;-1;-1;-1;-1;-1;-1
182;Проспект Вернадского 2;md;1418136594873;unknown;unknown;1;-1;-1;-1;-1;-1;-1
183;Проспект Вернадского 3;md;1418136619185;2G;EDGE;1;250;1;660;461;-1;-85
184;Проспект Вернадского 4;md;1418136630631;2G;EDGE;1;250;1;660;461;-1;-89
191;Юго-Западная 1;md;1418136748042;unknown;unknown;1;-1;-1;-1;-1;-1;-1
192;Юго-Западная 2;md;1418136766225;unknown;unknown;1;-1;-1;-1;-1;-1;-1
193;Юго-Западная 3;md;1418136793407;unknown;unknown;1;-1;-1;-1;-1;-1;-1
194;Юго-Западная 4;md;1418136804072;2G;EDGE;1;250;1;660;461;-1;-81
2351;Тропарёво 1;md;1418136965111;unknown;unknown;1;-1;-1;-1;-1;-1;-1
2352;Тропарёво 2;md;1418136980749;unknown;unknown;1;-1;-1;-1;-1;-1;-1
