ID;Name;User;TimeStamp;NetworkGen;NetworkType;Active;MCC;MNC;LAC;CID;PSC;Power
313;Сенная площадь 3;Stanislav;1432750603943;3G;HSPA;1;250;1;100;65569908;503;-113
313;Сенная площадь 3;Stanislav;1432750603943;3G;HSPA;250-1-100-65569908;-1;-1;-1;-1;503;-97
314;Сенная площадь 4;Stanislav;1432750613007;3G;HSPA;1;250;1;100;65569908;503;-97
314;Сенная площадь 4;Stanislav;1432750613007;3G;HSPA;250-1-100-65569908;-1;-1;-1;-1;503;-91
301;Технологический институт (син) 1;Stanislav;1432750697632;unknown;unknown;1;250;2;7803;8293621;389;-55
302;Технологический институт (син) 2;Stanislav;1432750712909;unknown;unknown;1;250;2;7803;8291410;392;-55
302;Технологический институт (син) 2;Stanislav;1432750712909;unknown;unknown;250-2-7803-8291410;-1;-1;2147483647;2147483647;392;-57
302;Технологический институт (син) 2;Stanislav;1432750712909;unknown;unknown;250-2-7803-8291410;-1;-1;2147483647;2147483647;389;-81
303;Технологический институт (син) 3;Stanislav;1432750743478;2G;EDGE;1;250;1;100;3611;-1;-79
304;Технологический институт (син) 4;Stanislav;1432750753894;3G;HSPA;1;250;1;100;65539617;498;-97
291;Фрунзенская 1;Stanislav;1432750823653;unknown;unknown;1;250;2;7803;8321910;53;-73
292;Фрунзенская 2;Stanislav;1432750839291;3G;HSPA;1;250;1;100;65570087;501;-77
292;Фрунзенская 2;Stanislav;1432750839291;3G;HSPA;250-1-100-65570087;-1;-1;-1;-1;501;-73
293;Фрунзенская 3;Stanislav;1432750856897;3G;HSPA;1;250;1;100;65570087;501;-83
293;Фрунзенская 3;Stanislav;1432750856897;3G;HSPA;250-1-100-65570087;-1;-1;-1;-1;501;-85
294;Фрунзенская 4;Stanislav;1432750866706;3G;HSPA;1;250;1;100;65570087;501;-79
294;Фрунзенская 4;Stanislav;1432750866706;3G;HSPA;250-1-100-65570087;-1;-1;-1;-1;501;-85
281;Московские ворота 1;Stanislav;1432750944822;unknown;unknown;1;250;2;7803;8321911;44;-79
282;Московские ворота 2;Stanislav;1432750959703;3G;HSPA;1;250;1;100;65540097;505;-85
283;Московские ворота 3;Stanislav;1432750984554;3G;HSPA;1;250;1;100;65540097;505;-87
283;Московские ворота 3;Stanislav;1432750984554;3G;HSPA;250-1-100-65540097;-1;-1;-1;-1;505;-89
284;Московские ворота 4;Stanislav;1432750994068;3G;HSPA;1;250;1;100;65540097;505;-101
284;Московские ворота 4;Stanislav;1432750994068;3G;HSPA;250-1-100-65540097;-1;-1;-1;-1;505;-99
271;Электросила 1;Stanislav;1432751079607;3G;HSPA;1;250;1;100;65570107;502;-61
271;Электросила 1;Stanislav;1432751079607;3G;HSPA;250-1-100-65570107;-1;-1;-1;-1;502;-69
272;Электросила 2;Stanislav;1432751094194;3G;HSPA;1;250;1;100;65570107;502;-75
272;Электросила 2;Stanislav;1432751094194;3G;HSPA;250-1-100-65570107;-1;-1;-1;-1;502;-77
273;Электросила 3;Stanislav;1432751111153;3G;HSPA;1;250;1;100;65570107;502;-79
273;Электросила 3;Stanislav;1432751111153;3G;HSPA;250-1-100-65570107;-1;-1;-1;-1;502;-81
274;Электросила 4;Stanislav;1432751120896;3G;HSPA;1;250;1;100;65570107;502;-83
274;Электросила 4;Stanislav;1432751120896;3G;HSPA;250-1-100-65570107;-1;-1;-1;-1;502;-81
261;Парк Победы 1;Stanislav;1432751199207;unknown;unknown;1;250;2;7803;8322239;30;-75
262;Парк Победы 2;Stanislav;1432751215707;unknown;unknown;1;250;2;7803;8322239;30;-101
263;Парк Победы 3;Stanislav;1432751247392;3G;HSPA;1;250;1;100;65540117;503;-85
264;Парк Победы 4;Stanislav;1432751258174;3G;HSPA;1;250;1;100;65540117;503;-79
251;Московская 1;Stanislav;1432751362246;unknown;unknown;1;250;2;7803;8293625;21;-65
252;Московская 2;Stanislav;1432751379260;unknown;unknown;1;250;2;7803;8293625;21;-97
253;Московская 3;Stanislav;1432751416902;3G;HSPA;1;250;1;100;65540127;-1;-113
254;Московская 4;Stanislav;1432751427745;3G;HSPA;1;250;1;100;65540127;-1;-103
241;Звёздная 1;Stanislav;1432751582891;unknown;unknown;1;250;2;7803;8296322;4;-59
241;Звёздная 1;Stanislav;1432751582891;unknown;unknown;250-2-7803-8296322;-1;-1;2147483647;2147483647;3;-107
242;Звёздная 2;Stanislav;1432751597787;3G;HSPA;1;250;1;100;65539797;500;-79
243;Звёздная 3;Stanislav;1432751632131;3G;HSPA;1;250;1;100;65539797;500;-83
244;Звёздная 4;Stanislav;1432751642598;3G;HSPA;1;250;1;100;65539797;500;-85
231;Купчино 1;Stanislav;1432751786001;unknown;unknown;1;250;1;218;21963;-1;-85
231;Купчино 1;Stanislav;1432751786001;unknown;unknown;250-1-218-21963;-1;-1;0;-1;-1;-89
232;Купчино 2;Stanislav;1432751811047;2G;EDGE;1;250;1;218;21963;-1;-87
232;Купчино 2;Stanislav;1432751811047;2G;EDGE;250-1-218-21963;-1;-1;-1;-1;-1;-91
232;Купчино 2;Stanislav;1432751811047;2G;EDGE;250-1-218-21963;-1;-1;-1;-1;-1;-77
232;Купчино 2;Stanislav;1432751811047;2G;EDGE;250-1-218-21963;-1;-1;-1;-1;-1;-93
232;Купчино 2;Stanislav;1432751811047;2G;EDGE;250-1-218-21963;-1;-1;-1;-1;-1;-85
232;Купчино 2;Stanislav;1432751811047;2G;EDGE;250-1-218-21963;-1;-1;-1;-1;-1;-91
232;Купчино 2;Stanislav;1432751811047;2G;EDGE;250-1-218-21963;-1;-1;-1;-1;-1;-93
