ID;Name;User;TimeStamp;NetworkGen;NetworkType;Active;MCC;MNC;LAC;CID;PSC;Power
363;Пионерская 3;Stanislav;1435677378720;3G;HSPA;1;250;1;100;65569757;507;-75
363;Пионерская 3;Stanislav;1435677378720;3G;HSPA;250-1-100-65569757;-1;-1;-1;-1;507;-75
364;Пионерская 4;Stanislav;1435677387693;3G;HSPA;1;250;1;100;65569757;507;-81
364;Пионерская 4;Stanislav;1435677387693;3G;HSPA;250-1-100-65569757;-1;-1;-1;-1;507;-81
351;Чёрная речка 1;Stanislav;1435677494888;unknown;unknown;1;250;2;7803;22397;-1;-91
351;Чёрная речка 1;Stanislav;1435677494888;unknown;unknown;250-2-7803-22397;250;2;7803;22398;-1;-107
352;Чёрная речка 2;Stanislav;1435677508750;unknown;unknown;1;250;2;7803;8321281;281;-77
352;Чёрная речка 2;Stanislav;1435677508750;unknown;unknown;250-2-7803-8321281;-1;-1;-1;-1;206;-79
352;Чёрная речка 2;Stanislav;1435677508750;unknown;unknown;250-2-7803-8321281;-1;-1;-1;-1;-1;-59
352;Чёрная речка 2;Stanislav;1435677508750;unknown;unknown;250-2-7803-8321281;-1;-1;-1;-1;-1;-67
352;Чёрная речка 2;Stanislav;1435677508750;unknown;unknown;250-2-7803-8321281;-1;-1;-1;-1;-1;-113
352;Чёрная речка 2;Stanislav;1435677508750;unknown;unknown;250-2-7803-8321281;-1;-1;-1;-1;-1;-113
353;Чёрная речка 3;Stanislav;1435677536631;3G;HSPA;1;250;1;100;65569747;501;-75
353;Чёрная речка 3;Stanislav;1435677536631;3G;HSPA;250-1-100-65569747;-1;-1;-1;-1;501;-75
354;Чёрная речка 4;Stanislav;1435677546350;3G;HSPA;1;250;1;100;65569747;501;-61
354;Чёрная речка 4;Stanislav;1435677546350;3G;HSPA;250-1-100-65569747;-1;-1;-1;-1;501;-67
341;Петроградская 1;Stanislav;1435677699735;unknown;unknown;1;250;2;7803;8317776;198;-71
342;Петроградская 2;Stanislav;1435677714532;unknown;unknown;1;250;2;7803;8317776;198;-69
343;Петроградская 3;Stanislav;1435677746615;3G;HSPA;1;250;1;100;65539737;502;-89
343;Петроградская 3;Stanislav;1435677746615;3G;HSPA;250-1-100-65539737;-1;-1;-1;-1;502;-95
344;Петроградская 4;Stanislav;1435677756363;3G;HSPA;1;250;1;100;65539737;502;-89
344;Петроградская 4;Stanislav;1435677756363;3G;HSPA;250-1-100-65539737;-1;-1;-1;-1;502;-101
331;Горьковская 1;Stanislav;1435677820041;unknown;unknown;1;250;2;7803;8317773;171;-61
331;Горьковская 1;Stanislav;1435677820041;unknown;unknown;250-2-7803-8317773;-1;-1;-1;-1;171;-73
331;Горьковская 1;Stanislav;1435677820041;unknown;unknown;250-2-7803-8317773;-1;-1;-1;-1;171;-65
332;Горьковская 2;Stanislav;1435677836288;3G;HSPA;1;250;1;100;65539727;503;-75
332;Горьковская 2;Stanislav;1435677836288;3G;HSPA;250-1-100-65539727;-1;-1;-1;-1;503;-91
333;Горьковская 3;Stanislav;1435677858637;3G;HSPA;1;250;1;100;65569727;503;-75
333;Горьковская 3;Stanislav;1435677858637;3G;HSPA;250-1-100-65569727;-1;-1;-1;-1;503;-81
334;Горьковская 4;Stanislav;1435677868453;3G;HSPA;1;250;1;100;65569727;503;-79
334;Горьковская 4;Stanislav;1435677868453;3G;HSPA;250-1-100-65569727;-1;-1;-1;-1;503;-85
321;Невский проспект 1;Stanislav;1435678037052;unknown;unknown;1;250;2;7803;8321269;253;-77
321;Невский проспект 1;Stanislav;1435678037052;unknown;unknown;250-2-7803-8321269;-1;-1;-1;-1;370;-91
321;Невский проспект 1;Stanislav;1435678037052;unknown;unknown;250-2-7803-8321269;-1;-1;-1;-1;-1;-51
321;Невский проспект 1;Stanislav;1435678037052;unknown;unknown;250-2-7803-8321269;-1;-1;-1;-1;-1;-67
321;Невский проспект 1;Stanislav;1435678037052;unknown;unknown;250-2-7803-8321269;-1;-1;-1;-1;-1;-101
321;Невский проспект 1;Stanislav;1435678037052;unknown;unknown;250-2-7803-8321269;-1;-1;-1;-1;-1;-109
322;Невский проспект 2;Stanislav;1435678051357;unknown;unknown;1;250;2;7803;8321890;359;-75
322;Невский проспект 2;Stanislav;1435678051357;unknown;unknown;250-2-7803-8321890;-1;-1;-1;-1;253;-85
322;Невский проспект 2;Stanislav;1435678051357;unknown;unknown;250-2-7803-8321890;-1;-1;-1;-1;370;-93
323;Невский проспект 3;Stanislav;1435678087972;3G;HSPA;1;250;1;100;65569708;507;-95
323;Невский проспект 3;Stanislav;1435678087972;3G;HSPA;250-1-100-65569708;-1;-1;-1;-1;507;-93
323;Невский проспект 3;Stanislav;1435678087972;3G;HSPA;250-1-100-65569708;-1;-1;-1;-1;507;-101
324;Невский проспект 4;Stanislav;1435678097700;3G;HSPA;1;250;1;100;65569708;507;-91
324;Невский проспект 4;Stanislav;1435678097700;3G;HSPA;250-1-100-65569708;-1;-1;-1;-1;507;-89
324;Невский проспект 4;Stanislav;1435678097700;3G;HSPA;250-1-100-65569708;-1;-1;-1;-1;507;-83
311;Сенная площадь 1;Stanislav;1435678157278;unknown;unknown;1;250;99;14764;90312442;247;-57
