ID;Name;User;TimeStamp;Type;Accel_X;Accel_Y;Accel_Z;Azimuth;Pitch;Roll;Magnetic_X;Magnetic_Y;Magnetic_Z;Gyro_X;Gyro_Y;Gyro_Z;GPS_Lat;GPS_Lon;GPS_Alt;GPS_Accuracy;GPS_Speed;GPS_Bearing
363;Пионерская 3;Stanislav;1435677378720;Raw;-0.35303938;5.4132705;9.218251;27.203125;-30.421875;-1.8125;-25.125;33.625;-19.5625;NaN;NaN;NaN;NaN;NaN;NaN;NaN;NaN;NaN
364;Пионерская 4;Stanislav;1435677387693;Raw;-0.588399;4.9425516;9.335931;72.015625;-27.796875;-2.96875;-80.75;-14.1875;-83.9375;NaN;NaN;NaN;NaN;NaN;NaN;NaN;NaN;NaN
351;Чёрная речка 1;Stanislav;1435677494888;Raw;0.9414384;5.2563643;9.68897;224.65625;-28.546875;4.84375;45.875;-39.5;19.1875;NaN;NaN;NaN;NaN;NaN;NaN;NaN;NaN;NaN
352;Чёрная речка 2;Stanislav;1435677508750;Raw;-1.7259704;3.8834333;9.767424;321.5;-21.390625;-9.265625;22.8125;3.875;-54.25;NaN;NaN;NaN;NaN;NaN;NaN;NaN;NaN;NaN
353;Чёрная речка 3;Stanislav;1435677536631;Raw;-0.4314926;3.9618864;10.787314;329.23438;-21.0625;0.359375;2.9375;1.75;-39.25;NaN;NaN;NaN;NaN;NaN;NaN;NaN;NaN;NaN
354;Чёрная речка 4;Stanislav;1435677546350;Raw;-0.70607877;3.8442068;10.002783;39.984375;-20.96875;-3.71875;-27.8125;16.4375;-110.125;NaN;NaN;NaN;NaN;NaN;NaN;NaN;NaN;NaN
341;Петроградская 1;Stanislav;1435677699735;Raw;0.1176798;5.3348174;9.375157;322.03125;-29.0;-0.140625;24.4375;-19.5625;-89.0;NaN;NaN;NaN;NaN;NaN;NaN;NaN;NaN;NaN
342;Петроградская 2;Stanislav;1435677714532;Raw;-0.9414384;4.511059;8.943665;333.21875;-26.84375;-6.109375;41.625;44.0;-103.3125;NaN;NaN;NaN;NaN;NaN;NaN;NaN;NaN;NaN
343;Петроградская 3;Stanislav;1435677746615;Raw;-0.0;4.628739;9.767424;338.14063;-24.890625;-0.78125;27.3125;65.375;-55.0625;NaN;NaN;NaN;NaN;NaN;NaN;NaN;NaN;NaN
344;Петроградская 4;Stanislav;1435677756363;Raw;-1.7651969;5.1779113;9.649743;351.17188;-27.625;-8.421875;22.0;178.25;-23.375;NaN;NaN;NaN;NaN;NaN;NaN;NaN;NaN;NaN
331;Горьковская 1;Stanislav;1435677820041;Raw;0.2353596;5.6094036;8.747532;240.625;-31.796875;1.28125;33.75;16.125;63.3125;NaN;NaN;NaN;NaN;NaN;NaN;NaN;NaN;NaN
332;Горьковская 2;Stanislav;1435677836288;Raw;0.4707192;5.491724;8.904438;249.82813;-28.90625;-1.671875;20.6875;11.3125;32.5;NaN;NaN;NaN;NaN;NaN;NaN;NaN;NaN;NaN
333;Горьковская 3;Stanislav;1435677858637;Raw;0.1569064;4.589512;9.80665;170.03125;-26.375;-0.8125;-5.0625;-14.875;-11.5625;NaN;NaN;NaN;NaN;NaN;NaN;NaN;NaN;NaN
334;Горьковская 4;Stanislav;1435677868453;Raw;-0.78453195;4.5502853;9.492837;69.265625;-24.125;-5.484375;-23.125;16.625;-20.6875;NaN;NaN;NaN;NaN;NaN;NaN;NaN;NaN;NaN
321;Невский проспект 1;Stanislav;1435678037052;Raw;-0.3138128;5.64863;9.022118;222.14063;-32.09375;-0.390625;16.1875;37.1875;103.625;NaN;NaN;NaN;NaN;NaN;NaN;NaN;NaN;NaN
322;Невский проспект 2;Stanislav;1435678051357;Raw;-0.0392266;5.060231;9.649743;353.625;-28.90625;1.671875;4.4375;58.6875;31.4375;NaN;NaN;NaN;NaN;NaN;NaN;NaN;NaN;NaN
323;Невский проспект 3;Stanislav;1435678087972;Raw;-0.19613299;4.275699;9.92433;12.28125;-22.90625;-2.234375;-15.4375;60.625;69.5625;NaN;NaN;NaN;NaN;NaN;NaN;NaN;NaN;NaN
324;Невский проспект 4;Stanislav;1435678097700;Raw;-1.2944778;3.726527;10.042009;152.17188;-20.15625;-6.890625;-60.8125;-29.5;140.5625;NaN;NaN;NaN;NaN;NaN;NaN;NaN;NaN;NaN
311;Сенная площадь 1;Stanislav;1435678157278;Raw;-1.4906107;5.295591;8.825985;318.54688;-28.96875;-8.9375;34.1875;31.375;-10.8125;NaN;NaN;NaN;NaN;NaN;NaN;NaN;NaN;NaN
