ID;Name;User;TimeStamp;NetworkGen;NetworkType;Active;MCC;MNC;LAC;CID;PSC;Power
2103;Кунцевская (АПК) 3;md;1418972668269;3G;UMTS;1;250;1;821;501359;-1;-93
2104;Кунцевская (АПК) 4;md;1418972681591;3G;UMTS;1;250;1;821;491219;-1;-81
2161;Славянский бульвар 1;md;1418972782641;unknown;unknown;1;-1;-1;-1;-1;-1;-1
2162;Славянский бульвар 2;md;1418972797194;unknown;unknown;1;-1;-1;-1;-1;-1;-1
2163;Славянский бульвар 3;md;1418972827125;2G;EDGE;1;250;1;660;11971;-1;-87
2164;Славянский бульвар 4;md;1418972839483;2G;EDGE;1;250;1;660;11971;-1;-89
1651;Парк Победы (АПК) 1;md;1418973017395;unknown;unknown;1;-1;-1;-1;-1;-1;-1
1652;Парк Победы (АПК) 2;md;1418973034941;unknown;unknown;1;-1;-1;-1;-1;-1;-1
1653;Парк Победы (АПК) 3;md;1418973059156;2G;EDGE;1;250;1;660;452;-1;-87
1654;Парк Победы (АПК) 4;md;1418973071812;2G;EDGE;1;250;1;660;452;-1;-93
773;Киевская (КЛЦ) 3;md;1418973445353;3G;HSDPA;1;250;1;660;6926932;-1;-77
774;Киевская (КЛЦ) 4;md;1418973457302;3G;HSDPA;1;250;1;660;6926932;-1;-77
761;Парк культуры (КЛЦ) 1;md;1418973566906;3G;UMTS;1;250;1;660;6913617;-1;-87
762;Парк культуры (КЛЦ) 2;md;1418973580778;3G;UMTS;1;250;1;660;6913617;-1;-85
763;Парк культуры (КЛЦ) 3;md;1418973612135;3G;UMTS;1;250;1;660;6913617;-1;-79
764;Парк культуры (КЛЦ) 4;md;1418973623165;3G;UMTS;1;250;1;660;6913617;-1;-83
751;Октябрьская (КЛЦ) 1;md;1418973703220;3G;UMTS;1;250;1;660;6913616;-1;-85
752;Октябрьская (КЛЦ) 2;md;1418973719495;3G;UMTS;1;250;1;660;6913616;-1;-83
983;Октябрьская (КРЛ) 3;md;1418973935494;3G;UMTS;1;250;1;770;6899779;-1;-89
984;Октябрьская (КРЛ) 4;md;1418973946387;2G;EDGE;1;250;1;770;43241;-1;-83
993;Шаболовская 3;md;1418974057537;2G;EDGE;1;250;1;770;543;-1;-75
994;Шаболовская 4;md;1418974069028;2G;EDGE;1;250;1;770;543;-1;-65
1001;Ленинский проспект 1;md;1418974195494;unknown;unknown;1;-1;-1;-1;-1;-1;-1
1002;Ленинский проспект 2;md;1418974212381;2G;EDGE;1;250;1;770;543;-1;-73
1003;Ленинский проспект 3;md;1418974239705;2G;EDGE;1;250;1;770;543;-1;-75
1004;Ленинский проспект 4;md;1418974250571;2G;EDGE;1;250;1;770;543;-1;-65
1011;Академическая 1;md;1418974380661;unknown;unknown;1;-1;-1;-1;-1;-1;-1
1012;Академическая 2;md;1418974398679;unknown;unknown;1;-1;-1;-1;-1;-1;-1
