ID;Name;User;TimeStamp;NetworkGen;NetworkType;Active;MCC;MNC;LAC;CID;PSC;Power
773;Киевская (КЛЦ) 3;md;1418629513234;3G;UMTS;1;250;1;660;6892889;-1;-87
774;Киевская (КЛЦ) 4;md;1418629524414;3G;UMTS;1;250;1;660;6892889;-1;-93
761;Парк культуры (КЛЦ) 1;md;1418629632070;2G;EDGE;1;250;1;660;11022;-1;-79
761;Парк культуры (КЛЦ) 1;md;1418629632070;2G;EDGE;250-1-660-11022;250;1;660;11023;-1;-99
762;Парк культуры (КЛЦ) 2;md;1418629646621;2G;EDGE;1;250;1;660;11022;-1;-79
763;Парк культуры (КЛЦ) 3;md;1418629683158;3G;UMTS;1;250;1;660;6892888;-1;-89
764;Парк культуры (КЛЦ) 4;md;1418629693207;3G;UMTS;1;250;1;660;6892888;-1;-89
751;Октябрьская (КЛЦ) 1;md;1418629763648;3G;UMTS;1;250;1;660;6892887;-1;-83
752;Октябрьская (КЛЦ) 2;md;1418629776370;3G;UMTS;1;250;1;660;6892887;-1;-85
983;Октябрьская (КРЛ) 3;md;1418630094244;2G;EDGE;1;250;1;770;43241;-1;-77
984;Октябрьская (КРЛ) 4;md;1418630105465;2G;EDGE;1;250;1;770;43241;-1;-81
991;Шаболовская 1;md;1418630182284;unknown;unknown;1;-1;-1;-1;-1;-1;-1
992;Шаболовская 2;md;1418630204545;unknown;unknown;1;-1;-1;-1;-1;-1;-1
993;Шаболовская 3;md;1418630228401;2G;EDGE;1;250;1;770;543;-1;-77
994;Шаболовская 4;md;1418630237691;2G;EDGE;1;250;1;770;543;-1;-69
1001;Ленинский проспект 1;md;1418630365395;unknown;unknown;1;-1;-1;-1;-1;-1;-1
1002;Ленинский проспект 2;md;1418630382836;2G;EDGE;1;250;1;770;543;-1;-75
1003;Ленинский проспект 3;md;1418630403802;2G;EDGE;1;250;1;770;543;-1;-81
1004;Ленинский проспект 4;md;1418630415015;2G;EDGE;1;250;1;770;543;-1;-73
1011;Академическая 1;md;1418630536233;unknown;unknown;1;-1;-1;-1;-1;-1;-1
1012;Академическая 2;md;1418630553990;unknown;unknown;1;-1;-1;-1;-1;-1;-1
