ID;Name;User;TimeStamp;NetworkGen;NetworkType;Active;MCC;MNC;LAC;CID;PSC;Power
713;Курская (КЛЦ) 3;Andrey;1435913844844;2G;EDGE;1;250;2;7763;140;-1;-69
714;Курская (КЛЦ) 4;Andrey;1435913856702;2G;EDGE;1;250;2;7763;140;-1;-63
721;Таганская (КЛЦ) 1;Andrey;1435913964405;2G;EDGE;1;250;2;7763;301;-1;-71
722;Таганская (КЛЦ) 2;Andrey;1435913977411;2G;EDGE;1;250;2;7763;301;-1;-69
723;Таганская (КЛЦ) 3;Andrey;1435914019443;2G;EDGE;1;250;2;7763;301;-1;-71
724;Таганская (КЛЦ) 4;Andrey;1435914030646;2G;EDGE;1;250;2;7763;301;-1;-65
731;Павелецкая (КЛЦ) 1;Andrey;1435914097606;2G;EDGE;1;250;2;7736;370;-1;-59
732;Павелецкая (КЛЦ) 2;Andrey;1435914109833;2G;EDGE;1;250;2;7736;370;-1;-63
733;Павелецкая (КЛЦ) 3;Andrey;1435914142289;2G;EDGE;1;250;2;7736;370;-1;-63
734;Павелецкая (КЛЦ) 4;Andrey;1435914158202;2G;EDGE;1;250;2;7736;370;-1;-63
741;Добрынинская 1;Andrey;1435914213351;2G;EDGE;1;250;2;7736;350;-1;-67
742;Добрынинская 2;Andrey;1435914222283;2G;EDGE;1;250;2;7736;350;-1;-81
743;Добрынинская 3;Andrey;1435914255142;2G;EDGE;1;250;2;7736;350;-1;-77
744;Добрынинская 4;Andrey;1435914265778;2G;EDGE;1;250;2;7736;350;-1;-71
751;Октябрьская (КЛЦ) 1;Andrey;1435914333324;2G;EDGE;1;250;2;7736;341;-1;-81
752;Октябрьская (КЛЦ) 2;Andrey;1435914339578;2G;EDGE;1;250;2;7736;341;-1;-81
753;Октябрьская (КЛЦ) 3;Andrey;1435914434929;2G;EDGE;1;250;2;7736;341;-1;-67
754;Октябрьская (КЛЦ) 4;Andrey;1435914442900;2G;EDGE;1;250;2;7736;341;-1;-71
741;Добрынинская 1;Andrey;1435914498285;2G;EDGE;1;250;2;7736;350;-1;-57
742;Добрынинская 2;Andrey;1435914507229;2G;EDGE;1;250;2;7736;350;-1;-57
743;Добрынинская 3;Andrey;1435914537901;2G;EDGE;1;250;2;7736;350;-1;-61
744;Добрынинская 4;Andrey;1435914552765;2G;EDGE;1;250;2;7736;350;-1;-63
731;Павелецкая (КЛЦ) 1;Andrey;1435914602358;2G;EDGE;1;250;2;7736;370;-1;-69
732;Павелецкая (КЛЦ) 2;Andrey;1435914610411;2G;EDGE;1;250;2;7736;370;-1;-53
733;Павелецкая (КЛЦ) 3;Andrey;1435914799892;2G;EDGE;1;250;2;7736;370;-1;-63
734;Павелецкая (КЛЦ) 4;Andrey;1435914809672;2G;EDGE;1;250;2;7736;370;-1;-69
741;Добрынинская 1;Andrey;1435914870065;2G;EDGE;1;250;2;7736;350;-1;-67
742;Добрынинская 2;Andrey;1435914885654;2G;EDGE;1;250;2;7736;350;-1;-85
743;Добрынинская 3;Andrey;1435914913619;2G;EDGE;1;250;2;7736;350;-1;-77
744;Добрынинская 4;Andrey;1435914924845;2G;EDGE;1;250;2;7736;350;-1;-67
751;Октябрьская (КЛЦ) 1;Andrey;1435914994018;2G;EDGE;1;250;2;7736;341;-1;-77
752;Октябрьская (КЛЦ) 2;Andrey;1435915001707;2G;EDGE;1;250;2;7736;341;-1;-81
983;Октябрьская (КРЛ) 3;Andrey;1435915183901;2G;EDGE;1;250;2;7736;340;-1;-67
984;Октябрьская (КРЛ) 4;Andrey;1435915193939;2G;EDGE;1;250;2;7736;340;-1;-79
991;Шаболовская 1;Andrey;1435915268029;2G;EDGE;1;250;2;7736;1000;-1;-63
992;Шаболовская 2;Andrey;1435915284430;2G;EDGE;1;250;2;7736;1000;-1;-73
993;Шаболовская 3;Andrey;1435915305684;2G;EDGE;1;250;2;7736;1000;-1;-71
994;Шаболовская 4;Andrey;1435915316421;2G;EDGE;1;250;2;7736;1000;-1;-63
1001;Ленинский проспект 1;Andrey;1435915440075;2G;EDGE;1;250;2;7736;1010;-1;-65
1002;Ленинский проспект 2;Andrey;1435915457124;2G;EDGE;1;250;2;7736;1010;-1;-71
1003;Ленинский проспект 3;Andrey;1435915497053;2G;EDGE;1;250;2;7736;1010;-1;-73
1004;Ленинский проспект 4;Andrey;1435915507742;2G;EDGE;1;250;2;7736;1010;-1;-63
1011;Академическая 1;Andrey;1435915650399;2G;GPRS;1;250;99;26802;49577;-1;-79
1012;Академическая 2;Andrey;1435915668139;2G;EDGE;1;250;2;7736;1020;-1;-63
1013;Академическая 3;Andrey;1435915698745;2G;EDGE;1;250;2;7736;1020;-1;-71
1014;Академическая 4;Andrey;1435915709362;2G;EDGE;1;250;2;7736;1020;-1;-71
1001;Ленинский проспект 1;Andrey;1435915845821;2G;EDGE;1;250;2;7736;1010;-1;-67
1002;Ленинский проспект 2;Andrey;1435915860426;2G;EDGE;1;250;2;7736;1010;-1;-65
1003;Ленинский проспект 3;Andrey;1435915883077;2G;EDGE;1;250;2;7736;1010;-1;-69
1004;Ленинский проспект 4;Andrey;1435915895686;2G;EDGE;1;250;2;7736;1010;-1;-69
991;Шаболовская 1;Andrey;1435916034913;2G;EDGE;1;250;2;7736;1000;-1;-65
992;Шаболовская 2;Andrey;1435916049655;2G;EDGE;1;250;2;7736;1000;-1;-67
993;Шаболовская 3;Andrey;1435916076403;2G;EDGE;1;250;2;7736;1000;-1;-75
994;Шаболовская 4;Andrey;1435916088860;2G;EDGE;1;250;2;7736;1000;-1;-75
981;Октябрьская (КРЛ) 1;Andrey;1435916169050;2G;EDGE;1;250;2;7736;340;-1;-61
982;Октябрьская (КРЛ) 2;Andrey;1435916180956;2G;EDGE;1;250;2;7736;340;-1;-77
983;Октябрьская (КРЛ) 3;Andrey;1435916299593;2G;EDGE;1;250;2;7736;340;-1;-67
984;Октябрьская (КРЛ) 4;Andrey;1435916309700;2G;EDGE;1;250;2;7736;340;-1;-69
991;Шаболовская 1;Andrey;1435916384471;2G;EDGE;1;250;2;7736;1000;-1;-67
992;Шаболовская 2;Andrey;1435916400392;2G;EDGE;1;250;2;7736;1000;-1;-75
993;Шаболовская 3;Andrey;1435916431401;2G;EDGE;1;250;2;7736;1000;-1;-73
994;Шаболовская 4;Andrey;1435916442493;2G;EDGE;1;250;2;7736;1000;-1;-61
1001;Ленинский проспект 1;Andrey;1435916570638;2G;EDGE;1;250;2;7736;1010;-1;-65
1002;Ленинский проспект 2;Andrey;1435916584402;2G;EDGE;1;250;2;7736;1010;-1;-67
1003;Ленинский проспект 3;Andrey;1435916612100;2G;EDGE;1;250;2;7736;1010;-1;-65
1004;Ленинский проспект 4;Andrey;1435916623045;2G;EDGE;1;250;2;7736;1010;-1;-63
1011;Академическая 1;Andrey;1435916760237;2G;GPRS;1;250;99;26802;49577;-1;-77
1012;Академическая 2;Andrey;1435916775894;2G;EDGE;1;250;2;7736;1020;-1;-57
