ID;Name;User;TimeStamp;NetworkGen;NetworkType;Active;MCC;MNC;LAC;CID;PSC;Power
1893;Международная 3;md;1423813007869;3G;UMTS;1;250;1;660;6899918;-1;-89
1894;Международная 4;md;1423813019656;3G;UMTS;1;250;1;660;6899918;-1;-85
1881;Выставочная 1;md;1423813078083;3G;UMTS;1;250;1;660;6945634;-1;-69
1882;Выставочная 2;md;1423813094082;3G;UMTS;1;250;1;660;6945634;-1;-69
2303;Деловой Центр 3;md;1423813553709;unknown;unknown;1;-1;-1;-1;-1;-1;-1
2304;Деловой Центр 4;md;1423813566234;unknown;unknown;1;-1;-1;-1;-1;-1;-1
2331;Парк Победы (КСЛ) 1;md;1423813736133;unknown;unknown;1;-1;-1;-1;-1;-1;-1
2332;Парк Победы (КСЛ) 2;md;1423813751503;unknown;unknown;1;-1;-1;-1;-1;-1;-1
