ID;Name;User;TimeStamp;NetworkGen;NetworkType;Active;MCC;MNC;LAC;CID;PSC;Power
233;Купчино 3;Stanislav;1427366120192;3G;HSPA;1;250;1;218;67609103;462;-105
233;Купчино 3;Stanislav;1427366120192;3G;HSPA;250-1-218-67609103;-1;-1;-1;-1;96;-107
233;Купчино 3;Stanislav;1427366120192;3G;HSPA;250-1-218-67609103;-1;-1;-1;-1;478;-107
233;Купчино 3;Stanislav;1427366120192;3G;HSPA;250-1-218-67609103;-1;-1;-1;-1;44;-109
233;Купчино 3;Stanislav;1427366120192;3G;HSPA;250-1-218-67609103;-1;-1;-1;-1;94;-109
233;Купчино 3;Stanislav;1427366120192;3G;HSPA;250-1-218-67609103;-1;-1;-1;-1;78;-109
233;Купчино 3;Stanislav;1427366120192;3G;HSPA;250-1-218-67609103;-1;-1;-1;-1;309;-113
233;Купчино 3;Stanislav;1427366120192;3G;HSPA;250-1-218-67609103;-1;-1;-1;-1;462;-109
234;Купчино 4;Stanislav;1427366130835;3G;HSPA;1;250;1;218;67609103;462;-101
234;Купчино 4;Stanislav;1427366130835;3G;HSPA;250-1-218-67609103;-1;-1;-1;-1;478;-105
234;Купчино 4;Stanislav;1427366130835;3G;HSPA;250-1-218-67609103;-1;-1;-1;-1;78;-105
234;Купчино 4;Stanislav;1427366130835;3G;HSPA;250-1-218-67609103;-1;-1;-1;-1;309;-107
234;Купчино 4;Stanislav;1427366130835;3G;HSPA;250-1-218-67609103;-1;-1;-1;-1;94;-109
234;Купчино 4;Stanislav;1427366130835;3G;HSPA;250-1-218-67609103;-1;-1;-1;-1;44;-109
234;Купчино 4;Stanislav;1427366130835;3G;HSPA;250-1-218-67609103;-1;-1;-1;-1;96;-111
234;Купчино 4;Stanislav;1427366130835;3G;HSPA;250-1-218-67609103;-1;-1;-1;-1;462;-103
241;Звёздная 1;Stanislav;1427366227263;unknown;unknown;1;250;2;7803;8317837;4;-61
242;Звёздная 2;Stanislav;1427366243775;3G;HSPA;1;250;1;100;8317837;500;-81
243;Звёздная 3;Stanislav;1427366282804;3G;HSPA;1;250;1;100;65539797;500;-75
244;Звёздная 4;Stanislav;1427366292598;3G;HSPA;1;250;1;100;65539797;500;-61
251;Московская 1;Stanislav;1427366463598;unknown;unknown;1;250;2;7803;8293625;21;-59
252;Московская 2;Stanislav;1427366480964;3G;HSPA;1;250;1;100;65540127;-1;-85
252;Московская 2;Stanislav;1427366480964;3G;HSPA;250-1-100-65540127;-1;-1;-1;-1;-1;-91
253;Московская 3;Stanislav;1427366515139;3G;HSPA;1;250;1;100;65540127;-1;-101
253;Московская 3;Stanislav;1427366515139;3G;HSPA;250-1-100-65540127;-1;-1;-1;-1;-1;-93
254;Московская 4;Stanislav;1427366525219;3G;HSPA;1;250;1;100;65540127;-1;-113
254;Московская 4;Stanislav;1427366525219;3G;HSPA;250-1-100-65540127;-1;-1;-1;-1;-1;-95
261;Парк Победы 1;Stanislav;1427366636203;3G;HSPA;1;250;1;100;65570117;503;-95
262;Парк Победы 2;Stanislav;1427366651745;3G;HSPA;1;250;1;100;65570117;503;-81
262;Парк Победы 2;Stanislav;1427366651745;3G;HSPA;250-1-100-65570117;-1;-1;-1;-1;503;-77
263;Парк Победы 3;Stanislav;1427366690875;3G;HSPA;1;250;1;100;65570117;503;-73
263;Парк Победы 3;Stanislav;1427366690875;3G;HSPA;250-1-100-65570117;-1;-1;-1;-1;503;-81
264;Парк Победы 4;Stanislav;1427366700399;3G;HSPA;1;250;1;100;65570117;503;-83
264;Парк Победы 4;Stanislav;1427366700399;3G;HSPA;250-1-100-65570117;-1;-1;-1;-1;503;-79
271;Электросила 1;Stanislav;1427366784807;3G;HSPA;1;250;1;100;65570107;502;-75
271;Электросила 1;Stanislav;1427366784807;3G;HSPA;250-1-100-65570107;-1;-1;-1;-1;502;-79
272;Электросила 2;Stanislav;1427366800545;3G;HSPA;1;250;1;100;65570107;502;-73
272;Электросила 2;Stanislav;1427366800545;3G;HSPA;250-1-100-65570107;-1;-1;-1;-1;502;-75
273;Электросила 3;Stanislav;1427366818893;3G;HSPA;1;250;1;100;65570107;502;-75
273;Электросила 3;Stanislav;1427366818893;3G;HSPA;250-1-100-65570107;-1;-1;-1;-1;502;-75
274;Электросила 4;Stanislav;1427366828548;3G;HSPA;1;250;1;100;65570107;502;-75
274;Электросила 4;Stanislav;1427366828548;3G;HSPA;250-1-100-65570107;-1;-1;-1;-1;502;-77
281;Московские ворота 1;Stanislav;1427366912998;unknown;unknown;1;250;2;7803;8317843;44;-67
282;Московские ворота 2;Stanislav;1427366928308;3G;HSPA;1;250;1;100;65540097;505;-71
282;Московские ворота 2;Stanislav;1427366928308;3G;HSPA;250-1-100-65540097;-1;-1;-1;-1;505;-71
283;Московские ворота 3;Stanislav;1427366952260;3G;HSPA;1;250;1;100;65570097;505;-77
283;Московские ворота 3;Stanislav;1427366952260;3G;HSPA;250-1-100-65570097;-1;-1;-1;-1;505;-75
284;Московские ворота 4;Stanislav;1427366962089;3G;HSPA;1;250;1;100;65570097;505;-81
284;Московские ворота 4;Stanislav;1427366962089;3G;HSPA;250-1-100-65570097;-1;-1;-1;-1;505;-79
291;Фрунзенская 1;Stanislav;1427367049964;3G;HSPA;1;250;1;100;65540087;501;-85
291;Фрунзенская 1;Stanislav;1427367049964;3G;HSPA;250-1-100-65540087;-1;-1;-1;-1;501;-79
291;Фрунзенская 1;Stanislav;1427367049964;3G;HSPA;250-1-100-65540087;-1;-1;-1;-1;-1;-113
292;Фрунзенская 2;Stanislav;1427367065183;3G;HSPA;1;250;1;100;65540087;501;-69
292;Фрунзенская 2;Stanislav;1427367065183;3G;HSPA;250-1-100-65540087;-1;-1;-1;-1;501;-67
292;Фрунзенская 2;Stanislav;1427367065183;3G;HSPA;250-1-100-65540087;-1;-1;-1;-1;-1;-113
293;Фрунзенская 3;Stanislav;1427367087942;3G;HSPA;1;250;1;100;65540087;501;-85
293;Фрунзенская 3;Stanislav;1427367087942;3G;HSPA;250-1-100-65540087;-1;-1;-1;-1;501;-79
293;Фрунзенская 3;Stanislav;1427367087942;3G;HSPA;250-1-100-65540087;-1;-1;-1;-1;-1;-113
294;Фрунзенская 4;Stanislav;1427367097585;3G;HSPA;1;250;1;100;65540087;501;-73
294;Фрунзенская 4;Stanislav;1427367097585;3G;HSPA;250-1-100-65540087;-1;-1;-1;-1;501;-71
294;Фрунзенская 4;Stanislav;1427367097585;3G;HSPA;250-1-100-65540087;-1;-1;-1;-1;-1;-113
301;Технологический институт (син) 1;Stanislav;1427367173421;3G;HSPA;1;250;1;100;65539618;497;-75
301;Технологический институт (син) 1;Stanislav;1427367173421;3G;HSPA;250-1-100-65539618;-1;-1;-1;-1;497;-79
302;Технологический институт (син) 2;Stanislav;1427367187800;3G;HSPA;1;250;1;100;65539618;497;-87
302;Технологический институт (син) 2;Stanislav;1427367187800;3G;HSPA;250-1-100-65539618;-1;-1;-1;-1;497;-85
303;Технологический институт (син) 3;Stanislav;1427367227958;3G;HSPA;1;250;1;100;65569618;497;-71
303;Технологический институт (син) 3;Stanislav;1427367227958;3G;HSPA;250-1-100-65569618;-1;-1;-1;-1;497;-77
304;Технологический институт (син) 4;Stanislav;1427367237922;3G;HSPA;1;250;1;100;65569618;497;-79
304;Технологический институт (син) 4;Stanislav;1427367237922;3G;HSPA;250-1-100-65569618;-1;-1;-1;-1;497;-87
311;Сенная площадь 1;Stanislav;1427367313715;unknown;unknown;1;250;20;19710;11714442;214;-87
311;Сенная площадь 1;Stanislav;1427367313715;unknown;unknown;250-20-19710-11714442;-1;-1;2147483647;2147483647;214;-91
311;Сенная площадь 1;Stanislav;1427367313715;unknown;unknown;250-20-19710-11714442;-1;-1;2147483647;2147483647;-1;-89
311;Сенная площадь 1;Stanislav;1427367313715;unknown;unknown;250-20-19710-11714442;-1;-1;2147483647;2147483647;-1;-109
311;Сенная площадь 1;Stanislav;1427367313715;unknown;unknown;250-20-19710-11714442;-1;-1;2147483647;2147483647;-1;-111
311;Сенная площадь 1;Stanislav;1427367313715;unknown;unknown;250-20-19710-11714442;-1;-1;2147483647;2147483647;-1;-111
311;Сенная площадь 1;Stanislav;1427367313715;unknown;unknown;250-20-19710-11714442;-1;-1;2147483647;2147483647;-1;-111
311;Сенная площадь 1;Stanislav;1427367313715;unknown;unknown;250-20-19710-11714442;-1;-1;2147483647;2147483647;-1;-111
311;Сенная площадь 1;Stanislav;1427367313715;unknown;unknown;250-20-19710-11714442;-1;-1;2147483647;2147483647;-1;-113
311;Сенная площадь 1;Stanislav;1427367313715;unknown;unknown;250-20-19710-11714442;-1;-1;2147483647;2147483647;-1;-113
312;Сенная площадь 2;Stanislav;1427367328215;unknown;unknown;1;250;20;19710;11714442;214;-59
313;Сенная площадь 3;Stanislav;1427367361993;3G;HSPA;1;250;1;100;65539908;503;-103
313;Сенная площадь 3;Stanislav;1427367361993;3G;HSPA;250-1-100-65539908;-1;-1;-1;-1;503;-95
314;Сенная площадь 4;Stanislav;1427367371631;3G;HSPA;1;250;1;100;65569908;503;-95
314;Сенная площадь 4;Stanislav;1427367371631;3G;HSPA;250-1-100-65569908;-1;-1;-1;-1;503;-97
321;Невский проспект 1;Stanislav;1427367434305;unknown;unknown;1;250;99;14764;90312412;23;-51
322;Невский проспект 2;Stanislav;1427367451279;3G;HSPA;1;250;1;100;65539708;507;-97
323;Невский проспект 3;Stanislav;1427367484645;3G;HSPA;1;250;1;100;65569702;507;-99
323;Невский проспект 3;Stanislav;1427367484645;3G;HSPA;250-1-100-65569702;-1;-1;-1;-1;507;-101
323;Невский проспект 3;Stanislav;1427367484645;3G;HSPA;250-1-100-65569702;-1;-1;-1;-1;507;-99
324;Невский проспект 4;Stanislav;1427367494843;3G;HSPA;1;250;1;100;65569702;507;-101
324;Невский проспект 4;Stanislav;1427367494843;3G;HSPA;250-1-100-65569702;-1;-1;-1;-1;507;-89
324;Невский проспект 4;Stanislav;1427367494843;3G;HSPA;250-1-100-65569702;-1;-1;-1;-1;507;-97
331;Горьковская 1;Stanislav;1427367658570;3G;HSPA;1;250;2;7803;8317773;171;-87
332;Горьковская 2;Stanislav;1427367673786;3G;HSPA;1;250;1;100;65569727;503;-73
332;Горьковская 2;Stanislav;1427367673786;3G;HSPA;250-1-100-65569727;-1;-1;-1;-1;503;-83
