ID;Name;User;TimeStamp;NetworkGen;NetworkType;Active;MCC;MNC;LAC;CID;PSC;Power
;ServiceLog;md;1424161401736;2G;EDGE;1;250;1;770;491;-1;-75
;ServiceLog;md;1424161403050;2G;EDGE;1;250;1;770;491;-1;-75
;ServiceLog;md;1424161404099;2G;EDGE;1;250;1;770;491;-1;-75
;ServiceLog;md;1424161405162;2G;EDGE;1;250;1;770;491;-1;-75
;ServiceLog;md;1424161406180;2G;EDGE;1;250;1;770;491;-1;-75
;ServiceLog;md;1424161407203;2G;EDGE;1;250;1;770;491;-1;-75
;ServiceLog;md;1424161408230;2G;EDGE;1;250;1;770;491;-1;-75
;ServiceLog;md;1424161409259;2G;EDGE;1;250;1;770;491;-1;-75
;ServiceLog;md;1424161410277;2G;EDGE;1;250;1;770;491;-1;-75
;ServiceLog;md;1424161411310;2G;EDGE;1;250;1;770;491;-1;-77
;ServiceLog;md;1424161412326;2G;EDGE;1;250;1;770;491;-1;-77
;ServiceLog;md;1424161413345;2G;EDGE;1;250;1;770;491;-1;-77
;ServiceLog;md;1424161414362;2G;EDGE;1;250;1;770;491;-1;-79
;ServiceLog;md;1424161415400;2G;EDGE;1;250;1;770;491;-1;-79
;ServiceLog;md;1424161416437;2G;EDGE;1;250;1;770;491;-1;-79
;ServiceLog;md;1424161417480;2G;EDGE;1;250;1;770;491;-1;-79
;ServiceLog;md;1424161418520;2G;EDGE;1;250;1;770;491;-1;-79
;ServiceLog;md;1424161419555;2G;EDGE;1;250;1;770;491;-1;-79
;ServiceLog;md;1424161420570;2G;EDGE;1;250;1;770;491;-1;-77
;ServiceLog;md;1424161421621;2G;EDGE;1;250;1;770;491;-1;-77
;ServiceLog;md;1424161422647;2G;EDGE;1;250;1;770;491;-1;-77
;ServiceLog;md;1424161423697;2G;EDGE;1;250;1;770;491;-1;-73
;ServiceLog;md;1424161424750;2G;EDGE;1;250;1;770;491;-1;-73
;ServiceLog;md;1424161425782;2G;EDGE;1;250;1;770;491;-1;-73
;ServiceLog;md;1424161426845;2G;EDGE;1;250;1;770;491;-1;-73
;ServiceLog;md;1424161427881;2G;EDGE;1;250;1;770;491;-1;-73
;ServiceLog;md;1424161428917;2G;EDGE;1;250;1;770;491;-1;-73
;ServiceLog;md;1424161429966;2G;EDGE;1;250;1;770;491;-1;-73
;ServiceLog;md;1424161431001;2G;EDGE;1;250;1;770;491;-1;-73
;ServiceLog;md;1424161432044;2G;EDGE;1;250;1;770;491;-1;-75
;ServiceLog;md;1424161433070;2G;EDGE;1;250;1;770;491;-1;-75
;ServiceLog;md;1424161434107;2G;EDGE;1;250;1;770;491;-1;-75
;ServiceLog;md;1424161435147;2G;EDGE;1;250;1;770;491;-1;-77
;ServiceLog;md;1424161436172;2G;EDGE;1;250;1;770;491;-1;-77
;ServiceLog;md;1424161437187;2G;EDGE;1;250;1;770;491;-1;-77
;ServiceLog;md;1424161438208;2G;EDGE;1;250;1;770;491;-1;-79
;ServiceLog;md;1424161439256;2G;EDGE;1;250;1;770;491;-1;-79
;ServiceLog;md;1424161440304;2G;EDGE;1;250;1;770;491;-1;-79
;ServiceLog;md;1424161441354;2G;EDGE;1;250;1;770;491;-1;-73
;ServiceLog;md;1424161442393;2G;EDGE;1;250;1;770;491;-1;-73
;ServiceLog;md;1424161443420;2G;EDGE;1;250;1;770;491;-1;-73
;ServiceLog;md;1424161444436;2G;EDGE;1;250;1;770;491;-1;-75
;ServiceLog;md;1424161445449;2G;EDGE;1;250;1;770;491;-1;-75
;ServiceLog;md;1424161446464;2G;EDGE;1;250;1;770;491;-1;-75
;ServiceLog;md;1424161447509;2G;EDGE;1;250;1;770;491;-1;-81
;ServiceLog;md;1424161448546;2G;EDGE;1;250;1;770;491;-1;-81
;ServiceLog;md;1424161449583;2G;EDGE;1;250;1;770;491;-1;-81
;ServiceLog;md;1424161450633;2G;EDGE;1;250;1;770;491;-1;-87
;ServiceLog;md;1424161451649;2G;EDGE;1;250;1;770;491;-1;-87
;ServiceLog;md;1424161452684;2G;EDGE;1;250;1;770;491;-1;-87
;ServiceLog;md;1424161453699;2G;EDGE;1;250;1;770;491;-1;-87
;ServiceLog;md;1424161454735;2G;EDGE;1;250;1;770;491;-1;-87
;ServiceLog;md;1424161455769;2G;EDGE;1;250;1;770;491;-1;-87
;ServiceLog;md;1424161456803;2G;EDGE;1;250;1;770;491;-1;0
;ServiceLog;md;1424161457860;2G;EDGE;1;250;1;770;491;-1;-87
;ServiceLog;md;1424161458903;2G;EDGE;1;250;1;770;491;-1;-87
;ServiceLog;md;1424161459960;2G;EDGE;1;250;1;770;491;-1;-87
;ServiceLog;md;1424161460986;2G;EDGE;1;250;1;770;491;-1;-87
;ServiceLog;md;1424161462027;2G;EDGE;1;250;1;770;491;-1;-87
;ServiceLog;md;1424161463045;2G;EDGE;1;250;1;770;491;-1;-87
;ServiceLog;md;1424161464079;2G;EDGE;1;250;1;770;491;-1;-87
;ServiceLog;md;1424161465119;unknown;unknown;1;-1;-1;-1;-1;-1;-1
;ServiceLog;md;1424161466467;unknown;unknown;1;-1;-1;-1;-1;-1;-1
;ServiceLog;md;1424161467488;unknown;unknown;1;-1;-1;-1;-1;-1;-1
;ServiceLog;md;1424161468524;unknown;unknown;1;-1;-1;-1;-1;-1;-1
;ServiceLog;md;1424161469556;unknown;unknown;1;-1;-1;-1;-1;-1;-1
;ServiceLog;md;1424161470588;unknown;unknown;1;-1;-1;-1;-1;-1;-1
;ServiceLog;md;1424161471617;unknown;unknown;1;-1;-1;-1;-1;-1;-1
;ServiceLog;md;1424161472634;unknown;unknown;1;-1;-1;-1;-1;-1;-1
;ServiceLog;md;1424161473666;unknown;unknown;1;-1;-1;-1;-1;-1;-1
;ServiceLog;md;1424161474697;unknown;unknown;1;-1;-1;-1;-1;-1;-1
;ServiceLog;md;1424161475732;unknown;unknown;1;-1;-1;-1;-1;-1;-1
;ServiceLog;md;1424161476768;unknown;unknown;1;-1;-1;-1;-1;-1;-1
;ServiceLog;md;1424161477804;unknown;unknown;1;-1;-1;-1;-1;-1;-1
;ServiceLog;md;1424161478837;unknown;unknown;1;-1;-1;-1;-1;-1;-1
;ServiceLog;md;1424161479869;unknown;unknown;1;-1;-1;-1;-1;-1;-1
;ServiceLog;md;1424161480902;unknown;unknown;1;-1;-1;-1;-1;-1;-1
;ServiceLog;md;1424161481934;unknown;unknown;1;-1;-1;-1;-1;-1;-1
;ServiceLog;md;1424161482950;unknown;unknown;1;-1;-1;-1;-1;-1;-1
;ServiceLog;md;1424161483985;unknown;unknown;1;-1;-1;-1;-1;-1;-1
;ServiceLog;md;1424161485017;unknown;unknown;1;-1;-1;-1;-1;-1;-1
;ServiceLog;md;1424161486049;unknown;unknown;1;-1;-1;-1;-1;-1;-1
;ServiceLog;md;1424161487087;unknown;unknown;1;-1;-1;-1;-1;-1;-1
;ServiceLog;md;1424161488119;unknown;unknown;1;-1;-1;-1;-1;-1;-1
;ServiceLog;md;1424161489150;unknown;unknown;1;-1;-1;-1;-1;-1;-1
;ServiceLog;md;1424161490192;unknown;unknown;1;-1;-1;-1;-1;-1;-1
;ServiceLog;md;1424161491229;unknown;unknown;1;-1;-1;-1;-1;-1;-1
;ServiceLog;md;1424161492283;unknown;unknown;1;-1;-1;-1;-1;-1;-1
;ServiceLog;md;1424161493300;unknown;unknown;1;-1;-1;-1;-1;-1;-1
;ServiceLog;md;1424161494331;unknown;unknown;1;-1;-1;-1;-1;-1;-1
;ServiceLog;md;1424161495361;unknown;unknown;1;-1;-1;-1;-1;-1;-1
;ServiceLog;md;1424161496391;unknown;unknown;1;-1;-1;-1;-1;-1;-1
;ServiceLog;md;1424161497427;unknown;unknown;1;-1;-1;-1;-1;-1;-1
;ServiceLog;md;1424161498470;unknown;unknown;1;-1;-1;-1;-1;-1;-1
;ServiceLog;md;1424161499485;unknown;unknown;1;-1;-1;-1;-1;-1;-1
;ServiceLog;md;1424161500516;unknown;unknown;1;-1;-1;-1;-1;-1;-1
;ServiceLog;md;1424161501609;unknown;unknown;1;-1;-1;-1;-1;-1;-1
;ServiceLog;md;1424161502780;unknown;unknown;1;-1;-1;-1;-1;-1;-1
;ServiceLog;md;1424161503801;unknown;unknown;1;-1;-1;-1;-1;-1;-1
;ServiceLog;md;1424161504830;unknown;unknown;1;-1;-1;-1;-1;-1;-1
;ServiceLog;md;1424161505845;unknown;unknown;1;-1;-1;-1;-1;-1;-1
;ServiceLog;md;1424161506878;unknown;unknown;1;-1;-1;-1;-1;-1;-1
;ServiceLog;md;1424161507913;unknown;unknown;1;-1;-1;-1;-1;-1;-1
;ServiceLog;md;1424161508929;unknown;unknown;1;-1;-1;-1;-1;-1;-1
;ServiceLog;md;1424161509944;unknown;unknown;1;-1;-1;-1;-1;-1;-1
;ServiceLog;md;1424161510959;unknown;unknown;1;-1;-1;-1;-1;-1;-1
;ServiceLog;md;1424161511994;unknown;unknown;1;-1;-1;-1;-1;-1;-1
;ServiceLog;md;1424161513018;unknown;unknown;1;-1;-1;-1;-1;-1;-1
;ServiceLog;md;1424161514062;unknown;unknown;1;-1;-1;-1;-1;-1;-1
;ServiceLog;md;1424161515092;unknown;unknown;1;-1;-1;-1;-1;-1;-1
;ServiceLog;md;1424161516125;unknown;unknown;1;-1;-1;-1;-1;-1;-1
;ServiceLog;md;1424161517155;unknown;unknown;1;-1;-1;-1;-1;-1;-1
;ServiceLog;md;1424161518192;unknown;unknown;1;-1;-1;-1;-1;-1;-1
;ServiceLog;md;1424161519209;unknown;unknown;1;-1;-1;-1;-1;-1;-1
;ServiceLog;md;1424161520242;unknown;unknown;1;-1;-1;-1;-1;-1;-1
;ServiceLog;md;1424161521265;unknown;unknown;1;-1;-1;-1;-1;-1;-1
;ServiceLog;md;1424161522305;unknown;unknown;1;-1;-1;-1;-1;-1;-1
;ServiceLog;md;1424161523338;unknown;unknown;1;-1;-1;-1;-1;-1;-1
;ServiceLog;md;1424161524353;unknown;unknown;1;-1;-1;-1;-1;-1;-1
;ServiceLog;md;1424161525383;unknown;unknown;1;-1;-1;-1;-1;-1;-1
;ServiceLog;md;1424161526414;unknown;unknown;1;-1;-1;-1;-1;-1;-1
;ServiceLog;md;1424161527445;unknown;unknown;1;-1;-1;-1;-1;-1;-1
;ServiceLog;md;1424161528477;unknown;unknown;1;-1;-1;-1;-1;-1;-1
;ServiceLog;md;1424161529514;unknown;unknown;1;-1;-1;-1;-1;-1;-1
;ServiceLog;md;1424161530545;unknown;unknown;1;-1;-1;-1;-1;-1;-1
;ServiceLog;md;1424161531581;2G;EDGE;1;250;1;770;491;-1;-67
;ServiceLog;md;1424161532627;2G;EDGE;1;250;1;770;491;-1;-67
;ServiceLog;md;1424161533665;2G;EDGE;1;250;1;770;491;-1;-77
;ServiceLog;md;1424161534700;2G;EDGE;1;250;1;770;491;-1;-77
;ServiceLog;md;1424161535723;2G;EDGE;1;250;1;770;491;-1;-77
;ServiceLog;md;1424161536755;2G;EDGE;1;250;1;770;491;-1;-79
;ServiceLog;md;1424161537777;2G;EDGE;1;250;1;770;491;-1;-79
;ServiceLog;md;1424161538811;2G;EDGE;1;250;1;770;491;-1;-79
;ServiceLog;md;1424161539826;2G;EDGE;1;250;1;770;491;-1;-79
;ServiceLog;md;1424161540866;2G;EDGE;1;250;1;770;491;-1;-79
;ServiceLog;md;1424161541900;2G;EDGE;1;250;1;770;491;-1;-79
;ServiceLog;md;1424161542934;2G;EDGE;1;250;1;770;491;-1;-79
;ServiceLog;md;1424161543967;2G;EDGE;1;250;1;770;491;-1;-79
;ServiceLog;md;1424161544983;2G;EDGE;1;250;1;770;491;-1;-79
;ServiceLog;md;1424161546018;2G;EDGE;1;250;1;770;491;-1;-75
;ServiceLog;md;1424161547054;2G;EDGE;1;250;1;770;491;-1;-75
;ServiceLog;md;1424161548090;2G;EDGE;1;250;1;770;491;-1;-75
;ServiceLog;md;1424161549124;2G;EDGE;1;250;1;770;491;-1;-77
;ServiceLog;md;1424161550138;2G;EDGE;1;250;1;770;491;-1;-77
;ServiceLog;md;1424161551163;2G;EDGE;1;250;1;770;491;-1;-77
;ServiceLog;md;1424161552187;2G;EDGE;1;250;1;770;491;-1;-79
;ServiceLog;md;1424161553229;2G;EDGE;1;250;1;770;491;-1;-79
;ServiceLog;md;1424161554298;2G;EDGE;1;250;1;770;491;-1;-79
;ServiceLog;md;1424161555313;2G;EDGE;1;250;1;770;491;-1;-79
;ServiceLog;md;1424161556357;2G;EDGE;1;250;1;770;491;-1;-79
;ServiceLog;md;1424161557395;2G;EDGE;1;250;1;770;491;-1;-79
;ServiceLog;md;1424161558774;2G;EDGE;1;250;1;770;491;-1;-79
;ServiceLog;md;1424161559793;2G;EDGE;1;250;1;770;491;-1;-79
;ServiceLog;md;1424161560806;2G;EDGE;1;250;1;770;491;-1;-69
;ServiceLog;md;1424161561820;2G;EDGE;1;250;1;770;491;-1;-69
;ServiceLog;md;1424161562853;2G;EDGE;1;250;1;770;491;-1;-69
;ServiceLog;md;1424161563867;2G;EDGE;1;250;1;770;491;-1;-65
;ServiceLog;md;1424161564902;2G;EDGE;1;250;1;770;491;-1;-65
;ServiceLog;md;1424161565927;2G;EDGE;1;250;1;770;491;-1;-65
;ServiceLog;md;1424161566943;2G;EDGE;1;250;1;770;491;-1;-69
;ServiceLog;md;1424161567978;2G;EDGE;1;250;1;770;491;-1;-69
;ServiceLog;md;1424161569011;2G;EDGE;1;250;1;770;491;-1;-69
;ServiceLog;md;1424161570042;2G;EDGE;1;250;1;770;491;-1;-77
;ServiceLog;md;1424161571056;2G;EDGE;1;250;1;770;491;-1;-77
;ServiceLog;md;1424161572099;2G;EDGE;1;250;1;770;491;-1;-77
;ServiceLog;md;1424161573146;2G;EDGE;1;250;1;770;491;-1;-83
;ServiceLog;md;1424161574181;2G;EDGE;1;250;1;770;491;-1;-83
;ServiceLog;md;1424161575220;2G;EDGE;1;250;1;770;491;-1;-83
;ServiceLog;md;1424161576241;2G;EDGE;1;250;1;770;491;-1;-87
;ServiceLog;md;1424161577280;2G;EDGE;1;250;1;770;491;-1;-87
;ServiceLog;md;1424161578355;2G;EDGE;1;250;1;770;491;-1;-87
;ServiceLog;md;1424161579380;2G;EDGE;1;250;1;770;491;-1;-87
;ServiceLog;md;1424161580407;2G;EDGE;1;250;1;770;491;-1;-87
;ServiceLog;md;1424161581428;2G;EDGE;1;250;1;770;491;-1;-87
;ServiceLog;md;1424161582462;2G;EDGE;1;250;1;770;491;-1;-87
;ServiceLog;md;1424161583499;2G;EDGE;1;250;1;770;491;-1;-87
;ServiceLog;md;1424161584535;2G;EDGE;1;250;1;770;491;-1;-87
;ServiceLog;md;1424161585569;2G;EDGE;1;250;1;770;491;-1;-87
;ServiceLog;md;1424161586587;2G;EDGE;1;250;1;770;491;-1;-87
;ServiceLog;md;1424161587621;2G;EDGE;1;250;1;770;491;-1;-87
;ServiceLog;md;1424161588657;2G;EDGE;1;250;1;770;491;-1;-87
;ServiceLog;md;1424161589693;2G;EDGE;1;250;1;770;491;-1;-87
;ServiceLog;md;1424161590729;2G;EDGE;1;250;1;770;491;-1;-87
;ServiceLog;md;1424161591766;2G;EDGE;1;250;1;770;491;-1;-87
;ServiceLog;md;1424161592807;2G;EDGE;1;250;1;770;491;-1;-87
;ServiceLog;md;1424161593977;unknown;unknown;1;-1;-1;-1;-1;-1;-1
;ServiceLog;md;1424161594997;unknown;unknown;1;-1;-1;-1;-1;-1;-1
;ServiceLog;md;1424161596030;unknown;unknown;1;-1;-1;-1;-1;-1;-1
;ServiceLog;md;1424161597064;unknown;unknown;1;-1;-1;-1;-1;-1;-1
;ServiceLog;md;1424161598096;unknown;unknown;1;-1;-1;-1;-1;-1;-1
;ServiceLog;md;1424161599132;unknown;unknown;1;-1;-1;-1;-1;-1;-1
;ServiceLog;md;1424161600149;unknown;unknown;1;-1;-1;-1;-1;-1;-1
;ServiceLog;md;1424161601182;unknown;unknown;1;-1;-1;-1;-1;-1;-1
;ServiceLog;md;1424161602214;unknown;unknown;1;-1;-1;-1;-1;-1;-1
;ServiceLog;md;1424161603245;unknown;unknown;1;-1;-1;-1;-1;-1;-1
;ServiceLog;md;1424161604276;unknown;unknown;1;-1;-1;-1;-1;-1;-1
;ServiceLog;md;1424161605292;unknown;unknown;1;-1;-1;-1;-1;-1;-1
;ServiceLog;md;1424161606325;unknown;unknown;1;-1;-1;-1;-1;-1;-1
;ServiceLog;md;1424161607357;unknown;unknown;1;-1;-1;-1;-1;-1;-1
;ServiceLog;md;1424161608393;unknown;unknown;1;-1;-1;-1;-1;-1;-1
;ServiceLog;md;1424161609410;unknown;unknown;1;-1;-1;-1;-1;-1;-1
;ServiceLog;md;1424161610455;unknown;unknown;1;-1;-1;-1;-1;-1;-1
;ServiceLog;md;1424161611500;unknown;unknown;1;-1;-1;-1;-1;-1;-1
;ServiceLog;md;1424161612518;unknown;unknown;1;-1;-1;-1;-1;-1;-1
;ServiceLog;md;1424161613553;unknown;unknown;1;-1;-1;-1;-1;-1;-1
;ServiceLog;md;1424161614585;unknown;unknown;1;-1;-1;-1;-1;-1;-1
;ServiceLog;md;1424161615619;unknown;unknown;1;-1;-1;-1;-1;-1;-1
;ServiceLog;md;1424161616650;unknown;unknown;1;-1;-1;-1;-1;-1;-1
;ServiceLog;md;1424161617666;unknown;unknown;1;-1;-1;-1;-1;-1;-1
;ServiceLog;md;1424161618698;unknown;unknown;1;-1;-1;-1;-1;-1;-1
;ServiceLog;md;1424161619733;unknown;unknown;1;-1;-1;-1;-1;-1;-1
;ServiceLog;md;1424161620796;unknown;unknown;1;-1;-1;-1;-1;-1;-1
;ServiceLog;md;1424161621837;unknown;unknown;1;-1;-1;-1;-1;-1;-1
;ServiceLog;md;1424161622857;unknown;unknown;1;-1;-1;-1;-1;-1;-1
;ServiceLog;md;1424161623886;unknown;unknown;1;-1;-1;-1;-1;-1;-1
;ServiceLog;md;1424161624925;unknown;unknown;1;-1;-1;-1;-1;-1;-1
;ServiceLog;md;1424161625976;unknown;unknown;1;-1;-1;-1;-1;-1;-1
;ServiceLog;md;1424161626991;unknown;unknown;1;-1;-1;-1;-1;-1;-1
;ServiceLog;md;1424161628026;unknown;unknown;1;-1;-1;-1;-1;-1;-1
;ServiceLog;md;1424161629058;unknown;unknown;1;-1;-1;-1;-1;-1;-1
;ServiceLog;md;1424161630093;unknown;unknown;1;-1;-1;-1;-1;-1;-1
;ServiceLog;md;1424161631116;unknown;unknown;1;-1;-1;-1;-1;-1;-1
;ServiceLog;md;1424161632144;unknown;unknown;1;-1;-1;-1;-1;-1;-1
;ServiceLog;md;1424161633159;unknown;unknown;1;-1;-1;-1;-1;-1;-1
;ServiceLog;md;1424161634199;unknown;unknown;1;-1;-1;-1;-1;-1;-1
;ServiceLog;md;1424161635213;unknown;unknown;1;-1;-1;-1;-1;-1;-1
;ServiceLog;md;1424161636243;unknown;unknown;1;-1;-1;-1;-1;-1;-1
;ServiceLog;md;1424161637275;unknown;unknown;1;-1;-1;-1;-1;-1;-1
;ServiceLog;md;1424161638288;unknown;unknown;1;-1;-1;-1;-1;-1;-1
;ServiceLog;md;1424161639317;unknown;unknown;1;-1;-1;-1;-1;-1;-1
;ServiceLog;md;1424161640347;unknown;unknown;1;-1;-1;-1;-1;-1;-1
;ServiceLog;md;1424161641556;unknown;unknown;1;-1;-1;-1;-1;-1;-1
;ServiceLog;md;1424161642587;unknown;unknown;1;-1;-1;-1;-1;-1;-1
;ServiceLog;md;1424161643620;unknown;unknown;1;-1;-1;-1;-1;-1;-1
;ServiceLog;md;1424161644640;unknown;unknown;1;-1;-1;-1;-1;-1;-1
;ServiceLog;md;1424161645682;unknown;unknown;1;-1;-1;-1;-1;-1;-1
;ServiceLog;md;1424161646704;unknown;unknown;1;-1;-1;-1;-1;-1;-1
;ServiceLog;md;1424161647742;unknown;unknown;1;-1;-1;-1;-1;-1;-1
;ServiceLog;md;1424161648773;unknown;unknown;1;-1;-1;-1;-1;-1;-1
;ServiceLog;md;1424161649806;unknown;unknown;1;-1;-1;-1;-1;-1;-1
;ServiceLog;md;1424161650823;unknown;unknown;1;-1;-1;-1;-1;-1;-1
;ServiceLog;md;1424161651857;unknown;unknown;1;-1;-1;-1;-1;-1;-1
;ServiceLog;md;1424161652887;unknown;unknown;1;-1;-1;-1;-1;-1;-1
;ServiceLog;md;1424161653901;2G;EDGE;1;250;1;770;492;-1;-73
;ServiceLog;md;1424161654961;2G;EDGE;1;250;1;770;492;-1;-73
;ServiceLog;md;1424161655977;2G;EDGE;1;250;1;770;492;-1;-73
;ServiceLog;md;1424161657015;2G;EDGE;1;250;1;770;492;-1;-75
;ServiceLog;md;1424161658049;2G;EDGE;1;250;1;770;492;-1;-75
;ServiceLog;md;1424161659066;2G;EDGE;1;250;1;770;492;-1;-75
;ServiceLog;md;1424161660103;2G;EDGE;1;250;1;770;492;-1;-77
;ServiceLog;md;1424161661136;2G;EDGE;1;250;1;770;492;-1;-77
;ServiceLog;md;1424161662170;2G;EDGE;1;250;1;770;492;-1;-77
;ServiceLog;md;1424161663199;2G;EDGE;1;250;1;770;492;-1;-79
;ServiceLog;md;1424161664213;2G;EDGE;1;250;1;770;492;-1;-79
;ServiceLog;md;1424161665233;2G;EDGE;1;250;1;770;492;-1;-79
;ServiceLog;md;1424161666285;2G;EDGE;1;250;1;770;492;-1;-81
;ServiceLog;md;1424161667320;2G;EDGE;1;250;1;770;492;-1;-81
;ServiceLog;md;1424161668359;2G;EDGE;1;250;1;770;492;-1;-81
;ServiceLog;md;1424161669377;2G;EDGE;1;250;1;770;492;-1;-81
;ServiceLog;md;1424161670418;2G;EDGE;1;250;1;770;492;-1;-81
;ServiceLog;md;1424161671454;2G;EDGE;1;250;1;770;492;-1;-81
;ServiceLog;md;1424161672488;2G;EDGE;1;250;1;770;492;-1;-83
;ServiceLog;md;1424161673525;2G;EDGE;1;250;1;770;492;-1;-83
;ServiceLog;md;1424161674546;2G;EDGE;1;250;1;770;492;-1;-83
;ServiceLog;md;1424161675564;2G;EDGE;1;250;1;770;492;-1;-83
;ServiceLog;md;1424161676598;2G;EDGE;1;250;1;770;492;-1;-83
;ServiceLog;md;1424161677632;2G;EDGE;1;250;1;770;492;-1;-83
;ServiceLog;md;1424161678666;2G;EDGE;1;250;1;770;492;-1;-83
;ServiceLog;md;1424161679705;2G;EDGE;1;250;1;770;492;-1;-83
;ServiceLog;md;1424161680744;2G;EDGE;1;250;1;770;492;-1;-83
;ServiceLog;md;1424161681776;2G;EDGE;1;250;1;770;492;-1;-83
;ServiceLog;md;1424161682829;2G;EDGE;1;250;1;770;492;-1;-83
;ServiceLog;md;1424161683863;2G;EDGE;1;250;1;770;492;-1;-83
;ServiceLog;md;1424161684880;2G;EDGE;1;250;1;770;492;-1;-83
;ServiceLog;md;1424161685984;2G;EDGE;1;250;1;770;492;-1;-83
;ServiceLog;md;1424161686999;2G;EDGE;1;250;1;770;492;-1;-81
;ServiceLog;md;1424161688038;2G;EDGE;1;250;1;770;492;-1;-81
;ServiceLog;md;1424161689073;2G;EDGE;1;250;1;770;492;-1;-81
;ServiceLog;md;1424161690107;2G;EDGE;1;250;1;770;492;-1;-81
;ServiceLog;md;1424161691146;2G;EDGE;1;250;1;770;492;-1;-81
;ServiceLog;md;1424161692179;2G;EDGE;1;250;1;770;492;-1;-81
;ServiceLog;md;1424161693219;2G;EDGE;1;250;1;770;492;-1;-81
;ServiceLog;md;1424161694253;2G;EDGE;1;250;1;770;492;-1;-81
;ServiceLog;md;1424161695269;2G;EDGE;1;250;1;770;492;-1;-81
;ServiceLog;md;1424161696304;2G;EDGE;1;250;1;770;492;-1;-81
;ServiceLog;md;1424161697350;2G;EDGE;1;250;1;770;492;-1;-81
;ServiceLog;md;1424161698384;2G;EDGE;1;250;1;770;492;-1;-81
;ServiceLog;md;1424161699421;2G;EDGE;1;250;1;770;492;-1;-81
;ServiceLog;md;1424161700456;2G;EDGE;1;250;1;770;492;-1;-81
;ServiceLog;md;1424161701489;2G;EDGE;1;250;1;770;492;-1;-81
;ServiceLog;md;1424161702527;2G;EDGE;1;250;1;770;492;-1;-81
;ServiceLog;md;1424161703561;2G;EDGE;1;250;1;770;492;-1;-81
;ServiceLog;md;1424161704594;2G;EDGE;1;250;1;770;492;-1;-81
;ServiceLog;md;1424161705633;2G;EDGE;1;250;1;770;492;-1;-83
;ServiceLog;md;1424161706669;2G;EDGE;1;250;1;770;492;-1;-83
;ServiceLog;md;1424161707701;2G;EDGE;1;250;1;770;492;-1;-83
;ServiceLog;md;1424161708737;2G;EDGE;1;250;1;770;492;-1;-83
;ServiceLog;md;1424161709774;2G;EDGE;1;250;1;770;492;-1;-83
;ServiceLog;md;1424161710847;2G;EDGE;1;250;1;770;492;-1;-83
;ServiceLog;md;1424161711882;2G;EDGE;1;250;1;770;492;-1;-83
;ServiceLog;md;1424161712917;2G;EDGE;1;250;1;770;492;-1;-83
;ServiceLog;md;1424161713949;2G;EDGE;1;250;1;770;492;-1;-81
;ServiceLog;md;1424161714964;2G;EDGE;1;250;1;770;492;-1;-81
;ServiceLog;md;1424161716003;2G;EDGE;1;250;1;770;492;-1;-81
;ServiceLog;md;1424161717040;2G;EDGE;1;250;1;770;492;-1;-81
;ServiceLog;md;1424161718073;2G;EDGE;1;250;1;770;492;-1;-81
;ServiceLog;md;1424161719106;2G;EDGE;1;250;1;770;492;-1;-81
;ServiceLog;md;1424161720146;2G;EDGE;1;250;1;770;492;-1;-81
;ServiceLog;md;1424161721183;2G;EDGE;1;250;1;770;492;-1;-81
;ServiceLog;md;1424161722234;2G;EDGE;1;250;1;770;492;-1;-81
;ServiceLog;md;1424161723269;2G;EDGE;1;250;1;770;492;-1;-81
;ServiceLog;md;1424161724308;2G;EDGE;1;250;1;770;492;-1;-81
;ServiceLog;md;1424161725349;2G;EDGE;1;250;1;770;492;-1;-81
;ServiceLog;md;1424161726398;2G;EDGE;1;250;1;770;492;-1;-79
;ServiceLog;md;1424161727433;2G;EDGE;1;250;1;770;492;-1;-79
;ServiceLog;md;1424161728467;2G;EDGE;1;250;1;770;492;-1;-79
;ServiceLog;md;1424161729505;2G;EDGE;1;250;1;770;492;-1;-79
;ServiceLog;md;1424161730560;2G;EDGE;1;250;1;770;492;-1;-79
;ServiceLog;md;1424161731575;2G;EDGE;1;250;1;770;492;-1;-79
;ServiceLog;md;1424161732610;2G;EDGE;1;250;1;770;492;-1;-79
;ServiceLog;md;1424161733645;2G;EDGE;1;250;1;770;492;-1;-79
;ServiceLog;md;1424161734684;2G;EDGE;1;250;1;770;492;-1;-79
;ServiceLog;md;1424161735723;2G;EDGE;1;250;1;770;492;-1;-79
;ServiceLog;md;1424161736760;2G;EDGE;1;250;1;770;492;-1;-79
;ServiceLog;md;1424161737793;2G;EDGE;1;250;1;770;492;-1;-79
;ServiceLog;md;1424161738830;2G;EDGE;1;250;1;770;492;-1;-79
;ServiceLog;md;1424161739861;2G;EDGE;1;250;1;770;492;-1;-79
;ServiceLog;md;1424161740889;2G;EDGE;1;250;1;770;492;-1;-79
;ServiceLog;md;1424161741924;2G;EDGE;1;250;1;770;492;-1;-79
;ServiceLog;md;1424161742971;2G;EDGE;1;250;1;770;492;-1;-79
;ServiceLog;md;1424161744004;2G;EDGE;1;250;1;770;492;-1;-79
;ServiceLog;md;1424161745023;2G;EDGE;1;250;1;770;492;-1;-79
;ServiceLog;md;1424161746044;2G;EDGE;1;250;1;770;492;-1;-79
;ServiceLog;md;1424161747083;2G;EDGE;1;250;1;770;492;-1;-79
;ServiceLog;md;1424161748119;2G;EDGE;1;250;1;770;492;-1;-79
;ServiceLog;md;1424161750160;2G;EDGE;1;250;1;770;492;-1;-77
;ServiceLog;md;1424161751223;2G;EDGE;1;250;1;770;492;-1;-77
;ServiceLog;md;1424161752394;2G;EDGE;1;250;1;770;492;-1;-77
;ServiceLog;md;1424161753415;2G;EDGE;1;250;1;770;492;-1;-71
;ServiceLog;md;1424161754453;2G;EDGE;1;250;1;770;492;-1;-71
;ServiceLog;md;1424161755502;2G;EDGE;1;250;1;770;492;-1;-71
;ServiceLog;md;1424161756516;2G;EDGE;1;250;1;770;492;-1;-75
;ServiceLog;md;1424161757528;2G;EDGE;1;250;1;770;492;-1;-75
;ServiceLog;md;1424161758554;2G;EDGE;1;250;1;770;492;-1;-75
;ServiceLog;md;1424161759576;2G;EDGE;1;250;1;770;492;-1;-79
;ServiceLog;md;1424161760604;2G;EDGE;1;250;1;770;492;-1;-79
;ServiceLog;md;1424161761852;2G;EDGE;1;250;1;770;492;-1;-79
;ServiceLog;md;1424161762873;2G;EDGE;1;250;1;770;492;-1;-79
;ServiceLog;md;1424161763893;2G;EDGE;1;250;1;770;492;-1;-79
;ServiceLog;md;1424161764917;2G;EDGE;1;250;1;770;492;-1;-79
;ServiceLog;md;1424161765946;2G;EDGE;1;250;1;770;492;-1;-79
;ServiceLog;md;1424161766969;2G;EDGE;1;250;1;770;492;-1;-79
;ServiceLog;md;1424161768007;2G;EDGE;1;250;1;770;492;-1;-79
;ServiceLog;md;1424161769042;2G;EDGE;1;250;1;770;492;-1;-79
;ServiceLog;md;1424161770075;2G;EDGE;1;250;1;770;492;-1;-79
;ServiceLog;md;1424161771113;2G;EDGE;1;250;1;770;492;-1;-79
;ServiceLog;md;1424161772132;2G;EDGE;1;250;1;770;492;-1;-79
;ServiceLog;md;1424161773190;2G;EDGE;1;250;1;770;492;-1;-79
;ServiceLog;md;1424161774210;2G;EDGE;1;250;1;770;492;-1;-79
;ServiceLog;md;1424161775256;2G;EDGE;1;250;1;770;492;-1;-79
;ServiceLog;md;1424161776293;2G;EDGE;1;250;1;770;492;-1;-79
;ServiceLog;md;1424161777333;2G;EDGE;1;250;1;770;492;-1;-79
;ServiceLog;md;1424161777333;2G;EDGE;250-1-770-492;250;1;26803;49616;-1;-87
;ServiceLog;md;1424161778376;2G;EDGE;1;250;1;770;492;-1;-79
;ServiceLog;md;1424161778376;2G;EDGE;250-1-770-492;250;1;26803;49616;-1;-89
;ServiceLog;md;1424161779395;2G;EDGE;1;250;1;770;492;-1;-79
;ServiceLog;md;1424161779395;2G;EDGE;250-1-770-492;250;1;26803;49616;-1;-89
;ServiceLog;md;1424161780446;unknown;unknown;1;-1;-1;-1;-1;-1;-1
;ServiceLog;md;1424161781472;unknown;unknown;1;-1;-1;-1;-1;-1;-1
;ServiceLog;md;1424161782494;unknown;unknown;1;-1;-1;-1;-1;-1;-1
;ServiceLog;md;1424161783534;unknown;unknown;1;-1;-1;-1;-1;-1;-1
;ServiceLog;md;1424161784550;unknown;unknown;1;-1;-1;-1;-1;-1;-1
;ServiceLog;md;1424161785581;unknown;unknown;1;-1;-1;-1;-1;-1;-1
;ServiceLog;md;1424161786611;unknown;unknown;1;-1;-1;-1;-1;-1;-1
;ServiceLog;md;1424161787642;unknown;unknown;1;-1;-1;-1;-1;-1;-1
;ServiceLog;md;1424161788672;unknown;unknown;1;-1;-1;-1;-1;-1;-1
;ServiceLog;md;1424161789687;unknown;unknown;1;-1;-1;-1;-1;-1;-1
;ServiceLog;md;1424161790720;unknown;unknown;1;-1;-1;-1;-1;-1;-1
;ServiceLog;md;1424161791751;unknown;unknown;1;-1;-1;-1;-1;-1;-1
;ServiceLog;md;1424161792782;unknown;unknown;1;-1;-1;-1;-1;-1;-1
;ServiceLog;md;1424161793812;unknown;unknown;1;-1;-1;-1;-1;-1;-1
;ServiceLog;md;1424161794835;unknown;unknown;1;-1;-1;-1;-1;-1;-1
;ServiceLog;md;1424161795865;unknown;unknown;1;-1;-1;-1;-1;-1;-1
;ServiceLog;md;1424161796902;unknown;unknown;1;-1;-1;-1;-1;-1;-1
;ServiceLog;md;1424161797932;unknown;unknown;1;-1;-1;-1;-1;-1;-1
;ServiceLog;md;1424161798963;unknown;unknown;1;-1;-1;-1;-1;-1;-1
;ServiceLog;md;1424161799977;unknown;unknown;1;-1;-1;-1;-1;-1;-1
;ServiceLog;md;1424161800995;unknown;unknown;1;-1;-1;-1;-1;-1;-1
;ServiceLog;md;1424161802026;unknown;unknown;1;-1;-1;-1;-1;-1;-1
;ServiceLog;md;1424161803057;unknown;unknown;1;-1;-1;-1;-1;-1;-1
;ServiceLog;md;1424161804094;unknown;unknown;1;-1;-1;-1;-1;-1;-1
;ServiceLog;md;1424161805124;unknown;unknown;1;-1;-1;-1;-1;-1;-1
;ServiceLog;md;1424161806154;unknown;unknown;1;-1;-1;-1;-1;-1;-1
;ServiceLog;md;1424161807185;unknown;unknown;1;-1;-1;-1;-1;-1;-1
;ServiceLog;md;1424161808220;unknown;unknown;1;-1;-1;-1;-1;-1;-1
;ServiceLog;md;1424161809251;unknown;unknown;1;-1;-1;-1;-1;-1;-1
;ServiceLog;md;1424161810286;unknown;unknown;1;-1;-1;-1;-1;-1;-1
;ServiceLog;md;1424161811319;unknown;unknown;1;-1;-1;-1;-1;-1;-1
;ServiceLog;md;1424161812348;unknown;unknown;1;-1;-1;-1;-1;-1;-1
;ServiceLog;md;1424161813383;unknown;unknown;1;-1;-1;-1;-1;-1;-1
;ServiceLog;md;1424161814423;unknown;unknown;1;-1;-1;-1;-1;-1;-1
;ServiceLog;md;1424161815483;unknown;unknown;1;-1;-1;-1;-1;-1;-1
;ServiceLog;md;1424161816501;unknown;unknown;1;-1;-1;-1;-1;-1;-1
;ServiceLog;md;1424161817515;unknown;unknown;1;-1;-1;-1;-1;-1;-1
;ServiceLog;md;1424161818536;unknown;unknown;1;-1;-1;-1;-1;-1;-1
;ServiceLog;md;1424161819566;unknown;unknown;1;-1;-1;-1;-1;-1;-1
;ServiceLog;md;1424161820583;unknown;unknown;1;-1;-1;-1;-1;-1;-1
;ServiceLog;md;1424161821625;unknown;unknown;1;-1;-1;-1;-1;-1;-1
;ServiceLog;md;1424161822655;unknown;unknown;1;-1;-1;-1;-1;-1;-1
;ServiceLog;md;1424161823677;unknown;unknown;1;-1;-1;-1;-1;-1;-1
;ServiceLog;md;1424161824691;unknown;unknown;1;-1;-1;-1;-1;-1;-1
;ServiceLog;md;1424161825705;unknown;unknown;1;-1;-1;-1;-1;-1;-1
;ServiceLog;md;1424161826736;unknown;unknown;1;-1;-1;-1;-1;-1;-1
;ServiceLog;md;1424161827766;unknown;unknown;1;-1;-1;-1;-1;-1;-1
;ServiceLog;md;1424161828805;unknown;unknown;1;-1;-1;-1;-1;-1;-1
;ServiceLog;md;1424161829819;unknown;unknown;1;-1;-1;-1;-1;-1;-1
;ServiceLog;md;1424161830848;unknown;unknown;1;-1;-1;-1;-1;-1;-1
;ServiceLog;md;1424161831883;unknown;unknown;1;-1;-1;-1;-1;-1;-1
;ServiceLog;md;1424161832912;unknown;unknown;1;-1;-1;-1;-1;-1;-1
;ServiceLog;md;1424161833946;unknown;unknown;1;-1;-1;-1;-1;-1;-1
;ServiceLog;md;1424161834980;unknown;unknown;1;-1;-1;-1;-1;-1;-1
;ServiceLog;md;1424161836016;unknown;unknown;1;-1;-1;-1;-1;-1;-1
;ServiceLog;md;1424161837046;unknown;unknown;1;-1;-1;-1;-1;-1;-1
;ServiceLog;md;1424161838077;unknown;unknown;1;-1;-1;-1;-1;-1;-1
;ServiceLog;md;1424161839108;unknown;unknown;1;-1;-1;-1;-1;-1;-1
;ServiceLog;md;1424161840151;unknown;unknown;1;-1;-1;-1;-1;-1;-1
;ServiceLog;md;1424161841196;unknown;unknown;1;-1;-1;-1;-1;-1;-1
;ServiceLog;md;1424161842227;unknown;unknown;1;-1;-1;-1;-1;-1;-1
;ServiceLog;md;1424161843261;unknown;unknown;1;-1;-1;-1;-1;-1;-1
;ServiceLog;md;1424161844291;unknown;unknown;1;-1;-1;-1;-1;-1;-1
;ServiceLog;md;1424161845321;unknown;unknown;1;-1;-1;-1;-1;-1;-1
;ServiceLog;md;1424161846353;unknown;unknown;1;-1;-1;-1;-1;-1;-1
;ServiceLog;md;1424161847385;unknown;unknown;1;-1;-1;-1;-1;-1;-1
;ServiceLog;md;1424161848422;unknown;unknown;1;-1;-1;-1;-1;-1;-1
;ServiceLog;md;1424161849453;unknown;unknown;1;-1;-1;-1;-1;-1;-1
;ServiceLog;md;1424161850483;unknown;unknown;1;-1;-1;-1;-1;-1;-1
;ServiceLog;md;1424161851496;unknown;unknown;1;-1;-1;-1;-1;-1;-1
;ServiceLog;md;1424161852572;unknown;unknown;1;-1;-1;-1;-1;-1;-1
;ServiceLog;md;1424161853604;unknown;unknown;1;-1;-1;-1;-1;-1;-1
;ServiceLog;md;1424161854646;unknown;unknown;1;-1;-1;-1;-1;-1;-1
;ServiceLog;md;1424161855681;unknown;unknown;1;-1;-1;-1;-1;-1;-1
;ServiceLog;md;1424161856695;unknown;unknown;1;-1;-1;-1;-1;-1;-1
;ServiceLog;md;1424161857726;unknown;unknown;1;-1;-1;-1;-1;-1;-1
;ServiceLog;md;1424161858757;unknown;unknown;1;-1;-1;-1;-1;-1;-1
;ServiceLog;md;1424161859798;unknown;unknown;1;-1;-1;-1;-1;-1;-1
;ServiceLog;md;1424161860859;unknown;unknown;1;-1;-1;-1;-1;-1;-1
;ServiceLog;md;1424161861872;unknown;unknown;1;-1;-1;-1;-1;-1;-1
;ServiceLog;md;1424161862906;unknown;unknown;1;-1;-1;-1;-1;-1;-1
;ServiceLog;md;1424161863936;unknown;unknown;1;-1;-1;-1;-1;-1;-1
;ServiceLog;md;1424161864967;unknown;unknown;1;-1;-1;-1;-1;-1;-1
;ServiceLog;md;1424161865999;unknown;unknown;1;-1;-1;-1;-1;-1;-1
;ServiceLog;md;1424161867030;unknown;unknown;1;-1;-1;-1;-1;-1;-1
;ServiceLog;md;1424161868061;unknown;unknown;1;-1;-1;-1;-1;-1;-1
;ServiceLog;md;1424161869095;unknown;unknown;1;-1;-1;-1;-1;-1;-1
;ServiceLog;md;1424161870128;unknown;unknown;1;-1;-1;-1;-1;-1;-1
;ServiceLog;md;1424161871145;unknown;unknown;1;-1;-1;-1;-1;-1;-1
;ServiceLog;md;1424161872190;unknown;unknown;1;-1;-1;-1;-1;-1;-1
;ServiceLog;md;1424161873219;unknown;unknown;1;-1;-1;-1;-1;-1;-1
;ServiceLog;md;1424161874238;unknown;unknown;1;-1;-1;-1;-1;-1;-1
;ServiceLog;md;1424161875259;unknown;unknown;1;-1;-1;-1;-1;-1;-1
;ServiceLog;md;1424161876289;unknown;unknown;1;-1;-1;-1;-1;-1;-1
;ServiceLog;md;1424161877310;unknown;unknown;1;-1;-1;-1;-1;-1;-1
;ServiceLog;md;1424161878345;unknown;unknown;1;-1;-1;-1;-1;-1;-1
;ServiceLog;md;1424161879376;unknown;unknown;1;-1;-1;-1;-1;-1;-1
;ServiceLog;md;1424161880405;unknown;unknown;1;-1;-1;-1;-1;-1;-1
;ServiceLog;md;1424161881417;unknown;unknown;1;-1;-1;-1;-1;-1;-1
;ServiceLog;md;1424161882431;unknown;unknown;1;-1;-1;-1;-1;-1;-1
;ServiceLog;md;1424161883467;unknown;unknown;1;-1;-1;-1;-1;-1;-1
;ServiceLog;md;1424161884497;unknown;unknown;1;-1;-1;-1;-1;-1;-1
;ServiceLog;md;1424161885530;unknown;unknown;1;-1;-1;-1;-1;-1;-1
;ServiceLog;md;1424161886560;unknown;unknown;1;-1;-1;-1;-1;-1;-1
;ServiceLog;md;1424161887573;unknown;unknown;1;-1;-1;-1;-1;-1;-1
;ServiceLog;md;1424161888606;unknown;unknown;1;-1;-1;-1;-1;-1;-1
;ServiceLog;md;1424161889622;unknown;unknown;1;-1;-1;-1;-1;-1;-1
;ServiceLog;md;1424161890653;unknown;unknown;1;-1;-1;-1;-1;-1;-1
;ServiceLog;md;1424161891679;2G;EDGE;1;250;1;770;492;-1;-69
;ServiceLog;md;1424161892696;2G;EDGE;1;250;1;770;492;-1;-69
;ServiceLog;md;1424161893709;2G;EDGE;1;250;1;770;492;-1;-69
;ServiceLog;md;1424161894726;2G;EDGE;1;250;1;770;492;-1;-75
;ServiceLog;md;1424161895767;2G;EDGE;1;250;1;770;492;-1;-75
;ServiceLog;md;1424161896803;2G;EDGE;1;250;1;770;492;-1;-75
;ServiceLog;md;1424161897818;2G;EDGE;1;250;1;770;492;-1;-79
;ServiceLog;md;1424161898868;2G;EDGE;1;250;1;770;492;-1;-79
;ServiceLog;md;1424161899906;2G;EDGE;1;250;1;770;492;-1;-79
;ServiceLog;md;1424161900939;2G;EDGE;1;250;1;770;492;-1;-83
;ServiceLog;md;1424161901970;2G;EDGE;1;250;1;770;492;-1;-83
;ServiceLog;md;1424161902985;2G;EDGE;1;250;1;770;492;-1;-83
;ServiceLog;md;1424161904037;2G;EDGE;1;250;1;770;492;-1;-83
;ServiceLog;md;1424161905084;2G;EDGE;1;250;1;770;492;-1;-83
;ServiceLog;md;1424161906121;2G;EDGE;1;250;1;770;492;-1;-83
;ServiceLog;md;1424161907155;2G;EDGE;1;250;1;770;492;-1;-85
;ServiceLog;md;1424161908184;2G;EDGE;1;250;1;770;492;-1;-85
;ServiceLog;md;1424161909215;2G;EDGE;1;250;1;770;492;-1;-85
;ServiceLog;md;1424161910254;2G;EDGE;1;250;1;770;492;-1;-85
;ServiceLog;md;1424161911301;2G;EDGE;1;250;1;770;492;-1;-85
;ServiceLog;md;1424161912341;2G;EDGE;1;250;1;770;492;-1;-85
;ServiceLog;md;1424161913367;2G;EDGE;1;250;1;770;492;-1;-85
;ServiceLog;md;1424161914421;2G;EDGE;1;250;1;770;492;-1;-85
;ServiceLog;md;1424161915455;2G;EDGE;1;250;1;770;492;-1;-85
;ServiceLog;md;1424161916488;2G;EDGE;1;250;1;770;492;-1;-85
;ServiceLog;md;1424161917519;2G;EDGE;1;250;1;770;492;-1;-85
;ServiceLog;md;1424161918535;2G;EDGE;1;250;1;770;492;-1;-85
;ServiceLog;md;1424161919572;2G;EDGE;1;250;1;770;492;-1;-85
;ServiceLog;md;1424161920612;2G;EDGE;1;250;1;770;492;-1;-85
;ServiceLog;md;1424161921645;2G;EDGE;1;250;1;770;492;-1;-83
;ServiceLog;md;1424161922679;2G;EDGE;1;250;1;770;492;-1;-83
;ServiceLog;md;1424161923694;2G;EDGE;1;250;1;770;492;-1;-83
;ServiceLog;md;1424161924727;2G;EDGE;1;250;1;770;492;-1;-83
;ServiceLog;md;1424161925757;2G;EDGE;1;250;1;770;492;-1;-83
;ServiceLog;md;1424161926794;2G;EDGE;1;250;1;770;492;-1;-83
;ServiceLog;md;1424161927828;2G;EDGE;1;250;1;770;492;-1;-79
;ServiceLog;md;1424161929197;2G;EDGE;1;250;1;770;492;-1;-79
;ServiceLog;md;1424161930230;2G;EDGE;1;250;1;770;492;-1;-79
;ServiceLog;md;1424161931264;2G;EDGE;1;250;1;770;492;-1;-79
;ServiceLog;md;1424161932319;2G;EDGE;1;250;1;770;492;-1;-79
;ServiceLog;md;1424161933351;2G;EDGE;1;250;1;770;492;-1;-77
;ServiceLog;md;1424161934364;2G;EDGE;1;250;1;770;492;-1;-77
;ServiceLog;md;1424161935386;2G;EDGE;1;250;1;770;492;-1;-77
;ServiceLog;md;1424161936445;2G;EDGE;1;250;1;770;492;-1;-69
;ServiceLog;md;1424161937471;2G;EDGE;1;250;1;770;492;-1;-69
;ServiceLog;md;1424161938504;2G;EDGE;1;250;1;770;492;-1;-69
;ServiceLog;md;1424161939559;2G;EDGE;1;250;1;770;492;-1;-69
;ServiceLog;md;1424161940599;2G;EDGE;1;250;1;770;492;-1;-69
;ServiceLog;md;1424161941635;2G;EDGE;1;250;1;770;492;-1;-69
;ServiceLog;md;1424161942674;2G;EDGE;1;250;1;770;492;-1;-75
;ServiceLog;md;1424161943707;2G;EDGE;1;250;1;770;492;-1;-75
;ServiceLog;md;1424161944845;2G;EDGE;1;250;1;770;492;-1;-75
;ServiceLog;md;1424161945862;2G;EDGE;1;250;1;770;492;-1;-75
;ServiceLog;md;1424161946896;2G;EDGE;1;250;1;770;492;-1;-75
;ServiceLog;md;1424161947949;2G;EDGE;1;250;1;770;492;-1;-75
;ServiceLog;md;1424161948985;2G;EDGE;1;250;1;770;492;-1;-75
;ServiceLog;md;1424161950026;2G;EDGE;1;250;1;770;492;-1;-75
;ServiceLog;md;1424161951074;2G;EDGE;1;250;1;770;492;-1;-75
;ServiceLog;md;1424161952110;2G;EDGE;1;250;1;770;492;-1;-75
;ServiceLog;md;1424161953143;2G;EDGE;1;250;1;770;492;-1;-75
;ServiceLog;md;1424161954178;2G;EDGE;1;250;1;770;492;-1;-75
;ServiceLog;md;1424161955196;2G;EDGE;1;250;1;770;492;-1;-75
;ServiceLog;md;1424161956236;2G;EDGE;1;250;1;770;492;-1;-75
;ServiceLog;md;1424161957273;2G;EDGE;1;250;1;770;492;-1;-75
;ServiceLog;md;1424161958307;2G;EDGE;1;250;1;770;492;-1;-75
;ServiceLog;md;1424161959345;2G;EDGE;1;250;1;770;492;-1;-75
;ServiceLog;md;1424161960384;2G;EDGE;1;250;1;770;492;-1;-75
;ServiceLog;md;1424161961417;2G;EDGE;1;250;1;770;492;-1;-75
;ServiceLog;md;1424161962454;2G;EDGE;1;250;1;770;492;-1;-75
;ServiceLog;md;1424161963488;unknown;unknown;1;-1;-1;-1;-1;-1;-1
;ServiceLog;md;1424161964517;unknown;unknown;1;-1;-1;-1;-1;-1;-1
;ServiceLog;md;1424161965534;unknown;unknown;1;-1;-1;-1;-1;-1;-1
;ServiceLog;md;1424161966563;unknown;unknown;1;-1;-1;-1;-1;-1;-1
;ServiceLog;md;1424161967594;unknown;unknown;1;-1;-1;-1;-1;-1;-1
;ServiceLog;md;1424161968639;unknown;unknown;1;-1;-1;-1;-1;-1;-1
;ServiceLog;md;1424161969657;unknown;unknown;1;-1;-1;-1;-1;-1;-1
;ServiceLog;md;1424161970678;unknown;unknown;1;-1;-1;-1;-1;-1;-1
;ServiceLog;md;1424161971718;unknown;unknown;1;-1;-1;-1;-1;-1;-1
;ServiceLog;md;1424161972748;unknown;unknown;1;-1;-1;-1;-1;-1;-1
;ServiceLog;md;1424161973779;unknown;unknown;1;-1;-1;-1;-1;-1;-1
;ServiceLog;md;1424161974812;unknown;unknown;1;-1;-1;-1;-1;-1;-1
;ServiceLog;md;1424161975832;unknown;unknown;1;-1;-1;-1;-1;-1;-1
;ServiceLog;md;1424161976884;unknown;unknown;1;-1;-1;-1;-1;-1;-1
;ServiceLog;md;1424161977927;unknown;unknown;1;-1;-1;-1;-1;-1;-1
;ServiceLog;md;1424161978967;unknown;unknown;1;-1;-1;-1;-1;-1;-1
;ServiceLog;md;1424161980011;unknown;unknown;1;-1;-1;-1;-1;-1;-1
;ServiceLog;md;1424161981037;unknown;unknown;1;-1;-1;-1;-1;-1;-1
;ServiceLog;md;1424161982067;unknown;unknown;1;-1;-1;-1;-1;-1;-1
;ServiceLog;md;1424161983097;unknown;unknown;1;-1;-1;-1;-1;-1;-1
;ServiceLog;md;1424161984129;unknown;unknown;1;-1;-1;-1;-1;-1;-1
;ServiceLog;md;1424161985165;unknown;unknown;1;-1;-1;-1;-1;-1;-1
;ServiceLog;md;1424161986184;unknown;unknown;1;-1;-1;-1;-1;-1;-1
;ServiceLog;md;1424161987223;unknown;unknown;1;-1;-1;-1;-1;-1;-1
;ServiceLog;md;1424161988262;unknown;unknown;1;-1;-1;-1;-1;-1;-1
;ServiceLog;md;1424161989287;unknown;unknown;1;-1;-1;-1;-1;-1;-1
;ServiceLog;md;1424161990319;unknown;unknown;1;-1;-1;-1;-1;-1;-1
;ServiceLog;md;1424161991349;unknown;unknown;1;-1;-1;-1;-1;-1;-1
;ServiceLog;md;1424161992379;unknown;unknown;1;-1;-1;-1;-1;-1;-1
;ServiceLog;md;1424161993408;unknown;unknown;1;-1;-1;-1;-1;-1;-1
;ServiceLog;md;1424161994436;unknown;unknown;1;-1;-1;-1;-1;-1;-1
;ServiceLog;md;1424161995478;unknown;unknown;1;-1;-1;-1;-1;-1;-1
;ServiceLog;md;1424161996504;unknown;unknown;1;-1;-1;-1;-1;-1;-1
;ServiceLog;md;1424161997547;unknown;unknown;1;-1;-1;-1;-1;-1;-1
;ServiceLog;md;1424161998578;unknown;unknown;1;-1;-1;-1;-1;-1;-1
;ServiceLog;md;1424161999607;unknown;unknown;1;-1;-1;-1;-1;-1;-1
;ServiceLog;md;1424162000620;unknown;unknown;1;-1;-1;-1;-1;-1;-1
;ServiceLog;md;1424162001657;unknown;unknown;1;-1;-1;-1;-1;-1;-1
;ServiceLog;md;1424162002695;unknown;unknown;1;-1;-1;-1;-1;-1;-1
;ServiceLog;md;1424162003730;unknown;unknown;1;-1;-1;-1;-1;-1;-1
;ServiceLog;md;1424162004760;unknown;unknown;1;-1;-1;-1;-1;-1;-1
;ServiceLog;md;1424162005788;unknown;unknown;1;-1;-1;-1;-1;-1;-1
;ServiceLog;md;1424162006802;unknown;unknown;1;-1;-1;-1;-1;-1;-1
;ServiceLog;md;1424162007834;unknown;unknown;1;-1;-1;-1;-1;-1;-1
;ServiceLog;md;1424162008865;unknown;unknown;1;-1;-1;-1;-1;-1;-1
;ServiceLog;md;1424162009951;unknown;unknown;1;-1;-1;-1;-1;-1;-1
;ServiceLog;md;1424162010982;unknown;unknown;1;-1;-1;-1;-1;-1;-1
;ServiceLog;md;1424162012015;unknown;unknown;1;-1;-1;-1;-1;-1;-1
;ServiceLog;md;1424162013053;unknown;unknown;1;-1;-1;-1;-1;-1;-1
;ServiceLog;md;1424162014084;unknown;unknown;1;-1;-1;-1;-1;-1;-1
;ServiceLog;md;1424162015114;unknown;unknown;1;-1;-1;-1;-1;-1;-1
;ServiceLog;md;1424162016144;unknown;unknown;1;-1;-1;-1;-1;-1;-1
;ServiceLog;md;1424162017157;unknown;unknown;1;-1;-1;-1;-1;-1;-1
;ServiceLog;md;1424162018187;unknown;unknown;1;-1;-1;-1;-1;-1;-1
;ServiceLog;md;1424162019218;unknown;unknown;1;-1;-1;-1;-1;-1;-1
;ServiceLog;md;1424162020234;unknown;unknown;1;-1;-1;-1;-1;-1;-1
;ServiceLog;md;1424162021262;unknown;unknown;1;-1;-1;-1;-1;-1;-1
;ServiceLog;md;1424162022274;unknown;unknown;1;-1;-1;-1;-1;-1;-1
;ServiceLog;md;1424162023300;unknown;unknown;1;-1;-1;-1;-1;-1;-1
;ServiceLog;md;1424162024330;unknown;unknown;1;-1;-1;-1;-1;-1;-1
;ServiceLog;md;1424162025360;unknown;unknown;1;-1;-1;-1;-1;-1;-1
;ServiceLog;md;1424162026392;unknown;unknown;1;-1;-1;-1;-1;-1;-1
;ServiceLog;md;1424162027412;unknown;unknown;1;-1;-1;-1;-1;-1;-1
;ServiceLog;md;1424162028443;unknown;unknown;1;-1;-1;-1;-1;-1;-1
;ServiceLog;md;1424162029474;unknown;unknown;1;-1;-1;-1;-1;-1;-1
;ServiceLog;md;1424162030509;unknown;unknown;1;-1;-1;-1;-1;-1;-1
;ServiceLog;md;1424162031542;unknown;unknown;1;-1;-1;-1;-1;-1;-1
;ServiceLog;md;1424162032572;unknown;unknown;1;-1;-1;-1;-1;-1;-1
;ServiceLog;md;1424162033617;unknown;unknown;1;-1;-1;-1;-1;-1;-1
;ServiceLog;md;1424162034648;unknown;unknown;1;-1;-1;-1;-1;-1;-1
;ServiceLog;md;1424162035680;unknown;unknown;1;-1;-1;-1;-1;-1;-1
;ServiceLog;md;1424162036708;unknown;unknown;1;-1;-1;-1;-1;-1;-1
;ServiceLog;md;1424162037723;unknown;unknown;1;-1;-1;-1;-1;-1;-1
;ServiceLog;md;1424162038753;unknown;unknown;1;-1;-1;-1;-1;-1;-1
;ServiceLog;md;1424162039781;unknown;unknown;1;-1;-1;-1;-1;-1;-1
;ServiceLog;md;1424162040799;unknown;unknown;1;-1;-1;-1;-1;-1;-1
;ServiceLog;md;1424162041831;unknown;unknown;1;-1;-1;-1;-1;-1;-1
;ServiceLog;md;1424162042845;unknown;unknown;1;-1;-1;-1;-1;-1;-1
;ServiceLog;md;1424162043877;unknown;unknown;1;-1;-1;-1;-1;-1;-1
;ServiceLog;md;1424162044908;unknown;unknown;1;-1;-1;-1;-1;-1;-1
;ServiceLog;md;1424162045938;unknown;unknown;1;-1;-1;-1;-1;-1;-1
;ServiceLog;md;1424162046966;unknown;unknown;1;-1;-1;-1;-1;-1;-1
;ServiceLog;md;1424162047980;unknown;unknown;1;-1;-1;-1;-1;-1;-1
;ServiceLog;md;1424162049011;unknown;unknown;1;-1;-1;-1;-1;-1;-1
;ServiceLog;md;1424162050027;unknown;unknown;1;-1;-1;-1;-1;-1;-1
;ServiceLog;md;1424162051060;unknown;unknown;1;-1;-1;-1;-1;-1;-1
;ServiceLog;md;1424162052090;unknown;unknown;1;-1;-1;-1;-1;-1;-1
;ServiceLog;md;1424162053120;unknown;unknown;1;-1;-1;-1;-1;-1;-1
;ServiceLog;md;1424162054164;unknown;unknown;1;-1;-1;-1;-1;-1;-1
;ServiceLog;md;1424162055182;unknown;unknown;1;-1;-1;-1;-1;-1;-1
;ServiceLog;md;1424162056223;unknown;unknown;1;-1;-1;-1;-1;-1;-1
;ServiceLog;md;1424162057244;unknown;unknown;1;-1;-1;-1;-1;-1;-1
