ID;Name;User;TimeStamp;NetworkGen;NetworkType;Active;MCC;MNC;LAC;CID;PSC;Power
203;Красногвардейская 3;md;1424161429566;2G;EDGE;1;250;1;770;491;-1;-73
204;Красногвардейская 4;md;1424161439412;2G;EDGE;1;250;1;770;491;-1;-79
211;Домодедовская 1;md;1424161517503;unknown;unknown;1;-1;-1;-1;-1;-1;-1
212;Домодедовская 2;md;1424161534373;2G;EDGE;1;250;1;770;491;-1;-77
213;Домодедовская 3;md;1424161550795;2G;EDGE;1;250;1;770;491;-1;-77
214;Домодедовская 4;md;1424161560837;2G;EDGE;1;250;1;770;491;-1;-69
221;Орехово 1;md;1424161643480;unknown;unknown;1;-1;-1;-1;-1;-1;-1
222;Орехово 2;md;1424161661846;2G;EDGE;1;250;1;770;492;-1;-77
223;Орехово 3;md;1424161741858;2G;EDGE;1;250;1;770;492;-1;-79
224;Орехово 4;md;1424161751781;2G;EDGE;1;250;1;770;492;-1;-77
231;Царицыно 1;md;1424161888173;unknown;unknown;1;-1;-1;-1;-1;-1;-1
232;Царицыно 2;md;1424161907832;2G;EDGE;1;250;1;770;492;-1;-85
233;Царицыно 3;md;1424161925009;2G;EDGE;1;250;1;770;492;-1;-83
234;Царицыно 4;md;1424161935158;2G;EDGE;1;250;1;770;492;-1;-77
241;Кантемировская 1;md;1424162019275;unknown;unknown;1;-1;-1;-1;-1;-1;-1
242;Кантемировская 2;md;1424162037920;unknown;unknown;1;-1;-1;-1;-1;-1;-1
