ID;Name;User;TimeStamp;NetworkGen;NetworkType;Active;MCC;MNC;LAC;CID;PSC;Power
683;Новослободская 3;balash;1433353414387;3G;HSDPA;1;250;99;26627;129593789;-1;-95
684;Новослободская 4;balash;1433353428532;3G;HSDPA;1;250;99;26627;129593789;-1;-93
691;Проспект Мира (КЛЦ) 1;balash;1433353512644;unknown;unknown;1;-1;-1;-1;-1;-1;-1
692;Проспект Мира (КЛЦ) 2;balash;1433353523708;2G;EDGE;1;250;99;26627;19055;-1;-79
693;Проспект Мира (КЛЦ) 3;balash;1433353561142;3G;HSDPA;1;250;99;26627;129593727;-1;-77
694;Проспект Мира (КЛЦ) 4;balash;1433353572620;3G;HSDPA;1;250;99;26627;129593727;-1;-69
701;Комсомольская (КЛЦ) 1;balash;1433353657712;3G;HSDPA;1;250;99;26627;129593748;-1;-79
702;Комсомольская (КЛЦ) 2;balash;1433353669280;3G;HSDPA;1;250;99;26627;129593748;-1;-87
703;Комсомольская (КЛЦ) 3;balash;1433353708285;2G;EDGE;1;250;99;26627;19076;-1;-81
704;Комсомольская (КЛЦ) 4;balash;1433353719371;2G;EDGE;1;250;99;26627;19076;-1;-83
711;Курская (КЛЦ) 1;balash;1433353833584;unknown;unknown;1;-1;-1;-1;-1;-1;-1
712;Курская (КЛЦ) 2;balash;1433353843209;2G;EDGE;1;250;99;26627;19005;-1;-73
713;Курская (КЛЦ) 3;balash;1433353879145;2G;EDGE;1;250;99;26627;19005;-1;-81
714;Курская (КЛЦ) 4;balash;1433353892317;3G;HSDPA;1;250;99;26627;129598352;-1;-89
721;Таганская (КЛЦ) 1;balash;1433353999377;3G;HSDPA;1;250;99;26803;129598286;-1;-95
722;Таганская (КЛЦ) 2;balash;1433354016457;3G;HSDPA;1;250;99;26803;129598286;-1;-87
723;Таганская (КЛЦ) 3;balash;1433354045814;3G;HSDPA;1;250;99;26803;129598286;-1;-91
724;Таганская (КЛЦ) 4;balash;1433354058276;3G;HSDPA;1;250;99;26803;129598286;-1;-85
731;Павелецкая (КЛЦ) 1;balash;1433354140263;3G;HSDPA;1;250;99;26803;129593777;-1;-81
732;Павелецкая (КЛЦ) 2;balash;1433354150631;3G;HSDPA;1;250;99;26803;129593777;-1;-89
733;Павелецкая (КЛЦ) 3;balash;1433354179784;3G;HSDPA;1;250;99;26803;129593777;-1;-91
734;Павелецкая (КЛЦ) 4;balash;1433354191484;3G;HSDPA;1;250;99;26803;129593777;-1;-75
741;Добрынинская 1;balash;1433354247661;2G;EDGE;1;250;99;26802;19126;-1;-91
742;Добрынинская 2;balash;1433354258205;2G;EDGE;1;250;99;26802;19126;-1;-75
743;Добрынинская 3;balash;1433354291423;3G;HSDPA;1;250;99;26802;129593798;-1;-85
744;Добрынинская 4;balash;1433354304697;3G;HSDPA;1;250;99;26802;129593798;-1;-79
751;Октябрьская (КЛЦ) 1;balash;1433354368085;2G;EDGE;1;250;99;26802;19067;-1;-89
752;Октябрьская (КЛЦ) 2;balash;1433354381152;2G;EDGE;1;250;99;26802;19067;-1;-85
753;Октябрьская (КЛЦ) 3;balash;1433354416703;2G;EDGE;1;250;99;26802;19067;-1;-87
754;Октябрьская (КЛЦ) 4;balash;1433354426976;2G;EDGE;1;250;99;26802;19067;-1;-83
761;Парк культуры (КЛЦ) 1;balash;1433354491691;2G;EDGE;1;250;99;26802;19087;-1;-79
762;Парк культуры (КЛЦ) 2;balash;1433354503059;3G;HSDPA;1;250;99;26802;129593759;-1;-83
763;Парк культуры (КЛЦ) 3;balash;1433354544179;3G;HSDPA;1;250;99;26802;129593759;-1;-89
764;Парк культуры (КЛЦ) 4;balash;1433354559452;3G;HSDPA;1;250;99;26802;129593759;-1;-87
771;Киевская (КЛЦ) 1;balash;1433354667085;unknown;unknown;1;-1;-1;-1;-1;-1;-1
772;Киевская (КЛЦ) 2;balash;1433354678007;unknown;unknown;1;-1;-1;-1;-1;-1;-1
