ID;Name;User;TimeStamp;DateTime;Type;Accel_X;Accel_Y;Accel_Z;Azimuth;Pitch;Roll;Magnetic_X;Magnetic_Y;Magnetic_Z;Gyro_X;Gyro_Y;Gyro_Z;GPS_Lat;GPS_Lon;GPS_Alt;GPS_Accuracy;GPS_Speed;GPS_Bearing;Audio
;ServiceLog;gsmart;1357001816314;01.01.2013 3:56:56;Raw;-0.45;5.918;7.661;NaN;NaN;NaN;NaN;NaN;NaN;NaN;NaN;NaN;NaN;NaN;NaN;NaN;NaN;NaN;43
;ServiceLog;gsmart;1357001817399;01.01.2013 3:56:57;Raw;-0.737;5.257;8.035;NaN;NaN;NaN;NaN;NaN;NaN;NaN;NaN;NaN;NaN;NaN;NaN;NaN;NaN;NaN;82
;ServiceLog;gsmart;1357001818436;01.01.2013 3:56:58;Raw;-0.469;5.478;7.336;NaN;NaN;NaN;NaN;NaN;NaN;NaN;NaN;NaN;NaN;NaN;NaN;NaN;NaN;NaN;81
;ServiceLog;gsmart;1357001819471;01.01.2013 3:56:59;Raw;-0.517;5.669;7.058;NaN;NaN;NaN;NaN;NaN;NaN;NaN;NaN;NaN;NaN;NaN;NaN;NaN;NaN;NaN;50
;ServiceLog;gsmart;1357001820910;01.01.2013 3:57:00;Raw;-1.312;5.171;7.039;NaN;NaN;NaN;NaN;NaN;NaN;NaN;NaN;NaN;NaN;NaN;NaN;NaN;NaN;NaN;41
;ServiceLog;gsmart;1357001821953;01.01.2013 3:57:01;Raw;0.861;5.468;7.374;NaN;NaN;NaN;NaN;NaN;NaN;NaN;NaN;NaN;NaN;NaN;NaN;NaN;NaN;NaN;44
;ServiceLog;gsmart;1357001822987;01.01.2013 3:57:02;Raw;0.095;5.832;7.489;NaN;NaN;NaN;NaN;NaN;NaN;NaN;NaN;NaN;NaN;NaN;NaN;NaN;NaN;NaN;54
;ServiceLog;gsmart;1357001824027;01.01.2013 3:57:04;Raw;-0.21;5.545;7.47;NaN;NaN;NaN;NaN;NaN;NaN;NaN;NaN;NaN;NaN;NaN;NaN;NaN;NaN;NaN;48
;ServiceLog;gsmart;1357001825063;01.01.2013 3:57:05;Raw;-0.201;5.516;6.933;NaN;NaN;NaN;NaN;NaN;NaN;NaN;NaN;NaN;NaN;NaN;NaN;NaN;NaN;NaN;43
;ServiceLog;gsmart;1357001826105;01.01.2013 3:57:06;Raw;0.229;4.501;8.236;NaN;NaN;NaN;NaN;NaN;NaN;NaN;NaN;NaN;NaN;NaN;NaN;NaN;NaN;NaN;82
;ServiceLog;gsmart;1357001827131;01.01.2013 3:57:07;Raw;-0.325;4.711;8.083;NaN;NaN;NaN;NaN;NaN;NaN;NaN;NaN;NaN;NaN;NaN;NaN;NaN;NaN;NaN;77
;ServiceLog;gsmart;1357001828162;01.01.2013 3:57:08;Raw;-0.201;4.434;8.389;NaN;NaN;NaN;NaN;NaN;NaN;NaN;NaN;NaN;NaN;NaN;NaN;NaN;NaN;NaN;83
;ServiceLog;gsmart;1357001829197;01.01.2013 3:57:09;Raw;-0.21;4.405;8.245;NaN;NaN;NaN;NaN;NaN;NaN;NaN;NaN;NaN;NaN;NaN;NaN;NaN;NaN;NaN;84
;ServiceLog;gsmart;1357001830233;01.01.2013 3:57:10;Raw;-0.134;4.405;8.035;NaN;NaN;NaN;NaN;NaN;NaN;NaN;NaN;NaN;NaN;NaN;NaN;NaN;NaN;NaN;82
;ServiceLog;gsmart;1357001831263;01.01.2013 3:57:11;Raw;-0.545;4.242;8.063;NaN;NaN;NaN;NaN;NaN;NaN;NaN;NaN;NaN;NaN;NaN;NaN;NaN;NaN;NaN;84
;ServiceLog;gsmart;1357001832305;01.01.2013 3:57:12;Raw;-0.316;4.529;8.351;NaN;NaN;NaN;NaN;NaN;NaN;NaN;NaN;NaN;NaN;NaN;NaN;NaN;NaN;NaN;82
;ServiceLog;gsmart;1357001833337;01.01.2013 3:57:13;Raw;-0.344;4.405;8.159;NaN;NaN;NaN;NaN;NaN;NaN;NaN;NaN;NaN;NaN;NaN;NaN;NaN;NaN;NaN;69
;ServiceLog;gsmart;1357001834379;01.01.2013 3:57:14;Raw;-0.354;4.348;8.322;NaN;NaN;NaN;NaN;NaN;NaN;NaN;NaN;NaN;NaN;NaN;NaN;NaN;NaN;NaN;52
;ServiceLog;gsmart;1357001835415;01.01.2013 3:57:15;Raw;-0.335;4.261;8.399;NaN;NaN;NaN;NaN;NaN;NaN;NaN;NaN;NaN;NaN;NaN;NaN;NaN;NaN;NaN;47
;ServiceLog;gsmart;1357001836450;01.01.2013 3:57:16;Raw;-0.239;4.376;7.949;NaN;NaN;NaN;NaN;NaN;NaN;NaN;NaN;NaN;NaN;NaN;NaN;NaN;NaN;NaN;50
;ServiceLog;gsmart;1357001837483;01.01.2013 3:57:17;Raw;-0.143;4.415;8.169;NaN;NaN;NaN;NaN;NaN;NaN;NaN;NaN;NaN;NaN;NaN;NaN;NaN;NaN;NaN;46
;ServiceLog;gsmart;1357001838526;01.01.2013 3:57:18;Raw;-0.708;4.108;8.121;NaN;NaN;NaN;NaN;NaN;NaN;NaN;NaN;NaN;NaN;NaN;NaN;NaN;NaN;NaN;79
;ServiceLog;gsmart;1357001839561;01.01.2013 3:57:19;Raw;-0.402;3.984;8.408;NaN;NaN;NaN;NaN;NaN;NaN;NaN;NaN;NaN;NaN;NaN;NaN;NaN;NaN;NaN;83
;ServiceLog;gsmart;1357001840630;01.01.2013 3:57:20;Raw;-0.277;4.127;8.494;NaN;NaN;NaN;NaN;NaN;NaN;NaN;NaN;NaN;NaN;NaN;NaN;NaN;NaN;NaN;84
;ServiceLog;gsmart;1357001841688;01.01.2013 3:57:21;Raw;-0.306;3.926;8.571;NaN;NaN;NaN;NaN;NaN;NaN;NaN;NaN;NaN;NaN;NaN;NaN;NaN;NaN;NaN;85
;ServiceLog;gsmart;1357001842736;01.01.2013 3:57:22;Raw;-0.411;3.907;8.514;NaN;NaN;NaN;NaN;NaN;NaN;NaN;NaN;NaN;NaN;NaN;NaN;NaN;NaN;NaN;78
;ServiceLog;gsmart;1357001843771;01.01.2013 3:57:23;Raw;-0.344;3.945;8.6;NaN;NaN;NaN;NaN;NaN;NaN;NaN;NaN;NaN;NaN;NaN;NaN;NaN;NaN;NaN;82
;ServiceLog;gsmart;1357001844800;01.01.2013 3:57:24;Raw;-0.296;3.974;8.236;NaN;NaN;NaN;NaN;NaN;NaN;NaN;NaN;NaN;NaN;NaN;NaN;NaN;NaN;NaN;44
;ServiceLog;gsmart;1357001845854;01.01.2013 3:57:25;Raw;-0.325;3.859;8.571;NaN;NaN;NaN;NaN;NaN;NaN;NaN;NaN;NaN;NaN;NaN;NaN;NaN;NaN;NaN;68
;ServiceLog;gsmart;1357001846892;01.01.2013 3:57:26;Raw;-0.354;3.936;8.408;NaN;NaN;NaN;NaN;NaN;NaN;NaN;NaN;NaN;NaN;NaN;NaN;NaN;NaN;NaN;77
;ServiceLog;gsmart;1357001847933;01.01.2013 3:57:27;Raw;-0.172;4.041;8.188;NaN;NaN;NaN;NaN;NaN;NaN;NaN;NaN;NaN;NaN;NaN;NaN;NaN;NaN;NaN;67
;ServiceLog;gsmart;1357001848978;01.01.2013 3:57:28;Raw;-0.344;3.744;8.753;NaN;NaN;NaN;NaN;NaN;NaN;NaN;NaN;NaN;NaN;NaN;NaN;NaN;NaN;NaN;40
;ServiceLog;gsmart;1357001850019;01.01.2013 3:57:30;Raw;-0.507;3.821;8.667;NaN;NaN;NaN;NaN;NaN;NaN;NaN;NaN;NaN;NaN;NaN;NaN;NaN;NaN;NaN;65
;ServiceLog;gsmart;1357001851071;01.01.2013 3:57:31;Raw;-1.503;4.118;8.648;NaN;NaN;NaN;NaN;NaN;NaN;NaN;NaN;NaN;NaN;NaN;NaN;NaN;NaN;NaN;66
;ServiceLog;gsmart;1357001852116;01.01.2013 3:57:32;Raw;-1.379;4.185;8.063;NaN;NaN;NaN;NaN;NaN;NaN;NaN;NaN;NaN;NaN;NaN;NaN;NaN;NaN;NaN;56
;ServiceLog;gsmart;1357001853158;01.01.2013 3:57:33;Raw;-1.225;4.022;8.542;NaN;NaN;NaN;NaN;NaN;NaN;NaN;NaN;NaN;NaN;NaN;NaN;NaN;NaN;NaN;51
;ServiceLog;gsmart;1357001854203;01.01.2013 3:57:34;Raw;-1.35;4.185;8.514;NaN;NaN;NaN;NaN;NaN;NaN;NaN;NaN;NaN;NaN;NaN;NaN;NaN;NaN;NaN;69
;ServiceLog;gsmart;1357001855244;01.01.2013 3:57:35;Raw;-1.168;4.108;8.59;NaN;NaN;NaN;NaN;NaN;NaN;NaN;NaN;NaN;NaN;NaN;NaN;NaN;NaN;NaN;69
;ServiceLog;gsmart;1357001856332;01.01.2013 3:57:36;Raw;-1.12;4.424;8.312;NaN;NaN;NaN;NaN;NaN;NaN;NaN;NaN;NaN;NaN;NaN;NaN;NaN;NaN;NaN;69
;ServiceLog;gsmart;1357001857369;01.01.2013 3:57:37;Raw;-1.81;4.194;7.7;NaN;NaN;NaN;NaN;NaN;NaN;NaN;NaN;NaN;NaN;NaN;NaN;NaN;NaN;NaN;65
;ServiceLog;gsmart;1357001858413;01.01.2013 3:57:38;Raw;-1.714;3.936;8.734;NaN;NaN;NaN;NaN;NaN;NaN;NaN;NaN;NaN;NaN;NaN;NaN;NaN;NaN;NaN;77
;ServiceLog;gsmart;1357001859471;01.01.2013 3:57:39;Raw;-1.254;4.07;8.102;NaN;NaN;NaN;NaN;NaN;NaN;NaN;NaN;NaN;NaN;NaN;NaN;NaN;NaN;NaN;80
;ServiceLog;gsmart;1357001860505;01.01.2013 3:57:40;Raw;-1.551;4.031;8.705;NaN;NaN;NaN;NaN;NaN;NaN;NaN;NaN;NaN;NaN;NaN;NaN;NaN;NaN;NaN;82
;ServiceLog;gsmart;1357001861540;01.01.2013 3:57:41;Raw;-1.302;4.175;8.609;NaN;NaN;NaN;NaN;NaN;NaN;NaN;NaN;NaN;NaN;NaN;NaN;NaN;NaN;NaN;78
;ServiceLog;gsmart;1357001862618;01.01.2013 3:57:42;Raw;-0.593;3.993;8.59;NaN;NaN;NaN;NaN;NaN;NaN;NaN;NaN;NaN;NaN;NaN;NaN;NaN;NaN;NaN;73
;ServiceLog;gsmart;1357001863653;01.01.2013 3:57:43;Raw;-0.9;3.897;8.245;NaN;NaN;NaN;NaN;NaN;NaN;NaN;NaN;NaN;NaN;NaN;NaN;NaN;NaN;NaN;83
;ServiceLog;gsmart;1357001864698;01.01.2013 3:57:44;Raw;-0.565;4.137;8.849;NaN;NaN;NaN;NaN;NaN;NaN;NaN;NaN;NaN;NaN;NaN;NaN;NaN;NaN;NaN;82
;ServiceLog;gsmart;1357001865738;01.01.2013 3:57:45;Raw;-0.421;4.807;8.399;NaN;NaN;NaN;NaN;NaN;NaN;NaN;NaN;NaN;NaN;NaN;NaN;NaN;NaN;NaN;79
;ServiceLog;gsmart;1357001866786;01.01.2013 3:57:46;Raw;-0.727;4.348;8.447;NaN;NaN;NaN;NaN;NaN;NaN;NaN;NaN;NaN;NaN;NaN;NaN;NaN;NaN;NaN;78
;ServiceLog;gsmart;1357001867831;01.01.2013 3:57:47;Raw;-0.411;4.453;8.935;NaN;NaN;NaN;NaN;NaN;NaN;NaN;NaN;NaN;NaN;NaN;NaN;NaN;NaN;NaN;74
;ServiceLog;gsmart;1357001868866;01.01.2013 3:57:48;Raw;-0.009;4.673;9.385;NaN;NaN;NaN;NaN;NaN;NaN;NaN;NaN;NaN;NaN;NaN;NaN;NaN;NaN;NaN;76
;ServiceLog;gsmart;1357001869898;01.01.2013 3:57:49;Raw;-0.66;4.252;8.035;NaN;NaN;NaN;NaN;NaN;NaN;NaN;NaN;NaN;NaN;NaN;NaN;NaN;NaN;NaN;79
;ServiceLog;gsmart;1357001870933;01.01.2013 3:57:50;Raw;-0.172;4.529;9.127;NaN;NaN;NaN;NaN;NaN;NaN;NaN;NaN;NaN;NaN;NaN;NaN;NaN;NaN;NaN;82
;ServiceLog;gsmart;1357001871968;01.01.2013 3:57:51;Raw;-0.181;4.156;8.418;NaN;NaN;NaN;NaN;NaN;NaN;NaN;NaN;NaN;NaN;NaN;NaN;NaN;NaN;NaN;79
;ServiceLog;gsmart;1357001873014;01.01.2013 3:57:53;Raw;-0.239;3.84;7.69;NaN;NaN;NaN;NaN;NaN;NaN;NaN;NaN;NaN;NaN;NaN;NaN;NaN;NaN;NaN;80
;ServiceLog;gsmart;1357001874048;01.01.2013 3:57:54;Raw;-0.172;4.434;8.59;NaN;NaN;NaN;NaN;NaN;NaN;NaN;NaN;NaN;NaN;NaN;NaN;NaN;NaN;NaN;82
;ServiceLog;gsmart;1357001875087;01.01.2013 3:57:55;Raw;-0.344;4.118;8.916;NaN;NaN;NaN;NaN;NaN;NaN;NaN;NaN;NaN;NaN;NaN;NaN;NaN;NaN;NaN;81
;ServiceLog;gsmart;1357001876132;01.01.2013 3:57:56;Raw;-0.22;4.051;8.303;NaN;NaN;NaN;NaN;NaN;NaN;NaN;NaN;NaN;NaN;NaN;NaN;NaN;NaN;NaN;80
;ServiceLog;gsmart;1357001877181;01.01.2013 3:57:57;Raw;-0.354;3.974;9.414;NaN;NaN;NaN;NaN;NaN;NaN;NaN;NaN;NaN;NaN;NaN;NaN;NaN;NaN;NaN;83
;ServiceLog;gsmart;1357001878231;01.01.2013 3:57:58;Raw;0.287;4.529;7.92;NaN;NaN;NaN;NaN;NaN;NaN;NaN;NaN;NaN;NaN;NaN;NaN;NaN;NaN;NaN;82
;ServiceLog;gsmart;1357001879266;01.01.2013 3:57:59;Raw;-0.622;3.514;9.184;NaN;NaN;NaN;NaN;NaN;NaN;NaN;NaN;NaN;NaN;NaN;NaN;NaN;NaN;NaN;83
;ServiceLog;gsmart;1357001880307;01.01.2013 3:58:00;Raw;-0.095;3.696;8.073;NaN;NaN;NaN;NaN;NaN;NaN;NaN;NaN;NaN;NaN;NaN;NaN;NaN;NaN;NaN;82
;ServiceLog;gsmart;1357001881362;01.01.2013 3:58:01;Raw;-0.641;3.955;8.035;NaN;NaN;NaN;NaN;NaN;NaN;NaN;NaN;NaN;NaN;NaN;NaN;NaN;NaN;NaN;81
;ServiceLog;gsmart;1357001882431;01.01.2013 3:58:02;Raw;0.344;4.146;8.265;NaN;NaN;NaN;NaN;NaN;NaN;NaN;NaN;NaN;NaN;NaN;NaN;NaN;NaN;NaN;84
;ServiceLog;gsmart;1357001883511;01.01.2013 3:58:03;Raw;-0.967;4.051;8.791;NaN;NaN;NaN;NaN;NaN;NaN;NaN;NaN;NaN;NaN;NaN;NaN;NaN;NaN;NaN;81
;ServiceLog;gsmart;1357001884539;01.01.2013 3:58:04;Raw;0.162;4.702;8.025;NaN;NaN;NaN;NaN;NaN;NaN;NaN;NaN;NaN;NaN;NaN;NaN;NaN;NaN;NaN;81
;ServiceLog;gsmart;1357001885581;01.01.2013 3:58:05;Raw;-1.158;3.428;8.178;NaN;NaN;NaN;NaN;NaN;NaN;NaN;NaN;NaN;NaN;NaN;NaN;NaN;NaN;NaN;81
;ServiceLog;gsmart;1357001886614;01.01.2013 3:58:06;Raw;-0.794;3.61;8.705;NaN;NaN;NaN;NaN;NaN;NaN;NaN;NaN;NaN;NaN;NaN;NaN;NaN;NaN;NaN;81
;ServiceLog;gsmart;1357001887651;01.01.2013 3:58:07;Raw;-0.909;3.543;8.81;NaN;NaN;NaN;NaN;NaN;NaN;NaN;NaN;NaN;NaN;NaN;NaN;NaN;NaN;NaN;80
;ServiceLog;gsmart;1357001888682;01.01.2013 3:58:08;Raw;0.067;4.558;8.198;NaN;NaN;NaN;NaN;NaN;NaN;NaN;NaN;NaN;NaN;NaN;NaN;NaN;NaN;NaN;83
;ServiceLog;gsmart;1357001889718;01.01.2013 3:58:09;Raw;-0.622;3.601;7.834;NaN;NaN;NaN;NaN;NaN;NaN;NaN;NaN;NaN;NaN;NaN;NaN;NaN;NaN;NaN;80
;ServiceLog;gsmart;1357001890750;01.01.2013 3:58:10;Raw;0.383;4.079;8.035;NaN;NaN;NaN;NaN;NaN;NaN;NaN;NaN;NaN;NaN;NaN;NaN;NaN;NaN;NaN;82
;ServiceLog;gsmart;1357001891780;01.01.2013 3:58:11;Raw;-0.89;2.988;9.04;NaN;NaN;NaN;NaN;NaN;NaN;NaN;NaN;NaN;NaN;NaN;NaN;NaN;NaN;NaN;79
;ServiceLog;gsmart;1357001892833;01.01.2013 3:58:12;Raw;0.028;4.137;8.293;NaN;NaN;NaN;NaN;NaN;NaN;NaN;NaN;NaN;NaN;NaN;NaN;NaN;NaN;NaN;80
;ServiceLog;gsmart;1357001893869;01.01.2013 3:58:13;Raw;-0.44;3.725;8.523;NaN;NaN;NaN;NaN;NaN;NaN;NaN;NaN;NaN;NaN;NaN;NaN;NaN;NaN;NaN;80
;ServiceLog;gsmart;1357001894918;01.01.2013 3:58:14;Raw;-1.082;3.428;9.376;NaN;NaN;NaN;NaN;NaN;NaN;NaN;NaN;NaN;NaN;NaN;NaN;NaN;NaN;NaN;79
;ServiceLog;gsmart;1357001895953;01.01.2013 3:58:15;Raw;0.019;3.792;7.901;NaN;NaN;NaN;NaN;NaN;NaN;NaN;NaN;NaN;NaN;NaN;NaN;NaN;NaN;NaN;80
;ServiceLog;gsmart;1357001896983;01.01.2013 3:58:16;Raw;-0.287;3.821;8.782;NaN;NaN;NaN;NaN;NaN;NaN;NaN;NaN;NaN;NaN;NaN;NaN;NaN;NaN;NaN;81
;ServiceLog;gsmart;1357001898026;01.01.2013 3:58:18;Raw;0.737;4.137;8.638;NaN;NaN;NaN;NaN;NaN;NaN;NaN;NaN;NaN;NaN;NaN;NaN;NaN;NaN;NaN;79
;ServiceLog;gsmart;1357001899059;01.01.2013 3:58:19;Raw;-1.082;3.371;10.084;NaN;NaN;NaN;NaN;NaN;NaN;NaN;NaN;NaN;NaN;NaN;NaN;NaN;NaN;NaN;78
;ServiceLog;gsmart;1357001900098;01.01.2013 3:58:20;Raw;0.0;4.089;8.13;NaN;NaN;NaN;NaN;NaN;NaN;NaN;NaN;NaN;NaN;NaN;NaN;NaN;NaN;NaN;82
;ServiceLog;gsmart;1357001901129;01.01.2013 3:58:21;Raw;-0.22;3.754;9.127;NaN;NaN;NaN;NaN;NaN;NaN;NaN;NaN;NaN;NaN;NaN;NaN;NaN;NaN;NaN;77
;ServiceLog;gsmart;1357001902163;01.01.2013 3:58:22;Raw;-0.095;3.945;7.786;NaN;NaN;NaN;NaN;NaN;NaN;NaN;NaN;NaN;NaN;NaN;NaN;NaN;NaN;NaN;79
;ServiceLog;gsmart;1357001903198;01.01.2013 3:58:23;Raw;-0.22;4.185;8.054;NaN;NaN;NaN;NaN;NaN;NaN;NaN;NaN;NaN;NaN;NaN;NaN;NaN;NaN;NaN;81
;ServiceLog;gsmart;1357001904239;01.01.2013 3:58:24;Raw;0.603;4.175;7.929;NaN;NaN;NaN;NaN;NaN;NaN;NaN;NaN;NaN;NaN;NaN;NaN;NaN;NaN;NaN;77
;ServiceLog;gsmart;1357001905267;01.01.2013 3:58:25;Raw;-0.66;3.926;7.575;NaN;NaN;NaN;NaN;NaN;NaN;NaN;NaN;NaN;NaN;NaN;NaN;NaN;NaN;NaN;81
;ServiceLog;gsmart;1357001906308;01.01.2013 3:58:26;Raw;-0.344;3.754;8.581;NaN;NaN;NaN;NaN;NaN;NaN;NaN;NaN;NaN;NaN;NaN;NaN;NaN;NaN;NaN;80
;ServiceLog;gsmart;1357001907352;01.01.2013 3:58:27;Raw;-0.335;4.118;10.439;NaN;NaN;NaN;NaN;NaN;NaN;NaN;NaN;NaN;NaN;NaN;NaN;NaN;NaN;NaN;79
;ServiceLog;gsmart;1357001908385;01.01.2013 3:58:28;Raw;0.612;4.453;8.351;NaN;NaN;NaN;NaN;NaN;NaN;NaN;NaN;NaN;NaN;NaN;NaN;NaN;NaN;NaN;82
;ServiceLog;gsmart;1357001909430;01.01.2013 3:58:29;Raw;-0.852;3.955;8.992;NaN;NaN;NaN;NaN;NaN;NaN;NaN;NaN;NaN;NaN;NaN;NaN;NaN;NaN;NaN;79
;ServiceLog;gsmart;1357001910469;01.01.2013 3:58:30;Raw;-0.019;4.616;8.408;NaN;NaN;NaN;NaN;NaN;NaN;NaN;NaN;NaN;NaN;NaN;NaN;NaN;NaN;NaN;78
;ServiceLog;gsmart;1357001911509;01.01.2013 3:58:31;Raw;-0.517;4.185;9.912;NaN;NaN;NaN;NaN;NaN;NaN;NaN;NaN;NaN;NaN;NaN;NaN;NaN;NaN;NaN;79
;ServiceLog;gsmart;1357001912537;01.01.2013 3:58:32;Raw;-0.229;4.357;8.399;NaN;NaN;NaN;NaN;NaN;NaN;NaN;NaN;NaN;NaN;NaN;NaN;NaN;NaN;NaN;80
;ServiceLog;gsmart;1357001913573;01.01.2013 3:58:33;Raw;-0.306;4.52;6.857;NaN;NaN;NaN;NaN;NaN;NaN;NaN;NaN;NaN;NaN;NaN;NaN;NaN;NaN;NaN;80
;ServiceLog;gsmart;1357001914604;01.01.2013 3:58:34;Raw;0.383;5.315;8.303;NaN;NaN;NaN;NaN;NaN;NaN;NaN;NaN;NaN;NaN;NaN;NaN;NaN;NaN;NaN;81
;ServiceLog;gsmart;1357001915636;01.01.2013 3:58:35;Raw;0.019;4.031;7.987;NaN;NaN;NaN;NaN;NaN;NaN;NaN;NaN;NaN;NaN;NaN;NaN;NaN;NaN;NaN;81
;ServiceLog;gsmart;1357001916684;01.01.2013 3:58:36;Raw;0.89;5.018;8.341;NaN;NaN;NaN;NaN;NaN;NaN;NaN;NaN;NaN;NaN;NaN;NaN;NaN;NaN;NaN;80
;ServiceLog;gsmart;1357001917720;01.01.2013 3:58:37;Raw;1.216;4.96;8.054;NaN;NaN;NaN;NaN;NaN;NaN;NaN;NaN;NaN;NaN;NaN;NaN;NaN;NaN;NaN;82
;ServiceLog;gsmart;1357001918764;01.01.2013 3:58:38;Raw;0.421;4.395;7.565;NaN;NaN;NaN;NaN;NaN;NaN;NaN;NaN;NaN;NaN;NaN;NaN;NaN;NaN;NaN;78
;ServiceLog;gsmart;1357001919802;01.01.2013 3:58:39;Raw;0.526;4.491;8.638;NaN;NaN;NaN;NaN;NaN;NaN;NaN;NaN;NaN;NaN;NaN;NaN;NaN;NaN;NaN;78
;ServiceLog;gsmart;1357001920848;01.01.2013 3:58:40;Raw;0.603;4.692;8.849;NaN;NaN;NaN;NaN;NaN;NaN;NaN;NaN;NaN;NaN;NaN;NaN;NaN;NaN;NaN;77
;ServiceLog;gsmart;1357001921888;01.01.2013 3:58:41;Raw;0.507;4.328;8.341;NaN;NaN;NaN;NaN;NaN;NaN;NaN;NaN;NaN;NaN;NaN;NaN;NaN;NaN;NaN;75
;ServiceLog;gsmart;1357001922916;01.01.2013 3:58:42;Raw;0.507;4.194;8.207;NaN;NaN;NaN;NaN;NaN;NaN;NaN;NaN;NaN;NaN;NaN;NaN;NaN;NaN;NaN;75
;ServiceLog;gsmart;1357001923952;01.01.2013 3:58:43;Raw;-0.153;4.28;7.814;NaN;NaN;NaN;NaN;NaN;NaN;NaN;NaN;NaN;NaN;NaN;NaN;NaN;NaN;NaN;76
;ServiceLog;gsmart;1357001924975;01.01.2013 3:58:44;Raw;1.034;5.066;8.743;NaN;NaN;NaN;NaN;NaN;NaN;NaN;NaN;NaN;NaN;NaN;NaN;NaN;NaN;NaN;74
;ServiceLog;gsmart;1357001926016;01.01.2013 3:58:46;Raw;0.478;4.328;8.715;NaN;NaN;NaN;NaN;NaN;NaN;NaN;NaN;NaN;NaN;NaN;NaN;NaN;NaN;NaN;74
;ServiceLog;gsmart;1357001927051;01.01.2013 3:58:47;Raw;0.919;4.817;7.834;NaN;NaN;NaN;NaN;NaN;NaN;NaN;NaN;NaN;NaN;NaN;NaN;NaN;NaN;NaN;76
;ServiceLog;gsmart;1357001928085;01.01.2013 3:58:48;Raw;0.019;4.568;8.561;NaN;NaN;NaN;NaN;NaN;NaN;NaN;NaN;NaN;NaN;NaN;NaN;NaN;NaN;NaN;75
;ServiceLog;gsmart;1357001929124;01.01.2013 3:58:49;Raw;0.134;4.319;7.383;NaN;NaN;NaN;NaN;NaN;NaN;NaN;NaN;NaN;NaN;NaN;NaN;NaN;NaN;NaN;76
;ServiceLog;gsmart;1357001930159;01.01.2013 3:58:50;Raw;0.181;4.769;7.795;NaN;NaN;NaN;NaN;NaN;NaN;NaN;NaN;NaN;NaN;NaN;NaN;NaN;NaN;NaN;75
;ServiceLog;gsmart;1357001931212;01.01.2013 3:58:51;Raw;0.105;4.549;8.245;NaN;NaN;NaN;NaN;NaN;NaN;NaN;NaN;NaN;NaN;NaN;NaN;NaN;NaN;NaN;74
;ServiceLog;gsmart;1357001932247;01.01.2013 3:58:52;Raw;0.689;4.769;8.341;NaN;NaN;NaN;NaN;NaN;NaN;NaN;NaN;NaN;NaN;NaN;NaN;NaN;NaN;NaN;78
;ServiceLog;gsmart;1357001933280;01.01.2013 3:58:53;Raw;0.488;4.884;7.46;NaN;NaN;NaN;NaN;NaN;NaN;NaN;NaN;NaN;NaN;NaN;NaN;NaN;NaN;NaN;74
;ServiceLog;gsmart;1357001934327;01.01.2013 3:58:54;Raw;0.967;4.999;7.594;NaN;NaN;NaN;NaN;NaN;NaN;NaN;NaN;NaN;NaN;NaN;NaN;NaN;NaN;NaN;76
;ServiceLog;gsmart;1357001935385;01.01.2013 3:58:55;Raw;0.249;4.568;7.556;NaN;NaN;NaN;NaN;NaN;NaN;NaN;NaN;NaN;NaN;NaN;NaN;NaN;NaN;NaN;74
;ServiceLog;gsmart;1357001936416;01.01.2013 3:58:56;Raw;0.612;4.817;8.341;NaN;NaN;NaN;NaN;NaN;NaN;NaN;NaN;NaN;NaN;NaN;NaN;NaN;NaN;NaN;80
;ServiceLog;gsmart;1357001937449;01.01.2013 3:58:57;Raw;0.469;4.893;8.245;NaN;NaN;NaN;NaN;NaN;NaN;NaN;NaN;NaN;NaN;NaN;NaN;NaN;NaN;NaN;76
;ServiceLog;gsmart;1357001938484;01.01.2013 3:58:58;Raw;0.478;4.798;7.91;NaN;NaN;NaN;NaN;NaN;NaN;NaN;NaN;NaN;NaN;NaN;NaN;NaN;NaN;NaN;75
;ServiceLog;gsmart;1357001939520;01.01.2013 3:58:59;Raw;0.603;4.702;7.881;NaN;NaN;NaN;NaN;NaN;NaN;NaN;NaN;NaN;NaN;NaN;NaN;NaN;NaN;NaN;78
;ServiceLog;gsmart;1357001940551;01.01.2013 3:59:00;Raw;0.938;4.989;8.14;NaN;NaN;NaN;NaN;NaN;NaN;NaN;NaN;NaN;NaN;NaN;NaN;NaN;NaN;NaN;75
;ServiceLog;gsmart;1357001941600;01.01.2013 3:59:01;Raw;0.996;4.865;7.757;NaN;NaN;NaN;NaN;NaN;NaN;NaN;NaN;NaN;NaN;NaN;NaN;NaN;NaN;NaN;75
;ServiceLog;gsmart;1357001942636;01.01.2013 3:59:02;Raw;0.89;4.769;7.977;NaN;NaN;NaN;NaN;NaN;NaN;NaN;NaN;NaN;NaN;NaN;NaN;NaN;NaN;NaN;76
;ServiceLog;gsmart;1357001943679;01.01.2013 3:59:03;Raw;0.9;4.855;8.782;NaN;NaN;NaN;NaN;NaN;NaN;NaN;NaN;NaN;NaN;NaN;NaN;NaN;NaN;NaN;73
;ServiceLog;gsmart;1357001944708;01.01.2013 3:59:04;Raw;0.526;4.807;7.211;NaN;NaN;NaN;NaN;NaN;NaN;NaN;NaN;NaN;NaN;NaN;NaN;NaN;NaN;NaN;76
;ServiceLog;gsmart;1357001945754;01.01.2013 3:59:05;Raw;0.421;4.826;7.862;NaN;NaN;NaN;NaN;NaN;NaN;NaN;NaN;NaN;NaN;NaN;NaN;NaN;NaN;NaN;68
;ServiceLog;gsmart;1357001946781;01.01.2013 3:59:06;Raw;0.66;4.597;8.14;NaN;NaN;NaN;NaN;NaN;NaN;NaN;NaN;NaN;NaN;NaN;NaN;NaN;NaN;NaN;65
;ServiceLog;gsmart;1357001947811;01.01.2013 3:59:07;Raw;0.507;4.568;8.016;NaN;NaN;NaN;NaN;NaN;NaN;NaN;NaN;NaN;NaN;NaN;NaN;NaN;NaN;NaN;68
;ServiceLog;gsmart;1357001948856;01.01.2013 3:59:08;Raw;0.699;4.434;8.494;NaN;NaN;NaN;NaN;NaN;NaN;NaN;NaN;NaN;NaN;NaN;NaN;NaN;NaN;NaN;71
;ServiceLog;gsmart;1357001949902;01.01.2013 3:59:09;Raw;0.498;4.529;7.824;NaN;NaN;NaN;NaN;NaN;NaN;NaN;NaN;NaN;NaN;NaN;NaN;NaN;NaN;NaN;67
;ServiceLog;gsmart;1357001950929;01.01.2013 3:59:10;Raw;0.632;4.606;8.389;NaN;NaN;NaN;NaN;NaN;NaN;NaN;NaN;NaN;NaN;NaN;NaN;NaN;NaN;NaN;69
;ServiceLog;gsmart;1357001951974;01.01.2013 3:59:11;Raw;-0.421;4.434;7.585;NaN;NaN;NaN;NaN;NaN;NaN;NaN;NaN;NaN;NaN;NaN;NaN;NaN;NaN;NaN;67
;ServiceLog;gsmart;1357001953016;01.01.2013 3:59:13;Raw;0.21;4.539;8.609;NaN;NaN;NaN;NaN;NaN;NaN;NaN;NaN;NaN;NaN;NaN;NaN;NaN;NaN;NaN;68
;ServiceLog;gsmart;1357001954062;01.01.2013 3:59:14;Raw;0.45;4.415;9.299;NaN;NaN;NaN;NaN;NaN;NaN;NaN;NaN;NaN;NaN;NaN;NaN;NaN;NaN;NaN;67
;ServiceLog;gsmart;1357001955149;01.01.2013 3:59:15;Raw;0.67;4.462;8.734;NaN;NaN;NaN;NaN;NaN;NaN;NaN;NaN;NaN;NaN;NaN;NaN;NaN;NaN;NaN;67
;ServiceLog;gsmart;1357001956197;01.01.2013 3:59:16;Raw;0.287;4.194;8.6;NaN;NaN;NaN;NaN;NaN;NaN;NaN;NaN;NaN;NaN;NaN;NaN;NaN;NaN;NaN;65
;ServiceLog;gsmart;1357001957227;01.01.2013 3:59:17;Raw;0.871;4.348;8.303;NaN;NaN;NaN;NaN;NaN;NaN;NaN;NaN;NaN;NaN;NaN;NaN;NaN;NaN;NaN;67
;ServiceLog;gsmart;1357001958262;01.01.2013 3:59:18;Raw;0.411;4.529;8.169;NaN;NaN;NaN;NaN;NaN;NaN;NaN;NaN;NaN;NaN;NaN;NaN;NaN;NaN;NaN;67
;ServiceLog;gsmart;1357001959297;01.01.2013 3:59:19;Raw;0.172;4.271;8.37;NaN;NaN;NaN;NaN;NaN;NaN;NaN;NaN;NaN;NaN;NaN;NaN;NaN;NaN;NaN;67
;ServiceLog;gsmart;1357001960344;01.01.2013 3:59:20;Raw;-0.593;4.079;7.69;NaN;NaN;NaN;NaN;NaN;NaN;NaN;NaN;NaN;NaN;NaN;NaN;NaN;NaN;NaN;64
;ServiceLog;gsmart;1357001961376;01.01.2013 3:59:21;Raw;1.58;4.491;8.81;NaN;NaN;NaN;NaN;NaN;NaN;NaN;NaN;NaN;NaN;NaN;NaN;NaN;NaN;NaN;66
;ServiceLog;gsmart;1357001962410;01.01.2013 3:59:22;Raw;0.66;4.855;8.111;NaN;NaN;NaN;NaN;NaN;NaN;NaN;NaN;NaN;NaN;NaN;NaN;NaN;NaN;NaN;80
;ServiceLog;gsmart;1357001963453;01.01.2013 3:59:23;Raw;1.292;5.008;8.083;NaN;NaN;NaN;NaN;NaN;NaN;NaN;NaN;NaN;NaN;NaN;NaN;NaN;NaN;NaN;75
;ServiceLog;gsmart;1357001964480;01.01.2013 3:59:24;Raw;0.928;4.999;8.178;NaN;NaN;NaN;NaN;NaN;NaN;NaN;NaN;NaN;NaN;NaN;NaN;NaN;NaN;NaN;79
;ServiceLog;gsmart;1357001965528;01.01.2013 3:59:25;Raw;0.794;4.338;7.776;NaN;NaN;NaN;NaN;NaN;NaN;NaN;NaN;NaN;NaN;NaN;NaN;NaN;NaN;NaN;79
;ServiceLog;gsmart;1357001966573;01.01.2013 3:59:26;Raw;0.861;4.903;7.738;NaN;NaN;NaN;NaN;NaN;NaN;NaN;NaN;NaN;NaN;NaN;NaN;NaN;NaN;NaN;79
;ServiceLog;gsmart;1357001967609;01.01.2013 3:59:27;Raw;0.498;4.051;7.642;NaN;NaN;NaN;NaN;NaN;NaN;NaN;NaN;NaN;NaN;NaN;NaN;NaN;NaN;NaN;77
;ServiceLog;gsmart;1357001968640;01.01.2013 3:59:28;Raw;0.871;4.539;7.556;NaN;NaN;NaN;NaN;NaN;NaN;NaN;NaN;NaN;NaN;NaN;NaN;NaN;NaN;NaN;79
;ServiceLog;gsmart;1357001969688;01.01.2013 3:59:29;Raw;1.35;4.826;7.862;NaN;NaN;NaN;NaN;NaN;NaN;NaN;NaN;NaN;NaN;NaN;NaN;NaN;NaN;NaN;84
;ServiceLog;gsmart;1357001970723;01.01.2013 3:59:30;Raw;0.89;4.683;7.958;NaN;NaN;NaN;NaN;NaN;NaN;NaN;NaN;NaN;NaN;NaN;NaN;NaN;NaN;NaN;80
;ServiceLog;gsmart;1357001971811;01.01.2013 3:59:31;Raw;0.89;4.405;8.255;NaN;NaN;NaN;NaN;NaN;NaN;NaN;NaN;NaN;NaN;NaN;NaN;NaN;NaN;NaN;74
;ServiceLog;gsmart;1357001972889;01.01.2013 3:59:32;Raw;0.794;4.415;7.795;NaN;NaN;NaN;NaN;NaN;NaN;NaN;NaN;NaN;NaN;NaN;NaN;NaN;NaN;NaN;90
;ServiceLog;gsmart;1357001973937;01.01.2013 3:59:33;Raw;1.608;4.223;8.437;NaN;NaN;NaN;NaN;NaN;NaN;NaN;NaN;NaN;NaN;NaN;NaN;NaN;NaN;NaN;64
;ServiceLog;gsmart;1357001974972;01.01.2013 3:59:34;Raw;1.197;4.309;7.671;NaN;NaN;NaN;NaN;NaN;NaN;NaN;NaN;NaN;NaN;NaN;NaN;NaN;NaN;NaN;82
;ServiceLog;gsmart;1357001976025;01.01.2013 3:59:36;Raw;1.11;4.692;8.15;NaN;NaN;NaN;NaN;NaN;NaN;NaN;NaN;NaN;NaN;NaN;NaN;NaN;NaN;NaN;72
;ServiceLog;gsmart;1357001977061;01.01.2013 3:59:37;Raw;0.708;4.625;8.006;NaN;NaN;NaN;NaN;NaN;NaN;NaN;NaN;NaN;NaN;NaN;NaN;NaN;NaN;NaN;56
;ServiceLog;gsmart;1357001978097;01.01.2013 3:59:38;Raw;0.45;4.807;7.939;NaN;NaN;NaN;NaN;NaN;NaN;NaN;NaN;NaN;NaN;NaN;NaN;NaN;NaN;NaN;75
;ServiceLog;gsmart;1357001979130;01.01.2013 3:59:39;Raw;0.498;4.788;8.083;NaN;NaN;NaN;NaN;NaN;NaN;NaN;NaN;NaN;NaN;NaN;NaN;NaN;NaN;NaN;80
;ServiceLog;gsmart;1357001980162;01.01.2013 3:59:40;Raw;0.881;4.664;7.68;NaN;NaN;NaN;NaN;NaN;NaN;NaN;NaN;NaN;NaN;NaN;NaN;NaN;NaN;NaN;85
;ServiceLog;gsmart;1357001981251;01.01.2013 3:59:41;Raw;1.024;4.443;8.303;NaN;NaN;NaN;NaN;NaN;NaN;NaN;NaN;NaN;NaN;NaN;NaN;NaN;NaN;NaN;61
;ServiceLog;gsmart;1357001982296;01.01.2013 3:59:42;Raw;0.727;4.597;7.546;NaN;NaN;NaN;NaN;NaN;NaN;NaN;NaN;NaN;NaN;NaN;NaN;NaN;NaN;NaN;54
;ServiceLog;gsmart;1357001983351;01.01.2013 3:59:43;Raw;0.833;4.51;7.824;NaN;NaN;NaN;NaN;NaN;NaN;NaN;NaN;NaN;NaN;NaN;NaN;NaN;NaN;NaN;45
;ServiceLog;gsmart;1357001984382;01.01.2013 3:59:44;Raw;0.229;4.922;8.083;NaN;NaN;NaN;NaN;NaN;NaN;NaN;NaN;NaN;NaN;NaN;NaN;NaN;NaN;NaN;45
;ServiceLog;gsmart;1357001985417;01.01.2013 3:59:45;Raw;0.239;4.654;8.178;NaN;NaN;NaN;NaN;NaN;NaN;NaN;NaN;NaN;NaN;NaN;NaN;NaN;NaN;NaN;86
;ServiceLog;gsmart;1357001986444;01.01.2013 3:59:46;Raw;0.172;4.74;7.881;NaN;NaN;NaN;NaN;NaN;NaN;NaN;NaN;NaN;NaN;NaN;NaN;NaN;NaN;NaN;85
;ServiceLog;gsmart;1357001987475;01.01.2013 3:59:47;Raw;0.325;4.74;8.025;NaN;NaN;NaN;NaN;NaN;NaN;NaN;NaN;NaN;NaN;NaN;NaN;NaN;NaN;NaN;87
;ServiceLog;gsmart;1357001988512;01.01.2013 3:59:48;Raw;0.478;4.75;8.178;NaN;NaN;NaN;NaN;NaN;NaN;NaN;NaN;NaN;NaN;NaN;NaN;NaN;NaN;NaN;89
;ServiceLog;gsmart;1357001989548;01.01.2013 3:59:49;Raw;-0.019;4.721;7.719;NaN;NaN;NaN;NaN;NaN;NaN;NaN;NaN;NaN;NaN;NaN;NaN;NaN;NaN;NaN;86
;ServiceLog;gsmart;1357001990582;01.01.2013 3:59:50;Raw;-1.398;4.51;8.389;NaN;NaN;NaN;NaN;NaN;NaN;NaN;NaN;NaN;NaN;NaN;NaN;NaN;NaN;NaN;75
;ServiceLog;gsmart;1357001991619;01.01.2013 3:59:51;Raw;-0.488;4.443;8.016;NaN;NaN;NaN;NaN;NaN;NaN;NaN;NaN;NaN;NaN;NaN;NaN;NaN;NaN;NaN;82
;ServiceLog;gsmart;1357001992652;01.01.2013 3:59:52;Raw;-0.679;4.405;8.284;NaN;NaN;NaN;NaN;NaN;NaN;NaN;NaN;NaN;NaN;NaN;NaN;NaN;NaN;NaN;84
;ServiceLog;gsmart;1357001993682;01.01.2013 3:59:53;Raw;-0.545;4.166;8.265;NaN;NaN;NaN;NaN;NaN;NaN;NaN;NaN;NaN;NaN;NaN;NaN;NaN;NaN;NaN;82
;ServiceLog;gsmart;1357001994744;01.01.2013 3:59:54;Raw;-0.526;4.137;8.303;NaN;NaN;NaN;NaN;NaN;NaN;NaN;NaN;NaN;NaN;NaN;NaN;NaN;NaN;NaN;43
;ServiceLog;gsmart;1357001995777;01.01.2013 3:59:55;Raw;-0.565;4.252;8.494;NaN;NaN;NaN;NaN;NaN;NaN;NaN;NaN;NaN;NaN;NaN;NaN;NaN;NaN;NaN;42
;ServiceLog;gsmart;1357001996816;01.01.2013 3:59:56;Raw;-0.651;4.127;8.686;NaN;NaN;NaN;NaN;NaN;NaN;NaN;NaN;NaN;NaN;NaN;NaN;NaN;NaN;NaN;59
;ServiceLog;gsmart;1357001997864;01.01.2013 3:59:57;Raw;-0.603;4.137;8.351;NaN;NaN;NaN;NaN;NaN;NaN;NaN;NaN;NaN;NaN;NaN;NaN;NaN;NaN;NaN;43
;ServiceLog;gsmart;1357001998907;01.01.2013 3:59:58;Raw;-0.459;4.127;8.437;NaN;NaN;NaN;NaN;NaN;NaN;NaN;NaN;NaN;NaN;NaN;NaN;NaN;NaN;NaN;48
;ServiceLog;gsmart;1357001999949;01.01.2013 3:59:59;Raw;-0.574;4.137;8.715;NaN;NaN;NaN;NaN;NaN;NaN;NaN;NaN;NaN;NaN;NaN;NaN;NaN;NaN;NaN;35
;ServiceLog;gsmart;1357002001021;01.01.2013 4:00:01;Raw;-0.555;4.146;8.427;NaN;NaN;NaN;NaN;NaN;NaN;NaN;NaN;NaN;NaN;NaN;NaN;NaN;NaN;NaN;44
;ServiceLog;gsmart;1357002002053;01.01.2013 4:00:02;Raw;-0.584;4.156;8.504;NaN;NaN;NaN;NaN;NaN;NaN;NaN;NaN;NaN;NaN;NaN;NaN;NaN;NaN;NaN;34
;ServiceLog;gsmart;1357002003088;01.01.2013 4:00:03;Raw;-0.574;4.185;8.284;NaN;NaN;NaN;NaN;NaN;NaN;NaN;NaN;NaN;NaN;NaN;NaN;NaN;NaN;NaN;39
;ServiceLog;gsmart;1357002004136;01.01.2013 4:00:04;Raw;-0.488;4.242;8.494;NaN;NaN;NaN;NaN;NaN;NaN;NaN;NaN;NaN;NaN;NaN;NaN;NaN;NaN;NaN;58
;ServiceLog;gsmart;1357002005173;01.01.2013 4:00:05;Raw;-0.679;4.108;8.293;NaN;NaN;NaN;NaN;NaN;NaN;NaN;NaN;NaN;NaN;NaN;NaN;NaN;NaN;NaN;58
;ServiceLog;gsmart;1357002006245;01.01.2013 4:00:06;Raw;-0.603;4.07;8.293;NaN;NaN;NaN;NaN;NaN;NaN;NaN;NaN;NaN;NaN;NaN;NaN;NaN;NaN;NaN;79
;ServiceLog;gsmart;1357002007288;01.01.2013 4:00:07;Raw;-0.488;4.137;8.198;NaN;NaN;NaN;NaN;NaN;NaN;NaN;NaN;NaN;NaN;NaN;NaN;NaN;NaN;NaN;84
;ServiceLog;gsmart;1357002008326;01.01.2013 4:00:08;Raw;-0.44;4.166;8.226;NaN;NaN;NaN;NaN;NaN;NaN;NaN;NaN;NaN;NaN;NaN;NaN;NaN;NaN;NaN;85
;ServiceLog;gsmart;1357002009375;01.01.2013 4:00:09;Raw;-0.593;4.261;8.475;NaN;NaN;NaN;NaN;NaN;NaN;NaN;NaN;NaN;NaN;NaN;NaN;NaN;NaN;NaN;84
;ServiceLog;gsmart;1357002010421;01.01.2013 4:00:10;Raw;-0.565;4.204;8.475;NaN;NaN;NaN;NaN;NaN;NaN;NaN;NaN;NaN;NaN;NaN;NaN;NaN;NaN;NaN;82
;ServiceLog;gsmart;1357002011484;01.01.2013 4:00:11;Raw;-0.574;3.936;8.571;NaN;NaN;NaN;NaN;NaN;NaN;NaN;NaN;NaN;NaN;NaN;NaN;NaN;NaN;NaN;60
;ServiceLog;gsmart;1357002012518;01.01.2013 4:00:12;Raw;-0.574;4.156;8.427;NaN;NaN;NaN;NaN;NaN;NaN;NaN;NaN;NaN;NaN;NaN;NaN;NaN;NaN;NaN;63
;ServiceLog;gsmart;1357002013577;01.01.2013 4:00:13;Raw;-0.632;4.146;8.322;NaN;NaN;NaN;NaN;NaN;NaN;NaN;NaN;NaN;NaN;NaN;NaN;NaN;NaN;NaN;63
;ServiceLog;gsmart;1357002014617;01.01.2013 4:00:14;Raw;-1.12;4.242;8.054;NaN;NaN;NaN;NaN;NaN;NaN;NaN;NaN;NaN;NaN;NaN;NaN;NaN;NaN;NaN;79
;ServiceLog;gsmart;1357002015649;01.01.2013 4:00:15;Raw;-1.455;4.395;8.676;NaN;NaN;NaN;NaN;NaN;NaN;NaN;NaN;NaN;NaN;NaN;NaN;NaN;NaN;NaN;57
;ServiceLog;gsmart;1357002016690;01.01.2013 4:00:16;Raw;-1.599;4.405;8.265;NaN;NaN;NaN;NaN;NaN;NaN;NaN;NaN;NaN;NaN;NaN;NaN;NaN;NaN;NaN;63
;ServiceLog;gsmart;1357002017727;01.01.2013 4:00:17;Raw;-1.752;4.482;8.111;NaN;NaN;NaN;NaN;NaN;NaN;NaN;NaN;NaN;NaN;NaN;NaN;NaN;NaN;NaN;64
;ServiceLog;gsmart;1357002018763;01.01.2013 4:00:18;Raw;-1.235;4.367;8.514;NaN;NaN;NaN;NaN;NaN;NaN;NaN;NaN;NaN;NaN;NaN;NaN;NaN;NaN;NaN;61
;ServiceLog;gsmart;1357002019790;01.01.2013 4:00:19;Raw;-1.034;4.185;8.188;NaN;NaN;NaN;NaN;NaN;NaN;NaN;NaN;NaN;NaN;NaN;NaN;NaN;NaN;NaN;52
;ServiceLog;gsmart;1357002020826;01.01.2013 4:00:20;Raw;-0.986;4.204;7.987;NaN;NaN;NaN;NaN;NaN;NaN;NaN;NaN;NaN;NaN;NaN;NaN;NaN;NaN;NaN;54
;ServiceLog;gsmart;1357002021859;01.01.2013 4:00:21;Raw;-0.986;4.242;8.332;NaN;NaN;NaN;NaN;NaN;NaN;NaN;NaN;NaN;NaN;NaN;NaN;NaN;NaN;NaN;49
;ServiceLog;gsmart;1357002022890;01.01.2013 4:00:22;Raw;-0.9;4.175;8.552;NaN;NaN;NaN;NaN;NaN;NaN;NaN;NaN;NaN;NaN;NaN;NaN;NaN;NaN;NaN;54
;ServiceLog;gsmart;1357002023926;01.01.2013 4:00:23;Raw;-0.852;4.194;8.561;NaN;NaN;NaN;NaN;NaN;NaN;NaN;NaN;NaN;NaN;NaN;NaN;NaN;NaN;NaN;51
;ServiceLog;gsmart;1357002024977;01.01.2013 4:00:24;Raw;-0.766;4.252;8.408;NaN;NaN;NaN;NaN;NaN;NaN;NaN;NaN;NaN;NaN;NaN;NaN;NaN;NaN;NaN;54
;ServiceLog;gsmart;1357002026009;01.01.2013 4:00:26;Raw;-0.9;4.204;8.753;NaN;NaN;NaN;NaN;NaN;NaN;NaN;NaN;NaN;NaN;NaN;NaN;NaN;NaN;NaN;54
;ServiceLog;gsmart;1357002027040;01.01.2013 4:00:27;Raw;-0.842;4.118;8.437;NaN;NaN;NaN;NaN;NaN;NaN;NaN;NaN;NaN;NaN;NaN;NaN;NaN;NaN;NaN;55
;ServiceLog;gsmart;1357002028088;01.01.2013 4:00:28;Raw;-0.488;4.252;8.312;NaN;NaN;NaN;NaN;NaN;NaN;NaN;NaN;NaN;NaN;NaN;NaN;NaN;NaN;NaN;56
;ServiceLog;gsmart;1357002029120;01.01.2013 4:00:29;Raw;-0.737;4.156;8.054;NaN;NaN;NaN;NaN;NaN;NaN;NaN;NaN;NaN;NaN;NaN;NaN;NaN;NaN;NaN;59
;ServiceLog;gsmart;1357002030173;01.01.2013 4:00:30;Raw;-0.842;3.926;8.083;NaN;NaN;NaN;NaN;NaN;NaN;NaN;NaN;NaN;NaN;NaN;NaN;NaN;NaN;NaN;57
;ServiceLog;gsmart;1357002031208;01.01.2013 4:00:31;Raw;-0.545;4.328;8.494;NaN;NaN;NaN;NaN;NaN;NaN;NaN;NaN;NaN;NaN;NaN;NaN;NaN;NaN;NaN;62
;ServiceLog;gsmart;1357002032239;01.01.2013 4:00:32;Raw;-0.66;4.156;8.437;NaN;NaN;NaN;NaN;NaN;NaN;NaN;NaN;NaN;NaN;NaN;NaN;NaN;NaN;NaN;66
;ServiceLog;gsmart;1357002033295;01.01.2013 4:00:33;Raw;-0.747;4.28;8.083;NaN;NaN;NaN;NaN;NaN;NaN;NaN;NaN;NaN;NaN;NaN;NaN;NaN;NaN;NaN;63
;ServiceLog;gsmart;1357002034364;01.01.2013 4:00:34;Raw;-0.957;3.974;8.36;NaN;NaN;NaN;NaN;NaN;NaN;NaN;NaN;NaN;NaN;NaN;NaN;NaN;NaN;NaN;64
;ServiceLog;gsmart;1357002035406;01.01.2013 4:00:35;Raw;-0.718;4.041;8.111;NaN;NaN;NaN;NaN;NaN;NaN;NaN;NaN;NaN;NaN;NaN;NaN;NaN;NaN;NaN;64
;ServiceLog;gsmart;1357002036449;01.01.2013 4:00:36;Raw;-0.928;3.955;8.341;NaN;NaN;NaN;NaN;NaN;NaN;NaN;NaN;NaN;NaN;NaN;NaN;NaN;NaN;NaN;67
;ServiceLog;gsmart;1357002037495;01.01.2013 4:00:37;Raw;-0.996;3.897;8.59;NaN;NaN;NaN;NaN;NaN;NaN;NaN;NaN;NaN;NaN;NaN;NaN;NaN;NaN;NaN;64
;ServiceLog;gsmart;1357002038531;01.01.2013 4:00:38;Raw;-0.976;4.031;8.207;NaN;NaN;NaN;NaN;NaN;NaN;NaN;NaN;NaN;NaN;NaN;NaN;NaN;NaN;NaN;76
;ServiceLog;gsmart;1357002039565;01.01.2013 4:00:39;Raw;-1.321;3.83;8.36;NaN;NaN;NaN;NaN;NaN;NaN;NaN;NaN;NaN;NaN;NaN;NaN;NaN;NaN;NaN;65
;ServiceLog;gsmart;1357002040601;01.01.2013 4:00:40;Raw;-1.359;3.572;8.303;NaN;NaN;NaN;NaN;NaN;NaN;NaN;NaN;NaN;NaN;NaN;NaN;NaN;NaN;NaN;71
;ServiceLog;gsmart;1357002041630;01.01.2013 4:00:41;Raw;-1.177;4.137;8.791;NaN;NaN;NaN;NaN;NaN;NaN;NaN;NaN;NaN;NaN;NaN;NaN;NaN;NaN;NaN;77
;ServiceLog;gsmart;1357002042666;01.01.2013 4:00:42;Raw;-1.522;3.792;8.437;NaN;NaN;NaN;NaN;NaN;NaN;NaN;NaN;NaN;NaN;NaN;NaN;NaN;NaN;NaN;73
;ServiceLog;gsmart;1357002043703;01.01.2013 4:00:43;Raw;-1.264;2.853;9.184;NaN;NaN;NaN;NaN;NaN;NaN;NaN;NaN;NaN;NaN;NaN;NaN;NaN;NaN;NaN;75
;ServiceLog;gsmart;1357002044794;01.01.2013 4:00:44;Raw;-1.13;2.911;8.504;NaN;NaN;NaN;NaN;NaN;NaN;NaN;NaN;NaN;NaN;NaN;NaN;NaN;NaN;NaN;74
;ServiceLog;gsmart;1357002045817;01.01.2013 4:00:45;Raw;-0.469;3.562;8.121;NaN;NaN;NaN;NaN;NaN;NaN;NaN;NaN;NaN;NaN;NaN;NaN;NaN;NaN;NaN;76
;ServiceLog;gsmart;1357002046860;01.01.2013 4:00:46;Raw;-0.603;3.821;8.322;NaN;NaN;NaN;NaN;NaN;NaN;NaN;NaN;NaN;NaN;NaN;NaN;NaN;NaN;NaN;74
;ServiceLog;gsmart;1357002047896;01.01.2013 4:00:47;Raw;-0.469;3.821;8.629;NaN;NaN;NaN;NaN;NaN;NaN;NaN;NaN;NaN;NaN;NaN;NaN;NaN;NaN;NaN;75
;ServiceLog;gsmart;1357002048925;01.01.2013 4:00:48;Raw;-0.603;3.802;9.002;NaN;NaN;NaN;NaN;NaN;NaN;NaN;NaN;NaN;NaN;NaN;NaN;NaN;NaN;NaN;75
;ServiceLog;gsmart;1357002049979;01.01.2013 4:00:49;Raw;-0.584;4.099;8.523;NaN;NaN;NaN;NaN;NaN;NaN;NaN;NaN;NaN;NaN;NaN;NaN;NaN;NaN;NaN;76
;ServiceLog;gsmart;1357002051018;01.01.2013 4:00:51;Raw;-0.641;3.984;8.226;NaN;NaN;NaN;NaN;NaN;NaN;NaN;NaN;NaN;NaN;NaN;NaN;NaN;NaN;NaN;72
;ServiceLog;gsmart;1357002052064;01.01.2013 4:00:52;Raw;-0.718;4.309;8.456;NaN;NaN;NaN;NaN;NaN;NaN;NaN;NaN;NaN;NaN;NaN;NaN;NaN;NaN;NaN;75
;ServiceLog;gsmart;1357002053098;01.01.2013 4:00:53;Raw;-0.507;4.233;8.427;NaN;NaN;NaN;NaN;NaN;NaN;NaN;NaN;NaN;NaN;NaN;NaN;NaN;NaN;NaN;75
;ServiceLog;gsmart;1357002054136;01.01.2013 4:00:54;Raw;-0.325;3.984;9.021;NaN;NaN;NaN;NaN;NaN;NaN;NaN;NaN;NaN;NaN;NaN;NaN;NaN;NaN;NaN;75
;ServiceLog;gsmart;1357002055202;01.01.2013 4:00:55;Raw;-0.708;3.629;9.069;NaN;NaN;NaN;NaN;NaN;NaN;NaN;NaN;NaN;NaN;NaN;NaN;NaN;NaN;NaN;78
;ServiceLog;gsmart;1357002056245;01.01.2013 4:00:56;Raw;-0.478;3.84;8.274;NaN;NaN;NaN;NaN;NaN;NaN;NaN;NaN;NaN;NaN;NaN;NaN;NaN;NaN;NaN;75
;ServiceLog;gsmart;1357002057302;01.01.2013 4:00:57;Raw;0.105;4.415;8.81;NaN;NaN;NaN;NaN;NaN;NaN;NaN;NaN;NaN;NaN;NaN;NaN;NaN;NaN;NaN;71
;ServiceLog;gsmart;1357002058336;01.01.2013 4:00:58;Raw;-0.727;3.926;8.81;NaN;NaN;NaN;NaN;NaN;NaN;NaN;NaN;NaN;NaN;NaN;NaN;NaN;NaN;NaN;72
;ServiceLog;gsmart;1357002059385;01.01.2013 4:00:59;Raw;-0.766;3.581;9.711;NaN;NaN;NaN;NaN;NaN;NaN;NaN;NaN;NaN;NaN;NaN;NaN;NaN;NaN;NaN;72
;ServiceLog;gsmart;1357002060432;01.01.2013 4:01:00;Raw;-0.134;4.348;9.5;NaN;NaN;NaN;NaN;NaN;NaN;NaN;NaN;NaN;NaN;NaN;NaN;NaN;NaN;NaN;75
;ServiceLog;gsmart;1357002061475;01.01.2013 4:01:01;Raw;-0.612;4.118;8.973;NaN;NaN;NaN;NaN;NaN;NaN;NaN;NaN;NaN;NaN;NaN;NaN;NaN;NaN;NaN;73
;ServiceLog;gsmart;1357002062519;01.01.2013 4:01:02;Raw;-0.641;3.304;8.638;NaN;NaN;NaN;NaN;NaN;NaN;NaN;NaN;NaN;NaN;NaN;NaN;NaN;NaN;NaN;73
;ServiceLog;gsmart;1357002063556;01.01.2013 4:01:03;Raw;-0.536;3.514;8.906;NaN;NaN;NaN;NaN;NaN;NaN;NaN;NaN;NaN;NaN;NaN;NaN;NaN;NaN;NaN;73
;ServiceLog;gsmart;1357002064603;01.01.2013 4:01:04;Raw;-0.517;3.964;8.169;NaN;NaN;NaN;NaN;NaN;NaN;NaN;NaN;NaN;NaN;NaN;NaN;NaN;NaN;NaN;65
;ServiceLog;gsmart;1357002065660;01.01.2013 4:01:05;Raw;-0.632;4.051;9.241;NaN;NaN;NaN;NaN;NaN;NaN;NaN;NaN;NaN;NaN;NaN;NaN;NaN;NaN;NaN;70
;ServiceLog;gsmart;1357002066693;01.01.2013 4:01:06;Raw;-0.593;3.246;8.159;NaN;NaN;NaN;NaN;NaN;NaN;NaN;NaN;NaN;NaN;NaN;NaN;NaN;NaN;NaN;68
;ServiceLog;gsmart;1357002067728;01.01.2013 4:01:07;Raw;-0.316;4.175;8.198;NaN;NaN;NaN;NaN;NaN;NaN;NaN;NaN;NaN;NaN;NaN;NaN;NaN;NaN;NaN;66
;ServiceLog;gsmart;1357002068776;01.01.2013 4:01:08;Raw;-0.699;3.007;8.408;NaN;NaN;NaN;NaN;NaN;NaN;NaN;NaN;NaN;NaN;NaN;NaN;NaN;NaN;NaN;68
;ServiceLog;gsmart;1357002069822;01.01.2013 4:01:09;Raw;-0.411;3.715;9.059;NaN;NaN;NaN;NaN;NaN;NaN;NaN;NaN;NaN;NaN;NaN;NaN;NaN;NaN;NaN;67
;ServiceLog;gsmart;1357002070860;01.01.2013 4:01:10;Raw;-0.689;3.84;9.328;NaN;NaN;NaN;NaN;NaN;NaN;NaN;NaN;NaN;NaN;NaN;NaN;NaN;NaN;NaN;68
;ServiceLog;gsmart;1357002071901;01.01.2013 4:01:11;Raw;-0.689;3.419;7.671;NaN;NaN;NaN;NaN;NaN;NaN;NaN;NaN;NaN;NaN;NaN;NaN;NaN;NaN;NaN;68
;ServiceLog;gsmart;1357002072981;01.01.2013 4:01:12;Raw;-0.373;3.859;8.322;NaN;NaN;NaN;NaN;NaN;NaN;NaN;NaN;NaN;NaN;NaN;NaN;NaN;NaN;NaN;68
;ServiceLog;gsmart;1357002074026;01.01.2013 4:01:14;Raw;-0.44;3.553;8.983;NaN;NaN;NaN;NaN;NaN;NaN;NaN;NaN;NaN;NaN;NaN;NaN;NaN;NaN;NaN;69
;ServiceLog;gsmart;1357002075061;01.01.2013 4:01:15;Raw;-0.612;3.773;8.648;NaN;NaN;NaN;NaN;NaN;NaN;NaN;NaN;NaN;NaN;NaN;NaN;NaN;NaN;NaN;71
;ServiceLog;gsmart;1357002076099;01.01.2013 4:01:16;Raw;-0.833;3.802;8.686;NaN;NaN;NaN;NaN;NaN;NaN;NaN;NaN;NaN;NaN;NaN;NaN;NaN;NaN;NaN;69
;ServiceLog;gsmart;1357002077134;01.01.2013 4:01:17;Raw;0.373;4.108;8.839;NaN;NaN;NaN;NaN;NaN;NaN;NaN;NaN;NaN;NaN;NaN;NaN;NaN;NaN;NaN;71
;ServiceLog;gsmart;1357002078175;01.01.2013 4:01:18;Raw;-0.22;3.715;8.973;NaN;NaN;NaN;NaN;NaN;NaN;NaN;NaN;NaN;NaN;NaN;NaN;NaN;NaN;NaN;72
;ServiceLog;gsmart;1357002079215;01.01.2013 4:01:19;Raw;-0.421;3.601;8.15;NaN;NaN;NaN;NaN;NaN;NaN;NaN;NaN;NaN;NaN;NaN;NaN;NaN;NaN;NaN;70
;ServiceLog;gsmart;1357002080253;01.01.2013 4:01:20;Raw;-0.679;3.763;8.581;NaN;NaN;NaN;NaN;NaN;NaN;NaN;NaN;NaN;NaN;NaN;NaN;NaN;NaN;NaN;71
;ServiceLog;gsmart;1357002081336;01.01.2013 4:01:21;Raw;-1.053;3.256;8.245;NaN;NaN;NaN;NaN;NaN;NaN;NaN;NaN;NaN;NaN;NaN;NaN;NaN;NaN;NaN;69
;ServiceLog;gsmart;1357002082378;01.01.2013 4:01:22;Raw;0.402;3.974;8.705;NaN;NaN;NaN;NaN;NaN;NaN;NaN;NaN;NaN;NaN;NaN;NaN;NaN;NaN;NaN;71
;ServiceLog;gsmart;1357002083425;01.01.2013 4:01:23;Raw;-0.603;3.658;8.121;NaN;NaN;NaN;NaN;NaN;NaN;NaN;NaN;NaN;NaN;NaN;NaN;NaN;NaN;NaN;72
;ServiceLog;gsmart;1357002084460;01.01.2013 4:01:24;Raw;-0.383;3.763;8.561;NaN;NaN;NaN;NaN;NaN;NaN;NaN;NaN;NaN;NaN;NaN;NaN;NaN;NaN;NaN;71
;ServiceLog;gsmart;1357002085490;01.01.2013 4:01:25;Raw;0.565;4.031;9.548;NaN;NaN;NaN;NaN;NaN;NaN;NaN;NaN;NaN;NaN;NaN;NaN;NaN;NaN;NaN;71
;ServiceLog;gsmart;1357002086532;01.01.2013 4:01:26;Raw;-0.114;3.668;8.676;NaN;NaN;NaN;NaN;NaN;NaN;NaN;NaN;NaN;NaN;NaN;NaN;NaN;NaN;NaN;75
;ServiceLog;gsmart;1357002087566;01.01.2013 4:01:27;Raw;-0.047;3.629;8.341;NaN;NaN;NaN;NaN;NaN;NaN;NaN;NaN;NaN;NaN;NaN;NaN;NaN;NaN;NaN;72
;ServiceLog;gsmart;1357002088603;01.01.2013 4:01:28;Raw;-0.43;3.61;8.351;NaN;NaN;NaN;NaN;NaN;NaN;NaN;NaN;NaN;NaN;NaN;NaN;NaN;NaN;NaN;72
;ServiceLog;gsmart;1357002089647;01.01.2013 4:01:29;Raw;-0.296;3.524;8.772;NaN;NaN;NaN;NaN;NaN;NaN;NaN;NaN;NaN;NaN;NaN;NaN;NaN;NaN;NaN;70
;ServiceLog;gsmart;1357002090677;01.01.2013 4:01:30;Raw;-0.775;3.696;8.063;NaN;NaN;NaN;NaN;NaN;NaN;NaN;NaN;NaN;NaN;NaN;NaN;NaN;NaN;NaN;70
;ServiceLog;gsmart;1357002091726;01.01.2013 4:01:31;Raw;-0.411;3.888;7.824;NaN;NaN;NaN;NaN;NaN;NaN;NaN;NaN;NaN;NaN;NaN;NaN;NaN;NaN;NaN;75
;ServiceLog;gsmart;1357002092798;01.01.2013 4:01:32;Raw;0.258;4.031;8.255;NaN;NaN;NaN;NaN;NaN;NaN;NaN;NaN;NaN;NaN;NaN;NaN;NaN;NaN;NaN;78
;ServiceLog;gsmart;1357002093826;01.01.2013 4:01:33;Raw;-1.043;3.131;8.303;NaN;NaN;NaN;NaN;NaN;NaN;NaN;NaN;NaN;NaN;NaN;NaN;NaN;NaN;NaN;82
;ServiceLog;gsmart;1357002094945;01.01.2013 4:01:34;Raw;-0.967;3.658;8.743;NaN;NaN;NaN;NaN;NaN;NaN;NaN;NaN;NaN;NaN;NaN;NaN;NaN;NaN;NaN;77
;ServiceLog;gsmart;1357002095976;01.01.2013 4:01:35;Raw;-0.296;3.735;10.036;NaN;NaN;NaN;NaN;NaN;NaN;NaN;NaN;NaN;NaN;NaN;NaN;NaN;NaN;NaN;79
;ServiceLog;gsmart;1357002097021;01.01.2013 4:01:37;Raw;-0.785;3.332;8.322;NaN;NaN;NaN;NaN;NaN;NaN;NaN;NaN;NaN;NaN;NaN;NaN;NaN;NaN;NaN;76
;ServiceLog;gsmart;1357002098059;01.01.2013 4:01:38;Raw;-0.814;3.409;7.575;NaN;NaN;NaN;NaN;NaN;NaN;NaN;NaN;NaN;NaN;NaN;NaN;NaN;NaN;NaN;77
;ServiceLog;gsmart;1357002099090;01.01.2013 4:01:39;Raw;-0.708;3.668;9.002;NaN;NaN;NaN;NaN;NaN;NaN;NaN;NaN;NaN;NaN;NaN;NaN;NaN;NaN;NaN;84
;ServiceLog;gsmart;1357002100121;01.01.2013 4:01:40;Raw;-0.105;3.917;8.475;NaN;NaN;NaN;NaN;NaN;NaN;NaN;NaN;NaN;NaN;NaN;NaN;NaN;NaN;NaN;89
;ServiceLog;gsmart;1357002101147;01.01.2013 4:01:41;Raw;-0.134;3.668;8.542;NaN;NaN;NaN;NaN;NaN;NaN;NaN;NaN;NaN;NaN;NaN;NaN;NaN;NaN;NaN;85
;ServiceLog;gsmart;1357002102199;01.01.2013 4:01:42;Raw;-0.383;3.466;8.284;NaN;NaN;NaN;NaN;NaN;NaN;NaN;NaN;NaN;NaN;NaN;NaN;NaN;NaN;NaN;82
;ServiceLog;gsmart;1357002103230;01.01.2013 4:01:43;Raw;-0.9;4.041;9.117;NaN;NaN;NaN;NaN;NaN;NaN;NaN;NaN;NaN;NaN;NaN;NaN;NaN;NaN;NaN;75
;ServiceLog;gsmart;1357002104261;01.01.2013 4:01:44;Raw;-0.871;3.811;8.619;NaN;NaN;NaN;NaN;NaN;NaN;NaN;NaN;NaN;NaN;NaN;NaN;NaN;NaN;NaN;77
;ServiceLog;gsmart;1357002105309;01.01.2013 4:01:45;Raw;0.162;3.821;8.715;NaN;NaN;NaN;NaN;NaN;NaN;NaN;NaN;NaN;NaN;NaN;NaN;NaN;NaN;NaN;75
;ServiceLog;gsmart;1357002106341;01.01.2013 4:01:46;Raw;3.007;3.696;7.719;NaN;NaN;NaN;NaN;NaN;NaN;NaN;NaN;NaN;NaN;NaN;NaN;NaN;NaN;NaN;77
;ServiceLog;gsmart;1357002107387;01.01.2013 4:01:47;Raw;1.915;4.51;7.144;NaN;NaN;NaN;NaN;NaN;NaN;NaN;NaN;NaN;NaN;NaN;NaN;NaN;NaN;NaN;85
;ServiceLog;gsmart;1357002108441;01.01.2013 4:01:48;Raw;0.833;2.183;6.866;NaN;NaN;NaN;NaN;NaN;NaN;NaN;NaN;NaN;NaN;NaN;NaN;NaN;NaN;NaN;81
;ServiceLog;gsmart;1357002109468;01.01.2013 4:01:49;Raw;2.241;4.625;7.709;NaN;NaN;NaN;NaN;NaN;NaN;NaN;NaN;NaN;NaN;NaN;NaN;NaN;NaN;NaN;78
;ServiceLog;gsmart;1357002110498;01.01.2013 4:01:50;Raw;1.063;3.945;7.757;NaN;NaN;NaN;NaN;NaN;NaN;NaN;NaN;NaN;NaN;NaN;NaN;NaN;NaN;NaN;74
;ServiceLog;gsmart;1357002111565;01.01.2013 4:01:51;Raw;2.834;3.792;9.356;NaN;NaN;NaN;NaN;NaN;NaN;NaN;NaN;NaN;NaN;NaN;NaN;NaN;NaN;NaN;79
;ServiceLog;gsmart;1357002112624;01.01.2013 4:01:52;Raw;-0.067;2.145;12.134;NaN;NaN;NaN;NaN;NaN;NaN;NaN;NaN;NaN;NaN;NaN;NaN;NaN;NaN;NaN;80
;ServiceLog;gsmart;1357002113658;01.01.2013 4:01:53;Raw;-0.421;2.365;8.102;NaN;NaN;NaN;NaN;NaN;NaN;NaN;NaN;NaN;NaN;NaN;NaN;NaN;NaN;NaN;77
;ServiceLog;gsmart;1357002114694;01.01.2013 4:01:54;Raw;-0.114;3.035;8.964;NaN;NaN;NaN;NaN;NaN;NaN;NaN;NaN;NaN;NaN;NaN;NaN;NaN;NaN;NaN;72
;ServiceLog;gsmart;1357002115735;01.01.2013 4:01:55;Raw;-0.009;2.748;9.203;NaN;NaN;NaN;NaN;NaN;NaN;NaN;NaN;NaN;NaN;NaN;NaN;NaN;NaN;NaN;70
;ServiceLog;gsmart;1357002116783;01.01.2013 4:01:56;Raw;-0.076;2.815;8.954;NaN;NaN;NaN;NaN;NaN;NaN;NaN;NaN;NaN;NaN;NaN;NaN;NaN;NaN;NaN;84
;ServiceLog;gsmart;1357002117828;01.01.2013 4:01:57;Raw;0.172;3.256;9.184;NaN;NaN;NaN;NaN;NaN;NaN;NaN;NaN;NaN;NaN;NaN;NaN;NaN;NaN;NaN;86
;ServiceLog;gsmart;1357002118879;01.01.2013 4:01:58;Raw;-1.589;2.097;10.362;NaN;NaN;NaN;NaN;NaN;NaN;NaN;NaN;NaN;NaN;NaN;NaN;NaN;NaN;NaN;70
;ServiceLog;gsmart;1357002119911;01.01.2013 4:01:59;Raw;0.402;3.055;8.763;NaN;NaN;NaN;NaN;NaN;NaN;NaN;NaN;NaN;NaN;NaN;NaN;NaN;NaN;NaN;81
;ServiceLog;gsmart;1357002120951;01.01.2013 4:02:00;Raw;0.593;1.676;8.906;NaN;NaN;NaN;NaN;NaN;NaN;NaN;NaN;NaN;NaN;NaN;NaN;NaN;NaN;NaN;66
;ServiceLog;gsmart;1357002121985;01.01.2013 4:02:01;Raw;-0.565;2.298;10.142;NaN;NaN;NaN;NaN;NaN;NaN;NaN;NaN;NaN;NaN;NaN;NaN;NaN;NaN;NaN;63
;ServiceLog;gsmart;1357002123029;01.01.2013 4:02:03;Raw;0.057;2.566;8.925;NaN;NaN;NaN;NaN;NaN;NaN;NaN;NaN;NaN;NaN;NaN;NaN;NaN;NaN;NaN;59
;ServiceLog;gsmart;1357002124061;01.01.2013 4:02:04;Raw;0.143;2.624;9.04;NaN;NaN;NaN;NaN;NaN;NaN;NaN;NaN;NaN;NaN;NaN;NaN;NaN;NaN;NaN;86
;ServiceLog;gsmart;1357002125088;01.01.2013 4:02:05;Raw;-0.478;2.288;9.002;NaN;NaN;NaN;NaN;NaN;NaN;NaN;NaN;NaN;NaN;NaN;NaN;NaN;NaN;NaN;85
;ServiceLog;gsmart;1357002126140;01.01.2013 4:02:06;Raw;-0.747;2.26;9.299;NaN;NaN;NaN;NaN;NaN;NaN;NaN;NaN;NaN;NaN;NaN;NaN;NaN;NaN;NaN;86
;ServiceLog;gsmart;1357002127203;01.01.2013 4:02:07;Raw;-0.363;2.183;9.605;NaN;NaN;NaN;NaN;NaN;NaN;NaN;NaN;NaN;NaN;NaN;NaN;NaN;NaN;NaN;83
;ServiceLog;gsmart;1357002128248;01.01.2013 4:02:08;Raw;-0.517;2.097;9.404;NaN;NaN;NaN;NaN;NaN;NaN;NaN;NaN;NaN;NaN;NaN;NaN;NaN;NaN;NaN;83
;ServiceLog;gsmart;1357002129280;01.01.2013 4:02:09;Raw;-0.095;2.26;9.347;NaN;NaN;NaN;NaN;NaN;NaN;NaN;NaN;NaN;NaN;NaN;NaN;NaN;NaN;NaN;74
;ServiceLog;gsmart;1357002130316;01.01.2013 4:02:10;Raw;0.105;2.174;9.404;NaN;NaN;NaN;NaN;NaN;NaN;NaN;NaN;NaN;NaN;NaN;NaN;NaN;NaN;NaN;83
;ServiceLog;gsmart;1357002131349;01.01.2013 4:02:11;Raw;0.191;2.126;9.05;NaN;NaN;NaN;NaN;NaN;NaN;NaN;NaN;NaN;NaN;NaN;NaN;NaN;NaN;NaN;70
;ServiceLog;gsmart;1357002132384;01.01.2013 4:02:12;Raw;-0.22;1.666;9.768;NaN;NaN;NaN;NaN;NaN;NaN;NaN;NaN;NaN;NaN;NaN;NaN;NaN;NaN;NaN;73
;ServiceLog;gsmart;1357002133419;01.01.2013 4:02:13;Raw;4.022;0.785;8.705;NaN;NaN;NaN;NaN;NaN;NaN;NaN;NaN;NaN;NaN;NaN;NaN;NaN;NaN;NaN;75
;ServiceLog;gsmart;1357002134462;01.01.2013 4:02:14;Raw;0.727;2.71;8.054;NaN;NaN;NaN;NaN;NaN;NaN;NaN;NaN;NaN;NaN;NaN;NaN;NaN;NaN;NaN;42
;ServiceLog;gsmart;1357002135504;01.01.2013 4:02:15;Raw;0.842;1.034;8.054;NaN;NaN;NaN;NaN;NaN;NaN;NaN;NaN;NaN;NaN;NaN;NaN;NaN;NaN;NaN;44
;ServiceLog;gsmart;1357002136528;01.01.2013 4:02:16;Raw;0.383;2.442;9.261;NaN;NaN;NaN;NaN;NaN;NaN;NaN;NaN;NaN;NaN;NaN;NaN;NaN;NaN;NaN;47
;ServiceLog;gsmart;1357002137571;01.01.2013 4:02:17;Raw;2.394;3.016;12.172;NaN;NaN;NaN;NaN;NaN;NaN;NaN;NaN;NaN;NaN;NaN;NaN;NaN;NaN;NaN;60
;ServiceLog;gsmart;1357002138611;01.01.2013 4:02:18;Raw;1.771;3.352;11.444;NaN;NaN;NaN;NaN;NaN;NaN;NaN;NaN;NaN;NaN;NaN;NaN;NaN;NaN;NaN;72
;ServiceLog;gsmart;1357002139648;01.01.2013 4:02:19;Raw;-0.009;1.331;9.117;NaN;NaN;NaN;NaN;NaN;NaN;NaN;NaN;NaN;NaN;NaN;NaN;NaN;NaN;NaN;78
;ServiceLog;gsmart;1357002140677;01.01.2013 4:02:20;Raw;0.651;2.001;8.303;NaN;NaN;NaN;NaN;NaN;NaN;NaN;NaN;NaN;NaN;NaN;NaN;NaN;NaN;NaN;77
;ServiceLog;gsmart;1357002141709;01.01.2013 4:02:21;Raw;0.593;0.296;10.63;NaN;NaN;NaN;NaN;NaN;NaN;NaN;NaN;NaN;NaN;NaN;NaN;NaN;NaN;NaN;82
;ServiceLog;gsmart;1357002142745;01.01.2013 4:02:22;Raw;-1.877;0.373;9.95;NaN;NaN;NaN;NaN;NaN;NaN;NaN;NaN;NaN;NaN;NaN;NaN;NaN;NaN;NaN;83
;ServiceLog;gsmart;1357002143779;01.01.2013 4:02:23;Raw;-1.283;0.804;13.216;NaN;NaN;NaN;NaN;NaN;NaN;NaN;NaN;NaN;NaN;NaN;NaN;NaN;NaN;NaN;85
;ServiceLog;gsmart;1357002144828;01.01.2013 4:02:24;Raw;-1.503;1.13;10.716;NaN;NaN;NaN;NaN;NaN;NaN;NaN;NaN;NaN;NaN;NaN;NaN;NaN;NaN;NaN;87
;ServiceLog;gsmart;1357002145872;01.01.2013 4:02:25;Raw;0.871;1.158;9.117;NaN;NaN;NaN;NaN;NaN;NaN;NaN;NaN;NaN;NaN;NaN;NaN;NaN;NaN;NaN;88
;ServiceLog;gsmart;1357002146914;01.01.2013 4:02:26;Raw;1.781;2.135;11.281;NaN;NaN;NaN;NaN;NaN;NaN;NaN;NaN;NaN;NaN;NaN;NaN;NaN;NaN;NaN;84
;ServiceLog;gsmart;1357002147966;01.01.2013 4:02:27;Raw;-1.963;3.524;9.577;NaN;NaN;NaN;NaN;NaN;NaN;NaN;NaN;NaN;NaN;NaN;NaN;NaN;NaN;NaN;83
;ServiceLog;gsmart;1357002149007;01.01.2013 4:02:29;Raw;-1.13;1.331;10.381;NaN;NaN;NaN;NaN;NaN;NaN;NaN;NaN;NaN;NaN;NaN;NaN;NaN;NaN;NaN;79
;ServiceLog;gsmart;1357002150045;01.01.2013 4:02:30;Raw;-1.819;1.455;10.85;NaN;NaN;NaN;NaN;NaN;NaN;NaN;NaN;NaN;NaN;NaN;NaN;NaN;NaN;NaN;71
;ServiceLog;gsmart;1357002151077;01.01.2013 4:02:31;Raw;-1.599;1.829;10.027;NaN;NaN;NaN;NaN;NaN;NaN;NaN;NaN;NaN;NaN;NaN;NaN;NaN;NaN;NaN;77
