ID;Name;User;TimeStamp;NetworkGen;NetworkType;Active;MCC;MNC;LAC;CID;PSC;Power
953;Тургеневская 3;yellow;1424850663728;3G;HSPA;1;250;1;770;6920213;-1;-91
953;Тургеневская 3;yellow;1424850663728;3G;UMTS;250-1-770-6920213;250;1;-1;-1;116;20
954;Тургеневская 4;yellow;1424850675212;3G;HSPA;1;250;1;770;6920213;-1;-85
954;Тургеневская 4;yellow;1424850675212;3G;UMTS;250-1-770-6920213;250;1;-1;-1;116;28
961;Китай-город (КРЛ) 1;yellow;1424850755735;3G;HSPA;1;250;1;770;6920213;-1;-113
961;Китай-город (КРЛ) 1;yellow;1424850755735;3G;UMTS;250-1-770-6920213;250;1;-1;-1;116;6
962;Китай-город (КРЛ) 2;yellow;1424850774451;3G;UMTS;1;250;1;770;6892928;-1;-91
962;Китай-город (КРЛ) 2;yellow;1424850774451;3G;UMTS;250-1-770-6892928;250;1;-1;-1;116;6
963;Китай-город (КРЛ) 3;yellow;1424850797134;3G;UMTS;1;250;1;770;6893518;-1;-91
963;Китай-город (КРЛ) 3;yellow;1424850797134;3G;UMTS;250-1-770-6893518;250;1;-1;-1;116;6
964;Китай-город (КРЛ) 4;yellow;1424850808755;3G;UMTS;1;250;1;770;6893518;-1;-85
964;Китай-город (КРЛ) 4;yellow;1424850808755;3G;UMTS;250-1-770-6893518;250;1;-1;-1;116;6
971;Третьяковская (КРЛ) 1;yellow;1424850937231;3G;UMTS;1;250;1;770;6893518;-1;-113
971;Третьяковская (КРЛ) 1;yellow;1424850937231;3G;UMTS;250-1-770-6893518;250;1;-1;-1;116;6
972;Третьяковская (КРЛ) 2;yellow;1424850954235;3G;UMTS;1;250;1;770;6893518;-1;-113
972;Третьяковская (КРЛ) 2;yellow;1424850954235;3G;UMTS;250-1-770-6893518;250;1;-1;-1;116;6
973;Третьяковская (КРЛ) 3;yellow;1424850976260;3G;UMTS;1;250;1;770;6893518;-1;-113
973;Третьяковская (КРЛ) 3;yellow;1424850976260;3G;UMTS;250-1-770-6893518;250;1;-1;-1;116;6
974;Третьяковская (КРЛ) 4;yellow;1424850988907;3G;UMTS;1;250;1;770;6893518;-1;-113
974;Третьяковская (КРЛ) 4;yellow;1424850988907;3G;UMTS;250-1-770-6893518;250;1;-1;-1;116;6
981;Октябрьская (КРЛ) 1;yellow;1424851097995;3G;UMTS;1;250;1;770;6893518;-1;-113
981;Октябрьская (КРЛ) 1;yellow;1424851097995;3G;UMTS;250-1-770-6893518;250;1;-1;-1;116;6
982;Октябрьская (КРЛ) 2;yellow;1424851116636;3G;UMTS;1;250;1;770;6920215;-1;-85
982;Октябрьская (КРЛ) 2;yellow;1424851116636;3G;UMTS;250-1-770-6920215;250;1;-1;-1;116;6
983;Октябрьская (КРЛ) 3;yellow;1424851138926;3G;HSPAP;1;250;1;770;6920215;-1;-85
983;Октябрьская (КРЛ) 3;yellow;1424851138926;3G;UMTS;250-1-770-6920215;250;1;-1;-1;116;6
984;Октябрьская (КРЛ) 4;yellow;1424851150153;3G;UMTS;1;250;1;770;6920215;-1;-91
984;Октябрьская (КРЛ) 4;yellow;1424851150153;3G;UMTS;250-1-770-6920215;250;1;-1;-1;116;6
991;Шаболовская 1;yellow;1424851228752;3G;UMTS;1;250;1;770;6920215;-1;-97
991;Шаболовская 1;yellow;1424851228752;3G;UMTS;250-1-770-6920215;250;1;-1;-1;116;6
992;Шаболовская 2;yellow;1424851247821;3G;UMTS;1;250;1;770;6920215;-1;-97
992;Шаболовская 2;yellow;1424851247821;3G;UMTS;250-1-770-6920215;250;1;-1;-1;116;6
993;Шаболовская 3;yellow;1424851269495;3G;UMTS;1;250;1;770;6920215;-1;-97
993;Шаболовская 3;yellow;1424851269495;3G;UMTS;250-1-770-6920215;250;1;-1;-1;116;6
994;Шаболовская 4;yellow;1424851278705;3G;UMTS;1;250;1;770;6920215;-1;-97
994;Шаболовская 4;yellow;1424851278705;3G;UMTS;250-1-770-6920215;250;1;-1;-1;116;6
1001;Ленинский проспект 1;yellow;1424851410364;3G;UMTS;1;250;1;770;6920215;-1;-97
1001;Ленинский проспект 1;yellow;1424851410364;3G;UMTS;250-1-770-6920215;250;1;-1;-1;116;6
1002;Ленинский проспект 2;yellow;1424851426907;3G;UMTS;1;250;1;770;6920215;-1;-97
1002;Ленинский проспект 2;yellow;1424851426907;3G;UMTS;250-1-770-6920215;250;1;-1;-1;116;6
1003;Ленинский проспект 3;yellow;1424851445912;3G;UMTS;1;250;1;770;6920215;-1;-97
1003;Ленинский проспект 3;yellow;1424851445912;3G;UMTS;250-1-770-6920215;250;1;-1;-1;116;6
1004;Ленинский проспект 4;yellow;1424851456831;3G;UMTS;1;250;1;770;6920215;-1;-97
1004;Ленинский проспект 4;yellow;1424851456831;3G;UMTS;250-1-770-6920215;250;1;-1;-1;116;6
1011;Академическая 1;yellow;1424851594164;3G;UMTS;1;250;1;770;6920215;-1;-97
1011;Академическая 1;yellow;1424851594164;3G;UMTS;250-1-770-6920215;250;1;-1;-1;116;6
1012;Академическая 2;yellow;1424851613778;3G;UMTS;1;250;1;770;6920215;-1;-97
1012;Академическая 2;yellow;1424851613778;3G;UMTS;250-1-770-6920215;250;1;-1;-1;116;6
