ID;Name;User;TimeStamp;NetworkGen;NetworkType;Active;MCC;MNC;LAC;CID;PSC;RSSI
673;Белорусская (КЛЦ) 3;md;1417837767198;3G;UMTS;1;250;1;660;6893148;-1;-83
674;Белорусская (КЛЦ) 4;md;1417837777481;3G;UMTS;1;250;1;660;6893148;-1;-71
781;Краснопресненская 1;md;1417837873044;2G;EDGE;1;250;1;660;11031;-1;-65
781;Краснопресненская 1;md;1417837873044;2G;EDGE;250-1-660-11031;250;1;660;11032;-1;-81
782;Краснопресненская 2;md;1417837888256;2G;EDGE;1;250;1;660;11031;-1;-67
782;Краснопресненская 2;md;1417837888256;2G;EDGE;250-1-660-11031;250;1;660;11032;-1;-97
783;Краснопресненская 3;md;1417837926068;3G;UMTS;1;250;1;660;6893157;-1;-81
784;Краснопресненская 4;md;1417837935894;3G;UMTS;1;250;1;660;6893157;-1;-85
771;Киевская (КЛЦ) 1;md;1417838034534;3G;UMTS;1;250;1;660;6926932;-1;-73
772;Киевская (КЛЦ) 2;md;1417838040963;3G;UMTS;1;250;1;660;6926932;-1;-73
