ID;Name;User;TimeStamp;Type;X;Y;Z
673;Белорусская (КЛЦ) 3;md;1417837767198;Raw;1.253072;6.347082;6.701211
674;Белорусская (КЛЦ) 4;md;1417837777481;Raw;1.334794;5.8567495;7.000859
781;Краснопресненская 1;md;1417837873044;Raw;1.484618;4.671779;8.117727
782;Краснопресненская 2;md;1417837888256;Raw;1.253072;5.5843425;7.1234417
783;Краснопресненская 3;md;1417837926068;Raw;1.253072;6.537767;6.66035
784;Краснопресненская 4;md;1417837935894;Raw;1.2258313;6.3879433;6.701211
771;Киевская (КЛЦ) 1;md;1417838034534;Raw;2.2201166;3.3233647;8.308413
772;Киевская (КЛЦ) 2;md;1417838040963;Raw;1.3756552;3.13268;8.921328
