ID;Name;User;TimeStamp;NetworkGen;NetworkType;Active;MCC;MNC;LAC;CID;PSC;Power
333;Горьковская 3;Stanislav;1419233555329;3G;HSPA;1;250;1;100;65569727;503;-85
333;Горьковская 3;Stanislav;1419233555329;3G;HSPA;250-1-100-65569727;-1;-1;-1;-1;503;-83
334;Горьковская 4;Stanislav;1419233565827;3G;HSPA;1;250;1;100;65569727;503;-69
334;Горьковская 4;Stanislav;1419233565827;3G;HSPA;250-1-100-65569727;-1;-1;-1;-1;503;-69
321;Невский проспект 1;Stanislav;1419233743378;3G;HSPA;1;250;1;100;65539708;507;-57
321;Невский проспект 1;Stanislav;1419233743378;3G;HSPA;250-1-100-65539708;-1;-1;-1;-1;507;-63
321;Невский проспект 1;Stanislav;1419233743378;3G;HSPA;250-1-100-65539708;-1;-1;-1;-1;507;-57
321;Невский проспект 1;Stanislav;1419233743378;3G;HSPA;250-1-100-65539708;2147483647;2147483647;2147483647;2147483647;-1;-99
321;Невский проспект 1;Stanislav;1419233743378;3G;HSPA;250-1-100-65539708;2147483647;2147483647;2147483647;2147483647;-1;-111
321;Невский проспект 1;Stanislav;1419233743378;3G;HSPA;250-1-100-65539708;2147483647;2147483647;2147483647;2147483647;-1;-113
321;Невский проспект 1;Stanislav;1419233743378;3G;HSPA;250-1-100-65539708;2147483647;2147483647;2147483647;2147483647;-1;-113
321;Невский проспект 1;Stanislav;1419233743378;3G;HSPA;250-1-100-65539708;2147483647;2147483647;2147483647;2147483647;-1;-113
322;Невский проспект 2;Stanislav;1419233756083;3G;HSPA;1;250;1;100;65539708;507;-93
322;Невский проспект 2;Stanislav;1419233756083;3G;HSPA;250-1-100-65539708;-1;-1;-1;-1;507;-89
322;Невский проспект 2;Stanislav;1419233756083;3G;HSPA;250-1-100-65539708;-1;-1;-1;-1;507;-89
322;Невский проспект 2;Stanislav;1419233756083;3G;HSPA;250-1-100-65539708;2147483647;2147483647;2147483647;2147483647;-1;-99
322;Невский проспект 2;Stanislav;1419233756083;3G;HSPA;250-1-100-65539708;2147483647;2147483647;2147483647;2147483647;-1;-111
322;Невский проспект 2;Stanislav;1419233756083;3G;HSPA;250-1-100-65539708;2147483647;2147483647;2147483647;2147483647;-1;-113
322;Невский проспект 2;Stanislav;1419233756083;3G;HSPA;250-1-100-65539708;2147483647;2147483647;2147483647;2147483647;-1;-113
322;Невский проспект 2;Stanislav;1419233756083;3G;HSPA;250-1-100-65539708;2147483647;2147483647;2147483647;2147483647;-1;-113
323;Невский проспект 3;Stanislav;1419233788591;3G;HSPA;1;250;1;100;65539708;507;-103
323;Невский проспект 3;Stanislav;1419233788591;3G;HSPA;250-1-100-65539708;-1;-1;-1;-1;507;-89
323;Невский проспект 3;Stanislav;1419233788591;3G;HSPA;250-1-100-65539708;-1;-1;-1;-1;507;-87
323;Невский проспект 3;Stanislav;1419233788591;3G;HSPA;250-1-100-65539708;2147483647;2147483647;2147483647;2147483647;-1;-99
323;Невский проспект 3;Stanislav;1419233788591;3G;HSPA;250-1-100-65539708;2147483647;2147483647;2147483647;2147483647;-1;-111
323;Невский проспект 3;Stanislav;1419233788591;3G;HSPA;250-1-100-65539708;2147483647;2147483647;2147483647;2147483647;-1;-113
323;Невский проспект 3;Stanislav;1419233788591;3G;HSPA;250-1-100-65539708;2147483647;2147483647;2147483647;2147483647;-1;-113
323;Невский проспект 3;Stanislav;1419233788591;3G;HSPA;250-1-100-65539708;2147483647;2147483647;2147483647;2147483647;-1;-113
324;Невский проспект 4;Stanislav;1419233799328;3G;HSPA;1;250;1;100;65569702;507;-79
324;Невский проспект 4;Stanislav;1419233799328;3G;HSPA;250-1-100-65569702;-1;-1;-1;-1;507;-87
324;Невский проспект 4;Stanislav;1419233799328;3G;HSPA;250-1-100-65569702;-1;-1;-1;-1;507;-89
311;Сенная площадь 1;Stanislav;1419233885011;unknown;unknown;1;250;99;14764;90358826;247;-69
312;Сенная площадь 2;Stanislav;1419233897173;unknown;unknown;1;250;99;14764;90312432;199;-79
312;Сенная площадь 2;Stanislav;1419233897173;unknown;unknown;250-99-14764-90312432;-1;-1;-1;-1;247;-95
312;Сенная площадь 2;Stanislav;1419233897173;unknown;unknown;250-99-14764-90312432;-1;-1;-1;-1;199;-85
313;Сенная площадь 3;Stanislav;1419233921973;3G;HSPA;1;250;99;14764;90312432;199;-71
313;Сенная площадь 3;Stanislav;1419233921973;3G;HSPA;250-99-14764-90312432;-1;-1;-1;-1;247;-95
313;Сенная площадь 3;Stanislav;1419233921973;3G;HSPA;250-99-14764-90312432;-1;-1;-1;-1;199;-85
314;Сенная площадь 4;Stanislav;1419233933050;3G;HSPA;1;250;1;100;65539908;503;-95
314;Сенная площадь 4;Stanislav;1419233933050;3G;HSPA;250-1-100-65539908;-1;-1;-1;-1;503;-95
91;Технологический институт 1 1;Stanislav;1419234033548;unknown;unknown;1;250;2;7803;8302310;389;-65
92;Технологический институт 1 2;Stanislav;1419234047666;unknown;unknown;1;250;2;7803;8291679;392;-89
92;Технологический институт 1 2;Stanislav;1419234047666;unknown;unknown;250-2-7803-8291679;-1;-1;-1;-1;392;-69
92;Технологический институт 1 2;Stanislav;1419234047666;unknown;unknown;250-2-7803-8291679;-1;-1;-1;-1;389;-91
93;Технологический институт 1 3;Stanislav;1419234080243;3G;HSPA;1;250;1;100;65569617;498;-83
93;Технологический институт 1 3;Stanislav;1419234080243;3G;HSPA;250-1-100-65569617;-1;-1;-1;-1;498;-79
94;Технологический институт 1 4;Stanislav;1419234091987;3G;HSPA;1;250;1;100;65569617;498;-81
94;Технологический институт 1 4;Stanislav;1419234091987;3G;HSPA;250-1-100-65569617;-1;-1;-1;-1;498;-79
291;Фрунзенская 1;Stanislav;1419234167954;3G;HSPA;1;250;1;100;65570087;501;-73
291;Фрунзенская 1;Stanislav;1419234167954;3G;HSPA;250-1-100-65570087;-1;-1;-1;-1;501;-95
292;Фрунзенская 2;Stanislav;1419234180331;3G;HSPA;1;250;1;100;65570087;501;-79
292;Фрунзенская 2;Stanislav;1419234180331;3G;HSPA;250-1-100-65570087;-1;-1;-1;-1;501;-75
293;Фрунзенская 3;Stanislav;1419234198161;3G;HSPA;1;250;1;100;65570087;501;-73
293;Фрунзенская 3;Stanislav;1419234198161;3G;HSPA;250-1-100-65570087;-1;-1;-1;-1;501;-71
294;Фрунзенская 4;Stanislav;1419234208532;3G;HSPA;1;250;1;100;65570087;501;-81
294;Фрунзенская 4;Stanislav;1419234208532;3G;HSPA;250-1-100-65570087;-1;-1;-1;-1;501;-79
281;Московские ворота 1;Stanislav;1419234293175;3G;HSPA;1;250;1;100;65540097;505;-99
282;Московские ворота 2;Stanislav;1419234306137;3G;HSPA;1;250;1;100;65570097;505;-77
282;Московские ворота 2;Stanislav;1419234306137;3G;HSPA;250-1-100-65570097;-1;-1;-1;-1;505;-83
283;Московские ворота 3;Stanislav;1419234331282;3G;HSPA;1;250;1;100;65570097;505;-73
283;Московские ворота 3;Stanislav;1419234331282;3G;HSPA;250-1-100-65570097;-1;-1;-1;-1;505;-75
284;Московские ворота 4;Stanislav;1419234341461;3G;HSPA;1;250;1;100;65570097;505;-87
284;Московские ворота 4;Stanislav;1419234341461;3G;HSPA;250-1-100-65570097;-1;-1;-1;-1;505;-85
271;Электросила 1;Stanislav;1419234428739;3G;HSPA;1;250;1;100;65540107;502;-57
272;Электросила 2;Stanislav;1419234441515;3G;HSPA;1;250;1;100;65540107;502;-67
272;Электросила 2;Stanislav;1419234441515;3G;HSPA;250-1-100-65540107;-1;-1;-1;-1;502;-67
273;Электросила 3;Stanislav;1419234463571;3G;HSPA;1;250;1;100;65540107;502;-75
273;Электросила 3;Stanislav;1419234463571;3G;HSPA;250-1-100-65540107;-1;-1;-1;-1;502;-73
274;Электросила 4;Stanislav;1419234473709;3G;HSPA;1;250;1;100;65540107;502;-75
274;Электросила 4;Stanislav;1419234473709;3G;HSPA;250-1-100-65540107;-1;-1;-1;-1;502;-75
261;Парк Победы 1;Stanislav;1419234588637;unknown;unknown;1;250;2;7803;8317844;30;-89
262;Парк Победы 2;Stanislav;1419234602695;unknown;unknown;1;250;2;7803;8317844;30;-89
262;Парк Победы 2;Stanislav;1419234602695;unknown;unknown;250-2-7803-8317844;2147483647;2147483647;2147483647;2147483647;-1;-113
262;Парк Победы 2;Stanislav;1419234602695;unknown;unknown;250-2-7803-8317844;2147483647;2147483647;2147483647;2147483647;-1;-113
262;Парк Победы 2;Stanislav;1419234602695;unknown;unknown;250-2-7803-8317844;2147483647;2147483647;2147483647;2147483647;-1;-113
262;Парк Победы 2;Stanislav;1419234602695;unknown;unknown;250-2-7803-8317844;2147483647;2147483647;2147483647;2147483647;-1;-113
262;Парк Победы 2;Stanislav;1419234602695;unknown;unknown;250-2-7803-8317844;2147483647;2147483647;2147483647;2147483647;-1;-113
262;Парк Победы 2;Stanislav;1419234602695;unknown;unknown;250-2-7803-8317844;2147483647;2147483647;2147483647;2147483647;-1;-113
262;Парк Победы 2;Stanislav;1419234602695;unknown;unknown;250-2-7803-8317844;2147483647;2147483647;2147483647;2147483647;-1;-113
262;Парк Победы 2;Stanislav;1419234602695;unknown;unknown;250-2-7803-8317844;2147483647;2147483647;2147483647;2147483647;-1;-113
263;Парк Победы 3;Stanislav;1419234631068;unknown;unknown;1;250;2;7803;8317844;30;-67
263;Парк Победы 3;Stanislav;1419234631068;unknown;unknown;250-2-7803-8317844;-1;-1;-1;-1;152;-73
264;Парк Победы 4;Stanislav;1419234641436;3G;HSPA;1;250;1;100;65570117;503;-79
264;Парк Победы 4;Stanislav;1419234641436;3G;HSPA;250-1-100-65570117;-1;-1;-1;-1;503;-81
251;Московская 1;Stanislav;1419234866284;unknown;unknown;1;250;2;7803;8317840;21;-69
252;Московская 2;Stanislav;1419234884448;unknown;unknown;1;250;2;7803;8317840;21;-67
253;Московская 3;Stanislav;1419234914532;unknown;unknown;1;250;2;7803;8317840;21;-65
254;Московская 4;Stanislav;1419234924493;3G;HSPA;1;250;1;100;65540127;511;-101
254;Московская 4;Stanislav;1419234924493;3G;HSPA;250-1-100-65540127;-1;-1;-1;-1;511;-101
241;Звёздная 1;Stanislav;1419235153051;unknown;unknown;1;250;2;7803;8317837;4;-63
241;Звёздная 1;Stanislav;1419235153051;unknown;unknown;250-2-7803-8317837;-1;-1;-1;-1;3;-77
242;Звёздная 2;Stanislav;1419235165388;unknown;unknown;1;250;2;7803;8317837;4;-63
242;Звёздная 2;Stanislav;1419235165388;unknown;unknown;250-2-7803-8317837;-1;-1;-1;-1;3;-77
243;Звёздная 3;Stanislav;1419235198913;2G;EDGE;1;250;1;100;3791;-1;-71
244;Звёздная 4;Stanislav;1419235209654;2G;EDGE;1;250;1;100;3791;-1;-71
231;Купчино 1;Stanislav;1419235434631;unknown;unknown;1;250;2;7803;23214;-1;-57
231;Купчино 1;Stanislav;1419235434631;unknown;unknown;250-2-7803-23214;0;0;0;-1;-1;-93
231;Купчино 1;Stanislav;1419235434631;unknown;unknown;250-2-7803-23214;250;2;7809;7405;-1;-55
231;Купчино 1;Stanislav;1419235434631;unknown;unknown;250-2-7803-23214;250;2;7809;7402;-1;-51
231;Купчино 1;Stanislav;1419235434631;unknown;unknown;250-2-7803-23214;250;2;7809;7404;-1;-83
231;Купчино 1;Stanislav;1419235434631;unknown;unknown;250-2-7803-23214;250;2;7809;7401;-1;-77
232;Купчино 2;Stanislav;1419235450627;unknown;unknown;1;250;2;7809;7405;-1;-67
232;Купчино 2;Stanislav;1419235450627;unknown;unknown;250-2-7809-7405;250;2;7809;7402;-1;-53
232;Купчино 2;Stanislav;1419235450627;unknown;unknown;250-2-7809-7405;250;2;7809;7404;-1;-73
232;Купчино 2;Stanislav;1419235450627;unknown;unknown;250-2-7809-7405;250;2;7809;7401;-1;-69
