ID;Name;User;TimeStamp;NetworkGen;NetworkType;Active;MCC;MNC;LAC;CID;PSC;Power
93;Технологический институт 1 3;Stanislav;1418731935584;3G;HSPA;1;250;1;100;65569617;498;-73
94;Технологический институт 1 4;Stanislav;1418731948413;3G;HSPA;1;250;1;100;65569617;498;-77
291;Фрунзенская 1;Stanislav;1418732018282;unknown;unknown;1;250;2;7803;8321909;53;-63
292;Фрунзенская 2;Stanislav;1418732032108;3G;HSPA;1;250;1;100;65570087;501;-71
292;Фрунзенская 2;Stanislav;1418732032108;3G;HSPA;250-1-100-65570087;-1;-1;-1;-1;501;-71
293;Фрунзенская 3;Stanislav;1418732054879;3G;HSPA;1;250;1;100;65570087;501;-73
293;Фрунзенская 3;Stanislav;1418732054879;3G;HSPA;250-1-100-65570087;-1;-1;-1;-1;501;-67
294;Фрунзенская 4;Stanislav;1418732066270;3G;HSPA;1;250;1;100;65570087;501;-85
294;Фрунзенская 4;Stanislav;1418732066270;3G;HSPA;250-1-100-65570087;-1;-1;-1;-1;501;-77
281;Московские ворота 1;Stanislav;1418732149749;3G;HSPA;1;250;1;100;65540097;505;-95
281;Московские ворота 1;Stanislav;1418732149749;3G;HSPA;250-1-100-65540097;-1;-1;-1;-1;505;-95
281;Московские ворота 1;Stanislav;1418732149749;3G;HSPA;250-1-100-65540097;2147483647;2147483647;2147483647;2147483647;-1;-111
281;Московские ворота 1;Stanislav;1418732149749;3G;HSPA;250-1-100-65540097;2147483647;2147483647;2147483647;2147483647;-1;-113
282;Московские ворота 2;Stanislav;1418732162198;3G;HSPA;1;250;1;100;65540097;505;-87
282;Московские ворота 2;Stanislav;1418732162198;3G;HSPA;250-1-100-65540097;-1;-1;-1;-1;505;-71
282;Московские ворота 2;Stanislav;1418732162198;3G;HSPA;250-1-100-65540097;2147483647;2147483647;2147483647;2147483647;-1;-111
282;Московские ворота 2;Stanislav;1418732162198;3G;HSPA;250-1-100-65540097;2147483647;2147483647;2147483647;2147483647;-1;-113
283;Московские ворота 3;Stanislav;1418732187899;3G;HSPA;1;250;1;100;65540097;505;-85
283;Московские ворота 3;Stanislav;1418732187899;3G;HSPA;250-1-100-65540097;-1;-1;-1;-1;505;-91
283;Московские ворота 3;Stanislav;1418732187899;3G;HSPA;250-1-100-65540097;2147483647;2147483647;2147483647;2147483647;-1;-111
283;Московские ворота 3;Stanislav;1418732187899;3G;HSPA;250-1-100-65540097;2147483647;2147483647;2147483647;2147483647;-1;-113
284;Московские ворота 4;Stanislav;1418732200369;3G;HSPA;1;250;1;100;65540097;505;-93
284;Московские ворота 4;Stanislav;1418732200369;3G;HSPA;250-1-100-65540097;-1;-1;-1;-1;505;-93
284;Московские ворота 4;Stanislav;1418732200369;3G;HSPA;250-1-100-65540097;2147483647;2147483647;2147483647;2147483647;-1;-111
284;Московские ворота 4;Stanislav;1418732200369;3G;HSPA;250-1-100-65540097;2147483647;2147483647;2147483647;2147483647;-1;-113
271;Электросила 1;Stanislav;1418732299692;3G;HSPA;1;250;1;100;65540107;502;-73
271;Электросила 1;Stanislav;1418732299692;3G;HSPA;250-1-100-65540107;-1;-1;-1;-1;502;-71
272;Электросила 2;Stanislav;1418732310965;3G;HSPA;1;250;1;100;65540107;502;-73
272;Электросила 2;Stanislav;1418732310965;3G;HSPA;250-1-100-65540107;-1;-1;-1;-1;502;-67
273;Электросила 3;Stanislav;1418732333876;3G;HSPA;1;250;1;100;65540107;502;-75
273;Электросила 3;Stanislav;1418732333876;3G;HSPA;250-1-100-65540107;-1;-1;-1;-1;502;-75
274;Электросила 4;Stanislav;1418732345983;3G;HSPA;1;250;1;100;65540107;502;-85
274;Электросила 4;Stanislav;1418732345983;3G;HSPA;250-1-100-65540107;-1;-1;-1;-1;502;-77
261;Парк Победы 1;Stanislav;1418732426388;unknown;unknown;1;-1;-1;-1;-1;-1;-1
262;Парк Победы 2;Stanislav;1418732436913;unknown;unknown;1;250;2;7803;8317844;30;-59
263;Парк Победы 3;Stanislav;1418732471233;3G;HSPA;1;250;1;100;65540117;503;-81
263;Парк Победы 3;Stanislav;1418732471233;3G;HSPA;250-1-100-65540117;-1;-1;-1;-1;503;-89
264;Парк Победы 4;Stanislav;1418732483288;3G;HSPA;1;250;1;100;65540117;503;-69
264;Парк Победы 4;Stanislav;1418732483288;3G;HSPA;250-1-100-65540117;-1;-1;-1;-1;503;-69
251;Московская 1;Stanislav;1418732592774;unknown;unknown;1;250;2;7803;8317840;21;-69
252;Московская 2;Stanislav;1418732608232;unknown;unknown;1;250;2;7803;8317840;21;-59
253;Московская 3;Stanislav;1418732675172;3G;HSPA;1;250;1;100;65540127;511;-103
253;Московская 3;Stanislav;1418732675172;3G;HSPA;250-1-100-65540127;-1;-1;-1;-1;511;-107
254;Московская 4;Stanislav;1418732687200;3G;HSPA;1;250;1;100;65540127;511;-103
254;Московская 4;Stanislav;1418732687200;3G;HSPA;250-1-100-65540127;-1;-1;-1;-1;511;-113
254;Московская 4;Stanislav;1418732687200;3G;HSPA;250-1-100-65540127;2147483647;2147483647;2147483647;2147483647;-1;-107
254;Московская 4;Stanislav;1418732687200;3G;HSPA;250-1-100-65540127;2147483647;2147483647;2147483647;2147483647;-1;-111
254;Московская 4;Stanislav;1418732687200;3G;HSPA;250-1-100-65540127;2147483647;2147483647;2147483647;2147483647;-1;-111
241;Звёздная 1;Stanislav;1418732843527;unknown;unknown;1;250;2;7803;8317837;4;-51
241;Звёздная 1;Stanislav;1418732843527;unknown;unknown;250-2-7803-8317837;-1;-1;-1;-1;3;-67
242;Звёздная 2;Stanislav;1418732855620;unknown;unknown;1;250;2;7803;8317837;4;-87
242;Звёздная 2;Stanislav;1418732855620;unknown;unknown;250-2-7803-8317837;-1;-1;-1;-1;4;-59
242;Звёздная 2;Stanislav;1418732855620;unknown;unknown;250-2-7803-8317837;-1;-1;-1;-1;3;-73
243;Звёздная 3;Stanislav;1418732888953;2G;EDGE;1;250;1;100;3791;-1;-63
244;Звёздная 4;Stanislav;1418732900829;2G;EDGE;1;250;1;100;3791;-1;-77
231;Купчино 1;Stanislav;1418733000012;unknown;unknown;1;250;2;7803;22403;-1;-93
231;Купчино 1;Stanislav;1418733000012;unknown;unknown;250-2-7803-22403;250;2;7803;23214;-1;-61
232;Купчино 2;Stanislav;1418733015134;unknown;unknown;1;250;2;7809;16059;-1;-91
232;Купчино 2;Stanislav;1418733015134;unknown;unknown;250-2-7809-16059;250;2;7809;7402;-1;-61
232;Купчино 2;Stanislav;1418733015134;unknown;unknown;250-2-7809-16059;0;0;0;-1;-1;-65
232;Купчино 2;Stanislav;1418733015134;unknown;unknown;250-2-7809-16059;250;2;7809;16093;-1;-75
