ID;Name;User;TimeStamp;Type;Accel_X;Accel_Y;Accel_Z;Azimuth;Pitch;Roll;Magnetic_X;Magnetic_Y;Magnetic_Z;Gyro_X;Gyro_Y;Gyro_Z;GPS_Lat;GPS_Lon;GPS_Alt;GPS_Accuracy;GPS_Speed;GPS_Bearing
403;Парнас 3;Stanislav;1435583977715;Raw;-1.2552512;6.550842;8.590625;336.79688;-40.3125;-5.046875;37.4375;0.4375;-102.0625;NaN;NaN;NaN;NaN;NaN;NaN;NaN;NaN;NaN
404;Парнас 4;Stanislav;1435583983586;Raw;-0.0784532;6.590069;7.5707335;273.3125;-44.453125;2.765625;11.625;-28.375;-12.5625;NaN;NaN;NaN;NaN;NaN;NaN;NaN;NaN;NaN
391;Проспект Просвещения 1;Stanislav;1435584144274;Raw;-1.6867437;8.708305;5.9232163;191.65625;-54.046875;-8.28125;8.3125;-42.0625;9.0625;NaN;NaN;NaN;NaN;NaN;NaN;NaN;NaN;NaN
392;Проспект Просвещения 2;Stanislav;1435584161996;Raw;0.2745862;6.2762556;8.355266;236.96875;-35.96875;3.015625;39.0625;-20.1875;10.4375;NaN;NaN;NaN;NaN;NaN;NaN;NaN;NaN;NaN
393;Проспект Просвещения 3;Stanislav;1435584212777;Raw;-0.588399;6.433162;8.119906;260.48438;-35.9375;-1.734375;48.0625;-12.375;-1.5;NaN;NaN;NaN;NaN;NaN;NaN;NaN;NaN;NaN
394;Проспект Просвещения 4;Stanislav;1435584221842;Raw;-0.9414384;6.433162;8.747532;235.01563;-36.078125;-0.78125;40.3125;1.5625;60.0;NaN;NaN;NaN;NaN;NaN;NaN;NaN;NaN;NaN
381;Озерки 1;Stanislav;1435584310608;Raw;-0.6276256;5.6094036;8.904438;84.765625;-31.59375;-3.15625;-35.5;55.75;88.5625;NaN;NaN;NaN;NaN;NaN;NaN;NaN;NaN;NaN
382;Озерки 2;Stanislav;1435584327797;Raw;1.176798;5.8447633;8.512172;121.40625;-30.734375;7.34375;-16.25;-7.3125;7.8125;NaN;NaN;NaN;NaN;NaN;NaN;NaN;NaN;NaN
383;Озерки 3;Stanislav;1435584353029;Raw;0.39226598;5.295591;8.982891;137.96875;-31.234375;5.828125;-5.25;2.25;26.6875;NaN;NaN;NaN;NaN;NaN;NaN;NaN;NaN;NaN
384;Озерки 4;Stanislav;1435584362211;Raw;0.6668522;5.491724;8.708305;177.28125;-30.25;1.765625;5.375;30.6875;58.1875;NaN;NaN;NaN;NaN;NaN;NaN;NaN;NaN;NaN
371;Удельная 1;Stanislav;1435584486303;Raw;-1.6867437;5.1779113;8.747532;3.890625;-29.8125;-7.0625;5.6875;69.5625;-91.625;NaN;NaN;NaN;NaN;NaN;NaN;NaN;NaN;NaN
372;Удельная 2;Stanislav;1435584502457;Raw;2.2359161;2.353596;9.845877;265.84375;-12.0625;11.34375;20.0;-21.9375;-92.0625;NaN;NaN;NaN;NaN;NaN;NaN;NaN;NaN;NaN
373;Удельная 3;Stanislav;1435584527835;Raw;0.39226598;6.0408964;8.629851;324.53125;-35.34375;1.265625;55.625;9.1875;-153.9375;NaN;NaN;NaN;NaN;NaN;NaN;NaN;NaN;NaN
374;Удельная 4;Stanislav;1435584536858;Raw;-0.6276256;5.570177;8.512172;328.29688;-34.5625;-2.609375;88.375;40.875;-177.875;NaN;NaN;NaN;NaN;NaN;NaN;NaN;NaN;NaN
361;Пионерская 1;Stanislav;1435584649738;Raw;0.5099458;4.589512;9.610517;284.40625;-25.453125;2.71875;26.75;-6.1875;-66.4375;NaN;NaN;NaN;NaN;NaN;NaN;NaN;NaN;NaN
362;Пионерская 2;Stanislav;1435584667140;Raw;0.39226598;5.0994577;9.100571;313.9375;-29.21875;2.09375;31.625;-4.875;-87.1875;NaN;NaN;NaN;NaN;NaN;NaN;NaN;NaN;NaN
363;Пионерская 3;Stanislav;1435584694768;Raw;-0.1569064;4.8248715;9.375157;316.75;-27.21875;-0.8125;46.5625;13.3125;-102.9375;NaN;NaN;NaN;NaN;NaN;NaN;NaN;NaN;NaN
364;Пионерская 4;Stanislav;1435584704109;Raw;0.19613299;4.3541527;9.610517;328.875;-24.953125;1.28125;34.75;1.75;-124.0625;NaN;NaN;NaN;NaN;NaN;NaN;NaN;NaN;NaN
351;Чёрная речка 1;Stanislav;1435584826593;Raw;0.2745862;4.707192;9.45361;293.20313;-26.421875;1.484375;31.0;4.3125;-58.375;NaN;NaN;NaN;NaN;NaN;NaN;NaN;NaN;NaN
352;Чёрная речка 2;Stanislav;1435584844791;Raw;0.2745862;4.707192;8.982891;313.17188;-27.625;1.53125;34.9375;9.0625;-72.0;NaN;NaN;NaN;NaN;NaN;NaN;NaN;NaN;NaN
353;Чёрная речка 3;Stanislav;1435584870873;Raw;-0.8629852;4.7464185;9.335931;325.29688;-26.0;-3.671875;61.75;36.3125;-128.0;NaN;NaN;NaN;NaN;NaN;NaN;NaN;NaN;NaN
354;Чёрная речка 4;Stanislav;1435584880584;Raw;-0.8629852;4.1580195;9.5320635;337.57813;-22.78125;-3.96875;74.875;74.6875;-172.3125;NaN;NaN;NaN;NaN;NaN;NaN;NaN;NaN;NaN
341;Петроградская 1;Stanislav;1435585031147;Raw;-0.5491724;4.981778;9.375157;334.10938;-28.703125;-2.71875;50.3125;24.9375;-167.1875;NaN;NaN;NaN;NaN;NaN;NaN;NaN;NaN;NaN
342;Петроградская 2;Stanislav;1435585051575;Raw;-0.2745862;5.3348174;9.061344;328.03125;-30.875;-2.40625;60.625;20.25;-143.9375;NaN;NaN;NaN;NaN;NaN;NaN;NaN;NaN;NaN
343;Петроградская 3;Stanislav;1435585085812;Raw;-0.8237586;5.0210047;9.061344;326.09375;-28.96875;-3.75;82.1875;63.0;-137.625;NaN;NaN;NaN;NaN;NaN;NaN;NaN;NaN;NaN
344;Петроградская 4;Stanislav;1435585096015;Raw;-0.8237586;4.6679654;9.296704;332.45313;-27.15625;-4.59375;179.375;222.9375;-290.9375;NaN;NaN;NaN;NaN;NaN;NaN;NaN;NaN;NaN
331;Горьковская 1;Stanislav;1435585168082;Raw;0.39226598;5.295591;8.943665;146.64063;-30.484375;3.359375;-20.1875;-23.4375;23.125;NaN;NaN;NaN;NaN;NaN;NaN;NaN;NaN;NaN
332;Горьковская 2;Stanislav;1435585185426;Raw;0.35303938;4.2364726;9.767424;137.90625;-24.734375;1.5625;-5.1875;9.375;37.1875;NaN;NaN;NaN;NaN;NaN;NaN;NaN;NaN;NaN
333;Горьковская 3;Stanislav;1435585210022;Raw;-1.3337044;5.217138;9.375157;244.57813;-28.5;-7.09375;9.25;15.6875;39.6875;NaN;NaN;NaN;NaN;NaN;NaN;NaN;NaN;NaN
334;Горьковская 4;Stanislav;1435585218844;Raw;-0.8629852;4.707192;9.5320635;336.89063;-26.84375;-4.25;24.25;71.9375;-33.9375;NaN;NaN;NaN;NaN;NaN;NaN;NaN;NaN;NaN
321;Невский проспект 1;Stanislav;1435585371722;Raw;0.5099458;5.8055367;9.139797;15.53125;-30.96875;0.8125;-7.75;33.1875;26.0625;NaN;NaN;NaN;NaN;NaN;NaN;NaN;NaN;NaN
322;Невский проспект 2;Stanislav;1435585387469;Raw;0.3138128;5.962443;8.629851;347.73438;-32.8125;1.203125;5.25;33.4375;11.8125;NaN;NaN;NaN;NaN;NaN;NaN;NaN;NaN;NaN
