ID;Name;User;TimeStamp;NetworkGen;NetworkType;Active;MCC;MNC;LAC;CID;PSC;Power
;ServiceLog;md;1425397713593;3G;UMTS;1;250;1;770;6899767;-1;0
;ServiceLog;md;1425397714622;3G;UMTS;1;250;1;770;6899767;-1;-73
;ServiceLog;md;1425397715641;3G;UMTS;1;250;1;770;6899767;-1;-73
;ServiceLog;md;1425397716663;3G;UMTS;1;250;1;770;6899767;-1;-77
;ServiceLog;md;1425397717704;3G;UMTS;1;250;1;770;6899767;-1;-77
;ServiceLog;md;1425397718733;3G;UMTS;1;250;1;770;6899767;-1;-77
;ServiceLog;md;1425397719780;3G;UMTS;1;250;1;770;6899767;-1;-77
;ServiceLog;md;1425397720971;3G;UMTS;1;250;1;770;6899767;-1;-77
;ServiceLog;md;1425397721994;3G;UMTS;1;250;1;770;6899767;-1;-77
;ServiceLog;md;1425397723019;3G;UMTS;1;250;1;770;6899767;-1;-79
;ServiceLog;md;1425397724053;3G;UMTS;1;250;1;770;6899767;-1;-79
;ServiceLog;md;1425397725208;3G;UMTS;1;250;1;770;6899767;-1;-79
;ServiceLog;md;1425397726273;3G;UMTS;1;250;1;770;6899767;-1;-79
;ServiceLog;md;1425397727295;3G;UMTS;1;250;1;770;6899767;-1;-79
;ServiceLog;md;1425397728321;3G;UMTS;1;250;1;770;6899767;-1;-81
;ServiceLog;md;1425397729411;3G;UMTS;1;250;1;770;6899767;-1;-81
;ServiceLog;md;1425397730436;3G;UMTS;1;250;1;770;6899767;-1;-81
;ServiceLog;md;1425397731534;3G;UMTS;1;250;1;770;6899767;-1;-81
;ServiceLog;md;1425397732571;3G;UMTS;1;250;1;770;6899767;-1;-81
;ServiceLog;md;1425397733592;3G;UMTS;1;250;1;770;6899767;-1;-81
;ServiceLog;md;1425397734620;3G;UMTS;1;250;1;770;6899767;-1;-81
;ServiceLog;md;1425397735671;3G;UMTS;1;250;1;770;6899767;-1;-81
;ServiceLog;md;1425397736758;3G;UMTS;1;250;1;770;6899767;-1;-83
;ServiceLog;md;1425397737809;3G;UMTS;1;250;1;770;6899767;-1;-85
;ServiceLog;md;1425397740271;3G;UMTS;1;250;1;770;6899767;-1;-85
;ServiceLog;md;1425397741311;3G;UMTS;1;250;1;770;6899767;-1;-85
;ServiceLog;md;1425397742378;3G;UMTS;1;250;1;770;6899767;-1;-85
;ServiceLog;md;1425397743541;3G;UMTS;1;250;1;770;6932005;-1;-89
;ServiceLog;md;1425397744621;3G;UMTS;1;250;1;770;6932005;-1;-89
;ServiceLog;md;1425397745642;3G;UMTS;1;250;1;770;6932005;-1;-89
;ServiceLog;md;1425397746660;3G;UMTS;1;250;1;770;6932005;-1;-91
;ServiceLog;md;1425397747677;3G;UMTS;1;250;1;770;6932005;-1;-91
;ServiceLog;md;1425397748695;3G;UMTS;1;250;1;770;6932005;-1;-91
;ServiceLog;md;1425397749714;3G;UMTS;1;250;1;770;6932005;-1;-93
;ServiceLog;md;1425397750751;3G;UMTS;1;250;1;770;6932005;-1;-93
;ServiceLog;md;1425397751781;3G;UMTS;1;250;1;770;6932005;-1;-93
;ServiceLog;md;1425397752814;3G;UMTS;1;250;1;770;6932005;-1;-95
;ServiceLog;md;1425397753879;3G;UMTS;1;250;1;770;6932005;-1;-95
;ServiceLog;md;1425397754900;3G;UMTS;1;250;1;770;6932005;-1;-95
;ServiceLog;md;1425397755918;3G;UMTS;1;250;1;770;6932005;-1;-97
;ServiceLog;md;1425397756941;3G;UMTS;1;250;1;770;6932005;-1;-97
;ServiceLog;md;1425397758016;3G;UMTS;1;250;1;770;6932005;-1;-97
;ServiceLog;md;1425397759162;3G;UMTS;1;250;1;770;6932005;-1;0
;ServiceLog;md;1425397760271;3G;UMTS;1;250;1;770;6932005;-1;0
;ServiceLog;md;1425397761331;3G;UMTS;1;250;1;770;6932005;-1;0
;ServiceLog;md;1425397762446;3G;UMTS;1;250;1;770;6932005;-1;0
;ServiceLog;md;1425397763506;3G;UMTS;1;250;1;770;6932005;-1;0
;ServiceLog;md;1425397764585;3G;UMTS;1;250;1;770;6932005;-1;0
;ServiceLog;md;1425397765617;3G;UMTS;1;250;1;770;6932005;-1;0
;ServiceLog;md;1425397766663;3G;UMTS;1;250;1;770;6932005;-1;0
;ServiceLog;md;1425397767698;3G;UMTS;1;250;1;770;6932005;-1;0
;ServiceLog;md;1425397768736;3G;UMTS;1;250;1;770;6932005;-1;0
;ServiceLog;md;1425397769753;3G;UMTS;1;250;1;770;6932005;-1;0
;ServiceLog;md;1425397770851;unknown;unknown;1;-1;-1;-1;-1;-1;-1
;ServiceLog;md;1425397771901;unknown;unknown;1;-1;-1;-1;-1;-1;-1
;ServiceLog;md;1425397772918;unknown;unknown;1;-1;-1;-1;-1;-1;-1
;ServiceLog;md;1425397773945;unknown;unknown;1;-1;-1;-1;-1;-1;-1
;ServiceLog;md;1425397774982;unknown;unknown;1;-1;-1;-1;-1;-1;-1
;ServiceLog;md;1425397775996;unknown;unknown;1;-1;-1;-1;-1;-1;-1
;ServiceLog;md;1425397777013;unknown;unknown;1;-1;-1;-1;-1;-1;-1
;ServiceLog;md;1425397778056;unknown;unknown;1;-1;-1;-1;-1;-1;-1
;ServiceLog;md;1425397779090;unknown;unknown;1;-1;-1;-1;-1;-1;-1
;ServiceLog;md;1425397780124;unknown;unknown;1;-1;-1;-1;-1;-1;-1
;ServiceLog;md;1425397781140;unknown;unknown;1;-1;-1;-1;-1;-1;-1
;ServiceLog;md;1425397782156;unknown;unknown;1;-1;-1;-1;-1;-1;-1
;ServiceLog;md;1425397783203;unknown;unknown;1;-1;-1;-1;-1;-1;-1
;ServiceLog;md;1425397784284;unknown;unknown;1;-1;-1;-1;-1;-1;-1
;ServiceLog;md;1425397785306;unknown;unknown;1;-1;-1;-1;-1;-1;-1
;ServiceLog;md;1425397786322;unknown;unknown;1;-1;-1;-1;-1;-1;-1
;ServiceLog;md;1425397787358;unknown;unknown;1;-1;-1;-1;-1;-1;-1
;ServiceLog;md;1425397788372;unknown;unknown;1;-1;-1;-1;-1;-1;-1
;ServiceLog;md;1425397789389;unknown;unknown;1;-1;-1;-1;-1;-1;-1
;ServiceLog;md;1425397790419;unknown;unknown;1;-1;-1;-1;-1;-1;-1
;ServiceLog;md;1425397791459;unknown;unknown;1;-1;-1;-1;-1;-1;-1
;ServiceLog;md;1425397792478;unknown;unknown;1;-1;-1;-1;-1;-1;-1
;ServiceLog;md;1425397793507;unknown;unknown;1;-1;-1;-1;-1;-1;-1
;ServiceLog;md;1425397794547;unknown;unknown;1;-1;-1;-1;-1;-1;-1
;ServiceLog;md;1425397795609;unknown;unknown;1;-1;-1;-1;-1;-1;-1
;ServiceLog;md;1425397796675;unknown;unknown;1;-1;-1;-1;-1;-1;-1
;ServiceLog;md;1425397797716;unknown;unknown;1;-1;-1;-1;-1;-1;-1
;ServiceLog;md;1425397798867;unknown;unknown;1;-1;-1;-1;-1;-1;-1
;ServiceLog;md;1425397799997;unknown;unknown;1;-1;-1;-1;-1;-1;-1
;ServiceLog;md;1425397801121;unknown;unknown;1;-1;-1;-1;-1;-1;-1
;ServiceLog;md;1425397802147;unknown;unknown;1;-1;-1;-1;-1;-1;-1
;ServiceLog;md;1425397803184;unknown;unknown;1;-1;-1;-1;-1;-1;-1
;ServiceLog;md;1425397804231;unknown;unknown;1;-1;-1;-1;-1;-1;-1
;ServiceLog;md;1425397805273;unknown;unknown;1;-1;-1;-1;-1;-1;-1
;ServiceLog;md;1425397806297;unknown;unknown;1;-1;-1;-1;-1;-1;-1
;ServiceLog;md;1425397807313;unknown;unknown;1;-1;-1;-1;-1;-1;-1
;ServiceLog;md;1425397808335;unknown;unknown;1;-1;-1;-1;-1;-1;-1
;ServiceLog;md;1425397809922;unknown;unknown;1;-1;-1;-1;-1;-1;-1
;ServiceLog;md;1425397810944;unknown;unknown;1;-1;-1;-1;-1;-1;-1
;ServiceLog;md;1425397811959;unknown;unknown;1;-1;-1;-1;-1;-1;-1
;ServiceLog;md;1425397812999;unknown;unknown;1;-1;-1;-1;-1;-1;-1
;ServiceLog;md;1425397814018;unknown;unknown;1;-1;-1;-1;-1;-1;-1
;ServiceLog;md;1425397815046;unknown;unknown;1;-1;-1;-1;-1;-1;-1
;ServiceLog;md;1425397816070;unknown;unknown;1;-1;-1;-1;-1;-1;-1
;ServiceLog;md;1425397817120;unknown;unknown;1;-1;-1;-1;-1;-1;-1
;ServiceLog;md;1425397818190;unknown;unknown;1;-1;-1;-1;-1;-1;-1
;ServiceLog;md;1425397819223;unknown;unknown;1;-1;-1;-1;-1;-1;-1
;ServiceLog;md;1425397820241;unknown;unknown;1;-1;-1;-1;-1;-1;-1
;ServiceLog;md;1425397821255;unknown;unknown;1;-1;-1;-1;-1;-1;-1
;ServiceLog;md;1425397822284;unknown;unknown;1;-1;-1;-1;-1;-1;-1
;ServiceLog;md;1425397823307;unknown;unknown;1;-1;-1;-1;-1;-1;-1
;ServiceLog;md;1425397824324;unknown;unknown;1;-1;-1;-1;-1;-1;-1
;ServiceLog;md;1425397825347;unknown;unknown;1;-1;-1;-1;-1;-1;-1
;ServiceLog;md;1425397826363;unknown;unknown;1;-1;-1;-1;-1;-1;-1
;ServiceLog;md;1425397827383;unknown;unknown;1;-1;-1;-1;-1;-1;-1
;ServiceLog;md;1425397828395;unknown;unknown;1;-1;-1;-1;-1;-1;-1
;ServiceLog;md;1425397829409;unknown;unknown;1;-1;-1;-1;-1;-1;-1
;ServiceLog;md;1425397830422;unknown;unknown;1;-1;-1;-1;-1;-1;-1
;ServiceLog;md;1425397831440;unknown;unknown;1;-1;-1;-1;-1;-1;-1
;ServiceLog;md;1425397832459;unknown;unknown;1;-1;-1;-1;-1;-1;-1
;ServiceLog;md;1425397833475;unknown;unknown;1;-1;-1;-1;-1;-1;-1
;ServiceLog;md;1425397834500;unknown;unknown;1;-1;-1;-1;-1;-1;-1
;ServiceLog;md;1425397835532;unknown;unknown;1;-1;-1;-1;-1;-1;-1
;ServiceLog;md;1425397836573;unknown;unknown;1;-1;-1;-1;-1;-1;-1
;ServiceLog;md;1425397837605;unknown;unknown;1;-1;-1;-1;-1;-1;-1
;ServiceLog;md;1425397838634;unknown;unknown;1;-1;-1;-1;-1;-1;-1
;ServiceLog;md;1425397839685;unknown;unknown;1;-1;-1;-1;-1;-1;-1
;ServiceLog;md;1425397840719;unknown;unknown;1;-1;-1;-1;-1;-1;-1
;ServiceLog;md;1425397841772;unknown;unknown;1;-1;-1;-1;-1;-1;-1
;ServiceLog;md;1425397842823;unknown;unknown;1;-1;-1;-1;-1;-1;-1
;ServiceLog;md;1425397843840;unknown;unknown;1;-1;-1;-1;-1;-1;-1
;ServiceLog;md;1425397844890;unknown;unknown;1;-1;-1;-1;-1;-1;-1
;ServiceLog;md;1425397845989;unknown;unknown;1;-1;-1;-1;-1;-1;-1
;ServiceLog;md;1425397847008;unknown;unknown;1;-1;-1;-1;-1;-1;-1
;ServiceLog;md;1425397848024;unknown;unknown;1;-1;-1;-1;-1;-1;-1
;ServiceLog;md;1425397849040;unknown;unknown;1;-1;-1;-1;-1;-1;-1
;ServiceLog;md;1425397850066;unknown;unknown;1;-1;-1;-1;-1;-1;-1
;ServiceLog;md;1425397851119;unknown;unknown;1;-1;-1;-1;-1;-1;-1
;ServiceLog;md;1425397852155;unknown;unknown;1;-1;-1;-1;-1;-1;-1
;ServiceLog;md;1425397853269;unknown;unknown;1;-1;-1;-1;-1;-1;-1
;ServiceLog;md;1425397854290;unknown;unknown;1;-1;-1;-1;-1;-1;-1
;ServiceLog;md;1425397855303;unknown;unknown;1;-1;-1;-1;-1;-1;-1
;ServiceLog;md;1425397856324;unknown;unknown;1;-1;-1;-1;-1;-1;-1
;ServiceLog;md;1425397857345;unknown;unknown;1;-1;-1;-1;-1;-1;-1
;ServiceLog;md;1425397858360;unknown;unknown;1;-1;-1;-1;-1;-1;-1
;ServiceLog;md;1425397859374;unknown;unknown;1;-1;-1;-1;-1;-1;-1
;ServiceLog;md;1425397860388;unknown;unknown;1;-1;-1;-1;-1;-1;-1
;ServiceLog;md;1425397861402;unknown;unknown;1;-1;-1;-1;-1;-1;-1
;ServiceLog;md;1425397862414;unknown;unknown;1;-1;-1;-1;-1;-1;-1
;ServiceLog;md;1425397863430;unknown;unknown;1;-1;-1;-1;-1;-1;-1
;ServiceLog;md;1425397864455;unknown;unknown;1;-1;-1;-1;-1;-1;-1
;ServiceLog;md;1425397865489;unknown;unknown;1;-1;-1;-1;-1;-1;-1
;ServiceLog;md;1425397866514;unknown;unknown;1;-1;-1;-1;-1;-1;-1
;ServiceLog;md;1425397867548;unknown;unknown;1;-1;-1;-1;-1;-1;-1
;ServiceLog;md;1425397868576;unknown;unknown;1;-1;-1;-1;-1;-1;-1
;ServiceLog;md;1425397869591;unknown;unknown;1;-1;-1;-1;-1;-1;-1
;ServiceLog;md;1425397870644;unknown;unknown;1;-1;-1;-1;-1;-1;-1
;ServiceLog;md;1425397871679;unknown;unknown;1;-1;-1;-1;-1;-1;-1
;ServiceLog;md;1425397872739;unknown;unknown;1;-1;-1;-1;-1;-1;-1
;ServiceLog;md;1425397873760;unknown;unknown;1;-1;-1;-1;-1;-1;-1
;ServiceLog;md;1425397874789;unknown;unknown;1;-1;-1;-1;-1;-1;-1
;ServiceLog;md;1425397875812;unknown;unknown;1;-1;-1;-1;-1;-1;-1
;ServiceLog;md;1425397876844;unknown;unknown;1;-1;-1;-1;-1;-1;-1
;ServiceLog;md;1425397877898;unknown;unknown;1;-1;-1;-1;-1;-1;-1
;ServiceLog;md;1425397878941;unknown;unknown;1;-1;-1;-1;-1;-1;-1
;ServiceLog;md;1425397879959;unknown;unknown;1;-1;-1;-1;-1;-1;-1
;ServiceLog;md;1425397881007;unknown;unknown;1;-1;-1;-1;-1;-1;-1
;ServiceLog;md;1425397882025;unknown;unknown;1;-1;-1;-1;-1;-1;-1
;ServiceLog;md;1425397883046;unknown;unknown;1;-1;-1;-1;-1;-1;-1
;ServiceLog;md;1425397884129;unknown;unknown;1;-1;-1;-1;-1;-1;-1
;ServiceLog;md;1425397885154;unknown;unknown;1;-1;-1;-1;-1;-1;-1
;ServiceLog;md;1425397886221;unknown;unknown;1;-1;-1;-1;-1;-1;-1
;ServiceLog;md;1425397887244;unknown;unknown;1;-1;-1;-1;-1;-1;-1
;ServiceLog;md;1425397888269;unknown;unknown;1;-1;-1;-1;-1;-1;-1
;ServiceLog;md;1425397889291;unknown;unknown;1;-1;-1;-1;-1;-1;-1
;ServiceLog;md;1425397890313;unknown;unknown;1;-1;-1;-1;-1;-1;-1
;ServiceLog;md;1425397891329;unknown;unknown;1;-1;-1;-1;-1;-1;-1
;ServiceLog;md;1425397892346;unknown;unknown;1;-1;-1;-1;-1;-1;-1
;ServiceLog;md;1425397893359;unknown;unknown;1;-1;-1;-1;-1;-1;-1
;ServiceLog;md;1425397894372;unknown;unknown;1;-1;-1;-1;-1;-1;-1
;ServiceLog;md;1425397895393;unknown;unknown;1;-1;-1;-1;-1;-1;-1
;ServiceLog;md;1425397896417;unknown;unknown;1;-1;-1;-1;-1;-1;-1
;ServiceLog;md;1425397897440;unknown;unknown;1;-1;-1;-1;-1;-1;-1
;ServiceLog;md;1425397898457;unknown;unknown;1;-1;-1;-1;-1;-1;-1
;ServiceLog;md;1425397899481;unknown;unknown;1;-1;-1;-1;-1;-1;-1
;ServiceLog;md;1425397900507;unknown;unknown;1;-1;-1;-1;-1;-1;-1
;ServiceLog;md;1425397901534;unknown;unknown;1;-1;-1;-1;-1;-1;-1
;ServiceLog;md;1425397902552;unknown;unknown;1;-1;-1;-1;-1;-1;-1
;ServiceLog;md;1425397903570;unknown;unknown;1;-1;-1;-1;-1;-1;-1
;ServiceLog;md;1425397904593;unknown;unknown;1;-1;-1;-1;-1;-1;-1
;ServiceLog;md;1425397905630;unknown;unknown;1;-1;-1;-1;-1;-1;-1
;ServiceLog;md;1425397906658;unknown;unknown;1;-1;-1;-1;-1;-1;-1
;ServiceLog;md;1425397907706;unknown;unknown;1;-1;-1;-1;-1;-1;-1
;ServiceLog;md;1425397908742;unknown;unknown;1;-1;-1;-1;-1;-1;-1
;ServiceLog;md;1425397909776;unknown;unknown;1;-1;-1;-1;-1;-1;-1
;ServiceLog;md;1425397910862;unknown;unknown;1;-1;-1;-1;-1;-1;-1
;ServiceLog;md;1425397911879;unknown;unknown;1;-1;-1;-1;-1;-1;-1
;ServiceLog;md;1425397912914;unknown;unknown;1;-1;-1;-1;-1;-1;-1
;ServiceLog;md;1425397913945;unknown;unknown;1;-1;-1;-1;-1;-1;-1
;ServiceLog;md;1425397914966;unknown;unknown;1;-1;-1;-1;-1;-1;-1
;ServiceLog;md;1425397916001;unknown;unknown;1;-1;-1;-1;-1;-1;-1
;ServiceLog;md;1425397917034;unknown;unknown;1;-1;-1;-1;-1;-1;-1
;ServiceLog;md;1425397918069;unknown;unknown;1;-1;-1;-1;-1;-1;-1
;ServiceLog;md;1425397919100;unknown;unknown;1;-1;-1;-1;-1;-1;-1
;ServiceLog;md;1425397920134;unknown;unknown;1;-1;-1;-1;-1;-1;-1
;ServiceLog;md;1425397921154;unknown;unknown;1;-1;-1;-1;-1;-1;-1
;ServiceLog;md;1425397922235;unknown;unknown;1;-1;-1;-1;-1;-1;-1
;ServiceLog;md;1425397923257;unknown;unknown;1;-1;-1;-1;-1;-1;-1
;ServiceLog;md;1425397924279;unknown;unknown;1;-1;-1;-1;-1;-1;-1
;ServiceLog;md;1425397925299;unknown;unknown;1;-1;-1;-1;-1;-1;-1
;ServiceLog;md;1425397926315;unknown;unknown;1;-1;-1;-1;-1;-1;-1
;ServiceLog;md;1425397927334;unknown;unknown;1;-1;-1;-1;-1;-1;-1
;ServiceLog;md;1425397928352;unknown;unknown;1;-1;-1;-1;-1;-1;-1
;ServiceLog;md;1425397929379;unknown;unknown;1;-1;-1;-1;-1;-1;-1
;ServiceLog;md;1425397930403;unknown;unknown;1;-1;-1;-1;-1;-1;-1
;ServiceLog;md;1425397931503;unknown;unknown;1;-1;-1;-1;-1;-1;-1
;ServiceLog;md;1425397932533;unknown;unknown;1;-1;-1;-1;-1;-1;-1
;ServiceLog;md;1425397933552;unknown;unknown;1;-1;-1;-1;-1;-1;-1
;ServiceLog;md;1425397934569;unknown;unknown;1;-1;-1;-1;-1;-1;-1
;ServiceLog;md;1425397935603;unknown;unknown;1;-1;-1;-1;-1;-1;-1
;ServiceLog;md;1425397937562;unknown;unknown;1;-1;-1;-1;-1;-1;-1
;ServiceLog;md;1425397938583;unknown;unknown;1;-1;-1;-1;-1;-1;-1
;ServiceLog;md;1425397939601;unknown;unknown;1;-1;-1;-1;-1;-1;-1
;ServiceLog;md;1425397940614;unknown;unknown;1;-1;-1;-1;-1;-1;-1
;ServiceLog;md;1425397941892;unknown;unknown;1;-1;-1;-1;-1;-1;-1
;ServiceLog;md;1425397942974;unknown;unknown;1;-1;-1;-1;-1;-1;-1
;ServiceLog;md;1425397944015;unknown;unknown;1;-1;-1;-1;-1;-1;-1
;ServiceLog;md;1425397945029;unknown;unknown;1;-1;-1;-1;-1;-1;-1
;ServiceLog;md;1425397946380;unknown;unknown;1;-1;-1;-1;-1;-1;-1
;ServiceLog;md;1425397947433;unknown;unknown;1;-1;-1;-1;-1;-1;-1
;ServiceLog;md;1425397948476;unknown;unknown;1;-1;-1;-1;-1;-1;-1
;ServiceLog;md;1425397949522;unknown;unknown;1;-1;-1;-1;-1;-1;-1
;ServiceLog;md;1425397950563;unknown;unknown;1;-1;-1;-1;-1;-1;-1
;ServiceLog;md;1425397951588;unknown;unknown;1;-1;-1;-1;-1;-1;-1
;ServiceLog;md;1425397952609;unknown;unknown;1;-1;-1;-1;-1;-1;-1
;ServiceLog;md;1425397953628;unknown;unknown;1;-1;-1;-1;-1;-1;-1
;ServiceLog;md;1425397954650;unknown;unknown;1;-1;-1;-1;-1;-1;-1
;ServiceLog;md;1425397955800;unknown;unknown;1;-1;-1;-1;-1;-1;-1
;ServiceLog;md;1425397956826;unknown;unknown;1;-1;-1;-1;-1;-1;-1
;ServiceLog;md;1425397957850;unknown;unknown;1;-1;-1;-1;-1;-1;-1
;ServiceLog;md;1425397958873;unknown;unknown;1;-1;-1;-1;-1;-1;-1
;ServiceLog;md;1425397959919;unknown;unknown;1;-1;-1;-1;-1;-1;-1
;ServiceLog;md;1425397961052;unknown;unknown;1;-1;-1;-1;-1;-1;-1
;ServiceLog;md;1425397962140;unknown;unknown;1;-1;-1;-1;-1;-1;-1
;ServiceLog;md;1425397963349;unknown;unknown;1;-1;-1;-1;-1;-1;-1
;ServiceLog;md;1425397964405;unknown;unknown;1;-1;-1;-1;-1;-1;-1
;ServiceLog;md;1425397966313;unknown;unknown;1;-1;-1;-1;-1;-1;-1
;ServiceLog;md;1425397967391;unknown;unknown;1;-1;-1;-1;-1;-1;-1
;ServiceLog;md;1425397968642;unknown;unknown;1;-1;-1;-1;-1;-1;-1
;ServiceLog;md;1425397969660;unknown;unknown;1;-1;-1;-1;-1;-1;-1
;ServiceLog;md;1425397970690;unknown;unknown;1;-1;-1;-1;-1;-1;-1
;ServiceLog;md;1425397971714;unknown;unknown;1;-1;-1;-1;-1;-1;-1
;ServiceLog;md;1425397972751;unknown;unknown;1;-1;-1;-1;-1;-1;-1
;ServiceLog;md;1425397973767;unknown;unknown;1;-1;-1;-1;-1;-1;-1
;ServiceLog;md;1425397974800;unknown;unknown;1;-1;-1;-1;-1;-1;-1
;ServiceLog;md;1425397975822;unknown;unknown;1;-1;-1;-1;-1;-1;-1
;ServiceLog;md;1425397976836;unknown;unknown;1;-1;-1;-1;-1;-1;-1
;ServiceLog;md;1425397977853;2G;EDGE;1;250;1;770;381;-1;-87
;ServiceLog;md;1425397979060;unknown;unknown;1;-1;-1;-1;-1;-1;-1
;ServiceLog;md;1425397980109;unknown;unknown;1;-1;-1;-1;-1;-1;-1
;ServiceLog;md;1425397981136;unknown;unknown;1;-1;-1;-1;-1;-1;-1
;ServiceLog;md;1425397982153;unknown;unknown;1;-1;-1;-1;-1;-1;-1
;ServiceLog;md;1425397983228;unknown;unknown;1;-1;-1;-1;-1;-1;-1
;ServiceLog;md;1425397984333;unknown;unknown;1;-1;-1;-1;-1;-1;-1
;ServiceLog;md;1425397985357;unknown;unknown;1;-1;-1;-1;-1;-1;-1
;ServiceLog;md;1425397986398;unknown;unknown;1;-1;-1;-1;-1;-1;-1
;ServiceLog;md;1425397987428;unknown;unknown;1;-1;-1;-1;-1;-1;-1
;ServiceLog;md;1425397988462;unknown;unknown;1;-1;-1;-1;-1;-1;-1
;ServiceLog;md;1425397989840;unknown;unknown;1;-1;-1;-1;-1;-1;-1
;ServiceLog;md;1425397991132;unknown;unknown;1;-1;-1;-1;-1;-1;-1
;ServiceLog;md;1425397994722;unknown;unknown;1;-1;-1;-1;-1;-1;-1
;ServiceLog;md;1425397995936;unknown;unknown;1;-1;-1;-1;-1;-1;-1
;ServiceLog;md;1425397998318;unknown;unknown;1;-1;-1;-1;-1;-1;-1
;ServiceLog;md;1425397999915;unknown;unknown;1;-1;-1;-1;-1;-1;-1
;ServiceLog;md;1425398001227;unknown;unknown;1;-1;-1;-1;-1;-1;-1
;ServiceLog;md;1425398002462;unknown;unknown;1;-1;-1;-1;-1;-1;-1
;ServiceLog;md;1425398003829;unknown;unknown;1;-1;-1;-1;-1;-1;-1
;ServiceLog;md;1425398005080;unknown;unknown;1;-1;-1;-1;-1;-1;-1
;ServiceLog;md;1425398006241;unknown;unknown;1;-1;-1;-1;-1;-1;-1
;ServiceLog;md;1425398007552;unknown;unknown;1;-1;-1;-1;-1;-1;-1
;ServiceLog;md;1425398008568;unknown;unknown;1;-1;-1;-1;-1;-1;-1
;ServiceLog;md;1425398009580;unknown;unknown;1;-1;-1;-1;-1;-1;-1
;ServiceLog;md;1425398010607;unknown;unknown;1;-1;-1;-1;-1;-1;-1
;ServiceLog;md;1425398011620;unknown;unknown;1;-1;-1;-1;-1;-1;-1
;ServiceLog;md;1425398012727;unknown;unknown;1;-1;-1;-1;-1;-1;-1
;ServiceLog;md;1425398014318;unknown;unknown;1;-1;-1;-1;-1;-1;-1
;ServiceLog;md;1425398015559;unknown;unknown;1;-1;-1;-1;-1;-1;-1
;ServiceLog;md;1425398016585;unknown;unknown;1;-1;-1;-1;-1;-1;-1
;ServiceLog;md;1425398018242;unknown;unknown;1;-1;-1;-1;-1;-1;-1
;ServiceLog;md;1425398019304;unknown;unknown;1;-1;-1;-1;-1;-1;-1
;ServiceLog;md;1425398020377;unknown;unknown;1;-1;-1;-1;-1;-1;-1
;ServiceLog;md;1425398021390;unknown;unknown;1;-1;-1;-1;-1;-1;-1
;ServiceLog;md;1425398022412;unknown;unknown;1;-1;-1;-1;-1;-1;-1
;ServiceLog;md;1425398023437;unknown;unknown;1;-1;-1;-1;-1;-1;-1
;ServiceLog;md;1425398024507;unknown;unknown;1;-1;-1;-1;-1;-1;-1
;ServiceLog;md;1425398025521;unknown;unknown;1;-1;-1;-1;-1;-1;-1
;ServiceLog;md;1425398026804;unknown;unknown;1;-1;-1;-1;-1;-1;-1
;ServiceLog;md;1425398028310;unknown;unknown;1;-1;-1;-1;-1;-1;-1
;ServiceLog;md;1425398029450;unknown;unknown;1;-1;-1;-1;-1;-1;-1
;ServiceLog;md;1425398030513;unknown;unknown;1;-1;-1;-1;-1;-1;-1
;ServiceLog;md;1425398031564;unknown;unknown;1;-1;-1;-1;-1;-1;-1
;ServiceLog;md;1425398032580;unknown;unknown;1;-1;-1;-1;-1;-1;-1
;ServiceLog;md;1425398033618;unknown;unknown;1;-1;-1;-1;-1;-1;-1
;ServiceLog;md;1425398034640;unknown;unknown;1;-1;-1;-1;-1;-1;-1
;ServiceLog;md;1425398037348;unknown;unknown;1;-1;-1;-1;-1;-1;-1
;ServiceLog;md;1425398038368;3G;UMTS;1;250;1;660;6899747;-1;-87
;ServiceLog;md;1425398039405;3G;UMTS;1;250;1;660;6899747;-1;-89
;ServiceLog;md;1425398041021;3G;UMTS;1;250;1;660;6899747;-1;-89
;ServiceLog;md;1425398042106;3G;UMTS;1;250;1;660;6899747;-1;-87
;ServiceLog;md;1425398043211;3G;UMTS;1;250;1;660;6899747;-1;-87
;ServiceLog;md;1425398044256;3G;UMTS;1;250;1;660;6899747;-1;-87
;ServiceLog;md;1425398045481;3G;HSDPA;1;250;1;660;6899747;-1;-87
;ServiceLog;md;1425398048080;3G;HSDPA;1;250;1;660;6899747;-1;-87
;ServiceLog;md;1425398049587;3G;UMTS;1;250;1;660;6899747;-1;-87
;ServiceLog;md;1425398052223;3G;UMTS;1;250;1;660;6899747;-1;-87
;ServiceLog;md;1425398055700;3G;UMTS;1;250;1;660;6899747;-1;-83
;ServiceLog;md;1425398056970;3G;UMTS;1;250;1;660;6899747;-1;-83
;ServiceLog;md;1425398058010;3G;HSDPA;1;250;1;660;6899747;-1;-83
;ServiceLog;md;1425398059134;3G;HSDPA;1;250;1;660;6899747;-1;-83
;ServiceLog;md;1425398063370;3G;HSDPA;1;250;1;660;6899747;-1;-79
;ServiceLog;md;1425398064390;3G;UMTS;1;250;1;660;6899747;-1;-79
;ServiceLog;md;1425398065410;3G;HSDPA;1;250;1;660;6899747;-1;-79
;ServiceLog;md;1425398066547;3G;HSDPA;1;250;1;660;6899747;-1;-79
;ServiceLog;md;1425398067574;3G;HSDPA;1;250;1;660;6899747;-1;-79
;ServiceLog;md;1425398068600;3G;HSDPA;1;250;1;660;6899747;-1;-79
;ServiceLog;md;1425398069618;3G;HSDPA;1;250;1;660;6899747;-1;-75
;ServiceLog;md;1425398070637;3G;HSDPA;1;250;1;660;6899747;-1;-75
;ServiceLog;md;1425398071676;3G;HSDPA;1;250;1;660;6899747;-1;-75
;ServiceLog;md;1425398072721;3G;HSDPA;1;250;1;660;6899747;-1;-55
;ServiceLog;md;1425398073746;3G;HSDPA;1;250;1;660;6899747;-1;-55
;ServiceLog;md;1425398074784;3G;UMTS;1;250;1;660;6899747;-1;-55
;ServiceLog;md;1425398075802;3G;UMTS;1;250;1;660;6899747;-1;-55
;ServiceLog;md;1425398076820;3G;UMTS;1;250;1;660;6899747;-1;-55
;ServiceLog;md;1425398077840;3G;UMTS;1;250;1;660;6899747;-1;-55
;ServiceLog;md;1425398078857;3G;UMTS;1;250;1;660;6899747;-1;-57
;ServiceLog;md;1425398079918;3G;UMTS;1;250;1;660;6899747;-1;-57
;ServiceLog;md;1425398080958;3G;UMTS;1;250;1;660;6899747;-1;-57
;ServiceLog;md;1425398082562;3G;UMTS;1;250;1;660;6899747;-1;-57
;ServiceLog;md;1425398083581;2G;GPRS;1;250;1;660;371;-1;-57
;ServiceLog;md;1425398084603;2G;GPRS;1;250;1;660;371;-1;-61
;ServiceLog;md;1425398085639;2G;GPRS;1;250;1;660;371;-1;-61
;ServiceLog;md;1425398086666;2G;GPRS;1;250;1;660;371;-1;-61
;ServiceLog;md;1425398087683;2G;GPRS;1;250;1;660;371;-1;-61
;ServiceLog;md;1425398088711;2G;GPRS;1;250;1;660;371;-1;-61
;ServiceLog;md;1425398089755;2G;GPRS;1;250;1;660;371;-1;-61
;ServiceLog;md;1425398090777;2G;GPRS;1;250;1;660;371;-1;-61
;ServiceLog;md;1425398091825;2G;GPRS;1;250;1;660;371;-1;-61
;ServiceLog;md;1425398092869;2G;GPRS;1;250;1;660;371;-1;-61
;ServiceLog;md;1425398093942;2G;GPRS;1;250;1;660;371;-1;-61
;ServiceLog;md;1425398094982;2G;GPRS;1;250;1;660;371;-1;-61
;ServiceLog;md;1425398096063;2G;GPRS;1;250;1;660;371;-1;-61
;ServiceLog;md;1425398097095;2G;GPRS;1;250;1;660;371;-1;-61
;ServiceLog;md;1425398098126;2G;GPRS;1;250;1;660;371;-1;-61
;ServiceLog;md;1425398099214;2G;GPRS;1;250;1;660;371;-1;-61
;ServiceLog;md;1425398100270;2G;GPRS;1;250;1;660;371;-1;-61
;ServiceLog;md;1425398102325;2G;GPRS;1;250;1;660;371;-1;-61
;ServiceLog;md;1425398104621;3G;UMTS;1;250;1;660;6945023;-1;-55
;ServiceLog;md;1425398105660;3G;UMTS;1;250;1;660;6945023;-1;-55
;ServiceLog;md;1425398106690;3G;HSDPA;1;250;1;660;6945023;-1;-55
;ServiceLog;md;1425398108231;3G;HSDPA;1;250;1;660;6945023;-1;-57
;ServiceLog;md;1425398110742;3G;UMTS;1;250;1;660;6945023;-1;-59
;ServiceLog;md;1425398114114;3G;HSDPA;1;250;1;660;6945023;-1;-61
;ServiceLog;md;1425398115802;3G;HSDPA;1;250;1;660;6945023;-1;-61
;ServiceLog;md;1425398117188;3G;HSDPA;1;250;1;660;6945023;-1;-63
;ServiceLog;md;1425398118603;3G;UMTS;1;250;1;660;6945023;-1;-63
;ServiceLog;md;1425398119637;3G;UMTS;1;250;1;660;6945023;-1;-67
;ServiceLog;md;1425398120722;3G;UMTS;1;250;1;660;6945023;-1;-67
;ServiceLog;md;1425398121749;3G;UMTS;1;250;1;660;6945023;-1;-67
;ServiceLog;md;1425398122770;3G;UMTS;1;250;1;660;6945023;-1;-69
;ServiceLog;md;1425398123842;3G;UMTS;1;250;1;660;6945023;-1;-69
;ServiceLog;md;1425398124873;3G;UMTS;1;250;1;660;6945023;-1;-71
;ServiceLog;md;1425398125899;3G;HSDPA;1;250;1;660;6945023;-1;-71
;ServiceLog;md;1425398126947;3G;HSDPA;1;250;1;660;6945023;-1;-71
;ServiceLog;md;1425398127974;3G;HSDPA;1;250;1;660;6945023;-1;-71
;ServiceLog;md;1425398129070;3G;HSDPA;1;250;1;660;6945023;-1;-71
;ServiceLog;md;1425398130094;3G;HSDPA;1;250;1;660;6945023;-1;-71
;ServiceLog;md;1425398131118;3G;HSDPA;1;250;1;660;6945023;-1;-71
;ServiceLog;md;1425398132147;3G;HSDPA;1;250;1;660;6945023;-1;-71
;ServiceLog;md;1425398133182;3G;HSDPA;1;250;1;660;6945023;-1;-71
;ServiceLog;md;1425398134240;3G;HSDPA;1;250;1;660;6945023;-1;-73
;ServiceLog;md;1425398135259;3G;HSDPA;1;250;1;660;6945023;-1;-73
;ServiceLog;md;1425398136288;3G;HSDPA;1;250;1;660;6945023;-1;-73
;ServiceLog;md;1425398137309;3G;HSDPA;1;250;1;660;6945023;-1;-73
;ServiceLog;md;1425398138327;3G;HSDPA;1;250;1;660;6945023;-1;-73
;ServiceLog;md;1425398139346;3G;HSDPA;1;250;1;660;6945023;-1;-73
;ServiceLog;md;1425398140364;3G;HSDPA;1;250;1;660;6945023;-1;-73
;ServiceLog;md;1425398141383;3G;HSDPA;1;250;1;660;6945023;-1;-73
;ServiceLog;md;1425398142411;3G;HSDPA;1;250;1;660;6945023;-1;-73
;ServiceLog;md;1425398143466;3G;HSDPA;1;250;1;660;6945023;-1;-73
;ServiceLog;md;1425398144492;3G;HSDPA;1;250;1;660;6945023;-1;-73
;ServiceLog;md;1425398145514;3G;HSDPA;1;250;1;660;6945023;-1;-73
;ServiceLog;md;1425398146567;3G;HSDPA;1;250;1;660;6945023;-1;-73
;ServiceLog;md;1425398147586;3G;HSDPA;1;250;1;660;6945023;-1;-73
;ServiceLog;md;1425398148604;3G;HSDPA;1;250;1;660;6945023;-1;-73
;ServiceLog;md;1425398149626;3G;HSDPA;1;250;1;660;6945023;-1;-75
;ServiceLog;md;1425398150689;3G;HSDPA;1;250;1;660;6945023;-1;-75
;ServiceLog;md;1425398151712;3G;UMTS;1;250;1;660;6945023;-1;-75
;ServiceLog;md;1425398152734;3G;UMTS;1;250;1;660;6945023;-1;-77
;ServiceLog;md;1425398153751;3G;UMTS;1;250;1;660;6945023;-1;-77
;ServiceLog;md;1425398154803;3G;UMTS;1;250;1;660;6945023;-1;-77
;ServiceLog;md;1425398155836;3G;UMTS;1;250;1;660;6945023;-1;-77
;ServiceLog;md;1425398156935;3G;UMTS;1;250;1;660;6945023;-1;-77
;ServiceLog;md;1425398157964;3G;UMTS;1;250;1;660;6945023;-1;-79
;ServiceLog;md;1425398158996;3G;UMTS;1;250;1;660;6945023;-1;-79
;ServiceLog;md;1425398160036;3G;UMTS;1;250;1;660;6945023;-1;-79
;ServiceLog;md;1425398161112;3G;UMTS;1;250;1;660;6945023;-1;-79
;ServiceLog;md;1425398162160;3G;UMTS;1;250;1;660;6945023;-1;-79
;ServiceLog;md;1425398163173;3G;UMTS;1;250;1;660;6945023;-1;-79
;ServiceLog;md;1425398164200;3G;UMTS;1;250;1;660;6945023;-1;-81
;ServiceLog;md;1425398165247;3G;UMTS;1;250;1;660;6945023;-1;-81
;ServiceLog;md;1425398166273;3G;UMTS;1;250;1;660;6945023;-1;-81
;ServiceLog;md;1425398167292;3G;UMTS;1;250;1;660;6945023;-1;-81
;ServiceLog;md;1425398168338;3G;UMTS;1;250;1;660;6945023;-1;-81
;ServiceLog;md;1425398169359;3G;UMTS;1;250;1;660;6945023;-1;-81
;ServiceLog;md;1425398170406;3G;UMTS;1;250;1;660;6945023;-1;-83
;ServiceLog;md;1425398171449;3G;UMTS;1;250;1;660;6945023;-1;-83
;ServiceLog;md;1425398172485;3G;UMTS;1;250;1;660;6945023;-1;-83
;ServiceLog;md;1425398173517;3G;UMTS;1;250;1;660;6945023;-1;-85
;ServiceLog;md;1425398174533;3G;UMTS;1;250;1;660;6899747;-1;-85
;ServiceLog;md;1425398175548;3G;UMTS;1;250;1;660;6899747;-1;-85
;ServiceLog;md;1425398176578;3G;UMTS;1;250;1;660;6899747;-1;-87
;ServiceLog;md;1425398177618;3G;UMTS;1;250;1;660;6945023;-1;-87
;ServiceLog;md;1425398178694;3G;UMTS;1;250;1;660;6945023;-1;-87
;ServiceLog;md;1425398179729;3G;UMTS;1;250;1;660;6945023;-1;-89
;ServiceLog;md;1425398180774;3G;UMTS;1;250;1;660;6945023;-1;-89
;ServiceLog;md;1425398181796;3G;UMTS;1;250;1;660;6945023;-1;-89
;ServiceLog;md;1425398182837;3G;UMTS;1;250;1;660;6945023;-1;-85
;ServiceLog;md;1425398183935;3G;UMTS;1;250;1;660;6945023;-1;-85
;ServiceLog;md;1425398184954;3G;UMTS;1;250;1;660;6945023;-1;-85
;ServiceLog;md;1425398185977;3G;UMTS;1;250;1;660;6945023;-1;-85
;ServiceLog;md;1425398186994;3G;UMTS;1;250;1;660;6945023;-1;-85
;ServiceLog;md;1425398188015;3G;UMTS;1;250;1;660;6945023;-1;-81
;ServiceLog;md;1425398189034;3G;UMTS;1;250;1;660;6945023;-1;-81
;ServiceLog;md;1425398190050;3G;UMTS;1;250;1;660;6945023;-1;-81
;ServiceLog;md;1425398191067;3G;UMTS;1;250;1;660;6945023;-1;-87
;ServiceLog;md;1425398192092;3G;UMTS;1;250;1;660;6945023;-1;-87
;ServiceLog;md;1425398193113;3G;UMTS;1;250;1;660;6945023;-1;-87
;ServiceLog;md;1425398194130;3G;UMTS;1;250;1;660;6945023;-1;-93
;ServiceLog;md;1425398195152;3G;UMTS;1;250;1;660;6945023;-1;-93
;ServiceLog;md;1425398196173;3G;UMTS;1;250;1;660;6945023;-1;-93
;ServiceLog;md;1425398197192;3G;UMTS;1;250;1;660;6945023;-1;-99
;ServiceLog;md;1425398198265;3G;UMTS;1;250;1;660;6945023;-1;-99
;ServiceLog;md;1425398199306;3G;UMTS;1;250;1;660;6945023;-1;-99
;ServiceLog;md;1425398200353;3G;UMTS;1;250;1;660;6945023;-1;-103
;ServiceLog;md;1425398201385;3G;UMTS;1;250;1;660;6945023;-1;-103
;ServiceLog;md;1425398202436;3G;UMTS;1;250;1;660;6945023;-1;-103
;ServiceLog;md;1425398203459;3G;UMTS;1;250;1;660;6945023;-1;0
;ServiceLog;md;1425398204744;3G;UMTS;1;250;1;660;6945023;-1;0
;ServiceLog;md;1425398205802;3G;UMTS;1;250;1;660;6945023;-1;0
;ServiceLog;md;1425398206841;3G;UMTS;1;250;1;660;6945023;-1;0
;ServiceLog;md;1425398207923;3G;UMTS;1;250;1;660;6945023;-1;0
;ServiceLog;md;1425398208940;3G;UMTS;1;250;1;660;6945023;-1;0
;ServiceLog;md;1425398209956;3G;UMTS;1;250;1;660;6945023;-1;0
;ServiceLog;md;1425398210977;3G;UMTS;1;250;1;660;6945023;-1;0
;ServiceLog;md;1425398211997;3G;UMTS;1;250;1;660;6945023;-1;0
;ServiceLog;md;1425398213016;3G;UMTS;1;250;1;660;6945023;-1;0
;ServiceLog;md;1425398214032;unknown;unknown;1;-1;-1;-1;-1;-1;-1
;ServiceLog;md;1425398215048;unknown;unknown;1;-1;-1;-1;-1;-1;-1
;ServiceLog;md;1425398216074;unknown;unknown;1;-1;-1;-1;-1;-1;-1
;ServiceLog;md;1425398217094;unknown;unknown;1;-1;-1;-1;-1;-1;-1
;ServiceLog;md;1425398218123;unknown;unknown;1;-1;-1;-1;-1;-1;-1
;ServiceLog;md;1425398219140;unknown;unknown;1;-1;-1;-1;-1;-1;-1
;ServiceLog;md;1425398220159;unknown;unknown;1;-1;-1;-1;-1;-1;-1
;ServiceLog;md;1425398221182;unknown;unknown;1;-1;-1;-1;-1;-1;-1
;ServiceLog;md;1425398222230;unknown;unknown;1;-1;-1;-1;-1;-1;-1
;ServiceLog;md;1425398223270;unknown;unknown;1;-1;-1;-1;-1;-1;-1
;ServiceLog;md;1425398224300;unknown;unknown;1;-1;-1;-1;-1;-1;-1
;ServiceLog;md;1425398225367;unknown;unknown;1;-1;-1;-1;-1;-1;-1
;ServiceLog;md;1425398226405;unknown;unknown;1;-1;-1;-1;-1;-1;-1
;ServiceLog;md;1425398227443;unknown;unknown;1;-1;-1;-1;-1;-1;-1
;ServiceLog;md;1425398228457;unknown;unknown;1;-1;-1;-1;-1;-1;-1
;ServiceLog;md;1425398229495;unknown;unknown;1;-1;-1;-1;-1;-1;-1
;ServiceLog;md;1425398230536;unknown;unknown;1;-1;-1;-1;-1;-1;-1
;ServiceLog;md;1425398231572;unknown;unknown;1;-1;-1;-1;-1;-1;-1
;ServiceLog;md;1425398232610;unknown;unknown;1;-1;-1;-1;-1;-1;-1
;ServiceLog;md;1425398233624;unknown;unknown;1;-1;-1;-1;-1;-1;-1
;ServiceLog;md;1425398234640;unknown;unknown;1;-1;-1;-1;-1;-1;-1
;ServiceLog;md;1425398235729;unknown;unknown;1;-1;-1;-1;-1;-1;-1
;ServiceLog;md;1425398236760;unknown;unknown;1;-1;-1;-1;-1;-1;-1
;ServiceLog;md;1425398237798;unknown;unknown;1;-1;-1;-1;-1;-1;-1
;ServiceLog;md;1425398238821;unknown;unknown;1;-1;-1;-1;-1;-1;-1
;ServiceLog;md;1425398239883;unknown;unknown;1;-1;-1;-1;-1;-1;-1
;ServiceLog;md;1425398240956;unknown;unknown;1;-1;-1;-1;-1;-1;-1
;ServiceLog;md;1425398241985;unknown;unknown;1;-1;-1;-1;-1;-1;-1
;ServiceLog;md;1425398243005;unknown;unknown;1;-1;-1;-1;-1;-1;-1
;ServiceLog;md;1425398244022;unknown;unknown;1;-1;-1;-1;-1;-1;-1
;ServiceLog;md;1425398245037;unknown;unknown;1;-1;-1;-1;-1;-1;-1
;ServiceLog;md;1425398246052;unknown;unknown;1;-1;-1;-1;-1;-1;-1
;ServiceLog;md;1425398247070;unknown;unknown;1;-1;-1;-1;-1;-1;-1
;ServiceLog;md;1425398248157;unknown;unknown;1;-1;-1;-1;-1;-1;-1
;ServiceLog;md;1425398249173;unknown;unknown;1;-1;-1;-1;-1;-1;-1
;ServiceLog;md;1425398250194;unknown;unknown;1;-1;-1;-1;-1;-1;-1
;ServiceLog;md;1425398251221;unknown;unknown;1;-1;-1;-1;-1;-1;-1
;ServiceLog;md;1425398252261;unknown;unknown;1;-1;-1;-1;-1;-1;-1
;ServiceLog;md;1425398253302;unknown;unknown;1;-1;-1;-1;-1;-1;-1
;ServiceLog;md;1425398254338;unknown;unknown;1;-1;-1;-1;-1;-1;-1
;ServiceLog;md;1425398255375;unknown;unknown;1;-1;-1;-1;-1;-1;-1
;ServiceLog;md;1425398256410;unknown;unknown;1;-1;-1;-1;-1;-1;-1
;ServiceLog;md;1425398257457;unknown;unknown;1;-1;-1;-1;-1;-1;-1
;ServiceLog;md;1425398258487;unknown;unknown;1;-1;-1;-1;-1;-1;-1
;ServiceLog;md;1425398259504;unknown;unknown;1;-1;-1;-1;-1;-1;-1
;ServiceLog;md;1425398260542;unknown;unknown;1;-1;-1;-1;-1;-1;-1
;ServiceLog;md;1425398261575;unknown;unknown;1;-1;-1;-1;-1;-1;-1
;ServiceLog;md;1425398262632;unknown;unknown;1;-1;-1;-1;-1;-1;-1
;ServiceLog;md;1425398263651;unknown;unknown;1;-1;-1;-1;-1;-1;-1
;ServiceLog;md;1425398264697;unknown;unknown;1;-1;-1;-1;-1;-1;-1
;ServiceLog;md;1425398265723;unknown;unknown;1;-1;-1;-1;-1;-1;-1
;ServiceLog;md;1425398266737;unknown;unknown;1;-1;-1;-1;-1;-1;-1
;ServiceLog;md;1425398267750;unknown;unknown;1;-1;-1;-1;-1;-1;-1
;ServiceLog;md;1425398268766;unknown;unknown;1;-1;-1;-1;-1;-1;-1
;ServiceLog;md;1425398269785;2G;EDGE;1;250;1;660;451;-1;-107
;ServiceLog;md;1425398270852;2G;EDGE;1;250;1;660;451;-1;-107
;ServiceLog;md;1425398271907;2G;EDGE;1;250;1;660;451;-1;-71
;ServiceLog;md;1425398272957;2G;EDGE;1;250;1;660;451;-1;-71
;ServiceLog;md;1425398273974;2G;EDGE;1;250;1;660;451;-1;-71
;ServiceLog;md;1425398274988;2G;EDGE;1;250;1;660;451;-1;-81
;ServiceLog;md;1425398276016;2G;EDGE;1;250;1;660;451;-1;-81
;ServiceLog;md;1425398277031;2G;EDGE;1;250;1;660;451;-1;-81
;ServiceLog;md;1425398278065;2G;EDGE;1;250;1;660;451;-1;-83
;ServiceLog;md;1425398279082;2G;EDGE;1;250;1;660;451;-1;-83
;ServiceLog;md;1425398280100;2G;EDGE;1;250;1;660;451;-1;-83
;ServiceLog;md;1425398281119;2G;EDGE;1;250;1;660;451;-1;-85
;ServiceLog;md;1425398282135;2G;EDGE;1;250;1;660;451;-1;-85
;ServiceLog;md;1425398283157;2G;EDGE;1;250;1;660;451;-1;-85
;ServiceLog;md;1425398284173;2G;EDGE;1;250;1;660;451;-1;-85
;ServiceLog;md;1425398285210;2G;EDGE;1;250;1;660;451;-1;-85
;ServiceLog;md;1425398286229;2G;EDGE;1;250;1;660;451;-1;-85
;ServiceLog;md;1425398287271;2G;EDGE;1;250;1;660;451;-1;-85
;ServiceLog;md;1425398288301;2G;EDGE;1;250;1;660;451;-1;-85
;ServiceLog;md;1425398289334;2G;EDGE;1;250;1;660;451;-1;-85
;ServiceLog;md;1425398290354;2G;EDGE;1;250;1;660;451;-1;-83
;ServiceLog;md;1425398291392;2G;EDGE;1;250;1;660;451;-1;-83
;ServiceLog;md;1425398292439;2G;EDGE;1;250;1;660;451;-1;-83
;ServiceLog;md;1425398293486;2G;EDGE;1;250;1;660;451;-1;-83
;ServiceLog;md;1425398294503;2G;EDGE;1;250;1;660;451;-1;-85
;ServiceLog;md;1425398295532;2G;EDGE;1;250;1;660;451;-1;-85
;ServiceLog;md;1425398296548;2G;EDGE;1;250;1;660;451;-1;-85
;ServiceLog;md;1425398297604;2G;EDGE;1;250;1;660;451;-1;-85
;ServiceLog;md;1425398298639;2G;EDGE;1;250;1;660;451;-1;-85
;ServiceLog;md;1425398299679;2G;EDGE;1;250;1;660;451;-1;-85
;ServiceLog;md;1425398300711;2G;EDGE;1;250;1;660;451;-1;-81
;ServiceLog;md;1425398301753;2G;EDGE;1;250;1;660;451;-1;-81
;ServiceLog;md;1425398302778;2G;EDGE;1;250;1;660;451;-1;-81
;ServiceLog;md;1425398303814;2G;EDGE;1;250;1;660;451;-1;-77
;ServiceLog;md;1425398304831;2G;EDGE;1;250;1;660;451;-1;-77
;ServiceLog;md;1425398305893;2G;EDGE;1;250;1;660;451;-1;-77
;ServiceLog;md;1425398306922;2G;EDGE;1;250;1;660;451;-1;-69
;ServiceLog;md;1425398307962;2G;EDGE;1;250;1;660;451;-1;-69
;ServiceLog;md;1425398308977;2G;EDGE;1;250;1;660;451;-1;-69
;ServiceLog;md;1425398310001;3G;UMTS;1;250;1;660;6899757;-1;-69
;ServiceLog;md;1425398311018;3G;UMTS;1;250;1;660;6899757;-1;-69
;ServiceLog;md;1425398312062;3G;UMTS;1;250;1;660;6899757;-1;-75
;ServiceLog;md;1425398313080;3G;UMTS;1;250;1;660;6899757;-1;-75
;ServiceLog;md;1425398314116;3G;UMTS;1;250;1;660;6899757;-1;-75
;ServiceLog;md;1425398315149;3G;UMTS;1;250;1;660;6899757;-1;-79
;ServiceLog;md;1425398316184;3G;UMTS;1;250;1;660;6899757;-1;-79
;ServiceLog;md;1425398317227;3G;UMTS;1;250;1;660;6899757;-1;-79
;ServiceLog;md;1425398318271;3G;UMTS;1;250;1;660;6899757;-1;0
;ServiceLog;md;1425398319318;3G;UMTS;1;250;1;660;6899757;-1;0
;ServiceLog;md;1425398320365;3G;UMTS;1;250;1;660;6899757;-1;0
;ServiceLog;md;1425398321402;3G;UMTS;1;250;1;660;6899757;-1;0
;ServiceLog;md;1425398322998;3G;UMTS;1;250;1;660;6899757;-1;0
;ServiceLog;md;1425398324023;3G;UMTS;1;250;1;660;6899757;-1;0
;ServiceLog;md;1425398325067;3G;UMTS;1;250;1;660;6899757;-1;0
;ServiceLog;md;1425398326085;3G;UMTS;1;250;1;660;6899757;-1;0
;ServiceLog;md;1425398327102;3G;UMTS;1;250;1;660;6899757;-1;0
;ServiceLog;md;1425398328120;3G;UMTS;1;250;1;660;6899757;-1;0
;ServiceLog;md;1425398329148;unknown;unknown;1;-1;-1;-1;-1;-1;-1
;ServiceLog;md;1425398330166;unknown;unknown;1;-1;-1;-1;-1;-1;-1
;ServiceLog;md;1425398331185;unknown;unknown;1;-1;-1;-1;-1;-1;-1
;ServiceLog;md;1425398332224;unknown;unknown;1;-1;-1;-1;-1;-1;-1
;ServiceLog;md;1425398333272;unknown;unknown;1;-1;-1;-1;-1;-1;-1
;ServiceLog;md;1425398334322;unknown;unknown;1;-1;-1;-1;-1;-1;-1
;ServiceLog;md;1425398335364;unknown;unknown;1;-1;-1;-1;-1;-1;-1
;ServiceLog;md;1425398336475;unknown;unknown;1;-1;-1;-1;-1;-1;-1
;ServiceLog;md;1425398337508;unknown;unknown;1;-1;-1;-1;-1;-1;-1
;ServiceLog;md;1425398338552;unknown;unknown;1;-1;-1;-1;-1;-1;-1
;ServiceLog;md;1425398339605;unknown;unknown;1;-1;-1;-1;-1;-1;-1
;ServiceLog;md;1425398340662;unknown;unknown;1;-1;-1;-1;-1;-1;-1
;ServiceLog;md;1425398341688;unknown;unknown;1;-1;-1;-1;-1;-1;-1
;ServiceLog;md;1425398342706;unknown;unknown;1;-1;-1;-1;-1;-1;-1
;ServiceLog;md;1425398343737;unknown;unknown;1;-1;-1;-1;-1;-1;-1
;ServiceLog;md;1425398344779;unknown;unknown;1;-1;-1;-1;-1;-1;-1
;ServiceLog;md;1425398345793;unknown;unknown;1;-1;-1;-1;-1;-1;-1
;ServiceLog;md;1425398346835;unknown;unknown;1;-1;-1;-1;-1;-1;-1
;ServiceLog;md;1425398347850;unknown;unknown;1;-1;-1;-1;-1;-1;-1
;ServiceLog;md;1425398348924;unknown;unknown;1;-1;-1;-1;-1;-1;-1
;ServiceLog;md;1425398349965;unknown;unknown;1;-1;-1;-1;-1;-1;-1
;ServiceLog;md;1425398350990;unknown;unknown;1;-1;-1;-1;-1;-1;-1
;ServiceLog;md;1425398352005;unknown;unknown;1;-1;-1;-1;-1;-1;-1
;ServiceLog;md;1425398353024;unknown;unknown;1;-1;-1;-1;-1;-1;-1
;ServiceLog;md;1425398354039;unknown;unknown;1;-1;-1;-1;-1;-1;-1
;ServiceLog;md;1425398355053;unknown;unknown;1;-1;-1;-1;-1;-1;-1
;ServiceLog;md;1425398356066;unknown;unknown;1;-1;-1;-1;-1;-1;-1
;ServiceLog;md;1425398357080;unknown;unknown;1;-1;-1;-1;-1;-1;-1
;ServiceLog;md;1425398358094;unknown;unknown;1;-1;-1;-1;-1;-1;-1
;ServiceLog;md;1425398359111;unknown;unknown;1;-1;-1;-1;-1;-1;-1
;ServiceLog;md;1425398360126;unknown;unknown;1;-1;-1;-1;-1;-1;-1
;ServiceLog;md;1425398361148;unknown;unknown;1;-1;-1;-1;-1;-1;-1
;ServiceLog;md;1425398362173;unknown;unknown;1;-1;-1;-1;-1;-1;-1
;ServiceLog;md;1425398363200;unknown;unknown;1;-1;-1;-1;-1;-1;-1
;ServiceLog;md;1425398364230;unknown;unknown;1;-1;-1;-1;-1;-1;-1
;ServiceLog;md;1425398365261;unknown;unknown;1;-1;-1;-1;-1;-1;-1
;ServiceLog;md;1425398366302;unknown;unknown;1;-1;-1;-1;-1;-1;-1
;ServiceLog;md;1425398367328;unknown;unknown;1;-1;-1;-1;-1;-1;-1
;ServiceLog;md;1425398368379;unknown;unknown;1;-1;-1;-1;-1;-1;-1
;ServiceLog;md;1425398369447;unknown;unknown;1;-1;-1;-1;-1;-1;-1
;ServiceLog;md;1425398370491;unknown;unknown;1;-1;-1;-1;-1;-1;-1
;ServiceLog;md;1425398371579;unknown;unknown;1;-1;-1;-1;-1;-1;-1
;ServiceLog;md;1425398372618;unknown;unknown;1;-1;-1;-1;-1;-1;-1
;ServiceLog;md;1425398373686;unknown;unknown;1;-1;-1;-1;-1;-1;-1
;ServiceLog;md;1425398374717;unknown;unknown;1;-1;-1;-1;-1;-1;-1
;ServiceLog;md;1425398375787;unknown;unknown;1;-1;-1;-1;-1;-1;-1
;ServiceLog;md;1425398376811;unknown;unknown;1;-1;-1;-1;-1;-1;-1
;ServiceLog;md;1425398377851;unknown;unknown;1;-1;-1;-1;-1;-1;-1
;ServiceLog;md;1425398378904;unknown;unknown;1;-1;-1;-1;-1;-1;-1
;ServiceLog;md;1425398379949;unknown;unknown;1;-1;-1;-1;-1;-1;-1
;ServiceLog;md;1425398380965;unknown;unknown;1;-1;-1;-1;-1;-1;-1
;ServiceLog;md;1425398381980;unknown;unknown;1;-1;-1;-1;-1;-1;-1
;ServiceLog;md;1425398382993;unknown;unknown;1;-1;-1;-1;-1;-1;-1
;ServiceLog;md;1425398384024;unknown;unknown;1;-1;-1;-1;-1;-1;-1
;ServiceLog;md;1425398385045;unknown;unknown;1;-1;-1;-1;-1;-1;-1
;ServiceLog;md;1425398386074;unknown;unknown;1;-1;-1;-1;-1;-1;-1
;ServiceLog;md;1425398387087;unknown;unknown;1;-1;-1;-1;-1;-1;-1
;ServiceLog;md;1425398388110;unknown;unknown;1;-1;-1;-1;-1;-1;-1
;ServiceLog;md;1425398389122;unknown;unknown;1;-1;-1;-1;-1;-1;-1
;ServiceLog;md;1425398390142;unknown;unknown;1;-1;-1;-1;-1;-1;-1
;ServiceLog;md;1425398391157;unknown;unknown;1;-1;-1;-1;-1;-1;-1
;ServiceLog;md;1425398392181;unknown;unknown;1;-1;-1;-1;-1;-1;-1
;ServiceLog;md;1425398393203;unknown;unknown;1;-1;-1;-1;-1;-1;-1
;ServiceLog;md;1425398394220;unknown;unknown;1;-1;-1;-1;-1;-1;-1
;ServiceLog;md;1425398395272;unknown;unknown;1;-1;-1;-1;-1;-1;-1
;ServiceLog;md;1425398396322;unknown;unknown;1;-1;-1;-1;-1;-1;-1
;ServiceLog;md;1425398397363;unknown;unknown;1;-1;-1;-1;-1;-1;-1
;ServiceLog;md;1425398398395;unknown;unknown;1;-1;-1;-1;-1;-1;-1
;ServiceLog;md;1425398399408;unknown;unknown;1;-1;-1;-1;-1;-1;-1
;ServiceLog;md;1425398400444;unknown;unknown;1;-1;-1;-1;-1;-1;-1
;ServiceLog;md;1425398401492;unknown;unknown;1;-1;-1;-1;-1;-1;-1
;ServiceLog;md;1425398402531;unknown;unknown;1;-1;-1;-1;-1;-1;-1
;ServiceLog;md;1425398403560;unknown;unknown;1;-1;-1;-1;-1;-1;-1
;ServiceLog;md;1425398404581;unknown;unknown;1;-1;-1;-1;-1;-1;-1
;ServiceLog;md;1425398405632;unknown;unknown;1;-1;-1;-1;-1;-1;-1
;ServiceLog;md;1425398406751;3G;UMTS;1;250;1;660;6905494;-1;-91
;ServiceLog;md;1425398408398;3G;UMTS;1;250;1;660;6905494;-1;-65
;ServiceLog;md;1425398409442;3G;UMTS;1;250;1;660;6905494;-1;-65
;ServiceLog;md;1425398410494;3G;UMTS;1;250;1;660;6905494;-1;-65
;ServiceLog;md;1425398411560;3G;UMTS;1;250;1;660;6905494;-1;-65
;ServiceLog;md;1425398412610;3G;UMTS;1;250;1;660;6905494;-1;-65
;ServiceLog;md;1425398413626;3G;UMTS;1;250;1;660;6905494;-1;-67
;ServiceLog;md;1425398414680;3G;UMTS;1;250;1;660;6905494;-1;-67
;ServiceLog;md;1425398415698;3G;UMTS;1;250;1;660;6905494;-1;-67
;ServiceLog;md;1425398416753;3G;UMTS;1;250;1;660;6905494;-1;-69
;ServiceLog;md;1425398417789;3G;UMTS;1;250;1;660;6905494;-1;-69
;ServiceLog;md;1425398418830;3G;UMTS;1;250;1;660;6905494;-1;-69
;ServiceLog;md;1425398419896;3G;UMTS;1;250;1;660;6905494;-1;-71
;ServiceLog;md;1425398420912;3G;UMTS;1;250;1;660;6905494;-1;-71
;ServiceLog;md;1425398421929;3G;UMTS;1;250;1;660;6905494;-1;-71
;ServiceLog;md;1425398422952;3G;UMTS;1;250;1;660;6905494;-1;-73
;ServiceLog;md;1425398423978;3G;UMTS;1;250;1;660;6905494;-1;-73
;ServiceLog;md;1425398425005;3G;UMTS;1;250;1;660;6905494;-1;-77
;ServiceLog;md;1425398426024;3G;UMTS;1;250;1;660;6905494;-1;-77
;ServiceLog;md;1425398427040;3G;UMTS;1;250;1;660;6905494;-1;-77
;ServiceLog;md;1425398428061;3G;UMTS;1;250;1;660;6905494;-1;-77
;ServiceLog;md;1425398429112;3G;UMTS;1;250;1;660;6905494;-1;-77
;ServiceLog;md;1425398430127;3G;UMTS;1;250;1;660;6905494;-1;-77
;ServiceLog;md;1425398431145;3G;UMTS;1;250;1;660;6905494;-1;-79
;ServiceLog;md;1425398432167;3G;UMTS;1;250;1;660;6905494;-1;-79
;ServiceLog;md;1425398433208;3G;UMTS;1;250;1;660;6905494;-1;-79
;ServiceLog;md;1425398434241;3G;UMTS;1;250;1;660;6905494;-1;-79
;ServiceLog;md;1425398435285;3G;UMTS;1;250;1;660;6905494;-1;-79
;ServiceLog;md;1425398436322;3G;UMTS;1;250;1;660;6905494;-1;-79
;ServiceLog;md;1425398437370;3G;UMTS;1;250;1;660;6899757;-1;-81
;ServiceLog;md;1425398438402;3G;UMTS;1;250;1;660;6899757;-1;-81
;ServiceLog;md;1425398439417;3G;UMTS;1;250;1;660;6894461;-1;-81
;ServiceLog;md;1425398440434;3G;UMTS;1;250;1;660;6894461;-1;-81
;ServiceLog;md;1425398441451;3G;UMTS;1;250;1;660;6894461;-1;-81
;ServiceLog;md;1425398442478;3G;UMTS;1;250;1;660;6894461;-1;-81
;ServiceLog;md;1425398443498;3G;UMTS;1;250;1;660;6894461;-1;-81
;ServiceLog;md;1425398444558;3G;UMTS;1;250;1;660;6894461;-1;-81
;ServiceLog;md;1425398445576;3G;UMTS;1;250;1;660;6894461;-1;-81
;ServiceLog;md;1425398446605;3G;UMTS;1;250;1;660;6894461;-1;-81
;ServiceLog;md;1425398447626;3G;UMTS;1;250;1;660;6894461;-1;-81
;ServiceLog;md;1425398448656;3G;UMTS;1;250;1;660;6905494;-1;-81
;ServiceLog;md;1425398449680;3G;UMTS;1;250;1;660;6905494;-1;-81
;ServiceLog;md;1425398450696;3G;UMTS;1;250;1;660;6905494;-1;-81
;ServiceLog;md;1425398451726;3G;UMTS;1;250;1;660;6905494;-1;-81
;ServiceLog;md;1425398452748;3G;UMTS;1;250;1;660;6905494;-1;-79
;ServiceLog;md;1425398453792;3G;UMTS;1;250;1;660;6905494;-1;-79
;ServiceLog;md;1425398454817;3G;UMTS;1;250;1;660;6905494;-1;-79
;ServiceLog;md;1425398455845;3G;UMTS;1;250;1;660;6905494;-1;-81
;ServiceLog;md;1425398456897;3G;UMTS;1;250;1;660;6905494;-1;-81
;ServiceLog;md;1425398457925;3G;UMTS;1;250;1;660;6905494;-1;-81
;ServiceLog;md;1425398458944;3G;UMTS;1;250;1;660;6905494;-1;-81
;ServiceLog;md;1425398459958;3G;UMTS;1;250;1;660;6905494;-1;-81
;ServiceLog;md;1425398460978;3G;UMTS;1;250;1;660;6905494;-1;-81
;ServiceLog;md;1425398462004;3G;UMTS;1;250;1;660;6905494;-1;-81
;ServiceLog;md;1425398463026;3G;UMTS;1;250;1;660;6905494;-1;-81
;ServiceLog;md;1425398464040;3G;UMTS;1;250;1;660;6905494;-1;-81
;ServiceLog;md;1425398465053;3G;UMTS;1;250;1;660;6905494;-1;-81
;ServiceLog;md;1425398466071;3G;UMTS;1;250;1;660;6905494;-1;-81
;ServiceLog;md;1425398467089;3G;UMTS;1;250;1;660;6905494;-1;-81
;ServiceLog;md;1425398468105;3G;UMTS;1;250;1;660;6905494;-1;-81
;ServiceLog;md;1425398469125;3G;UMTS;1;250;1;660;6905494;-1;-81
;ServiceLog;md;1425398470147;3G;UMTS;1;250;1;660;6905494;-1;-81
;ServiceLog;md;1425398471172;3G;UMTS;1;250;1;660;6905494;-1;-81
;ServiceLog;md;1425398472559;3G;UMTS;1;250;1;660;6905494;-1;-81
;ServiceLog;md;1425398473606;3G;UMTS;1;250;1;660;6905494;-1;-79
;ServiceLog;md;1425398474669;3G;UMTS;1;250;1;660;6905494;-1;-79
;ServiceLog;md;1425398475710;3G;UMTS;1;250;1;660;6905494;-1;-79
;ServiceLog;md;1425398476751;3G;UMTS;1;250;1;660;6905494;-1;-79
;ServiceLog;md;1425398477770;3G;UMTS;1;250;1;660;6905494;-1;-79
;ServiceLog;md;1425398478812;3G;UMTS;1;250;1;660;6905494;-1;-79
;ServiceLog;md;1425398479880;3G;UMTS;1;250;1;660;6905494;-1;-81
;ServiceLog;md;1425398480947;3G;UMTS;1;250;1;660;6899757;-1;-81
;ServiceLog;md;1425398481979;3G;UMTS;1;250;1;660;6894461;-1;-83
;ServiceLog;md;1425398483017;3G;UMTS;1;250;1;660;6894461;-1;-83
;ServiceLog;md;1425398484038;3G;UMTS;1;250;1;660;6894461;-1;-83
;ServiceLog;md;1425398485056;3G;UMTS;1;250;1;660;6894461;-1;-83
;ServiceLog;md;1425398486069;3G;UMTS;1;250;1;660;6894461;-1;-83
;ServiceLog;md;1425398487092;3G;UMTS;1;250;1;660;6894461;-1;-83
;ServiceLog;md;1425398488128;3G;UMTS;1;250;1;660;6894461;-1;-83
;ServiceLog;md;1425398489145;3G;UMTS;1;250;1;660;6894461;-1;-83
;ServiceLog;md;1425398490160;3G;UMTS;1;250;1;660;6894461;-1;-83
;ServiceLog;md;1425398491230;3G;UMTS;1;250;1;660;6894461;-1;-83
;ServiceLog;md;1425398492255;3G;UMTS;1;250;1;660;6894461;-1;-83
;ServiceLog;md;1425398493280;3G;UMTS;1;250;1;660;6894461;-1;-83
;ServiceLog;md;1425398494331;3G;UMTS;1;250;1;660;6894461;-1;-83
;ServiceLog;md;1425398495383;3G;UMTS;1;250;1;660;6894461;-1;-83
;ServiceLog;md;1425398496431;3G;UMTS;1;250;1;660;6894461;-1;-83
;ServiceLog;md;1425398497470;3G;UMTS;1;250;1;660;6894461;-1;-83
;ServiceLog;md;1425398498520;3G;UMTS;1;250;1;660;6894461;-1;-83
;ServiceLog;md;1425398499562;3G;UMTS;1;250;1;660;6894461;-1;-83
;ServiceLog;md;1425398500616;3G;UMTS;1;250;1;660;6894461;-1;-83
;ServiceLog;md;1425398501682;3G;UMTS;1;250;1;660;6894461;-1;-83
;ServiceLog;md;1425398502740;3G;UMTS;1;250;1;660;6894461;-1;-83
;ServiceLog;md;1425398503758;3G;UMTS;1;250;1;660;6894461;-1;-83
;ServiceLog;md;1425398504795;3G;UMTS;1;250;1;660;6894461;-1;-83
;ServiceLog;md;1425398505844;3G;UMTS;1;250;1;660;6894461;-1;-83
;ServiceLog;md;1425398506914;3G;UMTS;1;250;1;660;6894461;-1;-83
;ServiceLog;md;1425398507934;3G;UMTS;1;250;1;660;6894461;-1;-83
;ServiceLog;md;1425398508950;3G;UMTS;1;250;1;660;6894461;-1;-83
;ServiceLog;md;1425398509966;3G;UMTS;1;250;1;660;6894461;-1;-83
;ServiceLog;md;1425398510981;3G;UMTS;1;250;1;660;6894461;-1;-83
;ServiceLog;md;1425398512011;3G;UMTS;1;250;1;660;6894461;-1;-81
;ServiceLog;md;1425398513035;3G;UMTS;1;250;1;660;6894461;-1;-81
;ServiceLog;md;1425398514048;3G;UMTS;1;250;1;660;6894461;-1;-81
;ServiceLog;md;1425398515064;3G;UMTS;1;250;1;660;6894461;-1;-81
;ServiceLog;md;1425398516079;3G;UMTS;1;250;1;660;6894461;-1;-81
;ServiceLog;md;1425398517096;3G;UMTS;1;250;1;660;6894461;-1;-81
;ServiceLog;md;1425398518113;3G;UMTS;1;250;1;660;6894461;-1;-79
;ServiceLog;md;1425398519134;3G;UMTS;1;250;1;660;6894461;-1;-79
;ServiceLog;md;1425398520156;3G;UMTS;1;250;1;660;6894461;-1;-79
;ServiceLog;md;1425398521190;3G;UMTS;1;250;1;660;6894461;-1;-79
;ServiceLog;md;1425398522212;3G;UMTS;1;250;1;660;6894461;-1;-79
;ServiceLog;md;1425398523253;3G;UMTS;1;250;1;660;6905494;-1;-79
;ServiceLog;md;1425398524296;3G;UMTS;1;250;1;660;6905494;-1;-81
;ServiceLog;md;1425398525323;3G;UMTS;1;250;1;660;6905494;-1;-81
;ServiceLog;md;1425398527430;3G;UMTS;1;250;1;660;6905494;-1;-81
;ServiceLog;md;1425398528485;3G;UMTS;1;250;1;660;6905494;-1;-81
;ServiceLog;md;1425398529728;3G;UMTS;1;250;1;660;6905494;-1;-81
;ServiceLog;md;1425398530925;3G;UMTS;1;250;1;660;6905494;-1;-81
;ServiceLog;md;1425398531944;3G;UMTS;1;250;1;660;6905494;-1;-81
;ServiceLog;md;1425398533016;3G;UMTS;1;250;1;660;6905494;-1;-81
;ServiceLog;md;1425398534067;3G;UMTS;1;250;1;660;6905494;-1;-81
;ServiceLog;md;1425398535085;3G;UMTS;1;250;1;660;6905494;-1;-81
;ServiceLog;md;1425398536100;3G;UMTS;1;250;1;660;6905494;-1;-81
;ServiceLog;md;1425398537410;3G;UMTS;1;250;1;660;6905494;-1;-81
;ServiceLog;md;1425398538446;3G;UMTS;1;250;1;660;6905494;-1;-81
;ServiceLog;md;1425398539465;3G;UMTS;1;250;1;660;6905494;-1;-81
;ServiceLog;md;1425398540501;3G;UMTS;1;250;1;660;6905494;-1;-81
;ServiceLog;md;1425398541536;3G;UMTS;1;250;1;660;6905494;-1;-81
;ServiceLog;md;1425398542569;3G;UMTS;1;250;1;660;6905494;-1;-81
;ServiceLog;md;1425398543593;3G;UMTS;1;250;1;660;6905494;-1;-81
;ServiceLog;md;1425398544608;3G;UMTS;1;250;1;660;6905494;-1;-81
;ServiceLog;md;1425398545675;unknown;unknown;1;-1;-1;-1;-1;-1;-1
;ServiceLog;md;1425398546725;unknown;unknown;1;-1;-1;-1;-1;-1;-1
;ServiceLog;md;1425398547751;unknown;unknown;1;-1;-1;-1;-1;-1;-1
;ServiceLog;md;1425398548798;unknown;unknown;1;-1;-1;-1;-1;-1;-1
;ServiceLog;md;1425398549941;unknown;unknown;1;-1;-1;-1;-1;-1;-1
;ServiceLog;md;1425398551431;unknown;unknown;1;-1;-1;-1;-1;-1;-1
;ServiceLog;md;1425398552460;unknown;unknown;1;-1;-1;-1;-1;-1;-1
;ServiceLog;md;1425398553498;unknown;unknown;1;-1;-1;-1;-1;-1;-1
;ServiceLog;md;1425398554627;unknown;unknown;1;-1;-1;-1;-1;-1;-1
;ServiceLog;md;1425398555645;unknown;unknown;1;-1;-1;-1;-1;-1;-1
;ServiceLog;md;1425398556682;unknown;unknown;1;-1;-1;-1;-1;-1;-1
;ServiceLog;md;1425398557701;unknown;unknown;1;-1;-1;-1;-1;-1;-1
;ServiceLog;md;1425398558728;unknown;unknown;1;-1;-1;-1;-1;-1;-1
;ServiceLog;md;1425398559750;unknown;unknown;1;-1;-1;-1;-1;-1;-1
;ServiceLog;md;1425398560827;unknown;unknown;1;-1;-1;-1;-1;-1;-1
;ServiceLog;md;1425398561847;unknown;unknown;1;-1;-1;-1;-1;-1;-1
;ServiceLog;md;1425398562919;unknown;unknown;1;-1;-1;-1;-1;-1;-1
;ServiceLog;md;1425398563976;unknown;unknown;1;-1;-1;-1;-1;-1;-1
;ServiceLog;md;1425398565000;unknown;unknown;1;-1;-1;-1;-1;-1;-1
;ServiceLog;md;1425398566070;unknown;unknown;1;-1;-1;-1;-1;-1;-1
;ServiceLog;md;1425398567094;unknown;unknown;1;-1;-1;-1;-1;-1;-1
;ServiceLog;md;1425398568110;unknown;unknown;1;-1;-1;-1;-1;-1;-1
;ServiceLog;md;1425398569129;unknown;unknown;1;-1;-1;-1;-1;-1;-1
;ServiceLog;md;1425398570146;unknown;unknown;1;-1;-1;-1;-1;-1;-1
;ServiceLog;md;1425398571163;unknown;unknown;1;-1;-1;-1;-1;-1;-1
;ServiceLog;md;1425398572183;unknown;unknown;1;-1;-1;-1;-1;-1;-1
;ServiceLog;md;1425398573215;unknown;unknown;1;-1;-1;-1;-1;-1;-1
;ServiceLog;md;1425398574236;unknown;unknown;1;-1;-1;-1;-1;-1;-1
;ServiceLog;md;1425398575259;unknown;unknown;1;-1;-1;-1;-1;-1;-1
;ServiceLog;md;1425398576300;unknown;unknown;1;-1;-1;-1;-1;-1;-1
;ServiceLog;md;1425398577331;unknown;unknown;1;-1;-1;-1;-1;-1;-1
;ServiceLog;md;1425398578371;unknown;unknown;1;-1;-1;-1;-1;-1;-1
;ServiceLog;md;1425398579405;unknown;unknown;1;-1;-1;-1;-1;-1;-1
;ServiceLog;md;1425398580423;unknown;unknown;1;-1;-1;-1;-1;-1;-1
;ServiceLog;md;1425398581447;unknown;unknown;1;-1;-1;-1;-1;-1;-1
;ServiceLog;md;1425398582492;unknown;unknown;1;-1;-1;-1;-1;-1;-1
;ServiceLog;md;1425398583533;unknown;unknown;1;-1;-1;-1;-1;-1;-1
;ServiceLog;md;1425398584579;unknown;unknown;1;-1;-1;-1;-1;-1;-1
;ServiceLog;md;1425398585597;unknown;unknown;1;-1;-1;-1;-1;-1;-1
;ServiceLog;md;1425398586640;unknown;unknown;1;-1;-1;-1;-1;-1;-1
;ServiceLog;md;1425398587681;unknown;unknown;1;-1;-1;-1;-1;-1;-1
;ServiceLog;md;1425398588731;unknown;unknown;1;-1;-1;-1;-1;-1;-1
;ServiceLog;md;1425398589747;unknown;unknown;1;-1;-1;-1;-1;-1;-1
;ServiceLog;md;1425398590767;unknown;unknown;1;-1;-1;-1;-1;-1;-1
;ServiceLog;md;1425398591784;unknown;unknown;1;-1;-1;-1;-1;-1;-1
;ServiceLog;md;1425398592822;unknown;unknown;1;-1;-1;-1;-1;-1;-1
;ServiceLog;md;1425398594348;unknown;unknown;1;-1;-1;-1;-1;-1;-1
;ServiceLog;md;1425398595392;unknown;unknown;1;-1;-1;-1;-1;-1;-1
;ServiceLog;md;1425398596427;unknown;unknown;1;-1;-1;-1;-1;-1;-1
;ServiceLog;md;1425398597470;unknown;unknown;1;-1;-1;-1;-1;-1;-1
;ServiceLog;md;1425398598506;unknown;unknown;1;-1;-1;-1;-1;-1;-1
;ServiceLog;md;1425398599539;unknown;unknown;1;-1;-1;-1;-1;-1;-1
;ServiceLog;md;1425398600575;unknown;unknown;1;-1;-1;-1;-1;-1;-1
;ServiceLog;md;1425398601594;unknown;unknown;1;-1;-1;-1;-1;-1;-1
;ServiceLog;md;1425398602631;unknown;unknown;1;-1;-1;-1;-1;-1;-1
;ServiceLog;md;1425398603677;unknown;unknown;1;-1;-1;-1;-1;-1;-1
;ServiceLog;md;1425398604691;unknown;unknown;1;-1;-1;-1;-1;-1;-1
;ServiceLog;md;1425398605723;unknown;unknown;1;-1;-1;-1;-1;-1;-1
;ServiceLog;md;1425398606742;unknown;unknown;1;-1;-1;-1;-1;-1;-1
;ServiceLog;md;1425398607775;unknown;unknown;1;-1;-1;-1;-1;-1;-1
;ServiceLog;md;1425398608810;unknown;unknown;1;-1;-1;-1;-1;-1;-1
;ServiceLog;md;1425398609845;unknown;unknown;1;-1;-1;-1;-1;-1;-1
;ServiceLog;md;1425398610899;unknown;unknown;1;-1;-1;-1;-1;-1;-1
;ServiceLog;md;1425398611925;unknown;unknown;1;-1;-1;-1;-1;-1;-1
;ServiceLog;md;1425398612964;unknown;unknown;1;-1;-1;-1;-1;-1;-1
;ServiceLog;md;1425398613985;unknown;unknown;1;-1;-1;-1;-1;-1;-1
;ServiceLog;md;1425398615004;unknown;unknown;1;-1;-1;-1;-1;-1;-1
;ServiceLog;md;1425398616020;unknown;unknown;1;-1;-1;-1;-1;-1;-1
;ServiceLog;md;1425398617037;unknown;unknown;1;-1;-1;-1;-1;-1;-1
;ServiceLog;md;1425398618091;unknown;unknown;1;-1;-1;-1;-1;-1;-1
;ServiceLog;md;1425398619106;unknown;unknown;1;-1;-1;-1;-1;-1;-1
;ServiceLog;md;1425398620121;unknown;unknown;1;-1;-1;-1;-1;-1;-1
;ServiceLog;md;1425398621135;unknown;unknown;1;-1;-1;-1;-1;-1;-1
;ServiceLog;md;1425398622151;unknown;unknown;1;-1;-1;-1;-1;-1;-1
;ServiceLog;md;1425398623176;unknown;unknown;1;-1;-1;-1;-1;-1;-1
;ServiceLog;md;1425398624194;unknown;unknown;1;-1;-1;-1;-1;-1;-1
;ServiceLog;md;1425398625216;unknown;unknown;1;-1;-1;-1;-1;-1;-1
;ServiceLog;md;1425398626246;unknown;unknown;1;-1;-1;-1;-1;-1;-1
;ServiceLog;md;1425398627279;unknown;unknown;1;-1;-1;-1;-1;-1;-1
;ServiceLog;md;1425398628313;unknown;unknown;1;-1;-1;-1;-1;-1;-1
;ServiceLog;md;1425398629351;unknown;unknown;1;-1;-1;-1;-1;-1;-1
;ServiceLog;md;1425398630391;unknown;unknown;1;-1;-1;-1;-1;-1;-1
;ServiceLog;md;1425398631430;unknown;unknown;1;-1;-1;-1;-1;-1;-1
;ServiceLog;md;1425398632451;unknown;unknown;1;-1;-1;-1;-1;-1;-1
;ServiceLog;md;1425398633482;unknown;unknown;1;-1;-1;-1;-1;-1;-1
;ServiceLog;md;1425398634512;unknown;unknown;1;-1;-1;-1;-1;-1;-1
;ServiceLog;md;1425398635584;unknown;unknown;1;-1;-1;-1;-1;-1;-1
;ServiceLog;md;1425398636624;unknown;unknown;1;-1;-1;-1;-1;-1;-1
;ServiceLog;md;1425398637680;unknown;unknown;1;-1;-1;-1;-1;-1;-1
;ServiceLog;md;1425398638716;unknown;unknown;1;-1;-1;-1;-1;-1;-1
;ServiceLog;md;1425398639760;unknown;unknown;1;-1;-1;-1;-1;-1;-1
;ServiceLog;md;1425398640790;unknown;unknown;1;-1;-1;-1;-1;-1;-1
;ServiceLog;md;1425398641821;unknown;unknown;1;-1;-1;-1;-1;-1;-1
;ServiceLog;md;1425398642853;unknown;unknown;1;-1;-1;-1;-1;-1;-1
;ServiceLog;md;1425398643932;unknown;unknown;1;-1;-1;-1;-1;-1;-1
;ServiceLog;md;1425398644952;unknown;unknown;1;-1;-1;-1;-1;-1;-1
;ServiceLog;md;1425398645965;unknown;unknown;1;-1;-1;-1;-1;-1;-1
;ServiceLog;md;1425398646980;unknown;unknown;1;-1;-1;-1;-1;-1;-1
;ServiceLog;md;1425398647995;unknown;unknown;1;-1;-1;-1;-1;-1;-1
;ServiceLog;md;1425398649010;unknown;unknown;1;-1;-1;-1;-1;-1;-1
;ServiceLog;md;1425398650026;unknown;unknown;1;-1;-1;-1;-1;-1;-1
;ServiceLog;md;1425398651045;unknown;unknown;1;-1;-1;-1;-1;-1;-1
;ServiceLog;md;1425398652066;unknown;unknown;1;-1;-1;-1;-1;-1;-1
;ServiceLog;md;1425398653079;unknown;unknown;1;-1;-1;-1;-1;-1;-1
;ServiceLog;md;1425398654100;unknown;unknown;1;-1;-1;-1;-1;-1;-1
;ServiceLog;md;1425398655116;unknown;unknown;1;-1;-1;-1;-1;-1;-1
;ServiceLog;md;1425398656132;unknown;unknown;1;-1;-1;-1;-1;-1;-1
;ServiceLog;md;1425398657154;unknown;unknown;1;-1;-1;-1;-1;-1;-1
;ServiceLog;md;1425398658173;unknown;unknown;1;-1;-1;-1;-1;-1;-1
;ServiceLog;md;1425398659199;unknown;unknown;1;-1;-1;-1;-1;-1;-1
;ServiceLog;md;1425398660241;unknown;unknown;1;-1;-1;-1;-1;-1;-1
;ServiceLog;md;1425398661279;unknown;unknown;1;-1;-1;-1;-1;-1;-1
;ServiceLog;md;1425398662317;unknown;unknown;1;-1;-1;-1;-1;-1;-1
;ServiceLog;md;1425398663333;unknown;unknown;1;-1;-1;-1;-1;-1;-1
;ServiceLog;md;1425398664369;unknown;unknown;1;-1;-1;-1;-1;-1;-1
;ServiceLog;md;1425398665407;unknown;unknown;1;-1;-1;-1;-1;-1;-1
;ServiceLog;md;1425398666438;unknown;unknown;1;-1;-1;-1;-1;-1;-1
;ServiceLog;md;1425398667477;unknown;unknown;1;-1;-1;-1;-1;-1;-1
;ServiceLog;md;1425398668491;unknown;unknown;1;-1;-1;-1;-1;-1;-1
;ServiceLog;md;1425398669525;unknown;unknown;1;-1;-1;-1;-1;-1;-1
;ServiceLog;md;1425398670567;unknown;unknown;1;-1;-1;-1;-1;-1;-1
;ServiceLog;md;1425398671603;unknown;unknown;1;-1;-1;-1;-1;-1;-1
;ServiceLog;md;1425398672619;unknown;unknown;1;-1;-1;-1;-1;-1;-1
;ServiceLog;md;1425398673642;unknown;unknown;1;-1;-1;-1;-1;-1;-1
;ServiceLog;md;1425398674681;unknown;unknown;1;-1;-1;-1;-1;-1;-1
;ServiceLog;md;1425398675724;unknown;unknown;1;-1;-1;-1;-1;-1;-1
;ServiceLog;md;1425398676765;unknown;unknown;1;-1;-1;-1;-1;-1;-1
;ServiceLog;md;1425398677806;unknown;unknown;1;-1;-1;-1;-1;-1;-1
;ServiceLog;md;1425398678821;unknown;unknown;1;-1;-1;-1;-1;-1;-1
;ServiceLog;md;1425398679877;unknown;unknown;1;-1;-1;-1;-1;-1;-1
;ServiceLog;md;1425398681013;unknown;unknown;1;-1;-1;-1;-1;-1;-1
;ServiceLog;md;1425398682028;unknown;unknown;1;-1;-1;-1;-1;-1;-1
;ServiceLog;md;1425398683044;unknown;unknown;1;-1;-1;-1;-1;-1;-1
;ServiceLog;md;1425398684058;unknown;unknown;1;-1;-1;-1;-1;-1;-1
;ServiceLog;md;1425398685075;unknown;unknown;1;-1;-1;-1;-1;-1;-1
;ServiceLog;md;1425398686097;unknown;unknown;1;-1;-1;-1;-1;-1;-1
;ServiceLog;md;1425398687112;unknown;unknown;1;-1;-1;-1;-1;-1;-1
;ServiceLog;md;1425398688139;unknown;unknown;1;-1;-1;-1;-1;-1;-1
;ServiceLog;md;1425398689160;unknown;unknown;1;-1;-1;-1;-1;-1;-1
;ServiceLog;md;1425398690181;unknown;unknown;1;-1;-1;-1;-1;-1;-1
;ServiceLog;md;1425398691213;unknown;unknown;1;-1;-1;-1;-1;-1;-1
;ServiceLog;md;1425398692233;unknown;unknown;1;-1;-1;-1;-1;-1;-1
;ServiceLog;md;1425398693277;unknown;unknown;1;-1;-1;-1;-1;-1;-1
;ServiceLog;md;1425398694298;unknown;unknown;1;-1;-1;-1;-1;-1;-1
;ServiceLog;md;1425398695338;unknown;unknown;1;-1;-1;-1;-1;-1;-1
;ServiceLog;md;1425398696385;unknown;unknown;1;-1;-1;-1;-1;-1;-1
;ServiceLog;md;1425398697421;unknown;unknown;1;-1;-1;-1;-1;-1;-1
;ServiceLog;md;1425398698455;unknown;unknown;1;-1;-1;-1;-1;-1;-1
;ServiceLog;md;1425398699476;unknown;unknown;1;-1;-1;-1;-1;-1;-1
;ServiceLog;md;1425398700526;unknown;unknown;1;-1;-1;-1;-1;-1;-1
;ServiceLog;md;1425398701562;unknown;unknown;1;-1;-1;-1;-1;-1;-1
;ServiceLog;md;1425398702606;unknown;unknown;1;-1;-1;-1;-1;-1;-1
;ServiceLog;md;1425398703642;unknown;unknown;1;-1;-1;-1;-1;-1;-1
;ServiceLog;md;1425398704659;unknown;unknown;1;-1;-1;-1;-1;-1;-1
;ServiceLog;md;1425398705708;unknown;unknown;1;-1;-1;-1;-1;-1;-1
;ServiceLog;md;1425398706742;unknown;unknown;1;-1;-1;-1;-1;-1;-1
;ServiceLog;md;1425398707782;unknown;unknown;1;-1;-1;-1;-1;-1;-1
;ServiceLog;md;1425398708845;unknown;unknown;1;-1;-1;-1;-1;-1;-1
;ServiceLog;md;1425398709884;unknown;unknown;1;-1;-1;-1;-1;-1;-1
;ServiceLog;md;1425398710950;unknown;unknown;1;-1;-1;-1;-1;-1;-1
;ServiceLog;md;1425398711971;unknown;unknown;1;-1;-1;-1;-1;-1;-1
;ServiceLog;md;1425398713005;unknown;unknown;1;-1;-1;-1;-1;-1;-1
;ServiceLog;md;1425398714023;unknown;unknown;1;-1;-1;-1;-1;-1;-1
;ServiceLog;md;1425398715049;unknown;unknown;1;-1;-1;-1;-1;-1;-1
;ServiceLog;md;1425398716068;unknown;unknown;1;-1;-1;-1;-1;-1;-1
;ServiceLog;md;1425398717709;unknown;unknown;1;-1;-1;-1;-1;-1;-1
;ServiceLog;md;1425398718761;unknown;unknown;1;-1;-1;-1;-1;-1;-1
;ServiceLog;md;1425398719804;unknown;unknown;1;-1;-1;-1;-1;-1;-1
;ServiceLog;md;1425398720842;unknown;unknown;1;-1;-1;-1;-1;-1;-1
;ServiceLog;md;1425398721919;unknown;unknown;1;-1;-1;-1;-1;-1;-1
;ServiceLog;md;1425398722949;unknown;unknown;1;-1;-1;-1;-1;-1;-1
;ServiceLog;md;1425398723968;unknown;unknown;1;-1;-1;-1;-1;-1;-1
;ServiceLog;md;1425398724995;unknown;unknown;1;-1;-1;-1;-1;-1;-1
;ServiceLog;md;1425398726009;unknown;unknown;1;-1;-1;-1;-1;-1;-1
;ServiceLog;md;1425398727026;unknown;unknown;1;-1;-1;-1;-1;-1;-1
;ServiceLog;md;1425398728040;unknown;unknown;1;-1;-1;-1;-1;-1;-1
;ServiceLog;md;1425398729054;unknown;unknown;1;-1;-1;-1;-1;-1;-1
;ServiceLog;md;1425398730066;unknown;unknown;1;-1;-1;-1;-1;-1;-1
;ServiceLog;md;1425398731085;unknown;unknown;1;-1;-1;-1;-1;-1;-1
;ServiceLog;md;1425398732102;unknown;unknown;1;-1;-1;-1;-1;-1;-1
;ServiceLog;md;1425398733117;unknown;unknown;1;-1;-1;-1;-1;-1;-1
;ServiceLog;md;1425398734138;unknown;unknown;1;-1;-1;-1;-1;-1;-1
;ServiceLog;md;1425398735164;unknown;unknown;1;-1;-1;-1;-1;-1;-1
;ServiceLog;md;1425398736192;unknown;unknown;1;-1;-1;-1;-1;-1;-1
;ServiceLog;md;1425398737215;unknown;unknown;1;-1;-1;-1;-1;-1;-1
;ServiceLog;md;1425398738256;unknown;unknown;1;-1;-1;-1;-1;-1;-1
;ServiceLog;md;1425398739288;unknown;unknown;1;-1;-1;-1;-1;-1;-1
;ServiceLog;md;1425398740322;unknown;unknown;1;-1;-1;-1;-1;-1;-1
;ServiceLog;md;1425398741340;unknown;unknown;1;-1;-1;-1;-1;-1;-1
;ServiceLog;md;1425398742373;unknown;unknown;1;-1;-1;-1;-1;-1;-1
;ServiceLog;md;1425398743407;unknown;unknown;1;-1;-1;-1;-1;-1;-1
;ServiceLog;md;1425398744498;unknown;unknown;1;-1;-1;-1;-1;-1;-1
;ServiceLog;md;1425398745535;unknown;unknown;1;-1;-1;-1;-1;-1;-1
;ServiceLog;md;1425398746553;unknown;unknown;1;-1;-1;-1;-1;-1;-1
;ServiceLog;md;1425398747611;unknown;unknown;1;-1;-1;-1;-1;-1;-1
;ServiceLog;md;1425398748649;unknown;unknown;1;-1;-1;-1;-1;-1;-1
;ServiceLog;md;1425398749701;unknown;unknown;1;-1;-1;-1;-1;-1;-1
;ServiceLog;md;1425398750730;unknown;unknown;1;-1;-1;-1;-1;-1;-1
;ServiceLog;md;1425398751750;unknown;unknown;1;-1;-1;-1;-1;-1;-1
;ServiceLog;md;1425398752792;unknown;unknown;1;-1;-1;-1;-1;-1;-1
;ServiceLog;md;1425398753834;unknown;unknown;1;-1;-1;-1;-1;-1;-1
;ServiceLog;md;1425398754922;unknown;unknown;1;-1;-1;-1;-1;-1;-1
;ServiceLog;md;1425398755941;unknown;unknown;1;-1;-1;-1;-1;-1;-1
;ServiceLog;md;1425398756954;unknown;unknown;1;-1;-1;-1;-1;-1;-1
;ServiceLog;md;1425398757973;unknown;unknown;1;-1;-1;-1;-1;-1;-1
;ServiceLog;md;1425398758988;unknown;unknown;1;-1;-1;-1;-1;-1;-1
;ServiceLog;md;1425398760004;unknown;unknown;1;-1;-1;-1;-1;-1;-1
;ServiceLog;md;1425398761036;unknown;unknown;1;-1;-1;-1;-1;-1;-1
;ServiceLog;md;1425398762050;unknown;unknown;1;-1;-1;-1;-1;-1;-1
;ServiceLog;md;1425398763068;unknown;unknown;1;-1;-1;-1;-1;-1;-1
;ServiceLog;md;1425398764088;unknown;unknown;1;-1;-1;-1;-1;-1;-1
;ServiceLog;md;1425398765106;unknown;unknown;1;-1;-1;-1;-1;-1;-1
;ServiceLog;md;1425398766120;unknown;unknown;1;-1;-1;-1;-1;-1;-1
;ServiceLog;md;1425398767136;unknown;unknown;1;-1;-1;-1;-1;-1;-1
;ServiceLog;md;1425398768163;unknown;unknown;1;-1;-1;-1;-1;-1;-1
;ServiceLog;md;1425398769188;unknown;unknown;1;-1;-1;-1;-1;-1;-1
;ServiceLog;md;1425398770222;unknown;unknown;1;-1;-1;-1;-1;-1;-1
;ServiceLog;md;1425398771257;unknown;unknown;1;-1;-1;-1;-1;-1;-1
;ServiceLog;md;1425398772295;unknown;unknown;1;-1;-1;-1;-1;-1;-1
;ServiceLog;md;1425398773337;unknown;unknown;1;-1;-1;-1;-1;-1;-1
;ServiceLog;md;1425398774369;unknown;unknown;1;-1;-1;-1;-1;-1;-1
;ServiceLog;md;1425398775404;unknown;unknown;1;-1;-1;-1;-1;-1;-1
;ServiceLog;md;1425398776441;unknown;unknown;1;-1;-1;-1;-1;-1;-1
;ServiceLog;md;1425398777475;unknown;unknown;1;-1;-1;-1;-1;-1;-1
;ServiceLog;md;1425398778514;unknown;unknown;1;-1;-1;-1;-1;-1;-1
;ServiceLog;md;1425398779548;unknown;unknown;1;-1;-1;-1;-1;-1;-1
;ServiceLog;md;1425398780589;unknown;unknown;1;-1;-1;-1;-1;-1;-1
;ServiceLog;md;1425398781627;unknown;unknown;1;-1;-1;-1;-1;-1;-1
;ServiceLog;md;1425398782669;unknown;unknown;1;-1;-1;-1;-1;-1;-1
;ServiceLog;md;1425398783702;unknown;unknown;1;-1;-1;-1;-1;-1;-1
;ServiceLog;md;1425398784737;unknown;unknown;1;-1;-1;-1;-1;-1;-1
;ServiceLog;md;1425398785772;unknown;unknown;1;-1;-1;-1;-1;-1;-1
;ServiceLog;md;1425398786812;unknown;unknown;1;-1;-1;-1;-1;-1;-1
;ServiceLog;md;1425398787853;unknown;unknown;1;-1;-1;-1;-1;-1;-1
;ServiceLog;md;1425398788931;unknown;unknown;1;-1;-1;-1;-1;-1;-1
;ServiceLog;md;1425398789948;unknown;unknown;1;-1;-1;-1;-1;-1;-1
;ServiceLog;md;1425398790962;unknown;unknown;1;-1;-1;-1;-1;-1;-1
;ServiceLog;md;1425398791980;unknown;unknown;1;-1;-1;-1;-1;-1;-1
;ServiceLog;md;1425398793001;unknown;unknown;1;-1;-1;-1;-1;-1;-1
;ServiceLog;md;1425398794016;unknown;unknown;1;-1;-1;-1;-1;-1;-1
;ServiceLog;md;1425398795030;unknown;unknown;1;-1;-1;-1;-1;-1;-1
;ServiceLog;md;1425398796048;unknown;unknown;1;-1;-1;-1;-1;-1;-1
;ServiceLog;md;1425398797064;unknown;unknown;1;-1;-1;-1;-1;-1;-1
;ServiceLog;md;1425398798078;unknown;unknown;1;-1;-1;-1;-1;-1;-1
;ServiceLog;md;1425398799091;unknown;unknown;1;-1;-1;-1;-1;-1;-1
;ServiceLog;md;1425398800109;unknown;unknown;1;-1;-1;-1;-1;-1;-1
;ServiceLog;md;1425398801124;unknown;unknown;1;-1;-1;-1;-1;-1;-1
;ServiceLog;md;1425398802152;unknown;unknown;1;-1;-1;-1;-1;-1;-1
;ServiceLog;md;1425398803168;unknown;unknown;1;-1;-1;-1;-1;-1;-1
;ServiceLog;md;1425398804193;unknown;unknown;1;-1;-1;-1;-1;-1;-1
;ServiceLog;md;1425398805215;unknown;unknown;1;-1;-1;-1;-1;-1;-1
;ServiceLog;md;1425398806247;unknown;unknown;1;-1;-1;-1;-1;-1;-1
;ServiceLog;md;1425398807350;unknown;unknown;1;-1;-1;-1;-1;-1;-1
;ServiceLog;md;1425398808394;unknown;unknown;1;-1;-1;-1;-1;-1;-1
;ServiceLog;md;1425398809426;unknown;unknown;1;-1;-1;-1;-1;-1;-1
;ServiceLog;md;1425398810467;unknown;unknown;1;-1;-1;-1;-1;-1;-1
;ServiceLog;md;1425398811503;unknown;unknown;1;-1;-1;-1;-1;-1;-1
;ServiceLog;md;1425398812555;unknown;unknown;1;-1;-1;-1;-1;-1;-1
;ServiceLog;md;1425398813571;unknown;unknown;1;-1;-1;-1;-1;-1;-1
;ServiceLog;md;1425398814590;unknown;unknown;1;-1;-1;-1;-1;-1;-1
;ServiceLog;md;1425398815625;unknown;unknown;1;-1;-1;-1;-1;-1;-1
;ServiceLog;md;1425398816689;unknown;unknown;1;-1;-1;-1;-1;-1;-1
;ServiceLog;md;1425398817722;unknown;unknown;1;-1;-1;-1;-1;-1;-1
;ServiceLog;md;1425398818738;unknown;unknown;1;-1;-1;-1;-1;-1;-1
;ServiceLog;md;1425398819754;unknown;unknown;1;-1;-1;-1;-1;-1;-1
;ServiceLog;md;1425398820805;unknown;unknown;1;-1;-1;-1;-1;-1;-1
;ServiceLog;md;1425398821851;unknown;unknown;1;-1;-1;-1;-1;-1;-1
;ServiceLog;md;1425398822944;unknown;unknown;1;-1;-1;-1;-1;-1;-1
;ServiceLog;md;1425398823962;unknown;unknown;1;-1;-1;-1;-1;-1;-1
;ServiceLog;md;1425398824978;unknown;unknown;1;-1;-1;-1;-1;-1;-1
;ServiceLog;md;1425398825999;unknown;unknown;1;-1;-1;-1;-1;-1;-1
;ServiceLog;md;1425398827022;unknown;unknown;1;-1;-1;-1;-1;-1;-1
;ServiceLog;md;1425398828038;unknown;unknown;1;-1;-1;-1;-1;-1;-1
;ServiceLog;md;1425398829058;unknown;unknown;1;-1;-1;-1;-1;-1;-1
;ServiceLog;md;1425398830090;unknown;unknown;1;-1;-1;-1;-1;-1;-1
;ServiceLog;md;1425398831122;unknown;unknown;1;-1;-1;-1;-1;-1;-1
;ServiceLog;md;1425398832142;unknown;unknown;1;-1;-1;-1;-1;-1;-1
;ServiceLog;md;1425398833167;unknown;unknown;1;-1;-1;-1;-1;-1;-1
;ServiceLog;md;1425398834182;unknown;unknown;1;-1;-1;-1;-1;-1;-1
;ServiceLog;md;1425398835216;unknown;unknown;1;-1;-1;-1;-1;-1;-1
;ServiceLog;md;1425398836247;unknown;unknown;1;-1;-1;-1;-1;-1;-1
;ServiceLog;md;1425398837287;unknown;unknown;1;-1;-1;-1;-1;-1;-1
;ServiceLog;md;1425398838312;unknown;unknown;1;-1;-1;-1;-1;-1;-1
;ServiceLog;md;1425398839344;unknown;unknown;1;-1;-1;-1;-1;-1;-1
;ServiceLog;md;1425398840384;unknown;unknown;1;-1;-1;-1;-1;-1;-1
;ServiceLog;md;1425398841419;unknown;unknown;1;-1;-1;-1;-1;-1;-1
;ServiceLog;md;1425398842452;unknown;unknown;1;-1;-1;-1;-1;-1;-1
;ServiceLog;md;1425398843482;unknown;unknown;1;-1;-1;-1;-1;-1;-1
;ServiceLog;md;1425398844513;unknown;unknown;1;-1;-1;-1;-1;-1;-1
;ServiceLog;md;1425398845554;unknown;unknown;1;-1;-1;-1;-1;-1;-1
;ServiceLog;md;1425398846586;unknown;unknown;1;-1;-1;-1;-1;-1;-1
;ServiceLog;md;1425398847643;unknown;unknown;1;-1;-1;-1;-1;-1;-1
;ServiceLog;md;1425398849246;unknown;unknown;1;-1;-1;-1;-1;-1;-1
;ServiceLog;md;1425398850280;unknown;unknown;1;-1;-1;-1;-1;-1;-1
;ServiceLog;md;1425398851294;unknown;unknown;1;-1;-1;-1;-1;-1;-1
;ServiceLog;md;1425398852357;unknown;unknown;1;-1;-1;-1;-1;-1;-1
;ServiceLog;md;1425398853507;unknown;unknown;1;-1;-1;-1;-1;-1;-1
;ServiceLog;md;1425398855069;unknown;unknown;1;-1;-1;-1;-1;-1;-1
;ServiceLog;md;1425398856091;unknown;unknown;1;-1;-1;-1;-1;-1;-1
;ServiceLog;md;1425398857117;unknown;unknown;1;-1;-1;-1;-1;-1;-1
;ServiceLog;md;1425398858206;unknown;unknown;1;-1;-1;-1;-1;-1;-1
;ServiceLog;md;1425398859224;unknown;unknown;1;-1;-1;-1;-1;-1;-1
;ServiceLog;md;1425398860401;unknown;unknown;1;-1;-1;-1;-1;-1;-1
;ServiceLog;md;1425398861426;unknown;unknown;1;-1;-1;-1;-1;-1;-1
;ServiceLog;md;1425398862439;unknown;unknown;1;-1;-1;-1;-1;-1;-1
;ServiceLog;md;1425398863454;unknown;unknown;1;-1;-1;-1;-1;-1;-1
;ServiceLog;md;1425398864469;unknown;unknown;1;-1;-1;-1;-1;-1;-1
;ServiceLog;md;1425398865490;unknown;unknown;1;-1;-1;-1;-1;-1;-1
;ServiceLog;md;1425398866509;unknown;unknown;1;-1;-1;-1;-1;-1;-1
;ServiceLog;md;1425398867542;unknown;unknown;1;-1;-1;-1;-1;-1;-1
;ServiceLog;md;1425398868559;unknown;unknown;1;-1;-1;-1;-1;-1;-1
;ServiceLog;md;1425398869606;unknown;unknown;1;-1;-1;-1;-1;-1;-1
;ServiceLog;md;1425398870636;unknown;unknown;1;-1;-1;-1;-1;-1;-1
;ServiceLog;md;1425398871821;unknown;unknown;1;-1;-1;-1;-1;-1;-1
;ServiceLog;md;1425398872841;unknown;unknown;1;-1;-1;-1;-1;-1;-1
;ServiceLog;md;1425398874427;unknown;unknown;1;-1;-1;-1;-1;-1;-1
;ServiceLog;md;1425398875451;unknown;unknown;1;-1;-1;-1;-1;-1;-1
;ServiceLog;md;1425398876477;3G;UMTS;1;250;1;660;6899757;-1;-77
;ServiceLog;md;1425398877501;3G;UMTS;1;250;1;660;6899757;-1;-79
;ServiceLog;md;1425398878549;3G;UMTS;1;250;1;660;6894461;-1;-79
;ServiceLog;md;1425398879577;3G;UMTS;1;250;1;660;6894461;-1;-79
;ServiceLog;md;1425398880612;3G;UMTS;1;250;1;660;6894461;-1;-79
;ServiceLog;md;1425398881637;3G;UMTS;1;250;1;660;6894461;-1;-79
;ServiceLog;md;1425398882672;3G;UMTS;1;250;1;660;6894461;-1;-79
;ServiceLog;md;1425398883711;3G;UMTS;1;250;1;660;6894461;-1;-81
;ServiceLog;md;1425398884730;3G;UMTS;1;250;1;660;6894461;-1;-81
;ServiceLog;md;1425398885779;3G;UMTS;1;250;1;660;6894461;-1;-81
;ServiceLog;md;1425398886814;3G;UMTS;1;250;1;660;6905494;-1;-81
;ServiceLog;md;1425398887827;3G;UMTS;1;250;1;660;6905494;-1;-81
;ServiceLog;md;1425398888940;3G;UMTS;1;250;1;660;6905494;-1;-81
;ServiceLog;md;1425398889971;3G;UMTS;1;250;1;660;6905494;-1;-81
;ServiceLog;md;1425398891068;3G;UMTS;1;250;1;660;6905494;-1;-81
;ServiceLog;md;1425398892108;3G;UMTS;1;250;1;660;6905494;-1;-81
;ServiceLog;md;1425398893127;3G;UMTS;1;250;1;660;6905494;-1;-81
;ServiceLog;md;1425398894252;3G;UMTS;1;250;1;660;6905494;-1;-81
;ServiceLog;md;1425398895294;3G;UMTS;1;250;1;660;6905494;-1;-81
;ServiceLog;md;1425398896325;3G;UMTS;1;250;1;660;6905494;-1;-81
;ServiceLog;md;1425398897359;3G;UMTS;1;250;1;660;6905494;-1;-81
;ServiceLog;md;1425398898403;3G;UMTS;1;250;1;660;6905494;-1;-81
;ServiceLog;md;1425398899440;3G;UMTS;1;250;1;660;6905494;-1;-81
;ServiceLog;md;1425398900489;3G;UMTS;1;250;1;660;6905494;-1;-81
;ServiceLog;md;1425398901593;3G;UMTS;1;250;1;660;6905494;-1;-81
;ServiceLog;md;1425398902628;3G;UMTS;1;250;1;660;6905494;-1;-81
;ServiceLog;md;1425398903660;3G;UMTS;1;250;1;660;6905494;-1;-81
;ServiceLog;md;1425398904693;3G;UMTS;1;250;1;660;6905494;-1;-81
;ServiceLog;md;1425398905732;3G;UMTS;1;250;1;660;6905494;-1;-81
;ServiceLog;md;1425398906784;3G;UMTS;1;250;1;660;6905494;-1;-81
;ServiceLog;md;1425398907818;3G;UMTS;1;250;1;660;6905494;-1;-81
;ServiceLog;md;1425398908835;3G;UMTS;1;250;1;660;6905494;-1;-81
;ServiceLog;md;1425398910041;unknown;unknown;1;-1;-1;-1;-1;-1;-1
;ServiceLog;md;1425398911056;unknown;unknown;1;-1;-1;-1;-1;-1;-1
;ServiceLog;md;1425398912070;unknown;unknown;1;-1;-1;-1;-1;-1;-1
;ServiceLog;md;1425398913084;unknown;unknown;1;-1;-1;-1;-1;-1;-1
;ServiceLog;md;1425398914101;unknown;unknown;1;-1;-1;-1;-1;-1;-1
;ServiceLog;md;1425398915125;unknown;unknown;1;-1;-1;-1;-1;-1;-1
;ServiceLog;md;1425398916139;unknown;unknown;1;-1;-1;-1;-1;-1;-1
;ServiceLog;md;1425398917180;unknown;unknown;1;-1;-1;-1;-1;-1;-1
;ServiceLog;md;1425398918198;unknown;unknown;1;-1;-1;-1;-1;-1;-1
;ServiceLog;md;1425398919235;unknown;unknown;1;-1;-1;-1;-1;-1;-1
;ServiceLog;md;1425398920272;unknown;unknown;1;-1;-1;-1;-1;-1;-1
;ServiceLog;md;1425398921311;unknown;unknown;1;-1;-1;-1;-1;-1;-1
;ServiceLog;md;1425398922348;unknown;unknown;1;-1;-1;-1;-1;-1;-1
;ServiceLog;md;1425398923374;unknown;unknown;1;-1;-1;-1;-1;-1;-1
;ServiceLog;md;1425398924392;unknown;unknown;1;-1;-1;-1;-1;-1;-1
;ServiceLog;md;1425398925428;unknown;unknown;1;-1;-1;-1;-1;-1;-1
;ServiceLog;md;1425398926461;unknown;unknown;1;-1;-1;-1;-1;-1;-1
;ServiceLog;md;1425398927494;unknown;unknown;1;-1;-1;-1;-1;-1;-1
;ServiceLog;md;1425398928536;unknown;unknown;1;-1;-1;-1;-1;-1;-1
;ServiceLog;md;1425398929552;unknown;unknown;1;-1;-1;-1;-1;-1;-1
;ServiceLog;md;1425398930586;unknown;unknown;1;-1;-1;-1;-1;-1;-1
;ServiceLog;md;1425398931697;unknown;unknown;1;-1;-1;-1;-1;-1;-1
;ServiceLog;md;1425398932718;unknown;unknown;1;-1;-1;-1;-1;-1;-1
;ServiceLog;md;1425398933751;unknown;unknown;1;-1;-1;-1;-1;-1;-1
;ServiceLog;md;1425398934786;unknown;unknown;1;-1;-1;-1;-1;-1;-1
;ServiceLog;md;1425398935821;unknown;unknown;1;-1;-1;-1;-1;-1;-1
;ServiceLog;md;1425398936851;unknown;unknown;1;-1;-1;-1;-1;-1;-1
;ServiceLog;md;1425398937908;unknown;unknown;1;-1;-1;-1;-1;-1;-1
;ServiceLog;md;1425398938958;unknown;unknown;1;-1;-1;-1;-1;-1;-1
;ServiceLog;md;1425398939972;unknown;unknown;1;-1;-1;-1;-1;-1;-1
;ServiceLog;md;1425398940994;unknown;unknown;1;-1;-1;-1;-1;-1;-1
;ServiceLog;md;1425398942008;unknown;unknown;1;-1;-1;-1;-1;-1;-1
;ServiceLog;md;1425398943022;unknown;unknown;1;-1;-1;-1;-1;-1;-1
;ServiceLog;md;1425398944052;unknown;unknown;1;-1;-1;-1;-1;-1;-1
;ServiceLog;md;1425398945074;unknown;unknown;1;-1;-1;-1;-1;-1;-1
;ServiceLog;md;1425398946091;unknown;unknown;1;-1;-1;-1;-1;-1;-1
;ServiceLog;md;1425398947108;unknown;unknown;1;-1;-1;-1;-1;-1;-1
;ServiceLog;md;1425398948130;unknown;unknown;1;-1;-1;-1;-1;-1;-1
;ServiceLog;md;1425398949161;unknown;unknown;1;-1;-1;-1;-1;-1;-1
;ServiceLog;md;1425398950184;unknown;unknown;1;-1;-1;-1;-1;-1;-1
;ServiceLog;md;1425398951209;unknown;unknown;1;-1;-1;-1;-1;-1;-1
;ServiceLog;md;1425398952243;unknown;unknown;1;-1;-1;-1;-1;-1;-1
;ServiceLog;md;1425398953265;unknown;unknown;1;-1;-1;-1;-1;-1;-1
;ServiceLog;md;1425398954300;unknown;unknown;1;-1;-1;-1;-1;-1;-1
;ServiceLog;md;1425398955333;unknown;unknown;1;-1;-1;-1;-1;-1;-1
;ServiceLog;md;1425398956419;unknown;unknown;1;-1;-1;-1;-1;-1;-1
;ServiceLog;md;1425398957447;unknown;unknown;1;-1;-1;-1;-1;-1;-1
;ServiceLog;md;1425398958482;3G;UMTS;1;250;1;660;6899758;-1;-73
;ServiceLog;md;1425398959558;3G;UMTS;1;250;1;660;6899758;-1;-73
;ServiceLog;md;1425398960680;3G;UMTS;1;250;1;660;6899758;-1;-73
;ServiceLog;md;1425398961698;3G;UMTS;1;250;1;660;6899758;-1;-77
;ServiceLog;md;1425398962727;3G;UMTS;1;250;1;660;6899758;-1;-77
;ServiceLog;md;1425398963761;3G;UMTS;1;250;1;660;6899758;-1;-77
;ServiceLog;md;1425398964824;3G;UMTS;1;250;1;660;6899758;-1;-79
;ServiceLog;md;1425398965921;3G;UMTS;1;250;1;660;6899758;-1;-79
;ServiceLog;md;1425398966943;3G;UMTS;1;250;1;660;6899758;-1;-79
;ServiceLog;md;1425398967973;3G;UMTS;1;250;1;660;6899758;-1;-79
;ServiceLog;md;1425398968988;3G;UMTS;1;250;1;660;6899758;-1;-79
;ServiceLog;md;1425398970008;3G;UMTS;1;250;1;660;6899758;-1;-81
;ServiceLog;md;1425398971044;3G;UMTS;1;250;1;660;6899758;-1;-81
;ServiceLog;md;1425398972064;3G;UMTS;1;250;1;660;6899758;-1;-81
;ServiceLog;md;1425398973079;3G;UMTS;1;250;1;660;6899758;-1;-83
;ServiceLog;md;1425398974112;3G;UMTS;1;250;1;660;6899758;-1;-83
;ServiceLog;md;1425398975130;3G;UMTS;1;250;1;660;6899758;-1;-83
;ServiceLog;md;1425398976160;3G;UMTS;1;250;1;660;6899758;-1;-85
;ServiceLog;md;1425398977183;3G;UMTS;1;250;1;660;6945069;-1;-85
;ServiceLog;md;1425398978227;3G;UMTS;1;250;1;660;6945069;-1;-85
;ServiceLog;md;1425398979244;3G;UMTS;1;250;1;660;6945069;-1;-85
;ServiceLog;md;1425398980271;3G;UMTS;1;250;1;660;6945069;-1;-85
;ServiceLog;md;1425398981302;3G;UMTS;1;250;1;660;6945069;-1;-85
;ServiceLog;md;1425398982334;3G;UMTS;1;250;1;660;6945069;-1;-85
