ID;Name;User;TimeStamp;NetworkGen;NetworkType;Active;MCC;MNC;LAC;CID;PSC;Power
313;Новокузнецкая 3;md;1425397741560;3G;UMTS;1;250;1;770;6899767;-1;-85
314;Новокузнецкая 4;md;1425397752748;3G;UMTS;1;250;1;770;6932005;-1;-95
321;Театральная 1;md;1425397880999;unknown;unknown;1;-1;-1;-1;-1;-1;-1
322;Театральная 2;md;1425397895950;unknown;unknown;1;-1;-1;-1;-1;-1;-1
453;Площадь Революции 3;md;1425398176268;3G;UMTS;1;250;1;660;6899747;-1;-87
454;Площадь Революции 4;md;1425398187112;3G;UMTS;1;250;1;660;6945023;-1;-85
441;Арбатская (АПК) 1;md;1425398261796;unknown;unknown;1;-1;-1;-1;-1;-1;-1
442;Арбатская (АПК) 2;md;1425398274634;2G;EDGE;1;250;1;660;451;-1;-79
443;Арбатская (АПК) 3;md;1425398299304;2G;EDGE;1;250;1;660;451;-1;-85
444;Арбатская (АПК) 4;md;1425398310656;3G;UMTS;1;250;1;660;6899757;-1;-69
431;Смоленская (АПК) 1;md;1425398407436;3G;UMTS;1;250;1;660;6905494;-1;-91
432;Смоленская (АПК) 2;md;1425398420945;3G;UMTS;1;250;1;660;6905494;-1;-71
433;Смоленская (АПК) 3;md;1425398876966;3G;UMTS;1;250;1;660;6899757;-1;-79
434;Смоленская (АПК) 4;md;1425398887991;3G;UMTS;1;250;1;660;6905494;-1;-81
421;Киевская (АПК) 1;md;1425398964402;3G;UMTS;1;250;1;660;6899758;-1;-79
422;Киевская (АПК) 2;md;1425398972900;3G;UMTS;1;250;1;660;6899758;-1;-81
