ID;Name;User;TimeStamp;NetworkGen;NetworkType;Active;MCC;MNC;LAC;CID;PSC;Power
353;Белорусская (ЗАМ) 3;md;1424158391104;unknown;unknown;1;-1;-1;-1;-1;-1;-1
354;Белорусская (ЗАМ) 4;md;1424158403612;unknown;unknown;1;-1;-1;-1;-1;-1;-1
341;Маяковская 1;md;1424158461919;unknown;unknown;1;-1;-1;-1;-1;-1;-1
342;Маяковская 2;md;1424158479571;unknown;unknown;1;-1;-1;-1;-1;-1;-1
343;Маяковская 3;md;1424158496793;2G;EDGE;1;250;1;770;383;-1;-83
344;Маяковская 4;md;1424158509548;2G;EDGE;1;250;1;770;383;-1;-71
331;Тверская 1;md;1424158559405;unknown;unknown;1;-1;-1;-1;-1;-1;-1
332;Тверская 2;md;1424158577213;unknown;unknown;1;-1;-1;-1;-1;-1;-1
323;Театральная 3;md;1424158732873;2G;EDGE;1;250;1;770;381;-1;-91
324;Театральная 4;md;1424158746273;2G;EDGE;1;250;1;770;381;-1;-79
311;Новокузнецкая 1;md;1424158867248;unknown;unknown;1;-1;-1;-1;-1;-1;-1
312;Новокузнецкая 2;md;1424158885002;unknown;unknown;1;-1;-1;-1;-1;-1;-1
313;Новокузнецкая 3;md;1424158913713;2G;EDGE;1;250;1;770;11961;-1;-77
314;Новокузнецкая 4;md;1424158926924;2G;EDGE;1;250;1;770;11961;-1;-81
301;Павелецкая (ЗАМ) 1;md;1424159004434;unknown;unknown;1;-1;-1;-1;-1;-1;-1
302;Павелецкая (ЗАМ) 2;md;1424159022406;unknown;unknown;1;-1;-1;-1;-1;-1;-1
303;Павелецкая (ЗАМ) 3;md;1424159069756;2G;EDGE;1;250;1;770;11962;-1;-77
304;Павелецкая (ЗАМ) 4;md;1424159081900;2G;EDGE;1;250;1;770;11962;-1;-73
291;Автозаводская 1;md;1424159262425;unknown;unknown;1;-1;-1;-1;-1;-1;-1
292;Автозаводская 2;md;1424159280416;unknown;unknown;1;-1;-1;-1;-1;-1;-1
293;Автозаводская 3;md;1424159300806;2G;EDGE;1;250;1;770;11963;-1;-77
294;Автозаводская 4;md;1424159312296;2G;EDGE;1;250;1;770;11963;-1;-75
281;Коломенская 1;md;1424159513700;unknown;unknown;1;-1;-1;-1;-1;-1;-1
282;Коломенская 2;md;1424159532913;2G;EDGE;1;250;1;770;493;-1;-85
283;Коломенская 3;md;1424159556511;2G;EDGE;1;250;1;770;493;-1;-83
284;Коломенская 4;md;1424159575064;2G;EDGE;1;250;1;770;493;-1;-83
2261;Каширская (ЗАМ) 1;md;1424159733389;unknown;unknown;1;-1;-1;-1;-1;-1;-1
2262;Каширская (ЗАМ) 2;md;1424159751543;unknown;unknown;1;-1;-1;-1;-1;-1;-1
2263;Каширская (ЗАМ) 3;md;1424159783301;unknown;unknown;1;-1;-1;-1;-1;-1;-1
2264;Каширская (ЗАМ) 4;md;1424159800967;unknown;unknown;1;-1;-1;-1;-1;-1;-1
241;Кантемировская 1;md;1424159952810;unknown;unknown;1;-1;-1;-1;-1;-1;-1
242;Кантемировская 2;md;1424159969983;unknown;unknown;1;-1;-1;-1;-1;-1;-1
243;Кантемировская 3;md;1424159987868;unknown;unknown;1;-1;-1;-1;-1;-1;-1
244;Кантемировская 4;md;1424160005326;unknown;unknown;1;-1;-1;-1;-1;-1;-1
231;Царицыно 1;md;1424160093725;unknown;unknown;1;-1;-1;-1;-1;-1;-1
232;Царицыно 2;md;1424160110463;2G;EDGE;1;250;1;770;492;-1;-79
233;Царицыно 3;md;1424160130231;2G;EDGE;1;250;1;770;492;-1;-87
234;Царицыно 4;md;1424160141373;2G;EDGE;1;250;1;770;492;-1;-87
221;Орехово 1;md;1424160268532;unknown;unknown;1;-1;-1;-1;-1;-1;-1
222;Орехово 2;md;1424160283789;unknown;unknown;1;-1;-1;-1;-1;-1;-1
223;Орехово 3;md;1424160300382;unknown;unknown;1;-1;-1;-1;-1;-1;-1
224;Орехово 4;md;1424160312008;unknown;unknown;1;-1;-1;-1;-1;-1;-1
211;Домодедовская 1;md;1424160395613;unknown;unknown;1;-1;-1;-1;-1;-1;-1
212;Домодедовская 2;md;1424160411578;2G;EDGE;1;250;1;770;491;-1;-69
213;Домодедовская 3;md;1424160431792;2G;EDGE;1;250;1;770;491;-1;-73
214;Домодедовская 4;md;1424160442235;2G;EDGE;1;250;1;770;491;-1;-73
201;Красногвардейская 1;md;1424160521755;unknown;unknown;1;-1;-1;-1;-1;-1;-1
202;Красногвардейская 2;md;1424160539819;2G;EDGE;1;250;1;770;491;-1;-71
203;Красногвардейская 3;md;1424160558615;2G;EDGE;1;250;1;770;491;-1;-75
204;Красногвардейская 4;md;1424160569313;2G;EDGE;1;250;1;770;491;-1;-79
2251;Алма-Атинская 1;md;1424160836516;unknown;unknown;1;-1;-1;-1;-1;-1;-1
2252;Алма-Атинская 2;md;1424160857647;unknown;unknown;1;-1;-1;-1;-1;-1;-1
