ID;Name;User;TimeStamp;NetworkGen;NetworkType;Active;MCC;MNC;LAC;CID;PSC;Power
1383;Цветной бульвар 3;md;1419865062612;3G;UMTS;1;250;1;770;6894481;-1;-81
1384;Цветной бульвар 4;md;1419865072706;3G;UMTS;1;250;1;770;6920216;-1;-85
1391;Чеховская 1;md;1419865131363;2G;EDGE;1;250;1;770;361;-1;-83
1391;Чеховская 1;md;1419865131363;2G;EDGE;250-1-770-361;250;1;770;362;-1;-87
1392;Чеховская 2;md;1419865147067;2G;EDGE;1;250;1;770;361;-1;-87
443;Арбатская (АПК) 3;md;1419865532980;2G;EDGE;1;250;1;660;451;-1;-87
444;Арбатская (АПК) 4;md;1419865543539;2G;EDGE;1;250;1;660;451;-1;-87
431;Смоленская (АПК) 1;md;1419865630667;unknown;unknown;1;-1;-1;-1;-1;-1;-1
432;Смоленская (АПК) 2;md;1419865644914;3G;UMTS;1;250;1;660;6899757;-1;-83
433;Смоленская (АПК) 3;md;1419865670483;unknown;unknown;1;-1;-1;-1;-1;-1;-1
434;Смоленская (АПК) 4;md;1419865680246;unknown;unknown;1;-1;-1;-1;-1;-1;-1
421;Киевская (АПК) 1;md;1419865739018;unknown;unknown;1;-1;-1;-1;-1;-1;-1
422;Киевская (АПК) 2;md;1419865753175;3G;UMTS;1;250;1;660;6899758;-1;-89
