ID;Name;User;TimeStamp;NetworkGen;NetworkType;Active;MCC;MNC;LAC;CID;PSC;Power
1013;Академическая 3;Andrey;1435903861191;2G;EDGE;1;250;2;7736;1020;-1;-65
1014;Академическая 4;Andrey;1435903873064;2G;EDGE;1;250;2;7736;1020;-1;-61
1001;Ленинский проспект 1;Andrey;1435904084849;2G;EDGE;1;250;2;7736;1010;-1;-59
1002;Ленинский проспект 2;Andrey;1435904098981;2G;EDGE;1;250;2;7736;1010;-1;-59
1003;Ленинский проспект 3;Andrey;1435904128716;2G;EDGE;1;250;2;7736;1010;-1;-65
1004;Ленинский проспект 4;Andrey;1435904140353;2G;EDGE;1;250;2;7736;1010;-1;-69
991;Шаболовская 1;Andrey;1435904285308;2G;EDGE;1;250;2;7736;1000;-1;-67
992;Шаболовская 2;Andrey;1435904295011;2G;EDGE;1;250;2;7736;1000;-1;-59
993;Шаболовская 3;Andrey;1435904316539;2G;EDGE;1;250;2;7736;1000;-1;-73
994;Шаболовская 4;Andrey;1435904328351;2G;EDGE;1;250;2;7736;1000;-1;-71
981;Октябрьская (КРЛ) 1;Andrey;1435904394380;2G;EDGE;1;250;2;7736;340;-1;-55
982;Октябрьская (КРЛ) 2;Andrey;1435904403977;2G;EDGE;1;250;2;7736;340;-1;-79
753;Октябрьская (КЛЦ) 3;Andrey;1435904753336;2G;EDGE;1;250;2;7736;341;-1;-79
754;Октябрьская (КЛЦ) 4;Andrey;1435904764829;2G;EDGE;1;250;2;7736;341;-1;-81
741;Добрынинская 1;Andrey;1435904812369;2G;EDGE;1;250;2;7736;350;-1;-51
742;Добрынинская 2;Andrey;1435904824831;2G;EDGE;1;250;2;7736;350;-1;-57
1423;Серпуховская 3;Andrey;1435905026088;2G;EDGE;1;250;2;7736;360;-1;-59
1424;Серпуховская 4;Andrey;1435905040695;2G;EDGE;1;250;2;7736;360;-1;-55
1431;Тульская 1;Andrey;1435905169809;2G;GPRS;1;250;99;7755;1090;-1;-69
1432;Тульская 2;Andrey;1435905177564;2G;EDGE;1;250;2;7755;1090;-1;-67
1433;Тульская 3;Andrey;1435905201776;2G;EDGE;1;250;2;7755;1090;-1;-71
1434;Тульская 4;Andrey;1435905217499;2G;EDGE;1;250;2;7755;1090;-1;-61
1441;Нагатинская 1;Andrey;1435905403633;2G;EDGE;1;250;2;7755;790;-1;-61
1442;Нагатинская 2;Andrey;1435905413750;2G;EDGE;1;250;2;7755;790;-1;-75
1443;Нагатинская 3;Andrey;1435905435481;2G;EDGE;1;250;2;7755;790;-1;-81
1444;Нагатинская 4;Andrey;1435905450556;2G;EDGE;1;250;2;7755;790;-1;-75
1451;Нагорная 1;Andrey;1435905530971;2G;EDGE;1;250;2;7755;1100;-1;-75
1452;Нагорная 2;Andrey;1435905543187;2G;EDGE;1;250;2;7755;1100;-1;-65
1453;Нагорная 3;Andrey;1435905572966;2G;EDGE;1;250;2;7755;1100;-1;-71
1454;Нагорная 4;Andrey;1435905585635;2G;EDGE;1;250;2;7755;1100;-1;-71
1461;Нахимовский проспект 1;Andrey;1435905646577;2G;GPRS;1;250;99;26802;4017;-1;-79
1462;Нахимовский проспект 2;Andrey;1435905656256;2G;GPRS;1;250;99;26802;4017;-1;-79
1463;Нахимовский проспект 3;Andrey;1435905680092;2G;GPRS;1;250;99;26802;4017;-1;-79
1464;Нахимовский проспект 4;Andrey;1435905693717;2G;GPRS;1;250;99;26802;4017;-1;-83
1471;Севастопольская 1;Andrey;1435905761121;2G;GPRS;1;250;99;26802;4016;-1;-61
1472;Севастопольская 2;Andrey;1435905769778;2G;GPRS;1;250;99;26802;4016;-1;-71
263;Каховская 3;Andrey;1435905888254;2G;GPRS;1;250;99;26802;4015;-1;-83
264;Каховская 4;Andrey;1435905900778;2G;GPRS;1;250;99;26802;4015;-1;-75
271;Варшавская 1;Andrey;1435905986465;2G;GPRS;1;250;99;26803;49605;-1;-75
272;Варшавская 2;Andrey;1435906005253;2G;EDGE;1;250;2;7717;1140;-1;-77
273;Варшавская 3;Andrey;1435906031255;2G;EDGE;1;250;2;7717;1140;-1;-85
274;Варшавская 4;Andrey;1435906041026;2G;EDGE;1;250;2;7717;1140;-1;-77
251;Каширская (КХЛ) 1;Andrey;1435906172496;2G;EDGE;1;250;2;7784;1470;-1;-71
252;Каширская (КХЛ) 2;Andrey;1435906188435;2G;EDGE;1;250;2;7784;1470;-1;-81
