ID;Name;User;TimeStamp;NetworkGen;NetworkType;Active;MCC;MNC;LAC;CID;PSC;Power
;ServiceLog;md;1422968930375;unknown;unknown;1;-1;-1;-1;-1;-1;-1
;ServiceLog;md;1422968931447;unknown;unknown;1;-1;-1;-1;-1;-1;-1
;ServiceLog;md;1422968932465;unknown;unknown;1;-1;-1;-1;-1;-1;-1
;ServiceLog;md;1422968933484;unknown;unknown;1;-1;-1;-1;-1;-1;-1
;ServiceLog;md;1422968934532;unknown;unknown;1;-1;-1;-1;-1;-1;-1
;ServiceLog;md;1422968935876;unknown;unknown;1;-1;-1;-1;-1;-1;-1
;ServiceLog;md;1422968936905;unknown;unknown;1;-1;-1;-1;-1;-1;-1
;ServiceLog;md;1422968937935;unknown;unknown;1;-1;-1;-1;-1;-1;-1
;ServiceLog;md;1422968938962;unknown;unknown;1;-1;-1;-1;-1;-1;-1
;ServiceLog;md;1422968940011;unknown;unknown;1;-1;-1;-1;-1;-1;-1
;ServiceLog;md;1422968941069;unknown;unknown;1;-1;-1;-1;-1;-1;-1
;ServiceLog;md;1422968942101;unknown;unknown;1;-1;-1;-1;-1;-1;-1
;ServiceLog;md;1422968943144;unknown;unknown;1;-1;-1;-1;-1;-1;-1
;ServiceLog;md;1422968944177;unknown;unknown;1;-1;-1;-1;-1;-1;-1
;ServiceLog;md;1422968945209;unknown;unknown;1;-1;-1;-1;-1;-1;-1
;ServiceLog;md;1422968946253;unknown;unknown;1;-1;-1;-1;-1;-1;-1
;ServiceLog;md;1422968947299;unknown;unknown;1;-1;-1;-1;-1;-1;-1
;ServiceLog;md;1422968948360;unknown;unknown;1;-1;-1;-1;-1;-1;-1
;ServiceLog;md;1422968949391;unknown;unknown;1;-1;-1;-1;-1;-1;-1
;ServiceLog;md;1422968950430;unknown;unknown;1;-1;-1;-1;-1;-1;-1
;ServiceLog;md;1422968951477;unknown;unknown;1;-1;-1;-1;-1;-1;-1
;ServiceLog;md;1422968952516;unknown;unknown;1;-1;-1;-1;-1;-1;-1
;ServiceLog;md;1422968953558;unknown;unknown;1;-1;-1;-1;-1;-1;-1
;ServiceLog;md;1422968954579;unknown;unknown;1;-1;-1;-1;-1;-1;-1
;ServiceLog;md;1422968955625;unknown;unknown;1;-1;-1;-1;-1;-1;-1
;ServiceLog;md;1422968956665;unknown;unknown;1;-1;-1;-1;-1;-1;-1
;ServiceLog;md;1422968957722;unknown;unknown;1;-1;-1;-1;-1;-1;-1
;ServiceLog;md;1422968958756;unknown;unknown;1;-1;-1;-1;-1;-1;-1
;ServiceLog;md;1422968959774;unknown;unknown;1;-1;-1;-1;-1;-1;-1
;ServiceLog;md;1422968960813;unknown;unknown;1;-1;-1;-1;-1;-1;-1
;ServiceLog;md;1422968961862;unknown;unknown;1;-1;-1;-1;-1;-1;-1
;ServiceLog;md;1422968962902;unknown;unknown;1;-1;-1;-1;-1;-1;-1
;ServiceLog;md;1422968963948;unknown;unknown;1;-1;-1;-1;-1;-1;-1
;ServiceLog;md;1422968964965;unknown;unknown;1;-1;-1;-1;-1;-1;-1
;ServiceLog;md;1422968966018;unknown;unknown;1;-1;-1;-1;-1;-1;-1
;ServiceLog;md;1422968967071;unknown;unknown;1;-1;-1;-1;-1;-1;-1
;ServiceLog;md;1422968968108;unknown;unknown;1;-1;-1;-1;-1;-1;-1
;ServiceLog;md;1422968969148;unknown;unknown;1;-1;-1;-1;-1;-1;-1
;ServiceLog;md;1422968970165;unknown;unknown;1;-1;-1;-1;-1;-1;-1
;ServiceLog;md;1422968971221;unknown;unknown;1;-1;-1;-1;-1;-1;-1
;ServiceLog;md;1422968972269;unknown;unknown;1;-1;-1;-1;-1;-1;-1
;ServiceLog;md;1422968973318;unknown;unknown;1;-1;-1;-1;-1;-1;-1
;ServiceLog;md;1422968974337;unknown;unknown;1;-1;-1;-1;-1;-1;-1
;ServiceLog;md;1422968975356;unknown;unknown;1;-1;-1;-1;-1;-1;-1
;ServiceLog;md;1422968976406;unknown;unknown;1;-1;-1;-1;-1;-1;-1
;ServiceLog;md;1422968977428;unknown;unknown;1;-1;-1;-1;-1;-1;-1
;ServiceLog;md;1422968978471;unknown;unknown;1;-1;-1;-1;-1;-1;-1
;ServiceLog;md;1422968979506;unknown;unknown;1;-1;-1;-1;-1;-1;-1
;ServiceLog;md;1422968980526;unknown;unknown;1;-1;-1;-1;-1;-1;-1
;ServiceLog;md;1422968981549;unknown;unknown;1;-1;-1;-1;-1;-1;-1
;ServiceLog;md;1422968982593;unknown;unknown;1;-1;-1;-1;-1;-1;-1
;ServiceLog;md;1422968983610;unknown;unknown;1;-1;-1;-1;-1;-1;-1
;ServiceLog;md;1422968984622;unknown;unknown;1;-1;-1;-1;-1;-1;-1
;ServiceLog;md;1422968985642;unknown;unknown;1;-1;-1;-1;-1;-1;-1
;ServiceLog;md;1422968986710;unknown;unknown;1;-1;-1;-1;-1;-1;-1
;ServiceLog;md;1422968987769;unknown;unknown;1;-1;-1;-1;-1;-1;-1
;ServiceLog;md;1422968988796;unknown;unknown;1;-1;-1;-1;-1;-1;-1
;ServiceLog;md;1422968989841;unknown;unknown;1;-1;-1;-1;-1;-1;-1
;ServiceLog;md;1422968990858;unknown;unknown;1;-1;-1;-1;-1;-1;-1
;ServiceLog;md;1422968991879;unknown;unknown;1;-1;-1;-1;-1;-1;-1
;ServiceLog;md;1422968992895;unknown;unknown;1;-1;-1;-1;-1;-1;-1
;ServiceLog;md;1422968993938;unknown;unknown;1;-1;-1;-1;-1;-1;-1
;ServiceLog;md;1422968994953;unknown;unknown;1;-1;-1;-1;-1;-1;-1
;ServiceLog;md;1422968995967;unknown;unknown;1;-1;-1;-1;-1;-1;-1
;ServiceLog;md;1422968997005;unknown;unknown;1;-1;-1;-1;-1;-1;-1
;ServiceLog;md;1422968998022;unknown;unknown;1;-1;-1;-1;-1;-1;-1
;ServiceLog;md;1422968999090;unknown;unknown;1;-1;-1;-1;-1;-1;-1
;ServiceLog;md;1422969000107;unknown;unknown;1;-1;-1;-1;-1;-1;-1
;ServiceLog;md;1422969001126;unknown;unknown;1;-1;-1;-1;-1;-1;-1
;ServiceLog;md;1422969002177;unknown;unknown;1;-1;-1;-1;-1;-1;-1
;ServiceLog;md;1422969003220;unknown;unknown;1;-1;-1;-1;-1;-1;-1
;ServiceLog;md;1422969004264;unknown;unknown;1;-1;-1;-1;-1;-1;-1
;ServiceLog;md;1422969005302;unknown;unknown;1;-1;-1;-1;-1;-1;-1
;ServiceLog;md;1422969006319;unknown;unknown;1;-1;-1;-1;-1;-1;-1
;ServiceLog;md;1422969007379;unknown;unknown;1;-1;-1;-1;-1;-1;-1
;ServiceLog;md;1422969008448;unknown;unknown;1;-1;-1;-1;-1;-1;-1
;ServiceLog;md;1422969009520;unknown;unknown;1;-1;-1;-1;-1;-1;-1
;ServiceLog;md;1422969010569;unknown;unknown;1;-1;-1;-1;-1;-1;-1
;ServiceLog;md;1422969011626;unknown;unknown;1;-1;-1;-1;-1;-1;-1
;ServiceLog;md;1422969012669;unknown;unknown;1;-1;-1;-1;-1;-1;-1
;ServiceLog;md;1422969013701;unknown;unknown;1;-1;-1;-1;-1;-1;-1
;ServiceLog;md;1422969014737;unknown;unknown;1;-1;-1;-1;-1;-1;-1
;ServiceLog;md;1422969015777;unknown;unknown;1;-1;-1;-1;-1;-1;-1
;ServiceLog;md;1422969016792;unknown;unknown;1;-1;-1;-1;-1;-1;-1
;ServiceLog;md;1422969017822;unknown;unknown;1;-1;-1;-1;-1;-1;-1
;ServiceLog;md;1422969018860;unknown;unknown;1;-1;-1;-1;-1;-1;-1
;ServiceLog;md;1422969019896;unknown;unknown;1;-1;-1;-1;-1;-1;-1
;ServiceLog;md;1422969020927;unknown;unknown;1;-1;-1;-1;-1;-1;-1
;ServiceLog;md;1422969021941;unknown;unknown;1;-1;-1;-1;-1;-1;-1
;ServiceLog;md;1422969022992;unknown;unknown;1;-1;-1;-1;-1;-1;-1
;ServiceLog;md;1422969024025;unknown;unknown;1;-1;-1;-1;-1;-1;-1
;ServiceLog;md;1422969025059;unknown;unknown;1;-1;-1;-1;-1;-1;-1
;ServiceLog;md;1422969026091;unknown;unknown;1;-1;-1;-1;-1;-1;-1
;ServiceLog;md;1422969027106;unknown;unknown;1;-1;-1;-1;-1;-1;-1
;ServiceLog;md;1422969028143;unknown;unknown;1;-1;-1;-1;-1;-1;-1
;ServiceLog;md;1422969029175;unknown;unknown;1;-1;-1;-1;-1;-1;-1
;ServiceLog;md;1422969030207;unknown;unknown;1;-1;-1;-1;-1;-1;-1
;ServiceLog;md;1422969031240;unknown;unknown;1;-1;-1;-1;-1;-1;-1
;ServiceLog;md;1422969032273;unknown;unknown;1;-1;-1;-1;-1;-1;-1
;ServiceLog;md;1422969033313;unknown;unknown;1;-1;-1;-1;-1;-1;-1
;ServiceLog;md;1422969034350;unknown;unknown;1;-1;-1;-1;-1;-1;-1
;ServiceLog;md;1422969035386;unknown;unknown;1;-1;-1;-1;-1;-1;-1
;ServiceLog;md;1422969036419;unknown;unknown;1;-1;-1;-1;-1;-1;-1
;ServiceLog;md;1422969037434;unknown;unknown;1;-1;-1;-1;-1;-1;-1
;ServiceLog;md;1422969038464;unknown;unknown;1;-1;-1;-1;-1;-1;-1
;ServiceLog;md;1422969039495;unknown;unknown;1;-1;-1;-1;-1;-1;-1
;ServiceLog;md;1422969040526;unknown;unknown;1;-1;-1;-1;-1;-1;-1
;ServiceLog;md;1422969041558;unknown;unknown;1;-1;-1;-1;-1;-1;-1
;ServiceLog;md;1422969042572;unknown;unknown;1;-1;-1;-1;-1;-1;-1
;ServiceLog;md;1422969043606;unknown;unknown;1;-1;-1;-1;-1;-1;-1
;ServiceLog;md;1422969044637;unknown;unknown;1;-1;-1;-1;-1;-1;-1
;ServiceLog;md;1422969045657;unknown;unknown;1;-1;-1;-1;-1;-1;-1
;ServiceLog;md;1422969046689;unknown;unknown;1;-1;-1;-1;-1;-1;-1
;ServiceLog;md;1422969047720;unknown;unknown;1;-1;-1;-1;-1;-1;-1
;ServiceLog;md;1422969048752;unknown;unknown;1;-1;-1;-1;-1;-1;-1
;ServiceLog;md;1422969049785;unknown;unknown;1;-1;-1;-1;-1;-1;-1
;ServiceLog;md;1422969050821;unknown;unknown;1;-1;-1;-1;-1;-1;-1
;ServiceLog;md;1422969051868;unknown;unknown;1;-1;-1;-1;-1;-1;-1
;ServiceLog;md;1422969052884;unknown;unknown;1;-1;-1;-1;-1;-1;-1
;ServiceLog;md;1422969053921;unknown;unknown;1;-1;-1;-1;-1;-1;-1
;ServiceLog;md;1422969054951;unknown;unknown;1;-1;-1;-1;-1;-1;-1
;ServiceLog;md;1422969055982;unknown;unknown;1;-1;-1;-1;-1;-1;-1
;ServiceLog;md;1422969057013;unknown;unknown;1;-1;-1;-1;-1;-1;-1
;ServiceLog;md;1422969058027;unknown;unknown;1;-1;-1;-1;-1;-1;-1
;ServiceLog;md;1422969059061;unknown;unknown;1;-1;-1;-1;-1;-1;-1
;ServiceLog;md;1422969060094;unknown;unknown;1;-1;-1;-1;-1;-1;-1
;ServiceLog;md;1422969061388;unknown;unknown;1;-1;-1;-1;-1;-1;-1
;ServiceLog;md;1422969062419;unknown;unknown;1;-1;-1;-1;-1;-1;-1
;ServiceLog;md;1422969063451;unknown;unknown;1;-1;-1;-1;-1;-1;-1
;ServiceLog;md;1422969064497;unknown;unknown;1;-1;-1;-1;-1;-1;-1
;ServiceLog;md;1422969065526;unknown;unknown;1;-1;-1;-1;-1;-1;-1
;ServiceLog;md;1422969066540;unknown;unknown;1;-1;-1;-1;-1;-1;-1
;ServiceLog;md;1422969067579;unknown;unknown;1;-1;-1;-1;-1;-1;-1
;ServiceLog;md;1422969068611;unknown;unknown;1;-1;-1;-1;-1;-1;-1
;ServiceLog;md;1422969069645;unknown;unknown;1;-1;-1;-1;-1;-1;-1
;ServiceLog;md;1422969070678;unknown;unknown;1;-1;-1;-1;-1;-1;-1
;ServiceLog;md;1422969071711;unknown;unknown;1;-1;-1;-1;-1;-1;-1
;ServiceLog;md;1422969072744;unknown;unknown;1;-1;-1;-1;-1;-1;-1
;ServiceLog;md;1422969073780;unknown;unknown;1;-1;-1;-1;-1;-1;-1
;ServiceLog;md;1422969074810;unknown;unknown;1;-1;-1;-1;-1;-1;-1
;ServiceLog;md;1422969075840;unknown;unknown;1;-1;-1;-1;-1;-1;-1
;ServiceLog;md;1422969076885;unknown;unknown;1;-1;-1;-1;-1;-1;-1
;ServiceLog;md;1422969077917;unknown;unknown;1;-1;-1;-1;-1;-1;-1
;ServiceLog;md;1422969078931;unknown;unknown;1;-1;-1;-1;-1;-1;-1
;ServiceLog;md;1422969079961;unknown;unknown;1;-1;-1;-1;-1;-1;-1
;ServiceLog;md;1422969080974;unknown;unknown;1;-1;-1;-1;-1;-1;-1
;ServiceLog;md;1422969082005;unknown;unknown;1;-1;-1;-1;-1;-1;-1
;ServiceLog;md;1422969083038;unknown;unknown;1;-1;-1;-1;-1;-1;-1
;ServiceLog;md;1422969084071;unknown;unknown;1;-1;-1;-1;-1;-1;-1
;ServiceLog;md;1422969085106;unknown;unknown;1;-1;-1;-1;-1;-1;-1
;ServiceLog;md;1422969086199;unknown;unknown;1;-1;-1;-1;-1;-1;-1
;ServiceLog;md;1422969087242;unknown;unknown;1;-1;-1;-1;-1;-1;-1
;ServiceLog;md;1422969088272;unknown;unknown;1;-1;-1;-1;-1;-1;-1
;ServiceLog;md;1422969089286;unknown;unknown;1;-1;-1;-1;-1;-1;-1
;ServiceLog;md;1422969090320;unknown;unknown;1;-1;-1;-1;-1;-1;-1
;ServiceLog;md;1422969091351;unknown;unknown;1;-1;-1;-1;-1;-1;-1
;ServiceLog;md;1422969092383;unknown;unknown;1;-1;-1;-1;-1;-1;-1
;ServiceLog;md;1422969093429;unknown;unknown;1;-1;-1;-1;-1;-1;-1
;ServiceLog;md;1422969094442;unknown;unknown;1;-1;-1;-1;-1;-1;-1
;ServiceLog;md;1422969095474;unknown;unknown;1;-1;-1;-1;-1;-1;-1
;ServiceLog;md;1422969096509;unknown;unknown;1;-1;-1;-1;-1;-1;-1
;ServiceLog;md;1422969097541;unknown;unknown;1;-1;-1;-1;-1;-1;-1
;ServiceLog;md;1422969098577;unknown;unknown;1;-1;-1;-1;-1;-1;-1
;ServiceLog;md;1422969099617;unknown;unknown;1;-1;-1;-1;-1;-1;-1
;ServiceLog;md;1422969100650;unknown;unknown;1;-1;-1;-1;-1;-1;-1
;ServiceLog;md;1422969101686;unknown;unknown;1;-1;-1;-1;-1;-1;-1
;ServiceLog;md;1422969102716;unknown;unknown;1;-1;-1;-1;-1;-1;-1
;ServiceLog;md;1422969103745;unknown;unknown;1;-1;-1;-1;-1;-1;-1
;ServiceLog;md;1422969104760;unknown;unknown;1;-1;-1;-1;-1;-1;-1
;ServiceLog;md;1422969105797;unknown;unknown;1;-1;-1;-1;-1;-1;-1
;ServiceLog;md;1422969106828;unknown;unknown;1;-1;-1;-1;-1;-1;-1
;ServiceLog;md;1422969107845;unknown;unknown;1;-1;-1;-1;-1;-1;-1
;ServiceLog;md;1422969108879;unknown;unknown;1;-1;-1;-1;-1;-1;-1
;ServiceLog;md;1422969109904;unknown;unknown;1;-1;-1;-1;-1;-1;-1
;ServiceLog;md;1422969110948;unknown;unknown;1;-1;-1;-1;-1;-1;-1
;ServiceLog;md;1422969111981;unknown;unknown;1;-1;-1;-1;-1;-1;-1
;ServiceLog;md;1422969113043;unknown;unknown;1;-1;-1;-1;-1;-1;-1
;ServiceLog;md;1422969114088;unknown;unknown;1;-1;-1;-1;-1;-1;-1
;ServiceLog;md;1422969115103;unknown;unknown;1;-1;-1;-1;-1;-1;-1
;ServiceLog;md;1422969116153;unknown;unknown;1;-1;-1;-1;-1;-1;-1
;ServiceLog;md;1422969117187;unknown;unknown;1;-1;-1;-1;-1;-1;-1
;ServiceLog;md;1422969118232;unknown;unknown;1;-1;-1;-1;-1;-1;-1
;ServiceLog;md;1422969119276;unknown;unknown;1;-1;-1;-1;-1;-1;-1
;ServiceLog;md;1422969120293;unknown;unknown;1;-1;-1;-1;-1;-1;-1
;ServiceLog;md;1422969121310;unknown;unknown;1;-1;-1;-1;-1;-1;-1
;ServiceLog;md;1422969122356;unknown;unknown;1;-1;-1;-1;-1;-1;-1
;ServiceLog;md;1422969123379;unknown;unknown;1;-1;-1;-1;-1;-1;-1
;ServiceLog;md;1422969124397;unknown;unknown;1;-1;-1;-1;-1;-1;-1
;ServiceLog;md;1422969125413;unknown;unknown;1;-1;-1;-1;-1;-1;-1
;ServiceLog;md;1422969126460;unknown;unknown;1;-1;-1;-1;-1;-1;-1
;ServiceLog;md;1422969127512;unknown;unknown;1;-1;-1;-1;-1;-1;-1
;ServiceLog;md;1422969128575;unknown;unknown;1;-1;-1;-1;-1;-1;-1
;ServiceLog;md;1422969129618;unknown;unknown;1;-1;-1;-1;-1;-1;-1
;ServiceLog;md;1422969130634;unknown;unknown;1;-1;-1;-1;-1;-1;-1
;ServiceLog;md;1422969131682;unknown;unknown;1;-1;-1;-1;-1;-1;-1
;ServiceLog;md;1422969132728;unknown;unknown;1;-1;-1;-1;-1;-1;-1
;ServiceLog;md;1422969133769;unknown;unknown;1;-1;-1;-1;-1;-1;-1
;ServiceLog;md;1422969134810;unknown;unknown;1;-1;-1;-1;-1;-1;-1
;ServiceLog;md;1422969135825;unknown;unknown;1;-1;-1;-1;-1;-1;-1
;ServiceLog;md;1422969136894;unknown;unknown;1;-1;-1;-1;-1;-1;-1
;ServiceLog;md;1422969137950;unknown;unknown;1;-1;-1;-1;-1;-1;-1
;ServiceLog;md;1422969138998;unknown;unknown;1;-1;-1;-1;-1;-1;-1
;ServiceLog;md;1422969140040;unknown;unknown;1;-1;-1;-1;-1;-1;-1
;ServiceLog;md;1422969141056;unknown;unknown;1;-1;-1;-1;-1;-1;-1
;ServiceLog;md;1422969142091;unknown;unknown;1;-1;-1;-1;-1;-1;-1
;ServiceLog;md;1422969143169;unknown;unknown;1;-1;-1;-1;-1;-1;-1
;ServiceLog;md;1422969144212;unknown;unknown;1;-1;-1;-1;-1;-1;-1
;ServiceLog;md;1422969145258;unknown;unknown;1;-1;-1;-1;-1;-1;-1
;ServiceLog;md;1422969146272;unknown;unknown;1;-1;-1;-1;-1;-1;-1
;ServiceLog;md;1422969147300;unknown;unknown;1;-1;-1;-1;-1;-1;-1
;ServiceLog;md;1422969148350;unknown;unknown;1;-1;-1;-1;-1;-1;-1
;ServiceLog;md;1422969149402;unknown;unknown;1;-1;-1;-1;-1;-1;-1
;ServiceLog;md;1422969150417;unknown;unknown;1;-1;-1;-1;-1;-1;-1
;ServiceLog;md;1422969151465;unknown;unknown;1;-1;-1;-1;-1;-1;-1
;ServiceLog;md;1422969152517;unknown;unknown;1;-1;-1;-1;-1;-1;-1
;ServiceLog;md;1422969153576;unknown;unknown;1;-1;-1;-1;-1;-1;-1
;ServiceLog;md;1422969154629;unknown;unknown;1;-1;-1;-1;-1;-1;-1
;ServiceLog;md;1422969155671;unknown;unknown;1;-1;-1;-1;-1;-1;-1
;ServiceLog;md;1422969156687;unknown;unknown;1;-1;-1;-1;-1;-1;-1
;ServiceLog;md;1422969157731;unknown;unknown;1;-1;-1;-1;-1;-1;-1
;ServiceLog;md;1422969158765;unknown;unknown;1;-1;-1;-1;-1;-1;-1
;ServiceLog;md;1422969159798;unknown;unknown;1;-1;-1;-1;-1;-1;-1
;ServiceLog;md;1422969160832;unknown;unknown;1;-1;-1;-1;-1;-1;-1
;ServiceLog;md;1422969161894;unknown;unknown;1;-1;-1;-1;-1;-1;-1
;ServiceLog;md;1422969162932;unknown;unknown;1;-1;-1;-1;-1;-1;-1
;ServiceLog;md;1422969163973;unknown;unknown;1;-1;-1;-1;-1;-1;-1
;ServiceLog;md;1422969165002;unknown;unknown;1;-1;-1;-1;-1;-1;-1
;ServiceLog;md;1422969166028;unknown;unknown;1;-1;-1;-1;-1;-1;-1
;ServiceLog;md;1422969167064;unknown;unknown;1;-1;-1;-1;-1;-1;-1
;ServiceLog;md;1422969168129;unknown;unknown;1;-1;-1;-1;-1;-1;-1
;ServiceLog;md;1422969169160;unknown;unknown;1;-1;-1;-1;-1;-1;-1
;ServiceLog;md;1422969170204;unknown;unknown;1;-1;-1;-1;-1;-1;-1
;ServiceLog;md;1422969171243;unknown;unknown;1;-1;-1;-1;-1;-1;-1
;ServiceLog;md;1422969172262;unknown;unknown;1;-1;-1;-1;-1;-1;-1
;ServiceLog;md;1422969173294;unknown;unknown;1;-1;-1;-1;-1;-1;-1
;ServiceLog;md;1422969174323;unknown;unknown;1;-1;-1;-1;-1;-1;-1
;ServiceLog;md;1422969175361;unknown;unknown;1;-1;-1;-1;-1;-1;-1
;ServiceLog;md;1422969176391;unknown;unknown;1;-1;-1;-1;-1;-1;-1
;ServiceLog;md;1422969177403;unknown;unknown;1;-1;-1;-1;-1;-1;-1
;ServiceLog;md;1422969178547;unknown;unknown;1;-1;-1;-1;-1;-1;-1
;ServiceLog;md;1422969179589;unknown;unknown;1;-1;-1;-1;-1;-1;-1
;ServiceLog;md;1422969180632;unknown;unknown;1;-1;-1;-1;-1;-1;-1
;ServiceLog;md;1422969181699;unknown;unknown;1;-1;-1;-1;-1;-1;-1
;ServiceLog;md;1422969182714;unknown;unknown;1;-1;-1;-1;-1;-1;-1
;ServiceLog;md;1422969183729;unknown;unknown;1;-1;-1;-1;-1;-1;-1
;ServiceLog;md;1422969184773;unknown;unknown;1;-1;-1;-1;-1;-1;-1
;ServiceLog;md;1422969185838;unknown;unknown;1;-1;-1;-1;-1;-1;-1
;ServiceLog;md;1422969186905;unknown;unknown;1;-1;-1;-1;-1;-1;-1
;ServiceLog;md;1422969187945;unknown;unknown;1;-1;-1;-1;-1;-1;-1
;ServiceLog;md;1422969189012;unknown;unknown;1;-1;-1;-1;-1;-1;-1
;ServiceLog;md;1422969190037;unknown;unknown;1;-1;-1;-1;-1;-1;-1
;ServiceLog;md;1422969191055;unknown;unknown;1;-1;-1;-1;-1;-1;-1
;ServiceLog;md;1422969192095;unknown;unknown;1;-1;-1;-1;-1;-1;-1
;ServiceLog;md;1422969193126;unknown;unknown;1;-1;-1;-1;-1;-1;-1
;ServiceLog;md;1422969194176;unknown;unknown;1;-1;-1;-1;-1;-1;-1
;ServiceLog;md;1422969195218;unknown;unknown;1;-1;-1;-1;-1;-1;-1
;ServiceLog;md;1422969196258;unknown;unknown;1;-1;-1;-1;-1;-1;-1
;ServiceLog;md;1422969197307;unknown;unknown;1;-1;-1;-1;-1;-1;-1
;ServiceLog;md;1422969198330;unknown;unknown;1;-1;-1;-1;-1;-1;-1
;ServiceLog;md;1422969199400;unknown;unknown;1;-1;-1;-1;-1;-1;-1
;ServiceLog;md;1422969200428;unknown;unknown;1;-1;-1;-1;-1;-1;-1
;ServiceLog;md;1422969201484;unknown;unknown;1;-1;-1;-1;-1;-1;-1
;ServiceLog;md;1422969202519;unknown;unknown;1;-1;-1;-1;-1;-1;-1
;ServiceLog;md;1422969203557;unknown;unknown;1;-1;-1;-1;-1;-1;-1
;ServiceLog;md;1422969204597;unknown;unknown;1;-1;-1;-1;-1;-1;-1
;ServiceLog;md;1422969205637;unknown;unknown;1;-1;-1;-1;-1;-1;-1
;ServiceLog;md;1422969206682;unknown;unknown;1;-1;-1;-1;-1;-1;-1
;ServiceLog;md;1422969207697;unknown;unknown;1;-1;-1;-1;-1;-1;-1
;ServiceLog;md;1422969208728;unknown;unknown;1;-1;-1;-1;-1;-1;-1
;ServiceLog;md;1422969209759;unknown;unknown;1;-1;-1;-1;-1;-1;-1
;ServiceLog;md;1422969210793;unknown;unknown;1;-1;-1;-1;-1;-1;-1
;ServiceLog;md;1422969211823;unknown;unknown;1;-1;-1;-1;-1;-1;-1
;ServiceLog;md;1422969212853;unknown;unknown;1;-1;-1;-1;-1;-1;-1
;ServiceLog;md;1422969213882;unknown;unknown;1;-1;-1;-1;-1;-1;-1
;ServiceLog;md;1422969214915;unknown;unknown;1;-1;-1;-1;-1;-1;-1
;ServiceLog;md;1422969215945;unknown;unknown;1;-1;-1;-1;-1;-1;-1
;ServiceLog;md;1422969216980;unknown;unknown;1;-1;-1;-1;-1;-1;-1
;ServiceLog;md;1422969218016;unknown;unknown;1;-1;-1;-1;-1;-1;-1
;ServiceLog;md;1422969219045;unknown;unknown;1;-1;-1;-1;-1;-1;-1
;ServiceLog;md;1422969220074;unknown;unknown;1;-1;-1;-1;-1;-1;-1
;ServiceLog;md;1422969221085;unknown;unknown;1;-1;-1;-1;-1;-1;-1
;ServiceLog;md;1422969222099;unknown;unknown;1;-1;-1;-1;-1;-1;-1
;ServiceLog;md;1422969223138;unknown;unknown;1;-1;-1;-1;-1;-1;-1
;ServiceLog;md;1422969224190;unknown;unknown;1;-1;-1;-1;-1;-1;-1
;ServiceLog;md;1422969225223;unknown;unknown;1;-1;-1;-1;-1;-1;-1
;ServiceLog;md;1422969226261;unknown;unknown;1;-1;-1;-1;-1;-1;-1
;ServiceLog;md;1422969227292;unknown;unknown;1;-1;-1;-1;-1;-1;-1
;ServiceLog;md;1422969228321;unknown;unknown;1;-1;-1;-1;-1;-1;-1
;ServiceLog;md;1422969229335;unknown;unknown;1;-1;-1;-1;-1;-1;-1
;ServiceLog;md;1422969230370;unknown;unknown;1;-1;-1;-1;-1;-1;-1
;ServiceLog;md;1422969231401;unknown;unknown;1;-1;-1;-1;-1;-1;-1
;ServiceLog;md;1422969232431;unknown;unknown;1;-1;-1;-1;-1;-1;-1
;ServiceLog;md;1422969233461;unknown;unknown;1;-1;-1;-1;-1;-1;-1
;ServiceLog;md;1422969234508;unknown;unknown;1;-1;-1;-1;-1;-1;-1
;ServiceLog;md;1422969235538;unknown;unknown;1;-1;-1;-1;-1;-1;-1
;ServiceLog;md;1422969236570;unknown;unknown;1;-1;-1;-1;-1;-1;-1
;ServiceLog;md;1422969237603;unknown;unknown;1;-1;-1;-1;-1;-1;-1
;ServiceLog;md;1422969238634;unknown;unknown;1;-1;-1;-1;-1;-1;-1
;ServiceLog;md;1422969239666;unknown;unknown;1;-1;-1;-1;-1;-1;-1
;ServiceLog;md;1422969240705;unknown;unknown;1;-1;-1;-1;-1;-1;-1
;ServiceLog;md;1422969241739;unknown;unknown;1;-1;-1;-1;-1;-1;-1
;ServiceLog;md;1422969242772;unknown;unknown;1;-1;-1;-1;-1;-1;-1
;ServiceLog;md;1422969243807;unknown;unknown;1;-1;-1;-1;-1;-1;-1
;ServiceLog;md;1422969244841;unknown;unknown;1;-1;-1;-1;-1;-1;-1
;ServiceLog;md;1422969245871;unknown;unknown;1;-1;-1;-1;-1;-1;-1
;ServiceLog;md;1422969246902;unknown;unknown;1;-1;-1;-1;-1;-1;-1
;ServiceLog;md;1422969247932;unknown;unknown;1;-1;-1;-1;-1;-1;-1
;ServiceLog;md;1422969248963;unknown;unknown;1;-1;-1;-1;-1;-1;-1
;ServiceLog;md;1422969249995;unknown;unknown;1;-1;-1;-1;-1;-1;-1
;ServiceLog;md;1422969251032;unknown;unknown;1;-1;-1;-1;-1;-1;-1
;ServiceLog;md;1422969252068;unknown;unknown;1;-1;-1;-1;-1;-1;-1
;ServiceLog;md;1422969253101;unknown;unknown;1;-1;-1;-1;-1;-1;-1
;ServiceLog;md;1422969254130;unknown;unknown;1;-1;-1;-1;-1;-1;-1
;ServiceLog;md;1422969255162;unknown;unknown;1;-1;-1;-1;-1;-1;-1
;ServiceLog;md;1422969256193;unknown;unknown;1;-1;-1;-1;-1;-1;-1
;ServiceLog;md;1422969257237;unknown;unknown;1;-1;-1;-1;-1;-1;-1
;ServiceLog;md;1422969258266;unknown;unknown;1;-1;-1;-1;-1;-1;-1
;ServiceLog;md;1422969259283;unknown;unknown;1;-1;-1;-1;-1;-1;-1
;ServiceLog;md;1422969260314;unknown;unknown;1;-1;-1;-1;-1;-1;-1
;ServiceLog;md;1422969261348;unknown;unknown;1;-1;-1;-1;-1;-1;-1
;ServiceLog;md;1422969262379;unknown;unknown;1;-1;-1;-1;-1;-1;-1
;ServiceLog;md;1422969263392;unknown;unknown;1;-1;-1;-1;-1;-1;-1
;ServiceLog;md;1422969264422;unknown;unknown;1;-1;-1;-1;-1;-1;-1
;ServiceLog;md;1422969265456;unknown;unknown;1;-1;-1;-1;-1;-1;-1
;ServiceLog;md;1422969266490;unknown;unknown;1;-1;-1;-1;-1;-1;-1
;ServiceLog;md;1422969267521;unknown;unknown;1;-1;-1;-1;-1;-1;-1
;ServiceLog;md;1422969268573;unknown;unknown;1;-1;-1;-1;-1;-1;-1
;ServiceLog;md;1422969269612;unknown;unknown;1;-1;-1;-1;-1;-1;-1
;ServiceLog;md;1422969270688;unknown;unknown;1;-1;-1;-1;-1;-1;-1
;ServiceLog;md;1422969271735;unknown;unknown;1;-1;-1;-1;-1;-1;-1
;ServiceLog;md;1422969272773;unknown;unknown;1;-1;-1;-1;-1;-1;-1
;ServiceLog;md;1422969273817;unknown;unknown;1;-1;-1;-1;-1;-1;-1
;ServiceLog;md;1422969274859;unknown;unknown;1;-1;-1;-1;-1;-1;-1
;ServiceLog;md;1422969275876;unknown;unknown;1;-1;-1;-1;-1;-1;-1
;ServiceLog;md;1422969276926;unknown;unknown;1;-1;-1;-1;-1;-1;-1
;ServiceLog;md;1422969277958;unknown;unknown;1;-1;-1;-1;-1;-1;-1
;ServiceLog;md;1422969279000;unknown;unknown;1;-1;-1;-1;-1;-1;-1
;ServiceLog;md;1422969280053;unknown;unknown;1;-1;-1;-1;-1;-1;-1
;ServiceLog;md;1422969281068;unknown;unknown;1;-1;-1;-1;-1;-1;-1
;ServiceLog;md;1422969282135;unknown;unknown;1;-1;-1;-1;-1;-1;-1
;ServiceLog;md;1422969283188;unknown;unknown;1;-1;-1;-1;-1;-1;-1
;ServiceLog;md;1422969284251;unknown;unknown;1;-1;-1;-1;-1;-1;-1
;ServiceLog;md;1422969285296;unknown;unknown;1;-1;-1;-1;-1;-1;-1
;ServiceLog;md;1422969286343;unknown;unknown;1;-1;-1;-1;-1;-1;-1
;ServiceLog;md;1422969287364;unknown;unknown;1;-1;-1;-1;-1;-1;-1
;ServiceLog;md;1422969288408;unknown;unknown;1;-1;-1;-1;-1;-1;-1
;ServiceLog;md;1422969289458;unknown;unknown;1;-1;-1;-1;-1;-1;-1
;ServiceLog;md;1422969290521;unknown;unknown;1;-1;-1;-1;-1;-1;-1
;ServiceLog;md;1422969291587;unknown;unknown;1;-1;-1;-1;-1;-1;-1
;ServiceLog;md;1422969292625;unknown;unknown;1;-1;-1;-1;-1;-1;-1
;ServiceLog;md;1422969293685;unknown;unknown;1;-1;-1;-1;-1;-1;-1
;ServiceLog;md;1422969294756;unknown;unknown;1;-1;-1;-1;-1;-1;-1
;ServiceLog;md;1422969295807;unknown;unknown;1;-1;-1;-1;-1;-1;-1
;ServiceLog;md;1422969296844;unknown;unknown;1;-1;-1;-1;-1;-1;-1
;ServiceLog;md;1422969297912;unknown;unknown;1;-1;-1;-1;-1;-1;-1
;ServiceLog;md;1422969298983;unknown;unknown;1;-1;-1;-1;-1;-1;-1
;ServiceLog;md;1422969300002;unknown;unknown;1;-1;-1;-1;-1;-1;-1
;ServiceLog;md;1422969301039;unknown;unknown;1;-1;-1;-1;-1;-1;-1
;ServiceLog;md;1422969302982;3G;UMTS;1;250;1;660;6882505;-1;-79
;ServiceLog;md;1422969303996;3G;UMTS;1;250;1;660;6882505;-1;-81
;ServiceLog;md;1422969305023;3G;UMTS;1;250;1;660;6882505;-1;-81
;ServiceLog;md;1422969306624;3G;UMTS;1;250;1;660;6882505;-1;-81
;ServiceLog;md;1422969307649;3G;UMTS;1;250;1;660;6882505;-1;-83
;ServiceLog;md;1422969308683;3G;UMTS;1;250;1;660;6882505;-1;-83
;ServiceLog;md;1422969309700;3G;UMTS;1;250;1;660;6882505;-1;-83
;ServiceLog;md;1422969310722;3G;UMTS;1;250;1;660;6882505;-1;-83
;ServiceLog;md;1422969311739;3G;UMTS;1;250;1;660;6882505;-1;-83
;ServiceLog;md;1422969312763;3G;UMTS;1;250;1;660;6882505;-1;-83
;ServiceLog;md;1422969313792;3G;UMTS;1;250;1;660;6882505;-1;-85
;ServiceLog;md;1422969314812;3G;UMTS;1;250;1;660;6882505;-1;-85
;ServiceLog;md;1422969316393;3G;UMTS;1;250;1;660;6882505;-1;-85
;ServiceLog;md;1422969317566;3G;UMTS;1;250;1;660;6899787;-1;-85
;ServiceLog;md;1422969318580;3G;UMTS;1;250;1;660;6899787;-1;-85
;ServiceLog;md;1422969319596;3G;UMTS;1;250;1;660;6899787;-1;-85
;ServiceLog;md;1422969320615;3G;UMTS;1;250;1;660;6899787;-1;-85
;ServiceLog;md;1422969321655;3G;UMTS;1;250;1;660;6882505;-1;-85
;ServiceLog;md;1422969322675;3G;UMTS;1;250;1;660;6882505;-1;-87
;ServiceLog;md;1422969323692;3G;UMTS;1;250;1;660;6882505;-1;-87
;ServiceLog;md;1422969324720;3G;UMTS;1;250;1;660;6882505;-1;-87
;ServiceLog;md;1422969325743;3G;UMTS;1;250;1;660;6882505;-1;-87
;ServiceLog;md;1422969326797;3G;UMTS;1;250;1;660;6882505;-1;-87
;ServiceLog;md;1422969327817;3G;UMTS;1;250;1;660;6882505;-1;-87
;ServiceLog;md;1422969328838;3G;UMTS;1;250;1;660;6882505;-1;-87
;ServiceLog;md;1422969329881;3G;UMTS;1;250;1;660;6882505;-1;-87
;ServiceLog;md;1422969330899;3G;UMTS;1;250;1;660;6882505;-1;-79
;ServiceLog;md;1422969331926;3G;UMTS;1;250;1;660;6882505;-1;-79
;ServiceLog;md;1422969332943;3G;UMTS;1;250;1;660;6882505;-1;-79
;ServiceLog;md;1422969333974;3G;UMTS;1;250;1;660;6882505;-1;-77
;ServiceLog;md;1422969334990;3G;UMTS;1;250;1;660;6882505;-1;-77
;ServiceLog;md;1422969336005;3G;UMTS;1;250;1;660;6882505;-1;-77
;ServiceLog;md;1422969337020;3G;UMTS;1;250;1;660;6882505;-1;-63
;ServiceLog;md;1422969338034;3G;UMTS;1;250;1;660;6882505;-1;-63
;ServiceLog;md;1422969339076;3G;UMTS;1;250;1;660;6882505;-1;-63
;ServiceLog;md;1422969340119;3G;UMTS;1;250;1;660;6882505;-1;-67
;ServiceLog;md;1422969341147;3G;UMTS;1;250;1;660;6882505;-1;-67
;ServiceLog;md;1422969342210;3G;UMTS;1;250;1;660;6882505;-1;-67
;ServiceLog;md;1422969343230;3G;UMTS;1;250;1;660;6882505;-1;-73
;ServiceLog;md;1422969344245;3G;UMTS;1;250;1;660;6882505;-1;-73
;ServiceLog;md;1422969345269;3G;UMTS;1;250;1;660;6882505;-1;-73
;ServiceLog;md;1422969346283;3G;UMTS;1;250;1;660;6882505;-1;-81
;ServiceLog;md;1422969347334;3G;UMTS;1;250;1;660;6882505;-1;-81
;ServiceLog;md;1422969348376;3G;UMTS;1;250;1;660;6882505;-1;-81
;ServiceLog;md;1422969349423;3G;UMTS;1;250;1;660;6882505;-1;-89
;ServiceLog;md;1422969350437;3G;UMTS;1;250;1;660;6882505;-1;-89
;ServiceLog;md;1422969351452;3G;UMTS;1;250;1;660;6882505;-1;-89
;ServiceLog;md;1422969352465;3G;UMTS;1;250;1;660;6882505;-1;-95
;ServiceLog;md;1422969353481;3G;UMTS;1;250;1;660;6882505;-1;-95
;ServiceLog;md;1422969354526;3G;UMTS;1;250;1;660;6882505;-1;-95
;ServiceLog;md;1422969355583;3G;UMTS;1;250;1;660;6882505;-1;-99
;ServiceLog;md;1422969356627;3G;UMTS;1;250;1;660;6882505;-1;-99
;ServiceLog;md;1422969357663;3G;UMTS;1;250;1;660;6882505;-1;-99
;ServiceLog;md;1422969358727;3G;UMTS;1;250;1;660;6882505;-1;0
;ServiceLog;md;1422969359772;3G;UMTS;1;250;1;660;6882505;-1;0
;ServiceLog;md;1422969360787;3G;UMTS;1;250;1;660;6882505;-1;0
;ServiceLog;md;1422969361822;3G;UMTS;1;250;1;660;6882505;-1;0
;ServiceLog;md;1422969362860;3G;UMTS;1;250;1;660;6882505;-1;0
;ServiceLog;md;1422969363892;3G;UMTS;1;250;1;660;6882505;-1;0
;ServiceLog;md;1422969364927;3G;UMTS;1;250;1;660;6882505;-1;0
;ServiceLog;md;1422969365960;3G;UMTS;1;250;1;660;6882505;-1;0
;ServiceLog;md;1422969366974;3G;UMTS;1;250;1;660;6882505;-1;0
;ServiceLog;md;1422969367987;unknown;unknown;1;-1;-1;-1;-1;-1;-1
;ServiceLog;md;1422969369150;unknown;unknown;1;-1;-1;-1;-1;-1;-1
;ServiceLog;md;1422969370165;unknown;unknown;1;-1;-1;-1;-1;-1;-1
;ServiceLog;md;1422969371208;unknown;unknown;1;-1;-1;-1;-1;-1;-1
;ServiceLog;md;1422969372264;unknown;unknown;1;-1;-1;-1;-1;-1;-1
;ServiceLog;md;1422969373291;unknown;unknown;1;-1;-1;-1;-1;-1;-1
;ServiceLog;md;1422969374323;unknown;unknown;1;-1;-1;-1;-1;-1;-1
;ServiceLog;md;1422969375352;unknown;unknown;1;-1;-1;-1;-1;-1;-1
;ServiceLog;md;1422969376366;unknown;unknown;1;-1;-1;-1;-1;-1;-1
;ServiceLog;md;1422969377405;unknown;unknown;1;-1;-1;-1;-1;-1;-1
;ServiceLog;md;1422969378452;unknown;unknown;1;-1;-1;-1;-1;-1;-1
;ServiceLog;md;1422969379498;unknown;unknown;1;-1;-1;-1;-1;-1;-1
;ServiceLog;md;1422969380543;unknown;unknown;1;-1;-1;-1;-1;-1;-1
;ServiceLog;md;1422969381599;unknown;unknown;1;-1;-1;-1;-1;-1;-1
;ServiceLog;md;1422969382641;unknown;unknown;1;-1;-1;-1;-1;-1;-1
;ServiceLog;md;1422969383672;unknown;unknown;1;-1;-1;-1;-1;-1;-1
;ServiceLog;md;1422969384702;unknown;unknown;1;-1;-1;-1;-1;-1;-1
;ServiceLog;md;1422969385755;unknown;unknown;1;-1;-1;-1;-1;-1;-1
;ServiceLog;md;1422969386771;unknown;unknown;1;-1;-1;-1;-1;-1;-1
;ServiceLog;md;1422969387818;unknown;unknown;1;-1;-1;-1;-1;-1;-1
;ServiceLog;md;1422969388861;unknown;unknown;1;-1;-1;-1;-1;-1;-1
;ServiceLog;md;1422969389915;unknown;unknown;1;-1;-1;-1;-1;-1;-1
;ServiceLog;md;1422969390949;unknown;unknown;1;-1;-1;-1;-1;-1;-1
;ServiceLog;md;1422969391980;unknown;unknown;1;-1;-1;-1;-1;-1;-1
;ServiceLog;md;1422969393011;unknown;unknown;1;-1;-1;-1;-1;-1;-1
;ServiceLog;md;1422969394087;unknown;unknown;1;-1;-1;-1;-1;-1;-1
;ServiceLog;md;1422969395122;unknown;unknown;1;-1;-1;-1;-1;-1;-1
;ServiceLog;md;1422969396169;unknown;unknown;1;-1;-1;-1;-1;-1;-1
;ServiceLog;md;1422969397182;unknown;unknown;1;-1;-1;-1;-1;-1;-1
;ServiceLog;md;1422969398201;unknown;unknown;1;-1;-1;-1;-1;-1;-1
;ServiceLog;md;1422969399250;unknown;unknown;1;-1;-1;-1;-1;-1;-1
;ServiceLog;md;1422969400267;unknown;unknown;1;-1;-1;-1;-1;-1;-1
;ServiceLog;md;1422969401296;unknown;unknown;1;-1;-1;-1;-1;-1;-1
;ServiceLog;md;1422969402309;unknown;unknown;1;-1;-1;-1;-1;-1;-1
;ServiceLog;md;1422969403328;unknown;unknown;1;-1;-1;-1;-1;-1;-1
;ServiceLog;md;1422969404367;unknown;unknown;1;-1;-1;-1;-1;-1;-1
;ServiceLog;md;1422969405385;unknown;unknown;1;-1;-1;-1;-1;-1;-1
;ServiceLog;md;1422969406418;unknown;unknown;1;-1;-1;-1;-1;-1;-1
;ServiceLog;md;1422969407462;unknown;unknown;1;-1;-1;-1;-1;-1;-1
;ServiceLog;md;1422969408500;unknown;unknown;1;-1;-1;-1;-1;-1;-1
;ServiceLog;md;1422969409535;unknown;unknown;1;-1;-1;-1;-1;-1;-1
;ServiceLog;md;1422969410569;unknown;unknown;1;-1;-1;-1;-1;-1;-1
;ServiceLog;md;1422969411598;2G;EDGE;1;250;1;660;43922;-1;-77
;ServiceLog;md;1422969412619;2G;EDGE;1;250;1;660;43922;-1;-77
;ServiceLog;md;1422969413634;2G;EDGE;1;250;1;660;43922;-1;-77
;ServiceLog;md;1422969414678;2G;EDGE;1;250;1;660;43922;-1;-83
;ServiceLog;md;1422969415728;2G;EDGE;1;250;1;660;43922;-1;-83
;ServiceLog;md;1422969416766;2G;EDGE;1;250;1;660;43922;-1;-83
;ServiceLog;md;1422969417805;2G;EDGE;1;250;1;660;43922;-1;-85
;ServiceLog;md;1422969418837;2G;EDGE;1;250;1;660;43922;-1;-85
;ServiceLog;md;1422969419857;2G;EDGE;1;250;1;660;43922;-1;-85
;ServiceLog;md;1422969420893;2G;EDGE;1;250;1;660;43922;-1;-89
;ServiceLog;md;1422969421925;2G;EDGE;1;250;1;660;43922;-1;-89
;ServiceLog;md;1422969422940;2G;EDGE;1;250;1;660;43922;-1;-89
;ServiceLog;md;1422969423975;2G;EDGE;1;250;1;660;43922;-1;-91
;ServiceLog;md;1422969425009;2G;EDGE;1;250;1;660;43922;-1;-91
;ServiceLog;md;1422969426024;2G;EDGE;1;250;1;660;43922;-1;-91
;ServiceLog;md;1422969427060;2G;EDGE;1;250;1;660;43922;-1;-91
;ServiceLog;md;1422969428073;2G;EDGE;1;250;1;660;43922;-1;-91
;ServiceLog;md;1422969429125;2G;EDGE;1;250;1;660;43922;-1;-91
;ServiceLog;md;1422969430149;2G;EDGE;1;250;1;660;43922;-1;-79
;ServiceLog;md;1422969431183;2G;EDGE;1;250;1;660;43922;-1;-79
;ServiceLog;md;1422969432219;2G;EDGE;1;250;1;660;43922;-1;-79
;ServiceLog;md;1422969433270;2G;EDGE;1;250;1;660;43922;-1;-61
;ServiceLog;md;1422969434293;2G;EDGE;1;250;1;660;43922;-1;-61
;ServiceLog;md;1422969435332;2G;EDGE;1;250;1;660;43922;-1;-61
;ServiceLog;md;1422969436370;2G;EDGE;1;250;1;660;43922;-1;-57
;ServiceLog;md;1422969437403;2G;EDGE;1;250;1;660;43922;-1;-57
;ServiceLog;md;1422969438419;2G;EDGE;1;250;1;660;43922;-1;-57
;ServiceLog;md;1422969439458;2G;EDGE;1;250;1;660;43922;-1;-61
;ServiceLog;md;1422969440493;2G;EDGE;1;250;1;660;43922;-1;-61
;ServiceLog;md;1422969441506;2G;EDGE;1;250;1;660;43922;-1;-67
;ServiceLog;md;1422969442520;2G;EDGE;1;250;1;660;43922;-1;-67
;ServiceLog;md;1422969443535;2G;EDGE;1;250;1;660;43922;-1;-67
;ServiceLog;md;1422969444575;2G;EDGE;1;250;1;660;43922;-1;-73
;ServiceLog;md;1422969445614;2G;EDGE;1;250;1;660;43922;-1;-73
;ServiceLog;md;1422969446657;2G;EDGE;1;250;1;660;43922;-1;-73
;ServiceLog;md;1422969447691;2G;EDGE;1;250;1;660;43922;-1;-75
;ServiceLog;md;1422969448729;2G;EDGE;1;250;1;660;43922;-1;-75
;ServiceLog;md;1422969449769;2G;EDGE;1;250;1;660;43922;-1;-75
;ServiceLog;md;1422969450802;2G;EDGE;1;250;1;660;43922;-1;-75
;ServiceLog;md;1422969451839;2G;EDGE;1;250;1;660;43922;-1;-75
;ServiceLog;md;1422969452870;2G;EDGE;1;250;1;660;43922;-1;-75
;ServiceLog;md;1422969453884;2G;EDGE;1;250;1;660;43922;-1;-77
;ServiceLog;md;1422969454920;2G;EDGE;1;250;1;660;43922;-1;-77
;ServiceLog;md;1422969455959;2G;EDGE;1;250;1;660;43922;-1;-77
;ServiceLog;md;1422969456996;2G;EDGE;1;250;1;660;43922;-1;-77
;ServiceLog;md;1422969458037;2G;EDGE;1;250;1;660;43922;-1;-77
;ServiceLog;md;1422969459071;2G;EDGE;1;250;1;660;43922;-1;-77
;ServiceLog;md;1422969460107;2G;EDGE;1;250;1;660;43922;-1;-79
;ServiceLog;md;1422969461140;2G;EDGE;1;250;1;660;43922;-1;-79
;ServiceLog;md;1422969462188;2G;EDGE;1;250;1;660;43922;-1;-79
;ServiceLog;md;1422969463242;2G;EDGE;1;250;1;660;43922;-1;-69
;ServiceLog;md;1422969464258;2G;EDGE;1;250;1;660;43922;-1;-69
;ServiceLog;md;1422969465292;2G;EDGE;1;250;1;660;43922;-1;-69
;ServiceLog;md;1422969466347;2G;EDGE;1;250;1;660;43922;-1;-63
;ServiceLog;md;1422969467385;2G;EDGE;1;250;1;660;43922;-1;-63
;ServiceLog;md;1422969468418;2G;EDGE;1;250;1;660;43922;-1;-63
;ServiceLog;md;1422969469467;2G;EDGE;1;250;1;660;43922;-1;-57
;ServiceLog;md;1422969470506;2G;EDGE;1;250;1;660;43922;-1;-57
;ServiceLog;md;1422969471524;2G;EDGE;1;250;1;660;43922;-1;-57
;ServiceLog;md;1422969472577;2G;EDGE;1;250;1;660;43922;-1;-57
;ServiceLog;md;1422969473639;2G;EDGE;1;250;1;660;43922;-1;-57
;ServiceLog;md;1422969474655;2G;EDGE;1;250;1;660;43922;-1;-59
;ServiceLog;md;1422969475674;2G;EDGE;1;250;1;660;43922;-1;-59
;ServiceLog;md;1422969476710;2G;EDGE;1;250;1;660;43922;-1;-59
;ServiceLog;md;1422969477779;2G;EDGE;1;250;1;660;43922;-1;-61
;ServiceLog;md;1422969478817;2G;EDGE;1;250;1;660;43922;-1;-61
;ServiceLog;md;1422969479835;2G;EDGE;1;250;1;660;43922;-1;-61
;ServiceLog;md;1422969480888;2G;EDGE;1;250;1;660;43922;-1;-63
;ServiceLog;md;1422969481938;2G;EDGE;1;250;1;660;43922;-1;-63
;ServiceLog;md;1422969482978;2G;EDGE;1;250;1;660;43922;-1;-63
;ServiceLog;md;1422969484018;2G;EDGE;1;250;1;660;43922;-1;-65
;ServiceLog;md;1422969485034;2G;EDGE;1;250;1;660;43922;-1;-65
;ServiceLog;md;1422969486052;2G;EDGE;1;250;1;660;43922;-1;-65
;ServiceLog;md;1422969487088;2G;EDGE;1;250;1;660;43922;-1;-65
;ServiceLog;md;1422969488143;2G;EDGE;1;250;1;660;43922;-1;-65
;ServiceLog;md;1422969489178;2G;EDGE;1;250;1;660;43922;-1;-65
;ServiceLog;md;1422969490220;2G;EDGE;1;250;1;660;43922;-1;-67
;ServiceLog;md;1422969491245;2G;EDGE;1;250;1;660;43922;-1;-67
;ServiceLog;md;1422969492663;2G;EDGE;1;250;1;660;43922;-1;-67
;ServiceLog;md;1422969493708;2G;EDGE;1;250;1;660;43922;-1;-67
;ServiceLog;md;1422969494749;2G;EDGE;1;250;1;660;43922;-1;-67
;ServiceLog;md;1422969495802;2G;EDGE;1;250;1;660;43922;-1;-69
;ServiceLog;md;1422969496836;2G;EDGE;1;250;1;660;43922;-1;-69
;ServiceLog;md;1422969497852;2G;EDGE;1;250;1;660;43922;-1;-69
;ServiceLog;md;1422969498870;2G;EDGE;1;250;1;660;43922;-1;-71
;ServiceLog;md;1422969499908;2G;EDGE;1;250;1;660;43922;-1;-71
;ServiceLog;md;1422969500953;2G;EDGE;1;250;1;660;43922;-1;-71
;ServiceLog;md;1422969501986;2G;EDGE;1;250;1;660;43922;-1;-73
;ServiceLog;md;1422969503036;2G;EDGE;1;250;1;660;43922;-1;-73
;ServiceLog;md;1422969504073;2G;EDGE;1;250;1;660;43922;-1;-73
;ServiceLog;md;1422969505126;2G;EDGE;1;250;1;660;43922;-1;-73
;ServiceLog;md;1422969506142;2G;EDGE;1;250;1;660;43922;-1;-73
;ServiceLog;md;1422969507188;2G;EDGE;1;250;1;660;43922;-1;-73
;ServiceLog;md;1422969508247;2G;EDGE;1;250;1;660;43922;-1;-73
;ServiceLog;md;1422969509297;2G;EDGE;1;250;1;660;43922;-1;-73
;ServiceLog;md;1422969510331;2G;EDGE;1;250;1;660;43922;-1;-73
;ServiceLog;md;1422969511352;2G;EDGE;1;250;1;660;43922;-1;-73
;ServiceLog;md;1422969512391;2G;EDGE;1;250;1;660;43922;-1;-73
;ServiceLog;md;1422969513423;2G;EDGE;1;250;1;660;43922;-1;-73
;ServiceLog;md;1422969514441;2G;EDGE;1;250;1;660;43922;-1;-67
;ServiceLog;md;1422969515456;2G;EDGE;1;250;1;660;43922;-1;-67
;ServiceLog;md;1422969516472;2G;EDGE;1;250;1;660;43922;-1;-67
;ServiceLog;md;1422969517571;2G;EDGE;1;250;1;660;43922;-1;-69
;ServiceLog;md;1422969518585;2G;EDGE;1;250;1;660;43922;-1;-69
;ServiceLog;md;1422969519604;2G;EDGE;1;250;1;660;43922;-1;-69
;ServiceLog;md;1422969520625;2G;EDGE;1;250;1;660;43922;-1;-69
;ServiceLog;md;1422969521716;2G;EDGE;1;250;1;660;43922;-1;-69
;ServiceLog;md;1422969522751;2G;EDGE;1;250;1;660;43922;-1;-65
;ServiceLog;md;1422969523784;2G;EDGE;1;250;1;660;43922;-1;-65
;ServiceLog;md;1422969524818;2G;EDGE;1;250;1;660;43922;-1;-65
;ServiceLog;md;1422969525843;2G;EDGE;1;250;1;660;43922;-1;-65
;ServiceLog;md;1422969526869;2G;EDGE;1;250;1;660;43922;-1;-65
;ServiceLog;md;1422969527902;2G;EDGE;1;250;1;660;43922;-1;-65
;ServiceLog;md;1422969528926;2G;EDGE;1;250;1;660;43922;-1;-59
;ServiceLog;md;1422969529958;2G;EDGE;1;250;1;660;43922;-1;-59
;ServiceLog;md;1422969530999;2G;EDGE;1;250;1;660;43922;-1;-59
;ServiceLog;md;1422969532020;2G;EDGE;1;250;1;660;43922;-1;-59
;ServiceLog;md;1422969533053;2G;EDGE;1;250;1;660;43922;-1;-59
;ServiceLog;md;1422969534080;2G;EDGE;1;250;1;660;43922;-1;-59
;ServiceLog;md;1422969535100;2G;EDGE;1;250;1;660;43922;-1;-59
;ServiceLog;md;1422969536119;2G;EDGE;1;250;1;660;43922;-1;-59
;ServiceLog;md;1422969537136;2G;EDGE;1;250;1;660;43922;-1;-59
;ServiceLog;md;1422969538176;2G;EDGE;1;250;1;660;43922;-1;-59
;ServiceLog;md;1422969539294;2G;EDGE;1;250;1;660;43922;-1;-59
;ServiceLog;md;1422969540324;2G;EDGE;1;250;1;660;43922;-1;-59
;ServiceLog;md;1422969541364;2G;EDGE;1;250;1;660;43922;-1;-59
;ServiceLog;md;1422969542387;2G;EDGE;1;250;1;660;43922;-1;-59
;ServiceLog;md;1422969543416;2G;EDGE;1;250;1;660;43922;-1;-59
;ServiceLog;md;1422969544437;2G;EDGE;1;250;1;660;43922;-1;-59
;ServiceLog;md;1422969545480;2G;EDGE;1;250;1;660;43922;-1;-59
;ServiceLog;md;1422969546518;2G;EDGE;1;250;1;660;43922;-1;-59
;ServiceLog;md;1422969547556;2G;EDGE;1;250;1;660;43922;-1;-59
;ServiceLog;md;1422969548602;2G;EDGE;1;250;1;660;43922;-1;-59
;ServiceLog;md;1422969549633;2G;EDGE;1;250;1;660;43922;-1;-59
;ServiceLog;md;1422969550656;2G;EDGE;1;250;1;660;43922;-1;-59
;ServiceLog;md;1422969551685;2G;EDGE;1;250;1;660;43922;-1;-59
;ServiceLog;md;1422969552713;2G;EDGE;1;250;1;660;43922;-1;-59
;ServiceLog;md;1422969553750;2G;EDGE;1;250;1;660;43922;-1;-59
;ServiceLog;md;1422969554788;2G;EDGE;1;250;1;660;43922;-1;-59
;ServiceLog;md;1422969555824;2G;EDGE;1;250;1;660;43922;-1;-59
;ServiceLog;md;1422969556859;2G;EDGE;1;250;1;660;43922;-1;-59
;ServiceLog;md;1422969557897;2G;EDGE;1;250;1;660;43922;-1;-59
;ServiceLog;md;1422969558919;2G;EDGE;1;250;1;660;43922;-1;-59
;ServiceLog;md;1422969559958;2G;EDGE;1;250;1;660;43922;-1;-59
;ServiceLog;md;1422969560992;2G;EDGE;1;250;1;660;43922;-1;-59
;ServiceLog;md;1422969562024;2G;EDGE;1;250;1;660;43922;-1;-59
;ServiceLog;md;1422969563078;2G;EDGE;1;250;1;660;43922;-1;-59
;ServiceLog;md;1422969564126;2G;EDGE;1;250;1;660;43922;-1;-59
;ServiceLog;md;1422969565182;2G;EDGE;1;250;1;660;43922;-1;-59
;ServiceLog;md;1422969566225;2G;EDGE;1;250;1;660;43922;-1;-59
;ServiceLog;md;1422969567267;2G;EDGE;1;250;1;660;43922;-1;-59
;ServiceLog;md;1422969568308;2G;EDGE;1;250;1;660;43922;-1;-59
;ServiceLog;md;1422969569342;2G;EDGE;1;250;1;660;43922;-1;-59
;ServiceLog;md;1422969570378;2G;EDGE;1;250;1;660;43922;-1;-59
;ServiceLog;md;1422969571425;2G;EDGE;1;250;1;660;43922;-1;-59
;ServiceLog;md;1422969572473;2G;EDGE;1;250;1;660;43922;-1;-59
;ServiceLog;md;1422969573522;2G;EDGE;1;250;1;660;43922;-1;-59
;ServiceLog;md;1422969574576;2G;EDGE;1;250;1;660;43922;-1;-59
;ServiceLog;md;1422969575619;2G;EDGE;1;250;1;660;43922;-1;-59
;ServiceLog;md;1422969576656;2G;EDGE;1;250;1;660;43922;-1;-59
;ServiceLog;md;1422969577693;2G;EDGE;1;250;1;660;43922;-1;-59
;ServiceLog;md;1422969578735;2G;EDGE;1;250;1;660;43922;-1;-59
;ServiceLog;md;1422969579791;2G;EDGE;1;250;1;660;43922;-1;-59
;ServiceLog;md;1422969580839;2G;EDGE;1;250;1;660;43922;-1;-59
;ServiceLog;md;1422969581887;2G;EDGE;1;250;1;660;43922;-1;-59
;ServiceLog;md;1422969582923;2G;EDGE;1;250;1;660;43922;-1;-59
;ServiceLog;md;1422969583967;2G;EDGE;1;250;1;660;43922;-1;-59
;ServiceLog;md;1422969585013;2G;EDGE;1;250;1;660;43922;-1;-59
;ServiceLog;md;1422969586058;2G;EDGE;1;250;1;660;43922;-1;-59
;ServiceLog;md;1422969587093;2G;EDGE;1;250;1;660;43922;-1;-59
;ServiceLog;md;1422969588149;2G;EDGE;1;250;1;660;43922;-1;-59
;ServiceLog;md;1422969589195;2G;EDGE;1;250;1;660;43922;-1;-59
;ServiceLog;md;1422969590244;2G;EDGE;1;250;1;660;43922;-1;-59
;ServiceLog;md;1422969591302;2G;EDGE;1;250;1;660;43922;-1;-59
;ServiceLog;md;1422969592338;2G;EDGE;1;250;1;660;43922;-1;-59
;ServiceLog;md;1422969593383;2G;EDGE;1;250;1;660;43922;-1;-59
;ServiceLog;md;1422969594429;2G;EDGE;1;250;1;660;43922;-1;-59
;ServiceLog;md;1422969595480;2G;EDGE;1;250;1;660;43922;-1;-59
;ServiceLog;md;1422969596509;2G;EDGE;1;250;1;660;43922;-1;-59
;ServiceLog;md;1422969597549;2G;EDGE;1;250;1;660;43922;-1;-59
;ServiceLog;md;1422969598571;2G;EDGE;1;250;1;660;43922;-1;-59
;ServiceLog;md;1422969599619;2G;EDGE;1;250;1;660;43922;-1;-61
;ServiceLog;md;1422969600672;2G;EDGE;1;250;1;660;43922;-1;-61
;ServiceLog;md;1422969602190;2G;EDGE;1;250;1;660;43922;-1;-61
;ServiceLog;md;1422969603206;2G;EDGE;1;250;1;660;43922;-1;-61
;ServiceLog;md;1422969604223;2G;EDGE;1;250;1;660;43922;-1;-59
;ServiceLog;md;1422969605244;2G;EDGE;1;250;1;660;43922;-1;-59
;ServiceLog;md;1422969606272;2G;EDGE;1;250;1;660;43922;-1;-59
;ServiceLog;md;1422969607286;2G;EDGE;1;250;1;660;43922;-1;-61
;ServiceLog;md;1422969608323;2G;EDGE;1;250;1;660;43922;-1;-61
;ServiceLog;md;1422969609337;2G;EDGE;1;250;1;660;43922;-1;-61
;ServiceLog;md;1422969610350;2G;EDGE;1;250;1;660;43922;-1;-63
;ServiceLog;md;1422969611365;2G;EDGE;1;250;1;660;43922;-1;-63
;ServiceLog;md;1422969612380;2G;EDGE;1;250;1;660;43922;-1;-63
;ServiceLog;md;1422969613397;2G;EDGE;1;250;1;660;43922;-1;-65
;ServiceLog;md;1422969614428;2G;EDGE;1;250;1;660;43922;-1;-65
;ServiceLog;md;1422969615466;2G;EDGE;1;250;1;660;43922;-1;-65
;ServiceLog;md;1422969616582;2G;EDGE;1;250;1;660;43922;-1;-61
;ServiceLog;md;1422969617611;2G;EDGE;1;250;1;660;43922;-1;-61
;ServiceLog;md;1422969617611;2G;EDGE;250-1-660-43922;250;1;770;431;-1;0
;ServiceLog;md;1422969618659;2G;EDGE;1;250;1;660;43922;-1;-55
;ServiceLog;md;1422969619691;2G;EDGE;1;250;1;660;43922;-1;-55
;ServiceLog;md;1422969619691;2G;EDGE;250-1-660-43922;250;1;770;431;-1;-105
;ServiceLog;md;1422969620720;2G;EDGE;1;250;1;660;43922;-1;-55
;ServiceLog;md;1422969620720;2G;EDGE;250-1-660-43922;250;1;770;431;-1;-105
;ServiceLog;md;1422969621740;2G;EDGE;1;250;1;660;43922;-1;-55
;ServiceLog;md;1422969621740;2G;EDGE;250-1-660-43922;250;1;770;431;-1;-105
;ServiceLog;md;1422969622770;2G;EDGE;1;250;1;660;43922;-1;-55
;ServiceLog;md;1422969622770;2G;EDGE;250-1-660-43922;250;1;770;431;-1;-105
;ServiceLog;md;1422969623805;2G;EDGE;1;250;1;660;43922;-1;-55
;ServiceLog;md;1422969623805;2G;EDGE;250-1-660-43922;250;1;770;431;-1;-103
;ServiceLog;md;1422969624825;2G;EDGE;1;250;1;660;43922;-1;-55
;ServiceLog;md;1422969624825;2G;EDGE;250-1-660-43922;250;1;770;431;-1;-101
;ServiceLog;md;1422969625864;2G;EDGE;1;250;1;660;43922;-1;-55
;ServiceLog;md;1422969625864;2G;EDGE;250-1-660-43922;250;1;770;431;-1;-101
;ServiceLog;md;1422969626894;2G;EDGE;1;250;1;660;43922;-1;-55
;ServiceLog;md;1422969626894;2G;EDGE;250-1-660-43922;250;1;770;431;-1;-101
;ServiceLog;md;1422969627928;2G;EDGE;1;250;1;660;43922;-1;-63
;ServiceLog;md;1422969627928;2G;EDGE;250-1-660-43922;250;1;770;431;-1;-97
;ServiceLog;md;1422969628951;2G;EDGE;1;250;1;660;43922;-1;-63
;ServiceLog;md;1422969628951;2G;EDGE;250-1-660-43922;250;1;770;431;-1;-97
;ServiceLog;md;1422969629984;2G;EDGE;1;250;1;660;43922;-1;-63
;ServiceLog;md;1422969629984;2G;EDGE;250-1-660-43922;250;1;770;431;-1;-95
;ServiceLog;md;1422969631029;2G;EDGE;1;250;1;660;43922;-1;-63
;ServiceLog;md;1422969631029;2G;EDGE;250-1-660-43922;250;1;770;431;-1;-91
;ServiceLog;md;1422969632059;2G;EDGE;1;250;1;660;43922;-1;-63
;ServiceLog;md;1422969632059;2G;EDGE;250-1-660-43922;250;1;770;431;-1;-89
;ServiceLog;md;1422969633106;2G;EDGE;1;250;1;660;43922;-1;-63
;ServiceLog;md;1422969633106;2G;EDGE;250-1-660-43922;250;1;770;431;-1;-87
;ServiceLog;md;1422969634149;2G;EDGE;1;250;1;660;43922;-1;-63
;ServiceLog;md;1422969635166;2G;EDGE;1;250;1;660;43922;-1;-63
;ServiceLog;md;1422969636194;2G;EDGE;1;250;1;660;43922;-1;-63
;ServiceLog;md;1422969637599;2G;EDGE;1;250;1;660;43922;-1;-63
;ServiceLog;md;1422969638624;2G;EDGE;1;250;1;660;43922;-1;-63
;ServiceLog;md;1422969639648;2G;EDGE;1;250;1;660;43922;-1;-63
;ServiceLog;md;1422969640670;2G;EDGE;1;250;1;660;43922;-1;-63
;ServiceLog;md;1422969641691;2G;EDGE;1;250;1;660;43922;-1;-63
;ServiceLog;md;1422969642708;2G;EDGE;1;250;1;660;43922;-1;-63
;ServiceLog;md;1422969643726;2G;EDGE;1;250;1;660;43922;-1;-63
;ServiceLog;md;1422969644747;2G;EDGE;1;250;1;660;43922;-1;-63
;ServiceLog;md;1422969645766;2G;EDGE;1;250;1;660;43922;-1;-63
;ServiceLog;md;1422969646785;2G;EDGE;1;250;1;660;43922;-1;-63
;ServiceLog;md;1422969647819;2G;EDGE;1;250;1;660;43922;-1;-63
;ServiceLog;md;1422969648836;2G;EDGE;1;250;1;660;43922;-1;-63
;ServiceLog;md;1422969649859;2G;EDGE;1;250;1;660;43922;-1;-63
;ServiceLog;md;1422969650878;2G;EDGE;1;250;1;660;43922;-1;-63
;ServiceLog;md;1422969651905;2G;EDGE;1;250;1;660;43922;-1;-63
;ServiceLog;md;1422969652925;2G;EDGE;1;250;1;660;43922;-1;-63
;ServiceLog;md;1422969653975;2G;EDGE;1;250;1;660;43922;-1;-63
;ServiceLog;md;1422969655019;2G;EDGE;1;250;1;660;43922;-1;-63
;ServiceLog;md;1422969656038;2G;EDGE;1;250;1;660;43922;-1;-63
;ServiceLog;md;1422969657078;2G;EDGE;1;250;1;660;43922;-1;-63
;ServiceLog;md;1422969658142;2G;EDGE;1;250;1;660;43922;-1;-63
;ServiceLog;md;1422969659190;2G;EDGE;1;250;1;660;43922;-1;-63
;ServiceLog;md;1422969660238;2G;EDGE;1;250;1;660;43922;-1;-63
;ServiceLog;md;1422969661256;2G;EDGE;1;250;1;660;43922;-1;-63
;ServiceLog;md;1422969662325;2G;EDGE;1;250;1;660;43922;-1;-63
;ServiceLog;md;1422969663380;2G;EDGE;1;250;1;660;43922;-1;-63
;ServiceLog;md;1422969664436;2G;EDGE;1;250;1;660;43922;-1;-63
;ServiceLog;md;1422969665496;2G;EDGE;1;250;1;660;43922;-1;-63
;ServiceLog;md;1422969666531;2G;EDGE;1;250;1;660;43922;-1;-63
;ServiceLog;md;1422969667581;2G;EDGE;1;250;1;660;43922;-1;-63
;ServiceLog;md;1422969668596;2G;EDGE;1;250;1;660;43922;-1;-63
;ServiceLog;md;1422969669614;2G;EDGE;1;250;1;660;43922;-1;-63
;ServiceLog;md;1422969670646;2G;EDGE;1;250;1;660;43922;-1;-63
;ServiceLog;md;1422969671662;2G;EDGE;1;250;1;660;43922;-1;-63
;ServiceLog;md;1422969672793;3G;HSDPA;1;250;1;770;6945065;-1;-77
;ServiceLog;md;1422969673880;3G;HSDPA;1;250;1;770;6945065;-1;-79
;ServiceLog;md;1422969674943;3G;HSDPA;1;250;1;770;6945065;-1;-79
;ServiceLog;md;1422969676000;3G;HSDPA;1;250;1;770;6945065;-1;-79
;ServiceLog;md;1422969677015;3G;HSDPA;1;250;1;770;6945065;-1;-79
;ServiceLog;md;1422969678035;3G;HSDPA;1;250;1;770;6945065;-1;-79
;ServiceLog;md;1422969679055;3G;HSDPA;1;250;1;770;6945065;-1;-79
;ServiceLog;md;1422969680068;3G;HSDPA;1;250;1;770;6945065;-1;-79
;ServiceLog;md;1422969681083;3G;HSDPA;1;250;1;770;6945065;-1;-79
;ServiceLog;md;1422969682097;3G;UMTS;1;250;1;770;6945065;-1;-79
;ServiceLog;md;1422969683146;3G;UMTS;1;250;1;770;6945065;-1;-79
;ServiceLog;md;1422969684267;3G;UMTS;1;250;1;770;6899777;-1;-79
;ServiceLog;md;1422969685373;3G;UMTS;1;250;1;770;6899777;-1;-81
;ServiceLog;md;1422969686392;3G;UMTS;1;250;1;770;6899777;-1;-81
;ServiceLog;md;1422969687450;3G;UMTS;1;250;1;770;6945065;-1;-81
;ServiceLog;md;1422969688501;3G;UMTS;1;250;1;770;6945065;-1;-81
;ServiceLog;md;1422969689547;3G;UMTS;1;250;1;770;6945065;-1;-81
;ServiceLog;md;1422969690577;3G;UMTS;1;250;1;770;6945065;-1;-81
;ServiceLog;md;1422969691615;3G;UMTS;1;250;1;770;6945065;-1;-81
;ServiceLog;md;1422969692639;3G;UMTS;1;250;1;770;6945065;-1;-81
;ServiceLog;md;1422969693653;3G;UMTS;1;250;1;770;6945065;-1;-81
;ServiceLog;md;1422969694668;3G;UMTS;1;250;1;770;6945065;-1;-81
;ServiceLog;md;1422969695682;3G;UMTS;1;250;1;770;6945065;-1;-81
;ServiceLog;md;1422969696713;3G;UMTS;1;250;1;770;6945065;-1;-81
;ServiceLog;md;1422969697730;3G;UMTS;1;250;1;770;6945065;-1;-79
;ServiceLog;md;1422969698766;3G;UMTS;1;250;1;770;6945065;-1;-79
;ServiceLog;md;1422969699845;3G;UMTS;1;250;1;770;6945065;-1;-79
;ServiceLog;md;1422969700867;3G;UMTS;1;250;1;770;6945065;-1;-79
;ServiceLog;md;1422969701886;3G;UMTS;1;250;1;770;6945065;-1;-79
;ServiceLog;md;1422969702901;3G;UMTS;1;250;1;770;6945065;-1;-79
;ServiceLog;md;1422969703918;3G;UMTS;1;250;1;770;6945065;-1;-79
;ServiceLog;md;1422969704934;3G;UMTS;1;250;1;770;6945065;-1;-79
;ServiceLog;md;1422969705955;3G;UMTS;1;250;1;770;6945065;-1;-79
;ServiceLog;md;1422969706973;3G;UMTS;1;250;1;770;6899777;-1;-81
;ServiceLog;md;1422969708010;3G;UMTS;1;250;1;770;6899777;-1;-81
;ServiceLog;md;1422969709028;3G;UMTS;1;250;1;770;6899777;-1;-81
;ServiceLog;md;1422969710052;3G;UMTS;1;250;1;770;6899777;-1;-83
;ServiceLog;md;1422969711286;3G;UMTS;1;250;1;770;6945065;-1;-83
;ServiceLog;md;1422969712305;3G;UMTS;1;250;1;770;6945065;-1;-85
;ServiceLog;md;1422969713320;3G;UMTS;1;250;1;770;6945065;-1;-85
;ServiceLog;md;1422969714336;3G;UMTS;1;250;1;770;6894471;-1;-85
;ServiceLog;md;1422969715354;3G;UMTS;1;250;1;770;6894471;-1;-87
;ServiceLog;md;1422969716374;3G;UMTS;1;250;1;770;6894471;-1;-87
;ServiceLog;md;1422969717434;3G;UMTS;1;250;1;770;6894471;-1;-87
;ServiceLog;md;1422969718474;3G;UMTS;1;250;1;770;6894471;-1;-87
;ServiceLog;md;1422969719495;3G;UMTS;1;250;1;770;6894471;-1;-87
;ServiceLog;md;1422969720537;3G;UMTS;1;250;1;770;6894471;-1;-87
;ServiceLog;md;1422969721561;3G;UMTS;1;250;1;770;6894471;-1;-89
;ServiceLog;md;1422969722611;3G;UMTS;1;250;1;770;6899777;-1;-89
;ServiceLog;md;1422969723628;3G;UMTS;1;250;1;770;6899777;-1;-89
;ServiceLog;md;1422969724668;3G;UMTS;1;250;1;770;6899777;-1;-85
;ServiceLog;md;1422969725692;3G;UMTS;1;250;1;770;6899777;-1;-85
;ServiceLog;md;1422969726721;3G;UMTS;1;250;1;770;6899777;-1;-85
;ServiceLog;md;1422969727768;3G;UMTS;1;250;1;770;6899777;-1;-83
;ServiceLog;md;1422969728793;3G;UMTS;1;250;1;770;6899777;-1;-83
;ServiceLog;md;1422969729818;3G;UMTS;1;250;1;770;6899777;-1;-83
;ServiceLog;md;1422969730837;3G;UMTS;1;250;1;770;6945065;-1;-79
;ServiceLog;md;1422969731853;3G;UMTS;1;250;1;770;6945065;-1;-79
;ServiceLog;md;1422969732873;3G;UMTS;1;250;1;770;6945065;-1;-79
;ServiceLog;md;1422969733888;3G;UMTS;1;250;1;770;6945065;-1;-81
;ServiceLog;md;1422969734926;3G;UMTS;1;250;1;770;6945065;-1;-81
;ServiceLog;md;1422969735978;3G;UMTS;1;250;1;770;6945065;-1;-81
;ServiceLog;md;1422969737020;3G;UMTS;1;250;1;770;6945065;-1;-87
;ServiceLog;md;1422969738040;3G;UMTS;1;250;1;770;6945065;-1;-87
;ServiceLog;md;1422969739104;3G;UMTS;1;250;1;770;6945065;-1;-87
;ServiceLog;md;1422969740157;3G;UMTS;1;250;1;770;6945065;-1;-93
;ServiceLog;md;1422969741194;3G;UMTS;1;250;1;770;6945065;-1;-93
;ServiceLog;md;1422969742230;3G;UMTS;1;250;1;770;6945065;-1;-93
;ServiceLog;md;1422969743302;3G;UMTS;1;250;1;770;6945065;-1;-97
;ServiceLog;md;1422969744342;3G;UMTS;1;250;1;770;6945065;-1;-97
;ServiceLog;md;1422969745384;3G;UMTS;1;250;1;770;6945065;-1;0
;ServiceLog;md;1422969746405;3G;UMTS;1;250;1;770;6945065;-1;0
;ServiceLog;md;1422969747422;3G;UMTS;1;250;1;770;6945065;-1;0
;ServiceLog;md;1422969748479;3G;UMTS;1;250;1;770;6945065;-1;0
;ServiceLog;md;1422969749555;3G;UMTS;1;250;1;770;6945065;-1;0
;ServiceLog;md;1422969750611;3G;UMTS;1;250;1;770;6945065;-1;0
;ServiceLog;md;1422969751651;3G;UMTS;1;250;1;770;6945065;-1;0
;ServiceLog;md;1422969752689;3G;UMTS;1;250;1;770;6945065;-1;0
;ServiceLog;md;1422969753723;3G;UMTS;1;250;1;770;6945065;-1;-97
;ServiceLog;md;1422969754740;3G;UMTS;1;250;1;770;6945065;-1;-97
;ServiceLog;md;1422969755811;3G;UMTS;1;250;1;770;6945065;-1;-97
;ServiceLog;md;1422969756852;unknown;unknown;1;-1;-1;-1;-1;-1;-1
;ServiceLog;md;1422969757873;unknown;unknown;1;-1;-1;-1;-1;-1;-1
;ServiceLog;md;1422969758891;unknown;unknown;1;-1;-1;-1;-1;-1;-1
;ServiceLog;md;1422969759960;unknown;unknown;1;-1;-1;-1;-1;-1;-1
;ServiceLog;md;1422969761007;unknown;unknown;1;-1;-1;-1;-1;-1;-1
;ServiceLog;md;1422969762047;unknown;unknown;1;-1;-1;-1;-1;-1;-1
;ServiceLog;md;1422969763061;unknown;unknown;1;-1;-1;-1;-1;-1;-1
;ServiceLog;md;1422969764091;unknown;unknown;1;-1;-1;-1;-1;-1;-1
;ServiceLog;md;1422969765105;unknown;unknown;1;-1;-1;-1;-1;-1;-1
;ServiceLog;md;1422969766139;unknown;unknown;1;-1;-1;-1;-1;-1;-1
;ServiceLog;md;1422969767170;unknown;unknown;1;-1;-1;-1;-1;-1;-1
;ServiceLog;md;1422969768212;unknown;unknown;1;-1;-1;-1;-1;-1;-1
;ServiceLog;md;1422969769224;unknown;unknown;1;-1;-1;-1;-1;-1;-1
;ServiceLog;md;1422969770239;unknown;unknown;1;-1;-1;-1;-1;-1;-1
;ServiceLog;md;1422969771291;unknown;unknown;1;-1;-1;-1;-1;-1;-1
;ServiceLog;md;1422969772350;unknown;unknown;1;-1;-1;-1;-1;-1;-1
;ServiceLog;md;1422969773376;unknown;unknown;1;-1;-1;-1;-1;-1;-1
;ServiceLog;md;1422969774389;unknown;unknown;1;-1;-1;-1;-1;-1;-1
;ServiceLog;md;1422969775409;unknown;unknown;1;-1;-1;-1;-1;-1;-1
;ServiceLog;md;1422969776458;unknown;unknown;1;-1;-1;-1;-1;-1;-1
;ServiceLog;md;1422969777520;unknown;unknown;1;-1;-1;-1;-1;-1;-1
;ServiceLog;md;1422969778563;unknown;unknown;1;-1;-1;-1;-1;-1;-1
;ServiceLog;md;1422969779594;unknown;unknown;1;-1;-1;-1;-1;-1;-1
;ServiceLog;md;1422969780627;unknown;unknown;1;-1;-1;-1;-1;-1;-1
;ServiceLog;md;1422969781680;unknown;unknown;1;-1;-1;-1;-1;-1;-1
;ServiceLog;md;1422969782713;unknown;unknown;1;-1;-1;-1;-1;-1;-1
;ServiceLog;md;1422969783759;unknown;unknown;1;-1;-1;-1;-1;-1;-1
;ServiceLog;md;1422969784796;unknown;unknown;1;-1;-1;-1;-1;-1;-1
;ServiceLog;md;1422969785813;unknown;unknown;1;-1;-1;-1;-1;-1;-1
;ServiceLog;md;1422969786850;unknown;unknown;1;-1;-1;-1;-1;-1;-1
;ServiceLog;md;1422969787904;unknown;unknown;1;-1;-1;-1;-1;-1;-1
;ServiceLog;md;1422969788940;unknown;unknown;1;-1;-1;-1;-1;-1;-1
;ServiceLog;md;1422969789972;unknown;unknown;1;-1;-1;-1;-1;-1;-1
;ServiceLog;md;1422969790986;unknown;unknown;1;-1;-1;-1;-1;-1;-1
;ServiceLog;md;1422969792049;unknown;unknown;1;-1;-1;-1;-1;-1;-1
;ServiceLog;md;1422969793101;unknown;unknown;1;-1;-1;-1;-1;-1;-1
;ServiceLog;md;1422969794141;unknown;unknown;1;-1;-1;-1;-1;-1;-1
;ServiceLog;md;1422969795154;unknown;unknown;1;-1;-1;-1;-1;-1;-1
;ServiceLog;md;1422969796170;unknown;unknown;1;-1;-1;-1;-1;-1;-1
;ServiceLog;md;1422969797229;unknown;unknown;1;-1;-1;-1;-1;-1;-1
;ServiceLog;md;1422969798266;unknown;unknown;1;-1;-1;-1;-1;-1;-1
;ServiceLog;md;1422969799289;unknown;unknown;1;-1;-1;-1;-1;-1;-1
;ServiceLog;md;1422969800320;unknown;unknown;1;-1;-1;-1;-1;-1;-1
;ServiceLog;md;1422969801334;unknown;unknown;1;-1;-1;-1;-1;-1;-1
;ServiceLog;md;1422969802364;unknown;unknown;1;-1;-1;-1;-1;-1;-1
;ServiceLog;md;1422969803397;unknown;unknown;1;-1;-1;-1;-1;-1;-1
;ServiceLog;md;1422969804427;unknown;unknown;1;-1;-1;-1;-1;-1;-1
;ServiceLog;md;1422969805457;unknown;unknown;1;-1;-1;-1;-1;-1;-1
;ServiceLog;md;1422969806494;unknown;unknown;1;-1;-1;-1;-1;-1;-1
;ServiceLog;md;1422969807535;unknown;unknown;1;-1;-1;-1;-1;-1;-1
;ServiceLog;md;1422969808566;unknown;unknown;1;-1;-1;-1;-1;-1;-1
;ServiceLog;md;1422969809610;unknown;unknown;1;-1;-1;-1;-1;-1;-1
;ServiceLog;md;1422969810653;unknown;unknown;1;-1;-1;-1;-1;-1;-1
;ServiceLog;md;1422969811676;3G;UMTS;1;250;1;770;6944971;-1;-93
;ServiceLog;md;1422969812716;3G;UMTS;1;250;1;770;6944971;-1;-93
;ServiceLog;md;1422969813747;3G;UMTS;1;250;1;770;6944971;-1;-93
;ServiceLog;md;1422969814816;3G;UMTS;1;250;1;770;6944971;-1;-85
;ServiceLog;md;1422969815855;3G;UMTS;1;250;1;770;6944971;-1;-85
;ServiceLog;md;1422969816911;3G;UMTS;1;250;1;770;6944971;-1;-85
;ServiceLog;md;1422969817962;3G;UMTS;1;250;1;770;6944971;-1;-85
;ServiceLog;md;1422969819012;3G;UMTS;1;250;1;770;6944971;-1;-85
;ServiceLog;md;1422969820063;3G;UMTS;1;250;1;770;6944971;-1;-85
;ServiceLog;md;1422969821119;3G;UMTS;1;250;1;770;6944971;-1;-85
;ServiceLog;md;1422969822156;3G;UMTS;1;250;1;770;6944971;-1;-85
;ServiceLog;md;1422969823207;3G;UMTS;1;250;1;770;6944971;-1;-85
;ServiceLog;md;1422969824258;3G;UMTS;1;250;1;770;6944971;-1;-85
;ServiceLog;md;1422969825299;3G;UMTS;1;250;1;770;6944971;-1;-85
;ServiceLog;md;1422969826347;3G;UMTS;1;250;1;770;6944971;-1;-85
;ServiceLog;md;1422969827394;3G;UMTS;1;250;1;770;6944971;-1;-85
;ServiceLog;md;1422969828460;3G;UMTS;1;250;1;770;6944971;-1;-85
;ServiceLog;md;1422969829536;3G;UMTS;1;250;1;770;6944971;-1;-85
;ServiceLog;md;1422969830571;3G;UMTS;1;250;1;770;6944971;-1;-85
;ServiceLog;md;1422969831647;3G;UMTS;1;250;1;770;6944971;-1;-85
;ServiceLog;md;1422969832676;3G;UMTS;1;250;1;770;6944971;-1;-85
;ServiceLog;md;1422969833709;2G;EDGE;1;250;1;770;11282;-1;-83
;ServiceLog;md;1422969834892;2G;EDGE;1;250;1;770;11282;-1;-83
;ServiceLog;md;1422969835909;2G;EDGE;1;250;1;770;11282;-1;-83
;ServiceLog;md;1422969836947;2G;EDGE;1;250;1;770;11282;-1;-81
;ServiceLog;md;1422969837987;2G;EDGE;1;250;1;770;11282;-1;-81
;ServiceLog;md;1422969839022;2G;EDGE;1;250;1;770;11282;-1;-81
;ServiceLog;md;1422969840060;2G;EDGE;1;250;1;770;11282;-1;-81
;ServiceLog;md;1422969841075;2G;EDGE;1;250;1;770;11282;-1;-81
;ServiceLog;md;1422969842108;2G;EDGE;1;250;1;770;11282;-1;-81
;ServiceLog;md;1422969843147;2G;EDGE;1;250;1;770;11282;-1;-81
;ServiceLog;md;1422969844186;2G;EDGE;1;250;1;770;11282;-1;-81
;ServiceLog;md;1422969845222;2G;EDGE;1;250;1;770;11282;-1;-81
;ServiceLog;md;1422969846259;2G;EDGE;1;250;1;770;11282;-1;-77
;ServiceLog;md;1422969847292;2G;EDGE;1;250;1;770;11282;-1;-77
;ServiceLog;md;1422969848326;2G;EDGE;1;250;1;770;11282;-1;-77
;ServiceLog;md;1422969849377;2G;EDGE;1;250;1;770;11282;-1;-79
;ServiceLog;md;1422969850424;2G;EDGE;1;250;1;770;11282;-1;-79
;ServiceLog;md;1422969851439;2G;EDGE;1;250;1;770;11282;-1;-79
;ServiceLog;md;1422969852471;2G;EDGE;1;250;1;770;11282;-1;-79
;ServiceLog;md;1422969853495;2G;EDGE;1;250;1;770;11282;-1;-79
;ServiceLog;md;1422969854529;2G;EDGE;1;250;1;770;11282;-1;-79
;ServiceLog;md;1422969855555;2G;EDGE;1;250;1;770;11282;-1;-79
;ServiceLog;md;1422969856581;2G;EDGE;1;250;1;770;11282;-1;-79
;ServiceLog;md;1422969857619;2G;EDGE;1;250;1;770;11282;-1;-79
;ServiceLog;md;1422969858635;2G;EDGE;1;250;1;770;11282;-1;-79
;ServiceLog;md;1422969859669;2G;EDGE;1;250;1;770;11282;-1;-77
;ServiceLog;md;1422969860708;2G;EDGE;1;250;1;770;11282;-1;-77
;ServiceLog;md;1422969861749;2G;EDGE;1;250;1;770;11282;-1;-77
;ServiceLog;md;1422969862784;2G;EDGE;1;250;1;770;11282;-1;-71
;ServiceLog;md;1422969863818;2G;EDGE;1;250;1;770;11282;-1;-71
;ServiceLog;md;1422969864838;2G;EDGE;1;250;1;770;11282;-1;-71
;ServiceLog;md;1422969865875;2G;EDGE;1;250;1;770;11282;-1;-63
;ServiceLog;md;1422969866911;2G;EDGE;1;250;1;770;11282;-1;-63
;ServiceLog;md;1422969867932;2G;EDGE;1;250;1;770;11282;-1;-63
;ServiceLog;md;1422969868959;2G;EDGE;1;250;1;770;11282;-1;-69
;ServiceLog;md;1422969869995;2G;EDGE;1;250;1;770;11282;-1;-69
;ServiceLog;md;1422969871045;2G;EDGE;1;250;1;770;11282;-1;-75
;ServiceLog;md;1422969872083;2G;EDGE;1;250;1;770;11282;-1;-75
;ServiceLog;md;1422969873118;2G;EDGE;1;250;1;770;11282;-1;-75
;ServiceLog;md;1422969874193;2G;EDGE;1;250;1;770;11282;-1;-75
;ServiceLog;md;1422969875216;2G;EDGE;1;250;1;770;11282;-1;-75
;ServiceLog;md;1422969876252;2G;EDGE;1;250;1;770;11282;-1;-75
;ServiceLog;md;1422969877305;2G;EDGE;1;250;1;770;11282;-1;-75
;ServiceLog;md;1422969878341;2G;EDGE;1;250;1;770;11282;-1;-75
;ServiceLog;md;1422969879380;2G;EDGE;1;250;1;770;11282;-1;-75
;ServiceLog;md;1422969880430;2G;EDGE;1;250;1;770;11282;-1;-75
;ServiceLog;md;1422969881482;2G;EDGE;1;250;1;770;11282;-1;-75
;ServiceLog;md;1422969882516;2G;EDGE;1;250;1;770;11282;-1;-75
;ServiceLog;md;1422969883550;2G;EDGE;1;250;1;770;11282;-1;-75
;ServiceLog;md;1422969884568;2G;EDGE;1;250;1;770;11282;-1;-75
;ServiceLog;md;1422969885603;2G;EDGE;1;250;1;770;11282;-1;-75
;ServiceLog;md;1422969886660;2G;EDGE;1;250;1;770;11282;-1;-75
;ServiceLog;md;1422969887698;2G;EDGE;1;250;1;770;11282;-1;-75
;ServiceLog;md;1422969888731;2G;EDGE;1;250;1;770;11282;-1;-75
;ServiceLog;md;1422969889768;2G;EDGE;1;250;1;770;11282;-1;-75
;ServiceLog;md;1422969890805;2G;EDGE;1;250;1;770;11282;-1;-75
;ServiceLog;md;1422969891839;2G;EDGE;1;250;1;770;11282;-1;-75
;ServiceLog;md;1422969892873;unknown;unknown;1;-1;-1;-1;-1;-1;-1
;ServiceLog;md;1422969893904;unknown;unknown;1;-1;-1;-1;-1;-1;-1
;ServiceLog;md;1422969894923;unknown;unknown;1;-1;-1;-1;-1;-1;-1
;ServiceLog;md;1422969895945;unknown;unknown;1;-1;-1;-1;-1;-1;-1
;ServiceLog;md;1422969897011;unknown;unknown;1;-1;-1;-1;-1;-1;-1
;ServiceLog;md;1422969898030;unknown;unknown;1;-1;-1;-1;-1;-1;-1
;ServiceLog;md;1422969899084;unknown;unknown;1;-1;-1;-1;-1;-1;-1
;ServiceLog;md;1422969900106;unknown;unknown;1;-1;-1;-1;-1;-1;-1
;ServiceLog;md;1422969901146;unknown;unknown;1;-1;-1;-1;-1;-1;-1
;ServiceLog;md;1422969902187;unknown;unknown;1;-1;-1;-1;-1;-1;-1
;ServiceLog;md;1422969903241;unknown;unknown;1;-1;-1;-1;-1;-1;-1
;ServiceLog;md;1422969904318;unknown;unknown;1;-1;-1;-1;-1;-1;-1
;ServiceLog;md;1422969905354;unknown;unknown;1;-1;-1;-1;-1;-1;-1
;ServiceLog;md;1422969906391;unknown;unknown;1;-1;-1;-1;-1;-1;-1
;ServiceLog;md;1422969907403;unknown;unknown;1;-1;-1;-1;-1;-1;-1
;ServiceLog;md;1422969908415;unknown;unknown;1;-1;-1;-1;-1;-1;-1
;ServiceLog;md;1422969909429;unknown;unknown;1;-1;-1;-1;-1;-1;-1
;ServiceLog;md;1422969910441;unknown;unknown;1;-1;-1;-1;-1;-1;-1
;ServiceLog;md;1422969911455;unknown;unknown;1;-1;-1;-1;-1;-1;-1
;ServiceLog;md;1422969912468;unknown;unknown;1;-1;-1;-1;-1;-1;-1
;ServiceLog;md;1422969913479;unknown;unknown;1;-1;-1;-1;-1;-1;-1
;ServiceLog;md;1422969914492;unknown;unknown;1;-1;-1;-1;-1;-1;-1
;ServiceLog;md;1422969915507;unknown;unknown;1;-1;-1;-1;-1;-1;-1
;ServiceLog;md;1422969916539;unknown;unknown;1;-1;-1;-1;-1;-1;-1
;ServiceLog;md;1422969917570;unknown;unknown;1;-1;-1;-1;-1;-1;-1
;ServiceLog;md;1422969918605;unknown;unknown;1;-1;-1;-1;-1;-1;-1
;ServiceLog;md;1422969919637;unknown;unknown;1;-1;-1;-1;-1;-1;-1
;ServiceLog;md;1422969920673;unknown;unknown;1;-1;-1;-1;-1;-1;-1
;ServiceLog;md;1422969921713;unknown;unknown;1;-1;-1;-1;-1;-1;-1
;ServiceLog;md;1422969922749;unknown;unknown;1;-1;-1;-1;-1;-1;-1
;ServiceLog;md;1422969923785;unknown;unknown;1;-1;-1;-1;-1;-1;-1
;ServiceLog;md;1422969924816;unknown;unknown;1;-1;-1;-1;-1;-1;-1
;ServiceLog;md;1422969925849;unknown;unknown;1;-1;-1;-1;-1;-1;-1
;ServiceLog;md;1422969926880;unknown;unknown;1;-1;-1;-1;-1;-1;-1
;ServiceLog;md;1422969927918;unknown;unknown;1;-1;-1;-1;-1;-1;-1
;ServiceLog;md;1422969928948;unknown;unknown;1;-1;-1;-1;-1;-1;-1
;ServiceLog;md;1422969929979;unknown;unknown;1;-1;-1;-1;-1;-1;-1
;ServiceLog;md;1422969931011;unknown;unknown;1;-1;-1;-1;-1;-1;-1
;ServiceLog;md;1422969932046;unknown;unknown;1;-1;-1;-1;-1;-1;-1
;ServiceLog;md;1422969933077;unknown;unknown;1;-1;-1;-1;-1;-1;-1
;ServiceLog;md;1422969934108;unknown;unknown;1;-1;-1;-1;-1;-1;-1
;ServiceLog;md;1422969935146;unknown;unknown;1;-1;-1;-1;-1;-1;-1
;ServiceLog;md;1422969936181;unknown;unknown;1;-1;-1;-1;-1;-1;-1
;ServiceLog;md;1422969937211;unknown;unknown;1;-1;-1;-1;-1;-1;-1
;ServiceLog;md;1422969938294;unknown;unknown;1;-1;-1;-1;-1;-1;-1
;ServiceLog;md;1422969939325;unknown;unknown;1;-1;-1;-1;-1;-1;-1
;ServiceLog;md;1422969940343;unknown;unknown;1;-1;-1;-1;-1;-1;-1
;ServiceLog;md;1422969941374;unknown;unknown;1;-1;-1;-1;-1;-1;-1
;ServiceLog;md;1422969942408;unknown;unknown;1;-1;-1;-1;-1;-1;-1
;ServiceLog;md;1422969943440;unknown;unknown;1;-1;-1;-1;-1;-1;-1
;ServiceLog;md;1422969944479;unknown;unknown;1;-1;-1;-1;-1;-1;-1
;ServiceLog;md;1422969945509;unknown;unknown;1;-1;-1;-1;-1;-1;-1
;ServiceLog;md;1422969946523;unknown;unknown;1;-1;-1;-1;-1;-1;-1
;ServiceLog;md;1422969947555;unknown;unknown;1;-1;-1;-1;-1;-1;-1
;ServiceLog;md;1422969948573;unknown;unknown;1;-1;-1;-1;-1;-1;-1
;ServiceLog;md;1422969949589;unknown;unknown;1;-1;-1;-1;-1;-1;-1
;ServiceLog;md;1422969950606;unknown;unknown;1;-1;-1;-1;-1;-1;-1
;ServiceLog;md;1422969951629;unknown;unknown;1;-1;-1;-1;-1;-1;-1
;ServiceLog;md;1422969952659;unknown;unknown;1;-1;-1;-1;-1;-1;-1
;ServiceLog;md;1422969953672;unknown;unknown;1;-1;-1;-1;-1;-1;-1
;ServiceLog;md;1422969954685;unknown;unknown;1;-1;-1;-1;-1;-1;-1
;ServiceLog;md;1422969955713;unknown;unknown;1;-1;-1;-1;-1;-1;-1
;ServiceLog;md;1422969956725;unknown;unknown;1;-1;-1;-1;-1;-1;-1
;ServiceLog;md;1422969957762;unknown;unknown;1;-1;-1;-1;-1;-1;-1
;ServiceLog;md;1422969958803;unknown;unknown;1;-1;-1;-1;-1;-1;-1
;ServiceLog;md;1422969959815;unknown;unknown;1;-1;-1;-1;-1;-1;-1
;ServiceLog;md;1422969960831;unknown;unknown;1;-1;-1;-1;-1;-1;-1
;ServiceLog;md;1422969961846;unknown;unknown;1;-1;-1;-1;-1;-1;-1
;ServiceLog;md;1422969962867;unknown;unknown;1;-1;-1;-1;-1;-1;-1
;ServiceLog;md;1422969963934;unknown;unknown;1;-1;-1;-1;-1;-1;-1
;ServiceLog;md;1422969964969;unknown;unknown;1;-1;-1;-1;-1;-1;-1
;ServiceLog;md;1422969965999;unknown;unknown;1;-1;-1;-1;-1;-1;-1
;ServiceLog;md;1422969967016;unknown;unknown;1;-1;-1;-1;-1;-1;-1
;ServiceLog;md;1422969968048;unknown;unknown;1;-1;-1;-1;-1;-1;-1
;ServiceLog;md;1422969969069;unknown;unknown;1;-1;-1;-1;-1;-1;-1
;ServiceLog;md;1422969970093;unknown;unknown;1;-1;-1;-1;-1;-1;-1
;ServiceLog;md;1422969971105;unknown;unknown;1;-1;-1;-1;-1;-1;-1
;ServiceLog;md;1422969972119;unknown;unknown;1;-1;-1;-1;-1;-1;-1
;ServiceLog;md;1422969973138;unknown;unknown;1;-1;-1;-1;-1;-1;-1
;ServiceLog;md;1422969974159;unknown;unknown;1;-1;-1;-1;-1;-1;-1
;ServiceLog;md;1422969975171;unknown;unknown;1;-1;-1;-1;-1;-1;-1
;ServiceLog;md;1422969976195;unknown;unknown;1;-1;-1;-1;-1;-1;-1
;ServiceLog;md;1422969977220;unknown;unknown;1;-1;-1;-1;-1;-1;-1
;ServiceLog;md;1422969978237;unknown;unknown;1;-1;-1;-1;-1;-1;-1
;ServiceLog;md;1422969979264;unknown;unknown;1;-1;-1;-1;-1;-1;-1
;ServiceLog;md;1422969980300;unknown;unknown;1;-1;-1;-1;-1;-1;-1
;ServiceLog;md;1422969981350;unknown;unknown;1;-1;-1;-1;-1;-1;-1
;ServiceLog;md;1422969982378;unknown;unknown;1;-1;-1;-1;-1;-1;-1
;ServiceLog;md;1422969983451;unknown;unknown;1;-1;-1;-1;-1;-1;-1
;ServiceLog;md;1422969984466;unknown;unknown;1;-1;-1;-1;-1;-1;-1
;ServiceLog;md;1422969985482;unknown;unknown;1;-1;-1;-1;-1;-1;-1
;ServiceLog;md;1422969986544;unknown;unknown;1;-1;-1;-1;-1;-1;-1
;ServiceLog;md;1422969987587;unknown;unknown;1;-1;-1;-1;-1;-1;-1
;ServiceLog;md;1422969988599;unknown;unknown;1;-1;-1;-1;-1;-1;-1
;ServiceLog;md;1422969989612;unknown;unknown;1;-1;-1;-1;-1;-1;-1
;ServiceLog;md;1422969990641;unknown;unknown;1;-1;-1;-1;-1;-1;-1
;ServiceLog;md;1422969991698;unknown;unknown;1;-1;-1;-1;-1;-1;-1
;ServiceLog;md;1422969992714;unknown;unknown;1;-1;-1;-1;-1;-1;-1
;ServiceLog;md;1422969993760;unknown;unknown;1;-1;-1;-1;-1;-1;-1
;ServiceLog;md;1422969994816;unknown;unknown;1;-1;-1;-1;-1;-1;-1
;ServiceLog;md;1422969995858;unknown;unknown;1;-1;-1;-1;-1;-1;-1
;ServiceLog;md;1422969996907;unknown;unknown;1;-1;-1;-1;-1;-1;-1
;ServiceLog;md;1422969997947;unknown;unknown;1;-1;-1;-1;-1;-1;-1
;ServiceLog;md;1422969998983;unknown;unknown;1;-1;-1;-1;-1;-1;-1
;ServiceLog;md;1422970000036;unknown;unknown;1;-1;-1;-1;-1;-1;-1
;ServiceLog;md;1422970001078;unknown;unknown;1;-1;-1;-1;-1;-1;-1
;ServiceLog;md;1422970002093;unknown;unknown;1;-1;-1;-1;-1;-1;-1
;ServiceLog;md;1422970003123;unknown;unknown;1;-1;-1;-1;-1;-1;-1
;ServiceLog;md;1422970004138;unknown;unknown;1;-1;-1;-1;-1;-1;-1
;ServiceLog;md;1422970005168;unknown;unknown;1;-1;-1;-1;-1;-1;-1
;ServiceLog;md;1422970006199;unknown;unknown;1;-1;-1;-1;-1;-1;-1
;ServiceLog;md;1422970007248;unknown;unknown;1;-1;-1;-1;-1;-1;-1
;ServiceLog;md;1422970008299;unknown;unknown;1;-1;-1;-1;-1;-1;-1
;ServiceLog;md;1422970009332;unknown;unknown;1;-1;-1;-1;-1;-1;-1
;ServiceLog;md;1422970010362;unknown;unknown;1;-1;-1;-1;-1;-1;-1
;ServiceLog;md;1422970011379;unknown;unknown;1;-1;-1;-1;-1;-1;-1
;ServiceLog;md;1422970012392;unknown;unknown;1;-1;-1;-1;-1;-1;-1
;ServiceLog;md;1422970013404;unknown;unknown;1;-1;-1;-1;-1;-1;-1
;ServiceLog;md;1422970014421;unknown;unknown;1;-1;-1;-1;-1;-1;-1
;ServiceLog;md;1422970015433;unknown;unknown;1;-1;-1;-1;-1;-1;-1
;ServiceLog;md;1422970016449;unknown;unknown;1;-1;-1;-1;-1;-1;-1
;ServiceLog;md;1422970017470;unknown;unknown;1;-1;-1;-1;-1;-1;-1
;ServiceLog;md;1422970018502;unknown;unknown;1;-1;-1;-1;-1;-1;-1
;ServiceLog;md;1422970019522;unknown;unknown;1;-1;-1;-1;-1;-1;-1
;ServiceLog;md;1422970020546;unknown;unknown;1;-1;-1;-1;-1;-1;-1
;ServiceLog;md;1422970021558;2G;EDGE;1;250;1;770;43251;-1;0
;ServiceLog;md;1422970022571;2G;EDGE;1;250;1;770;43251;-1;0
;ServiceLog;md;1422970023586;2G;EDGE;1;250;1;770;43251;-1;0
;ServiceLog;md;1422970024600;2G;EDGE;1;250;1;770;43251;-1;0
;ServiceLog;md;1422970025622;2G;EDGE;1;250;1;770;43251;-1;0
;ServiceLog;md;1422970026637;2G;EDGE;1;250;1;770;43251;-1;0
;ServiceLog;md;1422970027833;2G;EDGE;1;250;1;770;43251;-1;-73
;ServiceLog;md;1422970028916;2G;EDGE;1;250;1;770;43251;-1;-73
;ServiceLog;md;1422970030006;2G;EDGE;1;250;1;770;43251;-1;-75
;ServiceLog;md;1422970031044;2G;EDGE;1;250;1;770;43251;-1;-75
;ServiceLog;md;1422970032093;2G;EDGE;1;250;1;770;43251;-1;-75
;ServiceLog;md;1422970033129;2G;EDGE;1;250;1;770;43251;-1;-77
;ServiceLog;md;1422970034168;2G;EDGE;1;250;1;770;43251;-1;-77
;ServiceLog;md;1422970035206;2G;EDGE;1;250;1;770;43251;-1;-77
;ServiceLog;md;1422970036248;2G;EDGE;1;250;1;770;43251;-1;-77
;ServiceLog;md;1422970037268;2G;EDGE;1;250;1;770;43251;-1;-77
;ServiceLog;md;1422970038293;2G;EDGE;1;250;1;770;43251;-1;-77
;ServiceLog;md;1422970039320;2G;EDGE;1;250;1;770;43251;-1;-77
;ServiceLog;md;1422970040358;2G;EDGE;1;250;1;770;43251;-1;-77
;ServiceLog;md;1422970041395;2G;EDGE;1;250;1;770;43251;-1;-77
;ServiceLog;md;1422970042432;2G;EDGE;1;250;1;770;43251;-1;-77
;ServiceLog;md;1422970043469;2G;EDGE;1;250;1;770;43251;-1;-77
;ServiceLog;md;1422970044515;2G;EDGE;1;250;1;770;43251;-1;-77
;ServiceLog;md;1422970045571;2G;EDGE;1;250;1;770;43251;-1;-67
;ServiceLog;md;1422970046614;2G;EDGE;1;250;1;770;43251;-1;-67
;ServiceLog;md;1422970047643;2G;EDGE;1;250;1;770;43251;-1;-67
;ServiceLog;md;1422970048677;2G;EDGE;1;250;1;770;43251;-1;-57
;ServiceLog;md;1422970049694;2G;EDGE;1;250;1;770;43251;-1;-57
;ServiceLog;md;1422970050730;2G;EDGE;1;250;1;770;43251;-1;-65
;ServiceLog;md;1422970051803;2G;EDGE;1;250;1;770;43251;-1;-65
;ServiceLog;md;1422970052823;2G;EDGE;1;250;1;770;43251;-1;-65
;ServiceLog;md;1422970053865;2G;EDGE;1;250;1;770;43251;-1;-69
;ServiceLog;md;1422970054889;2G;EDGE;1;250;1;770;43251;-1;-69
;ServiceLog;md;1422970055920;2G;EDGE;1;250;1;770;43251;-1;-69
;ServiceLog;md;1422970056958;2G;EDGE;1;250;1;770;43251;-1;-69
;ServiceLog;md;1422970058000;2G;EDGE;1;250;1;770;43251;-1;-69
;ServiceLog;md;1422970059063;2G;EDGE;1;250;1;770;43251;-1;-69
;ServiceLog;md;1422970060101;2G;EDGE;1;250;1;770;43251;-1;-69
;ServiceLog;md;1422970061135;2G;EDGE;1;250;1;770;43251;-1;-69
;ServiceLog;md;1422970062170;2G;EDGE;1;250;1;770;43251;-1;-69
;ServiceLog;md;1422970063527;2G;EDGE;1;250;1;770;43251;-1;-69
;ServiceLog;md;1422970064561;2G;EDGE;1;250;1;770;43251;-1;-69
;ServiceLog;md;1422970065596;2G;EDGE;1;250;1;770;43251;-1;-69
;ServiceLog;md;1422970066631;2G;EDGE;1;250;1;770;43251;-1;-69
;ServiceLog;md;1422970067667;2G;EDGE;1;250;1;770;43251;-1;-69
;ServiceLog;md;1422970068682;2G;EDGE;1;250;1;770;43251;-1;-69
;ServiceLog;md;1422970069695;2G;EDGE;1;250;1;770;43251;-1;-69
;ServiceLog;md;1422970070725;2G;EDGE;1;250;1;770;43251;-1;0
;ServiceLog;md;1422970071767;2G;EDGE;1;250;1;770;43251;-1;0
;ServiceLog;md;1422970072806;2G;EDGE;1;250;1;770;43251;-1;0
;ServiceLog;md;1422970073821;unknown;unknown;1;-1;-1;-1;-1;-1;-1
;ServiceLog;md;1422970074853;unknown;unknown;1;-1;-1;-1;-1;-1;-1
;ServiceLog;md;1422970075898;unknown;unknown;1;-1;-1;-1;-1;-1;-1
;ServiceLog;md;1422970076915;unknown;unknown;1;-1;-1;-1;-1;-1;-1
;ServiceLog;md;1422970077964;unknown;unknown;1;-1;-1;-1;-1;-1;-1
;ServiceLog;md;1422970078979;unknown;unknown;1;-1;-1;-1;-1;-1;-1
;ServiceLog;md;1422970080014;unknown;unknown;1;-1;-1;-1;-1;-1;-1
;ServiceLog;md;1422970081082;unknown;unknown;1;-1;-1;-1;-1;-1;-1
;ServiceLog;md;1422970082136;unknown;unknown;1;-1;-1;-1;-1;-1;-1
;ServiceLog;md;1422970083176;unknown;unknown;1;-1;-1;-1;-1;-1;-1
;ServiceLog;md;1422970084220;unknown;unknown;1;-1;-1;-1;-1;-1;-1
;ServiceLog;md;1422970085270;unknown;unknown;1;-1;-1;-1;-1;-1;-1
;ServiceLog;md;1422970086301;unknown;unknown;1;-1;-1;-1;-1;-1;-1
;ServiceLog;md;1422970087330;unknown;unknown;1;-1;-1;-1;-1;-1;-1
;ServiceLog;md;1422970088347;unknown;unknown;1;-1;-1;-1;-1;-1;-1
;ServiceLog;md;1422970089378;unknown;unknown;1;-1;-1;-1;-1;-1;-1
;ServiceLog;md;1422970090411;unknown;unknown;1;-1;-1;-1;-1;-1;-1
;ServiceLog;md;1422970091445;unknown;unknown;1;-1;-1;-1;-1;-1;-1
;ServiceLog;md;1422970092475;unknown;unknown;1;-1;-1;-1;-1;-1;-1
;ServiceLog;md;1422970093506;unknown;unknown;1;-1;-1;-1;-1;-1;-1
;ServiceLog;md;1422970094543;unknown;unknown;1;-1;-1;-1;-1;-1;-1
;ServiceLog;md;1422970095573;unknown;unknown;1;-1;-1;-1;-1;-1;-1
;ServiceLog;md;1422970096591;unknown;unknown;1;-1;-1;-1;-1;-1;-1
;ServiceLog;md;1422970097606;unknown;unknown;1;-1;-1;-1;-1;-1;-1
;ServiceLog;md;1422970098636;unknown;unknown;1;-1;-1;-1;-1;-1;-1
;ServiceLog;md;1422970099649;unknown;unknown;1;-1;-1;-1;-1;-1;-1
;ServiceLog;md;1422970100679;unknown;unknown;1;-1;-1;-1;-1;-1;-1
;ServiceLog;md;1422970101712;unknown;unknown;1;-1;-1;-1;-1;-1;-1
;ServiceLog;md;1422970102749;unknown;unknown;1;-1;-1;-1;-1;-1;-1
;ServiceLog;md;1422970103764;unknown;unknown;1;-1;-1;-1;-1;-1;-1
;ServiceLog;md;1422970104779;unknown;unknown;1;-1;-1;-1;-1;-1;-1
;ServiceLog;md;1422970105796;unknown;unknown;1;-1;-1;-1;-1;-1;-1
;ServiceLog;md;1422970106814;unknown;unknown;1;-1;-1;-1;-1;-1;-1
;ServiceLog;md;1422970107852;unknown;unknown;1;-1;-1;-1;-1;-1;-1
;ServiceLog;md;1422970108890;unknown;unknown;1;-1;-1;-1;-1;-1;-1
;ServiceLog;md;1422970109928;unknown;unknown;1;-1;-1;-1;-1;-1;-1
;ServiceLog;md;1422970110974;unknown;unknown;1;-1;-1;-1;-1;-1;-1
;ServiceLog;md;1422970112007;unknown;unknown;1;-1;-1;-1;-1;-1;-1
;ServiceLog;md;1422970113042;unknown;unknown;1;-1;-1;-1;-1;-1;-1
;ServiceLog;md;1422970114074;unknown;unknown;1;-1;-1;-1;-1;-1;-1
;ServiceLog;md;1422970115177;unknown;unknown;1;-1;-1;-1;-1;-1;-1
;ServiceLog;md;1422970116212;unknown;unknown;1;-1;-1;-1;-1;-1;-1
;ServiceLog;md;1422970117254;unknown;unknown;1;-1;-1;-1;-1;-1;-1
;ServiceLog;md;1422970118284;unknown;unknown;1;-1;-1;-1;-1;-1;-1
;ServiceLog;md;1422970119318;unknown;unknown;1;-1;-1;-1;-1;-1;-1
;ServiceLog;md;1422970120349;unknown;unknown;1;-1;-1;-1;-1;-1;-1
;ServiceLog;md;1422970121381;unknown;unknown;1;-1;-1;-1;-1;-1;-1
;ServiceLog;md;1422970122416;unknown;unknown;1;-1;-1;-1;-1;-1;-1
;ServiceLog;md;1422970123447;unknown;unknown;1;-1;-1;-1;-1;-1;-1
;ServiceLog;md;1422970124493;unknown;unknown;1;-1;-1;-1;-1;-1;-1
;ServiceLog;md;1422970125507;unknown;unknown;1;-1;-1;-1;-1;-1;-1
;ServiceLog;md;1422970126537;unknown;unknown;1;-1;-1;-1;-1;-1;-1
;ServiceLog;md;1422970127569;unknown;unknown;1;-1;-1;-1;-1;-1;-1
;ServiceLog;md;1422970128602;unknown;unknown;1;-1;-1;-1;-1;-1;-1
;ServiceLog;md;1422970129635;unknown;unknown;1;-1;-1;-1;-1;-1;-1
;ServiceLog;md;1422970130665;unknown;unknown;1;-1;-1;-1;-1;-1;-1
;ServiceLog;md;1422970131701;unknown;unknown;1;-1;-1;-1;-1;-1;-1
;ServiceLog;md;1422970132731;unknown;unknown;1;-1;-1;-1;-1;-1;-1
;ServiceLog;md;1422970133765;unknown;unknown;1;-1;-1;-1;-1;-1;-1
;ServiceLog;md;1422970134797;unknown;unknown;1;-1;-1;-1;-1;-1;-1
;ServiceLog;md;1422970135828;unknown;unknown;1;-1;-1;-1;-1;-1;-1
;ServiceLog;md;1422970136859;unknown;unknown;1;-1;-1;-1;-1;-1;-1
;ServiceLog;md;1422970137893;unknown;unknown;1;-1;-1;-1;-1;-1;-1
;ServiceLog;md;1422970138926;unknown;unknown;1;-1;-1;-1;-1;-1;-1
;ServiceLog;md;1422970139959;unknown;unknown;1;-1;-1;-1;-1;-1;-1
;ServiceLog;md;1422970140994;unknown;unknown;1;-1;-1;-1;-1;-1;-1
;ServiceLog;md;1422970142036;unknown;unknown;1;-1;-1;-1;-1;-1;-1
;ServiceLog;md;1422970143068;unknown;unknown;1;-1;-1;-1;-1;-1;-1
;ServiceLog;md;1422970144103;unknown;unknown;1;-1;-1;-1;-1;-1;-1
;ServiceLog;md;1422970145136;unknown;unknown;1;-1;-1;-1;-1;-1;-1
;ServiceLog;md;1422970146150;unknown;unknown;1;-1;-1;-1;-1;-1;-1
;ServiceLog;md;1422970147191;unknown;unknown;1;-1;-1;-1;-1;-1;-1
;ServiceLog;md;1422970148205;unknown;unknown;1;-1;-1;-1;-1;-1;-1
;ServiceLog;md;1422970149236;unknown;unknown;1;-1;-1;-1;-1;-1;-1
;ServiceLog;md;1422970150274;unknown;unknown;1;-1;-1;-1;-1;-1;-1
;ServiceLog;md;1422970151288;unknown;unknown;1;-1;-1;-1;-1;-1;-1
;ServiceLog;md;1422970152321;unknown;unknown;1;-1;-1;-1;-1;-1;-1
;ServiceLog;md;1422970153373;unknown;unknown;1;-1;-1;-1;-1;-1;-1
;ServiceLog;md;1422970154408;unknown;unknown;1;-1;-1;-1;-1;-1;-1
;ServiceLog;md;1422970155487;unknown;unknown;1;-1;-1;-1;-1;-1;-1
;ServiceLog;md;1422970156508;unknown;unknown;1;-1;-1;-1;-1;-1;-1
;ServiceLog;md;1422970157601;unknown;unknown;1;-1;-1;-1;-1;-1;-1
;ServiceLog;md;1422970158668;unknown;unknown;1;-1;-1;-1;-1;-1;-1
;ServiceLog;md;1422970159731;unknown;unknown;1;-1;-1;-1;-1;-1;-1
;ServiceLog;md;1422970160769;unknown;unknown;1;-1;-1;-1;-1;-1;-1
;ServiceLog;md;1422970161839;unknown;unknown;1;-1;-1;-1;-1;-1;-1
;ServiceLog;md;1422970162874;unknown;unknown;1;-1;-1;-1;-1;-1;-1
;ServiceLog;md;1422970163965;unknown;unknown;1;-1;-1;-1;-1;-1;-1
;ServiceLog;md;1422970164998;unknown;unknown;1;-1;-1;-1;-1;-1;-1
;ServiceLog;md;1422970166074;unknown;unknown;1;-1;-1;-1;-1;-1;-1
;ServiceLog;md;1422970167098;unknown;unknown;1;-1;-1;-1;-1;-1;-1
;ServiceLog;md;1422970168147;unknown;unknown;1;-1;-1;-1;-1;-1;-1
;ServiceLog;md;1422970169179;unknown;unknown;1;-1;-1;-1;-1;-1;-1
;ServiceLog;md;1422970170215;unknown;unknown;1;-1;-1;-1;-1;-1;-1
;ServiceLog;md;1422970171246;unknown;unknown;1;-1;-1;-1;-1;-1;-1
;ServiceLog;md;1422970172280;unknown;unknown;1;-1;-1;-1;-1;-1;-1
;ServiceLog;md;1422970173316;unknown;unknown;1;-1;-1;-1;-1;-1;-1
;ServiceLog;md;1422970174345;unknown;unknown;1;-1;-1;-1;-1;-1;-1
;ServiceLog;md;1422970175425;unknown;unknown;1;-1;-1;-1;-1;-1;-1
;ServiceLog;md;1422970176458;unknown;unknown;1;-1;-1;-1;-1;-1;-1
;ServiceLog;md;1422970177495;unknown;unknown;1;-1;-1;-1;-1;-1;-1
