ID;Name;User;TimeStamp;NetworkGen;NetworkType;Active;MCC;MNC;LAC;CID;PSC;Power
2173;Марьина Роща 3;md;1422968983475;unknown;unknown;1;-1;-1;-1;-1;-1;-1
2174;Марьина Роща 4;md;1422968997242;unknown;unknown;1;-1;-1;-1;-1;-1;-1
2181;Достоевская 1;md;1422969145662;unknown;unknown;1;-1;-1;-1;-1;-1;-1
2182;Достоевская 2;md;1422969164717;unknown;unknown;1;-1;-1;-1;-1;-1;-1
2183;Достоевская 3;md;1422969186758;unknown;unknown;1;-1;-1;-1;-1;-1;-1
2184;Достоевская 4;md;1422969196944;unknown;unknown;1;-1;-1;-1;-1;-1;-1
1661;Трубная 1;md;1422969286332;unknown;unknown;1;-1;-1;-1;-1;-1;-1
1662;Трубная 2;md;1422969304098;3G;UMTS;1;250;1;660;6882505;-1;-81
1663;Трубная 3;md;1422969326285;3G;UMTS;1;250;1;660;6882505;-1;-87
1664;Трубная 4;md;1422969336991;3G;UMTS;1;250;1;660;6882505;-1;-63
2191;Сретенский бульвар 1;md;1422969432522;2G;EDGE;1;250;1;660;43922;-1;-79
2192;Сретенский бульвар 2;md;1422969453018;2G;EDGE;1;250;1;660;43922;-1;-75
953;Тургеневская 3;md;1422969718041;3G;UMTS;1;250;1;770;6894471;-1;-87
954;Тургеневская 4;md;1422969729359;3G;UMTS;1;250;1;770;6899777;-1;-83
961;Китай-город (КРЛ) 1;md;1422969810577;unknown;unknown;1;-1;-1;-1;-1;-1;-1
962;Китай-город (КРЛ) 2;md;1422969831743;3G;UMTS;1;250;1;770;6944971;-1;-85
963;Китай-город (КРЛ) 3;md;1422969852057;2G;EDGE;1;250;1;770;11282;-1;-79
964;Китай-город (КРЛ) 4;md;1422969863695;2G;EDGE;1;250;1;770;11282;-1;-71
971;Третьяковская (КРЛ) 1;md;1422969990827;unknown;unknown;1;-1;-1;-1;-1;-1;-1
972;Третьяковская (КРЛ) 2;md;1422970009554;unknown;unknown;1;-1;-1;-1;-1;-1;-1
973;Третьяковская (КРЛ) 3;md;1422970033999;2G;EDGE;1;250;1;770;43251;-1;-77
974;Третьяковская (КРЛ) 4;md;1422970046084;2G;EDGE;1;250;1;770;43251;-1;-67
981;Октябрьская (КРЛ) 1;md;1422970155122;unknown;unknown;1;-1;-1;-1;-1;-1;-1
982;Октябрьская (КРЛ) 2;md;1422970172443;unknown;unknown;1;-1;-1;-1;-1;-1;-1
