ID;Name;User;TimeStamp;NetworkGen;NetworkType;Active;MCC;MNC;LAC;CID;PSC;Power
233;Царицыно 3;md;1424162353488;2G;EDGE;1;250;1;770;492;-1;-83
234;Царицыно 4;md;1424162366983;2G;EDGE;1;250;1;770;492;-1;-83
241;Кантемировская 1;md;1424162471868;unknown;unknown;1;-1;-1;-1;-1;-1;-1
242;Кантемировская 2;md;1424162489285;unknown;unknown;1;-1;-1;-1;-1;-1;-1
243;Кантемировская 3;md;1424162508660;unknown;unknown;1;-1;-1;-1;-1;-1;-1
244;Кантемировская 4;md;1424162518843;unknown;unknown;1;-1;-1;-1;-1;-1;-1
2261;Каширская (ЗАМ) 1;md;1424162665554;unknown;unknown;1;-1;-1;-1;-1;-1;-1
2262;Каширская (ЗАМ) 2;md;1424162683498;unknown;unknown;1;-1;-1;-1;-1;-1;-1
2263;Каширская (ЗАМ) 3;md;1424162702894;unknown;unknown;1;-1;-1;-1;-1;-1;-1
2264;Каширская (ЗАМ) 4;md;1424162712491;unknown;unknown;1;-1;-1;-1;-1;-1;-1
281;Коломенская 1;md;1424162867667;unknown;unknown;1;-1;-1;-1;-1;-1;-1
282;Коломенская 2;md;1424162885280;2G;EDGE;1;250;1;770;493;-1;-71
283;Коломенская 3;md;1424162901927;2G;EDGE;1;250;1;770;493;-1;-75
284;Коломенская 4;md;1424162911877;2G;EDGE;1;250;1;770;493;-1;-69
291;Автозаводская 1;md;1424163175214;unknown;unknown;1;-1;-1;-1;-1;-1;-1
292;Автозаводская 2;md;1424163193564;unknown;unknown;1;-1;-1;-1;-1;-1;-1
293;Автозаводская 3;md;1424163209251;2G;EDGE;1;250;1;770;11963;-1;-79
294;Автозаводская 4;md;1424163218431;2G;EDGE;1;250;1;770;11963;-1;-81
301;Павелецкая (ЗАМ) 1;md;1424163385495;unknown;unknown;1;-1;-1;-1;-1;-1;-1
302;Павелецкая (ЗАМ) 2;md;1424163400658;2G;EDGE;1;250;1;770;11962;-1;-69
303;Павелецкая (ЗАМ) 3;md;1424163425306;2G;EDGE;1;250;1;770;11962;-1;-85
304;Павелецкая (ЗАМ) 4;md;1424163433728;2G;EDGE;1;250;1;770;11962;-1;-85
311;Новокузнецкая 1;md;1424163524007;unknown;unknown;1;-1;-1;-1;-1;-1;-1
312;Новокузнецкая 2;md;1424163540513;unknown;unknown;1;-1;-1;-1;-1;-1;-1
313;Новокузнецкая 3;md;1424163563102;2G;EDGE;1;250;1;770;11961;-1;-83
314;Новокузнецкая 4;md;1424163573225;2G;EDGE;1;250;1;770;11961;-1;-85
321;Театральная 1;md;1424163693622;unknown;unknown;1;-1;-1;-1;-1;-1;-1
322;Театральная 2;md;1424163712067;2G;EDGE;1;250;1;770;381;-1;-77
323;Театральная 3;md;1424163737376;2G;EDGE;1;250;1;770;381;-1;-85
324;Театральная 4;md;1424163747117;2G;EDGE;1;250;1;770;381;-1;-87
331;Тверская 1;md;1424163815481;unknown;unknown;1;-1;-1;-1;-1;-1;-1
332;Тверская 2;md;1424163829479;2G;EDGE;1;250;1;770;382;-1;-75
333;Тверская 3;md;1424163854898;2G;EDGE;1;250;1;770;382;-1;-73
334;Тверская 4;md;1424163865123;2G;EDGE;1;250;1;770;382;-1;-73
341;Маяковская 1;md;1424163915888;unknown;unknown;1;-1;-1;-1;-1;-1;-1
342;Маяковская 2;md;1424163932800;unknown;unknown;1;-1;-1;-1;-1;-1;-1
343;Маяковская 3;md;1424163948497;unknown;unknown;1;-1;-1;-1;-1;-1;-1
344;Маяковская 4;md;1424163958444;2G;EDGE;1;250;1;770;383;-1;-91
351;Белорусская (ЗАМ) 1;md;1424164009743;unknown;unknown;1;-1;-1;-1;-1;-1;-1
352;Белорусская (ЗАМ) 2;md;1424164028315;unknown;unknown;1;-1;-1;-1;-1;-1;-1
