ID,Name,User,TimeStamp,NetworkGen,NetworkType,Active,MCC,MNC,LAC,CID,PSC,Power
703,Комсомольская (КЛЦ) 3,Andrey,1433352879639,3G,HSDPA,1,250,99,26627,129593748,-1,-103
,ServiceLog,Andrey,1433352880312,3G,HSDPA,1,250,99,26627,129593748,-1,-103
,ServiceLog,Andrey,1433352881378,3G,HSDPA,1,250,99,26627,129593748,-1,-103
,ServiceLog,Andrey,1433352882450,3G,HSDPA,1,250,99,26627,129593748,-1,-103
,ServiceLog,Andrey,1433352883512,3G,HSDPA,1,250,99,26627,129593748,-1,-103
,ServiceLog,Andrey,1433352884545,3G,HSDPA,1,250,99,26627,129593748,-1,-103
,ServiceLog,Andrey,1433352885623,3G,HSDPA,1,250,99,26627,129593748,-1,-103
,ServiceLog,Andrey,1433352886656,3G,HSDPA,1,250,99,26627,129593748,-1,-103
,ServiceLog,Andrey,1433352887748,3G,HSDPA,1,250,99,26627,129593748,-1,-103
,ServiceLog,Andrey,1433352888846,3G,HSDPA,1,250,99,26627,129593748,-1,-103
,ServiceLog,Andrey,1433352889894,3G,HSDPA,1,250,99,26627,129593748,-1,-101
,ServiceLog,Andrey,1433352890930,3G,HSDPA,1,250,99,26627,129593748,-1,-101
,ServiceLog,Andrey,1433352892034,3G,HSDPA,1,250,99,26627,129593748,-1,-101
,ServiceLog,Andrey,1433352893081,3G,HSDPA,1,250,99,26627,129593748,-1,-97
,ServiceLog,Andrey,1433352894114,3G,HSDPA,1,250,99,26627,129593748,-1,-97
,ServiceLog,Andrey,1433352895195,3G,HSDPA,1,250,99,26627,129593748,-1,-97
704,Комсомольская (КЛЦ) 4,Andrey,1433352895443,3G,HSDPA,1,250,99,26627,129593748,-1,-97
,ServiceLog,Andrey,1433352896261,3G,HSDPA,1,250,99,26627,129593748,-1,-97
,ServiceLog,Andrey,1433352897300,3G,HSDPA,1,250,99,26627,129593748,-1,-97
,ServiceLog,Andrey,1433352898348,3G,HSDPA,1,250,99,26627,129593748,-1,-97
,ServiceLog,Andrey,1433352899390,3G,HSDPA,1,250,99,26627,129593748,-1,-97
,ServiceLog,Andrey,1433352900418,3G,HSDPA,1,250,99,26627,129593748,-1,-97
,ServiceLog,Andrey,1433352901444,3G,HSDPA,1,250,99,26627,129593748,-1,-97
,ServiceLog,Andrey,1433352902493,3G,HSDPA,1,250,99,26627,129593748,-1,-97
,ServiceLog,Andrey,1433352903539,3G,HSDPA,1,250,99,26627,129593748,-1,-97
,ServiceLog,Andrey,1433352904579,3G,HSDPA,1,250,99,26627,129593748,-1,-97
,ServiceLog,Andrey,1433352905641,3G,HSDPA,1,250,99,26627,129593748,-1,-95
,ServiceLog,Andrey,1433352906690,3G,HSDPA,1,250,99,26627,129593748,-1,-95
,ServiceLog,Andrey,1433352907736,3G,HSDPA,1,250,99,26627,129593748,-1,-93
,ServiceLog,Andrey,1433352908754,3G,HSDPA,1,250,99,26627,129593748,-1,-93
,ServiceLog,Andrey,1433352909777,3G,HSDPA,1,250,99,26627,129593748,-1,-93
,ServiceLog,Andrey,1433352910842,3G,HSDPA,1,250,99,26627,129593748,-1,-93
,ServiceLog,Andrey,1433352911861,3G,HSDPA,1,250,99,26627,129593748,-1,-93
,ServiceLog,Andrey,1433352912912,3G,HSDPA,1,250,99,26627,129593748,-1,-93
,ServiceLog,Andrey,1433352913935,3G,HSDPA,1,250,99,26627,129593748,-1,-93
,ServiceLog,Andrey,1433352915003,3G,HSDPA,1,250,99,26627,129593748,-1,-91
,ServiceLog,Andrey,1433352916087,3G,HSDPA,1,250,99,26627,129593748,-1,-91
,ServiceLog,Andrey,1433352917127,3G,HSDPA,1,250,99,26627,129593748,-1,-91
,ServiceLog,Andrey,1433352918148,3G,HSDPA,1,250,99,26627,129593748,-1,-91
,ServiceLog,Andrey,1433352919185,3G,HSDPA,1,250,99,26627,129593748,-1,-91
,ServiceLog,Andrey,1433352920253,3G,HSDPA,1,250,99,26627,129593748,-1,-93
,ServiceLog,Andrey,1433352921295,3G,HSDPA,1,250,99,26627,129593748,-1,-93
,ServiceLog,Andrey,1433352922328,3G,HSDPA,1,250,99,26627,129593748,-1,-93
,ServiceLog,Andrey,1433352923399,3G,HSDPA,1,250,99,26627,129593748,-1,-93
,ServiceLog,Andrey,1433352924448,3G,HSDPA,1,250,99,26627,129593748,-1,-93
,ServiceLog,Andrey,1433352925517,3G,HSDPA,1,250,99,26627,19076,-1,-95
,ServiceLog,Andrey,1433352926529,3G,HSDPA,1,250,99,26627,19076,-1,-99
,ServiceLog,Andrey,1433352927538,3G,HSDPA,1,250,99,26627,19076,-1,-101
,ServiceLog,Andrey,1433352928554,2G,EDGE,1,250,99,26627,19076,-1,-107
,ServiceLog,Andrey,1433352929584,2G,EDGE,1,250,99,26627,19076,-1,-107
,ServiceLog,Andrey,1433352930623,2G,EDGE,1,250,99,26627,19076,-1,-105
,ServiceLog,Andrey,1433352931665,2G,EDGE,1,250,99,26627,19076,-1,-105
,ServiceLog,Andrey,1433352932789,2G,EDGE,1,250,99,26627,19076,-1,-105
,ServiceLog,Andrey,1433352933832,2G,EDGE,1,250,99,26627,19076,-1,-105
,ServiceLog,Andrey,1433352934887,2G,EDGE,1,250,99,26627,19076,-1,-105
,ServiceLog,Andrey,1433352935943,2G,EDGE,1,250,99,26627,19076,-1,-107
,ServiceLog,Andrey,1433352937098,2G,EDGE,1,250,99,26627,19076,-1,-107
,ServiceLog,Andrey,1433352938165,2G,EDGE,1,250,99,26627,19076,-1,-109
,ServiceLog,Andrey,1433352939205,2G,EDGE,1,250,99,26627,19076,-1,-109
,ServiceLog,Andrey,1433352940251,2G,EDGE,1,250,99,26627,19076,-1,-109
,ServiceLog,Andrey,1433352941300,2G,EDGE,1,250,99,26627,19076,-1,-109
,ServiceLog,Andrey,1433352942340,2G,EDGE,1,250,99,26627,19076,-1,-109
,ServiceLog,Andrey,1433352943396,2G,EDGE,1,250,99,26627,19076,-1,-109
,ServiceLog,Andrey,1433352944462,2G,EDGE,1,250,99,26627,19076,-1,-109
,ServiceLog,Andrey,1433352945506,2G,EDGE,1,250,99,26627,19076,-1,-109
,ServiceLog,Andrey,1433352946582,2G,EDGE,1,250,99,26627,19076,-1,-109
,ServiceLog,Andrey,1433352947689,2G,EDGE,1,250,99,26627,19076,-1,-109
,ServiceLog,Andrey,1433352948775,2G,EDGE,1,250,99,26627,19076,-1,-109
,ServiceLog,Andrey,1433352949810,2G,EDGE,1,250,99,26627,19076,-1,-109
,ServiceLog,Andrey,1433352950883,2G,EDGE,1,250,99,26627,19076,-1,-109
,ServiceLog,Andrey,1433352951942,2G,EDGE,1,250,99,26627,19076,-1,-109
,ServiceLog,Andrey,1433352952981,2G,EDGE,1,250,99,26627,19076,-1,-109
,ServiceLog,Andrey,1433352953994,2G,EDGE,1,250,99,26627,19076,-1,-109
,ServiceLog,Andrey,1433352955034,2G,EDGE,1,250,99,26627,19076,-1,-109
,ServiceLog,Andrey,1433352956077,2G,EDGE,1,250,99,26627,19076,-1,-109
,ServiceLog,Andrey,1433352957151,2G,EDGE,1,250,99,26627,19076,-1,-109
,ServiceLog,Andrey,1433352958199,2G,EDGE,1,250,99,26627,19076,-1,-109
,ServiceLog,Andrey,1433352959335,2G,EDGE,1,250,99,26627,19076,-1,-109
,ServiceLog,Andrey,1433352960406,2G,EDGE,1,250,99,26627,19076,-1,-109
,ServiceLog,Andrey,1433352961439,2G,EDGE,1,250,99,26627,19076,-1,-109
,ServiceLog,Andrey,1433352962470,2G,EDGE,1,250,99,26627,19076,-1,-109
,ServiceLog,Andrey,1433352963512,2G,EDGE,1,250,99,26627,19076,-1,-109
,ServiceLog,Andrey,1433352964584,2G,EDGE,1,250,99,26627,19076,-1,-109
,ServiceLog,Andrey,1433352965598,2G,EDGE,1,250,99,26627,19076,-1,-109
,ServiceLog,Andrey,1433352966658,2G,EDGE,1,250,99,26627,19076,-1,-109
,ServiceLog,Andrey,1433352967746,2G,EDGE,1,250,99,26627,19076,-1,-109
,ServiceLog,Andrey,1433352968784,2G,EDGE,1,250,99,26627,19076,-1,-109
,ServiceLog,Andrey,1433352969820,2G,EDGE,1,250,99,26627,19076,-1,-109
,ServiceLog,Andrey,1433352970912,2G,EDGE,1,250,99,26627,19055,-1,-107
,ServiceLog,Andrey,1433352971979,2G,EDGE,1,250,99,26627,19055,-1,-101
,ServiceLog,Andrey,1433352973015,2G,EDGE,1,250,99,26627,19055,-1,-97
,ServiceLog,Andrey,1433352974060,2G,EDGE,1,250,99,26627,19055,-1,-91
,ServiceLog,Andrey,1433352975090,2G,EDGE,1,250,99,26627,19055,-1,-85
,ServiceLog,Andrey,1433352976132,2G,EDGE,1,250,99,26627,19055,-1,-83
,ServiceLog,Andrey,1433352977189,2G,EDGE,1,250,99,26627,19055,-1,-83
,ServiceLog,Andrey,1433352978220,2G,EDGE,1,250,99,26627,19055,-1,-83
,ServiceLog,Andrey,1433352979260,2G,EDGE,1,250,99,26627,19055,-1,-79
,ServiceLog,Andrey,1433352980389,2G,EDGE,1,250,99,26627,19055,-1,-77
,ServiceLog,Andrey,1433352981508,2G,EDGE,1,250,99,26627,19055,-1,-75
,ServiceLog,Andrey,1433352982555,2G,EDGE,1,250,99,26627,19055,-1,-75
,ServiceLog,Andrey,1433352983621,2G,EDGE,1,250,99,26627,19055,-1,-71
,ServiceLog,Andrey,1433352984671,2G,EDGE,1,250,99,26627,19055,-1,-67
,ServiceLog,Andrey,1433352985777,2G,EDGE,1,250,99,26627,19055,-1,-63
,ServiceLog,Andrey,1433352986796,2G,EDGE,1,250,99,26627,19055,-1,-63
,ServiceLog,Andrey,1433352987842,2G,EDGE,1,250,99,26627,19055,-1,-63
,ServiceLog,Andrey,1433352988918,2G,EDGE,1,250,99,26627,19055,-1,-63
,ServiceLog,Andrey,1433352990002,2G,EDGE,1,250,99,26627,19055,-1,-63
,ServiceLog,Andrey,1433352991035,2G,EDGE,1,250,99,26627,19055,-1,-63
,ServiceLog,Andrey,1433352992095,2G,EDGE,1,250,99,26627,19055,-1,-65
,ServiceLog,Andrey,1433352993127,2G,EDGE,1,250,99,26627,19055,-1,-69
,ServiceLog,Andrey,1433352994170,2G,EDGE,1,250,99,26627,19055,-1,-75
,ServiceLog,Andrey,1433352995199,2G,EDGE,1,250,99,26627,19055,-1,-75
,ServiceLog,Andrey,1433352996244,2G,EDGE,1,250,99,26627,19055,-1,-81
,ServiceLog,Andrey,1433352997314,2G,EDGE,1,250,99,26627,19055,-1,-85
,ServiceLog,Andrey,1433352998355,2G,EDGE,1,250,99,26627,19055,-1,-87
691,Проспект Мира (КЛЦ) 1,Andrey,1433352998564,2G,EDGE,1,250,99,26627,19055,-1,-87
,ServiceLog,Andrey,1433352999368,2G,EDGE,1,250,99,26627,19055,-1,-87
,ServiceLog,Andrey,1433353000406,2G,EDGE,1,250,99,26627,19055,-1,-87
,ServiceLog,Andrey,1433353001458,2G,EDGE,1,250,99,26627,19055,-1,-83
,ServiceLog,Andrey,1433353002493,2G,EDGE,1,250,99,26627,19055,-1,-83
,ServiceLog,Andrey,1433353003537,2G,EDGE,1,250,99,26627,19055,-1,-79
,ServiceLog,Andrey,1433353004583,2G,EDGE,1,250,99,26627,19055,-1,-73
,ServiceLog,Andrey,1433353005637,2G,EDGE,1,250,99,26627,19055,-1,-71
,ServiceLog,Andrey,1433353006676,2G,EDGE,1,250,99,26627,19055,-1,-71
,ServiceLog,Andrey,1433353007724,2G,EDGE,1,250,99,26627,19055,-1,-71
692,Проспект Мира (КЛЦ) 2,Andrey,1433353007956,2G,EDGE,1,250,99,26627,19055,-1,-71
