ID,Name,User,TimeStamp,NetworkGen,NetworkType,Active,MCC,MNC,LAC,CID,PSC,Power
733,Павелецкая (КЛЦ) 3,Andrey,1433354213968,3G,HSDPA,1,250,99,26803,129593777,-1,-99
,ServiceLog,Andrey,1433354214492,3G,HSDPA,1,250,99,26803,129593777,-1,-99
,ServiceLog,Andrey,1433354215498,3G,HSDPA,1,250,99,26803,129593777,-1,-99
,ServiceLog,Andrey,1433354216510,3G,HSDPA,1,250,99,26803,129593777,-1,-99
,ServiceLog,Andrey,1433354217576,3G,HSDPA,1,250,99,26803,129593777,-1,-99
,ServiceLog,Andrey,1433354218617,3G,HSDPA,1,250,99,26803,129593777,-1,-99
,ServiceLog,Andrey,1433354219674,3G,HSDPA,1,250,99,26803,129593777,-1,-99
,ServiceLog,Andrey,1433354220742,3G,HSDPA,1,250,99,26803,129593777,-1,-99
,ServiceLog,Andrey,1433354221776,3G,HSDPA,1,250,99,26803,129593777,-1,-99
,ServiceLog,Andrey,1433354222844,3G,HSDPA,1,250,99,26803,129593777,-1,-99
,ServiceLog,Andrey,1433354223914,3G,HSDPA,1,250,99,26803,129593777,-1,-95
,ServiceLog,Andrey,1433354224989,3G,HSDPA,1,250,99,26803,129593777,-1,-95
734,Павелецкая (КЛЦ) 4,Andrey,1433354225730,3G,HSDPA,1,250,99,26803,129593777,-1,-95
,ServiceLog,Andrey,1433354226058,3G,HSDPA,1,250,99,26803,129593777,-1,-91
,ServiceLog,Andrey,1433354227090,3G,HSDPA,1,250,99,26803,129593777,-1,-91
,ServiceLog,Andrey,1433354228215,3G,HSDPA,1,250,99,26803,129593777,-1,-91
,ServiceLog,Andrey,1433354229245,3G,HSDPA,1,250,99,26803,129593777,-1,-91
,ServiceLog,Andrey,1433354230276,3G,HSDPA,1,250,99,26803,129593777,-1,-91
,ServiceLog,Andrey,1433354231312,3G,HSDPA,1,250,99,26803,129593777,-1,-91
,ServiceLog,Andrey,1433354232345,3G,HSDPA,1,250,99,26803,129593777,-1,-91
,ServiceLog,Andrey,1433354233451,3G,HSDPA,1,250,99,26803,129593777,-1,-91
,ServiceLog,Andrey,1433354234494,3G,HSDPA,1,250,99,26803,129593777,-1,-89
,ServiceLog,Andrey,1433354235554,3G,HSDPA,1,250,99,26803,129593777,-1,-89
,ServiceLog,Andrey,1433354236591,3G,HSDPA,1,250,99,26803,129593777,-1,-89
,ServiceLog,Andrey,1433354237639,3G,HSDPA,1,250,99,26803,129593777,-1,-89
,ServiceLog,Andrey,1433354238721,3G,HSDPA,1,250,99,26803,129593777,-1,-89
,ServiceLog,Andrey,1433354239752,3G,HSDPA,1,250,99,26803,129593777,-1,-89
,ServiceLog,Andrey,1433354240808,3G,HSDPA,1,250,99,26803,129593777,-1,-89
,ServiceLog,Andrey,1433354241819,3G,HSDPA,1,250,99,26803,129593777,-1,-89
,ServiceLog,Andrey,1433354242858,3G,HSDPA,1,250,99,26803,129593777,-1,-89
,ServiceLog,Andrey,1433354243897,3G,HSDPA,1,250,99,26803,129593777,-1,-89
,ServiceLog,Andrey,1433354244964,3G,HSDPA,1,250,99,26803,129593777,-1,-93
,ServiceLog,Andrey,1433354246005,3G,HSDPA,1,250,99,26803,129593777,-1,-93
,ServiceLog,Andrey,1433354247107,3G,HSDPA,1,250,99,26803,129593777,-1,-93
,ServiceLog,Andrey,1433354248202,3G,HSDPA,1,250,99,26803,129598307,-1,-95
,ServiceLog,Andrey,1433354249215,3G,HSDPA,1,250,99,26803,129598307,-1,-95
,ServiceLog,Andrey,1433354250250,3G,HSDPA,1,250,99,26803,129598307,-1,-95
,ServiceLog,Andrey,1433354251348,3G,HSDPA,1,250,99,26803,129598307,-1,-101
,ServiceLog,Andrey,1433354252442,3G,HSDPA,1,250,99,26803,129598307,-1,-101
,ServiceLog,Andrey,1433354253477,3G,HSDPA,1,250,99,26803,129598307,-1,-101
,ServiceLog,Andrey,1433354254508,3G,HSDPA,1,250,99,26803,129598307,-1,-101
,ServiceLog,Andrey,1433354255538,3G,HSDPA,1,250,99,26803,129598307,-1,-103
,ServiceLog,Andrey,1433354256568,3G,HSDPA,1,250,99,26803,129598307,-1,-103
,ServiceLog,Andrey,1433354257588,3G,HSDPA,1,250,99,26803,129598307,-1,-107
,ServiceLog,Andrey,1433354258634,3G,HSDPA,1,250,99,26803,129598307,-1,-107
,ServiceLog,Andrey,1433354259675,3G,HSDPA,1,250,99,26803,129598307,-1,-107
,ServiceLog,Andrey,1433354260687,3G,HSDPA,1,250,99,26803,129598307,-1,-107
,ServiceLog,Andrey,1433354261735,3G,HSDPA,1,250,99,26803,129598307,-1,-107
,ServiceLog,Andrey,1433354262750,3G,HSDPA,1,250,99,26803,129598307,-1,-111
,ServiceLog,Andrey,1433354263851,3G,HSDPA,1,250,99,26803,129598307,-1,-111
,ServiceLog,Andrey,1433354264950,3G,HSDPA,1,250,99,26803,129598307,-1,-111
,ServiceLog,Andrey,1433354266005,3G,HSDPA,1,250,99,26803,129598307,-1,-111
,ServiceLog,Andrey,1433354267020,3G,HSDPA,1,250,99,26802,129593798,-1,-113
,ServiceLog,Andrey,1433354268062,3G,HSDPA,1,250,99,26802,129593798,-1,-113
,ServiceLog,Andrey,1433354269108,3G,HSDPA,1,250,99,26802,129593798,-1,-113
,ServiceLog,Andrey,1433354270138,3G,HSDPA,1,250,99,26802,129593798,-1,-113
741,Добрынинская 1,Andrey,1433354270571,3G,HSDPA,1,250,99,26802,129593798,-1,-113
,ServiceLog,Andrey,1433354271181,3G,HSDPA,1,250,99,26802,129593798,-1,-113
,ServiceLog,Andrey,1433354272198,3G,HSDPA,1,250,99,26802,129593798,-1,-113
,ServiceLog,Andrey,1433354273237,3G,HSDPA,1,250,99,26802,129593798,-1,-113
,ServiceLog,Andrey,1433354274252,3G,HSDPA,1,250,99,26802,129593798,-1,-113
,ServiceLog,Andrey,1433354275297,3G,HSDPA,1,250,99,26802,129593798,-1,-113
,ServiceLog,Andrey,1433354276420,3G,HSDPA,1,250,99,26802,129593798,-1,-113
,ServiceLog,Andrey,1433354277456,3G,HSDPA,1,250,99,26802,129593798,-1,-113
,ServiceLog,Andrey,1433354278493,3G,HSDPA,1,250,99,26802,129593798,-1,-113
,ServiceLog,Andrey,1433354279606,3G,HSDPA,1,250,99,26802,129593798,-1,-113
,ServiceLog,Andrey,1433354280641,3G,HSDPA,1,250,99,26802,129593798,-1,-113
,ServiceLog,Andrey,1433354281687,3G,HSDPA,1,250,99,26802,129593798,-1,-113
,ServiceLog,Andrey,1433354282753,3G,HSDPA,1,250,99,26802,129593798,-1,-113
,ServiceLog,Andrey,1433354283805,2G,EDGE,1,250,99,26802,19126,-1,-109
,ServiceLog,Andrey,1433354284896,2G,EDGE,1,250,99,26802,19126,-1,-109
,ServiceLog,Andrey,1433354285912,2G,EDGE,1,250,99,26802,19126,-1,-109
,ServiceLog,Andrey,1433354286954,2G,EDGE,1,250,99,26802,19126,-1,-109
,ServiceLog,Andrey,1433354287971,2G,EDGE,1,250,99,26802,19126,-1,-109
,ServiceLog,Andrey,1433354289006,2G,EDGE,1,250,99,26802,19126,-1,-99
,ServiceLog,Andrey,1433354290137,2G,EDGE,1,250,99,26802,19126,-1,-93
,ServiceLog,Andrey,1433354291214,2G,GPRS,1,250,99,26802,-1,-1,-89
,ServiceLog,Andrey,1433354292244,2G,GPRS,1,250,99,26802,-1,-1,-89
742,Добрынинская 2,Andrey,1433354293256,2G,GPRS,1,250,99,26802,-1,-1,-83
