ID,Name,User,TimeStamp,NetworkGen,NetworkType,Active,MCC,MNC,LAC,CID,PSC,Power
753,Октябрьская (КЛЦ) 3,Andrey,1433354450869,2G,EDGE,1,250,99,26802,19067,-1,-91
,ServiceLog,Andrey,1433354451621,2G,EDGE,1,250,99,26802,19067,-1,-91
,ServiceLog,Andrey,1433354452656,2G,EDGE,1,250,99,26802,19067,-1,-91
,ServiceLog,Andrey,1433354453792,2G,EDGE,1,250,99,26802,19067,-1,-91
,ServiceLog,Andrey,1433354454824,2G,EDGE,1,250,99,26802,19067,-1,-91
,ServiceLog,Andrey,1433354455853,2G,EDGE,1,250,99,26802,19067,-1,-91
,ServiceLog,Andrey,1433354456899,2G,EDGE,1,250,99,26802,19067,-1,-91
,ServiceLog,Andrey,1433354457952,2G,EDGE,1,250,99,26802,19067,-1,-91
,ServiceLog,Andrey,1433354459009,2G,EDGE,1,250,99,26802,19067,-1,-91
,ServiceLog,Andrey,1433354460066,2G,EDGE,1,250,99,26802,19067,-1,-91
,ServiceLog,Andrey,1433354461123,2G,EDGE,1,250,99,26802,19067,-1,-91
,ServiceLog,Andrey,1433354462153,2G,GPRS,1,250,99,26802,-1,-1,-91
,ServiceLog,Andrey,1433354463205,3G,HSDPA,1,250,99,26802,129593739,-1,-105
754,Октябрьская (КЛЦ) 4,Andrey,1433354463328,3G,HSDPA,1,250,99,26802,129593739,-1,-105
,ServiceLog,Andrey,1433354464228,3G,HSDPA,1,250,99,26802,129593739,-1,-105
,ServiceLog,Andrey,1433354465255,3G,HSDPA,1,250,99,26802,129593739,-1,-105
,ServiceLog,Andrey,1433354466284,3G,HSDPA,1,250,99,26802,129593739,-1,-105
,ServiceLog,Andrey,1433354467309,3G,HSDPA,1,250,99,26802,129593739,-1,-105
,ServiceLog,Andrey,1433354468335,3G,HSDPA,1,250,99,26802,129593739,-1,-105
,ServiceLog,Andrey,1433354469465,3G,HSDPA,1,250,99,26802,129593739,-1,-105
,ServiceLog,Andrey,1433354470550,3G,HSDPA,1,250,99,26802,129593739,-1,-105
,ServiceLog,Andrey,1433354471620,3G,HSDPA,1,250,99,26802,19067,-1,-105
,ServiceLog,Andrey,1433354472665,2G,EDGE,1,250,99,26802,19067,-1,-105
,ServiceLog,Andrey,1433354473678,2G,EDGE,1,250,99,26802,19067,-1,-103
,ServiceLog,Andrey,1433354474719,2G,EDGE,1,250,99,26802,19067,-1,-99
,ServiceLog,Andrey,1433354475754,2G,EDGE,1,250,99,26802,19067,-1,-93
,ServiceLog,Andrey,1433354476786,2G,EDGE,1,250,99,26802,19067,-1,-85
,ServiceLog,Andrey,1433354477846,2G,EDGE,1,250,99,26802,19067,-1,-79
,ServiceLog,Andrey,1433354478877,2G,EDGE,1,250,99,26802,19067,-1,-75
,ServiceLog,Andrey,1433354479917,2G,EDGE,1,250,99,26802,19067,-1,-73
,ServiceLog,Andrey,1433354480986,2G,EDGE,1,250,99,26802,19067,-1,-73
,ServiceLog,Andrey,1433354482098,2G,EDGE,1,250,99,26802,19067,-1,-73
,ServiceLog,Andrey,1433354483124,2G,EDGE,1,250,99,26802,19067,-1,-73
,ServiceLog,Andrey,1433354484153,2G,GPRS,1,250,99,26802,-1,-1,-73
,ServiceLog,Andrey,1433354485167,2G,GPRS,1,250,99,26802,-1,-1,-73
,ServiceLog,Andrey,1433354486192,2G,GPRS,1,250,99,26802,-1,-1,-73
,ServiceLog,Andrey,1433354487202,2G,GPRS,1,250,99,26802,-1,-1,-73
,ServiceLog,Andrey,1433354488222,2G,GPRS,1,250,99,26802,-1,-1,-75
,ServiceLog,Andrey,1433354489305,2G,GPRS,1,250,99,26802,-1,-1,-75
,ServiceLog,Andrey,1433354490340,2G,GPRS,1,250,99,26802,-1,-1,-75
,ServiceLog,Andrey,1433354491373,2G,EDGE,1,250,99,26802,19067,-1,-81
,ServiceLog,Andrey,1433354492403,2G,EDGE,1,250,99,26802,19067,-1,-81
,ServiceLog,Andrey,1433354493460,2G,EDGE,1,250,99,26802,19067,-1,-81
,ServiceLog,Andrey,1433354494488,2G,EDGE,1,250,99,26802,19067,-1,-81
,ServiceLog,Andrey,1433354495510,2G,EDGE,1,250,99,26802,19067,-1,-81
,ServiceLog,Andrey,1433354496539,2G,EDGE,1,250,99,26802,19067,-1,-89
,ServiceLog,Andrey,1433354497604,2G,EDGE,1,250,99,26802,19067,-1,-97
,ServiceLog,Andrey,1433354498631,2G,EDGE,1,250,99,26802,19067,-1,-103
,ServiceLog,Andrey,1433354499704,2G,EDGE,1,250,99,26802,19067,-1,-109
,ServiceLog,Andrey,1433354500736,2G,EDGE,1,250,99,26802,19067,-1,-109
,ServiceLog,Andrey,1433354501818,2G,EDGE,1,250,99,26802,19067,-1,-109
,ServiceLog,Andrey,1433354502867,2G,EDGE,1,250,99,26802,19067,-1,-109
,ServiceLog,Andrey,1433354503900,2G,EDGE,1,250,99,26802,19067,-1,-111
,ServiceLog,Andrey,1433354504939,2G,EDGE,1,250,99,26802,19067,-1,-111
,ServiceLog,Andrey,1433354505985,2G,EDGE,1,250,99,26802,19067,-1,-111
,ServiceLog,Andrey,1433354507039,2G,EDGE,1,250,99,26802,19067,-1,-111
,ServiceLog,Andrey,1433354508110,2G,EDGE,1,250,99,26802,19067,-1,-111
,ServiceLog,Andrey,1433354509170,2G,EDGE,1,250,99,26802,19067,-1,-111
,ServiceLog,Andrey,1433354510257,2G,EDGE,1,250,99,26802,19067,-1,-111
,ServiceLog,Andrey,1433354511317,2G,EDGE,1,250,99,26802,19087,-1,-111
,ServiceLog,Andrey,1433354512344,2G,EDGE,1,250,99,26802,19087,-1,-107
,ServiceLog,Andrey,1433354513413,2G,EDGE,1,250,99,26802,19087,-1,-101
,ServiceLog,Andrey,1433354514440,2G,EDGE,1,250,99,26802,19087,-1,-95
,ServiceLog,Andrey,1433354515500,2G,EDGE,1,250,99,26802,19087,-1,-89
,ServiceLog,Andrey,1433354516548,2G,EDGE,1,250,99,26802,19087,-1,-79
,ServiceLog,Andrey,1433354517580,2G,EDGE,1,250,99,26802,19087,-1,-75
,ServiceLog,Andrey,1433354518634,2G,EDGE,1,250,99,26802,19087,-1,-71
,ServiceLog,Andrey,1433354519660,2G,EDGE,1,250,99,26802,19087,-1,-71
,ServiceLog,Andrey,1433354520691,2G,EDGE,1,250,99,26802,19087,-1,-69
,ServiceLog,Andrey,1433354521750,2G,EDGE,1,250,99,26802,19087,-1,-69
,ServiceLog,Andrey,1433354522794,2G,EDGE,1,250,99,26802,19087,-1,-69
,ServiceLog,Andrey,1433354523839,2G,EDGE,1,250,99,26802,19087,-1,-69
,ServiceLog,Andrey,1433354524883,2G,EDGE,1,250,99,26802,19087,-1,-69
,ServiceLog,Andrey,1433354525939,2G,EDGE,1,250,99,26802,19087,-1,-73
,ServiceLog,Andrey,1433354526967,2G,EDGE,1,250,99,26802,19087,-1,-73
,ServiceLog,Andrey,1433354527980,2G,EDGE,1,250,99,26802,19087,-1,-79
,ServiceLog,Andrey,1433354529027,2G,EDGE,1,250,99,26802,19087,-1,-85
,ServiceLog,Andrey,1433354530065,2G,EDGE,1,250,99,26802,19087,-1,-87
,ServiceLog,Andrey,1433354531119,2G,EDGE,1,250,99,26802,19087,-1,-87
,ServiceLog,Andrey,1433354532179,2G,EDGE,1,250,99,26802,19087,-1,-85
761,Парк культуры (КЛЦ) 1,Andrey,1433354532512,2G,EDGE,1,250,99,26802,19087,-1,-85
,ServiceLog,Andrey,1433354533205,2G,EDGE,1,250,99,26802,19087,-1,-81
,ServiceLog,Andrey,1433354534223,2G,EDGE,1,250,99,26802,19087,-1,-75
,ServiceLog,Andrey,1433354535288,2G,EDGE,1,250,99,26802,19087,-1,-75
,ServiceLog,Andrey,1433354536319,2G,EDGE,1,250,99,26802,19087,-1,-71
,ServiceLog,Andrey,1433354537364,2G,EDGE,1,250,99,26802,19087,-1,-69
,ServiceLog,Andrey,1433354538400,2G,EDGE,1,250,99,26802,19087,-1,-69
,ServiceLog,Andrey,1433354539431,2G,EDGE,1,250,99,26802,19087,-1,-69
762,Парк культуры (КЛЦ) 2,Andrey,1433354539852,2G,EDGE,1,250,99,26802,19087,-1,-69
