ID;Name;User;TimeStamp;DateTime;Type;Accel_X;Accel_Y;Accel_Z;Azimuth;Pitch;Roll;Magnetic_X;Magnetic_Y;Magnetic_Z;Gyro_X;Gyro_Y;Gyro_Z;GPS_Lat;GPS_Lon;GPS_Alt;GPS_Accuracy;GPS_Speed;GPS_Bearing;Audio
303;Технологический институт (син) 3;natalie;1445517994577;22.10.2015 15:46:34;Raw;-0.852;6.301;6.167;167.32813;-37.859375;5.1875;-30.42;-24.12;109.56;NaN;NaN;NaN;NaN;NaN;NaN;NaN;NaN;NaN;70
304;Технологический институт (син) 4;natalie;1445518004172;22.10.2015 15:46:44;Raw;-0.201;5.506;9.404;171.89063;-31.71875;2.40625;-22.56;-19.74;112.02;NaN;NaN;NaN;NaN;NaN;NaN;NaN;NaN;NaN;90
291;Фрунзенская 1;natalie;1445518088327;22.10.2015 15:48:08;Raw;-2.355;4.788;7.853;181.23438;-29.875;10.65625;-1.08;-21.06;18.42;NaN;NaN;NaN;NaN;NaN;NaN;NaN;NaN;NaN;87
292;Фрунзенская 2;natalie;1445518102141;22.10.2015 15:48:22;Raw;-0.861;2.624;10.515;347.85938;-16.984375;5.46875;2.88;51.6;35.82;NaN;NaN;NaN;NaN;NaN;NaN;NaN;NaN;NaN;79
293;Фрунзенская 3;natalie;1445518121674;22.10.2015 15:48:41;Raw;0.9;5.114;7.134;49.375;-26.328125;-0.921875;-25.38;22.98;-13.26;NaN;NaN;NaN;NaN;NaN;NaN;NaN;NaN;NaN;83
294;Фрунзенская 4;natalie;1445518131492;22.10.2015 15:48:51;Raw;1.13;4.664;7.767;40.578125;-30.703125;-7.125;-32.34;8.46;-51.18;NaN;NaN;NaN;NaN;NaN;NaN;NaN;NaN;NaN;90
281;Московские ворота 1;natalie;1445518214065;22.10.2015 15:50:14;Raw;0.699;3.601;8.121;55.96875;-16.390625;0.0;-39.36;19.92;-28.62;NaN;NaN;NaN;NaN;NaN;NaN;NaN;NaN;NaN;86
282;Московские ворота 2;natalie;1445518231514;22.10.2015 15:50:31;Raw;1.149;2.834;8.973;77.828125;-16.484375;-4.8125;-33.24;19.14;40.26;NaN;NaN;NaN;NaN;NaN;NaN;NaN;NaN;NaN;79
283;Московские ворота 3;natalie;1445518253277;22.10.2015 15:50:53;Raw;1.723;3.878;9.174;70.53125;-20.609375;-8.625;-34.38;23.46;32.64;NaN;NaN;NaN;NaN;NaN;NaN;NaN;NaN;NaN;77
284;Московские ворота 4;natalie;1445518263413;22.10.2015 15:51:03;Raw;1.273;2.729;7.996;77.953125;-20.25;-9.609375;-42.42;23.22;30.54;NaN;NaN;NaN;NaN;NaN;NaN;NaN;NaN;NaN;90
271;Электросила 1;natalie;1445518359187;22.10.2015 15:52:39;Raw;-0.325;5.238;9.069;74.3125;-30.296875;-2.296875;-44.76;3.12;-8.22;NaN;NaN;NaN;NaN;NaN;NaN;NaN;NaN;NaN;88
272;Электросила 2;natalie;1445518370875;22.10.2015 15:52:50;Raw;-2.269;4.261;8.494;63.390625;-22.390625;10.171875;-40.74;25.74;-2.4;NaN;NaN;NaN;NaN;NaN;NaN;NaN;NaN;NaN;88
273;Электросила 3;natalie;1445518393000;22.10.2015 15:53:13;Raw;0.344;4.261;10.324;82.78125;-30.0625;-6.1875;-41.7;22.98;31.2;NaN;NaN;NaN;NaN;NaN;NaN;NaN;NaN;NaN;85
274;Электросила 4;natalie;1445518402477;22.10.2015 15:53:22;Raw;0.919;4.846;5.928;75.9375;-26.421875;-4.796875;-51.66;32.34;35.16;NaN;NaN;NaN;NaN;NaN;NaN;NaN;NaN;NaN;90
261;Парк Победы 1;natalie;1445518506992;22.10.2015 15:55:06;Raw;-1.676;3.026;9.481;146.3125;-21.203125;7.65625;-37.08;-40.38;50.7;NaN;NaN;NaN;NaN;NaN;NaN;NaN;NaN;NaN;90
262;Парк Победы 2;natalie;1445518522724;22.10.2015 15:55:22;Raw;-0.766;4.597;8.878;224.84375;-25.359375;6.953125;-4.26;35.16;86.04;NaN;NaN;NaN;NaN;NaN;NaN;NaN;NaN;NaN;89
263;Парк Победы 3;natalie;1445518551349;22.10.2015 15:55:51;Raw;0.986;5.277;6.924;19.828125;-26.40625;-3.921875;-4.2;59.7;50.7;NaN;NaN;NaN;NaN;NaN;NaN;NaN;NaN;NaN;82
264;Парк Победы 4;natalie;1445518563784;22.10.2015 15:56:03;Raw;0.191;4.798;9.136;1.078125;-36.90625;-5.34375;-3.72;19.74;-90.54;NaN;NaN;NaN;NaN;NaN;NaN;NaN;NaN;NaN;90
251;Московская 1;natalie;1445518693092;22.10.2015 15:58:13;Raw;-1.005;5.047;8.973;78.625;-26.1875;5.859375;-33.06;-24.9;-64.56;NaN;NaN;NaN;NaN;NaN;NaN;NaN;NaN;NaN;85
252;Московская 2;natalie;1445518707443;22.10.2015 15:58:27;Raw;-1.206;4.568;9.174;74.03125;-31.109375;6.703125;-35.94;-17.76;-60.66;NaN;NaN;NaN;NaN;NaN;NaN;NaN;NaN;NaN;80
253;Московская 3;natalie;1445518861501;22.10.2015 16:01:01;Raw;-2.087;2.298;9.194;224.70313;-13.765625;9.53125;30.6;-27.18;-21.78;NaN;NaN;NaN;NaN;NaN;NaN;NaN;NaN;NaN;76
254;Московская 4;natalie;1445518876092;22.10.2015 16:01:16;Raw;-2.537;1.656;9.328;215.89063;-8.984375;13.46875;60.54;-64.26;-89.16;NaN;NaN;NaN;NaN;NaN;NaN;NaN;NaN;NaN;90
241;Звёздная 1;natalie;1445519032016;22.10.2015 16:03:52;Raw;-3.007;2.959;10.046;20.953125;-17.765625;20.34375;3.06;10.26;-44.1;NaN;NaN;NaN;NaN;NaN;NaN;NaN;NaN;NaN;89
242;Звёздная 2;natalie;1445519047914;22.10.2015 16:04:07;Raw;-2.978;2.566;9.098;40.53125;-13.328125;18.921875;-3.24;3.9;-8.28;NaN;NaN;NaN;NaN;NaN;NaN;NaN;NaN;NaN;76
243;Звёздная 3;natalie;1445519084871;22.10.2015 16:04:44;Raw;-1.896;2.461;9.883;26.484375;-14.53125;11.546875;33.24;-28.74;-141.78;NaN;NaN;NaN;NaN;NaN;NaN;NaN;NaN;NaN;77
244;Звёздная 4;natalie;1445519099558;22.10.2015 16:04:59;Raw;-2.959;1.838;7.786;344.45313;-12.984375;12.984375;41.04;4.74;-135.36;NaN;NaN;NaN;NaN;NaN;NaN;NaN;NaN;NaN;90
231;Купчино 1;natalie;1445519307943;22.10.2015 16:08:27;Raw;-3.093;2.643;9.337;175.09375;-18.453125;14.15625;9.0;-43.56;-32.88;NaN;NaN;NaN;NaN;NaN;NaN;NaN;NaN;NaN;87
232;Купчино 2;natalie;1445519336333;22.10.2015 16:08:56;Raw;-2.94;1.723;9.749;170.5625;-12.234375;15.375;29.58;-62.34;-119.22;NaN;NaN;NaN;NaN;NaN;NaN;NaN;NaN;NaN;79
233;Купчино 3;natalie;1445519501249;22.10.2015 16:11:41;Raw;-0.679;6.56;8.581;346.85938;-46.125;13.46875;36.24;9.42;-106.56;NaN;NaN;NaN;NaN;NaN;NaN;NaN;NaN;NaN;84
234;Купчино 4;natalie;1445519514085;22.10.2015 16:11:54;Raw;0.814;5.842;6.924;323.125;-32.609375;-1.34375;19.14;1.86;-67.26;NaN;NaN;NaN;NaN;NaN;NaN;NaN;NaN;NaN;84
241;Звёздная 1;natalie;1445519608507;22.10.2015 16:13:28;Raw;-0.66;6.148;7.795;17.765625;-37.484375;-0.484375;-8.34;18.9;-23.22;NaN;NaN;NaN;NaN;NaN;NaN;NaN;NaN;NaN;90
242;Звёздная 2;natalie;1445519625687;22.10.2015 16:13:45;Raw;-0.622;5.19;6.818;4.671875;-32.90625;3.46875;-6.48;40.8;2.28;NaN;NaN;NaN;NaN;NaN;NaN;NaN;NaN;NaN;77
243;Звёздная 3;natalie;1445519656335;22.10.2015 16:14:16;Raw;-1.752;4.903;8.37;136.0;-30.546875;8.21875;-9.72;3.6;31.38;NaN;NaN;NaN;NaN;NaN;NaN;NaN;NaN;NaN;80
244;Звёздная 4;natalie;1445519667400;22.10.2015 16:14:27;Raw;-0.727;3.859;8.063;161.90625;-22.65625;0.453125;-54.72;-187.14;96.84;NaN;NaN;NaN;NaN;NaN;NaN;NaN;NaN;NaN;89
251;Московская 1;natalie;1445519800812;22.10.2015 16:16:40;Raw;-0.938;4.644;8.006;346.39063;-29.296875;4.453125;10.74;75.6;37.62;NaN;NaN;NaN;NaN;NaN;NaN;NaN;NaN;NaN;88
252;Московская 2;natalie;1445519879363;22.10.2015 16:17:59;Raw;-0.747;4.874;6.579;53.421875;-29.75;0.671875;-9.96;-57.6;-115.92;NaN;NaN;NaN;NaN;NaN;NaN;NaN;NaN;NaN;83
253;Московская 3;natalie;1445519915195;22.10.2015 16:18:35;Raw;-1.599;5.315;6.617;252.46875;-37.96875;10.640625;16.2;42.72;81.0;NaN;NaN;NaN;NaN;NaN;NaN;NaN;NaN;NaN;77
254;Московская 4;natalie;1445519926804;22.10.2015 16:18:46;Raw;0.191;5.602;7.68;247.42188;-37.265625;-3.078125;34.32;40.68;67.2;NaN;NaN;NaN;NaN;NaN;NaN;NaN;NaN;NaN;90
261;Парк Победы 1;natalie;1445520030799;22.10.2015 16:20:30;Raw;-1.034;5.631;8.485;311.0625;-37.546875;2.96875;40.26;48.06;1.86;NaN;NaN;NaN;NaN;NaN;NaN;NaN;NaN;NaN;90
262;Парк Победы 2;natalie;1445520050199;22.10.2015 16:20:50;Raw;-0.66;5.918;7.968;299.65625;-39.25;4.171875;10.8;10.86;5.34;NaN;NaN;NaN;NaN;NaN;NaN;NaN;NaN;NaN;75
263;Парк Победы 3;natalie;1445520084618;22.10.2015 16:21:24;Raw;-1.685;5.918;6.742;92.90625;-38.171875;8.953125;-33.36;-30.24;-41.04;NaN;NaN;NaN;NaN;NaN;NaN;NaN;NaN;NaN;81
264;Парк Победы 4;natalie;1445520101962;22.10.2015 16:21:41;Raw;-1.762;5.861;7.738;70.671875;-33.8125;6.328125;-80.16;69.6;46.8;NaN;NaN;NaN;NaN;NaN;NaN;NaN;NaN;NaN;90
271;Электросила 1;natalie;1445520178560;22.10.2015 16:22:58;Raw;-1.743;4.826;7.776;342.39063;-30.8125;11.921875;16.26;15.12;-40.8;NaN;NaN;NaN;NaN;NaN;NaN;NaN;NaN;NaN;86
272;Электросила 2;natalie;1445520194533;22.10.2015 16:23:14;Raw;-0.574;5.296;7.211;348.03125;-35.78125;9.25;10.92;14.34;-43.62;NaN;NaN;NaN;NaN;NaN;NaN;NaN;NaN;NaN;75
273;Электросила 3;natalie;1445520213461;22.10.2015 16:23:33;Raw;-2.288;5.937;6.847;345.65625;-40.234375;6.140625;20.22;12.24;-57.6;NaN;NaN;NaN;NaN;NaN;NaN;NaN;NaN;NaN;78
274;Электросила 4;natalie;1445520226599;22.10.2015 16:23:46;Raw;-1.446;6.052;7.632;335.40625;-42.390625;8.0;32.4;39.42;-42.96;NaN;NaN;NaN;NaN;NaN;NaN;NaN;NaN;NaN;90
281;Московские ворота 1;natalie;1445520303606;22.10.2015 16:25:03;Raw;-1.522;5.219;9.261;295.96875;-29.0625;8.078125;34.86;-27.9;-65.46;NaN;NaN;NaN;NaN;NaN;NaN;NaN;NaN;NaN;88
282;Московские ворота 2;natalie;1445520321424;22.10.2015 16:25:21;Raw;-1.101;4.941;7.537;32.15625;-28.71875;5.96875;-13.32;19.5;-12.6;NaN;NaN;NaN;NaN;NaN;NaN;NaN;NaN;NaN;78
283;Московские ворота 3;natalie;1445520344442;22.10.2015 16:25:44;Raw;-3.026;4.74;7.278;29.0;-30.484375;15.34375;-10.44;20.58;-12.18;NaN;NaN;NaN;NaN;NaN;NaN;NaN;NaN;NaN;79
284;Московские ворота 4;natalie;1445520355603;22.10.2015 16:25:55;Raw;-1.484;4.731;8.044;36.015625;-32.390625;6.5;-16.26;19.92;-4.8;NaN;NaN;NaN;NaN;NaN;NaN;NaN;NaN;NaN;90
291;Фрунзенская 1;natalie;1445520436617;22.10.2015 16:27:16;Raw;-2.557;6.215;7.431;9.25;-43.421875;18.203125;-16.74;57.24;-5.16;NaN;NaN;NaN;NaN;NaN;NaN;NaN;NaN;NaN;87
292;Фрунзенская 2;natalie;1445520452313;22.10.2015 16:27:32;Raw;-1.695;5.775;7.68;18.84375;-35.140625;12.203125;-5.16;25.56;-32.46;NaN;NaN;NaN;NaN;NaN;NaN;NaN;NaN;NaN;73
293;Фрунзенская 3;natalie;1445520474375;22.10.2015 16:27:54;Raw;-3.399;5.449;5.219;33.953125;-36.25;14.703125;-18.12;21.54;-9.36;NaN;NaN;NaN;NaN;NaN;NaN;NaN;NaN;NaN;76
294;Фрунзенская 4;natalie;1445520485018;22.10.2015 16:28:05;Raw;-0.775;5.784;7.163;17.546875;-39.546875;7.484375;-0.84;-3.72;-11.04;NaN;NaN;NaN;NaN;NaN;NaN;NaN;NaN;NaN;89
301;Технологический институт (син) 1;natalie;1445520562851;22.10.2015 16:29:22;Raw;-2.068;3.294;9.356;176.4375;-18.96875;11.71875;-2.94;-2.16;8.28;NaN;NaN;NaN;NaN;NaN;NaN;NaN;NaN;NaN;86
302;Технологический институт (син) 2;natalie;1445520581440;22.10.2015 16:29:41;Raw;-1.762;3.122;8.571;206.79688;-20.34375;8.25;-1.74;4.26;27.96;NaN;NaN;NaN;NaN;NaN;NaN;NaN;NaN;NaN;80
303;Технологический институт (син) 3;natalie;1445520615804;22.10.2015 16:30:15;Raw;-2.355;5.889;8.245;254.45313;-37.84375;7.171875;5.4;28.98;46.08;NaN;NaN;NaN;NaN;NaN;NaN;NaN;NaN;NaN;74
304;Технологический институт (син) 4;natalie;1445520630133;22.10.2015 16:30:30;Raw;-0.833;6.244;5.526;282.54688;-35.453125;1.625;16.38;-16.68;-26.34;NaN;NaN;NaN;NaN;NaN;NaN;NaN;NaN;NaN;90
311;Сенная площадь 1;natalie;1445520702765;22.10.2015 16:31:42;Raw;-3.15;5.727;4.932;130.42188;-40.03125;12.609375;-6.84;5.22;13.56;NaN;NaN;NaN;NaN;NaN;NaN;NaN;NaN;NaN;87
312;Сенная площадь 2;natalie;1445520718236;22.10.2015 16:31:58;Raw;-1.359;6.253;7.163;338.54688;-36.671875;9.265625;11.94;34.38;-4.98;NaN;NaN;NaN;NaN;NaN;NaN;NaN;NaN;NaN;78
313;Сенная площадь 3;natalie;1445520749586;22.10.2015 16:32:29;Raw;-2.662;5.564;7.403;341.875;-38.421875;11.09375;-0.66;24.54;15.66;NaN;NaN;NaN;NaN;NaN;NaN;NaN;NaN;NaN;75
314;Сенная площадь 4;natalie;1445520760421;22.10.2015 16:32:40;Raw;-2.863;3.419;5.976;215.25;-24.0625;16.78125;28.26;-52.5;32.4;NaN;NaN;NaN;NaN;NaN;NaN;NaN;NaN;NaN;86
321;Невский проспект 1;natalie;1445520838193;22.10.2015 16:33:58;Raw;-1.838;3.677;8.657;231.39063;-24.0625;13.09375;64.8;-55.38;63.36;NaN;NaN;NaN;NaN;NaN;NaN;NaN;NaN;NaN;90
322;Невский проспект 2;natalie;1445520858224;22.10.2015 16:34:18;Raw;-1.216;3.668;9.021;182.3125;-21.0625;8.453125;-1.62;-79.56;37.5;NaN;NaN;NaN;NaN;NaN;NaN;NaN;NaN;NaN;76
323;Невский проспект 3;natalie;1445520890886;22.10.2015 16:34:50;Raw;-4.146;4.031;5.535;301.96875;-22.875;19.3125;80.76;33.0;-33.18;NaN;NaN;NaN;NaN;NaN;NaN;NaN;NaN;NaN;79
324;Невский проспект 4;natalie;1445520906782;22.10.2015 16:35:06;Raw;-1.532;4.807;6.349;296.5625;-30.875;6.5;53.7;9.54;-26.28;NaN;NaN;NaN;NaN;NaN;NaN;NaN;NaN;NaN;89
331;Горьковская 1;natalie;1445521039811;22.10.2015 16:37:19;Raw;-1.522;5.286;7.996;262.125;-33.828125;4.65625;27.48;2.58;15.3;NaN;NaN;NaN;NaN;NaN;NaN;NaN;NaN;NaN;83
332;Горьковская 2;natalie;1445521054927;22.10.2015 16:37:34;Raw;-1.187;4.941;8.475;310.45313;-35.078125;13.640625;27.24;2.58;-28.74;NaN;NaN;NaN;NaN;NaN;NaN;NaN;NaN;NaN;74
333;Горьковская 3;natalie;1445521742313;22.10.2015 16:49:02;Raw;-1.11;3.533;8.312;340.78125;-26.5625;6.359375;18.3;43.2;-27.06;NaN;NaN;NaN;NaN;NaN;NaN;NaN;NaN;NaN;71
334;Горьковская 4;natalie;1445521753045;22.10.2015 16:49:13;Raw;-1.551;4.127;8.868;58.921875;-26.125;7.609375;-109.14;-1.08;-73.68;NaN;NaN;NaN;NaN;NaN;NaN;NaN;NaN;NaN;90
321;Невский проспект 1;natalie;1445521893813;22.10.2015 16:51:33;Raw;-1.867;3.763;11.071;198.28125;-20.734375;11.34375;11.34;-24.84;-30.66;NaN;NaN;NaN;NaN;NaN;NaN;NaN;NaN;NaN;90
322;Невский проспект 2;natalie;1445521909712;22.10.2015 16:51:49;Raw;-2.135;3.227;10.036;195.23438;-19.328125;10.0;3.96;-16.98;9.36;NaN;NaN;NaN;NaN;NaN;NaN;NaN;NaN;NaN;88
493;Гостиный двор 3;natalie;1445522086953;22.10.2015 16:54:46;Raw;-0.708;5.928;7.518;6.625;-34.78125;2.796875;0.48;10.44;-59.76;NaN;NaN;NaN;NaN;NaN;NaN;NaN;NaN;NaN;72
494;Гостиный двор 4;natalie;1445522104208;22.10.2015 16:55:04;Raw;-0.727;5.851;6.962;12.71875;-39.609375;6.8125;-8.82;60.24;-29.28;NaN;NaN;NaN;NaN;NaN;NaN;NaN;NaN;NaN;89
511;Василеостровская 1;natalie;1445522306902;22.10.2015 16:58:26;Raw;-1.149;5.918;7.623;6.515625;-36.25;5.4375;-6.54;66.3;-26.58;NaN;NaN;NaN;NaN;NaN;NaN;NaN;NaN;NaN;82
521;Приморская 1;natalie;1445522448626;22.10.2015 17:00:48;Raw;-1.79;5.478;7.259;19.1875;-32.125;19.0;-17.28;48.96;-27.84;NaN;NaN;NaN;NaN;NaN;NaN;NaN;NaN;NaN;89
522;Приморская 2;natalie;1445522467428;22.10.2015 17:01:07;Raw;-1.331;5.411;8.025;15.9375;-34.46875;7.765625;-14.82;56.76;-17.82;NaN;NaN;NaN;NaN;NaN;NaN;NaN;NaN;NaN;77
