ID;Name;User;TimeStamp;DateTime;Type;Accel_X;Accel_Y;Accel_Z;Azimuth;Pitch;Roll;Magnetic_X;Magnetic_Y;Magnetic_Z;Gyro_X;Gyro_Y;Gyro_Z;GPS_Lat;GPS_Lon;GPS_Alt;GPS_Accuracy;GPS_Speed;GPS_Bearing;Audio
873;Звенигородская 3;natalie;1445511191146;22.10.2015 13:53:11;Raw;-0.105;3.16;10.17;257.1875;-25.71875;4.375;8.64;-14.16;-28.44;NaN;NaN;NaN;NaN;NaN;NaN;NaN;NaN;NaN;69
874;Звенигородская 4;natalie;1445511202375;22.10.2015 13:53:22;Raw;-0.105;2.959;9.002;193.60938;-15.78125;1.125;6.66;-37.08;-37.8;NaN;NaN;NaN;NaN;NaN;NaN;NaN;NaN;NaN;90
881;Садовая 1;natalie;1445511260330;22.10.2015 13:54:20;Raw;-1.743;3.945;7.393;307.5625;-37.921875;14.5625;27.72;31.38;9.6;NaN;NaN;NaN;NaN;NaN;NaN;NaN;NaN;NaN;89
882;Садовая 2;natalie;1445511274383;22.10.2015 13:54:34;Raw;-0.373;3.093;9.653;304.25;-19.625;0.0;28.68;16.8;-7.56;NaN;NaN;NaN;NaN;NaN;NaN;NaN;NaN;NaN;75
883;Садовая 3;natalie;1445511516493;22.10.2015 13:58:36;Raw;2.288;1.139;8.456;68.59375;-7.578125;-16.734375;-21.36;9.84;-9.84;NaN;NaN;NaN;NaN;NaN;NaN;NaN;NaN;NaN;78
884;Садовая 4;natalie;1445511529506;22.10.2015 13:58:49;Raw;2.844;0.766;10.314;54.03125;-4.984375;-14.5;-28.08;12.24;-12.48;NaN;NaN;NaN;NaN;NaN;NaN;NaN;NaN;NaN;90
871;Звенигородская 1;natalie;1445511600369;22.10.2015 14:00:00;Raw;-0.363;2.174;9.96;105.484375;-12.265625;1.984375;-33.78;3.36;56.28;NaN;NaN;NaN;NaN;NaN;NaN;NaN;NaN;NaN;90
872;Звенигородская 2;natalie;1445511619597;22.10.2015 14:00:19;Raw;0.229;2.767;8.207;42.15625;-13.09375;-0.3125;-16.26;20.1;16.32;NaN;NaN;NaN;NaN;NaN;NaN;NaN;NaN;NaN;90
873;Звенигородская 3;natalie;1445511650458;22.10.2015 14:00:50;Raw;-1.781;2.346;9.308;224.46875;-8.453125;15.703125;31.8;-17.04;-10.26;NaN;NaN;NaN;NaN;NaN;NaN;NaN;NaN;NaN;78
874;Звенигородская 4;natalie;1445511661886;22.10.2015 14:01:01;Raw;-2.154;0.976;10.305;239.64063;-8.53125;11.9375;87.42;-57.06;-2.34;NaN;NaN;NaN;NaN;NaN;NaN;NaN;NaN;NaN;89
861;Обводный канал 1;natalie;1445511760089;22.10.2015 14:02:40;Raw;-2.93;2.384;8.466;81.796875;-10.46875;19.453125;-88.92;7.02;-10.26;NaN;NaN;NaN;NaN;NaN;NaN;NaN;NaN;NaN;88
862;Обводный канал 2;natalie;1445511775053;22.10.2015 14:02:55;Raw;-2.528;2.269;9.51;86.375;-12.296875;14.390625;-69.84;-1.08;-11.94;NaN;NaN;NaN;NaN;NaN;NaN;NaN;NaN;NaN;79
863;Обводный канал 3;natalie;1445511797414;22.10.2015 14:03:17;Raw;-0.814;1.944;8.763;140.14063;-11.015625;6.109375;-2.46;-21.54;-17.88;NaN;NaN;NaN;NaN;NaN;NaN;NaN;NaN;NaN;81
864;Обводный канал 4;natalie;1445511810641;22.10.2015 14:03:30;Raw;-0.9;1.81;9.366;200.14063;-11.296875;3.328125;19.02;-68.94;105.66;NaN;NaN;NaN;NaN;NaN;NaN;NaN;NaN;NaN;87
851;Волковская 1;natalie;1445511918402;22.10.2015 14:05:18;Raw;-2.327;2.26;8.964;71.0625;-13.609375;13.78125;-79.8;38.22;21.42;NaN;NaN;NaN;NaN;NaN;NaN;NaN;NaN;NaN;90
852;Волковская 2;natalie;1445511931873;22.10.2015 14:05:31;Raw;-1.934;2.097;9.174;79.203125;-12.75;10.125;-72.06;27.54;35.52;NaN;NaN;NaN;NaN;NaN;NaN;NaN;NaN;NaN;77
853;Волковская 3;natalie;1445511956192;22.10.2015 14:05:56;Raw;0.555;2.384;10.008;228.60938;-11.828125;1.234375;27.42;-12.66;13.74;NaN;NaN;NaN;NaN;NaN;NaN;NaN;NaN;NaN;81
854;Волковская 4;natalie;1445511968826;22.10.2015 14:06:08;Raw;-0.756;2.174;9.002;152.42188;-12.8125;2.765625;-26.4;-38.4;41.04;NaN;NaN;NaN;NaN;NaN;NaN;NaN;NaN;NaN;90
841;Бухарестская 1;natalie;1445512052756;22.10.2015 14:07:32;Raw;-2.03;2.26;8.839;110.53125;-15.078125;10.203125;-43.38;-9.84;24.18;NaN;NaN;NaN;NaN;NaN;NaN;NaN;NaN;NaN;89
842;Бухарестская 2;natalie;1445512068088;22.10.2015 14:07:48;Raw;-1.494;1.905;9.739;59.46875;-11.03125;8.3125;-14.82;8.1;-31.56;NaN;NaN;NaN;NaN;NaN;NaN;NaN;NaN;NaN;90
