ID;Name;User;TimeStamp;NetworkGen;NetworkType;Active;MCC;MNC;LAC;CID;PSC;Power
;ServiceLog;md;1422959754529;unknown;unknown;1;-1;-1;-1;-1;-1;-1
;ServiceLog;md;1422959755586;unknown;unknown;1;-1;-1;-1;-1;-1;-1
;ServiceLog;md;1422959756640;unknown;unknown;1;-1;-1;-1;-1;-1;-1
;ServiceLog;md;1422959757653;unknown;unknown;1;-1;-1;-1;-1;-1;-1
;ServiceLog;md;1422959758675;unknown;unknown;1;-1;-1;-1;-1;-1;-1
;ServiceLog;md;1422959759717;unknown;unknown;1;-1;-1;-1;-1;-1;-1
;ServiceLog;md;1422959760763;unknown;unknown;1;-1;-1;-1;-1;-1;-1
;ServiceLog;md;1422959761806;unknown;unknown;1;-1;-1;-1;-1;-1;-1
;ServiceLog;md;1422959762822;unknown;unknown;1;-1;-1;-1;-1;-1;-1
;ServiceLog;md;1422959763839;unknown;unknown;1;-1;-1;-1;-1;-1;-1
;ServiceLog;md;1422959764876;unknown;unknown;1;-1;-1;-1;-1;-1;-1
;ServiceLog;md;1422959765907;unknown;unknown;1;-1;-1;-1;-1;-1;-1
;ServiceLog;md;1422959766942;unknown;unknown;1;-1;-1;-1;-1;-1;-1
;ServiceLog;md;1422959767967;unknown;unknown;1;-1;-1;-1;-1;-1;-1
;ServiceLog;md;1422959768999;unknown;unknown;1;-1;-1;-1;-1;-1;-1
;ServiceLog;md;1422959770027;unknown;unknown;1;-1;-1;-1;-1;-1;-1
;ServiceLog;md;1422959771041;unknown;unknown;1;-1;-1;-1;-1;-1;-1
;ServiceLog;md;1422959772081;unknown;unknown;1;-1;-1;-1;-1;-1;-1
;ServiceLog;md;1422959773117;unknown;unknown;1;-1;-1;-1;-1;-1;-1
;ServiceLog;md;1422959774156;unknown;unknown;1;-1;-1;-1;-1;-1;-1
;ServiceLog;md;1422959775189;unknown;unknown;1;-1;-1;-1;-1;-1;-1
;ServiceLog;md;1422959776220;unknown;unknown;1;-1;-1;-1;-1;-1;-1
;ServiceLog;md;1422959777257;unknown;unknown;1;-1;-1;-1;-1;-1;-1
;ServiceLog;md;1422959778289;unknown;unknown;1;-1;-1;-1;-1;-1;-1
;ServiceLog;md;1422959779321;unknown;unknown;1;-1;-1;-1;-1;-1;-1
;ServiceLog;md;1422959780506;unknown;unknown;1;-1;-1;-1;-1;-1;-1
;ServiceLog;md;1422959781535;unknown;unknown;1;-1;-1;-1;-1;-1;-1
;ServiceLog;md;1422959782552;unknown;unknown;1;-1;-1;-1;-1;-1;-1
;ServiceLog;md;1422959783587;unknown;unknown;1;-1;-1;-1;-1;-1;-1
;ServiceLog;md;1422959784618;unknown;unknown;1;-1;-1;-1;-1;-1;-1
;ServiceLog;md;1422959785647;unknown;unknown;1;-1;-1;-1;-1;-1;-1
;ServiceLog;md;1422959786671;unknown;unknown;1;-1;-1;-1;-1;-1;-1
;ServiceLog;md;1422959787707;unknown;unknown;1;-1;-1;-1;-1;-1;-1
;ServiceLog;md;1422959788776;unknown;unknown;1;-1;-1;-1;-1;-1;-1
;ServiceLog;md;1422959789838;unknown;unknown;1;-1;-1;-1;-1;-1;-1
;ServiceLog;md;1422959790883;unknown;unknown;1;-1;-1;-1;-1;-1;-1
;ServiceLog;md;1422959791901;unknown;unknown;1;-1;-1;-1;-1;-1;-1
;ServiceLog;md;1422959792935;unknown;unknown;1;-1;-1;-1;-1;-1;-1
;ServiceLog;md;1422959793968;unknown;unknown;1;-1;-1;-1;-1;-1;-1
;ServiceLog;md;1422959794998;unknown;unknown;1;-1;-1;-1;-1;-1;-1
;ServiceLog;md;1422959796033;unknown;unknown;1;-1;-1;-1;-1;-1;-1
;ServiceLog;md;1422959797064;unknown;unknown;1;-1;-1;-1;-1;-1;-1
;ServiceLog;md;1422959798098;unknown;unknown;1;-1;-1;-1;-1;-1;-1
;ServiceLog;md;1422959799132;unknown;unknown;1;-1;-1;-1;-1;-1;-1
;ServiceLog;md;1422959800165;unknown;unknown;1;-1;-1;-1;-1;-1;-1
;ServiceLog;md;1422959801194;unknown;unknown;1;-1;-1;-1;-1;-1;-1
;ServiceLog;md;1422959802221;unknown;unknown;1;-1;-1;-1;-1;-1;-1
;ServiceLog;md;1422959803268;unknown;unknown;1;-1;-1;-1;-1;-1;-1
;ServiceLog;md;1422959804409;unknown;unknown;1;-1;-1;-1;-1;-1;-1
;ServiceLog;md;1422959805529;unknown;unknown;1;-1;-1;-1;-1;-1;-1
;ServiceLog;md;1422959806568;unknown;unknown;1;-1;-1;-1;-1;-1;-1
;ServiceLog;md;1422959807591;unknown;unknown;1;-1;-1;-1;-1;-1;-1
;ServiceLog;md;1422959808633;unknown;unknown;1;-1;-1;-1;-1;-1;-1
;ServiceLog;md;1422959809647;unknown;unknown;1;-1;-1;-1;-1;-1;-1
;ServiceLog;md;1422959810710;unknown;unknown;1;-1;-1;-1;-1;-1;-1
;ServiceLog;md;1422959811725;unknown;unknown;1;-1;-1;-1;-1;-1;-1
;ServiceLog;md;1422959812770;unknown;unknown;1;-1;-1;-1;-1;-1;-1
;ServiceLog;md;1422959813788;unknown;unknown;1;-1;-1;-1;-1;-1;-1
;ServiceLog;md;1422959814837;unknown;unknown;1;-1;-1;-1;-1;-1;-1
;ServiceLog;md;1422959816260;unknown;unknown;1;-1;-1;-1;-1;-1;-1
;ServiceLog;md;1422959817284;unknown;unknown;1;-1;-1;-1;-1;-1;-1
;ServiceLog;md;1422959818300;unknown;unknown;1;-1;-1;-1;-1;-1;-1
;ServiceLog;md;1422959819324;unknown;unknown;1;-1;-1;-1;-1;-1;-1
;ServiceLog;md;1422959820394;unknown;unknown;1;-1;-1;-1;-1;-1;-1
;ServiceLog;md;1422959821407;unknown;unknown;1;-1;-1;-1;-1;-1;-1
;ServiceLog;md;1422959822491;unknown;unknown;1;-1;-1;-1;-1;-1;-1
;ServiceLog;md;1422959823561;unknown;unknown;1;-1;-1;-1;-1;-1;-1
;ServiceLog;md;1422959824614;unknown;unknown;1;-1;-1;-1;-1;-1;-1
;ServiceLog;md;1422959825628;unknown;unknown;1;-1;-1;-1;-1;-1;-1
;ServiceLog;md;1422959826644;unknown;unknown;1;-1;-1;-1;-1;-1;-1
;ServiceLog;md;1422959827673;unknown;unknown;1;-1;-1;-1;-1;-1;-1
;ServiceLog;md;1422959828689;unknown;unknown;1;-1;-1;-1;-1;-1;-1
;ServiceLog;md;1422959829702;unknown;unknown;1;-1;-1;-1;-1;-1;-1
;ServiceLog;md;1422959830718;unknown;unknown;1;-1;-1;-1;-1;-1;-1
;ServiceLog;md;1422959831743;unknown;unknown;1;-1;-1;-1;-1;-1;-1
;ServiceLog;md;1422959832759;unknown;unknown;1;-1;-1;-1;-1;-1;-1
;ServiceLog;md;1422959833776;unknown;unknown;1;-1;-1;-1;-1;-1;-1
;ServiceLog;md;1422959834797;unknown;unknown;1;-1;-1;-1;-1;-1;-1
;ServiceLog;md;1422959835813;unknown;unknown;1;-1;-1;-1;-1;-1;-1
;ServiceLog;md;1422959836831;unknown;unknown;1;-1;-1;-1;-1;-1;-1
;ServiceLog;md;1422959837847;unknown;unknown;1;-1;-1;-1;-1;-1;-1
;ServiceLog;md;1422959838865;unknown;unknown;1;-1;-1;-1;-1;-1;-1
;ServiceLog;md;1422959839890;unknown;unknown;1;-1;-1;-1;-1;-1;-1
;ServiceLog;md;1422959840920;unknown;unknown;1;-1;-1;-1;-1;-1;-1
;ServiceLog;md;1422959841956;unknown;unknown;1;-1;-1;-1;-1;-1;-1
;ServiceLog;md;1422959842984;unknown;unknown;1;-1;-1;-1;-1;-1;-1
;ServiceLog;md;1422959844001;unknown;unknown;1;-1;-1;-1;-1;-1;-1
;ServiceLog;md;1422959845017;unknown;unknown;1;-1;-1;-1;-1;-1;-1
;ServiceLog;md;1422959846033;unknown;unknown;1;-1;-1;-1;-1;-1;-1
;ServiceLog;md;1422959847050;unknown;unknown;1;-1;-1;-1;-1;-1;-1
;ServiceLog;md;1422959848065;unknown;unknown;1;-1;-1;-1;-1;-1;-1
;ServiceLog;md;1422959849088;unknown;unknown;1;-1;-1;-1;-1;-1;-1
;ServiceLog;md;1422959850133;unknown;unknown;1;-1;-1;-1;-1;-1;-1
;ServiceLog;md;1422959851183;unknown;unknown;1;-1;-1;-1;-1;-1;-1
;ServiceLog;md;1422959852194;unknown;unknown;1;-1;-1;-1;-1;-1;-1
;ServiceLog;md;1422959853216;unknown;unknown;1;-1;-1;-1;-1;-1;-1
;ServiceLog;md;1422959854232;unknown;unknown;1;-1;-1;-1;-1;-1;-1
;ServiceLog;md;1422959855285;unknown;unknown;1;-1;-1;-1;-1;-1;-1
;ServiceLog;md;1422959856324;unknown;unknown;1;-1;-1;-1;-1;-1;-1
;ServiceLog;md;1422959857345;unknown;unknown;1;-1;-1;-1;-1;-1;-1
;ServiceLog;md;1422959858404;unknown;unknown;1;-1;-1;-1;-1;-1;-1
;ServiceLog;md;1422959859422;unknown;unknown;1;-1;-1;-1;-1;-1;-1
;ServiceLog;md;1422959860466;unknown;unknown;1;-1;-1;-1;-1;-1;-1
;ServiceLog;md;1422959861505;unknown;unknown;1;-1;-1;-1;-1;-1;-1
;ServiceLog;md;1422959862533;unknown;unknown;1;-1;-1;-1;-1;-1;-1
;ServiceLog;md;1422959863565;unknown;unknown;1;-1;-1;-1;-1;-1;-1
;ServiceLog;md;1422959864611;unknown;unknown;1;-1;-1;-1;-1;-1;-1
;ServiceLog;md;1422959865676;unknown;unknown;1;-1;-1;-1;-1;-1;-1
;ServiceLog;md;1422959866700;unknown;unknown;1;-1;-1;-1;-1;-1;-1
;ServiceLog;md;1422959867738;unknown;unknown;1;-1;-1;-1;-1;-1;-1
;ServiceLog;md;1422959868779;unknown;unknown;1;-1;-1;-1;-1;-1;-1
;ServiceLog;md;1422959869825;unknown;unknown;1;-1;-1;-1;-1;-1;-1
;ServiceLog;md;1422959870877;unknown;unknown;1;-1;-1;-1;-1;-1;-1
;ServiceLog;md;1422959871921;unknown;unknown;1;-1;-1;-1;-1;-1;-1
;ServiceLog;md;1422959872983;unknown;unknown;1;-1;-1;-1;-1;-1;-1
;ServiceLog;md;1422959874031;unknown;unknown;1;-1;-1;-1;-1;-1;-1
;ServiceLog;md;1422959875050;unknown;unknown;1;-1;-1;-1;-1;-1;-1
;ServiceLog;md;1422959876073;unknown;unknown;1;-1;-1;-1;-1;-1;-1
;ServiceLog;md;1422959877092;unknown;unknown;1;-1;-1;-1;-1;-1;-1
;ServiceLog;md;1422959878515;unknown;unknown;1;-1;-1;-1;-1;-1;-1
;ServiceLog;md;1422959879553;unknown;unknown;1;-1;-1;-1;-1;-1;-1
;ServiceLog;md;1422959880602;unknown;unknown;1;-1;-1;-1;-1;-1;-1
;ServiceLog;md;1422959881620;unknown;unknown;1;-1;-1;-1;-1;-1;-1
;ServiceLog;md;1422959882663;unknown;unknown;1;-1;-1;-1;-1;-1;-1
;ServiceLog;md;1422959883678;unknown;unknown;1;-1;-1;-1;-1;-1;-1
;ServiceLog;md;1422959884710;unknown;unknown;1;-1;-1;-1;-1;-1;-1
;ServiceLog;md;1422959885724;unknown;unknown;1;-1;-1;-1;-1;-1;-1
;ServiceLog;md;1422959886744;unknown;unknown;1;-1;-1;-1;-1;-1;-1
;ServiceLog;md;1422959887768;unknown;unknown;1;-1;-1;-1;-1;-1;-1
;ServiceLog;md;1422959888803;unknown;unknown;1;-1;-1;-1;-1;-1;-1
;ServiceLog;md;1422959889837;unknown;unknown;1;-1;-1;-1;-1;-1;-1
;ServiceLog;md;1422959890852;unknown;unknown;1;-1;-1;-1;-1;-1;-1
;ServiceLog;md;1422959891886;unknown;unknown;1;-1;-1;-1;-1;-1;-1
;ServiceLog;md;1422959892921;unknown;unknown;1;-1;-1;-1;-1;-1;-1
;ServiceLog;md;1422959893957;unknown;unknown;1;-1;-1;-1;-1;-1;-1
;ServiceLog;md;1422959894992;unknown;unknown;1;-1;-1;-1;-1;-1;-1
;ServiceLog;md;1422959896025;unknown;unknown;1;-1;-1;-1;-1;-1;-1
;ServiceLog;md;1422959897056;unknown;unknown;1;-1;-1;-1;-1;-1;-1
;ServiceLog;md;1422959898090;unknown;unknown;1;-1;-1;-1;-1;-1;-1
;ServiceLog;md;1422959899142;unknown;unknown;1;-1;-1;-1;-1;-1;-1
;ServiceLog;md;1422959900182;unknown;unknown;1;-1;-1;-1;-1;-1;-1
;ServiceLog;md;1422959901195;unknown;unknown;1;-1;-1;-1;-1;-1;-1
;ServiceLog;md;1422959902224;unknown;unknown;1;-1;-1;-1;-1;-1;-1
;ServiceLog;md;1422959903257;unknown;unknown;1;-1;-1;-1;-1;-1;-1
;ServiceLog;md;1422959904281;unknown;unknown;1;-1;-1;-1;-1;-1;-1
;ServiceLog;md;1422959905309;unknown;unknown;1;-1;-1;-1;-1;-1;-1
;ServiceLog;md;1422959906324;unknown;unknown;1;-1;-1;-1;-1;-1;-1
;ServiceLog;md;1422959907339;unknown;unknown;1;-1;-1;-1;-1;-1;-1
;ServiceLog;md;1422959908354;unknown;unknown;1;-1;-1;-1;-1;-1;-1
;ServiceLog;md;1422959909382;unknown;unknown;1;-1;-1;-1;-1;-1;-1
;ServiceLog;md;1422959910416;unknown;unknown;1;-1;-1;-1;-1;-1;-1
;ServiceLog;md;1422959911449;unknown;unknown;1;-1;-1;-1;-1;-1;-1
;ServiceLog;md;1422959912481;unknown;unknown;1;-1;-1;-1;-1;-1;-1
;ServiceLog;md;1422959913512;unknown;unknown;1;-1;-1;-1;-1;-1;-1
;ServiceLog;md;1422959914547;unknown;unknown;1;-1;-1;-1;-1;-1;-1
;ServiceLog;md;1422959915583;unknown;unknown;1;-1;-1;-1;-1;-1;-1
;ServiceLog;md;1422959916618;unknown;unknown;1;-1;-1;-1;-1;-1;-1
;ServiceLog;md;1422959917644;unknown;unknown;1;-1;-1;-1;-1;-1;-1
;ServiceLog;md;1422959918677;unknown;unknown;1;-1;-1;-1;-1;-1;-1
;ServiceLog;md;1422959919708;unknown;unknown;1;-1;-1;-1;-1;-1;-1
;ServiceLog;md;1422959920738;unknown;unknown;1;-1;-1;-1;-1;-1;-1
;ServiceLog;md;1422959921770;unknown;unknown;1;-1;-1;-1;-1;-1;-1
;ServiceLog;md;1422959922809;unknown;unknown;1;-1;-1;-1;-1;-1;-1
;ServiceLog;md;1422959923824;unknown;unknown;1;-1;-1;-1;-1;-1;-1
;ServiceLog;md;1422959924843;unknown;unknown;1;-1;-1;-1;-1;-1;-1
;ServiceLog;md;1422959925877;unknown;unknown;1;-1;-1;-1;-1;-1;-1
;ServiceLog;md;1422959926894;unknown;unknown;1;-1;-1;-1;-1;-1;-1
;ServiceLog;md;1422959927926;unknown;unknown;1;-1;-1;-1;-1;-1;-1
;ServiceLog;md;1422959928958;unknown;unknown;1;-1;-1;-1;-1;-1;-1
;ServiceLog;md;1422959929990;unknown;unknown;1;-1;-1;-1;-1;-1;-1
;ServiceLog;md;1422959931025;unknown;unknown;1;-1;-1;-1;-1;-1;-1
;ServiceLog;md;1422959932124;unknown;unknown;1;-1;-1;-1;-1;-1;-1
;ServiceLog;md;1422959933156;unknown;unknown;1;-1;-1;-1;-1;-1;-1
;ServiceLog;md;1422959934171;unknown;unknown;1;-1;-1;-1;-1;-1;-1
;ServiceLog;md;1422959935192;unknown;unknown;1;-1;-1;-1;-1;-1;-1
;ServiceLog;md;1422959936230;unknown;unknown;1;-1;-1;-1;-1;-1;-1
;ServiceLog;md;1422959937249;unknown;unknown;1;-1;-1;-1;-1;-1;-1
;ServiceLog;md;1422959938298;unknown;unknown;1;-1;-1;-1;-1;-1;-1
;ServiceLog;md;1422959939350;unknown;unknown;1;-1;-1;-1;-1;-1;-1
;ServiceLog;md;1422959940407;unknown;unknown;1;-1;-1;-1;-1;-1;-1
;ServiceLog;md;1422959941471;unknown;unknown;1;-1;-1;-1;-1;-1;-1
;ServiceLog;md;1422959942494;unknown;unknown;1;-1;-1;-1;-1;-1;-1
;ServiceLog;md;1422959943535;unknown;unknown;1;-1;-1;-1;-1;-1;-1
;ServiceLog;md;1422959944580;unknown;unknown;1;-1;-1;-1;-1;-1;-1
;ServiceLog;md;1422959945625;unknown;unknown;1;-1;-1;-1;-1;-1;-1
;ServiceLog;md;1422959946666;unknown;unknown;1;-1;-1;-1;-1;-1;-1
;ServiceLog;md;1422959947708;unknown;unknown;1;-1;-1;-1;-1;-1;-1
;ServiceLog;md;1422959948756;unknown;unknown;1;-1;-1;-1;-1;-1;-1
;ServiceLog;md;1422959949802;unknown;unknown;1;-1;-1;-1;-1;-1;-1
;ServiceLog;md;1422959950841;3G;UMTS;1;250;1;770;6882504;-1;-81
;ServiceLog;md;1422959952028;3G;UMTS;1;250;1;770;6882504;-1;-81
;ServiceLog;md;1422959953076;3G;UMTS;1;250;1;770;6882504;-1;-81
;ServiceLog;md;1422959954250;3G;UMTS;1;250;1;770;6882504;-1;-83
;ServiceLog;md;1422959955337;3G;UMTS;1;250;1;770;6882504;-1;-83
;ServiceLog;md;1422959956393;3G;UMTS;1;250;1;770;6882504;-1;-85
;ServiceLog;md;1422959957422;3G;UMTS;1;250;1;770;6882504;-1;-85
;ServiceLog;md;1422959958438;3G;UMTS;1;250;1;770;6882504;-1;-85
;ServiceLog;md;1422959959456;3G;UMTS;1;250;1;770;6882504;-1;-87
;ServiceLog;md;1422959960470;3G;UMTS;1;250;1;770;6882504;-1;-87
;ServiceLog;md;1422959961484;3G;UMTS;1;250;1;770;6882504;-1;-87
;ServiceLog;md;1422959962498;3G;UMTS;1;250;1;770;6882504;-1;-87
;ServiceLog;md;1422959963522;3G;UMTS;1;250;1;770;6882504;-1;-87
;ServiceLog;md;1422959964591;3G;UMTS;1;250;1;770;6882504;-1;-87
;ServiceLog;md;1422959965636;3G;UMTS;1;250;1;770;6882504;-1;-81
;ServiceLog;md;1422959966653;3G;UMTS;1;250;1;770;6882504;-1;-81
;ServiceLog;md;1422959967668;3G;UMTS;1;250;1;770;6882504;-1;-81
;ServiceLog;md;1422959968683;3G;UMTS;1;250;1;770;6882504;-1;-67
;ServiceLog;md;1422959969716;3G;UMTS;1;250;1;770;6882504;-1;-67
;ServiceLog;md;1422959970730;3G;UMTS;1;250;1;770;6882504;-1;-67
;ServiceLog;md;1422959971746;3G;UMTS;1;250;1;770;6882504;-1;-69
;ServiceLog;md;1422959972788;3G;UMTS;1;250;1;770;6882504;-1;-69
;ServiceLog;md;1422959973822;3G;UMTS;1;250;1;770;6882504;-1;-69
;ServiceLog;md;1422959974895;3G;UMTS;1;250;1;770;6882504;-1;-73
;ServiceLog;md;1422959975939;3G;UMTS;1;250;1;770;6882504;-1;-73
;ServiceLog;md;1422959976953;3G;UMTS;1;250;1;770;6882504;-1;-73
;ServiceLog;md;1422959977968;3G;UMTS;1;250;1;770;6882504;-1;-73
;ServiceLog;md;1422959979012;3G;UMTS;1;250;1;770;6882504;-1;-73
;ServiceLog;md;1422959980029;3G;UMTS;1;250;1;770;6882504;-1;-73
;ServiceLog;md;1422959981060;3G;UMTS;1;250;1;770;6882504;-1;-73
;ServiceLog;md;1422959982081;3G;UMTS;1;250;1;770;6882504;-1;-73
;ServiceLog;md;1422959983142;3G;UMTS;1;250;1;770;6882504;-1;-73
;ServiceLog;md;1422959984170;3G;UMTS;1;250;1;770;6882504;-1;-73
;ServiceLog;md;1422959985229;3G;UMTS;1;250;1;770;6882504;-1;-73
;ServiceLog;md;1422959986268;3G;UMTS;1;250;1;770;6882504;-1;0
;ServiceLog;md;1422959987290;3G;UMTS;1;250;1;770;6882504;-1;0
;ServiceLog;md;1422959988907;3G;UMTS;1;250;1;770;6882504;-1;0
;ServiceLog;md;1422959989965;3G;UMTS;1;250;1;770;6882504;-1;0
;ServiceLog;md;1422959990996;3G;UMTS;1;250;1;770;6882504;-1;0
;ServiceLog;md;1422959992040;3G;UMTS;1;250;1;770;6882504;-1;0
;ServiceLog;md;1422959993109;3G;UMTS;1;250;1;770;6882504;-1;0
;ServiceLog;md;1422959994151;3G;UMTS;1;250;1;770;6882504;-1;0
;ServiceLog;md;1422959995186;3G;UMTS;1;250;1;770;6882504;-1;0
;ServiceLog;md;1422959996212;3G;UMTS;1;250;1;770;6882504;-1;0
;ServiceLog;md;1422959997243;unknown;unknown;1;-1;-1;-1;-1;-1;-1
;ServiceLog;md;1422959998267;unknown;unknown;1;-1;-1;-1;-1;-1;-1
;ServiceLog;md;1422959999301;unknown;unknown;1;-1;-1;-1;-1;-1;-1
;ServiceLog;md;1422960000314;unknown;unknown;1;-1;-1;-1;-1;-1;-1
;ServiceLog;md;1422960001330;unknown;unknown;1;-1;-1;-1;-1;-1;-1
;ServiceLog;md;1422960002343;unknown;unknown;1;-1;-1;-1;-1;-1;-1
;ServiceLog;md;1422960003357;unknown;unknown;1;-1;-1;-1;-1;-1;-1
;ServiceLog;md;1422960004405;unknown;unknown;1;-1;-1;-1;-1;-1;-1
;ServiceLog;md;1422960005440;unknown;unknown;1;-1;-1;-1;-1;-1;-1
;ServiceLog;md;1422960006481;unknown;unknown;1;-1;-1;-1;-1;-1;-1
;ServiceLog;md;1422960007495;unknown;unknown;1;-1;-1;-1;-1;-1;-1
;ServiceLog;md;1422960008530;unknown;unknown;1;-1;-1;-1;-1;-1;-1
;ServiceLog;md;1422960009545;unknown;unknown;1;-1;-1;-1;-1;-1;-1
;ServiceLog;md;1422960010560;unknown;unknown;1;-1;-1;-1;-1;-1;-1
;ServiceLog;md;1422960011602;unknown;unknown;1;-1;-1;-1;-1;-1;-1
;ServiceLog;md;1422960012641;unknown;unknown;1;-1;-1;-1;-1;-1;-1
;ServiceLog;md;1422960013674;unknown;unknown;1;-1;-1;-1;-1;-1;-1
;ServiceLog;md;1422960014687;unknown;unknown;1;-1;-1;-1;-1;-1;-1
;ServiceLog;md;1422960015703;unknown;unknown;1;-1;-1;-1;-1;-1;-1
;ServiceLog;md;1422960016756;unknown;unknown;1;-1;-1;-1;-1;-1;-1
;ServiceLog;md;1422960017812;unknown;unknown;1;-1;-1;-1;-1;-1;-1
;ServiceLog;md;1422960018827;unknown;unknown;1;-1;-1;-1;-1;-1;-1
;ServiceLog;md;1422960019859;unknown;unknown;1;-1;-1;-1;-1;-1;-1
;ServiceLog;md;1422960020895;unknown;unknown;1;-1;-1;-1;-1;-1;-1
;ServiceLog;md;1422960021925;unknown;unknown;1;-1;-1;-1;-1;-1;-1
;ServiceLog;md;1422960022943;unknown;unknown;1;-1;-1;-1;-1;-1;-1
;ServiceLog;md;1422960023976;unknown;unknown;1;-1;-1;-1;-1;-1;-1
;ServiceLog;md;1422960024988;unknown;unknown;1;-1;-1;-1;-1;-1;-1
;ServiceLog;md;1422960026002;unknown;unknown;1;-1;-1;-1;-1;-1;-1
;ServiceLog;md;1422960027034;unknown;unknown;1;-1;-1;-1;-1;-1;-1
;ServiceLog;md;1422960028069;unknown;unknown;1;-1;-1;-1;-1;-1;-1
;ServiceLog;md;1422960029103;unknown;unknown;1;-1;-1;-1;-1;-1;-1
;ServiceLog;md;1422960030133;unknown;unknown;1;-1;-1;-1;-1;-1;-1
;ServiceLog;md;1422960031149;unknown;unknown;1;-1;-1;-1;-1;-1;-1
;ServiceLog;md;1422960032182;unknown;unknown;1;-1;-1;-1;-1;-1;-1
;ServiceLog;md;1422960033210;unknown;unknown;1;-1;-1;-1;-1;-1;-1
;ServiceLog;md;1422960034239;unknown;unknown;1;-1;-1;-1;-1;-1;-1
;ServiceLog;md;1422960035253;unknown;unknown;1;-1;-1;-1;-1;-1;-1
;ServiceLog;md;1422960036285;unknown;unknown;1;-1;-1;-1;-1;-1;-1
;ServiceLog;md;1422960037314;unknown;unknown;1;-1;-1;-1;-1;-1;-1
;ServiceLog;md;1422960038362;unknown;unknown;1;-1;-1;-1;-1;-1;-1
;ServiceLog;md;1422960039401;unknown;unknown;1;-1;-1;-1;-1;-1;-1
;ServiceLog;md;1422960040431;unknown;unknown;1;-1;-1;-1;-1;-1;-1
;ServiceLog;md;1422960041445;unknown;unknown;1;-1;-1;-1;-1;-1;-1
;ServiceLog;md;1422960042489;unknown;unknown;1;-1;-1;-1;-1;-1;-1
;ServiceLog;md;1422960043520;unknown;unknown;1;-1;-1;-1;-1;-1;-1
;ServiceLog;md;1422960044552;unknown;unknown;1;-1;-1;-1;-1;-1;-1
;ServiceLog;md;1422960045587;unknown;unknown;1;-1;-1;-1;-1;-1;-1
;ServiceLog;md;1422960046618;unknown;unknown;1;-1;-1;-1;-1;-1;-1
;ServiceLog;md;1422960047646;unknown;unknown;1;-1;-1;-1;-1;-1;-1
;ServiceLog;md;1422960048662;unknown;unknown;1;-1;-1;-1;-1;-1;-1
;ServiceLog;md;1422960049697;unknown;unknown;1;-1;-1;-1;-1;-1;-1
;ServiceLog;md;1422960050713;unknown;unknown;1;-1;-1;-1;-1;-1;-1
;ServiceLog;md;1422960051727;unknown;unknown;1;-1;-1;-1;-1;-1;-1
;ServiceLog;md;1422960052743;unknown;unknown;1;-1;-1;-1;-1;-1;-1
;ServiceLog;md;1422960053784;unknown;unknown;1;-1;-1;-1;-1;-1;-1
;ServiceLog;md;1422960054820;unknown;unknown;1;-1;-1;-1;-1;-1;-1
;ServiceLog;md;1422960055872;unknown;unknown;1;-1;-1;-1;-1;-1;-1
;ServiceLog;md;1422960056887;unknown;unknown;1;-1;-1;-1;-1;-1;-1
;ServiceLog;md;1422960057931;unknown;unknown;1;-1;-1;-1;-1;-1;-1
;ServiceLog;md;1422960058997;unknown;unknown;1;-1;-1;-1;-1;-1;-1
;ServiceLog;md;1422960060030;unknown;unknown;1;-1;-1;-1;-1;-1;-1
;ServiceLog;md;1422960061044;unknown;unknown;1;-1;-1;-1;-1;-1;-1
;ServiceLog;md;1422960062058;unknown;unknown;1;-1;-1;-1;-1;-1;-1
;ServiceLog;md;1422960063078;unknown;unknown;1;-1;-1;-1;-1;-1;-1
;ServiceLog;md;1422960064134;unknown;unknown;1;-1;-1;-1;-1;-1;-1
;ServiceLog;md;1422960065147;unknown;unknown;1;-1;-1;-1;-1;-1;-1
;ServiceLog;md;1422960066160;unknown;unknown;1;-1;-1;-1;-1;-1;-1
;ServiceLog;md;1422960067186;unknown;unknown;1;-1;-1;-1;-1;-1;-1
;ServiceLog;md;1422960068218;unknown;unknown;1;-1;-1;-1;-1;-1;-1
;ServiceLog;md;1422960069266;unknown;unknown;1;-1;-1;-1;-1;-1;-1
;ServiceLog;md;1422960070353;unknown;unknown;1;-1;-1;-1;-1;-1;-1
;ServiceLog;md;1422960071389;unknown;unknown;1;-1;-1;-1;-1;-1;-1
;ServiceLog;md;1422960072420;unknown;unknown;1;-1;-1;-1;-1;-1;-1
;ServiceLog;md;1422960073457;unknown;unknown;1;-1;-1;-1;-1;-1;-1
;ServiceLog;md;1422960074488;unknown;unknown;1;-1;-1;-1;-1;-1;-1
;ServiceLog;md;1422960075505;unknown;unknown;1;-1;-1;-1;-1;-1;-1
;ServiceLog;md;1422960076521;unknown;unknown;1;-1;-1;-1;-1;-1;-1
;ServiceLog;md;1422960077553;unknown;unknown;1;-1;-1;-1;-1;-1;-1
;ServiceLog;md;1422960078583;unknown;unknown;1;-1;-1;-1;-1;-1;-1
;ServiceLog;md;1422960079616;unknown;unknown;1;-1;-1;-1;-1;-1;-1
;ServiceLog;md;1422960080633;unknown;unknown;1;-1;-1;-1;-1;-1;-1
;ServiceLog;md;1422960081664;unknown;unknown;1;-1;-1;-1;-1;-1;-1
;ServiceLog;md;1422960082693;unknown;unknown;1;-1;-1;-1;-1;-1;-1
;ServiceLog;md;1422960083705;unknown;unknown;1;-1;-1;-1;-1;-1;-1
;ServiceLog;md;1422960084721;unknown;unknown;1;-1;-1;-1;-1;-1;-1
;ServiceLog;md;1422960085769;unknown;unknown;1;-1;-1;-1;-1;-1;-1
;ServiceLog;md;1422960086799;unknown;unknown;1;-1;-1;-1;-1;-1;-1
;ServiceLog;md;1422960087813;unknown;unknown;1;-1;-1;-1;-1;-1;-1
;ServiceLog;md;1422960088844;unknown;unknown;1;-1;-1;-1;-1;-1;-1
;ServiceLog;md;1422960089873;unknown;unknown;1;-1;-1;-1;-1;-1;-1
;ServiceLog;md;1422960090903;unknown;unknown;1;-1;-1;-1;-1;-1;-1
;ServiceLog;md;1422960091930;unknown;unknown;1;-1;-1;-1;-1;-1;-1
;ServiceLog;md;1422960093003;unknown;unknown;1;-1;-1;-1;-1;-1;-1
;ServiceLog;md;1422960094047;unknown;unknown;1;-1;-1;-1;-1;-1;-1
;ServiceLog;md;1422960095084;unknown;unknown;1;-1;-1;-1;-1;-1;-1
;ServiceLog;md;1422960096124;2G;EDGE;1;250;1;770;513;-1;0
;ServiceLog;md;1422960097147;2G;EDGE;1;250;1;770;513;-1;0
;ServiceLog;md;1422960098161;2G;EDGE;1;250;1;770;513;-1;0
;ServiceLog;md;1422960099202;2G;EDGE;1;250;1;770;513;-1;-75
;ServiceLog;md;1422960100236;2G;EDGE;1;250;1;770;513;-1;-75
;ServiceLog;md;1422960101251;2G;EDGE;1;250;1;770;513;-1;-75
;ServiceLog;md;1422960102301;2G;EDGE;1;250;1;770;513;-1;-77
;ServiceLog;md;1422960103331;2G;EDGE;1;250;1;770;513;-1;-77
;ServiceLog;md;1422960104376;2G;EDGE;1;250;1;770;513;-1;-77
;ServiceLog;md;1422960105409;2G;EDGE;1;250;1;770;513;-1;-79
;ServiceLog;md;1422960106447;2G;EDGE;1;250;1;770;513;-1;-79
;ServiceLog;md;1422960107471;2G;EDGE;1;250;1;770;513;-1;-79
;ServiceLog;md;1422960108528;2G;EDGE;1;250;1;770;513;-1;-81
;ServiceLog;md;1422960109578;2G;EDGE;1;250;1;770;513;-1;-81
;ServiceLog;md;1422960110633;2G;EDGE;1;250;1;770;513;-1;-81
;ServiceLog;md;1422960111676;2G;EDGE;1;250;1;770;513;-1;-81
;ServiceLog;md;1422960112713;2G;EDGE;1;250;1;770;513;-1;-81
;ServiceLog;md;1422960113727;2G;EDGE;1;250;1;770;513;-1;-81
;ServiceLog;md;1422960114774;2G;EDGE;1;250;1;770;513;-1;-75
;ServiceLog;md;1422960115822;2G;EDGE;1;250;1;770;513;-1;-75
;ServiceLog;md;1422960116857;2G;EDGE;1;250;1;770;513;-1;-67
;ServiceLog;md;1422960117887;2G;EDGE;1;250;1;770;513;-1;-67
;ServiceLog;md;1422960118913;2G;EDGE;1;250;1;770;513;-1;-67
;ServiceLog;md;1422960119945;2G;EDGE;1;250;1;770;513;-1;-67
;ServiceLog;md;1422960120960;2G;EDGE;1;250;1;770;513;-1;-67
;ServiceLog;md;1422960121974;2G;EDGE;1;250;1;770;513;-1;-67
;ServiceLog;md;1422960122990;2G;EDGE;1;250;1;770;513;-1;-73
;ServiceLog;md;1422960124007;2G;EDGE;1;250;1;770;513;-1;-73
;ServiceLog;md;1422960125046;2G;EDGE;1;250;1;770;513;-1;-73
;ServiceLog;md;1422960126082;2G;EDGE;1;250;1;770;513;-1;-81
;ServiceLog;md;1422960127119;2G;EDGE;1;250;1;770;513;-1;-81
;ServiceLog;md;1422960128171;2G;EDGE;1;250;1;770;513;-1;-81
;ServiceLog;md;1422960129188;2G;EDGE;1;250;1;770;513;-1;-85
;ServiceLog;md;1422960130204;2G;EDGE;1;250;1;770;513;-1;-85
;ServiceLog;md;1422960131250;2G;EDGE;1;250;1;770;513;-1;-85
;ServiceLog;md;1422960132287;2G;EDGE;1;250;1;770;513;-1;-85
;ServiceLog;md;1422960133328;2G;EDGE;1;250;1;770;513;-1;-85
;ServiceLog;md;1422960134353;2G;EDGE;1;250;1;770;513;-1;-85
;ServiceLog;md;1422960135397;2G;EDGE;1;250;1;770;513;-1;-85
;ServiceLog;md;1422960136416;2G;EDGE;1;250;1;770;513;-1;-85
;ServiceLog;md;1422960137456;2G;EDGE;1;250;1;770;513;-1;-85
;ServiceLog;md;1422960138497;2G;EDGE;1;250;1;770;513;-1;-85
;ServiceLog;md;1422960139533;2G;EDGE;1;250;1;770;513;-1;-85
;ServiceLog;md;1422960140568;2G;EDGE;1;250;1;770;513;-1;-85
;ServiceLog;md;1422960141602;2G;EDGE;1;250;1;770;513;-1;-85
;ServiceLog;md;1422960142644;2G;EDGE;1;250;1;770;513;-1;-85
;ServiceLog;md;1422960143686;2G;EDGE;1;250;1;770;513;-1;-85
;ServiceLog;md;1422960144719;2G;EDGE;1;250;1;770;513;-1;0
;ServiceLog;md;1422960145754;2G;EDGE;1;250;1;770;513;-1;0
;ServiceLog;md;1422960146811;2G;EDGE;1;250;1;770;513;-1;0
;ServiceLog;md;1422960147840;2G;EDGE;1;250;1;770;513;-1;0
;ServiceLog;md;1422960148914;unknown;unknown;1;-1;-1;-1;-1;-1;-1
;ServiceLog;md;1422960149930;unknown;unknown;1;-1;-1;-1;-1;-1;-1
;ServiceLog;md;1422960150954;unknown;unknown;1;-1;-1;-1;-1;-1;-1
;ServiceLog;md;1422960151998;unknown;unknown;1;-1;-1;-1;-1;-1;-1
;ServiceLog;md;1422960153041;unknown;unknown;1;-1;-1;-1;-1;-1;-1
;ServiceLog;md;1422960154086;unknown;unknown;1;-1;-1;-1;-1;-1;-1
;ServiceLog;md;1422960155147;unknown;unknown;1;-1;-1;-1;-1;-1;-1
;ServiceLog;md;1422960156192;unknown;unknown;1;-1;-1;-1;-1;-1;-1
;ServiceLog;md;1422960157225;unknown;unknown;1;-1;-1;-1;-1;-1;-1
;ServiceLog;md;1422960158280;unknown;unknown;1;-1;-1;-1;-1;-1;-1
;ServiceLog;md;1422960159322;unknown;unknown;1;-1;-1;-1;-1;-1;-1
;ServiceLog;md;1422960160340;unknown;unknown;1;-1;-1;-1;-1;-1;-1
;ServiceLog;md;1422960161390;unknown;unknown;1;-1;-1;-1;-1;-1;-1
;ServiceLog;md;1422960162407;unknown;unknown;1;-1;-1;-1;-1;-1;-1
;ServiceLog;md;1422960163437;unknown;unknown;1;-1;-1;-1;-1;-1;-1
;ServiceLog;md;1422960164469;unknown;unknown;1;-1;-1;-1;-1;-1;-1
;ServiceLog;md;1422960165483;unknown;unknown;1;-1;-1;-1;-1;-1;-1
;ServiceLog;md;1422960166517;unknown;unknown;1;-1;-1;-1;-1;-1;-1
;ServiceLog;md;1422960167541;unknown;unknown;1;-1;-1;-1;-1;-1;-1
;ServiceLog;md;1422960168557;unknown;unknown;1;-1;-1;-1;-1;-1;-1
;ServiceLog;md;1422960169590;unknown;unknown;1;-1;-1;-1;-1;-1;-1
;ServiceLog;md;1422960170634;unknown;unknown;1;-1;-1;-1;-1;-1;-1
;ServiceLog;md;1422960171667;unknown;unknown;1;-1;-1;-1;-1;-1;-1
;ServiceLog;md;1422960172709;unknown;unknown;1;-1;-1;-1;-1;-1;-1
;ServiceLog;md;1422960173783;unknown;unknown;1;-1;-1;-1;-1;-1;-1
;ServiceLog;md;1422960174816;unknown;unknown;1;-1;-1;-1;-1;-1;-1
;ServiceLog;md;1422960175862;unknown;unknown;1;-1;-1;-1;-1;-1;-1
;ServiceLog;md;1422960176896;unknown;unknown;1;-1;-1;-1;-1;-1;-1
;ServiceLog;md;1422960177928;unknown;unknown;1;-1;-1;-1;-1;-1;-1
;ServiceLog;md;1422960178959;unknown;unknown;1;-1;-1;-1;-1;-1;-1
;ServiceLog;md;1422960179991;unknown;unknown;1;-1;-1;-1;-1;-1;-1
;ServiceLog;md;1422960181059;unknown;unknown;1;-1;-1;-1;-1;-1;-1
;ServiceLog;md;1422960182094;unknown;unknown;1;-1;-1;-1;-1;-1;-1
;ServiceLog;md;1422960183130;unknown;unknown;1;-1;-1;-1;-1;-1;-1
;ServiceLog;md;1422960184165;unknown;unknown;1;-1;-1;-1;-1;-1;-1
;ServiceLog;md;1422960185245;unknown;unknown;1;-1;-1;-1;-1;-1;-1
;ServiceLog;md;1422960186267;unknown;unknown;1;-1;-1;-1;-1;-1;-1
;ServiceLog;md;1422960187311;unknown;unknown;1;-1;-1;-1;-1;-1;-1
;ServiceLog;md;1422960188361;unknown;unknown;1;-1;-1;-1;-1;-1;-1
;ServiceLog;md;1422960189378;unknown;unknown;1;-1;-1;-1;-1;-1;-1
;ServiceLog;md;1422960190408;unknown;unknown;1;-1;-1;-1;-1;-1;-1
;ServiceLog;md;1422960191426;unknown;unknown;1;-1;-1;-1;-1;-1;-1
;ServiceLog;md;1422960192454;unknown;unknown;1;-1;-1;-1;-1;-1;-1
;ServiceLog;md;1422960193506;unknown;unknown;1;-1;-1;-1;-1;-1;-1
;ServiceLog;md;1422960194540;unknown;unknown;1;-1;-1;-1;-1;-1;-1
;ServiceLog;md;1422960195553;unknown;unknown;1;-1;-1;-1;-1;-1;-1
;ServiceLog;md;1422960196572;unknown;unknown;1;-1;-1;-1;-1;-1;-1
;ServiceLog;md;1422960197648;unknown;unknown;1;-1;-1;-1;-1;-1;-1
;ServiceLog;md;1422960198698;unknown;unknown;1;-1;-1;-1;-1;-1;-1
;ServiceLog;md;1422960199756;unknown;unknown;1;-1;-1;-1;-1;-1;-1
;ServiceLog;md;1422960200769;unknown;unknown;1;-1;-1;-1;-1;-1;-1
;ServiceLog;md;1422960201783;unknown;unknown;1;-1;-1;-1;-1;-1;-1
;ServiceLog;md;1422960202798;unknown;unknown;1;-1;-1;-1;-1;-1;-1
;ServiceLog;md;1422960203844;unknown;unknown;1;-1;-1;-1;-1;-1;-1
;ServiceLog;md;1422960204889;unknown;unknown;1;-1;-1;-1;-1;-1;-1
;ServiceLog;md;1422960205904;unknown;unknown;1;-1;-1;-1;-1;-1;-1
;ServiceLog;md;1422960206919;unknown;unknown;1;-1;-1;-1;-1;-1;-1
;ServiceLog;md;1422960207938;unknown;unknown;1;-1;-1;-1;-1;-1;-1
;ServiceLog;md;1422960208958;unknown;unknown;1;-1;-1;-1;-1;-1;-1
;ServiceLog;md;1422960209995;unknown;unknown;1;-1;-1;-1;-1;-1;-1
;ServiceLog;md;1422960211010;unknown;unknown;1;-1;-1;-1;-1;-1;-1
;ServiceLog;md;1422960212053;unknown;unknown;1;-1;-1;-1;-1;-1;-1
;ServiceLog;md;1422960213082;unknown;unknown;1;-1;-1;-1;-1;-1;-1
;ServiceLog;md;1422960214124;unknown;unknown;1;-1;-1;-1;-1;-1;-1
;ServiceLog;md;1422960215141;unknown;unknown;1;-1;-1;-1;-1;-1;-1
;ServiceLog;md;1422960216171;unknown;unknown;1;-1;-1;-1;-1;-1;-1
;ServiceLog;md;1422960217188;unknown;unknown;1;-1;-1;-1;-1;-1;-1
;ServiceLog;md;1422960218231;unknown;unknown;1;-1;-1;-1;-1;-1;-1
;ServiceLog;md;1422960219277;unknown;unknown;1;-1;-1;-1;-1;-1;-1
;ServiceLog;md;1422960220325;unknown;unknown;1;-1;-1;-1;-1;-1;-1
;ServiceLog;md;1422960221363;unknown;unknown;1;-1;-1;-1;-1;-1;-1
;ServiceLog;md;1422960222406;unknown;unknown;1;-1;-1;-1;-1;-1;-1
;ServiceLog;md;1422960223428;unknown;unknown;1;-1;-1;-1;-1;-1;-1
;ServiceLog;md;1422960224457;unknown;unknown;1;-1;-1;-1;-1;-1;-1
;ServiceLog;md;1422960225474;unknown;unknown;1;-1;-1;-1;-1;-1;-1
;ServiceLog;md;1422960226518;unknown;unknown;1;-1;-1;-1;-1;-1;-1
;ServiceLog;md;1422960227534;unknown;unknown;1;-1;-1;-1;-1;-1;-1
;ServiceLog;md;1422960228570;unknown;unknown;1;-1;-1;-1;-1;-1;-1
;ServiceLog;md;1422960229608;unknown;unknown;1;-1;-1;-1;-1;-1;-1
;ServiceLog;md;1422960230641;unknown;unknown;1;-1;-1;-1;-1;-1;-1
;ServiceLog;md;1422960231675;unknown;unknown;1;-1;-1;-1;-1;-1;-1
;ServiceLog;md;1422960232708;unknown;unknown;1;-1;-1;-1;-1;-1;-1
;ServiceLog;md;1422960233739;unknown;unknown;1;-1;-1;-1;-1;-1;-1
;ServiceLog;md;1422960234753;unknown;unknown;1;-1;-1;-1;-1;-1;-1
;ServiceLog;md;1422960235768;unknown;unknown;1;-1;-1;-1;-1;-1;-1
;ServiceLog;md;1422960236814;unknown;unknown;1;-1;-1;-1;-1;-1;-1
;ServiceLog;md;1422960237833;unknown;unknown;1;-1;-1;-1;-1;-1;-1
;ServiceLog;md;1422960238861;unknown;unknown;1;-1;-1;-1;-1;-1;-1
;ServiceLog;md;1422960239884;unknown;unknown;1;-1;-1;-1;-1;-1;-1
;ServiceLog;md;1422960240921;unknown;unknown;1;-1;-1;-1;-1;-1;-1
;ServiceLog;md;1422960241950;unknown;unknown;1;-1;-1;-1;-1;-1;-1
;ServiceLog;md;1422960242965;unknown;unknown;1;-1;-1;-1;-1;-1;-1
;ServiceLog;md;1422960244032;unknown;unknown;1;-1;-1;-1;-1;-1;-1
;ServiceLog;md;1422960245074;unknown;unknown;1;-1;-1;-1;-1;-1;-1
;ServiceLog;md;1422960246096;unknown;unknown;1;-1;-1;-1;-1;-1;-1
;ServiceLog;md;1422960247109;unknown;unknown;1;-1;-1;-1;-1;-1;-1
;ServiceLog;md;1422960248153;unknown;unknown;1;-1;-1;-1;-1;-1;-1
;ServiceLog;md;1422960249189;unknown;unknown;1;-1;-1;-1;-1;-1;-1
;ServiceLog;md;1422960250220;unknown;unknown;1;-1;-1;-1;-1;-1;-1
;ServiceLog;md;1422960251254;2G;EDGE;1;250;1;770;11282;-1;0
;ServiceLog;md;1422960252273;2G;EDGE;1;250;1;770;11282;-1;0
;ServiceLog;md;1422960253310;2G;EDGE;1;250;1;770;11282;-1;0
;ServiceLog;md;1422960254351;2G;EDGE;1;250;1;770;11282;-1;-93
;ServiceLog;md;1422960254351;2G;EDGE;250-1-770-11282;250;1;770;43261;-1;0
;ServiceLog;md;1422960255393;2G;EDGE;1;250;1;770;11282;-1;-93
;ServiceLog;md;1422960255393;2G;EDGE;250-1-770-11282;250;1;770;43261;-1;-79
;ServiceLog;md;1422960256431;2G;EDGE;1;250;1;770;11282;-1;-93
;ServiceLog;md;1422960256431;2G;EDGE;250-1-770-11282;250;1;770;43261;-1;-79
;ServiceLog;md;1422960257465;2G;EDGE;1;250;1;770;11282;-1;-93
;ServiceLog;md;1422960257465;2G;EDGE;250-1-770-11282;250;1;770;43261;-1;-79
;ServiceLog;md;1422960258505;2G;EDGE;1;250;1;770;11282;-1;-93
;ServiceLog;md;1422960258505;2G;EDGE;250-1-770-11282;250;1;770;11282;-1;0
;ServiceLog;md;1422960259520;2G;EDGE;1;250;1;770;11282;-1;-93
;ServiceLog;md;1422960259520;2G;EDGE;250-1-770-11282;250;1;770;11282;-1;0
;ServiceLog;md;1422960260536;2G;EDGE;1;250;1;770;11282;-1;-93
;ServiceLog;md;1422960260536;2G;EDGE;250-1-770-11282;250;1;770;11282;-1;0
;ServiceLog;md;1422960261573;2G;EDGE;1;250;1;770;43261;-1;-95
;ServiceLog;md;1422960261573;2G;EDGE;250-1-770-43261;250;1;770;11282;-1;0
;ServiceLog;md;1422960262585;2G;EDGE;1;250;1;770;43261;-1;-95
;ServiceLog;md;1422960262585;2G;EDGE;250-1-770-43261;250;1;770;11282;-1;-103
;ServiceLog;md;1422960263600;2G;EDGE;1;250;1;770;43261;-1;-95
;ServiceLog;md;1422960263600;2G;EDGE;250-1-770-43261;250;1;770;11282;-1;-99
;ServiceLog;md;1422960264635;2G;EDGE;1;250;1;770;43261;-1;-83
;ServiceLog;md;1422960264635;2G;EDGE;250-1-770-43261;250;1;770;11282;-1;-99
;ServiceLog;md;1422960265689;2G;EDGE;1;250;1;770;43261;-1;-83
;ServiceLog;md;1422960265689;2G;EDGE;250-1-770-43261;250;1;770;11282;-1;-97
;ServiceLog;md;1422960266731;2G;EDGE;1;250;1;770;43261;-1;-83
;ServiceLog;md;1422960266731;2G;EDGE;250-1-770-43261;250;1;770;11282;-1;-97
;ServiceLog;md;1422960267782;2G;EDGE;1;250;1;770;43261;-1;-83
;ServiceLog;md;1422960267782;2G;EDGE;250-1-770-43261;250;1;770;11282;-1;-97
;ServiceLog;md;1422960268797;2G;EDGE;1;250;1;770;43261;-1;-83
;ServiceLog;md;1422960268797;2G;EDGE;250-1-770-43261;250;1;770;11282;-1;-97
;ServiceLog;md;1422960269815;2G;EDGE;1;250;1;770;43261;-1;-83
;ServiceLog;md;1422960269815;2G;EDGE;250-1-770-43261;250;1;770;11282;-1;-97
;ServiceLog;md;1422960270871;2G;EDGE;1;250;1;770;43261;-1;-81
;ServiceLog;md;1422960270871;2G;EDGE;250-1-770-43261;250;1;770;11282;-1;-95
;ServiceLog;md;1422960271913;2G;EDGE;1;250;1;770;43261;-1;-81
;ServiceLog;md;1422960271913;2G;EDGE;250-1-770-43261;250;1;770;11282;-1;-95
;ServiceLog;md;1422960272937;2G;EDGE;1;250;1;770;43261;-1;-81
;ServiceLog;md;1422960272937;2G;EDGE;250-1-770-43261;250;1;770;11282;-1;-95
;ServiceLog;md;1422960273961;2G;EDGE;1;250;1;770;43261;-1;-81
;ServiceLog;md;1422960273961;2G;EDGE;250-1-770-43261;250;1;770;11282;-1;-95
;ServiceLog;md;1422960274995;2G;EDGE;1;250;1;770;43261;-1;-81
;ServiceLog;md;1422960274995;2G;EDGE;250-1-770-43261;250;1;770;11282;-1;-95
;ServiceLog;md;1422960276011;2G;EDGE;1;250;1;770;43261;-1;-81
;ServiceLog;md;1422960276011;2G;EDGE;250-1-770-43261;250;1;770;11282;-1;-95
;ServiceLog;md;1422960277048;2G;EDGE;1;250;1;770;43261;-1;-81
;ServiceLog;md;1422960277048;2G;EDGE;250-1-770-43261;250;1;770;11282;-1;-97
;ServiceLog;md;1422960278065;2G;EDGE;1;250;1;770;43261;-1;-81
;ServiceLog;md;1422960278065;2G;EDGE;250-1-770-43261;250;1;770;11282;-1;-97
;ServiceLog;md;1422960279098;2G;EDGE;1;250;1;770;43261;-1;-81
;ServiceLog;md;1422960279098;2G;EDGE;250-1-770-43261;250;1;770;11282;-1;-97
;ServiceLog;md;1422960280112;2G;EDGE;1;250;1;770;43261;-1;-83
;ServiceLog;md;1422960280112;2G;EDGE;250-1-770-43261;250;1;770;11282;-1;-97
;ServiceLog;md;1422960281183;2G;EDGE;1;250;1;770;43261;-1;-83
;ServiceLog;md;1422960281183;2G;EDGE;250-1-770-43261;250;1;770;11282;-1;-97
;ServiceLog;md;1422960282218;2G;EDGE;1;250;1;770;43261;-1;-83
;ServiceLog;md;1422960282218;2G;EDGE;250-1-770-43261;250;1;770;11282;-1;-97
;ServiceLog;md;1422960283257;2G;EDGE;1;250;1;770;43261;-1;-83
;ServiceLog;md;1422960283257;2G;EDGE;250-1-770-43261;250;1;770;11282;-1;-95
;ServiceLog;md;1422960284278;2G;EDGE;1;250;1;770;43261;-1;-83
;ServiceLog;md;1422960284278;2G;EDGE;250-1-770-43261;250;1;770;11282;-1;-95
;ServiceLog;md;1422960285321;2G;EDGE;1;250;1;770;43261;-1;-83
;ServiceLog;md;1422960285321;2G;EDGE;250-1-770-43261;250;1;770;11282;-1;-95
;ServiceLog;md;1422960286367;2G;EDGE;1;250;1;770;43261;-1;-85
;ServiceLog;md;1422960286367;2G;EDGE;250-1-770-43261;250;1;770;11282;-1;-95
;ServiceLog;md;1422960287390;2G;EDGE;1;250;1;770;43261;-1;-85
;ServiceLog;md;1422960287390;2G;EDGE;250-1-770-43261;250;1;770;11282;-1;-91
;ServiceLog;md;1422960288429;2G;EDGE;1;250;1;770;43261;-1;-85
;ServiceLog;md;1422960288429;2G;EDGE;250-1-770-43261;250;1;770;11282;-1;-91
;ServiceLog;md;1422960289444;2G;EDGE;1;250;1;770;43261;-1;-85
;ServiceLog;md;1422960289444;2G;EDGE;250-1-770-43261;250;1;770;11282;-1;-91
;ServiceLog;md;1422960290479;2G;EDGE;1;250;1;770;43261;-1;-85
;ServiceLog;md;1422960290479;2G;EDGE;250-1-770-43261;250;1;770;11282;-1;-89
;ServiceLog;md;1422960291495;2G;EDGE;1;250;1;770;43261;-1;-85
;ServiceLog;md;1422960291495;2G;EDGE;250-1-770-43261;250;1;770;11282;-1;-89
;ServiceLog;md;1422960292541;2G;EDGE;1;250;1;770;43261;-1;-85
;ServiceLog;md;1422960292541;2G;EDGE;250-1-770-43261;250;1;770;11282;-1;-85
;ServiceLog;md;1422960293588;2G;EDGE;1;250;1;770;43261;-1;-85
;ServiceLog;md;1422960293588;2G;EDGE;250-1-770-43261;250;1;770;11282;-1;-89
;ServiceLog;md;1422960294602;2G;EDGE;1;250;1;770;43261;-1;-87
;ServiceLog;md;1422960294602;2G;EDGE;250-1-770-43261;250;1;770;43261;-1;0
;ServiceLog;md;1422960295623;2G;EDGE;1;250;1;770;43261;-1;-87
;ServiceLog;md;1422960295623;2G;EDGE;250-1-770-43261;250;1;770;43261;-1;0
;ServiceLog;md;1422960296654;2G;EDGE;1;250;1;770;43261;-1;-87
;ServiceLog;md;1422960296654;2G;EDGE;250-1-770-43261;250;1;770;43261;-1;0
;ServiceLog;md;1422960297721;2G;EDGE;1;250;1;770;43261;-1;-87
;ServiceLog;md;1422960297721;2G;EDGE;250-1-770-43261;250;1;770;43261;-1;0
;ServiceLog;md;1422960298750;2G;EDGE;1;250;1;770;43261;-1;-87
;ServiceLog;md;1422960299800;2G;EDGE;1;250;1;770;43261;-1;-87
;ServiceLog;md;1422960300964;2G;EDGE;1;250;1;770;43261;-1;-87
;ServiceLog;md;1422960302009;2G;EDGE;1;250;1;770;43261;-1;-87
;ServiceLog;md;1422960303050;2G;EDGE;1;250;1;770;43261;-1;-87
;ServiceLog;md;1422960304427;2G;EDGE;1;250;1;770;43261;-1;-87
;ServiceLog;md;1422960305466;2G;EDGE;1;250;1;770;43261;-1;-87
;ServiceLog;md;1422960306510;2G;EDGE;1;250;1;770;43261;-1;-87
;ServiceLog;md;1422960307525;2G;EDGE;1;250;1;770;43261;-1;-87
;ServiceLog;md;1422960308541;2G;EDGE;1;250;1;770;43261;-1;-87
;ServiceLog;md;1422960309556;2G;EDGE;1;250;1;770;43261;-1;-87
;ServiceLog;md;1422960310590;2G;EDGE;1;250;1;770;43261;-1;-87
;ServiceLog;md;1422960311633;2G;EDGE;1;250;1;770;43261;-1;-87
;ServiceLog;md;1422960312666;2G;EDGE;1;250;1;770;43261;-1;-87
;ServiceLog;md;1422960313687;2G;EDGE;1;250;1;770;43261;-1;-87
;ServiceLog;md;1422960314703;2G;EDGE;1;250;1;770;43261;-1;-87
;ServiceLog;md;1422960315721;2G;EDGE;1;250;1;770;43261;-1;-87
;ServiceLog;md;1422960316743;2G;EDGE;1;250;1;770;43261;-1;-87
;ServiceLog;md;1422960317760;2G;EDGE;1;250;1;770;43261;-1;-87
;ServiceLog;md;1422960318779;2G;EDGE;1;250;1;770;43261;-1;-87
;ServiceLog;md;1422960319841;unknown;unknown;1;-1;-1;-1;-1;-1;-1
;ServiceLog;md;1422960320930;unknown;unknown;1;-1;-1;-1;-1;-1;-1
;ServiceLog;md;1422960321952;unknown;unknown;1;-1;-1;-1;-1;-1;-1
;ServiceLog;md;1422960323069;unknown;unknown;1;-1;-1;-1;-1;-1;-1
;ServiceLog;md;1422960324089;unknown;unknown;1;-1;-1;-1;-1;-1;-1
;ServiceLog;md;1422960325120;unknown;unknown;1;-1;-1;-1;-1;-1;-1
;ServiceLog;md;1422960326229;unknown;unknown;1;-1;-1;-1;-1;-1;-1
;ServiceLog;md;1422960327283;unknown;unknown;1;-1;-1;-1;-1;-1;-1
;ServiceLog;md;1422960328309;unknown;unknown;1;-1;-1;-1;-1;-1;-1
;ServiceLog;md;1422960329363;unknown;unknown;1;-1;-1;-1;-1;-1;-1
;ServiceLog;md;1422960330381;unknown;unknown;1;-1;-1;-1;-1;-1;-1
;ServiceLog;md;1422960331506;unknown;unknown;1;-1;-1;-1;-1;-1;-1
;ServiceLog;md;1422960332520;unknown;unknown;1;-1;-1;-1;-1;-1;-1
;ServiceLog;md;1422960333534;unknown;unknown;1;-1;-1;-1;-1;-1;-1
;ServiceLog;md;1422960334550;unknown;unknown;1;-1;-1;-1;-1;-1;-1
;ServiceLog;md;1422960335595;unknown;unknown;1;-1;-1;-1;-1;-1;-1
;ServiceLog;md;1422960336625;unknown;unknown;1;-1;-1;-1;-1;-1;-1
;ServiceLog;md;1422960337675;unknown;unknown;1;-1;-1;-1;-1;-1;-1
;ServiceLog;md;1422960338741;unknown;unknown;1;-1;-1;-1;-1;-1;-1
;ServiceLog;md;1422960339792;unknown;unknown;1;-1;-1;-1;-1;-1;-1
;ServiceLog;md;1422960340822;unknown;unknown;1;-1;-1;-1;-1;-1;-1
;ServiceLog;md;1422960341838;unknown;unknown;1;-1;-1;-1;-1;-1;-1
;ServiceLog;md;1422960342915;unknown;unknown;1;-1;-1;-1;-1;-1;-1
;ServiceLog;md;1422960343945;unknown;unknown;1;-1;-1;-1;-1;-1;-1
;ServiceLog;md;1422960344959;unknown;unknown;1;-1;-1;-1;-1;-1;-1
;ServiceLog;md;1422960346006;unknown;unknown;1;-1;-1;-1;-1;-1;-1
;ServiceLog;md;1422960347060;unknown;unknown;1;-1;-1;-1;-1;-1;-1
;ServiceLog;md;1422960348085;unknown;unknown;1;-1;-1;-1;-1;-1;-1
;ServiceLog;md;1422960349125;unknown;unknown;1;-1;-1;-1;-1;-1;-1
;ServiceLog;md;1422960350157;unknown;unknown;1;-1;-1;-1;-1;-1;-1
;ServiceLog;md;1422960351176;unknown;unknown;1;-1;-1;-1;-1;-1;-1
;ServiceLog;md;1422960352189;unknown;unknown;1;-1;-1;-1;-1;-1;-1
;ServiceLog;md;1422960353219;unknown;unknown;1;-1;-1;-1;-1;-1;-1
;ServiceLog;md;1422960354245;unknown;unknown;1;-1;-1;-1;-1;-1;-1
;ServiceLog;md;1422960355284;unknown;unknown;1;-1;-1;-1;-1;-1;-1
;ServiceLog;md;1422960356308;unknown;unknown;1;-1;-1;-1;-1;-1;-1
;ServiceLog;md;1422960357342;unknown;unknown;1;-1;-1;-1;-1;-1;-1
;ServiceLog;md;1422960358377;unknown;unknown;1;-1;-1;-1;-1;-1;-1
;ServiceLog;md;1422960359403;unknown;unknown;1;-1;-1;-1;-1;-1;-1
;ServiceLog;md;1422960360438;unknown;unknown;1;-1;-1;-1;-1;-1;-1
;ServiceLog;md;1422960361466;unknown;unknown;1;-1;-1;-1;-1;-1;-1
;ServiceLog;md;1422960362480;unknown;unknown;1;-1;-1;-1;-1;-1;-1
;ServiceLog;md;1422960363501;unknown;unknown;1;-1;-1;-1;-1;-1;-1
;ServiceLog;md;1422960364534;unknown;unknown;1;-1;-1;-1;-1;-1;-1
;ServiceLog;md;1422960365564;unknown;unknown;1;-1;-1;-1;-1;-1;-1
;ServiceLog;md;1422960366602;unknown;unknown;1;-1;-1;-1;-1;-1;-1
;ServiceLog;md;1422960367624;unknown;unknown;1;-1;-1;-1;-1;-1;-1
;ServiceLog;md;1422960368688;unknown;unknown;1;-1;-1;-1;-1;-1;-1
;ServiceLog;md;1422960369729;unknown;unknown;1;-1;-1;-1;-1;-1;-1
;ServiceLog;md;1422960370745;unknown;unknown;1;-1;-1;-1;-1;-1;-1
;ServiceLog;md;1422960371785;unknown;unknown;1;-1;-1;-1;-1;-1;-1
;ServiceLog;md;1422960372800;unknown;unknown;1;-1;-1;-1;-1;-1;-1
;ServiceLog;md;1422960373851;unknown;unknown;1;-1;-1;-1;-1;-1;-1
;ServiceLog;md;1422960374899;unknown;unknown;1;-1;-1;-1;-1;-1;-1
;ServiceLog;md;1422960375921;unknown;unknown;1;-1;-1;-1;-1;-1;-1
;ServiceLog;md;1422960376937;unknown;unknown;1;-1;-1;-1;-1;-1;-1
;ServiceLog;md;1422960377979;unknown;unknown;1;-1;-1;-1;-1;-1;-1
;ServiceLog;md;1422960379004;unknown;unknown;1;-1;-1;-1;-1;-1;-1
;ServiceLog;md;1422960380034;unknown;unknown;1;-1;-1;-1;-1;-1;-1
;ServiceLog;md;1422960381079;unknown;unknown;1;-1;-1;-1;-1;-1;-1
;ServiceLog;md;1422960382094;unknown;unknown;1;-1;-1;-1;-1;-1;-1
;ServiceLog;md;1422960383151;unknown;unknown;1;-1;-1;-1;-1;-1;-1
;ServiceLog;md;1422960384186;unknown;unknown;1;-1;-1;-1;-1;-1;-1
;ServiceLog;md;1422960385226;unknown;unknown;1;-1;-1;-1;-1;-1;-1
;ServiceLog;md;1422960386292;unknown;unknown;1;-1;-1;-1;-1;-1;-1
;ServiceLog;md;1422960387311;unknown;unknown;1;-1;-1;-1;-1;-1;-1
;ServiceLog;md;1422960388341;unknown;unknown;1;-1;-1;-1;-1;-1;-1
;ServiceLog;md;1422960389376;unknown;unknown;1;-1;-1;-1;-1;-1;-1
;ServiceLog;md;1422960390409;unknown;unknown;1;-1;-1;-1;-1;-1;-1
;ServiceLog;md;1422960391441;unknown;unknown;1;-1;-1;-1;-1;-1;-1
;ServiceLog;md;1422960392471;unknown;unknown;1;-1;-1;-1;-1;-1;-1
;ServiceLog;md;1422960393487;unknown;unknown;1;-1;-1;-1;-1;-1;-1
;ServiceLog;md;1422960394558;unknown;unknown;1;-1;-1;-1;-1;-1;-1
;ServiceLog;md;1422960395589;unknown;unknown;1;-1;-1;-1;-1;-1;-1
;ServiceLog;md;1422960396621;unknown;unknown;1;-1;-1;-1;-1;-1;-1
;ServiceLog;md;1422960397651;unknown;unknown;1;-1;-1;-1;-1;-1;-1
;ServiceLog;md;1422960398704;unknown;unknown;1;-1;-1;-1;-1;-1;-1
;ServiceLog;md;1422960399738;unknown;unknown;1;-1;-1;-1;-1;-1;-1
;ServiceLog;md;1422960400771;unknown;unknown;1;-1;-1;-1;-1;-1;-1
;ServiceLog;md;1422960401808;unknown;unknown;1;-1;-1;-1;-1;-1;-1
;ServiceLog;md;1422960402843;unknown;unknown;1;-1;-1;-1;-1;-1;-1
;ServiceLog;md;1422960403916;unknown;unknown;1;-1;-1;-1;-1;-1;-1
;ServiceLog;md;1422960404934;unknown;unknown;1;-1;-1;-1;-1;-1;-1
;ServiceLog;md;1422960405956;unknown;unknown;1;-1;-1;-1;-1;-1;-1
;ServiceLog;md;1422960406997;unknown;unknown;1;-1;-1;-1;-1;-1;-1
;ServiceLog;md;1422960408037;unknown;unknown;1;-1;-1;-1;-1;-1;-1
;ServiceLog;md;1422960409058;unknown;unknown;1;-1;-1;-1;-1;-1;-1
;ServiceLog;md;1422960410108;unknown;unknown;1;-1;-1;-1;-1;-1;-1
;ServiceLog;md;1422960411168;unknown;unknown;1;-1;-1;-1;-1;-1;-1
;ServiceLog;md;1422960412187;unknown;unknown;1;-1;-1;-1;-1;-1;-1
;ServiceLog;md;1422960413231;unknown;unknown;1;-1;-1;-1;-1;-1;-1
;ServiceLog;md;1422960414263;unknown;unknown;1;-1;-1;-1;-1;-1;-1
;ServiceLog;md;1422960415305;unknown;unknown;1;-1;-1;-1;-1;-1;-1
;ServiceLog;md;1422960416340;unknown;unknown;1;-1;-1;-1;-1;-1;-1
;ServiceLog;md;1422960417377;unknown;unknown;1;-1;-1;-1;-1;-1;-1
;ServiceLog;md;1422960418408;unknown;unknown;1;-1;-1;-1;-1;-1;-1
;ServiceLog;md;1422960419428;unknown;unknown;1;-1;-1;-1;-1;-1;-1
;ServiceLog;md;1422960420460;unknown;unknown;1;-1;-1;-1;-1;-1;-1
;ServiceLog;md;1422960421496;unknown;unknown;1;-1;-1;-1;-1;-1;-1
;ServiceLog;md;1422960422532;unknown;unknown;1;-1;-1;-1;-1;-1;-1
;ServiceLog;md;1422960423562;unknown;unknown;1;-1;-1;-1;-1;-1;-1
;ServiceLog;md;1422960424579;unknown;unknown;1;-1;-1;-1;-1;-1;-1
;ServiceLog;md;1422960425614;unknown;unknown;1;-1;-1;-1;-1;-1;-1
;ServiceLog;md;1422960426646;unknown;unknown;1;-1;-1;-1;-1;-1;-1
;ServiceLog;md;1422960427679;unknown;unknown;1;-1;-1;-1;-1;-1;-1
;ServiceLog;md;1422960428711;unknown;unknown;1;-1;-1;-1;-1;-1;-1
;ServiceLog;md;1422960429729;unknown;unknown;1;-1;-1;-1;-1;-1;-1
;ServiceLog;md;1422960430762;unknown;unknown;1;-1;-1;-1;-1;-1;-1
;ServiceLog;md;1422960431793;unknown;unknown;1;-1;-1;-1;-1;-1;-1
;ServiceLog;md;1422960432931;unknown;unknown;1;-1;-1;-1;-1;-1;-1
;ServiceLog;md;1422960433991;unknown;unknown;1;-1;-1;-1;-1;-1;-1
;ServiceLog;md;1422960435014;unknown;unknown;1;-1;-1;-1;-1;-1;-1
;ServiceLog;md;1422960436028;unknown;unknown;1;-1;-1;-1;-1;-1;-1
;ServiceLog;md;1422960437056;unknown;unknown;1;-1;-1;-1;-1;-1;-1
;ServiceLog;md;1422960438072;unknown;unknown;1;-1;-1;-1;-1;-1;-1
;ServiceLog;md;1422960439088;unknown;unknown;1;-1;-1;-1;-1;-1;-1
;ServiceLog;md;1422960440104;unknown;unknown;1;-1;-1;-1;-1;-1;-1
;ServiceLog;md;1422960441123;unknown;unknown;1;-1;-1;-1;-1;-1;-1
;ServiceLog;md;1422960442149;unknown;unknown;1;-1;-1;-1;-1;-1;-1
;ServiceLog;md;1422960443174;unknown;unknown;1;-1;-1;-1;-1;-1;-1
;ServiceLog;md;1422960444301;unknown;unknown;1;-1;-1;-1;-1;-1;-1
;ServiceLog;md;1422960445318;unknown;unknown;1;-1;-1;-1;-1;-1;-1
;ServiceLog;md;1422960446351;unknown;unknown;1;-1;-1;-1;-1;-1;-1
;ServiceLog;md;1422960447375;unknown;unknown;1;-1;-1;-1;-1;-1;-1
;ServiceLog;md;1422960448426;unknown;unknown;1;-1;-1;-1;-1;-1;-1
;ServiceLog;md;1422960449448;unknown;unknown;1;-1;-1;-1;-1;-1;-1
;ServiceLog;md;1422960450629;unknown;unknown;1;-1;-1;-1;-1;-1;-1
;ServiceLog;md;1422960451650;unknown;unknown;1;-1;-1;-1;-1;-1;-1
;ServiceLog;md;1422960452674;unknown;unknown;1;-1;-1;-1;-1;-1;-1
;ServiceLog;md;1422960453705;unknown;unknown;1;-1;-1;-1;-1;-1;-1
;ServiceLog;md;1422960454724;unknown;unknown;1;-1;-1;-1;-1;-1;-1
;ServiceLog;md;1422960455745;unknown;unknown;1;-1;-1;-1;-1;-1;-1
;ServiceLog;md;1422960456760;unknown;unknown;1;-1;-1;-1;-1;-1;-1
;ServiceLog;md;1422960457776;unknown;unknown;1;-1;-1;-1;-1;-1;-1
;ServiceLog;md;1422960458844;unknown;unknown;1;-1;-1;-1;-1;-1;-1
;ServiceLog;md;1422960459876;unknown;unknown;1;-1;-1;-1;-1;-1;-1
;ServiceLog;md;1422960460909;unknown;unknown;1;-1;-1;-1;-1;-1;-1
;ServiceLog;md;1422960461939;unknown;unknown;1;-1;-1;-1;-1;-1;-1
;ServiceLog;md;1422960462958;unknown;unknown;1;-1;-1;-1;-1;-1;-1
;ServiceLog;md;1422960464001;unknown;unknown;1;-1;-1;-1;-1;-1;-1
;ServiceLog;md;1422960465064;unknown;unknown;1;-1;-1;-1;-1;-1;-1
;ServiceLog;md;1422960466105;unknown;unknown;1;-1;-1;-1;-1;-1;-1
;ServiceLog;md;1422960467163;unknown;unknown;1;-1;-1;-1;-1;-1;-1
;ServiceLog;md;1422960468195;unknown;unknown;1;-1;-1;-1;-1;-1;-1
;ServiceLog;md;1422960469228;unknown;unknown;1;-1;-1;-1;-1;-1;-1
;ServiceLog;md;1422960470260;unknown;unknown;1;-1;-1;-1;-1;-1;-1
;ServiceLog;md;1422960471293;unknown;unknown;1;-1;-1;-1;-1;-1;-1
;ServiceLog;md;1422960472329;unknown;unknown;1;-1;-1;-1;-1;-1;-1
;ServiceLog;md;1422960473366;unknown;unknown;1;-1;-1;-1;-1;-1;-1
;ServiceLog;md;1422960475274;unknown;unknown;1;-1;-1;-1;-1;-1;-1
;ServiceLog;md;1422960476299;unknown;unknown;1;-1;-1;-1;-1;-1;-1
;ServiceLog;md;1422960477321;unknown;unknown;1;-1;-1;-1;-1;-1;-1
;ServiceLog;md;1422960478339;unknown;unknown;1;-1;-1;-1;-1;-1;-1
;ServiceLog;md;1422960479355;unknown;unknown;1;-1;-1;-1;-1;-1;-1
;ServiceLog;md;1422960480370;unknown;unknown;1;-1;-1;-1;-1;-1;-1
;ServiceLog;md;1422960481390;unknown;unknown;1;-1;-1;-1;-1;-1;-1
;ServiceLog;md;1422960482423;unknown;unknown;1;-1;-1;-1;-1;-1;-1
;ServiceLog;md;1422960483457;unknown;unknown;1;-1;-1;-1;-1;-1;-1
;ServiceLog;md;1422960484490;unknown;unknown;1;-1;-1;-1;-1;-1;-1
;ServiceLog;md;1422960485508;unknown;unknown;1;-1;-1;-1;-1;-1;-1
;ServiceLog;md;1422960486539;unknown;unknown;1;-1;-1;-1;-1;-1;-1
;ServiceLog;md;1422960487574;unknown;unknown;1;-1;-1;-1;-1;-1;-1
;ServiceLog;md;1422960488609;unknown;unknown;1;-1;-1;-1;-1;-1;-1
;ServiceLog;md;1422960489627;unknown;unknown;1;-1;-1;-1;-1;-1;-1
;ServiceLog;md;1422960490663;unknown;unknown;1;-1;-1;-1;-1;-1;-1
;ServiceLog;md;1422960491704;unknown;unknown;1;-1;-1;-1;-1;-1;-1
;ServiceLog;md;1422960492738;unknown;unknown;1;-1;-1;-1;-1;-1;-1
;ServiceLog;md;1422960493772;unknown;unknown;1;-1;-1;-1;-1;-1;-1
;ServiceLog;md;1422960494809;unknown;unknown;1;-1;-1;-1;-1;-1;-1
;ServiceLog;md;1422960495840;unknown;unknown;1;-1;-1;-1;-1;-1;-1
;ServiceLog;md;1422960496874;unknown;unknown;1;-1;-1;-1;-1;-1;-1
;ServiceLog;md;1422960497906;unknown;unknown;1;-1;-1;-1;-1;-1;-1
;ServiceLog;md;1422960498943;unknown;unknown;1;-1;-1;-1;-1;-1;-1
;ServiceLog;md;1422960499977;unknown;unknown;1;-1;-1;-1;-1;-1;-1
;ServiceLog;md;1422960500994;unknown;unknown;1;-1;-1;-1;-1;-1;-1
;ServiceLog;md;1422960502030;unknown;unknown;1;-1;-1;-1;-1;-1;-1
;ServiceLog;md;1422960503061;unknown;unknown;1;-1;-1;-1;-1;-1;-1
;ServiceLog;md;1422960504099;unknown;unknown;1;-1;-1;-1;-1;-1;-1
;ServiceLog;md;1422960505129;unknown;unknown;1;-1;-1;-1;-1;-1;-1
;ServiceLog;md;1422960506162;unknown;unknown;1;-1;-1;-1;-1;-1;-1
;ServiceLog;md;1422960507199;unknown;unknown;1;-1;-1;-1;-1;-1;-1
;ServiceLog;md;1422960508232;unknown;unknown;1;-1;-1;-1;-1;-1;-1
;ServiceLog;md;1422960509264;unknown;unknown;1;-1;-1;-1;-1;-1;-1
;ServiceLog;md;1422960510280;unknown;unknown;1;-1;-1;-1;-1;-1;-1
;ServiceLog;md;1422960511311;unknown;unknown;1;-1;-1;-1;-1;-1;-1
;ServiceLog;md;1422960512344;unknown;unknown;1;-1;-1;-1;-1;-1;-1
;ServiceLog;md;1422960513379;unknown;unknown;1;-1;-1;-1;-1;-1;-1
;ServiceLog;md;1422960514414;unknown;unknown;1;-1;-1;-1;-1;-1;-1
;ServiceLog;md;1422960515450;unknown;unknown;1;-1;-1;-1;-1;-1;-1
;ServiceLog;md;1422960516467;unknown;unknown;1;-1;-1;-1;-1;-1;-1
;ServiceLog;md;1422960517498;unknown;unknown;1;-1;-1;-1;-1;-1;-1
;ServiceLog;md;1422960518529;unknown;unknown;1;-1;-1;-1;-1;-1;-1
;ServiceLog;md;1422960519561;unknown;unknown;1;-1;-1;-1;-1;-1;-1
;ServiceLog;md;1422960520594;unknown;unknown;1;-1;-1;-1;-1;-1;-1
;ServiceLog;md;1422960521627;unknown;unknown;1;-1;-1;-1;-1;-1;-1
;ServiceLog;md;1422960522662;unknown;unknown;1;-1;-1;-1;-1;-1;-1
;ServiceLog;md;1422960523697;unknown;unknown;1;-1;-1;-1;-1;-1;-1
;ServiceLog;md;1422960524730;unknown;unknown;1;-1;-1;-1;-1;-1;-1
;ServiceLog;md;1422960525761;unknown;unknown;1;-1;-1;-1;-1;-1;-1
;ServiceLog;md;1422960526795;unknown;unknown;1;-1;-1;-1;-1;-1;-1
;ServiceLog;md;1422960527832;unknown;unknown;1;-1;-1;-1;-1;-1;-1
;ServiceLog;md;1422960528871;unknown;unknown;1;-1;-1;-1;-1;-1;-1
;ServiceLog;md;1422960529913;unknown;unknown;1;-1;-1;-1;-1;-1;-1
;ServiceLog;md;1422960530933;unknown;unknown;1;-1;-1;-1;-1;-1;-1
;ServiceLog;md;1422960532000;2G;EDGE;1;250;1;660;43922;-1;-51
;ServiceLog;md;1422960533031;2G;EDGE;1;250;1;660;43922;-1;-51
;ServiceLog;md;1422960534194;2G;EDGE;1;250;1;660;43922;-1;-51
;ServiceLog;md;1422960535219;2G;EDGE;1;250;1;660;43922;-1;-51
;ServiceLog;md;1422960536236;2G;EDGE;1;250;1;660;43922;-1;-53
;ServiceLog;md;1422960537252;2G;EDGE;1;250;1;660;43922;-1;-53
;ServiceLog;md;1422960538270;2G;EDGE;1;250;1;660;43922;-1;-53
;ServiceLog;md;1422960539284;2G;EDGE;1;250;1;660;43922;-1;-53
;ServiceLog;md;1422960540298;2G;EDGE;1;250;1;660;43922;-1;-53
;ServiceLog;md;1422960541325;2G;EDGE;1;250;1;660;43922;-1;-53
;ServiceLog;md;1422960542340;2G;EDGE;1;250;1;660;43922;-1;-53
;ServiceLog;md;1422960543378;2G;EDGE;1;250;1;660;43922;-1;-53
;ServiceLog;md;1422960544437;2G;EDGE;1;250;1;660;43922;-1;-53
;ServiceLog;md;1422960545477;2G;EDGE;1;250;1;660;43922;-1;-53
;ServiceLog;md;1422960546496;2G;EDGE;1;250;1;660;43922;-1;-53
;ServiceLog;md;1422960547535;2G;EDGE;1;250;1;660;43922;-1;-53
;ServiceLog;md;1422960548574;2G;EDGE;1;250;1;660;43922;-1;-53
;ServiceLog;md;1422960549609;2G;EDGE;1;250;1;660;43922;-1;-53
;ServiceLog;md;1422960550655;2G;EDGE;1;250;1;660;43922;-1;-53
;ServiceLog;md;1422960551673;2G;EDGE;1;250;1;660;43922;-1;-53
;ServiceLog;md;1422960552712;2G;EDGE;1;250;1;660;43922;-1;-53
;ServiceLog;md;1422960553757;2G;EDGE;1;250;1;660;43922;-1;-53
;ServiceLog;md;1422960554792;2G;EDGE;1;250;1;660;43922;-1;-53
;ServiceLog;md;1422960555838;2G;EDGE;1;250;1;660;43922;-1;-53
;ServiceLog;md;1422960556856;2G;EDGE;1;250;1;660;43922;-1;-53
;ServiceLog;md;1422960557897;2G;EDGE;1;250;1;660;43922;-1;-53
;ServiceLog;md;1422960558939;2G;EDGE;1;250;1;660;43922;-1;-53
;ServiceLog;md;1422960559979;2G;EDGE;1;250;1;660;43922;-1;-53
;ServiceLog;md;1422960561018;2G;EDGE;1;250;1;660;43922;-1;-53
;ServiceLog;md;1422960562056;2G;EDGE;1;250;1;660;43922;-1;-53
;ServiceLog;md;1422960563093;2G;EDGE;1;250;1;660;43922;-1;-53
;ServiceLog;md;1422960564130;2G;EDGE;1;250;1;660;43922;-1;-53
;ServiceLog;md;1422960565167;2G;EDGE;1;250;1;660;43922;-1;-53
;ServiceLog;md;1422960566202;2G;EDGE;1;250;1;660;43922;-1;-53
;ServiceLog;md;1422960567220;2G;EDGE;1;250;1;660;43922;-1;-53
;ServiceLog;md;1422960568241;2G;EDGE;1;250;1;660;43922;-1;-53
;ServiceLog;md;1422960569283;2G;EDGE;1;250;1;660;43922;-1;-53
;ServiceLog;md;1422960570319;2G;EDGE;1;250;1;660;43922;-1;-53
;ServiceLog;md;1422960571379;2G;EDGE;1;250;1;660;43922;-1;-53
;ServiceLog;md;1422960572398;2G;EDGE;1;250;1;660;43922;-1;-53
;ServiceLog;md;1422960573436;2G;EDGE;1;250;1;660;43922;-1;-53
;ServiceLog;md;1422960574473;2G;EDGE;1;250;1;660;43922;-1;-53
;ServiceLog;md;1422960575509;2G;EDGE;1;250;1;660;43922;-1;-53
;ServiceLog;md;1422960576541;2G;EDGE;1;250;1;660;43922;-1;-53
;ServiceLog;md;1422960577591;2G;EDGE;1;250;1;660;43922;-1;-53
;ServiceLog;md;1422960578630;2G;EDGE;1;250;1;660;43922;-1;-53
;ServiceLog;md;1422960579661;2G;EDGE;1;250;1;660;43922;-1;-53
;ServiceLog;md;1422960580679;2G;EDGE;1;250;1;660;43922;-1;-53
;ServiceLog;md;1422960581711;2G;EDGE;1;250;1;660;43922;-1;-53
;ServiceLog;md;1422960582728;2G;EDGE;1;250;1;660;43922;-1;-53
;ServiceLog;md;1422960583761;2G;EDGE;1;250;1;660;43922;-1;-53
;ServiceLog;md;1422960584800;2G;EDGE;1;250;1;660;43922;-1;-53
;ServiceLog;md;1422960585818;2G;EDGE;1;250;1;660;43922;-1;-53
;ServiceLog;md;1422960586835;2G;EDGE;1;250;1;660;43922;-1;-53
;ServiceLog;md;1422960587873;2G;EDGE;1;250;1;660;43922;-1;-53
;ServiceLog;md;1422960588918;2G;EDGE;1;250;1;660;43922;-1;-53
;ServiceLog;md;1422960589955;2G;EDGE;1;250;1;660;43922;-1;-53
;ServiceLog;md;1422960590973;2G;EDGE;1;250;1;660;43922;-1;-53
;ServiceLog;md;1422960591995;2G;EDGE;1;250;1;660;43922;-1;-53
;ServiceLog;md;1422960593011;2G;EDGE;1;250;1;660;43922;-1;-53
;ServiceLog;md;1422960594024;2G;EDGE;1;250;1;660;43922;-1;-53
;ServiceLog;md;1422960595037;2G;EDGE;1;250;1;660;43922;-1;-73
;ServiceLog;md;1422960596130;2G;EDGE;1;250;1;660;43922;-1;-75
;ServiceLog;md;1422960597200;2G;EDGE;1;250;1;660;43922;-1;-75
;ServiceLog;md;1422960598221;2G;EDGE;1;250;1;660;43922;-1;-75
;ServiceLog;md;1422960599239;2G;EDGE;1;250;1;660;43922;-1;-77
;ServiceLog;md;1422960600259;2G;EDGE;1;250;1;660;43922;-1;-77
;ServiceLog;md;1422960601274;2G;EDGE;1;250;1;660;43922;-1;-77
;ServiceLog;md;1422960602340;2G;EDGE;1;250;1;660;43922;-1;-81
;ServiceLog;md;1422960603365;2G;EDGE;1;250;1;660;43922;-1;-81
;ServiceLog;md;1422960604378;2G;EDGE;1;250;1;660;43922;-1;-81
;ServiceLog;md;1422960605392;2G;EDGE;1;250;1;660;43922;-1;-83
;ServiceLog;md;1422960606406;2G;EDGE;1;250;1;660;43922;-1;-83
;ServiceLog;md;1422960607435;2G;EDGE;1;250;1;660;43922;-1;-83
;ServiceLog;md;1422960608496;2G;EDGE;1;250;1;660;43922;-1;-85
;ServiceLog;md;1422960609526;2G;EDGE;1;250;1;660;43922;-1;-85
;ServiceLog;md;1422960610576;2G;EDGE;1;250;1;660;43922;-1;-85
;ServiceLog;md;1422960611596;2G;EDGE;1;250;1;660;43922;-1;-85
;ServiceLog;md;1422960612614;2G;EDGE;1;250;1;660;43922;-1;-85
;ServiceLog;md;1422960613659;2G;EDGE;1;250;1;660;43922;-1;-85
;ServiceLog;md;1422960614674;2G;EDGE;1;250;1;660;43922;-1;-85
;ServiceLog;md;1422960615689;2G;EDGE;1;250;1;660;43922;-1;-85
;ServiceLog;md;1422960616721;2G;EDGE;1;250;1;660;43922;-1;-85
;ServiceLog;md;1422960617736;2G;EDGE;1;250;1;660;43922;-1;-81
;ServiceLog;md;1422960618757;2G;EDGE;1;250;1;660;43922;-1;-81
;ServiceLog;md;1422960619774;2G;EDGE;1;250;1;660;43922;-1;-81
;ServiceLog;md;1422960620823;2G;EDGE;1;250;1;660;43922;-1;-71
;ServiceLog;md;1422960621837;2G;EDGE;1;250;1;660;43922;-1;-71
;ServiceLog;md;1422960622860;2G;EDGE;1;250;1;660;43922;-1;-73
;ServiceLog;md;1422960623874;2G;EDGE;1;250;1;660;43922;-1;-73
;ServiceLog;md;1422960624894;2G;EDGE;1;250;1;660;43922;-1;-73
;ServiceLog;md;1422960625914;2G;EDGE;1;250;1;660;43922;-1;-77
;ServiceLog;md;1422960626934;2G;EDGE;1;250;1;660;43922;-1;-77
;ServiceLog;md;1422960627981;2G;EDGE;1;250;1;660;43922;-1;-77
;ServiceLog;md;1422960629043;2G;EDGE;1;250;1;660;43922;-1;-83
;ServiceLog;md;1422960630077;2G;EDGE;1;250;1;660;43922;-1;-83
;ServiceLog;md;1422960631092;2G;EDGE;1;250;1;660;43922;-1;-83
;ServiceLog;md;1422960632107;2G;EDGE;1;250;1;660;43922;-1;-87
;ServiceLog;md;1422960633146;2G;EDGE;1;250;1;660;43922;-1;-87
;ServiceLog;md;1422960634203;2G;EDGE;1;250;1;660;43922;-1;-87
;ServiceLog;md;1422960635258;2G;EDGE;1;250;1;660;43922;-1;-87
;ServiceLog;md;1422960636278;2G;EDGE;1;250;1;660;43922;-1;-87
;ServiceLog;md;1422960637316;2G;EDGE;1;250;1;660;43922;-1;-87
;ServiceLog;md;1422960638375;2G;EDGE;1;250;1;660;43922;-1;-87
;ServiceLog;md;1422960639406;2G;EDGE;1;250;1;660;43922;-1;-87
;ServiceLog;md;1422960640443;2G;EDGE;1;250;1;660;43922;-1;-87
;ServiceLog;md;1422960641460;2G;EDGE;1;250;1;660;43922;-1;-87
;ServiceLog;md;1422960642508;2G;EDGE;1;250;1;660;43922;-1;-87
;ServiceLog;md;1422960643555;2G;EDGE;1;250;1;660;43922;-1;-87
;ServiceLog;md;1422960644606;2G;EDGE;1;250;1;660;43922;-1;-87
;ServiceLog;md;1422960645642;2G;EDGE;1;250;1;660;43922;-1;-87
;ServiceLog;md;1422960646680;2G;EDGE;1;250;1;660;43922;-1;-87
;ServiceLog;md;1422960647718;2G;EDGE;1;250;1;660;43922;-1;0
;ServiceLog;md;1422960648751;2G;EDGE;1;250;1;660;43922;-1;0
;ServiceLog;md;1422960649795;unknown;unknown;1;-1;-1;-1;-1;-1;-1
;ServiceLog;md;1422960650824;unknown;unknown;1;-1;-1;-1;-1;-1;-1
;ServiceLog;md;1422960651855;unknown;unknown;1;-1;-1;-1;-1;-1;-1
;ServiceLog;md;1422960652883;unknown;unknown;1;-1;-1;-1;-1;-1;-1
;ServiceLog;md;1422960653897;unknown;unknown;1;-1;-1;-1;-1;-1;-1
;ServiceLog;md;1422960654935;unknown;unknown;1;-1;-1;-1;-1;-1;-1
;ServiceLog;md;1422960655975;unknown;unknown;1;-1;-1;-1;-1;-1;-1
;ServiceLog;md;1422960657092;unknown;unknown;1;-1;-1;-1;-1;-1;-1
;ServiceLog;md;1422960658108;unknown;unknown;1;-1;-1;-1;-1;-1;-1
;ServiceLog;md;1422960659135;unknown;unknown;1;-1;-1;-1;-1;-1;-1
;ServiceLog;md;1422960660149;unknown;unknown;1;-1;-1;-1;-1;-1;-1
;ServiceLog;md;1422960661164;unknown;unknown;1;-1;-1;-1;-1;-1;-1
;ServiceLog;md;1422960662188;unknown;unknown;1;-1;-1;-1;-1;-1;-1
;ServiceLog;md;1422960663233;unknown;unknown;1;-1;-1;-1;-1;-1;-1
;ServiceLog;md;1422960664249;unknown;unknown;1;-1;-1;-1;-1;-1;-1
;ServiceLog;md;1422960665281;unknown;unknown;1;-1;-1;-1;-1;-1;-1
;ServiceLog;md;1422960666328;unknown;unknown;1;-1;-1;-1;-1;-1;-1
;ServiceLog;md;1422960667341;unknown;unknown;1;-1;-1;-1;-1;-1;-1
;ServiceLog;md;1422960668385;unknown;unknown;1;-1;-1;-1;-1;-1;-1
;ServiceLog;md;1422960669415;unknown;unknown;1;-1;-1;-1;-1;-1;-1
;ServiceLog;md;1422960670443;unknown;unknown;1;-1;-1;-1;-1;-1;-1
;ServiceLog;md;1422960671457;unknown;unknown;1;-1;-1;-1;-1;-1;-1
;ServiceLog;md;1422960672485;unknown;unknown;1;-1;-1;-1;-1;-1;-1
;ServiceLog;md;1422960673505;unknown;unknown;1;-1;-1;-1;-1;-1;-1
;ServiceLog;md;1422960674540;unknown;unknown;1;-1;-1;-1;-1;-1;-1
;ServiceLog;md;1422960675568;unknown;unknown;1;-1;-1;-1;-1;-1;-1
;ServiceLog;md;1422960676598;unknown;unknown;1;-1;-1;-1;-1;-1;-1
;ServiceLog;md;1422960677612;unknown;unknown;1;-1;-1;-1;-1;-1;-1
;ServiceLog;md;1422960678654;unknown;unknown;1;-1;-1;-1;-1;-1;-1
;ServiceLog;md;1422960679683;unknown;unknown;1;-1;-1;-1;-1;-1;-1
;ServiceLog;md;1422960680718;unknown;unknown;1;-1;-1;-1;-1;-1;-1
;ServiceLog;md;1422960681749;unknown;unknown;1;-1;-1;-1;-1;-1;-1
;ServiceLog;md;1422960682762;unknown;unknown;1;-1;-1;-1;-1;-1;-1
;ServiceLog;md;1422960683789;unknown;unknown;1;-1;-1;-1;-1;-1;-1
;ServiceLog;md;1422960684826;unknown;unknown;1;-1;-1;-1;-1;-1;-1
;ServiceLog;md;1422960685878;unknown;unknown;1;-1;-1;-1;-1;-1;-1
;ServiceLog;md;1422960686909;unknown;unknown;1;-1;-1;-1;-1;-1;-1
;ServiceLog;md;1422960687938;unknown;unknown;1;-1;-1;-1;-1;-1;-1
;ServiceLog;md;1422960688966;unknown;unknown;1;-1;-1;-1;-1;-1;-1
;ServiceLog;md;1422960689980;unknown;unknown;1;-1;-1;-1;-1;-1;-1
;ServiceLog;md;1422960691019;unknown;unknown;1;-1;-1;-1;-1;-1;-1
;ServiceLog;md;1422960692046;unknown;unknown;1;-1;-1;-1;-1;-1;-1
;ServiceLog;md;1422960693060;unknown;unknown;1;-1;-1;-1;-1;-1;-1
;ServiceLog;md;1422960694089;unknown;unknown;1;-1;-1;-1;-1;-1;-1
;ServiceLog;md;1422960695106;unknown;unknown;1;-1;-1;-1;-1;-1;-1
;ServiceLog;md;1422960696140;unknown;unknown;1;-1;-1;-1;-1;-1;-1
;ServiceLog;md;1422960697184;unknown;unknown;1;-1;-1;-1;-1;-1;-1
;ServiceLog;md;1422960698216;unknown;unknown;1;-1;-1;-1;-1;-1;-1
;ServiceLog;md;1422960699245;unknown;unknown;1;-1;-1;-1;-1;-1;-1
;ServiceLog;md;1422960700274;unknown;unknown;1;-1;-1;-1;-1;-1;-1
;ServiceLog;md;1422960701308;unknown;unknown;1;-1;-1;-1;-1;-1;-1
;ServiceLog;md;1422960702338;unknown;unknown;1;-1;-1;-1;-1;-1;-1
;ServiceLog;md;1422960703366;unknown;unknown;1;-1;-1;-1;-1;-1;-1
;ServiceLog;md;1422960704398;unknown;unknown;1;-1;-1;-1;-1;-1;-1
;ServiceLog;md;1422960705427;unknown;unknown;1;-1;-1;-1;-1;-1;-1
;ServiceLog;md;1422960706456;unknown;unknown;1;-1;-1;-1;-1;-1;-1
;ServiceLog;md;1422960707488;unknown;unknown;1;-1;-1;-1;-1;-1;-1
;ServiceLog;md;1422960708516;unknown;unknown;1;-1;-1;-1;-1;-1;-1
;ServiceLog;md;1422960709538;unknown;unknown;1;-1;-1;-1;-1;-1;-1
;ServiceLog;md;1422960710571;unknown;unknown;1;-1;-1;-1;-1;-1;-1
;ServiceLog;md;1422960711611;unknown;unknown;1;-1;-1;-1;-1;-1;-1
;ServiceLog;md;1422960712647;unknown;unknown;1;-1;-1;-1;-1;-1;-1
;ServiceLog;md;1422960713694;unknown;unknown;1;-1;-1;-1;-1;-1;-1
;ServiceLog;md;1422960714708;unknown;unknown;1;-1;-1;-1;-1;-1;-1
;ServiceLog;md;1422960715738;unknown;unknown;1;-1;-1;-1;-1;-1;-1
;ServiceLog;md;1422960716769;unknown;unknown;1;-1;-1;-1;-1;-1;-1
;ServiceLog;md;1422960717797;unknown;unknown;1;-1;-1;-1;-1;-1;-1
;ServiceLog;md;1422960718812;unknown;unknown;1;-1;-1;-1;-1;-1;-1
;ServiceLog;md;1422960719858;unknown;unknown;1;-1;-1;-1;-1;-1;-1
;ServiceLog;md;1422960720883;unknown;unknown;1;-1;-1;-1;-1;-1;-1
;ServiceLog;md;1422960721914;unknown;unknown;1;-1;-1;-1;-1;-1;-1
;ServiceLog;md;1422960722993;3G;UMTS;1;250;1;660;6882505;-1;0
;ServiceLog;md;1422960724071;3G;UMTS;1;250;1;660;6882505;-1;-81
;ServiceLog;md;1422960725107;3G;UMTS;1;250;1;660;6882505;-1;-81
;ServiceLog;md;1422960726180;3G;UMTS;1;250;1;660;6882505;-1;-81
;ServiceLog;md;1422960727199;3G;UMTS;1;250;1;660;6882505;-1;-85
;ServiceLog;md;1422960728238;3G;UMTS;1;250;1;660;6882505;-1;-85
;ServiceLog;md;1422960729278;3G;UMTS;1;250;1;660;6882505;-1;-85
;ServiceLog;md;1422960730303;3G;UMTS;1;250;1;660;6882505;-1;-89
;ServiceLog;md;1422960731320;3G;UMTS;1;250;1;660;6882505;-1;-89
;ServiceLog;md;1422960732371;3G;UMTS;1;250;1;660;6882505;-1;-89
;ServiceLog;md;1422960733410;3G;UMTS;1;250;1;660;6882505;-1;-93
;ServiceLog;md;1422960734432;3G;UMTS;1;250;1;660;6882505;-1;-93
;ServiceLog;md;1422960735479;3G;UMTS;1;250;1;660;6882505;-1;-93
;ServiceLog;md;1422960736506;3G;UMTS;1;250;1;660;6882505;-1;-95
;ServiceLog;md;1422960737553;3G;UMTS;1;250;1;660;6882505;-1;-95
;ServiceLog;md;1422960738593;3G;UMTS;1;250;1;660;6882505;-1;-95
;ServiceLog;md;1422960739607;3G;UMTS;1;250;1;660;6882505;-1;-97
;ServiceLog;md;1422960740640;3G;UMTS;1;250;1;660;6882505;-1;-97
;ServiceLog;md;1422960741656;3G;UMTS;1;250;1;660;6882505;-1;-97
;ServiceLog;md;1422960742671;3G;UMTS;1;250;1;660;6882505;-1;-99
;ServiceLog;md;1422960743706;3G;UMTS;1;250;1;660;6882505;-1;-99
;ServiceLog;md;1422960744756;3G;UMTS;1;250;1;660;6882505;-1;-99
;ServiceLog;md;1422960745809;3G;UMTS;1;250;1;660;6882505;-1;-101
;ServiceLog;md;1422960746854;3G;UMTS;1;250;1;660;6882505;-1;-101
;ServiceLog;md;1422960747894;3G;UMTS;1;250;1;660;6882505;-1;-103
;ServiceLog;md;1422960748908;3G;UMTS;1;250;1;660;6882505;-1;-103
;ServiceLog;md;1422960749933;2G;EDGE;1;250;1;660;43921;-1;-103
;ServiceLog;md;1422960750954;2G;EDGE;1;250;1;660;43921;-1;-103
;ServiceLog;md;1422960751968;2G;EDGE;1;250;1;660;43921;-1;-103
;ServiceLog;md;1422960753005;2G;EDGE;1;250;1;660;43921;-1;-95
;ServiceLog;md;1422960754038;2G;EDGE;1;250;1;660;43921;-1;-95
;ServiceLog;md;1422960755068;2G;EDGE;1;250;1;660;43921;-1;-95
;ServiceLog;md;1422960756102;2G;EDGE;1;250;1;660;43921;-1;-91
;ServiceLog;md;1422960757117;2G;EDGE;1;250;1;660;43921;-1;-91
;ServiceLog;md;1422960758149;2G;EDGE;1;250;1;660;43921;-1;-91
;ServiceLog;md;1422960759212;2G;EDGE;1;250;1;660;43921;-1;-91
;ServiceLog;md;1422960760249;2G;EDGE;1;250;1;660;43921;-1;-91
;ServiceLog;md;1422960761264;2G;EDGE;1;250;1;660;43921;-1;-91
;ServiceLog;md;1422960762297;2G;EDGE;1;250;1;660;43921;-1;-93
;ServiceLog;md;1422960763321;2G;EDGE;1;250;1;660;43921;-1;-93
;ServiceLog;md;1422960764362;2G;EDGE;1;250;1;660;43921;-1;-93
;ServiceLog;md;1422960765390;2G;EDGE;1;250;1;660;43921;-1;-93
;ServiceLog;md;1422960766422;2G;EDGE;1;250;1;660;43921;-1;-93
;ServiceLog;md;1422960767460;2G;EDGE;1;250;1;660;43921;-1;-93
;ServiceLog;md;1422960768497;2G;EDGE;1;250;1;660;43921;-1;-91
;ServiceLog;md;1422960769529;2G;EDGE;1;250;1;660;43921;-1;-91
;ServiceLog;md;1422960770544;2G;EDGE;1;250;1;660;43921;-1;-91
;ServiceLog;md;1422960771586;2G;EDGE;1;250;1;660;43921;-1;-87
;ServiceLog;md;1422960772644;3G;UMTS;1;250;1;660;6882505;-1;-87
;ServiceLog;md;1422960773700;3G;UMTS;1;250;1;660;6882505;-1;-87
;ServiceLog;md;1422960774730;3G;UMTS;1;250;1;660;6882505;-1;-85
;ServiceLog;md;1422960775775;3G;UMTS;1;250;1;660;6882505;-1;-85
;ServiceLog;md;1422960776819;3G;UMTS;1;250;1;660;6882505;-1;-85
;ServiceLog;md;1422960777863;3G;UMTS;1;250;1;660;6882505;-1;-93
;ServiceLog;md;1422960778904;3G;UMTS;1;250;1;660;6882505;-1;-93
;ServiceLog;md;1422960779929;3G;UMTS;1;250;1;660;6882505;-1;-93
;ServiceLog;md;1422960780982;3G;UMTS;1;250;1;660;6882505;-1;-99
;ServiceLog;md;1422960782013;3G;UMTS;1;250;1;660;6882505;-1;-99
;ServiceLog;md;1422960783029;3G;UMTS;1;250;1;660;6882505;-1;-99
;ServiceLog;md;1422960784064;3G;UMTS;1;250;1;660;6882505;-1;-103
;ServiceLog;md;1422960785119;3G;UMTS;1;250;1;660;6882505;-1;-103
;ServiceLog;md;1422960786163;3G;UMTS;1;250;1;660;6882505;-1;-103
;ServiceLog;md;1422960787201;3G;UMTS;1;250;1;660;6882505;-1;-105
;ServiceLog;md;1422960788251;3G;UMTS;1;250;1;660;6882505;-1;-105
;ServiceLog;md;1422960789302;3G;UMTS;1;250;1;660;6882505;-1;-105
;ServiceLog;md;1422960790334;3G;UMTS;1;250;1;660;6882505;-1;0
;ServiceLog;md;1422960791353;3G;UMTS;1;250;1;660;6882505;-1;0
;ServiceLog;md;1422960792396;3G;UMTS;1;250;1;660;6882505;-1;0
;ServiceLog;md;1422960793427;3G;UMTS;1;250;1;660;6882505;-1;0
;ServiceLog;md;1422960794472;3G;UMTS;1;250;1;660;6882505;-1;0
;ServiceLog;md;1422960795506;3G;UMTS;1;250;1;660;6882505;-1;0
;ServiceLog;md;1422960796537;3G;UMTS;1;250;1;660;6882505;-1;0
;ServiceLog;md;1422960797569;3G;UMTS;1;250;1;660;6882505;-1;0
;ServiceLog;md;1422960798614;3G;UMTS;1;250;1;660;6882505;-1;0
;ServiceLog;md;1422960799645;3G;UMTS;1;250;1;660;6882505;-1;0
;ServiceLog;md;1422960800681;3G;UMTS;1;250;1;660;6882505;-1;0
;ServiceLog;md;1422960801711;unknown;unknown;1;-1;-1;-1;-1;-1;-1
;ServiceLog;md;1422960802723;unknown;unknown;1;-1;-1;-1;-1;-1;-1
;ServiceLog;md;1422960803736;unknown;unknown;1;-1;-1;-1;-1;-1;-1
;ServiceLog;md;1422960804769;unknown;unknown;1;-1;-1;-1;-1;-1;-1
;ServiceLog;md;1422960805798;unknown;unknown;1;-1;-1;-1;-1;-1;-1
;ServiceLog;md;1422960806841;unknown;unknown;1;-1;-1;-1;-1;-1;-1
;ServiceLog;md;1422960807870;unknown;unknown;1;-1;-1;-1;-1;-1;-1
;ServiceLog;md;1422960808902;unknown;unknown;1;-1;-1;-1;-1;-1;-1
;ServiceLog;md;1422960809933;unknown;unknown;1;-1;-1;-1;-1;-1;-1
;ServiceLog;md;1422960810960;unknown;unknown;1;-1;-1;-1;-1;-1;-1
;ServiceLog;md;1422960811974;unknown;unknown;1;-1;-1;-1;-1;-1;-1
;ServiceLog;md;1422960813008;unknown;unknown;1;-1;-1;-1;-1;-1;-1
;ServiceLog;md;1422960814058;unknown;unknown;1;-1;-1;-1;-1;-1;-1
;ServiceLog;md;1422960815088;unknown;unknown;1;-1;-1;-1;-1;-1;-1
;ServiceLog;md;1422960816129;unknown;unknown;1;-1;-1;-1;-1;-1;-1
;ServiceLog;md;1422960817148;unknown;unknown;1;-1;-1;-1;-1;-1;-1
;ServiceLog;md;1422960818186;unknown;unknown;1;-1;-1;-1;-1;-1;-1
;ServiceLog;md;1422960819241;unknown;unknown;1;-1;-1;-1;-1;-1;-1
;ServiceLog;md;1422960820306;unknown;unknown;1;-1;-1;-1;-1;-1;-1
;ServiceLog;md;1422960821344;unknown;unknown;1;-1;-1;-1;-1;-1;-1
;ServiceLog;md;1422960822366;unknown;unknown;1;-1;-1;-1;-1;-1;-1
;ServiceLog;md;1422960823395;unknown;unknown;1;-1;-1;-1;-1;-1;-1
;ServiceLog;md;1422960824409;unknown;unknown;1;-1;-1;-1;-1;-1;-1
;ServiceLog;md;1422960825445;unknown;unknown;1;-1;-1;-1;-1;-1;-1
;ServiceLog;md;1422960826472;unknown;unknown;1;-1;-1;-1;-1;-1;-1
;ServiceLog;md;1422960827486;unknown;unknown;1;-1;-1;-1;-1;-1;-1
;ServiceLog;md;1422960828515;unknown;unknown;1;-1;-1;-1;-1;-1;-1
;ServiceLog;md;1422960829548;unknown;unknown;1;-1;-1;-1;-1;-1;-1
;ServiceLog;md;1422960830917;unknown;unknown;1;-1;-1;-1;-1;-1;-1
;ServiceLog;md;1422960831947;unknown;unknown;1;-1;-1;-1;-1;-1;-1
;ServiceLog;md;1422960832977;unknown;unknown;1;-1;-1;-1;-1;-1;-1
;ServiceLog;md;1422960834006;unknown;unknown;1;-1;-1;-1;-1;-1;-1
;ServiceLog;md;1422960835072;unknown;unknown;1;-1;-1;-1;-1;-1;-1
;ServiceLog;md;1422960836086;unknown;unknown;1;-1;-1;-1;-1;-1;-1
;ServiceLog;md;1422960837112;unknown;unknown;1;-1;-1;-1;-1;-1;-1
;ServiceLog;md;1422960838165;unknown;unknown;1;-1;-1;-1;-1;-1;-1
;ServiceLog;md;1422960839201;unknown;unknown;1;-1;-1;-1;-1;-1;-1
;ServiceLog;md;1422960840238;unknown;unknown;1;-1;-1;-1;-1;-1;-1
;ServiceLog;md;1422960841268;unknown;unknown;1;-1;-1;-1;-1;-1;-1
;ServiceLog;md;1422960842307;unknown;unknown;1;-1;-1;-1;-1;-1;-1
;ServiceLog;md;1422960843321;unknown;unknown;1;-1;-1;-1;-1;-1;-1
;ServiceLog;md;1422960844351;unknown;unknown;1;-1;-1;-1;-1;-1;-1
;ServiceLog;md;1422960845403;unknown;unknown;1;-1;-1;-1;-1;-1;-1
;ServiceLog;md;1422960846453;unknown;unknown;1;-1;-1;-1;-1;-1;-1
;ServiceLog;md;1422960847492;unknown;unknown;1;-1;-1;-1;-1;-1;-1
;ServiceLog;md;1422960848506;unknown;unknown;1;-1;-1;-1;-1;-1;-1
;ServiceLog;md;1422960849620;unknown;unknown;1;-1;-1;-1;-1;-1;-1
;ServiceLog;md;1422960850663;unknown;unknown;1;-1;-1;-1;-1;-1;-1
;ServiceLog;md;1422960851691;unknown;unknown;1;-1;-1;-1;-1;-1;-1
;ServiceLog;md;1422960852706;unknown;unknown;1;-1;-1;-1;-1;-1;-1
;ServiceLog;md;1422960853735;unknown;unknown;1;-1;-1;-1;-1;-1;-1
;ServiceLog;md;1422960854775;unknown;unknown;1;-1;-1;-1;-1;-1;-1
;ServiceLog;md;1422960855816;unknown;unknown;1;-1;-1;-1;-1;-1;-1
;ServiceLog;md;1422960856853;unknown;unknown;1;-1;-1;-1;-1;-1;-1
;ServiceLog;md;1422960857883;unknown;unknown;1;-1;-1;-1;-1;-1;-1
;ServiceLog;md;1422960858919;unknown;unknown;1;-1;-1;-1;-1;-1;-1
;ServiceLog;md;1422960859972;unknown;unknown;1;-1;-1;-1;-1;-1;-1
;ServiceLog;md;1422960861029;unknown;unknown;1;-1;-1;-1;-1;-1;-1
;ServiceLog;md;1422960862069;unknown;unknown;1;-1;-1;-1;-1;-1;-1
;ServiceLog;md;1422960863136;unknown;unknown;1;-1;-1;-1;-1;-1;-1
;ServiceLog;md;1422960864188;unknown;unknown;1;-1;-1;-1;-1;-1;-1
;ServiceLog;md;1422960865222;unknown;unknown;1;-1;-1;-1;-1;-1;-1
;ServiceLog;md;1422960866262;unknown;unknown;1;-1;-1;-1;-1;-1;-1
;ServiceLog;md;1422960867321;unknown;unknown;1;-1;-1;-1;-1;-1;-1
;ServiceLog;md;1422960868345;unknown;unknown;1;-1;-1;-1;-1;-1;-1
;ServiceLog;md;1422960869369;unknown;unknown;1;-1;-1;-1;-1;-1;-1
;ServiceLog;md;1422960870401;unknown;unknown;1;-1;-1;-1;-1;-1;-1
;ServiceLog;md;1422960871439;unknown;unknown;1;-1;-1;-1;-1;-1;-1
;ServiceLog;md;1422960872478;unknown;unknown;1;-1;-1;-1;-1;-1;-1
;ServiceLog;md;1422960873564;unknown;unknown;1;-1;-1;-1;-1;-1;-1
;ServiceLog;md;1422960874595;unknown;unknown;1;-1;-1;-1;-1;-1;-1
;ServiceLog;md;1422960875624;unknown;unknown;1;-1;-1;-1;-1;-1;-1
;ServiceLog;md;1422960876665;unknown;unknown;1;-1;-1;-1;-1;-1;-1
;ServiceLog;md;1422960877716;unknown;unknown;1;-1;-1;-1;-1;-1;-1
;ServiceLog;md;1422960878757;unknown;unknown;1;-1;-1;-1;-1;-1;-1
;ServiceLog;md;1422960879771;unknown;unknown;1;-1;-1;-1;-1;-1;-1
;ServiceLog;md;1422960880800;unknown;unknown;1;-1;-1;-1;-1;-1;-1
;ServiceLog;md;1422960881847;unknown;unknown;1;-1;-1;-1;-1;-1;-1
;ServiceLog;md;1422960882885;unknown;unknown;1;-1;-1;-1;-1;-1;-1
;ServiceLog;md;1422960883914;unknown;unknown;1;-1;-1;-1;-1;-1;-1
;ServiceLog;md;1422960884927;unknown;unknown;1;-1;-1;-1;-1;-1;-1
;ServiceLog;md;1422960885960;unknown;unknown;1;-1;-1;-1;-1;-1;-1
;ServiceLog;md;1422960886987;unknown;unknown;1;-1;-1;-1;-1;-1;-1
;ServiceLog;md;1422960888010;unknown;unknown;1;-1;-1;-1;-1;-1;-1
;ServiceLog;md;1422960889037;unknown;unknown;1;-1;-1;-1;-1;-1;-1
;ServiceLog;md;1422960890050;unknown;unknown;1;-1;-1;-1;-1;-1;-1
;ServiceLog;md;1422960891078;unknown;unknown;1;-1;-1;-1;-1;-1;-1
;ServiceLog;md;1422960892125;unknown;unknown;1;-1;-1;-1;-1;-1;-1
;ServiceLog;md;1422960893158;unknown;unknown;1;-1;-1;-1;-1;-1;-1
;ServiceLog;md;1422960894199;unknown;unknown;1;-1;-1;-1;-1;-1;-1
;ServiceLog;md;1422960895219;unknown;unknown;1;-1;-1;-1;-1;-1;-1
;ServiceLog;md;1422960896265;unknown;unknown;1;-1;-1;-1;-1;-1;-1
;ServiceLog;md;1422960897296;unknown;unknown;1;-1;-1;-1;-1;-1;-1
;ServiceLog;md;1422960898310;unknown;unknown;1;-1;-1;-1;-1;-1;-1
;ServiceLog;md;1422960899360;unknown;unknown;1;-1;-1;-1;-1;-1;-1
;ServiceLog;md;1422960900374;unknown;unknown;1;-1;-1;-1;-1;-1;-1
;ServiceLog;md;1422960901421;unknown;unknown;1;-1;-1;-1;-1;-1;-1
;ServiceLog;md;1422960902434;unknown;unknown;1;-1;-1;-1;-1;-1;-1
;ServiceLog;md;1422960903664;unknown;unknown;1;-1;-1;-1;-1;-1;-1
;ServiceLog;md;1422960904678;unknown;unknown;1;-1;-1;-1;-1;-1;-1
;ServiceLog;md;1422960905912;unknown;unknown;1;-1;-1;-1;-1;-1;-1
;ServiceLog;md;1422960906926;unknown;unknown;1;-1;-1;-1;-1;-1;-1
;ServiceLog;md;1422960907942;unknown;unknown;1;-1;-1;-1;-1;-1;-1
;ServiceLog;md;1422960908959;unknown;unknown;1;-1;-1;-1;-1;-1;-1
;ServiceLog;md;1422960909970;unknown;unknown;1;-1;-1;-1;-1;-1;-1
;ServiceLog;md;1422960911008;unknown;unknown;1;-1;-1;-1;-1;-1;-1
;ServiceLog;md;1422960912021;unknown;unknown;1;-1;-1;-1;-1;-1;-1
;ServiceLog;md;1422960913049;unknown;unknown;1;-1;-1;-1;-1;-1;-1
;ServiceLog;md;1422960914103;unknown;unknown;1;-1;-1;-1;-1;-1;-1
;ServiceLog;md;1422960915260;unknown;unknown;1;-1;-1;-1;-1;-1;-1
;ServiceLog;md;1422960916321;unknown;unknown;1;-1;-1;-1;-1;-1;-1
;ServiceLog;md;1422960917353;unknown;unknown;1;-1;-1;-1;-1;-1;-1
;ServiceLog;md;1422960918385;unknown;unknown;1;-1;-1;-1;-1;-1;-1
;ServiceLog;md;1422960919415;unknown;unknown;1;-1;-1;-1;-1;-1;-1
;ServiceLog;md;1422960920434;unknown;unknown;1;-1;-1;-1;-1;-1;-1
;ServiceLog;md;1422960921445;unknown;unknown;1;-1;-1;-1;-1;-1;-1
;ServiceLog;md;1422960922472;unknown;unknown;1;-1;-1;-1;-1;-1;-1
;ServiceLog;md;1422960923537;unknown;unknown;1;-1;-1;-1;-1;-1;-1
;ServiceLog;md;1422960924550;unknown;unknown;1;-1;-1;-1;-1;-1;-1
;ServiceLog;md;1422960925593;unknown;unknown;1;-1;-1;-1;-1;-1;-1
;ServiceLog;md;1422960926657;unknown;unknown;1;-1;-1;-1;-1;-1;-1
;ServiceLog;md;1422960927686;unknown;unknown;1;-1;-1;-1;-1;-1;-1
;ServiceLog;md;1422960928700;unknown;unknown;1;-1;-1;-1;-1;-1;-1
;ServiceLog;md;1422960929726;unknown;unknown;1;-1;-1;-1;-1;-1;-1
;ServiceLog;md;1422960930754;unknown;unknown;1;-1;-1;-1;-1;-1;-1
;ServiceLog;md;1422960931817;unknown;unknown;1;-1;-1;-1;-1;-1;-1
;ServiceLog;md;1422960932866;unknown;unknown;1;-1;-1;-1;-1;-1;-1
;ServiceLog;md;1422960933919;unknown;unknown;1;-1;-1;-1;-1;-1;-1
;ServiceLog;md;1422960934956;unknown;unknown;1;-1;-1;-1;-1;-1;-1
;ServiceLog;md;1422960935984;unknown;unknown;1;-1;-1;-1;-1;-1;-1
;ServiceLog;md;1422960937014;unknown;unknown;1;-1;-1;-1;-1;-1;-1
;ServiceLog;md;1422960938033;unknown;unknown;1;-1;-1;-1;-1;-1;-1
;ServiceLog;md;1422960939063;unknown;unknown;1;-1;-1;-1;-1;-1;-1
;ServiceLog;md;1422960940090;unknown;unknown;1;-1;-1;-1;-1;-1;-1
;ServiceLog;md;1422960941118;unknown;unknown;1;-1;-1;-1;-1;-1;-1
;ServiceLog;md;1422960942161;unknown;unknown;1;-1;-1;-1;-1;-1;-1
;ServiceLog;md;1422960943216;unknown;unknown;1;-1;-1;-1;-1;-1;-1
;ServiceLog;md;1422960944233;unknown;unknown;1;-1;-1;-1;-1;-1;-1
;ServiceLog;md;1422960945275;unknown;unknown;1;-1;-1;-1;-1;-1;-1
;ServiceLog;md;1422960946316;unknown;unknown;1;-1;-1;-1;-1;-1;-1
;ServiceLog;md;1422960947356;unknown;unknown;1;-1;-1;-1;-1;-1;-1
;ServiceLog;md;1422960948385;unknown;unknown;1;-1;-1;-1;-1;-1;-1
;ServiceLog;md;1422960949418;unknown;unknown;1;-1;-1;-1;-1;-1;-1
;ServiceLog;md;1422960950457;unknown;unknown;1;-1;-1;-1;-1;-1;-1
;ServiceLog;md;1422960951500;unknown;unknown;1;-1;-1;-1;-1;-1;-1
;ServiceLog;md;1422960952533;unknown;unknown;1;-1;-1;-1;-1;-1;-1
;ServiceLog;md;1422960953572;unknown;unknown;1;-1;-1;-1;-1;-1;-1
;ServiceLog;md;1422960954605;unknown;unknown;1;-1;-1;-1;-1;-1;-1
;ServiceLog;md;1422960955635;unknown;unknown;1;-1;-1;-1;-1;-1;-1
;ServiceLog;md;1422960956680;unknown;unknown;1;-1;-1;-1;-1;-1;-1
;ServiceLog;md;1422960957700;unknown;unknown;1;-1;-1;-1;-1;-1;-1
;ServiceLog;md;1422960958727;unknown;unknown;1;-1;-1;-1;-1;-1;-1
;ServiceLog;md;1422960959773;unknown;unknown;1;-1;-1;-1;-1;-1;-1
;ServiceLog;md;1422960960828;unknown;unknown;1;-1;-1;-1;-1;-1;-1
;ServiceLog;md;1422960961860;unknown;unknown;1;-1;-1;-1;-1;-1;-1
;ServiceLog;md;1422960962914;unknown;unknown;1;-1;-1;-1;-1;-1;-1
;ServiceLog;md;1422960963929;unknown;unknown;1;-1;-1;-1;-1;-1;-1
;ServiceLog;md;1422960964986;unknown;unknown;1;-1;-1;-1;-1;-1;-1
;ServiceLog;md;1422960966028;unknown;unknown;1;-1;-1;-1;-1;-1;-1
;ServiceLog;md;1422960967063;unknown;unknown;1;-1;-1;-1;-1;-1;-1
;ServiceLog;md;1422960968102;unknown;unknown;1;-1;-1;-1;-1;-1;-1
;ServiceLog;md;1422960969137;unknown;unknown;1;-1;-1;-1;-1;-1;-1
;ServiceLog;md;1422960970170;unknown;unknown;1;-1;-1;-1;-1;-1;-1
;ServiceLog;md;1422960971214;unknown;unknown;1;-1;-1;-1;-1;-1;-1
;ServiceLog;md;1422960972246;unknown;unknown;1;-1;-1;-1;-1;-1;-1
;ServiceLog;md;1422960973289;unknown;unknown;1;-1;-1;-1;-1;-1;-1
;ServiceLog;md;1422960974337;unknown;unknown;1;-1;-1;-1;-1;-1;-1
;ServiceLog;md;1422960975368;unknown;unknown;1;-1;-1;-1;-1;-1;-1
;ServiceLog;md;1422960976402;unknown;unknown;1;-1;-1;-1;-1;-1;-1
;ServiceLog;md;1422960977438;unknown;unknown;1;-1;-1;-1;-1;-1;-1
;ServiceLog;md;1422960978459;unknown;unknown;1;-1;-1;-1;-1;-1;-1
;ServiceLog;md;1422960979480;unknown;unknown;1;-1;-1;-1;-1;-1;-1
;ServiceLog;md;1422960980514;unknown;unknown;1;-1;-1;-1;-1;-1;-1
;ServiceLog;md;1422960981598;unknown;unknown;1;-1;-1;-1;-1;-1;-1
;ServiceLog;md;1422960982630;unknown;unknown;1;-1;-1;-1;-1;-1;-1
;ServiceLog;md;1422960983661;unknown;unknown;1;-1;-1;-1;-1;-1;-1
;ServiceLog;md;1422960984693;unknown;unknown;1;-1;-1;-1;-1;-1;-1
;ServiceLog;md;1422960985730;unknown;unknown;1;-1;-1;-1;-1;-1;-1
;ServiceLog;md;1422960986768;unknown;unknown;1;-1;-1;-1;-1;-1;-1
;ServiceLog;md;1422960987809;unknown;unknown;1;-1;-1;-1;-1;-1;-1
;ServiceLog;md;1422960988840;unknown;unknown;1;-1;-1;-1;-1;-1;-1
;ServiceLog;md;1422960989872;unknown;unknown;1;-1;-1;-1;-1;-1;-1
;ServiceLog;md;1422960990908;unknown;unknown;1;-1;-1;-1;-1;-1;-1
;ServiceLog;md;1422960991939;unknown;unknown;1;-1;-1;-1;-1;-1;-1
;ServiceLog;md;1422960992973;unknown;unknown;1;-1;-1;-1;-1;-1;-1
;ServiceLog;md;1422960994003;unknown;unknown;1;-1;-1;-1;-1;-1;-1
;ServiceLog;md;1422960995018;unknown;unknown;1;-1;-1;-1;-1;-1;-1
;ServiceLog;md;1422960996076;unknown;unknown;1;-1;-1;-1;-1;-1;-1
;ServiceLog;md;1422960997140;unknown;unknown;1;-1;-1;-1;-1;-1;-1
;ServiceLog;md;1422960998182;unknown;unknown;1;-1;-1;-1;-1;-1;-1
;ServiceLog;md;1422960999253;unknown;unknown;1;-1;-1;-1;-1;-1;-1
;ServiceLog;md;1422961000288;unknown;unknown;1;-1;-1;-1;-1;-1;-1
;ServiceLog;md;1422961001320;unknown;unknown;1;-1;-1;-1;-1;-1;-1
;ServiceLog;md;1422961002374;unknown;unknown;1;-1;-1;-1;-1;-1;-1
;ServiceLog;md;1422961003427;unknown;unknown;1;-1;-1;-1;-1;-1;-1
;ServiceLog;md;1422961004461;unknown;unknown;1;-1;-1;-1;-1;-1;-1
;ServiceLog;md;1422961005497;unknown;unknown;1;-1;-1;-1;-1;-1;-1
;ServiceLog;md;1422961006528;unknown;unknown;1;-1;-1;-1;-1;-1;-1
;ServiceLog;md;1422961007560;unknown;unknown;1;-1;-1;-1;-1;-1;-1
;ServiceLog;md;1422961008607;unknown;unknown;1;-1;-1;-1;-1;-1;-1
;ServiceLog;md;1422961009651;unknown;unknown;1;-1;-1;-1;-1;-1;-1
;ServiceLog;md;1422961010713;unknown;unknown;1;-1;-1;-1;-1;-1;-1
;ServiceLog;md;1422961011745;unknown;unknown;1;-1;-1;-1;-1;-1;-1
;ServiceLog;md;1422961012812;unknown;unknown;1;-1;-1;-1;-1;-1;-1
;ServiceLog;md;1422961013895;unknown;unknown;1;-1;-1;-1;-1;-1;-1
;ServiceLog;md;1422961014939;unknown;unknown;1;-1;-1;-1;-1;-1;-1
;ServiceLog;md;1422961015989;unknown;unknown;1;-1;-1;-1;-1;-1;-1
;ServiceLog;md;1422961017027;unknown;unknown;1;-1;-1;-1;-1;-1;-1
;ServiceLog;md;1422961018069;unknown;unknown;1;-1;-1;-1;-1;-1;-1
;ServiceLog;md;1422961019118;unknown;unknown;1;-1;-1;-1;-1;-1;-1
;ServiceLog;md;1422961020146;unknown;unknown;1;-1;-1;-1;-1;-1;-1
;ServiceLog;md;1422961021162;unknown;unknown;1;-1;-1;-1;-1;-1;-1
;ServiceLog;md;1422961022215;unknown;unknown;1;-1;-1;-1;-1;-1;-1
;ServiceLog;md;1422961023257;unknown;unknown;1;-1;-1;-1;-1;-1;-1
;ServiceLog;md;1422961024304;unknown;unknown;1;-1;-1;-1;-1;-1;-1
;ServiceLog;md;1422961025360;unknown;unknown;1;-1;-1;-1;-1;-1;-1
;ServiceLog;md;1422961026409;unknown;unknown;1;-1;-1;-1;-1;-1;-1
;ServiceLog;md;1422961027474;unknown;unknown;1;-1;-1;-1;-1;-1;-1
;ServiceLog;md;1422961028517;unknown;unknown;1;-1;-1;-1;-1;-1;-1
;ServiceLog;md;1422961029563;unknown;unknown;1;-1;-1;-1;-1;-1;-1
;ServiceLog;md;1422961030601;unknown;unknown;1;-1;-1;-1;-1;-1;-1
;ServiceLog;md;1422961031646;unknown;unknown;1;-1;-1;-1;-1;-1;-1
;ServiceLog;md;1422961032690;unknown;unknown;1;-1;-1;-1;-1;-1;-1
;ServiceLog;md;1422961033720;unknown;unknown;1;-1;-1;-1;-1;-1;-1
;ServiceLog;md;1422961034745;unknown;unknown;1;-1;-1;-1;-1;-1;-1
;ServiceLog;md;1422961035774;unknown;unknown;1;-1;-1;-1;-1;-1;-1
;ServiceLog;md;1422961036795;unknown;unknown;1;-1;-1;-1;-1;-1;-1
;ServiceLog;md;1422961037841;unknown;unknown;1;-1;-1;-1;-1;-1;-1
;ServiceLog;md;1422961038873;unknown;unknown;1;-1;-1;-1;-1;-1;-1
;ServiceLog;md;1422961039905;unknown;unknown;1;-1;-1;-1;-1;-1;-1
;ServiceLog;md;1422961040965;unknown;unknown;1;-1;-1;-1;-1;-1;-1
;ServiceLog;md;1422961041996;unknown;unknown;1;-1;-1;-1;-1;-1;-1
;ServiceLog;md;1422961043035;unknown;unknown;1;-1;-1;-1;-1;-1;-1
;ServiceLog;md;1422961044065;unknown;unknown;1;-1;-1;-1;-1;-1;-1
;ServiceLog;md;1422961045081;unknown;unknown;1;-1;-1;-1;-1;-1;-1
;ServiceLog;md;1422961046114;unknown;unknown;1;-1;-1;-1;-1;-1;-1
;ServiceLog;md;1422961047142;unknown;unknown;1;-1;-1;-1;-1;-1;-1
;ServiceLog;md;1422961048182;unknown;unknown;1;-1;-1;-1;-1;-1;-1
;ServiceLog;md;1422961049218;unknown;unknown;1;-1;-1;-1;-1;-1;-1
;ServiceLog;md;1422961050258;unknown;unknown;1;-1;-1;-1;-1;-1;-1
;ServiceLog;md;1422961051297;unknown;unknown;1;-1;-1;-1;-1;-1;-1
;ServiceLog;md;1422961052362;unknown;unknown;1;-1;-1;-1;-1;-1;-1
;ServiceLog;md;1422961053405;unknown;unknown;1;-1;-1;-1;-1;-1;-1
;ServiceLog;md;1422961054451;unknown;unknown;1;-1;-1;-1;-1;-1;-1
;ServiceLog;md;1422961055500;unknown;unknown;1;-1;-1;-1;-1;-1;-1
;ServiceLog;md;1422961056526;unknown;unknown;1;-1;-1;-1;-1;-1;-1
;ServiceLog;md;1422961057564;unknown;unknown;1;-1;-1;-1;-1;-1;-1
;ServiceLog;md;1422961058582;unknown;unknown;1;-1;-1;-1;-1;-1;-1
;ServiceLog;md;1422961059600;unknown;unknown;1;-1;-1;-1;-1;-1;-1
;ServiceLog;md;1422961060648;unknown;unknown;1;-1;-1;-1;-1;-1;-1
;ServiceLog;md;1422961061664;unknown;unknown;1;-1;-1;-1;-1;-1;-1
;ServiceLog;md;1422961062679;unknown;unknown;1;-1;-1;-1;-1;-1;-1
;ServiceLog;md;1422961063696;unknown;unknown;1;-1;-1;-1;-1;-1;-1
;ServiceLog;md;1422961065120;unknown;unknown;1;-1;-1;-1;-1;-1;-1
;ServiceLog;md;1422961066158;unknown;unknown;1;-1;-1;-1;-1;-1;-1
;ServiceLog;md;1422961067200;unknown;unknown;1;-1;-1;-1;-1;-1;-1
;ServiceLog;md;1422961068214;unknown;unknown;1;-1;-1;-1;-1;-1;-1
;ServiceLog;md;1422961069231;unknown;unknown;1;-1;-1;-1;-1;-1;-1
