ID;Name;User;TimeStamp;NetworkGen;NetworkType;Active;MCC;MNC;LAC;CID;PSC;Power
333;Горьковская 3;Stanislav;1435582402661;3G;HSPA;1;250;1;100;65569727;503;-73
333;Горьковская 3;Stanislav;1435582402661;3G;HSPA;250-1-100-65569727;-1;-1;-1;-1;503;-71
334;Горьковская 4;Stanislav;1435582412535;3G;HSPA;1;250;1;100;65569727;503;-59
334;Горьковская 4;Stanislav;1435582412535;3G;HSPA;250-1-100-65569727;-1;-1;-1;-1;503;-71
341;Петроградская 1;Stanislav;1435582481316;unknown;unknown;1;250;2;7803;8321902;198;-61
342;Петроградская 2;Stanislav;1435582499304;3G;HSPA;1;250;1;100;65539737;502;-87
343;Петроградская 3;Stanislav;1435582530534;3G;HSPA;1;250;1;100;65539737;502;-93
343;Петроградская 3;Stanislav;1435582530534;3G;HSPA;250-1-100-65539737;-1;-1;-1;-1;502;-95
344;Петроградская 4;Stanislav;1435582540717;3G;HSPA;1;250;1;100;65539737;502;-85
344;Петроградская 4;Stanislav;1435582540717;3G;HSPA;250-1-100-65539737;-1;-1;-1;-1;502;-93
351;Чёрная речка 1;Stanislav;1435582699144;unknown;unknown;1;250;2;7803;8317779;206;-67
351;Чёрная речка 1;Stanislav;1435582699144;unknown;unknown;250-2-7803-8317779;-1;-1;-1;-1;223;-109
352;Чёрная речка 2;Stanislav;1435582714978;unknown;unknown;1;250;2;7803;8321281;281;-77
352;Чёрная речка 2;Stanislav;1435582714978;unknown;unknown;250-2-7803-8321281;-1;-1;-1;-1;206;-73
352;Чёрная речка 2;Stanislav;1435582714978;unknown;unknown;250-2-7803-8321281;-1;-1;-1;-1;223;-81
352;Чёрная речка 2;Stanislav;1435582714978;unknown;unknown;250-2-7803-8321281;-1;-1;-1;-1;206;-75
353;Чёрная речка 3;Stanislav;1435582740467;3G;HSPA;1;250;1;100;65539747;501;-75
353;Чёрная речка 3;Stanislav;1435582740467;3G;HSPA;250-1-100-65539747;-1;-1;-1;-1;501;-81
354;Чёрная речка 4;Stanislav;1435582750583;3G;HSPA;1;250;1;100;65539747;501;-69
354;Чёрная речка 4;Stanislav;1435582750583;3G;HSPA;250-1-100-65539747;-1;-1;-1;-1;501;-75
361;Пионерская 1;Stanislav;1435582872715;unknown;unknown;1;250;2;7803;8317782;251;-79
362;Пионерская 2;Stanislav;1435582887513;3G;HSPA;1;250;1;100;65569757;507;-75
363;Пионерская 3;Stanislav;1435582915509;3G;HSPA;1;250;1;100;65569757;507;-83
363;Пионерская 3;Stanislav;1435582915509;3G;HSPA;250-1-100-65569757;-1;-1;-1;-1;507;-75
364;Пионерская 4;Stanislav;1435582925261;3G;HSPA;1;250;1;100;65569757;507;-65
364;Пионерская 4;Stanislav;1435582925261;3G;HSPA;250-1-100-65569757;-1;-1;-1;-1;507;-75
371;Удельная 1;Stanislav;1435583043154;3G;HSPA;1;250;1;100;65569767;504;-79
372;Удельная 2;Stanislav;1435583058873;3G;HSPA;1;250;1;100;65569767;504;-69
372;Удельная 2;Stanislav;1435583058873;3G;HSPA;250-1-100-65569767;-1;-1;-1;-1;504;-65
373;Удельная 3;Stanislav;1435583085236;3G;HSPA;1;250;1;100;65569767;504;-65
373;Удельная 3;Stanislav;1435583085236;3G;HSPA;250-1-100-65569767;-1;-1;-1;-1;504;-69
374;Удельная 4;Stanislav;1435583095252;3G;HSPA;1;250;1;100;65569767;504;-75
374;Удельная 4;Stanislav;1435583095252;3G;HSPA;250-1-100-65569767;-1;-1;-1;-1;504;-75
381;Озерки 1;Stanislav;1435583210130;3G;HSPA;1;250;1;100;65569777;269;-55
382;Озерки 2;Stanislav;1435583224446;3G;HSPA;1;250;1;100;65569777;269;-71
382;Озерки 2;Stanislav;1435583224446;3G;HSPA;250-1-100-65569777;-1;-1;-1;-1;269;-65
383;Озерки 3;Stanislav;1435583245734;3G;HSPA;1;250;1;100;65569777;269;-71
383;Озерки 3;Stanislav;1435583245734;3G;HSPA;250-1-100-65569777;-1;-1;-1;-1;269;-67
384;Озерки 4;Stanislav;1435583255803;3G;HSPA;1;250;1;100;65569777;269;-75
384;Озерки 4;Stanislav;1435583255803;3G;HSPA;250-1-100-65569777;-1;-1;-1;-1;269;-73
391;Проспект Просвещения 1;Stanislav;1435583354395;3G;HSPA;1;250;1;100;65539787;-1;-55
392;Проспект Просвещения 2;Stanislav;1435583371185;3G;HSPA;1;250;1;100;65539787;-1;-61
392;Проспект Просвещения 2;Stanislav;1435583371185;3G;HSPA;250-1-100-65539787;-1;-1;-1;-1;-1;-63
393;Проспект Просвещения 3;Stanislav;1435583392762;3G;HSPA;1;250;1;100;65569787;-1;-59
393;Проспект Просвещения 3;Stanislav;1435583392762;3G;HSPA;250-1-100-65569787;-1;-1;-1;-1;-1;-59
394;Проспект Просвещения 4;Stanislav;1435583402763;3G;HSPA;1;250;1;100;65569787;-1;-63
394;Проспект Просвещения 4;Stanislav;1435583402763;3G;HSPA;250-1-100-65569787;-1;-1;-1;-1;-1;-67
401;Парнас 1;Stanislav;1435583562969;3G;HSPA;1;250;1;55101;65540158;422;-81
401;Парнас 1;Stanislav;1435583562969;3G;HSPA;250-1-55101-65540158;-1;-1;-1;-1;414;-89
401;Парнас 1;Stanislav;1435583562969;3G;HSPA;250-1-55101-65540158;-1;-1;-1;-1;430;-113
402;Парнас 2;Stanislav;1435583582245;3G;HSPA;1;250;1;55101;65540158;422;-79
