ID;Name;User;TimeStamp;Type;Accel_X;Accel_Y;Accel_Z;Azimuth;Pitch;Roll;Magnetic_X;Magnetic_Y;Magnetic_Z;Gyro_X;Gyro_Y;Gyro_Z;GPS_Lat;GPS_Lon;GPS_Alt;GPS_Accuracy;GPS_Speed;GPS_Bearing
333;Горьковская 3;Stanislav;1435582402661;Raw;-0.2353596;3.216581;9.68897;85.875;-17.390625;-1.265625;-112.875;1.5625;-21.5625;NaN;NaN;NaN;NaN;NaN;NaN;NaN;NaN;NaN
334;Горьковская 4;Stanislav;1435582412535;Raw;-1.176798;3.0204482;10.9442215;108.015625;-18.59375;-5.328125;-32.125;-11.75;4.25;NaN;NaN;NaN;NaN;NaN;NaN;NaN;NaN;NaN
341;Петроградская 1;Stanislav;1435582481316;Raw;-2.5105023;5.6878567;9.100571;124.0625;-31.03125;-13.15625;-73.625;8.25;73.0;NaN;NaN;NaN;NaN;NaN;NaN;NaN;NaN;NaN
342;Петроградская 2;Stanislav;1435582499304;Raw;-0.39226598;4.3541527;9.375157;252.25;-25.359375;-2.328125;38.9375;31.25;94.0;NaN;NaN;NaN;NaN;NaN;NaN;NaN;NaN;NaN
343;Петроградская 3;Stanislav;1435582530534;Raw;-0.2745862;2.4712758;10.081236;265.375;-13.734375;-1.515625;93.5;11.625;44.3125;NaN;NaN;NaN;NaN;NaN;NaN;NaN;NaN;NaN
344;Петроградская 4;Stanislav;1435582540717;Raw;-0.0784532;2.9812214;10.316595;269.01563;-15.6875;-2.796875;29.125;22.3125;93.4375;NaN;NaN;NaN;NaN;NaN;NaN;NaN;NaN;NaN
351;Чёрная речка 1;Stanislav;1435582699144;Raw;-1.5690639;6.3154826;7.72764;129.39063;-38.671875;-8.9375;-76.125;-3.4375;74.6875;NaN;NaN;NaN;NaN;NaN;NaN;NaN;NaN;NaN
352;Чёрная речка 2;Stanislav;1435582714978;Raw;-0.1176798;3.216581;9.845877;99.828125;-17.53125;-0.59375;-59.0;4.4375;44.625;NaN;NaN;NaN;NaN;NaN;NaN;NaN;NaN;NaN
353;Чёрная речка 3;Stanislav;1435582740467;Raw;0.6276256;2.7066352;10.081236;91.59375;-13.78125;4.390625;-72.1875;20.625;72.6875;NaN;NaN;NaN;NaN;NaN;NaN;NaN;NaN;NaN
354;Чёрная речка 4;Stanislav;1435582750583;Raw;-0.3138128;3.9226599;9.80665;101.9375;-22.171875;1.0625;-75.25;8.875;67.3125;NaN;NaN;NaN;NaN;NaN;NaN;NaN;NaN;NaN
361;Пионерская 1;Stanislav;1435582872715;Raw;-0.4707192;4.0795665;9.649743;128.29688;-22.875;-2.546875;-48.9375;-37.875;21.6875;NaN;NaN;NaN;NaN;NaN;NaN;NaN;NaN;NaN
362;Пионерская 2;Stanislav;1435582887513;Raw;-0.0392266;2.432049;10.826541;144.39063;-10.78125;-1.3125;-24.75;-29.1875;22.875;NaN;NaN;NaN;NaN;NaN;NaN;NaN;NaN;NaN
363;Пионерская 3;Stanislav;1435582915509;Raw;-0.70607877;4.0795665;9.80665;288.90625;-21.171875;-1.703125;104.0625;36.0625;18.375;NaN;NaN;NaN;NaN;NaN;NaN;NaN;NaN;NaN
364;Пионерская 4;Stanislav;1435582925261;Raw;-0.4314926;4.4326057;10.277369;207.39063;-21.390625;-2.15625;24.25;-29.375;57.1875;NaN;NaN;NaN;NaN;NaN;NaN;NaN;NaN;NaN
371;Удельная 1;Stanislav;1435583043154;Raw;2.3928225;4.903325;8.159133;25.40625;-29.96875;14.078125;-29.9375;49.25;-13.3125;NaN;NaN;NaN;NaN;NaN;NaN;NaN;NaN;NaN
372;Удельная 2;Stanislav;1435583058873;Raw;1.6867437;5.1779113;9.218251;32.34375;-26.578125;5.9375;-29.4375;27.5625;-28.375;NaN;NaN;NaN;NaN;NaN;NaN;NaN;NaN;NaN
373;Удельная 3;Stanislav;1435583085236;Raw;0.6276256;4.707192;8.904438;13.890625;-22.953125;4.875;-10.5;75.375;26.8125;NaN;NaN;NaN;NaN;NaN;NaN;NaN;NaN;NaN
374;Удельная 4;Stanislav;1435583095252;Raw;-0.2353596;5.1386843;8.590625;74.21875;-23.9375;0.734375;-12.6875;20.375;29.1875;NaN;NaN;NaN;NaN;NaN;NaN;NaN;NaN;NaN
381;Озерки 1;Stanislav;1435583210130;Raw;1.1375713;4.903325;9.57129;6.734375;-28.84375;6.703125;-11.75;62.8125;-11.5;NaN;NaN;NaN;NaN;NaN;NaN;NaN;NaN;NaN
382;Озерки 2;Stanislav;1435583224446;Raw;0.0784532;3.9618864;8.825985;4.265625;-19.890625;2.265625;-4.875;47.375;-29.125;NaN;NaN;NaN;NaN;NaN;NaN;NaN;NaN;NaN
383;Озерки 3;Stanislav;1435583245734;Raw;0.9414384;4.4326057;9.335931;359.64063;-23.4375;10.640625;-2.1875;41.25;-37.0;NaN;NaN;NaN;NaN;NaN;NaN;NaN;NaN;NaN
384;Озерки 4;Stanislav;1435583255803;Raw;0.8237586;4.6679654;9.296704;359.67188;-26.546875;4.515625;-1.375;68.1875;-94.5;NaN;NaN;NaN;NaN;NaN;NaN;NaN;NaN;NaN
391;Проспект Просвещения 1;Stanislav;1435583354395;Raw;1.4906107;4.864098;8.629851;357.5625;-30.703125;9.390625;-4.0625;67.75;-58.5;NaN;NaN;NaN;NaN;NaN;NaN;NaN;NaN;NaN
392;Проспект Просвещения 2;Stanislav;1435583371185;Raw;0.8237586;5.962443;8.629851;358.92188;-34.5;4.453125;-3.0625;74.875;-55.5;NaN;NaN;NaN;NaN;NaN;NaN;NaN;NaN;NaN
393;Проспект Просвещения 3;Stanislav;1435583392762;Raw;1.4121575;4.628739;9.375157;351.8125;-21.296875;8.734375;-0.25;84.4375;-64.8125;NaN;NaN;NaN;NaN;NaN;NaN;NaN;NaN;NaN
394;Проспект Просвещения 4;Stanislav;1435583402763;Raw;2.0005565;4.393379;9.92433;355.0625;-24.15625;13.84375;5.8125;141.125;-110.375;NaN;NaN;NaN;NaN;NaN;NaN;NaN;NaN;NaN
401;Парнас 1;Stanislav;1435583562969;Raw;0.588399;5.1779113;9.139797;329.60938;-21.359375;5.015625;31.9375;43.25;-32.8125;NaN;NaN;NaN;NaN;NaN;NaN;NaN;NaN;NaN
402;Парнас 2;Stanislav;1435583582245;Raw;0.8629852;4.864098;9.492837;195.45313;-27.078125;4.59375;27.4375;-65.625;84.75;NaN;NaN;NaN;NaN;NaN;NaN;NaN;NaN;NaN
