ID;Name;User;TimeStamp;Temperature;Humidity;Noise;CO;C4H10;CH4;session_id
873;Бабушкинская 3;Anna;1435844813743;No data;;;;;;366166617
874;Бабушкинская 4;Anna;1435844823508;No data;;;;;;366166617
881;Свиблово 1;Anna;1435844955354;No data;;;;;;366166617
882;Свиблово 2;Anna;1435844966319;No data;;;;;;366166617
883;Свиблово 3;Anna;1435844986205;No data;;;;;;366166617
884;Свиблово 4;Anna;1435844996671;No data;;;;;;366166617
891;Ботанический сад 1;Anna;1435845081422;No data;;;;;;366166617
892;Ботанический сад 2;Anna;1435845094688;No data;;;;;;366166617
893;Ботанический сад 3;Anna;1435845118203;No data;;;;;;366166617
894;Ботанический сад 4;Anna;1435845128599;No data;;;;;;366166617
901;ВДНХ 1;Anna;1435845300887;No data;;;;;;366166617
902;ВДНХ 2;Anna;1435845315104;No data;;;;;;366166617
903;ВДНХ 3;Anna;1435845333529;No data;;;;;;366166617
904;ВДНХ 4;Anna;1435845342610;No data;;;;;;366166617
911;Алексеевская 1;Anna;1435845417152;No data;;;;;;366166617
912;Алексеевская 2;Anna;1435845432373;No data;;;;;;366166617
913;Алексеевская 3;Anna;1435845456742;No data;;;;;;366166617
914;Алексеевская 4;Anna;1435845465723;No data;;;;;;366166617
921;Рижская 1;Anna;1435845561004;No data;;;;;;366166617
922;Рижская 2;Anna;1435845577467;No data;;;;;;366166617
923;Рижская 3;Anna;1435845596078;No data;;;;;;366166617
924;Рижская 4;Anna;1435845605396;No data;;;;;;366166617
931;Проспект Мира (КРЛ) 1;Anna;1435845698401;No data;;;;;;366166617
932;Проспект Мира (КРЛ) 2;Anna;1435845714509;No data;;;;;;366166617
683;Новослободская 3;Anna;1435846171851;No data;;;;;;366166617
684;Новослободская 4;Anna;1435846183336;No data;;;;;;366166617
691;Проспект Мира (КЛЦ) 1;Anna;1435846275556;No data;;;;;;366166617
692;Проспект Мира (КЛЦ) 2;Anna;1435846287943;No data;;;;;;366166617
693;Проспект Мира (КЛЦ) 3;Anna;1435846384855;No data;;;;;;366166617
694;Проспект Мира (КЛЦ) 4;Anna;1435846396372;No data;;;;;;366166617
681;Новослободская 1;Anna;1435846484821;No data;;;;;;366166617
682;Новослободская 2;Anna;1435846497263;No data;;;;;;366166617
683;Новослободская 3;Anna;1435846537798;No data;;;;;;366166617
684;Новослободская 4;Anna;1435846549923;No data;;;;;;366166617
691;Проспект Мира (КЛЦ) 1;Anna;1435846640680;No data;;;;;;366166617
692;Проспект Мира (КЛЦ) 2;Anna;1435846653988;No data;;;;;;366166617
693;Проспект Мира (КЛЦ) 3;Anna;1435846728439;No data;;;;;;366166617
694;Проспект Мира (КЛЦ) 4;Anna;1435846740411;No data;;;;;;366166617
681;Новослободская 1;Anna;1435846839275;No data;;;;;;366166617
682;Новослободская 2;Anna;1435846847927;No data;;;;;;366166617
1373;Менделеевская 3;Anna;1435847250478;No data;;;;;;366166617
1374;Менделеевская 4;Anna;1435847263062;No data;;;;;;366166617
1361;Савеловская 1;Anna;1435847337368;No data;;;;;;366166617
1362;Савеловская 2;Anna;1435847345541;No data;;;;;;366166617
1363;Савеловская 3;Anna;1435847372569;No data;;;;;;366166617
1364;Савеловская 4;Anna;1435847386337;No data;;;;;;366166617
1351;Дмитровская 1;Anna;1435847462934;No data;;;;;;366166617
1352;Дмитровская 2;Anna;1435847471842;No data;;;;;;366166617
1353;Дмитровская 3;Anna;1435847492284;No data;;;;;;366166617
1354;Дмитровская 4;Anna;1435847506557;No data;;;;;;366166617
1341;Тимирязевская 1;Anna;1435847563337;No data;;;;;;366166617
1342;Тимирязевская 2;Anna;1435847575955;No data;;;;;;366166617
1343;Тимирязевская 3;Anna;1435847617517;No data;;;;;;366166617
1344;Тимирязевская 4;Anna;1435847632379;No data;;;;;;366166617
1331;Петровско-Разумовская 1;Anna;1435847752777;No data;;;;;;366166617
1332;Петровско-Разумовская 2;Anna;1435847764520;No data;;;;;;366166617
1333;Петровско-Разумовская 3;Anna;1435847815250;No data;;;;;;366166617
1334;Петровско-Разумовская 4;Anna;1435847830830;No data;;;;;;366166617
1321;Владыкино 1;Anna;1435847938432;No data;;;;;;366166617
1322;Владыкино 2;Anna;1435847950701;No data;;;;;;366166617
1323;Владыкино 3;Anna;1435847975354;No data;;;;;;366166617
1324;Владыкино 4;Anna;1435847989119;No data;;;;;;366166617
1311;Отрадное 1;Anna;1435848139071;No data;;;;;;366166617
1312;Отрадное 2;Anna;1435848148816;No data;;;;;;366166617
1313;Отрадное 3;Anna;1435848184228;No data;;;;;;366166617
1314;Отрадное 4;Anna;1435848198509;No data;;;;;;366166617
1301;Бибирево 1;Anna;1435848327673;No data;;;;;;366166617
1302;Бибирево 2;Anna;1435848341689;No data;;;;;;366166617
1303;Бибирево 3;Anna;1435848366431;No data;;;;;;366166617
1304;Бибирево 4;Anna;1435848381301;No data;;;;;;366166617
1291;Алтуфьево 1;Anna;1435848479721;No data;;;;;;366166617
1292;Алтуфьево 2;Anna;1435848494219;No data;;;;;;366166617
1293;Алтуфьево 3;Anna;1435848540375;No data;;;;;;366166617
1294;Алтуфьево 4;Anna;1435848552063;No data;;;;;;366166617
1301;Бибирево 1;Anna;1435848652656;No data;;;;;;366166617
1302;Бибирево 2;Anna;1435848669489;No data;;;;;;366166617
1303;Бибирево 3;Anna;1435848690566;No data;;;;;;366166617
1304;Бибирево 4;Anna;1435848702013;No data;;;;;;366166617
1311;Отрадное 1;Anna;1435848826814;No data;;;;;;366166617
1312;Отрадное 2;Anna;1435848846745;No data;;;;;;366166617
1313;Отрадное 3;Anna;1435848864147;No data;;;;;;366166617
1314;Отрадное 4;Anna;1435848876963;No data;;;;;;366166617
1321;Владыкино 1;Anna;1435848980060;No data;;;;;;366166617
1322;Владыкино 2;Anna;1435848993546;No data;;;;;;366166617
1323;Владыкино 3;Anna;1435849019292;No data;;;;;;366166617
1324;Владыкино 4;Anna;1435849030598;No data;;;;;;366166617
1331;Петровско-Разумовская 1;Anna;1435849172066;No data;;;;;;366166617
1332;Петровско-Разумовская 2;Anna;1435849185668;No data;;;;;;366166617
1333;Петровско-Разумовская 3;Anna;1435849211656;No data;;;;;;366166617
1334;Петровско-Разумовская 4;Anna;1435849223307;No data;;;;;;366166617
1341;Тимирязевская 1;Anna;1435849324363;No data;;;;;;366166617
1342;Тимирязевская 2;Anna;1435849339450;No data;;;;;;366166617
1343;Тимирязевская 3;Anna;1435849359713;No data;;;;;;366166617
1344;Тимирязевская 4;Anna;1435849371961;No data;;;;;;366166617
1351;Дмитровская 1;Anna;1435849438679;No data;;;;;;366166617
1352;Дмитровская 2;Anna;1435849451654;No data;;;;;;366166617
1353;Дмитровская 3;Anna;1435849473982;No data;;;;;;366166617
1354;Дмитровская 4;Anna;1435849487351;No data;;;;;;366166617
1361;Савеловская 1;Anna;1435849573045;No data;;;;;;366166617
1362;Савеловская 2;Anna;1435849594433;No data;;;;;;366166617
1363;Савеловская 3;Anna;1435849619529;No data;;;;;;366166617
1364;Савеловская 4;Anna;1435849634322;No data;;;;;;366166617
1371;Менделеевская 1;Anna;1435849734711;No data;;;;;;366166617
1372;Менделеевская 2;Anna;1435849753227;No data;;;;;;366166617
683;Новослободская 3;Anna;1435850060754;No data;;;;;;366166617
684;Новослободская 4;Anna;1435850070787;No data;;;;;;366166617
671;Белорусская (КЛЦ) 1;Anna;1435850138924;No data;;;;;;366166617
672;Белорусская (КЛЦ) 2;Anna;1435850151407;No data;;;;;;366166617
353;Белорусская (ЗАМ) 3;Anna;1435850487821;No data;;;;;;366166617
354;Белорусская (ЗАМ) 4;Anna;1435850500336;No data;;;;;;366166617
361;Динамо 1;Anna;1435850610028;No data;;;;;;366166617
362;Динамо 2;Anna;1435850621119;No data;;;;;;366166617
363;Динамо 3;Anna;1435850642011;No data;;;;;;366166617
364;Динамо 4;Anna;1435850652364;No data;;;;;;366166617
371;Аэропорт 1;Anna;1435850767763;No data;;;;;;366166617
372;Аэропорт 2;Anna;1435850787697;No data;;;;;;366166617
373;Аэропорт 3;Anna;1435850810320;No data;;;;;;366166617
374;Аэропорт 4;Anna;1435850821110;No data;;;;;;366166617
381;Сокол 1;Anna;1435850891390;No data;;;;;;366166617
382;Сокол 2;Anna;1435850906357;No data;;;;;;366166617
383;Сокол 3;Anna;1435850929483;No data;;;;;;366166617
384;Сокол 4;Anna;1435850943239;No data;;;;;;366166617
391;Войковская 1;Anna;1435851079156;No data;;;;;;366166617
392;Войковская 2;Anna;1435851084932;No data;;;;;;366166617
393;Войковская 3;Anna;1435851105953;No data;;;;;;366166617
394;Войковская 4;Anna;1435851118265;No data;;;;;;366166617
401;Водный стадион 1;Anna;1435851253610;No data;;;;;;366166617
402;Водный стадион 2;Anna;1435851272410;No data;;;;;;366166617
403;Водный стадион 3;Anna;1435851298823;No data;;;;;;366166617
404;Водный стадион 4;Anna;1435851313188;No data;;;;;;366166617
411;Речной вокзал 1;Anna;1435851426157;No data;;;;;;366166617
412;Речной вокзал 2;Anna;1435851441004;No data;;;;;;366166617
413;Речной вокзал 3;Anna;1435851489499;No data;;;;;;366166617
414;Речной вокзал 4;Anna;1435851500880;No data;;;;;;366166617
401;Водный стадион 1;Anna;1435851587947;No data;;;;;;366166617
402;Водный стадион 2;Anna;1435851603431;No data;;;;;;366166617
403;Водный стадион 3;Anna;1435851621908;No data;;;;;;366166617
391;Войковская 1;Anna;1435851765331;No data;;;;;;366166617
392;Войковская 2;Anna;1435851777506;No data;;;;;;366166617
393;Войковская 3;Anna;1435851803487;No data;;;;;;366166617
394;Войковская 4;Anna;1435851815811;No data;;;;;;366166617
381;Сокол 1;Anna;1435851947730;No data;;;;;;366166617
382;Сокол 2;Anna;1435851961319;No data;;;;;;366166617
383;Сокол 3;Anna;1435851985105;No data;;;;;;366166617
384;Сокол 4;Anna;1435851996449;No data;;;;;;366166617
371;Аэропорт 1;Anna;1435852077631;No data;;;;;;366166617
372;Аэропорт 2;Anna;1435852089335;No data;;;;;;366166617
373;Аэропорт 3;Anna;1435852115754;No data;;;;;;366166617
374;Аэропорт 4;Anna;1435852128558;No data;;;;;;366166617
361;Динамо 1;Anna;1435852360387;No data;;;;;;366166617
362;Динамо 2;Anna;1435852370425;No data;;;;;;366166617
363;Динамо 3;Anna;1435852401736;No data;;;;;;366166617
364;Динамо 4;Anna;1435852414193;No data;;;;;;366166617
351;Белорусская (ЗАМ) 1;Anna;1435852525869;No data;;;;;;366166617
352;Белорусская (ЗАМ) 2;Anna;1435852539305;No data;;;;;;366166617
353;Белорусская (ЗАМ) 3;Anna;1435852572611;No data;;;;;;366166617
354;Белорусская (ЗАМ) 4;Anna;1435852586829;No data;;;;;;366166617
341;Маяковская 1;Anna;1435852657495;No data;;;;;;366166617
342;Маяковская 2;Anna;1435852669631;No data;;;;;;366166617
343;Маяковская 3;Anna;1435852703106;No data;;;;;;366166617
344;Маяковская 4;Anna;1435852714238;No data;;;;;;366166617
332;Тверская 2;Anna;1435852780145;No data;;;;;;366166617
333;Тверская 3;Anna;1435852814438;No data;;;;;;366166617
334;Тверская 4;Anna;1435852828329;No data;;;;;;366166617
321;Театральная 1;Anna;1435852902325;No data;;;;;;366166617
322;Театральная 2;Anna;1435852913701;No data;;;;;;366166617
323;Театральная 3;Anna;1435852944115;No data;;;;;;366166617
324;Театральная 4;Anna;1435852956331;No data;;;;;;366166617
311;Новокузнецкая 1;Anna;1435853094164;No data;;;;;;366166617
312;Новокузнецкая 2;Anna;1435853109493;No data;;;;;;366166617
-1;новокузне;Anna;1435853128184;No data;;;;;;366166617
22;Черкизовская 2;Anna;1435853131020;No data;;;;;;366166617
