ID;Name;User;TimeStamp;NetworkGen;NetworkType;Active;MCC;MNC;LAC;CID;PSC;Power
253;Каширская (КХЛ) 3;vlad;1435825783010;3G;UMTS;1;250;2;7784;10762604;-1;-89
254;Каширская (КХЛ) 4;vlad;1435825795610;3G;HSDPA;1;250;2;7784;10762604;-1;-79
271;Варшавская 1;vlad;1435825935039;2G;EDGE;1;250;2;7717;1140;-1;-69
272;Варшавская 2;vlad;1435825951108;3G;HSDPA;1;250;2;7717;10431624;-1;-81
273;Варшавская 3;vlad;1435826222814;3G;HSDPA;1;250;2;7717;10454324;-1;-89
274;Варшавская 4;vlad;1435826235133;3G;HSDPA;1;250;2;7717;10454324;-1;-89
251;Каширская (КХЛ) 1;vlad;1435826359188;unknown;unknown;1;-1;-1;-1;-1;-1;-1
252;Каширская (КХЛ) 2;vlad;1435826372467;unknown;unknown;1;-1;-1;-1;-1;-1;-1
253;Каширская (КХЛ) 3;vlad;1435826513195;unknown;unknown;1;-1;-1;-1;-1;-1;-1
254;Каширская (КХЛ) 4;vlad;1435826526170;unknown;unknown;1;-1;-1;-1;-1;-1;-1
271;Варшавская 1;vlad;1435826659482;unknown;unknown;1;-1;-1;-1;-1;-1;-1
272;Варшавская 2;vlad;1435826671559;unknown;unknown;1;-1;-1;-1;-1;-1;-1
273;Варшавская 3;vlad;1435826699621;unknown;unknown;1;-1;-1;-1;-1;-1;-1
274;Варшавская 4;vlad;1435826713208;unknown;unknown;1;-1;-1;-1;-1;-1;-1
261;Каховская 1;vlad;1435826792918;unknown;unknown;1;-1;-1;-1;-1;-1;-1
262;Каховская 2;vlad;1435826803472;unknown;unknown;1;-1;-1;-1;-1;-1;-1
1473;Севастопольская 3;vlad;1435826949768;unknown;unknown;1;-1;-1;-1;-1;-1;-1
1474;Севастопольская 4;vlad;1435826958207;unknown;unknown;1;-1;-1;-1;-1;-1;-1
1461;Нахимовский проспект 1;vlad;1435827036326;unknown;unknown;1;-1;-1;-1;-1;-1;-1
1462;Нахимовский проспект 2;vlad;1435827049675;unknown;unknown;1;-1;-1;-1;-1;-1;-1
1463;Нахимовский проспект 3;vlad;1435827074991;unknown;unknown;1;-1;-1;-1;-1;-1;-1
1464;Нахимовский проспект 4;vlad;1435827086773;unknown;unknown;1;-1;-1;-1;-1;-1;-1
1451;Нагорная 1;vlad;1435827140279;unknown;unknown;1;-1;-1;-1;-1;-1;-1
1452;Нагорная 2;vlad;1435827163178;unknown;unknown;1;-1;-1;-1;-1;-1;-1
1453;Нагорная 3;vlad;1435827181263;unknown;unknown;1;-1;-1;-1;-1;-1;-1
1454;Нагорная 4;vlad;1435827191187;unknown;unknown;1;-1;-1;-1;-1;-1;-1
1441;Нагатинская 1;vlad;1435827274849;2G;EDGE;1;250;2;7755;790;-1;-65
1442;Нагатинская 2;vlad;1435827291863;2G;EDGE;1;250;2;7755;790;-1;-65
1443;Нагатинская 3;vlad;1435827313267;2G;EDGE;1;250;2;7755;790;-1;-65
1444;Нагатинская 4;vlad;1435827322479;2G;EDGE;1;250;2;7755;790;-1;-65
1431;Тульская 1;vlad;1435827484107;unknown;unknown;1;-1;-1;-1;-1;-1;-1
1432;Тульская 2;vlad;1435827502145;unknown;unknown;1;-1;-1;-1;-1;-1;-1
1433;Тульская 3;vlad;1435827533998;unknown;unknown;1;-1;-1;-1;-1;-1;-1
1434;Тульская 4;vlad;1435827547829;unknown;unknown;1;-1;-1;-1;-1;-1;-1
1421;Серпуховская 1;vlad;1435827690581;unknown;unknown;1;-1;-1;-1;-1;-1;-1
1422;Серпуховская 2;vlad;1435827705979;unknown;unknown;1;-1;-1;-1;-1;-1;-1
743;Добрынинская 3;vlad;1435827948643;3G;HSDPA;1;250;2;7754;10571710;-1;-75
744;Добрынинская 4;vlad;1435827960266;3G;HSDPA;1;250;2;7754;10571710;-1;-75
751;Октябрьская (КЛЦ) 1;vlad;1435828021886;unknown;unknown;1;-1;-1;-1;-1;-1;-1
752;Октябрьская (КЛЦ) 2;vlad;1435828034852;unknown;unknown;1;-1;-1;-1;-1;-1;-1
983;Октябрьская (КРЛ) 3;vlad;1435828306893;3G;HSDPA;1;250;2;7754;10554624;-1;-83
984;Октябрьская (КРЛ) 4;vlad;1435828317107;3G;HSDPA;1;250;2;7754;10554624;-1;-83
991;Шаболовская 1;vlad;1435828395151;unknown;unknown;1;-1;-1;-1;-1;-1;-1
992;Шаболовская 2;vlad;1435828408961;unknown;unknown;1;-1;-1;-1;-1;-1;-1
993;Шаболовская 3;vlad;1435828435399;unknown;unknown;1;-1;-1;-1;-1;-1;-1
994;Шаболовская 4;vlad;1435828446781;unknown;unknown;1;-1;-1;-1;-1;-1;-1
1001;Ленинский проспект 1;vlad;1435828574015;unknown;unknown;1;-1;-1;-1;-1;-1;-1
1002;Ленинский проспект 2;vlad;1435828589148;unknown;unknown;1;-1;-1;-1;-1;-1;-1
1003;Ленинский проспект 3;vlad;1435828612214;unknown;unknown;1;-1;-1;-1;-1;-1;-1
1004;Ленинский проспект 4;vlad;1435828624796;unknown;unknown;1;-1;-1;-1;-1;-1;-1
1011;Академическая 1;vlad;1435828764299;unknown;unknown;1;-1;-1;-1;-1;-1;-1
1012;Академическая 2;vlad;1435828780351;unknown;unknown;1;-1;-1;-1;-1;-1;-1
