ID;Name;User;TimeStamp;NetworkGen;NetworkType;Active;MCC;MNC;LAC;CID;PSC;Power
1183;Кузнецкий мост 3;bishop;1425982967329;3G;UMTS;1;250;1;770;6893477;-1;-81
1184;Кузнецкий мост 4;bishop;1425982978905;3G;UMTS;1;250;1;770;6893477;-1;-85
1191;Пушкинская 1;bishop;1425983042537;3G;UMTS;1;250;1;770;6893469;-1;-83
1192;Пушкинская 2;bishop;1425983057830;3G;UMTS;1;250;1;770;6893449;-1;-87
1393;Чеховская 3;bishop;1425983294974;3G;UMTS;1;250;1;770;6899839;-1;-85
1394;Чеховская 4;bishop;1425983308055;3G;UMTS;1;250;1;770;6899839;-1;-81
1401;Боровицкая 1;bishop;1425983407529;3G;UMTS;1;250;1;770;6946076;-1;-85
1402;Боровицкая 2;bishop;1425983427718;3G;UMTS;1;250;1;770;6946076;-1;-85
1403;Боровицкая 3;bishop;1425983451443;3G;UMTS;1;250;1;770;6946076;-1;-85
1404;Боровицкая 4;bishop;1425983464161;3G;UMTS;1;250;1;770;6946076;-1;-85
1412;Полянка 2;bishop;1425983574811;2G;EDGE;1;250;1;770;401;-1;-77
1413;Полянка 3;bishop;1425983593703;2G;EDGE;1;250;1;770;401;-1;-85
1414;Полянка 4;bishop;1425983606551;2G;EDGE;1;250;1;770;401;-1;-77
1421;Серпуховская 1;bishop;1425983680418;2G;GPRS;1;250;2;7736;360;-1;-53
1422;Серпуховская 2;bishop;1425983700580;2G;EDGE;1;250;1;770;402;-1;-83
1423;Серпуховская 3;bishop;1425983723762;2G;EDGE;1;250;1;770;402;-1;-75
1424;Серпуховская 4;bishop;1425983737230;2G;EDGE;1;250;1;770;402;-1;-69
1431;Тульская 1;bishop;1425983865741;2G;EDGE;1;250;1;770;603;-1;-103
1432;Тульская 2;bishop;1425983886767;2G;EDGE;1;250;1;770;603;-1;-69
1433;Тульская 3;bishop;1425983908713;2G;EDGE;1;250;1;770;603;-1;-63
1434;Тульская 4;bishop;1425983922786;2G;EDGE;1;250;1;770;603;-1;-59
1441;Нагатинская 1;bishop;1425984095388;unknown;unknown;1;250;99;26802;4007;-1;-111
1442;Нагатинская 2;bishop;1425984115272;3G;HSDPA;1;250;2;7755;10424399;-1;-87
1443;Нагатинская 3;bishop;1425984132300;2G;EDGE;1;250;1;770;603;-1;-69
1444;Нагатинская 4;bishop;1425984146573;2G;EDGE;1;250;1;770;603;-1;-69
1451;Нагорная 1;bishop;1425984224000;2G;GPRS;1;250;99;26802;4006;-1;-71
1452;Нагорная 2;bishop;1425984244993;2G;EDGE;1;250;1;770;602;-1;-67
1453;Нагорная 3;bishop;1425984275128;2G;EDGE;1;250;1;770;602;-1;-71
1454;Нагорная 4;bishop;1425984289081;2G;EDGE;1;250;1;770;602;-1;-77
1461;Нахимовский проспект 1;bishop;1425984347478;3G;HSDPA;1;250;2;7755;10424484;-1;-89
1462;Нахимовский проспект 2;bishop;1425984364164;2G;EDGE;1;250;1;770;602;-1;-89
1463;Нахимовский проспект 3;bishop;1425984383548;3G;UMTS;1;250;1;770;6946717;-1;-83
1464;Нахимовский проспект 4;bishop;1425984397854;3G;UMTS;1;250;1;770;6946717;-1;-83
1471;Севастопольская 1;bishop;1425984462293;2G;GPRS;1;250;99;26802;4016;-1;-75
1472;Севастопольская 2;bishop;1425984478711;2G;GPRS;1;250;99;26802;4015;-1;-79
1473;Севастопольская 3;bishop;1425984503154;2G;GPRS;1;250;99;26802;4015;-1;-75
1474;Севастопольская 4;bishop;1425984516725;2G;GPRS;1;250;99;26802;4015;-1;-73
1481;Чертановская 1;bishop;1425984596079;2G;GPRS;1;250;99;26802;4016;-1;-61
1482;Чертановская 2;bishop;1425984612121;2G;GPRS;1;250;99;26802;4016;-1;-71
1483;Чертановская 3;bishop;1425984632928;2G;GPRS;1;250;99;26802;4016;-1;-73
1484;Чертановская 4;bishop;1425984647055;2G;GPRS;1;250;99;26802;4016;-1;-73
1491;Южная 1;bishop;1425984761259;3G;HSDPA;1;250;2;7717;10454314;-1;-81
1492;Южная 2;bishop;1425984778008;3G;HSDPA;1;250;2;7717;10454314;-1;-77
1493;Южная 3;bishop;1425984796866;3G;HSDPA;1;250;2;7717;10454314;-1;-77
1494;Южная 4;bishop;1425984810014;3G;HSDPA;1;250;2;7717;10454314;-1;-77
1501;Пражская 1;bishop;1425984866673;3G;HSDPA;1;250;2;7717;10454313;-1;-81
1502;Пражская 2;bishop;1425984883511;2G;EDGE;1;250;1;770;41832;-1;-81
1503;Пражская 3;bishop;1425984907329;2G;EDGE;1;250;1;770;41832;-1;-75
1504;Пражская 4;bishop;1425984920531;2G;EDGE;1;250;1;770;41832;-1;-77
1621;Улица Академика Янгеля 1;bishop;1425985018292;2G;GPRS;1;250;99;26802;4026;-1;-57
1622;Улица Академика Янгеля 2;bishop;1425985034326;3G;UMTS;1;250;1;770;6892492;-1;-89
1623;Улица Академика Янгеля 3;bishop;1425985051245;3G;UMTS;1;250;1;770;6892492;-1;-89
1624;Улица Академика Янгеля 4;bishop;1425985065059;3G;UMTS;1;250;1;770;6892492;-1;-87
1631;Аннино 1;bishop;1425985135925;2G;GPRS;1;250;99;26802;4036;-1;-55
1632;Аннино 2;bishop;1425985151407;2G;EDGE;1;250;1;770;41831;-1;-53
1633;Аннино 3;bishop;1425985169058;2G;EDGE;1;250;1;770;41831;-1;-73
1634;Аннино 4;bishop;1425985182794;2G;EDGE;1;250;1;770;41831;-1;-75
1641;Бульвар Дмитрия Донского 1;bishop;1425985305412;2G;GPRS;1;250;99;26802;4036;-1;-59
1642;Бульвар Дмитрия Донского 2;bishop;1425985322043;2G;EDGE;1;250;1;770;41831;-1;-61
1913;Улица Старокачаловская 3;bishop;1425985588760;3G;HSDPA;1;250;2;7705;10897359;-1;-91
1914;Улица Старокачаловская 4;bishop;1425985598988;3G;HSDPA;1;250;2;7705;10883101;-1;-93
1922;Улица Скобелевская 2;bishop;1425985839936;3G;UMTS;1;250;1;655;7803662;-1;-51
1923;Улица Скобелевская 3;bishop;1425985858060;3G;UMTS;1;250;1;655;7803662;-1;-53
1924;Улица Скобелевская 4;bishop;1425985869459;3G;UMTS;1;250;1;655;7803662;-1;-57
1931;Бульвар Адмирала Ушакова 1;bishop;1425985921509;3G;UMTS;1;250;1;655;7832473;-1;-77
1932;Бульвар Адмирала Ушакова 2;bishop;1425985936503;3G;UMTS;1;250;1;655;7832473;-1;-87
1933;Бульвар Адмирала Ушакова 3;bishop;1425985962954;3G;UMTS;1;250;1;655;7808279;-1;-75
1934;Бульвар Адмирала Ушакова 4;bishop;1425985974410;3G;UMTS;1;250;1;655;7808279;-1;-79
1941;Улица Горчакова 1;bishop;1425986030654;3G;UMTS;1;250;1;655;7799191;-1;-59
1942;Улица Горчакова 2;bishop;1425986047864;3G;UMTS;1;250;1;655;7799193;-1;-71
1943;Улица Горчакова 3;bishop;1425986076929;3G;UMTS;1;250;1;655;7799193;-1;-67
1944;Улица Горчакова 4;bishop;1425986086939;3G;UMTS;1;250;1;655;7799193;-1;-69
1951;Бунинская аллея 1;bishop;1425986162708;3G;UMTS;1;250;1;655;7799017;-1;-83
1952;Бунинская аллея 2;bishop;1425986182912;3G;UMTS;1;250;1;655;7799017;-1;-81
