ID;Name;User;TimeStamp;NetworkGen;NetworkType;Active;MCC;MNC;LAC;CID;PSC;Power
;ServiceLog;Andrey;1435838520367;3G;HSDPA;1;250;2;7736;10292789;-1;0
;ServiceLog;Andrey;1435838521409;3G;HSDPA;1;250;2;7736;10292789;-1;-73
;ServiceLog;Andrey;1435838522464;3G;HSDPA;1;250;2;7736;10292789;-1;-75
;ServiceLog;Andrey;1435838523560;3G;HSDPA;1;250;2;7736;10292789;-1;-75
;ServiceLog;Andrey;1435838524590;3G;HSDPA;1;250;2;7736;10292789;-1;-75
;ServiceLog;Andrey;1435838525649;3G;HSDPA;1;250;2;7736;10292789;-1;-77
;ServiceLog;Andrey;1435838526664;3G;HSDPA;1;250;2;7736;10292789;-1;-77
;ServiceLog;Andrey;1435838527707;3G;HSDPA;1;250;2;7736;10292789;-1;-77
;ServiceLog;Andrey;1435838528811;3G;HSDPA;1;250;2;7736;10292789;-1;-77
;ServiceLog;Andrey;1435838529913;3G;HSDPA;1;250;2;7736;10292789;-1;-77
;ServiceLog;Andrey;1435838530954;3G;HSDPA;1;250;2;7736;10292789;-1;-77
;ServiceLog;Andrey;1435838531985;3G;HSDPA;1;250;2;7736;10292789;-1;-77
;ServiceLog;Andrey;1435838533066;3G;HSDPA;1;250;2;7736;10292789;-1;-77
;ServiceLog;Andrey;1435838534091;3G;HSDPA;1;250;2;7736;10292789;-1;-77
;ServiceLog;Andrey;1435838535123;3G;HSDPA;1;250;2;7736;10292789;-1;-77
;ServiceLog;Andrey;1435838536253;3G;HSDPA;1;250;2;7736;10292789;-1;-77
;ServiceLog;Andrey;1435838537320;3G;HSDPA;1;250;2;7736;10292789;-1;-77
;ServiceLog;Andrey;1435838538458;3G;HSDPA;1;250;2;7736;10292789;-1;-77
;ServiceLog;Andrey;1435838539528;3G;HSDPA;1;250;2;7736;10292789;-1;-77
;ServiceLog;Andrey;1435838540569;3G;HSDPA;1;250;2;7736;10292789;-1;-77
;ServiceLog;Andrey;1435838541699;3G;HSDPA;1;250;2;7736;10292789;-1;-77
;ServiceLog;Andrey;1435838542746;3G;HSDPA;1;250;2;7736;10292789;-1;-75
;ServiceLog;Andrey;1435838543827;3G;HSDPA;1;250;2;7736;10292789;-1;-75
;ServiceLog;Andrey;1435838544870;3G;HSDPA;1;250;2;7736;10292789;-1;-75
;ServiceLog;Andrey;1435838545899;3G;HSDPA;1;250;2;7736;10292789;-1;-75
;ServiceLog;Andrey;1435838546977;3G;HSDPA;1;250;2;7736;10292789;-1;-75
;ServiceLog;Andrey;1435838548018;3G;HSDPA;1;250;2;7736;10292789;-1;-75
;ServiceLog;Andrey;1435838549068;3G;HSDPA;1;250;2;7736;10292789;-1;-75
;ServiceLog;Andrey;1435838550169;3G;HSDPA;1;250;2;7736;10292789;-1;-75
;ServiceLog;Andrey;1435838551214;3G;HSDPA;1;250;2;7736;10292789;-1;-75
;ServiceLog;Andrey;1435838552237;3G;HSDPA;1;250;2;7736;10292789;-1;-75
;ServiceLog;Andrey;1435838553278;3G;HSDPA;1;250;2;7736;10292789;-1;-75
;ServiceLog;Andrey;1435838554400;3G;HSDPA;1;250;2;7736;10292789;-1;-75
;ServiceLog;Andrey;1435838555449;3G;HSDPA;1;250;2;7736;10292789;-1;-75
;ServiceLog;Andrey;1435838556480;3G;HSDPA;1;250;2;7736;10292789;-1;-73
;ServiceLog;Andrey;1435838557511;3G;HSDPA;1;250;2;7736;10292789;-1;-73
;ServiceLog;Andrey;1435838558573;3G;HSDPA;1;250;2;7736;10292789;-1;-73
;ServiceLog;Andrey;1435838559685;3G;HSDPA;1;250;2;7736;10292789;-1;-73
;ServiceLog;Andrey;1435838560771;3G;HSDPA;1;250;2;7736;10292789;-1;-73
;ServiceLog;Andrey;1435838561780;3G;HSDPA;1;250;2;7736;10292789;-1;-73
;ServiceLog;Andrey;1435838562805;3G;HSDPA;1;250;2;7736;10292789;-1;-73
;ServiceLog;Andrey;1435838563817;3G;HSDPA;1;250;2;7736;10292789;-1;-73
;ServiceLog;Andrey;1435838564833;3G;HSDPA;1;250;2;7736;10292789;-1;-73
;ServiceLog;Andrey;1435838565874;3G;HSDPA;1;250;2;7736;10292789;-1;-73
;ServiceLog;Andrey;1435838566912;3G;HSDPA;1;250;2;7736;10292789;-1;-73
;ServiceLog;Andrey;1435838567921;3G;HSDPA;1;250;2;7736;10292789;-1;-73
;ServiceLog;Andrey;1435838568940;3G;HSDPA;1;250;2;7736;10292789;-1;-75
;ServiceLog;Andrey;1435838569961;3G;HSDPA;1;250;2;7736;10292789;-1;-75
;ServiceLog;Andrey;1435838570969;3G;HSDPA;1;250;2;7736;10292789;-1;-75
;ServiceLog;Andrey;1435838571976;3G;HSDPA;1;250;2;7736;10292789;-1;-75
;ServiceLog;Andrey;1435838572991;3G;HSDPA;1;250;2;7736;10292789;-1;-75
;ServiceLog;Andrey;1435838574075;3G;HSDPA;1;250;2;7736;10292789;-1;-75
;ServiceLog;Andrey;1435838575116;3G;HSDPA;1;250;2;7736;10292789;-1;-75
;ServiceLog;Andrey;1435838576153;3G;HSDPA;1;250;2;7736;10292789;-1;-75
;ServiceLog;Andrey;1435838577188;3G;HSDPA;1;250;2;7736;10292789;-1;-75
;ServiceLog;Andrey;1435838578207;3G;HSDPA;1;250;2;7736;10292789;-1;-75
;ServiceLog;Andrey;1435838579295;3G;HSDPA;1;250;2;7736;10292789;-1;-75
;ServiceLog;Andrey;1435838580358;3G;HSDPA;1;250;2;7736;10292789;-1;-75
;ServiceLog;Andrey;1435838581398;3G;HSDPA;1;250;2;7736;10292789;-1;-75
;ServiceLog;Andrey;1435838582440;3G;HSDPA;1;250;2;7736;10292789;-1;-75
;ServiceLog;Andrey;1435838583575;3G;HSDPA;1;250;2;7736;10292789;-1;-75
;ServiceLog;Andrey;1435838584587;3G;HSDPA;1;250;2;7736;10292789;-1;-75
;ServiceLog;Andrey;1435838585625;3G;HSDPA;1;250;2;7736;10292789;-1;-75
;ServiceLog;Andrey;1435838586664;3G;HSDPA;1;250;2;7736;10292789;-1;-75
;ServiceLog;Andrey;1435838587732;3G;HSDPA;1;250;2;7736;10292789;-1;-75
;ServiceLog;Andrey;1435838588751;3G;HSDPA;1;250;2;7736;10292789;-1;-75
;ServiceLog;Andrey;1435838589796;3G;HSDPA;1;250;2;7736;10292789;-1;-77
;ServiceLog;Andrey;1435838590856;3G;HSDPA;1;250;2;7736;10292789;-1;-77
;ServiceLog;Andrey;1435838591915;3G;HSDPA;1;250;2;7736;10292789;-1;-75
;ServiceLog;Andrey;1435838592947;3G;HSDPA;1;250;2;7736;10292789;-1;-75
;ServiceLog;Andrey;1435838593974;3G;HSDPA;1;250;2;7736;10292789;-1;-75
;ServiceLog;Andrey;1435838595059;3G;HSDPA;1;250;2;7736;10292789;-1;-75
;ServiceLog;Andrey;1435838596103;3G;HSDPA;1;250;2;7736;10292789;-1;-75
;ServiceLog;Andrey;1435838597149;3G;HSDPA;1;250;2;7736;10292789;-1;-75
;ServiceLog;Andrey;1435838598186;3G;HSDPA;1;250;2;7736;10292789;-1;-75
;ServiceLog;Andrey;1435838599240;3G;HSDPA;1;250;2;7736;10292789;-1;-77
;ServiceLog;Andrey;1435838600257;3G;HSDPA;1;250;2;7736;10292789;-1;-77
;ServiceLog;Andrey;1435838601286;3G;HSDPA;1;250;2;7736;10292789;-1;-77
;ServiceLog;Andrey;1435838602342;3G;HSDPA;1;250;2;7736;10292789;-1;-79
;ServiceLog;Andrey;1435838603384;3G;HSDPA;1;250;2;7736;10292789;-1;-79
;ServiceLog;Andrey;1435838604459;3G;HSDPA;1;250;2;7736;10292789;-1;-79
;ServiceLog;Andrey;1435838605515;3G;HSDPA;1;250;2;7736;10292789;-1;-79
;ServiceLog;Andrey;1435838606560;3G;HSDPA;1;250;2;7736;10292789;-1;-79
;ServiceLog;Andrey;1435838607604;3G;HSDPA;1;250;2;7736;10292789;-1;-79
;ServiceLog;Andrey;1435838608634;3G;HSDPA;1;250;2;7736;10292789;-1;-79
;ServiceLog;Andrey;1435838609661;3G;HSDPA;1;250;2;7736;10292789;-1;-81
;ServiceLog;Andrey;1435838610694;3G;HSDPA;1;250;2;7736;10292789;-1;-81
;ServiceLog;Andrey;1435838611713;3G;HSDPA;1;250;2;7736;10292789;-1;-81
;ServiceLog;Andrey;1435838612791;3G;HSDPA;1;250;2;7736;10292789;-1;-83
;ServiceLog;Andrey;1435838613832;3G;HSDPA;1;250;2;7736;10292789;-1;-83
;ServiceLog;Andrey;1435838615075;3G;HSDPA;1;250;2;7736;10292789;-1;-85
;ServiceLog;Andrey;1435838616132;3G;HSDPA;1;250;2;7736;10292789;-1;-85
;ServiceLog;Andrey;1435838617207;3G;HSDPA;1;250;2;7736;10292789;-1;-85
;ServiceLog;Andrey;1435838618259;3G;HSDPA;1;250;2;7736;10292789;-1;-85
;ServiceLog;Andrey;1435838619306;3G;HSDPA;1;250;2;7736;10292789;-1;-85
;ServiceLog;Andrey;1435838620389;3G;HSDPA;1;250;2;7736;10292789;-1;-85
;ServiceLog;Andrey;1435838621422;3G;HSDPA;1;250;2;7736;10292789;-1;-85
;ServiceLog;Andrey;1435838622497;3G;HSDPA;1;250;2;7736;10292789;-1;-81
;ServiceLog;Andrey;1435838623529;3G;HSDPA;1;250;2;7736;10292789;-1;-81
;ServiceLog;Andrey;1435838624564;3G;HSDPA;1;250;2;7736;10292789;-1;-81
;ServiceLog;Andrey;1435838625602;3G;HSDPA;1;250;2;7736;10292789;-1;-81
;ServiceLog;Andrey;1435838626619;3G;HSDPA;1;250;2;7736;10292789;-1;-81
;ServiceLog;Andrey;1435838627633;3G;HSDPA;1;250;2;7736;10292789;-1;-79
;ServiceLog;Andrey;1435838628664;3G;HSDPA;1;250;2;7736;10292789;-1;-79
;ServiceLog;Andrey;1435838629678;3G;HSDPA;1;250;2;7736;10292789;-1;-79
;ServiceLog;Andrey;1435838630688;3G;HSDPA;1;250;2;7736;10292789;-1;-79
;ServiceLog;Andrey;1435838631757;3G;HSDPA;1;250;2;7736;10292789;-1;-79
;ServiceLog;Andrey;1435838632826;3G;HSDPA;1;250;2;7736;10292789;-1;-79
;ServiceLog;Andrey;1435838633978;3G;HSDPA;1;250;2;7736;10292789;-1;-79
;ServiceLog;Andrey;1435838635012;3G;HSDPA;1;250;2;7736;10292789;-1;-81
;ServiceLog;Andrey;1435838636044;3G;HSDPA;1;250;2;7736;10292789;-1;-81
;ServiceLog;Andrey;1435838637132;3G;HSDPA;1;250;2;7736;10292789;-1;-81
;ServiceLog;Andrey;1435838638188;3G;HSDPA;1;250;2;7736;10292789;-1;-87
;ServiceLog;Andrey;1435838639281;3G;HSDPA;1;250;2;7736;10292789;-1;-87
;ServiceLog;Andrey;1435838640315;3G;HSDPA;1;250;2;7736;10292789;-1;-93
;ServiceLog;Andrey;1435838641336;3G;HSDPA;1;250;2;7736;10292789;-1;-93
;ServiceLog;Andrey;1435838642363;3G;HSDPA;1;250;2;7736;10292789;-1;-93
;ServiceLog;Andrey;1435838643404;3G;HSDPA;1;250;2;7736;10292789;-1;-95
;ServiceLog;Andrey;1435838644449;3G;HSDPA;1;250;2;7736;10292789;-1;-95
;ServiceLog;Andrey;1435838645496;3G;HSDPA;1;250;2;7736;10292789;-1;-103
;ServiceLog;Andrey;1435838646558;3G;HSDPA;1;250;2;7736;10292789;-1;-103
;ServiceLog;Andrey;1435838647601;3G;HSDPA;1;250;2;7736;10292789;-1;-103
;ServiceLog;Andrey;1435838648696;3G;HSDPA;1;250;2;7736;10292789;-1;-109
;ServiceLog;Andrey;1435838649758;3G;HSDPA;1;250;2;7736;10292789;-1;-109
;ServiceLog;Andrey;1435838650847;3G;HSDPA;1;250;2;7736;10292789;-1;-113
;ServiceLog;Andrey;1435838651895;3G;HSDPA;1;250;2;7736;10292789;-1;-113
;ServiceLog;Andrey;1435838652928;3G;HSDPA;1;250;2;7736;10292789;-1;-113
;ServiceLog;Andrey;1435838653942;3G;HSDPA;1;250;2;7736;10292789;-1;-113
;ServiceLog;Andrey;1435838655030;3G;HSDPA;1;250;2;7736;10292789;-1;-113
;ServiceLog;Andrey;1435838656069;3G;HSDPA;1;250;2;7736;10292789;-1;-113
;ServiceLog;Andrey;1435838657110;3G;HSDPA;1;250;2;7736;10292789;-1;-113
;ServiceLog;Andrey;1435838658144;3G;HSDPA;1;250;2;7736;10292789;-1;-113
;ServiceLog;Andrey;1435838659275;3G;HSDPA;1;250;2;7736;10292789;-1;-113
;ServiceLog;Andrey;1435838660287;3G;HSDPA;1;250;2;7736;10292789;-1;-113
;ServiceLog;Andrey;1435838661311;3G;HSDPA;1;250;2;7736;10292789;-1;-113
;ServiceLog;Andrey;1435838662320;3G;HSDPA;1;250;2;7736;10292789;-1;-113
;ServiceLog;Andrey;1435838663334;3G;HSDPA;1;250;2;7736;10292789;-1;-113
;ServiceLog;Andrey;1435838664368;3G;HSDPA;1;250;2;7736;10292789;-1;-113
;ServiceLog;Andrey;1435838665497;3G;HSDPA;1;250;2;7736;10292789;-1;-113
;ServiceLog;Andrey;1435838666529;3G;HSDPA;1;250;2;7736;10292789;-1;-113
;ServiceLog;Andrey;1435838667550;3G;HSDPA;1;250;2;7736;10292789;-1;-113
;ServiceLog;Andrey;1435838668564;3G;HSDPA;1;250;2;7736;10292789;-1;-113
;ServiceLog;Andrey;1435838669589;3G;HSDPA;1;250;2;7736;10292789;-1;-113
;ServiceLog;Andrey;1435838670606;3G;HSDPA;1;250;2;7736;10292789;-1;-113
;ServiceLog;Andrey;1435838671617;3G;HSDPA;1;250;2;7736;10292789;-1;-113
;ServiceLog;Andrey;1435838672631;3G;HSDPA;1;250;2;7736;10292789;-1;-113
;ServiceLog;Andrey;1435838673661;3G;HSDPA;1;250;2;7736;10292789;-1;-113
;ServiceLog;Andrey;1435838674674;2G;GPRS;1;250;99;26802;49565;-1;-111
;ServiceLog;Andrey;1435838675774;2G;GPRS;1;250;99;26802;49565;-1;-111
;ServiceLog;Andrey;1435838676795;2G;GPRS;1;250;99;26802;49565;-1;-111
;ServiceLog;Andrey;1435838677813;2G;GPRS;1;250;99;26802;49565;-1;-111
;ServiceLog;Andrey;1435838678826;2G;GPRS;1;250;99;26802;49565;-1;-111
;ServiceLog;Andrey;1435838679855;2G;GPRS;1;250;99;26802;49565;-1;-111
;ServiceLog;Andrey;1435838680869;2G;GPRS;1;250;99;26802;49565;-1;-111
;ServiceLog;Andrey;1435838681880;2G;GPRS;1;250;99;26802;49565;-1;-111
;ServiceLog;Andrey;1435838682919;2G;GPRS;1;250;99;26802;49565;-1;-99
;ServiceLog;Andrey;1435838683934;2G;GPRS;1;250;99;26802;49565;-1;-93
;ServiceLog;Andrey;1435838684945;2G;GPRS;1;250;99;26802;49565;-1;-93
;ServiceLog;Andrey;1435838685970;2G;GPRS;1;250;99;26802;49565;-1;-87
;ServiceLog;Andrey;1435838686981;2G;GPRS;1;250;99;26802;49565;-1;-81
;ServiceLog;Andrey;1435838688013;2G;GPRS;1;250;99;26802;49565;-1;-81
;ServiceLog;Andrey;1435838689028;2G;GPRS;1;250;99;26802;49565;-1;-81
;ServiceLog;Andrey;1435838690041;2G;GPRS;1;250;99;26802;49565;-1;-81
;ServiceLog;Andrey;1435838691057;2G;GPRS;1;250;99;26802;49565;-1;-81
;ServiceLog;Andrey;1435838692084;2G;GPRS;1;250;99;26802;49565;-1;-81
;ServiceLog;Andrey;1435838693101;2G;GPRS;1;250;99;26802;49565;-1;-81
;ServiceLog;Andrey;1435838694113;2G;GPRS;1;250;99;26802;49565;-1;-81
;ServiceLog;Andrey;1435838695157;2G;GPRS;1;250;99;26802;49565;-1;-79
;ServiceLog;Andrey;1435838696199;2G;GPRS;1;250;99;26802;49565;-1;-79
;ServiceLog;Andrey;1435838697206;2G;GPRS;1;250;99;26802;49565;-1;-79
;ServiceLog;Andrey;1435838698218;2G;GPRS;1;250;99;26802;49565;-1;-77
;ServiceLog;Andrey;1435838699242;2G;GPRS;1;250;99;26802;49565;-1;-77
;ServiceLog;Andrey;1435838700257;2G;GPRS;1;250;99;26802;49565;-1;-77
;ServiceLog;Andrey;1435838701264;2G;GPRS;1;250;99;26802;49565;-1;-75
;ServiceLog;Andrey;1435838702336;2G;GPRS;1;250;99;26802;49565;-1;-75
;ServiceLog;Andrey;1435838703357;2G;GPRS;1;250;99;26802;49565;-1;-75
;ServiceLog;Andrey;1435838704368;2G;GPRS;1;250;99;26802;49565;-1;-75
;ServiceLog;Andrey;1435838705390;2G;GPRS;1;250;99;26802;49565;-1;-75
;ServiceLog;Andrey;1435838706438;2G;GPRS;1;250;99;26802;49565;-1;-73
;ServiceLog;Andrey;1435838707453;2G;GPRS;1;250;99;26802;49565;-1;-73
;ServiceLog;Andrey;1435838708470;2G;GPRS;1;250;99;26802;49565;-1;-73
;ServiceLog;Andrey;1435838709487;2G;GPRS;1;250;99;26802;49565;-1;-71
;ServiceLog;Andrey;1435838710545;2G;GPRS;1;250;99;26802;49565;-1;-71
;ServiceLog;Andrey;1435838711563;2G;GPRS;1;250;99;26802;49565;-1;-71
;ServiceLog;Andrey;1435838712668;2G;GPRS;1;250;99;26802;49565;-1;-69
;ServiceLog;Andrey;1435838713684;2G;GPRS;1;250;99;26802;49565;-1;-69
;ServiceLog;Andrey;1435838714743;2G;GPRS;1;250;99;26802;49565;-1;-69
;ServiceLog;Andrey;1435838715817;2G;GPRS;1;250;99;26802;49565;-1;-69
;ServiceLog;Andrey;1435838716858;2G;GPRS;1;250;99;26802;49565;-1;-69
;ServiceLog;Andrey;1435838717870;2G;GPRS;1;250;99;26802;49565;-1;-69
;ServiceLog;Andrey;1435838718918;2G;GPRS;1;250;99;26802;49565;-1;-69
;ServiceLog;Andrey;1435838720093;2G;GPRS;1;250;99;26802;49565;-1;-71
;ServiceLog;Andrey;1435838721143;2G;GPRS;1;250;99;26802;49565;-1;-73
;ServiceLog;Andrey;1435838722194;2G;GPRS;1;250;99;26802;49565;-1;-75
;ServiceLog;Andrey;1435838723256;2G;GPRS;1;250;99;26802;49565;-1;-75
;ServiceLog;Andrey;1435838724280;2G;GPRS;1;250;99;26802;49565;-1;-75
;ServiceLog;Andrey;1435838725319;2G;GPRS;1;250;99;26802;49565;-1;-77
;ServiceLog;Andrey;1435838726361;2G;GPRS;1;250;99;26802;49565;-1;-77
;ServiceLog;Andrey;1435838727467;2G;GPRS;1;250;99;26802;49565;-1;-75
;ServiceLog;Andrey;1435838728589;2G;GPRS;1;250;99;26802;49565;-1;-75
;ServiceLog;Andrey;1435838729646;2G;GPRS;1;250;99;26802;49565;-1;-75
;ServiceLog;Andrey;1435838730677;2G;GPRS;1;250;99;26802;49565;-1;-73
;ServiceLog;Andrey;1435838731716;2G;GPRS;1;250;99;26802;49565;-1;-73
;ServiceLog;Andrey;1435838732765;2G;GPRS;1;250;99;26802;49565;-1;-73
;ServiceLog;Andrey;1435838733832;2G;GPRS;1;250;99;26802;49565;-1;-73
;ServiceLog;Andrey;1435838734865;2G;GPRS;1;250;99;26802;49565;-1;-73
;ServiceLog;Andrey;1435838735974;2G;GPRS;1;250;99;26802;49565;-1;-71
;ServiceLog;Andrey;1435838736993;2G;GPRS;1;250;99;26802;49565;-1;-71
;ServiceLog;Andrey;1435838738050;2G;GPRS;1;250;99;26802;49565;-1;-69
;ServiceLog;Andrey;1435838739190;2G;GPRS;1;250;99;26802;49565;-1;-67
;ServiceLog;Andrey;1435838740240;2G;GPRS;1;250;99;26802;49565;-1;-65
;ServiceLog;Andrey;1435838741358;2G;GPRS;1;250;99;26802;49565;-1;-65
;ServiceLog;Andrey;1435838742415;2G;GPRS;1;250;99;26802;49565;-1;-63
;ServiceLog;Andrey;1435838743466;2G;GPRS;1;250;99;26802;49565;-1;-63
;ServiceLog;Andrey;1435838744504;2G;GPRS;1;250;99;26802;49565;-1;-61
;ServiceLog;Andrey;1435838745598;2G;GPRS;1;250;99;26802;49565;-1;-61
;ServiceLog;Andrey;1435838746695;2G;GPRS;1;250;99;26802;49565;-1;-61
;ServiceLog;Andrey;1435838747725;2G;GPRS;1;250;99;26802;49565;-1;-61
;ServiceLog;Andrey;1435838748771;3G;HSDPA;1;250;2;7736;10292790;-1;-91
;ServiceLog;Andrey;1435838749810;3G;HSDPA;1;250;2;7736;10292790;-1;-91
;ServiceLog;Andrey;1435838750844;3G;HSDPA;1;250;2;7736;10292790;-1;-91
;ServiceLog;Andrey;1435838751888;3G;HSDPA;1;250;2;7736;10292790;-1;-91
;ServiceLog;Andrey;1435838752917;3G;HSDPA;1;250;2;7736;10292790;-1;-91
;ServiceLog;Andrey;1435838753937;3G;HSDPA;1;250;2;7736;10292790;-1;-91
;ServiceLog;Andrey;1435838754998;3G;HSDPA;1;250;2;7736;10292790;-1;-87
;ServiceLog;Andrey;1435838756027;3G;HSDPA;1;250;2;7736;10292790;-1;-87
;ServiceLog;Andrey;1435838757065;3G;HSDPA;1;250;2;7736;10292790;-1;-87
;ServiceLog;Andrey;1435838758126;3G;HSDPA;1;250;2;7736;10292790;-1;-85
;ServiceLog;Andrey;1435838759158;3G;HSDPA;1;250;2;7736;10292790;-1;-85
;ServiceLog;Andrey;1435838760209;3G;HSDPA;1;250;2;7736;10292790;-1;-83
;ServiceLog;Andrey;1435838761218;3G;HSDPA;1;250;2;7736;10292790;-1;-83
;ServiceLog;Andrey;1435838762271;3G;HSDPA;1;250;2;7736;10292790;-1;-83
;ServiceLog;Andrey;1435838763385;3G;HSDPA;1;250;2;7736;10292790;-1;-81
;ServiceLog;Andrey;1435838764440;3G;HSDPA;1;250;2;7736;10292790;-1;-81
;ServiceLog;Andrey;1435838765471;3G;HSDPA;1;250;2;7736;10292790;-1;-79
;ServiceLog;Andrey;1435838766482;3G;HSDPA;1;250;2;7736;10292790;-1;-79
;ServiceLog;Andrey;1435838767513;3G;HSDPA;1;250;2;7736;10292790;-1;-79
;ServiceLog;Andrey;1435838768607;3G;HSDPA;1;250;2;7736;10292790;-1;-79
;ServiceLog;Andrey;1435838769658;3G;HSDPA;1;250;2;7736;10292790;-1;-79
;ServiceLog;Andrey;1435838770696;3G;HSDPA;1;250;2;7736;10292790;-1;-79
;ServiceLog;Andrey;1435838771725;3G;HSDPA;1;250;2;7736;10292790;-1;-79
;ServiceLog;Andrey;1435838772770;3G;HSDPA;1;250;2;7736;10292790;-1;-79
;ServiceLog;Andrey;1435838773837;3G;HSDPA;1;250;2;7736;10292790;-1;-79
;ServiceLog;Andrey;1435838774882;3G;HSDPA;1;250;2;7736;10292790;-1;-79
;ServiceLog;Andrey;1435838775944;3G;HSDPA;1;250;2;7736;10292790;-1;-79
;ServiceLog;Andrey;1435838777001;3G;HSDPA;1;250;2;7736;10292790;-1;-79
;ServiceLog;Andrey;1435838778035;3G;HSDPA;1;250;2;7736;10292790;-1;-81
;ServiceLog;Andrey;1435838779073;3G;HSDPA;1;250;2;7736;10292790;-1;-81
;ServiceLog;Andrey;1435838780184;3G;HSDPA;1;250;2;7736;10292790;-1;-81
;ServiceLog;Andrey;1435838781223;3G;HSDPA;1;250;2;7736;10292790;-1;-81
;ServiceLog;Andrey;1435838782251;3G;HSDPA;1;250;2;7736;10292790;-1;-81
;ServiceLog;Andrey;1435838783288;3G;HSDPA;1;250;2;7736;10292790;-1;-81
;ServiceLog;Andrey;1435838784414;3G;HSDPA;1;250;2;7736;10292790;-1;-81
;ServiceLog;Andrey;1435838785462;3G;HSDPA;1;250;2;7736;10292790;-1;-81
;ServiceLog;Andrey;1435838786570;3G;HSDPA;1;250;2;7736;10292790;-1;-81
;ServiceLog;Andrey;1435838787601;3G;HSDPA;1;250;2;7736;10292790;-1;-81
;ServiceLog;Andrey;1435838788644;3G;HSDPA;1;250;2;7736;10292790;-1;-83
;ServiceLog;Andrey;1435838789690;3G;HSDPA;1;250;2;7736;10292790;-1;-83
;ServiceLog;Andrey;1435838790737;3G;HSDPA;1;250;2;7736;10292790;-1;-83
;ServiceLog;Andrey;1435838791766;3G;HSDPA;1;250;2;7736;10292790;-1;-83
;ServiceLog;Andrey;1435838792841;3G;HSDPA;1;250;2;7736;10292790;-1;-83
;ServiceLog;Andrey;1435838793901;3G;HSDPA;1;250;2;7736;10292790;-1;-83
;ServiceLog;Andrey;1435838795040;3G;HSDPA;1;250;2;7736;10292790;-1;-83
;ServiceLog;Andrey;1435838796088;3G;HSDPA;1;250;2;7736;10292790;-1;-83
;ServiceLog;Andrey;1435838797124;3G;HSDPA;1;250;2;7736;10292790;-1;-83
;ServiceLog;Andrey;1435838798162;3G;HSDPA;1;250;2;7736;10292790;-1;-83
;ServiceLog;Andrey;1435838799230;3G;HSDPA;1;250;2;7736;10292790;-1;-87
;ServiceLog;Andrey;1435838800260;3G;HSDPA;1;250;2;7736;10292790;-1;-87
;ServiceLog;Andrey;1435838801270;3G;HSDPA;1;250;2;7736;10292790;-1;-87
;ServiceLog;Andrey;1435838802307;3G;HSDPA;1;250;2;7736;10292790;-1;-87
;ServiceLog;Andrey;1435838803344;3G;HSDPA;1;250;2;7736;10292790;-1;-87
;ServiceLog;Andrey;1435838804379;3G;HSDPA;1;250;2;7736;10292790;-1;-87
;ServiceLog;Andrey;1435838805439;3G;HSDPA;1;250;2;7736;10292790;-1;-87
;ServiceLog;Andrey;1435838806450;3G;HSDPA;1;250;2;7736;10292790;-1;-87
;ServiceLog;Andrey;1435838807503;3G;HSDPA;1;250;2;7736;10292790;-1;-87
;ServiceLog;Andrey;1435838808594;3G;HSDPA;1;250;2;7736;10292790;-1;-83
;ServiceLog;Andrey;1435838809658;3G;HSDPA;1;250;2;7736;10292790;-1;-83
;ServiceLog;Andrey;1435838810700;3G;HSDPA;1;250;2;7736;10292790;-1;-83
;ServiceLog;Andrey;1435838811803;3G;HSDPA;1;250;2;7736;10292790;-1;-83
;ServiceLog;Andrey;1435838812860;3G;HSDPA;1;250;2;7736;10292790;-1;-83
;ServiceLog;Andrey;1435838813991;3G;HSDPA;1;250;2;7736;10292790;-1;-83
;ServiceLog;Andrey;1435838815127;3G;HSDPA;1;250;2;7736;10292790;-1;-83
;ServiceLog;Andrey;1435838816155;3G;HSDPA;1;250;2;7736;10292790;-1;-83
;ServiceLog;Andrey;1435838817168;3G;HSDPA;1;250;2;7736;10292790;-1;-83
;ServiceLog;Andrey;1435838818186;3G;HSDPA;1;250;2;7736;10292790;-1;-83
;ServiceLog;Andrey;1435838819211;3G;HSDPA;1;250;2;7736;10292790;-1;-85
;ServiceLog;Andrey;1435838820259;3G;HSDPA;1;250;2;7736;10292790;-1;-85
;ServiceLog;Andrey;1435838821272;3G;HSDPA;1;250;2;7736;10292790;-1;-85
;ServiceLog;Andrey;1435838822302;3G;HSDPA;1;250;2;7736;10292790;-1;-85
;ServiceLog;Andrey;1435838823313;3G;HSDPA;1;250;2;7736;10292790;-1;-85
;ServiceLog;Andrey;1435838824322;3G;HSDPA;1;250;2;7736;10292790;-1;-85
;ServiceLog;Andrey;1435838825337;3G;HSDPA;1;250;2;7736;1010;-1;-85
;ServiceLog;Andrey;1435838826343;3G;HSDPA;1;250;2;7736;1010;-1;-87
;ServiceLog;Andrey;1435838827354;3G;HSDPA;1;250;2;7736;1010;-1;-95
;ServiceLog;Andrey;1435838828396;2G;EDGE;1;250;2;7736;1010;-1;-97
;ServiceLog;Andrey;1435838829401;2G;EDGE;1;250;2;7736;1010;-1;-105
;ServiceLog;Andrey;1435838830413;2G;EDGE;1;250;2;7736;1010;-1;-103
;ServiceLog;Andrey;1435838831432;2G;EDGE;1;250;2;7736;1010;-1;-101
;ServiceLog;Andrey;1435838832447;2G;EDGE;1;250;2;7736;1010;-1;-99
;ServiceLog;Andrey;1435838833463;2G;EDGE;1;250;2;7736;1010;-1;-99
;ServiceLog;Andrey;1435838834494;2G;EDGE;1;250;2;7736;1010;-1;-99
;ServiceLog;Andrey;1435838835510;2G;EDGE;1;250;2;7736;1010;-1;-99
;ServiceLog;Andrey;1435838836520;2G;EDGE;1;250;2;7736;1010;-1;-99
;ServiceLog;Andrey;1435838837538;2G;EDGE;1;250;2;7736;1010;-1;-99
;ServiceLog;Andrey;1435838838552;2G;EDGE;1;250;2;7736;1010;-1;-99
;ServiceLog;Andrey;1435838839575;2G;EDGE;1;250;2;7736;1010;-1;-101
;ServiceLog;Andrey;1435838840601;2G;EDGE;1;250;2;7736;1010;-1;-101
;ServiceLog;Andrey;1435838841613;2G;EDGE;1;250;2;7736;1010;-1;-101
;ServiceLog;Andrey;1435838842632;2G;EDGE;1;250;2;7736;1010;-1;-101
;ServiceLog;Andrey;1435838843648;2G;EDGE;1;250;2;7736;1010;-1;-101
;ServiceLog;Andrey;1435838844676;2G;EDGE;1;250;2;7736;1010;-1;-103
;ServiceLog;Andrey;1435838845690;2G;EDGE;1;250;2;7736;1010;-1;-103
;ServiceLog;Andrey;1435838846699;2G;EDGE;1;250;2;7736;1010;-1;-105
;ServiceLog;Andrey;1435838847714;2G;EDGE;1;250;2;7736;1010;-1;-105
;ServiceLog;Andrey;1435838848729;2G;EDGE;1;250;2;7736;1010;-1;-105
;ServiceLog;Andrey;1435838849759;2G;EDGE;1;250;2;7736;1010;-1;-105
;ServiceLog;Andrey;1435838850770;2G;EDGE;1;250;2;7736;1010;-1;-105
;ServiceLog;Andrey;1435838851783;2G;EDGE;1;250;2;7736;1010;-1;-105
;ServiceLog;Andrey;1435838852829;2G;EDGE;1;250;2;7736;1010;-1;-105
;ServiceLog;Andrey;1435838853856;2G;EDGE;1;250;2;7736;1010;-1;-105
;ServiceLog;Andrey;1435838854870;2G;EDGE;1;250;2;7736;1010;-1;-105
;ServiceLog;Andrey;1435838855883;2G;EDGE;1;250;2;7736;1010;-1;-105
;ServiceLog;Andrey;1435838856912;2G;EDGE;1;250;2;7736;1010;-1;-105
;ServiceLog;Andrey;1435838857962;2G;EDGE;1;250;2;7736;1010;-1;-105
;ServiceLog;Andrey;1435838858976;2G;EDGE;1;250;2;7736;1010;-1;-105
;ServiceLog;Andrey;1435838859988;2G;EDGE;1;250;2;7736;1010;-1;-105
;ServiceLog;Andrey;1435838861027;2G;EDGE;1;250;2;7736;1010;-1;-105
;ServiceLog;Andrey;1435838862088;2G;EDGE;1;250;2;7736;1010;-1;-105
;ServiceLog;Andrey;1435838863128;2G;EDGE;1;250;2;7736;1010;-1;-105
;ServiceLog;Andrey;1435838864139;2G;EDGE;1;250;2;7736;1010;-1;-105
;ServiceLog;Andrey;1435838865148;2G;EDGE;1;250;2;7736;1010;-1;-105
;ServiceLog;Andrey;1435838866160;2G;EDGE;1;250;2;7736;1010;-1;-105
;ServiceLog;Andrey;1435838867176;2G;EDGE;1;250;2;7736;1010;-1;-105
;ServiceLog;Andrey;1435838868223;2G;EDGE;1;250;2;7736;1010;-1;-105
;ServiceLog;Andrey;1435838869242;2G;EDGE;1;250;2;7736;1010;-1;-105
;ServiceLog;Andrey;1435838870274;2G;EDGE;1;250;2;7736;1010;-1;-105
;ServiceLog;Andrey;1435838871281;2G;EDGE;1;250;2;7736;1010;-1;-105
;ServiceLog;Andrey;1435838872324;2G;EDGE;1;250;2;7736;1010;-1;-105
;ServiceLog;Andrey;1435838873336;2G;GPRS;1;250;99;26802;49566;-1;-99
;ServiceLog;Andrey;1435838874344;2G;GPRS;1;250;99;26802;49566;-1;-99
;ServiceLog;Andrey;1435838875383;2G;GPRS;1;250;99;26802;49566;-1;-99
;ServiceLog;Andrey;1435838876394;2G;GPRS;1;250;99;26802;49566;-1;-99
;ServiceLog;Andrey;1435838877405;2G;GPRS;1;250;99;26802;49566;-1;-99
;ServiceLog;Andrey;1435838878420;2G;GPRS;1;250;99;26802;49566;-1;-99
;ServiceLog;Andrey;1435838879436;2G;GPRS;1;250;99;26802;49566;-1;-99
;ServiceLog;Andrey;1435838880447;2G;GPRS;1;250;99;26802;49566;-1;-93
;ServiceLog;Andrey;1435838881457;2G;GPRS;1;250;99;26802;49566;-1;-85
;ServiceLog;Andrey;1435838882463;2G;GPRS;1;250;99;26802;49566;-1;-85
;ServiceLog;Andrey;1435838883476;2G;GPRS;1;250;99;26802;49566;-1;-77
;ServiceLog;Andrey;1435838884687;2G;GPRS;1;250;99;26802;49566;-1;-71
;ServiceLog;Andrey;1435838885708;2G;GPRS;1;250;99;26802;49566;-1;-71
;ServiceLog;Andrey;1435838886727;2G;GPRS;1;250;99;26802;49566;-1;-71
;ServiceLog;Andrey;1435838887738;2G;GPRS;1;250;99;26802;49566;-1;-71
;ServiceLog;Andrey;1435838888755;2G;GPRS;1;250;99;26802;49566;-1;-71
;ServiceLog;Andrey;1435838889865;2G;GPRS;1;250;99;26802;49566;-1;-71
;ServiceLog;Andrey;1435838890893;2G;GPRS;1;250;99;26802;49566;-1;-71
;ServiceLog;Andrey;1435838891935;2G;GPRS;1;250;99;26802;49566;-1;-71
;ServiceLog;Andrey;1435838892979;2G;GPRS;1;250;99;26802;49566;-1;-71
;ServiceLog;Andrey;1435838894015;2G;GPRS;1;250;99;26802;49566;-1;-71
;ServiceLog;Andrey;1435838895069;2G;GPRS;1;250;99;26802;49566;-1;-71
;ServiceLog;Andrey;1435838896116;2G;GPRS;1;250;99;26802;49566;-1;-69
;ServiceLog;Andrey;1435838897177;2G;GPRS;1;250;99;26802;49566;-1;-69
;ServiceLog;Andrey;1435838898309;2G;GPRS;1;250;99;26802;49566;-1;-69
;ServiceLog;Andrey;1435838899373;2G;GPRS;1;250;99;26802;49566;-1;-69
;ServiceLog;Andrey;1435838900411;2G;GPRS;1;250;99;26802;49566;-1;-69
;ServiceLog;Andrey;1435838901445;2G;GPRS;1;250;99;26802;49566;-1;-69
;ServiceLog;Andrey;1435838902519;2G;GPRS;1;250;99;26802;49566;-1;-69
;ServiceLog;Andrey;1435838903555;2G;GPRS;1;250;99;26802;49566;-1;-69
;ServiceLog;Andrey;1435838904613;2G;GPRS;1;250;99;26802;49566;-1;-69
;ServiceLog;Andrey;1435838905674;2G;GPRS;1;250;99;26802;49566;-1;-71
;ServiceLog;Andrey;1435838906728;2G;GPRS;1;250;99;26802;49566;-1;-71
;ServiceLog;Andrey;1435838907742;2G;GPRS;1;250;99;26802;49566;-1;-71
;ServiceLog;Andrey;1435838908812;2G;GPRS;1;250;99;26802;49566;-1;-73
;ServiceLog;Andrey;1435838909971;2G;GPRS;1;250;99;26802;49566;-1;-73
;ServiceLog;Andrey;1435838911058;2G;GPRS;1;250;99;26802;49566;-1;-75
;ServiceLog;Andrey;1435838912161;2G;GPRS;1;250;99;26802;49566;-1;-75
;ServiceLog;Andrey;1435838913218;2G;GPRS;1;250;99;26802;49566;-1;-75
;ServiceLog;Andrey;1435838914382;2G;GPRS;1;250;99;26802;49566;-1;-77
;ServiceLog;Andrey;1435838915465;2G;GPRS;1;250;99;26802;49566;-1;-77
;ServiceLog;Andrey;1435838916476;2G;GPRS;1;250;99;26802;49566;-1;-77
;ServiceLog;Andrey;1435838917505;2G;GPRS;1;250;99;26802;49566;-1;-77
;ServiceLog;Andrey;1435838918530;2G;GPRS;1;250;99;26802;49566;-1;-77
;ServiceLog;Andrey;1435838919539;2G;GPRS;1;250;99;26802;49566;-1;-77
;ServiceLog;Andrey;1435838920554;2G;GPRS;1;250;99;26802;49566;-1;-77
;ServiceLog;Andrey;1435838921569;2G;GPRS;1;250;99;26802;49566;-1;-77
;ServiceLog;Andrey;1435838922585;2G;GPRS;1;250;99;26802;49566;-1;-77
;ServiceLog;Andrey;1435838923592;2G;GPRS;1;250;99;26802;49566;-1;-77
;ServiceLog;Andrey;1435838924614;2G;GPRS;1;250;99;26802;49566;-1;-77
;ServiceLog;Andrey;1435838925642;2G;EDGE;1;250;2;7736;1000;-1;-77
;ServiceLog;Andrey;1435838926775;2G;EDGE;1;250;2;7736;1000;-1;-77
;ServiceLog;Andrey;1435838927821;2G;EDGE;1;250;2;7736;1000;-1;-77
;ServiceLog;Andrey;1435838928882;2G;EDGE;1;250;2;7736;1000;-1;-77
;ServiceLog;Andrey;1435838929916;2G;EDGE;1;250;2;7736;1000;-1;-77
;ServiceLog;Andrey;1435838930965;2G;EDGE;1;250;2;7736;1000;-1;-77
;ServiceLog;Andrey;1435838932017;2G;EDGE;1;250;2;7736;1000;-1;-75
;ServiceLog;Andrey;1435838933051;2G;EDGE;1;250;2;7736;1000;-1;-75
;ServiceLog;Andrey;1435838934114;2G;EDGE;1;250;2;7736;1000;-1;-73
;ServiceLog;Andrey;1435838935151;2G;EDGE;1;250;2;7736;1000;-1;-69
;ServiceLog;Andrey;1435838936166;2G;EDGE;1;250;2;7736;1000;-1;-63
;ServiceLog;Andrey;1435838937233;2G;EDGE;1;250;2;7736;1000;-1;-61
;ServiceLog;Andrey;1435838938285;2G;EDGE;1;250;2;7736;1000;-1;-61
;ServiceLog;Andrey;1435838939313;2G;EDGE;1;250;2;7736;1000;-1;-61
;ServiceLog;Andrey;1435838940364;2G;EDGE;1;250;2;7736;1000;-1;-61
;ServiceLog;Andrey;1435838941386;2G;EDGE;1;250;2;7736;1000;-1;-61
;ServiceLog;Andrey;1435838942497;2G;EDGE;1;250;2;7736;1000;-1;-65
;ServiceLog;Andrey;1435838943574;2G;EDGE;1;250;2;7736;1000;-1;-69
;ServiceLog;Andrey;1435838944719;2G;EDGE;1;250;2;7736;1000;-1;-71
;ServiceLog;Andrey;1435838945786;2G;EDGE;1;250;2;7736;1000;-1;-71
;ServiceLog;Andrey;1435838946816;2G;EDGE;1;250;2;7736;1000;-1;-69
;ServiceLog;Andrey;1435838947860;2G;EDGE;1;250;2;7736;1000;-1;-65
;ServiceLog;Andrey;1435838948905;2G;EDGE;1;250;2;7736;1000;-1;-63
;ServiceLog;Andrey;1435838949964;2G;EDGE;1;250;2;7736;1000;-1;-63
;ServiceLog;Andrey;1435838951021;2G;EDGE;1;250;2;7736;1000;-1;-63
;ServiceLog;Andrey;1435838952065;2G;EDGE;1;250;2;7736;1000;-1;-63
;ServiceLog;Andrey;1435838953117;2G;EDGE;1;250;2;7736;1000;-1;-63
;ServiceLog;Andrey;1435838954216;2G;GPRS;1;250;2;7736;-1;-1;-67
;ServiceLog;Andrey;1435838955230;2G;GPRS;1;250;2;7736;-1;-1;-71
;ServiceLog;Andrey;1435838956271;3G;HSDPA;1;250;2;7736;10292791;-1;-73
;ServiceLog;Andrey;1435838957283;3G;HSDPA;1;250;2;7736;10292791;-1;-73
;ServiceLog;Andrey;1435838958339;3G;HSDPA;1;250;2;7736;10292791;-1;-93
;ServiceLog;Andrey;1435838959395;3G;HSDPA;1;250;2;7736;10292791;-1;-93
;ServiceLog;Andrey;1435838960448;3G;HSDPA;1;250;2;7736;10292791;-1;-93
;ServiceLog;Andrey;1435838961493;3G;HSDPA;1;250;2;7736;10292791;-1;-93
;ServiceLog;Andrey;1435838962555;3G;HSDPA;1;250;2;7736;10292791;-1;-93
;ServiceLog;Andrey;1435838963606;3G;HSDPA;1;250;2;7736;10292791;-1;-93
;ServiceLog;Andrey;1435838964639;3G;HSDPA;1;250;2;7736;10292791;-1;-93
;ServiceLog;Andrey;1435838965700;3G;HSDPA;1;250;2;7736;10292791;-1;-93
;ServiceLog;Andrey;1435838966760;3G;HSDPA;1;250;2;7736;10292791;-1;-93
;ServiceLog;Andrey;1435838967769;3G;HSDPA;1;250;2;7736;10292791;-1;-93
;ServiceLog;Andrey;1435838968781;3G;HSDPA;1;250;2;7736;10292791;-1;-91
;ServiceLog;Andrey;1435838969794;3G;HSDPA;1;250;2;7736;10292791;-1;-91
;ServiceLog;Andrey;1435838970884;3G;HSDPA;1;250;2;7736;10292791;-1;-91
;ServiceLog;Andrey;1435838971902;3G;HSDPA;1;250;2;7736;10292791;-1;-91
;ServiceLog;Andrey;1435838972915;3G;HSDPA;1;250;2;7736;10292791;-1;-91
;ServiceLog;Andrey;1435838973927;3G;HSDPA;1;250;2;7736;10292791;-1;-89
;ServiceLog;Andrey;1435838974939;3G;HSDPA;1;250;2;7736;10292791;-1;-89
;ServiceLog;Andrey;1435838975949;3G;HSDPA;1;250;2;7736;10292791;-1;-89
;ServiceLog;Andrey;1435838976961;3G;HSDPA;1;250;2;7736;10292791;-1;-89
;ServiceLog;Andrey;1435838978003;3G;HSDPA;1;250;2;7736;10292791;-1;-89
;ServiceLog;Andrey;1435838979050;3G;HSDPA;1;250;2;7736;10292791;-1;-89
;ServiceLog;Andrey;1435838980200;3G;HSDPA;1;250;2;7736;10292791;-1;-89
;ServiceLog;Andrey;1435838981276;3G;HSDPA;1;250;2;7736;10292791;-1;-89
;ServiceLog;Andrey;1435838982293;3G;HSDPA;1;250;2;7736;10292791;-1;-89
;ServiceLog;Andrey;1435838983330;3G;HSDPA;1;250;2;7736;10292791;-1;-89
;ServiceLog;Andrey;1435838984379;3G;HSDPA;1;250;2;7736;10292791;-1;-89
;ServiceLog;Andrey;1435838985416;3G;HSDPA;1;250;2;7736;10292791;-1;-89
;ServiceLog;Andrey;1435838986427;3G;HSDPA;1;250;2;7736;10292791;-1;-89
;ServiceLog;Andrey;1435838987469;3G;HSDPA;1;250;2;7736;10292791;-1;-89
;ServiceLog;Andrey;1435838988501;3G;HSDPA;1;250;2;7736;10292791;-1;-89
;ServiceLog;Andrey;1435838989555;3G;HSDPA;1;250;2;7736;10292791;-1;-89
;ServiceLog;Andrey;1435838990595;3G;HSDPA;1;250;2;7736;10292791;-1;-89
;ServiceLog;Andrey;1435838991615;3G;HSDPA;1;250;2;7736;10292791;-1;-91
;ServiceLog;Andrey;1435838992650;3G;HSDPA;1;250;2;7736;10292791;-1;-91
;ServiceLog;Andrey;1435838993776;3G;HSDPA;1;250;2;7736;10292791;-1;-89
;ServiceLog;Andrey;1435838994794;3G;HSDPA;1;250;2;7736;10292791;-1;-89
;ServiceLog;Andrey;1435838995827;3G;HSDPA;1;250;2;7736;10292791;-1;-89
;ServiceLog;Andrey;1435838996866;3G;HSDPA;1;250;2;7736;10292791;-1;-89
;ServiceLog;Andrey;1435838997911;3G;HSDPA;1;250;2;7736;10292791;-1;-89
;ServiceLog;Andrey;1435838998979;3G;HSDPA;1;250;2;7736;10292791;-1;-91
;ServiceLog;Andrey;1435838999990;3G;HSDPA;1;250;2;7736;10292791;-1;-91
;ServiceLog;Andrey;1435839001002;3G;HSDPA;1;250;2;7736;10292791;-1;-91
;ServiceLog;Andrey;1435839002055;3G;HSDPA;1;250;2;7736;10292791;-1;-87
;ServiceLog;Andrey;1435839003103;3G;HSDPA;1;250;2;7736;10292791;-1;-87
;ServiceLog;Andrey;1435839004143;3G;HSDPA;1;250;2;7736;10292791;-1;-85
;ServiceLog;Andrey;1435839005160;3G;HSDPA;1;250;2;7736;10292791;-1;-85
;ServiceLog;Andrey;1435839006218;3G;HSDPA;1;250;2;7736;10292791;-1;-85
;ServiceLog;Andrey;1435839007455;3G;HSDPA;1;250;2;7736;10292791;-1;-85
;ServiceLog;Andrey;1435839008471;3G;HSDPA;1;250;2;7736;10292791;-1;-85
;ServiceLog;Andrey;1435839009553;3G;HSDPA;1;250;2;7736;10292791;-1;-85
;ServiceLog;Andrey;1435839010584;3G;HSDPA;1;250;2;7736;10292791;-1;-85
;ServiceLog;Andrey;1435839011608;3G;HSDPA;1;250;2;7736;10292791;-1;-85
;ServiceLog;Andrey;1435839012669;3G;HSDPA;1;250;2;7736;10292791;-1;-91
;ServiceLog;Andrey;1435839013723;3G;HSDPA;1;250;2;7736;10292791;-1;-91
;ServiceLog;Andrey;1435839014817;3G;HSDPA;1;250;2;7736;10292791;-1;-91
;ServiceLog;Andrey;1435839015862;3G;HSDPA;1;250;2;7736;10292791;-1;-91
;ServiceLog;Andrey;1435839016909;3G;HSDPA;1;250;2;7736;10292791;-1;-93
;ServiceLog;Andrey;1435839017932;3G;HSDPA;1;250;2;7736;10292791;-1;-93
;ServiceLog;Andrey;1435839018967;3G;HSDPA;1;250;2;7736;10292791;-1;-93
;ServiceLog;Andrey;1435839019984;3G;HSDPA;1;250;2;7736;10292791;-1;-93
;ServiceLog;Andrey;1435839021003;3G;HSDPA;1;250;2;7736;10292791;-1;-93
;ServiceLog;Andrey;1435839022097;3G;HSDPA;1;250;2;7736;10292791;-1;-101
;ServiceLog;Andrey;1435839023117;3G;HSDPA;1;250;2;7736;10292791;-1;-101
;ServiceLog;Andrey;1435839024159;3G;HSDPA;1;250;2;7736;10292791;-1;-101
;ServiceLog;Andrey;1435839025215;3G;HSDPA;1;250;2;7736;10292791;-1;-101
;ServiceLog;Andrey;1435839026337;3G;HSDPA;1;250;2;7736;10292791;-1;-109
;ServiceLog;Andrey;1435839027375;3G;HSDPA;1;250;2;7736;10292791;-1;-109
;ServiceLog;Andrey;1435839028397;3G;HSDPA;1;250;2;7736;10292791;-1;-109
;ServiceLog;Andrey;1435839029437;3G;HSDPA;1;250;2;7736;10292791;-1;-109
;ServiceLog;Andrey;1435839030455;3G;HSDPA;1;250;2;7736;10292791;-1;-109
;ServiceLog;Andrey;1435839031503;3G;HSDPA;1;250;2;7736;10292791;-1;-109
;ServiceLog;Andrey;1435839032521;3G;HSDPA;1;250;2;7736;10292791;-1;-109
;ServiceLog;Andrey;1435839033580;3G;HSDPA;1;250;2;7736;10292791;-1;-109
;ServiceLog;Andrey;1435839034611;3G;HSDPA;1;250;2;7736;10292791;-1;-109
;ServiceLog;Andrey;1435839035621;3G;HSDPA;1;250;2;7736;10292791;-1;-109
;ServiceLog;Andrey;1435839036648;3G;HSDPA;1;250;2;7736;10292791;-1;-109
;ServiceLog;Andrey;1435839037665;3G;HSDPA;1;250;2;7736;10292791;-1;-109
;ServiceLog;Andrey;1435839038697;3G;HSDPA;1;250;2;7736;10292791;-1;-109
;ServiceLog;Andrey;1435839039746;3G;HSDPA;1;250;2;7736;10292791;-1;-109
;ServiceLog;Andrey;1435839040760;3G;HSDPA;1;250;2;7736;10292791;-1;-109
;ServiceLog;Andrey;1435839041770;3G;HSDPA;1;250;2;7736;10292791;-1;-109
;ServiceLog;Andrey;1435839042795;3G;HSDPA;1;250;2;7736;10292791;-1;-109
;ServiceLog;Andrey;1435839043808;3G;HSDPA;1;250;2;7736;10292791;-1;-109
;ServiceLog;Andrey;1435839044823;3G;HSDPA;1;250;2;7736;10292791;-1;-109
;ServiceLog;Andrey;1435839045859;3G;HSDPA;1;250;2;7736;10292791;-1;-109
;ServiceLog;Andrey;1435839046902;3G;HSDPA;1;250;2;7736;10292791;-1;-109
;ServiceLog;Andrey;1435839047916;3G;HSDPA;1;250;2;7736;10292791;-1;-109
;ServiceLog;Andrey;1435839048928;3G;HSDPA;1;250;2;7736;10292791;-1;-109
;ServiceLog;Andrey;1435839049940;3G;HSDPA;1;250;2;7736;10292791;-1;-109
;ServiceLog;Andrey;1435839050951;3G;HSDPA;1;250;2;7736;10292791;-1;-109
;ServiceLog;Andrey;1435839051992;3G;HSDPA;1;250;2;7736;10292791;-1;-109
;ServiceLog;Andrey;1435839053031;2G;GPRS;1;250;99;26802;49566;-1;-109
;ServiceLog;Andrey;1435839054167;2G;GPRS;1;250;99;26802;49566;-1;-107
;ServiceLog;Andrey;1435839055190;2G;GPRS;1;250;99;26802;49566;-1;-107
;ServiceLog;Andrey;1435839056222;2G;GPRS;1;250;99;26802;49566;-1;-107
;ServiceLog;Andrey;1435839057250;2G;GPRS;1;250;99;26802;49566;-1;-107
;ServiceLog;Andrey;1435839058305;2G;GPRS;1;250;99;26802;49566;-1;-107
;ServiceLog;Andrey;1435839059326;2G;GPRS;1;250;99;26802;49566;-1;-107
;ServiceLog;Andrey;1435839060337;2G;GPRS;1;250;99;26802;49566;-1;-107
;ServiceLog;Andrey;1435839061368;2G;GPRS;1;250;99;26802;49566;-1;-107
;ServiceLog;Andrey;1435839062427;2G;GPRS;1;250;99;26802;49566;-1;-107
;ServiceLog;Andrey;1435839063464;2G;GPRS;1;250;99;7754;-1;-1;-101
;ServiceLog;Andrey;1435839064475;2G;GPRS;1;250;99;7754;-1;-1;-91
;ServiceLog;Andrey;1435839065504;2G;GPRS;1;250;99;7754;-1;-1;-91
;ServiceLog;Andrey;1435839066517;2G;GPRS;1;250;99;7754;-1;-1;-91
;ServiceLog;Andrey;1435839067707;3G;HSDPA;1;250;2;7754;10572591;-1;-101
;ServiceLog;Andrey;1435839068722;3G;HSDPA;1;250;2;7754;10572591;-1;-101
;ServiceLog;Andrey;1435839069775;3G;HSDPA;1;250;2;7754;10572591;-1;-101
;ServiceLog;Andrey;1435839070808;3G;HSDPA;1;250;2;7754;10572591;-1;-101
;ServiceLog;Andrey;1435839071823;3G;HSDPA;1;250;2;7754;10572591;-1;-101
;ServiceLog;Andrey;1435839072895;3G;HSDPA;1;250;2;7754;10572591;-1;-101
;ServiceLog;Andrey;1435839073994;3G;HSDPA;1;250;2;7754;10572591;-1;-101
;ServiceLog;Andrey;1435839075045;3G;HSDPA;1;250;2;7754;10572591;-1;-101
;ServiceLog;Andrey;1435839076076;3G;HSDPA;1;250;2;7754;10572591;-1;-101
;ServiceLog;Andrey;1435839077123;3G;HSDPA;1;250;2;7736;340;-1;-101
;ServiceLog;Andrey;1435839078158;3G;HSDPA;1;250;2;7736;340;-1;-99
;ServiceLog;Andrey;1435839079183;3G;HSDPA;1;250;2;7736;340;-1;-97
;ServiceLog;Andrey;1435839080232;3G;HSDPA;1;250;2;7736;340;-1;-97
;ServiceLog;Andrey;1435839081281;2G;EDGE;1;250;2;7736;340;-1;-101
;ServiceLog;Andrey;1435839082323;2G;EDGE;1;250;2;7736;340;-1;-97
;ServiceLog;Andrey;1435839083387;2G;EDGE;1;250;2;7736;340;-1;-91
;ServiceLog;Andrey;1435839084415;2G;EDGE;1;250;2;7736;340;-1;-87
;ServiceLog;Andrey;1435839085515;2G;EDGE;1;250;2;7736;340;-1;-87
;ServiceLog;Andrey;1435839086569;2G;EDGE;1;250;2;7736;340;-1;-85
;ServiceLog;Andrey;1435839087603;2G;EDGE;1;250;2;7736;340;-1;-85
;ServiceLog;Andrey;1435839088636;2G;EDGE;1;250;2;7736;340;-1;-85
;ServiceLog;Andrey;1435839089666;2G;EDGE;1;250;2;7736;340;-1;-85
;ServiceLog;Andrey;1435839090740;2G;EDGE;1;250;2;7736;340;-1;-85
;ServiceLog;Andrey;1435839091767;2G;EDGE;1;250;2;7736;340;-1;-85
;ServiceLog;Andrey;1435839092810;2G;EDGE;1;250;2;7736;340;-1;-85
;ServiceLog;Andrey;1435839093868;2G;EDGE;1;250;2;7736;340;-1;-85
;ServiceLog;Andrey;1435839094908;2G;EDGE;1;250;2;7736;340;-1;-87
;ServiceLog;Andrey;1435839095935;2G;EDGE;1;250;2;7736;340;-1;-87
;ServiceLog;Andrey;1435839096956;2G;EDGE;1;250;2;7736;340;-1;-87
;ServiceLog;Andrey;1435839097997;2G;GPRS;1;250;2;7754;-1;-1;-87
;ServiceLog;Andrey;1435839099014;2G;GPRS;1;250;2;7754;-1;-1;-87
;ServiceLog;Andrey;1435839100051;2G;GPRS;1;250;2;7754;-1;-1;-89
;ServiceLog;Andrey;1435839101173;2G;GPRS;1;250;2;7754;-1;-1;-89
;ServiceLog;Andrey;1435839102264;3G;HSDPA;1;250;2;7754;10554624;-1;-101
;ServiceLog;Andrey;1435839103274;3G;HSDPA;1;250;2;7754;10554624;-1;-101
;ServiceLog;Andrey;1435839104302;3G;HSDPA;1;250;2;7754;10554624;-1;-101
;ServiceLog;Andrey;1435839105363;3G;HSDPA;1;250;2;7754;10554624;-1;-101
;ServiceLog;Andrey;1435839106470;3G;HSDPA;1;250;2;7754;10554624;-1;-101
;ServiceLog;Andrey;1435839107502;3G;HSDPA;1;250;2;7754;10554624;-1;-101
;ServiceLog;Andrey;1435839108558;3G;HSDPA;1;250;2;7754;10554624;-1;-99
;ServiceLog;Andrey;1435839109652;3G;HSDPA;1;250;2;7754;10554624;-1;-99
;ServiceLog;Andrey;1435839110779;3G;HSDPA;1;250;2;7754;10554624;-1;-99
;ServiceLog;Andrey;1435839111828;3G;HSDPA;1;250;2;7736;340;-1;-95
;ServiceLog;Andrey;1435839112863;3G;HSDPA;1;250;2;7736;340;-1;-91
;ServiceLog;Andrey;1435839113890;3G;HSDPA;1;250;2;7736;340;-1;-87
;ServiceLog;Andrey;1435839115020;2G;EDGE;1;250;2;7736;340;-1;-97
;ServiceLog;Andrey;1435839116047;2G;EDGE;1;250;2;7736;340;-1;-89
;ServiceLog;Andrey;1435839117073;2G;EDGE;1;250;2;7736;340;-1;-83
;ServiceLog;Andrey;1435839118085;2G;EDGE;1;250;2;7736;340;-1;-75
;ServiceLog;Andrey;1435839119159;2G;EDGE;1;250;2;7736;340;-1;-75
;ServiceLog;Andrey;1435839120170;2G;EDGE;1;250;2;7736;340;-1;-75
;ServiceLog;Andrey;1435839121184;2G;EDGE;1;250;2;7736;340;-1;-75
;ServiceLog;Andrey;1435839122208;2G;EDGE;1;250;2;7736;340;-1;-75
;ServiceLog;Andrey;1435839123249;2G;EDGE;1;250;2;7736;340;-1;-75
;ServiceLog;Andrey;1435839124338;2G;EDGE;1;250;2;7736;340;-1;-75
;ServiceLog;Andrey;1435839125393;2G;EDGE;1;250;2;7736;340;-1;-75
;ServiceLog;Andrey;1435839126419;2G;EDGE;1;250;2;7736;340;-1;-75
;ServiceLog;Andrey;1435839127468;2G;EDGE;1;250;2;7736;340;-1;-77
;ServiceLog;Andrey;1435839128568;2G;EDGE;1;250;2;7736;340;-1;-77
;ServiceLog;Andrey;1435839129599;2G;EDGE;1;250;2;7736;340;-1;-79
;ServiceLog;Andrey;1435839130645;2G;EDGE;1;250;2;7736;340;-1;-79
;ServiceLog;Andrey;1435839131701;2G;EDGE;1;250;2;7736;340;-1;-79
;ServiceLog;Andrey;1435839132747;2G;EDGE;1;250;2;7736;340;-1;-79
;ServiceLog;Andrey;1435839133788;2G;GPRS;1;250;2;7754;-1;-1;-79
;ServiceLog;Andrey;1435839134825;2G;GPRS;1;250;2;7754;-1;-1;-81
;ServiceLog;Andrey;1435839135877;2G;GPRS;1;250;2;7754;-1;-1;-81
;ServiceLog;Andrey;1435839136919;3G;HSDPA;1;250;2;7754;10554624;-1;-87
;ServiceLog;Andrey;1435839137968;3G;HSDPA;1;250;2;7754;10554624;-1;-87
;ServiceLog;Andrey;1435839139034;3G;HSDPA;1;250;2;7754;10554624;-1;-87
;ServiceLog;Andrey;1435839140056;3G;HSDPA;1;250;2;7754;10554624;-1;-87
;ServiceLog;Andrey;1435839141104;3G;HSDPA;1;250;2;7754;10554624;-1;-87
;ServiceLog;Andrey;1435839142138;3G;HSDPA;1;250;2;7754;10554624;-1;-87
;ServiceLog;Andrey;1435839143174;3G;HSDPA;1;250;2;7754;10554624;-1;-87
;ServiceLog;Andrey;1435839144214;3G;HSDPA;1;250;2;7754;10554624;-1;-87
;ServiceLog;Andrey;1435839145258;3G;HSDPA;1;250;2;7754;10554624;-1;-87
;ServiceLog;Andrey;1435839146378;3G;HSDPA;1;250;2;7754;10554624;-1;-89
;ServiceLog;Andrey;1435839147472;3G;HSDPA;1;250;2;7754;10554624;-1;-89
;ServiceLog;Andrey;1435839148578;3G;HSDPA;1;250;2;7754;10554624;-1;-93
;ServiceLog;Andrey;1435839149587;3G;HSDPA;1;250;2;7754;10554624;-1;-93
;ServiceLog;Andrey;1435839150616;3G;HSDPA;1;250;2;7754;10554624;-1;-93
;ServiceLog;Andrey;1435839151635;3G;HSDPA;1;250;2;7754;10554624;-1;-93
;ServiceLog;Andrey;1435839152642;3G;HSDPA;1;250;2;7754;10554624;-1;-93
;ServiceLog;Andrey;1435839153664;3G;HSDPA;1;250;2;7754;10554624;-1;-93
;ServiceLog;Andrey;1435839154804;3G;HSDPA;1;250;2;7754;10554624;-1;-93
;ServiceLog;Andrey;1435839155822;3G;HSDPA;1;250;2;7754;10554624;-1;-93
;ServiceLog;Andrey;1435839156860;3G;HSDPA;1;250;2;7754;10554624;-1;-93
;ServiceLog;Andrey;1435839157871;3G;HSDPA;1;250;2;7754;10554624;-1;-93
;ServiceLog;Andrey;1435839158884;3G;HSDPA;1;250;2;7754;10554624;-1;-93
;ServiceLog;Andrey;1435839159911;3G;HSDPA;1;250;2;7754;10554624;-1;-93
;ServiceLog;Andrey;1435839160920;3G;HSDPA;1;250;2;7754;10554624;-1;-93
;ServiceLog;Andrey;1435839161938;3G;HSDPA;1;250;2;7754;10554624;-1;-93
;ServiceLog;Andrey;1435839163001;3G;HSDPA;1;250;2;7754;10554624;-1;-93
;ServiceLog;Andrey;1435839164014;3G;HSDPA;1;250;2;7754;10554624;-1;-93
;ServiceLog;Andrey;1435839165054;3G;HSDPA;1;250;2;7754;10554624;-1;-93
;ServiceLog;Andrey;1435839166098;3G;HSDPA;1;250;2;7754;10554624;-1;-93
;ServiceLog;Andrey;1435839167148;3G;HSDPA;1;250;2;7754;10554624;-1;-93
;ServiceLog;Andrey;1435839168185;3G;HSDPA;1;250;2;7754;10554624;-1;-93
;ServiceLog;Andrey;1435839169213;3G;HSDPA;1;250;2;7754;10554624;-1;-93
;ServiceLog;Andrey;1435839170237;3G;HSDPA;1;250;2;7754;10554624;-1;-93
;ServiceLog;Andrey;1435839171249;3G;HSDPA;1;250;2;7754;10554624;-1;-93
;ServiceLog;Andrey;1435839172260;3G;HSDPA;1;250;2;7754;10554624;-1;-93
;ServiceLog;Andrey;1435839173327;3G;HSDPA;1;250;2;7754;10554624;-1;-93
;ServiceLog;Andrey;1435839174380;3G;HSDPA;1;250;2;7754;10554624;-1;-93
;ServiceLog;Andrey;1435839175394;3G;HSDPA;1;250;2;7754;10554624;-1;-93
;ServiceLog;Andrey;1435839176408;3G;HSDPA;1;250;2;7754;10554624;-1;-93
;ServiceLog;Andrey;1435839177420;3G;HSDPA;1;250;2;7754;10554624;-1;-93
;ServiceLog;Andrey;1435839178445;3G;HSDPA;1;250;2;7754;10554624;-1;-93
;ServiceLog;Andrey;1435839179466;2G;GPRS;1;250;99;26802;19062;-1;-95
;ServiceLog;Andrey;1435839180486;2G;GPRS;1;250;99;26802;19062;-1;-95
;ServiceLog;Andrey;1435839181506;2G;GPRS;1;250;99;26802;19062;-1;-95
;ServiceLog;Andrey;1435839182523;2G;GPRS;1;250;99;26802;19062;-1;-95
;ServiceLog;Andrey;1435839183550;2G;GPRS;1;250;99;26802;19062;-1;-95
;ServiceLog;Andrey;1435839184575;2G;GPRS;1;250;99;26802;19062;-1;-95
;ServiceLog;Andrey;1435839185586;2G;GPRS;1;250;99;26802;19062;-1;-95
;ServiceLog;Andrey;1435839186623;2G;GPRS;1;250;99;26802;19062;-1;-105
;ServiceLog;Andrey;1435839187650;2G;GPRS;1;250;99;26802;19062;-1;-105
;ServiceLog;Andrey;1435839188666;2G;GPRS;1;250;99;26802;19062;-1;-101
;ServiceLog;Andrey;1435839189692;2G;GPRS;1;250;99;26802;19062;-1;-99
;ServiceLog;Andrey;1435839190727;2G;GPRS;1;250;99;26802;19062;-1;-95
;ServiceLog;Andrey;1435839191756;2G;GPRS;1;250;99;26802;19062;-1;-95
;ServiceLog;Andrey;1435839192775;2G;GPRS;1;250;99;26802;19062;-1;-95
;ServiceLog;Andrey;1435839193861;2G;GPRS;1;250;99;26801;19066;-1;-93
;ServiceLog;Andrey;1435839194871;2G;GPRS;1;250;99;26801;19066;-1;-93
;ServiceLog;Andrey;1435839195928;2G;GPRS;1;250;99;26801;19066;-1;-89
;ServiceLog;Andrey;1435839196946;2G;GPRS;1;250;99;26801;19066;-1;-87
;ServiceLog;Andrey;1435839197959;2G;GPRS;1;250;99;26801;19066;-1;-83
;ServiceLog;Andrey;1435839198967;2G;GPRS;1;250;99;26801;19066;-1;-83
;ServiceLog;Andrey;1435839200026;2G;GPRS;1;250;99;26801;19066;-1;-79
;ServiceLog;Andrey;1435839201063;2G;GPRS;1;250;99;26801;19066;-1;-79
;ServiceLog;Andrey;1435839202083;2G;GPRS;1;250;99;26801;19066;-1;-79
;ServiceLog;Andrey;1435839203152;2G;GPRS;1;250;99;26801;19066;-1;-77
;ServiceLog;Andrey;1435839204177;2G;GPRS;1;250;99;26801;19066;-1;-77
;ServiceLog;Andrey;1435839205211;2G;GPRS;1;250;99;26801;19066;-1;-75
;ServiceLog;Andrey;1435839206226;2G;GPRS;1;250;99;26801;19066;-1;-75
;ServiceLog;Andrey;1435839207255;2G;GPRS;1;250;99;26801;19066;-1;-75
;ServiceLog;Andrey;1435839208267;2G;GPRS;1;250;99;26801;19066;-1;-75
;ServiceLog;Andrey;1435839209280;2G;GPRS;1;250;99;26801;19066;-1;-73
;ServiceLog;Andrey;1435839210294;2G;GPRS;1;250;99;26801;19066;-1;-73
;ServiceLog;Andrey;1435839211315;2G;GPRS;1;250;99;26801;19066;-1;-73
;ServiceLog;Andrey;1435839212324;2G;GPRS;1;250;99;26801;19066;-1;-73
;ServiceLog;Andrey;1435839213340;2G;GPRS;1;250;99;26801;19066;-1;-73
;ServiceLog;Andrey;1435839214353;2G;GPRS;1;250;99;26801;19066;-1;-73
;ServiceLog;Andrey;1435839215399;2G;GPRS;1;250;99;26801;19066;-1;-73
;ServiceLog;Andrey;1435839216409;2G;GPRS;1;250;99;26801;19066;-1;-73
;ServiceLog;Andrey;1435839217425;2G;GPRS;1;250;99;26801;19066;-1;-73
;ServiceLog;Andrey;1435839218446;2G;GPRS;1;250;99;26801;19066;-1;-73
;ServiceLog;Andrey;1435839219453;2G;GPRS;1;250;99;26801;19066;-1;-73
;ServiceLog;Andrey;1435839220467;2G;GPRS;1;250;99;26801;19066;-1;-73
;ServiceLog;Andrey;1435839221479;2G;GPRS;1;250;99;26801;19066;-1;-73
;ServiceLog;Andrey;1435839222491;2G;GPRS;1;250;99;26801;19066;-1;-71
;ServiceLog;Andrey;1435839223553;2G;GPRS;1;250;99;26801;19066;-1;-71
;ServiceLog;Andrey;1435839224560;2G;GPRS;1;250;99;26801;19066;-1;-71
;ServiceLog;Andrey;1435839225567;2G;GPRS;1;250;99;26801;19066;-1;-71
;ServiceLog;Andrey;1435839226580;2G;GPRS;1;250;99;26801;19066;-1;-69
;ServiceLog;Andrey;1435839227601;2G;GPRS;1;250;99;26801;19066;-1;-69
;ServiceLog;Andrey;1435839228613;2G;GPRS;1;250;99;26801;19066;-1;-69
;ServiceLog;Andrey;1435839229631;2G;GPRS;1;250;99;26801;19066;-1;-69
;ServiceLog;Andrey;1435839230678;2G;GPRS;1;250;99;26801;19066;-1;-69
;ServiceLog;Andrey;1435839231719;2G;GPRS;1;250;99;26801;19066;-1;-69
;ServiceLog;Andrey;1435839232738;2G;GPRS;1;250;99;26801;19066;-1;-69
;ServiceLog;Andrey;1435839233766;2G;GPRS;1;250;99;26801;19066;-1;-69
;ServiceLog;Andrey;1435839234777;2G;GPRS;1;250;99;26801;19066;-1;-69
;ServiceLog;Andrey;1435839235784;2G;GPRS;1;250;99;26801;19066;-1;-69
;ServiceLog;Andrey;1435839236801;2G;GPRS;1;250;99;7736;-1;-1;-67
;ServiceLog;Andrey;1435839237836;2G;GPRS;1;250;99;7736;-1;-1;-67
;ServiceLog;Andrey;1435839238844;2G;GPRS;1;250;99;7736;-1;-1;-67
;ServiceLog;Andrey;1435839239859;3G;HSDPA;1;250;2;7736;10327613;-1;-67
;ServiceLog;Andrey;1435839240884;3G;HSDPA;1;250;2;7736;10327613;-1;-93
;ServiceLog;Andrey;1435839241893;3G;HSDPA;1;250;2;7736;10327613;-1;-93
;ServiceLog;Andrey;1435839242909;3G;HSDPA;1;250;2;7736;10327613;-1;-93
;ServiceLog;Andrey;1435839243965;3G;HSDPA;1;250;2;7736;10327613;-1;-93
;ServiceLog;Andrey;1435839244981;3G;HSDPA;1;250;2;7736;10327613;-1;-93
;ServiceLog;Andrey;1435839245992;3G;HSDPA;1;250;2;7736;10292473;-1;-93
;ServiceLog;Andrey;1435839247063;3G;HSDPA;1;250;2;7736;10292473;-1;-93
;ServiceLog;Andrey;1435839248150;3G;HSDPA;1;250;2;7736;10292473;-1;-95
;ServiceLog;Andrey;1435839249163;3G;HSDPA;1;250;2;7736;10292473;-1;-95
;ServiceLog;Andrey;1435839250212;3G;HSDPA;1;250;2;7736;10292473;-1;-99
;ServiceLog;Andrey;1435839251229;3G;HSDPA;1;250;2;7736;10292473;-1;-99
;ServiceLog;Andrey;1435839252254;3G;HSDPA;1;250;2;7736;10292473;-1;-103
;ServiceLog;Andrey;1435839253265;3G;HSDPA;1;250;2;7736;10292473;-1;-103
;ServiceLog;Andrey;1435839254291;3G;HSDPA;1;250;2;7736;10292473;-1;-103
;ServiceLog;Andrey;1435839255330;3G;HSDPA;1;250;2;7736;10292473;-1;-105
;ServiceLog;Andrey;1435839256353;3G;HSDPA;1;250;2;7736;10292473;-1;-105
;ServiceLog;Andrey;1435839257365;3G;HSDPA;1;250;2;7736;10292473;-1;-105
;ServiceLog;Andrey;1435839258378;3G;HSDPA;1;250;2;7736;10327613;-1;-107
;ServiceLog;Andrey;1435839259420;3G;HSDPA;1;250;2;7736;10327613;-1;-107
;ServiceLog;Andrey;1435839260460;3G;HSDPA;1;250;2;7736;10327613;-1;-107
;ServiceLog;Andrey;1435839261472;3G;HSDPA;1;250;2;7736;10327613;-1;-107
;ServiceLog;Andrey;1435839262488;3G;HSDPA;1;250;2;7736;10327613;-1;-107
;ServiceLog;Andrey;1435839263538;3G;HSDPA;1;250;2;7736;10327613;-1;-107
;ServiceLog;Andrey;1435839264674;3G;HSDPA;1;250;2;7736;10327613;-1;-103
;ServiceLog;Andrey;1435839265733;3G;HSDPA;1;250;2;7736;10327613;-1;-103
;ServiceLog;Andrey;1435839266762;3G;HSDPA;1;250;2;7736;10327613;-1;-101
;ServiceLog;Andrey;1435839267798;3G;HSDPA;1;250;2;7736;10327613;-1;-101
;ServiceLog;Andrey;1435839268838;3G;HSDPA;1;250;2;7736;10327613;-1;-101
;ServiceLog;Andrey;1435839269868;3G;HSDPA;1;250;2;7736;10327613;-1;-101
;ServiceLog;Andrey;1435839270943;3G;HSDPA;1;250;2;7736;10327613;-1;-101
;ServiceLog;Andrey;1435839271990;3G;HSDPA;1;250;2;7736;10327613;-1;-99
;ServiceLog;Andrey;1435839273167;3G;HSDPA;1;250;2;7736;10327613;-1;-99
;ServiceLog;Andrey;1435839274203;3G;HSDPA;1;250;2;7736;10327613;-1;-97
;ServiceLog;Andrey;1435839275239;3G;HSDPA;1;250;2;7736;10327613;-1;-97
;ServiceLog;Andrey;1435839276330;3G;HSDPA;1;250;2;7736;10327613;-1;-97
;ServiceLog;Andrey;1435839277387;3G;HSDPA;1;250;2;7736;10327613;-1;-97
;ServiceLog;Andrey;1435839278482;3G;HSDPA;1;250;2;7736;10327613;-1;-97
;ServiceLog;Andrey;1435839279527;3G;HSDPA;1;250;2;7736;10327613;-1;-95
;ServiceLog;Andrey;1435839280562;3G;HSDPA;1;250;2;7736;10327613;-1;-95
;ServiceLog;Andrey;1435839281610;3G;HSDPA;1;250;2;7736;10327613;-1;-95
;ServiceLog;Andrey;1435839282667;3G;HSDPA;1;250;2;7736;10327613;-1;-95
;ServiceLog;Andrey;1435839283731;3G;HSDPA;1;250;2;7736;10327613;-1;-95
;ServiceLog;Andrey;1435839284775;3G;HSDPA;1;250;2;7736;10327613;-1;-95
;ServiceLog;Andrey;1435839285812;3G;HSDPA;1;250;2;7736;10327613;-1;-95
;ServiceLog;Andrey;1435839286903;3G;HSDPA;1;250;2;7736;10327613;-1;-95
;ServiceLog;Andrey;1435839287965;3G;HSDPA;1;250;2;7736;10327613;-1;-95
;ServiceLog;Andrey;1435839288998;3G;HSDPA;1;250;2;7736;10327613;-1;-95
;ServiceLog;Andrey;1435839290031;3G;HSDPA;1;250;2;7736;10327613;-1;-95
;ServiceLog;Andrey;1435839291081;3G;HSDPA;1;250;2;7736;10327613;-1;-95
;ServiceLog;Andrey;1435839292115;3G;HSDPA;1;250;2;7736;10327613;-1;-95
;ServiceLog;Andrey;1435839293140;3G;HSDPA;1;250;2;7736;10327613;-1;-95
;ServiceLog;Andrey;1435839294163;3G;HSDPA;1;250;2;7736;10327613;-1;-95
