ID;Name;User;TimeStamp;Temperature;Humidity;Noise;CO;C4H10;CH4
873;Бабушкинская 3;Anna;1435844813599;No data;;;;;
874;Бабушкинская 4;Anna;1435844823421;No data;;;;;
881;Свиблово 1;Anna;1435844955554;No data;;;;;
882;Свиблово 2;Anna;1435844966174;No data;;;;;
883;Свиблово 3;Anna;1435844985899;No data;;;;;
884;Свиблово 4;Anna;1435844996646;No data;;;;;
891;Ботанический сад 1;Anna;1435845081557;No data;;;;;
892;Ботанический сад 2;Anna;1435845094677;No data;;;;;
893;Ботанический сад 3;Anna;1435845117707;No data;;;;;
894;Ботанический сад 4;Anna;1435845128100;No data;;;;;
901;ВДНХ 1;Anna;1435845301443;No data;;;;;
902;ВДНХ 2;Anna;1435845315595;No data;;;;;
903;ВДНХ 3;Anna;1435845332842;No data;;;;;
904;ВДНХ 4;Anna;1435845343012;No data;;;;;
911;Алексеевская 1;Anna;1435845416716;No data;;;;;
912;Алексеевская 2;Anna;1435845432112;No data;;;;;
913;Алексеевская 3;Anna;1435845456824;No data;;;;;
914;Алексеевская 4;Anna;1435845465705;No data;;;;;
921;Рижская 1;Anna;1435845561145;No data;;;;;
922;Рижская 2;Anna;1435845577147;No data;;;;;
923;Рижская 3;Anna;1435845595363;No data;;;;;
924;Рижская 4;Anna;1435845605497;No data;;;;;
931;Проспект Мира (КРЛ) 1;Anna;1435845699181;No data;;;;;
932;Проспект Мира (КРЛ) 2;Anna;1435845714224;No data;;;;;
683;Новослободская 3;Anna;1435846172476;No data;;;;;
684;Новослободская 4;Anna;1435846183990;No data;;;;;
691;Проспект Мира (КЛЦ) 1;Anna;1435846275469;No data;;;;;
692;Проспект Мира (КЛЦ) 2;Anna;1435846288288;No data;;;;;
693;Проспект Мира (КЛЦ) 3;Anna;1435846383963;No data;;;;;
694;Проспект Мира (КЛЦ) 4;Anna;1435846395617;No data;;;;;
681;Новослободская 1;Anna;1435846484500;No data;;;;;
682;Новослободская 2;Anna;1435846497154;No data;;;;;
683;Новослободская 3;Anna;1435846538005;No data;;;;;
684;Новослободская 4;Anna;1435846549661;No data;;;;;
691;Проспект Мира (КЛЦ) 1;Anna;1435846640201;No data;;;;;
692;Проспект Мира (КЛЦ) 2;Anna;1435846654211;No data;;;;;
693;Проспект Мира (КЛЦ) 3;Anna;1435846728330;No data;;;;;
694;Проспект Мира (КЛЦ) 4;Anna;1435846740543;No data;;;;;
681;Новослободская 1;Anna;1435846838868;No data;;;;;
682;Новослободская 2;Anna;1435846847289;No data;;;;;
1373;Менделеевская 3;Anna;1435847250070;No data;;;;;
1374;Менделеевская 4;Anna;1435847262918;No data;;;;;
1361;Савеловская 1;Anna;1435847337317;No data;;;;;
1362;Савеловская 2;Anna;1435847345951;No data;;;;;
1363;Савеловская 3;Anna;1435847372933;No data;;;;;
1364;Савеловская 4;Anna;1435847385782;No data;;;;;
1351;Дмитровская 1;Anna;1435847462691;No data;;;;;
1352;Дмитровская 2;Anna;1435847472302;No data;;;;;
1353;Дмитровская 3;Anna;1435847492866;No data;;;;;
1354;Дмитровская 4;Anna;1435847506712;No data;;;;;
1341;Тимирязевская 1;Anna;1435847563853;No data;;;;;
1342;Тимирязевская 2;Anna;1435847575365;No data;;;;;
1343;Тимирязевская 3;Anna;1435847617369;No data;;;;;
1344;Тимирязевская 4;Anna;1435847631699;No data;;;;;
1331;Петровско-Разумовская 1;Anna;1435847753268;No data;;;;;
1332;Петровско-Разумовская 2;Anna;1435847764765;No data;;;;;
1333;Петровско-Разумовская 3;Anna;1435847815135;No data;;;;;
1334;Петровско-Разумовская 4;Anna;1435847830484;No data;;;;;
1321;Владыкино 1;Anna;1435847938745;No data;;;;;
1322;Владыкино 2;Anna;1435847950138;No data;;;;;
1323;Владыкино 3;Anna;1435847975649;No data;;;;;
1324;Владыкино 4;Anna;1435847989099;No data;;;;;
1311;Отрадное 1;Anna;1435848138128;No data;;;;;
1312;Отрадное 2;Anna;1435848149395;No data;;;;;
1313;Отрадное 3;Anna;1435848184190;No data;;;;;
1314;Отрадное 4;Anna;1435848198354;No data;;;;;
1301;Бибирево 1;Anna;1435848327633;No data;;;;;
1302;Бибирево 2;Anna;1435848341630;No data;;;;;
1303;Бибирево 3;Anna;1435848366983;No data;;;;;
1304;Бибирево 4;Anna;1435848380859;No data;;;;;
1291;Алтуфьево 1;Anna;1435848479426;No data;;;;;
1292;Алтуфьево 2;Anna;1435848494089;No data;;;;;
1293;Алтуфьево 3;Anna;1435848540433;No data;;;;;
1294;Алтуфьево 4;Anna;1435848551712;No data;;;;;
1301;Бибирево 1;Anna;1435848652630;No data;;;;;
1302;Бибирево 2;Anna;1435848669090;No data;;;;;
1303;Бибирево 3;Anna;1435848691390;No data;;;;;
1304;Бибирево 4;Anna;1435848702293;No data;;;;;
1311;Отрадное 1;Anna;1435848825978;No data;;;;;
1312;Отрадное 2;Anna;1435848846680;No data;;;;;
1313;Отрадное 3;Anna;1435848864285;No data;;;;;
1314;Отрадное 4;Anna;1435848876151;No data;;;;;
1321;Владыкино 1;Anna;1435848979999;No data;;;;;
1322;Владыкино 2;Anna;1435848993899;No data;;;;;
1323;Владыкино 3;Anna;1435849019824;No data;;;;;
1324;Владыкино 4;Anna;1435849029928;No data;;;;;
1331;Петровско-Разумовская 1;Anna;1435849172057;No data;;;;;
1332;Петровско-Разумовская 2;Anna;1435849185222;No data;;;;;
1333;Петровско-Разумовская 3;Anna;1435849211437;No data;;;;;
1334;Петровско-Разумовская 4;Anna;1435849223221;No data;;;;;
1341;Тимирязевская 1;Anna;1435849324636;No data;;;;;
1342;Тимирязевская 2;Anna;1435849339133;No data;;;;;
1343;Тимирязевская 3;Anna;1435849359599;No data;;;;;
1344;Тимирязевская 4;Anna;1435849371742;No data;;;;;
1351;Дмитровская 1;Anna;1435849438310;No data;;;;;
1352;Дмитровская 2;Anna;1435849451416;No data;;;;;
1353;Дмитровская 3;Anna;1435849474379;No data;;;;;
1354;Дмитровская 4;Anna;1435849488191;No data;;;;;
1361;Савеловская 1;Anna;1435849572957;No data;;;;;
1362;Савеловская 2;Anna;1435849594395;No data;;;;;
1363;Савеловская 3;Anna;1435849619761;No data;;;;;
1364;Савеловская 4;Anna;1435849634375;No data;;;;;
1371;Менделеевская 1;Anna;1435849734457;No data;;;;;
1372;Менделеевская 2;Anna;1435849753112;No data;;;;;
683;Новослободская 3;Anna;1435850060249;No data;;;;;
684;Новослободская 4;Anna;1435850071203;No data;;;;;
671;Белорусская (КЛЦ) 1;Anna;1435850138326;No data;;;;;
672;Белорусская (КЛЦ) 2;Anna;1435850150979;No data;;;;;
353;Белорусская (ЗАМ) 3;Anna;1435850487852;No data;;;;;
354;Белорусская (ЗАМ) 4;Anna;1435850499965;No data;;;;;
361;Динамо 1;Anna;1435850610224;No data;;;;;
362;Динамо 2;Anna;1435850621299;No data;;;;;
363;Динамо 3;Anna;1435850642402;No data;;;;;
364;Динамо 4;Anna;1435850652991;No data;;;;;
371;Аэропорт 1;Anna;1435850768428;No data;;;;;
372;Аэропорт 2;Anna;1435850787652;No data;;;;;
373;Аэропорт 3;Anna;1435850809612;No data;;;;;
374;Аэропорт 4;Anna;1435850821555;No data;;;;;
381;Сокол 1;Anna;1435850891072;No data;;;;;
382;Сокол 2;Anna;1435850905594;No data;;;;;
383;Сокол 3;Anna;1435850929868;No data;;;;;
384;Сокол 4;Anna;1435850943482;No data;;;;;
391;Войковская 1;Anna;1435851079299;No data;;;;;
392;Войковская 2;Anna;1435851084883;No data;;;;;
393;Войковская 3;Anna;1435851106431;No data;;;;;
394;Войковская 4;Anna;1435851118718;No data;;;;;
401;Водный стадион 1;Anna;1435851253735;No data;;;;;
402;Водный стадион 2;Anna;1435851271964;No data;;;;;
403;Водный стадион 3;Anna;1435851299538;No data;;;;;
404;Водный стадион 4;Anna;1435851313021;No data;;;;;
411;Речной вокзал 1;Anna;1435851426280;No data;;;;;
412;Речной вокзал 2;Anna;1435851441500;No data;;;;;
413;Речной вокзал 3;Anna;1435851489138;No data;;;;;
414;Речной вокзал 4;Anna;1435851500081;No data;;;;;
401;Водный стадион 1;Anna;1435851587944;No data;;;;;
402;Водный стадион 2;Anna;1435851604013;No data;;;;;
403;Водный стадион 3;Anna;1435851622589;No data;;;;;
391;Войковская 1;Anna;1435851765328;No data;;;;;
392;Войковская 2;Anna;1435851777627;No data;;;;;
393;Войковская 3;Anna;1435851804061;No data;;;;;
394;Войковская 4;Anna;1435851816188;No data;;;;;
381;Сокол 1;Anna;1435851947642;No data;;;;;
382;Сокол 2;Anna;1435851960877;No data;;;;;
383;Сокол 3;Anna;1435851985454;No data;;;;;
384;Сокол 4;Anna;1435851996193;No data;;;;;
371;Аэропорт 1;Anna;1435852077708;No data;;;;;
372;Аэропорт 2;Anna;1435852089775;No data;;;;;
373;Аэропорт 3;Anna;1435852115540;No data;;;;;
374;Аэропорт 4;Anna;1435852128240;No data;;;;;
361;Динамо 1;Anna;1435852359996;No data;;;;;
362;Динамо 2;Anna;1435852370311;No data;;;;;
363;Динамо 3;Anna;1435852402327;No data;;;;;
364;Динамо 4;Anna;1435852414332;No data;;;;;
351;Белорусская (ЗАМ) 1;Anna;1435852526459;No data;;;;;
352;Белорусская (ЗАМ) 2;Anna;1435852539936;No data;;;;;
353;Белорусская (ЗАМ) 3;Anna;1435852572375;No data;;;;;
354;Белорусская (ЗАМ) 4;Anna;1435852587172;No data;;;;;
341;Маяковская 1;Anna;1435852657558;No data;;;;;
342;Маяковская 2;Anna;1435852669825;No data;;;;;
343;Маяковская 3;Anna;1435852703157;No data;;;;;
344;Маяковская 4;Anna;1435852714881;No data;;;;;
332;Тверская 2;Anna;1435852780072;No data;;;;;
333;Тверская 3;Anna;1435852814502;No data;;;;;
334;Тверская 4;Anna;1435852828028;No data;;;;;
321;Театральная 1;Anna;1435852902555;No data;;;;;
322;Театральная 2;Anna;1435852913628;No data;;;;;
323;Театральная 3;Anna;1435852943602;No data;;;;;
324;Театральная 4;Anna;1435852956695;No data;;;;;
311;Новокузнецкая 1;Anna;1435853093995;No data;;;;;
312;Новокузнецкая 2;Anna;1435853108750;No data;;;;;
-1;новокузне;Anna;1435853127869;No data;;;;;
22;Черкизовская 2;Anna;1435853130595;No data;;;;;
