ID;Name;User;TimeStamp;NetworkGen;NetworkType;Active;MCC;MNC;LAC;CID;PSC;Power
853;Третьяковская (КСЛ) 3;Denis;1423647695213;2G;EDGE;1;250;99;26801;19066;-1;-71
854;Третьяковская (КСЛ) 4;Denis;1423647706376;2G;EDGE;1;250;99;26801;19066;-1;-67
841;Марксистская 1;Denis;1423647796799;2G;GPRS;1;250;99;26803;19003;-1;-67
842;Марксистская 2;Denis;1423647816553;2G;GPRS;1;250;99;26803;19003;-1;-77
843;Марксистская 3;Denis;1423647843103;2G;GPRS;1;250;99;26803;19003;-1;-77
843;Марксистская 3;Denis;1423647843103;2G;GPRS;250-99-26803-19003;250;99;26627;65535;-1;-75
844;Марксистская 4;Denis;1423647853463;2G;GPRS;1;250;99;26803;19003;-1;-65
844;Марксистская 4;Denis;1423647853463;2G;GPRS;250-99-26803-19003;250;99;26627;65535;-1;0
831;Площадь Ильича 1;Denis;1423647967927;2G;EDGE;1;250;99;26627;57815;-1;-61
831;Площадь Ильича 1;Denis;1423647967927;2G;EDGE;250-99-26627-57815;250;99;26627;57816;-1;-53
832;Площадь Ильича 2;Denis;1423647989387;2G;EDGE;1;250;99;26627;57815;-1;-69
832;Площадь Ильича 2;Denis;1423647989387;2G;EDGE;250-99-26627-57815;250;99;26627;57816;-1;-59
833;Площадь Ильича 3;Denis;1423648018409;2G;EDGE;1;250;99;26627;57815;-1;-65
833;Площадь Ильича 3;Denis;1423648018409;2G;EDGE;250-99-26627-57815;250;99;26627;57816;-1;0
834;Площадь Ильича 4;Denis;1423648027834;2G;EDGE;1;250;99;26627;57815;-1;-61
834;Площадь Ильича 4;Denis;1423648027834;2G;EDGE;250-99-26627-57815;250;99;26627;57816;-1;0
821;Авиамоторная 1;Denis;1423648170605;2G;EDGE;1;250;99;26627;57816;-1;-67
822;Авиамоторная 2;Denis;1423648198066;2G;EDGE;1;250;99;26627;57816;-1;-75
823;Авиамоторная 3;Denis;1423648222653;2G;EDGE;1;250;99;26627;57816;-1;-67
824;Авиамоторная 4;Denis;1423648232123;2G;EDGE;1;250;99;26627;57816;-1;-65
811;Шоссе Энтузиастов 1;Denis;1423648341959;2G;GPRS;1;250;99;26627;57827;-1;-69
812;Шоссе Энтузиастов 2;Denis;1423648367895;2G;GPRS;1;250;99;26627;57827;-1;-73
813;Шоссе Энтузиастов 3;Denis;1423648387767;2G;GPRS;1;250;99;26627;57827;-1;-65
814;Шоссе Энтузиастов 4;Denis;1423648397214;2G;GPRS;1;250;99;26627;57827;-1;-71
801;Перово 1;Denis;1423648559625;2G;EDGE;1;250;99;26627;57826;-1;-73
802;Перово 2;Denis;1423648586536;2G;EDGE;1;250;99;26627;57826;-1;-77
803;Перово 3;Denis;1423648605886;2G;EDGE;1;250;99;26627;57826;-1;-71
804;Перово 4;Denis;1423648616153;2G;EDGE;1;250;99;26627;57826;-1;-73
791;Новогиреево 1;Denis;1423648720244;2G;EDGE;1;250;99;26627;57825;-1;-71
792;Новогиреево 2;Denis;1423648742980;2G;EDGE;1;250;99;26627;57825;-1;-91
793;Новогиреево 3;Denis;1423648774968;2G;EDGE;1;250;99;26627;57825;-1;-89
794;Новогиреево 4;Denis;1423648784953;2G;EDGE;1;250;99;26627;57825;-1;-77
1861;Новокосино 1;Denis;1423648973627;unknown;unknown;1;-1;-1;-1;-1;-1;-1
1862;Новокосино 2;Denis;1423648996924;unknown;unknown;1;-1;-1;-1;-1;-1;-1
