ID;Name;User;TimeStamp;NetworkGen;NetworkType;Active;MCC;MNC;LAC;CID;PSC;Power
181;Проспект Вернадского 1;md;1418050569830;unknown;unknown;1;-1;-1;-1;-1;-1;-1
182;Проспект Вернадского 2;md;1418050585788;2G;EDGE;1;250;1;660;461;-1;-75
183;Проспект Вернадского 3;md;1418050612576;2G;EDGE;1;250;1;660;461;-1;-93
184;Проспект Вернадского 4;md;1418050622727;2G;EDGE;1;250;1;660;461;-1;0
191;Юго-Западная 1;md;1418050739224;unknown;unknown;1;-1;-1;-1;-1;-1;-1
192;Юго-Западная 2;md;1418050757671;2G;EDGE;1;250;1;660;461;-1;-89
193;Юго-Западная 3;md;1418050786127;2G;EDGE;1;250;1;660;461;-1;-93
194;Юго-Западная 4;md;1418050796344;2G;EDGE;1;250;1;660;461;-1;-89
2351;Тропарёво 1;md;1418050948317;unknown;unknown;1;-1;-1;-1;-1;-1;-1
2352;Тропарёво 2;md;1418050968018;unknown;unknown;1;-1;-1;-1;-1;-1;-1
