ID;Name;User;TimeStamp;NetworkGen;NetworkType;Active;MCC;MNC;LAC;CID;PSC;Power
;ServiceLog;md;1418050456331;3G;UMTS;1;250;1;660;6925157;-1;0
;ServiceLog;md;1418050457391;3G;UMTS;1;250;1;660;6925157;-1;-95
;ServiceLog;md;1418050458444;3G;UMTS;1;250;1;660;6925157;-1;-99
;ServiceLog;md;1418050459596;3G;UMTS;1;250;1;660;6925157;-1;-99
;ServiceLog;md;1418050460663;3G;UMTS;1;250;1;660;6925157;-1;-99
;ServiceLog;md;1418050461696;3G;UMTS;1;250;1;660;6925157;-1;-103
;ServiceLog;md;1418050462730;3G;UMTS;1;250;1;660;6925157;-1;-103
;ServiceLog;md;1418050463766;3G;UMTS;1;250;1;660;6925157;-1;-103
;ServiceLog;md;1418050464808;3G;UMTS;1;250;1;660;6925157;-1;-103
;ServiceLog;md;1418050465843;3G;UMTS;1;250;1;660;6925157;-1;-103
;ServiceLog;md;1418050466881;3G;UMTS;1;250;1;660;6925157;-1;-103
;ServiceLog;md;1418050467939;3G;UMTS;1;250;1;660;6925157;-1;-103
;ServiceLog;md;1418050468994;3G;UMTS;1;250;1;660;6925157;-1;-103
;ServiceLog;md;1418050470046;3G;UMTS;1;250;1;660;6925157;-1;-103
;ServiceLog;md;1418050471110;3G;UMTS;1;250;1;660;6925157;-1;-103
;ServiceLog;md;1418050472170;3G;UMTS;1;250;1;660;6925157;-1;-103
;ServiceLog;md;1418050473200;3G;UMTS;1;250;1;660;6925157;-1;-103
;ServiceLog;md;1418050474230;3G;UMTS;1;250;1;660;6925157;-1;-103
;ServiceLog;md;1418050475299;3G;UMTS;1;250;1;660;6925157;-1;-103
;ServiceLog;md;1418050476364;3G;UMTS;1;250;1;660;6925157;-1;-103
;ServiceLog;md;1418050477581;unknown;unknown;1;-1;-1;-1;-1;-1;-1
;ServiceLog;md;1418050478630;unknown;unknown;1;-1;-1;-1;-1;-1;-1
;ServiceLog;md;1418050479685;unknown;unknown;1;-1;-1;-1;-1;-1;-1
;ServiceLog;md;1418050480739;unknown;unknown;1;-1;-1;-1;-1;-1;-1
;ServiceLog;md;1418050481807;unknown;unknown;1;-1;-1;-1;-1;-1;-1
;ServiceLog;md;1418050482841;unknown;unknown;1;-1;-1;-1;-1;-1;-1
;ServiceLog;md;1418050483923;unknown;unknown;1;-1;-1;-1;-1;-1;-1
;ServiceLog;md;1418050484991;unknown;unknown;1;-1;-1;-1;-1;-1;-1
;ServiceLog;md;1418050486049;unknown;unknown;1;-1;-1;-1;-1;-1;-1
;ServiceLog;md;1418050487110;unknown;unknown;1;-1;-1;-1;-1;-1;-1
;ServiceLog;md;1418050488182;unknown;unknown;1;-1;-1;-1;-1;-1;-1
;ServiceLog;md;1418050489261;unknown;unknown;1;-1;-1;-1;-1;-1;-1
;ServiceLog;md;1418050490335;unknown;unknown;1;-1;-1;-1;-1;-1;-1
;ServiceLog;md;1418050491391;unknown;unknown;1;-1;-1;-1;-1;-1;-1
;ServiceLog;md;1418050492460;unknown;unknown;1;-1;-1;-1;-1;-1;-1
;ServiceLog;md;1418050493563;unknown;unknown;1;-1;-1;-1;-1;-1;-1
;ServiceLog;md;1418050494650;unknown;unknown;1;-1;-1;-1;-1;-1;-1
;ServiceLog;md;1418050495706;unknown;unknown;1;-1;-1;-1;-1;-1;-1
;ServiceLog;md;1418050497041;unknown;unknown;1;-1;-1;-1;-1;-1;-1
;ServiceLog;md;1418050498100;unknown;unknown;1;-1;-1;-1;-1;-1;-1
;ServiceLog;md;1418050499171;unknown;unknown;1;-1;-1;-1;-1;-1;-1
;ServiceLog;md;1418050500282;unknown;unknown;1;-1;-1;-1;-1;-1;-1
;ServiceLog;md;1418050501346;unknown;unknown;1;-1;-1;-1;-1;-1;-1
;ServiceLog;md;1418050502407;unknown;unknown;1;-1;-1;-1;-1;-1;-1
;ServiceLog;md;1418050503447;unknown;unknown;1;-1;-1;-1;-1;-1;-1
;ServiceLog;md;1418050504528;unknown;unknown;1;-1;-1;-1;-1;-1;-1
;ServiceLog;md;1418050505563;unknown;unknown;1;-1;-1;-1;-1;-1;-1
;ServiceLog;md;1418050506595;unknown;unknown;1;-1;-1;-1;-1;-1;-1
;ServiceLog;md;1418050507654;unknown;unknown;1;-1;-1;-1;-1;-1;-1
;ServiceLog;md;1418050508702;unknown;unknown;1;-1;-1;-1;-1;-1;-1
;ServiceLog;md;1418050509810;unknown;unknown;1;-1;-1;-1;-1;-1;-1
;ServiceLog;md;1418050510877;unknown;unknown;1;-1;-1;-1;-1;-1;-1
;ServiceLog;md;1418050512201;unknown;unknown;1;-1;-1;-1;-1;-1;-1
;ServiceLog;md;1418050513295;unknown;unknown;1;-1;-1;-1;-1;-1;-1
;ServiceLog;md;1418050514329;unknown;unknown;1;-1;-1;-1;-1;-1;-1
;ServiceLog;md;1418050515379;unknown;unknown;1;-1;-1;-1;-1;-1;-1
;ServiceLog;md;1418050516436;unknown;unknown;1;-1;-1;-1;-1;-1;-1
;ServiceLog;md;1418050517469;unknown;unknown;1;-1;-1;-1;-1;-1;-1
;ServiceLog;md;1418050518529;unknown;unknown;1;-1;-1;-1;-1;-1;-1
;ServiceLog;md;1418050519568;unknown;unknown;1;-1;-1;-1;-1;-1;-1
;ServiceLog;md;1418050520627;unknown;unknown;1;-1;-1;-1;-1;-1;-1
;ServiceLog;md;1418050521686;unknown;unknown;1;-1;-1;-1;-1;-1;-1
;ServiceLog;md;1418050522752;unknown;unknown;1;-1;-1;-1;-1;-1;-1
;ServiceLog;md;1418050523875;unknown;unknown;1;-1;-1;-1;-1;-1;-1
;ServiceLog;md;1418050525024;unknown;unknown;1;-1;-1;-1;-1;-1;-1
;ServiceLog;md;1418050526083;unknown;unknown;1;-1;-1;-1;-1;-1;-1
;ServiceLog;md;1418050527117;unknown;unknown;1;-1;-1;-1;-1;-1;-1
;ServiceLog;md;1418050528164;unknown;unknown;1;-1;-1;-1;-1;-1;-1
;ServiceLog;md;1418050529209;unknown;unknown;1;-1;-1;-1;-1;-1;-1
;ServiceLog;md;1418050530291;unknown;unknown;1;-1;-1;-1;-1;-1;-1
;ServiceLog;md;1418050531388;unknown;unknown;1;-1;-1;-1;-1;-1;-1
;ServiceLog;md;1418050532464;unknown;unknown;1;-1;-1;-1;-1;-1;-1
;ServiceLog;md;1418050533544;unknown;unknown;1;-1;-1;-1;-1;-1;-1
;ServiceLog;md;1418050534611;unknown;unknown;1;-1;-1;-1;-1;-1;-1
;ServiceLog;md;1418050535647;unknown;unknown;1;-1;-1;-1;-1;-1;-1
;ServiceLog;md;1418050536713;unknown;unknown;1;-1;-1;-1;-1;-1;-1
;ServiceLog;md;1418050537842;unknown;unknown;1;-1;-1;-1;-1;-1;-1
;ServiceLog;md;1418050538946;unknown;unknown;1;-1;-1;-1;-1;-1;-1
;ServiceLog;md;1418050540019;unknown;unknown;1;-1;-1;-1;-1;-1;-1
;ServiceLog;md;1418050541119;unknown;unknown;1;-1;-1;-1;-1;-1;-1
;ServiceLog;md;1418050542202;unknown;unknown;1;-1;-1;-1;-1;-1;-1
;ServiceLog;md;1418050543284;unknown;unknown;1;-1;-1;-1;-1;-1;-1
;ServiceLog;md;1418050544379;unknown;unknown;1;-1;-1;-1;-1;-1;-1
;ServiceLog;md;1418050545461;unknown;unknown;1;-1;-1;-1;-1;-1;-1
;ServiceLog;md;1418050546587;unknown;unknown;1;-1;-1;-1;-1;-1;-1
;ServiceLog;md;1418050547619;unknown;unknown;1;-1;-1;-1;-1;-1;-1
;ServiceLog;md;1418050548685;unknown;unknown;1;-1;-1;-1;-1;-1;-1
;ServiceLog;md;1418050549761;unknown;unknown;1;-1;-1;-1;-1;-1;-1
;ServiceLog;md;1418050550869;unknown;unknown;1;-1;-1;-1;-1;-1;-1
;ServiceLog;md;1418050551938;unknown;unknown;1;-1;-1;-1;-1;-1;-1
;ServiceLog;md;1418050552969;unknown;unknown;1;-1;-1;-1;-1;-1;-1
;ServiceLog;md;1418050554028;unknown;unknown;1;-1;-1;-1;-1;-1;-1
;ServiceLog;md;1418050555080;unknown;unknown;1;-1;-1;-1;-1;-1;-1
;ServiceLog;md;1418050556136;unknown;unknown;1;-1;-1;-1;-1;-1;-1
;ServiceLog;md;1418050557193;unknown;unknown;1;-1;-1;-1;-1;-1;-1
;ServiceLog;md;1418050558232;unknown;unknown;1;-1;-1;-1;-1;-1;-1
;ServiceLog;md;1418050559336;unknown;unknown;1;-1;-1;-1;-1;-1;-1
;ServiceLog;md;1418050560376;unknown;unknown;1;-1;-1;-1;-1;-1;-1
;ServiceLog;md;1418050561413;unknown;unknown;1;-1;-1;-1;-1;-1;-1
;ServiceLog;md;1418050562486;unknown;unknown;1;-1;-1;-1;-1;-1;-1
;ServiceLog;md;1418050563540;unknown;unknown;1;-1;-1;-1;-1;-1;-1
;ServiceLog;md;1418050564597;unknown;unknown;1;-1;-1;-1;-1;-1;-1
;ServiceLog;md;1418050565656;unknown;unknown;1;-1;-1;-1;-1;-1;-1
;ServiceLog;md;1418050566715;unknown;unknown;1;-1;-1;-1;-1;-1;-1
;ServiceLog;md;1418050567768;unknown;unknown;1;-1;-1;-1;-1;-1;-1
;ServiceLog;md;1418050568839;unknown;unknown;1;-1;-1;-1;-1;-1;-1
;ServiceLog;md;1418050569901;unknown;unknown;1;-1;-1;-1;-1;-1;-1
;ServiceLog;md;1418050570921;unknown;unknown;1;-1;-1;-1;-1;-1;-1
;ServiceLog;md;1418050571968;unknown;unknown;1;-1;-1;-1;-1;-1;-1
;ServiceLog;md;1418050573441;unknown;unknown;1;-1;-1;-1;-1;-1;-1
;ServiceLog;md;1418050574520;unknown;unknown;1;-1;-1;-1;-1;-1;-1
;ServiceLog;md;1418050575631;unknown;unknown;1;-1;-1;-1;-1;-1;-1
;ServiceLog;md;1418050576704;unknown;unknown;1;-1;-1;-1;-1;-1;-1
;ServiceLog;md;1418050577765;unknown;unknown;1;-1;-1;-1;-1;-1;-1
;ServiceLog;md;1418050578830;2G;EDGE;1;250;1;660;461;-1;-103
;ServiceLog;md;1418050579861;2G;EDGE;1;250;1;660;461;-1;-103
;ServiceLog;md;1418050580890;2G;EDGE;1;250;1;660;461;-1;-103
;ServiceLog;md;1418050581952;2G;EDGE;1;250;1;660;461;-1;-71
;ServiceLog;md;1418050583026;2G;EDGE;1;250;1;660;461;-1;-71
;ServiceLog;md;1418050584084;2G;EDGE;1;250;1;660;461;-1;-71
;ServiceLog;md;1418050585142;2G;EDGE;1;250;1;660;461;-1;-75
;ServiceLog;md;1418050586174;2G;EDGE;1;250;1;660;461;-1;-75
;ServiceLog;md;1418050587223;2G;EDGE;1;250;1;660;461;-1;-75
;ServiceLog;md;1418050588296;2G;EDGE;1;250;1;660;461;-1;-77
;ServiceLog;md;1418050589339;2G;EDGE;1;250;1;660;461;-1;-77
;ServiceLog;md;1418050590414;2G;EDGE;1;250;1;660;461;-1;-77
;ServiceLog;md;1418050591472;2G;EDGE;1;250;1;660;461;-1;-81
;ServiceLog;md;1418050592531;2G;EDGE;1;250;1;660;461;-1;-81
;ServiceLog;md;1418050593601;2G;EDGE;1;250;1;660;461;-1;-83
;ServiceLog;md;1418050594682;2G;EDGE;1;250;1;660;461;-1;-83
;ServiceLog;md;1418050595740;2G;EDGE;1;250;1;660;461;-1;-83
;ServiceLog;md;1418050596804;2G;EDGE;1;250;1;660;461;-1;-85
;ServiceLog;md;1418050597850;2G;EDGE;1;250;1;660;461;-1;-85
;ServiceLog;md;1418050598923;2G;EDGE;1;250;1;660;461;-1;-85
;ServiceLog;md;1418050600031;2G;EDGE;1;250;1;660;461;-1;-85
;ServiceLog;md;1418050600031;2G;EDGE;250-1-660-461;250;1;0;461;-1;0
;ServiceLog;md;1418050601096;2G;EDGE;1;250;1;660;461;-1;-85
;ServiceLog;md;1418050602149;2G;EDGE;1;250;1;660;461;-1;-87
;ServiceLog;md;1418050603239;2G;EDGE;1;250;1;660;461;-1;-89
;ServiceLog;md;1418050604298;2G;EDGE;1;250;1;660;461;-1;-89
;ServiceLog;md;1418050605358;2G;EDGE;1;250;1;660;461;-1;-89
;ServiceLog;md;1418050606412;2G;EDGE;1;250;1;660;461;-1;-89
;ServiceLog;md;1418050607471;2G;EDGE;1;250;1;660;461;-1;-91
;ServiceLog;md;1418050608530;2G;EDGE;1;250;1;660;461;-1;-91
;ServiceLog;md;1418050609599;2G;EDGE;1;250;1;660;461;-1;-91
;ServiceLog;md;1418050610714;2G;EDGE;1;250;1;660;461;-1;-93
;ServiceLog;md;1418050611773;2G;EDGE;1;250;1;660;461;-1;-93
;ServiceLog;md;1418050612849;2G;EDGE;1;250;1;660;461;-1;-95
;ServiceLog;md;1418050613909;2G;EDGE;1;250;1;660;461;-1;-95
;ServiceLog;md;1418050614971;2G;EDGE;1;250;1;660;461;-1;-95
;ServiceLog;md;1418050616035;2G;EDGE;1;250;1;660;461;-1;-95
;ServiceLog;md;1418050617080;2G;EDGE;1;250;1;660;461;-1;-95
;ServiceLog;md;1418050618426;2G;EDGE;1;250;1;660;461;-1;-95
;ServiceLog;md;1418050619480;2G;EDGE;1;250;1;660;461;-1;-95
;ServiceLog;md;1418050620538;2G;EDGE;1;250;1;660;461;-1;-95
;ServiceLog;md;1418050621597;2G;EDGE;1;250;1;660;461;-1;-95
;ServiceLog;md;1418050622656;2G;EDGE;1;250;1;660;461;-1;0
;ServiceLog;md;1418050623734;2G;EDGE;1;250;1;660;461;-1;-95
;ServiceLog;md;1418050624809;2G;EDGE;1;250;1;660;461;-1;-95
;ServiceLog;md;1418050625915;2G;EDGE;1;250;1;660;461;-1;-95
;ServiceLog;md;1418050626946;2G;EDGE;1;250;1;660;461;-1;-85
;ServiceLog;md;1418050628007;2G;EDGE;1;250;1;660;461;-1;-85
;ServiceLog;md;1418050629069;2G;EDGE;1;250;1;660;461;-1;-85
;ServiceLog;md;1418050630159;2G;EDGE;1;250;1;660;461;-1;-89
;ServiceLog;md;1418050631216;2G;EDGE;1;250;1;660;461;-1;-89
;ServiceLog;md;1418050632277;2G;EDGE;1;250;1;660;461;-1;-89
;ServiceLog;md;1418050633624;2G;EDGE;1;250;1;660;461;-1;-93
;ServiceLog;md;1418050634682;2G;EDGE;1;250;1;660;461;-1;-93
;ServiceLog;md;1418050635764;2G;EDGE;1;250;1;660;461;-1;-93
;ServiceLog;md;1418050636823;2G;EDGE;1;250;1;660;461;-1;-93
;ServiceLog;md;1418050637881;2G;EDGE;1;250;1;660;461;-1;-93
;ServiceLog;md;1418050638942;2G;EDGE;1;250;1;660;461;-1;-93
;ServiceLog;md;1418050639999;2G;EDGE;1;250;1;660;461;-1;-93
;ServiceLog;md;1418050641016;2G;EDGE;1;250;1;660;461;-1;-93
;ServiceLog;md;1418050642049;2G;EDGE;1;250;1;660;461;-1;-93
;ServiceLog;md;1418050643109;2G;EDGE;1;250;1;660;461;-1;-93
;ServiceLog;md;1418050644186;2G;EDGE;1;250;1;660;461;-1;-93
;ServiceLog;md;1418050645217;2G;EDGE;1;250;1;660;461;-1;-93
;ServiceLog;md;1418050646244;2G;EDGE;1;250;1;660;461;-1;-93
;ServiceLog;md;1418050647318;2G;EDGE;1;250;1;660;461;-1;0
;ServiceLog;md;1418050648347;2G;EDGE;1;250;1;660;461;-1;0
;ServiceLog;md;1418050649378;2G;EDGE;1;250;1;660;461;-1;0
;ServiceLog;md;1418050650438;unknown;unknown;1;-1;-1;-1;-1;-1;-1
;ServiceLog;md;1418050651526;unknown;unknown;1;-1;-1;-1;-1;-1;-1
;ServiceLog;md;1418050652602;unknown;unknown;1;-1;-1;-1;-1;-1;-1
;ServiceLog;md;1418050653661;unknown;unknown;1;-1;-1;-1;-1;-1;-1
;ServiceLog;md;1418050654718;unknown;unknown;1;-1;-1;-1;-1;-1;-1
;ServiceLog;md;1418050655780;unknown;unknown;1;-1;-1;-1;-1;-1;-1
;ServiceLog;md;1418050656842;unknown;unknown;1;-1;-1;-1;-1;-1;-1
;ServiceLog;md;1418050657899;unknown;unknown;1;-1;-1;-1;-1;-1;-1
;ServiceLog;md;1418050658964;unknown;unknown;1;-1;-1;-1;-1;-1;-1
;ServiceLog;md;1418050660001;unknown;unknown;1;-1;-1;-1;-1;-1;-1
;ServiceLog;md;1418050661032;unknown;unknown;1;-1;-1;-1;-1;-1;-1
;ServiceLog;md;1418050662122;unknown;unknown;1;-1;-1;-1;-1;-1;-1
;ServiceLog;md;1418050663161;unknown;unknown;1;-1;-1;-1;-1;-1;-1
;ServiceLog;md;1418050664219;unknown;unknown;1;-1;-1;-1;-1;-1;-1
;ServiceLog;md;1418050665276;unknown;unknown;1;-1;-1;-1;-1;-1;-1
;ServiceLog;md;1418050666332;unknown;unknown;1;-1;-1;-1;-1;-1;-1
;ServiceLog;md;1418050667390;unknown;unknown;1;-1;-1;-1;-1;-1;-1
;ServiceLog;md;1418050668446;unknown;unknown;1;-1;-1;-1;-1;-1;-1
;ServiceLog;md;1418050669500;unknown;unknown;1;-1;-1;-1;-1;-1;-1
;ServiceLog;md;1418050670564;unknown;unknown;1;-1;-1;-1;-1;-1;-1
;ServiceLog;md;1418050671645;unknown;unknown;1;-1;-1;-1;-1;-1;-1
;ServiceLog;md;1418050672702;unknown;unknown;1;-1;-1;-1;-1;-1;-1
;ServiceLog;md;1418050673776;unknown;unknown;1;-1;-1;-1;-1;-1;-1
;ServiceLog;md;1418050674830;unknown;unknown;1;-1;-1;-1;-1;-1;-1
;ServiceLog;md;1418050675886;unknown;unknown;1;-1;-1;-1;-1;-1;-1
;ServiceLog;md;1418050676943;unknown;unknown;1;-1;-1;-1;-1;-1;-1
;ServiceLog;md;1418050677999;unknown;unknown;1;-1;-1;-1;-1;-1;-1
;ServiceLog;md;1418050679056;unknown;unknown;1;-1;-1;-1;-1;-1;-1
;ServiceLog;md;1418050680109;unknown;unknown;1;-1;-1;-1;-1;-1;-1
;ServiceLog;md;1418050681165;unknown;unknown;1;-1;-1;-1;-1;-1;-1
;ServiceLog;md;1418050682225;unknown;unknown;1;-1;-1;-1;-1;-1;-1
;ServiceLog;md;1418050683276;unknown;unknown;1;-1;-1;-1;-1;-1;-1
;ServiceLog;md;1418050684336;unknown;unknown;1;-1;-1;-1;-1;-1;-1
;ServiceLog;md;1418050685394;unknown;unknown;1;-1;-1;-1;-1;-1;-1
;ServiceLog;md;1418050686455;unknown;unknown;1;-1;-1;-1;-1;-1;-1
;ServiceLog;md;1418050687524;unknown;unknown;1;-1;-1;-1;-1;-1;-1
;ServiceLog;md;1418050688586;unknown;unknown;1;-1;-1;-1;-1;-1;-1
;ServiceLog;md;1418050689644;unknown;unknown;1;-1;-1;-1;-1;-1;-1
;ServiceLog;md;1418050690699;unknown;unknown;1;-1;-1;-1;-1;-1;-1
;ServiceLog;md;1418050691751;unknown;unknown;1;-1;-1;-1;-1;-1;-1
;ServiceLog;md;1418050692818;unknown;unknown;1;-1;-1;-1;-1;-1;-1
;ServiceLog;md;1418050693875;unknown;unknown;1;-1;-1;-1;-1;-1;-1
;ServiceLog;md;1418050694929;unknown;unknown;1;-1;-1;-1;-1;-1;-1
;ServiceLog;md;1418050695984;unknown;unknown;1;-1;-1;-1;-1;-1;-1
;ServiceLog;md;1418050697039;unknown;unknown;1;-1;-1;-1;-1;-1;-1
;ServiceLog;md;1418050698094;unknown;unknown;1;-1;-1;-1;-1;-1;-1
;ServiceLog;md;1418050699150;unknown;unknown;1;-1;-1;-1;-1;-1;-1
;ServiceLog;md;1418050700204;unknown;unknown;1;-1;-1;-1;-1;-1;-1
;ServiceLog;md;1418050701260;unknown;unknown;1;-1;-1;-1;-1;-1;-1
;ServiceLog;md;1418050702314;unknown;unknown;1;-1;-1;-1;-1;-1;-1
;ServiceLog;md;1418050703370;unknown;unknown;1;-1;-1;-1;-1;-1;-1
;ServiceLog;md;1418050704424;unknown;unknown;1;-1;-1;-1;-1;-1;-1
;ServiceLog;md;1418050705484;unknown;unknown;1;-1;-1;-1;-1;-1;-1
;ServiceLog;md;1418050706539;unknown;unknown;1;-1;-1;-1;-1;-1;-1
;ServiceLog;md;1418050707598;unknown;unknown;1;-1;-1;-1;-1;-1;-1
;ServiceLog;md;1418050708654;unknown;unknown;1;-1;-1;-1;-1;-1;-1
;ServiceLog;md;1418050709708;unknown;unknown;1;-1;-1;-1;-1;-1;-1
;ServiceLog;md;1418050710819;unknown;unknown;1;-1;-1;-1;-1;-1;-1
;ServiceLog;md;1418050711882;unknown;unknown;1;-1;-1;-1;-1;-1;-1
;ServiceLog;md;1418050712938;unknown;unknown;1;-1;-1;-1;-1;-1;-1
;ServiceLog;md;1418050713993;unknown;unknown;1;-1;-1;-1;-1;-1;-1
;ServiceLog;md;1418050715050;unknown;unknown;1;-1;-1;-1;-1;-1;-1
;ServiceLog;md;1418050716106;unknown;unknown;1;-1;-1;-1;-1;-1;-1
;ServiceLog;md;1418050717165;unknown;unknown;1;-1;-1;-1;-1;-1;-1
;ServiceLog;md;1418050718217;unknown;unknown;1;-1;-1;-1;-1;-1;-1
;ServiceLog;md;1418050719272;unknown;unknown;1;-1;-1;-1;-1;-1;-1
;ServiceLog;md;1418050720326;unknown;unknown;1;-1;-1;-1;-1;-1;-1
;ServiceLog;md;1418050721380;unknown;unknown;1;-1;-1;-1;-1;-1;-1
;ServiceLog;md;1418050722436;unknown;unknown;1;-1;-1;-1;-1;-1;-1
;ServiceLog;md;1418050723492;unknown;unknown;1;-1;-1;-1;-1;-1;-1
;ServiceLog;md;1418050724598;unknown;unknown;1;-1;-1;-1;-1;-1;-1
;ServiceLog;md;1418050725659;unknown;unknown;1;-1;-1;-1;-1;-1;-1
;ServiceLog;md;1418050726716;unknown;unknown;1;-1;-1;-1;-1;-1;-1
;ServiceLog;md;1418050727774;unknown;unknown;1;-1;-1;-1;-1;-1;-1
;ServiceLog;md;1418050728828;unknown;unknown;1;-1;-1;-1;-1;-1;-1
;ServiceLog;md;1418050729885;unknown;unknown;1;-1;-1;-1;-1;-1;-1
;ServiceLog;md;1418050730940;unknown;unknown;1;-1;-1;-1;-1;-1;-1
;ServiceLog;md;1418050731969;unknown;unknown;1;-1;-1;-1;-1;-1;-1
;ServiceLog;md;1418050733027;unknown;unknown;1;-1;-1;-1;-1;-1;-1
;ServiceLog;md;1418050734104;unknown;unknown;1;-1;-1;-1;-1;-1;-1
;ServiceLog;md;1418050735261;unknown;unknown;1;-1;-1;-1;-1;-1;-1
;ServiceLog;md;1418050736307;unknown;unknown;1;-1;-1;-1;-1;-1;-1
;ServiceLog;md;1418050737354;unknown;unknown;1;-1;-1;-1;-1;-1;-1
;ServiceLog;md;1418050738788;unknown;unknown;1;-1;-1;-1;-1;-1;-1
;ServiceLog;md;1418050739831;unknown;unknown;1;-1;-1;-1;-1;-1;-1
;ServiceLog;md;1418050740863;unknown;unknown;1;-1;-1;-1;-1;-1;-1
;ServiceLog;md;1418050741906;unknown;unknown;1;-1;-1;-1;-1;-1;-1
;ServiceLog;md;1418050742927;unknown;unknown;1;-1;-1;-1;-1;-1;-1
;ServiceLog;md;1418050743964;2G;EDGE;1;250;1;660;461;-1;-75
;ServiceLog;md;1418050744980;2G;EDGE;1;250;1;660;461;-1;-75
;ServiceLog;md;1418050746032;2G;EDGE;1;250;1;660;461;-1;-79
;ServiceLog;md;1418050747068;2G;EDGE;1;250;1;660;461;-1;-79
;ServiceLog;md;1418050748083;2G;EDGE;1;250;1;660;461;-1;-79
;ServiceLog;md;1418050749108;2G;EDGE;1;250;1;660;461;-1;-83
;ServiceLog;md;1418050750139;2G;EDGE;1;250;1;660;461;-1;-83
;ServiceLog;md;1418050751169;2G;EDGE;1;250;1;660;461;-1;-83
;ServiceLog;md;1418050752299;2G;EDGE;1;250;1;660;461;-1;-87
;ServiceLog;md;1418050753335;2G;EDGE;1;250;1;660;461;-1;-87
;ServiceLog;md;1418050754390;2G;EDGE;1;250;1;660;461;-1;-87
;ServiceLog;md;1418050755450;2G;EDGE;1;250;1;660;461;-1;-89
;ServiceLog;md;1418050756510;2G;EDGE;1;250;1;660;461;-1;-89
;ServiceLog;md;1418050757571;2G;EDGE;1;250;1;660;461;-1;-89
;ServiceLog;md;1418050758616;2G;EDGE;1;250;1;660;461;-1;-91
;ServiceLog;md;1418050759654;2G;EDGE;1;250;1;660;461;-1;-91
;ServiceLog;md;1418050760713;2G;EDGE;1;250;1;660;461;-1;-91
;ServiceLog;md;1418050761778;2G;EDGE;1;250;1;660;461;-1;-91
;ServiceLog;md;1418050762848;2G;EDGE;1;250;1;660;461;-1;-91
;ServiceLog;md;1418050763908;2G;EDGE;1;250;1;660;461;-1;-91
;ServiceLog;md;1418050764975;2G;EDGE;1;250;1;660;461;-1;-91
;ServiceLog;md;1418050766050;2G;EDGE;1;250;1;660;461;-1;-91
;ServiceLog;md;1418050767120;2G;EDGE;1;250;1;660;461;-1;-91
;ServiceLog;md;1418050768205;2G;EDGE;1;250;1;660;461;-1;-91
;ServiceLog;md;1418050769259;2G;EDGE;1;250;1;660;461;-1;-91
;ServiceLog;md;1418050770316;2G;EDGE;1;250;1;660;461;-1;-91
;ServiceLog;md;1418050771374;2G;EDGE;1;250;1;660;461;-1;-91
;ServiceLog;md;1418050772430;2G;EDGE;1;250;1;660;461;-1;-91
;ServiceLog;md;1418050773490;2G;EDGE;1;250;1;660;461;-1;-91
;ServiceLog;md;1418050774562;2G;EDGE;1;250;1;660;461;-1;-91
;ServiceLog;md;1418050775632;2G;EDGE;1;250;1;660;461;-1;-91
;ServiceLog;md;1418050776714;2G;EDGE;1;250;1;660;461;-1;-91
;ServiceLog;md;1418050777777;2G;EDGE;1;250;1;660;461;-1;-91
;ServiceLog;md;1418050778831;2G;EDGE;1;250;1;660;461;-1;-91
;ServiceLog;md;1418050779894;2G;EDGE;1;250;1;660;461;-1;-91
;ServiceLog;md;1418050780952;2G;EDGE;1;250;1;660;461;-1;-91
;ServiceLog;md;1418050782019;2G;EDGE;1;250;1;660;461;-1;-93
;ServiceLog;md;1418050783083;2G;EDGE;1;250;1;660;461;-1;-93
;ServiceLog;md;1418050784145;2G;EDGE;1;250;1;660;461;-1;-93
;ServiceLog;md;1418050785208;2G;EDGE;1;250;1;660;461;-1;-93
;ServiceLog;md;1418050786273;2G;EDGE;1;250;1;660;461;-1;-93
;ServiceLog;md;1418050787322;2G;EDGE;1;250;1;660;461;-1;-93
;ServiceLog;md;1418050788384;2G;EDGE;1;250;1;660;461;-1;-91
;ServiceLog;md;1418050789430;2G;EDGE;1;250;1;660;461;-1;-91
;ServiceLog;md;1418050790490;2G;EDGE;1;250;1;660;461;-1;-91
;ServiceLog;md;1418050791555;2G;EDGE;1;250;1;660;461;-1;-91
;ServiceLog;md;1418050792623;2G;EDGE;1;250;1;660;461;-1;-91
;ServiceLog;md;1418050793694;2G;EDGE;1;250;1;660;461;-1;-91
;ServiceLog;md;1418050794757;2G;EDGE;1;250;1;660;461;-1;-89
;ServiceLog;md;1418050795875;2G;EDGE;1;250;1;660;461;-1;-89
;ServiceLog;md;1418050796974;2G;EDGE;1;250;1;660;461;-1;-89
;ServiceLog;md;1418050798061;2G;EDGE;1;250;1;660;461;-1;-77
;ServiceLog;md;1418050799095;2G;EDGE;1;250;1;660;461;-1;-77
;ServiceLog;md;1418050800161;2G;EDGE;1;250;1;660;461;-1;-75
;ServiceLog;md;1418050801204;2G;EDGE;1;250;1;660;461;-1;-75
;ServiceLog;md;1418050802239;2G;EDGE;1;250;1;660;461;-1;-75
;ServiceLog;md;1418050803277;2G;EDGE;1;250;1;660;461;-1;-79
;ServiceLog;md;1418050804337;2G;EDGE;1;250;1;660;461;-1;-79
;ServiceLog;md;1418050805369;2G;EDGE;1;250;1;660;461;-1;-79
;ServiceLog;md;1418050806409;2G;EDGE;1;250;1;660;461;-1;-85
;ServiceLog;md;1418050807498;2G;EDGE;1;250;1;660;461;-1;-85
;ServiceLog;md;1418050808585;2G;EDGE;1;250;1;660;461;-1;-85
;ServiceLog;md;1418050809646;2G;EDGE;1;250;1;660;461;-1;-89
;ServiceLog;md;1418050810708;2G;EDGE;1;250;1;660;461;-1;-89
;ServiceLog;md;1418050811766;2G;EDGE;1;250;1;660;461;-1;-89
;ServiceLog;md;1418050812832;2G;EDGE;1;250;1;660;461;-1;-89
;ServiceLog;md;1418050813900;2G;EDGE;1;250;1;660;461;-1;-89
;ServiceLog;md;1418050814960;2G;EDGE;1;250;1;660;461;-1;-89
;ServiceLog;md;1418050816020;2G;EDGE;1;250;1;660;461;-1;0
;ServiceLog;md;1418050817084;2G;EDGE;1;250;1;660;461;-1;0
;ServiceLog;md;1418050818107;2G;EDGE;1;250;1;660;461;-1;0
;ServiceLog;md;1418050819181;2G;EDGE;1;250;1;660;461;-1;0
;ServiceLog;md;1418050820277;2G;EDGE;1;250;1;660;461;-1;0
;ServiceLog;md;1418050821378;2G;EDGE;1;250;1;660;461;-1;-89
;ServiceLog;md;1418050822462;2G;EDGE;1;250;1;660;461;-1;-95
;ServiceLog;md;1418050823555;unknown;unknown;1;-1;-1;-1;-1;-1;-1
;ServiceLog;md;1418050824587;unknown;unknown;1;-1;-1;-1;-1;-1;-1
;ServiceLog;md;1418050825644;unknown;unknown;1;-1;-1;-1;-1;-1;-1
;ServiceLog;md;1418050826712;unknown;unknown;1;-1;-1;-1;-1;-1;-1
;ServiceLog;md;1418050827820;unknown;unknown;1;-1;-1;-1;-1;-1;-1
;ServiceLog;md;1418050828879;unknown;unknown;1;-1;-1;-1;-1;-1;-1
;ServiceLog;md;1418050829931;unknown;unknown;1;-1;-1;-1;-1;-1;-1
;ServiceLog;md;1418050831029;unknown;unknown;1;-1;-1;-1;-1;-1;-1
;ServiceLog;md;1418050832089;unknown;unknown;1;-1;-1;-1;-1;-1;-1
;ServiceLog;md;1418050833152;unknown;unknown;1;-1;-1;-1;-1;-1;-1
;ServiceLog;md;1418050834186;unknown;unknown;1;-1;-1;-1;-1;-1;-1
;ServiceLog;md;1418050835257;unknown;unknown;1;-1;-1;-1;-1;-1;-1
;ServiceLog;md;1418050836316;unknown;unknown;1;-1;-1;-1;-1;-1;-1
;ServiceLog;md;1418050837372;unknown;unknown;1;-1;-1;-1;-1;-1;-1
;ServiceLog;md;1418050838435;unknown;unknown;1;-1;-1;-1;-1;-1;-1
;ServiceLog;md;1418050839491;unknown;unknown;1;-1;-1;-1;-1;-1;-1
;ServiceLog;md;1418050840521;unknown;unknown;1;-1;-1;-1;-1;-1;-1
;ServiceLog;md;1418050841577;unknown;unknown;1;-1;-1;-1;-1;-1;-1
;ServiceLog;md;1418050842651;unknown;unknown;1;-1;-1;-1;-1;-1;-1
;ServiceLog;md;1418050843710;unknown;unknown;1;-1;-1;-1;-1;-1;-1
;ServiceLog;md;1418050844766;unknown;unknown;1;-1;-1;-1;-1;-1;-1
;ServiceLog;md;1418050845824;unknown;unknown;1;-1;-1;-1;-1;-1;-1
;ServiceLog;md;1418050846920;unknown;unknown;1;-1;-1;-1;-1;-1;-1
;ServiceLog;md;1418050847987;unknown;unknown;1;-1;-1;-1;-1;-1;-1
;ServiceLog;md;1418050849042;unknown;unknown;1;-1;-1;-1;-1;-1;-1
;ServiceLog;md;1418050850088;unknown;unknown;1;-1;-1;-1;-1;-1;-1
;ServiceLog;md;1418050851137;unknown;unknown;1;-1;-1;-1;-1;-1;-1
;ServiceLog;md;1418050852171;unknown;unknown;1;-1;-1;-1;-1;-1;-1
;ServiceLog;md;1418050853246;unknown;unknown;1;-1;-1;-1;-1;-1;-1
;ServiceLog;md;1418050854315;unknown;unknown;1;-1;-1;-1;-1;-1;-1
;ServiceLog;md;1418050855399;unknown;unknown;1;-1;-1;-1;-1;-1;-1
;ServiceLog;md;1418050856439;unknown;unknown;1;-1;-1;-1;-1;-1;-1
;ServiceLog;md;1418050857503;unknown;unknown;1;-1;-1;-1;-1;-1;-1
;ServiceLog;md;1418050858574;unknown;unknown;1;-1;-1;-1;-1;-1;-1
;ServiceLog;md;1418050859627;unknown;unknown;1;-1;-1;-1;-1;-1;-1
;ServiceLog;md;1418050860670;unknown;unknown;1;-1;-1;-1;-1;-1;-1
;ServiceLog;md;1418050861741;unknown;unknown;1;-1;-1;-1;-1;-1;-1
;ServiceLog;md;1418050862776;unknown;unknown;1;-1;-1;-1;-1;-1;-1
;ServiceLog;md;1418050863835;unknown;unknown;1;-1;-1;-1;-1;-1;-1
;ServiceLog;md;1418050864921;unknown;unknown;1;-1;-1;-1;-1;-1;-1
;ServiceLog;md;1418050865999;unknown;unknown;1;-1;-1;-1;-1;-1;-1
;ServiceLog;md;1418050867065;unknown;unknown;1;-1;-1;-1;-1;-1;-1
;ServiceLog;md;1418050868132;unknown;unknown;1;-1;-1;-1;-1;-1;-1
;ServiceLog;md;1418050869203;unknown;unknown;1;-1;-1;-1;-1;-1;-1
;ServiceLog;md;1418050870271;unknown;unknown;1;-1;-1;-1;-1;-1;-1
;ServiceLog;md;1418050871362;unknown;unknown;1;-1;-1;-1;-1;-1;-1
;ServiceLog;md;1418050872737;unknown;unknown;1;-1;-1;-1;-1;-1;-1
;ServiceLog;md;1418050873809;unknown;unknown;1;-1;-1;-1;-1;-1;-1
;ServiceLog;md;1418050874864;unknown;unknown;1;-1;-1;-1;-1;-1;-1
;ServiceLog;md;1418050875944;unknown;unknown;1;-1;-1;-1;-1;-1;-1
;ServiceLog;md;1418050877000;unknown;unknown;1;-1;-1;-1;-1;-1;-1
;ServiceLog;md;1418050878048;unknown;unknown;1;-1;-1;-1;-1;-1;-1
;ServiceLog;md;1418050879079;unknown;unknown;1;-1;-1;-1;-1;-1;-1
;ServiceLog;md;1418050880127;unknown;unknown;1;-1;-1;-1;-1;-1;-1
;ServiceLog;md;1418050881192;unknown;unknown;1;-1;-1;-1;-1;-1;-1
;ServiceLog;md;1418050882231;unknown;unknown;1;-1;-1;-1;-1;-1;-1
;ServiceLog;md;1418050883267;unknown;unknown;1;-1;-1;-1;-1;-1;-1
;ServiceLog;md;1418050884337;unknown;unknown;1;-1;-1;-1;-1;-1;-1
;ServiceLog;md;1418050885372;unknown;unknown;1;-1;-1;-1;-1;-1;-1
;ServiceLog;md;1418050886434;unknown;unknown;1;-1;-1;-1;-1;-1;-1
;ServiceLog;md;1418050887481;unknown;unknown;1;-1;-1;-1;-1;-1;-1
;ServiceLog;md;1418050888519;unknown;unknown;1;-1;-1;-1;-1;-1;-1
;ServiceLog;md;1418050889557;unknown;unknown;1;-1;-1;-1;-1;-1;-1
;ServiceLog;md;1418050890598;unknown;unknown;1;-1;-1;-1;-1;-1;-1
;ServiceLog;md;1418050891686;unknown;unknown;1;-1;-1;-1;-1;-1;-1
;ServiceLog;md;1418050892741;unknown;unknown;1;-1;-1;-1;-1;-1;-1
;ServiceLog;md;1418050893803;unknown;unknown;1;-1;-1;-1;-1;-1;-1
;ServiceLog;md;1418050894905;unknown;unknown;1;-1;-1;-1;-1;-1;-1
;ServiceLog;md;1418050895981;unknown;unknown;1;-1;-1;-1;-1;-1;-1
;ServiceLog;md;1418050897017;unknown;unknown;1;-1;-1;-1;-1;-1;-1
;ServiceLog;md;1418050898049;unknown;unknown;1;-1;-1;-1;-1;-1;-1
;ServiceLog;md;1418050899085;unknown;unknown;1;-1;-1;-1;-1;-1;-1
;ServiceLog;md;1418050900118;unknown;unknown;1;-1;-1;-1;-1;-1;-1
;ServiceLog;md;1418050901157;unknown;unknown;1;-1;-1;-1;-1;-1;-1
;ServiceLog;md;1418050902234;unknown;unknown;1;-1;-1;-1;-1;-1;-1
;ServiceLog;md;1418050903294;unknown;unknown;1;-1;-1;-1;-1;-1;-1
;ServiceLog;md;1418050904343;unknown;unknown;1;-1;-1;-1;-1;-1;-1
;ServiceLog;md;1418050905372;unknown;unknown;1;-1;-1;-1;-1;-1;-1
;ServiceLog;md;1418050906402;unknown;unknown;1;-1;-1;-1;-1;-1;-1
;ServiceLog;md;1418050907433;unknown;unknown;1;-1;-1;-1;-1;-1;-1
;ServiceLog;md;1418050908481;unknown;unknown;1;-1;-1;-1;-1;-1;-1
;ServiceLog;md;1418050909519;unknown;unknown;1;-1;-1;-1;-1;-1;-1
;ServiceLog;md;1418050910556;unknown;unknown;1;-1;-1;-1;-1;-1;-1
;ServiceLog;md;1418050911637;unknown;unknown;1;-1;-1;-1;-1;-1;-1
;ServiceLog;md;1418050912684;unknown;unknown;1;-1;-1;-1;-1;-1;-1
;ServiceLog;md;1418050913713;unknown;unknown;1;-1;-1;-1;-1;-1;-1
;ServiceLog;md;1418050914750;unknown;unknown;1;-1;-1;-1;-1;-1;-1
;ServiceLog;md;1418050915786;unknown;unknown;1;-1;-1;-1;-1;-1;-1
;ServiceLog;md;1418050916839;unknown;unknown;1;-1;-1;-1;-1;-1;-1
;ServiceLog;md;1418050917868;unknown;unknown;1;-1;-1;-1;-1;-1;-1
;ServiceLog;md;1418050918897;unknown;unknown;1;-1;-1;-1;-1;-1;-1
;ServiceLog;md;1418050919962;unknown;unknown;1;-1;-1;-1;-1;-1;-1
;ServiceLog;md;1418050921075;unknown;unknown;1;-1;-1;-1;-1;-1;-1
;ServiceLog;md;1418050922133;unknown;unknown;1;-1;-1;-1;-1;-1;-1
;ServiceLog;md;1418050923169;unknown;unknown;1;-1;-1;-1;-1;-1;-1
;ServiceLog;md;1418050924229;unknown;unknown;1;-1;-1;-1;-1;-1;-1
;ServiceLog;md;1418050925267;unknown;unknown;1;-1;-1;-1;-1;-1;-1
;ServiceLog;md;1418050926303;unknown;unknown;1;-1;-1;-1;-1;-1;-1
;ServiceLog;md;1418050927354;unknown;unknown;1;-1;-1;-1;-1;-1;-1
;ServiceLog;md;1418050928396;unknown;unknown;1;-1;-1;-1;-1;-1;-1
;ServiceLog;md;1418050929436;unknown;unknown;1;-1;-1;-1;-1;-1;-1
;ServiceLog;md;1418050930459;unknown;unknown;1;-1;-1;-1;-1;-1;-1
;ServiceLog;md;1418050931556;unknown;unknown;1;-1;-1;-1;-1;-1;-1
;ServiceLog;md;1418050932628;unknown;unknown;1;-1;-1;-1;-1;-1;-1
;ServiceLog;md;1418050933684;unknown;unknown;1;-1;-1;-1;-1;-1;-1
;ServiceLog;md;1418050934980;unknown;unknown;1;-1;-1;-1;-1;-1;-1
;ServiceLog;md;1418050936053;unknown;unknown;1;-1;-1;-1;-1;-1;-1
;ServiceLog;md;1418050937106;unknown;unknown;1;-1;-1;-1;-1;-1;-1
;ServiceLog;md;1418050938137;unknown;unknown;1;-1;-1;-1;-1;-1;-1
;ServiceLog;md;1418050939172;unknown;unknown;1;-1;-1;-1;-1;-1;-1
;ServiceLog;md;1418050940201;unknown;unknown;1;-1;-1;-1;-1;-1;-1
;ServiceLog;md;1418050941231;unknown;unknown;1;-1;-1;-1;-1;-1;-1
;ServiceLog;md;1418050942299;unknown;unknown;1;-1;-1;-1;-1;-1;-1
;ServiceLog;md;1418050943367;unknown;unknown;1;-1;-1;-1;-1;-1;-1
;ServiceLog;md;1418050944434;unknown;unknown;1;-1;-1;-1;-1;-1;-1
;ServiceLog;md;1418050945496;unknown;unknown;1;-1;-1;-1;-1;-1;-1
;ServiceLog;md;1418050946531;unknown;unknown;1;-1;-1;-1;-1;-1;-1
;ServiceLog;md;1418050947563;unknown;unknown;1;-1;-1;-1;-1;-1;-1
;ServiceLog;md;1418050948636;unknown;unknown;1;-1;-1;-1;-1;-1;-1
;ServiceLog;md;1418050949672;unknown;unknown;1;-1;-1;-1;-1;-1;-1
;ServiceLog;md;1418050950739;unknown;unknown;1;-1;-1;-1;-1;-1;-1
;ServiceLog;md;1418050951786;unknown;unknown;1;-1;-1;-1;-1;-1;-1
;ServiceLog;md;1418050952852;unknown;unknown;1;-1;-1;-1;-1;-1;-1
;ServiceLog;md;1418050953942;unknown;unknown;1;-1;-1;-1;-1;-1;-1
;ServiceLog;md;1418050955026;unknown;unknown;1;-1;-1;-1;-1;-1;-1
;ServiceLog;md;1418050956104;unknown;unknown;1;-1;-1;-1;-1;-1;-1
;ServiceLog;md;1418050957159;unknown;unknown;1;-1;-1;-1;-1;-1;-1
;ServiceLog;md;1418050958214;unknown;unknown;1;-1;-1;-1;-1;-1;-1
;ServiceLog;md;1418050959292;unknown;unknown;1;-1;-1;-1;-1;-1;-1
;ServiceLog;md;1418050960362;unknown;unknown;1;-1;-1;-1;-1;-1;-1
;ServiceLog;md;1418050961428;unknown;unknown;1;-1;-1;-1;-1;-1;-1
;ServiceLog;md;1418050962490;unknown;unknown;1;-1;-1;-1;-1;-1;-1
;ServiceLog;md;1418050963589;unknown;unknown;1;-1;-1;-1;-1;-1;-1
;ServiceLog;md;1418050964626;unknown;unknown;1;-1;-1;-1;-1;-1;-1
;ServiceLog;md;1418050965692;unknown;unknown;1;-1;-1;-1;-1;-1;-1
;ServiceLog;md;1418050966769;unknown;unknown;1;-1;-1;-1;-1;-1;-1
;ServiceLog;md;1418050967830;unknown;unknown;1;-1;-1;-1;-1;-1;-1
;ServiceLog;md;1418050968882;unknown;unknown;1;-1;-1;-1;-1;-1;-1
;ServiceLog;md;1418050969951;unknown;unknown;1;-1;-1;-1;-1;-1;-1
;ServiceLog;md;1418050971005;unknown;unknown;1;-1;-1;-1;-1;-1;-1
;ServiceLog;md;1418050972064;unknown;unknown;1;-1;-1;-1;-1;-1;-1
;ServiceLog;md;1418050973122;unknown;unknown;1;-1;-1;-1;-1;-1;-1
;ServiceLog;md;1418050974184;unknown;unknown;1;-1;-1;-1;-1;-1;-1
