ID;Name;User;TimeStamp;Type;Accel_X;Accel_Y;Accel_Z;Azimuth;Pitch;Roll;Magnetic_X;Magnetic_Y;Magnetic_Z;Gyro_X;Gyro_Y;Gyro_Z;GPS_Lat;GPS_Lon;GPS_Alt;GPS_Accuracy;GPS_Speed;GPS_Bearing
22;Северный вокзал 2;KD;1435599334729;Raw;-0.201;2.633;10.352;NaN;NaN;NaN;NaN;NaN;NaN;NaN;NaN;NaN;NaN;NaN;NaN;NaN;NaN;NaN
23;Северный вокзал 3;KD;1435599346987;Raw;0.488;3.859;10.151;NaN;NaN;NaN;NaN;NaN;NaN;NaN;NaN;NaN;NaN;NaN;NaN;NaN;NaN;NaN
24;Северный вокзал 4;KD;1435599357391;Raw;-0.814;4.443;8.265;NaN;NaN;NaN;NaN;NaN;NaN;NaN;NaN;NaN;NaN;NaN;NaN;NaN;NaN;NaN
11;Авиастроительная 1;KD;1435599436706;Raw;-2.298;6.407;8.36;NaN;NaN;NaN;NaN;NaN;NaN;NaN;NaN;NaN;NaN;NaN;NaN;NaN;NaN;NaN
12;Авиастроительная 2;KD;1435599455935;Raw;-0.392;5.497;10.161;NaN;NaN;NaN;NaN;NaN;NaN;NaN;NaN;NaN;NaN;NaN;NaN;NaN;NaN;NaN
12;Авиастроительная 2;KD;1435599653570;Raw;-1.216;5.545;9.241;NaN;NaN;NaN;NaN;NaN;NaN;NaN;NaN;NaN;NaN;NaN;NaN;NaN;NaN;NaN
13;Авиастроительная 3;KD;1435599660544;Raw;0.114;5.047;9.012;NaN;NaN;NaN;NaN;NaN;NaN;NaN;NaN;NaN;NaN;NaN;NaN;NaN;NaN;NaN
14;Авиастроительная 4;KD;1435599672064;Raw;-0.67;5.162;9.337;NaN;NaN;NaN;NaN;NaN;NaN;NaN;NaN;NaN;NaN;NaN;NaN;NaN;NaN;NaN
21;Северный вокзал 1;KD;1435599747255;Raw;-0.785;3.802;10.582;NaN;NaN;NaN;NaN;NaN;NaN;NaN;NaN;NaN;NaN;NaN;NaN;NaN;NaN;NaN
22;Северный вокзал 2;KD;1435599762028;Raw;0.067;3.648;10.86;NaN;NaN;NaN;NaN;NaN;NaN;NaN;NaN;NaN;NaN;NaN;NaN;NaN;NaN;NaN
23;Северный вокзал 3;KD;1435599779271;Raw;0.076;4.52;9.692;NaN;NaN;NaN;NaN;NaN;NaN;NaN;NaN;NaN;NaN;NaN;NaN;NaN;NaN;NaN
24;Северный вокзал 4;KD;1435599792247;Raw;-0.325;4.434;9.615;NaN;NaN;NaN;NaN;NaN;NaN;NaN;NaN;NaN;NaN;NaN;NaN;NaN;NaN;NaN
31;Яшьлек 1;KD;1435599886670;Raw;-0.555;6.445;9.232;NaN;NaN;NaN;NaN;NaN;NaN;NaN;NaN;NaN;NaN;NaN;NaN;NaN;NaN;NaN
32;Яшьлек 2;KD;1435599900082;Raw;-0.708;6.253;8.025;NaN;NaN;NaN;NaN;NaN;NaN;NaN;NaN;NaN;NaN;NaN;NaN;NaN;NaN;NaN
33;Яшьлек 3;KD;1435599917727;Raw;-0.124;5.65;8.6;NaN;NaN;NaN;NaN;NaN;NaN;NaN;NaN;NaN;NaN;NaN;NaN;NaN;NaN;NaN
34;Яшьлек 4;KD;1435599929464;Raw;-0.191;5.506;8.743;NaN;NaN;NaN;NaN;NaN;NaN;NaN;NaN;NaN;NaN;NaN;NaN;NaN;NaN;NaN
41;Козья слобода 1;KD;1435600036340;Raw;-1.8;5.947;8.188;NaN;NaN;NaN;NaN;NaN;NaN;NaN;NaN;NaN;NaN;NaN;NaN;NaN;NaN;NaN
42;Козья слобода 2;KD;1435600048589;Raw;-1.053;5.612;8.935;NaN;NaN;NaN;NaN;NaN;NaN;NaN;NaN;NaN;NaN;NaN;NaN;NaN;NaN;NaN
43;Козья слобода 3;KD;1435600067501;Raw;-1.015;5.573;8.15;NaN;NaN;NaN;NaN;NaN;NaN;NaN;NaN;NaN;NaN;NaN;NaN;NaN;NaN;NaN
44;Козья слобода 4;KD;1435600079310;Raw;-0.383;5.612;7.795;NaN;NaN;NaN;NaN;NaN;NaN;NaN;NaN;NaN;NaN;NaN;NaN;NaN;NaN;NaN
51;Кремлёвская 1;KD;1435600209586;Raw;-0.545;5.688;9.088;NaN;NaN;NaN;NaN;NaN;NaN;NaN;NaN;NaN;NaN;NaN;NaN;NaN;NaN;NaN
52;Кремлёвская 2;KD;1435600225752;Raw;-0.335;5.277;7.958;NaN;NaN;NaN;NaN;NaN;NaN;NaN;NaN;NaN;NaN;NaN;NaN;NaN;NaN;NaN
53;Кремлёвская 3;KD;1435600247746;Raw;-0.766;6.809;7.326;NaN;NaN;NaN;NaN;NaN;NaN;NaN;NaN;NaN;NaN;NaN;NaN;NaN;NaN;NaN
54;Кремлёвская 4;KD;1435600257801;Raw;-0.507;6.158;6.828;NaN;NaN;NaN;NaN;NaN;NaN;NaN;NaN;NaN;NaN;NaN;NaN;NaN;NaN;NaN
61;Площадь Тукая 1;KD;1435600352366;Raw;-1.666;6.215;8.389;NaN;NaN;NaN;NaN;NaN;NaN;NaN;NaN;NaN;NaN;NaN;NaN;NaN;NaN;NaN
62;Площадь Тукая 2;KD;1435600365232;Raw;-0.478;5.526;8.341;NaN;NaN;NaN;NaN;NaN;NaN;NaN;NaN;NaN;NaN;NaN;NaN;NaN;NaN;NaN
63;Площадь Тукая 3;KD;1435600387093;Raw;-0.593;5.506;8.667;NaN;NaN;NaN;NaN;NaN;NaN;NaN;NaN;NaN;NaN;NaN;NaN;NaN;NaN;NaN
64;Площадь Тукая 4;KD;1435600397619;Raw;-0.009;5.152;8.456;NaN;NaN;NaN;NaN;NaN;NaN;NaN;NaN;NaN;NaN;NaN;NaN;NaN;NaN;NaN
71;Суконная слобода 1;KD;1435600486812;Raw;-2.212;6.579;7.834;NaN;NaN;NaN;NaN;NaN;NaN;NaN;NaN;NaN;NaN;NaN;NaN;NaN;NaN;NaN
72;Суконная слобода 2;KD;1435600498888;Raw;-0.89;5.65;8.36;NaN;NaN;NaN;NaN;NaN;NaN;NaN;NaN;NaN;NaN;NaN;NaN;NaN;NaN;NaN
73;Суконная слобода 3;KD;1435600517567;Raw;-1.235;4.702;9.05;NaN;NaN;NaN;NaN;NaN;NaN;NaN;NaN;NaN;NaN;NaN;NaN;NaN;NaN;NaN
74;Суконная слобода 4;KD;1435600529889;Raw;-0.679;6.091;7.929;NaN;NaN;NaN;NaN;NaN;NaN;NaN;NaN;NaN;NaN;NaN;NaN;NaN;NaN;NaN
81;Аметьево 1;KD;1435600635085;Raw;-1.628;6.34;7.958;NaN;NaN;NaN;NaN;NaN;NaN;NaN;NaN;NaN;NaN;NaN;NaN;NaN;NaN;NaN
82;Аметьево 2;KD;1435600647099;Raw;0.22;5.535;9.184;NaN;NaN;NaN;NaN;NaN;NaN;NaN;NaN;NaN;NaN;NaN;NaN;NaN;NaN;NaN
83;Аметьево 3;KD;1435600665444;Raw;-2.221;5.956;8.322;NaN;NaN;NaN;NaN;NaN;NaN;NaN;NaN;NaN;NaN;NaN;NaN;NaN;NaN;NaN
84;Аметьево 4;KD;1435600676559;Raw;-0.842;5.909;7.671;NaN;NaN;NaN;NaN;NaN;NaN;NaN;NaN;NaN;NaN;NaN;NaN;NaN;NaN;NaN
91;Горки 1;KD;1435600770663;Raw;-2.231;6.014;7.805;NaN;NaN;NaN;NaN;NaN;NaN;NaN;NaN;NaN;NaN;NaN;NaN;NaN;NaN;NaN
92;Горки 2;KD;1435600781786;Raw;0.651;6.138;8.36;NaN;NaN;NaN;NaN;NaN;NaN;NaN;NaN;NaN;NaN;NaN;NaN;NaN;NaN;NaN
93;Горки 3;KD;1435600799397;Raw;-1.187;5.257;8.475;NaN;NaN;NaN;NaN;NaN;NaN;NaN;NaN;NaN;NaN;NaN;NaN;NaN;NaN;NaN
94;Горки 4;KD;1435600811615;Raw;-0.335;4.616;8.82;NaN;NaN;NaN;NaN;NaN;NaN;NaN;NaN;NaN;NaN;NaN;NaN;NaN;NaN;NaN
101;Проспект победы 1;KD;1435600889513;Raw;-1.11;4.156;9.098;NaN;NaN;NaN;NaN;NaN;NaN;NaN;NaN;NaN;NaN;NaN;NaN;NaN;NaN;NaN
102;Проспект победы 2;KD;1435600925336;Raw;0.057;4.003;8.992;NaN;NaN;NaN;NaN;NaN;NaN;NaN;NaN;NaN;NaN;NaN;NaN;NaN;NaN;NaN
102;Проспект победы 2;KD;1435600936679;Raw;0.622;4.194;11.53;NaN;NaN;NaN;NaN;NaN;NaN;NaN;NaN;NaN;NaN;NaN;NaN;NaN;NaN;NaN
103;Проспект победы 3;KD;1435601069507;Raw;-1.474;6.177;8.514;NaN;NaN;NaN;NaN;NaN;NaN;NaN;NaN;NaN;NaN;NaN;NaN;NaN;NaN;NaN
104;Проспект победы 4;KD;1435601080299;Raw;-0.469;5.909;8.226;NaN;NaN;NaN;NaN;NaN;NaN;NaN;NaN;NaN;NaN;NaN;NaN;NaN;NaN;NaN
91;Горки 1;KD;1435601178167;Raw;-1.101;6.713;7.652;NaN;NaN;NaN;NaN;NaN;NaN;NaN;NaN;NaN;NaN;NaN;NaN;NaN;NaN;NaN
92;Горки 2;KD;1435601190542;Raw;-0.354;6.244;7.901;NaN;NaN;NaN;NaN;NaN;NaN;NaN;NaN;NaN;NaN;NaN;NaN;NaN;NaN;NaN
93;Горки 3;KD;1435601207914;Raw;-0.43;6.359;6.742;NaN;NaN;NaN;NaN;NaN;NaN;NaN;NaN;NaN;NaN;NaN;NaN;NaN;NaN;NaN
94;Горки 4;KD;1435601223456;Raw;-0.181;6.167;9.002;NaN;NaN;NaN;NaN;NaN;NaN;NaN;NaN;NaN;NaN;NaN;NaN;NaN;NaN;NaN
81;Аметьево 1;KD;1435601314872;Raw;-1.225;6.062;8.36;NaN;NaN;NaN;NaN;NaN;NaN;NaN;NaN;NaN;NaN;NaN;NaN;NaN;NaN;NaN
82;Аметьево 2;KD;1435601328149;Raw;-0.938;5.478;8.159;NaN;NaN;NaN;NaN;NaN;NaN;NaN;NaN;NaN;NaN;NaN;NaN;NaN;NaN;NaN
83;Аметьево 3;KD;1435601344900;Raw;-0.172;5.487;8.734;NaN;NaN;NaN;NaN;NaN;NaN;NaN;NaN;NaN;NaN;NaN;NaN;NaN;NaN;NaN
84;Аметьево 4;KD;1435601356608;Raw;0.325;5.008;9.433;NaN;NaN;NaN;NaN;NaN;NaN;NaN;NaN;NaN;NaN;NaN;NaN;NaN;NaN;NaN
71;Суконная слобода 1;KD;1435601461226;Raw;-1.57;5.277;10.17;NaN;NaN;NaN;NaN;NaN;NaN;NaN;NaN;NaN;NaN;NaN;NaN;NaN;NaN;NaN
72;Суконная слобода 2;KD;1435601477666;Raw;-1.225;4.941;8.485;NaN;NaN;NaN;NaN;NaN;NaN;NaN;NaN;NaN;NaN;NaN;NaN;NaN;NaN;NaN
73;Суконная слобода 3;KD;1435601494996;Raw;-0.565;4.415;10.285;NaN;NaN;NaN;NaN;NaN;NaN;NaN;NaN;NaN;NaN;NaN;NaN;NaN;NaN;NaN
74;Суконная слобода 4;KD;1435601505767;Raw;-0.153;3.926;10.879;NaN;NaN;NaN;NaN;NaN;NaN;NaN;NaN;NaN;NaN;NaN;NaN;NaN;NaN;NaN
61;Площадь Тукая 1;KD;1435601596014;Raw;-1.379;5.391;9.203;NaN;NaN;NaN;NaN;NaN;NaN;NaN;NaN;NaN;NaN;NaN;NaN;NaN;NaN;NaN
62;Площадь Тукая 2;KD;1435601608534;Raw;-0.603;4.836;8.887;NaN;NaN;NaN;NaN;NaN;NaN;NaN;NaN;NaN;NaN;NaN;NaN;NaN;NaN;NaN
63;Площадь Тукая 3;KD;1435601630630;Raw;-0.43;4.606;9.28;NaN;NaN;NaN;NaN;NaN;NaN;NaN;NaN;NaN;NaN;NaN;NaN;NaN;NaN;NaN
64;Площадь Тукая 4;KD;1435601640310;Raw;0.229;4.75;9.356;NaN;NaN;NaN;NaN;NaN;NaN;NaN;NaN;NaN;NaN;NaN;NaN;NaN;NaN;NaN
51;Кремлёвская 1;KD;1435601730810;Raw;-1.944;5.621;8.399;NaN;NaN;NaN;NaN;NaN;NaN;NaN;NaN;NaN;NaN;NaN;NaN;NaN;NaN;NaN
52;Кремлёвская 2;KD;1435601743718;Raw;-1.254;5.229;7.834;NaN;NaN;NaN;NaN;NaN;NaN;NaN;NaN;NaN;NaN;NaN;NaN;NaN;NaN;NaN
53;Кремлёвская 3;KD;1435601763074;Raw;-1.091;5.2;8.954;NaN;NaN;NaN;NaN;NaN;NaN;NaN;NaN;NaN;NaN;NaN;NaN;NaN;NaN;NaN
54;Кремлёвская 4;KD;1435601777197;Raw;-0.421;5.87;7.575;NaN;NaN;NaN;NaN;NaN;NaN;NaN;NaN;NaN;NaN;NaN;NaN;NaN;NaN;NaN
41;Козья слобода 1;KD;1435601913280;Raw;-2.135;6.033;8.561;NaN;NaN;NaN;NaN;NaN;NaN;NaN;NaN;NaN;NaN;NaN;NaN;NaN;NaN;NaN
42;Козья слобода 2;KD;1435601926452;Raw;-1.043;5.899;8.035;NaN;NaN;NaN;NaN;NaN;NaN;NaN;NaN;NaN;NaN;NaN;NaN;NaN;NaN;NaN
43;Козья слобода 3;KD;1435601946436;Raw;-0.612;5.296;7.747;NaN;NaN;NaN;NaN;NaN;NaN;NaN;NaN;NaN;NaN;NaN;NaN;NaN;NaN;NaN
44;Козья слобода 4;KD;1435601957589;Raw;-0.268;5.593;8.648;NaN;NaN;NaN;NaN;NaN;NaN;NaN;NaN;NaN;NaN;NaN;NaN;NaN;NaN;NaN
31;Яшьлек 1;KD;1435602053713;Raw;-2.039;5.976;6.483;NaN;NaN;NaN;NaN;NaN;NaN;NaN;NaN;NaN;NaN;NaN;NaN;NaN;NaN;NaN
32;Яшьлек 2;KD;1435602068109;Raw;-1.187;6.387;8.102;NaN;NaN;NaN;NaN;NaN;NaN;NaN;NaN;NaN;NaN;NaN;NaN;NaN;NaN;NaN
33;Яшьлек 3;KD;1435602086892;Raw;-0.363;5.554;8.609;NaN;NaN;NaN;NaN;NaN;NaN;NaN;NaN;NaN;NaN;NaN;NaN;NaN;NaN;NaN
34;Яшьлек 4;KD;1435602098672;Raw;-0.114;6.512;10.994;NaN;NaN;NaN;NaN;NaN;NaN;NaN;NaN;NaN;NaN;NaN;NaN;NaN;NaN;NaN
21;Северный вокзал 1;KD;1435602199080;Raw;-0.871;5.257;9.117;NaN;NaN;NaN;NaN;NaN;NaN;NaN;NaN;NaN;NaN;NaN;NaN;NaN;NaN;NaN
22;Северный вокзал 2;KD;1435602210467;Raw;-0.574;4.951;8.552;NaN;NaN;NaN;NaN;NaN;NaN;NaN;NaN;NaN;NaN;NaN;NaN;NaN;NaN;NaN
