ID;Name;User;TimeStamp;Temperature;Humidity;Noise;CO;C4H10;CH4
2263;Каширская (ЗАМ) 3;Anna;1435909579101;No data;;;;;
2264;Каширская (ЗАМ) 4;Anna;1435909587063;No data;;;;;
241;Кантемировская 1;Anna;1435909746710;No data;;;;;
242;Кантемировская 2;Anna;1435909759438;No data;;;;;
243;Кантемировская 3;Anna;1435909778419;No data;;;;;
244;Кантемировская 4;Anna;1435909791003;No data;;;;;
231;Царицыно 1;Anna;1435909884460;No data;;;;;
232;Царицыно 2;Anna;1435909898720;No data;;;;;
233;Царицыно 3;Anna;1435909920963;No data;;;;;
234;Царицыно 4;Anna;1435909932484;No data;;;;;
221;Орехово 1;Anna;1435910071101;No data;;;;;
222;Орехово 2;Anna;1435910084149;No data;;;;;
223;Орехово 3;Anna;1435910108168;No data;;;;;
224;Орехово 4;Anna;1435910121068;No data;;;;;
211;Домодедовская 1;Anna;1435910201838;No data;;;;;
212;Домодедовская 2;Anna;1435910229094;No data;;;;;
213;Домодедовская 3;Anna;1435910249168;No data;;;;;
214;Домодедовская 4;Anna;1435910260380;No data;;;;;
201;Красногвардейская 1;Anna;1435910362756;No data;;;;;
202;Красногвардейская 2;Anna;1435910382197;No data;;;;;
2223;Зябликово 3;Anna;1435910687259;No data;;;;;
2224;Зябликово 4;Anna;1435910699337;No data;;;;;
2211;Шипиловская 1;Anna;1435910763932;No data;;;;;
2212;Шипиловская 2;Anna;1435910777638;No data;;;;;
2213;Шипиловская 3;Anna;1435910808763;No data;;;;;
2214;Шипиловская 4;Anna;1435910820391;No data;;;;;
2201;Борисово 1;Anna;1435910912085;No data;;;;;
2202;Борисово 2;Anna;1435910926625;No data;;;;;
2203;Борисово 3;Anna;1435910949598;No data;;;;;
2204;Борисово 4;Anna;1435910961998;No data;;;;;
2204;Борисово 4;Anna;1435910961998;No data;;;;;
1591;Марьино 1;Anna;1435911079167;No data;;;;;
1592;Марьино 2;Anna;1435911096646;No data;;;;;
1593;Марьино 3;Anna;1435911133978;No data;;;;;
1594;Марьино 4;Anna;1435911146333;No data;;;;;
1581;Братиславская 1;Anna;1435911236516;No data;;;;;
1582;Братиславская 2;Anna;1435911252549;No data;;;;;
1583;Братиславская 3;Anna;1435911273655;No data;;;;;
1584;Братиславская 4;Anna;1435911286186;No data;;;;;
1571;Люблино 1;Anna;1435911427019;No data;;;;;
1572;Люблино 2;Anna;1435911443748;No data;;;;;
1573;Люблино 3;Anna;1435911466352;No data;;;;;
1574;Люблино 4;Anna;1435911478938;No data;;;;;
1561;Волжская 1;Anna;1435911612830;No data;;;;;
1562;Волжская 2;Anna;1435911628971;No data;;;;;
1563;Волжская 3;Anna;1435911649101;No data;;;;;
1564;Волжская 4;Anna;1435911660945;No data;;;;;
1551;Печатники 1;Anna;1435911811910;No data;;;;;
1552;Печатники 2;Anna;1435911830249;No data;;;;;
1553;Печатники 3;Anna;1435911849230;No data;;;;;
1554;Печатники 4;Anna;1435911860567;No data;;;;;
1541;Кожуховская 1;Anna;1435912037307;No data;;;;;
1542;Кожуховская 2;Anna;1435912050900;No data;;;;;
1543;Кожуховская 3;Anna;1435912074292;No data;;;;;
1544;Кожуховская 4;Anna;1435912085056;No data;;;;;
1611;Дубровка 1;Anna;1435912185080;No data;;;;;
1612;Дубровка 2;Anna;1435912194923;No data;;;;;
1613;Дубровка 3;Anna;1435912229154;No data;;;;;
1614;Дубровка 4;Anna;1435912243271;No data;;;;;
1531;Крестьянская застава 1;Anna;1435912341358;No data;;;;;
1532;Крестьянская застава 2;Anna;1435912357527;No data;;;;;
1533;Крестьянская застава 3;Anna;1435912381197;No data;;;;;
1534;Крестьянская застава 4;Anna;1435912392555;No data;;;;;
1521;Римская 1;Anna;1435912495777;No data;;;;;
1522;Римская 2;Anna;1435912510774;No data;;;;;
1523;Римская 3;Anna;1435912533803;No data;;;;;
1524;Римская 4;Anna;1435912545178;No data;;;;;
1511;Чкаловская 1;Anna;1435912669996;No data;;;;;
1512;Чкаловская 2;Anna;1435912683924;No data;;;;;
1513;Чкаловская 3;Anna;1435912710777;No data;;;;;
1514;Чкаловская 4;Anna;1435912722803;No data;;;;;
2191;Сретенский бульвар 1;Anna;1435912830827;No data;;;;;
2192;Сретенский бульвар 2;Anna;1435912843660;No data;;;;;
2193;Сретенский бульвар 3;Anna;1435912940451;No data;;;;;
2194;Сретенский бульвар 4;Anna;1435912955022;No data;;;;;
1511;Чкаловская 1;Anna;1435913070571;No data;;;;;
1512;Чкаловская 2;Anna;1435913087189;No data;;;;;
1513;Чкаловская 3;Anna;1435913196295;No data;;;;;
1514;Чкаловская 4;Anna;1435913207575;No data;;;;;
2191;Сретенский бульвар 1;Anna;1435913315506;No data;;;;;
2192;Сретенский бульвар 2;Anna;1435913331152;No data;;;;;
2193;Сретенский бульвар 3;Anna;1435913444463;No data;;;;;
2194;Сретенский бульвар 4;Anna;1435913456934;No data;;;;;
1511;Чкаловская 1;Anna;1435913583095;No data;;;;;
1512;Чкаловская 2;Anna;1435913598427;No data;;;;;
1513;Чкаловская 3;Anna;1435913656171;No data;;;;;
1514;Чкаловская 4;Anna;1435913666492;No data;;;;;
2191;Сретенский бульвар 1;Anna;1435913778341;No data;;;;;
2192;Сретенский бульвар 2;Anna;1435913795302;No data;;;;;
2193;Сретенский бульвар 3;Anna;1435913913278;No data;;;;;
2194;Сретенский бульвар 4;Anna;1435913926706;No data;;;;;
1511;Чкаловская 1;Anna;1435914036375;No data;;;;;
1512;Чкаловская 2;Anna;1435914049469;No data;;;;;
1513;Чкаловская 3;Anna;1435914153326;No data;;;;;
1514;Чкаловская 4;Anna;1435914164205;No data;;;;;
2191;Сретенский бульвар 1;Anna;1435914283063;No data;;;;;
2192;Сретенский бульвар 2;Anna;1435914298605;No data;;;;;
2193;Сретенский бульвар 3;Anna;1435914386775;No data;;;;;
2194;Сретенский бульвар 4;Anna;1435914399491;No data;;;;;
1511;Чкаловская 1;Anna;1435914518349;No data;;;;;
1512;Чкаловская 2;Anna;1435914532321;No data;;;;;
