ID;Name;User;TimeStamp;NetworkGen;NetworkType;Active;MCC;MNC;LAC;CID;PSC;RSSI
1653;Парк Победы 3;md;1417171506750;2G;EDGE;1;250;1;660;452;-1;-87
1654;Парк Победы 4;md;1417171521295;2G;EDGE;1;250;1;660;452;-1;-85
421;Киевская (АПК) 1;md;1417171699496;unknown;unknown;1;-1;-1;-1;-1;-1;-1
422;Киевская (АПК) 2;md;1417171710766;unknown;unknown;1;-1;-1;-1;-1;-1;-1
773;Киевская (КЛЦ) 3;md;1417172154700;3G;UMTS;1;250;1;660;6892889;-1;-83
774;Киевская (КЛЦ) 4;md;1417172165939;3G;UMTS;1;250;1;660;6892889;-1;-83
761;Парк культуры (КЛЦ) 1;md;1417172270665;2G;EDGE;1;250;1;660;11022;-1;-77
761;Парк культуры (КЛЦ) 1;md;1417172270665;2G;EDGE;250-1-660-11022;250;1;660;11023;-1;-101
762;Парк культуры (КЛЦ) 2;md;1417172284960;2G;EDGE;1;250;1;660;11022;-1;-67
762;Парк культуры (КЛЦ) 2;md;1417172284960;2G;EDGE;250-1-660-11022;250;1;660;11023;-1;-99
763;Парк культуры (КЛЦ) 3;md;1417172315400;3G;UMTS;1;250;1;660;6892888;-1;-67
764;Парк культуры (КЛЦ) 4;md;1417172325725;3G;UMTS;1;250;1;660;6892888;-1;-81
751;Октябрьская (КЛЦ) 1;md;1417172395079;3G;UMTS;1;250;1;660;6892887;-1;-89
752;Октябрьская (КЛЦ) 2;md;1417172410687;3G;UMTS;1;250;1;660;6892887;-1;-91
983;Октябрьская (КРЛ) 3;md;1417172752450;2G;EDGE;1;250;1;770;43241;-1;-77
984;Октябрьская (КРЛ) 4;md;1417172763801;2G;EDGE;1;250;1;770;43241;-1;-77
991;Шаболовская 1;md;1417172836843;unknown;unknown;1;-1;-1;-1;-1;-1;-1
992;Шаболовская 2;md;1417172852995;unknown;unknown;1;-1;-1;-1;-1;-1;-1
993;Шаболовская 3;md;1417172876065;2G;EDGE;1;250;1;770;543;-1;-75
994;Шаболовская 4;md;1417172886859;2G;EDGE;1;250;1;770;543;-1;-71
1001;Ленинский проспект 1;md;1417173020885;unknown;unknown;1;-1;-1;-1;-1;-1;-1
1002;Ленинский проспект 2;md;1417173036369;2G;EDGE;1;250;1;770;543;-1;-83
1003;Ленинский проспект 3;md;1417173060494;2G;EDGE;1;250;1;770;543;-1;-89
1004;Ленинский проспект 4;md;1417173072891;2G;EDGE;1;250;1;770;543;-1;-71
1011;Академическая 1;md;1417173216418;unknown;unknown;1;-1;-1;-1;-1;-1;-1
1012;Академическая 2;md;1417173228048;unknown;unknown;1;-1;-1;-1;-1;-1;-1
