ID;Name;User;TimeStamp;NetworkGen;NetworkType;Active;MCC;MNC;LAC;CID;PSC;Power
;ServiceLog;md;1418374124532;2G;EDGE;1;250;1;660;41852;-1;-79
;ServiceLog;md;1418374125608;2G;EDGE;1;250;1;660;41852;-1;-79
;ServiceLog;md;1418374126715;2G;EDGE;1;250;1;660;41852;-1;-77
;ServiceLog;md;1418374127779;2G;EDGE;1;250;1;660;41852;-1;-77
;ServiceLog;md;1418374128808;2G;EDGE;1;250;1;660;41852;-1;-77
;ServiceLog;md;1418374129851;2G;EDGE;1;250;1;660;41852;-1;-77
;ServiceLog;md;1418374130891;2G;EDGE;1;250;1;660;41852;-1;-77
;ServiceLog;md;1418374132156;2G;EDGE;1;250;1;660;41852;-1;-77
;ServiceLog;md;1418374133279;2G;EDGE;1;250;1;660;41852;-1;-77
;ServiceLog;md;1418374134316;2G;EDGE;1;250;1;660;41852;-1;-77
;ServiceLog;md;1418374135349;2G;EDGE;1;250;1;660;41852;-1;-79
;ServiceLog;md;1418374136393;2G;EDGE;1;250;1;660;41852;-1;-79
;ServiceLog;md;1418374137428;2G;EDGE;1;250;1;660;41852;-1;-79
;ServiceLog;md;1418374138459;2G;EDGE;1;250;1;660;41852;-1;-79
;ServiceLog;md;1418374139776;2G;EDGE;1;250;1;660;41852;-1;-79
;ServiceLog;md;1418374140810;2G;EDGE;1;250;1;660;41852;-1;-81
;ServiceLog;md;1418374141844;2G;EDGE;1;250;1;660;41852;-1;-81
;ServiceLog;md;1418374142889;2G;EDGE;1;250;1;660;41852;-1;-81
;ServiceLog;md;1418374143934;2G;EDGE;1;250;1;660;41852;-1;-81
;ServiceLog;md;1418374144988;2G;EDGE;1;250;1;660;41852;-1;-81
;ServiceLog;md;1418374146022;2G;EDGE;1;250;1;660;41852;-1;-81
;ServiceLog;md;1418374147051;2G;EDGE;1;250;1;660;41852;-1;-83
;ServiceLog;md;1418374148098;2G;EDGE;1;250;1;660;41852;-1;-83
;ServiceLog;md;1418374149118;2G;EDGE;1;250;1;660;41852;-1;-83
;ServiceLog;md;1418374150141;2G;EDGE;1;250;1;660;41852;-1;-85
;ServiceLog;md;1418374151171;2G;EDGE;1;250;1;660;41852;-1;-85
;ServiceLog;md;1418374152187;2G;EDGE;1;250;1;660;41852;-1;-85
;ServiceLog;md;1418374153215;2G;EDGE;1;250;1;660;41852;-1;-87
;ServiceLog;md;1418374154241;2G;EDGE;1;250;1;660;41852;-1;-87
;ServiceLog;md;1418374155354;2G;EDGE;1;250;1;660;41852;-1;-87
;ServiceLog;md;1418374156391;2G;EDGE;1;250;1;660;41852;-1;-89
;ServiceLog;md;1418374157447;2G;EDGE;1;250;1;660;41852;-1;-89
;ServiceLog;md;1418374158840;2G;EDGE;1;250;1;660;41852;-1;-91
;ServiceLog;md;1418374159869;2G;EDGE;1;250;1;660;41852;-1;-91
;ServiceLog;md;1418374160887;2G;EDGE;1;250;1;660;41852;-1;-91
;ServiceLog;md;1418374161919;2G;EDGE;1;250;1;660;41852;-1;-93
;ServiceLog;md;1418374162950;2G;EDGE;1;250;1;660;41852;-1;-93
;ServiceLog;md;1418374163980;2G;EDGE;1;250;1;660;41852;-1;-93
;ServiceLog;md;1418374165033;2G;EDGE;1;250;1;660;41852;-1;-93
;ServiceLog;md;1418374166067;2G;EDGE;1;250;1;660;41852;-1;-93
;ServiceLog;md;1418374167119;2G;EDGE;1;250;1;660;41852;-1;-93
;ServiceLog;md;1418374168153;2G;EDGE;1;250;1;660;41852;-1;-95
;ServiceLog;md;1418374169187;2G;EDGE;1;250;1;660;41852;-1;-95
;ServiceLog;md;1418374170262;2G;EDGE;1;250;1;660;41852;-1;-95
;ServiceLog;md;1418374171355;2G;EDGE;1;250;1;660;41852;-1;-95
;ServiceLog;md;1418374172387;2G;EDGE;1;250;1;660;41852;-1;-95
;ServiceLog;md;1418374173452;2G;EDGE;1;250;1;660;41852;-1;-95
;ServiceLog;md;1418374174482;2G;EDGE;1;250;1;660;41852;-1;-87
;ServiceLog;md;1418374175544;2G;EDGE;1;250;1;660;41852;-1;-87
;ServiceLog;md;1418374176577;2G;EDGE;1;250;1;660;41852;-1;-71
;ServiceLog;md;1418374177628;2G;EDGE;1;250;1;660;41852;-1;-71
;ServiceLog;md;1418374178691;2G;EDGE;1;250;1;660;41852;-1;-71
;ServiceLog;md;1418374179727;2G;EDGE;1;250;1;660;41852;-1;-71
;ServiceLog;md;1418374180772;2G;EDGE;1;250;1;660;41852;-1;-71
;ServiceLog;md;1418374181840;2G;EDGE;1;250;1;660;41852;-1;-71
;ServiceLog;md;1418374183440;2G;EDGE;1;250;1;660;41852;-1;-77
;ServiceLog;md;1418374184494;2G;EDGE;1;250;1;660;41852;-1;-77
;ServiceLog;md;1418374185528;2G;EDGE;1;250;1;660;41852;-1;-77
;ServiceLog;md;1418374186624;2G;EDGE;1;250;1;660;41852;-1;-83
;ServiceLog;md;1418374187659;2G;EDGE;1;250;1;660;41852;-1;-83
;ServiceLog;md;1418374188714;2G;EDGE;1;250;1;660;41852;-1;-89
;ServiceLog;md;1418374189772;2G;EDGE;1;250;1;660;41852;-1;-89
;ServiceLog;md;1418374190807;2G;EDGE;1;250;1;660;41852;-1;-89
;ServiceLog;md;1418374191837;2G;EDGE;1;250;1;660;41852;-1;-89
;ServiceLog;md;1418374192887;2G;EDGE;1;250;1;660;41852;-1;-89
;ServiceLog;md;1418374193926;2G;EDGE;1;250;1;660;41852;-1;-89
;ServiceLog;md;1418374194980;2G;EDGE;1;250;1;660;41852;-1;-89
;ServiceLog;md;1418374196013;2G;EDGE;1;250;1;660;41852;-1;-89
;ServiceLog;md;1418374197034;2G;EDGE;1;250;1;660;41852;-1;-89
;ServiceLog;md;1418374198060;2G;EDGE;1;250;1;660;41852;-1;-89
;ServiceLog;md;1418374199714;2G;EDGE;1;250;1;660;41852;-1;-89
;ServiceLog;md;1418374200765;2G;EDGE;1;250;1;660;41852;-1;-89
;ServiceLog;md;1418374201809;2G;EDGE;1;250;1;660;41852;-1;-89
;ServiceLog;md;1418374202836;2G;EDGE;1;250;1;660;41852;-1;-89
;ServiceLog;md;1418374203878;2G;EDGE;1;250;1;660;41852;-1;-89
;ServiceLog;md;1418374204948;2G;EDGE;1;250;1;660;41852;-1;-89
;ServiceLog;md;1418374206009;2G;EDGE;1;250;1;660;41852;-1;-89
;ServiceLog;md;1418374207087;2G;EDGE;1;250;1;660;41852;-1;-89
;ServiceLog;md;1418374208124;2G;EDGE;1;250;1;660;41852;-1;0
;ServiceLog;md;1418374212012;unknown;unknown;1;-1;-1;-1;-1;-1;-1
;ServiceLog;md;1418374213042;unknown;unknown;1;-1;-1;-1;-1;-1;-1
;ServiceLog;md;1418374214097;unknown;unknown;1;-1;-1;-1;-1;-1;-1
;ServiceLog;md;1418374215135;unknown;unknown;1;-1;-1;-1;-1;-1;-1
;ServiceLog;md;1418374216357;unknown;unknown;1;-1;-1;-1;-1;-1;-1
;ServiceLog;md;1418374217424;unknown;unknown;1;-1;-1;-1;-1;-1;-1
;ServiceLog;md;1418374218935;unknown;unknown;1;-1;-1;-1;-1;-1;-1
;ServiceLog;md;1418374220027;unknown;unknown;1;-1;-1;-1;-1;-1;-1
;ServiceLog;md;1418374221097;unknown;unknown;1;-1;-1;-1;-1;-1;-1
;ServiceLog;md;1418374222222;unknown;unknown;1;-1;-1;-1;-1;-1;-1
;ServiceLog;md;1418374223319;unknown;unknown;1;-1;-1;-1;-1;-1;-1
;ServiceLog;md;1418374224441;unknown;unknown;1;-1;-1;-1;-1;-1;-1
;ServiceLog;md;1418374226644;unknown;unknown;1;-1;-1;-1;-1;-1;-1
;ServiceLog;md;1418374227725;unknown;unknown;1;-1;-1;-1;-1;-1;-1
;ServiceLog;md;1418374231166;unknown;unknown;1;-1;-1;-1;-1;-1;-1
;ServiceLog;md;1418374232276;3G;UMTS;1;250;1;802;504231;-1;0
;ServiceLog;md;1418374233306;3G;UMTS;1;250;1;802;504231;-1;-81
;ServiceLog;md;1418374234329;3G;UMTS;1;250;1;802;504231;-1;-81
;ServiceLog;md;1418374235350;3G;UMTS;1;250;1;802;504231;-1;-81
;ServiceLog;md;1418374236384;3G;UMTS;1;250;1;802;504231;-1;-75
;ServiceLog;md;1418374237404;3G;UMTS;1;250;1;802;504231;-1;-75
;ServiceLog;md;1418374238435;3G;UMTS;1;250;1;802;504231;-1;-75
;ServiceLog;md;1418374239454;3G;UMTS;1;250;1;802;504231;-1;-75
;ServiceLog;md;1418374240486;3G;UMTS;1;250;1;802;504231;-1;-75
;ServiceLog;md;1418374241518;3G;UMTS;1;250;1;802;504231;-1;-75
;ServiceLog;md;1418374242554;3G;UMTS;1;250;1;802;504231;-1;-77
;ServiceLog;md;1418374243585;3G;UMTS;1;250;1;802;504231;-1;-77
;ServiceLog;md;1418374244631;3G;UMTS;1;250;1;802;504231;-1;-79
;ServiceLog;md;1418374245653;3G;UMTS;1;250;1;802;504231;-1;-79
;ServiceLog;md;1418374246699;3G;UMTS;1;250;1;802;504231;-1;-79
;ServiceLog;md;1418374247752;3G;UMTS;1;250;1;802;479630;-1;-81
;ServiceLog;md;1418374248783;3G;UMTS;1;250;1;802;479630;-1;-81
;ServiceLog;md;1418374250773;3G;UMTS;1;250;1;802;479630;-1;-75
;ServiceLog;md;1418374251804;3G;UMTS;1;250;1;802;479630;-1;-75
;ServiceLog;md;1418374252836;3G;UMTS;1;250;1;802;479630;-1;-75
;ServiceLog;md;1418374253867;3G;UMTS;1;250;1;802;479630;-1;-77
;ServiceLog;md;1418374254900;3G;UMTS;1;250;1;802;479630;-1;-77
;ServiceLog;md;1418374255936;3G;UMTS;1;250;1;802;479630;-1;-77
;ServiceLog;md;1418374256972;3G;UMTS;1;250;1;802;479630;-1;-77
;ServiceLog;md;1418374258030;3G;UMTS;1;250;1;802;479630;-1;-77
;ServiceLog;md;1418374259057;3G;UMTS;1;250;1;802;479630;-1;-77
;ServiceLog;md;1418374260080;3G;UMTS;1;250;1;802;479630;-1;-81
;ServiceLog;md;1418374260080;3G;UMTS;250-1-802-479630;250;1;-1;-1;442;35
;ServiceLog;md;1418374260080;3G;UMTS;250-1-802-479630;250;1;-1;-1;156;15
;ServiceLog;md;1418374261903;3G;UMTS;1;250;1;802;512759;-1;-81
;ServiceLog;md;1418374262932;3G;UMTS;1;250;1;802;512759;-1;-83
;ServiceLog;md;1418374263965;3G;UMTS;1;250;1;802;512759;-1;-83
;ServiceLog;md;1418374264999;3G;UMTS;1;250;1;802;512759;-1;-83
;ServiceLog;md;1418374266032;3G;UMTS;1;250;1;802;512759;-1;-83
;ServiceLog;md;1418374267064;3G;UMTS;1;250;1;802;512759;-1;-83
;ServiceLog;md;1418374268104;3G;UMTS;1;250;1;802;512759;-1;-83
;ServiceLog;md;1418374269143;3G;UMTS;1;250;1;802;512759;-1;-89
;ServiceLog;md;1418374270039;3G;UMTS;1;250;1;821;510643;-1;-89
;ServiceLog;md;1418374271115;3G;UMTS;1;250;1;821;510643;-1;-89
;ServiceLog;md;1418374272136;3G;UMTS;1;250;1;821;510643;-1;-87
;ServiceLog;md;1418374273155;3G;UMTS;1;250;1;821;510643;-1;-87
;ServiceLog;md;1418374274188;3G;UMTS;1;250;1;821;510643;-1;-87
;ServiceLog;md;1418374275247;3G;UMTS;1;250;1;821;510643;-1;-73
;ServiceLog;md;1418374276282;3G;UMTS;1;250;1;821;510643;-1;-73
;ServiceLog;md;1418374277305;3G;UMTS;1;250;1;821;510643;-1;-73
;ServiceLog;md;1418374278381;3G;UMTS;1;250;1;821;510643;-1;-75
;ServiceLog;md;1418374279417;3G;UMTS;1;250;1;821;510643;-1;-75
;ServiceLog;md;1418374280449;3G;UMTS;1;250;1;821;510624;-1;-79
;ServiceLog;md;1418374281470;3G;UMTS;1;250;1;821;510624;-1;-79
;ServiceLog;md;1418374282508;3G;UMTS;1;250;1;821;510624;-1;-79
;ServiceLog;md;1418374283549;3G;UMTS;1;250;1;821;510624;-1;-77
;ServiceLog;md;1418374284596;3G;UMTS;1;250;1;821;510624;-1;-77
;ServiceLog;md;1418374285631;3G;UMTS;1;250;1;821;510624;-1;-77
;ServiceLog;md;1418374286666;3G;UMTS;1;250;1;821;510624;-1;-75
;ServiceLog;md;1418374287699;3G;UMTS;1;250;1;821;510624;-1;-75
;ServiceLog;md;1418374288734;3G;UMTS;1;250;1;821;510624;-1;-75
;ServiceLog;md;1418374289766;3G;UMTS;1;250;1;821;510624;-1;-75
;ServiceLog;md;1418374290797;3G;UMTS;1;250;1;821;510624;-1;-75
;ServiceLog;md;1418374291839;3G;UMTS;1;250;1;821;510624;-1;-75
;ServiceLog;md;1418374292914;3G;UMTS;1;250;1;821;510624;-1;-75
;ServiceLog;md;1418374293954;3G;UMTS;1;250;1;821;510624;-1;-75
;ServiceLog;md;1418374295017;3G;UMTS;1;250;1;821;510624;-1;-75
;ServiceLog;md;1418374296052;3G;UMTS;1;250;1;821;510624;-1;-77
;ServiceLog;md;1418374297083;3G;UMTS;1;250;1;821;510624;-1;-77
;ServiceLog;md;1418374298130;3G;UMTS;1;250;1;821;510624;-1;-77
;ServiceLog;md;1418374299164;3G;UMTS;1;250;1;821;510624;-1;-81
;ServiceLog;md;1418374300212;3G;UMTS;1;250;1;821;510624;-1;-81
;ServiceLog;md;1418374301244;3G;UMTS;1;250;1;821;510624;-1;-81
;ServiceLog;md;1418374302275;3G;UMTS;1;250;1;821;510624;-1;-83
;ServiceLog;md;1418374303314;3G;UMTS;1;250;1;821;510624;-1;-83
;ServiceLog;md;1418374304360;3G;UMTS;1;250;1;821;510624;-1;-83
;ServiceLog;md;1418374305389;3G;UMTS;1;250;1;821;510624;-1;-87
;ServiceLog;md;1418374306422;3G;UMTS;1;250;1;821;510624;-1;-87
;ServiceLog;md;1418374307453;3G;UMTS;1;250;1;821;510624;-1;-91
;ServiceLog;md;1418374308496;2G;GPRS;1;250;1;821;54662;-1;-93
;ServiceLog;md;1418374309530;2G;GPRS;1;250;1;821;54662;-1;-93
;ServiceLog;md;1418374310570;2G;GPRS;1;250;1;821;54662;-1;-93
;ServiceLog;md;1418374311659;2G;GPRS;1;250;1;821;54662;-1;-85
;ServiceLog;md;1418374311659;2G;GPRS;250-1-821-54662;250;1;821;42601;-1;0
;ServiceLog;md;1418374312756;2G;GPRS;1;250;1;821;54662;-1;-85
;ServiceLog;md;1418374312756;2G;GPRS;250-1-821-54662;250;1;821;54665;-1;0
;ServiceLog;md;1418374312756;2G;GPRS;250-1-821-54662;250;1;821;42601;-1;-89
;ServiceLog;md;1418374313826;2G;GPRS;1;250;1;821;54662;-1;-77
;ServiceLog;md;1418374313826;2G;GPRS;250-1-821-54662;250;1;821;54665;-1;-91
;ServiceLog;md;1418374313826;2G;GPRS;250-1-821-54662;250;1;821;42601;-1;-89
;ServiceLog;md;1418374313826;2G;GPRS;250-1-821-54662;250;1;821;3103;-1;0
;ServiceLog;md;1418374314871;2G;GPRS;1;250;1;821;54662;-1;-77
;ServiceLog;md;1418374314871;2G;GPRS;250-1-821-54662;250;1;821;54665;-1;-93
;ServiceLog;md;1418374314871;2G;GPRS;250-1-821-54662;250;1;821;42601;-1;-89
;ServiceLog;md;1418374314871;2G;GPRS;250-1-821-54662;250;1;821;3103;-1;-95
;ServiceLog;md;1418374314871;2G;GPRS;250-1-821-54662;250;1;821;42603;-1;0
;ServiceLog;md;1418374315906;2G;GPRS;1;250;1;821;54662;-1;-77
;ServiceLog;md;1418374315906;2G;GPRS;250-1-821-54662;250;1;821;54665;-1;-93
;ServiceLog;md;1418374315906;2G;GPRS;250-1-821-54662;250;1;821;42601;-1;-89
;ServiceLog;md;1418374315906;2G;GPRS;250-1-821-54662;250;1;821;3103;-1;-95
;ServiceLog;md;1418374315906;2G;GPRS;250-1-821-54662;250;1;821;42603;-1;-103
;ServiceLog;md;1418374315906;2G;GPRS;250-1-821-54662;250;1;821;42604;-1;-101
;ServiceLog;md;1418374316942;2G;GPRS;1;250;1;821;54662;-1;-77
;ServiceLog;md;1418374316942;2G;GPRS;250-1-821-54662;250;1;821;54665;-1;-93
;ServiceLog;md;1418374316942;2G;GPRS;250-1-821-54662;250;1;821;42601;-1;-89
;ServiceLog;md;1418374316942;2G;GPRS;250-1-821-54662;250;1;821;3103;-1;-95
;ServiceLog;md;1418374316942;2G;GPRS;250-1-821-54662;250;1;821;42603;-1;-103
;ServiceLog;md;1418374316942;2G;GPRS;250-1-821-54662;250;1;821;42604;-1;-99
;ServiceLog;md;1418374316942;2G;GPRS;250-1-821-54662;250;1;802;17581;-1;-101
;ServiceLog;md;1418374317979;2G;GPRS;1;250;1;821;54662;-1;-77
;ServiceLog;md;1418374317979;2G;GPRS;250-1-821-54662;250;1;821;54665;-1;-91
;ServiceLog;md;1418374317979;2G;GPRS;250-1-821-54662;250;1;821;42601;-1;-89
;ServiceLog;md;1418374317979;2G;GPRS;250-1-821-54662;250;1;821;3103;-1;-95
;ServiceLog;md;1418374317979;2G;GPRS;250-1-821-54662;250;1;821;42603;-1;-103
;ServiceLog;md;1418374317979;2G;GPRS;250-1-821-54662;250;1;821;42604;-1;-99
;ServiceLog;md;1418374317979;2G;GPRS;250-1-821-54662;250;1;802;17581;-1;-101
;ServiceLog;md;1418374319105;3G;UMTS;1;250;1;821;513420;-1;-77
;ServiceLog;md;1418374320173;3G;UMTS;1;250;1;821;513420;-1;-77
;ServiceLog;md;1418374321240;3G;UMTS;1;250;1;821;513420;-1;-85
;ServiceLog;md;1418374322274;3G;UMTS;1;250;1;821;513420;-1;-85
;ServiceLog;md;1418374323307;3G;UMTS;1;250;1;821;513420;-1;-85
;ServiceLog;md;1418374324335;3G;UMTS;1;250;1;821;513420;-1;-89
;ServiceLog;md;1418374325384;3G;UMTS;1;250;1;821;513420;-1;-89
;ServiceLog;md;1418374326418;3G;UMTS;1;250;1;821;491219;-1;-89
;ServiceLog;md;1418374327448;3G;UMTS;1;250;1;821;491219;-1;-89
;ServiceLog;md;1418374328476;3G;UMTS;1;250;1;821;491219;-1;-89
;ServiceLog;md;1418374329506;3G;UMTS;1;250;1;821;491219;-1;-89
;ServiceLog;md;1418374330536;3G;UMTS;1;250;1;821;491219;-1;-91
;ServiceLog;md;1418374331568;3G;UMTS;1;250;1;821;491219;-1;-91
;ServiceLog;md;1418374332652;3G;UMTS;1;250;1;821;491219;-1;-91
;ServiceLog;md;1418374333686;3G;UMTS;1;250;1;821;491219;-1;-91
;ServiceLog;md;1418374334742;3G;UMTS;1;250;1;821;491219;-1;-91
;ServiceLog;md;1418374335776;3G;UMTS;1;250;1;821;491219;-1;-91
;ServiceLog;md;1418374336810;3G;UMTS;1;250;1;821;491219;-1;-83
;ServiceLog;md;1418374337845;3G;UMTS;1;250;1;821;491219;-1;-83
;ServiceLog;md;1418374338879;3G;UMTS;1;250;1;821;491219;-1;-83
;ServiceLog;md;1418374339911;3G;UMTS;1;250;1;821;491219;-1;-77
;ServiceLog;md;1418374340941;3G;UMTS;1;250;1;821;491219;-1;-77
;ServiceLog;md;1418374341971;3G;UMTS;1;250;1;821;491219;-1;-77
;ServiceLog;md;1418374343003;3G;UMTS;1;250;1;821;491219;-1;-73
;ServiceLog;md;1418374344035;3G;UMTS;1;250;1;821;491219;-1;-73
;ServiceLog;md;1418374345085;3G;UMTS;1;250;1;821;491219;-1;-73
;ServiceLog;md;1418374346120;3G;UMTS;1;250;1;821;491219;-1;-73
;ServiceLog;md;1418374347189;3G;UMTS;1;250;1;821;491219;-1;-73
;ServiceLog;md;1418374348224;3G;UMTS;1;250;1;821;491219;-1;-69
;ServiceLog;md;1418374349290;3G;UMTS;1;250;1;821;491219;-1;-69
;ServiceLog;md;1418374350426;3G;UMTS;1;250;1;821;491219;-1;-69
;ServiceLog;md;1418374351475;3G;UMTS;1;250;1;821;491219;-1;-69
;ServiceLog;md;1418374353692;3G;UMTS;1;250;1;821;491219;-1;-69
;ServiceLog;md;1418374354725;3G;UMTS;1;250;1;821;491219;-1;-73
;ServiceLog;md;1418374355799;3G;UMTS;1;250;1;821;491219;-1;-73
;ServiceLog;md;1418374356829;3G;UMTS;1;250;1;821;491219;-1;-73
;ServiceLog;md;1418374357862;3G;UMTS;1;250;1;821;491219;-1;-77
;ServiceLog;md;1418374358898;3G;UMTS;1;250;1;821;491219;-1;-77
;ServiceLog;md;1418374359929;3G;UMTS;1;250;1;821;491219;-1;-77
;ServiceLog;md;1418374360974;3G;UMTS;1;250;1;821;491219;-1;-83
;ServiceLog;md;1418374362013;3G;UMTS;1;250;1;821;491219;-1;-83
;ServiceLog;md;1418374363047;3G;UMTS;1;250;1;821;491219;-1;-83
;ServiceLog;md;1418374364081;3G;UMTS;1;250;1;821;491219;-1;-91
;ServiceLog;md;1418374365128;3G;UMTS;1;250;1;821;491219;-1;-91
;ServiceLog;md;1418374366159;3G;UMTS;1;250;1;821;491219;-1;-95
;ServiceLog;md;1418374367209;3G;UMTS;1;250;1;821;491219;-1;-95
;ServiceLog;md;1418374368239;3G;UMTS;1;250;1;821;491219;-1;-95
;ServiceLog;md;1418374369268;3G;UMTS;1;250;1;821;491219;-1;-99
;ServiceLog;md;1418374370299;3G;UMTS;1;250;1;821;491219;-1;-99
;ServiceLog;md;1418374371335;3G;UMTS;1;250;1;821;491219;-1;-99
;ServiceLog;md;1418374372380;3G;UMTS;1;250;1;821;491219;-1;0
;ServiceLog;md;1418374373428;3G;UMTS;1;250;1;821;491219;-1;0
;ServiceLog;md;1418374374503;3G;UMTS;1;250;1;821;491219;-1;0
;ServiceLog;md;1418374375540;3G;UMTS;1;250;1;821;491219;-1;0
;ServiceLog;md;1418374376582;3G;UMTS;1;250;1;821;491219;-1;0
;ServiceLog;md;1418374377632;3G;UMTS;1;250;1;821;491219;-1;0
;ServiceLog;md;1418374378666;3G;UMTS;1;250;1;821;491219;-1;0
;ServiceLog;md;1418374379732;3G;UMTS;1;250;1;821;491219;-1;0
;ServiceLog;md;1418374380766;3G;UMTS;1;250;1;821;491219;-1;0
;ServiceLog;md;1418374381822;3G;UMTS;1;250;1;821;491219;-1;0
;ServiceLog;md;1418374382901;unknown;unknown;1;-1;-1;-1;-1;-1;-1
;ServiceLog;md;1418374383942;unknown;unknown;1;-1;-1;-1;-1;-1;-1
;ServiceLog;md;1418374384975;unknown;unknown;1;-1;-1;-1;-1;-1;-1
;ServiceLog;md;1418374386009;unknown;unknown;1;-1;-1;-1;-1;-1;-1
;ServiceLog;md;1418374387049;unknown;unknown;1;-1;-1;-1;-1;-1;-1
;ServiceLog;md;1418374388091;unknown;unknown;1;-1;-1;-1;-1;-1;-1
;ServiceLog;md;1418374389128;unknown;unknown;1;-1;-1;-1;-1;-1;-1
;ServiceLog;md;1418374390172;unknown;unknown;1;-1;-1;-1;-1;-1;-1
;ServiceLog;md;1418374391189;unknown;unknown;1;-1;-1;-1;-1;-1;-1
;ServiceLog;md;1418374392222;unknown;unknown;1;-1;-1;-1;-1;-1;-1
;ServiceLog;md;1418374393262;unknown;unknown;1;-1;-1;-1;-1;-1;-1
;ServiceLog;md;1418374394289;unknown;unknown;1;-1;-1;-1;-1;-1;-1
;ServiceLog;md;1418374395318;unknown;unknown;1;-1;-1;-1;-1;-1;-1
;ServiceLog;md;1418374396350;unknown;unknown;1;-1;-1;-1;-1;-1;-1
;ServiceLog;md;1418374397368;unknown;unknown;1;-1;-1;-1;-1;-1;-1
;ServiceLog;md;1418374398397;unknown;unknown;1;-1;-1;-1;-1;-1;-1
;ServiceLog;md;1418374399452;unknown;unknown;1;-1;-1;-1;-1;-1;-1
;ServiceLog;md;1418374400493;unknown;unknown;1;-1;-1;-1;-1;-1;-1
;ServiceLog;md;1418374401946;unknown;unknown;1;-1;-1;-1;-1;-1;-1
;ServiceLog;md;1418374403017;unknown;unknown;1;-1;-1;-1;-1;-1;-1
;ServiceLog;md;1418374404055;unknown;unknown;1;-1;-1;-1;-1;-1;-1
;ServiceLog;md;1418374405113;unknown;unknown;1;-1;-1;-1;-1;-1;-1
;ServiceLog;md;1418374406142;unknown;unknown;1;-1;-1;-1;-1;-1;-1
;ServiceLog;md;1418374407168;unknown;unknown;1;-1;-1;-1;-1;-1;-1
;ServiceLog;md;1418374408194;unknown;unknown;1;-1;-1;-1;-1;-1;-1
;ServiceLog;md;1418374409224;unknown;unknown;1;-1;-1;-1;-1;-1;-1
;ServiceLog;md;1418374410257;unknown;unknown;1;-1;-1;-1;-1;-1;-1
;ServiceLog;md;1418374411480;unknown;unknown;1;-1;-1;-1;-1;-1;-1
;ServiceLog;md;1418374412511;unknown;unknown;1;-1;-1;-1;-1;-1;-1
;ServiceLog;md;1418374413597;unknown;unknown;1;-1;-1;-1;-1;-1;-1
;ServiceLog;md;1418374414666;unknown;unknown;1;-1;-1;-1;-1;-1;-1
;ServiceLog;md;1418374415698;unknown;unknown;1;-1;-1;-1;-1;-1;-1
;ServiceLog;md;1418374416727;unknown;unknown;1;-1;-1;-1;-1;-1;-1
;ServiceLog;md;1418374417755;unknown;unknown;1;-1;-1;-1;-1;-1;-1
;ServiceLog;md;1418374418797;unknown;unknown;1;-1;-1;-1;-1;-1;-1
;ServiceLog;md;1418374419830;unknown;unknown;1;-1;-1;-1;-1;-1;-1
;ServiceLog;md;1418374420860;unknown;unknown;1;-1;-1;-1;-1;-1;-1
;ServiceLog;md;1418374421886;unknown;unknown;1;-1;-1;-1;-1;-1;-1
;ServiceLog;md;1418374422945;unknown;unknown;1;-1;-1;-1;-1;-1;-1
;ServiceLog;md;1418374424000;unknown;unknown;1;-1;-1;-1;-1;-1;-1
;ServiceLog;md;1418374425039;unknown;unknown;1;-1;-1;-1;-1;-1;-1
;ServiceLog;md;1418374426131;unknown;unknown;1;-1;-1;-1;-1;-1;-1
;ServiceLog;md;1418374427193;unknown;unknown;1;-1;-1;-1;-1;-1;-1
;ServiceLog;md;1418374428225;unknown;unknown;1;-1;-1;-1;-1;-1;-1
;ServiceLog;md;1418374429253;unknown;unknown;1;-1;-1;-1;-1;-1;-1
;ServiceLog;md;1418374430345;unknown;unknown;1;-1;-1;-1;-1;-1;-1
;ServiceLog;md;1418374431408;unknown;unknown;1;-1;-1;-1;-1;-1;-1
;ServiceLog;md;1418374432451;unknown;unknown;1;-1;-1;-1;-1;-1;-1
;ServiceLog;md;1418374433557;unknown;unknown;1;-1;-1;-1;-1;-1;-1
;ServiceLog;md;1418374434588;unknown;unknown;1;-1;-1;-1;-1;-1;-1
;ServiceLog;md;1418374435653;unknown;unknown;1;-1;-1;-1;-1;-1;-1
;ServiceLog;md;1418374436682;unknown;unknown;1;-1;-1;-1;-1;-1;-1
;ServiceLog;md;1418374437737;unknown;unknown;1;-1;-1;-1;-1;-1;-1
;ServiceLog;md;1418374438792;unknown;unknown;1;-1;-1;-1;-1;-1;-1
;ServiceLog;md;1418374439808;unknown;unknown;1;-1;-1;-1;-1;-1;-1
;ServiceLog;md;1418374440843;unknown;unknown;1;-1;-1;-1;-1;-1;-1
;ServiceLog;md;1418374441873;unknown;unknown;1;-1;-1;-1;-1;-1;-1
;ServiceLog;md;1418374442903;unknown;unknown;1;-1;-1;-1;-1;-1;-1
;ServiceLog;md;1418374443939;unknown;unknown;1;-1;-1;-1;-1;-1;-1
;ServiceLog;md;1418374445006;unknown;unknown;1;-1;-1;-1;-1;-1;-1
;ServiceLog;md;1418374446080;unknown;unknown;1;-1;-1;-1;-1;-1;-1
;ServiceLog;md;1418374447159;unknown;unknown;1;-1;-1;-1;-1;-1;-1
;ServiceLog;md;1418374448221;unknown;unknown;1;-1;-1;-1;-1;-1;-1
;ServiceLog;md;1418374449289;unknown;unknown;1;-1;-1;-1;-1;-1;-1
;ServiceLog;md;1418374450334;unknown;unknown;1;-1;-1;-1;-1;-1;-1
;ServiceLog;md;1418374451402;unknown;unknown;1;-1;-1;-1;-1;-1;-1
;ServiceLog;md;1418374452433;unknown;unknown;1;-1;-1;-1;-1;-1;-1
;ServiceLog;md;1418374453507;unknown;unknown;1;-1;-1;-1;-1;-1;-1
;ServiceLog;md;1418374454537;unknown;unknown;1;-1;-1;-1;-1;-1;-1
;ServiceLog;md;1418374455596;unknown;unknown;1;-1;-1;-1;-1;-1;-1
;ServiceLog;md;1418374456626;unknown;unknown;1;-1;-1;-1;-1;-1;-1
;ServiceLog;md;1418374457697;unknown;unknown;1;-1;-1;-1;-1;-1;-1
;ServiceLog;md;1418374458774;unknown;unknown;1;-1;-1;-1;-1;-1;-1
;ServiceLog;md;1418374459839;unknown;unknown;1;-1;-1;-1;-1;-1;-1
;ServiceLog;md;1418374460910;unknown;unknown;1;-1;-1;-1;-1;-1;-1
;ServiceLog;md;1418374461973;unknown;unknown;1;-1;-1;-1;-1;-1;-1
;ServiceLog;md;1418374463042;unknown;unknown;1;-1;-1;-1;-1;-1;-1
;ServiceLog;md;1418374462883;2G;EDGE;1;250;1;660;11971;-1;-85
;ServiceLog;md;1418374463927;2G;EDGE;1;250;1;660;11971;-1;-85
;ServiceLog;md;1418374464943;2G;EDGE;1;250;1;660;11971;-1;-85
;ServiceLog;md;1418374465959;2G;EDGE;1;250;1;660;11971;-1;-79
;ServiceLog;md;1418374466976;2G;EDGE;1;250;1;660;11971;-1;-79
;ServiceLog;md;1418374468020;2G;EDGE;1;250;1;660;11971;-1;-79
;ServiceLog;md;1418374469048;2G;EDGE;1;250;1;660;11971;-1;-83
;ServiceLog;md;1418374470078;2G;EDGE;1;250;1;660;11971;-1;-83
;ServiceLog;md;1418374471109;2G;EDGE;1;250;1;660;11971;-1;-83
;ServiceLog;md;1418374472177;2G;EDGE;1;250;1;660;11971;-1;-85
;ServiceLog;md;1418374473210;2G;EDGE;1;250;1;660;11971;-1;-85
;ServiceLog;md;1418374474288;2G;EDGE;1;250;1;660;11971;-1;-85
;ServiceLog;md;1418374475349;2G;EDGE;1;250;1;660;11971;-1;-85
;ServiceLog;md;1418374476410;2G;EDGE;1;250;1;660;11971;-1;-85
;ServiceLog;md;1418374477494;2G;EDGE;1;250;1;660;11971;-1;-85
;ServiceLog;md;1418374478523;2G;EDGE;1;250;1;660;11971;-1;-83
;ServiceLog;md;1418374479604;2G;EDGE;1;250;1;660;11971;-1;-83
;ServiceLog;md;1418374480686;2G;EDGE;1;250;1;660;11971;-1;-83
;ServiceLog;md;1418374481751;2G;EDGE;1;250;1;660;11971;-1;-85
;ServiceLog;md;1418374482804;2G;EDGE;1;250;1;660;11971;-1;-85
;ServiceLog;md;1418374483870;2G;EDGE;1;250;1;660;11971;-1;-89
;ServiceLog;md;1418374484943;2G;EDGE;1;250;1;660;11971;-1;-89
;ServiceLog;md;1418374485973;2G;EDGE;1;250;1;660;11971;-1;-89
;ServiceLog;md;1418374487005;2G;EDGE;1;250;1;660;11971;-1;-93
;ServiceLog;md;1418374488068;2G;EDGE;1;250;1;660;11971;-1;-93
;ServiceLog;md;1418374489114;2G;EDGE;1;250;1;660;11971;-1;-93
;ServiceLog;md;1418374490150;2G;EDGE;1;250;1;660;11971;-1;-93
;ServiceLog;md;1418374491216;2G;EDGE;1;250;1;660;11971;-1;-93
;ServiceLog;md;1418374492247;2G;EDGE;1;250;1;660;11971;-1;-93
;ServiceLog;md;1418374493324;2G;EDGE;1;250;1;660;11971;-1;-93
;ServiceLog;md;1418374494900;2G;EDGE;1;250;1;660;11971;-1;-93
;ServiceLog;md;1418374495984;2G;EDGE;1;250;1;660;11971;-1;-93
;ServiceLog;md;1418374497046;2G;EDGE;1;250;1;660;11971;-1;-93
;ServiceLog;md;1418374498118;2G;EDGE;1;250;1;660;11971;-1;-93
;ServiceLog;md;1418374499188;2G;EDGE;1;250;1;660;11971;-1;-93
;ServiceLog;md;1418374500230;2G;EDGE;1;250;1;660;11971;-1;0
;ServiceLog;md;1418374501267;unknown;unknown;1;-1;-1;-1;-1;-1;-1
;ServiceLog;md;1418374502325;unknown;unknown;1;-1;-1;-1;-1;-1;-1
;ServiceLog;md;1418374503378;unknown;unknown;1;-1;-1;-1;-1;-1;-1
;ServiceLog;md;1418374504407;unknown;unknown;1;-1;-1;-1;-1;-1;-1
;ServiceLog;md;1418374505442;unknown;unknown;1;-1;-1;-1;-1;-1;-1
;ServiceLog;md;1418374506480;unknown;unknown;1;-1;-1;-1;-1;-1;-1
;ServiceLog;md;1418374507508;unknown;unknown;1;-1;-1;-1;-1;-1;-1
;ServiceLog;md;1418374508791;unknown;unknown;1;-1;-1;-1;-1;-1;-1
;ServiceLog;md;1418374509842;unknown;unknown;1;-1;-1;-1;-1;-1;-1
;ServiceLog;md;1418374510888;unknown;unknown;1;-1;-1;-1;-1;-1;-1
;ServiceLog;md;1418374511923;unknown;unknown;1;-1;-1;-1;-1;-1;-1
;ServiceLog;md;1418374512984;unknown;unknown;1;-1;-1;-1;-1;-1;-1
;ServiceLog;md;1418374514045;unknown;unknown;1;-1;-1;-1;-1;-1;-1
;ServiceLog;md;1418374515074;unknown;unknown;1;-1;-1;-1;-1;-1;-1
;ServiceLog;md;1418374516110;unknown;unknown;1;-1;-1;-1;-1;-1;-1
;ServiceLog;md;1418374517155;unknown;unknown;1;-1;-1;-1;-1;-1;-1
;ServiceLog;md;1418374518196;unknown;unknown;1;-1;-1;-1;-1;-1;-1
;ServiceLog;md;1418374519226;unknown;unknown;1;-1;-1;-1;-1;-1;-1
;ServiceLog;md;1418374520260;unknown;unknown;1;-1;-1;-1;-1;-1;-1
;ServiceLog;md;1418374521512;unknown;unknown;1;-1;-1;-1;-1;-1;-1
;ServiceLog;md;1418374522539;unknown;unknown;1;-1;-1;-1;-1;-1;-1
;ServiceLog;md;1418374523582;unknown;unknown;1;-1;-1;-1;-1;-1;-1
;ServiceLog;md;1418374524629;unknown;unknown;1;-1;-1;-1;-1;-1;-1
;ServiceLog;md;1418374525777;unknown;unknown;1;-1;-1;-1;-1;-1;-1
;ServiceLog;md;1418374526806;unknown;unknown;1;-1;-1;-1;-1;-1;-1
;ServiceLog;md;1418374527840;unknown;unknown;1;-1;-1;-1;-1;-1;-1
;ServiceLog;md;1418374528885;unknown;unknown;1;-1;-1;-1;-1;-1;-1
;ServiceLog;md;1418374529927;unknown;unknown;1;-1;-1;-1;-1;-1;-1
;ServiceLog;md;1418374530987;unknown;unknown;1;-1;-1;-1;-1;-1;-1
;ServiceLog;md;1418374532025;unknown;unknown;1;-1;-1;-1;-1;-1;-1
;ServiceLog;md;1418374533059;unknown;unknown;1;-1;-1;-1;-1;-1;-1
;ServiceLog;md;1418374534100;unknown;unknown;1;-1;-1;-1;-1;-1;-1
;ServiceLog;md;1418374535132;unknown;unknown;1;-1;-1;-1;-1;-1;-1
;ServiceLog;md;1418374536163;unknown;unknown;1;-1;-1;-1;-1;-1;-1
;ServiceLog;md;1418374537429;unknown;unknown;1;-1;-1;-1;-1;-1;-1
;ServiceLog;md;1418374538458;unknown;unknown;1;-1;-1;-1;-1;-1;-1
;ServiceLog;md;1418374539542;unknown;unknown;1;-1;-1;-1;-1;-1;-1
;ServiceLog;md;1418374540574;unknown;unknown;1;-1;-1;-1;-1;-1;-1
;ServiceLog;md;1418374541641;unknown;unknown;1;-1;-1;-1;-1;-1;-1
;ServiceLog;md;1418374542706;unknown;unknown;1;-1;-1;-1;-1;-1;-1
;ServiceLog;md;1418374543757;unknown;unknown;1;-1;-1;-1;-1;-1;-1
;ServiceLog;md;1418374544808;unknown;unknown;1;-1;-1;-1;-1;-1;-1
;ServiceLog;md;1418374545842;unknown;unknown;1;-1;-1;-1;-1;-1;-1
;ServiceLog;md;1418374546923;unknown;unknown;1;-1;-1;-1;-1;-1;-1
;ServiceLog;md;1418374547972;unknown;unknown;1;-1;-1;-1;-1;-1;-1
;ServiceLog;md;1418374549027;unknown;unknown;1;-1;-1;-1;-1;-1;-1
;ServiceLog;md;1418374550057;unknown;unknown;1;-1;-1;-1;-1;-1;-1
;ServiceLog;md;1418374551075;unknown;unknown;1;-1;-1;-1;-1;-1;-1
;ServiceLog;md;1418374552493;unknown;unknown;1;-1;-1;-1;-1;-1;-1
;ServiceLog;md;1418374553508;unknown;unknown;1;-1;-1;-1;-1;-1;-1
;ServiceLog;md;1418374554536;unknown;unknown;1;-1;-1;-1;-1;-1;-1
;ServiceLog;md;1418374555567;unknown;unknown;1;-1;-1;-1;-1;-1;-1
;ServiceLog;md;1418374556597;unknown;unknown;1;-1;-1;-1;-1;-1;-1
;ServiceLog;md;1418374557626;unknown;unknown;1;-1;-1;-1;-1;-1;-1
;ServiceLog;md;1418374558644;unknown;unknown;1;-1;-1;-1;-1;-1;-1
;ServiceLog;md;1418374559683;unknown;unknown;1;-1;-1;-1;-1;-1;-1
;ServiceLog;md;1418374560715;unknown;unknown;1;-1;-1;-1;-1;-1;-1
;ServiceLog;md;1418374561748;unknown;unknown;1;-1;-1;-1;-1;-1;-1
;ServiceLog;md;1418374562776;unknown;unknown;1;-1;-1;-1;-1;-1;-1
;ServiceLog;md;1418374563807;unknown;unknown;1;-1;-1;-1;-1;-1;-1
;ServiceLog;md;1418374564867;unknown;unknown;1;-1;-1;-1;-1;-1;-1
;ServiceLog;md;1418374565935;unknown;unknown;1;-1;-1;-1;-1;-1;-1
;ServiceLog;md;1418374567278;unknown;unknown;1;-1;-1;-1;-1;-1;-1
;ServiceLog;md;1418374568343;unknown;unknown;1;-1;-1;-1;-1;-1;-1
;ServiceLog;md;1418374569411;unknown;unknown;1;-1;-1;-1;-1;-1;-1
;ServiceLog;md;1418374570486;unknown;unknown;1;-1;-1;-1;-1;-1;-1
;ServiceLog;md;1418374571561;unknown;unknown;1;-1;-1;-1;-1;-1;-1
;ServiceLog;md;1418374572596;unknown;unknown;1;-1;-1;-1;-1;-1;-1
;ServiceLog;md;1418374573658;unknown;unknown;1;-1;-1;-1;-1;-1;-1
;ServiceLog;md;1418374574710;unknown;unknown;1;-1;-1;-1;-1;-1;-1
;ServiceLog;md;1418374575772;unknown;unknown;1;-1;-1;-1;-1;-1;-1
;ServiceLog;md;1418374576806;unknown;unknown;1;-1;-1;-1;-1;-1;-1
;ServiceLog;md;1418374577890;unknown;unknown;1;-1;-1;-1;-1;-1;-1
;ServiceLog;md;1418374579111;unknown;unknown;1;-1;-1;-1;-1;-1;-1
;ServiceLog;md;1418374580141;unknown;unknown;1;-1;-1;-1;-1;-1;-1
;ServiceLog;md;1418374581187;unknown;unknown;1;-1;-1;-1;-1;-1;-1
;ServiceLog;md;1418374582214;unknown;unknown;1;-1;-1;-1;-1;-1;-1
;ServiceLog;md;1418374583231;unknown;unknown;1;-1;-1;-1;-1;-1;-1
;ServiceLog;md;1418374584276;unknown;unknown;1;-1;-1;-1;-1;-1;-1
;ServiceLog;md;1418374586138;unknown;unknown;1;-1;-1;-1;-1;-1;-1
;ServiceLog;md;1418374587178;unknown;unknown;1;-1;-1;-1;-1;-1;-1
;ServiceLog;md;1418374588208;unknown;unknown;1;-1;-1;-1;-1;-1;-1
;ServiceLog;md;1418374589241;unknown;unknown;1;-1;-1;-1;-1;-1;-1
;ServiceLog;md;1418374590276;unknown;unknown;1;-1;-1;-1;-1;-1;-1
;ServiceLog;md;1418374591314;unknown;unknown;1;-1;-1;-1;-1;-1;-1
;ServiceLog;md;1418374592363;unknown;unknown;1;-1;-1;-1;-1;-1;-1
;ServiceLog;md;1418374593382;unknown;unknown;1;-1;-1;-1;-1;-1;-1
;ServiceLog;md;1418374594400;unknown;unknown;1;-1;-1;-1;-1;-1;-1
;ServiceLog;md;1418374595424;unknown;unknown;1;-1;-1;-1;-1;-1;-1
;ServiceLog;md;1418374596485;unknown;unknown;1;-1;-1;-1;-1;-1;-1
;ServiceLog;md;1418374597526;unknown;unknown;1;-1;-1;-1;-1;-1;-1
;ServiceLog;md;1418374598564;unknown;unknown;1;-1;-1;-1;-1;-1;-1
;ServiceLog;md;1418374599584;unknown;unknown;1;-1;-1;-1;-1;-1;-1
;ServiceLog;md;1418374600626;unknown;unknown;1;-1;-1;-1;-1;-1;-1
;ServiceLog;md;1418374601693;unknown;unknown;1;-1;-1;-1;-1;-1;-1
;ServiceLog;md;1418374602757;unknown;unknown;1;-1;-1;-1;-1;-1;-1
;ServiceLog;md;1418374603782;unknown;unknown;1;-1;-1;-1;-1;-1;-1
;ServiceLog;md;1418374604882;unknown;unknown;1;-1;-1;-1;-1;-1;-1
;ServiceLog;md;1418374605916;unknown;unknown;1;-1;-1;-1;-1;-1;-1
;ServiceLog;md;1418374606946;unknown;unknown;1;-1;-1;-1;-1;-1;-1
;ServiceLog;md;1418374607973;unknown;unknown;1;-1;-1;-1;-1;-1;-1
;ServiceLog;md;1418374608999;unknown;unknown;1;-1;-1;-1;-1;-1;-1
;ServiceLog;md;1418374610029;unknown;unknown;1;-1;-1;-1;-1;-1;-1
;ServiceLog;md;1418374611058;unknown;unknown;1;-1;-1;-1;-1;-1;-1
;ServiceLog;md;1418374612084;unknown;unknown;1;-1;-1;-1;-1;-1;-1
;ServiceLog;md;1418374613116;unknown;unknown;1;-1;-1;-1;-1;-1;-1
;ServiceLog;md;1418374614145;unknown;unknown;1;-1;-1;-1;-1;-1;-1
;ServiceLog;md;1418374615194;unknown;unknown;1;-1;-1;-1;-1;-1;-1
;ServiceLog;md;1418374616245;unknown;unknown;1;-1;-1;-1;-1;-1;-1
;ServiceLog;md;1418374617301;unknown;unknown;1;-1;-1;-1;-1;-1;-1
;ServiceLog;md;1418374618392;unknown;unknown;1;-1;-1;-1;-1;-1;-1
;ServiceLog;md;1418374619423;unknown;unknown;1;-1;-1;-1;-1;-1;-1
;ServiceLog;md;1418374620479;unknown;unknown;1;-1;-1;-1;-1;-1;-1
;ServiceLog;md;1418374621520;unknown;unknown;1;-1;-1;-1;-1;-1;-1
;ServiceLog;md;1418374622571;unknown;unknown;1;-1;-1;-1;-1;-1;-1
;ServiceLog;md;1418374623604;unknown;unknown;1;-1;-1;-1;-1;-1;-1
;ServiceLog;md;1418374624666;unknown;unknown;1;-1;-1;-1;-1;-1;-1
;ServiceLog;md;1418374625706;unknown;unknown;1;-1;-1;-1;-1;-1;-1
;ServiceLog;md;1418374626741;unknown;unknown;1;-1;-1;-1;-1;-1;-1
;ServiceLog;md;1418374627780;unknown;unknown;1;-1;-1;-1;-1;-1;-1
;ServiceLog;md;1418374628838;unknown;unknown;1;-1;-1;-1;-1;-1;-1
;ServiceLog;md;1418374629871;unknown;unknown;1;-1;-1;-1;-1;-1;-1
;ServiceLog;md;1418374630906;unknown;unknown;1;-1;-1;-1;-1;-1;-1
;ServiceLog;md;1418374631935;unknown;unknown;1;-1;-1;-1;-1;-1;-1
;ServiceLog;md;1418374632967;unknown;unknown;1;-1;-1;-1;-1;-1;-1
;ServiceLog;md;1418374633996;unknown;unknown;1;-1;-1;-1;-1;-1;-1
;ServiceLog;md;1418374635024;unknown;unknown;1;-1;-1;-1;-1;-1;-1
;ServiceLog;md;1418374636052;unknown;unknown;1;-1;-1;-1;-1;-1;-1
;ServiceLog;md;1418374637081;unknown;unknown;1;-1;-1;-1;-1;-1;-1
;ServiceLog;md;1418374638113;unknown;unknown;1;-1;-1;-1;-1;-1;-1
;ServiceLog;md;1418374639150;unknown;unknown;1;-1;-1;-1;-1;-1;-1
;ServiceLog;md;1418374640184;unknown;unknown;1;-1;-1;-1;-1;-1;-1
;ServiceLog;md;1418374641213;unknown;unknown;1;-1;-1;-1;-1;-1;-1
;ServiceLog;md;1418374642241;unknown;unknown;1;-1;-1;-1;-1;-1;-1
;ServiceLog;md;1418374643269;unknown;unknown;1;-1;-1;-1;-1;-1;-1
;ServiceLog;md;1418374644299;unknown;unknown;1;-1;-1;-1;-1;-1;-1
;ServiceLog;md;1418374645331;unknown;unknown;1;-1;-1;-1;-1;-1;-1
;ServiceLog;md;1418374646362;unknown;unknown;1;-1;-1;-1;-1;-1;-1
;ServiceLog;md;1418374647389;unknown;unknown;1;-1;-1;-1;-1;-1;-1
;ServiceLog;md;1418374648705;unknown;unknown;1;-1;-1;-1;-1;-1;-1
;ServiceLog;md;1418374649734;unknown;unknown;1;-1;-1;-1;-1;-1;-1
;ServiceLog;md;1418374650763;unknown;unknown;1;-1;-1;-1;-1;-1;-1
;ServiceLog;md;1418374651791;2G;EDGE;1;250;1;660;452;-1;0
;ServiceLog;md;1418374652816;2G;EDGE;1;250;1;660;452;-1;0
;ServiceLog;md;1418374653845;2G;EDGE;1;250;1;660;452;-1;0
;ServiceLog;md;1418374654875;2G;EDGE;1;250;1;660;452;-1;-81
;ServiceLog;md;1418374655911;2G;EDGE;1;250;1;660;452;-1;-81
;ServiceLog;md;1418374656966;2G;EDGE;1;250;1;660;452;-1;-81
;ServiceLog;md;1418374657998;2G;EDGE;1;250;1;660;452;-1;-83
;ServiceLog;md;1418374659032;2G;EDGE;1;250;1;660;452;-1;-83
;ServiceLog;md;1418374660062;2G;EDGE;1;250;1;660;452;-1;-83
;ServiceLog;md;1418374661094;2G;EDGE;1;250;1;660;452;-1;-85
;ServiceLog;md;1418374662122;2G;EDGE;1;250;1;660;452;-1;-85
;ServiceLog;md;1418374663453;2G;EDGE;1;250;1;660;452;-1;-87
;ServiceLog;md;1418374664491;2G;EDGE;1;250;1;660;452;-1;-87
;ServiceLog;md;1418374665528;2G;EDGE;1;250;1;660;452;-1;-87
;ServiceLog;md;1418374666561;2G;EDGE;1;250;1;660;452;-1;-89
;ServiceLog;md;1418374667593;2G;EDGE;1;250;1;660;452;-1;-89
;ServiceLog;md;1418374668624;2G;EDGE;1;250;1;660;452;-1;-89
;ServiceLog;md;1418374669653;2G;EDGE;1;250;1;660;452;-1;-89
;ServiceLog;md;1418374670682;2G;EDGE;1;250;1;660;452;-1;-89
;ServiceLog;md;1418374671712;2G;EDGE;1;250;1;660;452;-1;-89
;ServiceLog;md;1418374672778;2G;EDGE;1;250;1;660;452;-1;-89
;ServiceLog;md;1418374673834;2G;EDGE;1;250;1;660;452;-1;-89
;ServiceLog;md;1418374674863;2G;EDGE;1;250;1;660;452;-1;-89
;ServiceLog;md;1418374675921;2G;EDGE;1;250;1;660;452;-1;-85
;ServiceLog;md;1418374677003;2G;EDGE;1;250;1;660;452;-1;-85
;ServiceLog;md;1418374678048;2G;EDGE;1;250;1;660;452;-1;-85
;ServiceLog;md;1418374679142;2G;EDGE;1;250;1;660;452;-1;-83
;ServiceLog;md;1418374680203;2G;EDGE;1;250;1;660;452;-1;-83
;ServiceLog;md;1418374681236;2G;EDGE;1;250;1;660;452;-1;-83
;ServiceLog;md;1418374682298;2G;EDGE;1;250;1;660;452;-1;-83
;ServiceLog;md;1418374683355;2G;EDGE;1;250;1;660;452;-1;-83
;ServiceLog;md;1418374684665;2G;EDGE;1;250;1;660;452;-1;-83
;ServiceLog;md;1418374685724;2G;EDGE;1;250;1;660;452;-1;-83
;ServiceLog;md;1418374686800;2G;EDGE;1;250;1;660;452;-1;-83
;ServiceLog;md;1418374687890;2G;EDGE;1;250;1;660;452;-1;-83
;ServiceLog;md;1418374688953;2G;EDGE;1;250;1;660;452;-1;-83
;ServiceLog;md;1418374690021;2G;EDGE;1;250;1;660;452;-1;-83
;ServiceLog;md;1418374691081;2G;EDGE;1;250;1;660;452;-1;-83
;ServiceLog;md;1418374692143;2G;EDGE;1;250;1;660;452;-1;-83
;ServiceLog;md;1418374693210;2G;EDGE;1;250;1;660;452;-1;-83
;ServiceLog;md;1418374694240;2G;EDGE;1;250;1;660;452;-1;-83
;ServiceLog;md;1418374695318;2G;EDGE;1;250;1;660;452;-1;-83
;ServiceLog;md;1418374696396;2G;EDGE;1;250;1;660;452;-1;-83
;ServiceLog;md;1418374697475;2G;EDGE;1;250;1;660;452;-1;-83
;ServiceLog;md;1418374698527;2G;EDGE;1;250;1;660;452;-1;-83
;ServiceLog;md;1418374699598;2G;EDGE;1;250;1;660;452;-1;-85
;ServiceLog;md;1418374700694;2G;EDGE;1;250;1;660;452;-1;-85
;ServiceLog;md;1418374701754;2G;EDGE;1;250;1;660;452;-1;-85
;ServiceLog;md;1418374702827;2G;EDGE;1;250;1;660;452;-1;-85
;ServiceLog;md;1418374703894;2G;EDGE;1;250;1;660;452;-1;-85
;ServiceLog;md;1418374704948;2G;EDGE;1;250;1;660;452;-1;-85
;ServiceLog;md;1418374706006;2G;EDGE;1;250;1;660;452;-1;-87
;ServiceLog;md;1418374707081;2G;EDGE;1;250;1;660;452;-1;-87
;ServiceLog;md;1418374708163;2G;EDGE;1;250;1;660;452;-1;-87
;ServiceLog;md;1418374709243;2G;EDGE;1;250;1;660;452;-1;-89
;ServiceLog;md;1418374710302;2G;EDGE;1;250;1;660;452;-1;-89
;ServiceLog;md;1418374711372;2G;EDGE;1;250;1;660;452;-1;-89
;ServiceLog;md;1418374712441;2G;EDGE;1;250;1;660;452;-1;-89
;ServiceLog;md;1418374713520;2G;EDGE;1;250;1;660;452;-1;-89
;ServiceLog;md;1418374714600;2G;EDGE;1;250;1;660;452;-1;-91
;ServiceLog;md;1418374715951;2G;EDGE;1;250;1;660;452;-1;-91
;ServiceLog;md;1418374717016;2G;EDGE;1;250;1;660;452;-1;-91
;ServiceLog;md;1418374718080;2G;EDGE;1;250;1;660;452;-1;-91
;ServiceLog;md;1418374719112;2G;EDGE;1;250;1;660;452;-1;-91
;ServiceLog;md;1418374720251;2G;EDGE;1;250;1;660;452;-1;-91
;ServiceLog;md;1418374721297;2G;EDGE;1;250;1;660;452;-1;-91
;ServiceLog;md;1418374722356;2G;EDGE;1;250;1;660;452;-1;-91
;ServiceLog;md;1418374723405;2G;EDGE;1;250;1;660;452;-1;-93
;ServiceLog;md;1418374724448;2G;EDGE;1;250;1;660;452;-1;-93
;ServiceLog;md;1418374725467;2G;EDGE;1;250;1;660;452;-1;-93
;ServiceLog;md;1418374726489;2G;EDGE;1;250;1;660;452;-1;-95
;ServiceLog;md;1418374727523;2G;EDGE;1;250;1;660;452;-1;-95
;ServiceLog;md;1418374728569;2G;EDGE;1;250;1;660;452;-1;-95
;ServiceLog;md;1418374729601;2G;EDGE;1;250;1;660;452;-1;-97
;ServiceLog;md;1418374730637;2G;EDGE;1;250;1;660;452;-1;-97
;ServiceLog;md;1418374731710;2G;EDGE;1;250;1;660;452;-1;-97
;ServiceLog;md;1418374731710;2G;EDGE;250-1-660-452;250;1;0;452;-1;0
;ServiceLog;md;1418374732775;2G;EDGE;1;250;1;660;452;-1;-97
;ServiceLog;md;1418374733855;2G;EDGE;1;250;1;660;452;-1;-97
;ServiceLog;md;1418374734919;2G;EDGE;1;250;1;660;452;-1;-97
;ServiceLog;md;1418374735981;2G;EDGE;1;250;1;660;452;-1;-99
;ServiceLog;md;1418374737049;2G;EDGE;1;250;1;660;452;-1;-99
;ServiceLog;md;1418374738135;2G;EDGE;1;250;1;660;452;-1;-99
;ServiceLog;md;1418374739173;2G;EDGE;1;250;1;660;452;-1;-99
;ServiceLog;md;1418374740215;2G;EDGE;1;250;1;660;452;-1;-99
;ServiceLog;md;1418374741246;2G;EDGE;1;250;1;660;452;-1;-99
;ServiceLog;md;1418374742352;2G;EDGE;1;250;1;660;452;-1;-97
;ServiceLog;md;1418374743439;2G;EDGE;1;250;1;660;452;-1;-97
;ServiceLog;md;1418374744478;2G;EDGE;1;250;1;660;452;-1;-95
;ServiceLog;md;1418374745544;2G;EDGE;1;250;1;660;452;-1;-95
;ServiceLog;md;1418374746593;2G;EDGE;1;250;1;660;452;-1;-95
;ServiceLog;md;1418374747659;2G;EDGE;1;250;1;660;452;-1;-97
;ServiceLog;md;1418374748714;2G;EDGE;1;250;1;660;452;-1;-97
;ServiceLog;md;1418374749767;2G;EDGE;1;250;1;660;452;-1;-97
;ServiceLog;md;1418374750825;2G;EDGE;1;250;1;660;452;-1;-97
;ServiceLog;md;1418374751885;2G;EDGE;1;250;1;660;452;-1;-97
;ServiceLog;md;1418374752956;2G;EDGE;1;250;1;660;452;-1;-97
;ServiceLog;md;1418374754016;2G;EDGE;1;250;1;660;452;-1;-91
;ServiceLog;md;1418374755078;2G;EDGE;1;250;1;660;452;-1;-91
;ServiceLog;md;1418374756145;2G;EDGE;1;250;1;660;452;-1;-91
;ServiceLog;md;1418374757205;2G;EDGE;1;250;1;660;452;-1;-91
;ServiceLog;md;1418374758246;2G;EDGE;1;250;1;660;452;-1;-91
;ServiceLog;md;1418374759304;2G;EDGE;1;250;1;660;452;-1;-91
;ServiceLog;md;1418374760379;2G;EDGE;1;250;1;660;452;-1;-89
;ServiceLog;md;1418374761475;2G;EDGE;1;250;1;660;452;-1;-89
;ServiceLog;md;1418374762515;2G;EDGE;1;250;1;660;452;-1;-89
;ServiceLog;md;1418374763591;2G;EDGE;1;250;1;660;452;-1;-89
;ServiceLog;md;1418374764648;2G;EDGE;1;250;1;660;452;-1;-89
;ServiceLog;md;1418374765707;2G;EDGE;1;250;1;660;452;-1;-93
;ServiceLog;md;1418374766768;2G;EDGE;1;250;1;660;452;-1;-93
;ServiceLog;md;1418374767826;2G;EDGE;1;250;1;660;452;-1;-93
;ServiceLog;md;1418374769180;2G;EDGE;1;250;1;660;452;-1;-95
;ServiceLog;md;1418374770246;2G;EDGE;1;250;1;660;452;-1;-95
;ServiceLog;md;1418374771340;2G;EDGE;1;250;1;660;452;-1;-97
;ServiceLog;md;1418374772411;2G;EDGE;1;250;1;660;452;-1;-97
;ServiceLog;md;1418374773476;2G;EDGE;1;250;1;660;452;-1;-97
;ServiceLog;md;1418374774543;2G;EDGE;1;250;1;660;452;-1;-97
;ServiceLog;md;1418374775610;2G;EDGE;1;250;1;660;452;-1;-97
;ServiceLog;md;1418374776698;2G;EDGE;1;250;1;660;452;-1;-97
;ServiceLog;md;1418374777766;2G;EDGE;1;250;1;660;452;-1;-97
;ServiceLog;md;1418374778831;2G;EDGE;1;250;1;660;452;-1;-97
;ServiceLog;md;1418374779891;2G;EDGE;1;250;1;660;452;-1;-97
;ServiceLog;md;1418374780959;2G;EDGE;1;250;1;660;452;-1;-97
;ServiceLog;md;1418374782025;2G;EDGE;1;250;1;660;452;-1;-97
;ServiceLog;md;1418374783042;2G;EDGE;1;250;1;660;452;-1;-97
;ServiceLog;md;1418374784076;2G;EDGE;1;250;1;660;452;-1;-97
;ServiceLog;md;1418374785092;2G;EDGE;1;250;1;660;452;-1;-97
;ServiceLog;md;1418374786109;2G;EDGE;1;250;1;660;452;-1;-97
;ServiceLog;md;1418374787423;2G;EDGE;1;250;1;660;452;-1;-97
;ServiceLog;md;1418374788440;2G;EDGE;1;250;1;660;452;-1;-97
;ServiceLog;md;1418374789458;2G;EDGE;1;250;1;660;452;-1;-97
;ServiceLog;md;1418374791118;2G;EDGE;1;250;1;660;452;-1;-97
;ServiceLog;md;1418374792922;unknown;unknown;1;-1;-1;-1;-1;-1;-1
;ServiceLog;md;1418374795149;unknown;unknown;1;-1;-1;-1;-1;-1;-1
;ServiceLog;md;1418374796209;unknown;unknown;1;-1;-1;-1;-1;-1;-1
;ServiceLog;md;1418374797256;unknown;unknown;1;-1;-1;-1;-1;-1;-1
;ServiceLog;md;1418374798274;unknown;unknown;1;-1;-1;-1;-1;-1;-1
;ServiceLog;md;1418374799294;unknown;unknown;1;-1;-1;-1;-1;-1;-1
;ServiceLog;md;1418374800312;unknown;unknown;1;-1;-1;-1;-1;-1;-1
;ServiceLog;md;1418374801330;unknown;unknown;1;-1;-1;-1;-1;-1;-1
;ServiceLog;md;1418374802441;unknown;unknown;1;-1;-1;-1;-1;-1;-1
;ServiceLog;md;1418374814713;unknown;unknown;1;-1;-1;-1;-1;-1;-1
;ServiceLog;md;1418374815954;unknown;unknown;1;-1;-1;-1;-1;-1;-1
;ServiceLog;md;1418374816974;unknown;unknown;1;-1;-1;-1;-1;-1;-1
;ServiceLog;md;1418374817988;unknown;unknown;1;-1;-1;-1;-1;-1;-1
;ServiceLog;md;1418374819210;unknown;unknown;1;-1;-1;-1;-1;-1;-1
;ServiceLog;md;1418374820241;unknown;unknown;1;-1;-1;-1;-1;-1;-1
;ServiceLog;md;1418374821347;unknown;unknown;1;-1;-1;-1;-1;-1;-1
;ServiceLog;md;1418374822403;unknown;unknown;1;-1;-1;-1;-1;-1;-1
;ServiceLog;md;1418374823429;unknown;unknown;1;-1;-1;-1;-1;-1;-1
;ServiceLog;md;1418374824455;unknown;unknown;1;-1;-1;-1;-1;-1;-1
;ServiceLog;md;1418374825482;unknown;unknown;1;-1;-1;-1;-1;-1;-1
;ServiceLog;md;1418374826521;unknown;unknown;1;-1;-1;-1;-1;-1;-1
;ServiceLog;md;1418374827554;unknown;unknown;1;-1;-1;-1;-1;-1;-1
;ServiceLog;md;1418374828587;unknown;unknown;1;-1;-1;-1;-1;-1;-1
;ServiceLog;md;1418374829626;unknown;unknown;1;-1;-1;-1;-1;-1;-1
;ServiceLog;md;1418374830663;unknown;unknown;1;-1;-1;-1;-1;-1;-1
;ServiceLog;md;1418374831740;unknown;unknown;1;-1;-1;-1;-1;-1;-1
;ServiceLog;md;1418374832773;unknown;unknown;1;-1;-1;-1;-1;-1;-1
;ServiceLog;md;1418374833803;unknown;unknown;1;-1;-1;-1;-1;-1;-1
;ServiceLog;md;1418374834864;unknown;unknown;1;-1;-1;-1;-1;-1;-1
;ServiceLog;md;1418374835897;unknown;unknown;1;-1;-1;-1;-1;-1;-1
;ServiceLog;md;1418374836932;unknown;unknown;1;-1;-1;-1;-1;-1;-1
;ServiceLog;md;1418374837968;unknown;unknown;1;-1;-1;-1;-1;-1;-1
;ServiceLog;md;1418374839007;unknown;unknown;1;-1;-1;-1;-1;-1;-1
;ServiceLog;md;1418374840045;unknown;unknown;1;-1;-1;-1;-1;-1;-1
;ServiceLog;md;1418374841080;unknown;unknown;1;-1;-1;-1;-1;-1;-1
;ServiceLog;md;1418374842106;unknown;unknown;1;-1;-1;-1;-1;-1;-1
;ServiceLog;md;1418374843140;unknown;unknown;1;-1;-1;-1;-1;-1;-1
;ServiceLog;md;1418374844174;unknown;unknown;1;-1;-1;-1;-1;-1;-1
;ServiceLog;md;1418374845208;unknown;unknown;1;-1;-1;-1;-1;-1;-1
;ServiceLog;md;1418374846265;unknown;unknown;1;-1;-1;-1;-1;-1;-1
;ServiceLog;md;1418374847324;unknown;unknown;1;-1;-1;-1;-1;-1;-1
;ServiceLog;md;1418374848379;unknown;unknown;1;-1;-1;-1;-1;-1;-1
;ServiceLog;md;1418374849435;unknown;unknown;1;-1;-1;-1;-1;-1;-1
;ServiceLog;md;1418374850491;unknown;unknown;1;-1;-1;-1;-1;-1;-1
;ServiceLog;md;1418374851565;unknown;unknown;1;-1;-1;-1;-1;-1;-1
;ServiceLog;md;1418374852608;unknown;unknown;1;-1;-1;-1;-1;-1;-1
;ServiceLog;md;1418374853687;unknown;unknown;1;-1;-1;-1;-1;-1;-1
;ServiceLog;md;1418374854777;unknown;unknown;1;-1;-1;-1;-1;-1;-1
;ServiceLog;md;1418374855844;unknown;unknown;1;-1;-1;-1;-1;-1;-1
;ServiceLog;md;1418374856904;unknown;unknown;1;-1;-1;-1;-1;-1;-1
;ServiceLog;md;1418374857973;unknown;unknown;1;-1;-1;-1;-1;-1;-1
;ServiceLog;md;1418374859084;unknown;unknown;1;-1;-1;-1;-1;-1;-1
;ServiceLog;md;1418374860154;unknown;unknown;1;-1;-1;-1;-1;-1;-1
;ServiceLog;md;1418374861204;unknown;unknown;1;-1;-1;-1;-1;-1;-1
;ServiceLog;md;1418374862302;unknown;unknown;1;-1;-1;-1;-1;-1;-1
;ServiceLog;md;1418374863385;unknown;unknown;1;-1;-1;-1;-1;-1;-1
;ServiceLog;md;1418374864426;unknown;unknown;1;-1;-1;-1;-1;-1;-1
;ServiceLog;md;1418374865507;unknown;unknown;1;-1;-1;-1;-1;-1;-1
;ServiceLog;md;1418374866566;unknown;unknown;1;-1;-1;-1;-1;-1;-1
;ServiceLog;md;1418374867627;unknown;unknown;1;-1;-1;-1;-1;-1;-1
;ServiceLog;md;1418374868694;unknown;unknown;1;-1;-1;-1;-1;-1;-1
;ServiceLog;md;1418374869772;unknown;unknown;1;-1;-1;-1;-1;-1;-1
;ServiceLog;md;1418374870841;unknown;unknown;1;-1;-1;-1;-1;-1;-1
;ServiceLog;md;1418374871906;unknown;unknown;1;-1;-1;-1;-1;-1;-1
;ServiceLog;md;1418374872964;unknown;unknown;1;-1;-1;-1;-1;-1;-1
;ServiceLog;md;1418374874027;unknown;unknown;1;-1;-1;-1;-1;-1;-1
;ServiceLog;md;1418374875092;unknown;unknown;1;-1;-1;-1;-1;-1;-1
;ServiceLog;md;1418374876167;unknown;unknown;1;-1;-1;-1;-1;-1;-1
;ServiceLog;md;1418374877227;unknown;unknown;1;-1;-1;-1;-1;-1;-1
;ServiceLog;md;1418374878286;unknown;unknown;1;-1;-1;-1;-1;-1;-1
;ServiceLog;md;1418374879348;unknown;unknown;1;-1;-1;-1;-1;-1;-1
;ServiceLog;md;1418374880413;unknown;unknown;1;-1;-1;-1;-1;-1;-1
;ServiceLog;md;1418374881468;unknown;unknown;1;-1;-1;-1;-1;-1;-1
;ServiceLog;md;1418374882534;unknown;unknown;1;-1;-1;-1;-1;-1;-1
;ServiceLog;md;1418374883587;unknown;unknown;1;-1;-1;-1;-1;-1;-1
;ServiceLog;md;1418374884663;unknown;unknown;1;-1;-1;-1;-1;-1;-1
;ServiceLog;md;1418374885695;unknown;unknown;1;-1;-1;-1;-1;-1;-1
;ServiceLog;md;1418374886715;unknown;unknown;1;-1;-1;-1;-1;-1;-1
;ServiceLog;md;1418374887750;unknown;unknown;1;-1;-1;-1;-1;-1;-1
;ServiceLog;md;1418374888805;unknown;unknown;1;-1;-1;-1;-1;-1;-1
;ServiceLog;md;1418374890064;unknown;unknown;1;-1;-1;-1;-1;-1;-1
;ServiceLog;md;1418374891107;unknown;unknown;1;-1;-1;-1;-1;-1;-1
;ServiceLog;md;1418374892153;unknown;unknown;1;-1;-1;-1;-1;-1;-1
;ServiceLog;md;1418374893185;unknown;unknown;1;-1;-1;-1;-1;-1;-1
;ServiceLog;md;1418374894213;unknown;unknown;1;-1;-1;-1;-1;-1;-1
;ServiceLog;md;1418374895254;unknown;unknown;1;-1;-1;-1;-1;-1;-1
;ServiceLog;md;1418374896289;unknown;unknown;1;-1;-1;-1;-1;-1;-1
;ServiceLog;md;1418374897318;unknown;unknown;1;-1;-1;-1;-1;-1;-1
;ServiceLog;md;1418374898355;unknown;unknown;1;-1;-1;-1;-1;-1;-1
;ServiceLog;md;1418374899393;unknown;unknown;1;-1;-1;-1;-1;-1;-1
;ServiceLog;md;1418374900469;unknown;unknown;1;-1;-1;-1;-1;-1;-1
;ServiceLog;md;1418374901535;unknown;unknown;1;-1;-1;-1;-1;-1;-1
;ServiceLog;md;1418374902576;unknown;unknown;1;-1;-1;-1;-1;-1;-1
;ServiceLog;md;1418374903615;unknown;unknown;1;-1;-1;-1;-1;-1;-1
;ServiceLog;md;1418374904657;unknown;unknown;1;-1;-1;-1;-1;-1;-1
;ServiceLog;md;1418374905721;unknown;unknown;1;-1;-1;-1;-1;-1;-1
;ServiceLog;md;1418374906783;unknown;unknown;1;-1;-1;-1;-1;-1;-1
;ServiceLog;md;1418374907845;unknown;unknown;1;-1;-1;-1;-1;-1;-1
;ServiceLog;md;1418374908898;unknown;unknown;1;-1;-1;-1;-1;-1;-1
;ServiceLog;md;1418374909940;unknown;unknown;1;-1;-1;-1;-1;-1;-1
;ServiceLog;md;1418374910967;unknown;unknown;1;-1;-1;-1;-1;-1;-1
;ServiceLog;md;1418374912001;unknown;unknown;1;-1;-1;-1;-1;-1;-1
;ServiceLog;md;1418374913024;unknown;unknown;1;-1;-1;-1;-1;-1;-1
;ServiceLog;md;1418374914098;unknown;unknown;1;-1;-1;-1;-1;-1;-1
;ServiceLog;md;1418374915140;unknown;unknown;1;-1;-1;-1;-1;-1;-1
;ServiceLog;md;1418374916172;unknown;unknown;1;-1;-1;-1;-1;-1;-1
;ServiceLog;md;1418374917213;unknown;unknown;1;-1;-1;-1;-1;-1;-1
;ServiceLog;md;1418374918271;unknown;unknown;1;-1;-1;-1;-1;-1;-1
;ServiceLog;md;1418374919318;unknown;unknown;1;-1;-1;-1;-1;-1;-1
;ServiceLog;md;1418374920357;unknown;unknown;1;-1;-1;-1;-1;-1;-1
;ServiceLog;md;1418374921439;unknown;unknown;1;-1;-1;-1;-1;-1;-1
;ServiceLog;md;1418374922514;unknown;unknown;1;-1;-1;-1;-1;-1;-1
;ServiceLog;md;1418374923591;unknown;unknown;1;-1;-1;-1;-1;-1;-1
;ServiceLog;md;1418374924684;unknown;unknown;1;-1;-1;-1;-1;-1;-1
;ServiceLog;md;1418374925751;unknown;unknown;1;-1;-1;-1;-1;-1;-1
;ServiceLog;md;1418374926809;unknown;unknown;1;-1;-1;-1;-1;-1;-1
;ServiceLog;md;1418374927883;unknown;unknown;1;-1;-1;-1;-1;-1;-1
;ServiceLog;md;1418374928943;unknown;unknown;1;-1;-1;-1;-1;-1;-1
;ServiceLog;md;1418374929982;unknown;unknown;1;-1;-1;-1;-1;-1;-1
;ServiceLog;md;1418374931017;unknown;unknown;1;-1;-1;-1;-1;-1;-1
;ServiceLog;md;1418374932099;unknown;unknown;1;-1;-1;-1;-1;-1;-1
;ServiceLog;md;1418374933168;unknown;unknown;1;-1;-1;-1;-1;-1;-1
;ServiceLog;md;1418374934237;unknown;unknown;1;-1;-1;-1;-1;-1;-1
;ServiceLog;md;1418374935309;unknown;unknown;1;-1;-1;-1;-1;-1;-1
;ServiceLog;md;1418374936383;unknown;unknown;1;-1;-1;-1;-1;-1;-1
;ServiceLog;md;1418374937442;unknown;unknown;1;-1;-1;-1;-1;-1;-1
;ServiceLog;md;1418374938504;unknown;unknown;1;-1;-1;-1;-1;-1;-1
;ServiceLog;md;1418374939564;unknown;unknown;1;-1;-1;-1;-1;-1;-1
;ServiceLog;md;1418374940624;unknown;unknown;1;-1;-1;-1;-1;-1;-1
;ServiceLog;md;1418374941678;unknown;unknown;1;-1;-1;-1;-1;-1;-1
;ServiceLog;md;1418374942732;unknown;unknown;1;-1;-1;-1;-1;-1;-1
;ServiceLog;md;1418374944081;unknown;unknown;1;-1;-1;-1;-1;-1;-1
;ServiceLog;md;1418374945157;unknown;unknown;1;-1;-1;-1;-1;-1;-1
;ServiceLog;md;1418374946217;unknown;unknown;1;-1;-1;-1;-1;-1;-1
;ServiceLog;md;1418374947273;unknown;unknown;1;-1;-1;-1;-1;-1;-1
;ServiceLog;md;1418374948392;unknown;unknown;1;-1;-1;-1;-1;-1;-1
;ServiceLog;md;1418374949418;unknown;unknown;1;-1;-1;-1;-1;-1;-1
;ServiceLog;md;1418374950450;unknown;unknown;1;-1;-1;-1;-1;-1;-1
;ServiceLog;md;1418374951504;unknown;unknown;1;-1;-1;-1;-1;-1;-1
;ServiceLog;md;1418374952522;unknown;unknown;1;-1;-1;-1;-1;-1;-1
;ServiceLog;md;1418374953554;2G;EDGE;1;250;1;660;452;-1;-69
;ServiceLog;md;1418374954937;2G;EDGE;1;250;1;660;452;-1;-69
;ServiceLog;md;1418374955982;2G;EDGE;1;250;1;660;452;-1;-71
;ServiceLog;md;1418374957087;2G;EDGE;1;250;1;660;452;-1;-71
;ServiceLog;md;1418374958105;2G;EDGE;1;250;1;660;452;-1;-71
;ServiceLog;md;1418374959191;2G;EDGE;1;250;1;660;452;-1;-73
;ServiceLog;md;1418374960215;2G;EDGE;1;250;1;660;452;-1;-73
;ServiceLog;md;1418374961232;2G;EDGE;1;250;1;660;452;-1;-73
;ServiceLog;md;1418374962274;2G;EDGE;1;250;1;660;452;-1;-75
;ServiceLog;md;1418374963295;2G;EDGE;1;250;1;660;452;-1;-75
;ServiceLog;md;1418374964312;2G;EDGE;1;250;1;660;452;-1;-75
;ServiceLog;md;1418374965353;2G;EDGE;1;250;1;660;452;-1;-75
;ServiceLog;md;1418374966370;2G;EDGE;1;250;1;660;452;-1;-75
;ServiceLog;md;1418374967390;2G;EDGE;1;250;1;660;452;-1;-75
;ServiceLog;md;1418374968427;2G;EDGE;1;250;1;660;452;-1;-75
;ServiceLog;md;1418374969482;2G;EDGE;1;250;1;660;452;-1;-75
;ServiceLog;md;1418374970512;2G;EDGE;1;250;1;660;452;-1;-75
;ServiceLog;md;1418374971556;2G;EDGE;1;250;1;660;452;-1;-73
;ServiceLog;md;1418374972592;2G;EDGE;1;250;1;660;452;-1;-73
;ServiceLog;md;1418374973632;2G;EDGE;1;250;1;660;452;-1;-77
;ServiceLog;md;1418374974661;2G;EDGE;1;250;1;660;452;-1;-77
;ServiceLog;md;1418374975689;2G;EDGE;1;250;1;660;452;-1;-77
;ServiceLog;md;1418374976718;2G;EDGE;1;250;1;660;452;-1;-83
;ServiceLog;md;1418374977756;2G;EDGE;1;250;1;660;452;-1;-83
;ServiceLog;md;1418374978785;2G;EDGE;1;250;1;660;452;-1;-83
;ServiceLog;md;1418374979826;2G;EDGE;1;250;1;660;452;-1;-87
;ServiceLog;md;1418374980855;2G;EDGE;1;250;1;660;452;-1;-87
;ServiceLog;md;1418374981910;2G;EDGE;1;250;1;660;452;-1;-87
;ServiceLog;md;1418374982935;2G;EDGE;1;250;1;660;452;-1;-87
;ServiceLog;md;1418374983975;2G;EDGE;1;250;1;660;452;-1;-87
;ServiceLog;md;1418374985038;2G;EDGE;1;250;1;660;452;-1;-87
;ServiceLog;md;1418374986104;2G;EDGE;1;250;1;660;452;-1;-87
;ServiceLog;md;1418374987141;2G;EDGE;1;250;1;660;452;-1;-87
;ServiceLog;md;1418374988203;2G;EDGE;1;250;1;660;452;-1;-87
;ServiceLog;md;1418374989291;2G;EDGE;1;250;1;660;452;-1;-87
;ServiceLog;md;1418374990396;2G;EDGE;1;250;1;660;452;-1;-87
;ServiceLog;md;1418374991487;2G;EDGE;1;250;1;660;452;-1;-87
;ServiceLog;md;1418374992575;2G;EDGE;1;250;1;660;452;-1;-87
;ServiceLog;md;1418374993617;2G;EDGE;1;250;1;660;452;-1;-87
;ServiceLog;md;1418374994680;2G;EDGE;1;250;1;660;452;-1;-87
;ServiceLog;md;1418374995749;2G;EDGE;1;250;1;660;452;-1;-87
;ServiceLog;md;1418374996809;2G;EDGE;1;250;1;660;452;-1;-87
;ServiceLog;md;1418374997869;2G;EDGE;1;250;1;660;452;-1;-87
;ServiceLog;md;1418374998948;2G;EDGE;1;250;1;660;452;-1;-87
;ServiceLog;md;1418375000013;2G;EDGE;1;250;1;660;452;-1;-87
;ServiceLog;md;1418375001099;2G;EDGE;1;250;1;660;452;-1;-87
;ServiceLog;md;1418375002168;2G;EDGE;1;250;1;660;452;-1;-87
;ServiceLog;md;1418375003248;2G;EDGE;1;250;1;660;452;-1;-87
;ServiceLog;md;1418375004331;2G;EDGE;1;250;1;660;452;-1;-87
;ServiceLog;md;1418375005415;2G;EDGE;1;250;1;660;452;-1;-87
;ServiceLog;md;1418375006485;2G;EDGE;1;250;1;660;452;-1;-87
;ServiceLog;md;1418375007540;unknown;unknown;1;-1;-1;-1;-1;-1;-1
;ServiceLog;md;1418375008598;unknown;unknown;1;-1;-1;-1;-1;-1;-1
;ServiceLog;md;1418375009656;unknown;unknown;1;-1;-1;-1;-1;-1;-1
;ServiceLog;md;1418375010721;unknown;unknown;1;-1;-1;-1;-1;-1;-1
;ServiceLog;md;1418375011786;unknown;unknown;1;-1;-1;-1;-1;-1;-1
;ServiceLog;md;1418375012846;unknown;unknown;1;-1;-1;-1;-1;-1;-1
;ServiceLog;md;1418375013925;unknown;unknown;1;-1;-1;-1;-1;-1;-1
;ServiceLog;md;1418375014999;unknown;unknown;1;-1;-1;-1;-1;-1;-1
;ServiceLog;md;1418375016069;unknown;unknown;1;-1;-1;-1;-1;-1;-1
;ServiceLog;md;1418375017105;unknown;unknown;1;-1;-1;-1;-1;-1;-1
;ServiceLog;md;1418375018130;unknown;unknown;1;-1;-1;-1;-1;-1;-1
;ServiceLog;md;1418375019182;unknown;unknown;1;-1;-1;-1;-1;-1;-1
;ServiceLog;md;1418375020220;unknown;unknown;1;-1;-1;-1;-1;-1;-1
;ServiceLog;md;1418375021297;unknown;unknown;1;-1;-1;-1;-1;-1;-1
;ServiceLog;md;1418375022335;unknown;unknown;1;-1;-1;-1;-1;-1;-1
;ServiceLog;md;1418375023393;unknown;unknown;1;-1;-1;-1;-1;-1;-1
;ServiceLog;md;1418375024423;unknown;unknown;1;-1;-1;-1;-1;-1;-1
;ServiceLog;md;1418375025495;unknown;unknown;1;-1;-1;-1;-1;-1;-1
;ServiceLog;md;1418375026562;unknown;unknown;1;-1;-1;-1;-1;-1;-1
;ServiceLog;md;1418375027937;unknown;unknown;1;-1;-1;-1;-1;-1;-1
;ServiceLog;md;1418375029003;unknown;unknown;1;-1;-1;-1;-1;-1;-1
;ServiceLog;md;1418375030064;unknown;unknown;1;-1;-1;-1;-1;-1;-1
;ServiceLog;md;1418375031131;unknown;unknown;1;-1;-1;-1;-1;-1;-1
;ServiceLog;md;1418375032174;unknown;unknown;1;-1;-1;-1;-1;-1;-1
;ServiceLog;md;1418375033197;unknown;unknown;1;-1;-1;-1;-1;-1;-1
;ServiceLog;md;1418375034263;unknown;unknown;1;-1;-1;-1;-1;-1;-1
;ServiceLog;md;1418375035327;unknown;unknown;1;-1;-1;-1;-1;-1;-1
;ServiceLog;md;1418375036377;unknown;unknown;1;-1;-1;-1;-1;-1;-1
;ServiceLog;md;1418375037451;unknown;unknown;1;-1;-1;-1;-1;-1;-1
;ServiceLog;md;1418375038494;unknown;unknown;1;-1;-1;-1;-1;-1;-1
;ServiceLog;md;1418375039535;unknown;unknown;1;-1;-1;-1;-1;-1;-1
;ServiceLog;md;1418375040609;unknown;unknown;1;-1;-1;-1;-1;-1;-1
;ServiceLog;md;1418375041668;unknown;unknown;1;-1;-1;-1;-1;-1;-1
;ServiceLog;md;1418375042755;unknown;unknown;1;-1;-1;-1;-1;-1;-1
;ServiceLog;md;1418375043819;unknown;unknown;1;-1;-1;-1;-1;-1;-1
;ServiceLog;md;1418375044916;unknown;unknown;1;-1;-1;-1;-1;-1;-1
;ServiceLog;md;1418375045972;unknown;unknown;1;-1;-1;-1;-1;-1;-1
;ServiceLog;md;1418375047045;unknown;unknown;1;-1;-1;-1;-1;-1;-1
;ServiceLog;md;1418375048109;unknown;unknown;1;-1;-1;-1;-1;-1;-1
;ServiceLog;md;1418375049173;unknown;unknown;1;-1;-1;-1;-1;-1;-1
;ServiceLog;md;1418375050244;unknown;unknown;1;-1;-1;-1;-1;-1;-1
;ServiceLog;md;1418375051312;unknown;unknown;1;-1;-1;-1;-1;-1;-1
;ServiceLog;md;1418375052391;unknown;unknown;1;-1;-1;-1;-1;-1;-1
;ServiceLog;md;1418375053453;unknown;unknown;1;-1;-1;-1;-1;-1;-1
;ServiceLog;md;1418375054536;unknown;unknown;1;-1;-1;-1;-1;-1;-1
;ServiceLog;md;1418375055566;unknown;unknown;1;-1;-1;-1;-1;-1;-1
;ServiceLog;md;1418375056605;unknown;unknown;1;-1;-1;-1;-1;-1;-1
;ServiceLog;md;1418375057653;unknown;unknown;1;-1;-1;-1;-1;-1;-1
;ServiceLog;md;1418375058699;unknown;unknown;1;-1;-1;-1;-1;-1;-1
;ServiceLog;md;1418375059733;unknown;unknown;1;-1;-1;-1;-1;-1;-1
;ServiceLog;md;1418375060821;unknown;unknown;1;-1;-1;-1;-1;-1;-1
;ServiceLog;md;1418375061862;unknown;unknown;1;-1;-1;-1;-1;-1;-1
;ServiceLog;md;1418375062901;unknown;unknown;1;-1;-1;-1;-1;-1;-1
;ServiceLog;md;1418375063940;unknown;unknown;1;-1;-1;-1;-1;-1;-1
;ServiceLog;md;1418375064977;unknown;unknown;1;-1;-1;-1;-1;-1;-1
;ServiceLog;md;1418375066050;unknown;unknown;1;-1;-1;-1;-1;-1;-1
;ServiceLog;md;1418375067148;unknown;unknown;1;-1;-1;-1;-1;-1;-1
;ServiceLog;md;1418375068181;unknown;unknown;1;-1;-1;-1;-1;-1;-1
;ServiceLog;md;1418375069235;unknown;unknown;1;-1;-1;-1;-1;-1;-1
;ServiceLog;md;1418375070274;unknown;unknown;1;-1;-1;-1;-1;-1;-1
;ServiceLog;md;1418375071374;unknown;unknown;1;-1;-1;-1;-1;-1;-1
;ServiceLog;md;1418375072432;unknown;unknown;1;-1;-1;-1;-1;-1;-1
;ServiceLog;md;1418375073498;unknown;unknown;1;-1;-1;-1;-1;-1;-1
;ServiceLog;md;1418375074554;unknown;unknown;1;-1;-1;-1;-1;-1;-1
;ServiceLog;md;1418375075613;unknown;unknown;1;-1;-1;-1;-1;-1;-1
;ServiceLog;md;1418375076753;unknown;unknown;1;-1;-1;-1;-1;-1;-1
;ServiceLog;md;1418375077807;unknown;unknown;1;-1;-1;-1;-1;-1;-1
;ServiceLog;md;1418375078843;unknown;unknown;1;-1;-1;-1;-1;-1;-1
;ServiceLog;md;1418375079917;unknown;unknown;1;-1;-1;-1;-1;-1;-1
;ServiceLog;md;1418375080983;unknown;unknown;1;-1;-1;-1;-1;-1;-1
;ServiceLog;md;1418375082045;unknown;unknown;1;-1;-1;-1;-1;-1;-1
;ServiceLog;md;1418375083112;unknown;unknown;1;-1;-1;-1;-1;-1;-1
;ServiceLog;md;1418375084178;unknown;unknown;1;-1;-1;-1;-1;-1;-1
;ServiceLog;md;1418375085241;unknown;unknown;1;-1;-1;-1;-1;-1;-1
;ServiceLog;md;1418375086303;unknown;unknown;1;-1;-1;-1;-1;-1;-1
;ServiceLog;md;1418375087389;unknown;unknown;1;-1;-1;-1;-1;-1;-1
;ServiceLog;md;1418375088455;unknown;unknown;1;-1;-1;-1;-1;-1;-1
;ServiceLog;md;1418375089515;unknown;unknown;1;-1;-1;-1;-1;-1;-1
;ServiceLog;md;1418375090585;unknown;unknown;1;-1;-1;-1;-1;-1;-1
;ServiceLog;md;1418375091646;unknown;unknown;1;-1;-1;-1;-1;-1;-1
;ServiceLog;md;1418375092723;unknown;unknown;1;-1;-1;-1;-1;-1;-1
;ServiceLog;md;1418375093764;unknown;unknown;1;-1;-1;-1;-1;-1;-1
;ServiceLog;md;1418375094808;unknown;unknown;1;-1;-1;-1;-1;-1;-1
;ServiceLog;md;1418375095844;unknown;unknown;1;-1;-1;-1;-1;-1;-1
;ServiceLog;md;1418375096903;unknown;unknown;1;-1;-1;-1;-1;-1;-1
;ServiceLog;md;1418375097968;unknown;unknown;1;-1;-1;-1;-1;-1;-1
;ServiceLog;md;1418375099034;unknown;unknown;1;-1;-1;-1;-1;-1;-1
;ServiceLog;md;1418375100094;unknown;unknown;1;-1;-1;-1;-1;-1;-1
;ServiceLog;md;1418375101148;unknown;unknown;1;-1;-1;-1;-1;-1;-1
;ServiceLog;md;1418375102206;unknown;unknown;1;-1;-1;-1;-1;-1;-1
;ServiceLog;md;1418375103271;unknown;unknown;1;-1;-1;-1;-1;-1;-1
;ServiceLog;md;1418375104337;unknown;unknown;1;-1;-1;-1;-1;-1;-1
;ServiceLog;md;1418375105401;unknown;unknown;1;-1;-1;-1;-1;-1;-1
;ServiceLog;md;1418375106457;unknown;unknown;1;-1;-1;-1;-1;-1;-1
;ServiceLog;md;1418375107539;unknown;unknown;1;-1;-1;-1;-1;-1;-1
;ServiceLog;md;1418375108606;unknown;unknown;1;-1;-1;-1;-1;-1;-1
;ServiceLog;md;1418375109681;unknown;unknown;1;-1;-1;-1;-1;-1;-1
;ServiceLog;md;1418375110746;unknown;unknown;1;-1;-1;-1;-1;-1;-1
;ServiceLog;md;1418375111822;unknown;unknown;1;-1;-1;-1;-1;-1;-1
;ServiceLog;md;1418375112928;unknown;unknown;1;-1;-1;-1;-1;-1;-1
;ServiceLog;md;1418375113990;unknown;unknown;1;-1;-1;-1;-1;-1;-1
;ServiceLog;md;1418375115055;unknown;unknown;1;-1;-1;-1;-1;-1;-1
;ServiceLog;md;1418375116123;unknown;unknown;1;-1;-1;-1;-1;-1;-1
;ServiceLog;md;1418375117199;unknown;unknown;1;-1;-1;-1;-1;-1;-1
;ServiceLog;md;1418375118308;unknown;unknown;1;-1;-1;-1;-1;-1;-1
;ServiceLog;md;1418375119403;unknown;unknown;1;-1;-1;-1;-1;-1;-1
;ServiceLog;md;1418375120501;unknown;unknown;1;-1;-1;-1;-1;-1;-1
;ServiceLog;md;1418375121566;unknown;unknown;1;-1;-1;-1;-1;-1;-1
;ServiceLog;md;1418375122638;unknown;unknown;1;-1;-1;-1;-1;-1;-1
;ServiceLog;md;1418375123707;unknown;unknown;1;-1;-1;-1;-1;-1;-1
;ServiceLog;md;1418375124771;unknown;unknown;1;-1;-1;-1;-1;-1;-1
;ServiceLog;md;1418375125837;unknown;unknown;1;-1;-1;-1;-1;-1;-1
;ServiceLog;md;1418375126892;unknown;unknown;1;-1;-1;-1;-1;-1;-1
;ServiceLog;md;1418375127969;unknown;unknown;1;-1;-1;-1;-1;-1;-1
;ServiceLog;md;1418375129035;unknown;unknown;1;-1;-1;-1;-1;-1;-1
;ServiceLog;md;1418375130100;unknown;unknown;1;-1;-1;-1;-1;-1;-1
;ServiceLog;md;1418375131168;unknown;unknown;1;-1;-1;-1;-1;-1;-1
;ServiceLog;md;1418375132231;unknown;unknown;1;-1;-1;-1;-1;-1;-1
;ServiceLog;md;1418375133293;unknown;unknown;1;-1;-1;-1;-1;-1;-1
;ServiceLog;md;1418375134362;unknown;unknown;1;-1;-1;-1;-1;-1;-1
;ServiceLog;md;1418375135428;unknown;unknown;1;-1;-1;-1;-1;-1;-1
;ServiceLog;md;1418375136507;unknown;unknown;1;-1;-1;-1;-1;-1;-1
;ServiceLog;md;1418375137574;unknown;unknown;1;-1;-1;-1;-1;-1;-1
;ServiceLog;md;1418375138634;unknown;unknown;1;-1;-1;-1;-1;-1;-1
;ServiceLog;md;1418375139697;unknown;unknown;1;-1;-1;-1;-1;-1;-1
;ServiceLog;md;1418375140761;unknown;unknown;1;-1;-1;-1;-1;-1;-1
;ServiceLog;md;1418375141831;unknown;unknown;1;-1;-1;-1;-1;-1;-1
;ServiceLog;md;1418375142893;unknown;unknown;1;-1;-1;-1;-1;-1;-1
;ServiceLog;md;1418375143959;unknown;unknown;1;-1;-1;-1;-1;-1;-1
;ServiceLog;md;1418375145024;unknown;unknown;1;-1;-1;-1;-1;-1;-1
;ServiceLog;md;1418375146084;unknown;unknown;1;-1;-1;-1;-1;-1;-1
;ServiceLog;md;1418375147484;unknown;unknown;1;-1;-1;-1;-1;-1;-1
;ServiceLog;md;1418375148499;unknown;unknown;1;-1;-1;-1;-1;-1;-1
;ServiceLog;md;1418375149523;unknown;unknown;1;-1;-1;-1;-1;-1;-1
;ServiceLog;md;1418375150541;unknown;unknown;1;-1;-1;-1;-1;-1;-1
;ServiceLog;md;1418375151595;unknown;unknown;1;-1;-1;-1;-1;-1;-1
;ServiceLog;md;1418375152646;unknown;unknown;1;-1;-1;-1;-1;-1;-1
;ServiceLog;md;1418375153681;unknown;unknown;1;-1;-1;-1;-1;-1;-1
;ServiceLog;md;1418375154748;unknown;unknown;1;-1;-1;-1;-1;-1;-1
;ServiceLog;md;1418375155779;unknown;unknown;1;-1;-1;-1;-1;-1;-1
;ServiceLog;md;1418375156852;unknown;unknown;1;-1;-1;-1;-1;-1;-1
;ServiceLog;md;1418375157944;unknown;unknown;1;-1;-1;-1;-1;-1;-1
;ServiceLog;md;1418375159008;unknown;unknown;1;-1;-1;-1;-1;-1;-1
;ServiceLog;md;1418375160061;unknown;unknown;1;-1;-1;-1;-1;-1;-1
;ServiceLog;md;1418375161116;unknown;unknown;1;-1;-1;-1;-1;-1;-1
;ServiceLog;md;1418375162167;unknown;unknown;1;-1;-1;-1;-1;-1;-1
;ServiceLog;md;1418375163234;unknown;unknown;1;-1;-1;-1;-1;-1;-1
;ServiceLog;md;1418375164293;unknown;unknown;1;-1;-1;-1;-1;-1;-1
;ServiceLog;md;1418375165353;unknown;unknown;1;-1;-1;-1;-1;-1;-1
;ServiceLog;md;1418375166414;unknown;unknown;1;-1;-1;-1;-1;-1;-1
;ServiceLog;md;1418375167457;unknown;unknown;1;-1;-1;-1;-1;-1;-1
;ServiceLog;md;1418375168485;unknown;unknown;1;-1;-1;-1;-1;-1;-1
;ServiceLog;md;1418375169512;unknown;unknown;1;-1;-1;-1;-1;-1;-1
;ServiceLog;md;1418375170532;unknown;unknown;1;-1;-1;-1;-1;-1;-1
;ServiceLog;md;1418375171566;unknown;unknown;1;-1;-1;-1;-1;-1;-1
;ServiceLog;md;1418375172637;unknown;unknown;1;-1;-1;-1;-1;-1;-1
;ServiceLog;md;1418375173705;unknown;unknown;1;-1;-1;-1;-1;-1;-1
;ServiceLog;md;1418375174771;unknown;unknown;1;-1;-1;-1;-1;-1;-1
;ServiceLog;md;1418375175837;unknown;unknown;1;-1;-1;-1;-1;-1;-1
;ServiceLog;md;1418375176895;unknown;unknown;1;-1;-1;-1;-1;-1;-1
;ServiceLog;md;1418375177953;unknown;unknown;1;-1;-1;-1;-1;-1;-1
;ServiceLog;md;1418375179024;unknown;unknown;1;-1;-1;-1;-1;-1;-1
;ServiceLog;md;1418375180087;unknown;unknown;1;-1;-1;-1;-1;-1;-1
;ServiceLog;md;1418375181151;unknown;unknown;1;-1;-1;-1;-1;-1;-1
;ServiceLog;md;1418375182224;unknown;unknown;1;-1;-1;-1;-1;-1;-1
;ServiceLog;md;1418375183327;unknown;unknown;1;-1;-1;-1;-1;-1;-1
;ServiceLog;md;1418375184411;unknown;unknown;1;-1;-1;-1;-1;-1;-1
;ServiceLog;md;1418375185447;unknown;unknown;1;-1;-1;-1;-1;-1;-1
;ServiceLog;md;1418375186507;unknown;unknown;1;-1;-1;-1;-1;-1;-1
;ServiceLog;md;1418375187574;unknown;unknown;1;-1;-1;-1;-1;-1;-1
;ServiceLog;md;1418375188645;unknown;unknown;1;-1;-1;-1;-1;-1;-1
;ServiceLog;md;1418375189712;unknown;unknown;1;-1;-1;-1;-1;-1;-1
;ServiceLog;md;1418375190773;unknown;unknown;1;-1;-1;-1;-1;-1;-1
;ServiceLog;md;1418375191846;unknown;unknown;1;-1;-1;-1;-1;-1;-1
;ServiceLog;md;1418375192916;unknown;unknown;1;-1;-1;-1;-1;-1;-1
;ServiceLog;md;1418375193940;unknown;unknown;1;-1;-1;-1;-1;-1;-1
;ServiceLog;md;1418375195008;unknown;unknown;1;-1;-1;-1;-1;-1;-1
;ServiceLog;md;1418375196071;unknown;unknown;1;-1;-1;-1;-1;-1;-1
;ServiceLog;md;1418375197150;unknown;unknown;1;-1;-1;-1;-1;-1;-1
;ServiceLog;md;1418375198221;unknown;unknown;1;-1;-1;-1;-1;-1;-1
;ServiceLog;md;1418375199302;unknown;unknown;1;-1;-1;-1;-1;-1;-1
;ServiceLog;md;1418375200371;unknown;unknown;1;-1;-1;-1;-1;-1;-1
;ServiceLog;md;1418375201395;unknown;unknown;1;-1;-1;-1;-1;-1;-1
;ServiceLog;md;1418375202459;unknown;unknown;1;-1;-1;-1;-1;-1;-1
;ServiceLog;md;1418375203522;unknown;unknown;1;-1;-1;-1;-1;-1;-1
;ServiceLog;md;1418375204559;unknown;unknown;1;-1;-1;-1;-1;-1;-1
;ServiceLog;md;1418375205621;unknown;unknown;1;-1;-1;-1;-1;-1;-1
;ServiceLog;md;1418375206713;unknown;unknown;1;-1;-1;-1;-1;-1;-1
;ServiceLog;md;1418375207756;unknown;unknown;1;-1;-1;-1;-1;-1;-1
;ServiceLog;md;1418375208791;unknown;unknown;1;-1;-1;-1;-1;-1;-1
;ServiceLog;md;1418375209824;unknown;unknown;1;-1;-1;-1;-1;-1;-1
;ServiceLog;md;1418375210859;unknown;unknown;1;-1;-1;-1;-1;-1;-1
;ServiceLog;md;1418375211919;unknown;unknown;1;-1;-1;-1;-1;-1;-1
;ServiceLog;md;1418375212955;unknown;unknown;1;-1;-1;-1;-1;-1;-1
;ServiceLog;md;1418375213984;unknown;unknown;1;-1;-1;-1;-1;-1;-1
;ServiceLog;md;1418375215008;unknown;unknown;1;-1;-1;-1;-1;-1;-1
;ServiceLog;md;1418375216120;unknown;unknown;1;-1;-1;-1;-1;-1;-1
;ServiceLog;md;1418375217150;unknown;unknown;1;-1;-1;-1;-1;-1;-1
;ServiceLog;md;1418375218207;unknown;unknown;1;-1;-1;-1;-1;-1;-1
;ServiceLog;md;1418375219326;unknown;unknown;1;-1;-1;-1;-1;-1;-1
;ServiceLog;md;1418375220351;unknown;unknown;1;-1;-1;-1;-1;-1;-1
;ServiceLog;md;1418375221412;unknown;unknown;1;-1;-1;-1;-1;-1;-1
;ServiceLog;md;1418375222469;unknown;unknown;1;-1;-1;-1;-1;-1;-1
;ServiceLog;md;1418375223508;unknown;unknown;1;-1;-1;-1;-1;-1;-1
;ServiceLog;md;1418375224534;unknown;unknown;1;-1;-1;-1;-1;-1;-1
;ServiceLog;md;1418375225556;unknown;unknown;1;-1;-1;-1;-1;-1;-1
;ServiceLog;md;1418375226578;unknown;unknown;1;-1;-1;-1;-1;-1;-1
;ServiceLog;md;1418375227683;unknown;unknown;1;-1;-1;-1;-1;-1;-1
;ServiceLog;md;1418375228704;unknown;unknown;1;-1;-1;-1;-1;-1;-1
;ServiceLog;md;1418375229726;unknown;unknown;1;-1;-1;-1;-1;-1;-1
;ServiceLog;md;1418375230747;unknown;unknown;1;-1;-1;-1;-1;-1;-1
;ServiceLog;md;1418375231773;unknown;unknown;1;-1;-1;-1;-1;-1;-1
;ServiceLog;md;1418375232794;unknown;unknown;1;-1;-1;-1;-1;-1;-1
;ServiceLog;md;1418375233817;unknown;unknown;1;-1;-1;-1;-1;-1;-1
;ServiceLog;md;1418375234836;unknown;unknown;1;-1;-1;-1;-1;-1;-1
;ServiceLog;md;1418375235871;unknown;unknown;1;-1;-1;-1;-1;-1;-1
;ServiceLog;md;1418375236906;unknown;unknown;1;-1;-1;-1;-1;-1;-1
;ServiceLog;md;1418375237941;unknown;unknown;1;-1;-1;-1;-1;-1;-1
;ServiceLog;md;1418375238976;unknown;unknown;1;-1;-1;-1;-1;-1;-1
;ServiceLog;md;1418375240009;unknown;unknown;1;-1;-1;-1;-1;-1;-1
;ServiceLog;md;1418375241055;unknown;unknown;1;-1;-1;-1;-1;-1;-1
;ServiceLog;md;1418375242095;unknown;unknown;1;-1;-1;-1;-1;-1;-1
;ServiceLog;md;1418375243135;unknown;unknown;1;-1;-1;-1;-1;-1;-1
;ServiceLog;md;1418375244158;unknown;unknown;1;-1;-1;-1;-1;-1;-1
;ServiceLog;md;1418375245263;unknown;unknown;1;-1;-1;-1;-1;-1;-1
;ServiceLog;md;1418375246367;unknown;unknown;1;-1;-1;-1;-1;-1;-1
;ServiceLog;md;1418375247472;unknown;unknown;1;-1;-1;-1;-1;-1;-1
;ServiceLog;md;1418375248524;unknown;unknown;1;-1;-1;-1;-1;-1;-1
;ServiceLog;md;1418375249559;unknown;unknown;1;-1;-1;-1;-1;-1;-1
;ServiceLog;md;1418375250624;unknown;unknown;1;-1;-1;-1;-1;-1;-1
;ServiceLog;md;1418375251684;unknown;unknown;1;-1;-1;-1;-1;-1;-1
;ServiceLog;md;1418375252748;unknown;unknown;1;-1;-1;-1;-1;-1;-1
;ServiceLog;md;1418375253796;unknown;unknown;1;-1;-1;-1;-1;-1;-1
;ServiceLog;md;1418375254866;unknown;unknown;1;-1;-1;-1;-1;-1;-1
;ServiceLog;md;1418375255930;unknown;unknown;1;-1;-1;-1;-1;-1;-1
;ServiceLog;md;1418375256995;unknown;unknown;1;-1;-1;-1;-1;-1;-1
;ServiceLog;md;1418375258068;unknown;unknown;1;-1;-1;-1;-1;-1;-1
;ServiceLog;md;1418375259135;unknown;unknown;1;-1;-1;-1;-1;-1;-1
;ServiceLog;md;1418375260225;unknown;unknown;1;-1;-1;-1;-1;-1;-1
;ServiceLog;md;1418375261288;unknown;unknown;1;-1;-1;-1;-1;-1;-1
;ServiceLog;md;1418375262376;unknown;unknown;1;-1;-1;-1;-1;-1;-1
;ServiceLog;md;1418375263468;unknown;unknown;1;-1;-1;-1;-1;-1;-1
;ServiceLog;md;1418375264534;unknown;unknown;1;-1;-1;-1;-1;-1;-1
;ServiceLog;md;1418375265598;unknown;unknown;1;-1;-1;-1;-1;-1;-1
;ServiceLog;md;1418375266677;unknown;unknown;1;-1;-1;-1;-1;-1;-1
;ServiceLog;md;1418375267742;unknown;unknown;1;-1;-1;-1;-1;-1;-1
;ServiceLog;md;1418375268821;unknown;unknown;1;-1;-1;-1;-1;-1;-1
;ServiceLog;md;1418375269909;unknown;unknown;1;-1;-1;-1;-1;-1;-1
;ServiceLog;md;1418375270992;unknown;unknown;1;-1;-1;-1;-1;-1;-1
;ServiceLog;md;1418375272058;unknown;unknown;1;-1;-1;-1;-1;-1;-1
;ServiceLog;md;1418375273128;unknown;unknown;1;-1;-1;-1;-1;-1;-1
;ServiceLog;md;1418375274231;unknown;unknown;1;-1;-1;-1;-1;-1;-1
;ServiceLog;md;1418375275267;unknown;unknown;1;-1;-1;-1;-1;-1;-1
;ServiceLog;md;1418375276332;unknown;unknown;1;-1;-1;-1;-1;-1;-1
;ServiceLog;md;1418375277404;unknown;unknown;1;-1;-1;-1;-1;-1;-1
;ServiceLog;md;1418375278474;unknown;unknown;1;-1;-1;-1;-1;-1;-1
;ServiceLog;md;1418375279535;unknown;unknown;1;-1;-1;-1;-1;-1;-1
;ServiceLog;md;1418375280606;unknown;unknown;1;-1;-1;-1;-1;-1;-1
;ServiceLog;md;1418375281681;unknown;unknown;1;-1;-1;-1;-1;-1;-1
;ServiceLog;md;1418375282869;unknown;unknown;1;-1;-1;-1;-1;-1;-1
;ServiceLog;md;1418375283899;unknown;unknown;1;-1;-1;-1;-1;-1;-1
;ServiceLog;md;1418375285004;unknown;unknown;1;-1;-1;-1;-1;-1;-1
;ServiceLog;md;1418375286033;unknown;unknown;1;-1;-1;-1;-1;-1;-1
;ServiceLog;md;1418375287064;unknown;unknown;1;-1;-1;-1;-1;-1;-1
;ServiceLog;md;1418375288217;unknown;unknown;1;-1;-1;-1;-1;-1;-1
;ServiceLog;md;1418375289257;unknown;unknown;1;-1;-1;-1;-1;-1;-1
;ServiceLog;md;1418375290280;unknown;unknown;1;-1;-1;-1;-1;-1;-1
;ServiceLog;md;1418375291303;unknown;unknown;1;-1;-1;-1;-1;-1;-1
;ServiceLog;md;1418375292361;unknown;unknown;1;-1;-1;-1;-1;-1;-1
;ServiceLog;md;1418375293426;unknown;unknown;1;-1;-1;-1;-1;-1;-1
;ServiceLog;md;1418375294465;unknown;unknown;1;-1;-1;-1;-1;-1;-1
;ServiceLog;md;1418375295489;unknown;unknown;1;-1;-1;-1;-1;-1;-1
;ServiceLog;md;1418375296524;unknown;unknown;1;-1;-1;-1;-1;-1;-1
;ServiceLog;md;1418375297558;unknown;unknown;1;-1;-1;-1;-1;-1;-1
;ServiceLog;md;1418375298594;unknown;unknown;1;-1;-1;-1;-1;-1;-1
;ServiceLog;md;1418375299631;unknown;unknown;1;-1;-1;-1;-1;-1;-1
;ServiceLog;md;1418375300671;unknown;unknown;1;-1;-1;-1;-1;-1;-1
;ServiceLog;md;1418375301700;unknown;unknown;1;-1;-1;-1;-1;-1;-1
;ServiceLog;md;1418375302739;unknown;unknown;1;-1;-1;-1;-1;-1;-1
;ServiceLog;md;1418375303849;unknown;unknown;1;-1;-1;-1;-1;-1;-1
;ServiceLog;md;1418375304914;unknown;unknown;1;-1;-1;-1;-1;-1;-1
;ServiceLog;md;1418375305978;unknown;unknown;1;-1;-1;-1;-1;-1;-1
;ServiceLog;md;1418375307088;unknown;unknown;1;-1;-1;-1;-1;-1;-1
;ServiceLog;md;1418375308506;unknown;unknown;1;-1;-1;-1;-1;-1;-1
;ServiceLog;md;1418375309633;unknown;unknown;1;-1;-1;-1;-1;-1;-1
;ServiceLog;md;1418375310667;unknown;unknown;1;-1;-1;-1;-1;-1;-1
;ServiceLog;md;1418375311703;unknown;unknown;1;-1;-1;-1;-1;-1;-1
;ServiceLog;md;1418375312764;unknown;unknown;1;-1;-1;-1;-1;-1;-1
;ServiceLog;md;1418375313786;unknown;unknown;1;-1;-1;-1;-1;-1;-1
;ServiceLog;md;1418375314806;unknown;unknown;1;-1;-1;-1;-1;-1;-1
;ServiceLog;md;1418375315826;unknown;unknown;1;-1;-1;-1;-1;-1;-1
;ServiceLog;md;1418375316853;unknown;unknown;1;-1;-1;-1;-1;-1;-1
;ServiceLog;md;1418375317873;unknown;unknown;1;-1;-1;-1;-1;-1;-1
;ServiceLog;md;1418375318893;unknown;unknown;1;-1;-1;-1;-1;-1;-1
;ServiceLog;md;1418375319934;unknown;unknown;1;-1;-1;-1;-1;-1;-1
;ServiceLog;md;1418375321007;unknown;unknown;1;-1;-1;-1;-1;-1;-1
;ServiceLog;md;1418375322038;unknown;unknown;1;-1;-1;-1;-1;-1;-1
;ServiceLog;md;1418375323093;unknown;unknown;1;-1;-1;-1;-1;-1;-1
;ServiceLog;md;1418375324129;unknown;unknown;1;-1;-1;-1;-1;-1;-1
;ServiceLog;md;1418375325164;unknown;unknown;1;-1;-1;-1;-1;-1;-1
;ServiceLog;md;1418375326200;unknown;unknown;1;-1;-1;-1;-1;-1;-1
;ServiceLog;md;1418375327236;unknown;unknown;1;-1;-1;-1;-1;-1;-1
;ServiceLog;md;1418375328271;unknown;unknown;1;-1;-1;-1;-1;-1;-1
;ServiceLog;md;1418375329307;unknown;unknown;1;-1;-1;-1;-1;-1;-1
;ServiceLog;md;1418375330408;unknown;unknown;1;-1;-1;-1;-1;-1;-1
;ServiceLog;md;1418375331491;unknown;unknown;1;-1;-1;-1;-1;-1;-1
;ServiceLog;md;1418375332525;unknown;unknown;1;-1;-1;-1;-1;-1;-1
;ServiceLog;md;1418375333566;unknown;unknown;1;-1;-1;-1;-1;-1;-1
;ServiceLog;md;1418375334630;unknown;unknown;1;-1;-1;-1;-1;-1;-1
;ServiceLog;md;1418375335692;unknown;unknown;1;-1;-1;-1;-1;-1;-1
;ServiceLog;md;1418375336753;unknown;unknown;1;-1;-1;-1;-1;-1;-1
;ServiceLog;md;1418375337794;unknown;unknown;1;-1;-1;-1;-1;-1;-1
;ServiceLog;md;1418375338859;unknown;unknown;1;-1;-1;-1;-1;-1;-1
;ServiceLog;md;1418375339919;unknown;unknown;1;-1;-1;-1;-1;-1;-1
;ServiceLog;md;1418375340981;unknown;unknown;1;-1;-1;-1;-1;-1;-1
;ServiceLog;md;1418375342066;unknown;unknown;1;-1;-1;-1;-1;-1;-1
;ServiceLog;md;1418375343112;unknown;unknown;1;-1;-1;-1;-1;-1;-1
;ServiceLog;md;1418375344179;unknown;unknown;1;-1;-1;-1;-1;-1;-1
;ServiceLog;md;1418375345241;unknown;unknown;1;-1;-1;-1;-1;-1;-1
;ServiceLog;md;1418375346326;unknown;unknown;1;-1;-1;-1;-1;-1;-1
;ServiceLog;md;1418375347393;unknown;unknown;1;-1;-1;-1;-1;-1;-1
;ServiceLog;md;1418375348456;unknown;unknown;1;-1;-1;-1;-1;-1;-1
;ServiceLog;md;1418375349554;unknown;unknown;1;-1;-1;-1;-1;-1;-1
;ServiceLog;md;1418375350617;unknown;unknown;1;-1;-1;-1;-1;-1;-1
;ServiceLog;md;1418375351701;unknown;unknown;1;-1;-1;-1;-1;-1;-1
;ServiceLog;md;1418375352768;unknown;unknown;1;-1;-1;-1;-1;-1;-1
;ServiceLog;md;1418375353838;unknown;unknown;1;-1;-1;-1;-1;-1;-1
;ServiceLog;md;1418375354902;unknown;unknown;1;-1;-1;-1;-1;-1;-1
;ServiceLog;md;1418375355978;unknown;unknown;1;-1;-1;-1;-1;-1;-1
;ServiceLog;md;1418375357043;unknown;unknown;1;-1;-1;-1;-1;-1;-1
;ServiceLog;md;1418375358108;unknown;unknown;1;-1;-1;-1;-1;-1;-1
;ServiceLog;md;1418375359200;unknown;unknown;1;-1;-1;-1;-1;-1;-1
;ServiceLog;md;1418375360308;unknown;unknown;1;-1;-1;-1;-1;-1;-1
;ServiceLog;md;1418375361471;unknown;unknown;1;-1;-1;-1;-1;-1;-1
;ServiceLog;md;1418375362518;unknown;unknown;1;-1;-1;-1;-1;-1;-1
;ServiceLog;md;1418375363610;unknown;unknown;1;-1;-1;-1;-1;-1;-1
;ServiceLog;md;1418375364671;unknown;unknown;1;-1;-1;-1;-1;-1;-1
;ServiceLog;md;1418375365770;unknown;unknown;1;-1;-1;-1;-1;-1;-1
;ServiceLog;md;1418375366847;unknown;unknown;1;-1;-1;-1;-1;-1;-1
;ServiceLog;md;1418375367918;unknown;unknown;1;-1;-1;-1;-1;-1;-1
;ServiceLog;md;1418375369011;unknown;unknown;1;-1;-1;-1;-1;-1;-1
;ServiceLog;md;1418375370090;unknown;unknown;1;-1;-1;-1;-1;-1;-1
;ServiceLog;md;1418375371154;unknown;unknown;1;-1;-1;-1;-1;-1;-1
;ServiceLog;md;1418375372213;unknown;unknown;1;-1;-1;-1;-1;-1;-1
;ServiceLog;md;1418375373286;unknown;unknown;1;-1;-1;-1;-1;-1;-1
;ServiceLog;md;1418375374352;unknown;unknown;1;-1;-1;-1;-1;-1;-1
;ServiceLog;md;1418375375415;unknown;unknown;1;-1;-1;-1;-1;-1;-1
;ServiceLog;md;1418375376479;unknown;unknown;1;-1;-1;-1;-1;-1;-1
;ServiceLog;md;1418375377569;unknown;unknown;1;-1;-1;-1;-1;-1;-1
;ServiceLog;md;1418375378634;unknown;unknown;1;-1;-1;-1;-1;-1;-1
;ServiceLog;md;1418375379700;unknown;unknown;1;-1;-1;-1;-1;-1;-1
;ServiceLog;md;1418375380782;unknown;unknown;1;-1;-1;-1;-1;-1;-1
;ServiceLog;md;1418375381861;unknown;unknown;1;-1;-1;-1;-1;-1;-1
;ServiceLog;md;1418375383267;unknown;unknown;1;-1;-1;-1;-1;-1;-1
;ServiceLog;md;1418375384340;unknown;unknown;1;-1;-1;-1;-1;-1;-1
;ServiceLog;md;1418375385413;unknown;unknown;1;-1;-1;-1;-1;-1;-1
;ServiceLog;md;1418375386482;unknown;unknown;1;-1;-1;-1;-1;-1;-1
;ServiceLog;md;1418375387554;unknown;unknown;1;-1;-1;-1;-1;-1;-1
;ServiceLog;md;1418375388595;unknown;unknown;1;-1;-1;-1;-1;-1;-1
;ServiceLog;md;1418375389687;unknown;unknown;1;-1;-1;-1;-1;-1;-1
;ServiceLog;md;1418375390781;unknown;unknown;1;-1;-1;-1;-1;-1;-1
;ServiceLog;md;1418375391857;unknown;unknown;1;-1;-1;-1;-1;-1;-1
;ServiceLog;md;1418375392903;unknown;unknown;1;-1;-1;-1;-1;-1;-1
;ServiceLog;md;1418375394045;unknown;unknown;1;-1;-1;-1;-1;-1;-1
;ServiceLog;md;1418375395105;unknown;unknown;1;-1;-1;-1;-1;-1;-1
;ServiceLog;md;1418375396163;unknown;unknown;1;-1;-1;-1;-1;-1;-1
;ServiceLog;md;1418375397220;unknown;unknown;1;-1;-1;-1;-1;-1;-1
;ServiceLog;md;1418375398316;unknown;unknown;1;-1;-1;-1;-1;-1;-1
;ServiceLog;md;1418375399389;unknown;unknown;1;-1;-1;-1;-1;-1;-1
;ServiceLog;md;1418375400503;3G;UMTS;1;250;1;660;6891144;-1;-65
;ServiceLog;md;1418375401566;3G;UMTS;1;250;1;660;6891144;-1;-65
;ServiceLog;md;1418375402609;3G;UMTS;1;250;1;660;6891144;-1;-69
;ServiceLog;md;1418375403654;3G;UMTS;1;250;1;660;6891144;-1;-69
;ServiceLog;md;1418375404694;3G;UMTS;1;250;1;660;6891144;-1;-69
;ServiceLog;md;1418375405737;3G;UMTS;1;250;1;660;6891144;-1;-73
;ServiceLog;md;1418375406773;3G;UMTS;1;250;1;660;6891144;-1;-73
;ServiceLog;md;1418375407813;3G;UMTS;1;250;1;660;6891144;-1;-73
;ServiceLog;md;1418375408847;3G;UMTS;1;250;1;660;6891144;-1;-75
;ServiceLog;md;1418375409931;3G;UMTS;1;250;1;660;6891144;-1;-75
;ServiceLog;md;1418375410996;3G;UMTS;1;250;1;660;6891144;-1;-75
;ServiceLog;md;1418375412106;3G;UMTS;1;250;1;660;6891144;-1;-77
;ServiceLog;md;1418375413188;3G;UMTS;1;250;1;660;6891144;-1;-77
;ServiceLog;md;1418375414295;3G;UMTS;1;250;1;660;6925137;-1;-79
;ServiceLog;md;1418375415325;3G;UMTS;1;250;1;660;6925137;-1;-79
;ServiceLog;md;1418375416358;3G;UMTS;1;250;1;660;6891144;-1;-79
;ServiceLog;md;1418375417444;3G;UMTS;1;250;1;660;6891144;-1;-81
;ServiceLog;md;1418375418509;3G;UMTS;1;250;1;660;6891144;-1;-81
;ServiceLog;md;1418375419569;3G;UMTS;1;250;1;660;6925137;-1;-81
;ServiceLog;md;1418375420603;3G;UMTS;1;250;1;660;6925137;-1;-81
;ServiceLog;md;1418375421655;3G;UMTS;1;250;1;660;6925137;-1;-81
;ServiceLog;md;1418375422713;3G;UMTS;1;250;1;660;6925137;-1;-81
;ServiceLog;md;1418375423746;3G;UMTS;1;250;1;660;6925137;-1;-83
;ServiceLog;md;1418375424782;3G;UMTS;1;250;1;660;6925137;-1;-83
;ServiceLog;md;1418375425827;3G;UMTS;1;250;1;660;6925137;-1;-83
;ServiceLog;md;1418375426850;3G;UMTS;1;250;1;660;6925137;-1;-83
;ServiceLog;md;1418375428138;3G;UMTS;1;250;1;660;6925137;-1;-83
;ServiceLog;md;1418375429170;3G;UMTS;1;250;1;660;6925137;-1;-83
;ServiceLog;md;1418375430214;3G;UMTS;1;250;1;660;6925137;-1;-85
;ServiceLog;md;1418375431549;3G;UMTS;1;250;1;660;6925137;-1;-85
;ServiceLog;md;1418375432928;3G;UMTS;1;250;1;660;6925137;-1;-85
;ServiceLog;md;1418375434077;3G;UMTS;1;250;1;660;6925137;-1;-85
;ServiceLog;md;1418375435150;3G;UMTS;1;250;1;660;6925137;-1;-85
;ServiceLog;md;1418375436178;3G;UMTS;1;250;1;660;6925137;-1;-87
;ServiceLog;md;1418375437202;3G;UMTS;1;250;1;660;6925137;-1;-87
;ServiceLog;md;1418375438227;3G;UMTS;1;250;1;660;6925137;-1;-87
;ServiceLog;md;1418375439298;3G;UMTS;1;250;1;660;6925137;-1;-87
;ServiceLog;md;1418375440342;3G;UMTS;1;250;1;660;6925137;-1;-87
;ServiceLog;md;1418375441381;3G;UMTS;1;250;1;660;6925137;-1;-87
;ServiceLog;md;1418375442406;3G;UMTS;1;250;1;660;6925137;-1;-87
;ServiceLog;md;1418375443433;3G;UMTS;1;250;1;660;6925137;-1;-87
;ServiceLog;md;1418375444480;3G;UMTS;1;250;1;660;6925137;-1;-89
;ServiceLog;md;1418375445509;3G;UMTS;1;250;1;660;6925137;-1;-89
;ServiceLog;md;1418375446556;3G;UMTS;1;250;1;660;6925137;-1;-89
;ServiceLog;md;1418375447586;3G;UMTS;1;250;1;660;6925137;-1;-87
;ServiceLog;md;1418375449147;3G;UMTS;1;250;1;660;6925137;-1;-87
;ServiceLog;md;1418375450204;3G;UMTS;1;250;1;660;6925137;-1;-87
;ServiceLog;md;1418375451239;3G;UMTS;1;250;1;660;6925137;-1;-87
;ServiceLog;md;1418375452266;3G;UMTS;1;250;1;660;6925137;-1;-87
;ServiceLog;md;1418375453291;3G;UMTS;1;250;1;660;6891144;-1;-87
;ServiceLog;md;1418375454310;3G;UMTS;1;250;1;660;6891144;-1;-87
;ServiceLog;md;1418375455335;3G;UMTS;1;250;1;660;6925137;-1;-87
;ServiceLog;md;1418375456360;3G;UMTS;1;250;1;660;6925137;-1;-87
;ServiceLog;md;1418375457383;3G;UMTS;1;250;1;660;6925137;-1;-87
;ServiceLog;md;1418375458420;3G;UMTS;1;250;1;660;6925137;-1;-87
;ServiceLog;md;1418375459441;3G;UMTS;1;250;1;660;6925137;-1;-87
;ServiceLog;md;1418375460481;3G;UMTS;1;250;1;660;6925137;-1;-87
;ServiceLog;md;1418375461507;3G;UMTS;1;250;1;660;6925137;-1;-87
;ServiceLog;md;1418375462543;3G;UMTS;1;250;1;660;6891144;-1;-87
;ServiceLog;md;1418375463566;3G;UMTS;1;250;1;660;6891144;-1;-87
;ServiceLog;md;1418375464589;3G;UMTS;1;250;1;660;6925137;-1;-87
;ServiceLog;md;1418375465635;3G;UMTS;1;250;1;660;6925137;-1;-87
;ServiceLog;md;1418375466670;3G;UMTS;1;250;1;660;6925137;-1;-87
;ServiceLog;md;1418375467755;3G;UMTS;1;250;1;660;6925137;-1;-87
;ServiceLog;md;1418375468796;3G;UMTS;1;250;1;660;6925137;-1;-85
;ServiceLog;md;1418375469842;3G;UMTS;1;250;1;660;6925137;-1;-85
;ServiceLog;md;1418375470907;3G;UMTS;1;250;1;660;6925137;-1;-85
;ServiceLog;md;1418375471967;3G;UMTS;1;250;1;660;6925137;-1;-81
;ServiceLog;md;1418375473044;3G;UMTS;1;250;1;660;6925137;-1;-81
;ServiceLog;md;1418375474079;3G;HSDPA;1;250;1;660;6925137;-1;-81
;ServiceLog;md;1418375475105;3G;HSDPA;1;250;1;660;6925137;-1;-77
;ServiceLog;md;1418375476137;3G;HSDPA;1;250;1;660;6925137;-1;-77
;ServiceLog;md;1418375477163;3G;HSDPA;1;250;1;660;6925137;-1;-77
;ServiceLog;md;1418375478292;3G;HSDPA;1;250;1;660;6925137;-1;-75
;ServiceLog;md;1418375479343;3G;HSDPA;1;250;1;660;6925137;-1;-75
;ServiceLog;md;1418375480460;3G;HSDPA;1;250;1;660;6925137;-1;-73
;ServiceLog;md;1418375481509;3G;HSDPA;1;250;1;660;6925137;-1;-73
;ServiceLog;md;1418375482589;3G;HSDPA;1;250;1;660;6925137;-1;-73
;ServiceLog;md;1418375483629;3G;HSDPA;1;250;1;660;6925137;-1;-73
;ServiceLog;md;1418375484659;3G;HSDPA;1;250;1;660;6925137;-1;-73
;ServiceLog;md;1418375485683;3G;HSDPA;1;250;1;660;6925137;-1;-73
;ServiceLog;md;1418375486712;3G;HSDPA;1;250;1;660;6925137;-1;-73
;ServiceLog;md;1418375487880;3G;HSDPA;1;250;1;660;6925137;-1;-73
;ServiceLog;md;1418375489196;3G;HSDPA;1;250;1;660;6925137;-1;-73
;ServiceLog;md;1418375490282;3G;HSDPA;1;250;1;660;6925137;-1;-73
;ServiceLog;md;1418375491321;3G;HSDPA;1;250;1;660;6925137;-1;-73
;ServiceLog;md;1418375492349;3G;HSDPA;1;250;1;660;6925137;-1;-73
;ServiceLog;md;1418375493794;3G;HSDPA;1;250;1;660;6925137;-1;-73
;ServiceLog;md;1418375494915;3G;HSDPA;1;250;1;660;6925137;-1;-73
;ServiceLog;md;1418375495945;3G;HSDPA;1;250;1;660;6925137;-1;-73
;ServiceLog;md;1418375496997;3G;HSDPA;1;250;1;660;6925137;-1;-73
;ServiceLog;md;1418375498030;3G;HSDPA;1;250;1;660;6925137;-1;-73
;ServiceLog;md;1418375499059;3G;HSDPA;1;250;1;660;6925137;-1;-73
;ServiceLog;md;1418375500314;3G;HSDPA;1;250;1;660;6925137;-1;-73
;ServiceLog;md;1418375501339;3G;HSDPA;1;250;1;660;6925137;-1;-73
;ServiceLog;md;1418375502399;3G;HSDPA;1;250;1;660;6925137;-1;-73
;ServiceLog;md;1418375503427;3G;HSDPA;1;250;1;660;6925137;-1;-73
;ServiceLog;md;1418375504451;3G;HSDPA;1;250;1;660;6925137;-1;-73
;ServiceLog;md;1418375505493;3G;HSDPA;1;250;1;660;6925137;-1;-73
;ServiceLog;md;1418375506556;3G;HSDPA;1;250;1;660;6925137;-1;-73
;ServiceLog;md;1418375507587;3G;HSDPA;1;250;1;660;6925137;-1;-73
;ServiceLog;md;1418375508973;3G;HSDPA;1;250;1;660;6925137;-1;-73
;ServiceLog;md;1418375510027;3G;HSDPA;1;250;1;660;6925137;-1;-73
;ServiceLog;md;1418375511066;3G;HSDPA;1;250;1;660;6925137;-1;-73
;ServiceLog;md;1418375512091;3G;HSDPA;1;250;1;660;6925137;-1;-73
;ServiceLog;md;1418375513143;3G;HSDPA;1;250;1;660;6925137;-1;-73
;ServiceLog;md;1418375514170;3G;HSDPA;1;250;1;660;6925137;-1;-73
;ServiceLog;md;1418375515202;3G;HSDPA;1;250;1;660;6925137;-1;-73
;ServiceLog;md;1418375516227;3G;HSDPA;1;250;1;660;6925137;-1;-73
;ServiceLog;md;1418375517262;3G;HSDPA;1;250;1;660;6925137;-1;-73
;ServiceLog;md;1418375518300;3G;HSDPA;1;250;1;660;6925137;-1;-73
;ServiceLog;md;1418375519336;3G;HSDPA;1;250;1;660;6925137;-1;-73
;ServiceLog;md;1418375520372;3G;HSDPA;1;250;1;660;6925137;-1;-73
;ServiceLog;md;1418375521408;3G;HSDPA;1;250;1;660;6925137;-1;-73
;ServiceLog;md;1418375522445;3G;HSDPA;1;250;1;660;6925137;-1;-73
;ServiceLog;md;1418375523480;3G;HSDPA;1;250;1;660;6925137;-1;-73
;ServiceLog;md;1418375524525;3G;HSDPA;1;250;1;660;6925137;-1;-73
;ServiceLog;md;1418375525561;3G;HSDPA;1;250;1;660;6925137;-1;-73
;ServiceLog;md;1418375526600;3G;HSDPA;1;250;1;660;6925137;-1;-73
;ServiceLog;md;1418375527637;3G;HSDPA;1;250;1;660;6925137;-1;-73
;ServiceLog;md;1418375528676;3G;HSDPA;1;250;1;660;6925137;-1;-73
;ServiceLog;md;1418375529715;3G;HSDPA;1;250;1;660;6925137;-1;-73
;ServiceLog;md;1418375530753;3G;HSDPA;1;250;1;660;6925137;-1;-73
;ServiceLog;md;1418375531789;3G;HSDPA;1;250;1;660;6925137;-1;-73
;ServiceLog;md;1418375532825;3G;HSDPA;1;250;1;660;6925137;-1;-73
;ServiceLog;md;1418375533863;3G;HSDPA;1;250;1;660;6925137;-1;-73
;ServiceLog;md;1418375534899;3G;HSDPA;1;250;1;660;6925137;-1;-73
;ServiceLog;md;1418375535937;3G;HSDPA;1;250;1;660;6925137;-1;-73
;ServiceLog;md;1418375536968;3G;HSDPA;1;250;1;660;6925137;-1;-73
;ServiceLog;md;1418375538155;3G;HSDPA;1;250;1;660;6925137;-1;-73
;ServiceLog;md;1418375539198;3G;HSDPA;1;250;1;660;6925137;-1;-73
;ServiceLog;md;1418375540224;3G;HSDPA;1;250;1;660;6925137;-1;-73
;ServiceLog;md;1418375541254;3G;HSDPA;1;250;1;660;6925137;-1;-73
;ServiceLog;md;1418375542284;3G;HSDPA;1;250;1;660;6925137;-1;-73
;ServiceLog;md;1418375543346;3G;HSDPA;1;250;1;660;6925137;-1;-73
;ServiceLog;md;1418375544369;3G;HSDPA;1;250;1;660;6925137;-1;-73
;ServiceLog;md;1418375545392;3G;HSDPA;1;250;1;660;6925137;-1;-73
;ServiceLog;md;1418375546630;3G;HSDPA;1;250;1;660;6925137;-1;-73
;ServiceLog;md;1418375547663;3G;HSDPA;1;250;1;660;6925137;-1;-73
;ServiceLog;md;1418375548688;3G;HSDPA;1;250;1;660;6925137;-1;-73
;ServiceLog;md;1418375549757;3G;HSDPA;1;250;1;660;6925137;-1;-73
;ServiceLog;md;1418375550779;3G;HSDPA;1;250;1;660;6925137;-1;-73
;ServiceLog;md;1418375551811;3G;HSDPA;1;250;1;660;6925137;-1;-73
;ServiceLog;md;1418375552838;3G;HSDPA;1;250;1;660;6925137;-1;-73
;ServiceLog;md;1418375553889;3G;HSDPA;1;250;1;660;6925137;-1;-73
;ServiceLog;md;1418375554926;3G;HSDPA;1;250;1;660;6925137;-1;-73
;ServiceLog;md;1418375555965;3G;HSDPA;1;250;1;660;6925137;-1;-73
;ServiceLog;md;1418375557006;3G;HSDPA;1;250;1;660;6925137;-1;-73
;ServiceLog;md;1418375558053;3G;HSDPA;1;250;1;660;6925137;-1;-73
;ServiceLog;md;1418375559097;3G;HSDPA;1;250;1;660;6925137;-1;-73
;ServiceLog;md;1418375560138;3G;HSDPA;1;250;1;660;6925137;-1;-73
;ServiceLog;md;1418375561176;3G;HSDPA;1;250;1;660;6925137;-1;-73
;ServiceLog;md;1418375562214;3G;HSDPA;1;250;1;660;6925137;-1;-73
;ServiceLog;md;1418375563255;3G;HSDPA;1;250;1;660;6925137;-1;-73
;ServiceLog;md;1418375564295;3G;HSDPA;1;250;1;660;6925137;-1;-73
;ServiceLog;md;1418375565333;3G;HSDPA;1;250;1;660;6925137;-1;-73
;ServiceLog;md;1418375566369;3G;HSDPA;1;250;1;660;6925137;-1;-73
;ServiceLog;md;1418375567392;3G;HSDPA;1;250;1;660;6925137;-1;-73
;ServiceLog;md;1418375568429;3G;HSDPA;1;250;1;660;6925137;-1;-73
;ServiceLog;md;1418375569468;3G;HSDPA;1;250;1;660;6925137;-1;-73
;ServiceLog;md;1418375570508;3G;HSDPA;1;250;1;660;6925137;-1;-73
;ServiceLog;md;1418375571547;3G;HSDPA;1;250;1;660;6925137;-1;-73
;ServiceLog;md;1418375572591;3G;HSDPA;1;250;1;660;6925137;-1;-73
;ServiceLog;md;1418375573627;3G;HSDPA;1;250;1;660;6925137;-1;-73
;ServiceLog;md;1418375574668;3G;HSDPA;1;250;1;660;6925137;-1;-73
;ServiceLog;md;1418375575718;3G;UMTS;1;250;1;660;6891144;-1;-83
;ServiceLog;md;1418375576819;3G;HSDPA;1;250;1;660;6891144;-1;-83
;ServiceLog;md;1418375577955;3G;HSDPA;1;250;1;660;6891144;-1;-83
;ServiceLog;md;1418375578977;3G;HSDPA;1;250;1;660;6891144;-1;-83
;ServiceLog;md;1418375579996;3G;HSDPA;1;250;1;660;6891144;-1;-85
;ServiceLog;md;1418375581021;3G;HSDPA;1;250;1;660;6891144;-1;-85
;ServiceLog;md;1418375582044;3G;HSDPA;1;250;1;660;6891144;-1;-85
;ServiceLog;md;1418375583074;3G;HSDPA;1;250;1;660;6891144;-1;-87
;ServiceLog;md;1418375584104;3G;HSDPA;1;250;1;660;6891144;-1;-87
;ServiceLog;md;1418375585132;3G;HSDPA;1;250;1;660;6891144;-1;-87
;ServiceLog;md;1418375586215;3G;HSDPA;1;250;1;660;6891144;-1;-87
;ServiceLog;md;1418375587286;3G;HSDPA;1;250;1;660;6891144;-1;-87
;ServiceLog;md;1418375588347;3G;HSDPA;1;250;1;660;6891144;-1;-87
;ServiceLog;md;1418375589381;3G;HSDPA;1;250;1;660;6891144;-1;-87
;ServiceLog;md;1418375590423;3G;HSDPA;1;250;1;660;6891144;-1;-87
;ServiceLog;md;1418375591457;3G;HSDPA;1;250;1;660;6891144;-1;-87
;ServiceLog;md;1418375592498;3G;HSDPA;1;250;1;660;6891144;-1;-87
;ServiceLog;md;1418375593535;3G;HSDPA;1;250;1;660;6891144;-1;-87
;ServiceLog;md;1418375594565;3G;HSDPA;1;250;1;660;6891144;-1;-87
;ServiceLog;md;1418375595706;3G;HSDPA;1;250;1;660;6891144;-1;-87
;ServiceLog;md;1418375596756;3G;HSDPA;1;250;1;660;6891144;-1;-87
;ServiceLog;md;1418375597794;3G;HSDPA;1;250;1;660;6891144;-1;-87
;ServiceLog;md;1418375599018;3G;HSDPA;1;250;1;660;6891144;-1;-87
;ServiceLog;md;1418375600045;3G;HSDPA;1;250;1;660;6891144;-1;-87
;ServiceLog;md;1418375601088;3G;HSDPA;1;250;1;660;6891144;-1;-87
;ServiceLog;md;1418375602152;3G;HSDPA;1;250;1;660;6891144;-1;-87
;ServiceLog;md;1418375603186;3G;HSDPA;1;250;1;660;6891144;-1;-87
;ServiceLog;md;1418375604217;3G;HSDPA;1;250;1;660;6891144;-1;-87
;ServiceLog;md;1418375605239;3G;HSDPA;1;250;1;660;6891144;-1;-87
;ServiceLog;md;1418375606267;3G;HSDPA;1;250;1;660;6891144;-1;-87
;ServiceLog;md;1418375607346;3G;HSDPA;1;250;1;660;6891144;-1;-87
;ServiceLog;md;1418375608366;3G;HSDPA;1;250;1;660;6891144;-1;-87
;ServiceLog;md;1418375609389;3G;HSDPA;1;250;1;660;6891144;-1;-87
;ServiceLog;md;1418375610422;3G;HSDPA;1;250;1;660;6891144;-1;-87
;ServiceLog;md;1418375611460;3G;HSDPA;1;250;1;660;6891144;-1;-87
;ServiceLog;md;1418375612607;3G;HSDPA;1;250;1;660;6891144;-1;-87
;ServiceLog;md;1418375613658;3G;HSDPA;1;250;1;660;6891144;-1;-87
;ServiceLog;md;1418375614694;3G;HSDPA;1;250;1;660;6891144;-1;-87
;ServiceLog;md;1418375615714;3G;UMTS;1;250;1;660;6891144;-1;-93
;ServiceLog;md;1418375616788;3G;UMTS;1;250;1;660;6891144;-1;-93
;ServiceLog;md;1418375617877;3G;UMTS;1;250;1;660;6891144;-1;-93
;ServiceLog;md;1418375618926;3G;UMTS;1;250;1;660;6891144;-1;-93
;ServiceLog;md;1418375619956;3G;UMTS;1;250;1;660;6891144;-1;-93
;ServiceLog;md;1418375621003;3G;UMTS;1;250;1;660;6891144;-1;-93
;ServiceLog;md;1418375622042;3G;UMTS;1;250;1;660;6891144;-1;-93
;ServiceLog;md;1418375623072;3G;UMTS;1;250;1;660;6891144;-1;-93
;ServiceLog;md;1418375624103;3G;UMTS;1;250;1;660;6891144;-1;-93
;ServiceLog;md;1418375625133;3G;UMTS;1;250;1;660;6891144;-1;-93
;ServiceLog;md;1418375626163;3G;UMTS;1;250;1;660;6891144;-1;-93
;ServiceLog;md;1418375627194;3G;UMTS;1;250;1;660;6891144;-1;-93
;ServiceLog;md;1418375628225;unknown;unknown;1;-1;-1;-1;-1;-1;-1
;ServiceLog;md;1418375629241;unknown;unknown;1;-1;-1;-1;-1;-1;-1
;ServiceLog;md;1418375630271;unknown;unknown;1;-1;-1;-1;-1;-1;-1
;ServiceLog;md;1418375631298;unknown;unknown;1;-1;-1;-1;-1;-1;-1
;ServiceLog;md;1418375632355;unknown;unknown;1;-1;-1;-1;-1;-1;-1
;ServiceLog;md;1418375633408;unknown;unknown;1;-1;-1;-1;-1;-1;-1
;ServiceLog;md;1418375634436;unknown;unknown;1;-1;-1;-1;-1;-1;-1
;ServiceLog;md;1418375635477;unknown;unknown;1;-1;-1;-1;-1;-1;-1
;ServiceLog;md;1418375636516;unknown;unknown;1;-1;-1;-1;-1;-1;-1
;ServiceLog;md;1418375637567;unknown;unknown;1;-1;-1;-1;-1;-1;-1
;ServiceLog;md;1418375638598;unknown;unknown;1;-1;-1;-1;-1;-1;-1
;ServiceLog;md;1418375639706;unknown;unknown;1;-1;-1;-1;-1;-1;-1
;ServiceLog;md;1418375640741;unknown;unknown;1;-1;-1;-1;-1;-1;-1
;ServiceLog;md;1418375641763;unknown;unknown;1;-1;-1;-1;-1;-1;-1
;ServiceLog;md;1418375642798;unknown;unknown;1;-1;-1;-1;-1;-1;-1
;ServiceLog;md;1418375643826;unknown;unknown;1;-1;-1;-1;-1;-1;-1
;ServiceLog;md;1418375644864;unknown;unknown;1;-1;-1;-1;-1;-1;-1
;ServiceLog;md;1418375645921;unknown;unknown;1;-1;-1;-1;-1;-1;-1
;ServiceLog;md;1418375646956;unknown;unknown;1;-1;-1;-1;-1;-1;-1
;ServiceLog;md;1418375648011;unknown;unknown;1;-1;-1;-1;-1;-1;-1
;ServiceLog;md;1418375649075;unknown;unknown;1;-1;-1;-1;-1;-1;-1
;ServiceLog;md;1418375650145;unknown;unknown;1;-1;-1;-1;-1;-1;-1
;ServiceLog;md;1418375651215;unknown;unknown;1;-1;-1;-1;-1;-1;-1
;ServiceLog;md;1418375652280;unknown;unknown;1;-1;-1;-1;-1;-1;-1
;ServiceLog;md;1418375653350;unknown;unknown;1;-1;-1;-1;-1;-1;-1
;ServiceLog;md;1418375654404;unknown;unknown;1;-1;-1;-1;-1;-1;-1
;ServiceLog;md;1418375655463;2G;EDGE;1;250;1;660;11081;-1;-75
;ServiceLog;md;1418375656522;2G;EDGE;1;250;1;660;11081;-1;-75
;ServiceLog;md;1418375657574;2G;EDGE;1;250;1;660;11081;-1;-73
;ServiceLog;md;1418375658696;2G;EDGE;1;250;1;660;11081;-1;-73
;ServiceLog;md;1418375659820;2G;EDGE;1;250;1;660;11081;-1;-73
;ServiceLog;md;1418375660839;2G;EDGE;1;250;1;660;11081;-1;-73
;ServiceLog;md;1418375661867;2G;EDGE;1;250;1;660;11081;-1;-73
;ServiceLog;md;1418375662897;2G;EDGE;1;250;1;660;11081;-1;-73
;ServiceLog;md;1418375663930;2G;EDGE;1;250;1;660;11081;-1;-73
;ServiceLog;md;1418375664989;2G;EDGE;1;250;1;660;11081;-1;-73
;ServiceLog;md;1418375666085;2G;EDGE;1;250;1;660;11081;-1;-73
;ServiceLog;md;1418375667142;2G;EDGE;1;250;1;660;11081;-1;-71
;ServiceLog;md;1418375668205;2G;EDGE;1;250;1;660;11081;-1;-71
;ServiceLog;md;1418375669264;2G;EDGE;1;250;1;660;11081;-1;-71
;ServiceLog;md;1418375670319;3G;UMTS;1;250;1;660;6889999;-1;-71
;ServiceLog;md;1418375671351;3G;UMTS;1;250;1;660;6889999;-1;-71
;ServiceLog;md;1418375672385;3G;UMTS;1;250;1;660;6889999;-1;-81
;ServiceLog;md;1418375673473;3G;UMTS;1;250;1;660;6889999;-1;-81
;ServiceLog;md;1418375674541;3G;UMTS;1;250;1;660;6889999;-1;-81
;ServiceLog;md;1418375675607;3G;UMTS;1;250;1;660;6889999;-1;-85
;ServiceLog;md;1418375676639;3G;UMTS;1;250;1;660;6889999;-1;-85
;ServiceLog;md;1418375677710;3G;UMTS;1;250;1;660;6889999;-1;-85
;ServiceLog;md;1418375678781;3G;UMTS;1;250;1;660;6889999;-1;-87
;ServiceLog;md;1418375679856;3G;UMTS;1;250;1;660;6889999;-1;-87
;ServiceLog;md;1418375680964;3G;UMTS;1;250;1;660;6889999;-1;-87
;ServiceLog;md;1418375682057;3G;UMTS;1;250;1;660;6889999;-1;-87
;ServiceLog;md;1418375683127;3G;UMTS;1;250;1;660;6889999;-1;-87
;ServiceLog;md;1418375684190;3G;UMTS;1;250;1;660;6889999;-1;-89
;ServiceLog;md;1418375685215;3G;UMTS;1;250;1;660;6889999;-1;-89
;ServiceLog;md;1418375686290;3G;UMTS;1;250;1;660;6889999;-1;-89
;ServiceLog;md;1418375687380;3G;UMTS;1;250;1;660;6889999;-1;-91
;ServiceLog;md;1418375688450;3G;UMTS;1;250;1;660;6889999;-1;-91
;ServiceLog;md;1418375689536;3G;UMTS;1;250;1;660;6889999;-1;-91
;ServiceLog;md;1418375690611;3G;UMTS;1;250;1;660;6889999;-1;-93
;ServiceLog;md;1418375691684;3G;UMTS;1;250;1;660;6889999;-1;-93
;ServiceLog;md;1418375692780;3G;UMTS;1;250;1;660;6889999;-1;-93
;ServiceLog;md;1418375693856;3G;UMTS;1;250;1;660;6889999;-1;-97
;ServiceLog;md;1418375695209;3G;UMTS;1;250;1;660;6889999;-1;-97
;ServiceLog;md;1418375696294;3G;UMTS;1;250;1;660;6889999;-1;-99
;ServiceLog;md;1418375697348;3G;UMTS;1;250;1;660;6889999;-1;-99
;ServiceLog;md;1418375698407;3G;UMTS;1;250;1;660;6889999;-1;-99
;ServiceLog;md;1418375699467;3G;UMTS;1;250;1;660;6889999;-1;-99
;ServiceLog;md;1418375700525;2G;EDGE;1;250;1;660;423;-1;-73
;ServiceLog;md;1418375701558;2G;EDGE;1;250;1;660;423;-1;-73
;ServiceLog;md;1418375702619;2G;EDGE;1;250;1;660;423;-1;-73
;ServiceLog;md;1418375703686;2G;EDGE;1;250;1;660;423;-1;-75
;ServiceLog;md;1418375704770;2G;EDGE;1;250;1;660;423;-1;-75
;ServiceLog;md;1418375704770;2G;EDGE;250-1-660-423;250;1;660;11081;-1;-81
;ServiceLog;md;1418375705829;2G;EDGE;1;250;1;660;423;-1;-75
;ServiceLog;md;1418375705829;2G;EDGE;250-1-660-423;250;1;660;11081;-1;-81
;ServiceLog;md;1418375706889;2G;EDGE;1;250;1;660;423;-1;-71
;ServiceLog;md;1418375706889;2G;EDGE;250-1-660-423;250;1;660;11081;-1;-77
