ID;Name;User;TimeStamp;NetworkGen;NetworkType;Active;MCC;MNC;LAC;CID;PSC;Power
533;Щелковская 3;taimyr;1424333075348;2G;EDGE;1;250;99;26627;4065;-1;-85
534;Щелковская 4;taimyr;1424333093723;2G;EDGE;1;250;99;26627;4065;-1;-91
521;Первомайская 1;taimyr;1424333189327;2G;EDGE;1;250;99;26627;4066;-1;-77
522;Первомайская 2;taimyr;1424333202938;2G;EDGE;1;250;99;26627;4066;-1;-81
523;Первомайская 3;taimyr;1424333240438;2G;EDGE;1;250;99;26627;4066;-1;-95
524;Первомайская 4;taimyr;1424333254594;2G;EDGE;1;250;99;26627;4066;-1;-93
511;Измайловская 1;taimyr;1424333378070;3G;HSPAP;1;250;99;27678;103411807;-1;-71
512;Измайловская 2;taimyr;1424333394034;3G;HSPA;1;250;99;27678;103411807;-1;-85
513;Измайловская 3;taimyr;1424333420121;3G;HSPA;1;250;99;27678;103411807;-1;-91
514;Измайловская 4;taimyr;1424333436068;3G;HSPA;1;250;99;27678;103374951;-1;-89
501;Партизанская 1;taimyr;1424333576487;2G;EDGE;1;250;99;26627;4055;-1;-93
502;Партизанская 2;taimyr;1424333590452;2G;EDGE;1;250;99;26627;4055;-1;-81
503;Партизанская 3;taimyr;1424333624868;2G;EDGE;1;250;99;26627;4055;-1;-93
504;Партизанская 4;taimyr;1424333644906;2G;EDGE;1;250;99;26627;4055;-1;-85
491;Семеновская 1;taimyr;1424333755613;2G;EDGE;1;250;99;26627;4056;-1;-85
492;Семеновская 2;taimyr;1424333770621;2G;EDGE;1;250;99;26627;4056;-1;-87
493;Семеновская 3;taimyr;1424333792384;2G;EDGE;1;250;99;26627;4056;-1;-89
494;Семеновская 4;taimyr;1424333805355;2G;EDGE;1;250;99;26627;4056;-1;-89
481;Электрозаводская 1;taimyr;1424333867266;2G;EDGE;1;250;99;26627;4045;-1;-73
482;Электрозаводская 2;taimyr;1424333882705;2G;EDGE;1;250;99;26627;4045;-1;-77
483;Электрозаводская 3;taimyr;1424333908512;2G;EDGE;1;250;99;26627;4045;-1;-81
484;Электрозаводская 4;taimyr;1424333920708;2G;EDGE;1;250;99;26627;4045;-1;-79
461;Курская (АПК) 1;taimyr;1424334152696;2G;EDGE;1;250;99;26627;19002;-1;-85
462;Курская (АПК) 2;taimyr;1424334165384;2G;EDGE;1;250;99;26627;19002;-1;-87
1513;Чкаловская 3;taimyr;1424334449116;3G;HSPA;1;250;99;26627;0;-1;-101
1514;Чкаловская 4;taimyr;1424334465659;3G;HSPAP;1;250;99;26627;129598356;-1;-95
1521;Римская 1;taimyr;1424334586735;2G;EDGE;1;250;99;26627;57817;-1;-65
1522;Римская 2;taimyr;1424334599784;2G;EDGE;1;250;99;26627;57817;-1;-65
1523;Римская 3;taimyr;1424334634523;unknown;unknown;1;250;99;26627;57817;-1;-81
1524;Римская 4;taimyr;1424334648677;unknown;unknown;1;250;99;26627;57817;-1;-79
1531;Крестьянская застава 1;taimyr;1424334749584;unknown;unknown;1;250;99;26803;49645;-1;-71
1532;Крестьянская застава 2;taimyr;1424334761498;unknown;unknown;1;250;99;26803;49645;-1;-71
1533;Крестьянская застава 3;taimyr;1424334798844;unknown;unknown;1;250;99;26803;49645;-1;-75
1534;Крестьянская застава 4;taimyr;1424334813184;unknown;unknown;1;250;99;26803;49645;-1;-75
1611;Дубровка 1;taimyr;1424334912977;2G;EDGE;1;250;99;26803;49645;-1;-71
1612;Дубровка 2;taimyr;1424334928505;2G;EDGE;1;250;99;26627;57837;-1;-81
1613;Дубровка 3;taimyr;1424334954026;2G;EDGE;1;250;99;26627;57837;-1;-83
1614;Дубровка 4;taimyr;1424334976460;2G;EDGE;1;250;99;26627;57837;-1;-79
1541;Кожуховская 1;taimyr;1424335042437;2G;EDGE;1;250;99;26627;57836;-1;-79
1542;Кожуховская 2;taimyr;1424335057107;2G;EDGE;1;250;99;26627;57836;-1;-69
1543;Кожуховская 3;taimyr;1424337358604;2G;EDGE;1;250;99;26627;57836;-1;-65
1544;Кожуховская 4;taimyr;1424337374981;2G;EDGE;1;250;99;26627;57836;-1;-75
1611;Дубровка 1;taimyr;1424337470961;2G;EDGE;1;250;99;26627;57837;-1;-59
1612;Дубровка 2;taimyr;1424337491103;2G;EDGE;1;250;99;26627;57837;-1;-61
1613;Дубровка 3;taimyr;1424337509092;2G;EDGE;1;250;99;26627;57837;-1;-69
1614;Дубровка 4;taimyr;1424337521965;2G;EDGE;1;250;99;26627;57837;-1;-69
1531;Крестьянская застава 1;taimyr;1424337624432;2G;EDGE;1;250;99;26803;49645;-1;-59
1532;Крестьянская застава 2;taimyr;1424337641469;2G;EDGE;1;250;99;26803;49645;-1;-59
1533;Крестьянская застава 3;taimyr;1424337661947;unknown;unknown;1;250;99;26803;49645;-1;-71
1534;Крестьянская застава 4;taimyr;1424337673879;unknown;unknown;1;250;99;26803;49645;-1;-71
1521;Римская 1;taimyr;1424337777815;unknown;unknown;1;250;99;26627;57817;-1;-69
1522;Римская 2;taimyr;1424337792818;unknown;unknown;1;250;99;26627;57817;-1;-109
1523;Римская 3;taimyr;1424337817113;unknown;unknown;1;250;99;26627;57817;-1;-83
1524;Римская 4;taimyr;1424337829514;2G;EDGE;1;250;99;26627;57817;-1;-83
1511;Чкаловская 1;taimyr;1424337956388;3G;HSPAP;1;250;99;26627;0;-1;-81
1512;Чкаловская 2;taimyr;1424337974628;3G;HSPA;1;250;99;26627;129598356;-1;-85
463;Курская (АПК) 3;taimyr;1424338322375;3G;HSPAP;1;250;99;26627;129598351;-1;-91
464;Курская (АПК) 4;taimyr;1424338343959;3G;HSPA;1;250;99;26627;129598351;-1;-91
481;Электрозаводская 1;taimyr;1424338590673;2G;EDGE;1;250;99;26627;4046;-1;-65
482;Электрозаводская 2;taimyr;1424338603014;2G;EDGE;1;250;99;26627;4046;-1;-77
483;Электрозаводская 3;taimyr;1424338647690;2G;EDGE;1;250;99;26627;4045;-1;-81
484;Электрозаводская 4;taimyr;1424338668425;2G;EDGE;1;250;99;26627;4045;-1;-75
491;Семеновская 1;taimyr;1424338725230;2G;EDGE;1;250;99;26627;4056;-1;-87
492;Семеновская 2;taimyr;1424338740258;2G;EDGE;1;250;99;26627;4056;-1;-81
493;Семеновская 3;taimyr;1424338769259;2G;EDGE;1;250;99;26627;4056;-1;-85
494;Семеновская 4;taimyr;1424338788034;2G;EDGE;1;250;99;26627;4056;-1;-85
501;Партизанская 1;taimyr;1424338899801;2G;EDGE;1;250;99;26627;4055;-1;-71
502;Партизанская 2;taimyr;1424338912957;2G;EDGE;1;250;99;26627;4055;-1;-71
503;Партизанская 3;taimyr;1424338943845;2G;EDGE;1;250;99;26627;4055;-1;-91
504;Партизанская 4;taimyr;1424338979970;2G;EDGE;1;250;99;26627;4055;-1;-91
511;Измайловская 1;taimyr;1424339122515;3G;HSPAP;1;250;99;27678;103374951;-1;-89
512;Измайловская 2;taimyr;1424339141847;3G;HSPAP;1;250;99;27678;103411807;-1;-85
513;Измайловская 3;taimyr;1424339174910;3G;HSPAP;1;250;99;27678;103374951;-1;-89
514;Измайловская 4;taimyr;1424339189703;3G;HSPAP;1;250;99;27678;103411807;-1;-89
521;Первомайская 1;taimyr;1424339306328;2G;EDGE;1;250;99;26627;4066;-1;-75
522;Первомайская 2;taimyr;1424339322309;2G;EDGE;1;250;99;26627;4066;-1;-77
523;Первомайская 3;taimyr;1424339341663;2G;EDGE;1;250;99;26627;4066;-1;-91
524;Первомайская 4;taimyr;1424339356805;2G;EDGE;1;250;99;26627;4066;-1;-91
531;Щелковская 1;taimyr;1424339449314;2G;EDGE;1;250;99;26627;4065;-1;-69
532;Щелковская 2;taimyr;1424339463752;2G;EDGE;1;250;99;26627;4065;-1;-59
