ID;Name;User;TimeStamp;NetworkGen;NetworkType;Active;MCC;MNC;LAC;CID;PSC;Power
3103;Сырец 3;maxmal;1435829954545;unknown;unknown;1;255;6;10914;41980;-1;-101
3104;Сырец 4;maxmal;1435829962967;unknown;unknown;1;255;6;10914;41980;-1;-97
3111;Дорогожичи 1;maxmal;1435830065043;unknown;unknown;1;-1;-1;0;0;-1;-111
3112;Дорогожичи 2;maxmal;1435830076213;unknown;unknown;1;255;3;27013;34;-1;-95
3113;Дорогожичи 3;maxmal;1435830094225;unknown;unknown;1;255;6;10914;41979;-1;-95
3114;Дорогожичи 4;maxmal;1435830103115;unknown;unknown;1;255;6;10914;41979;-1;-93
3121;Лукьяновская 1;maxmal;1435830270980;unknown;unknown;1;255;6;10914;41978;-1;-93
3122;Лукьяновская 2;maxmal;1435830281486;unknown;unknown;1;255;6;10914;41978;-1;-83
3123;Лукьяновская 3;maxmal;1435830303860;unknown;unknown;1;255;6;10914;41978;-1;-105
3124;Лукьяновская 4;maxmal;1435830312370;unknown;unknown;1;255;6;10914;41978;-1;-105
3141;Золотые ворота 1;maxmal;1435830520341;unknown;unknown;1;-1;-1;0;0;-1;-111
3142;Золотые ворота 2;maxmal;1435830534414;unknown;unknown;1;-1;-1;0;0;-1;-111
3143;Золотые ворота 3;maxmal;1435830561218;2G;EDGE;1;255;6;10995;3141;-1;-65
3144;Золотые ворота 4;maxmal;1435830570417;2G;EDGE;1;255;6;10995;3141;-1;-71
3151;Дворец спорта 1;maxmal;1435830617431;2G;EDGE;1;255;6;10995;3141;-1;-65
3152;Дворец спорта 2;maxmal;1435830628992;2G;EDGE;1;255;6;10995;3151;-1;-69
3153;Дворец спорта 3;maxmal;1435830663856;2G;EDGE;1;255;6;10995;3151;-1;-65
3154;Дворец спорта 4;maxmal;1435830672063;2G;EDGE;1;255;6;10995;3151;-1;-65
3161;Кловская 1;maxmal;1435830749563;unknown;unknown;1;255;6;10914;41975;-1;-93
3162;Кловская 2;maxmal;1435830760760;unknown;unknown;1;255;6;10914;41975;-1;-59
3163;Кловская 3;maxmal;1435830779915;unknown;unknown;1;255;6;10914;41975;-1;-71
3164;Кловская 4;maxmal;1435830789160;unknown;unknown;1;255;6;10914;41975;-1;-71
3171;Печерская 1;maxmal;1435830893813;unknown;unknown;1;255;6;10914;41974;-1;-85
3172;Печерская 2;maxmal;1435830903194;unknown;unknown;1;255;6;10914;41974;-1;-69
3173;Печерская 3;maxmal;1435830924723;unknown;unknown;1;255;6;10914;41974;-1;-77
3174;Печерская 4;maxmal;1435830934070;unknown;unknown;1;255;6;10914;41974;-1;-77
3181;Дружбы народов 1;maxmal;1435831005578;unknown;unknown;1;255;6;10914;41973;-1;-105
3182;Дружбы народов 2;maxmal;1435831016762;unknown;unknown;1;255;6;10914;41973;-1;-91
3183;Дружбы народов 3;maxmal;1435831056595;unknown;unknown;1;255;6;10914;41973;-1;-83
3184;Дружбы народов 4;maxmal;1435831062882;unknown;unknown;1;255;6;10914;41973;-1;-83
3191;Выдубичи 1;maxmal;1435831189753;unknown;unknown;1;255;6;10914;41864;-1;-99
3192;Выдубичи 2;maxmal;1435831197184;unknown;unknown;1;255;6;10914;41864;-1;-89
3193;Выдубичи 3;maxmal;1435831217725;unknown;unknown;1;255;6;10914;41864;-1;-71
3194;Выдубичи 4;maxmal;1435831227336;unknown;unknown;1;255;6;10914;41864;-1;-69
3211;Славутич 1;maxmal;1435831553321;unknown;unknown;1;255;6;10914;41971;-1;-99
3212;Славутич 2;maxmal;1435831565206;unknown;unknown;1;255;6;10914;41971;-1;-81
3213;Славутич 3;maxmal;1435831579964;unknown;unknown;1;255;6;10914;41971;-1;-75
3214;Славутич 4;maxmal;1435831588188;unknown;unknown;1;255;6;10914;41866;-1;-75
3221;Осокорки 1;maxmal;1435831649580;unknown;unknown;1;255;6;10914;41970;-1;-79
3222;Осокорки 2;maxmal;1435831657830;unknown;unknown;1;255;6;10914;41970;-1;-81
3223;Осокорки 3;maxmal;1435831677194;unknown;unknown;1;255;6;10914;41867;-1;-77
3224;Осокорки 4;maxmal;1435831686653;unknown;unknown;1;255;6;10914;41867;-1;-77
3231;Позняки 1;maxmal;1435831830514;unknown;unknown;1;255;6;10914;41969;-1;-81
3232;Позняки 2;maxmal;1435831842587;unknown;unknown;1;255;6;10914;41868;-1;-75
3233;Позняки 3;maxmal;1435831864222;unknown;unknown;1;255;6;10914;41868;-1;-75
3234;Позняки 4;maxmal;1435831874981;unknown;unknown;1;255;6;10914;41868;-1;-75
3241;Харьковская 1;maxmal;1435832030322;unknown;unknown;1;255;6;10914;41968;-1;-79
3242;Харьковская 2;maxmal;1435832038700;unknown;unknown;1;255;6;10914;41869;-1;-79
3243;Харьковская 3;maxmal;1435832060556;unknown;unknown;1;255;6;10914;41869;-1;-63
3244;Харьковская 4;maxmal;1435832069902;unknown;unknown;1;255;6;10914;41869;-1;-65
3251;Вырлица 1;maxmal;1435832150368;unknown;unknown;1;255;6;10914;41951;-1;-75
3252;Вырлица 2;maxmal;1435832164808;unknown;unknown;1;255;6;10914;41951;-1;-65
3253;Вырлица 3;maxmal;1435832199825;unknown;unknown;1;255;6;10914;41951;-1;-81
3254;Вырлица 4;maxmal;1435832207958;unknown;unknown;1;255;6;10914;41951;-1;-75
3261;Бориспольская 1;maxmal;1435832318226;unknown;unknown;1;255;6;10914;41871;-1;-93
3262;Бориспольская 2;maxmal;1435832337817;unknown;unknown;1;255;6;10914;41871;-1;-73
3263;Бориспольская 3;maxmal;1435832628861;unknown;unknown;1;255;6;10914;41871;-1;-61
3264;Бориспольская 4;maxmal;1435832636508;unknown;unknown;1;255;6;10914;41871;-1;-61
3271;Красный хутор 1;maxmal;1435832743839;unknown;unknown;1;-1;-1;0;0;-1;-101
3272;Красный хутор 2;maxmal;1435832755913;unknown;unknown;1;255;6;10914;41994;-1;-81
