ID;Name;User;TimeStamp;NetworkGen;NetworkType;Active;MCC;MNC;LAC;CID;PSC;Power;session_id
1013;Академическая 3;Andrey;1435838608471;3G;HSDPA;1;250;2;7736;10292789;-1;-79;441771612
1014;Академическая 4;Andrey;1435838622128;3G;HSDPA;1;250;2;7736;10292789;-1;-81;441771612
1001;Ленинский проспект 1;Andrey;1435838752264;3G;HSDPA;1;250;2;7736;10292790;-1;-91;441771612
1002;Ленинский проспект 2;Andrey;1435838765645;3G;HSDPA;1;250;2;7736;10292790;-1;-79;441771612
1003;Ленинский проспект 3;Andrey;1435838786629;3G;HSDPA;1;250;2;7736;10292790;-1;-81;441771612
1004;Ленинский проспект 4;Andrey;1435838800608;3G;HSDPA;1;250;2;7736;10292790;-1;-87;441771612
991;Шаболовская 1;Andrey;1435838934931;2G;EDGE;1;250;2;7736;1000;-1;-69;441771612
992;Шаболовская 2;Andrey;1435838953872;2G;EDGE;1;250;2;7736;1000;-1;-65;441771612
993;Шаболовская 3;Andrey;1435838981074;3G;HSDPA;1;250;2;7736;10292791;-1;-89;441771612
994;Шаболовская 4;Andrey;1435838995587;3G;HSDPA;1;250;2;7736;10292791;-1;-89;441771612
981;Октябрьская (КРЛ) 1;Andrey;1435839070644;3G;HSDPA;1;250;2;7754;10572591;-1;-101;441771612
982;Октябрьская (КРЛ) 2;Andrey;1435839085735;2G;EDGE;1;250;2;7736;340;-1;-87;441771612
983;Октябрьская (КРЛ) 3;Andrey;1435839125801;2G;EDGE;1;250;2;7736;340;-1;-75;441771612
984;Октябрьская (КРЛ) 4;Andrey;1435839138382;3G;HSDPA;1;250;2;7754;10554624;-1;-87;441771612
