ID;Name;User;TimeStamp;DateTime;Type;Accel_X;Accel_Y;Accel_Z;Azimuth;Pitch;Roll;Magnetic_X;Magnetic_Y;Magnetic_Z;Gyro_X;Gyro_Y;Gyro_Z;GPS_Lat;GPS_Lon;GPS_Alt;GPS_Accuracy;GPS_Speed;GPS_Bearing;Audio
;ServiceLog;gsmart;1356999833661;01.01.2013 3:23:53;Raw;-2.557;1.752;10.4;NaN;NaN;NaN;NaN;NaN;NaN;NaN;NaN;NaN;NaN;NaN;NaN;NaN;NaN;NaN;63
;ServiceLog;gsmart;1356999834784;01.01.2013 3:23:54;Raw;-1.168;1.647;9.941;NaN;NaN;NaN;NaN;NaN;NaN;NaN;NaN;NaN;NaN;NaN;NaN;NaN;NaN;NaN;47
;ServiceLog;gsmart;1356999835833;01.01.2013 3:23:55;Raw;-0.766;1.264;10.075;NaN;NaN;NaN;NaN;NaN;NaN;NaN;NaN;NaN;NaN;NaN;NaN;NaN;NaN;NaN;36
;ServiceLog;gsmart;1356999836867;01.01.2013 3:23:56;Raw;-1.292;1.618;9.529;NaN;NaN;NaN;NaN;NaN;NaN;NaN;NaN;NaN;NaN;NaN;NaN;NaN;NaN;NaN;47
;ServiceLog;gsmart;1356999837902;01.01.2013 3:23:57;Raw;0.019;0.852;9.969;NaN;NaN;NaN;NaN;NaN;NaN;NaN;NaN;NaN;NaN;NaN;NaN;NaN;NaN;NaN;53
;ServiceLog;gsmart;1356999838934;01.01.2013 3:23:58;Raw;-0.43;1.206;9.567;NaN;NaN;NaN;NaN;NaN;NaN;NaN;NaN;NaN;NaN;NaN;NaN;NaN;NaN;NaN;49
;ServiceLog;gsmart;1356999839968;01.01.2013 3:23:59;Raw;-0.201;1.752;9.577;NaN;NaN;NaN;NaN;NaN;NaN;NaN;NaN;NaN;NaN;NaN;NaN;NaN;NaN;NaN;70
;ServiceLog;gsmart;1356999841220;01.01.2013 3:24:01;Raw;-0.229;1.474;9.711;NaN;NaN;NaN;NaN;NaN;NaN;NaN;NaN;NaN;NaN;NaN;NaN;NaN;NaN;NaN;88
;ServiceLog;gsmart;1356999842262;01.01.2013 3:24:02;Raw;-0.545;1.484;9.586;NaN;NaN;NaN;NaN;NaN;NaN;NaN;NaN;NaN;NaN;NaN;NaN;NaN;NaN;NaN;85
;ServiceLog;gsmart;1356999843291;01.01.2013 3:24:03;Raw;-1.321;1.829;9.385;NaN;NaN;NaN;NaN;NaN;NaN;NaN;NaN;NaN;NaN;NaN;NaN;NaN;NaN;NaN;86
;ServiceLog;gsmart;1356999844324;01.01.2013 3:24:04;Raw;-1.695;1.589;9.567;NaN;NaN;NaN;NaN;NaN;NaN;NaN;NaN;NaN;NaN;NaN;NaN;NaN;NaN;NaN;84
;ServiceLog;gsmart;1356999845363;01.01.2013 3:24:05;Raw;-1.771;1.771;9.155;NaN;NaN;NaN;NaN;NaN;NaN;NaN;NaN;NaN;NaN;NaN;NaN;NaN;NaN;NaN;87
;ServiceLog;gsmart;1356999846402;01.01.2013 3:24:06;Raw;-1.752;1.925;9.203;NaN;NaN;NaN;NaN;NaN;NaN;NaN;NaN;NaN;NaN;NaN;NaN;NaN;NaN;NaN;71
;ServiceLog;gsmart;1356999847437;01.01.2013 3:24:07;Raw;-1.992;1.905;9.232;NaN;NaN;NaN;NaN;NaN;NaN;NaN;NaN;NaN;NaN;NaN;NaN;NaN;NaN;NaN;33
;ServiceLog;gsmart;1356999848479;01.01.2013 3:24:08;Raw;-2.145;1.915;9.222;NaN;NaN;NaN;NaN;NaN;NaN;NaN;NaN;NaN;NaN;NaN;NaN;NaN;NaN;NaN;53
;ServiceLog;gsmart;1356999849514;01.01.2013 3:24:09;Raw;-1.177;1.953;9.529;NaN;NaN;NaN;NaN;NaN;NaN;NaN;NaN;NaN;NaN;NaN;NaN;NaN;NaN;NaN;51
;ServiceLog;gsmart;1356999850554;01.01.2013 3:24:10;Raw;-1.494;1.963;9.146;NaN;NaN;NaN;NaN;NaN;NaN;NaN;NaN;NaN;NaN;NaN;NaN;NaN;NaN;NaN;40
;ServiceLog;gsmart;1356999851589;01.01.2013 3:24:11;Raw;-0.565;1.551;9.759;NaN;NaN;NaN;NaN;NaN;NaN;NaN;NaN;NaN;NaN;NaN;NaN;NaN;NaN;NaN;58
;ServiceLog;gsmart;1356999852626;01.01.2013 3:24:12;Raw;0.928;0.584;10.889;NaN;NaN;NaN;NaN;NaN;NaN;NaN;NaN;NaN;NaN;NaN;NaN;NaN;NaN;NaN;69
;ServiceLog;gsmart;1356999853701;01.01.2013 3:24:13;Raw;-1.292;1.474;9.366;NaN;NaN;NaN;NaN;NaN;NaN;NaN;NaN;NaN;NaN;NaN;NaN;NaN;NaN;NaN;74
;ServiceLog;gsmart;1356999854752;01.01.2013 3:24:14;Raw;-1.321;1.369;9.701;NaN;NaN;NaN;NaN;NaN;NaN;NaN;NaN;NaN;NaN;NaN;NaN;NaN;NaN;NaN;66
;ServiceLog;gsmart;1356999855832;01.01.2013 3:24:15;Raw;-1.216;1.484;9.816;NaN;NaN;NaN;NaN;NaN;NaN;NaN;NaN;NaN;NaN;NaN;NaN;NaN;NaN;NaN;62
;ServiceLog;gsmart;1356999856867;01.01.2013 3:24:16;Raw;-0.747;1.58;9.672;NaN;NaN;NaN;NaN;NaN;NaN;NaN;NaN;NaN;NaN;NaN;NaN;NaN;NaN;NaN;75
;ServiceLog;gsmart;1356999857923;01.01.2013 3:24:17;Raw;-0.948;1.58;9.845;NaN;NaN;NaN;NaN;NaN;NaN;NaN;NaN;NaN;NaN;NaN;NaN;NaN;NaN;NaN;78
;ServiceLog;gsmart;1356999858965;01.01.2013 3:24:18;Raw;-1.043;1.484;9.481;NaN;NaN;NaN;NaN;NaN;NaN;NaN;NaN;NaN;NaN;NaN;NaN;NaN;NaN;NaN;78
;ServiceLog;gsmart;1356999859994;01.01.2013 3:24:19;Raw;-1.024;1.494;9.586;NaN;NaN;NaN;NaN;NaN;NaN;NaN;NaN;NaN;NaN;NaN;NaN;NaN;NaN;NaN;77
;ServiceLog;gsmart;1356999861022;01.01.2013 3:24:21;Raw;-0.881;1.58;9.663;NaN;NaN;NaN;NaN;NaN;NaN;NaN;NaN;NaN;NaN;NaN;NaN;NaN;NaN;NaN;86
;ServiceLog;gsmart;1356999862050;01.01.2013 3:24:22;Raw;-1.225;1.417;9.692;NaN;NaN;NaN;NaN;NaN;NaN;NaN;NaN;NaN;NaN;NaN;NaN;NaN;NaN;NaN;83
;ServiceLog;gsmart;1356999863101;01.01.2013 3:24:23;Raw;-1.618;1.264;9.251;NaN;NaN;NaN;NaN;NaN;NaN;NaN;NaN;NaN;NaN;NaN;NaN;NaN;NaN;NaN;81
;ServiceLog;gsmart;1356999864133;01.01.2013 3:24:24;Raw;-1.647;1.34;9.194;NaN;NaN;NaN;NaN;NaN;NaN;NaN;NaN;NaN;NaN;NaN;NaN;NaN;NaN;NaN;79
;ServiceLog;gsmart;1356999865163;01.01.2013 3:24:25;Raw;-1.608;1.024;9.778;NaN;NaN;NaN;NaN;NaN;NaN;NaN;NaN;NaN;NaN;NaN;NaN;NaN;NaN;NaN;77
;ServiceLog;gsmart;1356999866192;01.01.2013 3:24:26;Raw;-1.484;1.273;10.324;NaN;NaN;NaN;NaN;NaN;NaN;NaN;NaN;NaN;NaN;NaN;NaN;NaN;NaN;NaN;80
;ServiceLog;gsmart;1356999867227;01.01.2013 3:24:27;Raw;-1.723;1.934;9.663;NaN;NaN;NaN;NaN;NaN;NaN;NaN;NaN;NaN;NaN;NaN;NaN;NaN;NaN;NaN;83
;ServiceLog;gsmart;1356999868270;01.01.2013 3:24:28;Raw;-1.608;1.551;9.739;NaN;NaN;NaN;NaN;NaN;NaN;NaN;NaN;NaN;NaN;NaN;NaN;NaN;NaN;NaN;88
;ServiceLog;gsmart;1356999869295;01.01.2013 3:24:29;Raw;-1.484;1.532;9.385;NaN;NaN;NaN;NaN;NaN;NaN;NaN;NaN;NaN;NaN;NaN;NaN;NaN;NaN;NaN;84
;ServiceLog;gsmart;1356999870323;01.01.2013 3:24:30;Raw;-0.766;1.158;9.04;NaN;NaN;NaN;NaN;NaN;NaN;NaN;NaN;NaN;NaN;NaN;NaN;NaN;NaN;NaN;82
;ServiceLog;gsmart;1356999871375;01.01.2013 3:24:31;Raw;-0.938;1.379;9.385;NaN;NaN;NaN;NaN;NaN;NaN;NaN;NaN;NaN;NaN;NaN;NaN;NaN;NaN;NaN;84
;ServiceLog;gsmart;1356999872441;01.01.2013 3:24:32;Raw;-1.139;1.359;9.969;NaN;NaN;NaN;NaN;NaN;NaN;NaN;NaN;NaN;NaN;NaN;NaN;NaN;NaN;NaN;81
;ServiceLog;gsmart;1356999873492;01.01.2013 3:24:33;Raw;-1.35;1.896;8.906;NaN;NaN;NaN;NaN;NaN;NaN;NaN;NaN;NaN;NaN;NaN;NaN;NaN;NaN;NaN;80
;ServiceLog;gsmart;1356999874514;01.01.2013 3:24:34;Raw;-1.455;1.484;9.701;NaN;NaN;NaN;NaN;NaN;NaN;NaN;NaN;NaN;NaN;NaN;NaN;NaN;NaN;NaN;83
;ServiceLog;gsmart;1356999875541;01.01.2013 3:24:35;Raw;-1.168;1.187;8.925;NaN;NaN;NaN;NaN;NaN;NaN;NaN;NaN;NaN;NaN;NaN;NaN;NaN;NaN;NaN;83
;ServiceLog;gsmart;1356999876570;01.01.2013 3:24:36;Raw;-1.225;1.494;9.864;NaN;NaN;NaN;NaN;NaN;NaN;NaN;NaN;NaN;NaN;NaN;NaN;NaN;NaN;NaN;87
;ServiceLog;gsmart;1356999877593;01.01.2013 3:24:37;Raw;-1.312;1.57;9.49;NaN;NaN;NaN;NaN;NaN;NaN;NaN;NaN;NaN;NaN;NaN;NaN;NaN;NaN;NaN;83
;ServiceLog;gsmart;1356999878648;01.01.2013 3:24:38;Raw;-1.101;1.235;9.471;NaN;NaN;NaN;NaN;NaN;NaN;NaN;NaN;NaN;NaN;NaN;NaN;NaN;NaN;NaN;87
;ServiceLog;gsmart;1356999879678;01.01.2013 3:24:39;Raw;-1.369;1.455;9.634;NaN;NaN;NaN;NaN;NaN;NaN;NaN;NaN;NaN;NaN;NaN;NaN;NaN;NaN;NaN;86
;ServiceLog;gsmart;1356999880705;01.01.2013 3:24:40;Raw;-1.245;1.484;9.72;NaN;NaN;NaN;NaN;NaN;NaN;NaN;NaN;NaN;NaN;NaN;NaN;NaN;NaN;NaN;82
;ServiceLog;gsmart;1356999881747;01.01.2013 3:24:41;Raw;-1.197;1.733;8.954;NaN;NaN;NaN;NaN;NaN;NaN;NaN;NaN;NaN;NaN;NaN;NaN;NaN;NaN;NaN;82
;ServiceLog;gsmart;1356999882781;01.01.2013 3:24:42;Raw;-1.474;1.848;9.807;NaN;NaN;NaN;NaN;NaN;NaN;NaN;NaN;NaN;NaN;NaN;NaN;NaN;NaN;NaN;83
;ServiceLog;gsmart;1356999883813;01.01.2013 3:24:43;Raw;-1.254;1.446;9.663;NaN;NaN;NaN;NaN;NaN;NaN;NaN;NaN;NaN;NaN;NaN;NaN;NaN;NaN;NaN;82
;ServiceLog;gsmart;1356999884842;01.01.2013 3:24:44;Raw;-1.216;1.57;9.088;NaN;NaN;NaN;NaN;NaN;NaN;NaN;NaN;NaN;NaN;NaN;NaN;NaN;NaN;NaN;87
;ServiceLog;gsmart;1356999885868;01.01.2013 3:24:45;Raw;-1.503;1.465;9.807;NaN;NaN;NaN;NaN;NaN;NaN;NaN;NaN;NaN;NaN;NaN;NaN;NaN;NaN;NaN;84
;ServiceLog;gsmart;1356999886902;01.01.2013 3:24:46;Raw;-1.896;1.647;9.759;NaN;NaN;NaN;NaN;NaN;NaN;NaN;NaN;NaN;NaN;NaN;NaN;NaN;NaN;NaN;83
;ServiceLog;gsmart;1356999887942;01.01.2013 3:24:47;Raw;-1.225;1.982;9.28;NaN;NaN;NaN;NaN;NaN;NaN;NaN;NaN;NaN;NaN;NaN;NaN;NaN;NaN;NaN;84
;ServiceLog;gsmart;1356999889432;01.01.2013 3:24:49;Raw;-0.986;2.49;7.355;NaN;NaN;NaN;NaN;NaN;NaN;NaN;NaN;NaN;NaN;NaN;NaN;NaN;NaN;NaN;81
;ServiceLog;gsmart;1356999890477;01.01.2013 3:24:50;Raw;-1.455;1.637;9.644;NaN;NaN;NaN;NaN;NaN;NaN;NaN;NaN;NaN;NaN;NaN;NaN;NaN;NaN;NaN;82
;ServiceLog;gsmart;1356999891504;01.01.2013 3:24:51;Raw;-2.691;1.79;9.088;NaN;NaN;NaN;NaN;NaN;NaN;NaN;NaN;NaN;NaN;NaN;NaN;NaN;NaN;NaN;82
;ServiceLog;gsmart;1356999892546;01.01.2013 3:24:52;Raw;-2.384;1.666;8.724;NaN;NaN;NaN;NaN;NaN;NaN;NaN;NaN;NaN;NaN;NaN;NaN;NaN;NaN;NaN;83
;ServiceLog;gsmart;1356999893589;01.01.2013 3:24:53;Raw;-2.767;1.589;9.069;NaN;NaN;NaN;NaN;NaN;NaN;NaN;NaN;NaN;NaN;NaN;NaN;NaN;NaN;NaN;83
;ServiceLog;gsmart;1356999894625;01.01.2013 3:24:54;Raw;-2.308;1.426;9.031;NaN;NaN;NaN;NaN;NaN;NaN;NaN;NaN;NaN;NaN;NaN;NaN;NaN;NaN;NaN;81
;ServiceLog;gsmart;1356999895692;01.01.2013 3:24:55;Raw;-2.537;1.8;9.318;NaN;NaN;NaN;NaN;NaN;NaN;NaN;NaN;NaN;NaN;NaN;NaN;NaN;NaN;NaN;84
;ServiceLog;gsmart;1356999896742;01.01.2013 3:24:56;Raw;-2.327;1.628;8.878;NaN;NaN;NaN;NaN;NaN;NaN;NaN;NaN;NaN;NaN;NaN;NaN;NaN;NaN;NaN;84
;ServiceLog;gsmart;1356999897780;01.01.2013 3:24:57;Raw;-2.355;1.848;9.184;NaN;NaN;NaN;NaN;NaN;NaN;NaN;NaN;NaN;NaN;NaN;NaN;NaN;NaN;NaN;80
;ServiceLog;gsmart;1356999898818;01.01.2013 3:24:58;Raw;-2.394;1.666;9.452;NaN;NaN;NaN;NaN;NaN;NaN;NaN;NaN;NaN;NaN;NaN;NaN;NaN;NaN;NaN;78
;ServiceLog;gsmart;1356999899867;01.01.2013 3:24:59;Raw;-2.652;1.541;9.577;NaN;NaN;NaN;NaN;NaN;NaN;NaN;NaN;NaN;NaN;NaN;NaN;NaN;NaN;NaN;77
;ServiceLog;gsmart;1356999900916;01.01.2013 3:25:00;Raw;-2.892;1.676;10.132;NaN;NaN;NaN;NaN;NaN;NaN;NaN;NaN;NaN;NaN;NaN;NaN;NaN;NaN;NaN;79
;ServiceLog;gsmart;1356999901952;01.01.2013 3:25:01;Raw;-2.346;1.417;9.414;NaN;NaN;NaN;NaN;NaN;NaN;NaN;NaN;NaN;NaN;NaN;NaN;NaN;NaN;NaN;82
;ServiceLog;gsmart;1356999903004;01.01.2013 3:25:03;Raw;-2.585;1.513;8.801;NaN;NaN;NaN;NaN;NaN;NaN;NaN;NaN;NaN;NaN;NaN;NaN;NaN;NaN;NaN;79
;ServiceLog;gsmart;1356999904047;01.01.2013 3:25:04;Raw;-2.48;1.177;9.615;NaN;NaN;NaN;NaN;NaN;NaN;NaN;NaN;NaN;NaN;NaN;NaN;NaN;NaN;NaN;78
;ServiceLog;gsmart;1356999905085;01.01.2013 3:25:05;Raw;-2.25;1.551;9.644;NaN;NaN;NaN;NaN;NaN;NaN;NaN;NaN;NaN;NaN;NaN;NaN;NaN;NaN;NaN;87
;ServiceLog;gsmart;1356999906120;01.01.2013 3:25:06;Raw;-2.241;2.183;8.81;NaN;NaN;NaN;NaN;NaN;NaN;NaN;NaN;NaN;NaN;NaN;NaN;NaN;NaN;NaN;86
;ServiceLog;gsmart;1356999907149;01.01.2013 3:25:07;Raw;-1.838;1.676;9.194;NaN;NaN;NaN;NaN;NaN;NaN;NaN;NaN;NaN;NaN;NaN;NaN;NaN;NaN;NaN;79
;ServiceLog;gsmart;1356999908181;01.01.2013 3:25:08;Raw;-2.365;2.193;9.969;NaN;NaN;NaN;NaN;NaN;NaN;NaN;NaN;NaN;NaN;NaN;NaN;NaN;NaN;NaN;75
;ServiceLog;gsmart;1356999909214;01.01.2013 3:25:09;Raw;-2.355;1.972;8.504;NaN;NaN;NaN;NaN;NaN;NaN;NaN;NaN;NaN;NaN;NaN;NaN;NaN;NaN;NaN;76
;ServiceLog;gsmart;1356999910245;01.01.2013 3:25:10;Raw;-2.691;1.503;9.423;NaN;NaN;NaN;NaN;NaN;NaN;NaN;NaN;NaN;NaN;NaN;NaN;NaN;NaN;NaN;71
;ServiceLog;gsmart;1356999911279;01.01.2013 3:25:11;Raw;-2.576;1.58;9.433;NaN;NaN;NaN;NaN;NaN;NaN;NaN;NaN;NaN;NaN;NaN;NaN;NaN;NaN;NaN;72
;ServiceLog;gsmart;1356999912316;01.01.2013 3:25:12;Raw;-2.423;1.58;8.878;NaN;NaN;NaN;NaN;NaN;NaN;NaN;NaN;NaN;NaN;NaN;NaN;NaN;NaN;NaN;79
;ServiceLog;gsmart;1356999913377;01.01.2013 3:25:13;Raw;-3.629;1.877;9.577;NaN;NaN;NaN;NaN;NaN;NaN;NaN;NaN;NaN;NaN;NaN;NaN;NaN;NaN;NaN;82
;ServiceLog;gsmart;1356999914410;01.01.2013 3:25:14;Raw;-2.576;1.829;9.423;NaN;NaN;NaN;NaN;NaN;NaN;NaN;NaN;NaN;NaN;NaN;NaN;NaN;NaN;NaN;79
;ServiceLog;gsmart;1356999915446;01.01.2013 3:25:15;Raw;-2.145;1.8;9.577;NaN;NaN;NaN;NaN;NaN;NaN;NaN;NaN;NaN;NaN;NaN;NaN;NaN;NaN;NaN;73
;ServiceLog;gsmart;1356999916480;01.01.2013 3:25:16;Raw;-2.059;1.474;9.337;NaN;NaN;NaN;NaN;NaN;NaN;NaN;NaN;NaN;NaN;NaN;NaN;NaN;NaN;NaN;72
;ServiceLog;gsmart;1356999917520;01.01.2013 3:25:17;Raw;-2.078;1.848;9.366;NaN;NaN;NaN;NaN;NaN;NaN;NaN;NaN;NaN;NaN;NaN;NaN;NaN;NaN;NaN;75
;ServiceLog;gsmart;1356999918551;01.01.2013 3:25:18;Raw;-1.819;1.714;9.136;NaN;NaN;NaN;NaN;NaN;NaN;NaN;NaN;NaN;NaN;NaN;NaN;NaN;NaN;NaN;77
;ServiceLog;gsmart;1356999919593;01.01.2013 3:25:19;Raw;-2.145;1.857;8.973;NaN;NaN;NaN;NaN;NaN;NaN;NaN;NaN;NaN;NaN;NaN;NaN;NaN;NaN;NaN;72
;ServiceLog;gsmart;1356999920623;01.01.2013 3:25:20;Raw;-2.451;1.972;8.772;NaN;NaN;NaN;NaN;NaN;NaN;NaN;NaN;NaN;NaN;NaN;NaN;NaN;NaN;NaN;70
;ServiceLog;gsmart;1356999921671;01.01.2013 3:25:21;Raw;-2.47;1.743;9.117;NaN;NaN;NaN;NaN;NaN;NaN;NaN;NaN;NaN;NaN;NaN;NaN;NaN;NaN;NaN;77
;ServiceLog;gsmart;1356999922713;01.01.2013 3:25:22;Raw;-2.298;1.81;8.887;NaN;NaN;NaN;NaN;NaN;NaN;NaN;NaN;NaN;NaN;NaN;NaN;NaN;NaN;NaN;79
;ServiceLog;gsmart;1356999923748;01.01.2013 3:25:23;Raw;-2.624;2.106;9.232;NaN;NaN;NaN;NaN;NaN;NaN;NaN;NaN;NaN;NaN;NaN;NaN;NaN;NaN;NaN;73
;ServiceLog;gsmart;1356999924793;01.01.2013 3:25:24;Raw;-2.48;2.03;9.127;NaN;NaN;NaN;NaN;NaN;NaN;NaN;NaN;NaN;NaN;NaN;NaN;NaN;NaN;NaN;65
;ServiceLog;gsmart;1356999925837;01.01.2013 3:25:25;Raw;-3.17;1.771;9.356;NaN;NaN;NaN;NaN;NaN;NaN;NaN;NaN;NaN;NaN;NaN;NaN;NaN;NaN;NaN;62
;ServiceLog;gsmart;1356999926882;01.01.2013 3:25:26;Raw;-3.055;1.934;8.973;NaN;NaN;NaN;NaN;NaN;NaN;NaN;NaN;NaN;NaN;NaN;NaN;NaN;NaN;NaN;53
;ServiceLog;gsmart;1356999927912;01.01.2013 3:25:27;Raw;-2.729;1.848;9.213;NaN;NaN;NaN;NaN;NaN;NaN;NaN;NaN;NaN;NaN;NaN;NaN;NaN;NaN;NaN;62
;ServiceLog;gsmart;1356999928954;01.01.2013 3:25:28;Raw;-2.652;1.992;9.328;NaN;NaN;NaN;NaN;NaN;NaN;NaN;NaN;NaN;NaN;NaN;NaN;NaN;NaN;NaN;42
;ServiceLog;gsmart;1356999930001;01.01.2013 3:25:30;Raw;-2.423;1.838;9.385;NaN;NaN;NaN;NaN;NaN;NaN;NaN;NaN;NaN;NaN;NaN;NaN;NaN;NaN;NaN;41
;ServiceLog;gsmart;1356999931044;01.01.2013 3:25:31;Raw;-2.346;1.886;9.241;NaN;NaN;NaN;NaN;NaN;NaN;NaN;NaN;NaN;NaN;NaN;NaN;NaN;NaN;NaN;44
;ServiceLog;gsmart;1356999932078;01.01.2013 3:25:32;Raw;-2.202;1.752;9.423;NaN;NaN;NaN;NaN;NaN;NaN;NaN;NaN;NaN;NaN;NaN;NaN;NaN;NaN;NaN;66
;ServiceLog;gsmart;1356999933137;01.01.2013 3:25:33;Raw;-2.796;1.628;9.5;NaN;NaN;NaN;NaN;NaN;NaN;NaN;NaN;NaN;NaN;NaN;NaN;NaN;NaN;NaN;86
;ServiceLog;gsmart;1356999934165;01.01.2013 3:25:34;Raw;-2.164;1.714;9.203;NaN;NaN;NaN;NaN;NaN;NaN;NaN;NaN;NaN;NaN;NaN;NaN;NaN;NaN;NaN;65
;ServiceLog;gsmart;1356999935218;01.01.2013 3:25:35;Raw;-2.921;1.915;8.887;NaN;NaN;NaN;NaN;NaN;NaN;NaN;NaN;NaN;NaN;NaN;NaN;NaN;NaN;NaN;65
;ServiceLog;gsmart;1356999936256;01.01.2013 3:25:36;Raw;-3.217;2.978;7.977;NaN;NaN;NaN;NaN;NaN;NaN;NaN;NaN;NaN;NaN;NaN;NaN;NaN;NaN;NaN;58
;ServiceLog;gsmart;1356999937292;01.01.2013 3:25:37;Raw;-1.637;0.718;10.573;NaN;NaN;NaN;NaN;NaN;NaN;NaN;NaN;NaN;NaN;NaN;NaN;NaN;NaN;NaN;63
;ServiceLog;gsmart;1356999938334;01.01.2013 3:25:38;Raw;-0.43;2.317;9.385;NaN;NaN;NaN;NaN;NaN;NaN;NaN;NaN;NaN;NaN;NaN;NaN;NaN;NaN;NaN;60
;ServiceLog;gsmart;1356999939367;01.01.2013 3:25:39;Raw;-1.072;2.394;9.146;NaN;NaN;NaN;NaN;NaN;NaN;NaN;NaN;NaN;NaN;NaN;NaN;NaN;NaN;NaN;82
;ServiceLog;gsmart;1356999940400;01.01.2013 3:25:40;Raw;-1.58;1.58;8.542;NaN;NaN;NaN;NaN;NaN;NaN;NaN;NaN;NaN;NaN;NaN;NaN;NaN;NaN;NaN;86
;ServiceLog;gsmart;1356999941428;01.01.2013 3:25:41;Raw;0.153;1.532;9.672;NaN;NaN;NaN;NaN;NaN;NaN;NaN;NaN;NaN;NaN;NaN;NaN;NaN;NaN;NaN;79
;ServiceLog;gsmart;1356999942466;01.01.2013 3:25:42;Raw;-1.81;0.354;9.395;NaN;NaN;NaN;NaN;NaN;NaN;NaN;NaN;NaN;NaN;NaN;NaN;NaN;NaN;NaN;61
;ServiceLog;gsmart;1356999943507;01.01.2013 3:25:43;Raw;-1.34;1.465;9.605;NaN;NaN;NaN;NaN;NaN;NaN;NaN;NaN;NaN;NaN;NaN;NaN;NaN;NaN;NaN;70
;ServiceLog;gsmart;1356999944534;01.01.2013 3:25:44;Raw;-0.181;1.934;9.347;NaN;NaN;NaN;NaN;NaN;NaN;NaN;NaN;NaN;NaN;NaN;NaN;NaN;NaN;NaN;67
;ServiceLog;gsmart;1356999945566;01.01.2013 3:25:45;Raw;0.325;1.637;8.552;NaN;NaN;NaN;NaN;NaN;NaN;NaN;NaN;NaN;NaN;NaN;NaN;NaN;NaN;NaN;59
;ServiceLog;gsmart;1356999946599;01.01.2013 3:25:46;Raw;-0.335;4.166;9.538;NaN;NaN;NaN;NaN;NaN;NaN;NaN;NaN;NaN;NaN;NaN;NaN;NaN;NaN;NaN;52
;ServiceLog;gsmart;1356999947640;01.01.2013 3:25:47;Raw;0.124;3.045;7.853;NaN;NaN;NaN;NaN;NaN;NaN;NaN;NaN;NaN;NaN;NaN;NaN;NaN;NaN;NaN;48
;ServiceLog;gsmart;1356999948676;01.01.2013 3:25:48;Raw;-1.292;2.049;9.95;NaN;NaN;NaN;NaN;NaN;NaN;NaN;NaN;NaN;NaN;NaN;NaN;NaN;NaN;NaN;53
;ServiceLog;gsmart;1356999949704;01.01.2013 3:25:49;Raw;-2.106;0.536;10.132;NaN;NaN;NaN;NaN;NaN;NaN;NaN;NaN;NaN;NaN;NaN;NaN;NaN;NaN;NaN;51
;ServiceLog;gsmart;1356999950762;01.01.2013 3:25:50;Raw;-1.857;0.67;9.596;NaN;NaN;NaN;NaN;NaN;NaN;NaN;NaN;NaN;NaN;NaN;NaN;NaN;NaN;NaN;64
;ServiceLog;gsmart;1356999951799;01.01.2013 3:25:51;Raw;-2.097;1.053;9.289;NaN;NaN;NaN;NaN;NaN;NaN;NaN;NaN;NaN;NaN;NaN;NaN;NaN;NaN;NaN;60
;ServiceLog;gsmart;1356999952836;01.01.2013 3:25:52;Raw;-0.277;0.938;7.671;NaN;NaN;NaN;NaN;NaN;NaN;NaN;NaN;NaN;NaN;NaN;NaN;NaN;NaN;NaN;53
;ServiceLog;gsmart;1357000125050;01.01.2013 3:28:45;Raw;-1.331;1.139;8.437;NaN;NaN;NaN;NaN;NaN;NaN;NaN;NaN;NaN;NaN;NaN;NaN;NaN;NaN;NaN;43
;ServiceLog;gsmart;1357000126154;01.01.2013 3:28:46;Raw;-0.948;2.059;9.49;NaN;NaN;NaN;NaN;NaN;NaN;NaN;NaN;NaN;NaN;NaN;NaN;NaN;NaN;NaN;75
;ServiceLog;gsmart;1357000127207;01.01.2013 3:28:47;Raw;-0.325;1.015;9.864;NaN;NaN;NaN;NaN;NaN;NaN;NaN;NaN;NaN;NaN;NaN;NaN;NaN;NaN;NaN;76
;ServiceLog;gsmart;1357000128241;01.01.2013 3:28:48;Raw;-1.292;2.633;9.577;NaN;NaN;NaN;NaN;NaN;NaN;NaN;NaN;NaN;NaN;NaN;NaN;NaN;NaN;NaN;81
;ServiceLog;gsmart;1357000129311;01.01.2013 3:28:49;Raw;-0.928;3.792;7.297;NaN;NaN;NaN;NaN;NaN;NaN;NaN;NaN;NaN;NaN;NaN;NaN;NaN;NaN;NaN;82
;ServiceLog;gsmart;1357000130339;01.01.2013 3:28:50;Raw;1.532;0.478;9.328;NaN;NaN;NaN;NaN;NaN;NaN;NaN;NaN;NaN;NaN;NaN;NaN;NaN;NaN;NaN;86
;ServiceLog;gsmart;1357000131382;01.01.2013 3:28:51;Raw;1.235;1.158;9.912;NaN;NaN;NaN;NaN;NaN;NaN;NaN;NaN;NaN;NaN;NaN;NaN;NaN;NaN;NaN;77
;ServiceLog;gsmart;1357000132440;01.01.2013 3:28:52;Raw;-1.474;2.308;9.423;NaN;NaN;NaN;NaN;NaN;NaN;NaN;NaN;NaN;NaN;NaN;NaN;NaN;NaN;NaN;77
;ServiceLog;gsmart;1357000133500;01.01.2013 3:28:53;Raw;-1.436;1.743;9.318;NaN;NaN;NaN;NaN;NaN;NaN;NaN;NaN;NaN;NaN;NaN;NaN;NaN;NaN;NaN;76
;ServiceLog;gsmart;1357000134533;01.01.2013 3:28:54;Raw;-1.331;1.465;9.672;NaN;NaN;NaN;NaN;NaN;NaN;NaN;NaN;NaN;NaN;NaN;NaN;NaN;NaN;NaN;72
;ServiceLog;gsmart;1357000135570;01.01.2013 3:28:55;Raw;-1.743;1.618;9.404;NaN;NaN;NaN;NaN;NaN;NaN;NaN;NaN;NaN;NaN;NaN;NaN;NaN;NaN;NaN;67
;ServiceLog;gsmart;1357000136617;01.01.2013 3:28:56;Raw;-1.407;1.417;9.605;NaN;NaN;NaN;NaN;NaN;NaN;NaN;NaN;NaN;NaN;NaN;NaN;NaN;NaN;NaN;67
;ServiceLog;gsmart;1357000137674;01.01.2013 3:28:57;Raw;-1.532;1.637;9.49;NaN;NaN;NaN;NaN;NaN;NaN;NaN;NaN;NaN;NaN;NaN;NaN;NaN;NaN;NaN;61
;ServiceLog;gsmart;1357000138729;01.01.2013 3:28:58;Raw;-1.503;1.58;9.663;NaN;NaN;NaN;NaN;NaN;NaN;NaN;NaN;NaN;NaN;NaN;NaN;NaN;NaN;NaN;57
;ServiceLog;gsmart;1357000139767;01.01.2013 3:28:59;Raw;-1.934;2.106;9.356;NaN;NaN;NaN;NaN;NaN;NaN;NaN;NaN;NaN;NaN;NaN;NaN;NaN;NaN;NaN;66
;ServiceLog;gsmart;1357000140809;01.01.2013 3:29:00;Raw;-0.507;1.848;10.008;NaN;NaN;NaN;NaN;NaN;NaN;NaN;NaN;NaN;NaN;NaN;NaN;NaN;NaN;NaN;52
;ServiceLog;gsmart;1357000141879;01.01.2013 3:29:01;Raw;-1.225;1.446;9.672;NaN;NaN;NaN;NaN;NaN;NaN;NaN;NaN;NaN;NaN;NaN;NaN;NaN;NaN;NaN;68
;ServiceLog;gsmart;1357000142949;01.01.2013 3:29:02;Raw;0.019;2.011;8.533;NaN;NaN;NaN;NaN;NaN;NaN;NaN;NaN;NaN;NaN;NaN;NaN;NaN;NaN;NaN;45
;ServiceLog;gsmart;1357000143999;01.01.2013 3:29:03;Raw;-0.383;2.241;9.356;NaN;NaN;NaN;NaN;NaN;NaN;NaN;NaN;NaN;NaN;NaN;NaN;NaN;NaN;NaN;56
;ServiceLog;gsmart;1357000145038;01.01.2013 3:29:05;Raw;-1.465;0.861;9.797;NaN;NaN;NaN;NaN;NaN;NaN;NaN;NaN;NaN;NaN;NaN;NaN;NaN;NaN;NaN;36
;ServiceLog;gsmart;1357000146088;01.01.2013 3:29:06;Raw;-0.344;1.13;9.174;NaN;NaN;NaN;NaN;NaN;NaN;NaN;NaN;NaN;NaN;NaN;NaN;NaN;NaN;NaN;67
;ServiceLog;gsmart;1357000147265;01.01.2013 3:29:07;Raw;-1.896;0.574;9.567;NaN;NaN;NaN;NaN;NaN;NaN;NaN;NaN;NaN;NaN;NaN;NaN;NaN;NaN;NaN;62
;ServiceLog;gsmart;1357000148325;01.01.2013 3:29:08;Raw;-0.651;0.373;8.207;NaN;NaN;NaN;NaN;NaN;NaN;NaN;NaN;NaN;NaN;NaN;NaN;NaN;NaN;NaN;66
;ServiceLog;gsmart;1357000149359;01.01.2013 3:29:09;Raw;0.44;1.321;9.529;NaN;NaN;NaN;NaN;NaN;NaN;NaN;NaN;NaN;NaN;NaN;NaN;NaN;NaN;NaN;69
;ServiceLog;gsmart;1357000150658;01.01.2013 3:29:10;Raw;0.584;1.264;8.504;NaN;NaN;NaN;NaN;NaN;NaN;NaN;NaN;NaN;NaN;NaN;NaN;NaN;NaN;NaN;71
;ServiceLog;gsmart;1357000151710;01.01.2013 3:29:11;Raw;-0.076;1.034;9.347;NaN;NaN;NaN;NaN;NaN;NaN;NaN;NaN;NaN;NaN;NaN;NaN;NaN;NaN;NaN;75
;ServiceLog;gsmart;1357000152748;01.01.2013 3:29:12;Raw;-0.21;0.996;9.366;NaN;NaN;NaN;NaN;NaN;NaN;NaN;NaN;NaN;NaN;NaN;NaN;NaN;NaN;NaN;56
;ServiceLog;gsmart;1357000153789;01.01.2013 3:29:13;Raw;0.354;2.183;10.123;NaN;NaN;NaN;NaN;NaN;NaN;NaN;NaN;NaN;NaN;NaN;NaN;NaN;NaN;NaN;57
;ServiceLog;gsmart;1357000154853;01.01.2013 3:29:14;Raw;-1.848;-1.101;10.831;NaN;NaN;NaN;NaN;NaN;NaN;NaN;NaN;NaN;NaN;NaN;NaN;NaN;NaN;NaN;67
;ServiceLog;gsmart;1357000155903;01.01.2013 3:29:15;Raw;0.536;1.953;10.937;NaN;NaN;NaN;NaN;NaN;NaN;NaN;NaN;NaN;NaN;NaN;NaN;NaN;NaN;NaN;47
;ServiceLog;gsmart;1357000156938;01.01.2013 3:29:16;Raw;-0.756;-0.153;12.488;NaN;NaN;NaN;NaN;NaN;NaN;NaN;NaN;NaN;NaN;NaN;NaN;NaN;NaN;NaN;41
;ServiceLog;gsmart;1357000158005;01.01.2013 3:29:18;Raw;1.312;0.459;8.667;NaN;NaN;NaN;NaN;NaN;NaN;NaN;NaN;NaN;NaN;NaN;NaN;NaN;NaN;NaN;47
;ServiceLog;gsmart;1357000159057;01.01.2013 3:29:19;Raw;1.618;1.264;7.479;NaN;NaN;NaN;NaN;NaN;NaN;NaN;NaN;NaN;NaN;NaN;NaN;NaN;NaN;NaN;72
;ServiceLog;gsmart;1357000160096;01.01.2013 3:29:20;Raw;0.641;0.162;8.226;NaN;NaN;NaN;NaN;NaN;NaN;NaN;NaN;NaN;NaN;NaN;NaN;NaN;NaN;NaN;59
;ServiceLog;gsmart;1357000161126;01.01.2013 3:29:21;Raw;0.392;-0.632;10.774;NaN;NaN;NaN;NaN;NaN;NaN;NaN;NaN;NaN;NaN;NaN;NaN;NaN;NaN;NaN;42
;ServiceLog;gsmart;1357000162166;01.01.2013 3:29:22;Raw;1.063;-0.105;9.692;NaN;NaN;NaN;NaN;NaN;NaN;NaN;NaN;NaN;NaN;NaN;NaN;NaN;NaN;NaN;73
;ServiceLog;gsmart;1357000163204;01.01.2013 3:29:23;Raw;0.316;0.43;9.634;NaN;NaN;NaN;NaN;NaN;NaN;NaN;NaN;NaN;NaN;NaN;NaN;NaN;NaN;NaN;51
;ServiceLog;gsmart;1357000164252;01.01.2013 3:29:24;Raw;0.335;0.047;10.582;NaN;NaN;NaN;NaN;NaN;NaN;NaN;NaN;NaN;NaN;NaN;NaN;NaN;NaN;NaN;81
;ServiceLog;gsmart;1357000165299;01.01.2013 3:29:25;Raw;-0.258;0.21;9.826;NaN;NaN;NaN;NaN;NaN;NaN;NaN;NaN;NaN;NaN;NaN;NaN;NaN;NaN;NaN;87
;ServiceLog;gsmart;1357000166336;01.01.2013 3:29:26;Raw;-0.402;0.249;9.826;NaN;NaN;NaN;NaN;NaN;NaN;NaN;NaN;NaN;NaN;NaN;NaN;NaN;NaN;NaN;84
;ServiceLog;gsmart;1357000167392;01.01.2013 3:29:27;Raw;-0.545;0.229;9.816;NaN;NaN;NaN;NaN;NaN;NaN;NaN;NaN;NaN;NaN;NaN;NaN;NaN;NaN;NaN;83
;ServiceLog;gsmart;1357000168448;01.01.2013 3:29:28;Raw;-0.555;0.181;9.864;NaN;NaN;NaN;NaN;NaN;NaN;NaN;NaN;NaN;NaN;NaN;NaN;NaN;NaN;NaN;86
;ServiceLog;gsmart;1357000169494;01.01.2013 3:29:29;Raw;-0.622;0.143;9.864;NaN;NaN;NaN;NaN;NaN;NaN;NaN;NaN;NaN;NaN;NaN;NaN;NaN;NaN;NaN;80
;ServiceLog;gsmart;1357000170530;01.01.2013 3:29:30;Raw;-0.756;0.22;9.874;NaN;NaN;NaN;NaN;NaN;NaN;NaN;NaN;NaN;NaN;NaN;NaN;NaN;NaN;NaN;78
;ServiceLog;gsmart;1357000171564;01.01.2013 3:29:31;Raw;-0.66;0.095;9.883;NaN;NaN;NaN;NaN;NaN;NaN;NaN;NaN;NaN;NaN;NaN;NaN;NaN;NaN;NaN;79
;ServiceLog;gsmart;1357000172615;01.01.2013 3:29:32;Raw;-0.727;0.153;9.826;NaN;NaN;NaN;NaN;NaN;NaN;NaN;NaN;NaN;NaN;NaN;NaN;NaN;NaN;NaN;71
;ServiceLog;gsmart;1357000173653;01.01.2013 3:29:33;Raw;-0.775;0.143;9.826;NaN;NaN;NaN;NaN;NaN;NaN;NaN;NaN;NaN;NaN;NaN;NaN;NaN;NaN;NaN;63
;ServiceLog;gsmart;1357000174689;01.01.2013 3:29:34;Raw;-1.177;0.0;9.874;NaN;NaN;NaN;NaN;NaN;NaN;NaN;NaN;NaN;NaN;NaN;NaN;NaN;NaN;NaN;62
;ServiceLog;gsmart;1357000175728;01.01.2013 3:29:35;Raw;-0.593;-0.095;10.745;NaN;NaN;NaN;NaN;NaN;NaN;NaN;NaN;NaN;NaN;NaN;NaN;NaN;NaN;NaN;57
;ServiceLog;gsmart;1357000176772;01.01.2013 3:29:36;Raw;-0.354;-0.028;9.807;NaN;NaN;NaN;NaN;NaN;NaN;NaN;NaN;NaN;NaN;NaN;NaN;NaN;NaN;NaN;60
;ServiceLog;gsmart;1357000177825;01.01.2013 3:29:37;Raw;-0.21;0.028;10.19;NaN;NaN;NaN;NaN;NaN;NaN;NaN;NaN;NaN;NaN;NaN;NaN;NaN;NaN;NaN;60
;ServiceLog;gsmart;1357000178862;01.01.2013 3:29:38;Raw;-0.43;0.124;9.443;NaN;NaN;NaN;NaN;NaN;NaN;NaN;NaN;NaN;NaN;NaN;NaN;NaN;NaN;NaN;67
;ServiceLog;gsmart;1357000179904;01.01.2013 3:29:39;Raw;0.22;-0.047;10.305;NaN;NaN;NaN;NaN;NaN;NaN;NaN;NaN;NaN;NaN;NaN;NaN;NaN;NaN;NaN;70
;ServiceLog;gsmart;1357000180952;01.01.2013 3:29:40;Raw;1.34;-0.239;9.969;NaN;NaN;NaN;NaN;NaN;NaN;NaN;NaN;NaN;NaN;NaN;NaN;NaN;NaN;NaN;66
;ServiceLog;gsmart;1357000182004;01.01.2013 3:29:42;Raw;0.919;0.095;9.835;NaN;NaN;NaN;NaN;NaN;NaN;NaN;NaN;NaN;NaN;NaN;NaN;NaN;NaN;NaN;65
;ServiceLog;gsmart;1357000183038;01.01.2013 3:29:43;Raw;0.804;0.105;10.046;NaN;NaN;NaN;NaN;NaN;NaN;NaN;NaN;NaN;NaN;NaN;NaN;NaN;NaN;NaN;69
;ServiceLog;gsmart;1357000184076;01.01.2013 3:29:44;Raw;0.708;0.057;9.998;NaN;NaN;NaN;NaN;NaN;NaN;NaN;NaN;NaN;NaN;NaN;NaN;NaN;NaN;NaN;77
;ServiceLog;gsmart;1357000185122;01.01.2013 3:29:45;Raw;0.22;0.095;9.874;NaN;NaN;NaN;NaN;NaN;NaN;NaN;NaN;NaN;NaN;NaN;NaN;NaN;NaN;NaN;76
;ServiceLog;gsmart;1357000186517;01.01.2013 3:29:46;Raw;0.124;0.134;9.96;NaN;NaN;NaN;NaN;NaN;NaN;NaN;NaN;NaN;NaN;NaN;NaN;NaN;NaN;NaN;78
;ServiceLog;gsmart;1357000187556;01.01.2013 3:29:47;Raw;0.162;0.143;10.103;NaN;NaN;NaN;NaN;NaN;NaN;NaN;NaN;NaN;NaN;NaN;NaN;NaN;NaN;NaN;75
;ServiceLog;gsmart;1357000188581;01.01.2013 3:29:48;Raw;-0.172;0.411;10.19;NaN;NaN;NaN;NaN;NaN;NaN;NaN;NaN;NaN;NaN;NaN;NaN;NaN;NaN;NaN;79
;ServiceLog;gsmart;1357000189611;01.01.2013 3:29:49;Raw;0.114;0.134;10.151;NaN;NaN;NaN;NaN;NaN;NaN;NaN;NaN;NaN;NaN;NaN;NaN;NaN;NaN;NaN;86
;ServiceLog;gsmart;1357000190672;01.01.2013 3:29:50;Raw;-0.354;0.44;10.046;NaN;NaN;NaN;NaN;NaN;NaN;NaN;NaN;NaN;NaN;NaN;NaN;NaN;NaN;NaN;81
;ServiceLog;gsmart;1357000191724;01.01.2013 3:29:51;Raw;-0.095;0.335;9.893;NaN;NaN;NaN;NaN;NaN;NaN;NaN;NaN;NaN;NaN;NaN;NaN;NaN;NaN;NaN;86
;ServiceLog;gsmart;1357000192773;01.01.2013 3:29:52;Raw;-0.105;0.392;10.4;NaN;NaN;NaN;NaN;NaN;NaN;NaN;NaN;NaN;NaN;NaN;NaN;NaN;NaN;NaN;83
;ServiceLog;gsmart;1357000193810;01.01.2013 3:29:53;Raw;-0.804;0.526;9.625;NaN;NaN;NaN;NaN;NaN;NaN;NaN;NaN;NaN;NaN;NaN;NaN;NaN;NaN;NaN;81
;ServiceLog;gsmart;1357000194841;01.01.2013 3:29:54;Raw;0.028;0.421;9.778;NaN;NaN;NaN;NaN;NaN;NaN;NaN;NaN;NaN;NaN;NaN;NaN;NaN;NaN;NaN;82
;ServiceLog;gsmart;1357000195874;01.01.2013 3:29:55;Raw;-0.622;0.354;9.759;NaN;NaN;NaN;NaN;NaN;NaN;NaN;NaN;NaN;NaN;NaN;NaN;NaN;NaN;NaN;76
;ServiceLog;gsmart;1357000196912;01.01.2013 3:29:56;Raw;-0.124;0.287;10.151;NaN;NaN;NaN;NaN;NaN;NaN;NaN;NaN;NaN;NaN;NaN;NaN;NaN;NaN;NaN;73
;ServiceLog;gsmart;1357000197976;01.01.2013 3:29:57;Raw;-0.402;0.622;10.372;NaN;NaN;NaN;NaN;NaN;NaN;NaN;NaN;NaN;NaN;NaN;NaN;NaN;NaN;NaN;77
;ServiceLog;gsmart;1357000199048;01.01.2013 3:29:59;Raw;-0.478;0.737;8.801;NaN;NaN;NaN;NaN;NaN;NaN;NaN;NaN;NaN;NaN;NaN;NaN;NaN;NaN;NaN;84
;ServiceLog;gsmart;1357000200086;01.01.2013 3:30:00;Raw;-0.718;0.469;8.734;NaN;NaN;NaN;NaN;NaN;NaN;NaN;NaN;NaN;NaN;NaN;NaN;NaN;NaN;NaN;85
;ServiceLog;gsmart;1357000201124;01.01.2013 3:30:01;Raw;-0.344;0.823;8.81;NaN;NaN;NaN;NaN;NaN;NaN;NaN;NaN;NaN;NaN;NaN;NaN;NaN;NaN;NaN;81
;ServiceLog;gsmart;1357000202186;01.01.2013 3:30:02;Raw;-0.909;0.526;8.906;NaN;NaN;NaN;NaN;NaN;NaN;NaN;NaN;NaN;NaN;NaN;NaN;NaN;NaN;NaN;83
;ServiceLog;gsmart;1357000203226;01.01.2013 3:30:03;Raw;-1.11;0.507;10.285;NaN;NaN;NaN;NaN;NaN;NaN;NaN;NaN;NaN;NaN;NaN;NaN;NaN;NaN;NaN;81
;ServiceLog;gsmart;1357000204270;01.01.2013 3:30:04;Raw;-1.13;0.517;10.343;NaN;NaN;NaN;NaN;NaN;NaN;NaN;NaN;NaN;NaN;NaN;NaN;NaN;NaN;NaN;83
;ServiceLog;gsmart;1357000205299;01.01.2013 3:30:05;Raw;-1.331;0.708;8.581;NaN;NaN;NaN;NaN;NaN;NaN;NaN;NaN;NaN;NaN;NaN;NaN;NaN;NaN;NaN;83
;ServiceLog;gsmart;1357000206348;01.01.2013 3:30:06;Raw;-1.024;0.593;9.682;NaN;NaN;NaN;NaN;NaN;NaN;NaN;NaN;NaN;NaN;NaN;NaN;NaN;NaN;NaN;84
;ServiceLog;gsmart;1357000207379;01.01.2013 3:30:07;Raw;-1.053;0.823;9.251;NaN;NaN;NaN;NaN;NaN;NaN;NaN;NaN;NaN;NaN;NaN;NaN;NaN;NaN;NaN;81
;ServiceLog;gsmart;1357000208408;01.01.2013 3:30:08;Raw;-0.478;0.488;9.826;NaN;NaN;NaN;NaN;NaN;NaN;NaN;NaN;NaN;NaN;NaN;NaN;NaN;NaN;NaN;86
;ServiceLog;gsmart;1357000209431;01.01.2013 3:30:09;Raw;-0.268;0.229;10.774;NaN;NaN;NaN;NaN;NaN;NaN;NaN;NaN;NaN;NaN;NaN;NaN;NaN;NaN;NaN;85
;ServiceLog;gsmart;1357000210499;01.01.2013 3:30:10;Raw;-0.287;0.775;10.678;NaN;NaN;NaN;NaN;NaN;NaN;NaN;NaN;NaN;NaN;NaN;NaN;NaN;NaN;NaN;86
;ServiceLog;gsmart;1357000211550;01.01.2013 3:30:11;Raw;-0.536;0.517;9.174;NaN;NaN;NaN;NaN;NaN;NaN;NaN;NaN;NaN;NaN;NaN;NaN;NaN;NaN;NaN;89
;ServiceLog;gsmart;1357000212592;01.01.2013 3:30:12;Raw;-0.737;0.498;9.28;NaN;NaN;NaN;NaN;NaN;NaN;NaN;NaN;NaN;NaN;NaN;NaN;NaN;NaN;NaN;85
;ServiceLog;gsmart;1357000213636;01.01.2013 3:30:13;Raw;-1.043;0.996;9.538;NaN;NaN;NaN;NaN;NaN;NaN;NaN;NaN;NaN;NaN;NaN;NaN;NaN;NaN;NaN;84
;ServiceLog;gsmart;1357000214679;01.01.2013 3:30:14;Raw;-0.335;0.689;9.759;NaN;NaN;NaN;NaN;NaN;NaN;NaN;NaN;NaN;NaN;NaN;NaN;NaN;NaN;NaN;88
;ServiceLog;gsmart;1357000215713;01.01.2013 3:30:15;Raw;-0.612;0.699;10.4;NaN;NaN;NaN;NaN;NaN;NaN;NaN;NaN;NaN;NaN;NaN;NaN;NaN;NaN;NaN;84
;ServiceLog;gsmart;1357000216786;01.01.2013 3:30:16;Raw;-0.833;0.718;9.625;NaN;NaN;NaN;NaN;NaN;NaN;NaN;NaN;NaN;NaN;NaN;NaN;NaN;NaN;NaN;82
;ServiceLog;gsmart;1357000217848;01.01.2013 3:30:17;Raw;-1.177;0.833;9.241;NaN;NaN;NaN;NaN;NaN;NaN;NaN;NaN;NaN;NaN;NaN;NaN;NaN;NaN;NaN;84
;ServiceLog;gsmart;1357000218882;01.01.2013 3:30:18;Raw;-0.718;0.545;10.831;NaN;NaN;NaN;NaN;NaN;NaN;NaN;NaN;NaN;NaN;NaN;NaN;NaN;NaN;NaN;84
;ServiceLog;gsmart;1357000219928;01.01.2013 3:30:19;Raw;-0.21;0.028;10.352;NaN;NaN;NaN;NaN;NaN;NaN;NaN;NaN;NaN;NaN;NaN;NaN;NaN;NaN;NaN;83
;ServiceLog;gsmart;1357000220982;01.01.2013 3:30:20;Raw;-1.101;0.488;10.611;NaN;NaN;NaN;NaN;NaN;NaN;NaN;NaN;NaN;NaN;NaN;NaN;NaN;NaN;NaN;83
;ServiceLog;gsmart;1357000222035;01.01.2013 3:30:22;Raw;-0.737;0.44;10.305;NaN;NaN;NaN;NaN;NaN;NaN;NaN;NaN;NaN;NaN;NaN;NaN;NaN;NaN;NaN;84
;ServiceLog;gsmart;1357000223081;01.01.2013 3:30:23;Raw;-1.474;0.545;9.433;NaN;NaN;NaN;NaN;NaN;NaN;NaN;NaN;NaN;NaN;NaN;NaN;NaN;NaN;NaN;82
;ServiceLog;gsmart;1357000224117;01.01.2013 3:30:24;Raw;-1.312;0.545;10.295;NaN;NaN;NaN;NaN;NaN;NaN;NaN;NaN;NaN;NaN;NaN;NaN;NaN;NaN;NaN;85
;ServiceLog;gsmart;1357000225169;01.01.2013 3:30:25;Raw;-0.842;0.105;9.615;NaN;NaN;NaN;NaN;NaN;NaN;NaN;NaN;NaN;NaN;NaN;NaN;NaN;NaN;NaN;83
;ServiceLog;gsmart;1357000226207;01.01.2013 3:30:26;Raw;-0.612;0.325;9.893;NaN;NaN;NaN;NaN;NaN;NaN;NaN;NaN;NaN;NaN;NaN;NaN;NaN;NaN;NaN;85
;ServiceLog;gsmart;1357000227249;01.01.2013 3:30:27;Raw;-0.938;0.67;9.127;NaN;NaN;NaN;NaN;NaN;NaN;NaN;NaN;NaN;NaN;NaN;NaN;NaN;NaN;NaN;87
;ServiceLog;gsmart;1357000228286;01.01.2013 3:30:28;Raw;-1.034;0.201;9.835;NaN;NaN;NaN;NaN;NaN;NaN;NaN;NaN;NaN;NaN;NaN;NaN;NaN;NaN;NaN;84
;ServiceLog;gsmart;1357000229330;01.01.2013 3:30:29;Raw;-1.235;0.459;9.931;NaN;NaN;NaN;NaN;NaN;NaN;NaN;NaN;NaN;NaN;NaN;NaN;NaN;NaN;NaN;85
;ServiceLog;gsmart;1357000230375;01.01.2013 3:30:30;Raw;0.124;0.229;9.95;NaN;NaN;NaN;NaN;NaN;NaN;NaN;NaN;NaN;NaN;NaN;NaN;NaN;NaN;NaN;82
;ServiceLog;gsmart;1357000231801;01.01.2013 3:30:31;Raw;-0.775;0.316;10.209;NaN;NaN;NaN;NaN;NaN;NaN;NaN;NaN;NaN;NaN;NaN;NaN;NaN;NaN;NaN;83
;ServiceLog;gsmart;1357000232831;01.01.2013 3:30:32;Raw;-1.082;0.172;9.328;NaN;NaN;NaN;NaN;NaN;NaN;NaN;NaN;NaN;NaN;NaN;NaN;NaN;NaN;NaN;83
;ServiceLog;gsmart;1357000233879;01.01.2013 3:30:33;Raw;-1.235;0.555;9.893;NaN;NaN;NaN;NaN;NaN;NaN;NaN;NaN;NaN;NaN;NaN;NaN;NaN;NaN;NaN;84
;ServiceLog;gsmart;1357000234915;01.01.2013 3:30:34;Raw;-1.024;0.344;9.261;NaN;NaN;NaN;NaN;NaN;NaN;NaN;NaN;NaN;NaN;NaN;NaN;NaN;NaN;NaN;82
;ServiceLog;gsmart;1357000235968;01.01.2013 3:30:35;Raw;-1.063;0.287;9.941;NaN;NaN;NaN;NaN;NaN;NaN;NaN;NaN;NaN;NaN;NaN;NaN;NaN;NaN;NaN;82
;ServiceLog;gsmart;1357000237009;01.01.2013 3:30:37;Raw;-1.091;0.373;10.247;NaN;NaN;NaN;NaN;NaN;NaN;NaN;NaN;NaN;NaN;NaN;NaN;NaN;NaN;NaN;80
;ServiceLog;gsmart;1357000238040;01.01.2013 3:30:38;Raw;-1.302;0.641;9.222;NaN;NaN;NaN;NaN;NaN;NaN;NaN;NaN;NaN;NaN;NaN;NaN;NaN;NaN;NaN;80
;ServiceLog;gsmart;1357000239079;01.01.2013 3:30:39;Raw;-0.153;0.478;10.209;NaN;NaN;NaN;NaN;NaN;NaN;NaN;NaN;NaN;NaN;NaN;NaN;NaN;NaN;NaN;85
;ServiceLog;gsmart;1357000240135;01.01.2013 3:30:40;Raw;-1.589;0.584;9.471;NaN;NaN;NaN;NaN;NaN;NaN;NaN;NaN;NaN;NaN;NaN;NaN;NaN;NaN;NaN;80
;ServiceLog;gsmart;1357000241188;01.01.2013 3:30:41;Raw;-0.593;0.565;9.816;NaN;NaN;NaN;NaN;NaN;NaN;NaN;NaN;NaN;NaN;NaN;NaN;NaN;NaN;NaN;81
;ServiceLog;gsmart;1357000242243;01.01.2013 3:30:42;Raw;-0.622;0.498;10.123;NaN;NaN;NaN;NaN;NaN;NaN;NaN;NaN;NaN;NaN;NaN;NaN;NaN;NaN;NaN;83
;ServiceLog;gsmart;1357000243281;01.01.2013 3:30:43;Raw;0.076;-0.057;10.151;NaN;NaN;NaN;NaN;NaN;NaN;NaN;NaN;NaN;NaN;NaN;NaN;NaN;NaN;NaN;78
;ServiceLog;gsmart;1357000244340;01.01.2013 3:30:44;Raw;-0.833;-0.124;9.921;NaN;NaN;NaN;NaN;NaN;NaN;NaN;NaN;NaN;NaN;NaN;NaN;NaN;NaN;NaN;80
;ServiceLog;gsmart;1357000245400;01.01.2013 3:30:45;Raw;-0.459;-0.402;9.27;NaN;NaN;NaN;NaN;NaN;NaN;NaN;NaN;NaN;NaN;NaN;NaN;NaN;NaN;NaN;78
;ServiceLog;gsmart;1357000246435;01.01.2013 3:30:46;Raw;-0.277;-0.651;9.414;NaN;NaN;NaN;NaN;NaN;NaN;NaN;NaN;NaN;NaN;NaN;NaN;NaN;NaN;NaN;78
;ServiceLog;gsmart;1357000247468;01.01.2013 3:30:47;Raw;-1.426;-0.402;9.969;NaN;NaN;NaN;NaN;NaN;NaN;NaN;NaN;NaN;NaN;NaN;NaN;NaN;NaN;NaN;78
;ServiceLog;gsmart;1357000248508;01.01.2013 3:30:48;Raw;-1.359;-0.555;10.343;NaN;NaN;NaN;NaN;NaN;NaN;NaN;NaN;NaN;NaN;NaN;NaN;NaN;NaN;NaN;81
;ServiceLog;gsmart;1357000249568;01.01.2013 3:30:49;Raw;-1.043;-0.689;9.998;NaN;NaN;NaN;NaN;NaN;NaN;NaN;NaN;NaN;NaN;NaN;NaN;NaN;NaN;NaN;76
;ServiceLog;gsmart;1357000250616;01.01.2013 3:30:50;Raw;-0.89;-0.545;9.672;NaN;NaN;NaN;NaN;NaN;NaN;NaN;NaN;NaN;NaN;NaN;NaN;NaN;NaN;NaN;77
;ServiceLog;gsmart;1357000251665;01.01.2013 3:30:51;Raw;-0.469;-0.478;10.343;NaN;NaN;NaN;NaN;NaN;NaN;NaN;NaN;NaN;NaN;NaN;NaN;NaN;NaN;NaN;76
;ServiceLog;gsmart;1357000252715;01.01.2013 3:30:52;Raw;-0.086;-0.919;11.099;NaN;NaN;NaN;NaN;NaN;NaN;NaN;NaN;NaN;NaN;NaN;NaN;NaN;NaN;NaN;76
;ServiceLog;gsmart;1357000253759;01.01.2013 3:30:53;Raw;-1.168;-0.344;9.107;NaN;NaN;NaN;NaN;NaN;NaN;NaN;NaN;NaN;NaN;NaN;NaN;NaN;NaN;NaN;79
;ServiceLog;gsmart;1357000254797;01.01.2013 3:30:54;Raw;-1.197;-0.201;9.883;NaN;NaN;NaN;NaN;NaN;NaN;NaN;NaN;NaN;NaN;NaN;NaN;NaN;NaN;NaN;75
;ServiceLog;gsmart;1357000255850;01.01.2013 3:30:55;Raw;-0.938;0.047;10.218;NaN;NaN;NaN;NaN;NaN;NaN;NaN;NaN;NaN;NaN;NaN;NaN;NaN;NaN;NaN;74
;ServiceLog;gsmart;1357000256878;01.01.2013 3:30:56;Raw;-0.928;0.095;10.611;NaN;NaN;NaN;NaN;NaN;NaN;NaN;NaN;NaN;NaN;NaN;NaN;NaN;NaN;NaN;73
;ServiceLog;gsmart;1357000257917;01.01.2013 3:30:57;Raw;-2.375;-0.114;9.883;NaN;NaN;NaN;NaN;NaN;NaN;NaN;NaN;NaN;NaN;NaN;NaN;NaN;NaN;NaN;82
;ServiceLog;gsmart;1357000258981;01.01.2013 3:30:58;Raw;-1.743;0.258;9.96;NaN;NaN;NaN;NaN;NaN;NaN;NaN;NaN;NaN;NaN;NaN;NaN;NaN;NaN;NaN;84
;ServiceLog;gsmart;1357000260008;01.01.2013 3:31:00;Raw;-1.101;-0.421;9.912;NaN;NaN;NaN;NaN;NaN;NaN;NaN;NaN;NaN;NaN;NaN;NaN;NaN;NaN;NaN;82
;ServiceLog;gsmart;1357000261078;01.01.2013 3:31:01;Raw;-2.116;0.191;10.668;NaN;NaN;NaN;NaN;NaN;NaN;NaN;NaN;NaN;NaN;NaN;NaN;NaN;NaN;NaN;82
;ServiceLog;gsmart;1357000262138;01.01.2013 3:31:02;Raw;-2.116;0.354;9.615;NaN;NaN;NaN;NaN;NaN;NaN;NaN;NaN;NaN;NaN;NaN;NaN;NaN;NaN;NaN;78
;ServiceLog;gsmart;1357000263176;01.01.2013 3:31:03;Raw;-2.327;0.325;9.797;NaN;NaN;NaN;NaN;NaN;NaN;NaN;NaN;NaN;NaN;NaN;NaN;NaN;NaN;NaN;85
;ServiceLog;gsmart;1357000264214;01.01.2013 3:31:04;Raw;-3.15;0.747;9.625;NaN;NaN;NaN;NaN;NaN;NaN;NaN;NaN;NaN;NaN;NaN;NaN;NaN;NaN;NaN;76
;ServiceLog;gsmart;1357000265257;01.01.2013 3:31:05;Raw;-3.083;0.584;9.567;NaN;NaN;NaN;NaN;NaN;NaN;NaN;NaN;NaN;NaN;NaN;NaN;NaN;NaN;NaN;74
;ServiceLog;gsmart;1357000266288;01.01.2013 3:31:06;Raw;-2.949;0.632;9.366;NaN;NaN;NaN;NaN;NaN;NaN;NaN;NaN;NaN;NaN;NaN;NaN;NaN;NaN;NaN;70
;ServiceLog;gsmart;1357000267337;01.01.2013 3:31:07;Raw;-2.777;0.526;9.366;NaN;NaN;NaN;NaN;NaN;NaN;NaN;NaN;NaN;NaN;NaN;NaN;NaN;NaN;NaN;71
;ServiceLog;gsmart;1357000268413;01.01.2013 3:31:08;Raw;-2.853;0.478;9.414;NaN;NaN;NaN;NaN;NaN;NaN;NaN;NaN;NaN;NaN;NaN;NaN;NaN;NaN;NaN;83
;ServiceLog;gsmart;1357000269466;01.01.2013 3:31:09;Raw;-3.802;0.928;8.925;NaN;NaN;NaN;NaN;NaN;NaN;NaN;NaN;NaN;NaN;NaN;NaN;NaN;NaN;NaN;89
;ServiceLog;gsmart;1357000270503;01.01.2013 3:31:10;Raw;-4.386;1.321;8.408;NaN;NaN;NaN;NaN;NaN;NaN;NaN;NaN;NaN;NaN;NaN;NaN;NaN;NaN;NaN;65
;ServiceLog;gsmart;1357000271591;01.01.2013 3:31:11;Raw;-3.955;1.053;8.925;NaN;NaN;NaN;NaN;NaN;NaN;NaN;NaN;NaN;NaN;NaN;NaN;NaN;NaN;NaN;50
;ServiceLog;gsmart;1357000272643;01.01.2013 3:31:12;Raw;-3.409;0.651;9.28;NaN;NaN;NaN;NaN;NaN;NaN;NaN;NaN;NaN;NaN;NaN;NaN;NaN;NaN;NaN;70
;ServiceLog;gsmart;1357000273689;01.01.2013 3:31:13;Raw;-3.352;0.612;9.356;NaN;NaN;NaN;NaN;NaN;NaN;NaN;NaN;NaN;NaN;NaN;NaN;NaN;NaN;NaN;41
;ServiceLog;gsmart;1357000274735;01.01.2013 3:31:14;Raw;-3.15;0.593;9.299;NaN;NaN;NaN;NaN;NaN;NaN;NaN;NaN;NaN;NaN;NaN;NaN;NaN;NaN;NaN;41
;ServiceLog;gsmart;1357000275804;01.01.2013 3:31:15;Raw;-3.227;0.574;9.337;NaN;NaN;NaN;NaN;NaN;NaN;NaN;NaN;NaN;NaN;NaN;NaN;NaN;NaN;NaN;52
;ServiceLog;gsmart;1357000276837;01.01.2013 3:31:16;Raw;-2.94;0.526;9.462;NaN;NaN;NaN;NaN;NaN;NaN;NaN;NaN;NaN;NaN;NaN;NaN;NaN;NaN;NaN;40
;ServiceLog;gsmart;1357000277929;01.01.2013 3:31:17;Raw;-4.108;0.976;9.079;NaN;NaN;NaN;NaN;NaN;NaN;NaN;NaN;NaN;NaN;NaN;NaN;NaN;NaN;NaN;86
;ServiceLog;gsmart;1357000279035;01.01.2013 3:31:19;Raw;-3.936;0.967;9.059;NaN;NaN;NaN;NaN;NaN;NaN;NaN;NaN;NaN;NaN;NaN;NaN;NaN;NaN;NaN;88
;ServiceLog;gsmart;1357000280082;01.01.2013 3:31:20;Raw;-4.06;1.024;8.992;NaN;NaN;NaN;NaN;NaN;NaN;NaN;NaN;NaN;NaN;NaN;NaN;NaN;NaN;NaN;76
;ServiceLog;gsmart;1357000281140;01.01.2013 3:31:21;Raw;-1.541;4.711;8.178;NaN;NaN;NaN;NaN;NaN;NaN;NaN;NaN;NaN;NaN;NaN;NaN;NaN;NaN;NaN;39
;ServiceLog;gsmart;1357000282182;01.01.2013 3:31:22;Raw;-0.296;5.985;6.617;NaN;NaN;NaN;NaN;NaN;NaN;NaN;NaN;NaN;NaN;NaN;NaN;NaN;NaN;NaN;61
;ServiceLog;gsmart;1357000283240;01.01.2013 3:31:23;Raw;-1.494;4.568;9.289;NaN;NaN;NaN;NaN;NaN;NaN;NaN;NaN;NaN;NaN;NaN;NaN;NaN;NaN;NaN;62
;ServiceLog;gsmart;1357000284291;01.01.2013 3:31:24;Raw;-1.273;0.756;9.759;NaN;NaN;NaN;NaN;NaN;NaN;NaN;NaN;NaN;NaN;NaN;NaN;NaN;NaN;NaN;59
;ServiceLog;gsmart;1357000285343;01.01.2013 3:31:25;Raw;-0.172;1.197;10.065;NaN;NaN;NaN;NaN;NaN;NaN;NaN;NaN;NaN;NaN;NaN;NaN;NaN;NaN;NaN;67
;ServiceLog;gsmart;1357000286373;01.01.2013 3:31:26;Raw;-0.038;2.461;8.916;NaN;NaN;NaN;NaN;NaN;NaN;NaN;NaN;NaN;NaN;NaN;NaN;NaN;NaN;NaN;51
;ServiceLog;gsmart;1357000287416;01.01.2013 3:31:27;Raw;-1.149;2.03;10.084;NaN;NaN;NaN;NaN;NaN;NaN;NaN;NaN;NaN;NaN;NaN;NaN;NaN;NaN;NaN;62
;ServiceLog;gsmart;1357000288512;01.01.2013 3:31:28;Raw;-1.666;-0.086;7.824;NaN;NaN;NaN;NaN;NaN;NaN;NaN;NaN;NaN;NaN;NaN;NaN;NaN;NaN;NaN;52
;ServiceLog;gsmart;1357000289550;01.01.2013 3:31:29;Raw;-0.201;2.978;7.575;NaN;NaN;NaN;NaN;NaN;NaN;NaN;NaN;NaN;NaN;NaN;NaN;NaN;NaN;NaN;58
;ServiceLog;gsmart;1357000290582;01.01.2013 3:31:30;Raw;1.015;2.03;9.232;NaN;NaN;NaN;NaN;NaN;NaN;NaN;NaN;NaN;NaN;NaN;NaN;NaN;NaN;NaN;46
;ServiceLog;gsmart;1357000291620;01.01.2013 3:31:31;Raw;-0.057;3.074;9.28;NaN;NaN;NaN;NaN;NaN;NaN;NaN;NaN;NaN;NaN;NaN;NaN;NaN;NaN;NaN;49
;ServiceLog;gsmart;1357000292650;01.01.2013 3:31:32;Raw;0.498;2.758;9.069;NaN;NaN;NaN;NaN;NaN;NaN;NaN;NaN;NaN;NaN;NaN;NaN;NaN;NaN;NaN;39
;ServiceLog;gsmart;1357000293680;01.01.2013 3:31:33;Raw;0.536;2.355;9.031;NaN;NaN;NaN;NaN;NaN;NaN;NaN;NaN;NaN;NaN;NaN;NaN;NaN;NaN;NaN;44
;ServiceLog;gsmart;1357000294732;01.01.2013 3:31:34;Raw;0.517;2.48;9.05;NaN;NaN;NaN;NaN;NaN;NaN;NaN;NaN;NaN;NaN;NaN;NaN;NaN;NaN;NaN;71
;ServiceLog;gsmart;1357000295787;01.01.2013 3:31:35;Raw;0.392;2.518;9.27;NaN;NaN;NaN;NaN;NaN;NaN;NaN;NaN;NaN;NaN;NaN;NaN;NaN;NaN;NaN;42
;ServiceLog;gsmart;1357000296833;01.01.2013 3:31:36;Raw;1.446;3.62;8.399;NaN;NaN;NaN;NaN;NaN;NaN;NaN;NaN;NaN;NaN;NaN;NaN;NaN;NaN;NaN;49
;ServiceLog;gsmart;1357000297940;01.01.2013 3:31:37;Raw;1.254;3.486;8.696;NaN;NaN;NaN;NaN;NaN;NaN;NaN;NaN;NaN;NaN;NaN;NaN;NaN;NaN;NaN;41
;ServiceLog;gsmart;1357000298978;01.01.2013 3:31:38;Raw;1.245;3.61;8.638;NaN;NaN;NaN;NaN;NaN;NaN;NaN;NaN;NaN;NaN;NaN;NaN;NaN;NaN;NaN;69
;ServiceLog;gsmart;1357000300016;01.01.2013 3:31:40;Raw;1.187;3.304;8.667;NaN;NaN;NaN;NaN;NaN;NaN;NaN;NaN;NaN;NaN;NaN;NaN;NaN;NaN;NaN;85
;ServiceLog;gsmart;1357000301054;01.01.2013 3:31:41;Raw;1.417;3.332;8.791;NaN;NaN;NaN;NaN;NaN;NaN;NaN;NaN;NaN;NaN;NaN;NaN;NaN;NaN;NaN;54
;ServiceLog;gsmart;1357000302086;01.01.2013 3:31:42;Raw;1.637;3.093;8.609;NaN;NaN;NaN;NaN;NaN;NaN;NaN;NaN;NaN;NaN;NaN;NaN;NaN;NaN;NaN;85
;ServiceLog;gsmart;1357000303129;01.01.2013 3:31:43;Raw;1.474;3.17;8.897;NaN;NaN;NaN;NaN;NaN;NaN;NaN;NaN;NaN;NaN;NaN;NaN;NaN;NaN;NaN;73
;ServiceLog;gsmart;1357000304161;01.01.2013 3:31:44;Raw;1.513;3.016;8.696;NaN;NaN;NaN;NaN;NaN;NaN;NaN;NaN;NaN;NaN;NaN;NaN;NaN;NaN;NaN;83
;ServiceLog;gsmart;1357000305197;01.01.2013 3:31:45;Raw;1.733;2.806;9.117;NaN;NaN;NaN;NaN;NaN;NaN;NaN;NaN;NaN;NaN;NaN;NaN;NaN;NaN;NaN;84
;ServiceLog;gsmart;1357000306231;01.01.2013 3:31:46;Raw;0.89;2.566;8.887;NaN;NaN;NaN;NaN;NaN;NaN;NaN;NaN;NaN;NaN;NaN;NaN;NaN;NaN;NaN;80
;ServiceLog;gsmart;1357000307321;01.01.2013 3:31:47;Raw;1.034;2.442;9.107;NaN;NaN;NaN;NaN;NaN;NaN;NaN;NaN;NaN;NaN;NaN;NaN;NaN;NaN;NaN;47
;ServiceLog;gsmart;1357000308379;01.01.2013 3:31:48;Raw;1.005;2.451;9.452;NaN;NaN;NaN;NaN;NaN;NaN;NaN;NaN;NaN;NaN;NaN;NaN;NaN;NaN;NaN;59
;ServiceLog;gsmart;1357000309414;01.01.2013 3:31:49;Raw;1.637;2.001;8.303;NaN;NaN;NaN;NaN;NaN;NaN;NaN;NaN;NaN;NaN;NaN;NaN;NaN;NaN;NaN;65
;ServiceLog;gsmart;1357000310449;01.01.2013 3:31:50;Raw;1.771;2.413;9.232;NaN;NaN;NaN;NaN;NaN;NaN;NaN;NaN;NaN;NaN;NaN;NaN;NaN;NaN;NaN;54
;ServiceLog;gsmart;1357000311478;01.01.2013 3:31:51;Raw;2.298;2.154;8.82;NaN;NaN;NaN;NaN;NaN;NaN;NaN;NaN;NaN;NaN;NaN;NaN;NaN;NaN;NaN;61
;ServiceLog;gsmart;1357000312526;01.01.2013 3:31:52;Raw;2.595;2.03;8.868;NaN;NaN;NaN;NaN;NaN;NaN;NaN;NaN;NaN;NaN;NaN;NaN;NaN;NaN;NaN;64
;ServiceLog;gsmart;1357000313570;01.01.2013 3:31:53;Raw;3.093;1.762;8.801;NaN;NaN;NaN;NaN;NaN;NaN;NaN;NaN;NaN;NaN;NaN;NaN;NaN;NaN;NaN;61
;ServiceLog;gsmart;1357000314617;01.01.2013 3:31:54;Raw;2.068;2.317;9.797;NaN;NaN;NaN;NaN;NaN;NaN;NaN;NaN;NaN;NaN;NaN;NaN;NaN;NaN;NaN;67
;ServiceLog;gsmart;1357000315652;01.01.2013 3:31:55;Raw;1.762;2.451;10.486;NaN;NaN;NaN;NaN;NaN;NaN;NaN;NaN;NaN;NaN;NaN;NaN;NaN;NaN;NaN;63
;ServiceLog;gsmart;1357000316717;01.01.2013 3:31:56;Raw;2.959;2.164;9.538;NaN;NaN;NaN;NaN;NaN;NaN;NaN;NaN;NaN;NaN;NaN;NaN;NaN;NaN;NaN;64
;ServiceLog;gsmart;1357000317757;01.01.2013 3:31:57;Raw;2.394;2.317;9.194;NaN;NaN;NaN;NaN;NaN;NaN;NaN;NaN;NaN;NaN;NaN;NaN;NaN;NaN;NaN;71
;ServiceLog;gsmart;1357000318789;01.01.2013 3:31:58;Raw;2.882;2.193;9.136;NaN;NaN;NaN;NaN;NaN;NaN;NaN;NaN;NaN;NaN;NaN;NaN;NaN;NaN;NaN;78
;ServiceLog;gsmart;1357000319822;01.01.2013 3:31:59;Raw;2.183;2.193;8.906;NaN;NaN;NaN;NaN;NaN;NaN;NaN;NaN;NaN;NaN;NaN;NaN;NaN;NaN;NaN;76
;ServiceLog;gsmart;1357000320856;01.01.2013 3:32:00;Raw;2.308;1.982;9.117;NaN;NaN;NaN;NaN;NaN;NaN;NaN;NaN;NaN;NaN;NaN;NaN;NaN;NaN;NaN;70
;ServiceLog;gsmart;1357000321903;01.01.2013 3:32:01;Raw;2.126;1.867;8.696;NaN;NaN;NaN;NaN;NaN;NaN;NaN;NaN;NaN;NaN;NaN;NaN;NaN;NaN;NaN;75
;ServiceLog;gsmart;1357000322942;01.01.2013 3:32:02;Raw;2.001;1.484;9.385;NaN;NaN;NaN;NaN;NaN;NaN;NaN;NaN;NaN;NaN;NaN;NaN;NaN;NaN;NaN;80
;ServiceLog;gsmart;1357000323980;01.01.2013 3:32:03;Raw;2.26;2.164;8.494;NaN;NaN;NaN;NaN;NaN;NaN;NaN;NaN;NaN;NaN;NaN;NaN;NaN;NaN;NaN;83
;ServiceLog;gsmart;1357000325035;01.01.2013 3:32:05;Raw;2.585;2.02;9.347;NaN;NaN;NaN;NaN;NaN;NaN;NaN;NaN;NaN;NaN;NaN;NaN;NaN;NaN;NaN;80
;ServiceLog;gsmart;1357000326103;01.01.2013 3:32:06;Raw;1.848;2.346;8.945;NaN;NaN;NaN;NaN;NaN;NaN;NaN;NaN;NaN;NaN;NaN;NaN;NaN;NaN;NaN;75
;ServiceLog;gsmart;1357000327133;01.01.2013 3:32:07;Raw;1.647;2.212;9.136;NaN;NaN;NaN;NaN;NaN;NaN;NaN;NaN;NaN;NaN;NaN;NaN;NaN;NaN;NaN;74
;ServiceLog;gsmart;1357000328171;01.01.2013 3:32:08;Raw;1.359;2.863;9.299;NaN;NaN;NaN;NaN;NaN;NaN;NaN;NaN;NaN;NaN;NaN;NaN;NaN;NaN;NaN;74
;ServiceLog;gsmart;1357000329209;01.01.2013 3:32:09;Raw;1.982;2.633;8.868;NaN;NaN;NaN;NaN;NaN;NaN;NaN;NaN;NaN;NaN;NaN;NaN;NaN;NaN;NaN;74
;ServiceLog;gsmart;1357000330239;01.01.2013 3:32:10;Raw;1.12;2.202;9.49;NaN;NaN;NaN;NaN;NaN;NaN;NaN;NaN;NaN;NaN;NaN;NaN;NaN;NaN;NaN;75
;ServiceLog;gsmart;1357000331274;01.01.2013 3:32:11;Raw;1.321;1.771;9.174;NaN;NaN;NaN;NaN;NaN;NaN;NaN;NaN;NaN;NaN;NaN;NaN;NaN;NaN;NaN;78
;ServiceLog;gsmart;1357000332310;01.01.2013 3:32:12;Raw;0.095;2.327;8.791;NaN;NaN;NaN;NaN;NaN;NaN;NaN;NaN;NaN;NaN;NaN;NaN;NaN;NaN;NaN;77
;ServiceLog;gsmart;1357000333361;01.01.2013 3:32:13;Raw;0.737;1.896;9.031;NaN;NaN;NaN;NaN;NaN;NaN;NaN;NaN;NaN;NaN;NaN;NaN;NaN;NaN;NaN;81
;ServiceLog;gsmart;1357000334401;01.01.2013 3:32:14;Raw;0.105;2.145;9.759;NaN;NaN;NaN;NaN;NaN;NaN;NaN;NaN;NaN;NaN;NaN;NaN;NaN;NaN;NaN;80
;ServiceLog;gsmart;1357000335437;01.01.2013 3:32:15;Raw;1.417;1.283;9.644;NaN;NaN;NaN;NaN;NaN;NaN;NaN;NaN;NaN;NaN;NaN;NaN;NaN;NaN;NaN;81
;ServiceLog;gsmart;1357000336489;01.01.2013 3:32:16;Raw;0.919;1.398;9.012;NaN;NaN;NaN;NaN;NaN;NaN;NaN;NaN;NaN;NaN;NaN;NaN;NaN;NaN;NaN;82
;ServiceLog;gsmart;1357000337521;01.01.2013 3:32:17;Raw;0.612;1.292;10.467;NaN;NaN;NaN;NaN;NaN;NaN;NaN;NaN;NaN;NaN;NaN;NaN;NaN;NaN;NaN;80
;ServiceLog;gsmart;1357000338554;01.01.2013 3:32:18;Raw;0.057;1.407;9.04;NaN;NaN;NaN;NaN;NaN;NaN;NaN;NaN;NaN;NaN;NaN;NaN;NaN;NaN;NaN;81
;ServiceLog;gsmart;1357000339590;01.01.2013 3:32:19;Raw;-0.162;0.957;9.682;NaN;NaN;NaN;NaN;NaN;NaN;NaN;NaN;NaN;NaN;NaN;NaN;NaN;NaN;NaN;81
;ServiceLog;gsmart;1357000340625;01.01.2013 3:32:20;Raw;0.871;0.45;10.419;NaN;NaN;NaN;NaN;NaN;NaN;NaN;NaN;NaN;NaN;NaN;NaN;NaN;NaN;NaN;77
;ServiceLog;gsmart;1357000341658;01.01.2013 3:32:21;Raw;0.785;0.727;10.228;NaN;NaN;NaN;NaN;NaN;NaN;NaN;NaN;NaN;NaN;NaN;NaN;NaN;NaN;NaN;77
;ServiceLog;gsmart;1357000342682;01.01.2013 3:32:22;Raw;0.67;1.168;8.906;NaN;NaN;NaN;NaN;NaN;NaN;NaN;NaN;NaN;NaN;NaN;NaN;NaN;NaN;NaN;76
;ServiceLog;gsmart;1357000343715;01.01.2013 3:32:23;Raw;0.287;1.034;9.289;NaN;NaN;NaN;NaN;NaN;NaN;NaN;NaN;NaN;NaN;NaN;NaN;NaN;NaN;NaN;77
;ServiceLog;gsmart;1357000344790;01.01.2013 3:32:24;Raw;0.469;0.756;10.448;NaN;NaN;NaN;NaN;NaN;NaN;NaN;NaN;NaN;NaN;NaN;NaN;NaN;NaN;NaN;76
;ServiceLog;gsmart;1357000345863;01.01.2013 3:32:25;Raw;0.871;1.024;10.19;NaN;NaN;NaN;NaN;NaN;NaN;NaN;NaN;NaN;NaN;NaN;NaN;NaN;NaN;NaN;77
;ServiceLog;gsmart;1357000346901;01.01.2013 3:32:26;Raw;1.015;0.727;9.098;NaN;NaN;NaN;NaN;NaN;NaN;NaN;NaN;NaN;NaN;NaN;NaN;NaN;NaN;NaN;78
;ServiceLog;gsmart;1357000347933;01.01.2013 3:32:27;Raw;1.34;0.632;9.174;NaN;NaN;NaN;NaN;NaN;NaN;NaN;NaN;NaN;NaN;NaN;NaN;NaN;NaN;NaN;76
;ServiceLog;gsmart;1357000348976;01.01.2013 3:32:28;Raw;1.283;0.354;10.592;NaN;NaN;NaN;NaN;NaN;NaN;NaN;NaN;NaN;NaN;NaN;NaN;NaN;NaN;NaN;77
;ServiceLog;gsmart;1357000350006;01.01.2013 3:32:30;Raw;0.124;0.411;10.017;NaN;NaN;NaN;NaN;NaN;NaN;NaN;NaN;NaN;NaN;NaN;NaN;NaN;NaN;NaN;77
;ServiceLog;gsmart;1357000351033;01.01.2013 3:32:31;Raw;1.177;0.909;9.653;NaN;NaN;NaN;NaN;NaN;NaN;NaN;NaN;NaN;NaN;NaN;NaN;NaN;NaN;NaN;77
;ServiceLog;gsmart;1357000352097;01.01.2013 3:32:32;Raw;0.861;0.967;9.644;NaN;NaN;NaN;NaN;NaN;NaN;NaN;NaN;NaN;NaN;NaN;NaN;NaN;NaN;NaN;76
;ServiceLog;gsmart;1357000353148;01.01.2013 3:32:33;Raw;0.603;0.785;9.366;NaN;NaN;NaN;NaN;NaN;NaN;NaN;NaN;NaN;NaN;NaN;NaN;NaN;NaN;NaN;76
;ServiceLog;gsmart;1357000354178;01.01.2013 3:32:34;Raw;0.833;0.268;10.879;NaN;NaN;NaN;NaN;NaN;NaN;NaN;NaN;NaN;NaN;NaN;NaN;NaN;NaN;NaN;79
;ServiceLog;gsmart;1357000355214;01.01.2013 3:32:35;Raw;0.488;0.373;10.659;NaN;NaN;NaN;NaN;NaN;NaN;NaN;NaN;NaN;NaN;NaN;NaN;NaN;NaN;NaN;79
;ServiceLog;gsmart;1357000356251;01.01.2013 3:32:36;Raw;1.187;0.421;10.103;NaN;NaN;NaN;NaN;NaN;NaN;NaN;NaN;NaN;NaN;NaN;NaN;NaN;NaN;NaN;78
;ServiceLog;gsmart;1357000357278;01.01.2013 3:32:37;Raw;1.245;0.775;10.668;NaN;NaN;NaN;NaN;NaN;NaN;NaN;NaN;NaN;NaN;NaN;NaN;NaN;NaN;NaN;78
;ServiceLog;gsmart;1357000358335;01.01.2013 3:32:38;Raw;0.794;0.488;9.845;NaN;NaN;NaN;NaN;NaN;NaN;NaN;NaN;NaN;NaN;NaN;NaN;NaN;NaN;NaN;79
;ServiceLog;gsmart;1357000359369;01.01.2013 3:32:39;Raw;0.44;0.584;8.992;NaN;NaN;NaN;NaN;NaN;NaN;NaN;NaN;NaN;NaN;NaN;NaN;NaN;NaN;NaN;76
;ServiceLog;gsmart;1357000360392;01.01.2013 3:32:40;Raw;0.43;0.794;10.41;NaN;NaN;NaN;NaN;NaN;NaN;NaN;NaN;NaN;NaN;NaN;NaN;NaN;NaN;NaN;77
;ServiceLog;gsmart;1357000361436;01.01.2013 3:32:41;Raw;-0.21;0.478;9.931;NaN;NaN;NaN;NaN;NaN;NaN;NaN;NaN;NaN;NaN;NaN;NaN;NaN;NaN;NaN;78
;ServiceLog;gsmart;1357000362467;01.01.2013 3:32:42;Raw;0.296;0.909;9.701;NaN;NaN;NaN;NaN;NaN;NaN;NaN;NaN;NaN;NaN;NaN;NaN;NaN;NaN;NaN;78
;ServiceLog;gsmart;1357000363505;01.01.2013 3:32:43;Raw;0.612;0.909;9.098;NaN;NaN;NaN;NaN;NaN;NaN;NaN;NaN;NaN;NaN;NaN;NaN;NaN;NaN;NaN;77
;ServiceLog;gsmart;1357000364537;01.01.2013 3:32:44;Raw;0.66;0.794;9.232;NaN;NaN;NaN;NaN;NaN;NaN;NaN;NaN;NaN;NaN;NaN;NaN;NaN;NaN;NaN;76
;ServiceLog;gsmart;1357000365593;01.01.2013 3:32:45;Raw;1.034;0.852;9.816;NaN;NaN;NaN;NaN;NaN;NaN;NaN;NaN;NaN;NaN;NaN;NaN;NaN;NaN;NaN;80
;ServiceLog;gsmart;1357000366632;01.01.2013 3:32:46;Raw;0.737;0.526;8.954;NaN;NaN;NaN;NaN;NaN;NaN;NaN;NaN;NaN;NaN;NaN;NaN;NaN;NaN;NaN;80
;ServiceLog;gsmart;1357000367662;01.01.2013 3:32:47;Raw;0.909;0.095;9.778;NaN;NaN;NaN;NaN;NaN;NaN;NaN;NaN;NaN;NaN;NaN;NaN;NaN;NaN;NaN;79
;ServiceLog;gsmart;1357000368709;01.01.2013 3:32:48;Raw;1.676;0.383;10.084;NaN;NaN;NaN;NaN;NaN;NaN;NaN;NaN;NaN;NaN;NaN;NaN;NaN;NaN;NaN;78
;ServiceLog;gsmart;1357000369753;01.01.2013 3:32:49;Raw;0.287;0.823;8.992;NaN;NaN;NaN;NaN;NaN;NaN;NaN;NaN;NaN;NaN;NaN;NaN;NaN;NaN;NaN;79
;ServiceLog;gsmart;1357000370801;01.01.2013 3:32:50;Raw;1.139;0.287;10.343;NaN;NaN;NaN;NaN;NaN;NaN;NaN;NaN;NaN;NaN;NaN;NaN;NaN;NaN;NaN;80
;ServiceLog;gsmart;1357000371836;01.01.2013 3:32:51;Raw;0.43;0.67;8.935;NaN;NaN;NaN;NaN;NaN;NaN;NaN;NaN;NaN;NaN;NaN;NaN;NaN;NaN;NaN;78
;ServiceLog;gsmart;1357000372896;01.01.2013 3:32:52;Raw;0.545;0.938;9.165;NaN;NaN;NaN;NaN;NaN;NaN;NaN;NaN;NaN;NaN;NaN;NaN;NaN;NaN;NaN;82
;ServiceLog;gsmart;1357000373926;01.01.2013 3:32:53;Raw;1.072;0.996;9.395;NaN;NaN;NaN;NaN;NaN;NaN;NaN;NaN;NaN;NaN;NaN;NaN;NaN;NaN;NaN;82
;ServiceLog;gsmart;1357000374970;01.01.2013 3:32:54;Raw;0.325;1.015;9.107;NaN;NaN;NaN;NaN;NaN;NaN;NaN;NaN;NaN;NaN;NaN;NaN;NaN;NaN;NaN;79
;ServiceLog;gsmart;1357000376015;01.01.2013 3:32:56;Raw;0.21;0.881;9.136;NaN;NaN;NaN;NaN;NaN;NaN;NaN;NaN;NaN;NaN;NaN;NaN;NaN;NaN;NaN;80
;ServiceLog;gsmart;1357000377047;01.01.2013 3:32:57;Raw;0.909;1.005;10.295;NaN;NaN;NaN;NaN;NaN;NaN;NaN;NaN;NaN;NaN;NaN;NaN;NaN;NaN;NaN;80
;ServiceLog;gsmart;1357000378077;01.01.2013 3:32:58;Raw;0.258;0.871;9.529;NaN;NaN;NaN;NaN;NaN;NaN;NaN;NaN;NaN;NaN;NaN;NaN;NaN;NaN;NaN;79
;ServiceLog;gsmart;1357000379113;01.01.2013 3:32:59;Raw;0.641;1.12;9.356;NaN;NaN;NaN;NaN;NaN;NaN;NaN;NaN;NaN;NaN;NaN;NaN;NaN;NaN;NaN;79
;ServiceLog;gsmart;1357000380145;01.01.2013 3:33:00;Raw;1.082;0.871;11.483;NaN;NaN;NaN;NaN;NaN;NaN;NaN;NaN;NaN;NaN;NaN;NaN;NaN;NaN;NaN;79
;ServiceLog;gsmart;1357000381176;01.01.2013 3:33:01;Raw;-0.038;0.66;10.4;NaN;NaN;NaN;NaN;NaN;NaN;NaN;NaN;NaN;NaN;NaN;NaN;NaN;NaN;NaN;81
;ServiceLog;gsmart;1357000382277;01.01.2013 3:33:02;Raw;0.727;0.833;10.113;NaN;NaN;NaN;NaN;NaN;NaN;NaN;NaN;NaN;NaN;NaN;NaN;NaN;NaN;NaN;78
;ServiceLog;gsmart;1357000383310;01.01.2013 3:33:03;Raw;1.072;0.622;9.376;NaN;NaN;NaN;NaN;NaN;NaN;NaN;NaN;NaN;NaN;NaN;NaN;NaN;NaN;NaN;79
;ServiceLog;gsmart;1357000384350;01.01.2013 3:33:04;Raw;0.316;0.823;9.921;NaN;NaN;NaN;NaN;NaN;NaN;NaN;NaN;NaN;NaN;NaN;NaN;NaN;NaN;NaN;79
;ServiceLog;gsmart;1357000385386;01.01.2013 3:33:05;Raw;0.555;0.756;10.103;NaN;NaN;NaN;NaN;NaN;NaN;NaN;NaN;NaN;NaN;NaN;NaN;NaN;NaN;NaN;79
;ServiceLog;gsmart;1357000386429;01.01.2013 3:33:06;Raw;0.363;0.775;10.17;NaN;NaN;NaN;NaN;NaN;NaN;NaN;NaN;NaN;NaN;NaN;NaN;NaN;NaN;NaN;81
;ServiceLog;gsmart;1357000387471;01.01.2013 3:33:07;Raw;0.172;0.9;9.711;NaN;NaN;NaN;NaN;NaN;NaN;NaN;NaN;NaN;NaN;NaN;NaN;NaN;NaN;NaN;82
;ServiceLog;gsmart;1357000388500;01.01.2013 3:33:08;Raw;-0.028;1.082;8.427;NaN;NaN;NaN;NaN;NaN;NaN;NaN;NaN;NaN;NaN;NaN;NaN;NaN;NaN;NaN;83
;ServiceLog;gsmart;1357000389531;01.01.2013 3:33:09;Raw;0.488;1.13;9.759;NaN;NaN;NaN;NaN;NaN;NaN;NaN;NaN;NaN;NaN;NaN;NaN;NaN;NaN;NaN;85
;ServiceLog;gsmart;1357000390561;01.01.2013 3:33:10;Raw;0.89;0.632;10.237;NaN;NaN;NaN;NaN;NaN;NaN;NaN;NaN;NaN;NaN;NaN;NaN;NaN;NaN;NaN;82
;ServiceLog;gsmart;1357000391617;01.01.2013 3:33:11;Raw;0.756;0.909;8.897;NaN;NaN;NaN;NaN;NaN;NaN;NaN;NaN;NaN;NaN;NaN;NaN;NaN;NaN;NaN;83
;ServiceLog;gsmart;1357000392655;01.01.2013 3:33:12;Raw;0.45;1.005;9.184;NaN;NaN;NaN;NaN;NaN;NaN;NaN;NaN;NaN;NaN;NaN;NaN;NaN;NaN;NaN;83
;ServiceLog;gsmart;1357000393701;01.01.2013 3:33:13;Raw;-0.201;0.967;10.008;NaN;NaN;NaN;NaN;NaN;NaN;NaN;NaN;NaN;NaN;NaN;NaN;NaN;NaN;NaN;82
;ServiceLog;gsmart;1357000394735;01.01.2013 3:33:14;Raw;-0.057;1.177;8.226;NaN;NaN;NaN;NaN;NaN;NaN;NaN;NaN;NaN;NaN;NaN;NaN;NaN;NaN;NaN;86
;ServiceLog;gsmart;1357000395789;01.01.2013 3:33:15;Raw;-0.354;1.11;9.146;NaN;NaN;NaN;NaN;NaN;NaN;NaN;NaN;NaN;NaN;NaN;NaN;NaN;NaN;NaN;83
;ServiceLog;gsmart;1357000396856;01.01.2013 3:33:16;Raw;-0.249;1.091;9.347;NaN;NaN;NaN;NaN;NaN;NaN;NaN;NaN;NaN;NaN;NaN;NaN;NaN;NaN;NaN;85
;ServiceLog;gsmart;1357000397908;01.01.2013 3:33:17;Raw;-0.268;1.235;9.854;NaN;NaN;NaN;NaN;NaN;NaN;NaN;NaN;NaN;NaN;NaN;NaN;NaN;NaN;NaN;83
;ServiceLog;gsmart;1357000398941;01.01.2013 3:33:18;Raw;-0.43;1.11;10.017;NaN;NaN;NaN;NaN;NaN;NaN;NaN;NaN;NaN;NaN;NaN;NaN;NaN;NaN;NaN;87
;ServiceLog;gsmart;1357000399975;01.01.2013 3:33:19;Raw;-0.134;1.465;9.634;NaN;NaN;NaN;NaN;NaN;NaN;NaN;NaN;NaN;NaN;NaN;NaN;NaN;NaN;NaN;84
;ServiceLog;gsmart;1357000401026;01.01.2013 3:33:21;Raw;-0.057;0.871;9.5;NaN;NaN;NaN;NaN;NaN;NaN;NaN;NaN;NaN;NaN;NaN;NaN;NaN;NaN;NaN;87
;ServiceLog;gsmart;1357000402061;01.01.2013 3:33:22;Raw;-0.689;1.273;11.166;NaN;NaN;NaN;NaN;NaN;NaN;NaN;NaN;NaN;NaN;NaN;NaN;NaN;NaN;NaN;84
;ServiceLog;gsmart;1357000403100;01.01.2013 3:33:23;Raw;-0.038;1.79;8.609;NaN;NaN;NaN;NaN;NaN;NaN;NaN;NaN;NaN;NaN;NaN;NaN;NaN;NaN;NaN;86
;ServiceLog;gsmart;1357000404142;01.01.2013 3:33:24;Raw;-0.363;1.34;9.088;NaN;NaN;NaN;NaN;NaN;NaN;NaN;NaN;NaN;NaN;NaN;NaN;NaN;NaN;NaN;85
;ServiceLog;gsmart;1357000405186;01.01.2013 3:33:25;Raw;0.153;1.149;9.261;NaN;NaN;NaN;NaN;NaN;NaN;NaN;NaN;NaN;NaN;NaN;NaN;NaN;NaN;NaN;84
;ServiceLog;gsmart;1357000406261;01.01.2013 3:33:26;Raw;0.392;1.446;8.868;NaN;NaN;NaN;NaN;NaN;NaN;NaN;NaN;NaN;NaN;NaN;NaN;NaN;NaN;NaN;86
;ServiceLog;gsmart;1357000407316;01.01.2013 3:33:27;Raw;-0.287;1.513;9.443;NaN;NaN;NaN;NaN;NaN;NaN;NaN;NaN;NaN;NaN;NaN;NaN;NaN;NaN;NaN;84
;ServiceLog;gsmart;1357000408369;01.01.2013 3:33:28;Raw;-0.402;1.676;9.347;NaN;NaN;NaN;NaN;NaN;NaN;NaN;NaN;NaN;NaN;NaN;NaN;NaN;NaN;NaN;85
;ServiceLog;gsmart;1357000409404;01.01.2013 3:33:29;Raw;-0.105;1.656;9.797;NaN;NaN;NaN;NaN;NaN;NaN;NaN;NaN;NaN;NaN;NaN;NaN;NaN;NaN;NaN;86
;ServiceLog;gsmart;1357000410429;01.01.2013 3:33:30;Raw;-1.465;0.957;10.343;NaN;NaN;NaN;NaN;NaN;NaN;NaN;NaN;NaN;NaN;NaN;NaN;NaN;NaN;NaN;84
;ServiceLog;gsmart;1357000411476;01.01.2013 3:33:31;Raw;-1.819;1.934;10.18;NaN;NaN;NaN;NaN;NaN;NaN;NaN;NaN;NaN;NaN;NaN;NaN;NaN;NaN;NaN;85
;ServiceLog;gsmart;1357000412510;01.01.2013 3:33:32;Raw;-0.823;1.513;9.711;NaN;NaN;NaN;NaN;NaN;NaN;NaN;NaN;NaN;NaN;NaN;NaN;NaN;NaN;NaN;80
;ServiceLog;gsmart;1357000413540;01.01.2013 3:33:33;Raw;-1.292;1.57;10.075;NaN;NaN;NaN;NaN;NaN;NaN;NaN;NaN;NaN;NaN;NaN;NaN;NaN;NaN;NaN;79
;ServiceLog;gsmart;1357000414586;01.01.2013 3:33:34;Raw;-0.019;0.871;10.486;NaN;NaN;NaN;NaN;NaN;NaN;NaN;NaN;NaN;NaN;NaN;NaN;NaN;NaN;NaN;79
;ServiceLog;gsmart;1357000415631;01.01.2013 3:33:35;Raw;0.574;0.775;10.113;NaN;NaN;NaN;NaN;NaN;NaN;NaN;NaN;NaN;NaN;NaN;NaN;NaN;NaN;NaN;77
;ServiceLog;gsmart;1357000416672;01.01.2013 3:33:36;Raw;0.191;0.632;9.826;NaN;NaN;NaN;NaN;NaN;NaN;NaN;NaN;NaN;NaN;NaN;NaN;NaN;NaN;NaN;80
;ServiceLog;gsmart;1357000417730;01.01.2013 3:33:37;Raw;0.335;0.421;9.739;NaN;NaN;NaN;NaN;NaN;NaN;NaN;NaN;NaN;NaN;NaN;NaN;NaN;NaN;NaN;79
;ServiceLog;gsmart;1357000418789;01.01.2013 3:33:38;Raw;0.028;0.287;9.605;NaN;NaN;NaN;NaN;NaN;NaN;NaN;NaN;NaN;NaN;NaN;NaN;NaN;NaN;NaN;78
;ServiceLog;gsmart;1357000419853;01.01.2013 3:33:39;Raw;-0.067;0.641;9.941;NaN;NaN;NaN;NaN;NaN;NaN;NaN;NaN;NaN;NaN;NaN;NaN;NaN;NaN;NaN;81
;ServiceLog;gsmart;1357000420884;01.01.2013 3:33:40;Raw;0.354;0.804;10.132;NaN;NaN;NaN;NaN;NaN;NaN;NaN;NaN;NaN;NaN;NaN;NaN;NaN;NaN;NaN;74
;ServiceLog;gsmart;1357000421926;01.01.2013 3:33:41;Raw;0.43;0.584;9.835;NaN;NaN;NaN;NaN;NaN;NaN;NaN;NaN;NaN;NaN;NaN;NaN;NaN;NaN;NaN;68
;ServiceLog;gsmart;1357000422967;01.01.2013 3:33:42;Raw;0.277;0.727;9.73;NaN;NaN;NaN;NaN;NaN;NaN;NaN;NaN;NaN;NaN;NaN;NaN;NaN;NaN;NaN;62
;ServiceLog;gsmart;1357000423999;01.01.2013 3:33:43;Raw;-0.172;0.354;10.228;NaN;NaN;NaN;NaN;NaN;NaN;NaN;NaN;NaN;NaN;NaN;NaN;NaN;NaN;NaN;66
;ServiceLog;gsmart;1357000425053;01.01.2013 3:33:45;Raw;0.181;0.153;10.534;NaN;NaN;NaN;NaN;NaN;NaN;NaN;NaN;NaN;NaN;NaN;NaN;NaN;NaN;NaN;71
;ServiceLog;gsmart;1357000426088;01.01.2013 3:33:46;Raw;0.565;0.45;9.615;NaN;NaN;NaN;NaN;NaN;NaN;NaN;NaN;NaN;NaN;NaN;NaN;NaN;NaN;NaN;64
;ServiceLog;gsmart;1357000427128;01.01.2013 3:33:47;Raw;0.842;0.632;9.596;NaN;NaN;NaN;NaN;NaN;NaN;NaN;NaN;NaN;NaN;NaN;NaN;NaN;NaN;NaN;88
;ServiceLog;gsmart;1357000428173;01.01.2013 3:33:48;Raw;1.091;0.689;9.586;NaN;NaN;NaN;NaN;NaN;NaN;NaN;NaN;NaN;NaN;NaN;NaN;NaN;NaN;NaN;44
;ServiceLog;gsmart;1357000429532;01.01.2013 3:33:49;Raw;1.34;0.632;9.615;NaN;NaN;NaN;NaN;NaN;NaN;NaN;NaN;NaN;NaN;NaN;NaN;NaN;NaN;NaN;45
;ServiceLog;gsmart;1357000430585;01.01.2013 3:33:50;Raw;1.206;0.747;9.376;NaN;NaN;NaN;NaN;NaN;NaN;NaN;NaN;NaN;NaN;NaN;NaN;NaN;NaN;NaN;58
;ServiceLog;gsmart;1357000431628;01.01.2013 3:33:51;Raw;1.321;0.641;9.481;NaN;NaN;NaN;NaN;NaN;NaN;NaN;NaN;NaN;NaN;NaN;NaN;NaN;NaN;NaN;58
;ServiceLog;gsmart;1357000432674;01.01.2013 3:33:52;Raw;0.699;0.44;10.056;NaN;NaN;NaN;NaN;NaN;NaN;NaN;NaN;NaN;NaN;NaN;NaN;NaN;NaN;NaN;69
;ServiceLog;gsmart;1357000433713;01.01.2013 3:33:53;Raw;0.66;0.536;9.988;NaN;NaN;NaN;NaN;NaN;NaN;NaN;NaN;NaN;NaN;NaN;NaN;NaN;NaN;NaN;72
;ServiceLog;gsmart;1357000434766;01.01.2013 3:33:54;Raw;0.526;0.545;9.577;NaN;NaN;NaN;NaN;NaN;NaN;NaN;NaN;NaN;NaN;NaN;NaN;NaN;NaN;NaN;62
;ServiceLog;gsmart;1357000435797;01.01.2013 3:33:55;Raw;2.49;0.622;9.088;NaN;NaN;NaN;NaN;NaN;NaN;NaN;NaN;NaN;NaN;NaN;NaN;NaN;NaN;NaN;85
;ServiceLog;gsmart;1357000436827;01.01.2013 3:33:56;Raw;1.704;0.268;9.921;NaN;NaN;NaN;NaN;NaN;NaN;NaN;NaN;NaN;NaN;NaN;NaN;NaN;NaN;NaN;88
;ServiceLog;gsmart;1357000437860;01.01.2013 3:33:57;Raw;1.091;0.842;9.433;NaN;NaN;NaN;NaN;NaN;NaN;NaN;NaN;NaN;NaN;NaN;NaN;NaN;NaN;NaN;82
;ServiceLog;gsmart;1357000438910;01.01.2013 3:33:58;Raw;1.283;0.67;9.72;NaN;NaN;NaN;NaN;NaN;NaN;NaN;NaN;NaN;NaN;NaN;NaN;NaN;NaN;NaN;83
;ServiceLog;gsmart;1357000439935;01.01.2013 3:33:59;Raw;1.245;0.737;9.749;NaN;NaN;NaN;NaN;NaN;NaN;NaN;NaN;NaN;NaN;NaN;NaN;NaN;NaN;NaN;81
;ServiceLog;gsmart;1357000440972;01.01.2013 3:34:00;Raw;1.292;0.699;9.941;NaN;NaN;NaN;NaN;NaN;NaN;NaN;NaN;NaN;NaN;NaN;NaN;NaN;NaN;NaN;87
;ServiceLog;gsmart;1357000442006;01.01.2013 3:34:02;Raw;1.292;0.699;9.51;NaN;NaN;NaN;NaN;NaN;NaN;NaN;NaN;NaN;NaN;NaN;NaN;NaN;NaN;NaN;85
;ServiceLog;gsmart;1357000443045;01.01.2013 3:34:03;Raw;1.197;0.775;9.615;NaN;NaN;NaN;NaN;NaN;NaN;NaN;NaN;NaN;NaN;NaN;NaN;NaN;NaN;NaN;71
;ServiceLog;gsmart;1357000444087;01.01.2013 3:34:04;Raw;1.206;0.823;9.653;NaN;NaN;NaN;NaN;NaN;NaN;NaN;NaN;NaN;NaN;NaN;NaN;NaN;NaN;NaN;37
;ServiceLog;gsmart;1357000445150;01.01.2013 3:34:05;Raw;1.187;0.861;9.653;NaN;NaN;NaN;NaN;NaN;NaN;NaN;NaN;NaN;NaN;NaN;NaN;NaN;NaN;NaN;49
;ServiceLog;gsmart;1357000446207;01.01.2013 3:34:06;Raw;1.168;0.766;9.625;NaN;NaN;NaN;NaN;NaN;NaN;NaN;NaN;NaN;NaN;NaN;NaN;NaN;NaN;NaN;40
;ServiceLog;gsmart;1357000447235;01.01.2013 3:34:07;Raw;1.177;0.804;9.567;NaN;NaN;NaN;NaN;NaN;NaN;NaN;NaN;NaN;NaN;NaN;NaN;NaN;NaN;NaN;56
;ServiceLog;gsmart;1357000448273;01.01.2013 3:34:08;Raw;1.177;0.794;9.596;NaN;NaN;NaN;NaN;NaN;NaN;NaN;NaN;NaN;NaN;NaN;NaN;NaN;NaN;NaN;59
;ServiceLog;gsmart;1357000449309;01.01.2013 3:34:09;Raw;1.225;0.814;9.759;NaN;NaN;NaN;NaN;NaN;NaN;NaN;NaN;NaN;NaN;NaN;NaN;NaN;NaN;NaN;88
;ServiceLog;gsmart;1357000450347;01.01.2013 3:34:10;Raw;1.264;0.785;9.625;NaN;NaN;NaN;NaN;NaN;NaN;NaN;NaN;NaN;NaN;NaN;NaN;NaN;NaN;NaN;87
;ServiceLog;gsmart;1357000451375;01.01.2013 3:34:11;Raw;1.225;0.804;9.567;NaN;NaN;NaN;NaN;NaN;NaN;NaN;NaN;NaN;NaN;NaN;NaN;NaN;NaN;NaN;85
;ServiceLog;gsmart;1357000452412;01.01.2013 3:34:12;Raw;1.168;0.823;9.577;NaN;NaN;NaN;NaN;NaN;NaN;NaN;NaN;NaN;NaN;NaN;NaN;NaN;NaN;NaN;85
;ServiceLog;gsmart;1357000453450;01.01.2013 3:34:13;Raw;1.245;0.804;9.51;NaN;NaN;NaN;NaN;NaN;NaN;NaN;NaN;NaN;NaN;NaN;NaN;NaN;NaN;NaN;87
;ServiceLog;gsmart;1357000454488;01.01.2013 3:34:14;Raw;1.206;0.785;9.778;NaN;NaN;NaN;NaN;NaN;NaN;NaN;NaN;NaN;NaN;NaN;NaN;NaN;NaN;NaN;67
;ServiceLog;gsmart;1357000455525;01.01.2013 3:34:15;Raw;1.015;0.833;9.864;NaN;NaN;NaN;NaN;NaN;NaN;NaN;NaN;NaN;NaN;NaN;NaN;NaN;NaN;NaN;68
;ServiceLog;gsmart;1357000456558;01.01.2013 3:34:16;Raw;1.992;0.909;9.308;NaN;NaN;NaN;NaN;NaN;NaN;NaN;NaN;NaN;NaN;NaN;NaN;NaN;NaN;NaN;64
;ServiceLog;gsmart;1357000457599;01.01.2013 3:34:17;Raw;2.154;0.871;9.308;NaN;NaN;NaN;NaN;NaN;NaN;NaN;NaN;NaN;NaN;NaN;NaN;NaN;NaN;NaN;49
;ServiceLog;gsmart;1357000458627;01.01.2013 3:34:18;Raw;2.423;0.689;9.433;NaN;NaN;NaN;NaN;NaN;NaN;NaN;NaN;NaN;NaN;NaN;NaN;NaN;NaN;NaN;53
;ServiceLog;gsmart;1357000459679;01.01.2013 3:34:19;Raw;1.637;0.852;9.127;NaN;NaN;NaN;NaN;NaN;NaN;NaN;NaN;NaN;NaN;NaN;NaN;NaN;NaN;NaN;67
;ServiceLog;gsmart;1357000460713;01.01.2013 3:34:20;Raw;1.532;0.938;9.682;NaN;NaN;NaN;NaN;NaN;NaN;NaN;NaN;NaN;NaN;NaN;NaN;NaN;NaN;NaN;67
;ServiceLog;gsmart;1357000461738;01.01.2013 3:34:21;Raw;1.589;0.833;9.739;NaN;NaN;NaN;NaN;NaN;NaN;NaN;NaN;NaN;NaN;NaN;NaN;NaN;NaN;NaN;61
;ServiceLog;gsmart;1357000462792;01.01.2013 3:34:22;Raw;1.57;1.053;9.969;NaN;NaN;NaN;NaN;NaN;NaN;NaN;NaN;NaN;NaN;NaN;NaN;NaN;NaN;NaN;65
;ServiceLog;gsmart;1357000463833;01.01.2013 3:34:23;Raw;1.532;1.168;9.739;NaN;NaN;NaN;NaN;NaN;NaN;NaN;NaN;NaN;NaN;NaN;NaN;NaN;NaN;NaN;65
;ServiceLog;gsmart;1357000464864;01.01.2013 3:34:24;Raw;1.743;1.436;9.615;NaN;NaN;NaN;NaN;NaN;NaN;NaN;NaN;NaN;NaN;NaN;NaN;NaN;NaN;NaN;79
;ServiceLog;gsmart;1357000465908;01.01.2013 3:34:25;Raw;1.915;1.273;9.711;NaN;NaN;NaN;NaN;NaN;NaN;NaN;NaN;NaN;NaN;NaN;NaN;NaN;NaN;NaN;74
;ServiceLog;gsmart;1357000466937;01.01.2013 3:34:26;Raw;1.494;1.264;9.605;NaN;NaN;NaN;NaN;NaN;NaN;NaN;NaN;NaN;NaN;NaN;NaN;NaN;NaN;NaN;79
;ServiceLog;gsmart;1357000467975;01.01.2013 3:34:27;Raw;1.704;0.928;9.577;NaN;NaN;NaN;NaN;NaN;NaN;NaN;NaN;NaN;NaN;NaN;NaN;NaN;NaN;NaN;76
;ServiceLog;gsmart;1357000469014;01.01.2013 3:34:29;Raw;1.723;1.149;9.96;NaN;NaN;NaN;NaN;NaN;NaN;NaN;NaN;NaN;NaN;NaN;NaN;NaN;NaN;NaN;75
;ServiceLog;gsmart;1357000470042;01.01.2013 3:34:30;Raw;1.11;1.264;8.648;NaN;NaN;NaN;NaN;NaN;NaN;NaN;NaN;NaN;NaN;NaN;NaN;NaN;NaN;NaN;77
;ServiceLog;gsmart;1357000471084;01.01.2013 3:34:31;Raw;0.948;1.082;9.012;NaN;NaN;NaN;NaN;NaN;NaN;NaN;NaN;NaN;NaN;NaN;NaN;NaN;NaN;NaN;81
;ServiceLog;gsmart;1357000472130;01.01.2013 3:34:32;Raw;0.565;1.158;9.759;NaN;NaN;NaN;NaN;NaN;NaN;NaN;NaN;NaN;NaN;NaN;NaN;NaN;NaN;NaN;77
;ServiceLog;gsmart;1357000473165;01.01.2013 3:34:33;Raw;0.756;1.551;9.5;NaN;NaN;NaN;NaN;NaN;NaN;NaN;NaN;NaN;NaN;NaN;NaN;NaN;NaN;NaN;73
;ServiceLog;gsmart;1357000474220;01.01.2013 3:34:34;Raw;0.727;1.79;9.557;NaN;NaN;NaN;NaN;NaN;NaN;NaN;NaN;NaN;NaN;NaN;NaN;NaN;NaN;NaN;74
;ServiceLog;gsmart;1357000475271;01.01.2013 3:34:35;Raw;0.488;1.484;9.826;NaN;NaN;NaN;NaN;NaN;NaN;NaN;NaN;NaN;NaN;NaN;NaN;NaN;NaN;NaN;76
;ServiceLog;gsmart;1357000476302;01.01.2013 3:34:36;Raw;0.699;1.398;9.586;NaN;NaN;NaN;NaN;NaN;NaN;NaN;NaN;NaN;NaN;NaN;NaN;NaN;NaN;NaN;77
;ServiceLog;gsmart;1357000477411;01.01.2013 3:34:37;Raw;1.015;1.082;9.682;NaN;NaN;NaN;NaN;NaN;NaN;NaN;NaN;NaN;NaN;NaN;NaN;NaN;NaN;NaN;83
;ServiceLog;gsmart;1357000478451;01.01.2013 3:34:38;Raw;0.191;1.848;9.184;NaN;NaN;NaN;NaN;NaN;NaN;NaN;NaN;NaN;NaN;NaN;NaN;NaN;NaN;NaN;83
;ServiceLog;gsmart;1357000479511;01.01.2013 3:34:39;Raw;0.727;1.12;9.443;NaN;NaN;NaN;NaN;NaN;NaN;NaN;NaN;NaN;NaN;NaN;NaN;NaN;NaN;NaN;84
;ServiceLog;gsmart;1357000480551;01.01.2013 3:34:40;Raw;1.072;0.766;9.203;NaN;NaN;NaN;NaN;NaN;NaN;NaN;NaN;NaN;NaN;NaN;NaN;NaN;NaN;NaN;83
;ServiceLog;gsmart;1357000481592;01.01.2013 3:34:41;Raw;0.517;0.957;8.954;NaN;NaN;NaN;NaN;NaN;NaN;NaN;NaN;NaN;NaN;NaN;NaN;NaN;NaN;NaN;85
;ServiceLog;gsmart;1357000482653;01.01.2013 3:34:42;Raw;-0.076;1.446;10.314;NaN;NaN;NaN;NaN;NaN;NaN;NaN;NaN;NaN;NaN;NaN;NaN;NaN;NaN;NaN;83
;ServiceLog;gsmart;1357000483714;01.01.2013 3:34:43;Raw;0.804;0.373;9.548;NaN;NaN;NaN;NaN;NaN;NaN;NaN;NaN;NaN;NaN;NaN;NaN;NaN;NaN;NaN;83
;ServiceLog;gsmart;1357000484771;01.01.2013 3:34:44;Raw;0.201;0.507;9.921;NaN;NaN;NaN;NaN;NaN;NaN;NaN;NaN;NaN;NaN;NaN;NaN;NaN;NaN;NaN;80
;ServiceLog;gsmart;1357000485809;01.01.2013 3:34:45;Raw;0.268;0.861;10.295;NaN;NaN;NaN;NaN;NaN;NaN;NaN;NaN;NaN;NaN;NaN;NaN;NaN;NaN;NaN;79
;ServiceLog;gsmart;1357000486842;01.01.2013 3:34:46;Raw;-0.45;0.881;8.83;NaN;NaN;NaN;NaN;NaN;NaN;NaN;NaN;NaN;NaN;NaN;NaN;NaN;NaN;NaN;80
;ServiceLog;gsmart;1357000487874;01.01.2013 3:34:47;Raw;-0.641;1.11;9.318;NaN;NaN;NaN;NaN;NaN;NaN;NaN;NaN;NaN;NaN;NaN;NaN;NaN;NaN;NaN;81
;ServiceLog;gsmart;1357000488909;01.01.2013 3:34:48;Raw;0.756;0.632;9.529;NaN;NaN;NaN;NaN;NaN;NaN;NaN;NaN;NaN;NaN;NaN;NaN;NaN;NaN;NaN;83
;ServiceLog;gsmart;1357000489955;01.01.2013 3:34:49;Raw;1.379;1.13;9.845;NaN;NaN;NaN;NaN;NaN;NaN;NaN;NaN;NaN;NaN;NaN;NaN;NaN;NaN;NaN;82
;ServiceLog;gsmart;1357000490986;01.01.2013 3:34:50;Raw;0.411;1.264;8.839;NaN;NaN;NaN;NaN;NaN;NaN;NaN;NaN;NaN;NaN;NaN;NaN;NaN;NaN;NaN;82
;ServiceLog;gsmart;1357000492042;01.01.2013 3:34:52;Raw;1.101;0.948;12.038;NaN;NaN;NaN;NaN;NaN;NaN;NaN;NaN;NaN;NaN;NaN;NaN;NaN;NaN;NaN;83
;ServiceLog;gsmart;1357000493129;01.01.2013 3:34:53;Raw;-0.603;1.11;8.801;NaN;NaN;NaN;NaN;NaN;NaN;NaN;NaN;NaN;NaN;NaN;NaN;NaN;NaN;NaN;80
;ServiceLog;gsmart;1357000494183;01.01.2013 3:34:54;Raw;0.689;0.689;9.711;NaN;NaN;NaN;NaN;NaN;NaN;NaN;NaN;NaN;NaN;NaN;NaN;NaN;NaN;NaN;84
;ServiceLog;gsmart;1357000495229;01.01.2013 3:34:55;Raw;0.019;0.612;9.644;NaN;NaN;NaN;NaN;NaN;NaN;NaN;NaN;NaN;NaN;NaN;NaN;NaN;NaN;NaN;81
;ServiceLog;gsmart;1357000496265;01.01.2013 3:34:56;Raw;-0.593;1.034;9.069;NaN;NaN;NaN;NaN;NaN;NaN;NaN;NaN;NaN;NaN;NaN;NaN;NaN;NaN;NaN;80
;ServiceLog;gsmart;1357000497305;01.01.2013 3:34:57;Raw;-0.976;1.072;8.552;NaN;NaN;NaN;NaN;NaN;NaN;NaN;NaN;NaN;NaN;NaN;NaN;NaN;NaN;NaN;80
;ServiceLog;gsmart;1357000498342;01.01.2013 3:34:58;Raw;0.019;1.58;9.299;NaN;NaN;NaN;NaN;NaN;NaN;NaN;NaN;NaN;NaN;NaN;NaN;NaN;NaN;NaN;83
;ServiceLog;gsmart;1357000499377;01.01.2013 3:34:59;Raw;0.948;1.043;10.084;NaN;NaN;NaN;NaN;NaN;NaN;NaN;NaN;NaN;NaN;NaN;NaN;NaN;NaN;NaN;83
;ServiceLog;gsmart;1357000500415;01.01.2013 3:35:00;Raw;-0.057;0.928;11.55;NaN;NaN;NaN;NaN;NaN;NaN;NaN;NaN;NaN;NaN;NaN;NaN;NaN;NaN;NaN;83
;ServiceLog;gsmart;1357000501451;01.01.2013 3:35:01;Raw;0.191;1.407;10.448;NaN;NaN;NaN;NaN;NaN;NaN;NaN;NaN;NaN;NaN;NaN;NaN;NaN;NaN;NaN;83
;ServiceLog;gsmart;1357000502486;01.01.2013 3:35:02;Raw;0.421;0.986;10.084;NaN;NaN;NaN;NaN;NaN;NaN;NaN;NaN;NaN;NaN;NaN;NaN;NaN;NaN;NaN;82
;ServiceLog;gsmart;1357000503556;01.01.2013 3:35:03;Raw;-0.047;1.455;9.931;NaN;NaN;NaN;NaN;NaN;NaN;NaN;NaN;NaN;NaN;NaN;NaN;NaN;NaN;NaN;83
;ServiceLog;gsmart;1357000504610;01.01.2013 3:35:04;Raw;-0.296;1.647;8.552;NaN;NaN;NaN;NaN;NaN;NaN;NaN;NaN;NaN;NaN;NaN;NaN;NaN;NaN;NaN;82
;ServiceLog;gsmart;1357000505638;01.01.2013 3:35:05;Raw;0.842;1.005;10.515;NaN;NaN;NaN;NaN;NaN;NaN;NaN;NaN;NaN;NaN;NaN;NaN;NaN;NaN;NaN;81
;ServiceLog;gsmart;1357000506667;01.01.2013 3:35:06;Raw;0.325;1.58;8.475;NaN;NaN;NaN;NaN;NaN;NaN;NaN;NaN;NaN;NaN;NaN;NaN;NaN;NaN;NaN;81
;ServiceLog;gsmart;1357000507699;01.01.2013 3:35:07;Raw;0.392;1.676;8.169;NaN;NaN;NaN;NaN;NaN;NaN;NaN;NaN;NaN;NaN;NaN;NaN;NaN;NaN;NaN;81
;ServiceLog;gsmart;1357000508729;01.01.2013 3:35:08;Raw;0.842;1.379;8.906;NaN;NaN;NaN;NaN;NaN;NaN;NaN;NaN;NaN;NaN;NaN;NaN;NaN;NaN;NaN;82
;ServiceLog;gsmart;1357000509785;01.01.2013 3:35:09;Raw;-0.201;1.283;9.107;NaN;NaN;NaN;NaN;NaN;NaN;NaN;NaN;NaN;NaN;NaN;NaN;NaN;NaN;NaN;81
;ServiceLog;gsmart;1357000510851;01.01.2013 3:35:10;Raw;0.153;1.972;7.824;NaN;NaN;NaN;NaN;NaN;NaN;NaN;NaN;NaN;NaN;NaN;NaN;NaN;NaN;NaN;81
;ServiceLog;gsmart;1357000511875;01.01.2013 3:35:11;Raw;0.689;1.561;9.347;NaN;NaN;NaN;NaN;NaN;NaN;NaN;NaN;NaN;NaN;NaN;NaN;NaN;NaN;NaN;82
;ServiceLog;gsmart;1357000512908;01.01.2013 3:35:12;Raw;1.168;1.177;9.28;NaN;NaN;NaN;NaN;NaN;NaN;NaN;NaN;NaN;NaN;NaN;NaN;NaN;NaN;NaN;81
;ServiceLog;gsmart;1357000513931;01.01.2013 3:35:13;Raw;0.842;2.039;8.418;NaN;NaN;NaN;NaN;NaN;NaN;NaN;NaN;NaN;NaN;NaN;NaN;NaN;NaN;NaN;86
;ServiceLog;gsmart;1357000514973;01.01.2013 3:35:14;Raw;-0.095;1.551;9.51;NaN;NaN;NaN;NaN;NaN;NaN;NaN;NaN;NaN;NaN;NaN;NaN;NaN;NaN;NaN;80
;ServiceLog;gsmart;1357000516010;01.01.2013 3:35:16;Raw;0.833;1.474;7.939;NaN;NaN;NaN;NaN;NaN;NaN;NaN;NaN;NaN;NaN;NaN;NaN;NaN;NaN;NaN;82
;ServiceLog;gsmart;1357000517051;01.01.2013 3:35:17;Raw;-0.498;1.819;7.527;NaN;NaN;NaN;NaN;NaN;NaN;NaN;NaN;NaN;NaN;NaN;NaN;NaN;NaN;NaN;81
;ServiceLog;gsmart;1357000518086;01.01.2013 3:35:18;Raw;1.426;0.9;8.753;NaN;NaN;NaN;NaN;NaN;NaN;NaN;NaN;NaN;NaN;NaN;NaN;NaN;NaN;NaN;82
;ServiceLog;gsmart;1357000519121;01.01.2013 3:35:19;Raw;-0.105;1.321;10.056;NaN;NaN;NaN;NaN;NaN;NaN;NaN;NaN;NaN;NaN;NaN;NaN;NaN;NaN;NaN;80
;ServiceLog;gsmart;1357000520150;01.01.2013 3:35:20;Raw;0.555;1.513;10.592;NaN;NaN;NaN;NaN;NaN;NaN;NaN;NaN;NaN;NaN;NaN;NaN;NaN;NaN;NaN;82
;ServiceLog;gsmart;1357000521172;01.01.2013 3:35:21;Raw;0.258;1.091;9.931;NaN;NaN;NaN;NaN;NaN;NaN;NaN;NaN;NaN;NaN;NaN;NaN;NaN;NaN;NaN;80
;ServiceLog;gsmart;1357000522230;01.01.2013 3:35:22;Raw;0.66;1.197;8.456;NaN;NaN;NaN;NaN;NaN;NaN;NaN;NaN;NaN;NaN;NaN;NaN;NaN;NaN;NaN;78
;ServiceLog;gsmart;1357000523265;01.01.2013 3:35:23;Raw;0.287;1.608;9.404;NaN;NaN;NaN;NaN;NaN;NaN;NaN;NaN;NaN;NaN;NaN;NaN;NaN;NaN;NaN;78
;ServiceLog;gsmart;1357000524301;01.01.2013 3:35:24;Raw;1.398;0.9;10.17;NaN;NaN;NaN;NaN;NaN;NaN;NaN;NaN;NaN;NaN;NaN;NaN;NaN;NaN;NaN;80
;ServiceLog;gsmart;1357000525354;01.01.2013 3:35:25;Raw;0.21;1.015;9.663;NaN;NaN;NaN;NaN;NaN;NaN;NaN;NaN;NaN;NaN;NaN;NaN;NaN;NaN;NaN;81
;ServiceLog;gsmart;1357000526382;01.01.2013 3:35:26;Raw;0.134;1.752;9.931;NaN;NaN;NaN;NaN;NaN;NaN;NaN;NaN;NaN;NaN;NaN;NaN;NaN;NaN;NaN;82
;ServiceLog;gsmart;1357000527415;01.01.2013 3:35:27;Raw;-0.517;1.925;11.186;NaN;NaN;NaN;NaN;NaN;NaN;NaN;NaN;NaN;NaN;NaN;NaN;NaN;NaN;NaN;82
;ServiceLog;gsmart;1357000528454;01.01.2013 3:35:28;Raw;0.526;1.082;11.233;NaN;NaN;NaN;NaN;NaN;NaN;NaN;NaN;NaN;NaN;NaN;NaN;NaN;NaN;NaN;81
;ServiceLog;gsmart;1357000529502;01.01.2013 3:35:29;Raw;1.158;0.9;10.496;NaN;NaN;NaN;NaN;NaN;NaN;NaN;NaN;NaN;NaN;NaN;NaN;NaN;NaN;NaN;80
;ServiceLog;gsmart;1357000530548;01.01.2013 3:35:30;Raw;0.268;1.11;8.82;NaN;NaN;NaN;NaN;NaN;NaN;NaN;NaN;NaN;NaN;NaN;NaN;NaN;NaN;NaN;83
;ServiceLog;gsmart;1357000531627;01.01.2013 3:35:31;Raw;0.708;1.494;8.044;NaN;NaN;NaN;NaN;NaN;NaN;NaN;NaN;NaN;NaN;NaN;NaN;NaN;NaN;NaN;80
;ServiceLog;gsmart;1357000532732;01.01.2013 3:35:32;Raw;0.335;1.216;10.889;NaN;NaN;NaN;NaN;NaN;NaN;NaN;NaN;NaN;NaN;NaN;NaN;NaN;NaN;NaN;79
;ServiceLog;gsmart;1357000533768;01.01.2013 3:35:33;Raw;0.277;0.747;9.318;NaN;NaN;NaN;NaN;NaN;NaN;NaN;NaN;NaN;NaN;NaN;NaN;NaN;NaN;NaN;80
;ServiceLog;gsmart;1357000534799;01.01.2013 3:35:34;Raw;0.545;0.612;8.427;NaN;NaN;NaN;NaN;NaN;NaN;NaN;NaN;NaN;NaN;NaN;NaN;NaN;NaN;NaN;82
;ServiceLog;gsmart;1357000535828;01.01.2013 3:35:35;Raw;0.507;1.312;9.768;NaN;NaN;NaN;NaN;NaN;NaN;NaN;NaN;NaN;NaN;NaN;NaN;NaN;NaN;NaN;81
;ServiceLog;gsmart;1357000536875;01.01.2013 3:35:36;Raw;0.067;0.928;10.534;NaN;NaN;NaN;NaN;NaN;NaN;NaN;NaN;NaN;NaN;NaN;NaN;NaN;NaN;NaN;80
;ServiceLog;gsmart;1357000537910;01.01.2013 3:35:37;Raw;-0.574;1.417;9.835;NaN;NaN;NaN;NaN;NaN;NaN;NaN;NaN;NaN;NaN;NaN;NaN;NaN;NaN;NaN;81
;ServiceLog;gsmart;1357000538938;01.01.2013 3:35:38;Raw;0.402;1.063;10.803;NaN;NaN;NaN;NaN;NaN;NaN;NaN;NaN;NaN;NaN;NaN;NaN;NaN;NaN;NaN;80
;ServiceLog;gsmart;1357000539983;01.01.2013 3:35:39;Raw;1.13;1.024;9.203;NaN;NaN;NaN;NaN;NaN;NaN;NaN;NaN;NaN;NaN;NaN;NaN;NaN;NaN;NaN;80
;ServiceLog;gsmart;1357000541014;01.01.2013 3:35:41;Raw;0.593;1.139;9.318;NaN;NaN;NaN;NaN;NaN;NaN;NaN;NaN;NaN;NaN;NaN;NaN;NaN;NaN;NaN;80
;ServiceLog;gsmart;1357000542038;01.01.2013 3:35:42;Raw;0.603;0.861;9.28;NaN;NaN;NaN;NaN;NaN;NaN;NaN;NaN;NaN;NaN;NaN;NaN;NaN;NaN;NaN;77
;ServiceLog;gsmart;1357000543076;01.01.2013 3:35:43;Raw;0.153;0.996;9.921;NaN;NaN;NaN;NaN;NaN;NaN;NaN;NaN;NaN;NaN;NaN;NaN;NaN;NaN;NaN;80
;ServiceLog;gsmart;1357000544126;01.01.2013 3:35:44;Raw;0.153;1.388;9.194;NaN;NaN;NaN;NaN;NaN;NaN;NaN;NaN;NaN;NaN;NaN;NaN;NaN;NaN;NaN;79
;ServiceLog;gsmart;1357000545154;01.01.2013 3:35:45;Raw;0.641;1.225;8.255;NaN;NaN;NaN;NaN;NaN;NaN;NaN;NaN;NaN;NaN;NaN;NaN;NaN;NaN;NaN;81
;ServiceLog;gsmart;1357000546192;01.01.2013 3:35:46;Raw;0.488;1.005;9.969;NaN;NaN;NaN;NaN;NaN;NaN;NaN;NaN;NaN;NaN;NaN;NaN;NaN;NaN;NaN;78
;ServiceLog;gsmart;1357000547230;01.01.2013 3:35:47;Raw;0.498;1.072;8.81;NaN;NaN;NaN;NaN;NaN;NaN;NaN;NaN;NaN;NaN;NaN;NaN;NaN;NaN;NaN;78
;ServiceLog;gsmart;1357000548280;01.01.2013 3:35:48;Raw;0.861;1.245;9.27;NaN;NaN;NaN;NaN;NaN;NaN;NaN;NaN;NaN;NaN;NaN;NaN;NaN;NaN;NaN;79
;ServiceLog;gsmart;1357000549316;01.01.2013 3:35:49;Raw;0.718;1.685;8.265;NaN;NaN;NaN;NaN;NaN;NaN;NaN;NaN;NaN;NaN;NaN;NaN;NaN;NaN;NaN;75
;ServiceLog;gsmart;1357000550348;01.01.2013 3:35:50;Raw;-0.181;1.972;9.414;NaN;NaN;NaN;NaN;NaN;NaN;NaN;NaN;NaN;NaN;NaN;NaN;NaN;NaN;NaN;76
;ServiceLog;gsmart;1357000551382;01.01.2013 3:35:51;Raw;0.134;1.752;8.839;NaN;NaN;NaN;NaN;NaN;NaN;NaN;NaN;NaN;NaN;NaN;NaN;NaN;NaN;NaN;78
;ServiceLog;gsmart;1357000552414;01.01.2013 3:35:52;Raw;0.45;1.676;9.395;NaN;NaN;NaN;NaN;NaN;NaN;NaN;NaN;NaN;NaN;NaN;NaN;NaN;NaN;NaN;76
;ServiceLog;gsmart;1357000553450;01.01.2013 3:35:53;Raw;0.181;1.762;8.514;NaN;NaN;NaN;NaN;NaN;NaN;NaN;NaN;NaN;NaN;NaN;NaN;NaN;NaN;NaN;76
;ServiceLog;gsmart;1357000554479;01.01.2013 3:35:54;Raw;0.172;1.944;8.945;NaN;NaN;NaN;NaN;NaN;NaN;NaN;NaN;NaN;NaN;NaN;NaN;NaN;NaN;NaN;75
;ServiceLog;gsmart;1357000555521;01.01.2013 3:35:55;Raw;-0.162;1.877;9.826;NaN;NaN;NaN;NaN;NaN;NaN;NaN;NaN;NaN;NaN;NaN;NaN;NaN;NaN;NaN;74
;ServiceLog;gsmart;1357000556567;01.01.2013 3:35:56;Raw;0.603;1.848;9.337;NaN;NaN;NaN;NaN;NaN;NaN;NaN;NaN;NaN;NaN;NaN;NaN;NaN;NaN;NaN;74
;ServiceLog;gsmart;1357000557593;01.01.2013 3:35:57;Raw;0.593;2.011;9.059;NaN;NaN;NaN;NaN;NaN;NaN;NaN;NaN;NaN;NaN;NaN;NaN;NaN;NaN;NaN;75
;ServiceLog;gsmart;1357000558637;01.01.2013 3:35:58;Raw;0.689;1.417;9.979;NaN;NaN;NaN;NaN;NaN;NaN;NaN;NaN;NaN;NaN;NaN;NaN;NaN;NaN;NaN;76
;ServiceLog;gsmart;1357000559674;01.01.2013 3:35:59;Raw;0.22;1.522;9.816;NaN;NaN;NaN;NaN;NaN;NaN;NaN;NaN;NaN;NaN;NaN;NaN;NaN;NaN;NaN;78
;ServiceLog;gsmart;1357000560708;01.01.2013 3:36:00;Raw;0.22;1.149;9.366;NaN;NaN;NaN;NaN;NaN;NaN;NaN;NaN;NaN;NaN;NaN;NaN;NaN;NaN;NaN;80
;ServiceLog;gsmart;1357000561738;01.01.2013 3:36:01;Raw;0.019;1.177;10.649;NaN;NaN;NaN;NaN;NaN;NaN;NaN;NaN;NaN;NaN;NaN;NaN;NaN;NaN;NaN;76
;ServiceLog;gsmart;1357000562791;01.01.2013 3:36:02;Raw;-0.296;1.063;9.51;NaN;NaN;NaN;NaN;NaN;NaN;NaN;NaN;NaN;NaN;NaN;NaN;NaN;NaN;NaN;70
;ServiceLog;gsmart;1357000563826;01.01.2013 3:36:03;Raw;0.584;0.814;9.96;NaN;NaN;NaN;NaN;NaN;NaN;NaN;NaN;NaN;NaN;NaN;NaN;NaN;NaN;NaN;68
;ServiceLog;gsmart;1357000564860;01.01.2013 3:36:04;Raw;1.225;1.177;8.753;NaN;NaN;NaN;NaN;NaN;NaN;NaN;NaN;NaN;NaN;NaN;NaN;NaN;NaN;NaN;69
;ServiceLog;gsmart;1357000565904;01.01.2013 3:36:05;Raw;0.459;1.379;10.582;NaN;NaN;NaN;NaN;NaN;NaN;NaN;NaN;NaN;NaN;NaN;NaN;NaN;NaN;NaN;63
;ServiceLog;gsmart;1357000566942;01.01.2013 3:36:06;Raw;0.181;1.35;9.462;NaN;NaN;NaN;NaN;NaN;NaN;NaN;NaN;NaN;NaN;NaN;NaN;NaN;NaN;NaN;65
;ServiceLog;gsmart;1357000567982;01.01.2013 3:36:07;Raw;0.095;1.417;9.443;NaN;NaN;NaN;NaN;NaN;NaN;NaN;NaN;NaN;NaN;NaN;NaN;NaN;NaN;NaN;59
;ServiceLog;gsmart;1357000569015;01.01.2013 3:36:09;Raw;0.996;0.593;9.893;NaN;NaN;NaN;NaN;NaN;NaN;NaN;NaN;NaN;NaN;NaN;NaN;NaN;NaN;NaN;63
;ServiceLog;gsmart;1357000570051;01.01.2013 3:36:10;Raw;0.593;0.584;10.036;NaN;NaN;NaN;NaN;NaN;NaN;NaN;NaN;NaN;NaN;NaN;NaN;NaN;NaN;NaN;64
;ServiceLog;gsmart;1357000571115;01.01.2013 3:36:11;Raw;0.124;0.804;10.352;NaN;NaN;NaN;NaN;NaN;NaN;NaN;NaN;NaN;NaN;NaN;NaN;NaN;NaN;NaN;80
;ServiceLog;gsmart;1357000572152;01.01.2013 3:36:12;Raw;0.861;0.411;10.372;NaN;NaN;NaN;NaN;NaN;NaN;NaN;NaN;NaN;NaN;NaN;NaN;NaN;NaN;NaN;81
;ServiceLog;gsmart;1357000573188;01.01.2013 3:36:13;Raw;0.689;0.756;9.625;NaN;NaN;NaN;NaN;NaN;NaN;NaN;NaN;NaN;NaN;NaN;NaN;NaN;NaN;NaN;78
;ServiceLog;gsmart;1357000574220;01.01.2013 3:36:14;Raw;1.091;0.804;9.768;NaN;NaN;NaN;NaN;NaN;NaN;NaN;NaN;NaN;NaN;NaN;NaN;NaN;NaN;NaN;79
;ServiceLog;gsmart;1357000575249;01.01.2013 3:36:15;Raw;1.216;0.622;9.73;NaN;NaN;NaN;NaN;NaN;NaN;NaN;NaN;NaN;NaN;NaN;NaN;NaN;NaN;NaN;78
;ServiceLog;gsmart;1357000576285;01.01.2013 3:36:16;Raw;1.005;0.842;9.95;NaN;NaN;NaN;NaN;NaN;NaN;NaN;NaN;NaN;NaN;NaN;NaN;NaN;NaN;NaN;75
;ServiceLog;gsmart;1357000577347;01.01.2013 3:36:17;Raw;1.273;0.718;9.596;NaN;NaN;NaN;NaN;NaN;NaN;NaN;NaN;NaN;NaN;NaN;NaN;NaN;NaN;NaN;72
;ServiceLog;gsmart;1357000578392;01.01.2013 3:36:18;Raw;0.679;0.775;9.615;NaN;NaN;NaN;NaN;NaN;NaN;NaN;NaN;NaN;NaN;NaN;NaN;NaN;NaN;NaN;73
;ServiceLog;gsmart;1357000579433;01.01.2013 3:36:19;Raw;0.756;0.718;9.816;NaN;NaN;NaN;NaN;NaN;NaN;NaN;NaN;NaN;NaN;NaN;NaN;NaN;NaN;NaN;75
;ServiceLog;gsmart;1357000580468;01.01.2013 3:36:20;Raw;-0.622;0.938;9.864;NaN;NaN;NaN;NaN;NaN;NaN;NaN;NaN;NaN;NaN;NaN;NaN;NaN;NaN;NaN;71
;ServiceLog;gsmart;1357000581500;01.01.2013 3:36:21;Raw;-0.402;1.072;9.433;NaN;NaN;NaN;NaN;NaN;NaN;NaN;NaN;NaN;NaN;NaN;NaN;NaN;NaN;NaN;64
;ServiceLog;gsmart;1357000582554;01.01.2013 3:36:22;Raw;-0.296;1.072;9.366;NaN;NaN;NaN;NaN;NaN;NaN;NaN;NaN;NaN;NaN;NaN;NaN;NaN;NaN;NaN;69
;ServiceLog;gsmart;1357000583588;01.01.2013 3:36:23;Raw;-0.574;1.082;9.5;NaN;NaN;NaN;NaN;NaN;NaN;NaN;NaN;NaN;NaN;NaN;NaN;NaN;NaN;NaN;67
;ServiceLog;gsmart;1357000584634;01.01.2013 3:36:24;Raw;0.517;1.005;9.136;NaN;NaN;NaN;NaN;NaN;NaN;NaN;NaN;NaN;NaN;NaN;NaN;NaN;NaN;NaN;90
;ServiceLog;gsmart;1357000585676;01.01.2013 3:36:25;Raw;0.162;0.833;9.874;NaN;NaN;NaN;NaN;NaN;NaN;NaN;NaN;NaN;NaN;NaN;NaN;NaN;NaN;NaN;67
;ServiceLog;gsmart;1357000586709;01.01.2013 3:36:26;Raw;0.43;0.708;9.835;NaN;NaN;NaN;NaN;NaN;NaN;NaN;NaN;NaN;NaN;NaN;NaN;NaN;NaN;NaN;64
;ServiceLog;gsmart;1357000587743;01.01.2013 3:36:27;Raw;-0.249;1.015;9.49;NaN;NaN;NaN;NaN;NaN;NaN;NaN;NaN;NaN;NaN;NaN;NaN;NaN;NaN;NaN;61
;ServiceLog;gsmart;1357000588807;01.01.2013 3:36:28;Raw;1.752;0.469;10.506;NaN;NaN;NaN;NaN;NaN;NaN;NaN;NaN;NaN;NaN;NaN;NaN;NaN;NaN;NaN;67
;ServiceLog;gsmart;1357000589854;01.01.2013 3:36:29;Raw;0.727;0.718;10.19;NaN;NaN;NaN;NaN;NaN;NaN;NaN;NaN;NaN;NaN;NaN;NaN;NaN;NaN;NaN;67
;ServiceLog;gsmart;1357000590932;01.01.2013 3:36:30;Raw;1.063;0.804;9.376;NaN;NaN;NaN;NaN;NaN;NaN;NaN;NaN;NaN;NaN;NaN;NaN;NaN;NaN;NaN;56
;ServiceLog;gsmart;1357000591966;01.01.2013 3:36:31;Raw;0.526;0.957;8.992;NaN;NaN;NaN;NaN;NaN;NaN;NaN;NaN;NaN;NaN;NaN;NaN;NaN;NaN;NaN;55
;ServiceLog;gsmart;1357000593000;01.01.2013 3:36:33;Raw;0.814;0.919;9.96;NaN;NaN;NaN;NaN;NaN;NaN;NaN;NaN;NaN;NaN;NaN;NaN;NaN;NaN;NaN;87
;ServiceLog;gsmart;1357000594029;01.01.2013 3:36:34;Raw;0.086;0.775;9.653;NaN;NaN;NaN;NaN;NaN;NaN;NaN;NaN;NaN;NaN;NaN;NaN;NaN;NaN;NaN;85
;ServiceLog;gsmart;1357000595076;01.01.2013 3:36:35;Raw;0.363;0.708;9.366;NaN;NaN;NaN;NaN;NaN;NaN;NaN;NaN;NaN;NaN;NaN;NaN;NaN;NaN;NaN;83
;ServiceLog;gsmart;1357000596139;01.01.2013 3:36:36;Raw;0.392;0.574;9.883;NaN;NaN;NaN;NaN;NaN;NaN;NaN;NaN;NaN;NaN;NaN;NaN;NaN;NaN;NaN;59
;ServiceLog;gsmart;1357000597213;01.01.2013 3:36:37;Raw;0.373;0.699;9.672;NaN;NaN;NaN;NaN;NaN;NaN;NaN;NaN;NaN;NaN;NaN;NaN;NaN;NaN;NaN;53
;ServiceLog;gsmart;1357000598261;01.01.2013 3:36:38;Raw;0.469;0.651;9.912;NaN;NaN;NaN;NaN;NaN;NaN;NaN;NaN;NaN;NaN;NaN;NaN;NaN;NaN;NaN;45
;ServiceLog;gsmart;1357000599297;01.01.2013 3:36:39;Raw;0.45;0.632;9.615;NaN;NaN;NaN;NaN;NaN;NaN;NaN;NaN;NaN;NaN;NaN;NaN;NaN;NaN;NaN;36
;ServiceLog;gsmart;1357000600330;01.01.2013 3:36:40;Raw;0.469;1.034;9.759;NaN;NaN;NaN;NaN;NaN;NaN;NaN;NaN;NaN;NaN;NaN;NaN;NaN;NaN;NaN;39
;ServiceLog;gsmart;1357000601376;01.01.2013 3:36:41;Raw;0.354;0.938;9.692;NaN;NaN;NaN;NaN;NaN;NaN;NaN;NaN;NaN;NaN;NaN;NaN;NaN;NaN;NaN;46
;ServiceLog;gsmart;1357000602416;01.01.2013 3:36:42;Raw;0.459;0.766;9.73;NaN;NaN;NaN;NaN;NaN;NaN;NaN;NaN;NaN;NaN;NaN;NaN;NaN;NaN;NaN;39
;ServiceLog;gsmart;1357000603452;01.01.2013 3:36:43;Raw;0.325;0.823;9.845;NaN;NaN;NaN;NaN;NaN;NaN;NaN;NaN;NaN;NaN;NaN;NaN;NaN;NaN;NaN;38
;ServiceLog;gsmart;1357000604504;01.01.2013 3:36:44;Raw;0.306;0.794;9.807;NaN;NaN;NaN;NaN;NaN;NaN;NaN;NaN;NaN;NaN;NaN;NaN;NaN;NaN;NaN;61
;ServiceLog;gsmart;1357000605542;01.01.2013 3:36:45;Raw;0.277;0.794;9.567;NaN;NaN;NaN;NaN;NaN;NaN;NaN;NaN;NaN;NaN;NaN;NaN;NaN;NaN;NaN;89
;ServiceLog;gsmart;1357000606582;01.01.2013 3:36:46;Raw;0.239;0.871;9.941;NaN;NaN;NaN;NaN;NaN;NaN;NaN;NaN;NaN;NaN;NaN;NaN;NaN;NaN;NaN;86
;ServiceLog;gsmart;1357000607641;01.01.2013 3:36:47;Raw;0.565;0.612;10.218;NaN;NaN;NaN;NaN;NaN;NaN;NaN;NaN;NaN;NaN;NaN;NaN;NaN;NaN;NaN;84
;ServiceLog;gsmart;1357000608693;01.01.2013 3:36:48;Raw;-0.574;1.216;9.376;NaN;NaN;NaN;NaN;NaN;NaN;NaN;NaN;NaN;NaN;NaN;NaN;NaN;NaN;NaN;86
;ServiceLog;gsmart;1357000609738;01.01.2013 3:36:49;Raw;-0.756;1.197;9.462;NaN;NaN;NaN;NaN;NaN;NaN;NaN;NaN;NaN;NaN;NaN;NaN;NaN;NaN;NaN;84
;ServiceLog;gsmart;1357000610801;01.01.2013 3:36:50;Raw;-0.584;1.254;9.816;NaN;NaN;NaN;NaN;NaN;NaN;NaN;NaN;NaN;NaN;NaN;NaN;NaN;NaN;NaN;81
;ServiceLog;gsmart;1357000611833;01.01.2013 3:36:51;Raw;-0.134;0.67;9.615;NaN;NaN;NaN;NaN;NaN;NaN;NaN;NaN;NaN;NaN;NaN;NaN;NaN;NaN;NaN;80
;ServiceLog;gsmart;1357000612867;01.01.2013 3:36:52;Raw;0.143;0.67;9.835;NaN;NaN;NaN;NaN;NaN;NaN;NaN;NaN;NaN;NaN;NaN;NaN;NaN;NaN;NaN;50
;ServiceLog;gsmart;1357000613908;01.01.2013 3:36:53;Raw;0.0;0.871;9.768;NaN;NaN;NaN;NaN;NaN;NaN;NaN;NaN;NaN;NaN;NaN;NaN;NaN;NaN;NaN;72
;ServiceLog;gsmart;1357000614952;01.01.2013 3:36:54;Raw;1.321;1.139;10.094;NaN;NaN;NaN;NaN;NaN;NaN;NaN;NaN;NaN;NaN;NaN;NaN;NaN;NaN;NaN;64
;ServiceLog;gsmart;1357000615980;01.01.2013 3:36:55;Raw;1.465;0.852;9.835;NaN;NaN;NaN;NaN;NaN;NaN;NaN;NaN;NaN;NaN;NaN;NaN;NaN;NaN;NaN;43
;ServiceLog;gsmart;1357000617019;01.01.2013 3:36:57;Raw;1.455;1.331;9.749;NaN;NaN;NaN;NaN;NaN;NaN;NaN;NaN;NaN;NaN;NaN;NaN;NaN;NaN;NaN;65
;ServiceLog;gsmart;1357000618056;01.01.2013 3:36:58;Raw;1.398;0.996;9.778;NaN;NaN;NaN;NaN;NaN;NaN;NaN;NaN;NaN;NaN;NaN;NaN;NaN;NaN;NaN;71
;ServiceLog;gsmart;1357000619104;01.01.2013 3:36:59;Raw;2.135;0.478;9.443;NaN;NaN;NaN;NaN;NaN;NaN;NaN;NaN;NaN;NaN;NaN;NaN;NaN;NaN;NaN;70
;ServiceLog;gsmart;1357000620149;01.01.2013 3:37:00;Raw;0.095;1.34;9.28;NaN;NaN;NaN;NaN;NaN;NaN;NaN;NaN;NaN;NaN;NaN;NaN;NaN;NaN;NaN;63
;ServiceLog;gsmart;1357000621200;01.01.2013 3:37:01;Raw;1.743;0.727;9.672;NaN;NaN;NaN;NaN;NaN;NaN;NaN;NaN;NaN;NaN;NaN;NaN;NaN;NaN;NaN;62
;ServiceLog;gsmart;1357000622252;01.01.2013 3:37:02;Raw;1.599;0.603;9.653;NaN;NaN;NaN;NaN;NaN;NaN;NaN;NaN;NaN;NaN;NaN;NaN;NaN;NaN;NaN;64
;ServiceLog;gsmart;1357000623290;01.01.2013 3:37:03;Raw;1.867;0.603;9.644;NaN;NaN;NaN;NaN;NaN;NaN;NaN;NaN;NaN;NaN;NaN;NaN;NaN;NaN;NaN;76
;ServiceLog;gsmart;1357000624360;01.01.2013 3:37:04;Raw;1.388;0.651;10.113;NaN;NaN;NaN;NaN;NaN;NaN;NaN;NaN;NaN;NaN;NaN;NaN;NaN;NaN;NaN;77
;ServiceLog;gsmart;1357000625416;01.01.2013 3:37:05;Raw;1.398;0.555;10.027;NaN;NaN;NaN;NaN;NaN;NaN;NaN;NaN;NaN;NaN;NaN;NaN;NaN;NaN;NaN;78
;ServiceLog;gsmart;1357000626447;01.01.2013 3:37:06;Raw;0.986;0.517;9.672;NaN;NaN;NaN;NaN;NaN;NaN;NaN;NaN;NaN;NaN;NaN;NaN;NaN;NaN;NaN;75
;ServiceLog;gsmart;1357000627498;01.01.2013 3:37:07;Raw;0.727;0.794;9.538;NaN;NaN;NaN;NaN;NaN;NaN;NaN;NaN;NaN;NaN;NaN;NaN;NaN;NaN;NaN;82
;ServiceLog;gsmart;1357000628529;01.01.2013 3:37:08;Raw;0.909;0.584;9.232;NaN;NaN;NaN;NaN;NaN;NaN;NaN;NaN;NaN;NaN;NaN;NaN;NaN;NaN;NaN;83
;ServiceLog;gsmart;1357000629561;01.01.2013 3:37:09;Raw;1.494;0.689;10.218;NaN;NaN;NaN;NaN;NaN;NaN;NaN;NaN;NaN;NaN;NaN;NaN;NaN;NaN;NaN;90
;ServiceLog;gsmart;1357000630611;01.01.2013 3:37:10;Raw;1.312;0.622;8.494;NaN;NaN;NaN;NaN;NaN;NaN;NaN;NaN;NaN;NaN;NaN;NaN;NaN;NaN;NaN;90
;ServiceLog;gsmart;1357000631651;01.01.2013 3:37:11;Raw;1.599;0.699;9.567;NaN;NaN;NaN;NaN;NaN;NaN;NaN;NaN;NaN;NaN;NaN;NaN;NaN;NaN;NaN;87
;ServiceLog;gsmart;1357000632688;01.01.2013 3:37:12;Raw;0.976;0.66;9.653;NaN;NaN;NaN;NaN;NaN;NaN;NaN;NaN;NaN;NaN;NaN;NaN;NaN;NaN;NaN;86
;ServiceLog;gsmart;1357000633736;01.01.2013 3:37:13;Raw;1.034;0.881;10.324;NaN;NaN;NaN;NaN;NaN;NaN;NaN;NaN;NaN;NaN;NaN;NaN;NaN;NaN;NaN;81
;ServiceLog;gsmart;1357000634768;01.01.2013 3:37:14;Raw;0.794;0.775;9.921;NaN;NaN;NaN;NaN;NaN;NaN;NaN;NaN;NaN;NaN;NaN;NaN;NaN;NaN;NaN;80
;ServiceLog;gsmart;1357000635802;01.01.2013 3:37:15;Raw;1.503;0.708;10.151;NaN;NaN;NaN;NaN;NaN;NaN;NaN;NaN;NaN;NaN;NaN;NaN;NaN;NaN;NaN;81
;ServiceLog;gsmart;1357000636864;01.01.2013 3:37:16;Raw;1.283;0.766;9.845;NaN;NaN;NaN;NaN;NaN;NaN;NaN;NaN;NaN;NaN;NaN;NaN;NaN;NaN;NaN;84
;ServiceLog;gsmart;1357000637901;01.01.2013 3:37:17;Raw;1.398;0.861;9.529;NaN;NaN;NaN;NaN;NaN;NaN;NaN;NaN;NaN;NaN;NaN;NaN;NaN;NaN;NaN;86
;ServiceLog;gsmart;1357000638953;01.01.2013 3:37:18;Raw;1.589;1.005;9.28;NaN;NaN;NaN;NaN;NaN;NaN;NaN;NaN;NaN;NaN;NaN;NaN;NaN;NaN;NaN;84
;ServiceLog;gsmart;1357000639985;01.01.2013 3:37:19;Raw;1.206;1.015;9.481;NaN;NaN;NaN;NaN;NaN;NaN;NaN;NaN;NaN;NaN;NaN;NaN;NaN;NaN;NaN;86
;ServiceLog;gsmart;1357000641035;01.01.2013 3:37:21;Raw;0.718;0.679;9.155;NaN;NaN;NaN;NaN;NaN;NaN;NaN;NaN;NaN;NaN;NaN;NaN;NaN;NaN;NaN;84
;ServiceLog;gsmart;1357000642077;01.01.2013 3:37:22;Raw;0.287;1.388;9.107;NaN;NaN;NaN;NaN;NaN;NaN;NaN;NaN;NaN;NaN;NaN;NaN;NaN;NaN;NaN;81
;ServiceLog;gsmart;1357000643113;01.01.2013 3:37:23;Raw;0.861;0.679;9.385;NaN;NaN;NaN;NaN;NaN;NaN;NaN;NaN;NaN;NaN;NaN;NaN;NaN;NaN;NaN;79
;ServiceLog;gsmart;1357000644143;01.01.2013 3:37:24;Raw;1.915;0.699;10.103;NaN;NaN;NaN;NaN;NaN;NaN;NaN;NaN;NaN;NaN;NaN;NaN;NaN;NaN;NaN;83
;ServiceLog;gsmart;1357000645234;01.01.2013 3:37:25;Raw;0.22;1.024;9.241;NaN;NaN;NaN;NaN;NaN;NaN;NaN;NaN;NaN;NaN;NaN;NaN;NaN;NaN;NaN;81
;ServiceLog;gsmart;1357000646284;01.01.2013 3:37:26;Raw;0.804;0.574;9.395;NaN;NaN;NaN;NaN;NaN;NaN;NaN;NaN;NaN;NaN;NaN;NaN;NaN;NaN;NaN;80
;ServiceLog;gsmart;1357000647332;01.01.2013 3:37:27;Raw;1.455;0.756;9.701;NaN;NaN;NaN;NaN;NaN;NaN;NaN;NaN;NaN;NaN;NaN;NaN;NaN;NaN;NaN;82
;ServiceLog;gsmart;1357000648363;01.01.2013 3:37:28;Raw;0.66;0.794;9.711;NaN;NaN;NaN;NaN;NaN;NaN;NaN;NaN;NaN;NaN;NaN;NaN;NaN;NaN;NaN;81
;ServiceLog;gsmart;1357000649416;01.01.2013 3:37:29;Raw;1.216;0.268;9.088;NaN;NaN;NaN;NaN;NaN;NaN;NaN;NaN;NaN;NaN;NaN;NaN;NaN;NaN;NaN;81
;ServiceLog;gsmart;1357000650514;01.01.2013 3:37:30;Raw;0.66;0.038;9.605;NaN;NaN;NaN;NaN;NaN;NaN;NaN;NaN;NaN;NaN;NaN;NaN;NaN;NaN;NaN;82
;ServiceLog;gsmart;1357000651542;01.01.2013 3:37:31;Raw;0.459;0.344;10.41;NaN;NaN;NaN;NaN;NaN;NaN;NaN;NaN;NaN;NaN;NaN;NaN;NaN;NaN;NaN;82
;ServiceLog;gsmart;1357000652571;01.01.2013 3:37:32;Raw;0.909;0.316;10.18;NaN;NaN;NaN;NaN;NaN;NaN;NaN;NaN;NaN;NaN;NaN;NaN;NaN;NaN;NaN;81
;ServiceLog;gsmart;1357000655114;01.01.2013 3:37:35;Raw;0.89;-0.047;9.625;NaN;NaN;NaN;NaN;NaN;NaN;NaN;NaN;NaN;NaN;NaN;NaN;NaN;NaN;NaN;90
;ServiceLog;gsmart;1357000656382;01.01.2013 3:37:36;Raw;-2.49;-1.503;11.415;NaN;NaN;NaN;NaN;NaN;NaN;NaN;NaN;NaN;NaN;NaN;NaN;NaN;NaN;NaN;90
;ServiceLog;gsmart;1357000657911;01.01.2013 3:37:37;Raw;2.499;6.799;-0.22;NaN;NaN;NaN;NaN;NaN;NaN;NaN;NaN;NaN;NaN;NaN;NaN;NaN;NaN;NaN;77
;ServiceLog;gsmart;1357000658977;01.01.2013 3:37:38;Raw;1.838;8.408;1.81;NaN;NaN;NaN;NaN;NaN;NaN;NaN;NaN;NaN;NaN;NaN;NaN;NaN;NaN;NaN;61
;ServiceLog;gsmart;1357000660002;01.01.2013 3:37:40;Raw;2.882;7.767;1.474;NaN;NaN;NaN;NaN;NaN;NaN;NaN;NaN;NaN;NaN;NaN;NaN;NaN;NaN;NaN;81
;ServiceLog;gsmart;1357000661030;01.01.2013 3:37:41;Raw;1.407;8.063;0.287;NaN;NaN;NaN;NaN;NaN;NaN;NaN;NaN;NaN;NaN;NaN;NaN;NaN;NaN;NaN;86
;ServiceLog;gsmart;1357000662057;01.01.2013 3:37:42;Raw;0.45;8.571;0.708;NaN;NaN;NaN;NaN;NaN;NaN;NaN;NaN;NaN;NaN;NaN;NaN;NaN;NaN;NaN;76
;ServiceLog;gsmart;1357000663083;01.01.2013 3:37:43;Raw;1.551;8.561;0.967;NaN;NaN;NaN;NaN;NaN;NaN;NaN;NaN;NaN;NaN;NaN;NaN;NaN;NaN;NaN;69
;ServiceLog;gsmart;1357000664110;01.01.2013 3:37:44;Raw;6.1;6.895;-4.75;NaN;NaN;NaN;NaN;NaN;NaN;NaN;NaN;NaN;NaN;NaN;NaN;NaN;NaN;NaN;51
;ServiceLog;gsmart;1357000665141;01.01.2013 3:37:45;Raw;-0.402;4.606;10.218;NaN;NaN;NaN;NaN;NaN;NaN;NaN;NaN;NaN;NaN;NaN;NaN;NaN;NaN;NaN;56
;ServiceLog;gsmart;1357000666194;01.01.2013 3:37:46;Raw;-0.747;4.271;7.661;NaN;NaN;NaN;NaN;NaN;NaN;NaN;NaN;NaN;NaN;NaN;NaN;NaN;NaN;NaN;84
;ServiceLog;gsmart;1357000667729;01.01.2013 3:37:47;Raw;-0.44;3.208;7.125;NaN;NaN;NaN;NaN;NaN;NaN;NaN;NaN;NaN;NaN;NaN;NaN;NaN;NaN;NaN;66
;ServiceLog;gsmart;1357000668787;01.01.2013 3:37:48;Raw;-1.331;3.735;10.209;NaN;NaN;NaN;NaN;NaN;NaN;NaN;NaN;NaN;NaN;NaN;NaN;NaN;NaN;NaN;65
;ServiceLog;gsmart;1357000669827;01.01.2013 3:37:49;Raw;-1.168;-1.187;8.925;NaN;NaN;NaN;NaN;NaN;NaN;NaN;NaN;NaN;NaN;NaN;NaN;NaN;NaN;NaN;65
;ServiceLog;gsmart;1357000670862;01.01.2013 3:37:50;Raw;0.363;-0.402;11.54;NaN;NaN;NaN;NaN;NaN;NaN;NaN;NaN;NaN;NaN;NaN;NaN;NaN;NaN;NaN;67
;ServiceLog;gsmart;1357000671899;01.01.2013 3:37:51;Raw;0.258;-0.335;9.749;NaN;NaN;NaN;NaN;NaN;NaN;NaN;NaN;NaN;NaN;NaN;NaN;NaN;NaN;NaN;67
;ServiceLog;gsmart;1357000672932;01.01.2013 3:37:52;Raw;1.197;0.44;10.697;NaN;NaN;NaN;NaN;NaN;NaN;NaN;NaN;NaN;NaN;NaN;NaN;NaN;NaN;NaN;65
;ServiceLog;gsmart;1357000673978;01.01.2013 3:37:53;Raw;0.086;1.264;8.763;NaN;NaN;NaN;NaN;NaN;NaN;NaN;NaN;NaN;NaN;NaN;NaN;NaN;NaN;NaN;67
;ServiceLog;gsmart;1357000675002;01.01.2013 3:37:55;Raw;1.656;0.766;10.19;NaN;NaN;NaN;NaN;NaN;NaN;NaN;NaN;NaN;NaN;NaN;NaN;NaN;NaN;NaN;68
;ServiceLog;gsmart;1357000676037;01.01.2013 3:37:56;Raw;1.072;1.206;10.879;NaN;NaN;NaN;NaN;NaN;NaN;NaN;NaN;NaN;NaN;NaN;NaN;NaN;NaN;NaN;66
;ServiceLog;gsmart;1357000677077;01.01.2013 3:37:57;Raw;1.101;2.691;9.404;NaN;NaN;NaN;NaN;NaN;NaN;NaN;NaN;NaN;NaN;NaN;NaN;NaN;NaN;NaN;65
;ServiceLog;gsmart;1357000678107;01.01.2013 3:37:58;Raw;1.398;0.938;11.588;NaN;NaN;NaN;NaN;NaN;NaN;NaN;NaN;NaN;NaN;NaN;NaN;NaN;NaN;NaN;66
;ServiceLog;gsmart;1357000679148;01.01.2013 3:37:59;Raw;0.43;2.346;6.636;NaN;NaN;NaN;NaN;NaN;NaN;NaN;NaN;NaN;NaN;NaN;NaN;NaN;NaN;NaN;67
;ServiceLog;gsmart;1357000680172;01.01.2013 3:38:00;Raw;0.814;0.852;8.954;NaN;NaN;NaN;NaN;NaN;NaN;NaN;NaN;NaN;NaN;NaN;NaN;NaN;NaN;NaN;65
;ServiceLog;gsmart;1357000681205;01.01.2013 3:38:01;Raw;0.718;1.206;9.615;NaN;NaN;NaN;NaN;NaN;NaN;NaN;NaN;NaN;NaN;NaN;NaN;NaN;NaN;NaN;65
;ServiceLog;gsmart;1357000682251;01.01.2013 3:38:02;Raw;1.139;0.996;9.376;NaN;NaN;NaN;NaN;NaN;NaN;NaN;NaN;NaN;NaN;NaN;NaN;NaN;NaN;NaN;67
;ServiceLog;gsmart;1357000683278;01.01.2013 3:38:03;Raw;1.656;0.67;9.079;NaN;NaN;NaN;NaN;NaN;NaN;NaN;NaN;NaN;NaN;NaN;NaN;NaN;NaN;NaN;66
;ServiceLog;gsmart;1357000684302;01.01.2013 3:38:04;Raw;1.321;1.292;9.96;NaN;NaN;NaN;NaN;NaN;NaN;NaN;NaN;NaN;NaN;NaN;NaN;NaN;NaN;NaN;66
;ServiceLog;gsmart;1357000685330;01.01.2013 3:38:05;Raw;1.857;0.775;8.878;NaN;NaN;NaN;NaN;NaN;NaN;NaN;NaN;NaN;NaN;NaN;NaN;NaN;NaN;NaN;65
;ServiceLog;gsmart;1357000686363;01.01.2013 3:38:06;Raw;0.392;1.944;9.529;NaN;NaN;NaN;NaN;NaN;NaN;NaN;NaN;NaN;NaN;NaN;NaN;NaN;NaN;NaN;64
;ServiceLog;gsmart;1357000687422;01.01.2013 3:38:07;Raw;0.957;0.986;8.676;NaN;NaN;NaN;NaN;NaN;NaN;NaN;NaN;NaN;NaN;NaN;NaN;NaN;NaN;NaN;64
;ServiceLog;gsmart;1357000688473;01.01.2013 3:38:08;Raw;0.986;0.909;8.59;NaN;NaN;NaN;NaN;NaN;NaN;NaN;NaN;NaN;NaN;NaN;NaN;NaN;NaN;NaN;65
;ServiceLog;gsmart;1357000689532;01.01.2013 3:38:09;Raw;0.957;0.89;9.902;NaN;NaN;NaN;NaN;NaN;NaN;NaN;NaN;NaN;NaN;NaN;NaN;NaN;NaN;NaN;65
;ServiceLog;gsmart;1357000690575;01.01.2013 3:38:10;Raw;1.886;0.785;9.663;NaN;NaN;NaN;NaN;NaN;NaN;NaN;NaN;NaN;NaN;NaN;NaN;NaN;NaN;NaN;64
;ServiceLog;gsmart;1357000691601;01.01.2013 3:38:11;Raw;1.819;0.852;9.04;NaN;NaN;NaN;NaN;NaN;NaN;NaN;NaN;NaN;NaN;NaN;NaN;NaN;NaN;NaN;64
;ServiceLog;gsmart;1357000692627;01.01.2013 3:38:12;Raw;1.177;1.034;9.73;NaN;NaN;NaN;NaN;NaN;NaN;NaN;NaN;NaN;NaN;NaN;NaN;NaN;NaN;NaN;64
;ServiceLog;gsmart;1357000693658;01.01.2013 3:38:13;Raw;1.436;1.561;9.778;NaN;NaN;NaN;NaN;NaN;NaN;NaN;NaN;NaN;NaN;NaN;NaN;NaN;NaN;NaN;63
;ServiceLog;gsmart;1357000694690;01.01.2013 3:38:14;Raw;1.216;2.087;8.676;NaN;NaN;NaN;NaN;NaN;NaN;NaN;NaN;NaN;NaN;NaN;NaN;NaN;NaN;NaN;65
;ServiceLog;gsmart;1357000695724;01.01.2013 3:38:15;Raw;-0.268;2.308;6.474;NaN;NaN;NaN;NaN;NaN;NaN;NaN;NaN;NaN;NaN;NaN;NaN;NaN;NaN;NaN;64
;ServiceLog;gsmart;1357000696759;01.01.2013 3:38:16;Raw;0.928;1.781;9.548;NaN;NaN;NaN;NaN;NaN;NaN;NaN;NaN;NaN;NaN;NaN;NaN;NaN;NaN;NaN;64
;ServiceLog;gsmart;1357000697817;01.01.2013 3:38:17;Raw;0.191;1.704;9.146;NaN;NaN;NaN;NaN;NaN;NaN;NaN;NaN;NaN;NaN;NaN;NaN;NaN;NaN;NaN;63
;ServiceLog;gsmart;1357000698851;01.01.2013 3:38:18;Raw;0.507;1.407;8.983;NaN;NaN;NaN;NaN;NaN;NaN;NaN;NaN;NaN;NaN;NaN;NaN;NaN;NaN;NaN;63
;ServiceLog;gsmart;1357000699883;01.01.2013 3:38:19;Raw;0.785;2.02;9.031;NaN;NaN;NaN;NaN;NaN;NaN;NaN;NaN;NaN;NaN;NaN;NaN;NaN;NaN;NaN;63
;ServiceLog;gsmart;1357000701396;01.01.2013 3:38:21;Raw;1.245;1.302;9.701;NaN;NaN;NaN;NaN;NaN;NaN;NaN;NaN;NaN;NaN;NaN;NaN;NaN;NaN;NaN;64
;ServiceLog;gsmart;1357000702420;01.01.2013 3:38:22;Raw;1.359;1.149;10.86;NaN;NaN;NaN;NaN;NaN;NaN;NaN;NaN;NaN;NaN;NaN;NaN;NaN;NaN;NaN;63
;ServiceLog;gsmart;1357000703449;01.01.2013 3:38:23;Raw;0.306;1.561;10.008;NaN;NaN;NaN;NaN;NaN;NaN;NaN;NaN;NaN;NaN;NaN;NaN;NaN;NaN;NaN;61
;ServiceLog;gsmart;1357000704494;01.01.2013 3:38:24;Raw;0.038;1.857;9.404;NaN;NaN;NaN;NaN;NaN;NaN;NaN;NaN;NaN;NaN;NaN;NaN;NaN;NaN;NaN;62
;ServiceLog;gsmart;1357000705521;01.01.2013 3:38:25;Raw;1.695;1.503;9.222;NaN;NaN;NaN;NaN;NaN;NaN;NaN;NaN;NaN;NaN;NaN;NaN;NaN;NaN;NaN;63
;ServiceLog;gsmart;1357000706556;01.01.2013 3:38:26;Raw;1.714;1.283;9.653;NaN;NaN;NaN;NaN;NaN;NaN;NaN;NaN;NaN;NaN;NaN;NaN;NaN;NaN;NaN;62
;ServiceLog;gsmart;1357000707586;01.01.2013 3:38:27;Raw;2.03;1.034;9.308;NaN;NaN;NaN;NaN;NaN;NaN;NaN;NaN;NaN;NaN;NaN;NaN;NaN;NaN;NaN;65
;ServiceLog;gsmart;1357000708610;01.01.2013 3:38:28;Raw;1.934;0.9;9.529;NaN;NaN;NaN;NaN;NaN;NaN;NaN;NaN;NaN;NaN;NaN;NaN;NaN;NaN;NaN;64
;ServiceLog;gsmart;1357000709636;01.01.2013 3:38:29;Raw;2.078;1.034;9.864;NaN;NaN;NaN;NaN;NaN;NaN;NaN;NaN;NaN;NaN;NaN;NaN;NaN;NaN;NaN;62
;ServiceLog;gsmart;1357000710672;01.01.2013 3:38:30;Raw;2.279;0.756;9.51;NaN;NaN;NaN;NaN;NaN;NaN;NaN;NaN;NaN;NaN;NaN;NaN;NaN;NaN;NaN;63
;ServiceLog;gsmart;1357000711705;01.01.2013 3:38:31;Raw;2.193;0.823;9.002;NaN;NaN;NaN;NaN;NaN;NaN;NaN;NaN;NaN;NaN;NaN;NaN;NaN;NaN;NaN;60
;ServiceLog;gsmart;1357000712747;01.01.2013 3:38:32;Raw;1.676;0.871;9.759;NaN;NaN;NaN;NaN;NaN;NaN;NaN;NaN;NaN;NaN;NaN;NaN;NaN;NaN;NaN;62
;ServiceLog;gsmart;1357000713771;01.01.2013 3:38:33;Raw;1.992;0.507;9.27;NaN;NaN;NaN;NaN;NaN;NaN;NaN;NaN;NaN;NaN;NaN;NaN;NaN;NaN;NaN;59
;ServiceLog;gsmart;1357000714800;01.01.2013 3:38:34;Raw;2.135;0.919;9.241;NaN;NaN;NaN;NaN;NaN;NaN;NaN;NaN;NaN;NaN;NaN;NaN;NaN;NaN;NaN;54
;ServiceLog;gsmart;1357000715833;01.01.2013 3:38:35;Raw;2.336;0.718;9.749;NaN;NaN;NaN;NaN;NaN;NaN;NaN;NaN;NaN;NaN;NaN;NaN;NaN;NaN;NaN;52
;ServiceLog;gsmart;1357000716861;01.01.2013 3:38:36;Raw;1.982;0.641;9.701;NaN;NaN;NaN;NaN;NaN;NaN;NaN;NaN;NaN;NaN;NaN;NaN;NaN;NaN;NaN;50
;ServiceLog;gsmart;1357000717908;01.01.2013 3:38:37;Raw;1.091;0.44;10.19;NaN;NaN;NaN;NaN;NaN;NaN;NaN;NaN;NaN;NaN;NaN;NaN;NaN;NaN;NaN;54
;ServiceLog;gsmart;1357000718934;01.01.2013 3:38:38;Raw;1.762;0.363;9.644;NaN;NaN;NaN;NaN;NaN;NaN;NaN;NaN;NaN;NaN;NaN;NaN;NaN;NaN;NaN;51
;ServiceLog;gsmart;1357000719966;01.01.2013 3:38:39;Raw;2.174;0.584;9.366;NaN;NaN;NaN;NaN;NaN;NaN;NaN;NaN;NaN;NaN;NaN;NaN;NaN;NaN;NaN;47
;ServiceLog;gsmart;1357000721012;01.01.2013 3:38:41;Raw;2.49;0.679;9.443;NaN;NaN;NaN;NaN;NaN;NaN;NaN;NaN;NaN;NaN;NaN;NaN;NaN;NaN;NaN;61
;ServiceLog;gsmart;1357000722041;01.01.2013 3:38:42;Raw;2.729;0.545;9.289;NaN;NaN;NaN;NaN;NaN;NaN;NaN;NaN;NaN;NaN;NaN;NaN;NaN;NaN;NaN;59
;ServiceLog;gsmart;1357000723084;01.01.2013 3:38:43;Raw;2.882;0.469;9.155;NaN;NaN;NaN;NaN;NaN;NaN;NaN;NaN;NaN;NaN;NaN;NaN;NaN;NaN;NaN;61
;ServiceLog;gsmart;1357000724124;01.01.2013 3:38:44;Raw;2.93;0.622;9.241;NaN;NaN;NaN;NaN;NaN;NaN;NaN;NaN;NaN;NaN;NaN;NaN;NaN;NaN;NaN;61
;ServiceLog;gsmart;1357000725156;01.01.2013 3:38:45;Raw;2.183;0.593;9.577;NaN;NaN;NaN;NaN;NaN;NaN;NaN;NaN;NaN;NaN;NaN;NaN;NaN;NaN;NaN;58
;ServiceLog;gsmart;1357000726191;01.01.2013 3:38:46;Raw;2.183;0.584;9.49;NaN;NaN;NaN;NaN;NaN;NaN;NaN;NaN;NaN;NaN;NaN;NaN;NaN;NaN;NaN;59
;ServiceLog;gsmart;1357000727223;01.01.2013 3:38:47;Raw;2.49;0.708;9.816;NaN;NaN;NaN;NaN;NaN;NaN;NaN;NaN;NaN;NaN;NaN;NaN;NaN;NaN;NaN;54
;ServiceLog;gsmart;1357000728256;01.01.2013 3:38:48;Raw;1.426;1.359;12.517;NaN;NaN;NaN;NaN;NaN;NaN;NaN;NaN;NaN;NaN;NaN;NaN;NaN;NaN;NaN;61
;ServiceLog;gsmart;1357000729283;01.01.2013 3:38:49;Raw;-0.699;0.737;8.341;NaN;NaN;NaN;NaN;NaN;NaN;NaN;NaN;NaN;NaN;NaN;NaN;NaN;NaN;NaN;50
;ServiceLog;gsmart;1357000730321;01.01.2013 3:38:50;Raw;-1.685;1.503;9.366;NaN;NaN;NaN;NaN;NaN;NaN;NaN;NaN;NaN;NaN;NaN;NaN;NaN;NaN;NaN;44
;ServiceLog;gsmart;1357000731348;01.01.2013 3:38:51;Raw;-1.024;1.992;8.743;NaN;NaN;NaN;NaN;NaN;NaN;NaN;NaN;NaN;NaN;NaN;NaN;NaN;NaN;NaN;45
;ServiceLog;gsmart;1357000732421;01.01.2013 3:38:52;Raw;0.172;2.499;9.921;NaN;NaN;NaN;NaN;NaN;NaN;NaN;NaN;NaN;NaN;NaN;NaN;NaN;NaN;NaN;51
;ServiceLog;gsmart;1357000733491;01.01.2013 3:38:53;Raw;-0.268;3.476;9.117;NaN;NaN;NaN;NaN;NaN;NaN;NaN;NaN;NaN;NaN;NaN;NaN;NaN;NaN;NaN;44
;ServiceLog;gsmart;1357000734519;01.01.2013 3:38:54;Raw;-0.861;1.513;10.113;NaN;NaN;NaN;NaN;NaN;NaN;NaN;NaN;NaN;NaN;NaN;NaN;NaN;NaN;NaN;43
