ID;Name;User;TimeStamp;NetworkGen;NetworkType;Active;MCC;MNC;LAC;CID;PSC;RSSI
1013;Академическая 3;md;1417103269601;2G;EDGE;1;250;1;770;543;-1;-63
1014;Академическая 4;md;1417103277711;2G;EDGE;1;250;1;770;543;-1;-67
1001;Ленинский проспект 1;md;1417103463895;unknown;unknown;1;-1;-1;-1;-1;-1;-1
1002;Ленинский проспект 2;md;1417103482096;unknown;unknown;1;-1;-1;-1;-1;-1;-1
1003;Ленинский проспект 3;md;1417103505974;unknown;unknown;1;-1;-1;-1;-1;-1;-1
1004;Ленинский проспект 4;md;1417103514196;unknown;unknown;1;-1;-1;-1;-1;-1;-1
991;Шаболовская 1;md;1417103653948;unknown;unknown;1;-1;-1;-1;-1;-1;-1
992;Шаболовская 2;md;1417103671724;unknown;unknown;1;-1;-1;-1;-1;-1;-1
993;Шаболовская 3;md;1417103699359;2G;EDGE;1;250;1;770;543;-1;-81
994;Шаболовская 4;md;1417103707280;2G;EDGE;1;250;1;770;543;-1;-75
981;Октябрьская (КРЛ) 1;md;1417103784871;unknown;unknown;1;-1;-1;-1;-1;-1;-1
982;Октябрьская (КРЛ) 2;md;1417103796137;2G;EDGE;1;250;1;770;43241;-1;-75
753;Октябрьская (КЛЦ) 3;md;1417104105532;3G;UMTS;1;250;1;660;6913616;-1;-71
754;Октябрьская (КЛЦ) 4;md;1417104116818;3G;UMTS;1;250;1;660;6913616;-1;-75
761;Парк культуры (КЛЦ) 1;md;1417104178829;3G;UMTS;1;250;1;660;6892888;-1;-89
762;Парк культуры (КЛЦ) 2;md;1417104192215;3G;UMTS;1;250;1;660;6892888;-1;-77
763;Парк культуры (КЛЦ) 3;md;1417104218098;3G;UMTS;1;250;1;660;6892888;-1;-83
764;Парк культуры (КЛЦ) 4;md;1417104227950;3G;UMTS;1;250;1;660;6892888;-1;-85
771;Киевская (КЛЦ) 1;md;1417104385642;2G;EDGE;1;250;1;660;11023;-1;-73
771;Киевская (КЛЦ) 1;md;1417104385642;2G;EDGE;250-1-660-11023;250;1;660;11031;-1;-95
772;Киевская (КЛЦ) 2;md;1417104400095;2G;EDGE;1;250;1;660;11023;-1;-79
772;Киевская (КЛЦ) 2;md;1417104400095;2G;EDGE;250-1-660-11023;250;1;660;11031;-1;-103
423;Киевская (АПК) 3;md;1417104754244;3G;UMTS;1;250;1;660;6899758;-1;-87
424;Киевская (АПК) 4;md;1417104763458;2G;EDGE;1;250;1;660;452;-1;-77
1651;Парк Победы 1;md;1417104933856;unknown;unknown;1;-1;-1;-1;-1;-1;-1
1652;Парк Победы 2;md;1417104952230;2G;EDGE;1;250;1;660;452;-1;-81
1653;Парк Победы 3;md;1417104973794;2G;EDGE;1;250;1;660;452;-1;-81
1654;Парк Победы 4;md;1417104986918;3G;UMTS;1;250;1;660;6899758;-1;-87
2161;Славянский бульвар 1;md;1417105154098;unknown;unknown;1;-1;-1;-1;-1;-1;-1
2162;Славянский бульвар 2;md;1417105175419;unknown;unknown;1;-1;-1;-1;-1;-1;-1
2163;Славянский бульвар 3;md;1417105208474;2G;EDGE;1;250;1;660;11971;-1;-69
2164;Славянский бульвар 4;md;1417105217959;2G;EDGE;1;250;1;660;11971;-1;-61
2101;Кунцевская (АПК) 1;md;1417105314254;unknown;unknown;1;-1;-1;-1;-1;-1;-1
2102;Кунцевская (АПК) 2;md;1417105336324;unknown;unknown;1;-1;-1;-1;-1;-1;-1
2103;Кунцевская (АПК) 3;md;1417105362430;unknown;unknown;1;-1;-1;-1;-1;-1;-1
2104;Кунцевская (АПК) 4;md;1417105375478;unknown;unknown;1;-1;-1;-1;-1;-1;-1
651;Молодежная 1;md;1417105499995;unknown;unknown;1;-1;-1;-1;-1;-1;-1
652;Молодежная 2;md;1417105518650;unknown;unknown;1;-1;-1;-1;-1;-1;-1
