ID;Name;User;TimeStamp;Type;X;Y;Z
1013;Академическая 3;md;1417103269601;Linear;0;0;0
1014;Академическая 4;md;1417103277711;Linear;0;0;0
1001;Ленинский проспект 1;md;1417103463895;Linear;0;0;0
1002;Ленинский проспект 2;md;1417103482096;Linear;0;0;0
1003;Ленинский проспект 3;md;1417103505974;Linear;0;0;0
1004;Ленинский проспект 4;md;1417103514196;Linear;0;0;0
991;Шаболовская 1;md;1417103653948;Linear;0;0;0
992;Шаболовская 2;md;1417103671724;Linear;0;0;0
993;Шаболовская 3;md;1417103699359;Linear;0;0;0
994;Шаболовская 4;md;1417103707280;Linear;0;0;0
981;Октябрьская (КРЛ) 1;md;1417103784871;Linear;0;0;0
982;Октябрьская (КРЛ) 2;md;1417103796137;Linear;0;0;0
753;Октябрьская (КЛЦ) 3;md;1417104105532;Linear;0;0;0
754;Октябрьская (КЛЦ) 4;md;1417104116818;Linear;0;0;0
761;Парк культуры (КЛЦ) 1;md;1417104178829;Linear;0;0;0
762;Парк культуры (КЛЦ) 2;md;1417104192215;Linear;0;0;0
763;Парк культуры (КЛЦ) 3;md;1417104218098;Linear;0;0;0
764;Парк культуры (КЛЦ) 4;md;1417104227950;Linear;0;0;0
771;Киевская (КЛЦ) 1;md;1417104385642;Linear;0;0;0
772;Киевская (КЛЦ) 2;md;1417104400095;Linear;0;0;0
423;Киевская (АПК) 3;md;1417104754244;Linear;0;0;0
424;Киевская (АПК) 4;md;1417104763458;Linear;0;0;0
1651;Парк Победы 1;md;1417104933856;Linear;0;0;0
1652;Парк Победы 2;md;1417104952230;Linear;0;0;0
1653;Парк Победы 3;md;1417104973794;Linear;0;0;0
1654;Парк Победы 4;md;1417104986918;Linear;0;0;0
2161;Славянский бульвар 1;md;1417105154098;Linear;0;0;0
2162;Славянский бульвар 2;md;1417105175419;Linear;0;0;0
2163;Славянский бульвар 3;md;1417105208474;Linear;0;0;0
2164;Славянский бульвар 4;md;1417105217959;Linear;0;0;0
2101;Кунцевская (АПК) 1;md;1417105314254;Linear;0;0;0
2102;Кунцевская (АПК) 2;md;1417105336324;Linear;0;0;0
2103;Кунцевская (АПК) 3;md;1417105362430;Linear;0;0;0
2104;Кунцевская (АПК) 4;md;1417105375478;Linear;0;0;0
651;Молодежная 1;md;1417105499995;Linear;0;0;0
652;Молодежная 2;md;1417105518650;Linear;0;0;0
