ID;Name;User;TimeStamp;Type;X;Y;Z
;ServiceLog;md;1417103215229;Linear;0.0;0.0;0.0
;ServiceLog;md;1417103216258;Linear;0.0;0.0;0.0
;ServiceLog;md;1417103217346;Linear;0.0;0.0;0.0
;ServiceLog;md;1417103218392;Linear;0.0;0.0;0.0
;ServiceLog;md;1417103219408;Linear;0.0;0.0;0.0
;ServiceLog;md;1417103220493;Linear;0.0;0.0;0.0
;ServiceLog;md;1417103221523;Linear;0.0;0.0;0.0
;ServiceLog;md;1417103222545;Linear;0.0;0.0;0.0
;ServiceLog;md;1417103223595;Linear;0.0;0.0;0.0
;ServiceLog;md;1417103224614;Linear;0.0;0.0;0.0
;ServiceLog;md;1417103225629;Linear;0.0;0.0;0.0
;ServiceLog;md;1417103226677;Linear;0.0;0.0;0.0
;ServiceLog;md;1417103227689;Linear;0.0;0.0;0.0
;ServiceLog;md;1417103228737;Linear;0.0;0.0;0.0
;ServiceLog;md;1417103229752;Linear;0.0;0.0;0.0
;ServiceLog;md;1417103230789;Linear;0.0;0.0;0.0
;ServiceLog;md;1417103231845;Linear;0.0;0.0;0.0
;ServiceLog;md;1417103232884;Linear;0.0;0.0;0.0
;ServiceLog;md;1417103233937;Linear;0.0;0.0;0.0
;ServiceLog;md;1417103234954;Linear;0.0;0.0;0.0
;ServiceLog;md;1417103235968;Linear;0.0;0.0;0.0
;ServiceLog;md;1417103237021;Linear;0.0;0.0;0.0
;ServiceLog;md;1417103238037;Linear;0.0;0.0;0.0
;ServiceLog;md;1417103239074;Linear;0.0;0.0;0.0
;ServiceLog;md;1417103240103;Linear;0.0;0.0;0.0
;ServiceLog;md;1417103241127;Linear;0.0;0.0;0.0
;ServiceLog;md;1417103242144;Linear;0.0;0.0;0.0
;ServiceLog;md;1417103243161;Linear;0.0;0.0;0.0
;ServiceLog;md;1417103244175;Linear;0.0;0.0;0.0
;ServiceLog;md;1417103245188;Linear;0.0;0.0;0.0
;ServiceLog;md;1417103246200;Linear;0.0;0.0;0.0
;ServiceLog;md;1417103247245;Linear;0.0;0.0;0.0
;ServiceLog;md;1417103248272;Linear;0.0;0.0;0.0
;ServiceLog;md;1417103249313;Linear;0.0;0.0;0.0
;ServiceLog;md;1417103250326;Linear;0.0;0.0;0.0
;ServiceLog;md;1417103251338;Linear;0.0;0.0;0.0
;ServiceLog;md;1417103252381;Linear;0.0;0.0;0.0
;ServiceLog;md;1417103253423;Linear;0.0;0.0;0.0
;ServiceLog;md;1417103254467;Linear;0.0;0.0;0.0
;ServiceLog;md;1417103255507;Linear;0.0;0.0;0.0
;ServiceLog;md;1417103256525;Linear;0.0;0.0;0.0
;ServiceLog;md;1417103257572;Linear;0.0;0.0;0.0
;ServiceLog;md;1417103258593;Linear;0.0;0.0;0.0
;ServiceLog;md;1417103259635;Linear;0.0;0.0;0.0
;ServiceLog;md;1417103260675;Linear;0.0;0.0;0.0
;ServiceLog;md;1417103261692;Linear;0.0;0.0;0.0
;ServiceLog;md;1417103262735;Linear;0.0;0.0;0.0
;ServiceLog;md;1417103263777;Linear;0.0;0.0;0.0
;ServiceLog;md;1417103264791;Linear;0.0;0.0;0.0
;ServiceLog;md;1417103266963;Linear;0.0;0.0;0.0
;ServiceLog;md;1417103268008;Linear;0.0;0.0;0.0
;ServiceLog;md;1417103269058;Linear;0.0;0.0;0.0
;ServiceLog;md;1417103270132;Linear;0.0;0.0;0.0
;ServiceLog;md;1417103271164;Linear;0.0;0.0;0.0
;ServiceLog;md;1417103272647;Linear;0.0;0.0;0.0
;ServiceLog;md;1417103273664;Linear;0.0;0.0;0.0
;ServiceLog;md;1417103274687;Linear;0.0;0.0;0.0
;ServiceLog;md;1417103275711;Linear;0.0;0.0;0.0
;ServiceLog;md;1417103276738;Linear;0.0;0.0;0.0
;ServiceLog;md;1417103277808;Linear;0.0;0.0;0.0
;ServiceLog;md;1417103278999;Linear;0.0;0.0;0.0
;ServiceLog;md;1417103280029;Linear;0.0;0.0;0.0
;ServiceLog;md;1417103281074;Linear;0.0;0.0;0.0
;ServiceLog;md;1417103282118;Linear;0.0;0.0;0.0
;ServiceLog;md;1417103283140;Linear;0.0;0.0;0.0
;ServiceLog;md;1417103284207;Linear;0.0;0.0;0.0
;ServiceLog;md;1417103285254;Linear;0.0;0.0;0.0
;ServiceLog;md;1417103286324;Linear;0.0;0.0;0.0
;ServiceLog;md;1417103287412;Linear;0.0;0.0;0.0
;ServiceLog;md;1417103288508;Linear;0.0;0.0;0.0
;ServiceLog;md;1417103289529;Linear;0.0;0.0;0.0
;ServiceLog;md;1417103290583;Linear;0.0;0.0;0.0
;ServiceLog;md;1417103291601;Linear;0.0;0.0;0.0
;ServiceLog;md;1417103292615;Linear;0.0;0.0;0.0
;ServiceLog;md;1417103293628;Linear;0.0;0.0;0.0
;ServiceLog;md;1417103294644;Linear;0.0;0.0;0.0
;ServiceLog;md;1417103295672;Linear;0.0;0.0;0.0
;ServiceLog;md;1417103296691;Linear;0.0;0.0;0.0
;ServiceLog;md;1417103297732;Linear;0.0;0.0;0.0
;ServiceLog;md;1417103298856;Linear;0.0;0.0;0.0
;ServiceLog;md;1417103299872;Linear;0.0;0.0;0.0
;ServiceLog;md;1417103300896;Linear;0.0;0.0;0.0
;ServiceLog;md;1417103301929;Linear;0.0;0.0;0.0
;ServiceLog;md;1417103302949;Linear;0.0;0.0;0.0
;ServiceLog;md;1417103303984;Linear;0.0;0.0;0.0
;ServiceLog;md;1417103305020;Linear;0.0;0.0;0.0
;ServiceLog;md;1417103306047;Linear;0.0;0.0;0.0
;ServiceLog;md;1417103307078;Linear;0.0;0.0;0.0
;ServiceLog;md;1417103308111;Linear;0.0;0.0;0.0
;ServiceLog;md;1417103309132;Linear;0.0;0.0;0.0
;ServiceLog;md;1417103310152;Linear;0.0;0.0;0.0
;ServiceLog;md;1417103311174;Linear;0.0;0.0;0.0
;ServiceLog;md;1417103312233;Linear;0.0;0.0;0.0
;ServiceLog;md;1417103313358;Linear;0.0;0.0;0.0
;ServiceLog;md;1417103314371;Linear;0.0;0.0;0.0
;ServiceLog;md;1417103315391;Linear;0.0;0.0;0.0
;ServiceLog;md;1417103316468;Linear;0.0;0.0;0.0
;ServiceLog;md;1417103317490;Linear;0.0;0.0;0.0
;ServiceLog;md;1417103318517;Linear;0.0;0.0;0.0
;ServiceLog;md;1417103319545;Linear;0.0;0.0;0.0
;ServiceLog;md;1417103320572;Linear;0.0;0.0;0.0
;ServiceLog;md;1417103321587;Linear;0.0;0.0;0.0
;ServiceLog;md;1417103322634;Linear;0.0;0.0;0.0
;ServiceLog;md;1417103323728;Linear;0.0;0.0;0.0
;ServiceLog;md;1417103324739;Linear;0.0;0.0;0.0
;ServiceLog;md;1417103325765;Linear;0.0;0.0;0.0
;ServiceLog;md;1417103326782;Linear;0.0;0.0;0.0
;ServiceLog;md;1417103327814;Linear;0.0;0.0;0.0
;ServiceLog;md;1417103328854;Linear;0.0;0.0;0.0
;ServiceLog;md;1417103329883;Linear;0.0;0.0;0.0
;ServiceLog;md;1417103330903;Linear;0.0;0.0;0.0
;ServiceLog;md;1417103331951;Linear;0.0;0.0;0.0
;ServiceLog;md;1417103333000;Linear;0.0;0.0;0.0
;ServiceLog;md;1417103334038;Linear;0.0;0.0;0.0
;ServiceLog;md;1417103335064;Linear;0.0;0.0;0.0
;ServiceLog;md;1417103336080;Linear;0.0;0.0;0.0
;ServiceLog;md;1417103337120;Linear;0.0;0.0;0.0
;ServiceLog;md;1417103338160;Linear;0.0;0.0;0.0
;ServiceLog;md;1417103339187;Linear;0.0;0.0;0.0
;ServiceLog;md;1417103340201;Linear;0.0;0.0;0.0
;ServiceLog;md;1417103341217;Linear;0.0;0.0;0.0
;ServiceLog;md;1417103342267;Linear;0.0;0.0;0.0
;ServiceLog;md;1417103343317;Linear;0.0;0.0;0.0
;ServiceLog;md;1417103344363;Linear;0.0;0.0;0.0
;ServiceLog;md;1417103345375;Linear;0.0;0.0;0.0
;ServiceLog;md;1417103346417;Linear;0.0;0.0;0.0
;ServiceLog;md;1417103347433;Linear;0.0;0.0;0.0
;ServiceLog;md;1417103348455;Linear;0.0;0.0;0.0
;ServiceLog;md;1417103349503;Linear;0.0;0.0;0.0
;ServiceLog;md;1417103350517;Linear;0.0;0.0;0.0
;ServiceLog;md;1417103351537;Linear;0.0;0.0;0.0
;ServiceLog;md;1417103352587;Linear;0.0;0.0;0.0
;ServiceLog;md;1417103353607;Linear;0.0;0.0;0.0
;ServiceLog;md;1417103354653;Linear;0.0;0.0;0.0
;ServiceLog;md;1417103355679;Linear;0.0;0.0;0.0
;ServiceLog;md;1417103356727;Linear;0.0;0.0;0.0
;ServiceLog;md;1417103357741;Linear;0.0;0.0;0.0
;ServiceLog;md;1417103358757;Linear;0.0;0.0;0.0
;ServiceLog;md;1417103359796;Linear;0.0;0.0;0.0
;ServiceLog;md;1417103360811;Linear;0.0;0.0;0.0
;ServiceLog;md;1417103361823;Linear;0.0;0.0;0.0
;ServiceLog;md;1417103362842;Linear;0.0;0.0;0.0
;ServiceLog;md;1417103363861;Linear;0.0;0.0;0.0
;ServiceLog;md;1417103364885;Linear;0.0;0.0;0.0
;ServiceLog;md;1417103365906;Linear;0.0;0.0;0.0
;ServiceLog;md;1417103366919;Linear;0.0;0.0;0.0
;ServiceLog;md;1417103367953;Linear;0.0;0.0;0.0
;ServiceLog;md;1417103368992;Linear;0.0;0.0;0.0
;ServiceLog;md;1417103370003;Linear;0.0;0.0;0.0
;ServiceLog;md;1417103371015;Linear;0.0;0.0;0.0
;ServiceLog;md;1417103372077;Linear;0.0;0.0;0.0
;ServiceLog;md;1417103373127;Linear;0.0;0.0;0.0
;ServiceLog;md;1417103374173;Linear;0.0;0.0;0.0
;ServiceLog;md;1417103375193;Linear;0.0;0.0;0.0
;ServiceLog;md;1417103376205;Linear;0.0;0.0;0.0
;ServiceLog;md;1417103377238;Linear;0.0;0.0;0.0
;ServiceLog;md;1417103378270;Linear;0.0;0.0;0.0
;ServiceLog;md;1417103379316;Linear;0.0;0.0;0.0
;ServiceLog;md;1417103380361;Linear;0.0;0.0;0.0
;ServiceLog;md;1417103381373;Linear;0.0;0.0;0.0
;ServiceLog;md;1417103382416;Linear;0.0;0.0;0.0
;ServiceLog;md;1417103383467;Linear;0.0;0.0;0.0
;ServiceLog;md;1417103384506;Linear;0.0;0.0;0.0
;ServiceLog;md;1417103385524;Linear;0.0;0.0;0.0
;ServiceLog;md;1417103386537;Linear;0.0;0.0;0.0
;ServiceLog;md;1417103387585;Linear;0.0;0.0;0.0
;ServiceLog;md;1417103388602;Linear;0.0;0.0;0.0
;ServiceLog;md;1417103389643;Linear;0.0;0.0;0.0
;ServiceLog;md;1417103390676;Linear;0.0;0.0;0.0
;ServiceLog;md;1417103391697;Linear;0.0;0.0;0.0
;ServiceLog;md;1417103392747;Linear;0.0;0.0;0.0
;ServiceLog;md;1417103393788;Linear;0.0;0.0;0.0
;ServiceLog;md;1417103394807;Linear;0.0;0.0;0.0
;ServiceLog;md;1417103395828;Linear;0.0;0.0;0.0
;ServiceLog;md;1417103396845;Linear;0.0;0.0;0.0
;ServiceLog;md;1417103397868;Linear;0.0;0.0;0.0
;ServiceLog;md;1417103398897;Linear;0.0;0.0;0.0
;ServiceLog;md;1417103399933;Linear;0.0;0.0;0.0
;ServiceLog;md;1417103400968;Linear;0.0;0.0;0.0
;ServiceLog;md;1417103401979;Linear;0.0;0.0;0.0
;ServiceLog;md;1417103403025;Linear;0.0;0.0;0.0
;ServiceLog;md;1417103404065;Linear;0.0;0.0;0.0
;ServiceLog;md;1417103405078;Linear;0.0;0.0;0.0
;ServiceLog;md;1417103406096;Linear;0.0;0.0;0.0
;ServiceLog;md;1417103407107;Linear;0.0;0.0;0.0
;ServiceLog;md;1417103408119;Linear;0.0;0.0;0.0
;ServiceLog;md;1417103409143;Linear;0.0;0.0;0.0
;ServiceLog;md;1417103410157;Linear;0.0;0.0;0.0
;ServiceLog;md;1417103411207;Linear;0.0;0.0;0.0
;ServiceLog;md;1417103412219;Linear;0.0;0.0;0.0
;ServiceLog;md;1417103413267;Linear;0.0;0.0;0.0
;ServiceLog;md;1417103414287;Linear;0.0;0.0;0.0
;ServiceLog;md;1417103415302;Linear;0.0;0.0;0.0
;ServiceLog;md;1417103416352;Linear;0.0;0.0;0.0
;ServiceLog;md;1417103417375;Linear;0.0;0.0;0.0
;ServiceLog;md;1417103418412;Linear;0.0;0.0;0.0
;ServiceLog;md;1417103419449;Linear;0.0;0.0;0.0
;ServiceLog;md;1417103420498;Linear;0.0;0.0;0.0
;ServiceLog;md;1417103421539;Linear;0.0;0.0;0.0
;ServiceLog;md;1417103422558;Linear;0.0;0.0;0.0
;ServiceLog;md;1417103423582;Linear;0.0;0.0;0.0
;ServiceLog;md;1417103424627;Linear;0.0;0.0;0.0
;ServiceLog;md;1417103425669;Linear;0.0;0.0;0.0
;ServiceLog;md;1417103426705;Linear;0.0;0.0;0.0
;ServiceLog;md;1417103427720;Linear;0.0;0.0;0.0
;ServiceLog;md;1417103428751;Linear;0.0;0.0;0.0
;ServiceLog;md;1417103429803;Linear;0.0;0.0;0.0
;ServiceLog;md;1417103430847;Linear;0.0;0.0;0.0
;ServiceLog;md;1417103431881;Linear;0.0;0.0;0.0
;ServiceLog;md;1417103432893;Linear;0.0;0.0;0.0
;ServiceLog;md;1417103433930;Linear;0.0;0.0;0.0
;ServiceLog;md;1417103434980;Linear;0.0;0.0;0.0
;ServiceLog;md;1417103436002;Linear;0.0;0.0;0.0
;ServiceLog;md;1417103437027;Linear;0.0;0.0;0.0
;ServiceLog;md;1417103438039;Linear;0.0;0.0;0.0
;ServiceLog;md;1417103439086;Linear;0.0;0.0;0.0
;ServiceLog;md;1417103440124;Linear;0.0;0.0;0.0
;ServiceLog;md;1417103441147;Linear;0.0;0.0;0.0
;ServiceLog;md;1417103442566;Linear;0.0;0.0;0.0
;ServiceLog;md;1417103443578;Linear;0.0;0.0;0.0
;ServiceLog;md;1417103444596;Linear;0.0;0.0;0.0
;ServiceLog;md;1417103445614;Linear;0.0;0.0;0.0
;ServiceLog;md;1417103446648;Linear;0.0;0.0;0.0
;ServiceLog;md;1417103447662;Linear;0.0;0.0;0.0
;ServiceLog;md;1417103448674;Linear;0.0;0.0;0.0
;ServiceLog;md;1417103449713;Linear;0.0;0.0;0.0
;ServiceLog;md;1417103450759;Linear;0.0;0.0;0.0
;ServiceLog;md;1417103451799;Linear;0.0;0.0;0.0
;ServiceLog;md;1417103452845;Linear;0.0;0.0;0.0
;ServiceLog;md;1417103453860;Linear;0.0;0.0;0.0
;ServiceLog;md;1417103454883;Linear;0.0;0.0;0.0
;ServiceLog;md;1417103455937;Linear;0.0;0.0;0.0
;ServiceLog;md;1417103456949;Linear;0.0;0.0;0.0
;ServiceLog;md;1417103457982;Linear;0.0;0.0;0.0
;ServiceLog;md;1417103459028;Linear;0.0;0.0;0.0
;ServiceLog;md;1417103460047;Linear;0.0;0.0;0.0
;ServiceLog;md;1417103461067;Linear;0.0;0.0;0.0
;ServiceLog;md;1417103462091;Linear;0.0;0.0;0.0
;ServiceLog;md;1417103463126;Linear;0.0;0.0;0.0
;ServiceLog;md;1417103464145;Linear;0.0;0.0;0.0
;ServiceLog;md;1417103465185;Linear;0.0;0.0;0.0
;ServiceLog;md;1417103466201;Linear;0.0;0.0;0.0
;ServiceLog;md;1417103467218;Linear;0.0;0.0;0.0
;ServiceLog;md;1417103468235;Linear;0.0;0.0;0.0
;ServiceLog;md;1417103469247;Linear;0.0;0.0;0.0
;ServiceLog;md;1417103470300;Linear;0.0;0.0;0.0
;ServiceLog;md;1417103471326;Linear;0.0;0.0;0.0
;ServiceLog;md;1417103472392;Linear;0.0;0.0;0.0
;ServiceLog;md;1417103473431;Linear;0.0;0.0;0.0
;ServiceLog;md;1417103474452;Linear;0.0;0.0;0.0
;ServiceLog;md;1417103475474;Linear;0.0;0.0;0.0
;ServiceLog;md;1417103476518;Linear;0.0;0.0;0.0
;ServiceLog;md;1417103477548;Linear;0.0;0.0;0.0
;ServiceLog;md;1417103478584;Linear;0.0;0.0;0.0
;ServiceLog;md;1417103479601;Linear;0.0;0.0;0.0
;ServiceLog;md;1417103480644;Linear;0.0;0.0;0.0
;ServiceLog;md;1417103481688;Linear;0.0;0.0;0.0
;ServiceLog;md;1417103482727;Linear;0.0;0.0;0.0
;ServiceLog;md;1417103483772;Linear;0.0;0.0;0.0
;ServiceLog;md;1417103484787;Linear;0.0;0.0;0.0
;ServiceLog;md;1417103485807;Linear;0.0;0.0;0.0
;ServiceLog;md;1417103486841;Linear;0.0;0.0;0.0
;ServiceLog;md;1417103487897;Linear;0.0;0.0;0.0
;ServiceLog;md;1417103488944;Linear;0.0;0.0;0.0
;ServiceLog;md;1417103489954;Linear;0.0;0.0;0.0
;ServiceLog;md;1417103490968;Linear;0.0;0.0;0.0
;ServiceLog;md;1417103492017;Linear;0.0;0.0;0.0
;ServiceLog;md;1417103493052;Linear;0.0;0.0;0.0
;ServiceLog;md;1417103494074;Linear;0.0;0.0;0.0
;ServiceLog;md;1417103495093;Linear;0.0;0.0;0.0
;ServiceLog;md;1417103496134;Linear;0.0;0.0;0.0
;ServiceLog;md;1417103497197;Linear;0.0;0.0;0.0
;ServiceLog;md;1417103498253;Linear;0.0;0.0;0.0
;ServiceLog;md;1417103499296;Linear;0.0;0.0;0.0
;ServiceLog;md;1417103500313;Linear;0.0;0.0;0.0
;ServiceLog;md;1417103501354;Linear;0.0;0.0;0.0
;ServiceLog;md;1417103502407;Linear;0.0;0.0;0.0
;ServiceLog;md;1417103503423;Linear;0.0;0.0;0.0
;ServiceLog;md;1417103504477;Linear;0.0;0.0;0.0
;ServiceLog;md;1417103505489;Linear;0.0;0.0;0.0
;ServiceLog;md;1417103506524;Linear;0.0;0.0;0.0
;ServiceLog;md;1417103507544;Linear;0.0;0.0;0.0
;ServiceLog;md;1417103508600;Linear;0.0;0.0;0.0
;ServiceLog;md;1417103509614;Linear;0.0;0.0;0.0
;ServiceLog;md;1417103510628;Linear;0.0;0.0;0.0
;ServiceLog;md;1417103511677;Linear;0.0;0.0;0.0
;ServiceLog;md;1417103512715;Linear;0.0;0.0;0.0
;ServiceLog;md;1417103513738;Linear;0.0;0.0;0.0
;ServiceLog;md;1417103514765;Linear;0.0;0.0;0.0
;ServiceLog;md;1417103515782;Linear;0.0;0.0;0.0
;ServiceLog;md;1417103516798;Linear;0.0;0.0;0.0
;ServiceLog;md;1417103517814;Linear;0.0;0.0;0.0
;ServiceLog;md;1417103518836;Linear;0.0;0.0;0.0
;ServiceLog;md;1417103519877;Linear;0.0;0.0;0.0
;ServiceLog;md;1417103520898;Linear;0.0;0.0;0.0
;ServiceLog;md;1417103521933;Linear;0.0;0.0;0.0
;ServiceLog;md;1417103522946;Linear;0.0;0.0;0.0
;ServiceLog;md;1417103523983;Linear;0.0;0.0;0.0
;ServiceLog;md;1417103525008;Linear;0.0;0.0;0.0
;ServiceLog;md;1417103526032;Linear;0.0;0.0;0.0
;ServiceLog;md;1417103527061;Linear;0.0;0.0;0.0
;ServiceLog;md;1417103528108;Linear;0.0;0.0;0.0
;ServiceLog;md;1417103529150;Linear;0.0;0.0;0.0
;ServiceLog;md;1417103530198;Linear;0.0;0.0;0.0
;ServiceLog;md;1417103531213;Linear;0.0;0.0;0.0
;ServiceLog;md;1417103532245;Linear;0.0;0.0;0.0
;ServiceLog;md;1417103533298;Linear;0.0;0.0;0.0
;ServiceLog;md;1417103534347;Linear;0.0;0.0;0.0
;ServiceLog;md;1417103535381;Linear;0.0;0.0;0.0
;ServiceLog;md;1417103536397;Linear;0.0;0.0;0.0
;ServiceLog;md;1417103537439;Linear;0.0;0.0;0.0
;ServiceLog;md;1417103538494;Linear;0.0;0.0;0.0
;ServiceLog;md;1417103539531;Linear;0.0;0.0;0.0
;ServiceLog;md;1417103540562;Linear;0.0;0.0;0.0
;ServiceLog;md;1417103541587;Linear;0.0;0.0;0.0
;ServiceLog;md;1417103542629;Linear;0.0;0.0;0.0
;ServiceLog;md;1417103543680;Linear;0.0;0.0;0.0
;ServiceLog;md;1417103544722;Linear;0.0;0.0;0.0
;ServiceLog;md;1417103545777;Linear;0.0;0.0;0.0
;ServiceLog;md;1417103546787;Linear;0.0;0.0;0.0
;ServiceLog;md;1417103547819;Linear;0.0;0.0;0.0
;ServiceLog;md;1417103548872;Linear;0.0;0.0;0.0
;ServiceLog;md;1417103549911;Linear;0.0;0.0;0.0
;ServiceLog;md;1417103550955;Linear;0.0;0.0;0.0
;ServiceLog;md;1417103551984;Linear;0.0;0.0;0.0
;ServiceLog;md;1417103553037;Linear;0.0;0.0;0.0
;ServiceLog;md;1417103554080;Linear;0.0;0.0;0.0
;ServiceLog;md;1417103555113;Linear;0.0;0.0;0.0
;ServiceLog;md;1417103556163;Linear;0.0;0.0;0.0
;ServiceLog;md;1417103557174;Linear;0.0;0.0;0.0
;ServiceLog;md;1417103558218;Linear;0.0;0.0;0.0
;ServiceLog;md;1417103559257;Linear;0.0;0.0;0.0
;ServiceLog;md;1417103560287;Linear;0.0;0.0;0.0
;ServiceLog;md;1417103561337;Linear;0.0;0.0;0.0
;ServiceLog;md;1417103562348;Linear;0.0;0.0;0.0
;ServiceLog;md;1417103563387;Linear;0.0;0.0;0.0
;ServiceLog;md;1417103564421;Linear;0.0;0.0;0.0
;ServiceLog;md;1417103565432;Linear;0.0;0.0;0.0
;ServiceLog;md;1417103566464;Linear;0.0;0.0;0.0
;ServiceLog;md;1417103567483;Linear;0.0;0.0;0.0
;ServiceLog;md;1417103568494;Linear;0.0;0.0;0.0
;ServiceLog;md;1417103569528;Linear;0.0;0.0;0.0
;ServiceLog;md;1417103570546;Linear;0.0;0.0;0.0
;ServiceLog;md;1417103571591;Linear;0.0;0.0;0.0
;ServiceLog;md;1417103572606;Linear;0.0;0.0;0.0
;ServiceLog;md;1417103573638;Linear;0.0;0.0;0.0
;ServiceLog;md;1417103574680;Linear;0.0;0.0;0.0
;ServiceLog;md;1417103576114;Linear;0.0;0.0;0.0
;ServiceLog;md;1417103577136;Linear;0.0;0.0;0.0
;ServiceLog;md;1417103578186;Linear;0.0;0.0;0.0
;ServiceLog;md;1417103579240;Linear;0.0;0.0;0.0
;ServiceLog;md;1417103580301;Linear;0.0;0.0;0.0
;ServiceLog;md;1417103581318;Linear;0.0;0.0;0.0
;ServiceLog;md;1417103582385;Linear;0.0;0.0;0.0
;ServiceLog;md;1417103583407;Linear;0.0;0.0;0.0
;ServiceLog;md;1417103584441;Linear;0.0;0.0;0.0
;ServiceLog;md;1417103585455;Linear;0.0;0.0;0.0
;ServiceLog;md;1417103586499;Linear;0.0;0.0;0.0
;ServiceLog;md;1417103587510;Linear;0.0;0.0;0.0
;ServiceLog;md;1417103588521;Linear;0.0;0.0;0.0
;ServiceLog;md;1417103589563;Linear;0.0;0.0;0.0
;ServiceLog;md;1417103590574;Linear;0.0;0.0;0.0
;ServiceLog;md;1417103591594;Linear;0.0;0.0;0.0
;ServiceLog;md;1417103592606;Linear;0.0;0.0;0.0
;ServiceLog;md;1417103593626;Linear;0.0;0.0;0.0
;ServiceLog;md;1417103594662;Linear;0.0;0.0;0.0
;ServiceLog;md;1417103595682;Linear;0.0;0.0;0.0
;ServiceLog;md;1417103596702;Linear;0.0;0.0;0.0
;ServiceLog;md;1417103597722;Linear;0.0;0.0;0.0
;ServiceLog;md;1417103598746;Linear;0.0;0.0;0.0
;ServiceLog;md;1417103599767;Linear;0.0;0.0;0.0
;ServiceLog;md;1417103600810;Linear;0.0;0.0;0.0
;ServiceLog;md;1417103601824;Linear;0.0;0.0;0.0
;ServiceLog;md;1417103602845;Linear;0.0;0.0;0.0
;ServiceLog;md;1417103603862;Linear;0.0;0.0;0.0
;ServiceLog;md;1417103604877;Linear;0.0;0.0;0.0
;ServiceLog;md;1417103605925;Linear;0.0;0.0;0.0
;ServiceLog;md;1417103606972;Linear;0.0;0.0;0.0
;ServiceLog;md;1417103607983;Linear;0.0;0.0;0.0
;ServiceLog;md;1417103609004;Linear;0.0;0.0;0.0
;ServiceLog;md;1417103610036;Linear;0.0;0.0;0.0
;ServiceLog;md;1417103611089;Linear;0.0;0.0;0.0
;ServiceLog;md;1417103612121;Linear;0.0;0.0;0.0
;ServiceLog;md;1417103613155;Linear;0.0;0.0;0.0
;ServiceLog;md;1417103614174;Linear;0.0;0.0;0.0
;ServiceLog;md;1417103615228;Linear;0.0;0.0;0.0
;ServiceLog;md;1417103616267;Linear;0.0;0.0;0.0
;ServiceLog;md;1417103617302;Linear;0.0;0.0;0.0
;ServiceLog;md;1417103618329;Linear;0.0;0.0;0.0
;ServiceLog;md;1417103619340;Linear;0.0;0.0;0.0
;ServiceLog;md;1417103620373;Linear;0.0;0.0;0.0
;ServiceLog;md;1417103621403;Linear;0.0;0.0;0.0
;ServiceLog;md;1417103622446;Linear;0.0;0.0;0.0
;ServiceLog;md;1417103623497;Linear;0.0;0.0;0.0
;ServiceLog;md;1417103624507;Linear;0.0;0.0;0.0
;ServiceLog;md;1417103625521;Linear;0.0;0.0;0.0
;ServiceLog;md;1417103626560;Linear;0.0;0.0;0.0
;ServiceLog;md;1417103627593;Linear;0.0;0.0;0.0
;ServiceLog;md;1417103628638;Linear;0.0;0.0;0.0
;ServiceLog;md;1417103629649;Linear;0.0;0.0;0.0
;ServiceLog;md;1417103630672;Linear;0.0;0.0;0.0
;ServiceLog;md;1417103631698;Linear;0.0;0.0;0.0
;ServiceLog;md;1417103632743;Linear;0.0;0.0;0.0
;ServiceLog;md;1417103633785;Linear;0.0;0.0;0.0
;ServiceLog;md;1417103634798;Linear;0.0;0.0;0.0
;ServiceLog;md;1417103635824;Linear;0.0;0.0;0.0
;ServiceLog;md;1417103636848;Linear;0.0;0.0;0.0
;ServiceLog;md;1417103637875;Linear;0.0;0.0;0.0
;ServiceLog;md;1417103638904;Linear;0.0;0.0;0.0
;ServiceLog;md;1417103639920;Linear;0.0;0.0;0.0
;ServiceLog;md;1417103640967;Linear;0.0;0.0;0.0
;ServiceLog;md;1417103641977;Linear;0.0;0.0;0.0
;ServiceLog;md;1417103643019;Linear;0.0;0.0;0.0
;ServiceLog;md;1417103644047;Linear;0.0;0.0;0.0
;ServiceLog;md;1417103645063;Linear;0.0;0.0;0.0
;ServiceLog;md;1417103646079;Linear;0.0;0.0;0.0
;ServiceLog;md;1417103647097;Linear;0.0;0.0;0.0
;ServiceLog;md;1417103648147;Linear;0.0;0.0;0.0
;ServiceLog;md;1417103649159;Linear;0.0;0.0;0.0
;ServiceLog;md;1417103650170;Linear;0.0;0.0;0.0
;ServiceLog;md;1417103651185;Linear;0.0;0.0;0.0
;ServiceLog;md;1417103652207;Linear;0.0;0.0;0.0
;ServiceLog;md;1417103653227;Linear;0.0;0.0;0.0
;ServiceLog;md;1417103654253;Linear;0.0;0.0;0.0
;ServiceLog;md;1417103655265;Linear;0.0;0.0;0.0
;ServiceLog;md;1417103656317;Linear;0.0;0.0;0.0
;ServiceLog;md;1417103657350;Linear;0.0;0.0;0.0
;ServiceLog;md;1417103658388;Linear;0.0;0.0;0.0
;ServiceLog;md;1417103659409;Linear;0.0;0.0;0.0
;ServiceLog;md;1417103660427;Linear;0.0;0.0;0.0
;ServiceLog;md;1417103661443;Linear;0.0;0.0;0.0
;ServiceLog;md;1417103662487;Linear;0.0;0.0;0.0
;ServiceLog;md;1417103663532;Linear;0.0;0.0;0.0
;ServiceLog;md;1417103664575;Linear;0.0;0.0;0.0
;ServiceLog;md;1417103665591;Linear;0.0;0.0;0.0
;ServiceLog;md;1417103666632;Linear;0.0;0.0;0.0
;ServiceLog;md;1417103667665;Linear;0.0;0.0;0.0
;ServiceLog;md;1417103668684;Linear;0.0;0.0;0.0
;ServiceLog;md;1417103669737;Linear;0.0;0.0;0.0
;ServiceLog;md;1417103670749;Linear;0.0;0.0;0.0
;ServiceLog;md;1417103671794;Linear;0.0;0.0;0.0
;ServiceLog;md;1417103672814;Linear;0.0;0.0;0.0
;ServiceLog;md;1417103673833;Linear;0.0;0.0;0.0
;ServiceLog;md;1417103674853;Linear;0.0;0.0;0.0
;ServiceLog;md;1417103675870;Linear;0.0;0.0;0.0
;ServiceLog;md;1417103676892;Linear;0.0;0.0;0.0
;ServiceLog;md;1417103678341;Linear;0.0;0.0;0.0
;ServiceLog;md;1417103679373;Linear;0.0;0.0;0.0
;ServiceLog;md;1417103680409;Linear;0.0;0.0;0.0
;ServiceLog;md;1417103681422;Linear;0.0;0.0;0.0
;ServiceLog;md;1417103682470;Linear;0.0;0.0;0.0
;ServiceLog;md;1417103683483;Linear;0.0;0.0;0.0
;ServiceLog;md;1417103684497;Linear;0.0;0.0;0.0
;ServiceLog;md;1417103685540;Linear;0.0;0.0;0.0
;ServiceLog;md;1417103686557;Linear;0.0;0.0;0.0
;ServiceLog;md;1417103687612;Linear;0.0;0.0;0.0
;ServiceLog;md;1417103688670;Linear;0.0;0.0;0.0
;ServiceLog;md;1417103689718;Linear;0.0;0.0;0.0
;ServiceLog;md;1417103690768;Linear;0.0;0.0;0.0
;ServiceLog;md;1417103691787;Linear;0.0;0.0;0.0
;ServiceLog;md;1417103692843;Linear;0.0;0.0;0.0
;ServiceLog;md;1417103693860;Linear;0.0;0.0;0.0
;ServiceLog;md;1417103694872;Linear;0.0;0.0;0.0
;ServiceLog;md;1417103695923;Linear;0.0;0.0;0.0
;ServiceLog;md;1417103696943;Linear;0.0;0.0;0.0
;ServiceLog;md;1417103697992;Linear;0.0;0.0;0.0
;ServiceLog;md;1417103699004;Linear;0.0;0.0;0.0
;ServiceLog;md;1417103700017;Linear;0.0;0.0;0.0
;ServiceLog;md;1417103701035;Linear;0.0;0.0;0.0
;ServiceLog;md;1417103702050;Linear;0.0;0.0;0.0
;ServiceLog;md;1417103703077;Linear;0.0;0.0;0.0
;ServiceLog;md;1417103704099;Linear;0.0;0.0;0.0
;ServiceLog;md;1417103705157;Linear;0.0;0.0;0.0
;ServiceLog;md;1417103706217;Linear;0.0;0.0;0.0
;ServiceLog;md;1417103707243;Linear;0.0;0.0;0.0
;ServiceLog;md;1417103708278;Linear;0.0;0.0;0.0
;ServiceLog;md;1417103709295;Linear;0.0;0.0;0.0
;ServiceLog;md;1417103710367;Linear;0.0;0.0;0.0
;ServiceLog;md;1417103711418;Linear;0.0;0.0;0.0
;ServiceLog;md;1417103712437;Linear;0.0;0.0;0.0
;ServiceLog;md;1417103713457;Linear;0.0;0.0;0.0
;ServiceLog;md;1417103714507;Linear;0.0;0.0;0.0
;ServiceLog;md;1417103715571;Linear;0.0;0.0;0.0
;ServiceLog;md;1417103716623;Linear;0.0;0.0;0.0
;ServiceLog;md;1417103717635;Linear;0.0;0.0;0.0
;ServiceLog;md;1417103718647;Linear;0.0;0.0;0.0
;ServiceLog;md;1417103719699;Linear;0.0;0.0;0.0
;ServiceLog;md;1417103720758;Linear;0.0;0.0;0.0
;ServiceLog;md;1417103721807;Linear;0.0;0.0;0.0
;ServiceLog;md;1417103722823;Linear;0.0;0.0;0.0
;ServiceLog;md;1417103723853;Linear;0.0;0.0;0.0
;ServiceLog;md;1417103724941;Linear;0.0;0.0;0.0
;ServiceLog;md;1417103725957;Linear;0.0;0.0;0.0
;ServiceLog;md;1417103727008;Linear;0.0;0.0;0.0
;ServiceLog;md;1417103728027;Linear;0.0;0.0;0.0
;ServiceLog;md;1417103729077;Linear;0.0;0.0;0.0
;ServiceLog;md;1417103730127;Linear;0.0;0.0;0.0
;ServiceLog;md;1417103731147;Linear;0.0;0.0;0.0
;ServiceLog;md;1417103732186;Linear;0.0;0.0;0.0
;ServiceLog;md;1417103733223;Linear;0.0;0.0;0.0
;ServiceLog;md;1417103734257;Linear;0.0;0.0;0.0
;ServiceLog;md;1417103735313;Linear;0.0;0.0;0.0
;ServiceLog;md;1417103736374;Linear;0.0;0.0;0.0
;ServiceLog;md;1417103737427;Linear;0.0;0.0;0.0
;ServiceLog;md;1417103738446;Linear;0.0;0.0;0.0
;ServiceLog;md;1417103739523;Linear;0.0;0.0;0.0
;ServiceLog;md;1417103740537;Linear;0.0;0.0;0.0
;ServiceLog;md;1417103741552;Linear;0.0;0.0;0.0
;ServiceLog;md;1417103742601;Linear;0.0;0.0;0.0
;ServiceLog;md;1417103743650;Linear;0.0;0.0;0.0
;ServiceLog;md;1417103744667;Linear;0.0;0.0;0.0
;ServiceLog;md;1417103745727;Linear;0.0;0.0;0.0
;ServiceLog;md;1417103746767;Linear;0.0;0.0;0.0
;ServiceLog;md;1417103747808;Linear;0.0;0.0;0.0
;ServiceLog;md;1417103748825;Linear;0.0;0.0;0.0
;ServiceLog;md;1417103749876;Linear;0.0;0.0;0.0
;ServiceLog;md;1417103750910;Linear;0.0;0.0;0.0
;ServiceLog;md;1417103751942;Linear;0.0;0.0;0.0
;ServiceLog;md;1417103753040;Linear;0.0;0.0;0.0
;ServiceLog;md;1417103754054;Linear;0.0;0.0;0.0
;ServiceLog;md;1417103755065;Linear;0.0;0.0;0.0
;ServiceLog;md;1417103756105;Linear;0.0;0.0;0.0
;ServiceLog;md;1417103757151;Linear;0.0;0.0;0.0
;ServiceLog;md;1417103758197;Linear;0.0;0.0;0.0
;ServiceLog;md;1417103759217;Linear;0.0;0.0;0.0
;ServiceLog;md;1417103760258;Linear;0.0;0.0;0.0
;ServiceLog;md;1417103761277;Linear;0.0;0.0;0.0
;ServiceLog;md;1417103762313;Linear;0.0;0.0;0.0
;ServiceLog;md;1417103763355;Linear;0.0;0.0;0.0
;ServiceLog;md;1417103764369;Linear;0.0;0.0;0.0
;ServiceLog;md;1417103765407;Linear;0.0;0.0;0.0
;ServiceLog;md;1417103766444;Linear;0.0;0.0;0.0
;ServiceLog;md;1417103767497;Linear;0.0;0.0;0.0
;ServiceLog;md;1417103768530;Linear;0.0;0.0;0.0
;ServiceLog;md;1417103769555;Linear;0.0;0.0;0.0
;ServiceLog;md;1417103770624;Linear;0.0;0.0;0.0
;ServiceLog;md;1417103771663;Linear;0.0;0.0;0.0
;ServiceLog;md;1417103772723;Linear;0.0;0.0;0.0
;ServiceLog;md;1417103773788;Linear;0.0;0.0;0.0
;ServiceLog;md;1417103774824;Linear;0.0;0.0;0.0
;ServiceLog;md;1417103775845;Linear;0.0;0.0;0.0
;ServiceLog;md;1417103776883;Linear;0.0;0.0;0.0
;ServiceLog;md;1417103778384;Linear;0.0;0.0;0.0
;ServiceLog;md;1417103779407;Linear;0.0;0.0;0.0
;ServiceLog;md;1417103780427;Linear;0.0;0.0;0.0
;ServiceLog;md;1417103781451;Linear;0.0;0.0;0.0
;ServiceLog;md;1417103782481;Linear;0.0;0.0;0.0
;ServiceLog;md;1417103783534;Linear;0.0;0.0;0.0
;ServiceLog;md;1417103784591;Linear;0.0;0.0;0.0
;ServiceLog;md;1417103785617;Linear;0.0;0.0;0.0
;ServiceLog;md;1417103786632;Linear;0.0;0.0;0.0
;ServiceLog;md;1417103787661;Linear;0.0;0.0;0.0
;ServiceLog;md;1417103788685;Linear;0.0;0.0;0.0
;ServiceLog;md;1417103789699;Linear;0.0;0.0;0.0
;ServiceLog;md;1417103790735;Linear;0.0;0.0;0.0
;ServiceLog;md;1417103791756;Linear;0.0;0.0;0.0
;ServiceLog;md;1417103792774;Linear;0.0;0.0;0.0
;ServiceLog;md;1417103793817;Linear;0.0;0.0;0.0
;ServiceLog;md;1417103795233;Linear;0.0;0.0;0.0
;ServiceLog;md;1417103796250;Linear;0.0;0.0;0.0
;ServiceLog;md;1417103797267;Linear;0.0;0.0;0.0
;ServiceLog;md;1417103798290;Linear;0.0;0.0;0.0
;ServiceLog;md;1417103799319;Linear;0.0;0.0;0.0
;ServiceLog;md;1417103800339;Linear;0.0;0.0;0.0
;ServiceLog;md;1417103801391;Linear;0.0;0.0;0.0
;ServiceLog;md;1417103802410;Linear;0.0;0.0;0.0
;ServiceLog;md;1417103803433;Linear;0.0;0.0;0.0
;ServiceLog;md;1417103804463;Linear;0.0;0.0;0.0
;ServiceLog;md;1417103805510;Linear;0.0;0.0;0.0
;ServiceLog;md;1417103806527;Linear;0.0;0.0;0.0
;ServiceLog;md;1417103807578;Linear;0.0;0.0;0.0
;ServiceLog;md;1417103808595;Linear;0.0;0.0;0.0
;ServiceLog;md;1417103809681;Linear;0.0;0.0;0.0
;ServiceLog;md;1417103810728;Linear;0.0;0.0;0.0
;ServiceLog;md;1417103811784;Linear;0.0;0.0;0.0
;ServiceLog;md;1417103812850;Linear;0.0;0.0;0.0
;ServiceLog;md;1417103813901;Linear;0.0;0.0;0.0
;ServiceLog;md;1417103814949;Linear;0.0;0.0;0.0
;ServiceLog;md;1417103815977;Linear;0.0;0.0;0.0
;ServiceLog;md;1417103817017;Linear;0.0;0.0;0.0
;ServiceLog;md;1417103818036;Linear;0.0;0.0;0.0
;ServiceLog;md;1417103819055;Linear;0.0;0.0;0.0
;ServiceLog;md;1417103820112;Linear;0.0;0.0;0.0
;ServiceLog;md;1417103821128;Linear;0.0;0.0;0.0
;ServiceLog;md;1417103822144;Linear;0.0;0.0;0.0
;ServiceLog;md;1417103823167;Linear;0.0;0.0;0.0
;ServiceLog;md;1417103973227;Linear;0.0;0.0;0.0
;ServiceLog;md;1417103974272;Linear;0.0;0.0;0.0
;ServiceLog;md;1417103975351;Linear;0.0;0.0;0.0
;ServiceLog;md;1417103976378;Linear;0.0;0.0;0.0
;ServiceLog;md;1417103977392;Linear;0.0;0.0;0.0
;ServiceLog;md;1417103978412;Linear;0.0;0.0;0.0
;ServiceLog;md;1417103979433;Linear;0.0;0.0;0.0
;ServiceLog;md;1417103980451;Linear;0.0;0.0;0.0
;ServiceLog;md;1417103981471;Linear;0.0;0.0;0.0
;ServiceLog;md;1417103982490;Linear;0.0;0.0;0.0
;ServiceLog;md;1417103983537;Linear;0.0;0.0;0.0
;ServiceLog;md;1417103984588;Linear;0.0;0.0;0.0
;ServiceLog;md;1417103985641;Linear;0.0;0.0;0.0
;ServiceLog;md;1417103986660;Linear;0.0;0.0;0.0
;ServiceLog;md;1417103987683;Linear;0.0;0.0;0.0
;ServiceLog;md;1417103988700;Linear;0.0;0.0;0.0
;ServiceLog;md;1417103989762;Linear;0.0;0.0;0.0
;ServiceLog;md;1417103990782;Linear;0.0;0.0;0.0
;ServiceLog;md;1417103991799;Linear;0.0;0.0;0.0
;ServiceLog;md;1417103992871;Linear;0.0;0.0;0.0
;ServiceLog;md;1417103993893;Linear;0.0;0.0;0.0
;ServiceLog;md;1417103994950;Linear;0.0;0.0;0.0
;ServiceLog;md;1417103995997;Linear;0.0;0.0;0.0
;ServiceLog;md;1417103997013;Linear;0.0;0.0;0.0
;ServiceLog;md;1417103998072;Linear;0.0;0.0;0.0
;ServiceLog;md;1417103999119;Linear;0.0;0.0;0.0
;ServiceLog;md;1417104000173;Linear;0.0;0.0;0.0
;ServiceLog;md;1417104001192;Linear;0.0;0.0;0.0
;ServiceLog;md;1417104002209;Linear;0.0;0.0;0.0
;ServiceLog;md;1417104003267;Linear;0.0;0.0;0.0
;ServiceLog;md;1417104004313;Linear;0.0;0.0;0.0
;ServiceLog;md;1417104005375;Linear;0.0;0.0;0.0
;ServiceLog;md;1417104006412;Linear;0.0;0.0;0.0
;ServiceLog;md;1417104007479;Linear;0.0;0.0;0.0
;ServiceLog;md;1417104068028;Linear;0.0;0.0;0.0
;ServiceLog;md;1417104069069;Linear;0.0;0.0;0.0
;ServiceLog;md;1417104070116;Linear;0.0;0.0;0.0
;ServiceLog;md;1417104071169;Linear;0.0;0.0;0.0
;ServiceLog;md;1417104072192;Linear;0.0;0.0;0.0
;ServiceLog;md;1417104073216;Linear;0.0;0.0;0.0
;ServiceLog;md;1417104074252;Linear;0.0;0.0;0.0
;ServiceLog;md;1417104075298;Linear;0.0;0.0;0.0
;ServiceLog;md;1417104076348;Linear;0.0;0.0;0.0
;ServiceLog;md;1417104077392;Linear;0.0;0.0;0.0
;ServiceLog;md;1417104078409;Linear;0.0;0.0;0.0
;ServiceLog;md;1417104079427;Linear;0.0;0.0;0.0
;ServiceLog;md;1417104080458;Linear;0.0;0.0;0.0
;ServiceLog;md;1417104081483;Linear;0.0;0.0;0.0
;ServiceLog;md;1417104082947;Linear;0.0;0.0;0.0
;ServiceLog;md;1417104083971;Linear;0.0;0.0;0.0
;ServiceLog;md;1417104085026;Linear;0.0;0.0;0.0
;ServiceLog;md;1417104086081;Linear;0.0;0.0;0.0
;ServiceLog;md;1417104087097;Linear;0.0;0.0;0.0
;ServiceLog;md;1417104088111;Linear;0.0;0.0;0.0
;ServiceLog;md;1417104089128;Linear;0.0;0.0;0.0
;ServiceLog;md;1417104090143;Linear;0.0;0.0;0.0
;ServiceLog;md;1417104091196;Linear;0.0;0.0;0.0
;ServiceLog;md;1417104092210;Linear;0.0;0.0;0.0
;ServiceLog;md;1417104093232;Linear;0.0;0.0;0.0
;ServiceLog;md;1417104094249;Linear;0.0;0.0;0.0
;ServiceLog;md;1417104095267;Linear;0.0;0.0;0.0
;ServiceLog;md;1417104096312;Linear;0.0;0.0;0.0
;ServiceLog;md;1417104097330;Linear;0.0;0.0;0.0
;ServiceLog;md;1417104098376;Linear;0.0;0.0;0.0
;ServiceLog;md;1417104099390;Linear;0.0;0.0;0.0
;ServiceLog;md;1417104100403;Linear;0.0;0.0;0.0
;ServiceLog;md;1417104101447;Linear;0.0;0.0;0.0
;ServiceLog;md;1417104102480;Linear;0.0;0.0;0.0
;ServiceLog;md;1417104103536;Linear;0.0;0.0;0.0
;ServiceLog;md;1417104104575;Linear;0.0;0.0;0.0
;ServiceLog;md;1417104105630;Linear;0.0;0.0;0.0
;ServiceLog;md;1417104106643;Linear;0.0;0.0;0.0
;ServiceLog;md;1417104107662;Linear;0.0;0.0;0.0
;ServiceLog;md;1417104108709;Linear;0.0;0.0;0.0
;ServiceLog;md;1417104109746;Linear;0.0;0.0;0.0
;ServiceLog;md;1417104110792;Linear;0.0;0.0;0.0
;ServiceLog;md;1417104111810;Linear;0.0;0.0;0.0
;ServiceLog;md;1417104112842;Linear;0.0;0.0;0.0
;ServiceLog;md;1417104113859;Linear;0.0;0.0;0.0
;ServiceLog;md;1417104114893;Linear;0.0;0.0;0.0
;ServiceLog;md;1417104115945;Linear;0.0;0.0;0.0
;ServiceLog;md;1417104116974;Linear;0.0;0.0;0.0
;ServiceLog;md;1417104117993;Linear;0.0;0.0;0.0
;ServiceLog;md;1417104119054;Linear;0.0;0.0;0.0
;ServiceLog;md;1417104120079;Linear;0.0;0.0;0.0
;ServiceLog;md;1417104121106;Linear;0.0;0.0;0.0
;ServiceLog;md;1417104122146;Linear;0.0;0.0;0.0
;ServiceLog;md;1417104123202;Linear;0.0;0.0;0.0
;ServiceLog;md;1417104124253;Linear;0.0;0.0;0.0
;ServiceLog;md;1417104125273;Linear;0.0;0.0;0.0
;ServiceLog;md;1417104126324;Linear;0.0;0.0;0.0
;ServiceLog;md;1417104127371;Linear;0.0;0.0;0.0
;ServiceLog;md;1417104128390;Linear;0.0;0.0;0.0
;ServiceLog;md;1417104129408;Linear;0.0;0.0;0.0
;ServiceLog;md;1417104130429;Linear;0.0;0.0;0.0
;ServiceLog;md;1417104131455;Linear;0.0;0.0;0.0
;ServiceLog;md;1417104132502;Linear;0.0;0.0;0.0
;ServiceLog;md;1417104133517;Linear;0.0;0.0;0.0
;ServiceLog;md;1417104134560;Linear;0.0;0.0;0.0
;ServiceLog;md;1417104135575;Linear;0.0;0.0;0.0
;ServiceLog;md;1417104136625;Linear;0.0;0.0;0.0
;ServiceLog;md;1417104137675;Linear;0.0;0.0;0.0
;ServiceLog;md;1417104138728;Linear;0.0;0.0;0.0
;ServiceLog;md;1417104139758;Linear;0.0;0.0;0.0
;ServiceLog;md;1417104140791;Linear;0.0;0.0;0.0
;ServiceLog;md;1417104141837;Linear;0.0;0.0;0.0
;ServiceLog;md;1417104142889;Linear;0.0;0.0;0.0
;ServiceLog;md;1417104143939;Linear;0.0;0.0;0.0
;ServiceLog;md;1417104144987;Linear;0.0;0.0;0.0
;ServiceLog;md;1417104146005;Linear;0.0;0.0;0.0
;ServiceLog;md;1417104147057;Linear;0.0;0.0;0.0
;ServiceLog;md;1417104148114;Linear;0.0;0.0;0.0
;ServiceLog;md;1417104149131;Linear;0.0;0.0;0.0
;ServiceLog;md;1417104150178;Linear;0.0;0.0;0.0
;ServiceLog;md;1417104151213;Linear;0.0;0.0;0.0
;ServiceLog;md;1417104152243;Linear;0.0;0.0;0.0
;ServiceLog;md;1417104153261;Linear;0.0;0.0;0.0
;ServiceLog;md;1417104154312;Linear;0.0;0.0;0.0
;ServiceLog;md;1417104155350;Linear;0.0;0.0;0.0
;ServiceLog;md;1417104156370;Linear;0.0;0.0;0.0
;ServiceLog;md;1417104157419;Linear;0.0;0.0;0.0
;ServiceLog;md;1417104158474;Linear;0.0;0.0;0.0
;ServiceLog;md;1417104159521;Linear;0.0;0.0;0.0
;ServiceLog;md;1417104160573;Linear;0.0;0.0;0.0
;ServiceLog;md;1417104161609;Linear;0.0;0.0;0.0
;ServiceLog;md;1417104162628;Linear;0.0;0.0;0.0
;ServiceLog;md;1417104163655;Linear;0.0;0.0;0.0
;ServiceLog;md;1417104164722;Linear;0.0;0.0;0.0
;ServiceLog;md;1417104165778;Linear;0.0;0.0;0.0
;ServiceLog;md;1417104166798;Linear;0.0;0.0;0.0
;ServiceLog;md;1417104167835;Linear;0.0;0.0;0.0
;ServiceLog;md;1417104168892;Linear;0.0;0.0;0.0
;ServiceLog;md;1417104169964;Linear;0.0;0.0;0.0
;ServiceLog;md;1417104171019;Linear;0.0;0.0;0.0
;ServiceLog;md;1417104172034;Linear;0.0;0.0;0.0
;ServiceLog;md;1417104173092;Linear;0.0;0.0;0.0
;ServiceLog;md;1417104174142;Linear;0.0;0.0;0.0
;ServiceLog;md;1417104175198;Linear;0.0;0.0;0.0
;ServiceLog;md;1417104176252;Linear;0.0;0.0;0.0
;ServiceLog;md;1417104177271;Linear;0.0;0.0;0.0
;ServiceLog;md;1417104178321;Linear;0.0;0.0;0.0
;ServiceLog;md;1417104179370;Linear;0.0;0.0;0.0
;ServiceLog;md;1417104180414;Linear;0.0;0.0;0.0
;ServiceLog;md;1417104181434;Linear;0.0;0.0;0.0
;ServiceLog;md;1417104182449;Linear;0.0;0.0;0.0
;ServiceLog;md;1417104183497;Linear;0.0;0.0;0.0
;ServiceLog;md;1417104184521;Linear;0.0;0.0;0.0
;ServiceLog;md;1417104185571;Linear;0.0;0.0;0.0
;ServiceLog;md;1417104186637;Linear;0.0;0.0;0.0
;ServiceLog;md;1417104187653;Linear;0.0;0.0;0.0
;ServiceLog;md;1417104188704;Linear;0.0;0.0;0.0
;ServiceLog;md;1417104189751;Linear;0.0;0.0;0.0
;ServiceLog;md;1417104190778;Linear;0.0;0.0;0.0
;ServiceLog;md;1417104191836;Linear;0.0;0.0;0.0
;ServiceLog;md;1417104192862;Linear;0.0;0.0;0.0
;ServiceLog;md;1417104193875;Linear;0.0;0.0;0.0
;ServiceLog;md;1417104194921;Linear;0.0;0.0;0.0
;ServiceLog;md;1417104195942;Linear;0.0;0.0;0.0
;ServiceLog;md;1417104197012;Linear;0.0;0.0;0.0
;ServiceLog;md;1417104198030;Linear;0.0;0.0;0.0
;ServiceLog;md;1417104199053;Linear;0.0;0.0;0.0
;ServiceLog;md;1417104200076;Linear;0.0;0.0;0.0
;ServiceLog;md;1417104201131;Linear;0.0;0.0;0.0
;ServiceLog;md;1417104202150;Linear;0.0;0.0;0.0
;ServiceLog;md;1417104203166;Linear;0.0;0.0;0.0
;ServiceLog;md;1417104204216;Linear;0.0;0.0;0.0
;ServiceLog;md;1417104205263;Linear;0.0;0.0;0.0
;ServiceLog;md;1417104206311;Linear;0.0;0.0;0.0
;ServiceLog;md;1417104207368;Linear;0.0;0.0;0.0
;ServiceLog;md;1417104208386;Linear;0.0;0.0;0.0
;ServiceLog;md;1417104209408;Linear;0.0;0.0;0.0
;ServiceLog;md;1417104210429;Linear;0.0;0.0;0.0
;ServiceLog;md;1417104211484;Linear;0.0;0.0;0.0
;ServiceLog;md;1417104212537;Linear;0.0;0.0;0.0
;ServiceLog;md;1417104213556;Linear;0.0;0.0;0.0
;ServiceLog;md;1417104214573;Linear;0.0;0.0;0.0
;ServiceLog;md;1417104215625;Linear;0.0;0.0;0.0
;ServiceLog;md;1417104216658;Linear;0.0;0.0;0.0
;ServiceLog;md;1417104217679;Linear;0.0;0.0;0.0
;ServiceLog;md;1417104218693;Linear;0.0;0.0;0.0
;ServiceLog;md;1417104219747;Linear;0.0;0.0;0.0
;ServiceLog;md;1417104220767;Linear;0.0;0.0;0.0
;ServiceLog;md;1417104221799;Linear;0.0;0.0;0.0
;ServiceLog;md;1417104222820;Linear;0.0;0.0;0.0
;ServiceLog;md;1417104223838;Linear;0.0;0.0;0.0
;ServiceLog;md;1417104224858;Linear;0.0;0.0;0.0
;ServiceLog;md;1417104225883;Linear;0.0;0.0;0.0
;ServiceLog;md;1417104226936;Linear;0.0;0.0;0.0
;ServiceLog;md;1417104227972;Linear;0.0;0.0;0.0
;ServiceLog;md;1417104228990;Linear;0.0;0.0;0.0
;ServiceLog;md;1417104230033;Linear;0.0;0.0;0.0
;ServiceLog;md;1417104231104;Linear;0.0;0.0;0.0
;ServiceLog;md;1417104232134;Linear;0.0;0.0;0.0
;ServiceLog;md;1417104233148;Linear;0.0;0.0;0.0
;ServiceLog;md;1417104234183;Linear;0.0;0.0;0.0
;ServiceLog;md;1417104235203;Linear;0.0;0.0;0.0
;ServiceLog;md;1417104236229;Linear;0.0;0.0;0.0
;ServiceLog;md;1417104237243;Linear;0.0;0.0;0.0
;ServiceLog;md;1417104238292;Linear;0.0;0.0;0.0
;ServiceLog;md;1417104239319;Linear;0.0;0.0;0.0
;ServiceLog;md;1417104240374;Linear;0.0;0.0;0.0
;ServiceLog;md;1417104241393;Linear;0.0;0.0;0.0
;ServiceLog;md;1417104242445;Linear;0.0;0.0;0.0
;ServiceLog;md;1417104243503;Linear;0.0;0.0;0.0
;ServiceLog;md;1417104244527;Linear;0.0;0.0;0.0
;ServiceLog;md;1417104245580;Linear;0.0;0.0;0.0
;ServiceLog;md;1417104246640;Linear;0.0;0.0;0.0
;ServiceLog;md;1417104247673;Linear;0.0;0.0;0.0
;ServiceLog;md;1417104248695;Linear;0.0;0.0;0.0
;ServiceLog;md;1417104249723;Linear;0.0;0.0;0.0
;ServiceLog;md;1417104250770;Linear;0.0;0.0;0.0
;ServiceLog;md;1417104251815;Linear;0.0;0.0;0.0
;ServiceLog;md;1417104252872;Linear;0.0;0.0;0.0
;ServiceLog;md;1417104253884;Linear;0.0;0.0;0.0
;ServiceLog;md;1417104254902;Linear;0.0;0.0;0.0
;ServiceLog;md;1417104255921;Linear;0.0;0.0;0.0
;ServiceLog;md;1417104256951;Linear;0.0;0.0;0.0
;ServiceLog;md;1417104257981;Linear;0.0;0.0;0.0
;ServiceLog;md;1417104258999;Linear;0.0;0.0;0.0
;ServiceLog;md;1417104260028;Linear;0.0;0.0;0.0
;ServiceLog;md;1417104261076;Linear;0.0;0.0;0.0
;ServiceLog;md;1417104262123;Linear;0.0;0.0;0.0
;ServiceLog;md;1417104263141;Linear;0.0;0.0;0.0
;ServiceLog;md;1417104264173;Linear;0.0;0.0;0.0
;ServiceLog;md;1417104265199;Linear;0.0;0.0;0.0
;ServiceLog;md;1417104266219;Linear;0.0;0.0;0.0
;ServiceLog;md;1417104267244;Linear;0.0;0.0;0.0
;ServiceLog;md;1417104268304;Linear;0.0;0.0;0.0
;ServiceLog;md;1417104269359;Linear;0.0;0.0;0.0
;ServiceLog;md;1417104270383;Linear;0.0;0.0;0.0
;ServiceLog;md;1417104271402;Linear;0.0;0.0;0.0
;ServiceLog;md;1417104272425;Linear;0.0;0.0;0.0
;ServiceLog;md;1417104273476;Linear;0.0;0.0;0.0
;ServiceLog;md;1417104274492;Linear;0.0;0.0;0.0
;ServiceLog;md;1417104275506;Linear;0.0;0.0;0.0
;ServiceLog;md;1417104276522;Linear;0.0;0.0;0.0
;ServiceLog;md;1417104277546;Linear;0.0;0.0;0.0
;ServiceLog;md;1417104278573;Linear;0.0;0.0;0.0
;ServiceLog;md;1417104279591;Linear;0.0;0.0;0.0
;ServiceLog;md;1417104280606;Linear;0.0;0.0;0.0
;ServiceLog;md;1417104281632;Linear;0.0;0.0;0.0
;ServiceLog;md;1417104282661;Linear;0.0;0.0;0.0
;ServiceLog;md;1417104283705;Linear;0.0;0.0;0.0
;ServiceLog;md;1417104284758;Linear;0.0;0.0;0.0
;ServiceLog;md;1417104285777;Linear;0.0;0.0;0.0
;ServiceLog;md;1417104286903;Linear;0.0;0.0;0.0
;ServiceLog;md;1417104287979;Linear;0.0;0.0;0.0
;ServiceLog;md;1417104289023;Linear;0.0;0.0;0.0
;ServiceLog;md;1417104290081;Linear;0.0;0.0;0.0
;ServiceLog;md;1417104291096;Linear;0.0;0.0;0.0
;ServiceLog;md;1417104292108;Linear;0.0;0.0;0.0
;ServiceLog;md;1417104293122;Linear;0.0;0.0;0.0
;ServiceLog;md;1417104294143;Linear;0.0;0.0;0.0
;ServiceLog;md;1417104295190;Linear;0.0;0.0;0.0
;ServiceLog;md;1417104296210;Linear;0.0;0.0;0.0
;ServiceLog;md;1417104297669;Linear;0.0;0.0;0.0
;ServiceLog;md;1417104298728;Linear;0.0;0.0;0.0
;ServiceLog;md;1417104299787;Linear;0.0;0.0;0.0
;ServiceLog;md;1417104300831;Linear;0.0;0.0;0.0
;ServiceLog;md;1417104301882;Linear;0.0;0.0;0.0
;ServiceLog;md;1417104302903;Linear;0.0;0.0;0.0
;ServiceLog;md;1417104303955;Linear;0.0;0.0;0.0
;ServiceLog;md;1417104305003;Linear;0.0;0.0;0.0
;ServiceLog;md;1417104306053;Linear;0.0;0.0;0.0
;ServiceLog;md;1417104307104;Linear;0.0;0.0;0.0
;ServiceLog;md;1417104308153;Linear;0.0;0.0;0.0
;ServiceLog;md;1417104309204;Linear;0.0;0.0;0.0
;ServiceLog;md;1417104310240;Linear;0.0;0.0;0.0
;ServiceLog;md;1417104311283;Linear;0.0;0.0;0.0
;ServiceLog;md;1417104312299;Linear;0.0;0.0;0.0
;ServiceLog;md;1417104313346;Linear;0.0;0.0;0.0
;ServiceLog;md;1417104314397;Linear;0.0;0.0;0.0
;ServiceLog;md;1417104315447;Linear;0.0;0.0;0.0
;ServiceLog;md;1417104316487;Linear;0.0;0.0;0.0
;ServiceLog;md;1417104317533;Linear;0.0;0.0;0.0
;ServiceLog;md;1417104318575;Linear;0.0;0.0;0.0
;ServiceLog;md;1417104319599;Linear;0.0;0.0;0.0
;ServiceLog;md;1417104320624;Linear;0.0;0.0;0.0
;ServiceLog;md;1417104321668;Linear;0.0;0.0;0.0
;ServiceLog;md;1417104322726;Linear;0.0;0.0;0.0
;ServiceLog;md;1417104323757;Linear;0.0;0.0;0.0
;ServiceLog;md;1417104324788;Linear;0.0;0.0;0.0
;ServiceLog;md;1417104325818;Linear;0.0;0.0;0.0
;ServiceLog;md;1417104326835;Linear;0.0;0.0;0.0
;ServiceLog;md;1417104327852;Linear;0.0;0.0;0.0
;ServiceLog;md;1417104328866;Linear;0.0;0.0;0.0
;ServiceLog;md;1417104329882;Linear;0.0;0.0;0.0
;ServiceLog;md;1417104330943;Linear;0.0;0.0;0.0
;ServiceLog;md;1417104331982;Linear;0.0;0.0;0.0
;ServiceLog;md;1417104332997;Linear;0.0;0.0;0.0
;ServiceLog;md;1417104334052;Linear;0.0;0.0;0.0
;ServiceLog;md;1417104335102;Linear;0.0;0.0;0.0
;ServiceLog;md;1417104336163;Linear;0.0;0.0;0.0
;ServiceLog;md;1417104337203;Linear;0.0;0.0;0.0
;ServiceLog;md;1417104338253;Linear;0.0;0.0;0.0
;ServiceLog;md;1417104339299;Linear;0.0;0.0;0.0
;ServiceLog;md;1417104340351;Linear;0.0;0.0;0.0
;ServiceLog;md;1417104341369;Linear;0.0;0.0;0.0
;ServiceLog;md;1417104342422;Linear;0.0;0.0;0.0
;ServiceLog;md;1417104343437;Linear;0.0;0.0;0.0
;ServiceLog;md;1417104344483;Linear;0.0;0.0;0.0
;ServiceLog;md;1417104345541;Linear;0.0;0.0;0.0
;ServiceLog;md;1417104346591;Linear;0.0;0.0;0.0
;ServiceLog;md;1417104347607;Linear;0.0;0.0;0.0
;ServiceLog;md;1417104348626;Linear;0.0;0.0;0.0
;ServiceLog;md;1417104349663;Linear;0.0;0.0;0.0
;ServiceLog;md;1417104350697;Linear;0.0;0.0;0.0
;ServiceLog;md;1417104351751;Linear;0.0;0.0;0.0
;ServiceLog;md;1417104352794;Linear;0.0;0.0;0.0
;ServiceLog;md;1417104353806;Linear;0.0;0.0;0.0
;ServiceLog;md;1417104354861;Linear;0.0;0.0;0.0
;ServiceLog;md;1417104355901;Linear;0.0;0.0;0.0
;ServiceLog;md;1417104356958;Linear;0.0;0.0;0.0
;ServiceLog;md;1417104357981;Linear;0.0;0.0;0.0
;ServiceLog;md;1417104358997;Linear;0.0;0.0;0.0
;ServiceLog;md;1417104360013;Linear;0.0;0.0;0.0
;ServiceLog;md;1417104361083;Linear;0.0;0.0;0.0
;ServiceLog;md;1417104362129;Linear;0.0;0.0;0.0
;ServiceLog;md;1417104363180;Linear;0.0;0.0;0.0
;ServiceLog;md;1417104364192;Linear;0.0;0.0;0.0
;ServiceLog;md;1417104365208;Linear;0.0;0.0;0.0
;ServiceLog;md;1417104366260;Linear;0.0;0.0;0.0
;ServiceLog;md;1417104367309;Linear;0.0;0.0;0.0
;ServiceLog;md;1417104368361;Linear;0.0;0.0;0.0
;ServiceLog;md;1417104369392;Linear;0.0;0.0;0.0
;ServiceLog;md;1417104370445;Linear;0.0;0.0;0.0
;ServiceLog;md;1417104371488;Linear;0.0;0.0;0.0
;ServiceLog;md;1417104372523;Linear;0.0;0.0;0.0
;ServiceLog;md;1417104373538;Linear;0.0;0.0;0.0
;ServiceLog;md;1417104374553;Linear;0.0;0.0;0.0
;ServiceLog;md;1417104375601;Linear;0.0;0.0;0.0
;ServiceLog;md;1417104376659;Linear;0.0;0.0;0.0
;ServiceLog;md;1417104377704;Linear;0.0;0.0;0.0
;ServiceLog;md;1417104378759;Linear;0.0;0.0;0.0
;ServiceLog;md;1417104379796;Linear;0.0;0.0;0.0
;ServiceLog;md;1417104380813;Linear;0.0;0.0;0.0
;ServiceLog;md;1417104381853;Linear;0.0;0.0;0.0
;ServiceLog;md;1417104383343;Linear;0.0;0.0;0.0
;ServiceLog;md;1417104384367;Linear;0.0;0.0;0.0
;ServiceLog;md;1417104385403;Linear;0.0;0.0;0.0
;ServiceLog;md;1417104386429;Linear;0.0;0.0;0.0
;ServiceLog;md;1417104387495;Linear;0.0;0.0;0.0
;ServiceLog;md;1417104388512;Linear;0.0;0.0;0.0
;ServiceLog;md;1417104389545;Linear;0.0;0.0;0.0
;ServiceLog;md;1417104390560;Linear;0.0;0.0;0.0
;ServiceLog;md;1417104391589;Linear;0.0;0.0;0.0
;ServiceLog;md;1417104392608;Linear;0.0;0.0;0.0
;ServiceLog;md;1417104393672;Linear;0.0;0.0;0.0
;ServiceLog;md;1417104394691;Linear;0.0;0.0;0.0
;ServiceLog;md;1417104396161;Linear;0.0;0.0;0.0
;ServiceLog;md;1417104397193;Linear;0.0;0.0;0.0
;ServiceLog;md;1417104398215;Linear;0.0;0.0;0.0
;ServiceLog;md;1417104399241;Linear;0.0;0.0;0.0
;ServiceLog;md;1417104400262;Linear;0.0;0.0;0.0
;ServiceLog;md;1417104401278;Linear;0.0;0.0;0.0
;ServiceLog;md;1417104402338;Linear;0.0;0.0;0.0
;ServiceLog;md;1417104403400;Linear;0.0;0.0;0.0
;ServiceLog;md;1417104404414;Linear;0.0;0.0;0.0
;ServiceLog;md;1417104405464;Linear;0.0;0.0;0.0
;ServiceLog;md;1417104406494;Linear;0.0;0.0;0.0
;ServiceLog;md;1417104407536;Linear;0.0;0.0;0.0
;ServiceLog;md;1417104408585;Linear;0.0;0.0;0.0
;ServiceLog;md;1417104409598;Linear;0.0;0.0;0.0
;ServiceLog;md;1417104410631;Linear;0.0;0.0;0.0
;ServiceLog;md;1417104411646;Linear;0.0;0.0;0.0
;ServiceLog;md;1417104412675;Linear;0.0;0.0;0.0
;ServiceLog;md;1417104413712;Linear;0.0;0.0;0.0
;ServiceLog;md;1417104414768;Linear;0.0;0.0;0.0
;ServiceLog;md;1417104415820;Linear;0.0;0.0;0.0
;ServiceLog;md;1417104416843;Linear;0.0;0.0;0.0
;ServiceLog;md;1417104417896;Linear;0.0;0.0;0.0
;ServiceLog;md;1417104418945;Linear;0.0;0.0;0.0
;ServiceLog;md;1417104419997;Linear;0.0;0.0;0.0
;ServiceLog;md;1417104421081;Linear;0.0;0.0;0.0
;ServiceLog;md;1417104422106;Linear;0.0;0.0;0.0
;ServiceLog;md;1417104423136;Linear;0.0;0.0;0.0
;ServiceLog;md;1417104424159;Linear;0.0;0.0;0.0
;ServiceLog;md;1417104425177;Linear;0.0;0.0;0.0
;ServiceLog;md;1417104426194;Linear;0.0;0.0;0.0
;ServiceLog;md;1417104427215;Linear;0.0;0.0;0.0
;ServiceLog;md;1417104428273;Linear;0.0;0.0;0.0
;ServiceLog;md;1417104429290;Linear;0.0;0.0;0.0
;ServiceLog;md;1417104430342;Linear;0.0;0.0;0.0
;ServiceLog;md;1417104431383;Linear;0.0;0.0;0.0
;ServiceLog;md;1417104432413;Linear;0.0;0.0;0.0
;ServiceLog;md;1417104433465;Linear;0.0;0.0;0.0
;ServiceLog;md;1417104434523;Linear;0.0;0.0;0.0
;ServiceLog;md;1417104435575;Linear;0.0;0.0;0.0
;ServiceLog;md;1417104436631;Linear;0.0;0.0;0.0
;ServiceLog;md;1417104437653;Linear;0.0;0.0;0.0
;ServiceLog;md;1417104438708;Linear;0.0;0.0;0.0
;ServiceLog;md;1417104439752;Linear;0.0;0.0;0.0
;ServiceLog;md;1417104708122;Linear;0.0;0.0;0.0
;ServiceLog;md;1417104709140;Linear;0.0;0.0;0.0
;ServiceLog;md;1417104710166;Linear;0.0;0.0;0.0
;ServiceLog;md;1417104711212;Linear;0.0;0.0;0.0
;ServiceLog;md;1417104712264;Linear;0.0;0.0;0.0
;ServiceLog;md;1417104713286;Linear;0.0;0.0;0.0
;ServiceLog;md;1417104714342;Linear;0.0;0.0;0.0
;ServiceLog;md;1417104715368;Linear;0.0;0.0;0.0
;ServiceLog;md;1417104716400;Linear;0.0;0.0;0.0
;ServiceLog;md;1417104717425;Linear;0.0;0.0;0.0
;ServiceLog;md;1417104718446;Linear;0.0;0.0;0.0
;ServiceLog;md;1417104719494;Linear;0.0;0.0;0.0
;ServiceLog;md;1417104720552;Linear;0.0;0.0;0.0
;ServiceLog;md;1417104721651;Linear;0.0;0.0;0.0
;ServiceLog;md;1417104722670;Linear;0.0;0.0;0.0
;ServiceLog;md;1417104723695;Linear;0.0;0.0;0.0
;ServiceLog;md;1417104724769;Linear;0.0;0.0;0.0
;ServiceLog;md;1417104725792;Linear;0.0;0.0;0.0
;ServiceLog;md;1417104726812;Linear;0.0;0.0;0.0
;ServiceLog;md;1417104727872;Linear;0.0;0.0;0.0
;ServiceLog;md;1417104728926;Linear;0.0;0.0;0.0
;ServiceLog;md;1417104729984;Linear;0.0;0.0;0.0
;ServiceLog;md;1417104731042;Linear;0.0;0.0;0.0
;ServiceLog;md;1417104732070;Linear;0.0;0.0;0.0
;ServiceLog;md;1417104733111;Linear;0.0;0.0;0.0
;ServiceLog;md;1417104734166;Linear;0.0;0.0;0.0
;ServiceLog;md;1417104735229;Linear;0.0;0.0;0.0
;ServiceLog;md;1417104736278;Linear;0.0;0.0;0.0
;ServiceLog;md;1417104737302;Linear;0.0;0.0;0.0
;ServiceLog;md;1417104738323;Linear;0.0;0.0;0.0
;ServiceLog;md;1417104739380;Linear;0.0;0.0;0.0
;ServiceLog;md;1417104740513;Linear;0.0;0.0;0.0
;ServiceLog;md;1417104741534;Linear;0.0;0.0;0.0
;ServiceLog;md;1417104742592;Linear;0.0;0.0;0.0
;ServiceLog;md;1417104743643;Linear;0.0;0.0;0.0
;ServiceLog;md;1417104744673;Linear;0.0;0.0;0.0
;ServiceLog;md;1417104745733;Linear;0.0;0.0;0.0
;ServiceLog;md;1417104746749;Linear;0.0;0.0;0.0
;ServiceLog;md;1417104747772;Linear;0.0;0.0;0.0
;ServiceLog;md;1417104748824;Linear;0.0;0.0;0.0
;ServiceLog;md;1417104749879;Linear;0.0;0.0;0.0
;ServiceLog;md;1417104750892;Linear;0.0;0.0;0.0
;ServiceLog;md;1417104752140;Linear;0.0;0.0;0.0
;ServiceLog;md;1417104753195;Linear;0.0;0.0;0.0
;ServiceLog;md;1417104754253;Linear;0.0;0.0;0.0
;ServiceLog;md;1417104755270;Linear;0.0;0.0;0.0
;ServiceLog;md;1417104756291;Linear;0.0;0.0;0.0
;ServiceLog;md;1417104757339;Linear;0.0;0.0;0.0
;ServiceLog;md;1417104758363;Linear;0.0;0.0;0.0
;ServiceLog;md;1417104759407;Linear;0.0;0.0;0.0
;ServiceLog;md;1417104760422;Linear;0.0;0.0;0.0
;ServiceLog;md;1417104761437;Linear;0.0;0.0;0.0
;ServiceLog;md;1417104762459;Linear;0.0;0.0;0.0
;ServiceLog;md;1417104763474;Linear;0.0;0.0;0.0
;ServiceLog;md;1417104764504;Linear;0.0;0.0;0.0
;ServiceLog;md;1417104765523;Linear;0.0;0.0;0.0
;ServiceLog;md;1417104766543;Linear;0.0;0.0;0.0
;ServiceLog;md;1417104767569;Linear;0.0;0.0;0.0
;ServiceLog;md;1417104768587;Linear;0.0;0.0;0.0
;ServiceLog;md;1417104769603;Linear;0.0;0.0;0.0
;ServiceLog;md;1417104770661;Linear;0.0;0.0;0.0
;ServiceLog;md;1417104771714;Linear;0.0;0.0;0.0
;ServiceLog;md;1417104772765;Linear;0.0;0.0;0.0
;ServiceLog;md;1417104773780;Linear;0.0;0.0;0.0
;ServiceLog;md;1417104774832;Linear;0.0;0.0;0.0
;ServiceLog;md;1417104775885;Linear;0.0;0.0;0.0
;ServiceLog;md;1417104776931;Linear;0.0;0.0;0.0
;ServiceLog;md;1417104777983;Linear;0.0;0.0;0.0
;ServiceLog;md;1417104779013;Linear;0.0;0.0;0.0
;ServiceLog;md;1417104780029;Linear;0.0;0.0;0.0
;ServiceLog;md;1417104781073;Linear;0.0;0.0;0.0
;ServiceLog;md;1417104782096;Linear;0.0;0.0;0.0
;ServiceLog;md;1417104783144;Linear;0.0;0.0;0.0
;ServiceLog;md;1417104784166;Linear;0.0;0.0;0.0
;ServiceLog;md;1417104785204;Linear;0.0;0.0;0.0
;ServiceLog;md;1417104786263;Linear;0.0;0.0;0.0
;ServiceLog;md;1417104787312;Linear;0.0;0.0;0.0
;ServiceLog;md;1417104788362;Linear;0.0;0.0;0.0
;ServiceLog;md;1417104789380;Linear;0.0;0.0;0.0
;ServiceLog;md;1417104790419;Linear;0.0;0.0;0.0
;ServiceLog;md;1417104791446;Linear;0.0;0.0;0.0
;ServiceLog;md;1417104792504;Linear;0.0;0.0;0.0
;ServiceLog;md;1417104793555;Linear;0.0;0.0;0.0
;ServiceLog;md;1417104794572;Linear;0.0;0.0;0.0
;ServiceLog;md;1417104795623;Linear;0.0;0.0;0.0
;ServiceLog;md;1417104796642;Linear;0.0;0.0;0.0
;ServiceLog;md;1417104797670;Linear;0.0;0.0;0.0
;ServiceLog;md;1417104798685;Linear;0.0;0.0;0.0
;ServiceLog;md;1417104799703;Linear;0.0;0.0;0.0
;ServiceLog;md;1417104800737;Linear;0.0;0.0;0.0
;ServiceLog;md;1417104801753;Linear;0.0;0.0;0.0
;ServiceLog;md;1417104802780;Linear;0.0;0.0;0.0
;ServiceLog;md;1417104803828;Linear;0.0;0.0;0.0
;ServiceLog;md;1417104804841;Linear;0.0;0.0;0.0
;ServiceLog;md;1417104805877;Linear;0.0;0.0;0.0
;ServiceLog;md;1417104806913;Linear;0.0;0.0;0.0
;ServiceLog;md;1417104807935;Linear;0.0;0.0;0.0
;ServiceLog;md;1417104808993;Linear;0.0;0.0;0.0
;ServiceLog;md;1417104810006;Linear;0.0;0.0;0.0
;ServiceLog;md;1417104811017;Linear;0.0;0.0;0.0
;ServiceLog;md;1417104812060;Linear;0.0;0.0;0.0
;ServiceLog;md;1417104813096;Linear;0.0;0.0;0.0
;ServiceLog;md;1417104814149;Linear;0.0;0.0;0.0
;ServiceLog;md;1417104815162;Linear;0.0;0.0;0.0
;ServiceLog;md;1417104816196;Linear;0.0;0.0;0.0
;ServiceLog;md;1417104817240;Linear;0.0;0.0;0.0
;ServiceLog;md;1417104818291;Linear;0.0;0.0;0.0
;ServiceLog;md;1417104819336;Linear;0.0;0.0;0.0
;ServiceLog;md;1417104820349;Linear;0.0;0.0;0.0
;ServiceLog;md;1417104821375;Linear;0.0;0.0;0.0
;ServiceLog;md;1417104822392;Linear;0.0;0.0;0.0
;ServiceLog;md;1417104823404;Linear;0.0;0.0;0.0
;ServiceLog;md;1417104824423;Linear;0.0;0.0;0.0
;ServiceLog;md;1417104825449;Linear;0.0;0.0;0.0
;ServiceLog;md;1417104826487;Linear;0.0;0.0;0.0
;ServiceLog;md;1417104827531;Linear;0.0;0.0;0.0
;ServiceLog;md;1417104828552;Linear;0.0;0.0;0.0
;ServiceLog;md;1417104829598;Linear;0.0;0.0;0.0
;ServiceLog;md;1417104830608;Linear;0.0;0.0;0.0
;ServiceLog;md;1417104831731;Linear;0.0;0.0;0.0
;ServiceLog;md;1417104832786;Linear;0.0;0.0;0.0
;ServiceLog;md;1417104833831;Linear;0.0;0.0;0.0
;ServiceLog;md;1417104834867;Linear;0.0;0.0;0.0
;ServiceLog;md;1417104835892;Linear;0.0;0.0;0.0
;ServiceLog;md;1417104836938;Linear;0.0;0.0;0.0
;ServiceLog;md;1417104837983;Linear;0.0;0.0;0.0
;ServiceLog;md;1417104839024;Linear;0.0;0.0;0.0
;ServiceLog;md;1417104840081;Linear;0.0;0.0;0.0
;ServiceLog;md;1417104841106;Linear;0.0;0.0;0.0
;ServiceLog;md;1417104842145;Linear;0.0;0.0;0.0
;ServiceLog;md;1417104843162;Linear;0.0;0.0;0.0
;ServiceLog;md;1417104844213;Linear;0.0;0.0;0.0
;ServiceLog;md;1417104845245;Linear;0.0;0.0;0.0
;ServiceLog;md;1417104846280;Linear;0.0;0.0;0.0
;ServiceLog;md;1417104847321;Linear;0.0;0.0;0.0
;ServiceLog;md;1417104848363;Linear;0.0;0.0;0.0
;ServiceLog;md;1417104849397;Linear;0.0;0.0;0.0
;ServiceLog;md;1417104850453;Linear;0.0;0.0;0.0
;ServiceLog;md;1417104851473;Linear;0.0;0.0;0.0
;ServiceLog;md;1417104852508;Linear;0.0;0.0;0.0
;ServiceLog;md;1417104853550;Linear;0.0;0.0;0.0
;ServiceLog;md;1417104854589;Linear;0.0;0.0;0.0
;ServiceLog;md;1417104855622;Linear;0.0;0.0;0.0
;ServiceLog;md;1417104856643;Linear;0.0;0.0;0.0
;ServiceLog;md;1417104857682;Linear;0.0;0.0;0.0
;ServiceLog;md;1417104858719;Linear;0.0;0.0;0.0
;ServiceLog;md;1417104859750;Linear;0.0;0.0;0.0
;ServiceLog;md;1417104860769;Linear;0.0;0.0;0.0
;ServiceLog;md;1417104861789;Linear;0.0;0.0;0.0
;ServiceLog;md;1417104862810;Linear;0.0;0.0;0.0
;ServiceLog;md;1417104863852;Linear;0.0;0.0;0.0
;ServiceLog;md;1417104864873;Linear;0.0;0.0;0.0
;ServiceLog;md;1417104865893;Linear;0.0;0.0;0.0
;ServiceLog;md;1417104866912;Linear;0.0;0.0;0.0
;ServiceLog;md;1417104867934;Linear;0.0;0.0;0.0
;ServiceLog;md;1417104868976;Linear;0.0;0.0;0.0
;ServiceLog;md;1417104870014;Linear;0.0;0.0;0.0
;ServiceLog;md;1417104871032;Linear;0.0;0.0;0.0
;ServiceLog;md;1417104872081;Linear;0.0;0.0;0.0
;ServiceLog;md;1417104873123;Linear;0.0;0.0;0.0
;ServiceLog;md;1417104874159;Linear;0.0;0.0;0.0
;ServiceLog;md;1417104875204;Linear;0.0;0.0;0.0
;ServiceLog;md;1417104876277;Linear;0.0;0.0;0.0
;ServiceLog;md;1417104877298;Linear;0.0;0.0;0.0
;ServiceLog;md;1417104878343;Linear;0.0;0.0;0.0
;ServiceLog;md;1417104879383;Linear;0.0;0.0;0.0
;ServiceLog;md;1417104880433;Linear;0.0;0.0;0.0
;ServiceLog;md;1417104881472;Linear;0.0;0.0;0.0
;ServiceLog;md;1417104882490;Linear;0.0;0.0;0.0
;ServiceLog;md;1417104883529;Linear;0.0;0.0;0.0
;ServiceLog;md;1417104884561;Linear;0.0;0.0;0.0
;ServiceLog;md;1417104885611;Linear;0.0;0.0;0.0
;ServiceLog;md;1417104886650;Linear;0.0;0.0;0.0
;ServiceLog;md;1417104887691;Linear;0.0;0.0;0.0
;ServiceLog;md;1417104888742;Linear;0.0;0.0;0.0
;ServiceLog;md;1417104889787;Linear;0.0;0.0;0.0
;ServiceLog;md;1417104890833;Linear;0.0;0.0;0.0
;ServiceLog;md;1417104891867;Linear;0.0;0.0;0.0
;ServiceLog;md;1417104892881;Linear;0.0;0.0;0.0
;ServiceLog;md;1417104893924;Linear;0.0;0.0;0.0
;ServiceLog;md;1417104894963;Linear;0.0;0.0;0.0
;ServiceLog;md;1417104895997;Linear;0.0;0.0;0.0
;ServiceLog;md;1417104897039;Linear;0.0;0.0;0.0
;ServiceLog;md;1417104898076;Linear;0.0;0.0;0.0
;ServiceLog;md;1417104899097;Linear;0.0;0.0;0.0
;ServiceLog;md;1417104900113;Linear;0.0;0.0;0.0
;ServiceLog;md;1417104901126;Linear;0.0;0.0;0.0
;ServiceLog;md;1417104902150;Linear;0.0;0.0;0.0
;ServiceLog;md;1417104903180;Linear;0.0;0.0;0.0
;ServiceLog;md;1417104904198;Linear;0.0;0.0;0.0
;ServiceLog;md;1417104905233;Linear;0.0;0.0;0.0
;ServiceLog;md;1417104906273;Linear;0.0;0.0;0.0
;ServiceLog;md;1417104907323;Linear;0.0;0.0;0.0
;ServiceLog;md;1417104908337;Linear;0.0;0.0;0.0
;ServiceLog;md;1417104909372;Linear;0.0;0.0;0.0
;ServiceLog;md;1417104910414;Linear;0.0;0.0;0.0
;ServiceLog;md;1417104911440;Linear;0.0;0.0;0.0
;ServiceLog;md;1417104912487;Linear;0.0;0.0;0.0
;ServiceLog;md;1417104913512;Linear;0.0;0.0;0.0
;ServiceLog;md;1417104914538;Linear;0.0;0.0;0.0
;ServiceLog;md;1417104915563;Linear;0.0;0.0;0.0
;ServiceLog;md;1417104916589;Linear;0.0;0.0;0.0
;ServiceLog;md;1417104917613;Linear;0.0;0.0;0.0
;ServiceLog;md;1417104918633;Linear;0.0;0.0;0.0
;ServiceLog;md;1417104919653;Linear;0.0;0.0;0.0
;ServiceLog;md;1417104920722;Linear;0.0;0.0;0.0
;ServiceLog;md;1417104921740;Linear;0.0;0.0;0.0
;ServiceLog;md;1417104922757;Linear;0.0;0.0;0.0
;ServiceLog;md;1417104923778;Linear;0.0;0.0;0.0
;ServiceLog;md;1417104924803;Linear;0.0;0.0;0.0
;ServiceLog;md;1417104925844;Linear;0.0;0.0;0.0
;ServiceLog;md;1417104926883;Linear;0.0;0.0;0.0
;ServiceLog;md;1417104927922;Linear;0.0;0.0;0.0
;ServiceLog;md;1417104928943;Linear;0.0;0.0;0.0
;ServiceLog;md;1417104929982;Linear;0.0;0.0;0.0
;ServiceLog;md;1417104931016;Linear;0.0;0.0;0.0
;ServiceLog;md;1417104932033;Linear;0.0;0.0;0.0
;ServiceLog;md;1417104933074;Linear;0.0;0.0;0.0
;ServiceLog;md;1417104934086;Linear;0.0;0.0;0.0
;ServiceLog;md;1417104935112;Linear;0.0;0.0;0.0
;ServiceLog;md;1417104936127;Linear;0.0;0.0;0.0
;ServiceLog;md;1417104937165;Linear;0.0;0.0;0.0
;ServiceLog;md;1417104938182;Linear;0.0;0.0;0.0
;ServiceLog;md;1417104939552;Linear;0.0;0.0;0.0
;ServiceLog;md;1417104940571;Linear;0.0;0.0;0.0
;ServiceLog;md;1417104941593;Linear;0.0;0.0;0.0
;ServiceLog;md;1417104942620;Linear;0.0;0.0;0.0
;ServiceLog;md;1417104943641;Linear;0.0;0.0;0.0
;ServiceLog;md;1417104944707;Linear;0.0;0.0;0.0
;ServiceLog;md;1417104945763;Linear;0.0;0.0;0.0
;ServiceLog;md;1417104946813;Linear;0.0;0.0;0.0
;ServiceLog;md;1417104947872;Linear;0.0;0.0;0.0
;ServiceLog;md;1417104948902;Linear;0.0;0.0;0.0
;ServiceLog;md;1417104949920;Linear;0.0;0.0;0.0
;ServiceLog;md;1417104950940;Linear;0.0;0.0;0.0
;ServiceLog;md;1417104951954;Linear;0.0;0.0;0.0
;ServiceLog;md;1417104953013;Linear;0.0;0.0;0.0
;ServiceLog;md;1417104954026;Linear;0.0;0.0;0.0
;ServiceLog;md;1417104955043;Linear;0.0;0.0;0.0
;ServiceLog;md;1417104956070;Linear;0.0;0.0;0.0
;ServiceLog;md;1417104957132;Linear;0.0;0.0;0.0
;ServiceLog;md;1417104958180;Linear;0.0;0.0;0.0
;ServiceLog;md;1417104959209;Linear;0.0;0.0;0.0
;ServiceLog;md;1417104960232;Linear;0.0;0.0;0.0
;ServiceLog;md;1417104961254;Linear;0.0;0.0;0.0
;ServiceLog;md;1417104962301;Linear;0.0;0.0;0.0
;ServiceLog;md;1417104963371;Linear;0.0;0.0;0.0
;ServiceLog;md;1417104964389;Linear;0.0;0.0;0.0
;ServiceLog;md;1417104965405;Linear;0.0;0.0;0.0
;ServiceLog;md;1417104966464;Linear;0.0;0.0;0.0
;ServiceLog;md;1417104967493;Linear;0.0;0.0;0.0
;ServiceLog;md;1417104968524;Linear;0.0;0.0;0.0
;ServiceLog;md;1417104969549;Linear;0.0;0.0;0.0
;ServiceLog;md;1417104970592;Linear;0.0;0.0;0.0
;ServiceLog;md;1417104971647;Linear;0.0;0.0;0.0
;ServiceLog;md;1417104972694;Linear;0.0;0.0;0.0
;ServiceLog;md;1417104973744;Linear;0.0;0.0;0.0
;ServiceLog;md;1417104974763;Linear;0.0;0.0;0.0
;ServiceLog;md;1417104975798;Linear;0.0;0.0;0.0
;ServiceLog;md;1417104976819;Linear;0.0;0.0;0.0
;ServiceLog;md;1417104977837;Linear;0.0;0.0;0.0
;ServiceLog;md;1417104978861;Linear;0.0;0.0;0.0
;ServiceLog;md;1417104979919;Linear;0.0;0.0;0.0
;ServiceLog;md;1417104980932;Linear;0.0;0.0;0.0
;ServiceLog;md;1417104981945;Linear;0.0;0.0;0.0
;ServiceLog;md;1417104982992;Linear;0.0;0.0;0.0
;ServiceLog;md;1417104984018;Linear;0.0;0.0;0.0
;ServiceLog;md;1417104985131;Linear;0.0;0.0;0.0
;ServiceLog;md;1417104986161;Linear;0.0;0.0;0.0
;ServiceLog;md;1417104987183;Linear;0.0;0.0;0.0
;ServiceLog;md;1417104988203;Linear;0.0;0.0;0.0
;ServiceLog;md;1417104989259;Linear;0.0;0.0;0.0
;ServiceLog;md;1417104990323;Linear;0.0;0.0;0.0
;ServiceLog;md;1417104991343;Linear;0.0;0.0;0.0
;ServiceLog;md;1417104992399;Linear;0.0;0.0;0.0
;ServiceLog;md;1417104993420;Linear;0.0;0.0;0.0
;ServiceLog;md;1417104994434;Linear;0.0;0.0;0.0
;ServiceLog;md;1417104995450;Linear;0.0;0.0;0.0
;ServiceLog;md;1417104996485;Linear;0.0;0.0;0.0
;ServiceLog;md;1417104997503;Linear;0.0;0.0;0.0
;ServiceLog;md;1417104998549;Linear;0.0;0.0;0.0
;ServiceLog;md;1417104999572;Linear;0.0;0.0;0.0
;ServiceLog;md;1417105000593;Linear;0.0;0.0;0.0
;ServiceLog;md;1417105001609;Linear;0.0;0.0;0.0
;ServiceLog;md;1417105002633;Linear;0.0;0.0;0.0
;ServiceLog;md;1417105003675;Linear;0.0;0.0;0.0
;ServiceLog;md;1417105004723;Linear;0.0;0.0;0.0
;ServiceLog;md;1417105005752;Linear;0.0;0.0;0.0
;ServiceLog;md;1417105006765;Linear;0.0;0.0;0.0
;ServiceLog;md;1417105007820;Linear;0.0;0.0;0.0
;ServiceLog;md;1417105008875;Linear;0.0;0.0;0.0
;ServiceLog;md;1417105009926;Linear;0.0;0.0;0.0
;ServiceLog;md;1417105010947;Linear;0.0;0.0;0.0
;ServiceLog;md;1417105012012;Linear;0.0;0.0;0.0
;ServiceLog;md;1417105013049;Linear;0.0;0.0;0.0
;ServiceLog;md;1417105014073;Linear;0.0;0.0;0.0
;ServiceLog;md;1417105015092;Linear;0.0;0.0;0.0
;ServiceLog;md;1417105016106;Linear;0.0;0.0;0.0
;ServiceLog;md;1417105017124;Linear;0.0;0.0;0.0
;ServiceLog;md;1417105018145;Linear;0.0;0.0;0.0
;ServiceLog;md;1417105019157;Linear;0.0;0.0;0.0
;ServiceLog;md;1417105020231;Linear;0.0;0.0;0.0
;ServiceLog;md;1417105021242;Linear;0.0;0.0;0.0
;ServiceLog;md;1417105022254;Linear;0.0;0.0;0.0
;ServiceLog;md;1417105023272;Linear;0.0;0.0;0.0
;ServiceLog;md;1417105024295;Linear;0.0;0.0;0.0
;ServiceLog;md;1417105025316;Linear;0.0;0.0;0.0
;ServiceLog;md;1417105026353;Linear;0.0;0.0;0.0
;ServiceLog;md;1417105027365;Linear;0.0;0.0;0.0
;ServiceLog;md;1417105028403;Linear;0.0;0.0;0.0
;ServiceLog;md;1417105029440;Linear;0.0;0.0;0.0
;ServiceLog;md;1417105030484;Linear;0.0;0.0;0.0
;ServiceLog;md;1417105031533;Linear;0.0;0.0;0.0
;ServiceLog;md;1417105032560;Linear;0.0;0.0;0.0
;ServiceLog;md;1417105033611;Linear;0.0;0.0;0.0
;ServiceLog;md;1417105034640;Linear;0.0;0.0;0.0
;ServiceLog;md;1417105035673;Linear;0.0;0.0;0.0
;ServiceLog;md;1417105036717;Linear;0.0;0.0;0.0
;ServiceLog;md;1417105037728;Linear;0.0;0.0;0.0
;ServiceLog;md;1417105038778;Linear;0.0;0.0;0.0
;ServiceLog;md;1417105039803;Linear;0.0;0.0;0.0
;ServiceLog;md;1417105040822;Linear;0.0;0.0;0.0
;ServiceLog;md;1417105041863;Linear;0.0;0.0;0.0
;ServiceLog;md;1417105042875;Linear;0.0;0.0;0.0
;ServiceLog;md;1417105043923;Linear;0.0;0.0;0.0
;ServiceLog;md;1417105044965;Linear;0.0;0.0;0.0
;ServiceLog;md;1417105046005;Linear;0.0;0.0;0.0
;ServiceLog;md;1417105047051;Linear;0.0;0.0;0.0
;ServiceLog;md;1417105048088;Linear;0.0;0.0;0.0
;ServiceLog;md;1417105049137;Linear;0.0;0.0;0.0
;ServiceLog;md;1417105050183;Linear;0.0;0.0;0.0
;ServiceLog;md;1417105051226;Linear;0.0;0.0;0.0
;ServiceLog;md;1417105052270;Linear;0.0;0.0;0.0
;ServiceLog;md;1417105053283;Linear;0.0;0.0;0.0
;ServiceLog;md;1417105054333;Linear;0.0;0.0;0.0
;ServiceLog;md;1417105055381;Linear;0.0;0.0;0.0
;ServiceLog;md;1417105056430;Linear;0.0;0.0;0.0
;ServiceLog;md;1417105057518;Linear;0.0;0.0;0.0
;ServiceLog;md;1417105058537;Linear;0.0;0.0;0.0
;ServiceLog;md;1417105059554;Linear;0.0;0.0;0.0
;ServiceLog;md;1417105060586;Linear;0.0;0.0;0.0
;ServiceLog;md;1417105061642;Linear;0.0;0.0;0.0
;ServiceLog;md;1417105062683;Linear;0.0;0.0;0.0
;ServiceLog;md;1417105063737;Linear;0.0;0.0;0.0
;ServiceLog;md;1417105064775;Linear;0.0;0.0;0.0
;ServiceLog;md;1417105065823;Linear;0.0;0.0;0.0
;ServiceLog;md;1417105066863;Linear;0.0;0.0;0.0
;ServiceLog;md;1417105067902;Linear;0.0;0.0;0.0
;ServiceLog;md;1417105068923;Linear;0.0;0.0;0.0
;ServiceLog;md;1417105069965;Linear;0.0;0.0;0.0
;ServiceLog;md;1417105070997;Linear;0.0;0.0;0.0
;ServiceLog;md;1417105072033;Linear;0.0;0.0;0.0
;ServiceLog;md;1417105073544;Linear;0.0;0.0;0.0
;ServiceLog;md;1417105074583;Linear;0.0;0.0;0.0
;ServiceLog;md;1417105075622;Linear;0.0;0.0;0.0
;ServiceLog;md;1417105076652;Linear;0.0;0.0;0.0
;ServiceLog;md;1417105077691;Linear;0.0;0.0;0.0
;ServiceLog;md;1417105078711;Linear;0.0;0.0;0.0
;ServiceLog;md;1417105079728;Linear;0.0;0.0;0.0
;ServiceLog;md;1417105080778;Linear;0.0;0.0;0.0
;ServiceLog;md;1417105081824;Linear;0.0;0.0;0.0
;ServiceLog;md;1417105082864;Linear;0.0;0.0;0.0
;ServiceLog;md;1417105083901;Linear;0.0;0.0;0.0
;ServiceLog;md;1417105084921;Linear;0.0;0.0;0.0
;ServiceLog;md;1417105085956;Linear;0.0;0.0;0.0
;ServiceLog;md;1417105086989;Linear;0.0;0.0;0.0
;ServiceLog;md;1417105088024;Linear;0.0;0.0;0.0
;ServiceLog;md;1417105089061;Linear;0.0;0.0;0.0
;ServiceLog;md;1417105090074;Linear;0.0;0.0;0.0
;ServiceLog;md;1417105091121;Linear;0.0;0.0;0.0
;ServiceLog;md;1417105092165;Linear;0.0;0.0;0.0
;ServiceLog;md;1417105093178;Linear;0.0;0.0;0.0
;ServiceLog;md;1417105094208;Linear;0.0;0.0;0.0
;ServiceLog;md;1417105095221;Linear;0.0;0.0;0.0
;ServiceLog;md;1417105096278;Linear;0.0;0.0;0.0
;ServiceLog;md;1417105097301;Linear;0.0;0.0;0.0
;ServiceLog;md;1417105098312;Linear;0.0;0.0;0.0
;ServiceLog;md;1417105099352;Linear;0.0;0.0;0.0
;ServiceLog;md;1417105100363;Linear;0.0;0.0;0.0
;ServiceLog;md;1417105101382;Linear;0.0;0.0;0.0
;ServiceLog;md;1417105102394;Linear;0.0;0.0;0.0
;ServiceLog;md;1417105103462;Linear;0.0;0.0;0.0
;ServiceLog;md;1417105104481;Linear;0.0;0.0;0.0
;ServiceLog;md;1417105105497;Linear;0.0;0.0;0.0
;ServiceLog;md;1417105106769;Linear;0.0;0.0;0.0
;ServiceLog;md;1417105107783;Linear;0.0;0.0;0.0
;ServiceLog;md;1417105108796;Linear;0.0;0.0;0.0
;ServiceLog;md;1417105109833;Linear;0.0;0.0;0.0
;ServiceLog;md;1417105110871;Linear;0.0;0.0;0.0
;ServiceLog;md;1417105111922;Linear;0.0;0.0;0.0
;ServiceLog;md;1417105112963;Linear;0.0;0.0;0.0
;ServiceLog;md;1417105113989;Linear;0.0;0.0;0.0
;ServiceLog;md;1417105115013;Linear;0.0;0.0;0.0
;ServiceLog;md;1417105116032;Linear;0.0;0.0;0.0
;ServiceLog;md;1417105117062;Linear;0.0;0.0;0.0
;ServiceLog;md;1417105118116;Linear;0.0;0.0;0.0
;ServiceLog;md;1417105119130;Linear;0.0;0.0;0.0
;ServiceLog;md;1417105120157;Linear;0.0;0.0;0.0
;ServiceLog;md;1417105121168;Linear;0.0;0.0;0.0
;ServiceLog;md;1417105122182;Linear;0.0;0.0;0.0
;ServiceLog;md;1417105123222;Linear;0.0;0.0;0.0
;ServiceLog;md;1417105124238;Linear;0.0;0.0;0.0
;ServiceLog;md;1417105125255;Linear;0.0;0.0;0.0
;ServiceLog;md;1417105126283;Linear;0.0;0.0;0.0
;ServiceLog;md;1417105127326;Linear;0.0;0.0;0.0
;ServiceLog;md;1417105128768;Linear;0.0;0.0;0.0
;ServiceLog;md;1417105129809;Linear;0.0;0.0;0.0
;ServiceLog;md;1417105130853;Linear;0.0;0.0;0.0
;ServiceLog;md;1417105131898;Linear;0.0;0.0;0.0
;ServiceLog;md;1417105132940;Linear;0.0;0.0;0.0
;ServiceLog;md;1417105133972;Linear;0.0;0.0;0.0
;ServiceLog;md;1417105135009;Linear;0.0;0.0;0.0
;ServiceLog;md;1417105136052;Linear;0.0;0.0;0.0
;ServiceLog;md;1417105137067;Linear;0.0;0.0;0.0
;ServiceLog;md;1417105138105;Linear;0.0;0.0;0.0
;ServiceLog;md;1417105139132;Linear;0.0;0.0;0.0
;ServiceLog;md;1417105140162;Linear;0.0;0.0;0.0
;ServiceLog;md;1417105141181;Linear;0.0;0.0;0.0
;ServiceLog;md;1417105142193;Linear;0.0;0.0;0.0
;ServiceLog;md;1417105143243;Linear;0.0;0.0;0.0
;ServiceLog;md;1417105144264;Linear;0.0;0.0;0.0
;ServiceLog;md;1417105145287;Linear;0.0;0.0;0.0
;ServiceLog;md;1417105146324;Linear;0.0;0.0;0.0
;ServiceLog;md;1417105147345;Linear;0.0;0.0;0.0
;ServiceLog;md;1417105148386;Linear;0.0;0.0;0.0
;ServiceLog;md;1417105149427;Linear;0.0;0.0;0.0
;ServiceLog;md;1417105150475;Linear;0.0;0.0;0.0
;ServiceLog;md;1417105151515;Linear;0.0;0.0;0.0
;ServiceLog;md;1417105152529;Linear;0.0;0.0;0.0
;ServiceLog;md;1417105153561;Linear;0.0;0.0;0.0
;ServiceLog;md;1417105154583;Linear;0.0;0.0;0.0
;ServiceLog;md;1417105155621;Linear;0.0;0.0;0.0
;ServiceLog;md;1417105156651;Linear;0.0;0.0;0.0
;ServiceLog;md;1417105157669;Linear;0.0;0.0;0.0
;ServiceLog;md;1417105158683;Linear;0.0;0.0;0.0
;ServiceLog;md;1417105159715;Linear;0.0;0.0;0.0
;ServiceLog;md;1417105160739;Linear;0.0;0.0;0.0
;ServiceLog;md;1417105161757;Linear;0.0;0.0;0.0
;ServiceLog;md;1417105162772;Linear;0.0;0.0;0.0
;ServiceLog;md;1417105163793;Linear;0.0;0.0;0.0
;ServiceLog;md;1417105164813;Linear;0.0;0.0;0.0
;ServiceLog;md;1417105165867;Linear;0.0;0.0;0.0
;ServiceLog;md;1417105166917;Linear;0.0;0.0;0.0
;ServiceLog;md;1417105167928;Linear;0.0;0.0;0.0
;ServiceLog;md;1417105168957;Linear;0.0;0.0;0.0
;ServiceLog;md;1417105170009;Linear;0.0;0.0;0.0
;ServiceLog;md;1417105171050;Linear;0.0;0.0;0.0
;ServiceLog;md;1417105172084;Linear;0.0;0.0;0.0
;ServiceLog;md;1417105173103;Linear;0.0;0.0;0.0
;ServiceLog;md;1417105174137;Linear;0.0;0.0;0.0
;ServiceLog;md;1417105175183;Linear;0.0;0.0;0.0
;ServiceLog;md;1417105176222;Linear;0.0;0.0;0.0
;ServiceLog;md;1417105177265;Linear;0.0;0.0;0.0
;ServiceLog;md;1417105178284;Linear;0.0;0.0;0.0
;ServiceLog;md;1417105179322;Linear;0.0;0.0;0.0
;ServiceLog;md;1417105180336;Linear;0.0;0.0;0.0
;ServiceLog;md;1417105181372;Linear;0.0;0.0;0.0
;ServiceLog;md;1417105182586;Linear;0.0;0.0;0.0
;ServiceLog;md;1417105183603;Linear;0.0;0.0;0.0
;ServiceLog;md;1417105184657;Linear;0.0;0.0;0.0
;ServiceLog;md;1417105185713;Linear;0.0;0.0;0.0
;ServiceLog;md;1417105186763;Linear;0.0;0.0;0.0
;ServiceLog;md;1417105187783;Linear;0.0;0.0;0.0
;ServiceLog;md;1417105188828;Linear;0.0;0.0;0.0
;ServiceLog;md;1417105189896;Linear;0.0;0.0;0.0
;ServiceLog;md;1417105190950;Linear;0.0;0.0;0.0
;ServiceLog;md;1417105192008;Linear;0.0;0.0;0.0
;ServiceLog;md;1417105193064;Linear;0.0;0.0;0.0
;ServiceLog;md;1417105194080;Linear;0.0;0.0;0.0
;ServiceLog;md;1417105195101;Linear;0.0;0.0;0.0
;ServiceLog;md;1417105196141;Linear;0.0;0.0;0.0
;ServiceLog;md;1417105197200;Linear;0.0;0.0;0.0
;ServiceLog;md;1417105198233;Linear;0.0;0.0;0.0
;ServiceLog;md;1417105199251;Linear;0.0;0.0;0.0
;ServiceLog;md;1417105200293;Linear;0.0;0.0;0.0
;ServiceLog;md;1417105201342;Linear;0.0;0.0;0.0
;ServiceLog;md;1417105202381;Linear;0.0;0.0;0.0
;ServiceLog;md;1417105203435;Linear;0.0;0.0;0.0
;ServiceLog;md;1417105204449;Linear;0.0;0.0;0.0
;ServiceLog;md;1417105205466;Linear;0.0;0.0;0.0
;ServiceLog;md;1417105206489;Linear;0.0;0.0;0.0
;ServiceLog;md;1417105207537;Linear;0.0;0.0;0.0
;ServiceLog;md;1417105208550;Linear;0.0;0.0;0.0
;ServiceLog;md;1417105209590;Linear;0.0;0.0;0.0
;ServiceLog;md;1417105210624;Linear;0.0;0.0;0.0
;ServiceLog;md;1417105211644;Linear;0.0;0.0;0.0
;ServiceLog;md;1417105212681;Linear;0.0;0.0;0.0
;ServiceLog;md;1417105213703;Linear;0.0;0.0;0.0
;ServiceLog;md;1417105214726;Linear;0.0;0.0;0.0
;ServiceLog;md;1417105215746;Linear;0.0;0.0;0.0
;ServiceLog;md;1417105216762;Linear;0.0;0.0;0.0
;ServiceLog;md;1417105217781;Linear;0.0;0.0;0.0
;ServiceLog;md;1417105218840;Linear;0.0;0.0;0.0
;ServiceLog;md;1417105219860;Linear;0.0;0.0;0.0
;ServiceLog;md;1417105220883;Linear;0.0;0.0;0.0
;ServiceLog;md;1417105221943;Linear;0.0;0.0;0.0
;ServiceLog;md;1417105222967;Linear;0.0;0.0;0.0
;ServiceLog;md;1417105224021;Linear;0.0;0.0;0.0
;ServiceLog;md;1417105225064;Linear;0.0;0.0;0.0
;ServiceLog;md;1417105226112;Linear;0.0;0.0;0.0
;ServiceLog;md;1417105227162;Linear;0.0;0.0;0.0
;ServiceLog;md;1417105228216;Linear;0.0;0.0;0.0
;ServiceLog;md;1417105229274;Linear;0.0;0.0;0.0
;ServiceLog;md;1417105230301;Linear;0.0;0.0;0.0
;ServiceLog;md;1417105231350;Linear;0.0;0.0;0.0
;ServiceLog;md;1417105232391;Linear;0.0;0.0;0.0
;ServiceLog;md;1417105233411;Linear;0.0;0.0;0.0
;ServiceLog;md;1417105234431;Linear;0.0;0.0;0.0
;ServiceLog;md;1417105235471;Linear;0.0;0.0;0.0
;ServiceLog;md;1417105236502;Linear;0.0;0.0;0.0
;ServiceLog;md;1417105237554;Linear;0.0;0.0;0.0
;ServiceLog;md;1417105238570;Linear;0.0;0.0;0.0
;ServiceLog;md;1417105239621;Linear;0.0;0.0;0.0
;ServiceLog;md;1417105240636;Linear;0.0;0.0;0.0
;ServiceLog;md;1417105241689;Linear;0.0;0.0;0.0
;ServiceLog;md;1417105243188;Linear;0.0;0.0;0.0
;ServiceLog;md;1417105244203;Linear;0.0;0.0;0.0
;ServiceLog;md;1417105245273;Linear;0.0;0.0;0.0
;ServiceLog;md;1417105246332;Linear;0.0;0.0;0.0
;ServiceLog;md;1417105247381;Linear;0.0;0.0;0.0
;ServiceLog;md;1417105248395;Linear;0.0;0.0;0.0
;ServiceLog;md;1417105249412;Linear;0.0;0.0;0.0
;ServiceLog;md;1417105250434;Linear;0.0;0.0;0.0
;ServiceLog;md;1417105251453;Linear;0.0;0.0;0.0
;ServiceLog;md;1417105252500;Linear;0.0;0.0;0.0
;ServiceLog;md;1417105253520;Linear;0.0;0.0;0.0
;ServiceLog;md;1417105254565;Linear;0.0;0.0;0.0
;ServiceLog;md;1417105255598;Linear;0.0;0.0;0.0
;ServiceLog;md;1417105256623;Linear;0.0;0.0;0.0
;ServiceLog;md;1417105257674;Linear;0.0;0.0;0.0
;ServiceLog;md;1417105258719;Linear;0.0;0.0;0.0
;ServiceLog;md;1417105259734;Linear;0.0;0.0;0.0
;ServiceLog;md;1417105260745;Linear;0.0;0.0;0.0
;ServiceLog;md;1417105261763;Linear;0.0;0.0;0.0
;ServiceLog;md;1417105262812;Linear;0.0;0.0;0.0
;ServiceLog;md;1417105263830;Linear;0.0;0.0;0.0
;ServiceLog;md;1417105264879;Linear;0.0;0.0;0.0
;ServiceLog;md;1417105265937;Linear;0.0;0.0;0.0
;ServiceLog;md;1417105266953;Linear;0.0;0.0;0.0
;ServiceLog;md;1417105268004;Linear;0.0;0.0;0.0
;ServiceLog;md;1417105269060;Linear;0.0;0.0;0.0
;ServiceLog;md;1417105270101;Linear;0.0;0.0;0.0
;ServiceLog;md;1417105271128;Linear;0.0;0.0;0.0
;ServiceLog;md;1417105272150;Linear;0.0;0.0;0.0
;ServiceLog;md;1417105273169;Linear;0.0;0.0;0.0
;ServiceLog;md;1417105274216;Linear;0.0;0.0;0.0
;ServiceLog;md;1417105275253;Linear;0.0;0.0;0.0
;ServiceLog;md;1417105276310;Linear;0.0;0.0;0.0
;ServiceLog;md;1417105277333;Linear;0.0;0.0;0.0
;ServiceLog;md;1417105278373;Linear;0.0;0.0;0.0
;ServiceLog;md;1417105279393;Linear;0.0;0.0;0.0
;ServiceLog;md;1417105280420;Linear;0.0;0.0;0.0
;ServiceLog;md;1417105281480;Linear;0.0;0.0;0.0
;ServiceLog;md;1417105282528;Linear;0.0;0.0;0.0
;ServiceLog;md;1417105283561;Linear;0.0;0.0;0.0
;ServiceLog;md;1417105284599;Linear;0.0;0.0;0.0
;ServiceLog;md;1417105285643;Linear;0.0;0.0;0.0
;ServiceLog;md;1417105286704;Linear;0.0;0.0;0.0
;ServiceLog;md;1417105287720;Linear;0.0;0.0;0.0
;ServiceLog;md;1417105288753;Linear;0.0;0.0;0.0
;ServiceLog;md;1417105289803;Linear;0.0;0.0;0.0
;ServiceLog;md;1417105290823;Linear;0.0;0.0;0.0
;ServiceLog;md;1417105291855;Linear;0.0;0.0;0.0
;ServiceLog;md;1417105292872;Linear;0.0;0.0;0.0
;ServiceLog;md;1417105293889;Linear;0.0;0.0;0.0
;ServiceLog;md;1417105294933;Linear;0.0;0.0;0.0
;ServiceLog;md;1417105295945;Linear;0.0;0.0;0.0
;ServiceLog;md;1417105296988;Linear;0.0;0.0;0.0
;ServiceLog;md;1417105298023;Linear;0.0;0.0;0.0
;ServiceLog;md;1417105299069;Linear;0.0;0.0;0.0
;ServiceLog;md;1417105300085;Linear;0.0;0.0;0.0
;ServiceLog;md;1417105301110;Linear;0.0;0.0;0.0
;ServiceLog;md;1417105302136;Linear;0.0;0.0;0.0
;ServiceLog;md;1417105303153;Linear;0.0;0.0;0.0
;ServiceLog;md;1417105304197;Linear;0.0;0.0;0.0
;ServiceLog;md;1417105305245;Linear;0.0;0.0;0.0
;ServiceLog;md;1417105306298;Linear;0.0;0.0;0.0
;ServiceLog;md;1417105307348;Linear;0.0;0.0;0.0
;ServiceLog;md;1417105308360;Linear;0.0;0.0;0.0
;ServiceLog;md;1417105309403;Linear;0.0;0.0;0.0
;ServiceLog;md;1417105310457;Linear;0.0;0.0;0.0
;ServiceLog;md;1417105311495;Linear;0.0;0.0;0.0
;ServiceLog;md;1417105312544;Linear;0.0;0.0;0.0
;ServiceLog;md;1417105313554;Linear;0.0;0.0;0.0
;ServiceLog;md;1417105314569;Linear;0.0;0.0;0.0
;ServiceLog;md;1417105315593;Linear;0.0;0.0;0.0
;ServiceLog;md;1417105316612;Linear;0.0;0.0;0.0
;ServiceLog;md;1417105317629;Linear;0.0;0.0;0.0
;ServiceLog;md;1417105318653;Linear;0.0;0.0;0.0
;ServiceLog;md;1417105319672;Linear;0.0;0.0;0.0
;ServiceLog;md;1417105320685;Linear;0.0;0.0;0.0
;ServiceLog;md;1417105321701;Linear;0.0;0.0;0.0
;ServiceLog;md;1417105322756;Linear;0.0;0.0;0.0
;ServiceLog;md;1417105323773;Linear;0.0;0.0;0.0
;ServiceLog;md;1417105324794;Linear;0.0;0.0;0.0
;ServiceLog;md;1417105325813;Linear;0.0;0.0;0.0
;ServiceLog;md;1417105326852;Linear;0.0;0.0;0.0
;ServiceLog;md;1417105327872;Linear;0.0;0.0;0.0
;ServiceLog;md;1417105328899;Linear;0.0;0.0;0.0
;ServiceLog;md;1417105329940;Linear;0.0;0.0;0.0
;ServiceLog;md;1417105330960;Linear;0.0;0.0;0.0
;ServiceLog;md;1417105332008;Linear;0.0;0.0;0.0
;ServiceLog;md;1417105333044;Linear;0.0;0.0;0.0
;ServiceLog;md;1417105334062;Linear;0.0;0.0;0.0
;ServiceLog;md;1417105335513;Linear;0.0;0.0;0.0
;ServiceLog;md;1417105336557;Linear;0.0;0.0;0.0
;ServiceLog;md;1417105337567;Linear;0.0;0.0;0.0
;ServiceLog;md;1417105338584;Linear;0.0;0.0;0.0
;ServiceLog;md;1417105339596;Linear;0.0;0.0;0.0
;ServiceLog;md;1417105340623;Linear;0.0;0.0;0.0
;ServiceLog;md;1417105341660;Linear;0.0;0.0;0.0
;ServiceLog;md;1417105342673;Linear;0.0;0.0;0.0
;ServiceLog;md;1417105343684;Linear;0.0;0.0;0.0
;ServiceLog;md;1417105344703;Linear;0.0;0.0;0.0
;ServiceLog;md;1417105345777;Linear;0.0;0.0;0.0
;ServiceLog;md;1417105346821;Linear;0.0;0.0;0.0
;ServiceLog;md;1417105347843;Linear;0.0;0.0;0.0
;ServiceLog;md;1417105348891;Linear;0.0;0.0;0.0
;ServiceLog;md;1417105349912;Linear;0.0;0.0;0.0
;ServiceLog;md;1417105350932;Linear;0.0;0.0;0.0
;ServiceLog;md;1417105351950;Linear;0.0;0.0;0.0
;ServiceLog;md;1417105352970;Linear;0.0;0.0;0.0
;ServiceLog;md;1417105353992;Linear;0.0;0.0;0.0
;ServiceLog;md;1417105355019;Linear;0.0;0.0;0.0
;ServiceLog;md;1417105356063;Linear;0.0;0.0;0.0
;ServiceLog;md;1417105357079;Linear;0.0;0.0;0.0
;ServiceLog;md;1417105358111;Linear;0.0;0.0;0.0
;ServiceLog;md;1417105359123;Linear;0.0;0.0;0.0
;ServiceLog;md;1417105360141;Linear;0.0;0.0;0.0
;ServiceLog;md;1417105361178;Linear;0.0;0.0;0.0
;ServiceLog;md;1417105362197;Linear;0.0;0.0;0.0
;ServiceLog;md;1417105363248;Linear;0.0;0.0;0.0
;ServiceLog;md;1417105364307;Linear;0.0;0.0;0.0
;ServiceLog;md;1417105365320;Linear;0.0;0.0;0.0
;ServiceLog;md;1417105366330;Linear;0.0;0.0;0.0
;ServiceLog;md;1417105367343;Linear;0.0;0.0;0.0
;ServiceLog;md;1417105368361;Linear;0.0;0.0;0.0
;ServiceLog;md;1417105369372;Linear;0.0;0.0;0.0
;ServiceLog;md;1417105370393;Linear;0.0;0.0;0.0
;ServiceLog;md;1417105371429;Linear;0.0;0.0;0.0
;ServiceLog;md;1417105372457;Linear;0.0;0.0;0.0
;ServiceLog;md;1417105373501;Linear;0.0;0.0;0.0
;ServiceLog;md;1417105374542;Linear;0.0;0.0;0.0
;ServiceLog;md;1417105375554;Linear;0.0;0.0;0.0
;ServiceLog;md;1417105376579;Linear;0.0;0.0;0.0
;ServiceLog;md;1417105377634;Linear;0.0;0.0;0.0
;ServiceLog;md;1417105378650;Linear;0.0;0.0;0.0
;ServiceLog;md;1417105381107;Linear;0.0;0.0;0.0
;ServiceLog;md;1417105382144;Linear;0.0;0.0;0.0
;ServiceLog;md;1417105383195;Linear;0.0;0.0;0.0
;ServiceLog;md;1417105384225;Linear;0.0;0.0;0.0
;ServiceLog;md;1417105385244;Linear;0.0;0.0;0.0
;ServiceLog;md;1417105386285;Linear;0.0;0.0;0.0
;ServiceLog;md;1417105387327;Linear;0.0;0.0;0.0
;ServiceLog;md;1417105388349;Linear;0.0;0.0;0.0
;ServiceLog;md;1417105389365;Linear;0.0;0.0;0.0
;ServiceLog;md;1417105390379;Linear;0.0;0.0;0.0
;ServiceLog;md;1417105391390;Linear;0.0;0.0;0.0
;ServiceLog;md;1417105392407;Linear;0.0;0.0;0.0
;ServiceLog;md;1417105393589;Linear;0.0;0.0;0.0
;ServiceLog;md;1417105394656;Linear;0.0;0.0;0.0
;ServiceLog;md;1417105395712;Linear;0.0;0.0;0.0
;ServiceLog;md;1417105396743;Linear;0.0;0.0;0.0
;ServiceLog;md;1417105397776;Linear;0.0;0.0;0.0
;ServiceLog;md;1417105398790;Linear;0.0;0.0;0.0
;ServiceLog;md;1417105399857;Linear;0.0;0.0;0.0
;ServiceLog;md;1417105400904;Linear;0.0;0.0;0.0
;ServiceLog;md;1417105401964;Linear;0.0;0.0;0.0
;ServiceLog;md;1417105402985;Linear;0.0;0.0;0.0
;ServiceLog;md;1417105404001;Linear;0.0;0.0;0.0
;ServiceLog;md;1417105405014;Linear;0.0;0.0;0.0
;ServiceLog;md;1417105406065;Linear;0.0;0.0;0.0
;ServiceLog;md;1417105407085;Linear;0.0;0.0;0.0
;ServiceLog;md;1417105408103;Linear;0.0;0.0;0.0
;ServiceLog;md;1417105409155;Linear;0.0;0.0;0.0
;ServiceLog;md;1417105410189;Linear;0.0;0.0;0.0
;ServiceLog;md;1417105411216;Linear;0.0;0.0;0.0
;ServiceLog;md;1417105412273;Linear;0.0;0.0;0.0
;ServiceLog;md;1417105413291;Linear;0.0;0.0;0.0
;ServiceLog;md;1417105414342;Linear;0.0;0.0;0.0
;ServiceLog;md;1417105415386;Linear;0.0;0.0;0.0
;ServiceLog;md;1417105416437;Linear;0.0;0.0;0.0
;ServiceLog;md;1417105417475;Linear;0.0;0.0;0.0
;ServiceLog;md;1417105418491;Linear;0.0;0.0;0.0
;ServiceLog;md;1417105419513;Linear;0.0;0.0;0.0
;ServiceLog;md;1417105420546;Linear;0.0;0.0;0.0
;ServiceLog;md;1417105421603;Linear;0.0;0.0;0.0
;ServiceLog;md;1417105422625;Linear;0.0;0.0;0.0
;ServiceLog;md;1417105423643;Linear;0.0;0.0;0.0
;ServiceLog;md;1417105424705;Linear;0.0;0.0;0.0
;ServiceLog;md;1417105425767;Linear;0.0;0.0;0.0
;ServiceLog;md;1417105426787;Linear;0.0;0.0;0.0
;ServiceLog;md;1417105427839;Linear;0.0;0.0;0.0
;ServiceLog;md;1417105428877;Linear;0.0;0.0;0.0
;ServiceLog;md;1417105429901;Linear;0.0;0.0;0.0
;ServiceLog;md;1417105430939;Linear;0.0;0.0;0.0
;ServiceLog;md;1417105432045;Linear;0.0;0.0;0.0
;ServiceLog;md;1417105433095;Linear;0.0;0.0;0.0
;ServiceLog;md;1417105434109;Linear;0.0;0.0;0.0
;ServiceLog;md;1417105435163;Linear;0.0;0.0;0.0
;ServiceLog;md;1417105436203;Linear;0.0;0.0;0.0
;ServiceLog;md;1417105437252;Linear;0.0;0.0;0.0
;ServiceLog;md;1417105438296;Linear;0.0;0.0;0.0
;ServiceLog;md;1417105439316;Linear;0.0;0.0;0.0
;ServiceLog;md;1417105440363;Linear;0.0;0.0;0.0
;ServiceLog;md;1417105441423;Linear;0.0;0.0;0.0
;ServiceLog;md;1417105442460;Linear;0.0;0.0;0.0
;ServiceLog;md;1417105443506;Linear;0.0;0.0;0.0
;ServiceLog;md;1417105444541;Linear;0.0;0.0;0.0
;ServiceLog;md;1417105445617;Linear;0.0;0.0;0.0
;ServiceLog;md;1417105446642;Linear;0.0;0.0;0.0
;ServiceLog;md;1417105447973;Linear;0.0;0.0;0.0
;ServiceLog;md;1417105449005;Linear;0.0;0.0;0.0
;ServiceLog;md;1417105450032;Linear;0.0;0.0;0.0
;ServiceLog;md;1417105451046;Linear;0.0;0.0;0.0
;ServiceLog;md;1417105452099;Linear;0.0;0.0;0.0
;ServiceLog;md;1417105453126;Linear;0.0;0.0;0.0
;ServiceLog;md;1417105454163;Linear;0.0;0.0;0.0
;ServiceLog;md;1417105455196;Linear;0.0;0.0;0.0
;ServiceLog;md;1417105456249;Linear;0.0;0.0;0.0
;ServiceLog;md;1417105457278;Linear;0.0;0.0;0.0
;ServiceLog;md;1417105458326;Linear;0.0;0.0;0.0
;ServiceLog;md;1417105459376;Linear;0.0;0.0;0.0
;ServiceLog;md;1417105460395;Linear;0.0;0.0;0.0
;ServiceLog;md;1417105461447;Linear;0.0;0.0;0.0
;ServiceLog;md;1417105462506;Linear;0.0;0.0;0.0
;ServiceLog;md;1417105463554;Linear;0.0;0.0;0.0
;ServiceLog;md;1417105464607;Linear;0.0;0.0;0.0
;ServiceLog;md;1417105465620;Linear;0.0;0.0;0.0
;ServiceLog;md;1417105466666;Linear;0.0;0.0;0.0
;ServiceLog;md;1417105467707;Linear;0.0;0.0;0.0
;ServiceLog;md;1417105468725;Linear;0.0;0.0;0.0
;ServiceLog;md;1417105469736;Linear;0.0;0.0;0.0
;ServiceLog;md;1417105470755;Linear;0.0;0.0;0.0
;ServiceLog;md;1417105471785;Linear;0.0;0.0;0.0
;ServiceLog;md;1417105472804;Linear;0.0;0.0;0.0
;ServiceLog;md;1417105473821;Linear;0.0;0.0;0.0
;ServiceLog;md;1417105474852;Linear;0.0;0.0;0.0
;ServiceLog;md;1417105475863;Linear;0.0;0.0;0.0
;ServiceLog;md;1417105476902;Linear;0.0;0.0;0.0
;ServiceLog;md;1417105477939;Linear;0.0;0.0;0.0
;ServiceLog;md;1417105478951;Linear;0.0;0.0;0.0
;ServiceLog;md;1417105479984;Linear;0.0;0.0;0.0
;ServiceLog;md;1417105480994;Linear;0.0;0.0;0.0
;ServiceLog;md;1417105482007;Linear;0.0;0.0;0.0
;ServiceLog;md;1417105483059;Linear;0.0;0.0;0.0
;ServiceLog;md;1417105484079;Linear;0.0;0.0;0.0
;ServiceLog;md;1417105485117;Linear;0.0;0.0;0.0
;ServiceLog;md;1417105486149;Linear;0.0;0.0;0.0
;ServiceLog;md;1417105487186;Linear;0.0;0.0;0.0
;ServiceLog;md;1417105488220;Linear;0.0;0.0;0.0
;ServiceLog;md;1417105489256;Linear;0.0;0.0;0.0
;ServiceLog;md;1417105490298;Linear;0.0;0.0;0.0
;ServiceLog;md;1417105491315;Linear;0.0;0.0;0.0
;ServiceLog;md;1417105492335;Linear;0.0;0.0;0.0
;ServiceLog;md;1417105493349;Linear;0.0;0.0;0.0
;ServiceLog;md;1417105494360;Linear;0.0;0.0;0.0
;ServiceLog;md;1417105495386;Linear;0.0;0.0;0.0
;ServiceLog;md;1417105496405;Linear;0.0;0.0;0.0
;ServiceLog;md;1417105497421;Linear;0.0;0.0;0.0
;ServiceLog;md;1417105498435;Linear;0.0;0.0;0.0
;ServiceLog;md;1417105499456;Linear;0.0;0.0;0.0
;ServiceLog;md;1417105500487;Linear;0.0;0.0;0.0
;ServiceLog;md;1417105501497;Linear;0.0;0.0;0.0
;ServiceLog;md;1417105502508;Linear;0.0;0.0;0.0
;ServiceLog;md;1417105503525;Linear;0.0;0.0;0.0
;ServiceLog;md;1417105504545;Linear;0.0;0.0;0.0
;ServiceLog;md;1417105505565;Linear;0.0;0.0;0.0
;ServiceLog;md;1417105506582;Linear;0.0;0.0;0.0
;ServiceLog;md;1417105507630;Linear;0.0;0.0;0.0
;ServiceLog;md;1417105508665;Linear;0.0;0.0;0.0
;ServiceLog;md;1417105509686;Linear;0.0;0.0;0.0
;ServiceLog;md;1417105510735;Linear;0.0;0.0;0.0
;ServiceLog;md;1417105511766;Linear;0.0;0.0;0.0
;ServiceLog;md;1417105512817;Linear;0.0;0.0;0.0
;ServiceLog;md;1417105513866;Linear;0.0;0.0;0.0
;ServiceLog;md;1417105514910;Linear;0.0;0.0;0.0
;ServiceLog;md;1417105515959;Linear;0.0;0.0;0.0
;ServiceLog;md;1417105516978;Linear;0.0;0.0;0.0
;ServiceLog;md;1417105518014;Linear;0.0;0.0;0.0
;ServiceLog;md;1417105519071;Linear;0.0;0.0;0.0
;ServiceLog;md;1417105520097;Linear;0.0;0.0;0.0
;ServiceLog;md;1417105521138;Linear;0.0;0.0;0.0
;ServiceLog;md;1417105522176;Linear;0.0;0.0;0.0
;ServiceLog;md;1417105523199;Linear;0.0;0.0;0.0
;ServiceLog;md;1417105524246;Linear;0.0;0.0;0.0
;ServiceLog;md;1417105525274;Linear;0.0;0.0;0.0
;ServiceLog;md;1417105526306;Linear;0.0;0.0;0.0
;ServiceLog;md;1417105527317;Linear;0.0;0.0;0.0
;ServiceLog;md;1417105528355;Linear;0.0;0.0;0.0
;ServiceLog;md;1417105529391;Linear;0.0;0.0;0.0
;ServiceLog;md;1417105530417;Linear;0.0;0.0;0.0
;ServiceLog;md;1417105531445;Linear;0.0;0.0;0.0
;ServiceLog;md;1417105532465;Linear;0.0;0.0;0.0
;ServiceLog;md;1417105533487;Linear;0.0;0.0;0.0
;ServiceLog;md;1417105534521;Linear;0.0;0.0;0.0
;ServiceLog;md;1417105535532;Linear;0.0;0.0;0.0
;ServiceLog;md;1417105536555;Linear;0.0;0.0;0.0
;ServiceLog;md;1417105537567;Linear;0.0;0.0;0.0
;ServiceLog;md;1417105538585;Linear;0.0;0.0;0.0
;ServiceLog;md;1417105539597;Linear;0.0;0.0;0.0
;ServiceLog;md;1417105540643;Linear;0.0;0.0;0.0
;ServiceLog;md;1417105541659;Linear;0.0;0.0;0.0
;ServiceLog;md;1417105542669;Linear;0.0;0.0;0.0
;ServiceLog;md;1417105543699;Linear;0.0;0.0;0.0
