ID;Name;User;TimeStamp;NetworkGen;NetworkType;Active;MCC;MNC;LAC;CID;PSC;Power
833;Международная 3;Stanislav;1428409855113;3G;HSPA;1;250;1;100;65565857;174;-69
833;Международная 3;Stanislav;1428409855113;3G;HSPA;250-1-100-65565857;-1;-1;-1;-1;174;-77
834;Международная 4;Stanislav;1428409864161;3G;HSPA;1;250;1;100;65565857;174;-69
834;Международная 4;Stanislav;1428409864161;3G;HSPA;250-1-100-65565857;-1;-1;-1;-1;174;-61
841;Бухарестская 1;Stanislav;1428409946944;unknown;unknown;1;250;1;100;29841;-1;-65
842;Бухарестская 2;Stanislav;1428409967645;3G;HSPAP;1;250;1;100;65565847;503;-73
843;Бухарестская 3;Stanislav;1428409987828;3G;HSPA;1;250;1;100;65565847;503;-89
843;Бухарестская 3;Stanislav;1428409987828;3G;HSPA;250-1-100-65565847;-1;-1;-1;-1;-1;-71
843;Бухарестская 3;Stanislav;1428409987828;3G;HSPA;250-1-100-65565847;-1;-1;-1;-1;-1;-111
843;Бухарестская 3;Stanislav;1428409987828;3G;HSPA;250-1-100-65565847;-1;-1;-1;-1;-1;-111
843;Бухарестская 3;Stanislav;1428409987828;3G;HSPA;250-1-100-65565847;-1;-1;-1;-1;-1;-113
843;Бухарестская 3;Stanislav;1428409987828;3G;HSPA;250-1-100-65565847;-1;-1;-1;-1;-1;-113
844;Бухарестская 4;Stanislav;1428409997362;3G;HSPAP;1;250;1;100;65565847;503;-63
844;Бухарестская 4;Stanislav;1428409997362;3G;HSPAP;250-1-100-65565847;-1;-1;-1;-1;-1;-51
844;Бухарестская 4;Stanislav;1428409997362;3G;HSPAP;250-1-100-65565847;-1;-1;-1;-1;-1;-111
844;Бухарестская 4;Stanislav;1428409997362;3G;HSPAP;250-1-100-65565847;-1;-1;-1;-1;-1;-111
844;Бухарестская 4;Stanislav;1428409997362;3G;HSPAP;250-1-100-65565847;-1;-1;-1;-1;-1;-111
844;Бухарестская 4;Stanislav;1428409997362;3G;HSPAP;250-1-100-65565847;-1;-1;-1;-1;-1;-113
851;Волковская 1;Stanislav;1428410088186;3G;HSPA;1;250;1;100;65540017;501;-77
852;Волковская 2;Stanislav;1428410107765;3G;HSPA;1;250;1;100;65540017;501;-77
852;Волковская 2;Stanislav;1428410107765;3G;HSPA;250-1-100-65540017;-1;-1;-1;-1;-1;-59
852;Волковская 2;Stanislav;1428410107765;3G;HSPA;250-1-100-65540017;-1;-1;-1;-1;-1;-113
852;Волковская 2;Stanislav;1428410107765;3G;HSPA;250-1-100-65540017;-1;-1;-1;-1;-1;-113
852;Волковская 2;Stanislav;1428410107765;3G;HSPA;250-1-100-65540017;-1;-1;-1;-1;-1;-113
852;Волковская 2;Stanislav;1428410107765;3G;HSPA;250-1-100-65540017;-1;-1;-1;-1;-1;-113
852;Волковская 2;Stanislav;1428410107765;3G;HSPA;250-1-100-65540017;-1;-1;-1;-1;-1;-113
852;Волковская 2;Stanislav;1428410107765;3G;HSPA;250-1-100-65540017;-1;-1;-1;-1;-1;-113
852;Волковская 2;Stanislav;1428410107765;3G;HSPA;250-1-100-65540017;-1;-1;-1;-1;-1;-113
853;Волковская 3;Stanislav;1428410132004;3G;HSPA;1;250;1;100;65540017;501;-77
853;Волковская 3;Stanislav;1428410132004;3G;HSPA;250-1-100-65540017;-1;-1;-1;-1;501;-81
854;Волковская 4;Stanislav;1428410143397;3G;HSPAP;1;250;1;100;65540017;501;-73
854;Волковская 4;Stanislav;1428410143397;3G;HSPAP;250-1-100-65540017;-1;-1;-1;-1;501;-71
861;Обводный канал 1;Stanislav;1428410240726;3G;UMTS;1;250;1;100;65539597;507;-93
861;Обводный канал 1;Stanislav;1428410240726;3G;UMTS;250-1-100-65539597;-1;-1;-1;-1;507;-109
861;Обводный канал 1;Stanislav;1428410240726;3G;UMTS;250-1-100-65539597;-1;-1;-1;-1;-1;-91
861;Обводный канал 1;Stanislav;1428410240726;3G;UMTS;250-1-100-65539597;-1;-1;-1;-1;-1;-113
861;Обводный канал 1;Stanislav;1428410240726;3G;UMTS;250-1-100-65539597;-1;-1;-1;-1;-1;-113
861;Обводный канал 1;Stanislav;1428410240726;3G;UMTS;250-1-100-65539597;-1;-1;-1;-1;-1;-113
861;Обводный канал 1;Stanislav;1428410240726;3G;UMTS;250-1-100-65539597;-1;-1;-1;-1;-1;-113
861;Обводный канал 1;Stanislav;1428410240726;3G;UMTS;250-1-100-65539597;-1;-1;-1;-1;-1;-113
861;Обводный канал 1;Stanislav;1428410240726;3G;UMTS;250-1-100-65539597;-1;-1;-1;-1;-1;-113
861;Обводный канал 1;Stanislav;1428410240726;3G;UMTS;250-1-100-65539597;-1;-1;-1;-1;-1;-113
862;Обводный канал 2;Stanislav;1428410259933;3G;HSPA;1;250;1;100;65539597;507;-91
863;Обводный канал 3;Stanislav;1428410280107;3G;HSPA;1;250;1;100;65539597;507;-79
863;Обводный канал 3;Stanislav;1428410280107;3G;HSPA;250-1-100-65539597;-1;-1;-1;-1;507;-77
864;Обводный канал 4;Stanislav;1428410290709;3G;HSPA;1;250;1;100;65539597;507;-65
864;Обводный канал 4;Stanislav;1428410290709;3G;HSPA;250-1-100-65539597;-1;-1;-1;-1;507;-73
871;Звенигородская 1;Stanislav;1428410397079;3G;UMTS;1;250;1;100;65569897;500;-97
872;Звенигородская 2;Stanislav;1428410419267;3G;HSPA;1;250;1;100;65569897;500;-85
872;Звенигородская 2;Stanislav;1428410419267;3G;HSPA;250-1-100-65569897;-1;-1;-1;-1;500;-79
873;Звенигородская 3;Stanislav;1428410445767;3G;HSPA;1;250;1;100;65569897;500;-77
874;Звенигородская 4;Stanislav;1428410457746;3G;HSPA;1;250;1;100;65569897;500;-65
874;Звенигородская 4;Stanislav;1428410457746;3G;HSPA;250-1-100-65569897;-1;-1;-1;-1;500;-75
881;Садовая 1;Stanislav;1428410540940;3G;HSPAP;1;250;1;100;65539907;-1;-113
882;Садовая 2;Stanislav;1428410559403;3G;HSPAP;1;250;1;100;65539907;-1;-97
