ID;Name;User;TimeStamp;NetworkGen;NetworkType;Active;MCC;MNC;LAC;CID;PSC;Power
224;Rondo Daszyńskiego 4;alexkar;1436353001161;unknown;unknown;1;260;3;58130;42011464;51;-55
231;Rondo ONZ 1;alexkar;1436353057437;unknown;unknown;1;260;3;58130;42013113;53;-59
232;Rondo ONZ 2;alexkar;1436353072883;unknown;unknown;1;260;3;58130;42013113;53;-59
233;Rondo ONZ 3;alexkar;1436353095215;unknown;unknown;1;260;3;58130;42013113;53;-59
234;Rondo ONZ 4;alexkar;1436353114316;unknown;unknown;1;260;3;58130;42013113;53;-59
241;Świętokrzyska (L2) 1;alexkar;1436353156847;unknown;unknown;1;260;3;58120;42011511;55;-53
242;Świętokrzyska (L2) 2;alexkar;1436353171019;unknown;unknown;1;260;3;58120;42011511;55;-53
