ID;Name;User;TimeStamp;NetworkGen;NetworkType;Active;MCC;MNC;LAC;CID;PSC;Power
;ServiceLog;alexkar;1436352940209;unknown;unknown;1;260;3;58130;42011464;51;0
;ServiceLog;alexkar;1436352941248;unknown;unknown;1;260;3;58130;42011464;51;-55
;ServiceLog;alexkar;1436352942310;unknown;unknown;1;260;3;58130;42011464;51;-55
;ServiceLog;alexkar;1436352943356;unknown;unknown;1;260;3;58130;42011464;51;-55
;ServiceLog;alexkar;1436352944385;unknown;unknown;1;260;3;58130;42011464;51;-55
;ServiceLog;alexkar;1436352945428;unknown;unknown;1;260;3;58130;42011464;51;-55
;ServiceLog;alexkar;1436352946473;unknown;unknown;1;260;3;58130;42011464;51;-55
;ServiceLog;alexkar;1436352947523;unknown;unknown;1;260;3;58130;42011464;51;-55
;ServiceLog;alexkar;1436352948573;unknown;unknown;1;260;3;58130;42011464;51;-55
;ServiceLog;alexkar;1436352949620;unknown;unknown;1;260;3;58130;42011464;51;-55
;ServiceLog;alexkar;1436352950669;unknown;unknown;1;260;3;58130;42011464;51;-55
;ServiceLog;alexkar;1436352951727;unknown;unknown;1;260;3;58130;42011464;51;-55
;ServiceLog;alexkar;1436352952772;unknown;unknown;1;260;3;58130;42011464;51;-55
;ServiceLog;alexkar;1436352953820;unknown;unknown;1;260;3;58130;42011464;51;-55
;ServiceLog;alexkar;1436352954852;unknown;unknown;1;260;3;58130;42011464;51;-55
;ServiceLog;alexkar;1436352955899;unknown;unknown;1;260;3;58130;42011464;51;-55
;ServiceLog;alexkar;1436352956947;unknown;unknown;1;260;3;58130;42011464;51;-55
;ServiceLog;alexkar;1436352957997;unknown;unknown;1;260;3;58130;42011464;51;-55
;ServiceLog;alexkar;1436352959045;unknown;unknown;1;260;3;58130;42011464;51;-55
;ServiceLog;alexkar;1436352960100;unknown;unknown;1;260;3;58130;42011464;51;-55
;ServiceLog;alexkar;1436352961136;unknown;unknown;1;260;3;58130;42011464;51;-55
;ServiceLog;alexkar;1436352962197;unknown;unknown;1;260;3;58130;42011464;51;-55
;ServiceLog;alexkar;1436352963248;unknown;unknown;1;260;3;58130;42011464;51;-55
;ServiceLog;alexkar;1436352964292;unknown;unknown;1;260;3;58130;42011464;51;-55
;ServiceLog;alexkar;1436352965356;unknown;unknown;1;260;3;58130;42011464;51;-55
;ServiceLog;alexkar;1436352966390;unknown;unknown;1;260;3;58130;42011464;51;-55
;ServiceLog;alexkar;1436352967441;unknown;unknown;1;260;3;58130;42011464;51;-55
;ServiceLog;alexkar;1436352968495;unknown;unknown;1;260;3;58130;42011464;51;-55
;ServiceLog;alexkar;1436352969541;unknown;unknown;1;260;3;58130;42011464;51;-55
;ServiceLog;alexkar;1436352970589;unknown;unknown;1;260;3;58130;42011464;51;-55
;ServiceLog;alexkar;1436352971642;unknown;unknown;1;260;3;58130;42011464;51;-55
;ServiceLog;alexkar;1436352972705;unknown;unknown;1;260;3;58130;42011464;51;-55
;ServiceLog;alexkar;1436352973748;unknown;unknown;1;260;3;58130;42011464;51;-55
;ServiceLog;alexkar;1436352974794;unknown;unknown;1;260;3;58130;42011464;51;-55
;ServiceLog;alexkar;1436352975842;unknown;unknown;1;260;3;58130;42011464;51;-55
;ServiceLog;alexkar;1436352976893;unknown;unknown;1;260;3;58130;42011464;51;-55
;ServiceLog;alexkar;1436352977951;unknown;unknown;1;260;3;58130;42011464;51;-55
;ServiceLog;alexkar;1436352979022;unknown;unknown;1;260;3;58130;42011464;51;-55
;ServiceLog;alexkar;1436352980075;unknown;unknown;1;260;3;58130;42011464;51;-55
;ServiceLog;alexkar;1436352981127;unknown;unknown;1;260;3;58130;42011464;51;-55
;ServiceLog;alexkar;1436352982177;unknown;unknown;1;260;3;58130;42011464;51;-55
;ServiceLog;alexkar;1436352983230;unknown;unknown;1;260;3;58130;42011464;51;-55
;ServiceLog;alexkar;1436352984272;unknown;unknown;1;260;3;58130;42011464;51;-55
;ServiceLog;alexkar;1436352985334;unknown;unknown;1;260;3;58130;42011464;51;-55
;ServiceLog;alexkar;1436352986351;unknown;unknown;1;260;3;58130;42011464;51;-55
;ServiceLog;alexkar;1436352987376;unknown;unknown;1;260;3;58130;42011464;51;-55
;ServiceLog;alexkar;1436352988393;unknown;unknown;1;260;3;58130;42011464;51;-55
;ServiceLog;alexkar;1436352989439;unknown;unknown;1;260;3;58130;42011464;51;-55
;ServiceLog;alexkar;1436352990467;unknown;unknown;1;260;3;58130;42011464;51;-55
;ServiceLog;alexkar;1436352991502;unknown;unknown;1;260;3;58130;42011464;51;-55
;ServiceLog;alexkar;1436352992518;unknown;unknown;1;260;3;58130;42011464;51;-55
;ServiceLog;alexkar;1436352993540;unknown;unknown;1;260;3;58130;42011464;51;-55
;ServiceLog;alexkar;1436352994631;unknown;unknown;1;260;3;58130;42011464;51;-55
;ServiceLog;alexkar;1436352995653;unknown;unknown;1;260;3;58130;42011464;51;-55
;ServiceLog;alexkar;1436352996682;unknown;unknown;1;260;3;58130;42011464;51;-55
;ServiceLog;alexkar;1436352997697;unknown;unknown;1;260;3;58130;42011464;51;-55
;ServiceLog;alexkar;1436352998716;unknown;unknown;1;260;3;58130;42011464;51;-55
;ServiceLog;alexkar;1436352999741;unknown;unknown;1;260;3;58130;42011464;51;-55
;ServiceLog;alexkar;1436353000798;unknown;unknown;1;260;3;58130;42011464;51;-55
;ServiceLog;alexkar;1436353001851;unknown;unknown;1;260;3;58130;42011464;51;-55
;ServiceLog;alexkar;1436353002919;unknown;unknown;1;260;3;58130;42011464;51;-55
;ServiceLog;alexkar;1436353003975;unknown;unknown;1;260;3;58130;42011464;51;-55
;ServiceLog;alexkar;1436353005006;unknown;unknown;1;260;3;58130;42011464;51;-55
;ServiceLog;alexkar;1436353006054;unknown;unknown;1;260;3;58130;42011464;51;-55
;ServiceLog;alexkar;1436353007111;unknown;unknown;1;260;3;58130;42011464;51;-55
;ServiceLog;alexkar;1436353008154;unknown;unknown;1;260;3;58130;42011464;51;-55
;ServiceLog;alexkar;1436353009188;unknown;unknown;1;260;3;58130;42011464;51;-55
;ServiceLog;alexkar;1436353010231;unknown;unknown;1;260;3;58130;42011464;51;-55
;ServiceLog;alexkar;1436353011273;unknown;unknown;1;260;3;58130;42011464;51;-55
;ServiceLog;alexkar;1436353012338;unknown;unknown;1;260;3;58130;42011464;51;-55
;ServiceLog;alexkar;1436353013389;unknown;unknown;1;260;3;58130;42011464;51;-55
;ServiceLog;alexkar;1436353014428;unknown;unknown;1;260;3;58130;42011464;51;-55
;ServiceLog;alexkar;1436353015500;unknown;unknown;1;260;3;58130;42011464;51;-55
;ServiceLog;alexkar;1436353016554;unknown;unknown;1;260;3;58130;42011464;51;-55
;ServiceLog;alexkar;1436353017608;unknown;unknown;1;260;3;58130;42011464;51;-61
;ServiceLog;alexkar;1436353018657;unknown;unknown;1;260;3;58130;42011464;51;-61
;ServiceLog;alexkar;1436353019704;unknown;unknown;1;260;3;58130;42011464;51;-61
;ServiceLog;alexkar;1436353020754;unknown;unknown;1;260;3;58130;42011464;51;-61
;ServiceLog;alexkar;1436353021808;unknown;unknown;1;260;3;58130;42011464;51;-61
;ServiceLog;alexkar;1436353022852;unknown;unknown;1;260;3;58130;42011464;51;-61
;ServiceLog;alexkar;1436353023904;unknown;unknown;1;260;3;58130;42011464;51;-61
;ServiceLog;alexkar;1436353024956;unknown;unknown;1;260;3;58130;42011464;51;-61
;ServiceLog;alexkar;1436353026007;unknown;unknown;1;260;3;58130;42011464;51;-65
;ServiceLog;alexkar;1436353027036;unknown;unknown;1;260;3;58130;42011464;51;-65
;ServiceLog;alexkar;1436353028102;unknown;unknown;1;260;3;58130;42011464;51;-65
;ServiceLog;alexkar;1436353029147;unknown;unknown;1;260;3;58130;42011464;51;-65
;ServiceLog;alexkar;1436353030197;unknown;unknown;1;260;3;58130;42011464;51;-65
;ServiceLog;alexkar;1436353031221;unknown;unknown;1;260;3;58130;42013113;53;-65
;ServiceLog;alexkar;1436353032273;unknown;unknown;1;260;3;58130;42013113;53;-65
;ServiceLog;alexkar;1436353033327;unknown;unknown;1;260;3;58130;42013113;53;-65
;ServiceLog;alexkar;1436353034354;unknown;unknown;1;260;3;58130;42013113;53;-65
;ServiceLog;alexkar;1436353035387;unknown;unknown;1;260;3;58130;42013113;53;-59
;ServiceLog;alexkar;1436353036434;unknown;unknown;1;260;3;58130;42013113;53;-59
;ServiceLog;alexkar;1436353037501;unknown;unknown;1;260;3;58130;42013113;53;-59
;ServiceLog;alexkar;1436353038546;unknown;unknown;1;260;3;58130;42013113;53;-59
;ServiceLog;alexkar;1436353039595;unknown;unknown;1;260;3;58130;42013113;53;-59
;ServiceLog;alexkar;1436353040641;unknown;unknown;1;260;3;58130;42013113;53;-59
;ServiceLog;alexkar;1436353041693;unknown;unknown;1;260;3;58130;42013113;53;-59
;ServiceLog;alexkar;1436353042738;unknown;unknown;1;260;3;58130;42013113;53;-59
;ServiceLog;alexkar;1436353043791;unknown;unknown;1;260;3;58130;42013113;53;-59
;ServiceLog;alexkar;1436353044843;unknown;unknown;1;260;3;58130;42013113;53;-59
;ServiceLog;alexkar;1436353045896;unknown;unknown;1;260;3;58130;42013113;53;-59
;ServiceLog;alexkar;1436353046954;unknown;unknown;1;260;3;58130;42013113;53;-59
;ServiceLog;alexkar;1436353047986;unknown;unknown;1;260;3;58130;42013113;53;-59
;ServiceLog;alexkar;1436353049039;unknown;unknown;1;260;3;58130;42013113;53;-59
;ServiceLog;alexkar;1436353050094;unknown;unknown;1;260;3;58130;42013113;53;-59
;ServiceLog;alexkar;1436353051146;unknown;unknown;1;260;3;58130;42013113;53;-59
;ServiceLog;alexkar;1436353052198;unknown;unknown;1;260;3;58130;42013113;53;-59
;ServiceLog;alexkar;1436353053244;unknown;unknown;1;260;3;58130;42013113;53;-59
;ServiceLog;alexkar;1436353054308;unknown;unknown;1;260;3;58130;42013113;53;-59
;ServiceLog;alexkar;1436353055352;unknown;unknown;1;260;3;58130;42013113;53;-59
;ServiceLog;alexkar;1436353056376;unknown;unknown;1;260;3;58130;42013113;53;-59
;ServiceLog;alexkar;1436353057494;unknown;unknown;1;260;3;58130;42013113;53;-59
;ServiceLog;alexkar;1436353058521;unknown;unknown;1;260;3;58130;42013113;53;-59
;ServiceLog;alexkar;1436353059577;unknown;unknown;1;260;3;58130;42013113;53;-59
;ServiceLog;alexkar;1436353060608;unknown;unknown;1;260;3;58130;42013113;53;-59
;ServiceLog;alexkar;1436353061671;unknown;unknown;1;260;3;58130;42013113;53;-59
;ServiceLog;alexkar;1436353062723;unknown;unknown;1;260;3;58130;42013113;53;-59
;ServiceLog;alexkar;1436353063767;unknown;unknown;1;260;3;58130;42013113;53;-59
;ServiceLog;alexkar;1436353064826;unknown;unknown;1;260;3;58130;42013113;53;-59
;ServiceLog;alexkar;1436353065896;unknown;unknown;1;260;3;58130;42013113;53;-59
;ServiceLog;alexkar;1436353066934;unknown;unknown;1;260;3;58130;42013113;53;-59
;ServiceLog;alexkar;1436353067974;unknown;unknown;1;260;3;58130;42013113;53;-59
;ServiceLog;alexkar;1436353069025;unknown;unknown;1;260;3;58130;42013113;53;-59
;ServiceLog;alexkar;1436353070067;unknown;unknown;1;260;3;58130;42013113;53;-59
;ServiceLog;alexkar;1436353071092;unknown;unknown;1;260;3;58130;42013113;53;-59
;ServiceLog;alexkar;1436353072141;unknown;unknown;1;260;3;58130;42013113;53;-59
;ServiceLog;alexkar;1436353073203;unknown;unknown;1;260;3;58130;42013113;53;-59
;ServiceLog;alexkar;1436353074235;unknown;unknown;1;260;3;58130;42013113;53;-59
;ServiceLog;alexkar;1436353075290;unknown;unknown;1;260;3;58130;42013113;53;-59
;ServiceLog;alexkar;1436353076342;unknown;unknown;1;260;3;58130;42013113;53;-59
;ServiceLog;alexkar;1436353077364;unknown;unknown;1;260;3;58130;42013113;53;-59
;ServiceLog;alexkar;1436353078395;unknown;unknown;1;260;3;58130;42013113;53;-59
;ServiceLog;alexkar;1436353079430;unknown;unknown;1;260;3;58130;42013113;53;-59
;ServiceLog;alexkar;1436353080518;unknown;unknown;1;260;3;58130;42013113;53;-59
;ServiceLog;alexkar;1436353081568;unknown;unknown;1;260;3;58130;42013113;53;-59
;ServiceLog;alexkar;1436353082624;unknown;unknown;1;260;3;58130;42013113;53;-59
;ServiceLog;alexkar;1436353083664;unknown;unknown;1;260;3;58130;42013113;53;-59
;ServiceLog;alexkar;1436353084711;unknown;unknown;1;260;3;58130;42013113;53;-59
;ServiceLog;alexkar;1436353085764;unknown;unknown;1;260;3;58130;42013113;53;-59
;ServiceLog;alexkar;1436353086813;unknown;unknown;1;260;3;58130;42013113;53;-59
;ServiceLog;alexkar;1436353087876;unknown;unknown;1;260;3;58130;42013113;53;-59
;ServiceLog;alexkar;1436353088917;unknown;unknown;1;260;3;58130;42013113;53;-59
;ServiceLog;alexkar;1436353089943;unknown;unknown;1;260;3;58130;42013113;53;-59
;ServiceLog;alexkar;1436353090992;unknown;unknown;1;260;3;58130;42013113;53;-59
;ServiceLog;alexkar;1436353092042;unknown;unknown;1;260;3;58130;42013113;53;-59
;ServiceLog;alexkar;1436353093084;unknown;unknown;1;260;3;58130;42013113;53;-59
;ServiceLog;alexkar;1436353094137;unknown;unknown;1;260;3;58130;42013113;53;-59
;ServiceLog;alexkar;1436353095185;unknown;unknown;1;260;3;58130;42013113;53;-59
;ServiceLog;alexkar;1436353096216;unknown;unknown;1;260;3;58130;42013113;53;-59
;ServiceLog;alexkar;1436353097238;unknown;unknown;1;260;3;58130;42013113;53;-59
;ServiceLog;alexkar;1436353098263;unknown;unknown;1;260;3;58130;42013113;53;-59
;ServiceLog;alexkar;1436353099319;unknown;unknown;1;260;3;58130;42013113;53;-59
;ServiceLog;alexkar;1436353100337;unknown;unknown;1;260;3;58130;42013113;53;-59
;ServiceLog;alexkar;1436353101356;unknown;unknown;1;260;3;58130;42013113;53;-59
;ServiceLog;alexkar;1436353102382;unknown;unknown;1;260;3;58130;42013113;53;-59
;ServiceLog;alexkar;1436353103421;unknown;unknown;1;260;3;58130;42013113;53;-59
;ServiceLog;alexkar;1436353104486;unknown;unknown;1;260;3;58130;42013113;53;-59
;ServiceLog;alexkar;1436353105537;unknown;unknown;1;260;3;58130;42013113;53;-59
;ServiceLog;alexkar;1436353106585;unknown;unknown;1;260;3;58130;42013113;53;-59
;ServiceLog;alexkar;1436353107636;unknown;unknown;1;260;3;58130;42013113;53;-59
;ServiceLog;alexkar;1436353108685;unknown;unknown;1;260;3;58130;42013113;53;-59
;ServiceLog;alexkar;1436353109731;unknown;unknown;1;260;3;58130;42013113;53;-59
;ServiceLog;alexkar;1436353110777;unknown;unknown;1;260;3;58130;42013113;53;-59
;ServiceLog;alexkar;1436353111860;unknown;unknown;1;260;3;58130;42013113;53;-59
;ServiceLog;alexkar;1436353112915;unknown;unknown;1;260;3;58130;42013113;53;-59
;ServiceLog;alexkar;1436353113960;unknown;unknown;1;260;3;58130;42013113;53;-59
;ServiceLog;alexkar;1436353115010;unknown;unknown;1;260;3;58130;42013113;53;-59
;ServiceLog;alexkar;1436353116058;unknown;unknown;1;260;3;58130;42013113;53;-59
;ServiceLog;alexkar;1436353117112;unknown;unknown;1;260;3;58130;42013113;53;-59
;ServiceLog;alexkar;1436353118134;unknown;unknown;1;260;3;58130;42013113;53;-59
;ServiceLog;alexkar;1436353119156;unknown;unknown;1;260;3;58130;42013113;53;-59
;ServiceLog;alexkar;1436353120208;unknown;unknown;1;260;3;58130;42013113;53;-59
;ServiceLog;alexkar;1436353121260;unknown;unknown;1;260;3;58130;42013113;53;-59
;ServiceLog;alexkar;1436353122325;unknown;unknown;1;260;3;58130;42013113;53;-59
;ServiceLog;alexkar;1436353123345;unknown;unknown;1;260;3;58130;42013113;53;-59
;ServiceLog;alexkar;1436353124366;unknown;unknown;1;260;3;58130;42013113;53;-59
;ServiceLog;alexkar;1436353125388;unknown;unknown;1;260;3;58130;42013113;53;-61
;ServiceLog;alexkar;1436353126414;unknown;unknown;1;260;3;58130;42013113;53;-61
;ServiceLog;alexkar;1436353127460;unknown;unknown;1;260;3;58130;42013113;53;-61
;ServiceLog;alexkar;1436353128517;unknown;unknown;1;260;3;58130;42013113;53;-59
;ServiceLog;alexkar;1436353129564;unknown;unknown;1;260;3;58130;42013113;53;-59
;ServiceLog;alexkar;1436353130608;unknown;unknown;1;260;3;58130;42013113;53;-59
;ServiceLog;alexkar;1436353131640;unknown;unknown;1;260;3;58130;42013113;53;-63
;ServiceLog;alexkar;1436353132685;unknown;unknown;1;260;3;58130;42013113;53;-63
;ServiceLog;alexkar;1436353133730;unknown;unknown;1;260;3;58130;42013113;53;-63
;ServiceLog;alexkar;1436353134786;unknown;unknown;1;260;3;58130;42013113;53;-63
;ServiceLog;alexkar;1436353135864;unknown;unknown;1;260;3;58130;42013113;53;-63
;ServiceLog;alexkar;1436353136912;unknown;unknown;1;260;3;58130;42013113;53;-71
;ServiceLog;alexkar;1436353137963;unknown;unknown;1;260;3;58130;42013113;53;-71
;ServiceLog;alexkar;1436353139018;unknown;unknown;1;260;3;58130;42013113;53;-71
;ServiceLog;alexkar;1436353140072;unknown;unknown;1;260;3;58130;42013113;53;-69
;ServiceLog;alexkar;1436353141103;unknown;unknown;1;260;3;58130;42013113;53;-69
;ServiceLog;alexkar;1436353142172;unknown;unknown;1;260;3;58130;42011511;55;-69
;ServiceLog;alexkar;1436353142743;unknown;unknown;1;260;3;58120;42011511;55;-69
;ServiceLog;alexkar;1436353143786;unknown;unknown;1;260;3;58120;42011511;55;-69
;ServiceLog;alexkar;1436353144829;unknown;unknown;1;260;3;58120;42011511;55;-69
;ServiceLog;alexkar;1436353145850;unknown;unknown;1;260;3;58120;42011511;55;-61
;ServiceLog;alexkar;1436353146875;unknown;unknown;1;260;3;58120;42011511;55;-61
;ServiceLog;alexkar;1436353147912;unknown;unknown;1;260;3;58120;42011511;55;-61
;ServiceLog;alexkar;1436353148940;unknown;unknown;1;260;3;58120;42011511;55;-53
;ServiceLog;alexkar;1436353149987;unknown;unknown;1;260;3;58120;42011511;55;-53
;ServiceLog;alexkar;1436353151041;unknown;unknown;1;260;3;58120;42011511;55;-53
;ServiceLog;alexkar;1436353152091;unknown;unknown;1;260;3;58120;42011511;55;-53
;ServiceLog;alexkar;1436353153290;unknown;unknown;1;260;3;58120;42011511;55;-53
;ServiceLog;alexkar;1436353154318;unknown;unknown;1;260;3;58120;42011511;55;-53
;ServiceLog;alexkar;1436353155360;unknown;unknown;1;260;3;58120;42011511;55;-53
;ServiceLog;alexkar;1436353156414;unknown;unknown;1;260;3;58120;42011511;55;-53
;ServiceLog;alexkar;1436353157459;unknown;unknown;1;260;3;58120;42011511;55;-53
;ServiceLog;alexkar;1436353158521;unknown;unknown;1;260;3;58120;42011511;55;-53
;ServiceLog;alexkar;1436353159562;unknown;unknown;1;260;3;58120;42011511;55;-53
;ServiceLog;alexkar;1436353160608;unknown;unknown;1;260;3;58120;42011511;55;-53
;ServiceLog;alexkar;1436353161658;unknown;unknown;1;260;3;58120;42011511;55;-53
;ServiceLog;alexkar;1436353162696;unknown;unknown;1;260;3;58120;42011511;55;-53
;ServiceLog;alexkar;1436353163741;unknown;unknown;1;260;3;58120;42011511;55;-53
;ServiceLog;alexkar;1436353164809;unknown;unknown;1;260;3;58120;42011511;55;-53
;ServiceLog;alexkar;1436353165853;unknown;unknown;1;260;3;58120;42011511;55;-53
;ServiceLog;alexkar;1436353166881;unknown;unknown;1;260;3;58120;42011511;55;-53
;ServiceLog;alexkar;1436353167935;unknown;unknown;1;260;3;58120;42011511;55;-53
;ServiceLog;alexkar;1436353168986;unknown;unknown;1;260;3;58120;42011511;55;-53
;ServiceLog;alexkar;1436353170031;unknown;unknown;1;260;3;58120;42011511;55;-53
;ServiceLog;alexkar;1436353171075;unknown;unknown;1;260;3;58120;42011511;55;-53
;ServiceLog;alexkar;1436353172102;unknown;unknown;1;260;3;58120;42011511;55;-53
;ServiceLog;alexkar;1436353173176;unknown;unknown;1;260;3;58120;42011511;55;-53
;ServiceLog;alexkar;1436353174245;unknown;unknown;1;260;3;58120;42011511;55;-53
;ServiceLog;alexkar;1436353175315;unknown;unknown;1;260;3;58120;42011511;55;-53
