ID;Name;User;TimeStamp;NetworkGen;NetworkType;Active;MCC;MNC;LAC;CID;PSC;Power
1643;Бульвар Дмитрия Донского 3;Anna;1427628325551;3G;HSDPA;1;250;2;7705;10883101;484;-97
1643;Бульвар Дмитрия Донского 3;Anna;1427628325551;3G;HSDPA;250-2-7705-10883101;-1;-1;-1;-1;112;-113
1643;Бульвар Дмитрия Донского 3;Anna;1427628325551;3G;HSDPA;250-2-7705-10883101;-1;-1;-1;-1;-1;-71
1643;Бульвар Дмитрия Донского 3;Anna;1427628325551;3G;HSDPA;250-2-7705-10883101;-1;-1;-1;-1;-1;-113
1643;Бульвар Дмитрия Донского 3;Anna;1427628325551;3G;HSDPA;250-2-7705-10883101;-1;-1;-1;-1;-1;-113
1643;Бульвар Дмитрия Донского 3;Anna;1427628325551;3G;HSDPA;250-2-7705-10883101;-1;-1;-1;-1;-1;-113
1643;Бульвар Дмитрия Донского 3;Anna;1427628325551;3G;HSDPA;250-2-7705-10883101;-1;-1;-1;-1;-1;-113
1643;Бульвар Дмитрия Донского 3;Anna;1427628325551;3G;HSDPA;250-2-7705-10883101;-1;-1;-1;-1;-1;-113
1643;Бульвар Дмитрия Донского 3;Anna;1427628325551;3G;HSDPA;250-2-7705-10883101;-1;-1;-1;-1;-1;-113
1643;Бульвар Дмитрия Донского 3;Anna;1427628325551;3G;HSDPA;250-2-7705-10883101;-1;-1;-1;-1;-1;-113
1644;Бульвар Дмитрия Донского 4;Anna;1427628338251;3G;HSDPA;1;250;2;7705;10883101;484;-83
1644;Бульвар Дмитрия Донского 4;Anna;1427628338251;3G;HSDPA;250-2-7705-10883101;-1;-1;-1;-1;112;-113
1644;Бульвар Дмитрия Донского 4;Anna;1427628338251;3G;HSDPA;250-2-7705-10883101;-1;-1;-1;-1;-1;-75
1644;Бульвар Дмитрия Донского 4;Anna;1427628338251;3G;HSDPA;250-2-7705-10883101;-1;-1;-1;-1;-1;-113
1644;Бульвар Дмитрия Донского 4;Anna;1427628338251;3G;HSDPA;250-2-7705-10883101;-1;-1;-1;-1;-1;-113
1644;Бульвар Дмитрия Донского 4;Anna;1427628338251;3G;HSDPA;250-2-7705-10883101;-1;-1;-1;-1;-1;-113
1644;Бульвар Дмитрия Донского 4;Anna;1427628338251;3G;HSDPA;250-2-7705-10883101;-1;-1;-1;-1;-1;-113
1644;Бульвар Дмитрия Донского 4;Anna;1427628338251;3G;HSDPA;250-2-7705-10883101;-1;-1;-1;-1;-1;-113
1644;Бульвар Дмитрия Донского 4;Anna;1427628338251;3G;HSDPA;250-2-7705-10883101;-1;-1;-1;-1;-1;-113
1644;Бульвар Дмитрия Донского 4;Anna;1427628338251;3G;HSDPA;250-2-7705-10883101;-1;-1;-1;-1;-1;-113
1631;Аннино 1;Anna;1427628442116;2G;EDGE;1;250;2;7771;1190;-1;-75
1632;Аннино 2;Anna;1427628461371;2G;EDGE;1;250;2;7771;1190;-1;-57
1633;Аннино 3;Anna;1427628482088;3G;HSDPA;1;250;2;7705;10883105;489;-75
1633;Аннино 3;Anna;1427628482088;3G;HSDPA;250-2-7705-10883105;-1;-1;-1;-1;133;-113
1634;Аннино 4;Anna;1427628493371;3G;HSDPA;1;250;2;7705;10883105;489;-69
1634;Аннино 4;Anna;1427628493371;3G;HSDPA;250-2-7705-10883105;-1;-1;-1;-1;133;-113
1621;Улица Академика Янгеля 1;Anna;1427628558545;3G;HSDPA;1;250;2;7705;10883140;487;-99
1621;Улица Академика Янгеля 1;Anna;1427628558545;3G;HSDPA;250-2-7705-10883140;-1;-1;-1;-1;487;-99
1622;Улица Академика Янгеля 2;Anna;1427628576146;3G;HSDPA;1;250;2;7705;10883140;487;-71
1622;Улица Академика Янгеля 2;Anna;1427628576146;3G;HSDPA;250-2-7705-10883140;-1;-1;-1;-1;487;-73
1623;Улица Академика Янгеля 3;Anna;1427628597335;3G;HSDPA;1;250;2;7705;10883140;487;-71
1623;Улица Академика Янгеля 3;Anna;1427628597335;3G;HSDPA;250-2-7705-10883140;-1;-1;-1;-1;487;-69
1624;Улица Академика Янгеля 4;Anna;1427628609853;3G;HSDPA;1;250;2;7705;10883140;487;-75
1624;Улица Академика Янгеля 4;Anna;1427628609853;3G;HSDPA;250-2-7705-10883140;-1;-1;-1;-1;487;-71
1501;Пражская 1;Anna;1427628707516;2G;EDGE;1;250;2;7717;1170;-1;-65
1502;Пражская 2;Anna;1427628724137;2G;EDGE;1;250;2;7717;1170;-1;-67
1503;Пражская 3;Anna;1427628745488;3G;HSDPA;1;250;2;7717;10424398;485;-75
1504;Пражская 4;Anna;1427628760020;3G;HSDPA;1;250;2;7717;10424398;485;-69
1491;Южная 1;Anna;1427628821379;2G;EDGE;1;-1;-1;-1;-1;-1;-59
1492;Южная 2;Anna;1427628837463;2G;EDGE;1;-1;-1;-1;-1;-1;-113
1493;Южная 3;Anna;1427628857365;3G;HSDPA;1;250;2;7717;10424400;483;-71
1494;Южная 4;Anna;1427628865484;3G;HSDPA;1;250;2;7717;10424400;483;-81
1481;Чертановская 1;Anna;1427628998023;unknown;unknown;1;250;99;26802;4016;-1;-87
1481;Чертановская 1;Anna;1427628998023;unknown;unknown;250-99-26802-4016;250;99;26802;4027;-1;-103
1482;Чертановская 2;Anna;1427629014835;unknown;unknown;1;250;99;26802;4016;-1;-113
1482;Чертановская 2;Anna;1427629014835;unknown;unknown;250-99-26802-4016;250;99;26802;4027;-1;-103
