ID;Name;User;TimeStamp;NetworkGen;NetworkType;Active;MCC;MNC;LAC;CID;PSC;Power
573;Киевская (ФИЛ) 3;md;1423812416909;2G;EDGE;1;250;1;660;41863;-1;-71
574;Киевская (ФИЛ) 4;md;1423812432421;2G;EDGE;1;250;1;660;41863;-1;-79
1881;Выставочная 1;md;1423812717396;unknown;unknown;1;-1;-1;-1;-1;-1;-1
1882;Выставочная 2;md;1423812732223;3G;UMTS;1;250;1;660;6890765;-1;-85
1883;Выставочная 3;md;1423812778355;3G;UMTS;1;250;1;660;6890765;-1;-87
1884;Выставочная 4;md;1423812790817;3G;UMTS;1;250;1;660;6890765;-1;-85
1891;Международная 1;md;1423812840734;3G;UMTS;1;250;1;660;6899918;-1;-71
1892;Международная 2;md;1423812854854;3G;UMTS;1;250;1;660;6899918;-1;-81
