ID;Name;User;TimeStamp;NetworkGen;NetworkType;Active;MCC;MNC;LAC;CID;PSC;Power
323;Невский проспект 3;Stanislav;1435670218418;3G;HSPA;1;250;1;100;65539708;507;-97
323;Невский проспект 3;Stanislav;1435670218418;3G;HSPA;250-1-100-65539708;-1;-1;-1;-1;507;-99
323;Невский проспект 3;Stanislav;1435670218418;3G;HSPA;250-1-100-65539708;-1;-1;-1;-1;507;-97
324;Невский проспект 4;Stanislav;1435670228123;3G;HSPA;1;250;1;100;65539708;507;-87
324;Невский проспект 4;Stanislav;1435670228123;3G;HSPA;250-1-100-65539708;-1;-1;-1;-1;507;-83
324;Невский проспект 4;Stanislav;1435670228123;3G;HSPA;250-1-100-65539708;-1;-1;-1;-1;507;-91
331;Горьковская 1;Stanislav;1435670388470;3G;HSPA;1;250;1;100;65569727;503;-109
331;Горьковская 1;Stanislav;1435670388470;3G;HSPA;250-1-100-65569727;-1;-1;-1;-1;503;-111
332;Горьковская 2;Stanislav;1435670404691;3G;HSPA;1;250;1;100;65569727;503;-79
332;Горьковская 2;Stanislav;1435670404691;3G;HSPA;250-1-100-65569727;-1;-1;-1;-1;503;-65
333;Горьковская 3;Stanislav;1435670429261;3G;HSPA;1;250;1;100;65569727;503;-71
333;Горьковская 3;Stanislav;1435670429261;3G;HSPA;250-1-100-65569727;-1;-1;-1;-1;503;-67
334;Горьковская 4;Stanislav;1435670438918;3G;HSPA;1;250;1;100;65569727;503;-71
334;Горьковская 4;Stanislav;1435670438918;3G;HSPA;250-1-100-65569727;-1;-1;-1;-1;503;-71
341;Петроградская 1;Stanislav;1435670507793;unknown;unknown;1;250;2;7803;8321902;198;-69
342;Петроградская 2;Stanislav;1435670526872;unknown;unknown;1;250;2;7803;8321902;198;-71
343;Петроградская 3;Stanislav;1435670564472;3G;HSPA;1;250;1;100;65569737;502;-79
343;Петроградская 3;Stanislav;1435670564472;3G;HSPA;250-1-100-65569737;-1;-1;-1;-1;502;-79
344;Петроградская 4;Stanislav;1435670574521;3G;HSPA;1;250;1;100;65569737;502;-63
344;Петроградская 4;Stanislav;1435670574521;3G;HSPA;250-1-100-65569737;-1;-1;-1;-1;502;-69
351;Чёрная речка 1;Stanislav;1435670731085;unknown;unknown;1;250;2;7803;8322235;206;-71
351;Чёрная речка 1;Stanislav;1435670731085;unknown;unknown;250-2-7803-8322235;-1;-1;-1;-1;223;-89
352;Чёрная речка 2;Stanislav;1435670746217;3G;HSPA;1;250;1;100;65539747;501;-69
352;Чёрная речка 2;Stanislav;1435670746217;3G;HSPA;250-1-100-65539747;-1;-1;-1;-1;501;-63
353;Чёрная речка 3;Stanislav;1435670777908;3G;HSPA;1;250;1;100;65569747;501;-73
353;Чёрная речка 3;Stanislav;1435670777908;3G;HSPA;250-1-100-65569747;-1;-1;-1;-1;501;-71
354;Чёрная речка 4;Stanislav;1435670787526;3G;HSPA;1;250;1;100;65569747;501;-75
354;Чёрная речка 4;Stanislav;1435670787526;3G;HSPA;250-1-100-65569747;-1;-1;-1;-1;501;-71
361;Пионерская 1;Stanislav;1435670909745;unknown;unknown;1;250;2;7803;8291730;166;-87
361;Пионерская 1;Stanislav;1435670909745;unknown;unknown;250-2-7803-8291730;-1;-1;-1;-1;166;-71
361;Пионерская 1;Stanislav;1435670909745;unknown;unknown;250-2-7803-8291730;-1;-1;-1;-1;166;-69
361;Пионерская 1;Stanislav;1435670909745;unknown;unknown;250-2-7803-8291730;-1;-1;-1;-1;251;-79
361;Пионерская 1;Stanislav;1435670909745;unknown;unknown;250-2-7803-8291730;-1;-1;-1;-1;166;-65
361;Пионерская 1;Stanislav;1435670909745;unknown;unknown;250-2-7803-8291730;-1;-1;-1;-1;-1;-65
361;Пионерская 1;Stanislav;1435670909745;unknown;unknown;250-2-7803-8291730;-1;-1;-1;-1;-1;-69
361;Пионерская 1;Stanislav;1435670909745;unknown;unknown;250-2-7803-8291730;-1;-1;-1;-1;-1;-69
361;Пионерская 1;Stanislav;1435670909745;unknown;unknown;250-2-7803-8291730;-1;-1;-1;-1;-1;-111
361;Пионерская 1;Stanislav;1435670909745;unknown;unknown;250-2-7803-8291730;-1;-1;-1;-1;-1;-113
361;Пионерская 1;Stanislav;1435670909745;unknown;unknown;250-2-7803-8291730;-1;-1;-1;-1;-1;-113
362;Пионерская 2;Stanislav;1435670925491;unknown;unknown;1;250;2;7803;8291730;166;-69
362;Пионерская 2;Stanislav;1435670925491;unknown;unknown;250-2-7803-8291730;-1;-1;-1;-1;251;-73
