ID;Name;User;TimeStamp;NetworkGen;NetworkType;Active;MCC;MNC;LAC;CID;PSC;Power;session_id
973;Третьяковская (КРЛ) 3;vlad;1435850102582;2G;EDGE;1;250;2;7763;70;-1;-57;847175161
974;Третьяковская (КРЛ) 4;vlad;1435850111841;2G;EDGE;1;250;2;7763;70;-1;-57;847175161
981;Октябрьская (КРЛ) 1;vlad;1435850223896;unknown;unknown;1;-1;-1;-1;-1;-1;-1;847175161
982;Октябрьская (КРЛ) 2;vlad;1435850236485;unknown;unknown;1;-1;-1;-1;-1;-1;-1;847175161
983;Октябрьская (КРЛ) 3;vlad;1435850270052;unknown;unknown;1;-1;-1;-1;-1;-1;-1;847175161
984;Октябрьская (КРЛ) 4;vlad;1435850281063;unknown;unknown;1;-1;-1;-1;-1;-1;-1;847175161
991;Шаболовская 1;vlad;1435850355251;unknown;unknown;1;-1;-1;-1;-1;-1;-1;847175161
992;Шаболовская 2;vlad;1435850368280;unknown;unknown;1;-1;-1;-1;-1;-1;-1;847175161
993;Шаболовская 3;vlad;1435850391996;unknown;unknown;1;-1;-1;-1;-1;-1;-1;847175161
994;Шаболовская 4;vlad;1435850404114;2G;EDGE;1;250;2;7736;1000;-1;-69;847175161
981;Октябрьская (КРЛ) 1;vlad;1435850472903;2G;EDGE;1;250;2;7736;340;-1;-61;847175161
982;Октябрьская (КРЛ) 2;vlad;1435850487439;2G;EDGE;1;250;2;7736;340;-1;-75;847175161
983;Октябрьская (КРЛ) 3;vlad;1435850547026;2G;EDGE;1;250;2;7736;340;-1;-67;847175161
984;Октябрьская (КРЛ) 4;vlad;1435850559906;2G;EDGE;1;250;2;7736;340;-1;-67;847175161
991;Шаболовская 1;vlad;1435850633813;2G;EDGE;1;250;2;7736;1000;-1;-73;847175161
992;Шаболовская 2;vlad;1435850646674;2G;EDGE;1;250;2;7736;1000;-1;-67;847175161
993;Шаболовская 3;vlad;1435850699615;2G;EDGE;1;250;2;7736;1000;-1;-75;847175161
994;Шаболовская 4;vlad;1435850711379;2G;EDGE;1;250;2;7736;1000;-1;-67;847175161
981;Октябрьская (КРЛ) 1;vlad;1435850778084;2G;EDGE;1;250;2;7736;340;-1;-73;847175161
982;Октябрьская (КРЛ) 2;vlad;1435850792408;2G;EDGE;1;250;2;7736;340;-1;-77;847175161
983;Октябрьская (КРЛ) 3;vlad;1435850854182;2G;EDGE;1;250;2;7736;340;-1;-69;847175161
984;Октябрьская (КРЛ) 4;vlad;1435850867316;2G;EDGE;1;250;2;7736;340;-1;-75;847175161
991;Шаболовская 1;vlad;1435850941831;unknown;unknown;1;-1;-1;-1;-1;-1;-1;847175161
992;Шаболовская 2;vlad;1435850954924;unknown;unknown;1;-1;-1;-1;-1;-1;-1;847175161
993;Шаболовская 3;vlad;1435850997031;2G;EDGE;1;250;2;7736;1000;-1;-77;847175161
994;Шаболовская 4;vlad;1435851007782;2G;EDGE;1;250;2;7736;1000;-1;-69;847175161
981;Октябрьская (КРЛ) 1;vlad;1435851074857;2G;EDGE;1;250;2;7736;340;-1;-55;847175161
982;Октябрьская (КРЛ) 2;vlad;1435851088748;2G;EDGE;1;250;2;7736;340;-1;-63;847175161
983;Октябрьская (КРЛ) 3;vlad;1435851139184;2G;EDGE;1;250;2;7736;340;-1;-65;847175161
984;Октябрьская (КРЛ) 4;vlad;1435851151405;2G;EDGE;1;250;2;7736;340;-1;-71;847175161
991;Шаболовская 1;vlad;1435851225721;2G;EDGE;1;250;2;7736;1000;-1;-73;847175161
992;Шаболовская 2;vlad;1435851237903;2G;EDGE;1;250;2;7736;1000;-1;-75;847175161
993;Шаболовская 3;vlad;1435851257315;2G;EDGE;1;250;2;7736;1000;-1;-81;847175161
994;Шаболовская 4;vlad;1435851269418;2G;EDGE;1;250;2;7736;1000;-1;-69;847175161
1001;Ленинский проспект 1;vlad;1435851388736;2G;EDGE;1;250;2;7736;1010;-1;-71;847175161
1002;Ленинский проспект 2;vlad;1435851400649;2G;EDGE;1;250;2;7736;1010;-1;-71;847175161
1003;Ленинский проспект 3;vlad;1435851423464;2G;EDGE;1;250;2;7736;1010;-1;-75;847175161
1004;Ленинский проспект 4;vlad;1435851436272;2G;EDGE;1;250;2;7736;1010;-1;-71;847175161
1011;Академическая 1;vlad;1435851583235;unknown;unknown;1;-1;-1;-1;-1;-1;-1;847175161
1012;Академическая 2;vlad;1435851595403;unknown;unknown;1;-1;-1;-1;-1;-1;-1;847175161
