ID;Name;User;TimeStamp;NetworkGen;NetworkType;Active;MCC;MNC;LAC;CID;PSC;Power
973;Третьяковская (КРЛ) 3;vlad;1435850102487;2G;EDGE;1;250;2;7763;70;-1;-57
974;Третьяковская (КРЛ) 4;vlad;1435850112103;2G;EDGE;1;250;2;7763;70;-1;-57
981;Октябрьская (КРЛ) 1;vlad;1435850223070;unknown;unknown;1;-1;-1;-1;-1;-1;-1
982;Октябрьская (КРЛ) 2;vlad;1435850237156;unknown;unknown;1;-1;-1;-1;-1;-1;-1
983;Октябрьская (КРЛ) 3;vlad;1435850269811;unknown;unknown;1;-1;-1;-1;-1;-1;-1
984;Октябрьская (КРЛ) 4;vlad;1435850280884;unknown;unknown;1;-1;-1;-1;-1;-1;-1
991;Шаболовская 1;vlad;1435850355405;unknown;unknown;1;-1;-1;-1;-1;-1;-1
992;Шаболовская 2;vlad;1435850367692;unknown;unknown;1;-1;-1;-1;-1;-1;-1
993;Шаболовская 3;vlad;1435850391716;unknown;unknown;1;-1;-1;-1;-1;-1;-1
994;Шаболовская 4;vlad;1435850404175;2G;EDGE;1;250;2;7736;1000;-1;-69
981;Октябрьская (КРЛ) 1;vlad;1435850472401;2G;EDGE;1;250;2;7736;340;-1;-61
982;Октябрьская (КРЛ) 2;vlad;1435850486822;2G;EDGE;1;250;2;7736;340;-1;-75
983;Октябрьская (КРЛ) 3;vlad;1435850547434;2G;EDGE;1;250;2;7736;340;-1;-67
984;Октябрьская (КРЛ) 4;vlad;1435850559913;2G;EDGE;1;250;2;7736;340;-1;-67
991;Шаболовская 1;vlad;1435850634125;2G;EDGE;1;250;2;7736;1000;-1;-73
992;Шаболовская 2;vlad;1435850646499;2G;EDGE;1;250;2;7736;1000;-1;-67
993;Шаболовская 3;vlad;1435850700032;2G;EDGE;1;250;2;7736;1000;-1;-75
994;Шаболовская 4;vlad;1435850710707;2G;EDGE;1;250;2;7736;1000;-1;-67
981;Октябрьская (КРЛ) 1;vlad;1435850777969;2G;EDGE;1;250;2;7736;340;-1;-73
982;Октябрьская (КРЛ) 2;vlad;1435850793011;2G;EDGE;1;250;2;7736;340;-1;-77
983;Октябрьская (КРЛ) 3;vlad;1435850854622;2G;EDGE;1;250;2;7736;340;-1;-69
984;Октябрьская (КРЛ) 4;vlad;1435850867125;2G;EDGE;1;250;2;7736;340;-1;-75
991;Шаболовская 1;vlad;1435850942264;unknown;unknown;1;-1;-1;-1;-1;-1;-1
992;Шаболовская 2;vlad;1435850954380;unknown;unknown;1;-1;-1;-1;-1;-1;-1
993;Шаболовская 3;vlad;1435850996218;2G;EDGE;1;250;2;7736;1000;-1;-77
994;Шаболовская 4;vlad;1435851007799;2G;EDGE;1;250;2;7736;1000;-1;-69
981;Октябрьская (КРЛ) 1;vlad;1435851074172;2G;EDGE;1;250;2;7736;340;-1;-55
982;Октябрьская (КРЛ) 2;vlad;1435851088727;2G;EDGE;1;250;2;7736;340;-1;-63
983;Октябрьская (КРЛ) 3;vlad;1435851139496;2G;EDGE;1;250;2;7736;340;-1;-65
984;Октябрьская (КРЛ) 4;vlad;1435851151835;2G;EDGE;1;250;2;7736;340;-1;-71
991;Шаболовская 1;vlad;1435851226116;2G;EDGE;1;250;2;7736;1000;-1;-73
992;Шаболовская 2;vlad;1435851237710;2G;EDGE;1;250;2;7736;1000;-1;-75
993;Шаболовская 3;vlad;1435851257224;2G;EDGE;1;250;2;7736;1000;-1;-81
994;Шаболовская 4;vlad;1435851269166;2G;EDGE;1;250;2;7736;1000;-1;-69
1001;Ленинский проспект 1;vlad;1435851389066;2G;EDGE;1;250;2;7736;1010;-1;-71
1002;Ленинский проспект 2;vlad;1435851399968;2G;EDGE;1;250;2;7736;1010;-1;-71
1003;Ленинский проспект 3;vlad;1435851424212;2G;EDGE;1;250;2;7736;1010;-1;-75
1004;Ленинский проспект 4;vlad;1435851435716;2G;EDGE;1;250;2;7736;1010;-1;-71
1011;Академическая 1;vlad;1435851583597;unknown;unknown;1;-1;-1;-1;-1;-1;-1
1012;Академическая 2;vlad;1435851595483;unknown;unknown;1;-1;-1;-1;-1;-1;-1
