ID;Name;User;TimeStamp;NetworkGen;NetworkType;Active;MCC;MNC;LAC;CID;PSC;Power
;ServiceLog;md;1418399518922;2G;EDGE;1;250;1;660;452;-1;-87
;ServiceLog;md;1418399520021;2G;EDGE;1;250;1;660;452;-1;-87
;ServiceLog;md;1418399521055;2G;EDGE;1;250;1;660;452;-1;-87
;ServiceLog;md;1418399522092;2G;EDGE;1;250;1;660;452;-1;-89
;ServiceLog;md;1418399523143;2G;EDGE;1;250;1;660;452;-1;-89
;ServiceLog;md;1418399524190;2G;EDGE;1;250;1;660;452;-1;-89
;ServiceLog;md;1418399525376;2G;EDGE;1;250;1;660;452;-1;-89
;ServiceLog;md;1418399526443;2G;EDGE;1;250;1;660;452;-1;-89
;ServiceLog;md;1418399527463;2G;EDGE;1;250;1;660;452;-1;-87
;ServiceLog;md;1418399528498;2G;EDGE;1;250;1;660;452;-1;-87
;ServiceLog;md;1418399529538;2G;EDGE;1;250;1;660;452;-1;-87
;ServiceLog;md;1418399530599;2G;EDGE;1;250;1;660;452;-1;-87
;ServiceLog;md;1418399531630;2G;EDGE;1;250;1;660;452;-1;-87
;ServiceLog;md;1418399532677;2G;EDGE;1;250;1;660;452;-1;-87
;ServiceLog;md;1418399533706;2G;EDGE;1;250;1;660;452;-1;-89
;ServiceLog;md;1418399534737;2G;EDGE;1;250;1;660;452;-1;-89
;ServiceLog;md;1418399535771;2G;EDGE;1;250;1;660;452;-1;-89
;ServiceLog;md;1418399536814;2G;EDGE;1;250;1;660;452;-1;-89
;ServiceLog;md;1418399537859;2G;EDGE;1;250;1;660;452;-1;-89
;ServiceLog;md;1418399538916;2G;EDGE;1;250;1;660;452;-1;-89
;ServiceLog;md;1418399539982;2G;EDGE;1;250;1;660;452;-1;-83
;ServiceLog;md;1418399541048;2G;EDGE;1;250;1;660;452;-1;-83
;ServiceLog;md;1418399542114;2G;EDGE;1;250;1;660;452;-1;-83
;ServiceLog;md;1418399543215;2G;EDGE;1;250;1;660;452;-1;-83
;ServiceLog;md;1418399544260;2G;EDGE;1;250;1;660;452;-1;-83
;ServiceLog;md;1418399545319;2G;EDGE;1;250;1;660;452;-1;-85
;ServiceLog;md;1418399546359;2G;EDGE;1;250;1;660;452;-1;-85
;ServiceLog;md;1418399547447;2G;EDGE;1;250;1;660;452;-1;-85
;ServiceLog;md;1418399548520;2G;EDGE;1;250;1;660;452;-1;-89
;ServiceLog;md;1418399549587;2G;EDGE;1;250;1;660;452;-1;-89
;ServiceLog;md;1418399550645;2G;EDGE;1;250;1;660;452;-1;-89
;ServiceLog;md;1418399551719;2G;EDGE;1;250;1;660;452;-1;-93
;ServiceLog;md;1418399552758;2G;EDGE;1;250;1;660;452;-1;-93
;ServiceLog;md;1418399553791;2G;EDGE;1;250;1;660;452;-1;-93
;ServiceLog;md;1418399554828;2G;EDGE;1;250;1;660;452;-1;-93
;ServiceLog;md;1418399555869;2G;EDGE;1;250;1;660;452;-1;-93
;ServiceLog;md;1418399556911;2G;EDGE;1;250;1;660;452;-1;-93
;ServiceLog;md;1418399558004;2G;EDGE;1;250;1;660;452;-1;-93
;ServiceLog;md;1418399559063;2G;EDGE;1;250;1;660;452;-1;-93
;ServiceLog;md;1418399560165;2G;EDGE;1;250;1;660;452;-1;-93
;ServiceLog;md;1418399561234;2G;EDGE;1;250;1;660;452;-1;-93
;ServiceLog;md;1418399562290;2G;EDGE;1;250;1;660;452;-1;-93
;ServiceLog;md;1418399563363;2G;EDGE;1;250;1;660;452;-1;-93
;ServiceLog;md;1418399564430;2G;EDGE;1;250;1;660;452;-1;-93
;ServiceLog;md;1418399565492;2G;EDGE;1;250;1;660;452;-1;-93
;ServiceLog;md;1418399566558;2G;EDGE;1;250;1;660;452;-1;-93
;ServiceLog;md;1418399567634;2G;EDGE;1;250;1;660;452;-1;-93
;ServiceLog;md;1418399568699;2G;EDGE;1;250;1;660;452;-1;-93
;ServiceLog;md;1418399569764;2G;EDGE;1;250;1;660;452;-1;-93
;ServiceLog;md;1418399570824;2G;EDGE;1;250;1;660;452;-1;-93
;ServiceLog;md;1418399571891;unknown;unknown;1;-1;-1;-1;-1;-1;-1
;ServiceLog;md;1418399573061;unknown;unknown;1;-1;-1;-1;-1;-1;-1
;ServiceLog;md;1418399574117;unknown;unknown;1;-1;-1;-1;-1;-1;-1
;ServiceLog;md;1418399575187;unknown;unknown;1;-1;-1;-1;-1;-1;-1
;ServiceLog;md;1418399576255;unknown;unknown;1;-1;-1;-1;-1;-1;-1
;ServiceLog;md;1418399577325;unknown;unknown;1;-1;-1;-1;-1;-1;-1
;ServiceLog;md;1418399578401;unknown;unknown;1;-1;-1;-1;-1;-1;-1
;ServiceLog;md;1418399579492;unknown;unknown;1;-1;-1;-1;-1;-1;-1
;ServiceLog;md;1418399580548;unknown;unknown;1;-1;-1;-1;-1;-1;-1
;ServiceLog;md;1418399581615;unknown;unknown;1;-1;-1;-1;-1;-1;-1
;ServiceLog;md;1418399582676;unknown;unknown;1;-1;-1;-1;-1;-1;-1
;ServiceLog;md;1418399583732;unknown;unknown;1;-1;-1;-1;-1;-1;-1
;ServiceLog;md;1418399584812;unknown;unknown;1;-1;-1;-1;-1;-1;-1
;ServiceLog;md;1418399585855;unknown;unknown;1;-1;-1;-1;-1;-1;-1
;ServiceLog;md;1418399586892;unknown;unknown;1;-1;-1;-1;-1;-1;-1
;ServiceLog;md;1418399587932;unknown;unknown;1;-1;-1;-1;-1;-1;-1
;ServiceLog;md;1418399588984;unknown;unknown;1;-1;-1;-1;-1;-1;-1
;ServiceLog;md;1418399590041;unknown;unknown;1;-1;-1;-1;-1;-1;-1
;ServiceLog;md;1418399591089;unknown;unknown;1;-1;-1;-1;-1;-1;-1
;ServiceLog;md;1418399592155;unknown;unknown;1;-1;-1;-1;-1;-1;-1
;ServiceLog;md;1418399593213;unknown;unknown;1;-1;-1;-1;-1;-1;-1
;ServiceLog;md;1418399594268;unknown;unknown;1;-1;-1;-1;-1;-1;-1
;ServiceLog;md;1418399595344;unknown;unknown;1;-1;-1;-1;-1;-1;-1
;ServiceLog;md;1418399596430;unknown;unknown;1;-1;-1;-1;-1;-1;-1
;ServiceLog;md;1418399597581;unknown;unknown;1;-1;-1;-1;-1;-1;-1
;ServiceLog;md;1418399598646;unknown;unknown;1;-1;-1;-1;-1;-1;-1
;ServiceLog;md;1418399599709;unknown;unknown;1;-1;-1;-1;-1;-1;-1
;ServiceLog;md;1418399600747;unknown;unknown;1;-1;-1;-1;-1;-1;-1
;ServiceLog;md;1418399601800;unknown;unknown;1;-1;-1;-1;-1;-1;-1
;ServiceLog;md;1418399602863;unknown;unknown;1;-1;-1;-1;-1;-1;-1
;ServiceLog;md;1418399603903;unknown;unknown;1;-1;-1;-1;-1;-1;-1
;ServiceLog;md;1418399604968;unknown;unknown;1;-1;-1;-1;-1;-1;-1
;ServiceLog;md;1418399606030;unknown;unknown;1;-1;-1;-1;-1;-1;-1
;ServiceLog;md;1418399607087;unknown;unknown;1;-1;-1;-1;-1;-1;-1
;ServiceLog;md;1418399608145;unknown;unknown;1;-1;-1;-1;-1;-1;-1
;ServiceLog;md;1418399609192;unknown;unknown;1;-1;-1;-1;-1;-1;-1
;ServiceLog;md;1418399610248;unknown;unknown;1;-1;-1;-1;-1;-1;-1
;ServiceLog;md;1418399611315;unknown;unknown;1;-1;-1;-1;-1;-1;-1
;ServiceLog;md;1418399612385;unknown;unknown;1;-1;-1;-1;-1;-1;-1
;ServiceLog;md;1418399613490;unknown;unknown;1;-1;-1;-1;-1;-1;-1
;ServiceLog;md;1418399614547;unknown;unknown;1;-1;-1;-1;-1;-1;-1
;ServiceLog;md;1418399615613;unknown;unknown;1;-1;-1;-1;-1;-1;-1
;ServiceLog;md;1418399616675;unknown;unknown;1;-1;-1;-1;-1;-1;-1
;ServiceLog;md;1418399617743;unknown;unknown;1;-1;-1;-1;-1;-1;-1
;ServiceLog;md;1418399618869;unknown;unknown;1;-1;-1;-1;-1;-1;-1
;ServiceLog;md;1418399619926;unknown;unknown;1;-1;-1;-1;-1;-1;-1
;ServiceLog;md;1418399620984;unknown;unknown;1;-1;-1;-1;-1;-1;-1
;ServiceLog;md;1418399622038;unknown;unknown;1;-1;-1;-1;-1;-1;-1
;ServiceLog;md;1418399623103;unknown;unknown;1;-1;-1;-1;-1;-1;-1
;ServiceLog;md;1418399624167;unknown;unknown;1;-1;-1;-1;-1;-1;-1
;ServiceLog;md;1418399625600;unknown;unknown;1;-1;-1;-1;-1;-1;-1
;ServiceLog;md;1418399626655;unknown;unknown;1;-1;-1;-1;-1;-1;-1
;ServiceLog;md;1418399627761;unknown;unknown;1;-1;-1;-1;-1;-1;-1
;ServiceLog;md;1418399628889;unknown;unknown;1;-1;-1;-1;-1;-1;-1
;ServiceLog;md;1418399629954;unknown;unknown;1;-1;-1;-1;-1;-1;-1
;ServiceLog;md;1418399631008;unknown;unknown;1;-1;-1;-1;-1;-1;-1
;ServiceLog;md;1418399632069;unknown;unknown;1;-1;-1;-1;-1;-1;-1
;ServiceLog;md;1418399633135;unknown;unknown;1;-1;-1;-1;-1;-1;-1
;ServiceLog;md;1418399634206;unknown;unknown;1;-1;-1;-1;-1;-1;-1
;ServiceLog;md;1418399635263;unknown;unknown;1;-1;-1;-1;-1;-1;-1
;ServiceLog;md;1418399636331;unknown;unknown;1;-1;-1;-1;-1;-1;-1
;ServiceLog;md;1418399637405;unknown;unknown;1;-1;-1;-1;-1;-1;-1
;ServiceLog;md;1418399638461;unknown;unknown;1;-1;-1;-1;-1;-1;-1
;ServiceLog;md;1418399639538;unknown;unknown;1;-1;-1;-1;-1;-1;-1
;ServiceLog;md;1418399640592;unknown;unknown;1;-1;-1;-1;-1;-1;-1
;ServiceLog;md;1418399641652;unknown;unknown;1;-1;-1;-1;-1;-1;-1
;ServiceLog;md;1418399642701;unknown;unknown;1;-1;-1;-1;-1;-1;-1
;ServiceLog;md;1418399643755;unknown;unknown;1;-1;-1;-1;-1;-1;-1
;ServiceLog;md;1418399644830;unknown;unknown;1;-1;-1;-1;-1;-1;-1
;ServiceLog;md;1418399645887;unknown;unknown;1;-1;-1;-1;-1;-1;-1
;ServiceLog;md;1418399646921;unknown;unknown;1;-1;-1;-1;-1;-1;-1
;ServiceLog;md;1418399647982;unknown;unknown;1;-1;-1;-1;-1;-1;-1
;ServiceLog;md;1418399649036;unknown;unknown;1;-1;-1;-1;-1;-1;-1
;ServiceLog;md;1418399650094;unknown;unknown;1;-1;-1;-1;-1;-1;-1
;ServiceLog;md;1418399651155;unknown;unknown;1;-1;-1;-1;-1;-1;-1
;ServiceLog;md;1418399652219;unknown;unknown;1;-1;-1;-1;-1;-1;-1
;ServiceLog;md;1418399653275;unknown;unknown;1;-1;-1;-1;-1;-1;-1
;ServiceLog;md;1418399654340;unknown;unknown;1;-1;-1;-1;-1;-1;-1
;ServiceLog;md;1418399655395;unknown;unknown;1;-1;-1;-1;-1;-1;-1
;ServiceLog;md;1418399656451;unknown;unknown;1;-1;-1;-1;-1;-1;-1
;ServiceLog;md;1418399657534;unknown;unknown;1;-1;-1;-1;-1;-1;-1
;ServiceLog;md;1418399658603;unknown;unknown;1;-1;-1;-1;-1;-1;-1
;ServiceLog;md;1418399659684;unknown;unknown;1;-1;-1;-1;-1;-1;-1
;ServiceLog;md;1418399660751;unknown;unknown;1;-1;-1;-1;-1;-1;-1
;ServiceLog;md;1418399661813;unknown;unknown;1;-1;-1;-1;-1;-1;-1
;ServiceLog;md;1418399662877;unknown;unknown;1;-1;-1;-1;-1;-1;-1
;ServiceLog;md;1418399663932;unknown;unknown;1;-1;-1;-1;-1;-1;-1
;ServiceLog;md;1418399664996;unknown;unknown;1;-1;-1;-1;-1;-1;-1
;ServiceLog;md;1418399666061;unknown;unknown;1;-1;-1;-1;-1;-1;-1
;ServiceLog;md;1418399667137;unknown;unknown;1;-1;-1;-1;-1;-1;-1
;ServiceLog;md;1418399668196;unknown;unknown;1;-1;-1;-1;-1;-1;-1
;ServiceLog;md;1418399669255;unknown;unknown;1;-1;-1;-1;-1;-1;-1
;ServiceLog;md;1418399670323;unknown;unknown;1;-1;-1;-1;-1;-1;-1
;ServiceLog;md;1418399671398;unknown;unknown;1;-1;-1;-1;-1;-1;-1
;ServiceLog;md;1418399672453;unknown;unknown;1;-1;-1;-1;-1;-1;-1
;ServiceLog;md;1418399673527;unknown;unknown;1;-1;-1;-1;-1;-1;-1
;ServiceLog;md;1418399674596;unknown;unknown;1;-1;-1;-1;-1;-1;-1
;ServiceLog;md;1418399675662;unknown;unknown;1;-1;-1;-1;-1;-1;-1
;ServiceLog;md;1418399676739;unknown;unknown;1;-1;-1;-1;-1;-1;-1
;ServiceLog;md;1418399677804;unknown;unknown;1;-1;-1;-1;-1;-1;-1
;ServiceLog;md;1418399678878;unknown;unknown;1;-1;-1;-1;-1;-1;-1
;ServiceLog;md;1418399679936;unknown;unknown;1;-1;-1;-1;-1;-1;-1
;ServiceLog;md;1418399681001;unknown;unknown;1;-1;-1;-1;-1;-1;-1
;ServiceLog;md;1418399682068;unknown;unknown;1;-1;-1;-1;-1;-1;-1
;ServiceLog;md;1418399683125;unknown;unknown;1;-1;-1;-1;-1;-1;-1
;ServiceLog;md;1418399684184;unknown;unknown;1;-1;-1;-1;-1;-1;-1
;ServiceLog;md;1418399685248;unknown;unknown;1;-1;-1;-1;-1;-1;-1
;ServiceLog;md;1418399686323;unknown;unknown;1;-1;-1;-1;-1;-1;-1
;ServiceLog;md;1418399687402;unknown;unknown;1;-1;-1;-1;-1;-1;-1
;ServiceLog;md;1418399688464;unknown;unknown;1;-1;-1;-1;-1;-1;-1
;ServiceLog;md;1418399689532;unknown;unknown;1;-1;-1;-1;-1;-1;-1
;ServiceLog;md;1418399690593;unknown;unknown;1;-1;-1;-1;-1;-1;-1
;ServiceLog;md;1418399691666;unknown;unknown;1;-1;-1;-1;-1;-1;-1
;ServiceLog;md;1418399692732;unknown;unknown;1;-1;-1;-1;-1;-1;-1
;ServiceLog;md;1418399693807;unknown;unknown;1;-1;-1;-1;-1;-1;-1
;ServiceLog;md;1418399694860;unknown;unknown;1;-1;-1;-1;-1;-1;-1
;ServiceLog;md;1418399695927;unknown;unknown;1;-1;-1;-1;-1;-1;-1
;ServiceLog;md;1418399696994;unknown;unknown;1;-1;-1;-1;-1;-1;-1
;ServiceLog;md;1418399698062;unknown;unknown;1;-1;-1;-1;-1;-1;-1
;ServiceLog;md;1418399699132;unknown;unknown;1;-1;-1;-1;-1;-1;-1
;ServiceLog;md;1418399700195;unknown;unknown;1;-1;-1;-1;-1;-1;-1
;ServiceLog;md;1418399701236;unknown;unknown;1;-1;-1;-1;-1;-1;-1
;ServiceLog;md;1418399702299;unknown;unknown;1;-1;-1;-1;-1;-1;-1
;ServiceLog;md;1418399703369;unknown;unknown;1;-1;-1;-1;-1;-1;-1
;ServiceLog;md;1418399704776;unknown;unknown;1;-1;-1;-1;-1;-1;-1
;ServiceLog;md;1418399705841;unknown;unknown;1;-1;-1;-1;-1;-1;-1
;ServiceLog;md;1418399706923;unknown;unknown;1;-1;-1;-1;-1;-1;-1
;ServiceLog;md;1418399708004;unknown;unknown;1;-1;-1;-1;-1;-1;-1
;ServiceLog;md;1418399709059;unknown;unknown;1;-1;-1;-1;-1;-1;-1
;ServiceLog;md;1418399710108;unknown;unknown;1;-1;-1;-1;-1;-1;-1
;ServiceLog;md;1418399711126;unknown;unknown;1;-1;-1;-1;-1;-1;-1
;ServiceLog;md;1418399712173;unknown;unknown;1;-1;-1;-1;-1;-1;-1
;ServiceLog;md;1418399713206;unknown;unknown;1;-1;-1;-1;-1;-1;-1
;ServiceLog;md;1418399714254;unknown;unknown;1;-1;-1;-1;-1;-1;-1
;ServiceLog;md;1418399715281;unknown;unknown;1;-1;-1;-1;-1;-1;-1
;ServiceLog;md;1418399716324;unknown;unknown;1;-1;-1;-1;-1;-1;-1
;ServiceLog;md;1418399717361;unknown;unknown;1;-1;-1;-1;-1;-1;-1
;ServiceLog;md;1418399718396;unknown;unknown;1;-1;-1;-1;-1;-1;-1
;ServiceLog;md;1418399719478;unknown;unknown;1;-1;-1;-1;-1;-1;-1
;ServiceLog;md;1418399720535;unknown;unknown;1;-1;-1;-1;-1;-1;-1
;ServiceLog;md;1418399721590;unknown;unknown;1;-1;-1;-1;-1;-1;-1
;ServiceLog;md;1418399722655;unknown;unknown;1;-1;-1;-1;-1;-1;-1
;ServiceLog;md;1418399723713;unknown;unknown;1;-1;-1;-1;-1;-1;-1
;ServiceLog;md;1418399724744;unknown;unknown;1;-1;-1;-1;-1;-1;-1
;ServiceLog;md;1418399725804;unknown;unknown;1;-1;-1;-1;-1;-1;-1
;ServiceLog;md;1418399726857;unknown;unknown;1;-1;-1;-1;-1;-1;-1
;ServiceLog;md;1418399727930;unknown;unknown;1;-1;-1;-1;-1;-1;-1
;ServiceLog;md;1418399729258;unknown;unknown;1;-1;-1;-1;-1;-1;-1
;ServiceLog;md;1418399730328;unknown;unknown;1;-1;-1;-1;-1;-1;-1
;ServiceLog;md;1418399731391;unknown;unknown;1;-1;-1;-1;-1;-1;-1
;ServiceLog;md;1418399732491;unknown;unknown;1;-1;-1;-1;-1;-1;-1
;ServiceLog;md;1418399733528;unknown;unknown;1;-1;-1;-1;-1;-1;-1
;ServiceLog;md;1418399734597;unknown;unknown;1;-1;-1;-1;-1;-1;-1
;ServiceLog;md;1418399735652;unknown;unknown;1;-1;-1;-1;-1;-1;-1
;ServiceLog;md;1418399736720;unknown;unknown;1;-1;-1;-1;-1;-1;-1
;ServiceLog;md;1418399737790;unknown;unknown;1;-1;-1;-1;-1;-1;-1
;ServiceLog;md;1418399738825;unknown;unknown;1;-1;-1;-1;-1;-1;-1
;ServiceLog;md;1418399739885;unknown;unknown;1;-1;-1;-1;-1;-1;-1
;ServiceLog;md;1418399740967;unknown;unknown;1;-1;-1;-1;-1;-1;-1
;ServiceLog;md;1418399742019;unknown;unknown;1;-1;-1;-1;-1;-1;-1
;ServiceLog;md;1418399743088;unknown;unknown;1;-1;-1;-1;-1;-1;-1
;ServiceLog;md;1418399744149;unknown;unknown;1;-1;-1;-1;-1;-1;-1
;ServiceLog;md;1418399745225;unknown;unknown;1;-1;-1;-1;-1;-1;-1
;ServiceLog;md;1418399746294;unknown;unknown;1;-1;-1;-1;-1;-1;-1
;ServiceLog;md;1418399747379;unknown;unknown;1;-1;-1;-1;-1;-1;-1
;ServiceLog;md;1418399748477;unknown;unknown;1;-1;-1;-1;-1;-1;-1
;ServiceLog;md;1418399749533;unknown;unknown;1;-1;-1;-1;-1;-1;-1
;ServiceLog;md;1418399750593;unknown;unknown;1;-1;-1;-1;-1;-1;-1
;ServiceLog;md;1418399751650;unknown;unknown;1;-1;-1;-1;-1;-1;-1
;ServiceLog;md;1418399752719;unknown;unknown;1;-1;-1;-1;-1;-1;-1
;ServiceLog;md;1418399753757;unknown;unknown;1;-1;-1;-1;-1;-1;-1
;ServiceLog;md;1418399754840;unknown;unknown;1;-1;-1;-1;-1;-1;-1
;ServiceLog;md;1418399755875;unknown;unknown;1;-1;-1;-1;-1;-1;-1
;ServiceLog;md;1418399756916;unknown;unknown;1;-1;-1;-1;-1;-1;-1
;ServiceLog;md;1418399757973;unknown;unknown;1;-1;-1;-1;-1;-1;-1
;ServiceLog;md;1418399759006;unknown;unknown;1;-1;-1;-1;-1;-1;-1
;ServiceLog;md;1418399760058;unknown;unknown;1;-1;-1;-1;-1;-1;-1
;ServiceLog;md;1418399761095;unknown;unknown;1;-1;-1;-1;-1;-1;-1
;ServiceLog;md;1418399762112;unknown;unknown;1;-1;-1;-1;-1;-1;-1
;ServiceLog;md;1418399763130;unknown;unknown;1;-1;-1;-1;-1;-1;-1
;ServiceLog;md;1418399764151;unknown;unknown;1;-1;-1;-1;-1;-1;-1
;ServiceLog;md;1418399765180;unknown;unknown;1;-1;-1;-1;-1;-1;-1
;ServiceLog;md;1418399766212;unknown;unknown;1;-1;-1;-1;-1;-1;-1
;ServiceLog;md;1418399767247;unknown;unknown;1;-1;-1;-1;-1;-1;-1
;ServiceLog;md;1418399768288;unknown;unknown;1;-1;-1;-1;-1;-1;-1
;ServiceLog;md;1418399769741;2G;EDGE;1;250;1;660;11971;-1;-81
;ServiceLog;md;1418399770768;2G;EDGE;1;250;1;660;11971;-1;-81
;ServiceLog;md;1418399771816;2G;EDGE;1;250;1;660;11971;-1;-81
;ServiceLog;md;1418399772850;2G;EDGE;1;250;1;660;11971;-1;-89
;ServiceLog;md;1418399773885;2G;EDGE;1;250;1;660;11971;-1;-89
;ServiceLog;md;1418399774927;2G;EDGE;1;250;1;660;11971;-1;-89
;ServiceLog;md;1418399775989;2G;EDGE;1;250;1;660;11971;-1;-93
;ServiceLog;md;1418399777064;2G;EDGE;1;250;1;660;11971;-1;-93
;ServiceLog;md;1418399778136;2G;EDGE;1;250;1;660;11971;-1;-93
;ServiceLog;md;1418399779189;2G;EDGE;1;250;1;660;11971;-1;-95
;ServiceLog;md;1418399780334;2G;EDGE;1;250;1;660;11971;-1;-95
;ServiceLog;md;1418399781371;2G;EDGE;1;250;1;660;11971;-1;-95
;ServiceLog;md;1418399782429;2G;EDGE;1;250;1;660;11971;-1;-95
;ServiceLog;md;1418399783465;2G;EDGE;1;250;1;660;11971;-1;-95
;ServiceLog;md;1418399784501;2G;EDGE;1;250;1;660;11971;-1;-95
;ServiceLog;md;1418399785529;2G;EDGE;1;250;1;660;11971;-1;-95
;ServiceLog;md;1418399786565;2G;EDGE;1;250;1;660;11971;-1;-95
;ServiceLog;md;1418399787635;2G;EDGE;1;250;1;660;11971;-1;-95
;ServiceLog;md;1418399788720;2G;EDGE;1;250;1;660;11971;-1;-95
;ServiceLog;md;1418399789740;2G;EDGE;1;250;1;660;11971;-1;-95
;ServiceLog;md;1418399790790;2G;EDGE;1;250;1;660;11971;-1;-95
;ServiceLog;md;1418399791827;2G;EDGE;1;250;1;660;11971;-1;-95
;ServiceLog;md;1418399792869;2G;EDGE;1;250;1;660;11971;-1;-95
;ServiceLog;md;1418399793915;2G;EDGE;1;250;1;660;11971;-1;-95
;ServiceLog;md;1418399794948;2G;EDGE;1;250;1;660;11971;-1;-95
;ServiceLog;md;1418399795988;2G;EDGE;1;250;1;660;11971;-1;-95
;ServiceLog;md;1418399797027;2G;EDGE;1;250;1;660;11971;-1;-95
;ServiceLog;md;1418399798053;2G;EDGE;1;250;1;660;11971;-1;-95
;ServiceLog;md;1418399799088;2G;EDGE;1;250;1;660;11971;-1;-95
;ServiceLog;md;1418399800126;unknown;unknown;1;-1;-1;-1;-1;-1;-1
;ServiceLog;md;1418399801162;unknown;unknown;1;-1;-1;-1;-1;-1;-1
;ServiceLog;md;1418399802188;unknown;unknown;1;-1;-1;-1;-1;-1;-1
;ServiceLog;md;1418399803220;unknown;unknown;1;-1;-1;-1;-1;-1;-1
;ServiceLog;md;1418399804259;unknown;unknown;1;-1;-1;-1;-1;-1;-1
;ServiceLog;md;1418399805296;unknown;unknown;1;-1;-1;-1;-1;-1;-1
;ServiceLog;md;1418399806338;unknown;unknown;1;-1;-1;-1;-1;-1;-1
;ServiceLog;md;1418399807386;unknown;unknown;1;-1;-1;-1;-1;-1;-1
;ServiceLog;md;1418399808420;unknown;unknown;1;-1;-1;-1;-1;-1;-1
;ServiceLog;md;1418399809466;unknown;unknown;1;-1;-1;-1;-1;-1;-1
;ServiceLog;md;1418399810500;unknown;unknown;1;-1;-1;-1;-1;-1;-1
;ServiceLog;md;1418399811534;unknown;unknown;1;-1;-1;-1;-1;-1;-1
;ServiceLog;md;1418399812573;unknown;unknown;1;-1;-1;-1;-1;-1;-1
;ServiceLog;md;1418399813618;unknown;unknown;1;-1;-1;-1;-1;-1;-1
;ServiceLog;md;1418399814659;unknown;unknown;1;-1;-1;-1;-1;-1;-1
;ServiceLog;md;1418399815708;unknown;unknown;1;-1;-1;-1;-1;-1;-1
;ServiceLog;md;1418399817817;unknown;unknown;1;-1;-1;-1;-1;-1;-1
;ServiceLog;md;1418399818857;unknown;unknown;1;-1;-1;-1;-1;-1;-1
;ServiceLog;md;1418399819889;unknown;unknown;1;-1;-1;-1;-1;-1;-1
;ServiceLog;md;1418399820924;unknown;unknown;1;-1;-1;-1;-1;-1;-1
;ServiceLog;md;1418399821966;unknown;unknown;1;-1;-1;-1;-1;-1;-1
;ServiceLog;md;1418399823019;unknown;unknown;1;-1;-1;-1;-1;-1;-1
;ServiceLog;md;1418399824062;unknown;unknown;1;-1;-1;-1;-1;-1;-1
;ServiceLog;md;1418399825101;unknown;unknown;1;-1;-1;-1;-1;-1;-1
;ServiceLog;md;1418399826152;unknown;unknown;1;-1;-1;-1;-1;-1;-1
;ServiceLog;md;1418399827188;unknown;unknown;1;-1;-1;-1;-1;-1;-1
;ServiceLog;md;1418399828223;unknown;unknown;1;-1;-1;-1;-1;-1;-1
;ServiceLog;md;1418399829258;unknown;unknown;1;-1;-1;-1;-1;-1;-1
;ServiceLog;md;1418399830280;unknown;unknown;1;-1;-1;-1;-1;-1;-1
;ServiceLog;md;1418399831303;unknown;unknown;1;-1;-1;-1;-1;-1;-1
;ServiceLog;md;1418399832443;unknown;unknown;1;-1;-1;-1;-1;-1;-1
;ServiceLog;md;1418399833470;unknown;unknown;1;-1;-1;-1;-1;-1;-1
;ServiceLog;md;1418399834552;unknown;unknown;1;-1;-1;-1;-1;-1;-1
;ServiceLog;md;1418399835597;unknown;unknown;1;-1;-1;-1;-1;-1;-1
;ServiceLog;md;1418399836626;unknown;unknown;1;-1;-1;-1;-1;-1;-1
;ServiceLog;md;1418399837656;unknown;unknown;1;-1;-1;-1;-1;-1;-1
;ServiceLog;md;1418399838677;unknown;unknown;1;-1;-1;-1;-1;-1;-1
;ServiceLog;md;1418399839726;unknown;unknown;1;-1;-1;-1;-1;-1;-1
;ServiceLog;md;1418399840828;unknown;unknown;1;-1;-1;-1;-1;-1;-1
;ServiceLog;md;1418399842296;unknown;unknown;1;-1;-1;-1;-1;-1;-1
;ServiceLog;md;1418399843349;unknown;unknown;1;-1;-1;-1;-1;-1;-1
;ServiceLog;md;1418399845143;unknown;unknown;1;-1;-1;-1;-1;-1;-1
;ServiceLog;md;1418399846210;unknown;unknown;1;-1;-1;-1;-1;-1;-1
;ServiceLog;md;1418399847346;unknown;unknown;1;-1;-1;-1;-1;-1;-1
;ServiceLog;md;1418399848652;unknown;unknown;1;-1;-1;-1;-1;-1;-1
;ServiceLog;md;1418399849695;unknown;unknown;1;-1;-1;-1;-1;-1;-1
;ServiceLog;md;1418399850844;unknown;unknown;1;-1;-1;-1;-1;-1;-1
;ServiceLog;md;1418399851893;unknown;unknown;1;-1;-1;-1;-1;-1;-1
;ServiceLog;md;1418399852954;unknown;unknown;1;-1;-1;-1;-1;-1;-1
;ServiceLog;md;1418399853990;unknown;unknown;1;-1;-1;-1;-1;-1;-1
;ServiceLog;md;1418399855023;unknown;unknown;1;-1;-1;-1;-1;-1;-1
;ServiceLog;md;1418399856054;unknown;unknown;1;-1;-1;-1;-1;-1;-1
;ServiceLog;md;1418399857088;unknown;unknown;1;-1;-1;-1;-1;-1;-1
;ServiceLog;md;1418399858124;unknown;unknown;1;-1;-1;-1;-1;-1;-1
;ServiceLog;md;1418399859160;unknown;unknown;1;-1;-1;-1;-1;-1;-1
;ServiceLog;md;1418399860196;unknown;unknown;1;-1;-1;-1;-1;-1;-1
;ServiceLog;md;1418399861254;unknown;unknown;1;-1;-1;-1;-1;-1;-1
;ServiceLog;md;1418399862285;unknown;unknown;1;-1;-1;-1;-1;-1;-1
;ServiceLog;md;1418399863502;unknown;unknown;1;-1;-1;-1;-1;-1;-1
;ServiceLog;md;1418399864560;unknown;unknown;1;-1;-1;-1;-1;-1;-1
;ServiceLog;md;1418399865616;unknown;unknown;1;-1;-1;-1;-1;-1;-1
;ServiceLog;md;1418399866650;unknown;unknown;1;-1;-1;-1;-1;-1;-1
;ServiceLog;md;1418399867682;unknown;unknown;1;-1;-1;-1;-1;-1;-1
;ServiceLog;md;1418399870097;unknown;unknown;1;-1;-1;-1;-1;-1;-1
;ServiceLog;md;1418399871133;unknown;unknown;1;-1;-1;-1;-1;-1;-1
;ServiceLog;md;1418399872165;unknown;unknown;1;-1;-1;-1;-1;-1;-1
;ServiceLog;md;1418399873194;unknown;unknown;1;-1;-1;-1;-1;-1;-1
;ServiceLog;md;1418399874249;unknown;unknown;1;-1;-1;-1;-1;-1;-1
;ServiceLog;md;1418399875278;unknown;unknown;1;-1;-1;-1;-1;-1;-1
;ServiceLog;md;1418399876312;unknown;unknown;1;-1;-1;-1;-1;-1;-1
;ServiceLog;md;1418399877358;unknown;unknown;1;-1;-1;-1;-1;-1;-1
;ServiceLog;md;1418399878392;unknown;unknown;1;-1;-1;-1;-1;-1;-1
;ServiceLog;md;1418399879430;unknown;unknown;1;-1;-1;-1;-1;-1;-1
;ServiceLog;md;1418399880464;unknown;unknown;1;-1;-1;-1;-1;-1;-1
;ServiceLog;md;1418399881502;unknown;unknown;1;-1;-1;-1;-1;-1;-1
;ServiceLog;md;1418399882541;unknown;unknown;1;-1;-1;-1;-1;-1;-1
;ServiceLog;md;1418399884007;unknown;unknown;1;-1;-1;-1;-1;-1;-1
;ServiceLog;md;1418399885070;unknown;unknown;1;-1;-1;-1;-1;-1;-1
;ServiceLog;md;1418399886129;unknown;unknown;1;-1;-1;-1;-1;-1;-1
;ServiceLog;md;1418399887234;unknown;unknown;1;-1;-1;-1;-1;-1;-1
;ServiceLog;md;1418399888283;unknown;unknown;1;-1;-1;-1;-1;-1;-1
;ServiceLog;md;1418399889330;unknown;unknown;1;-1;-1;-1;-1;-1;-1
;ServiceLog;md;1418399890394;unknown;unknown;1;-1;-1;-1;-1;-1;-1
;ServiceLog;md;1418399891419;unknown;unknown;1;-1;-1;-1;-1;-1;-1
;ServiceLog;md;1418399892460;unknown;unknown;1;-1;-1;-1;-1;-1;-1
;ServiceLog;md;1418399893500;unknown;unknown;1;-1;-1;-1;-1;-1;-1
;ServiceLog;md;1418399894530;unknown;unknown;1;-1;-1;-1;-1;-1;-1
;ServiceLog;md;1418399895563;unknown;unknown;1;-1;-1;-1;-1;-1;-1
;ServiceLog;md;1418399896588;unknown;unknown;1;-1;-1;-1;-1;-1;-1
;ServiceLog;md;1418399897618;unknown;unknown;1;-1;-1;-1;-1;-1;-1
;ServiceLog;md;1418399898649;unknown;unknown;1;-1;-1;-1;-1;-1;-1
;ServiceLog;md;1418399899687;unknown;unknown;1;-1;-1;-1;-1;-1;-1
;ServiceLog;md;1418399900726;unknown;unknown;1;-1;-1;-1;-1;-1;-1
;ServiceLog;md;1418399901791;unknown;unknown;1;-1;-1;-1;-1;-1;-1
;ServiceLog;md;1418399902988;unknown;unknown;1;-1;-1;-1;-1;-1;-1
;ServiceLog;md;1418399904021;unknown;unknown;1;-1;-1;-1;-1;-1;-1
;ServiceLog;md;1418399905047;unknown;unknown;1;-1;-1;-1;-1;-1;-1
;ServiceLog;md;1418399906069;unknown;unknown;1;-1;-1;-1;-1;-1;-1
;ServiceLog;md;1418399907097;unknown;unknown;1;-1;-1;-1;-1;-1;-1
;ServiceLog;md;1418399908133;unknown;unknown;1;-1;-1;-1;-1;-1;-1
;ServiceLog;md;1418399909170;unknown;unknown;1;-1;-1;-1;-1;-1;-1
;ServiceLog;md;1418399910207;unknown;unknown;1;-1;-1;-1;-1;-1;-1
;ServiceLog;md;1418399911239;unknown;unknown;1;-1;-1;-1;-1;-1;-1
;ServiceLog;md;1418399912268;unknown;unknown;1;-1;-1;-1;-1;-1;-1
;ServiceLog;md;1418399913298;unknown;unknown;1;-1;-1;-1;-1;-1;-1
;ServiceLog;md;1418399914327;unknown;unknown;1;-1;-1;-1;-1;-1;-1
;ServiceLog;md;1418399915357;unknown;unknown;1;-1;-1;-1;-1;-1;-1
;ServiceLog;md;1418399916392;unknown;unknown;1;-1;-1;-1;-1;-1;-1
;ServiceLog;md;1418399917427;unknown;unknown;1;-1;-1;-1;-1;-1;-1
;ServiceLog;md;1418399918463;unknown;unknown;1;-1;-1;-1;-1;-1;-1
;ServiceLog;md;1418399919491;unknown;unknown;1;-1;-1;-1;-1;-1;-1
;ServiceLog;md;1418399920522;unknown;unknown;1;-1;-1;-1;-1;-1;-1
;ServiceLog;md;1418399921582;unknown;unknown;1;-1;-1;-1;-1;-1;-1
;ServiceLog;md;1418399922636;unknown;unknown;1;-1;-1;-1;-1;-1;-1
;ServiceLog;md;1418399923705;unknown;unknown;1;-1;-1;-1;-1;-1;-1
;ServiceLog;md;1418399924766;unknown;unknown;1;-1;-1;-1;-1;-1;-1
;ServiceLog;md;1418399925819;unknown;unknown;1;-1;-1;-1;-1;-1;-1
;ServiceLog;md;1418399926881;unknown;unknown;1;-1;-1;-1;-1;-1;-1
;ServiceLog;md;1418399927936;unknown;unknown;1;-1;-1;-1;-1;-1;-1
;ServiceLog;md;1418399929005;unknown;unknown;1;-1;-1;-1;-1;-1;-1
;ServiceLog;md;1418399930047;unknown;unknown;1;-1;-1;-1;-1;-1;-1
;ServiceLog;md;1418399931087;unknown;unknown;1;-1;-1;-1;-1;-1;-1
;ServiceLog;md;1418399932153;unknown;unknown;1;-1;-1;-1;-1;-1;-1
;ServiceLog;md;1418399933214;unknown;unknown;1;-1;-1;-1;-1;-1;-1
;ServiceLog;md;1418399934266;unknown;unknown;1;-1;-1;-1;-1;-1;-1
;ServiceLog;md;1418399935309;unknown;unknown;1;-1;-1;-1;-1;-1;-1
;ServiceLog;md;1418399936369;unknown;unknown;1;-1;-1;-1;-1;-1;-1
;ServiceLog;md;1418399937426;unknown;unknown;1;-1;-1;-1;-1;-1;-1
;ServiceLog;md;1418399938481;unknown;unknown;1;-1;-1;-1;-1;-1;-1
;ServiceLog;md;1418399939541;unknown;unknown;1;-1;-1;-1;-1;-1;-1
;ServiceLog;md;1418399940574;unknown;unknown;1;-1;-1;-1;-1;-1;-1
;ServiceLog;md;1418399941606;unknown;unknown;1;-1;-1;-1;-1;-1;-1
;ServiceLog;md;1418399942638;unknown;unknown;1;-1;-1;-1;-1;-1;-1
;ServiceLog;md;1418399943678;unknown;unknown;1;-1;-1;-1;-1;-1;-1
;ServiceLog;md;1418399944732;unknown;unknown;1;-1;-1;-1;-1;-1;-1
;ServiceLog;md;1418399945758;unknown;unknown;1;-1;-1;-1;-1;-1;-1
;ServiceLog;md;1418399947128;unknown;unknown;1;-1;-1;-1;-1;-1;-1
;ServiceLog;md;1418399948197;unknown;unknown;1;-1;-1;-1;-1;-1;-1
;ServiceLog;md;1418399949228;unknown;unknown;1;-1;-1;-1;-1;-1;-1
;ServiceLog;md;1418399950260;unknown;unknown;1;-1;-1;-1;-1;-1;-1
;ServiceLog;md;1418399951316;unknown;unknown;1;-1;-1;-1;-1;-1;-1
;ServiceLog;md;1418399952344;unknown;unknown;1;-1;-1;-1;-1;-1;-1
;ServiceLog;md;1418399953368;unknown;unknown;1;-1;-1;-1;-1;-1;-1
;ServiceLog;md;1418399954396;unknown;unknown;1;-1;-1;-1;-1;-1;-1
;ServiceLog;md;1418399955458;unknown;unknown;1;-1;-1;-1;-1;-1;-1
;ServiceLog;md;1418399956506;unknown;unknown;1;-1;-1;-1;-1;-1;-1
;ServiceLog;md;1418399957547;unknown;unknown;1;-1;-1;-1;-1;-1;-1
;ServiceLog;md;1418399958577;unknown;unknown;1;-1;-1;-1;-1;-1;-1
;ServiceLog;md;1418399959641;unknown;unknown;1;-1;-1;-1;-1;-1;-1
;ServiceLog;md;1418399960694;unknown;unknown;1;-1;-1;-1;-1;-1;-1
;ServiceLog;md;1418399961737;unknown;unknown;1;-1;-1;-1;-1;-1;-1
;ServiceLog;md;1418399962790;unknown;unknown;1;-1;-1;-1;-1;-1;-1
;ServiceLog;md;1418399963843;unknown;unknown;1;-1;-1;-1;-1;-1;-1
;ServiceLog;md;1418399964896;unknown;unknown;1;-1;-1;-1;-1;-1;-1
;ServiceLog;md;1418399965964;unknown;unknown;1;-1;-1;-1;-1;-1;-1
;ServiceLog;md;1418399967025;unknown;unknown;1;-1;-1;-1;-1;-1;-1
;ServiceLog;md;1418399968099;unknown;unknown;1;-1;-1;-1;-1;-1;-1
;ServiceLog;md;1418399969181;unknown;unknown;1;-1;-1;-1;-1;-1;-1
;ServiceLog;md;1418399970228;unknown;unknown;1;-1;-1;-1;-1;-1;-1
;ServiceLog;md;1418399971271;unknown;unknown;1;-1;-1;-1;-1;-1;-1
;ServiceLog;md;1418399972316;unknown;unknown;1;-1;-1;-1;-1;-1;-1
;ServiceLog;md;1418399973345;unknown;unknown;1;-1;-1;-1;-1;-1;-1
;ServiceLog;md;1418399974391;unknown;unknown;1;-1;-1;-1;-1;-1;-1
;ServiceLog;md;1418399975459;unknown;unknown;1;-1;-1;-1;-1;-1;-1
;ServiceLog;md;1418399976517;unknown;unknown;1;-1;-1;-1;-1;-1;-1
;ServiceLog;md;1418399977588;unknown;unknown;1;-1;-1;-1;-1;-1;-1
;ServiceLog;md;1418399978647;unknown;unknown;1;-1;-1;-1;-1;-1;-1
;ServiceLog;md;1418399979716;unknown;unknown;1;-1;-1;-1;-1;-1;-1
;ServiceLog;md;1418399980754;unknown;unknown;1;-1;-1;-1;-1;-1;-1
;ServiceLog;md;1418399981788;unknown;unknown;1;-1;-1;-1;-1;-1;-1
;ServiceLog;md;1418399982848;unknown;unknown;1;-1;-1;-1;-1;-1;-1
;ServiceLog;md;1418399983913;unknown;unknown;1;-1;-1;-1;-1;-1;-1
;ServiceLog;md;1418399984963;unknown;unknown;1;-1;-1;-1;-1;-1;-1
;ServiceLog;md;1418399986026;unknown;unknown;1;-1;-1;-1;-1;-1;-1
;ServiceLog;md;1418399987472;unknown;unknown;1;-1;-1;-1;-1;-1;-1
;ServiceLog;md;1418399988517;unknown;unknown;1;-1;-1;-1;-1;-1;-1
;ServiceLog;md;1418399989693;unknown;unknown;1;-1;-1;-1;-1;-1;-1
;ServiceLog;md;1418399990712;unknown;unknown;1;-1;-1;-1;-1;-1;-1
;ServiceLog;md;1418399991740;unknown;unknown;1;-1;-1;-1;-1;-1;-1
;ServiceLog;md;1418399992774;unknown;unknown;1;-1;-1;-1;-1;-1;-1
;ServiceLog;md;1418399993802;unknown;unknown;1;-1;-1;-1;-1;-1;-1
;ServiceLog;md;1418399994834;unknown;unknown;1;-1;-1;-1;-1;-1;-1
;ServiceLog;md;1418399995899;unknown;unknown;1;-1;-1;-1;-1;-1;-1
;ServiceLog;md;1418399996967;unknown;unknown;1;-1;-1;-1;-1;-1;-1
;ServiceLog;md;1418399998030;unknown;unknown;1;-1;-1;-1;-1;-1;-1
;ServiceLog;md;1418399999100;unknown;unknown;1;-1;-1;-1;-1;-1;-1
;ServiceLog;md;1418400000154;unknown;unknown;1;-1;-1;-1;-1;-1;-1
;ServiceLog;md;1418400001182;unknown;unknown;1;-1;-1;-1;-1;-1;-1
;ServiceLog;md;1418400002212;unknown;unknown;1;-1;-1;-1;-1;-1;-1
;ServiceLog;md;1418400003278;unknown;unknown;1;-1;-1;-1;-1;-1;-1
;ServiceLog;md;1418400004348;unknown;unknown;1;-1;-1;-1;-1;-1;-1
;ServiceLog;md;1418400005420;unknown;unknown;1;-1;-1;-1;-1;-1;-1
;ServiceLog;md;1418400006479;unknown;unknown;1;-1;-1;-1;-1;-1;-1
;ServiceLog;md;1418400007576;unknown;unknown;1;-1;-1;-1;-1;-1;-1
;ServiceLog;md;1418400008637;unknown;unknown;1;-1;-1;-1;-1;-1;-1
;ServiceLog;md;1418400009669;unknown;unknown;1;-1;-1;-1;-1;-1;-1
;ServiceLog;md;1418400010699;unknown;unknown;1;-1;-1;-1;-1;-1;-1
;ServiceLog;md;1418400011718;unknown;unknown;1;-1;-1;-1;-1;-1;-1
;ServiceLog;md;1418400012773;unknown;unknown;1;-1;-1;-1;-1;-1;-1
;ServiceLog;md;1418400013796;unknown;unknown;1;-1;-1;-1;-1;-1;-1
;ServiceLog;md;1418400014835;unknown;unknown;1;-1;-1;-1;-1;-1;-1
;ServiceLog;md;1418400015907;unknown;unknown;1;-1;-1;-1;-1;-1;-1
;ServiceLog;md;1418400017020;unknown;unknown;1;-1;-1;-1;-1;-1;-1
;ServiceLog;md;1418400018124;unknown;unknown;1;-1;-1;-1;-1;-1;-1
;ServiceLog;md;1418400019188;unknown;unknown;1;-1;-1;-1;-1;-1;-1
;ServiceLog;md;1418400020277;unknown;unknown;1;-1;-1;-1;-1;-1;-1
;ServiceLog;md;1418400021368;unknown;unknown;1;-1;-1;-1;-1;-1;-1
;ServiceLog;md;1418400022437;unknown;unknown;1;-1;-1;-1;-1;-1;-1
;ServiceLog;md;1418400023546;unknown;unknown;1;-1;-1;-1;-1;-1;-1
;ServiceLog;md;1418400024585;unknown;unknown;1;-1;-1;-1;-1;-1;-1
;ServiceLog;md;1418400025652;unknown;unknown;1;-1;-1;-1;-1;-1;-1
;ServiceLog;md;1418400026759;unknown;unknown;1;-1;-1;-1;-1;-1;-1
;ServiceLog;md;1418400028184;unknown;unknown;1;-1;-1;-1;-1;-1;-1
;ServiceLog;md;1418400029243;unknown;unknown;1;-1;-1;-1;-1;-1;-1
;ServiceLog;md;1418400030304;unknown;unknown;1;-1;-1;-1;-1;-1;-1
;ServiceLog;md;1418400031372;unknown;unknown;1;-1;-1;-1;-1;-1;-1
;ServiceLog;md;1418400032441;unknown;unknown;1;-1;-1;-1;-1;-1;-1
;ServiceLog;md;1418400033551;unknown;unknown;1;-1;-1;-1;-1;-1;-1
;ServiceLog;md;1418400034626;unknown;unknown;1;-1;-1;-1;-1;-1;-1
;ServiceLog;md;1418400035725;unknown;unknown;1;-1;-1;-1;-1;-1;-1
;ServiceLog;md;1418400036792;unknown;unknown;1;-1;-1;-1;-1;-1;-1
;ServiceLog;md;1418400037862;unknown;unknown;1;-1;-1;-1;-1;-1;-1
;ServiceLog;md;1418400039003;unknown;unknown;1;-1;-1;-1;-1;-1;-1
;ServiceLog;md;1418400040040;unknown;unknown;1;-1;-1;-1;-1;-1;-1
;ServiceLog;md;1418400041114;unknown;unknown;1;-1;-1;-1;-1;-1;-1
;ServiceLog;md;1418400042138;unknown;unknown;1;-1;-1;-1;-1;-1;-1
;ServiceLog;md;1418400043193;unknown;unknown;1;-1;-1;-1;-1;-1;-1
;ServiceLog;md;1418400044468;3G;UMTS;1;250;1;802;479630;-1;-91
;ServiceLog;md;1418400044468;3G;UMTS;250-1-802-479630;250;1;-1;-1;379;37
;ServiceLog;md;1418400044468;3G;UMTS;250-1-802-479630;250;1;-1;-1;385;31
;ServiceLog;md;1418400045919;3G;UMTS;1;250;1;802;479630;-1;-75
;ServiceLog;md;1418400046961;3G;UMTS;1;250;1;802;479630;-1;-75
;ServiceLog;md;1418400048001;3G;UMTS;1;250;1;802;479630;-1;-77
;ServiceLog;md;1418400048001;3G;UMTS;250-1-802-479630;250;1;-1;-1;379;41
;ServiceLog;md;1418400048001;3G;UMTS;250-1-802-479630;250;1;-1;-1;385;20
;ServiceLog;md;1418400049029;3G;UMTS;1;250;1;802;479630;-1;-77
;ServiceLog;md;1418400049029;3G;UMTS;250-1-802-479630;250;1;-1;-1;379;39
;ServiceLog;md;1418400049029;3G;UMTS;250-1-802-479630;250;1;-1;-1;385;18
;ServiceLog;md;1418400050111;3G;UMTS;1;250;1;802;479630;-1;-77
;ServiceLog;md;1418400050111;3G;UMTS;250-1-802-479630;250;1;-1;-1;379;39
;ServiceLog;md;1418400050111;3G;UMTS;250-1-802-479630;250;1;-1;-1;385;20
;ServiceLog;md;1418400051148;3G;UMTS;1;250;1;802;479630;-1;-81
;ServiceLog;md;1418400052198;3G;UMTS;1;250;1;802;479631;-1;-81
;ServiceLog;md;1418400053227;3G;UMTS;1;250;1;802;479631;-1;-81
;ServiceLog;md;1418400054268;3G;UMTS;1;250;1;802;479631;-1;-75
;ServiceLog;md;1418400055293;3G;UMTS;1;250;1;802;479631;-1;-75
;ServiceLog;md;1418400055293;3G;UMTS;250-1-802-479631;250;1;-1;-1;262;21
;ServiceLog;md;1418400055293;3G;UMTS;250-1-802-479631;250;1;-1;-1;385;13
;ServiceLog;md;1418400056326;3G;UMTS;1;250;1;802;479631;-1;-75
;ServiceLog;md;1418400056326;3G;UMTS;250-1-802-479631;250;1;-1;-1;385;30
;ServiceLog;md;1418400056326;3G;UMTS;250-1-802-479631;250;1;-1;-1;262;16
;ServiceLog;md;1418400057359;3G;UMTS;1;250;1;802;479631;-1;-75
;ServiceLog;md;1418400057359;3G;UMTS;250-1-802-479631;250;1;-1;-1;385;30
;ServiceLog;md;1418400057359;3G;UMTS;250-1-802-479631;250;1;-1;-1;262;16
;ServiceLog;md;1418400058394;3G;UMTS;1;250;1;802;479631;-1;-75
;ServiceLog;md;1418400058394;3G;UMTS;250-1-802-479631;250;1;-1;-1;385;30
;ServiceLog;md;1418400058394;3G;UMTS;250-1-802-479631;250;1;-1;-1;262;16
;ServiceLog;md;1418400059433;3G;UMTS;1;250;1;802;479631;-1;-75
;ServiceLog;md;1418400059433;3G;UMTS;250-1-802-479631;250;1;-1;-1;385;30
;ServiceLog;md;1418400059433;3G;UMTS;250-1-802-479631;250;1;-1;-1;262;16
;ServiceLog;md;1418400060459;3G;UMTS;1;250;1;802;479631;-1;-75
;ServiceLog;md;1418400061493;3G;UMTS;1;250;1;802;479631;-1;-75
;ServiceLog;md;1418400062528;3G;UMTS;1;250;1;802;479631;-1;-75
;ServiceLog;md;1418400063570;3G;UMTS;1;250;1;802;479631;-1;-75
;ServiceLog;md;1418400064607;3G;UMTS;1;250;1;802;479631;-1;-75
;ServiceLog;md;1418400065645;3G;UMTS;1;250;1;802;479631;-1;-75
;ServiceLog;md;1418400066720;3G;UMTS;1;250;1;802;479631;-1;-75
;ServiceLog;md;1418400067857;3G;UMTS;1;250;1;802;479631;-1;-75
;ServiceLog;md;1418400068911;3G;UMTS;1;250;1;802;479631;-1;-75
;ServiceLog;md;1418400070468;3G;UMTS;1;250;1;802;479631;-1;-75
;ServiceLog;md;1418400071548;3G;UMTS;1;250;1;802;479631;-1;-75
;ServiceLog;md;1418400072619;3G;UMTS;1;250;1;802;479631;-1;-75
;ServiceLog;md;1418400073682;3G;UMTS;1;250;1;802;479631;-1;-75
;ServiceLog;md;1418400074743;3G;UMTS;1;250;1;802;479631;-1;-75
;ServiceLog;md;1418400075826;3G;UMTS;1;250;1;802;479631;-1;-75
;ServiceLog;md;1418400076908;3G;UMTS;1;250;1;802;479631;-1;-75
;ServiceLog;md;1418400077971;3G;UMTS;1;250;1;802;479631;-1;-75
;ServiceLog;md;1418400079041;3G;UMTS;1;250;1;802;479631;-1;-75
;ServiceLog;md;1418400080119;3G;UMTS;1;250;1;802;479631;-1;-75
;ServiceLog;md;1418400081199;3G;UMTS;1;250;1;802;479631;-1;-75
;ServiceLog;md;1418400082277;unknown;unknown;1;-1;-1;-1;-1;-1;-1
;ServiceLog;md;1418400083336;unknown;unknown;1;-1;-1;-1;-1;-1;-1
;ServiceLog;md;1418400084369;unknown;unknown;1;-1;-1;-1;-1;-1;-1
;ServiceLog;md;1418400085406;unknown;unknown;1;-1;-1;-1;-1;-1;-1
;ServiceLog;md;1418400086443;unknown;unknown;1;-1;-1;-1;-1;-1;-1
;ServiceLog;md;1418400087523;unknown;unknown;1;-1;-1;-1;-1;-1;-1
;ServiceLog;md;1418400088618;unknown;unknown;1;-1;-1;-1;-1;-1;-1
;ServiceLog;md;1418400089693;unknown;unknown;1;-1;-1;-1;-1;-1;-1
;ServiceLog;md;1418400090736;unknown;unknown;1;-1;-1;-1;-1;-1;-1
;ServiceLog;md;1418400091815;unknown;unknown;1;-1;-1;-1;-1;-1;-1
;ServiceLog;md;1418400092845;unknown;unknown;1;-1;-1;-1;-1;-1;-1
;ServiceLog;md;1418400093891;unknown;unknown;1;-1;-1;-1;-1;-1;-1
;ServiceLog;md;1418400094949;unknown;unknown;1;-1;-1;-1;-1;-1;-1
;ServiceLog;md;1418400096016;unknown;unknown;1;-1;-1;-1;-1;-1;-1
;ServiceLog;md;1418400097098;unknown;unknown;1;-1;-1;-1;-1;-1;-1
;ServiceLog;md;1418400098165;unknown;unknown;1;-1;-1;-1;-1;-1;-1
;ServiceLog;md;1418400099242;unknown;unknown;1;-1;-1;-1;-1;-1;-1
;ServiceLog;md;1418400100314;unknown;unknown;1;-1;-1;-1;-1;-1;-1
;ServiceLog;md;1418400101388;unknown;unknown;1;-1;-1;-1;-1;-1;-1
;ServiceLog;md;1418400102442;unknown;unknown;1;-1;-1;-1;-1;-1;-1
;ServiceLog;md;1418400103509;unknown;unknown;1;-1;-1;-1;-1;-1;-1
;ServiceLog;md;1418400104569;unknown;unknown;1;-1;-1;-1;-1;-1;-1
;ServiceLog;md;1418400105631;unknown;unknown;1;-1;-1;-1;-1;-1;-1
;ServiceLog;md;1418400106687;unknown;unknown;1;-1;-1;-1;-1;-1;-1
;ServiceLog;md;1418400107853;unknown;unknown;1;-1;-1;-1;-1;-1;-1
;ServiceLog;md;1418400108916;unknown;unknown;1;-1;-1;-1;-1;-1;-1
;ServiceLog;md;1418400110045;unknown;unknown;1;-1;-1;-1;-1;-1;-1
;ServiceLog;md;1418400111062;unknown;unknown;1;-1;-1;-1;-1;-1;-1
;ServiceLog;md;1418400112110;unknown;unknown;1;-1;-1;-1;-1;-1;-1
;ServiceLog;md;1418400113141;unknown;unknown;1;-1;-1;-1;-1;-1;-1
;ServiceLog;md;1418400114198;unknown;unknown;1;-1;-1;-1;-1;-1;-1
;ServiceLog;md;1418400115259;unknown;unknown;1;-1;-1;-1;-1;-1;-1
;ServiceLog;md;1418400116304;unknown;unknown;1;-1;-1;-1;-1;-1;-1
;ServiceLog;md;1418400117374;unknown;unknown;1;-1;-1;-1;-1;-1;-1
;ServiceLog;md;1418400118418;unknown;unknown;1;-1;-1;-1;-1;-1;-1
;ServiceLog;md;1418400119453;unknown;unknown;1;-1;-1;-1;-1;-1;-1
;ServiceLog;md;1418400120501;unknown;unknown;1;-1;-1;-1;-1;-1;-1
;ServiceLog;md;1418400121549;unknown;unknown;1;-1;-1;-1;-1;-1;-1
;ServiceLog;md;1418400122610;unknown;unknown;1;-1;-1;-1;-1;-1;-1
;ServiceLog;md;1418400123678;unknown;unknown;1;-1;-1;-1;-1;-1;-1
;ServiceLog;md;1418400124740;unknown;unknown;1;-1;-1;-1;-1;-1;-1
;ServiceLog;md;1418400125786;unknown;unknown;1;-1;-1;-1;-1;-1;-1
;ServiceLog;md;1418400126844;unknown;unknown;1;-1;-1;-1;-1;-1;-1
;ServiceLog;md;1418400127877;unknown;unknown;1;-1;-1;-1;-1;-1;-1
;ServiceLog;md;1418400128941;unknown;unknown;1;-1;-1;-1;-1;-1;-1
;ServiceLog;md;1418400130003;unknown;unknown;1;-1;-1;-1;-1;-1;-1
;ServiceLog;md;1418400130261;unknown;unknown;1;-1;-1;-1;-1;-1;-1
;ServiceLog;md;1418400131287;2G;EDGE;1;250;1;660;41852;-1;-79
;ServiceLog;md;1418400132327;2G;EDGE;1;250;1;660;41852;-1;-79
;ServiceLog;md;1418400133347;2G;EDGE;1;250;1;660;41852;-1;-79
;ServiceLog;md;1418400134369;2G;EDGE;1;250;1;660;41852;-1;-69
;ServiceLog;md;1418400135401;2G;EDGE;1;250;1;660;41852;-1;-69
;ServiceLog;md;1418400136431;2G;EDGE;1;250;1;660;41852;-1;-69
;ServiceLog;md;1418400137464;2G;EDGE;1;250;1;660;41852;-1;-71
;ServiceLog;md;1418400138535;2G;EDGE;1;250;1;660;41852;-1;-71
;ServiceLog;md;1418400139590;2G;EDGE;1;250;1;660;41852;-1;-71
;ServiceLog;md;1418400140966;2G;EDGE;1;250;1;660;41852;-1;-71
;ServiceLog;md;1418400142033;2G;EDGE;1;250;1;660;41852;-1;-71
;ServiceLog;md;1418400143097;2G;EDGE;1;250;1;660;41852;-1;-73
;ServiceLog;md;1418400144148;2G;EDGE;1;250;1;660;41852;-1;-73
;ServiceLog;md;1418400145195;2G;EDGE;1;250;1;660;41852;-1;-73
;ServiceLog;md;1418400146267;2G;EDGE;1;250;1;660;41852;-1;-75
