ID;Name;User;TimeStamp;NetworkGen;NetworkType;Active;MCC;MNC;LAC;CID;PSC;Power
1653;Парк Победы (АПК) 3;md;1418399529033;2G;EDGE;1;250;1;660;452;-1;-87
1654;Парк Победы (АПК) 4;md;1418399539716;2G;EDGE;1;250;1;660;452;-1;-83
2161;Славянский бульвар 1;md;1418399709315;unknown;unknown;1;-1;-1;-1;-1;-1;-1
2162;Славянский бульвар 2;md;1418399729025;unknown;unknown;1;-1;-1;-1;-1;-1;-1
2163;Славянский бульвар 3;md;1418399753576;unknown;unknown;1;-1;-1;-1;-1;-1;-1
2164;Славянский бульвар 4;md;1418399765248;unknown;unknown;1;-1;-1;-1;-1;-1;-1
2101;Кунцевская (АПК) 1;md;1418399900271;unknown;unknown;1;-1;-1;-1;-1;-1;-1
2102;Кунцевская (АПК) 2;md;1418399922374;unknown;unknown;1;-1;-1;-1;-1;-1;-1
2103;Кунцевская (АПК) 3;md;1418399954940;unknown;unknown;1;-1;-1;-1;-1;-1;-1
2104;Кунцевская (АПК) 4;md;1418399969132;unknown;unknown;1;-1;-1;-1;-1;-1;-1
651;Молодежная 1;md;1418400126031;unknown;unknown;1;-1;-1;-1;-1;-1;-1
652;Молодежная 2;md;1418400142590;2G;EDGE;1;250;1;660;41852;-1;-71
