ID;Name;User;TimeStamp;NetworkGen;NetworkType;Active;MCC;MNC;LAC;CID;PSC;Power
63;Комсомольская (СКЛ) 3;yellow;1424933481166;3G;UMTS;1;250;1;660;6889999;-1;-97
63;Комсомольская (СКЛ) 3;yellow;1424933481166;3G;UMTS;250-1-660-6889999;250;1;-1;-1;224;3
64;Комсомольская (СКЛ) 4;yellow;1424933492040;3G;UMTS;1;250;1;660;6889999;-1;-97
64;Комсомольская (СКЛ) 4;yellow;1424933492040;3G;UMTS;250-1-660-6889999;250;1;-1;-1;224;3
71;Красные ворота 1;yellow;1424933549257;3G;UMTS;1;250;1;660;6929930;-1;-91
71;Красные ворота 1;yellow;1424933549257;3G;UMTS;250-1-660-6929930;250;1;-1;-1;261;27
71;Красные ворота 1;yellow;1424933549257;3G;UMTS;250-1-660-6929930;250;1;-1;-1;261;26
72;Красные ворота 2;yellow;1424933562227;3G;UMTS;1;250;1;660;6929930;-1;-91
72;Красные ворота 2;yellow;1424933562227;3G;UMTS;250-1-660-6929930;250;1;-1;-1;261;17
72;Красные ворота 2;yellow;1424933562227;3G;UMTS;250-1-660-6929930;250;1;-1;-1;261;13
73;Красные ворота 3;yellow;1424933592393;3G;UMTS;1;250;1;660;6929930;-1;-91
73;Красные ворота 3;yellow;1424933592393;3G;UMTS;250-1-660-6929930;250;1;-1;-1;261;20
73;Красные ворота 3;yellow;1424933592393;3G;UMTS;250-1-660-6929930;250;1;-1;-1;261;19
74;Красные ворота 4;yellow;1424933602807;3G;UMTS;1;250;1;660;6929930;-1;-85
74;Красные ворота 4;yellow;1424933602807;3G;UMTS;250-1-660-6929930;250;1;-1;-1;261;23
81;Чистые пруды 1;yellow;1424933647642;3G;UMTS;1;250;1;660;6929930;-1;-91
81;Чистые пруды 1;yellow;1424933647642;3G;UMTS;250-1-660-6929930;250;1;-1;-1;261;16
82;Чистые пруды 2;yellow;1424933663588;3G;UMTS;1;250;1;660;6929930;-1;-97
82;Чистые пруды 2;yellow;1424933663588;3G;UMTS;250-1-660-6929930;250;1;-1;-1;262;8
953;Тургеневская 3;yellow;1424933817133;3G;UMTS;1;250;1;770;6899777;-1;-91
953;Тургеневская 3;yellow;1424933817133;3G;UMTS;250-1-770-6899777;250;1;-1;-1;116;18
573;Киевская (ФИЛ) 3;yellow;1424933843189;3G;UMTS;1;250;1;770;6899777;-1;-113
573;Киевская (ФИЛ) 3;yellow;1424933843189;3G;UMTS;250-1-770-6899777;250;1;-1;-1;116;0
961;Китай-город (КРЛ) 1;yellow;1424933908371;3G;UMTS;1;250;1;770;6899777;-1;-113
961;Китай-город (КРЛ) 1;yellow;1424933908371;3G;UMTS;250-1-770-6899777;250;1;-1;-1;116;0
962;Китай-город (КРЛ) 2;yellow;1424933929184;3G;UMTS;1;250;1;770;6899777;-1;-113
962;Китай-город (КРЛ) 2;yellow;1424933929184;3G;UMTS;250-1-770-6899777;250;1;-1;-1;116;0
963;Китай-город (КРЛ) 3;yellow;1424933958471;3G;UMTS;1;250;1;770;6893518;-1;-91
963;Китай-город (КРЛ) 3;yellow;1424933958471;3G;UMTS;250-1-770-6893518;250;1;-1;-1;144;26
963;Китай-город (КРЛ) 3;yellow;1424933958471;3G;UMTS;250-1-770-6893518;250;1;-1;-1;144;23
964;Китай-город (КРЛ) 4;yellow;1424933966537;3G;UMTS;1;250;1;770;6893518;-1;-91
964;Китай-город (КРЛ) 4;yellow;1424933966537;3G;UMTS;250-1-770-6893518;250;1;-1;-1;144;25
964;Китай-город (КРЛ) 4;yellow;1424933966537;3G;UMTS;250-1-770-6893518;250;1;-1;-1;144;23
971;Третьяковская (КРЛ) 1;yellow;1424934084447;unknown;unknown;1;-1;-1;770;6893518;-1;-85
971;Третьяковская (КРЛ) 1;yellow;1424934084447;3G;UMTS;-1--1-770-6893518;-1;-1;-1;-1;144;0
972;Третьяковская (КРЛ) 2;yellow;1424934100435;unknown;unknown;1;-1;-1;770;6893518;-1;0
972;Третьяковская (КРЛ) 2;yellow;1424934100435;3G;UMTS;-1--1-770-6893518;-1;-1;-1;-1;144;0
973;Третьяковская (КРЛ) 3;yellow;1424934154744;3G;UMTS;1;250;1;770;6899779;-1;-91
973;Третьяковская (КРЛ) 3;yellow;1424934154744;3G;UMTS;250-1-770-6899779;250;1;-1;-1;144;0
974;Третьяковская (КРЛ) 4;yellow;1424934166643;3G;UMTS;1;250;1;770;6894473;-1;-85
974;Третьяковская (КРЛ) 4;yellow;1424934166643;3G;UMTS;250-1-770-6894473;250;1;-1;-1;144;0
981;Октябрьская (КРЛ) 1;yellow;1424934274599;3G;UMTS;1;250;1;770;6920215;-1;-85
981;Октябрьская (КРЛ) 1;yellow;1424934274599;3G;UMTS;250-1-770-6920215;250;1;-1;-1;144;0
982;Октябрьская (КРЛ) 2;yellow;1424934286972;3G;UMTS;1;250;1;770;6920215;-1;-91
982;Октябрьская (КРЛ) 2;yellow;1424934286972;3G;UMTS;250-1-770-6920215;250;1;-1;-1;144;0
983;Октябрьская (КРЛ) 3;yellow;1424934317250;3G;UMTS;1;250;1;770;6899779;-1;-91
983;Октябрьская (КРЛ) 3;yellow;1424934317250;3G;UMTS;250-1-770-6899779;250;1;-1;-1;144;0
984;Октябрьская (КРЛ) 4;yellow;1424934327982;3G;UMTS;1;250;1;770;6899779;-1;-91
984;Октябрьская (КРЛ) 4;yellow;1424934327982;3G;UMTS;250-1-770-6899779;250;1;-1;-1;342;12
991;Шаболовская 1;yellow;1424934406957;3G;UMTS;1;250;1;770;6899779;-1;-103
991;Шаболовская 1;yellow;1424934406957;3G;UMTS;250-1-770-6899779;250;1;-1;-1;342;0
991;Шаболовская 1;yellow;1424934406957;3G;UMTS;250-1-770-6899779;250;1;-1;-1;342;0
992;Шаболовская 2;yellow;1424934420335;3G;UMTS;1;250;1;770;6899779;-1;-103
992;Шаболовская 2;yellow;1424934420335;3G;UMTS;250-1-770-6899779;250;1;-1;-1;342;0
992;Шаболовская 2;yellow;1424934420335;3G;UMTS;250-1-770-6899779;250;1;-1;-1;342;0
993;Шаболовская 3;yellow;1424934448666;3G;UMTS;1;250;1;770;6899779;-1;-103
993;Шаболовская 3;yellow;1424934448666;3G;UMTS;250-1-770-6899779;250;1;-1;-1;342;0
993;Шаболовская 3;yellow;1424934448666;3G;UMTS;250-1-770-6899779;250;1;-1;-1;342;0
994;Шаболовская 4;yellow;1424934460010;3G;UMTS;1;250;1;770;6899779;-1;-103
994;Шаболовская 4;yellow;1424934460010;3G;UMTS;250-1-770-6899779;250;1;-1;-1;342;0
994;Шаболовская 4;yellow;1424934460010;3G;UMTS;250-1-770-6899779;250;1;-1;-1;342;0
1001;Ленинский проспект 1;yellow;1424934587767;3G;UMTS;1;250;1;770;6899779;-1;-103
1001;Ленинский проспект 1;yellow;1424934587767;3G;UMTS;250-1-770-6899779;250;1;-1;-1;342;0
1001;Ленинский проспект 1;yellow;1424934587767;3G;UMTS;250-1-770-6899779;250;1;-1;-1;342;0
1002;Ленинский проспект 2;yellow;1424934603449;3G;UMTS;1;250;1;770;6899779;-1;-103
1002;Ленинский проспект 2;yellow;1424934603449;3G;UMTS;250-1-770-6899779;250;1;-1;-1;342;0
1002;Ленинский проспект 2;yellow;1424934603449;3G;UMTS;250-1-770-6899779;250;1;-1;-1;342;0
1003;Ленинский проспект 3;yellow;1424934629552;3G;UMTS;1;250;1;770;6899779;-1;-103
1003;Ленинский проспект 3;yellow;1424934629552;3G;UMTS;250-1-770-6899779;250;1;-1;-1;342;0
1003;Ленинский проспект 3;yellow;1424934629552;3G;UMTS;250-1-770-6899779;250;1;-1;-1;342;0
1004;Ленинский проспект 4;yellow;1424934640219;3G;UMTS;1;250;1;770;6899779;-1;-103
1004;Ленинский проспект 4;yellow;1424934640219;3G;UMTS;250-1-770-6899779;250;1;-1;-1;342;0
1004;Ленинский проспект 4;yellow;1424934640219;3G;UMTS;250-1-770-6899779;250;1;-1;-1;342;0
1011;Академическая 1;yellow;1424934790141;3G;UMTS;1;250;1;770;6899779;-1;-103
1011;Академическая 1;yellow;1424934790141;3G;UMTS;250-1-770-6899779;250;1;-1;-1;342;0
1011;Академическая 1;yellow;1424934790141;3G;UMTS;250-1-770-6899779;250;1;-1;-1;342;0
1012;Академическая 2;yellow;1424934807115;3G;UMTS;1;250;1;770;6899779;-1;-103
1012;Академическая 2;yellow;1424934807115;3G;UMTS;250-1-770-6899779;250;1;-1;-1;342;0
1012;Академическая 2;yellow;1424934807115;3G;UMTS;250-1-770-6899779;250;1;-1;-1;342;0
