ID;Name;User;TimeStamp;NetworkGen;NetworkType;Active;MCC;MNC;LAC;CID;PSC;Power
;ServiceLog;md;1418646992102;2G;EDGE;1;250;1;770;543;-1;0
;ServiceLog;md;1418646993159;2G;EDGE;1;250;1;770;543;-1;-59
;ServiceLog;md;1418646994205;2G;EDGE;1;250;1;770;543;-1;-59
;ServiceLog;md;1418646995297;2G;EDGE;1;250;1;770;543;-1;-59
;ServiceLog;md;1418646996932;2G;EDGE;1;250;1;770;543;-1;-61
;ServiceLog;md;1418646997995;2G;EDGE;1;250;1;770;543;-1;-61
;ServiceLog;md;1418646999042;2G;EDGE;1;250;1;770;543;-1;-61
;ServiceLog;md;1418647000109;2G;EDGE;1;250;1;770;543;-1;-63
;ServiceLog;md;1418647001167;2G;EDGE;1;250;1;770;543;-1;-63
;ServiceLog;md;1418647002224;2G;EDGE;1;250;1;770;543;-1;-63
;ServiceLog;md;1418647003248;2G;EDGE;1;250;1;770;543;-1;-63
;ServiceLog;md;1418647004271;2G;EDGE;1;250;1;770;543;-1;-63
;ServiceLog;md;1418647005317;2G;EDGE;1;250;1;770;543;-1;-63
;ServiceLog;md;1418647006342;2G;EDGE;1;250;1;770;543;-1;-63
;ServiceLog;md;1418647007388;2G;EDGE;1;250;1;770;543;-1;-63
;ServiceLog;md;1418647008419;2G;EDGE;1;250;1;770;543;-1;-63
;ServiceLog;md;1418647009443;2G;EDGE;1;250;1;770;543;-1;-63
;ServiceLog;md;1418647010629;2G;EDGE;1;250;1;770;543;-1;-63
;ServiceLog;md;1418647011657;2G;EDGE;1;250;1;770;543;-1;-63
;ServiceLog;md;1418647012746;2G;EDGE;1;250;1;770;543;-1;-63
;ServiceLog;md;1418647013840;2G;EDGE;1;250;1;770;543;-1;-63
;ServiceLog;md;1418647014967;2G;EDGE;1;250;1;770;543;-1;-63
;ServiceLog;md;1418647015997;2G;EDGE;1;250;1;770;543;-1;-63
;ServiceLog;md;1418647017020;2G;EDGE;1;250;1;770;543;-1;-63
;ServiceLog;md;1418647018042;2G;EDGE;1;250;1;770;543;-1;-63
;ServiceLog;md;1418647019063;2G;EDGE;1;250;1;770;543;-1;-63
;ServiceLog;md;1418647020084;2G;EDGE;1;250;1;770;543;-1;-63
;ServiceLog;md;1418647021142;2G;EDGE;1;250;1;770;543;-1;-63
;ServiceLog;md;1418647022165;2G;EDGE;1;250;1;770;543;-1;-63
;ServiceLog;md;1418647023226;2G;EDGE;1;250;1;770;543;-1;-63
;ServiceLog;md;1418647024253;2G;EDGE;1;250;1;770;543;-1;-63
;ServiceLog;md;1418647025279;2G;EDGE;1;250;1;770;543;-1;-63
;ServiceLog;md;1418647026311;2G;EDGE;1;250;1;770;543;-1;-63
;ServiceLog;md;1418647027387;2G;EDGE;1;250;1;770;543;-1;-63
;ServiceLog;md;1418647028411;2G;EDGE;1;250;1;770;543;-1;-63
;ServiceLog;md;1418647029445;2G;EDGE;1;250;1;770;543;-1;-63
;ServiceLog;md;1418647030487;2G;EDGE;1;250;1;770;543;-1;-63
;ServiceLog;md;1418647031527;2G;EDGE;1;250;1;770;543;-1;-63
;ServiceLog;md;1418647032567;2G;EDGE;1;250;1;770;543;-1;-63
;ServiceLog;md;1418647033591;2G;EDGE;1;250;1;770;543;-1;-63
;ServiceLog;md;1418647034617;2G;EDGE;1;250;1;770;543;-1;-63
;ServiceLog;md;1418647035643;2G;EDGE;1;250;1;770;543;-1;-63
;ServiceLog;md;1418647036677;2G;EDGE;1;250;1;770;543;-1;-63
;ServiceLog;md;1418647037717;2G;EDGE;1;250;1;770;543;-1;-63
;ServiceLog;md;1418647038738;2G;EDGE;1;250;1;770;543;-1;-63
;ServiceLog;md;1418647039776;2G;EDGE;1;250;1;770;543;-1;-63
;ServiceLog;md;1418647040812;2G;EDGE;1;250;1;770;543;-1;-63
;ServiceLog;md;1418647041848;2G;EDGE;1;250;1;770;543;-1;-63
;ServiceLog;md;1418647042885;2G;EDGE;1;250;1;770;543;-1;-63
;ServiceLog;md;1418647043922;2G;EDGE;1;250;1;770;543;-1;-63
;ServiceLog;md;1418647044963;2G;EDGE;1;250;1;770;543;-1;-63
;ServiceLog;md;1418647045999;2G;EDGE;1;250;1;770;543;-1;-63
;ServiceLog;md;1418647047062;2G;EDGE;1;250;1;770;543;-1;-77
;ServiceLog;md;1418647048180;2G;EDGE;1;250;1;770;543;-1;-77
;ServiceLog;md;1418647049256;2G;EDGE;1;250;1;770;543;-1;-77
;ServiceLog;md;1418647050363;2G;EDGE;1;250;1;770;543;-1;-65
;ServiceLog;md;1418647051380;2G;EDGE;1;250;1;770;543;-1;-65
;ServiceLog;md;1418647052733;2G;EDGE;1;250;1;770;543;-1;-65
;ServiceLog;md;1418647053764;2G;EDGE;1;250;1;770;543;-1;-73
;ServiceLog;md;1418647054793;2G;EDGE;1;250;1;770;543;-1;-73
;ServiceLog;md;1418647055827;2G;EDGE;1;250;1;770;543;-1;-73
;ServiceLog;md;1418647056883;2G;EDGE;1;250;1;770;543;-1;-73
;ServiceLog;md;1418647057909;2G;EDGE;1;250;1;770;543;-1;-73
;ServiceLog;md;1418647058942;2G;EDGE;1;250;1;770;543;-1;-73
;ServiceLog;md;1418647059983;2G;EDGE;1;250;1;770;543;-1;-73
;ServiceLog;md;1418647061021;2G;EDGE;1;250;1;770;543;-1;-73
;ServiceLog;md;1418647062058;2G;EDGE;1;250;1;770;543;-1;-73
;ServiceLog;md;1418647063094;2G;EDGE;1;250;1;770;543;-1;-73
;ServiceLog;md;1418647064126;2G;EDGE;1;250;1;770;543;-1;-73
;ServiceLog;md;1418647065165;2G;EDGE;1;250;1;770;543;-1;-73
;ServiceLog;md;1418647066206;2G;EDGE;1;250;1;770;543;-1;-73
;ServiceLog;md;1418647067240;2G;EDGE;1;250;1;770;543;-1;-73
;ServiceLog;md;1418647068289;2G;EDGE;1;250;1;770;543;-1;-73
;ServiceLog;md;1418647069350;2G;EDGE;1;250;1;770;543;-1;-73
;ServiceLog;md;1418647070407;2G;EDGE;1;250;1;770;543;-1;-73
;ServiceLog;md;1418647071464;2G;EDGE;1;250;1;770;543;-1;-73
;ServiceLog;md;1418647072528;2G;EDGE;1;250;1;770;543;-1;-73
;ServiceLog;md;1418647073572;2G;EDGE;1;250;1;770;543;-1;-73
;ServiceLog;md;1418647074640;2G;EDGE;1;250;1;770;543;-1;-73
;ServiceLog;md;1418647075698;2G;EDGE;1;250;1;770;543;-1;-73
;ServiceLog;md;1418647076767;2G;EDGE;1;250;1;770;543;-1;-73
;ServiceLog;md;1418647077826;unknown;unknown;1;-1;-1;-1;-1;-1;-1
;ServiceLog;md;1418647078937;unknown;unknown;1;-1;-1;-1;-1;-1;-1
;ServiceLog;md;1418647079966;unknown;unknown;1;-1;-1;-1;-1;-1;-1
;ServiceLog;md;1418647081025;unknown;unknown;1;-1;-1;-1;-1;-1;-1
;ServiceLog;md;1418647082078;unknown;unknown;1;-1;-1;-1;-1;-1;-1
;ServiceLog;md;1418647083132;unknown;unknown;1;-1;-1;-1;-1;-1;-1
;ServiceLog;md;1418647084188;unknown;unknown;1;-1;-1;-1;-1;-1;-1
;ServiceLog;md;1418647085224;unknown;unknown;1;-1;-1;-1;-1;-1;-1
;ServiceLog;md;1418647086286;unknown;unknown;1;-1;-1;-1;-1;-1;-1
;ServiceLog;md;1418647087350;unknown;unknown;1;-1;-1;-1;-1;-1;-1
;ServiceLog;md;1418647088407;unknown;unknown;1;-1;-1;-1;-1;-1;-1
;ServiceLog;md;1418647089460;unknown;unknown;1;-1;-1;-1;-1;-1;-1
;ServiceLog;md;1418647090534;unknown;unknown;1;-1;-1;-1;-1;-1;-1
;ServiceLog;md;1418647091595;unknown;unknown;1;-1;-1;-1;-1;-1;-1
;ServiceLog;md;1418647092662;unknown;unknown;1;-1;-1;-1;-1;-1;-1
;ServiceLog;md;1418647093719;unknown;unknown;1;-1;-1;-1;-1;-1;-1
;ServiceLog;md;1418647094800;unknown;unknown;1;-1;-1;-1;-1;-1;-1
;ServiceLog;md;1418647095958;unknown;unknown;1;-1;-1;-1;-1;-1;-1
;ServiceLog;md;1418647097030;unknown;unknown;1;-1;-1;-1;-1;-1;-1
;ServiceLog;md;1418647098096;unknown;unknown;1;-1;-1;-1;-1;-1;-1
;ServiceLog;md;1418647099152;unknown;unknown;1;-1;-1;-1;-1;-1;-1
;ServiceLog;md;1418647100211;unknown;unknown;1;-1;-1;-1;-1;-1;-1
;ServiceLog;md;1418647101277;unknown;unknown;1;-1;-1;-1;-1;-1;-1
;ServiceLog;md;1418647102330;unknown;unknown;1;-1;-1;-1;-1;-1;-1
;ServiceLog;md;1418647103388;unknown;unknown;1;-1;-1;-1;-1;-1;-1
;ServiceLog;md;1418647104429;unknown;unknown;1;-1;-1;-1;-1;-1;-1
;ServiceLog;md;1418647105486;unknown;unknown;1;-1;-1;-1;-1;-1;-1
;ServiceLog;md;1418647106540;unknown;unknown;1;-1;-1;-1;-1;-1;-1
;ServiceLog;md;1418647107601;unknown;unknown;1;-1;-1;-1;-1;-1;-1
;ServiceLog;md;1418647108674;unknown;unknown;1;-1;-1;-1;-1;-1;-1
;ServiceLog;md;1418647109721;unknown;unknown;1;-1;-1;-1;-1;-1;-1
;ServiceLog;md;1418647110780;unknown;unknown;1;-1;-1;-1;-1;-1;-1
;ServiceLog;md;1418647111820;unknown;unknown;1;-1;-1;-1;-1;-1;-1
;ServiceLog;md;1418647112882;unknown;unknown;1;-1;-1;-1;-1;-1;-1
;ServiceLog;md;1418647113920;unknown;unknown;1;-1;-1;-1;-1;-1;-1
;ServiceLog;md;1418647114952;unknown;unknown;1;-1;-1;-1;-1;-1;-1
;ServiceLog;md;1418647115986;unknown;unknown;1;-1;-1;-1;-1;-1;-1
;ServiceLog;md;1418647117029;unknown;unknown;1;-1;-1;-1;-1;-1;-1
;ServiceLog;md;1418647118097;unknown;unknown;1;-1;-1;-1;-1;-1;-1
;ServiceLog;md;1418647119174;unknown;unknown;1;-1;-1;-1;-1;-1;-1
;ServiceLog;md;1418647120248;unknown;unknown;1;-1;-1;-1;-1;-1;-1
;ServiceLog;md;1418647121320;unknown;unknown;1;-1;-1;-1;-1;-1;-1
;ServiceLog;md;1418647122378;unknown;unknown;1;-1;-1;-1;-1;-1;-1
;ServiceLog;md;1418647123441;unknown;unknown;1;-1;-1;-1;-1;-1;-1
;ServiceLog;md;1418647124477;unknown;unknown;1;-1;-1;-1;-1;-1;-1
;ServiceLog;md;1418647125533;unknown;unknown;1;-1;-1;-1;-1;-1;-1
;ServiceLog;md;1418647126606;unknown;unknown;1;-1;-1;-1;-1;-1;-1
;ServiceLog;md;1418647127659;unknown;unknown;1;-1;-1;-1;-1;-1;-1
;ServiceLog;md;1418647128721;unknown;unknown;1;-1;-1;-1;-1;-1;-1
;ServiceLog;md;1418647129760;unknown;unknown;1;-1;-1;-1;-1;-1;-1
;ServiceLog;md;1418647130820;unknown;unknown;1;-1;-1;-1;-1;-1;-1
;ServiceLog;md;1418647132217;unknown;unknown;1;-1;-1;-1;-1;-1;-1
;ServiceLog;md;1418647133279;unknown;unknown;1;-1;-1;-1;-1;-1;-1
;ServiceLog;md;1418647134378;unknown;unknown;1;-1;-1;-1;-1;-1;-1
;ServiceLog;md;1418647135443;unknown;unknown;1;-1;-1;-1;-1;-1;-1
;ServiceLog;md;1418647136508;unknown;unknown;1;-1;-1;-1;-1;-1;-1
;ServiceLog;md;1418647137583;unknown;unknown;1;-1;-1;-1;-1;-1;-1
;ServiceLog;md;1418647138650;unknown;unknown;1;-1;-1;-1;-1;-1;-1
;ServiceLog;md;1418647139707;unknown;unknown;1;-1;-1;-1;-1;-1;-1
;ServiceLog;md;1418647140761;unknown;unknown;1;-1;-1;-1;-1;-1;-1
;ServiceLog;md;1418647141821;unknown;unknown;1;-1;-1;-1;-1;-1;-1
;ServiceLog;md;1418647142857;unknown;unknown;1;-1;-1;-1;-1;-1;-1
;ServiceLog;md;1418647143928;unknown;unknown;1;-1;-1;-1;-1;-1;-1
;ServiceLog;md;1418647144998;unknown;unknown;1;-1;-1;-1;-1;-1;-1
;ServiceLog;md;1418647146071;unknown;unknown;1;-1;-1;-1;-1;-1;-1
;ServiceLog;md;1418647147137;unknown;unknown;1;-1;-1;-1;-1;-1;-1
;ServiceLog;md;1418647148198;unknown;unknown;1;-1;-1;-1;-1;-1;-1
;ServiceLog;md;1418647149265;unknown;unknown;1;-1;-1;-1;-1;-1;-1
;ServiceLog;md;1418647150323;unknown;unknown;1;-1;-1;-1;-1;-1;-1
;ServiceLog;md;1418647151380;unknown;unknown;1;-1;-1;-1;-1;-1;-1
;ServiceLog;md;1418647152450;unknown;unknown;1;-1;-1;-1;-1;-1;-1
;ServiceLog;md;1418647153521;unknown;unknown;1;-1;-1;-1;-1;-1;-1
;ServiceLog;md;1418647154587;unknown;unknown;1;-1;-1;-1;-1;-1;-1
;ServiceLog;md;1418647155641;unknown;unknown;1;-1;-1;-1;-1;-1;-1
;ServiceLog;md;1418647156697;unknown;unknown;1;-1;-1;-1;-1;-1;-1
;ServiceLog;md;1418647157767;unknown;unknown;1;-1;-1;-1;-1;-1;-1
;ServiceLog;md;1418647158827;unknown;unknown;1;-1;-1;-1;-1;-1;-1
;ServiceLog;md;1418647159891;unknown;unknown;1;-1;-1;-1;-1;-1;-1
;ServiceLog;md;1418647160957;unknown;unknown;1;-1;-1;-1;-1;-1;-1
;ServiceLog;md;1418647162017;unknown;unknown;1;-1;-1;-1;-1;-1;-1
;ServiceLog;md;1418647163409;unknown;unknown;1;-1;-1;-1;-1;-1;-1
;ServiceLog;md;1418647164474;unknown;unknown;1;-1;-1;-1;-1;-1;-1
;ServiceLog;md;1418647165532;unknown;unknown;1;-1;-1;-1;-1;-1;-1
;ServiceLog;md;1418647166587;unknown;unknown;1;-1;-1;-1;-1;-1;-1
;ServiceLog;md;1418647167659;unknown;unknown;1;-1;-1;-1;-1;-1;-1
;ServiceLog;md;1418647168722;unknown;unknown;1;-1;-1;-1;-1;-1;-1
;ServiceLog;md;1418647169787;unknown;unknown;1;-1;-1;-1;-1;-1;-1
;ServiceLog;md;1418647170841;unknown;unknown;1;-1;-1;-1;-1;-1;-1
;ServiceLog;md;1418647171906;unknown;unknown;1;-1;-1;-1;-1;-1;-1
;ServiceLog;md;1418647172961;unknown;unknown;1;-1;-1;-1;-1;-1;-1
;ServiceLog;md;1418647174015;unknown;unknown;1;-1;-1;-1;-1;-1;-1
;ServiceLog;md;1418647175091;unknown;unknown;1;-1;-1;-1;-1;-1;-1
;ServiceLog;md;1418647176129;unknown;unknown;1;-1;-1;-1;-1;-1;-1
;ServiceLog;md;1418647177186;unknown;unknown;1;-1;-1;-1;-1;-1;-1
;ServiceLog;md;1418647178247;unknown;unknown;1;-1;-1;-1;-1;-1;-1
;ServiceLog;md;1418647179302;unknown;unknown;1;-1;-1;-1;-1;-1;-1
;ServiceLog;md;1418647180358;unknown;unknown;1;-1;-1;-1;-1;-1;-1
;ServiceLog;md;1418647181416;unknown;unknown;1;-1;-1;-1;-1;-1;-1
;ServiceLog;md;1418647182470;unknown;unknown;1;-1;-1;-1;-1;-1;-1
;ServiceLog;md;1418647183534;unknown;unknown;1;-1;-1;-1;-1;-1;-1
;ServiceLog;md;1418647184599;unknown;unknown;1;-1;-1;-1;-1;-1;-1
;ServiceLog;md;1418647185664;unknown;unknown;1;-1;-1;-1;-1;-1;-1
;ServiceLog;md;1418647186707;unknown;unknown;1;-1;-1;-1;-1;-1;-1
;ServiceLog;md;1418647187763;unknown;unknown;1;-1;-1;-1;-1;-1;-1
;ServiceLog;md;1418647188817;unknown;unknown;1;-1;-1;-1;-1;-1;-1
;ServiceLog;md;1418647189866;unknown;unknown;1;-1;-1;-1;-1;-1;-1
;ServiceLog;md;1418647190919;unknown;unknown;1;-1;-1;-1;-1;-1;-1
;ServiceLog;md;1418647191981;unknown;unknown;1;-1;-1;-1;-1;-1;-1
;ServiceLog;md;1418647193038;unknown;unknown;1;-1;-1;-1;-1;-1;-1
;ServiceLog;md;1418647194101;unknown;unknown;1;-1;-1;-1;-1;-1;-1
;ServiceLog;md;1418647195156;unknown;unknown;1;-1;-1;-1;-1;-1;-1
;ServiceLog;md;1418647196218;unknown;unknown;1;-1;-1;-1;-1;-1;-1
;ServiceLog;md;1418647197284;unknown;unknown;1;-1;-1;-1;-1;-1;-1
;ServiceLog;md;1418647198360;unknown;unknown;1;-1;-1;-1;-1;-1;-1
;ServiceLog;md;1418647199418;unknown;unknown;1;-1;-1;-1;-1;-1;-1
;ServiceLog;md;1418647200481;unknown;unknown;1;-1;-1;-1;-1;-1;-1
;ServiceLog;md;1418647201546;unknown;unknown;1;-1;-1;-1;-1;-1;-1
;ServiceLog;md;1418647202609;unknown;unknown;1;-1;-1;-1;-1;-1;-1
;ServiceLog;md;1418647203673;unknown;unknown;1;-1;-1;-1;-1;-1;-1
;ServiceLog;md;1418647204739;unknown;unknown;1;-1;-1;-1;-1;-1;-1
;ServiceLog;md;1418647205798;unknown;unknown;1;-1;-1;-1;-1;-1;-1
;ServiceLog;md;1418647206900;unknown;unknown;1;-1;-1;-1;-1;-1;-1
;ServiceLog;md;1418647208006;unknown;unknown;1;-1;-1;-1;-1;-1;-1
;ServiceLog;md;1418647209046;2G;EDGE;1;250;1;770;543;-1;-83
;ServiceLog;md;1418647210089;2G;EDGE;1;250;1;770;543;-1;-83
;ServiceLog;md;1418647211125;2G;EDGE;1;250;1;770;543;-1;-83
;ServiceLog;md;1418647212142;2G;EDGE;1;250;1;770;543;-1;-77
;ServiceLog;md;1418647213175;2G;EDGE;1;250;1;770;543;-1;-77
;ServiceLog;md;1418647214206;2G;EDGE;1;250;1;770;543;-1;-77
;ServiceLog;md;1418647215235;2G;EDGE;1;250;1;770;543;-1;-77
;ServiceLog;md;1418647216269;2G;EDGE;1;250;1;770;543;-1;-77
;ServiceLog;md;1418647217302;2G;EDGE;1;250;1;770;543;-1;-77
;ServiceLog;md;1418647218333;2G;EDGE;1;250;1;770;543;-1;-77
;ServiceLog;md;1418647219418;2G;EDGE;1;250;1;770;543;-1;-77
;ServiceLog;md;1418647220477;2G;EDGE;1;250;1;770;543;-1;-77
;ServiceLog;md;1418647221518;2G;EDGE;1;250;1;770;543;-1;-77
;ServiceLog;md;1418647222582;2G;EDGE;1;250;1;770;543;-1;-77
;ServiceLog;md;1418647223627;2G;EDGE;1;250;1;770;543;-1;-77
;ServiceLog;md;1418647224687;2G;EDGE;1;250;1;770;543;-1;-77
;ServiceLog;md;1418647225762;2G;EDGE;1;250;1;770;543;-1;-77
;ServiceLog;md;1418647226835;2G;EDGE;1;250;1;770;543;-1;-77
;ServiceLog;md;1418647227893;2G;EDGE;1;250;1;770;543;-1;-77
;ServiceLog;md;1418647228958;2G;EDGE;1;250;1;770;543;-1;-77
;ServiceLog;md;1418647230040;2G;EDGE;1;250;1;770;543;-1;-79
;ServiceLog;md;1418647231119;2G;EDGE;1;250;1;770;543;-1;-79
;ServiceLog;md;1418647232174;2G;EDGE;1;250;1;770;543;-1;-79
;ServiceLog;md;1418647233238;2G;EDGE;1;250;1;770;543;-1;-79
;ServiceLog;md;1418647234306;2G;EDGE;1;250;1;770;543;-1;-79
;ServiceLog;md;1418647235366;2G;EDGE;1;250;1;770;543;-1;-79
;ServiceLog;md;1418647236439;2G;EDGE;1;250;1;770;543;-1;-81
;ServiceLog;md;1418647237500;2G;EDGE;1;250;1;770;543;-1;-81
;ServiceLog;md;1418647238529;2G;EDGE;1;250;1;770;543;-1;-71
;ServiceLog;md;1418647239562;2G;EDGE;1;250;1;770;543;-1;-71
;ServiceLog;md;1418647240593;2G;EDGE;1;250;1;770;543;-1;-71
;ServiceLog;md;1418647241661;2G;EDGE;1;250;1;770;543;-1;-73
;ServiceLog;md;1418647242700;2G;EDGE;1;250;1;770;543;-1;-73
;ServiceLog;md;1418647243762;2G;EDGE;1;250;1;770;543;-1;-73
;ServiceLog;md;1418647244842;2G;EDGE;1;250;1;770;543;-1;-75
;ServiceLog;md;1418647245903;2G;EDGE;1;250;1;770;543;-1;-75
;ServiceLog;md;1418647246965;2G;EDGE;1;250;1;770;543;-1;-75
;ServiceLog;md;1418647247997;2G;EDGE;1;250;1;770;543;-1;-79
;ServiceLog;md;1418647249058;2G;EDGE;1;250;1;770;543;-1;-79
;ServiceLog;md;1418647250124;2G;EDGE;1;250;1;770;543;-1;-79
;ServiceLog;md;1418647251195;2G;EDGE;1;250;1;770;543;-1;-81
;ServiceLog;md;1418647252275;2G;EDGE;1;250;1;770;543;-1;-81
;ServiceLog;md;1418647253355;2G;EDGE;1;250;1;770;543;-1;-81
;ServiceLog;md;1418647254436;2G;EDGE;1;250;1;770;543;-1;-85
;ServiceLog;md;1418647255515;2G;EDGE;1;250;1;770;543;-1;-85
;ServiceLog;md;1418647256581;2G;EDGE;1;250;1;770;543;-1;-87
;ServiceLog;md;1418647257632;2G;EDGE;1;250;1;770;543;-1;-87
;ServiceLog;md;1418647258683;2G;EDGE;1;250;1;770;543;-1;-87
;ServiceLog;md;1418647259764;2G;EDGE;1;250;1;770;543;-1;-89
;ServiceLog;md;1418647260846;2G;EDGE;1;250;1;770;543;-1;-89
;ServiceLog;md;1418647261903;2G;EDGE;1;250;1;770;543;-1;-89
;ServiceLog;md;1418647262966;2G;EDGE;1;250;1;770;543;-1;-91
;ServiceLog;md;1418647264026;2G;EDGE;1;250;1;770;543;-1;-91
;ServiceLog;md;1418647265088;2G;EDGE;1;250;1;770;543;-1;-91
;ServiceLog;md;1418647266148;2G;EDGE;1;250;1;770;543;-1;-93
;ServiceLog;md;1418647267177;2G;EDGE;1;250;1;770;543;-1;-93
;ServiceLog;md;1418647268199;2G;EDGE;1;250;1;770;543;-1;-93
;ServiceLog;md;1418647269278;2G;EDGE;1;250;1;770;543;-1;-95
;ServiceLog;md;1418647270364;2G;EDGE;1;250;1;770;543;-1;-95
;ServiceLog;md;1418647271431;2G;EDGE;1;250;1;770;543;-1;-95
;ServiceLog;md;1418647272457;2G;EDGE;1;250;1;770;543;-1;-97
;ServiceLog;md;1418647273489;2G;EDGE;1;250;1;770;543;-1;-97
;ServiceLog;md;1418647274528;2G;EDGE;1;250;1;770;543;-1;-97
;ServiceLog;md;1418647275601;2G;EDGE;1;250;1;770;543;-1;-97
;ServiceLog;md;1418647276697;2G;EDGE;1;250;1;770;543;-1;-97
;ServiceLog;md;1418647277769;2G;EDGE;1;250;1;770;543;-1;-97
;ServiceLog;md;1418647278804;2G;EDGE;1;250;1;770;543;-1;-97
;ServiceLog;md;1418647279867;2G;EDGE;1;250;1;770;543;-1;-97
;ServiceLog;md;1418647280933;2G;EDGE;1;250;1;770;543;-1;-97
;ServiceLog;md;1418647282089;2G;EDGE;1;250;1;770;543;-1;-97
;ServiceLog;md;1418647283150;2G;EDGE;1;250;1;770;543;-1;-97
;ServiceLog;md;1418647284224;2G;EDGE;1;250;1;770;543;-1;0
;ServiceLog;md;1418647285290;2G;EDGE;1;250;1;770;543;-1;0
;ServiceLog;md;1418647286353;2G;EDGE;1;250;1;770;543;-1;0
;ServiceLog;md;1418647287391;2G;EDGE;1;250;1;770;543;-1;0
;ServiceLog;md;1418647288464;2G;EDGE;1;250;1;770;543;-1;0
;ServiceLog;md;1418647289624;unknown;unknown;1;-1;-1;-1;-1;-1;-1
;ServiceLog;md;1418647290655;unknown;unknown;1;-1;-1;-1;-1;-1;-1
;ServiceLog;md;1418647291715;unknown;unknown;1;-1;-1;-1;-1;-1;-1
;ServiceLog;md;1418647292768;unknown;unknown;1;-1;-1;-1;-1;-1;-1
;ServiceLog;md;1418647293821;unknown;unknown;1;-1;-1;-1;-1;-1;-1
;ServiceLog;md;1418647294891;unknown;unknown;1;-1;-1;-1;-1;-1;-1
;ServiceLog;md;1418647295951;unknown;unknown;1;-1;-1;-1;-1;-1;-1
;ServiceLog;md;1418647296971;unknown;unknown;1;-1;-1;-1;-1;-1;-1
;ServiceLog;md;1418647298029;unknown;unknown;1;-1;-1;-1;-1;-1;-1
;ServiceLog;md;1418647299101;unknown;unknown;1;-1;-1;-1;-1;-1;-1
;ServiceLog;md;1418647300158;unknown;unknown;1;-1;-1;-1;-1;-1;-1
;ServiceLog;md;1418647301227;unknown;unknown;1;-1;-1;-1;-1;-1;-1
;ServiceLog;md;1418647302299;unknown;unknown;1;-1;-1;-1;-1;-1;-1
;ServiceLog;md;1418647303355;unknown;unknown;1;-1;-1;-1;-1;-1;-1
;ServiceLog;md;1418647304418;unknown;unknown;1;-1;-1;-1;-1;-1;-1
;ServiceLog;md;1418647305483;unknown;unknown;1;-1;-1;-1;-1;-1;-1
;ServiceLog;md;1418647306548;unknown;unknown;1;-1;-1;-1;-1;-1;-1
;ServiceLog;md;1418647307607;unknown;unknown;1;-1;-1;-1;-1;-1;-1
;ServiceLog;md;1418647308671;unknown;unknown;1;-1;-1;-1;-1;-1;-1
;ServiceLog;md;1418647309729;unknown;unknown;1;-1;-1;-1;-1;-1;-1
;ServiceLog;md;1418647310788;unknown;unknown;1;-1;-1;-1;-1;-1;-1
;ServiceLog;md;1418647311846;unknown;unknown;1;-1;-1;-1;-1;-1;-1
;ServiceLog;md;1418647312909;unknown;unknown;1;-1;-1;-1;-1;-1;-1
;ServiceLog;md;1418647313969;unknown;unknown;1;-1;-1;-1;-1;-1;-1
;ServiceLog;md;1418647315030;unknown;unknown;1;-1;-1;-1;-1;-1;-1
;ServiceLog;md;1418647316095;unknown;unknown;1;-1;-1;-1;-1;-1;-1
;ServiceLog;md;1418647317190;unknown;unknown;1;-1;-1;-1;-1;-1;-1
;ServiceLog;md;1418647318246;unknown;unknown;1;-1;-1;-1;-1;-1;-1
;ServiceLog;md;1418647319276;unknown;unknown;1;-1;-1;-1;-1;-1;-1
;ServiceLog;md;1418647320335;unknown;unknown;1;-1;-1;-1;-1;-1;-1
;ServiceLog;md;1418647321400;unknown;unknown;1;-1;-1;-1;-1;-1;-1
;ServiceLog;md;1418647322436;unknown;unknown;1;-1;-1;-1;-1;-1;-1
;ServiceLog;md;1418647323508;unknown;unknown;1;-1;-1;-1;-1;-1;-1
;ServiceLog;md;1418647324567;unknown;unknown;1;-1;-1;-1;-1;-1;-1
;ServiceLog;md;1418647325616;unknown;unknown;1;-1;-1;-1;-1;-1;-1
;ServiceLog;md;1418647326670;unknown;unknown;1;-1;-1;-1;-1;-1;-1
;ServiceLog;md;1418647327722;unknown;unknown;1;-1;-1;-1;-1;-1;-1
;ServiceLog;md;1418647328781;unknown;unknown;1;-1;-1;-1;-1;-1;-1
;ServiceLog;md;1418647329849;unknown;unknown;1;-1;-1;-1;-1;-1;-1
;ServiceLog;md;1418647330913;unknown;unknown;1;-1;-1;-1;-1;-1;-1
;ServiceLog;md;1418647331973;unknown;unknown;1;-1;-1;-1;-1;-1;-1
;ServiceLog;md;1418647333003;unknown;unknown;1;-1;-1;-1;-1;-1;-1
;ServiceLog;md;1418647334071;unknown;unknown;1;-1;-1;-1;-1;-1;-1
;ServiceLog;md;1418647335125;unknown;unknown;1;-1;-1;-1;-1;-1;-1
;ServiceLog;md;1418647336192;unknown;unknown;1;-1;-1;-1;-1;-1;-1
;ServiceLog;md;1418647337221;unknown;unknown;1;-1;-1;-1;-1;-1;-1
;ServiceLog;md;1418647338283;unknown;unknown;1;-1;-1;-1;-1;-1;-1
;ServiceLog;md;1418647339338;unknown;unknown;1;-1;-1;-1;-1;-1;-1
;ServiceLog;md;1418647340374;unknown;unknown;1;-1;-1;-1;-1;-1;-1
;ServiceLog;md;1418647341428;unknown;unknown;1;-1;-1;-1;-1;-1;-1
;ServiceLog;md;1418647342467;unknown;unknown;1;-1;-1;-1;-1;-1;-1
;ServiceLog;md;1418647343511;unknown;unknown;1;-1;-1;-1;-1;-1;-1
;ServiceLog;md;1418647344545;unknown;unknown;1;-1;-1;-1;-1;-1;-1
;ServiceLog;md;1418647345604;unknown;unknown;1;-1;-1;-1;-1;-1;-1
;ServiceLog;md;1418647346668;unknown;unknown;1;-1;-1;-1;-1;-1;-1
;ServiceLog;md;1418647347748;unknown;unknown;1;-1;-1;-1;-1;-1;-1
;ServiceLog;md;1418647348812;unknown;unknown;1;-1;-1;-1;-1;-1;-1
;ServiceLog;md;1418647349866;unknown;unknown;1;-1;-1;-1;-1;-1;-1
;ServiceLog;md;1418647350920;unknown;unknown;1;-1;-1;-1;-1;-1;-1
;ServiceLog;md;1418647351946;unknown;unknown;1;-1;-1;-1;-1;-1;-1
;ServiceLog;md;1418647352977;unknown;unknown;1;-1;-1;-1;-1;-1;-1
;ServiceLog;md;1418647354004;unknown;unknown;1;-1;-1;-1;-1;-1;-1
;ServiceLog;md;1418647355021;unknown;unknown;1;-1;-1;-1;-1;-1;-1
;ServiceLog;md;1418647356038;unknown;unknown;1;-1;-1;-1;-1;-1;-1
;ServiceLog;md;1418647357060;unknown;unknown;1;-1;-1;-1;-1;-1;-1
;ServiceLog;md;1418647358078;unknown;unknown;1;-1;-1;-1;-1;-1;-1
;ServiceLog;md;1418647359095;unknown;unknown;1;-1;-1;-1;-1;-1;-1
;ServiceLog;md;1418647360128;unknown;unknown;1;-1;-1;-1;-1;-1;-1
;ServiceLog;md;1418647361151;unknown;unknown;1;-1;-1;-1;-1;-1;-1
;ServiceLog;md;1418647362166;unknown;unknown;1;-1;-1;-1;-1;-1;-1
;ServiceLog;md;1418647363180;unknown;unknown;1;-1;-1;-1;-1;-1;-1
;ServiceLog;md;1418647364194;unknown;unknown;1;-1;-1;-1;-1;-1;-1
;ServiceLog;md;1418647365218;unknown;unknown;1;-1;-1;-1;-1;-1;-1
;ServiceLog;md;1418647366238;unknown;unknown;1;-1;-1;-1;-1;-1;-1
;ServiceLog;md;1418647367254;unknown;unknown;1;-1;-1;-1;-1;-1;-1
;ServiceLog;md;1418647368295;unknown;unknown;1;-1;-1;-1;-1;-1;-1
;ServiceLog;md;1418647369313;unknown;unknown;1;-1;-1;-1;-1;-1;-1
;ServiceLog;md;1418647370339;unknown;unknown;1;-1;-1;-1;-1;-1;-1
;ServiceLog;md;1418647371360;unknown;unknown;1;-1;-1;-1;-1;-1;-1
;ServiceLog;md;1418647372377;unknown;unknown;1;-1;-1;-1;-1;-1;-1
;ServiceLog;md;1418647373393;unknown;unknown;1;-1;-1;-1;-1;-1;-1
;ServiceLog;md;1418647374412;unknown;unknown;1;-1;-1;-1;-1;-1;-1
;ServiceLog;md;1418647375437;unknown;unknown;1;-1;-1;-1;-1;-1;-1
;ServiceLog;md;1418647376493;unknown;unknown;1;-1;-1;-1;-1;-1;-1
;ServiceLog;md;1418647377520;unknown;unknown;1;-1;-1;-1;-1;-1;-1
;ServiceLog;md;1418647378573;2G;EDGE;1;250;1;770;543;-1;0
;ServiceLog;md;1418647379718;2G;EDGE;1;250;1;770;543;-1;0
;ServiceLog;md;1418647380764;2G;EDGE;1;250;1;770;543;-1;0
;ServiceLog;md;1418647381794;2G;EDGE;1;250;1;770;543;-1;-53
;ServiceLog;md;1418647382823;2G;EDGE;1;250;1;770;543;-1;-53
;ServiceLog;md;1418647383840;2G;EDGE;1;250;1;770;543;-1;-53
;ServiceLog;md;1418647384871;2G;EDGE;1;250;1;770;543;-1;-55
;ServiceLog;md;1418647385900;2G;EDGE;1;250;1;770;543;-1;-55
;ServiceLog;md;1418647386918;2G;EDGE;1;250;1;770;543;-1;-55
;ServiceLog;md;1418647387955;2G;EDGE;1;250;1;770;543;-1;-57
;ServiceLog;md;1418647388988;2G;EDGE;1;250;1;770;543;-1;-57
;ServiceLog;md;1418647390007;2G;EDGE;1;250;1;770;543;-1;-61
;ServiceLog;md;1418647391036;2G;EDGE;1;250;1;770;543;-1;-61
;ServiceLog;md;1418647392065;2G;EDGE;1;250;1;770;543;-1;-61
;ServiceLog;md;1418647393102;2G;EDGE;1;250;1;770;543;-1;-63
;ServiceLog;md;1418647394137;2G;EDGE;1;250;1;770;543;-1;-63
;ServiceLog;md;1418647395169;2G;EDGE;1;250;1;770;543;-1;-63
;ServiceLog;md;1418647396192;2G;EDGE;1;250;1;770;543;-1;-67
;ServiceLog;md;1418647397224;2G;EDGE;1;250;1;770;543;-1;-67
;ServiceLog;md;1418647398254;2G;EDGE;1;250;1;770;543;-1;-67
;ServiceLog;md;1418647399318;2G;EDGE;1;250;1;770;543;-1;-69
;ServiceLog;md;1418647400384;2G;EDGE;1;250;1;770;543;-1;-69
;ServiceLog;md;1418647401451;2G;EDGE;1;250;1;770;543;-1;-69
;ServiceLog;md;1418647402517;2G;EDGE;1;250;1;770;543;-1;-73
;ServiceLog;md;1418647403580;2G;EDGE;1;250;1;770;543;-1;-73
;ServiceLog;md;1418647404639;2G;EDGE;1;250;1;770;543;-1;-73
;ServiceLog;md;1418647405708;2G;EDGE;1;250;1;770;543;-1;-75
;ServiceLog;md;1418647406762;2G;EDGE;1;250;1;770;543;-1;-75
;ServiceLog;md;1418647407818;2G;EDGE;1;250;1;770;543;-1;-75
;ServiceLog;md;1418647408894;2G;EDGE;1;250;1;770;543;-1;-77
;ServiceLog;md;1418647409971;2G;EDGE;1;250;1;770;543;-1;-77
;ServiceLog;md;1418647411042;2G;EDGE;1;250;1;770;543;-1;-77
;ServiceLog;md;1418647412125;2G;EDGE;1;250;1;770;543;-1;-77
;ServiceLog;md;1418647413184;2G;EDGE;1;250;1;770;543;-1;-77
;ServiceLog;md;1418647414250;2G;EDGE;1;250;1;770;543;-1;-77
;ServiceLog;md;1418647415316;2G;EDGE;1;250;1;770;543;-1;-77
;ServiceLog;md;1418647416347;2G;EDGE;1;250;1;770;543;-1;-77
;ServiceLog;md;1418647417415;2G;EDGE;1;250;1;770;543;-1;-77
;ServiceLog;md;1418647418467;2G;EDGE;1;250;1;770;543;-1;-77
;ServiceLog;md;1418647419571;2G;EDGE;1;250;1;770;543;-1;-77
;ServiceLog;md;1418647420653;2G;EDGE;1;250;1;770;543;-1;-77
;ServiceLog;md;1418647421697;2G;EDGE;1;250;1;770;543;-1;-77
;ServiceLog;md;1418647422765;2G;EDGE;1;250;1;770;543;-1;-77
;ServiceLog;md;1418647423807;2G;EDGE;1;250;1;770;543;-1;-79
;ServiceLog;md;1418647424879;2G;EDGE;1;250;1;770;543;-1;-79
;ServiceLog;md;1418647425936;2G;EDGE;1;250;1;770;543;-1;-79
;ServiceLog;md;1418647426967;2G;EDGE;1;250;1;770;543;-1;-79
;ServiceLog;md;1418647428034;2G;EDGE;1;250;1;770;543;-1;-79
;ServiceLog;md;1418647429097;2G;EDGE;1;250;1;770;543;-1;-71
;ServiceLog;md;1418647430140;2G;EDGE;1;250;1;770;543;-1;-71
;ServiceLog;md;1418647431206;2G;EDGE;1;250;1;770;543;-1;-71
;ServiceLog;md;1418647432265;2G;EDGE;1;250;1;770;543;-1;-65
;ServiceLog;md;1418647433639;2G;EDGE;1;250;1;770;543;-1;-65
;ServiceLog;md;1418647434702;2G;EDGE;1;250;1;770;543;-1;-65
;ServiceLog;md;1418647435766;2G;EDGE;1;250;1;770;543;-1;-69
;ServiceLog;md;1418647436822;2G;EDGE;1;250;1;770;543;-1;-69
;ServiceLog;md;1418647437884;2G;EDGE;1;250;1;770;543;-1;-69
;ServiceLog;md;1418647438941;2G;EDGE;1;250;1;770;543;-1;-75
;ServiceLog;md;1418647440024;2G;EDGE;1;250;1;770;543;-1;-75
;ServiceLog;md;1418647441077;2G;EDGE;1;250;1;770;543;-1;-81
;ServiceLog;md;1418647442114;2G;EDGE;1;250;1;770;543;-1;-81
;ServiceLog;md;1418647443171;2G;EDGE;1;250;1;770;543;-1;-81
;ServiceLog;md;1418647444240;2G;EDGE;1;250;1;770;543;-1;-85
;ServiceLog;md;1418647445307;2G;EDGE;1;250;1;770;543;-1;-85
;ServiceLog;md;1418647446382;2G;EDGE;1;250;1;770;543;-1;-85
;ServiceLog;md;1418647447413;2G;EDGE;1;250;1;770;543;-1;-89
;ServiceLog;md;1418647448456;2G;EDGE;1;250;1;770;543;-1;-89
;ServiceLog;md;1418647449517;2G;EDGE;1;250;1;770;543;-1;-89
;ServiceLog;md;1418647450563;2G;EDGE;1;250;1;770;543;-1;-93
;ServiceLog;md;1418647451606;2G;EDGE;1;250;1;770;543;-1;-93
;ServiceLog;md;1418647452683;2G;EDGE;1;250;1;770;543;-1;-93
;ServiceLog;md;1418647453774;2G;EDGE;1;250;1;770;543;-1;-93
;ServiceLog;md;1418647454848;2G;EDGE;1;250;1;770;543;-1;-93
;ServiceLog;md;1418647455912;2G;EDGE;1;250;1;770;543;-1;-93
;ServiceLog;md;1418647456980;2G;EDGE;1;250;1;770;543;-1;-93
;ServiceLog;md;1418647458047;2G;EDGE;1;250;1;770;543;-1;-93
;ServiceLog;md;1418647459111;2G;EDGE;1;250;1;770;543;-1;-93
;ServiceLog;md;1418647460190;2G;EDGE;1;250;1;770;543;-1;-93
;ServiceLog;md;1418647461255;2G;EDGE;1;250;1;770;543;-1;-93
;ServiceLog;md;1418647462336;2G;EDGE;1;250;1;770;543;-1;-93
;ServiceLog;md;1418647463432;2G;EDGE;1;250;1;770;543;-1;-93
;ServiceLog;md;1418647464496;2G;EDGE;1;250;1;770;543;-1;-93
;ServiceLog;md;1418647465554;2G;EDGE;1;250;1;770;543;-1;0
;ServiceLog;md;1418647466622;2G;EDGE;1;250;1;770;543;-1;0
;ServiceLog;md;1418647467687;2G;EDGE;1;250;1;770;543;-1;0
;ServiceLog;md;1418647468761;unknown;unknown;1;-1;-1;-1;-1;-1;-1
;ServiceLog;md;1418647469782;unknown;unknown;1;-1;-1;-1;-1;-1;-1
;ServiceLog;md;1418647470813;unknown;unknown;1;-1;-1;-1;-1;-1;-1
;ServiceLog;md;1418647471884;unknown;unknown;1;-1;-1;-1;-1;-1;-1
;ServiceLog;md;1418647472920;unknown;unknown;1;-1;-1;-1;-1;-1;-1
;ServiceLog;md;1418647473983;unknown;unknown;1;-1;-1;-1;-1;-1;-1
;ServiceLog;md;1418647475055;unknown;unknown;1;-1;-1;-1;-1;-1;-1
;ServiceLog;md;1418647476123;unknown;unknown;1;-1;-1;-1;-1;-1;-1
;ServiceLog;md;1418647477194;unknown;unknown;1;-1;-1;-1;-1;-1;-1
;ServiceLog;md;1418647478221;unknown;unknown;1;-1;-1;-1;-1;-1;-1
;ServiceLog;md;1418647479258;unknown;unknown;1;-1;-1;-1;-1;-1;-1
;ServiceLog;md;1418647480286;unknown;unknown;1;-1;-1;-1;-1;-1;-1
;ServiceLog;md;1418647481335;unknown;unknown;1;-1;-1;-1;-1;-1;-1
;ServiceLog;md;1418647482408;unknown;unknown;1;-1;-1;-1;-1;-1;-1
;ServiceLog;md;1418647483436;unknown;unknown;1;-1;-1;-1;-1;-1;-1
;ServiceLog;md;1418647484502;unknown;unknown;1;-1;-1;-1;-1;-1;-1
;ServiceLog;md;1418647485606;unknown;unknown;1;-1;-1;-1;-1;-1;-1
;ServiceLog;md;1418647486688;unknown;unknown;1;-1;-1;-1;-1;-1;-1
;ServiceLog;md;1418647487716;unknown;unknown;1;-1;-1;-1;-1;-1;-1
;ServiceLog;md;1418647488780;unknown;unknown;1;-1;-1;-1;-1;-1;-1
;ServiceLog;md;1418647489856;unknown;unknown;1;-1;-1;-1;-1;-1;-1
;ServiceLog;md;1418647490922;unknown;unknown;1;-1;-1;-1;-1;-1;-1
;ServiceLog;md;1418647491966;unknown;unknown;1;-1;-1;-1;-1;-1;-1
;ServiceLog;md;1418647493036;unknown;unknown;1;-1;-1;-1;-1;-1;-1
;ServiceLog;md;1418647494116;unknown;unknown;1;-1;-1;-1;-1;-1;-1
;ServiceLog;md;1418647495200;unknown;unknown;1;-1;-1;-1;-1;-1;-1
;ServiceLog;md;1418647496256;unknown;unknown;1;-1;-1;-1;-1;-1;-1
;ServiceLog;md;1418647497287;unknown;unknown;1;-1;-1;-1;-1;-1;-1
;ServiceLog;md;1418647498321;unknown;unknown;1;-1;-1;-1;-1;-1;-1
;ServiceLog;md;1418647499385;unknown;unknown;1;-1;-1;-1;-1;-1;-1
;ServiceLog;md;1418647500448;unknown;unknown;1;-1;-1;-1;-1;-1;-1
;ServiceLog;md;1418647501512;unknown;unknown;1;-1;-1;-1;-1;-1;-1
;ServiceLog;md;1418647502576;unknown;unknown;1;-1;-1;-1;-1;-1;-1
;ServiceLog;md;1418647503637;unknown;unknown;1;-1;-1;-1;-1;-1;-1
;ServiceLog;md;1418647504684;unknown;unknown;1;-1;-1;-1;-1;-1;-1
;ServiceLog;md;1418647505753;unknown;unknown;1;-1;-1;-1;-1;-1;-1
;ServiceLog;md;1418647506819;unknown;unknown;1;-1;-1;-1;-1;-1;-1
;ServiceLog;md;1418647507897;unknown;unknown;1;-1;-1;-1;-1;-1;-1
;ServiceLog;md;1418647508952;unknown;unknown;1;-1;-1;-1;-1;-1;-1
;ServiceLog;md;1418647510049;unknown;unknown;1;-1;-1;-1;-1;-1;-1
;ServiceLog;md;1418647511079;unknown;unknown;1;-1;-1;-1;-1;-1;-1
;ServiceLog;md;1418647512149;unknown;unknown;1;-1;-1;-1;-1;-1;-1
;ServiceLog;md;1418647513201;unknown;unknown;1;-1;-1;-1;-1;-1;-1
;ServiceLog;md;1418647514265;unknown;unknown;1;-1;-1;-1;-1;-1;-1
;ServiceLog;md;1418647515312;unknown;unknown;1;-1;-1;-1;-1;-1;-1
;ServiceLog;md;1418647516375;unknown;unknown;1;-1;-1;-1;-1;-1;-1
;ServiceLog;md;1418647517476;2G;EDGE;1;250;1;770;43241;-1;0
;ServiceLog;md;1418647518505;2G;EDGE;1;250;1;770;43241;-1;0
;ServiceLog;md;1418647519583;2G;EDGE;1;250;1;770;43241;-1;-73
;ServiceLog;md;1418647520644;2G;EDGE;1;250;1;770;43241;-1;-73
;ServiceLog;md;1418647521722;2G;EDGE;1;250;1;770;43241;-1;-73
;ServiceLog;md;1418647522798;2G;EDGE;1;250;1;770;43241;-1;-73
;ServiceLog;md;1418647523847;2G;EDGE;1;250;1;770;43241;-1;-73
;ServiceLog;md;1418647524926;2G;EDGE;1;250;1;770;43241;-1;-73
;ServiceLog;md;1418647525987;2G;EDGE;1;250;1;770;43241;-1;-75
;ServiceLog;md;1418647527047;2G;EDGE;1;250;1;770;43241;-1;-75
;ServiceLog;md;1418647528122;2G;EDGE;1;250;1;770;43241;-1;-75
;ServiceLog;md;1418647529205;2G;EDGE;1;250;1;770;43241;-1;-75
;ServiceLog;md;1418647530266;2G;EDGE;1;250;1;770;43241;-1;-75
;ServiceLog;md;1418647531330;2G;EDGE;1;250;1;770;43241;-1;-77
;ServiceLog;md;1418647532395;2G;EDGE;1;250;1;770;43241;-1;-77
;ServiceLog;md;1418647533456;2G;EDGE;1;250;1;770;43241;-1;-77
;ServiceLog;md;1418647534517;2G;EDGE;1;250;1;770;43241;-1;-79
;ServiceLog;md;1418647535583;2G;EDGE;1;250;1;770;43241;-1;-79
;ServiceLog;md;1418647536654;2G;EDGE;1;250;1;770;43241;-1;-79
;ServiceLog;md;1418647537731;2G;EDGE;1;250;1;770;43241;-1;-79
;ServiceLog;md;1418647538796;2G;EDGE;1;250;1;770;43241;-1;-79
;ServiceLog;md;1418647539856;2G;EDGE;1;250;1;770;43241;-1;-79
;ServiceLog;md;1418647540951;2G;EDGE;1;250;1;770;43241;-1;-79
;ServiceLog;md;1418647542010;2G;EDGE;1;250;1;770;43241;-1;-79
;ServiceLog;md;1418647543069;2G;EDGE;1;250;1;770;43241;-1;-79
;ServiceLog;md;1418647544129;2G;EDGE;1;250;1;770;43241;-1;-79
;ServiceLog;md;1418647545195;2G;EDGE;1;250;1;770;43241;-1;-79
;ServiceLog;md;1418647546276;2G;EDGE;1;250;1;770;43241;-1;-81
;ServiceLog;md;1418647547351;2G;EDGE;1;250;1;770;43241;-1;-81
;ServiceLog;md;1418647549108;2G;EDGE;1;250;1;770;43241;-1;-81
;ServiceLog;md;1418647550171;2G;EDGE;1;250;1;770;43241;-1;-81
;ServiceLog;md;1418647551247;2G;EDGE;1;250;1;770;43241;-1;-81
;ServiceLog;md;1418647552315;2G;EDGE;1;250;1;770;43241;-1;-81
;ServiceLog;md;1418647553397;2G;EDGE;1;250;1;770;43241;-1;-81
;ServiceLog;md;1418647554433;2G;EDGE;1;250;1;770;43241;-1;-81
;ServiceLog;md;1418647555463;2G;EDGE;1;250;1;770;43241;-1;-81
;ServiceLog;md;1418647556528;2G;EDGE;1;250;1;770;43241;-1;-81
;ServiceLog;md;1418647557607;2G;EDGE;1;250;1;770;43241;-1;-81
;ServiceLog;md;1418647558669;2G;EDGE;1;250;1;770;43241;-1;-79
;ServiceLog;md;1418647559697;2G;EDGE;1;250;1;770;43241;-1;-79
;ServiceLog;md;1418647560731;2G;EDGE;1;250;1;770;43241;-1;-79
;ServiceLog;md;1418647562169;2G;EDGE;1;250;1;770;43241;-1;-73
;ServiceLog;md;1418647563235;3G;UMTS;1;250;1;770;6899779;-1;-73
;ServiceLog;md;1418647564252;3G;UMTS;1;250;1;770;6899779;-1;-73
;ServiceLog;md;1418647565269;3G;UMTS;1;250;1;770;6899779;-1;-69
;ServiceLog;md;1418647566294;3G;UMTS;1;250;1;770;6899779;-1;-69
;ServiceLog;md;1418647567343;3G;UMTS;1;250;1;770;6899779;-1;-69
;ServiceLog;md;1418647568382;3G;UMTS;1;250;1;770;6899779;-1;-77
;ServiceLog;md;1418647569414;3G;UMTS;1;250;1;770;6899779;-1;-77
;ServiceLog;md;1418647570474;3G;UMTS;1;250;1;770;6899779;-1;-77
;ServiceLog;md;1418647571805;3G;UMTS;1;250;1;770;6899779;-1;-85
;ServiceLog;md;1418647572841;3G;UMTS;1;250;1;770;6899779;-1;-85
;ServiceLog;md;1418647573879;3G;UMTS;1;250;1;770;6899779;-1;-85
;ServiceLog;md;1418647574918;3G;UMTS;1;250;1;770;6899779;-1;-91
;ServiceLog;md;1418647575947;3G;UMTS;1;250;1;770;6899779;-1;-91
;ServiceLog;md;1418647576981;3G;UMTS;1;250;1;770;6899779;-1;-91
;ServiceLog;md;1418647578016;3G;UMTS;1;250;1;770;6899779;-1;-97
;ServiceLog;md;1418647579047;3G;UMTS;1;250;1;770;6899779;-1;-97
;ServiceLog;md;1418647580079;3G;UMTS;1;250;1;770;6899779;-1;-97
;ServiceLog;md;1418647581115;3G;UMTS;1;250;1;770;6899779;-1;0
;ServiceLog;md;1418647582256;3G;UMTS;1;250;1;770;6899779;-1;0
;ServiceLog;md;1418647583284;3G;UMTS;1;250;1;770;6899779;-1;0
;ServiceLog;md;1418647584313;3G;UMTS;1;250;1;770;6899779;-1;0
;ServiceLog;md;1418647585340;3G;UMTS;1;250;1;770;6899779;-1;0
;ServiceLog;md;1418647586368;3G;UMTS;1;250;1;770;6899779;-1;0
;ServiceLog;md;1418647587398;3G;UMTS;1;250;1;770;6899779;-1;0
;ServiceLog;md;1418647588428;3G;UMTS;1;250;1;770;6899779;-1;0
;ServiceLog;md;1418647589460;3G;UMTS;1;250;1;770;6899779;-1;0
;ServiceLog;md;1418647590488;3G;UMTS;1;250;1;770;6899779;-1;0
;ServiceLog;md;1418647591549;3G;UMTS;1;250;1;770;6899779;-1;0
;ServiceLog;md;1418647592619;unknown;unknown;1;-1;-1;-1;-1;-1;-1
;ServiceLog;md;1418647593640;unknown;unknown;1;-1;-1;-1;-1;-1;-1
;ServiceLog;md;1418647594715;unknown;unknown;1;-1;-1;-1;-1;-1;-1
;ServiceLog;md;1418647595795;unknown;unknown;1;-1;-1;-1;-1;-1;-1
;ServiceLog;md;1418647596854;unknown;unknown;1;-1;-1;-1;-1;-1;-1
;ServiceLog;md;1418647597937;unknown;unknown;1;-1;-1;-1;-1;-1;-1
;ServiceLog;md;1418647598990;unknown;unknown;1;-1;-1;-1;-1;-1;-1
;ServiceLog;md;1418647600055;unknown;unknown;1;-1;-1;-1;-1;-1;-1
;ServiceLog;md;1418647601113;unknown;unknown;1;-1;-1;-1;-1;-1;-1
;ServiceLog;md;1418647602170;unknown;unknown;1;-1;-1;-1;-1;-1;-1
;ServiceLog;md;1418647603232;unknown;unknown;1;-1;-1;-1;-1;-1;-1
;ServiceLog;md;1418647604289;unknown;unknown;1;-1;-1;-1;-1;-1;-1
;ServiceLog;md;1418647605339;unknown;unknown;1;-1;-1;-1;-1;-1;-1
;ServiceLog;md;1418647606409;unknown;unknown;1;-1;-1;-1;-1;-1;-1
;ServiceLog;md;1418647607464;unknown;unknown;1;-1;-1;-1;-1;-1;-1
;ServiceLog;md;1418647608516;unknown;unknown;1;-1;-1;-1;-1;-1;-1
;ServiceLog;md;1418647609561;unknown;unknown;1;-1;-1;-1;-1;-1;-1
;ServiceLog;md;1418647610629;unknown;unknown;1;-1;-1;-1;-1;-1;-1
;ServiceLog;md;1418647611682;unknown;unknown;1;-1;-1;-1;-1;-1;-1
;ServiceLog;md;1418647612741;unknown;unknown;1;-1;-1;-1;-1;-1;-1
;ServiceLog;md;1418647613820;unknown;unknown;1;-1;-1;-1;-1;-1;-1
;ServiceLog;md;1418647614895;unknown;unknown;1;-1;-1;-1;-1;-1;-1
;ServiceLog;md;1418647615955;unknown;unknown;1;-1;-1;-1;-1;-1;-1
;ServiceLog;md;1418647617016;unknown;unknown;1;-1;-1;-1;-1;-1;-1
;ServiceLog;md;1418647618070;unknown;unknown;1;-1;-1;-1;-1;-1;-1
;ServiceLog;md;1418647619125;unknown;unknown;1;-1;-1;-1;-1;-1;-1
;ServiceLog;md;1418647620180;unknown;unknown;1;-1;-1;-1;-1;-1;-1
;ServiceLog;md;1418647621206;unknown;unknown;1;-1;-1;-1;-1;-1;-1
;ServiceLog;md;1418647622250;unknown;unknown;1;-1;-1;-1;-1;-1;-1
;ServiceLog;md;1418647623306;unknown;unknown;1;-1;-1;-1;-1;-1;-1
;ServiceLog;md;1418647624371;unknown;unknown;1;-1;-1;-1;-1;-1;-1
;ServiceLog;md;1418647625429;unknown;unknown;1;-1;-1;-1;-1;-1;-1
;ServiceLog;md;1418647626484;unknown;unknown;1;-1;-1;-1;-1;-1;-1
;ServiceLog;md;1418647627547;unknown;unknown;1;-1;-1;-1;-1;-1;-1
;ServiceLog;md;1418647628607;unknown;unknown;1;-1;-1;-1;-1;-1;-1
;ServiceLog;md;1418647629667;unknown;unknown;1;-1;-1;-1;-1;-1;-1
;ServiceLog;md;1418647630722;unknown;unknown;1;-1;-1;-1;-1;-1;-1
;ServiceLog;md;1418647631776;unknown;unknown;1;-1;-1;-1;-1;-1;-1
;ServiceLog;md;1418647632835;unknown;unknown;1;-1;-1;-1;-1;-1;-1
;ServiceLog;md;1418647634158;unknown;unknown;1;-1;-1;-1;-1;-1;-1
;ServiceLog;md;1418647635221;unknown;unknown;1;-1;-1;-1;-1;-1;-1
;ServiceLog;md;1418647636287;unknown;unknown;1;-1;-1;-1;-1;-1;-1
;ServiceLog;md;1418647637319;unknown;unknown;1;-1;-1;-1;-1;-1;-1
;ServiceLog;md;1418647638352;unknown;unknown;1;-1;-1;-1;-1;-1;-1
;ServiceLog;md;1418647639413;unknown;unknown;1;-1;-1;-1;-1;-1;-1
;ServiceLog;md;1418647640473;unknown;unknown;1;-1;-1;-1;-1;-1;-1
;ServiceLog;md;1418647641533;unknown;unknown;1;-1;-1;-1;-1;-1;-1
;ServiceLog;md;1418647642594;unknown;unknown;1;-1;-1;-1;-1;-1;-1
;ServiceLog;md;1418647643670;unknown;unknown;1;-1;-1;-1;-1;-1;-1
;ServiceLog;md;1418647644733;unknown;unknown;1;-1;-1;-1;-1;-1;-1
;ServiceLog;md;1418647645796;unknown;unknown;1;-1;-1;-1;-1;-1;-1
;ServiceLog;md;1418647646858;unknown;unknown;1;-1;-1;-1;-1;-1;-1
;ServiceLog;md;1418647647924;unknown;unknown;1;-1;-1;-1;-1;-1;-1
;ServiceLog;md;1418647649316;unknown;unknown;1;-1;-1;-1;-1;-1;-1
;ServiceLog;md;1418647650375;unknown;unknown;1;-1;-1;-1;-1;-1;-1
;ServiceLog;md;1418647651447;unknown;unknown;1;-1;-1;-1;-1;-1;-1
;ServiceLog;md;1418647652481;unknown;unknown;1;-1;-1;-1;-1;-1;-1
;ServiceLog;md;1418647653547;unknown;unknown;1;-1;-1;-1;-1;-1;-1
;ServiceLog;md;1418647654601;unknown;unknown;1;-1;-1;-1;-1;-1;-1
;ServiceLog;md;1418647655665;unknown;unknown;1;-1;-1;-1;-1;-1;-1
;ServiceLog;md;1418647656738;unknown;unknown;1;-1;-1;-1;-1;-1;-1
;ServiceLog;md;1418647657773;unknown;unknown;1;-1;-1;-1;-1;-1;-1
;ServiceLog;md;1418647658834;unknown;unknown;1;-1;-1;-1;-1;-1;-1
;ServiceLog;md;1418647659904;unknown;unknown;1;-1;-1;-1;-1;-1;-1
;ServiceLog;md;1418647660977;unknown;unknown;1;-1;-1;-1;-1;-1;-1
;ServiceLog;md;1418647662042;unknown;unknown;1;-1;-1;-1;-1;-1;-1
;ServiceLog;md;1418647663089;unknown;unknown;1;-1;-1;-1;-1;-1;-1
;ServiceLog;md;1418647664151;unknown;unknown;1;-1;-1;-1;-1;-1;-1
;ServiceLog;md;1418647665197;unknown;unknown;1;-1;-1;-1;-1;-1;-1
;ServiceLog;md;1418647666213;unknown;unknown;1;-1;-1;-1;-1;-1;-1
;ServiceLog;md;1418647667287;unknown;unknown;1;-1;-1;-1;-1;-1;-1
;ServiceLog;md;1418647668303;unknown;unknown;1;-1;-1;-1;-1;-1;-1
;ServiceLog;md;1418647669330;unknown;unknown;1;-1;-1;-1;-1;-1;-1
;ServiceLog;md;1418647670373;unknown;unknown;1;-1;-1;-1;-1;-1;-1
;ServiceLog;md;1418647671422;unknown;unknown;1;-1;-1;-1;-1;-1;-1
;ServiceLog;md;1418647672577;unknown;unknown;1;-1;-1;-1;-1;-1;-1
;ServiceLog;md;1418647673612;unknown;unknown;1;-1;-1;-1;-1;-1;-1
;ServiceLog;md;1418647674637;unknown;unknown;1;-1;-1;-1;-1;-1;-1
;ServiceLog;md;1418647675709;unknown;unknown;1;-1;-1;-1;-1;-1;-1
;ServiceLog;md;1418647676825;unknown;unknown;1;-1;-1;-1;-1;-1;-1
;ServiceLog;md;1418647677867;unknown;unknown;1;-1;-1;-1;-1;-1;-1
;ServiceLog;md;1418647679181;unknown;unknown;1;-1;-1;-1;-1;-1;-1
;ServiceLog;md;1418647680196;unknown;unknown;1;-1;-1;-1;-1;-1;-1
;ServiceLog;md;1418647681213;unknown;unknown;1;-1;-1;-1;-1;-1;-1
;ServiceLog;md;1418647682228;unknown;unknown;1;-1;-1;-1;-1;-1;-1
;ServiceLog;md;1418647683248;unknown;unknown;1;-1;-1;-1;-1;-1;-1
;ServiceLog;md;1418647684356;unknown;unknown;1;-1;-1;-1;-1;-1;-1
;ServiceLog;md;1418647685484;unknown;unknown;1;-1;-1;-1;-1;-1;-1
;ServiceLog;md;1418647686501;unknown;unknown;1;-1;-1;-1;-1;-1;-1
;ServiceLog;md;1418647687523;unknown;unknown;1;-1;-1;-1;-1;-1;-1
;ServiceLog;md;1418647688553;unknown;unknown;1;-1;-1;-1;-1;-1;-1
;ServiceLog;md;1418647689569;unknown;unknown;1;-1;-1;-1;-1;-1;-1
;ServiceLog;md;1418647690587;unknown;unknown;1;-1;-1;-1;-1;-1;-1
;ServiceLog;md;1418647691620;unknown;unknown;1;-1;-1;-1;-1;-1;-1
;ServiceLog;md;1418647692667;unknown;unknown;1;-1;-1;-1;-1;-1;-1
;ServiceLog;md;1418647693711;unknown;unknown;1;-1;-1;-1;-1;-1;-1
;ServiceLog;md;1418647694759;unknown;unknown;1;-1;-1;-1;-1;-1;-1
;ServiceLog;md;1418647695789;unknown;unknown;1;-1;-1;-1;-1;-1;-1
;ServiceLog;md;1418647696809;unknown;unknown;1;-1;-1;-1;-1;-1;-1
;ServiceLog;md;1418647697828;2G;EDGE;1;250;1;770;513;-1;-69
;ServiceLog;md;1418647698855;2G;EDGE;1;250;1;770;513;-1;-69
;ServiceLog;md;1418647699902;2G;EDGE;1;250;1;770;513;-1;-59
;ServiceLog;md;1418647700918;2G;EDGE;1;250;1;770;513;-1;-65
;ServiceLog;md;1418647701952;2G;EDGE;1;250;1;770;513;-1;-65
;ServiceLog;md;1418647702986;2G;EDGE;1;250;1;770;513;-1;-65
;ServiceLog;md;1418647704022;2G;EDGE;1;250;1;770;513;-1;-71
;ServiceLog;md;1418647705050;2G;EDGE;1;250;1;770;513;-1;-71
;ServiceLog;md;1418647706079;2G;EDGE;1;250;1;770;513;-1;-71
;ServiceLog;md;1418647707111;2G;EDGE;1;250;1;770;513;-1;-77
;ServiceLog;md;1418647708142;2G;EDGE;1;250;1;770;513;-1;-77
;ServiceLog;md;1418647709184;2G;EDGE;1;250;1;770;513;-1;-77
;ServiceLog;md;1418647710247;2G;EDGE;1;250;1;770;513;-1;-81
;ServiceLog;md;1418647711328;2G;EDGE;1;250;1;770;513;-1;-81
;ServiceLog;md;1418647712407;2G;EDGE;1;250;1;770;513;-1;-83
;ServiceLog;md;1418647713463;2G;EDGE;1;250;1;770;513;-1;-83
;ServiceLog;md;1418647714529;2G;EDGE;1;250;1;770;513;-1;-83
;ServiceLog;md;1418647715589;2G;EDGE;1;250;1;770;513;-1;-85
;ServiceLog;md;1418647716652;2G;EDGE;1;250;1;770;513;-1;-85
;ServiceLog;md;1418647717726;2G;EDGE;1;250;1;770;513;-1;-85
;ServiceLog;md;1418647718760;2G;EDGE;1;250;1;770;513;-1;-83
;ServiceLog;md;1418647719799;2G;EDGE;1;250;1;770;513;-1;-83
;ServiceLog;md;1418647720829;2G;EDGE;1;250;1;770;513;-1;-83
;ServiceLog;md;1418647721893;2G;EDGE;1;250;1;770;513;-1;-83
;ServiceLog;md;1418647722940;2G;EDGE;1;250;1;770;513;-1;-83
;ServiceLog;md;1418647724021;2G;EDGE;1;250;1;770;513;-1;-83
;ServiceLog;md;1418647725049;2G;EDGE;1;250;1;770;513;-1;-83
;ServiceLog;md;1418647726075;2G;EDGE;1;250;1;770;513;-1;-83
;ServiceLog;md;1418647727159;2G;EDGE;1;250;1;770;513;-1;-83
;ServiceLog;md;1418647728248;2G;EDGE;1;250;1;770;513;-1;-83
;ServiceLog;md;1418647729321;2G;EDGE;1;250;1;770;513;-1;-83
;ServiceLog;md;1418647730745;2G;EDGE;1;250;1;770;513;-1;-69
;ServiceLog;md;1418647731814;2G;EDGE;1;250;1;770;513;-1;-69
;ServiceLog;md;1418647732876;2G;EDGE;1;250;1;770;513;-1;-69
;ServiceLog;md;1418647733939;2G;EDGE;1;250;1;770;513;-1;-61
;ServiceLog;md;1418647734994;2G;EDGE;1;250;1;770;513;-1;-61
;ServiceLog;md;1418647736038;2G;EDGE;1;250;1;770;513;-1;-61
;ServiceLog;md;1418647737069;2G;EDGE;1;250;1;770;513;-1;-67
;ServiceLog;md;1418647738107;2G;EDGE;1;250;1;770;513;-1;-67
;ServiceLog;md;1418647739175;2G;EDGE;1;250;1;770;513;-1;-67
;ServiceLog;md;1418647740235;2G;EDGE;1;250;1;770;513;-1;-75
;ServiceLog;md;1418647741301;2G;EDGE;1;250;1;770;513;-1;-75
;ServiceLog;md;1418647742362;2G;EDGE;1;250;1;770;513;-1;-75
;ServiceLog;md;1418647743400;2G;EDGE;1;250;1;770;513;-1;-81
;ServiceLog;md;1418647744474;2G;EDGE;1;250;1;770;513;-1;-81
;ServiceLog;md;1418647745560;2G;EDGE;1;250;1;770;513;-1;-87
;ServiceLog;md;1418647746597;2G;EDGE;1;250;1;770;513;-1;-87
;ServiceLog;md;1418647747664;2G;EDGE;1;250;1;770;513;-1;-87
;ServiceLog;md;1418647748759;2G;EDGE;1;250;1;770;513;-1;-87
;ServiceLog;md;1418647749825;2G;EDGE;1;250;1;770;513;-1;-87
;ServiceLog;md;1418647750898;2G;EDGE;1;250;1;770;513;-1;-87
;ServiceLog;md;1418647751966;2G;EDGE;1;250;1;770;513;-1;-87
;ServiceLog;md;1418647753031;2G;EDGE;1;250;1;770;513;-1;-87
;ServiceLog;md;1418647754122;2G;EDGE;1;250;1;770;513;-1;-87
;ServiceLog;md;1418647755196;2G;EDGE;1;250;1;770;513;-1;-87
;ServiceLog;md;1418647756251;2G;EDGE;1;250;1;770;513;-1;0
;ServiceLog;md;1418647757324;2G;EDGE;1;250;1;770;513;-1;0
;ServiceLog;md;1418647758466;2G;EDGE;1;250;1;770;513;-1;0
;ServiceLog;md;1418647759956;unknown;unknown;1;-1;-1;-1;-1;-1;-1
;ServiceLog;md;1418647760975;unknown;unknown;1;-1;-1;-1;-1;-1;-1
;ServiceLog;md;1418647762019;unknown;unknown;1;-1;-1;-1;-1;-1;-1
;ServiceLog;md;1418647763100;unknown;unknown;1;-1;-1;-1;-1;-1;-1
;ServiceLog;md;1418647764165;unknown;unknown;1;-1;-1;-1;-1;-1;-1
;ServiceLog;md;1418647765225;unknown;unknown;1;-1;-1;-1;-1;-1;-1
;ServiceLog;md;1418647766281;unknown;unknown;1;-1;-1;-1;-1;-1;-1
;ServiceLog;md;1418647767356;unknown;unknown;1;-1;-1;-1;-1;-1;-1
;ServiceLog;md;1418647768414;unknown;unknown;1;-1;-1;-1;-1;-1;-1
;ServiceLog;md;1418647769487;unknown;unknown;1;-1;-1;-1;-1;-1;-1
;ServiceLog;md;1418647770558;unknown;unknown;1;-1;-1;-1;-1;-1;-1
;ServiceLog;md;1418647771634;unknown;unknown;1;-1;-1;-1;-1;-1;-1
;ServiceLog;md;1418647772730;unknown;unknown;1;-1;-1;-1;-1;-1;-1
;ServiceLog;md;1418647774170;unknown;unknown;1;-1;-1;-1;-1;-1;-1
;ServiceLog;md;1418647775258;unknown;unknown;1;-1;-1;-1;-1;-1;-1
;ServiceLog;md;1418647776327;unknown;unknown;1;-1;-1;-1;-1;-1;-1
;ServiceLog;md;1418647777389;unknown;unknown;1;-1;-1;-1;-1;-1;-1
;ServiceLog;md;1418647778456;unknown;unknown;1;-1;-1;-1;-1;-1;-1
;ServiceLog;md;1418647779512;unknown;unknown;1;-1;-1;-1;-1;-1;-1
;ServiceLog;md;1418647780567;unknown;unknown;1;-1;-1;-1;-1;-1;-1
;ServiceLog;md;1418647781627;unknown;unknown;1;-1;-1;-1;-1;-1;-1
;ServiceLog;md;1418647782690;unknown;unknown;1;-1;-1;-1;-1;-1;-1
;ServiceLog;md;1418647783755;unknown;unknown;1;-1;-1;-1;-1;-1;-1
;ServiceLog;md;1418647784810;unknown;unknown;1;-1;-1;-1;-1;-1;-1
;ServiceLog;md;1418647785919;unknown;unknown;1;-1;-1;-1;-1;-1;-1
;ServiceLog;md;1418647787013;unknown;unknown;1;-1;-1;-1;-1;-1;-1
;ServiceLog;md;1418647788046;unknown;unknown;1;-1;-1;-1;-1;-1;-1
;ServiceLog;md;1418647789122;unknown;unknown;1;-1;-1;-1;-1;-1;-1
;ServiceLog;md;1418647790179;unknown;unknown;1;-1;-1;-1;-1;-1;-1
;ServiceLog;md;1418647791222;unknown;unknown;1;-1;-1;-1;-1;-1;-1
;ServiceLog;md;1418647792276;unknown;unknown;1;-1;-1;-1;-1;-1;-1
;ServiceLog;md;1418647793340;unknown;unknown;1;-1;-1;-1;-1;-1;-1
;ServiceLog;md;1418647794398;unknown;unknown;1;-1;-1;-1;-1;-1;-1
;ServiceLog;md;1418647795470;unknown;unknown;1;-1;-1;-1;-1;-1;-1
;ServiceLog;md;1418647796555;unknown;unknown;1;-1;-1;-1;-1;-1;-1
;ServiceLog;md;1418647797630;unknown;unknown;1;-1;-1;-1;-1;-1;-1
;ServiceLog;md;1418647798693;unknown;unknown;1;-1;-1;-1;-1;-1;-1
;ServiceLog;md;1418647799760;unknown;unknown;1;-1;-1;-1;-1;-1;-1
;ServiceLog;md;1418647801172;unknown;unknown;1;-1;-1;-1;-1;-1;-1
;ServiceLog;md;1418647802227;unknown;unknown;1;-1;-1;-1;-1;-1;-1
;ServiceLog;md;1418647803286;unknown;unknown;1;-1;-1;-1;-1;-1;-1
;ServiceLog;md;1418647804394;unknown;unknown;1;-1;-1;-1;-1;-1;-1
;ServiceLog;md;1418647805464;unknown;unknown;1;-1;-1;-1;-1;-1;-1
;ServiceLog;md;1418647806531;unknown;unknown;1;-1;-1;-1;-1;-1;-1
;ServiceLog;md;1418647807599;unknown;unknown;1;-1;-1;-1;-1;-1;-1
;ServiceLog;md;1418647808666;unknown;unknown;1;-1;-1;-1;-1;-1;-1
;ServiceLog;md;1418647809704;unknown;unknown;1;-1;-1;-1;-1;-1;-1
;ServiceLog;md;1418647810782;unknown;unknown;1;-1;-1;-1;-1;-1;-1
;ServiceLog;md;1418647811879;unknown;unknown;1;-1;-1;-1;-1;-1;-1
;ServiceLog;md;1418647812978;unknown;unknown;1;-1;-1;-1;-1;-1;-1
;ServiceLog;md;1418647814061;unknown;unknown;1;-1;-1;-1;-1;-1;-1
;ServiceLog;md;1418647815099;unknown;unknown;1;-1;-1;-1;-1;-1;-1
;ServiceLog;md;1418647816177;unknown;unknown;1;-1;-1;-1;-1;-1;-1
;ServiceLog;md;1418647817211;unknown;unknown;1;-1;-1;-1;-1;-1;-1
;ServiceLog;md;1418647818411;unknown;unknown;1;-1;-1;-1;-1;-1;-1
;ServiceLog;md;1418647819465;unknown;unknown;1;-1;-1;-1;-1;-1;-1
;ServiceLog;md;1418647820499;unknown;unknown;1;-1;-1;-1;-1;-1;-1
;ServiceLog;md;1418647821515;unknown;unknown;1;-1;-1;-1;-1;-1;-1
;ServiceLog;md;1418647822548;unknown;unknown;1;-1;-1;-1;-1;-1;-1
;ServiceLog;md;1418647823579;unknown;unknown;1;-1;-1;-1;-1;-1;-1
;ServiceLog;md;1418647824608;unknown;unknown;1;-1;-1;-1;-1;-1;-1
;ServiceLog;md;1418647825641;unknown;unknown;1;-1;-1;-1;-1;-1;-1
;ServiceLog;md;1418647826743;unknown;unknown;1;-1;-1;-1;-1;-1;-1
;ServiceLog;md;1418647827804;unknown;unknown;1;-1;-1;-1;-1;-1;-1
;ServiceLog;md;1418647828860;unknown;unknown;1;-1;-1;-1;-1;-1;-1
;ServiceLog;md;1418647829917;unknown;unknown;1;-1;-1;-1;-1;-1;-1
;ServiceLog;md;1418647830970;unknown;unknown;1;-1;-1;-1;-1;-1;-1
;ServiceLog;md;1418647832021;unknown;unknown;1;-1;-1;-1;-1;-1;-1
;ServiceLog;md;1418647833050;unknown;unknown;1;-1;-1;-1;-1;-1;-1
;ServiceLog;md;1418647834106;unknown;unknown;1;-1;-1;-1;-1;-1;-1
;ServiceLog;md;1418647835167;unknown;unknown;1;-1;-1;-1;-1;-1;-1
;ServiceLog;md;1418647836221;unknown;unknown;1;-1;-1;-1;-1;-1;-1
;ServiceLog;md;1418647837279;unknown;unknown;1;-1;-1;-1;-1;-1;-1
;ServiceLog;md;1418647838602;unknown;unknown;1;-1;-1;-1;-1;-1;-1
;ServiceLog;md;1418647839665;unknown;unknown;1;-1;-1;-1;-1;-1;-1
;ServiceLog;md;1418647840721;unknown;unknown;1;-1;-1;-1;-1;-1;-1
;ServiceLog;md;1418647841781;unknown;unknown;1;-1;-1;-1;-1;-1;-1
;ServiceLog;md;1418647842850;unknown;unknown;1;-1;-1;-1;-1;-1;-1
;ServiceLog;md;1418647843916;unknown;unknown;1;-1;-1;-1;-1;-1;-1
;ServiceLog;md;1418647844971;unknown;unknown;1;-1;-1;-1;-1;-1;-1
;ServiceLog;md;1418647846047;unknown;unknown;1;-1;-1;-1;-1;-1;-1
;ServiceLog;md;1418647847113;unknown;unknown;1;-1;-1;-1;-1;-1;-1
;ServiceLog;md;1418647848169;unknown;unknown;1;-1;-1;-1;-1;-1;-1
;ServiceLog;md;1418647849288;unknown;unknown;1;-1;-1;-1;-1;-1;-1
;ServiceLog;md;1418647850352;unknown;unknown;1;-1;-1;-1;-1;-1;-1
;ServiceLog;md;1418647851471;unknown;unknown;1;-1;-1;-1;-1;-1;-1
;ServiceLog;md;1418647852490;unknown;unknown;1;-1;-1;-1;-1;-1;-1
;ServiceLog;md;1418647853658;unknown;unknown;1;-1;-1;-1;-1;-1;-1
;ServiceLog;md;1418647854753;unknown;unknown;1;-1;-1;-1;-1;-1;-1
;ServiceLog;md;1418647855836;3G;UMTS;1;250;1;770;6899778;-1;-77
;ServiceLog;md;1418647856864;3G;UMTS;1;250;1;770;6899778;-1;-77
;ServiceLog;md;1418647857886;3G;UMTS;1;250;1;770;6899778;-1;-77
;ServiceLog;md;1418647858962;3G;UMTS;1;250;1;770;6899778;-1;-81
;ServiceLog;md;1418647860031;3G;UMTS;1;250;1;770;6899778;-1;-81
;ServiceLog;md;1418647861064;3G;UMTS;1;250;1;770;6899778;-1;-81
;ServiceLog;md;1418647862110;3G;UMTS;1;250;1;770;6899778;-1;-83
;ServiceLog;md;1418647863187;3G;UMTS;1;250;1;770;6899778;-1;-83
;ServiceLog;md;1418647864284;3G;UMTS;1;250;1;770;6899778;-1;-83
;ServiceLog;md;1418647865358;3G;UMTS;1;250;1;770;6899778;-1;-85
;ServiceLog;md;1418647866431;3G;UMTS;1;250;1;770;6899778;-1;-85
;ServiceLog;md;1418647867464;3G;UMTS;1;250;1;770;6899778;-1;-85
;ServiceLog;md;1418647868531;3G;UMTS;1;250;1;770;6899778;-1;-87
;ServiceLog;md;1418647869604;3G;UMTS;1;250;1;770;6894472;-1;-87
;ServiceLog;md;1418647870672;3G;UMTS;1;250;1;770;6894472;-1;-87
;ServiceLog;md;1418647871732;3G;UMTS;1;250;1;770;6894472;-1;-87
;ServiceLog;md;1418647872768;3G;UMTS;1;250;1;770;6894472;-1;-87
;ServiceLog;md;1418647873866;3G;UMTS;1;250;1;770;6894472;-1;-83
;ServiceLog;md;1418647874956;3G;UMTS;1;250;1;770;6894472;-1;-83
;ServiceLog;md;1418647876032;3G;UMTS;1;250;1;770;6894472;-1;-83
;ServiceLog;md;1418647877104;3G;UMTS;1;250;1;770;6894472;-1;-83
;ServiceLog;md;1418647878169;3G;UMTS;1;250;1;770;6894472;-1;-83
;ServiceLog;md;1418647879206;3G;UMTS;1;250;1;770;6894472;-1;-83
;ServiceLog;md;1418647880277;3G;UMTS;1;250;1;770;6894472;-1;-83
;ServiceLog;md;1418647881369;3G;UMTS;1;250;1;770;6894472;-1;-83
;ServiceLog;md;1418647882411;3G;UMTS;1;250;1;770;6894472;-1;-83
;ServiceLog;md;1418647883444;3G;UMTS;1;250;1;770;6894472;-1;-81
;ServiceLog;md;1418647884519;3G;UMTS;1;250;1;770;6894472;-1;-81
;ServiceLog;md;1418647885594;3G;UMTS;1;250;1;770;6894472;-1;-79
;ServiceLog;md;1418647886645;3G;UMTS;1;250;1;770;6894472;-1;-79
;ServiceLog;md;1418647887677;3G;UMTS;1;250;1;770;6894472;-1;-79
;ServiceLog;md;1418647888776;3G;UMTS;1;250;1;770;6894472;-1;-79
;ServiceLog;md;1418647889878;3G;UMTS;1;250;1;770;6894472;-1;-79
;ServiceLog;md;1418647890944;3G;UMTS;1;250;1;770;6894472;-1;-79
;ServiceLog;md;1418647892024;3G;UMTS;1;250;1;770;6894472;-1;-79
;ServiceLog;md;1418647893112;3G;UMTS;1;250;1;770;6894472;-1;-79
;ServiceLog;md;1418647894184;3G;UMTS;1;250;1;770;6894472;-1;-79
;ServiceLog;md;1418647895251;3G;UMTS;1;250;1;770;6894472;-1;-81
;ServiceLog;md;1418647896324;3G;UMTS;1;250;1;770;6894472;-1;-81
;ServiceLog;md;1418647897411;3G;UMTS;1;250;1;770;6894472;-1;-81
;ServiceLog;md;1418647898479;3G;UMTS;1;250;1;770;6894472;-1;-81
;ServiceLog;md;1418647899546;3G;UMTS;1;250;1;770;6894472;-1;-81
;ServiceLog;md;1418647900614;3G;UMTS;1;250;1;770;6894472;-1;-81
;ServiceLog;md;1418647901700;3G;UMTS;1;250;1;770;6894472;-1;-81
;ServiceLog;md;1418647902772;3G;UMTS;1;250;1;770;6894472;-1;-81
;ServiceLog;md;1418647903880;3G;UMTS;1;250;1;770;6894472;-1;-81
;ServiceLog;md;1418647904938;3G;UMTS;1;250;1;770;6894472;-1;-81
;ServiceLog;md;1418647905996;3G;UMTS;1;250;1;770;6894472;-1;-81
;ServiceLog;md;1418647907027;3G;UMTS;1;250;1;770;6894472;-1;-81
;ServiceLog;md;1418647908079;3G;UMTS;1;250;1;770;6894472;-1;-81
;ServiceLog;md;1418647909190;3G;UMTS;1;250;1;770;6894472;-1;-81
;ServiceLog;md;1418647910242;3G;UMTS;1;250;1;770;6894472;-1;-81
;ServiceLog;md;1418647911263;3G;UMTS;1;250;1;770;6894472;-1;-81
;ServiceLog;md;1418647912289;3G;UMTS;1;250;1;770;6893478;-1;-81
;ServiceLog;md;1418647913316;3G;UMTS;1;250;1;770;6893478;-1;-77
;ServiceLog;md;1418647914341;3G;UMTS;1;250;1;770;6893478;-1;-77
;ServiceLog;md;1418647915695;3G;UMTS;1;250;1;770;6893478;-1;-77
;ServiceLog;md;1418647916741;3G;UMTS;1;250;1;770;6893478;-1;-77
;ServiceLog;md;1418647917787;3G;HSDPA;1;250;1;770;6893478;-1;-77
;ServiceLog;md;1418647918808;3G;HSDPA;1;250;1;770;6893478;-1;-77
;ServiceLog;md;1418647919928;3G;HSDPA;1;250;1;770;6893478;-1;-77
;ServiceLog;md;1418647920966;3G;HSDPA;1;250;1;770;6893478;-1;-77
;ServiceLog;md;1418647922007;3G;HSDPA;1;250;1;770;6893478;-1;-77
;ServiceLog;md;1418647923054;3G;HSDPA;1;250;1;770;6893478;-1;-77
;ServiceLog;md;1418647924079;3G;HSDPA;1;250;1;770;6893478;-1;-77
;ServiceLog;md;1418647925114;3G;HSDPA;1;250;1;770;6893478;-1;-77
;ServiceLog;md;1418647926137;3G;HSDPA;1;250;1;770;6893478;-1;-77
;ServiceLog;md;1418647927160;3G;HSDPA;1;250;1;770;6893478;-1;-77
;ServiceLog;md;1418647928207;3G;HSDPA;1;250;1;770;6893478;-1;-77
;ServiceLog;md;1418647929252;3G;HSDPA;1;250;1;770;6893478;-1;-77
;ServiceLog;md;1418647930280;3G;HSDPA;1;250;1;770;6893478;-1;-77
;ServiceLog;md;1418647931307;3G;HSDPA;1;250;1;770;6893478;-1;-77
;ServiceLog;md;1418647932325;3G;HSDPA;1;250;1;770;6893478;-1;-77
;ServiceLog;md;1418647933350;3G;HSDPA;1;250;1;770;6893478;-1;-77
;ServiceLog;md;1418647934376;3G;HSDPA;1;250;1;770;6893478;-1;-77
;ServiceLog;md;1418647935489;3G;HSDPA;1;250;1;770;6893478;-1;-77
;ServiceLog;md;1418647936615;3G;HSDPA;1;250;1;770;6893478;-1;-77
;ServiceLog;md;1418647937659;3G;HSDPA;1;250;1;770;6893478;-1;-77
;ServiceLog;md;1418647938683;3G;HSDPA;1;250;1;770;6893478;-1;-77
;ServiceLog;md;1418647939725;3G;HSDPA;1;250;1;770;6893478;-1;-77
;ServiceLog;md;1418647940747;3G;HSDPA;1;250;1;770;6893478;-1;-77
;ServiceLog;md;1418647941773;3G;HSDPA;1;250;1;770;6893478;-1;-77
;ServiceLog;md;1418647942796;3G;HSDPA;1;250;1;770;6893478;-1;-77
;ServiceLog;md;1418647943818;3G;HSDPA;1;250;1;770;6893478;-1;-77
;ServiceLog;md;1418647944840;3G;HSDPA;1;250;1;770;6893478;-1;-77
;ServiceLog;md;1418647945867;3G;HSDPA;1;250;1;770;6893478;-1;-77
;ServiceLog;md;1418647946896;3G;HSDPA;1;250;1;770;6893478;-1;-77
;ServiceLog;md;1418647947921;3G;HSDPA;1;250;1;770;6893478;-1;-77
;ServiceLog;md;1418647948941;3G;HSDPA;1;250;1;770;6893478;-1;-77
;ServiceLog;md;1418647949964;3G;HSDPA;1;250;1;770;6893478;-1;-77
;ServiceLog;md;1418647950984;3G;UMTS;1;250;1;770;6894472;-1;-83
;ServiceLog;md;1418647952140;3G;UMTS;1;250;1;770;6894472;-1;-85
;ServiceLog;md;1418647953168;3G;UMTS;1;250;1;770;6893478;-1;-85
;ServiceLog;md;1418647954202;3G;UMTS;1;250;1;770;6893478;-1;-85
;ServiceLog;md;1418647955247;3G;UMTS;1;250;1;770;6893478;-1;-77
;ServiceLog;md;1418647956271;3G;UMTS;1;250;1;770;6893478;-1;-77
;ServiceLog;md;1418647957400;3G;UMTS;1;250;1;770;6893478;-1;-77
;ServiceLog;md;1418647958422;3G;UMTS;1;250;1;770;6893478;-1;-69
;ServiceLog;md;1418647959462;3G;UMTS;1;250;1;770;6893478;-1;-69
;ServiceLog;md;1418647960616;3G;UMTS;1;250;1;770;6893478;-1;-71
;ServiceLog;md;1418647961828;3G;UMTS;1;250;1;770;6893478;-1;-71
;ServiceLog;md;1418647962853;3G;UMTS;1;250;1;770;6893478;-1;-71
;ServiceLog;md;1418647963896;3G;UMTS;1;250;1;770;6893478;-1;-67
;ServiceLog;md;1418647964921;3G;UMTS;1;250;1;770;6893478;-1;-67
;ServiceLog;md;1418647965951;3G;UMTS;1;250;1;770;6893478;-1;-67
;ServiceLog;md;1418647966974;3G;UMTS;1;250;1;770;6893478;-1;-67
;ServiceLog;md;1418647967996;3G;UMTS;1;250;1;770;6893478;-1;-67
;ServiceLog;md;1418647969028;3G;UMTS;1;250;1;770;6893478;-1;-67
;ServiceLog;md;1418647970062;3G;UMTS;1;250;1;770;6893478;-1;-69
;ServiceLog;md;1418647971415;3G;UMTS;1;250;1;770;6893478;-1;-69
;ServiceLog;md;1418647972438;3G;UMTS;1;250;1;770;6893478;-1;-69
;ServiceLog;md;1418647973463;3G;UMTS;1;250;1;770;6893478;-1;-73
;ServiceLog;md;1418647974490;3G;UMTS;1;250;1;770;6893478;-1;-73
;ServiceLog;md;1418647975522;3G;UMTS;1;250;1;770;6893478;-1;-73
;ServiceLog;md;1418647976548;3G;UMTS;1;250;1;770;6893478;-1;-75
;ServiceLog;md;1418647977581;3G;UMTS;1;250;1;770;6893478;-1;-75
;ServiceLog;md;1418647978612;3G;UMTS;1;250;1;770;6893478;-1;-75
;ServiceLog;md;1418647979735;3G;UMTS;1;250;1;770;6893478;-1;-77
;ServiceLog;md;1418647980810;3G;UMTS;1;250;1;770;6893478;-1;-77
;ServiceLog;md;1418647981889;3G;UMTS;1;250;1;770;6893478;-1;-79
;ServiceLog;md;1418647982945;3G;UMTS;1;250;1;770;6893478;-1;-79
;ServiceLog;md;1418647983982;3G;UMTS;1;250;1;770;6893478;-1;-79
;ServiceLog;md;1418647985000;3G;UMTS;1;250;1;770;6893478;-1;-81
;ServiceLog;md;1418647985000;3G;UMTS;250-1-770-6893478;250;1;-1;-1;283;31
;ServiceLog;md;1418647985000;3G;UMTS;250-1-770-6893478;250;1;-1;-1;117;4
;ServiceLog;md;1418647986033;3G;UMTS;1;250;1;770;6893478;-1;-81
;ServiceLog;md;1418647986033;3G;UMTS;250-1-770-6893478;250;1;-1;-1;283;23
;ServiceLog;md;1418647986033;3G;UMTS;250-1-770-6893478;250;1;-1;-1;117;0
;ServiceLog;md;1418647987067;3G;UMTS;1;250;1;770;6893478;-1;-81
;ServiceLog;md;1418647987067;3G;UMTS;250-1-770-6893478;250;1;-1;-1;283;32
;ServiceLog;md;1418647987067;3G;UMTS;250-1-770-6893478;250;1;-1;-1;117;12
;ServiceLog;md;1418647988102;3G;UMTS;1;250;1;770;6893477;-1;-83
;ServiceLog;md;1418647989130;3G;UMTS;1;250;1;770;6893477;-1;-83
;ServiceLog;md;1418647990168;3G;UMTS;1;250;1;770;6893477;-1;-83
;ServiceLog;md;1418647991196;3G;UMTS;1;250;1;770;6893477;-1;-83
;ServiceLog;md;1418647992231;3G;UMTS;1;250;1;770;6893477;-1;-83
;ServiceLog;md;1418647993261;3G;UMTS;1;250;1;770;6893477;-1;-83
;ServiceLog;md;1418647994295;3G;UMTS;1;250;1;770;6893477;-1;-83
;ServiceLog;md;1418647995356;3G;UMTS;1;250;1;770;6893477;-1;-83
;ServiceLog;md;1418647996389;3G;UMTS;1;250;1;770;6893448;-1;-83
;ServiceLog;md;1418647997446;3G;UMTS;1;250;1;770;6893448;-1;-89
;ServiceLog;md;1418647998480;3G;UMTS;1;250;1;770;6893448;-1;-89
;ServiceLog;md;1418647999625;3G;UMTS;1;250;1;770;6893448;-1;-87
;ServiceLog;md;1418648000655;3G;UMTS;1;250;1;770;6893448;-1;-87
;ServiceLog;md;1418648001679;3G;UMTS;1;250;1;770;6893448;-1;-87
;ServiceLog;md;1418648002713;3G;UMTS;1;250;1;770;6892918;-1;-87
;ServiceLog;md;1418648003743;3G;UMTS;1;250;1;770;6892918;-1;-87
;ServiceLog;md;1418648004773;3G;UMTS;1;250;1;770;6892918;-1;-87
;ServiceLog;md;1418648005806;3G;UMTS;1;250;1;770;6892918;-1;-87
;ServiceLog;md;1418648006896;3G;UMTS;1;250;1;770;6892918;-1;-87
;ServiceLog;md;1418648007955;3G;UMTS;1;250;1;770;6892918;-1;-87
;ServiceLog;md;1418648009011;3G;UMTS;1;250;1;770;6892918;-1;-87
;ServiceLog;md;1418648010071;3G;UMTS;1;250;1;770;6892918;-1;-87
;ServiceLog;md;1418648011135;3G;UMTS;1;250;1;770;6892918;-1;-87
;ServiceLog;md;1418648012236;3G;UMTS;1;250;1;770;6892918;-1;0
;ServiceLog;md;1418648013333;3G;UMTS;1;250;1;770;6892918;-1;0
;ServiceLog;md;1418648014413;3G;UMTS;1;250;1;770;6892918;-1;0
;ServiceLog;md;1418648015479;3G;UMTS;1;250;1;770;6892918;-1;0
;ServiceLog;md;1418648016563;3G;UMTS;1;250;1;770;6892918;-1;0
;ServiceLog;md;1418648017657;3G;UMTS;1;250;1;770;6892918;-1;0
;ServiceLog;md;1418648018725;3G;UMTS;1;250;1;770;6892918;-1;0
;ServiceLog;md;1418648019775;3G;UMTS;1;250;1;770;6892918;-1;0
;ServiceLog;md;1418648020839;3G;UMTS;1;250;1;770;6892918;-1;0
;ServiceLog;md;1418648021896;2G;EDGE;1;250;1;770;11281;-1;0
;ServiceLog;md;1418648022917;2G;EDGE;1;250;1;770;11281;-1;0
;ServiceLog;md;1418648023948;2G;EDGE;1;250;1;770;11281;-1;0
;ServiceLog;md;1418648023948;2G;EDGE;250-1-770-11281;250;1;770;11282;-1;0
;ServiceLog;md;1418648025008;2G;EDGE;1;250;1;770;11281;-1;-79
;ServiceLog;md;1418648025008;2G;EDGE;250-1-770-11281;250;1;770;11282;-1;-95
;ServiceLog;md;1418648026079;2G;EDGE;1;250;1;770;11281;-1;-79
;ServiceLog;md;1418648026079;2G;EDGE;250-1-770-11281;250;1;770;11282;-1;-95
;ServiceLog;md;1418648027116;2G;EDGE;1;250;1;770;11281;-1;-79
;ServiceLog;md;1418648027116;2G;EDGE;250-1-770-11281;250;1;770;11282;-1;-93
;ServiceLog;md;1418648028191;2G;EDGE;1;250;1;770;11281;-1;-75
;ServiceLog;md;1418648028191;2G;EDGE;250-1-770-11281;250;1;770;11282;-1;-93
;ServiceLog;md;1418648029244;2G;EDGE;1;250;1;770;11281;-1;-75
;ServiceLog;md;1418648029244;2G;EDGE;250-1-770-11281;250;1;770;11282;-1;-93
;ServiceLog;md;1418648030274;2G;EDGE;1;250;1;770;11281;-1;-75
;ServiceLog;md;1418648030274;2G;EDGE;250-1-770-11281;250;1;770;11282;-1;-93
;ServiceLog;md;1418648031351;2G;EDGE;1;250;1;770;11281;-1;-75
;ServiceLog;md;1418648031351;2G;EDGE;250-1-770-11281;250;1;770;11282;-1;-93
;ServiceLog;md;1418648032412;2G;EDGE;1;250;1;770;11281;-1;-75
;ServiceLog;md;1418648032412;2G;EDGE;250-1-770-11281;250;1;770;11282;-1;-93
;ServiceLog;md;1418648033477;2G;EDGE;1;250;1;770;11281;-1;-71
;ServiceLog;md;1418648033477;2G;EDGE;250-1-770-11281;250;1;770;11282;-1;-91
;ServiceLog;md;1418648034547;2G;EDGE;1;250;1;770;11281;-1;-71
;ServiceLog;md;1418648034547;2G;EDGE;250-1-770-11281;250;1;770;11282;-1;-93
;ServiceLog;md;1418648035602;2G;EDGE;1;250;1;770;11281;-1;-71
;ServiceLog;md;1418648035602;2G;EDGE;250-1-770-11281;250;1;770;11282;-1;-95
;ServiceLog;md;1418648036683;2G;EDGE;1;250;1;770;11281;-1;-73
;ServiceLog;md;1418648036683;2G;EDGE;250-1-770-11281;250;1;770;11282;-1;-95
;ServiceLog;md;1418648037758;2G;EDGE;1;250;1;770;11281;-1;-73
;ServiceLog;md;1418648037758;2G;EDGE;250-1-770-11281;250;1;770;11282;-1;-97
;ServiceLog;md;1418648038820;2G;EDGE;1;250;1;770;11281;-1;-73
;ServiceLog;md;1418648038820;2G;EDGE;250-1-770-11281;250;1;770;11282;-1;-93
;ServiceLog;md;1418648039879;2G;EDGE;1;250;1;770;11281;-1;-67
;ServiceLog;md;1418648039879;2G;EDGE;250-1-770-11281;250;1;770;11282;-1;-95
;ServiceLog;md;1418648040952;2G;EDGE;1;250;1;770;11281;-1;-67
;ServiceLog;md;1418648040952;2G;EDGE;250-1-770-11281;250;1;770;11282;-1;-95
;ServiceLog;md;1418648042012;2G;EDGE;1;250;1;770;11281;-1;-67
;ServiceLog;md;1418648042012;2G;EDGE;250-1-770-11281;250;1;770;11282;-1;-93
;ServiceLog;md;1418648043064;2G;EDGE;1;250;1;770;11281;-1;-57
;ServiceLog;md;1418648043064;2G;EDGE;250-1-770-11281;250;1;770;11282;-1;-91
;ServiceLog;md;1418648044116;2G;EDGE;1;250;1;770;11281;-1;-57
;ServiceLog;md;1418648044116;2G;EDGE;250-1-770-11281;250;1;770;11282;-1;-93
;ServiceLog;md;1418648045193;2G;EDGE;1;250;1;770;11281;-1;-57
;ServiceLog;md;1418648045193;2G;EDGE;250-1-770-11281;250;1;770;11282;-1;-91
;ServiceLog;md;1418648046246;2G;EDGE;1;250;1;770;11281;-1;-57
;ServiceLog;md;1418648046246;2G;EDGE;250-1-770-11281;250;1;770;11282;-1;-95
;ServiceLog;md;1418648047341;2G;EDGE;1;250;1;770;11281;-1;-57
;ServiceLog;md;1418648047341;2G;EDGE;250-1-770-11281;250;1;770;11282;-1;-95
;ServiceLog;md;1418648048407;2G;EDGE;1;250;1;770;11281;-1;-57
;ServiceLog;md;1418648049603;2G;EDGE;1;250;1;770;11281;-1;-57
;ServiceLog;md;1418648050648;2G;EDGE;1;250;1;770;11281;-1;-57
;ServiceLog;md;1418648051740;2G;EDGE;1;250;1;770;11281;-1;-57
;ServiceLog;md;1418648052788;2G;EDGE;1;250;1;770;11281;-1;-57
;ServiceLog;md;1418648053883;2G;EDGE;1;250;1;770;11281;-1;-57
;ServiceLog;md;1418648054920;2G;EDGE;1;250;1;770;11281;-1;-57
;ServiceLog;md;1418648055989;2G;EDGE;1;250;1;770;11281;-1;-57
;ServiceLog;md;1418648057050;2G;EDGE;1;250;1;770;11281;-1;-57
;ServiceLog;md;1418648058129;2G;EDGE;1;250;1;770;11281;-1;-57
;ServiceLog;md;1418648059213;2G;EDGE;1;250;1;770;11281;-1;-57
;ServiceLog;md;1418648060293;2G;EDGE;1;250;1;770;11281;-1;-57
;ServiceLog;md;1418648061332;2G;EDGE;1;250;1;770;11281;-1;-57
;ServiceLog;md;1418648062395;2G;EDGE;1;250;1;770;11281;-1;-57
;ServiceLog;md;1418648063445;2G;EDGE;1;250;1;770;11281;-1;-57
;ServiceLog;md;1418648064510;2G;EDGE;1;250;1;770;11281;-1;-57
;ServiceLog;md;1418648065579;2G;EDGE;1;250;1;770;11281;-1;-57
;ServiceLog;md;1418648066640;2G;EDGE;1;250;1;770;11281;-1;-57
;ServiceLog;md;1418648067718;2G;EDGE;1;250;1;770;11281;-1;-57
;ServiceLog;md;1418648068782;2G;EDGE;1;250;1;770;11281;-1;-57
;ServiceLog;md;1418648069866;2G;EDGE;1;250;1;770;11281;-1;-57
;ServiceLog;md;1418648070936;2G;EDGE;1;250;1;770;11281;-1;-57
;ServiceLog;md;1418648071987;2G;EDGE;1;250;1;770;11281;-1;-57
;ServiceLog;md;1418648073048;2G;EDGE;1;250;1;770;11281;-1;-57
;ServiceLog;md;1418648074113;2G;EDGE;1;250;1;770;11281;-1;-57
;ServiceLog;md;1418648075178;2G;EDGE;1;250;1;770;11281;-1;-57
;ServiceLog;md;1418648076717;2G;EDGE;1;250;1;770;11281;-1;-57
;ServiceLog;md;1418648077793;2G;EDGE;1;250;1;770;11281;-1;-57
;ServiceLog;md;1418648078862;2G;EDGE;1;250;1;770;11281;-1;-57
;ServiceLog;md;1418648079936;2G;EDGE;1;250;1;770;11281;-1;-57
;ServiceLog;md;1418648080999;2G;EDGE;1;250;1;770;11281;-1;-57
;ServiceLog;md;1418648082074;2G;EDGE;1;250;1;770;11281;-1;-57
;ServiceLog;md;1418648083170;2G;EDGE;1;250;1;770;11281;-1;-57
;ServiceLog;md;1418648084281;2G;EDGE;1;250;1;770;11281;-1;-57
;ServiceLog;md;1418648085361;2G;EDGE;1;250;1;770;11281;-1;-57
;ServiceLog;md;1418648086444;2G;EDGE;1;250;1;770;11281;-1;-57
;ServiceLog;md;1418648087522;2G;EDGE;1;250;1;770;11281;-1;-57
;ServiceLog;md;1418648088610;2G;EDGE;1;250;1;770;11281;-1;-57
;ServiceLog;md;1418648089670;2G;EDGE;1;250;1;770;11281;-1;-57
;ServiceLog;md;1418648090706;2G;EDGE;1;250;1;770;11281;-1;-57
;ServiceLog;md;1418648091770;2G;EDGE;1;250;1;770;11281;-1;-57
;ServiceLog;md;1418648092836;2G;EDGE;1;250;1;770;11281;-1;-57
;ServiceLog;md;1418648093859;2G;EDGE;1;250;1;770;11281;-1;-57
;ServiceLog;md;1418648094895;2G;EDGE;1;250;1;770;11281;-1;-57
;ServiceLog;md;1418648095954;2G;EDGE;1;250;1;770;11281;-1;-57
;ServiceLog;md;1418648097037;2G;EDGE;1;250;1;770;11281;-1;-57
;ServiceLog;md;1418648098102;2G;EDGE;1;250;1;770;11281;-1;-57
;ServiceLog;md;1418648099139;2G;EDGE;1;250;1;770;11281;-1;-57
;ServiceLog;md;1418648100171;2G;EDGE;1;250;1;770;11281;-1;-57
;ServiceLog;md;1418648101205;2G;EDGE;1;250;1;770;11281;-1;-57
;ServiceLog;md;1418648102238;2G;EDGE;1;250;1;770;11281;-1;-57
;ServiceLog;md;1418648103274;2G;EDGE;1;250;1;770;11281;-1;-57
;ServiceLog;md;1418648104336;2G;EDGE;1;250;1;770;11281;-1;-57
;ServiceLog;md;1418648105392;2G;EDGE;1;250;1;770;11281;-1;-57
;ServiceLog;md;1418648106981;2G;EDGE;1;250;1;770;11281;-1;-57
;ServiceLog;md;1418648108016;2G;EDGE;1;250;1;770;11281;-1;-57
;ServiceLog;md;1418648109083;2G;EDGE;1;250;1;770;11281;-1;-57
;ServiceLog;md;1418648110129;2G;EDGE;1;250;1;770;11281;-1;-57
;ServiceLog;md;1418648111154;2G;EDGE;1;250;1;770;11281;-1;-57
;ServiceLog;md;1418648112180;2G;EDGE;1;250;1;770;11281;-1;-57
;ServiceLog;md;1418648113209;2G;EDGE;1;250;1;770;11281;-1;-57
;ServiceLog;md;1418648114235;2G;EDGE;1;250;1;770;11281;-1;-57
;ServiceLog;md;1418648115269;2G;EDGE;1;250;1;770;11281;-1;-95
;ServiceLog;md;1418648116503;2G;EDGE;1;250;1;770;11281;-1;-95
;ServiceLog;md;1418648117520;2G;EDGE;1;250;1;770;11281;-1;-97
;ServiceLog;md;1418648118546;2G;EDGE;1;250;1;770;11281;-1;-97
;ServiceLog;md;1418648119568;2G;EDGE;1;250;1;770;11281;-1;-97
;ServiceLog;md;1418648120584;2G;EDGE;1;250;1;770;11281;-1;-99
;ServiceLog;md;1418648121613;2G;EDGE;1;250;1;770;11281;-1;-99
;ServiceLog;md;1418648122667;2G;EDGE;1;250;1;770;11273;-1;-101
;ServiceLog;md;1418648123716;2G;EDGE;1;250;1;770;11273;-1;-101
;ServiceLog;md;1418648124780;2G;EDGE;1;250;1;770;11273;-1;-101
