ID;Name;User;TimeStamp;NetworkGen;NetworkType;Active;MCC;MNC;LAC;CID;PSC;Power
1003;Ленинский проспект 3;md;1418647224381;2G;EDGE;1;250;1;770;543;-1;-77
1004;Ленинский проспект 4;md;1418647236830;2G;EDGE;1;250;1;770;543;-1;-81
991;Шаболовская 1;md;1418647375044;unknown;unknown;1;-1;-1;-1;-1;-1;-1
992;Шаболовская 2;md;1418647391317;2G;EDGE;1;250;1;770;543;-1;-61
993;Шаболовская 3;md;1418647416949;2G;EDGE;1;250;1;770;543;-1;-77
994;Шаболовская 4;md;1418647428575;2G;EDGE;1;250;1;770;543;-1;-79
981;Октябрьская (КРЛ) 1;md;1418647502793;unknown;unknown;1;-1;-1;-1;-1;-1;-1
982;Октябрьская (КРЛ) 2;md;1418647519151;2G;EDGE;1;250;1;770;43241;-1;0
983;Октябрьская (КРЛ) 3;md;1418647553698;2G;EDGE;1;250;1;770;43241;-1;-81
984;Октябрьская (КРЛ) 4;md;1418647564193;3G;UMTS;1;250;1;770;6899779;-1;-73
971;Третьяковская (КРЛ) 1;md;1418647674964;unknown;unknown;1;-1;-1;-1;-1;-1;-1
972;Третьяковская (КРЛ) 2;md;1418647692113;unknown;unknown;1;-1;-1;-1;-1;-1;-1
973;Третьяковская (КРЛ) 3;md;1418647721340;2G;EDGE;1;250;1;770;513;-1;-83
974;Третьяковская (КРЛ) 4;md;1418647732530;2G;EDGE;1;250;1;770;513;-1;-69
961;Китай-город (КРЛ) 1;md;1418647850826;unknown;unknown;1;-1;-1;-1;-1;-1;-1
962;Китай-город (КРЛ) 2;md;1418647868151;3G;UMTS;1;250;1;770;6899778;-1;-87
2273;Китай-город (ТКЛ) 3;md;1418647941833;3G;HSDPA;1;250;1;770;6893478;-1;-77
2274;Китай-город (ТКЛ) 4;md;1418647954050;3G;UMTS;1;250;1;770;6893478;-1;-85
1181;Кузнецкий мост 1;md;1418647994044;3G;UMTS;1;250;1;770;6893477;-1;-83
1182;Кузнецкий мост 2;md;1418648008049;3G;UMTS;1;250;1;770;6892918;-1;-87
1183;Кузнецкий мост 3;md;1418648028294;2G;EDGE;1;250;1;770;11281;-1;-75
1183;Кузнецкий мост 3;md;1418648028294;2G;EDGE;250-1-770-11281;250;1;770;11282;-1;-93
1184;Кузнецкий мост 4;md;1418648040768;2G;EDGE;1;250;1;770;11281;-1;-67
1184;Кузнецкий мост 4;md;1418648040768;2G;EDGE;250-1-770-11281;250;1;770;11282;-1;-95
1191;Пушкинская 1;md;1418648109648;2G;EDGE;1;250;1;770;11281;-1;-57
1192;Пушкинская 2;md;1418648121701;2G;EDGE;1;250;1;770;11281;-1;-99
