ID;Name;User;TimeStamp;NetworkGen;NetworkType;Active;MCC;MNC;LAC;CID;PSC;Power
103;Пушкинская 3;Stanislav;1435667109561;3G;HSPA;1;250;1;100;65539627;508;-79
103;Пушкинская 3;Stanislav;1435667109561;3G;HSPA;250-1-100-65539627;-1;-1;-1;-1;508;-79
104;Пушкинская 4;Stanislav;1435667120276;3G;HSPA;1;250;1;100;65539627;508;-79
104;Пушкинская 4;Stanislav;1435667120276;3G;HSPA;250-1-100-65539627;-1;-1;-1;-1;508;-81
91;Технологический институт (крас) 1;Stanislav;1435667192772;3G;HSPA;1;250;1;100;65539617;498;-105
92;Технологический институт (крас) 2;Stanislav;1435667210898;3G;HSPA;1;250;1;100;65539617;498;-97
92;Технологический институт (крас) 2;Stanislav;1435667210898;3G;HSPA;250-1-100-65539617;-1;-1;-1;-1;498;-91
93;Технологический институт (крас) 3;Stanislav;1435667235468;3G;HSPA;1;250;1;100;65569617;498;-81
93;Технологический институт (крас) 3;Stanislav;1435667235468;3G;HSPA;250-1-100-65569617;-1;-1;-1;-1;498;-89
94;Технологический институт (крас) 4;Stanislav;1435667249247;3G;HSPA;1;250;1;100;65569617;498;-87
94;Технологический институт (крас) 4;Stanislav;1435667249247;3G;HSPA;250-1-100-65569617;-1;-1;-1;-1;498;-95
81;Балтийская 1;Stanislav;1435667326357;3G;HSPA;1;250;1;100;65539637;509;-67
81;Балтийская 1;Stanislav;1435667326357;3G;HSPA;250-1-100-65539637;-1;-1;-1;-1;509;-73
82;Балтийская 2;Stanislav;1435667343411;3G;HSPA;1;250;1;100;65539637;509;-81
82;Балтийская 2;Stanislav;1435667343411;3G;HSPA;250-1-100-65539637;-1;-1;-1;-1;509;-81
83;Балтийская 3;Stanislav;1435667360435;3G;HSPA;1;250;1;100;65539637;509;-73
83;Балтийская 3;Stanislav;1435667360435;3G;HSPA;250-1-100-65539637;-1;-1;-1;-1;509;-75
84;Балтийская 4;Stanislav;1435667372691;3G;HSPA;1;250;1;100;65539637;509;-73
84;Балтийская 4;Stanislav;1435667372691;3G;HSPA;250-1-100-65539637;-1;-1;-1;-1;509;-79
71;Нарвская 1;Stanislav;1435667494175;unknown;unknown;1;250;2;7803;8321285;63;-53
72;Нарвская 2;Stanislav;1435667511524;3G;HSPA;1;250;1;100;65569647;500;-95
72;Нарвская 2;Stanislav;1435667511524;3G;HSPA;250-1-100-65569647;-1;-1;-1;-1;500;-79
73;Нарвская 3;Stanislav;1435667534169;3G;HSPA;1;250;1;100;65569647;500;-77
73;Нарвская 3;Stanislav;1435667534169;3G;HSPA;250-1-100-65569647;-1;-1;-1;-1;500;-77
74;Нарвская 4;Stanislav;1435667545663;3G;HSPA;1;250;1;100;65569647;500;-89
74;Нарвская 4;Stanislav;1435667545663;3G;HSPA;250-1-100-65569647;-1;-1;-1;-1;500;-89
61;Кировский завод 1;Stanislav;1435667707963;3G;HSPA;1;250;1;100;65540067;496;-59
61;Кировский завод 1;Stanislav;1435667707963;3G;HSPA;250-1-100-65540067;-1;-1;-1;-1;496;-69
61;Кировский завод 1;Stanislav;1435667707963;3G;HSPA;250-1-100-65540067;-1;-1;-1;-1;-1;-111
61;Кировский завод 1;Stanislav;1435667707963;3G;HSPA;250-1-100-65540067;-1;-1;-1;-1;-1;-113
62;Кировский завод 2;Stanislav;1435667726247;3G;HSPA;1;250;1;100;65540067;496;-79
62;Кировский завод 2;Stanislav;1435667726247;3G;HSPA;250-1-100-65540067;-1;-1;-1;-1;496;-71
62;Кировский завод 2;Stanislav;1435667726247;3G;HSPA;250-1-100-65540067;-1;-1;-1;-1;-1;-111
62;Кировский завод 2;Stanislav;1435667726247;3G;HSPA;250-1-100-65540067;-1;-1;-1;-1;-1;-113
63;Кировский завод 3;Stanislav;1435667744890;3G;HSPA;1;250;1;100;65540067;496;-69
63;Кировский завод 3;Stanislav;1435667744890;3G;HSPA;250-1-100-65540067;-1;-1;-1;-1;496;-71
63;Кировский завод 3;Stanislav;1435667744890;3G;HSPA;250-1-100-65540067;-1;-1;-1;-1;-1;-111
63;Кировский завод 3;Stanislav;1435667744890;3G;HSPA;250-1-100-65540067;-1;-1;-1;-1;-1;-113
64;Кировский завод 4;Stanislav;1435667757112;3G;HSPA;1;250;1;100;65540067;496;-83
64;Кировский завод 4;Stanislav;1435667757112;3G;HSPA;250-1-100-65540067;-1;-1;-1;-1;496;-75
64;Кировский завод 4;Stanislav;1435667757112;3G;HSPA;250-1-100-65540067;-1;-1;-1;-1;-1;-111
64;Кировский завод 4;Stanislav;1435667757112;3G;HSPA;250-1-100-65540067;-1;-1;-1;-1;-1;-113
51;Автово 1;Stanislav;1435667839847;3G;HSPA;1;250;1;100;65539657;-1;-89
51;Автово 1;Stanislav;1435667839847;3G;HSPA;250-1-100-65539657;-1;-1;-1;-1;-1;-87
52;Автово 2;Stanislav;1435667857097;3G;HSPA;1;250;1;100;65539657;-1;-81
52;Автово 2;Stanislav;1435667857097;3G;HSPA;250-1-100-65539657;-1;-1;-1;-1;-1;-85
53;Автово 3;Stanislav;1435667874946;3G;HSPA;1;250;1;100;65539657;-1;-73
53;Автово 3;Stanislav;1435667874946;3G;HSPA;250-1-100-65539657;-1;-1;-1;-1;-1;-75
54;Автово 4;Stanislav;1435667886823;3G;HSPA;1;250;1;100;65539657;-1;-77
54;Автово 4;Stanislav;1435667886823;3G;HSPA;250-1-100-65539657;-1;-1;-1;-1;-1;-71
41;Ленинский проспект 1;Stanislav;1435668013293;3G;HSPA;1;250;1;100;65540077;508;-87
42;Ленинский проспект 2;Stanislav;1435668031503;3G;HSPA;1;250;1;100;65570077;508;-73
42;Ленинский проспект 2;Stanislav;1435668031503;3G;HSPA;250-1-100-65570077;-1;-1;-1;-1;508;-85
43;Ленинский проспект 3;Stanislav;1435668054538;3G;HSPA;1;250;1;100;65570077;508;-77
43;Ленинский проспект 3;Stanislav;1435668054538;3G;HSPA;250-1-100-65570077;-1;-1;-1;-1;508;-83
44;Ленинский проспект 4;Stanislav;1435668066737;3G;HSPA;1;250;1;100;65570077;508;-81
44;Ленинский проспект 4;Stanislav;1435668066737;3G;HSPA;250-1-100-65570077;-1;-1;-1;-1;508;-81
31;Проспект Ветеранов 1;Stanislav;1435668167652;unknown;unknown;1;250;2;7803;8294921;34;-53
32;Проспект Ветеранов 2;Stanislav;1435668189183;3G;HSPA;1;250;1;100;65539667;501;-85
32;Проспект Ветеранов 2;Stanislav;1435668189183;3G;HSPA;250-1-100-65539667;-1;-1;-1;-1;501;-83
