ID;Name;User;TimeStamp;Type;Accel_X;Accel_Y;Accel_Z;Azimuth;Pitch;Roll;Magnetic_X;Magnetic_Y;Magnetic_Z;Gyro_X;Gyro_Y;Gyro_Z;GPS_Lat;GPS_Lon;GPS_Alt;GPS_Accuracy;GPS_Speed;GPS_Bearing
103;Пушкинская 3;Stanislav;1435667109561;Raw;-0.39226598;5.3348174;9.100571;337.73438;-30.328125;-2.0625;8.75;4.6875;-25.25;NaN;NaN;NaN;NaN;NaN;NaN;NaN;NaN;NaN
104;Пушкинская 4;Stanislav;1435667120276;Raw;-0.6276256;6.590069;8.551398;105.21875;-39.078125;-3.078125;-3.6875;20.5;23.4375;NaN;NaN;NaN;NaN;NaN;NaN;NaN;NaN;NaN
91;Технологический институт (крас) 1;Stanislav;1435667192772;Raw;0.3138128;2.432049;10.159689;101.109375;-12.640625;0.8125;-74.5;-34.0;-28.5625;NaN;NaN;NaN;NaN;NaN;NaN;NaN;NaN;NaN
92;Технологический институт (крас) 2;Stanislav;1435667210898;Raw;-0.1176798;2.0397832;10.1989155;145.0;-11.265625;-0.59375;-2.4375;-8.25;-19.125;NaN;NaN;NaN;NaN;NaN;NaN;NaN;NaN;NaN
93;Технологический институт (крас) 3;Stanislav;1435667235468;Raw;0.4314926;3.2950344;10.120462;71.109375;-19.15625;4.421875;-30.625;3.75;-13.4375;NaN;NaN;NaN;NaN;NaN;NaN;NaN;NaN;NaN
94;Технологический институт (крас) 4;Stanislav;1435667249247;Raw;-0.5491724;2.6674087;10.002783;75.15625;-14.828125;-1.796875;-34.5;3.4375;-8.6875;NaN;NaN;NaN;NaN;NaN;NaN;NaN;NaN;NaN
81;Балтийская 1;Stanislav;1435667326357;Raw;-1.3337044;4.118793;9.45361;121.203125;-23.75;-6.171875;-26.375;-19.0;-11.875;NaN;NaN;NaN;NaN;NaN;NaN;NaN;NaN;NaN
82;Балтийская 2;Stanislav;1435667343411;Raw;-0.8237586;3.6873002;9.68897;176.40625;-21.9375;-4.65625;-2.75;-25.25;20.875;NaN;NaN;NaN;NaN;NaN;NaN;NaN;NaN;NaN
83;Балтийская 3;Stanislav;1435667360435;Raw;-0.5099458;2.7850885;10.120462;168.04688;-15.65625;-3.53125;-10.25;-24.0625;17.6875;NaN;NaN;NaN;NaN;NaN;NaN;NaN;NaN;NaN
84;Балтийская 4;Stanislav;1435667372691;Raw;-0.2353596;2.0790098;10.708861;327.76563;-9.5;-0.8125;6.9375;16.0625;34.5625;NaN;NaN;NaN;NaN;NaN;NaN;NaN;NaN;NaN
71;Нарвская 1;Stanislav;1435667494175;Raw;-1.7651969;1.8044236;9.963556;152.09375;-12.234375;-11.296875;-7.125;-38.75;-40.0;NaN;NaN;NaN;NaN;NaN;NaN;NaN;NaN;NaN
72;Нарвская 2;Stanislav;1435667511524;Raw;0.1569064;1.9613299;10.277369;146.5625;-10.015625;-3.328125;-4.4375;-14.75;-19.0;NaN;NaN;NaN;NaN;NaN;NaN;NaN;NaN;NaN
73;Нарвская 3;Stanislav;1435667534169;Raw;0.2745862;1.4121575;10.1989155;168.10938;-7.40625;2.515625;-13.3125;-54.0625;-21.3125;NaN;NaN;NaN;NaN;NaN;NaN;NaN;NaN;NaN
74;Нарвская 4;Stanislav;1435667545663;Raw;-0.1569064;1.2552512;10.551955;193.875;-7.0625;0.140625;11.25;-73.4375;22.3125;NaN;NaN;NaN;NaN;NaN;NaN;NaN;NaN;NaN
61;Кировский завод 1;Stanislav;1435667707963;Raw;-0.35303938;1.5690639;10.159689;90.890625;-9.078125;-1.515625;-9.0;4.5625;35.3125;NaN;NaN;NaN;NaN;NaN;NaN;NaN;NaN;NaN
62;Кировский завод 2;Stanislav;1435667726247;Raw;0.0392266;1.7259704;9.92433;26.671875;-8.625;1.0;-7.0625;11.375;-23.5;NaN;NaN;NaN;NaN;NaN;NaN;NaN;NaN;NaN
63;Кировский завод 3;Stanislav;1435667744890;Raw;0.0392266;1.4513842;10.434276;40.8125;-8.25;0.59375;-13.0;10.125;-14.9375;NaN;NaN;NaN;NaN;NaN;NaN;NaN;NaN;NaN
64;Кировский завод 4;Stanislav;1435667757112;Raw;-0.35303938;0.5099458;10.159689;75.234375;-2.859375;-1.9375;-22.125;1.3125;-29.3125;NaN;NaN;NaN;NaN;NaN;NaN;NaN;NaN;NaN
51;Автово 1;Stanislav;1435667839847;Raw;-2.432049;3.3734875;10.002783;103.34375;-18.109375;-12.953125;-47.9375;-6.25;-35.75;NaN;NaN;NaN;NaN;NaN;NaN;NaN;NaN;NaN
52;Автово 2;Stanislav;1435667857097;Raw;-0.2745862;3.216581;9.963556;62.390625;-17.265625;-3.015625;-27.875;5.0;-32.875;NaN;NaN;NaN;NaN;NaN;NaN;NaN;NaN;NaN
53;Автово 3;Stanislav;1435667874946;Raw;0.39226598;2.4712758;10.081236;54.859375;-14.015625;1.84375;-32.1875;11.5;-21.875;NaN;NaN;NaN;NaN;NaN;NaN;NaN;NaN;NaN
54;Автово 4;Stanislav;1435667886823;Raw;-0.4707192;3.1381278;10.551955;100.984375;-16.546875;-2.40625;-28.125;-11.375;-21.1875;NaN;NaN;NaN;NaN;NaN;NaN;NaN;NaN;NaN
41;Ленинский проспект 1;Stanislav;1435668013293;Raw;-0.4707192;2.745862;10.473502;150.6875;-15.03125;-2.546875;-17.5625;-41.0625;3.125;NaN;NaN;NaN;NaN;NaN;NaN;NaN;NaN;NaN
42;Ленинский проспект 2;Stanislav;1435668031503;Raw;0.1569064;2.5105023;10.473502;159.03125;-13.984375;1.453125;-18.5;-57.125;-3.875;NaN;NaN;NaN;NaN;NaN;NaN;NaN;NaN;NaN
43;Ленинский проспект 3;Stanislav;1435668054538;Raw;0.35303938;2.7066352;10.120462;152.23438;-14.53125;2.765625;-35.5;-51.1875;25.3125;NaN;NaN;NaN;NaN;NaN;NaN;NaN;NaN;NaN
44;Ленинский проспект 4;Stanislav;1435668066737;Raw;0.3138128;2.4712758;10.042009;137.82813;-14.53125;1.875;-33.75;-37.0625;25.25;NaN;NaN;NaN;NaN;NaN;NaN;NaN;NaN;NaN
31;Проспект Ветеранов 1;Stanislav;1435668167652;Raw;-0.35303938;3.6480737;10.042009;50.515625;-19.890625;-1.8125;-12.375;-11.25;-40.125;NaN;NaN;NaN;NaN;NaN;NaN;NaN;NaN;NaN
32;Проспект Ветеранов 2;Stanislav;1435668189183;Raw;-0.0784532;2.4712758;10.316595;3.8125;-12.75;-0.59375;-0.0625;23.1875;-14.875;NaN;NaN;NaN;NaN;NaN;NaN;NaN;NaN;NaN
