ID;Name;User;TimeStamp;NetworkGen;NetworkType;Active;MCC;MNC;LAC;CID;PSC;Power
943;Комендантский проспект 3;Stanislav;1435665841419;3G;HSPA;1;250;1;100;65570147;500;-71
943;Комендантский проспект 3;Stanislav;1435665841419;3G;HSPA;250-1-100-65570147;-1;-1;-1;-1;500;-75
944;Комендантский проспект 4;Stanislav;1435665854274;3G;HSPA;1;250;1;100;65570147;500;-65
944;Комендантский проспект 4;Stanislav;1435665854274;3G;HSPA;250-1-100-65570147;-1;-1;-1;-1;500;-67
931;Старая деревня 1;Stanislav;1435666012149;unknown;unknown;1;250;2;7803;8291712;288;-51
932;Старая деревня 2;Stanislav;1435666029406;3G;HSPA;1;250;1;100;65539967;505;-81
933;Старая деревня 3;Stanislav;1435666059046;3G;HSPA;1;250;1;100;65569967;505;-91
933;Старая деревня 3;Stanislav;1435666059046;3G;HSPA;250-1-100-65569967;-1;-1;-1;-1;505;-93
934;Старая деревня 4;Stanislav;1435666075821;3G;HSPA;1;250;1;100;65569967;505;-73
934;Старая деревня 4;Stanislav;1435666075821;3G;HSPA;250-1-100-65569967;-1;-1;-1;-1;505;-91
921;Крестовский остров 1;Stanislav;1435666180450;unknown;unknown;1;250;99;14764;90349558;235;-77
921;Крестовский остров 1;Stanislav;1435666180450;unknown;unknown;250-99-14764-90349558;-1;-1;-1;-1;235;-87
922;Крестовский остров 2;Stanislav;1435666200053;3G;HSPA;1;250;1;100;65539957;389;-93
922;Крестовский остров 2;Stanislav;1435666200053;3G;HSPA;250-1-100-65539957;-1;-1;-1;-1;389;-93
923;Крестовский остров 3;Stanislav;1435666226623;3G;HSPA;1;250;1;100;65539957;389;-93
923;Крестовский остров 3;Stanislav;1435666226623;3G;HSPA;250-1-100-65539957;-1;-1;-1;-1;389;-91
924;Крестовский остров 4;Stanislav;1435666238454;3G;HSPA;1;250;1;100;65539957;389;-99
924;Крестовский остров 4;Stanislav;1435666238454;3G;HSPA;250-1-100-65539957;-1;-1;-1;-1;389;-93
911;Чкаловская 1;Stanislav;1435666391859;3G;HSPA;1;250;1;100;65569947;500;-91
911;Чкаловская 1;Stanislav;1435666391859;3G;HSPA;250-1-100-65569947;-1;-1;-1;-1;500;-101
912;Чкаловская 2;Stanislav;1435666408825;3G;HSPA;1;250;1;100;65569947;500;-91
912;Чкаловская 2;Stanislav;1435666408825;3G;HSPA;250-1-100-65569947;-1;-1;-1;-1;500;-97
913;Чкаловская 3;Stanislav;1435666432629;3G;HSPA;1;250;1;100;65569947;500;-95
913;Чкаловская 3;Stanislav;1435666432629;3G;HSPA;250-1-100-65569947;-1;-1;-1;-1;500;-95
914;Чкаловская 4;Stanislav;1435666444173;3G;HSPA;1;250;1;100;65569947;500;-85
914;Чкаловская 4;Stanislav;1435666444173;3G;HSPA;250-1-100-65569947;-1;-1;-1;-1;500;-93
901;Спортивная 1;Stanislav;1435666502007;3G;HSPA;1;250;1;100;65539937;504;-55
902;Спортивная 2;Stanislav;1435666520902;3G;HSPA;1;250;1;100;65539937;504;-87
902;Спортивная 2;Stanislav;1435666520902;3G;HSPA;250-1-100-65539937;-1;-1;-1;-1;504;-95
903;Спортивная 3;Stanislav;1435666543824;3G;HSPA;1;250;1;100;65539937;504;-97
903;Спортивная 3;Stanislav;1435666543824;3G;HSPA;250-1-100-65539937;-1;-1;-1;-1;504;-103
904;Спортивная 4;Stanislav;1435666554922;3G;HSPA;1;250;1;100;65539937;504;-81
904;Спортивная 4;Stanislav;1435666554922;3G;HSPA;250-1-100-65539937;-1;-1;-1;-1;504;-83
891;Адмиралтейская 1;Stanislav;1435666704345;unknown;unknown;1;250;2;7803;8321271;494;-85
891;Адмиралтейская 1;Stanislav;1435666704345;unknown;unknown;250-2-7803-8321271;-1;-1;-1;-1;494;-75
891;Адмиралтейская 1;Stanislav;1435666704345;unknown;unknown;250-2-7803-8321271;-1;-1;-1;-1;156;-101
891;Адмиралтейская 1;Stanislav;1435666704345;unknown;unknown;250-2-7803-8321271;-1;-1;-1;-1;494;-87
891;Адмиралтейская 1;Stanislav;1435666704345;unknown;unknown;250-2-7803-8321271;-1;-1;-1;-1;497;-87
891;Адмиралтейская 1;Stanislav;1435666704345;unknown;unknown;250-2-7803-8321271;-1;-1;-1;-1;-1;-57
891;Адмиралтейская 1;Stanislav;1435666704345;unknown;unknown;250-2-7803-8321271;-1;-1;-1;-1;-1;-107
891;Адмиралтейская 1;Stanislav;1435666704345;unknown;unknown;250-2-7803-8321271;-1;-1;-1;-1;-1;-113
891;Адмиралтейская 1;Stanislav;1435666704345;unknown;unknown;250-2-7803-8321271;-1;-1;-1;-1;-1;-113
891;Адмиралтейская 1;Stanislav;1435666704345;unknown;unknown;250-2-7803-8321271;-1;-1;-1;-1;-1;-113
892;Адмиралтейская 2;Stanislav;1435666724841;unknown;unknown;1;250;2;7803;8321271;494;-63
893;Адмиралтейская 3;Stanislav;1435666754788;3G;HSPA;1;250;1;100;65539187;360;-93
894;Адмиралтейская 4;Stanislav;1435666765639;3G;HSPA;1;250;1;100;65539187;360;-87
894;Адмиралтейская 4;Stanislav;1435666765639;3G;HSPA;250-1-100-65539187;-1;-1;-1;-1;360;-85
881;Садовая 1;Stanislav;1435666828029;unknown;unknown;1;-1;-1;-1;-1;-1;0
882;Садовая 2;Stanislav;1435666846177;unknown;unknown;1;250;2;7803;8302837;17;-93
882;Садовая 2;Stanislav;1435666846177;unknown;unknown;250-2-7803-8302837;-1;-1;-1;-1;16;-97
883;Садовая 3;Stanislav;1435666884208;3G;HSPA;1;250;1;100;65539907;-1;-83
883;Садовая 3;Stanislav;1435666884208;3G;HSPA;250-1-100-65539907;-1;-1;-1;-1;-1;-77
884;Садовая 4;Stanislav;1435666895531;3G;HSPA;1;250;1;100;65539907;-1;-75
884;Садовая 4;Stanislav;1435666895531;3G;HSPA;250-1-100-65539907;-1;-1;-1;-1;-1;-73
871;Звенигородская 1;Stanislav;1435666971670;3G;HSPA;1;250;1;100;65569897;500;-51
871;Звенигородская 1;Stanislav;1435666971670;3G;HSPA;250-1-100-65569897;-1;-1;-1;-1;500;-69
872;Звенигородская 2;Stanislav;1435666988364;3G;HSPA;1;250;1;100;65569897;500;-81
872;Звенигородская 2;Stanislav;1435666988364;3G;HSPA;250-1-100-65569897;-1;-1;-1;-1;500;-85
