ID;Name;User;TimeStamp;Type;Accel_X;Accel_Y;Accel_Z;Azimuth;Pitch;Roll;Magnetic_X;Magnetic_Y;Magnetic_Z;Gyro_X;Gyro_Y;Gyro_Z;GPS_Lat;GPS_Lon;GPS_Alt;GPS_Accuracy;GPS_Speed;GPS_Bearing
943;Комендантский проспект 3;Stanislav;1435665841419;Raw;-0.1569064;6.433162;8.551398;322.39063;-34.90625;-2.09375;28.5;9.625;-40.3125;NaN;NaN;NaN;NaN;NaN;NaN;NaN;NaN;NaN
944;Комендантский проспект 4;Stanislav;1435665854274;Raw;-0.19613299;5.5309505;8.825985;330.5;-32.15625;-3.359375;5.375;21.9375;16.0;NaN;NaN;NaN;NaN;NaN;NaN;NaN;NaN;NaN
931;Старая деревня 1;Stanislav;1435666012149;Raw;0.5491724;7.021561;8.276813;75.328125;-40.28125;2.96875;0.1875;45.5;51.375;NaN;NaN;NaN;NaN;NaN;NaN;NaN;NaN;NaN
932;Старая деревня 2;Stanislav;1435666029406;Raw;6.9038815;1.0983448;7.8453197;12.078125;-5.6875;42.328125;14.0;18.875;22.0;NaN;NaN;NaN;NaN;NaN;NaN;NaN;NaN;NaN
933;Старая деревня 3;Stanislav;1435666059046;Raw;5.962443;2.0397832;8.355266;338.54688;-11.203125;34.703125;15.5;17.0;16.5625;NaN;NaN;NaN;NaN;NaN;NaN;NaN;NaN;NaN
934;Старая деревня 4;Stanislav;1435666075821;Raw;6.1193495;2.2359161;7.4138274;306.3125;-13.09375;38.328125;54.5;20.0;65.3125;NaN;NaN;NaN;NaN;NaN;NaN;NaN;NaN;NaN
921;Крестовский остров 1;Stanislav;1435666180450;Raw;0.9414384;6.0408964;7.60996;99.21875;-38.171875;3.546875;-79.9375;31.125;74.3125;NaN;NaN;NaN;NaN;NaN;NaN;NaN;NaN;NaN
922;Крестовский остров 2;Stanislav;1435666200053;Raw;4.903325;-0.8237586;9.335931;68.8125;6.78125;25.859375;-58.375;29.625;36.125;NaN;NaN;NaN;NaN;NaN;NaN;NaN;NaN;NaN
923;Крестовский остров 3;Stanislav;1435666226623;Raw;5.1386843;0.3138128;9.061344;76.390625;-2.625;28.40625;-58.9375;11.25;69.125;NaN;NaN;NaN;NaN;NaN;NaN;NaN;NaN;NaN
924;Крестовский остров 4;Stanislav;1435666238454;Raw;5.491724;-0.1569064;9.061344;72.3125;4.03125;27.859375;-75.0;28.0625;30.625;NaN;NaN;NaN;NaN;NaN;NaN;NaN;NaN;NaN
911;Чкаловская 1;Stanislav;1435666391859;Raw;1.6082906;5.2563643;8.8652115;96.671875;-30.234375;8.875;-64.875;19.5625;61.125;NaN;NaN;NaN;NaN;NaN;NaN;NaN;NaN;NaN
912;Чкаловская 2;Stanislav;1435666408825;Raw;5.3348174;1.2552512;8.512172;62.375;-7.125;31.796875;-63.875;31.375;-1.625;NaN;NaN;NaN;NaN;NaN;NaN;NaN;NaN;NaN
913;Чкаловская 3;Stanislav;1435666432629;Raw;6.668522;1.7259704;8.002226;60.328125;-8.359375;37.75;-61.1875;22.3125;13.8125;NaN;NaN;NaN;NaN;NaN;NaN;NaN;NaN;NaN
914;Чкаловская 4;Stanislav;1435666444173;Raw;6.550842;1.176798;8.590625;70.609375;-4.8125;33.109375;-62.1875;7.0;-23.875;NaN;NaN;NaN;NaN;NaN;NaN;NaN;NaN;NaN
901;Спортивная 1;Stanislav;1435666502007;Raw;0.2353596;7.335374;7.6491866;97.78125;-46.3125;4.390625;-68.0;-26.0;-14.0625;NaN;NaN;NaN;NaN;NaN;NaN;NaN;NaN;NaN
902;Спортивная 2;Stanislav;1435666520902;Raw;5.8447633;0.4707192;8.512172;47.4375;-3.953125;35.71875;-49.4375;38.3125;-8.25;NaN;NaN;NaN;NaN;NaN;NaN;NaN;NaN;NaN
903;Спортивная 3;Stanislav;1435666543824;Raw;5.64863;0.6276256;8.943665;9.84375;-1.8125;29.78125;-57.5;58.0;-66.3125;NaN;NaN;NaN;NaN;NaN;NaN;NaN;NaN;NaN
904;Спортивная 4;Stanislav;1435666554922;Raw;5.6878567;1.372931;9.061344;16.03125;-7.265625;31.796875;-118.875;51.5;-154.375;NaN;NaN;NaN;NaN;NaN;NaN;NaN;NaN;NaN
891;Адмиралтейская 1;Stanislav;1435666704345;Raw;-0.5099458;5.64863;8.943665;184.14063;-32.21875;-2.734375;2.6875;-9.5;79.8125;NaN;NaN;NaN;NaN;NaN;NaN;NaN;NaN;NaN
892;Адмиралтейская 2;Stanislav;1435666724841;Raw;7.1784678;1.2552512;7.6884136;123.078125;-9.671875;37.6875;34.4375;3.25;65.0625;NaN;NaN;NaN;NaN;NaN;NaN;NaN;NaN;NaN
893;Адмиралтейская 3;Stanislav;1435666754788;Raw;7.923773;3.334261;6.237029;260.25;-18.265625;48.296875;15.4375;-1.6875;-1.5;NaN;NaN;NaN;NaN;NaN;NaN;NaN;NaN;NaN
894;Адмиралтейская 4;Stanislav;1435666765639;Raw;7.8845463;3.0989013;6.00167;282.59375;-15.34375;46.125;-21.75;-23.75;-115.375;NaN;NaN;NaN;NaN;NaN;NaN;NaN;NaN;NaN
881;Садовая 1;Stanislav;1435666828029;Raw;-0.0784532;4.5502853;9.492837;118.640625;-25.640625;-0.359375;-54.4375;-34.75;-8.6875;NaN;NaN;NaN;NaN;NaN;NaN;NaN;NaN;NaN
882;Садовая 2;Stanislav;1435666846177;Raw;-0.0;4.5502853;9.649743;104.65625;-25.265625;0.0;-48.3125;-21.6875;-24.5;NaN;NaN;NaN;NaN;NaN;NaN;NaN;NaN;NaN
883;Садовая 3;Stanislav;1435666884208;Raw;-1.176798;6.080123;8.316039;55.203125;-37.53125;-6.28125;-22.5;-32.125;-71.375;NaN;NaN;NaN;NaN;NaN;NaN;NaN;NaN;NaN
884;Садовая 4;Stanislav;1435666895531;Raw;-0.2745862;5.7270837;8.747532;63.734375;-32.21875;-2.9375;-23.3125;-27.75;-64.625;NaN;NaN;NaN;NaN;NaN;NaN;NaN;NaN;NaN
871;Звенигородская 1;Stanislav;1435666971670;Raw;-0.39226598;4.275699;9.375157;115.21875;-24.921875;-1.84375;-62.625;-35.5625;-19.9375;NaN;NaN;NaN;NaN;NaN;NaN;NaN;NaN;NaN
872;Звенигородская 2;Stanislav;1435666988364;Raw;-0.19613299;4.4718323;9.414384;175.14063;-24.34375;-2.296875;3.1875;-33.4375;-41.625;NaN;NaN;NaN;NaN;NaN;NaN;NaN;NaN;NaN
