ID,Name,User,TimeStamp,NetworkGen,NetworkType,Active,MCC,MNC,LAC,CID,PSC,RSSI
323,Невский проспект 3,alex,1417273012763,3G,HSDPA,1,250,2,7803,8321890,-1,-113
,ServiceLog,alex,1417273013318,3G,HSDPA,1,250,2,7803,8321890,-1,-113
,ServiceLog,alex,1417273014609,3G,HSDPA,1,250,2,7803,8321890,-1,-113
,ServiceLog,alex,1417273015877,3G,HSDPA,1,250,2,7803,8321890,-1,-113
,ServiceLog,alex,1417273017097,3G,HSDPA,1,250,2,7803,8321890,-1,-113
,ServiceLog,alex,1417273018375,3G,HSDPA,1,250,2,7803,8321890,-1,-113
,ServiceLog,alex,1417273019600,3G,HSDPA,1,250,2,7803,8321890,-1,-113
,ServiceLog,alex,1417273020838,3G,HSDPA,1,250,2,7803,8321890,-1,-113
,ServiceLog,alex,1417273022025,3G,HSDPA,1,250,2,7803,8321890,-1,-113
,ServiceLog,alex,1417273023353,3G,HSDPA,1,250,2,7803,8321890,-1,-113
,ServiceLog,alex,1417273024597,3G,HSDPA,1,250,2,7803,8321890,-1,-113
,ServiceLog,alex,1417273025827,3G,HSDPA,1,250,2,7803,8321890,-1,-113
,ServiceLog,alex,1417273027067,3G,HSDPA,1,250,2,7803,8321890,-1,-113
,ServiceLog,alex,1417273028299,3G,HSDPA,1,250,2,7803,8321890,-1,-113
,ServiceLog,alex,1417273029509,3G,HSDPA,1,250,2,7803,8321890,-1,-113
,ServiceLog,alex,1417273030780,3G,HSDPA,1,250,2,7803,8321890,-1,-113
,ServiceLog,alex,1417273032043,3G,HSDPA,1,250,2,7803,8321890,-1,-113
,ServiceLog,alex,1417273033274,3G,HSDPA,1,250,2,7803,8321890,-1,-113
,ServiceLog,alex,1417273034467,3G,HSDPA,1,250,2,7803,8321890,-1,-113
,ServiceLog,alex,1417273035690,3G,HSDPA,1,250,2,7803,8321890,-1,-113
,ServiceLog,alex,1417273036938,3G,HSDPA,1,250,2,7803,8321890,-1,-113
,ServiceLog,alex,1417273038135,3G,HSDPA,1,250,2,7803,8321890,-1,-113
,ServiceLog,alex,1417273039318,3G,HSDPA,1,250,2,7803,8321890,-1,-113
,ServiceLog,alex,1417273040636,3G,HSDPA,1,250,2,7803,22669,-1,0
,ServiceLog,alex,1417273041891,3G,HSDPA,1,250,2,7803,22669,-1,0
,ServiceLog,alex,1417273043208,3G,HSDPA,1,250,2,7803,22669,-1,0
,ServiceLog,alex,1417273045217,3G,HSDPA,1,250,2,7803,22669,-1,0
,ServiceLog,alex,1417273047833,3G,HSDPA,1,250,2,7803,22669,-1,0
,ServiceLog,alex,1417273050388,3G,HSDPA,1,250,2,7803,22669,-1,0
,ServiceLog,alex,1417273052894,3G,HSDPA,1,250,2,7803,22669,-1,0
,ServiceLog,alex,1417273054104,3G,HSDPA,1,250,2,7803,22669,-1,0
,ServiceLog,alex,1417273055333,3G,HSDPA,1,250,2,7803,22669,-1,0
,ServiceLog,alex,1417273056550,3G,HSDPA,1,250,2,7803,22669,-1,0
,ServiceLog,alex,1417273057747,3G,HSDPA,1,250,2,7803,22669,-1,0
,ServiceLog,alex,1417273059022,3G,HSDPA,1,250,2,7803,22669,-1,0
,ServiceLog,alex,1417273060235,3G,HSDPA,1,250,2,7803,22669,-1,0
,ServiceLog,alex,1417273061445,3G,HSDPA,1,250,2,7803,22669,-1,0
,ServiceLog,alex,1417273062693,3G,HSDPA,1,250,2,7803,22669,-1,0
,ServiceLog,alex,1417273063884,2G,EDGE,1,250,2,7803,22669,-1,0
,ServiceLog,alex,1417273065116,2G,EDGE,1,250,2,7803,22669,-1,0
,ServiceLog,alex,1417273066423,2G,EDGE,1,250,2,7803,22669,-1,0
,ServiceLog,alex,1417273067631,2G,EDGE,1,250,2,7803,22669,-1,0
,ServiceLog,alex,1417273068822,2G,EDGE,1,250,2,7803,22669,-1,0
,ServiceLog,alex,1417273070030,2G,EDGE,1,250,2,7803,22669,-1,0
,ServiceLog,alex,1417273071239,2G,EDGE,1,250,2,7803,22669,-1,0
,ServiceLog,alex,1417273072511,2G,EDGE,1,250,2,7803,22669,-1,0
,ServiceLog,alex,1417273073707,2G,EDGE,1,250,2,7803,22669,-1,0
,ServiceLog,alex,1417273074908,2G,EDGE,1,250,2,7803,22669,-1,0
,ServiceLog,alex,1417273076148,2G,EDGE,1,250,2,7803,22669,-1,0
,ServiceLog,alex,1417273077405,2G,EDGE,1,250,2,7803,22669,-1,0
,ServiceLog,alex,1417273078608,2G,EDGE,1,250,2,7803,22669,-1,0
,ServiceLog,alex,1417273079798,2G,EDGE,1,250,2,7803,22669,-1,0
,ServiceLog,alex,1417273081054,2G,EDGE,1,250,2,7803,22669,-1,0
,ServiceLog,alex,1417273082259,2G,EDGE,1,250,2,7803,22669,-1,0
,ServiceLog,alex,1417273083460,2G,EDGE,1,250,2,7803,22669,-1,0
,ServiceLog,alex,1417273084659,2G,EDGE,1,250,2,7803,22669,-1,0
,ServiceLog,alex,1417273085940,2G,EDGE,1,250,2,7803,22669,-1,0
,ServiceLog,alex,1417273087270,2G,EDGE,1,250,2,7803,22669,-1,0
,ServiceLog,alex,1417273088467,2G,EDGE,1,250,2,7803,22669,-1,0
,ServiceLog,alex,1417273089667,2G,EDGE,1,250,2,7803,22669,-1,0
,ServiceLog,alex,1417273090855,2G,EDGE,1,250,2,7803,22669,-1,0
,ServiceLog,alex,1417273092102,2G,EDGE,1,250,2,7803,22669,-1,0
,ServiceLog,alex,1417273093317,2G,EDGE,1,250,2,7803,22669,-1,0
,ServiceLog,alex,1417273094588,2G,EDGE,1,250,2,7803,22669,-1,0
,ServiceLog,alex,1417273095781,2G,EDGE,1,250,2,7803,22669,-1,0
,ServiceLog,alex,1417273097011,2G,EDGE,1,250,2,7803,22669,-1,0
,ServiceLog,alex,1417273098235,2G,EDGE,1,250,2,7803,22669,-1,0
,ServiceLog,alex,1417273099518,2G,EDGE,1,250,2,7803,22669,-1,0
,ServiceLog,alex,1417273100724,2G,EDGE,1,250,2,7803,22669,-1,0
,ServiceLog,alex,1417273101963,2G,EDGE,1,250,2,7803,22669,-1,0
,ServiceLog,alex,1417273103187,2G,EDGE,1,250,2,7803,22669,-1,0
,ServiceLog,alex,1417273104408,2G,EDGE,1,250,2,7803,22669,-1,0
,ServiceLog,alex,1417273105591,2G,EDGE,1,250,2,7803,22395,-1,0
,ServiceLog,alex,1417273106824,2G,EDGE,1,250,2,7803,22395,-1,0
,ServiceLog,alex,1417273108219,2G,EDGE,1,250,2,7803,22395,-1,0
,ServiceLog,alex,1417273109432,2G,EDGE,1,250,2,7803,22395,-1,0
,ServiceLog,alex,1417273110620,2G,EDGE,1,250,2,7803,22395,-1,0
,ServiceLog,alex,1417273111829,2G,EDGE,1,250,2,7803,22395,-1,0
,ServiceLog,alex,1417273113107,2G,EDGE,1,250,2,7803,22395,-1,0
,ServiceLog,alex,1417273114334,2G,EDGE,1,250,2,7803,22395,-1,0
,ServiceLog,alex,1417273115526,2G,EDGE,1,250,2,7803,22395,-1,0
,ServiceLog,alex,1417273116751,2G,EDGE,1,250,2,7803,22395,-1,0
,ServiceLog,alex,1417273117980,2G,EDGE,1,250,2,7803,22395,-1,0
,ServiceLog,alex,1417273119207,2G,EDGE,1,250,2,7803,22395,-1,0
,ServiceLog,alex,1417273120393,2G,EDGE,1,250,2,7803,22395,-1,0
,ServiceLog,alex,1417273121648,2G,EDGE,1,250,2,7803,22395,-1,0
,ServiceLog,alex,1417273122909,2G,EDGE,1,250,2,7803,22395,-1,0
,ServiceLog,alex,1417273124141,2G,EDGE,1,250,2,7803,22395,-1,0
,ServiceLog,alex,1417273125331,2G,EDGE,1,250,2,7803,22395,-1,0
,ServiceLog,alex,1417273126548,2G,EDGE,1,250,2,7803,22395,-1,0
,ServiceLog,alex,1417273127849,2G,EDGE,1,250,2,7803,22395,-1,0
,ServiceLog,alex,1417273129165,2G,EDGE,1,250,2,7803,22395,-1,0
,ServiceLog,alex,1417273130344,2G,EDGE,1,250,2,7803,22395,-1,0
,ServiceLog,alex,1417273131559,2G,EDGE,1,250,2,7803,22395,-1,0
,ServiceLog,alex,1417273132781,2G,EDGE,1,250,2,7803,22395,-1,0
,ServiceLog,alex,1417273134013,2G,EDGE,1,250,2,7803,22395,-1,0
,ServiceLog,alex,1417273135250,2G,EDGE,1,250,2,7803,22395,-1,0
,ServiceLog,alex,1417273136477,2G,EDGE,1,250,2,7803,22395,-1,0
,ServiceLog,alex,1417273137712,2G,EDGE,1,250,2,7803,22395,-1,0
,ServiceLog,alex,1417273138926,2G,EDGE,1,250,2,7803,22395,-1,0
,ServiceLog,alex,1417273140106,2G,EDGE,1,250,2,7803,22395,-1,0
,ServiceLog,alex,1417273141396,2G,EDGE,1,250,2,7803,22395,-1,0
,ServiceLog,alex,1417273142607,2G,EDGE,1,250,2,7803,22395,-1,0
,ServiceLog,alex,1417273144154,2G,EDGE,1,250,2,7803,22395,-1,0
,ServiceLog,alex,1417273145352,2G,EDGE,1,250,2,7803,22395,-1,0
,ServiceLog,alex,1417273146585,2G,EDGE,1,250,2,7803,22395,-1,0
,ServiceLog,alex,1417273147818,2G,EDGE,1,250,2,7803,22395,-1,0
,ServiceLog,alex,1417273149122,2G,EDGE,1,250,2,7803,22395,-1,0
,ServiceLog,alex,1417273150331,2G,EDGE,1,250,2,7803,22395,-1,0
,ServiceLog,alex,1417273151565,2G,EDGE,1,250,2,7803,22395,-1,0
,ServiceLog,alex,1417273152813,2G,EDGE,1,250,2,7803,22395,-1,0
,ServiceLog,alex,1417273154172,2G,EDGE,1,250,2,7803,22395,-1,0
,ServiceLog,alex,1417273155477,2G,EDGE,1,250,2,7803,22395,-1,0
,ServiceLog,alex,1417273156678,2G,EDGE,1,250,2,7803,22395,-1,0
,ServiceLog,alex,1417273157934,2G,EDGE,1,250,2,7803,22395,-1,0
,ServiceLog,alex,1417273159157,2G,GPRS,1,250,2,7803,8291716,-1,-113
,ServiceLog,alex,1417273160458,3G,HSDPA,1,250,2,7803,8291716,-1,-113
,ServiceLog,alex,1417273161685,3G,HSDPA,1,250,2,7803,8291716,-1,-113
,ServiceLog,alex,1417273162978,3G,HSDPA,1,250,2,7803,8291716,-1,-113
,ServiceLog,alex,1417273164178,3G,HSDPA,1,250,2,7803,8291716,-1,-113
,ServiceLog,alex,1417273165434,3G,HSDPA,1,250,2,7803,8291716,-1,-113
,ServiceLog,alex,1417273166790,3G,HSDPA,1,250,2,7803,8291718,-1,-113
,ServiceLog,alex,1417273168149,3G,HSDPA,1,250,2,7803,8291718,-1,-113
,ServiceLog,alex,1417273169358,3G,HSDPA,1,250,2,7803,8291718,-1,-113
,ServiceLog,alex,1417273170636,3G,HSDPA,1,250,2,7803,8291718,-1,-113
,ServiceLog,alex,1417273171933,3G,HSDPA,1,250,2,7803,8291718,-1,-113
,ServiceLog,alex,1417273173232,3G,HSDPA,1,250,2,7803,8291718,-1,-113
,ServiceLog,alex,1417273174511,3G,HSDPA,1,250,2,7803,8291718,-1,-113
,ServiceLog,alex,1417273175868,3G,HSDPA,1,250,2,7803,8291718,-1,-113
,ServiceLog,alex,1417273177145,3G,HSDPA,1,250,2,7803,8291718,-1,-113
,ServiceLog,alex,1417273178320,3G,HSDPA,1,250,2,7803,8291718,-1,-113
,ServiceLog,alex,1417273179532,3G,HSDPA,1,250,2,7803,8291718,-1,-113
,ServiceLog,alex,1417273180882,3G,HSDPA,1,250,2,7803,8291718,-1,-113
,ServiceLog,alex,1417273182170,3G,HSDPA,1,250,2,7803,8291718,-1,-113
,ServiceLog,alex,1417273183426,3G,HSDPA,1,250,2,7803,8291718,-1,-113
,ServiceLog,alex,1417273184749,3G,HSDPA,1,250,2,7803,8291718,-1,-113
,ServiceLog,alex,1417273186059,3G,HSDPA,1,250,2,7803,8291718,-1,-113
,ServiceLog,alex,1417273187547,3G,HSDPA,1,250,2,7803,8291718,-1,-113
,ServiceLog,alex,1417273188788,3G,HSDPA,1,250,2,7803,8291718,-1,-113
,ServiceLog,alex,1417273190093,3G,HSDPA,1,250,2,7803,8291718,-1,-113
,ServiceLog,alex,1417273191395,3G,HSDPA,1,250,2,7803,8291716,-1,-113
,ServiceLog,alex,1417273192645,3G,HSDPA,1,250,2,7803,8291716,-1,-113
,ServiceLog,alex,1417273193907,3G,HSDPA,1,250,2,7803,8291716,-1,-113
,ServiceLog,alex,1417273195183,3G,HSDPA,1,250,2,7803,8291716,-1,-113
,ServiceLog,alex,1417273196432,3G,HSDPA,1,250,2,7803,8291716,-1,-113
,ServiceLog,alex,1417273197608,3G,HSDPA,1,250,2,7803,8291718,-1,-113
,ServiceLog,alex,1417273201168,3G,HSDPA,1,250,2,7803,8291718,-1,-113
,ServiceLog,alex,1417273203803,3G,HSDPA,1,250,2,7803,8291718,-1,-113
,ServiceLog,alex,1417273205514,3G,HSDPA,1,250,2,7803,8291718,-1,-113
,ServiceLog,alex,1417273206777,3G,HSDPA,1,250,2,7803,8291718,-1,-113
,ServiceLog,alex,1417273208077,3G,HSDPA,1,250,2,7803,8291718,-1,-113
,ServiceLog,alex,1417273209332,3G,HSDPA,1,250,2,7803,8291718,-1,-113
,ServiceLog,alex,1417273210628,3G,HSDPA,1,250,2,7803,8317773,-1,-113
,ServiceLog,alex,1417273212059,3G,HSDPA,1,250,2,7803,8317773,-1,-113
,ServiceLog,alex,1417273213435,3G,HSDPA,1,250,2,7803,8317773,-1,-113
,ServiceLog,alex,1417273214692,3G,HSDPA,1,250,2,7803,8317773,-1,-113
,ServiceLog,alex,1417273215936,3G,HSDPA,1,250,2,7803,8317773,-1,-113
,ServiceLog,alex,1417273217246,3G,HSDPA,1,250,2,7803,8317773,-1,-113
,ServiceLog,alex,1417273218536,3G,HSDPA,1,250,2,7803,8317773,-1,-113
,ServiceLog,alex,1417273219825,3G,HSDPA,1,250,2,7803,8317773,-1,-113
,ServiceLog,alex,1417273220993,3G,HSDPA,1,250,2,7803,8317773,-1,-113
,ServiceLog,alex,1417273222260,3G,HSDPA,1,250,2,7803,8317773,-1,-113
,ServiceLog,alex,1417273223472,3G,HSDPA,1,250,2,7803,8317773,-1,-113
,ServiceLog,alex,1417273224679,3G,HSDPA,1,250,2,7803,8317773,-1,-113
,ServiceLog,alex,1417273225959,3G,HSDPA,1,250,2,7803,8317773,-1,-113
,ServiceLog,alex,1417273227237,3G,HSDPA,1,250,2,7803,8317773,-1,-113
,ServiceLog,alex,1417273228499,3G,HSDPA,1,250,2,7803,8317773,-1,-113
,ServiceLog,alex,1417273229756,3G,HSDPA,1,250,2,7803,8317773,-1,-113
,ServiceLog,alex,1417273231058,3G,HSDPA,1,250,2,7803,8317773,-1,-113
,ServiceLog,alex,1417273232323,3G,HSDPA,1,250,2,7803,8317773,-1,-113
,ServiceLog,alex,1417273233612,3G,HSDPA,1,250,2,7803,8317773,-1,-113
,ServiceLog,alex,1417273234822,3G,HSDPA,1,250,2,7803,8317773,-1,-113
,ServiceLog,alex,1417273236079,3G,HSDPA,1,250,2,7803,8317773,-1,-113
,ServiceLog,alex,1417273237356,3G,HSDPA,1,250,2,7803,8317773,-1,-113
,ServiceLog,alex,1417273238634,3G,HSDPA,1,250,2,7803,8317776,-1,-113
,ServiceLog,alex,1417273239999,3G,HSDPA,1,250,2,7803,8317776,-1,-113
,ServiceLog,alex,1417273241296,3G,HSDPA,1,250,2,7803,8317773,-1,-113
,ServiceLog,alex,1417273242522,3G,HSDPA,1,250,2,7803,8317776,-1,-113
,ServiceLog,alex,1417273243694,3G,HSDPA,1,250,2,7803,8321901,-1,-113
,ServiceLog,alex,1417273244915,3G,HSDPA,1,250,2,7803,8317776,-1,-113
,ServiceLog,alex,1417273246201,3G,HSDPA,1,250,2,7803,8317776,-1,-113
,ServiceLog,alex,1417273247459,3G,HSDPA,1,250,2,7803,8317776,-1,-113
,ServiceLog,alex,1417273248748,3G,HSDPA,1,250,2,7803,8317776,-1,-113
,ServiceLog,alex,1417273250004,3G,HSDPA,1,250,2,7803,8317776,-1,-113
,ServiceLog,alex,1417273251198,3G,HSDPA,1,250,2,7803,8317776,-1,-113
,ServiceLog,alex,1417273252544,3G,HSDPA,1,250,2,7803,8317776,-1,-113
,ServiceLog,alex,1417273253868,3G,HSDPA,1,250,2,7803,8317776,-1,-113
,ServiceLog,alex,1417273255132,3G,HSDPA,1,250,2,7803,8317776,-1,-113
,ServiceLog,alex,1417273256443,3G,HSDPA,1,250,2,7803,8317776,-1,-113
,ServiceLog,alex,1417273257731,3G,HSDPA,1,250,2,7803,8317776,-1,-113
,ServiceLog,alex,1417273259016,3G,HSDPA,1,250,2,7803,8317776,-1,-113
,ServiceLog,alex,1417273260264,3G,HSDPA,1,250,2,7803,8317776,-1,-113
,ServiceLog,alex,1417273261559,3G,HSDPA,1,250,2,7803,8317776,-1,-113
,ServiceLog,alex,1417273262798,3G,HSDPA,1,250,2,7803,8317776,-1,-113
,ServiceLog,alex,1417273264056,3G,HSDPA,1,250,2,7803,8317776,-1,-113
,ServiceLog,alex,1417273265319,3G,HSDPA,1,250,2,7803,8317776,-1,-113
,ServiceLog,alex,1417273266549,3G,HSDPA,1,250,2,7803,8317776,-1,-113
,ServiceLog,alex,1417273267903,3G,HSDPA,1,250,2,7803,8317776,-1,-113
,ServiceLog,alex,1417273269168,3G,HSDPA,1,250,2,7803,8317776,-1,-113
,ServiceLog,alex,1417273270420,3G,HSDPA,1,250,2,7803,8317776,-1,-113
,ServiceLog,alex,1417273271636,3G,HSDPA,1,250,2,7803,8317776,-1,-113
,ServiceLog,alex,1417273272909,3G,HSDPA,1,250,2,7803,8317776,-1,-113
,ServiceLog,alex,1417273274110,3G,HSDPA,1,250,2,7803,8317776,-1,-113
,ServiceLog,alex,1417273275336,3G,HSDPA,1,250,2,7803,8317776,-1,-113
,ServiceLog,alex,1417273276576,3G,HSDPA,1,250,2,7803,8317776,-1,-113
,ServiceLog,alex,1417273277820,3G,HSDPA,1,250,2,7803,8317776,-1,-113
,ServiceLog,alex,1417273279100,3G,HSDPA,1,250,2,7803,8317776,-1,-113
,ServiceLog,alex,1417273280391,3G,HSDPA,1,250,2,7803,8317776,-1,-113
,ServiceLog,alex,1417273281620,3G,HSDPA,1,250,2,7803,8317776,-1,-113
,ServiceLog,alex,1417273282925,3G,HSDPA,1,250,2,7803,8317776,-1,-113
,ServiceLog,alex,1417273284234,3G,HSDPA,1,250,2,7803,8317776,-1,-113
,ServiceLog,alex,1417273285534,3G,HSDPA,1,250,2,7803,8317776,-1,-113
,ServiceLog,alex,1417273286764,3G,HSDPA,1,250,2,7803,8317776,-1,-113
,ServiceLog,alex,1417273288069,3G,HSDPA,1,250,2,7803,8317776,-1,-113
,ServiceLog,alex,1417273289253,3G,HSDPA,1,250,2,7803,8317776,-1,-113
,ServiceLog,alex,1417273290509,3G,HSDPA,1,250,2,7803,8317776,-1,-113
,ServiceLog,alex,1417273291705,3G,HSDPA,1,250,2,7803,8317776,-1,-113
,ServiceLog,alex,1417273293099,3G,HSDPA,1,250,2,7803,8317776,-1,-113
,ServiceLog,alex,1417273294409,3G,HSDPA,1,250,2,7803,8317776,-1,-113
,ServiceLog,alex,1417273295591,3G,HSDPA,1,250,2,7803,8317776,-1,-113
,ServiceLog,alex,1417273296951,3G,HSDPA,1,250,2,7803,8317776,-1,-113
,ServiceLog,alex,1417273298174,3G,HSDPA,1,250,2,7803,8317776,-1,-113
,ServiceLog,alex,1417273299409,3G,HSDPA,1,250,2,7803,8317776,-1,-113
,ServiceLog,alex,1417273300611,3G,HSDPA,1,250,2,7803,8317776,-1,-113
,ServiceLog,alex,1417273301812,3G,HSDPA,1,250,2,7803,8317776,-1,-113
,ServiceLog,alex,1417273303118,3G,HSDPA,1,250,2,7803,8317776,-1,-113
,ServiceLog,alex,1417273304408,3G,HSDPA,1,250,2,7803,8317776,-1,-113
,ServiceLog,alex,1417273305600,3G,HSDPA,1,250,2,7803,8317776,-1,-113
,ServiceLog,alex,1417273306868,3G,HSDPA,1,250,2,7803,8317776,-1,-113
,ServiceLog,alex,1417273308322,3G,HSDPA,1,250,2,7803,8317776,-1,-113
,ServiceLog,alex,1417273309598,3G,HSDPA,1,250,2,7803,8317776,-1,-113
,ServiceLog,alex,1417273310852,3G,HSDPA,1,250,2,7803,8317776,-1,-113
,ServiceLog,alex,1417273312076,3G,HSDPA,1,250,2,7803,8317776,-1,-113
,ServiceLog,alex,1417273313437,3G,HSDPA,1,250,2,7803,8317776,-1,-113
,ServiceLog,alex,1417273314738,3G,HSDPA,1,250,2,7803,8317776,-1,-113
,ServiceLog,alex,1417273316018,3G,HSDPA,1,250,2,7803,8317776,-1,-113
,ServiceLog,alex,1417273317283,3G,HSDPA,1,250,2,7803,8317776,-1,-113
,ServiceLog,alex,1417273318576,3G,HSDPA,1,250,2,7803,8317776,-1,-113
,ServiceLog,alex,1417273319853,3G,HSDPA,1,250,2,7803,8317776,-1,-113
,ServiceLog,alex,1417273321130,3G,HSDPA,1,250,2,7803,8317776,-1,-113
,ServiceLog,alex,1417273322535,3G,HSDPA,1,250,2,7803,8317776,-1,-113
,ServiceLog,alex,1417273323796,3G,HSDPA,1,250,2,7803,8317776,-1,-113
,ServiceLog,alex,1417273324960,3G,HSDPA,1,250,2,7803,8317776,-1,-113
,ServiceLog,alex,1417273326189,3G,HSDPA,1,250,2,7803,8317776,-1,-113
,ServiceLog,alex,1417273327382,3G,HSDPA,1,250,2,7803,8317776,-1,-113
,ServiceLog,alex,1417273328618,3G,HSDPA,1,250,2,7803,8317776,-1,-113
,ServiceLog,alex,1417273329827,3G,HSDPA,1,250,2,7803,8317776,-1,-113
,ServiceLog,alex,1417273331098,3G,HSDPA,1,250,2,7803,8317776,-1,-113
,ServiceLog,alex,1417273332373,3G,HSDPA,1,250,2,7803,8317776,-1,-113
,ServiceLog,alex,1417273333774,3G,HSDPA,1,250,2,7803,8317776,-1,-113
,ServiceLog,alex,1417273335096,3G,HSDPA,1,250,2,7803,8317776,-1,-113
,ServiceLog,alex,1417273336408,3G,HSDPA,1,250,2,7803,8317776,-1,-113
,ServiceLog,alex,1417273337620,3G,HSDPA,1,250,2,7803,8317776,-1,-113
,ServiceLog,alex,1417273338805,3G,HSDPA,1,250,2,7803,8317776,-1,-113
,ServiceLog,alex,1417273340090,3G,HSDPA,1,250,2,7803,8317776,-1,-113
,ServiceLog,alex,1417273341357,3G,HSDPA,1,250,2,7803,8317776,-1,-113
,ServiceLog,alex,1417273342685,3G,HSDPA,1,250,2,7803,8317776,-1,-113
,ServiceLog,alex,1417273343939,3G,HSDPA,1,250,2,7803,8317776,-1,-113
,ServiceLog,alex,1417273345186,3G,HSDPA,1,250,2,7803,8317776,-1,-113
,ServiceLog,alex,1417273346418,3G,HSDPA,1,250,2,7803,8317776,-1,-113
,ServiceLog,alex,1417273349253,3G,HSDPA,1,250,2,7803,8317776,-1,0
,ServiceLog,alex,1417273350418,3G,HSDPA,1,250,2,7803,8317776,-1,-113
,ServiceLog,alex,1417273351688,3G,HSDPA,1,250,2,7803,8317776,-1,-113
,ServiceLog,alex,1417273352942,3G,HSDPA,1,250,2,7803,8317776,-1,-113
,ServiceLog,alex,1417273354135,3G,HSDPA,1,250,2,7803,8317776,-1,-113
,ServiceLog,alex,1417273355427,3G,HSDPA,1,250,2,7803,8317776,-1,-113
,ServiceLog,alex,1417273356667,3G,HSDPA,1,250,2,7803,8317776,-1,-113
,ServiceLog,alex,1417273357905,3G,HSDPA,1,250,2,7803,8317776,-1,-113
,ServiceLog,alex,1417273359188,3G,HSDPA,1,250,2,7803,8317776,-1,-113
,ServiceLog,alex,1417273360425,3G,HSDPA,1,250,2,7803,8317776,-1,-113
,ServiceLog,alex,1417273361692,3G,HSDPA,1,250,2,7803,8317776,-1,-113
,ServiceLog,alex,1417273362980,3G,HSDPA,1,250,2,7803,8317776,-1,-113
,ServiceLog,alex,1417273364229,3G,HSDPA,1,250,2,7803,8321901,-1,-113
,ServiceLog,alex,1417273365484,3G,HSDPA,1,250,2,7803,8321901,-1,-113
,ServiceLog,alex,1417273366744,3G,HSDPA,1,250,2,7803,8321901,-1,-113
,ServiceLog,alex,1417273367949,3G,HSDPA,1,250,2,7803,8321901,-1,-113
,ServiceLog,alex,1417273369254,3G,HSDPA,1,250,2,7803,22396,-1,0
,ServiceLog,alex,1417273370513,3G,HSDPA,1,250,2,7803,22396,-1,0
,ServiceLog,alex,1417273371753,3G,HSDPA,1,250,2,7803,22396,-1,0
,ServiceLog,alex,1417273372999,3G,HSDPA,1,250,2,7803,22396,-1,0
,ServiceLog,alex,1417273374247,3G,HSDPA,1,250,2,7803,22396,-1,0
,ServiceLog,alex,1417273375484,3G,HSDPA,1,250,2,7803,22396,-1,0
,ServiceLog,alex,1417273376789,2G,EDGE,1,250,2,7803,22396,-1,0
,ServiceLog,alex,1417273378099,2G,EDGE,1,250,2,7803,22396,-1,0
,ServiceLog,alex,1417273379324,2G,EDGE,1,250,2,7803,22396,-1,0
,ServiceLog,alex,1417273380540,2G,EDGE,1,250,2,7803,22396,-1,0
,ServiceLog,alex,1417273381719,2G,EDGE,1,250,2,7803,22396,-1,0
,ServiceLog,alex,1417273382984,2G,EDGE,1,250,2,7803,22396,-1,0
,ServiceLog,alex,1417273384229,2G,EDGE,1,250,2,7803,22396,-1,0
,ServiceLog,alex,1417273385410,2G,EDGE,1,250,2,7803,22396,-1,0
,ServiceLog,alex,1417273386620,2G,EDGE,1,250,2,7803,22396,-1,0
,ServiceLog,alex,1417273387871,2G,EDGE,1,250,2,7803,22396,-1,0
,ServiceLog,alex,1417273389113,2G,EDGE,1,250,2,7803,22396,-1,0
,ServiceLog,alex,1417273390311,2G,EDGE,1,250,2,7803,22396,-1,0
,ServiceLog,alex,1417273391675,2G,EDGE,1,250,2,7803,22396,-1,0
,ServiceLog,alex,1417273392915,2G,EDGE,1,250,2,7803,22396,-1,0
,ServiceLog,alex,1417273394140,2G,EDGE,1,250,2,7803,22396,-1,0
,ServiceLog,alex,1417273395450,2G,EDGE,1,250,2,7803,22396,-1,0
,ServiceLog,alex,1417273396680,2G,EDGE,1,250,2,7803,22396,-1,0
,ServiceLog,alex,1417273397925,2G,EDGE,1,250,2,7803,22396,-1,0
,ServiceLog,alex,1417273399110,2G,EDGE,1,250,2,7803,22396,-1,0
,ServiceLog,alex,1417273401295,2G,EDGE,1,250,2,7803,22396,-1,0
,ServiceLog,alex,1417273404160,2G,EDGE,1,250,2,7803,22396,-1,0
,ServiceLog,alex,1417273406759,2G,EDGE,1,250,2,7803,22396,-1,0
,ServiceLog,alex,1417273408704,2G,EDGE,1,250,2,7803,22396,-1,0
,ServiceLog,alex,1417273409989,2G,EDGE,1,250,2,7803,22396,-1,0
,ServiceLog,alex,1417273411177,2G,EDGE,1,250,2,7803,22396,-1,0
,ServiceLog,alex,1417273412377,2G,EDGE,1,250,2,7803,22396,-1,0
,ServiceLog,alex,1417273413553,2G,EDGE,1,250,2,7803,22396,-1,0
,ServiceLog,alex,1417273414767,2G,EDGE,1,250,2,7803,22396,-1,0
,ServiceLog,alex,1417273415962,2G,EDGE,1,250,2,7803,22396,-1,0
,ServiceLog,alex,1417273417168,2G,EDGE,1,250,2,7803,22396,-1,0
,ServiceLog,alex,1417273418374,2G,EDGE,1,250,2,7803,22396,-1,0
,ServiceLog,alex,1417273419559,2G,EDGE,1,250,2,7803,22396,-1,0
,ServiceLog,alex,1417273420882,2G,EDGE,1,250,2,7803,22396,-1,0
,ServiceLog,alex,1417273422136,2G,EDGE,1,250,2,7803,22396,-1,0
,ServiceLog,alex,1417273423417,unknown,unknown,1,-1,-1,-1,-1,-1,-1
,ServiceLog,alex,1417273424599,unknown,unknown,1,-1,-1,-1,-1,-1,-1
,ServiceLog,alex,1417273425816,unknown,unknown,1,-1,-1,-1,-1,-1,-1
,ServiceLog,alex,1417273427021,unknown,unknown,1,-1,-1,-1,-1,-1,-1
,ServiceLog,alex,1417273428236,unknown,unknown,1,-1,-1,-1,-1,-1,-1
,ServiceLog,alex,1417273429441,2G,EDGE,1,250,2,7803,22397,-1,0
,ServiceLog,alex,1417273430791,2G,EDGE,1,250,2,7803,22397,-1,0
,ServiceLog,alex,1417273432003,2G,EDGE,1,250,2,7803,22397,-1,0
,ServiceLog,alex,1417273433202,2G,EDGE,1,250,2,7803,22397,-1,0
,ServiceLog,alex,1417273434411,2G,EDGE,1,250,2,7803,22397,-1,0
,ServiceLog,alex,1417273435635,2G,EDGE,1,250,2,7803,22397,-1,0
,ServiceLog,alex,1417273436922,2G,EDGE,1,250,2,7803,22397,-1,0
,ServiceLog,alex,1417273438149,2G,EDGE,1,250,2,7803,22397,-1,0
,ServiceLog,alex,1417273439346,2G,EDGE,1,250,2,7803,22397,-1,0
,ServiceLog,alex,1417273440656,2G,EDGE,1,250,2,7803,22397,-1,0
,ServiceLog,alex,1417273441840,2G,EDGE,1,250,2,7803,22397,-1,0
,ServiceLog,alex,1417273443051,2G,EDGE,1,250,2,7803,22397,-1,0
,ServiceLog,alex,1417273444312,2G,EDGE,1,250,2,7803,22397,-1,0
,ServiceLog,alex,1417273445544,2G,EDGE,1,250,2,7803,22397,-1,0
,ServiceLog,alex,1417273446727,2G,EDGE,1,250,2,7803,22397,-1,0
,ServiceLog,alex,1417273447945,2G,EDGE,1,250,2,7803,22397,-1,0
,ServiceLog,alex,1417273449161,2G,EDGE,1,250,2,7803,22397,-1,0
,ServiceLog,alex,1417273450440,2G,EDGE,1,250,2,7803,22397,-1,0
,ServiceLog,alex,1417273451635,2G,EDGE,1,250,2,7803,22397,-1,0
,ServiceLog,alex,1417273452833,2G,EDGE,1,250,2,7803,22397,-1,0
,ServiceLog,alex,1417273454058,2G,EDGE,1,250,2,7803,22397,-1,0
,ServiceLog,alex,1417273455266,2G,EDGE,1,250,2,7803,22397,-1,0
,ServiceLog,alex,1417273456478,2G,EDGE,1,250,2,7803,22397,-1,0
,ServiceLog,alex,1417273457653,2G,EDGE,1,250,2,7803,22397,-1,0
,ServiceLog,alex,1417273458931,2G,EDGE,1,250,2,7803,22397,-1,0
,ServiceLog,alex,1417273460140,2G,EDGE,1,250,2,7803,22397,-1,0
,ServiceLog,alex,1417273461448,2G,EDGE,1,250,2,7803,22397,-1,0
,ServiceLog,alex,1417273462649,2G,EDGE,1,250,2,7803,22397,-1,0
,ServiceLog,alex,1417273463832,2G,EDGE,1,250,2,7803,22397,-1,0
,ServiceLog,alex,1417273465116,2G,EDGE,1,250,2,7803,22397,-1,0
,ServiceLog,alex,1417273466344,2G,EDGE,1,250,2,7803,22397,-1,0
,ServiceLog,alex,1417273467557,2G,EDGE,1,250,2,7803,22397,-1,0
,ServiceLog,alex,1417273468749,2G,EDGE,1,250,2,7803,22397,-1,0
,ServiceLog,alex,1417273469977,2G,EDGE,1,250,2,7803,22397,-1,0
,ServiceLog,alex,1417273471200,2G,EDGE,1,250,2,7803,22397,-1,0
,ServiceLog,alex,1417273472458,2G,EDGE,1,250,2,7803,22397,-1,0
,ServiceLog,alex,1417273473652,2G,EDGE,1,250,2,7803,22397,-1,0
,ServiceLog,alex,1417273474875,2G,EDGE,1,250,2,7803,22397,-1,0
,ServiceLog,alex,1417273476089,2G,EDGE,1,250,2,7803,22397,-1,0
,ServiceLog,alex,1417273477314,2G,EDGE,1,250,2,7803,22397,-1,0
,ServiceLog,alex,1417273478603,2G,EDGE,1,250,2,7803,22397,-1,0
,ServiceLog,alex,1417273479810,2G,EDGE,1,250,2,7803,22397,-1,0
,ServiceLog,alex,1417273481140,2G,EDGE,1,250,2,7803,22397,-1,0
,ServiceLog,alex,1417273482370,2G,EDGE,1,250,2,7803,22397,-1,0
,ServiceLog,alex,1417273483785,2G,EDGE,1,250,2,7803,22397,-1,0
,ServiceLog,alex,1417273485036,2G,EDGE,1,250,2,7803,22397,-1,0
,ServiceLog,alex,1417273486251,2G,EDGE,1,250,2,7803,22397,-1,0
,ServiceLog,alex,1417273487463,2G,EDGE,1,250,2,7803,22397,-1,0
,ServiceLog,alex,1417273488681,2G,EDGE,1,250,2,7803,22397,-1,0
,ServiceLog,alex,1417273489925,2G,EDGE,1,250,2,7803,22397,-1,0
,ServiceLog,alex,1417273491212,2G,EDGE,1,250,2,7803,22397,-1,0
,ServiceLog,alex,1417273492416,2G,EDGE,1,250,2,7803,22397,-1,0
,ServiceLog,alex,1417273493599,2G,EDGE,1,250,2,7803,22397,-1,0
,ServiceLog,alex,1417273494828,2G,EDGE,1,250,2,7803,22397,-1,0
,ServiceLog,alex,1417273496047,2G,EDGE,1,250,2,7803,22397,-1,0
,ServiceLog,alex,1417273497256,2G,EDGE,1,250,2,7803,22397,-1,0
,ServiceLog,alex,1417273498444,2G,EDGE,1,250,2,7803,22397,-1,0
,ServiceLog,alex,1417273499714,2G,EDGE,1,250,2,7803,22397,-1,0
,ServiceLog,alex,1417273501073,2G,EDGE,1,250,2,7803,14189,-1,0
,ServiceLog,alex,1417273502326,2G,EDGE,1,250,2,7803,14189,-1,0
,ServiceLog,alex,1417273503533,2G,EDGE,1,250,2,7803,14189,-1,0
,ServiceLog,alex,1417273504762,2G,EDGE,1,250,2,7803,14189,-1,0
,ServiceLog,alex,1417273505991,2G,EDGE,1,250,2,7803,14189,-1,0
,ServiceLog,alex,1417273507232,2G,EDGE,1,250,2,7803,14189,-1,0
,ServiceLog,alex,1417273508494,2G,EDGE,1,250,2,7803,14189,-1,0
,ServiceLog,alex,1417273509745,2G,EDGE,1,250,2,7803,14189,-1,0
,ServiceLog,alex,1417273510981,2G,EDGE,1,250,2,7803,14189,-1,0
,ServiceLog,alex,1417273512175,2G,EDGE,1,250,2,7803,14189,-1,0
,ServiceLog,alex,1417273514026,2G,EDGE,1,250,2,7803,14189,-1,0
,ServiceLog,alex,1417273515253,2G,EDGE,1,250,2,7803,14189,-1,0
,ServiceLog,alex,1417273516480,2G,GPRS,1,250,2,7803,8321281,-1,-113
,ServiceLog,alex,1417273517741,3G,HSDPA,1,250,2,7803,8321281,-1,-113
,ServiceLog,alex,1417273519267,3G,HSDPA,1,250,2,7803,8321281,-1,-113
,ServiceLog,alex,1417273520498,3G,HSDPA,1,250,2,7803,8321281,-1,-113
,ServiceLog,alex,1417273521729,3G,HSDPA,1,250,2,7803,8321281,-1,-113
,ServiceLog,alex,1417273522919,3G,HSDPA,1,250,2,7803,8321281,-1,-113
,ServiceLog,alex,1417273524156,3G,HSDPA,1,250,2,7803,8321281,-1,-113
,ServiceLog,alex,1417273525381,3G,HSDPA,1,250,2,7803,8321281,-1,-113
,ServiceLog,alex,1417273526578,3G,HSDPA,1,250,2,7803,8321281,-1,-113
,ServiceLog,alex,1417273527767,3G,HSDPA,1,250,2,7803,8321281,-1,-113
,ServiceLog,alex,1417273529016,3G,HSDPA,1,250,2,7803,8321281,-1,-113
,ServiceLog,alex,1417273530264,3G,HSDPA,1,250,2,7803,8321281,-1,-113
,ServiceLog,alex,1417273531502,3G,HSDPA,1,250,2,7803,8321281,-1,-113
,ServiceLog,alex,1417273532869,3G,HSDPA,1,250,2,7803,8321281,-1,-113
,ServiceLog,alex,1417273534087,3G,HSDPA,1,250,2,7803,8321281,-1,-113
,ServiceLog,alex,1417273535275,3G,HSDPA,1,250,2,7803,8321281,-1,-113
,ServiceLog,alex,1417273536494,3G,HSDPA,1,250,2,7803,8321281,-1,-113
,ServiceLog,alex,1417273537747,3G,HSDPA,1,250,2,7803,8321281,-1,-113
,ServiceLog,alex,1417273539076,3G,HSDPA,1,250,2,7803,8321281,-1,-113
,ServiceLog,alex,1417273540271,3G,HSDPA,1,250,2,7803,8321281,-1,-113
,ServiceLog,alex,1417273541491,3G,HSDPA,1,250,2,7803,8321281,-1,-113
,ServiceLog,alex,1417273542720,3G,HSDPA,1,250,2,7803,8321281,-1,-113
,ServiceLog,alex,1417273544057,3G,HSDPA,1,250,2,7803,8291733,-1,-113
,ServiceLog,alex,1417273545319,3G,HSDPA,1,250,2,7803,8291733,-1,-113
,ServiceLog,alex,1417273546541,3G,HSDPA,1,250,2,7803,8291733,-1,-113
,ServiceLog,alex,1417273547762,3G,HSDPA,1,250,2,7803,8291733,-1,-113
,ServiceLog,alex,1417273549001,3G,HSDPA,1,250,2,7803,8291733,-1,-113
,ServiceLog,alex,1417273550243,3G,HSDPA,1,250,2,7803,8291733,-1,-113
,ServiceLog,alex,1417273551470,3G,HSDPA,1,250,2,7803,8291733,-1,-113
,ServiceLog,alex,1417273552652,3G,HSDPA,1,250,2,7803,8291733,-1,-113
,ServiceLog,alex,1417273553881,3G,HSDPA,1,250,2,7803,8291733,-1,-113
,ServiceLog,alex,1417273555104,3G,HSDPA,1,250,2,7803,8291733,-1,-113
,ServiceLog,alex,1417273556311,3G,HSDPA,1,250,2,7803,8291733,-1,-113
,ServiceLog,alex,1417273557683,3G,HSDPA,1,250,2,7803,8291733,-1,-113
,ServiceLog,alex,1417273558968,3G,HSDPA,1,250,2,7803,8291733,-1,-113
,ServiceLog,alex,1417273560193,3G,HSDPA,1,250,2,7803,8291733,-1,-113
,ServiceLog,alex,1417273561385,3G,HSDPA,1,250,2,7803,8291733,-1,-113
,ServiceLog,alex,1417273562602,3G,HSDPA,1,250,2,7803,8291733,-1,-113
,ServiceLog,alex,1417273563837,3G,HSDPA,1,250,2,7803,8291733,-1,-113
,ServiceLog,alex,1417273565064,3G,HSDPA,1,250,2,7803,8291733,-1,-113
,ServiceLog,alex,1417273566260,3G,HSDPA,1,250,2,7803,8291733,-1,-113
,ServiceLog,alex,1417273567487,3G,HSDPA,1,250,2,7803,8291733,-1,-113
,ServiceLog,alex,1417273568730,3G,HSDPA,1,250,2,7803,8291733,-1,-113
,ServiceLog,alex,1417273569946,3G,HSDPA,1,250,2,7803,8291733,-1,-113
,ServiceLog,alex,1417273571187,3G,HSDPA,1,250,2,7803,8291733,-1,-113
,ServiceLog,alex,1417273572459,3G,HSDPA,1,250,2,7803,8291733,-1,-113
,ServiceLog,alex,1417273573693,3G,HSDPA,1,250,2,7803,8291733,-1,-113
,ServiceLog,alex,1417273574888,3G,HSDPA,1,250,2,7803,8291733,-1,-113
,ServiceLog,alex,1417273576236,3G,HSDPA,1,250,2,7803,8322235,-1,-113
,ServiceLog,alex,1417273578939,3G,HSDPA,1,250,2,7803,8322235,-1,-113
,ServiceLog,alex,1417273581729,3G,HSDPA,1,250,2,7803,22397,-1,0
,ServiceLog,alex,1417273584214,2G,EDGE,1,250,2,7803,22397,-1,0
,ServiceLog,alex,1417273585601,2G,EDGE,1,250,2,7803,22397,-1,0
,ServiceLog,alex,1417273586812,2G,EDGE,1,250,2,7803,22397,-1,0
,ServiceLog,alex,1417273588012,2G,EDGE,1,250,2,7803,22397,-1,0
,ServiceLog,alex,1417273589280,2G,EDGE,1,250,2,7803,22397,-1,0
,ServiceLog,alex,1417273590469,2G,EDGE,1,250,2,7803,22397,-1,0
,ServiceLog,alex,1417273591722,2G,EDGE,1,250,2,7803,22397,-1,0
,ServiceLog,alex,1417273592934,2G,EDGE,1,250,2,7803,22397,-1,0
,ServiceLog,alex,1417273594150,2G,EDGE,1,250,2,7803,22397,-1,0
,ServiceLog,alex,1417273595346,2G,EDGE,1,250,2,7803,22397,-1,0
,ServiceLog,alex,1417273596560,2G,EDGE,1,250,2,7803,22397,-1,0
,ServiceLog,alex,1417273597767,2G,EDGE,1,250,2,7803,22397,-1,0
,ServiceLog,alex,1417273599000,2G,EDGE,1,250,2,7803,22397,-1,0
,ServiceLog,alex,1417273600222,2G,EDGE,1,250,2,7803,22397,-1,0
,ServiceLog,alex,1417273601406,2G,EDGE,1,250,2,7803,22397,-1,0
,ServiceLog,alex,1417273602796,2G,EDGE,1,250,2,7803,22397,-1,0
,ServiceLog,alex,1417273604001,2G,EDGE,1,250,2,7803,22397,-1,0
,ServiceLog,alex,1417273605208,2G,EDGE,1,250,2,7803,22397,-1,0
,ServiceLog,alex,1417273606424,2G,EDGE,1,250,2,7803,22397,-1,0
,ServiceLog,alex,1417273607612,2G,EDGE,1,250,2,7803,22397,-1,0
,ServiceLog,alex,1417273608835,2G,EDGE,1,250,2,7803,22397,-1,0
,ServiceLog,alex,1417273610059,2G,EDGE,1,250,2,7803,22397,-1,0
,ServiceLog,alex,1417273611271,2G,EDGE,1,250,2,7803,22397,-1,0
,ServiceLog,alex,1417273612536,2G,EDGE,1,250,2,7803,22397,-1,0
,ServiceLog,alex,1417273613729,2G,EDGE,1,250,2,7803,22397,-1,0
,ServiceLog,alex,1417273614960,2G,EDGE,1,250,2,7803,22397,-1,0
,ServiceLog,alex,1417273616240,2G,EDGE,1,250,2,7803,22397,-1,0
,ServiceLog,alex,1417273617450,2G,EDGE,1,250,2,7803,22398,-1,0
,ServiceLog,alex,1417273618648,2G,EDGE,1,250,2,7803,22398,-1,0
,ServiceLog,alex,1417273619877,2G,EDGE,1,250,2,7803,22398,-1,0
,ServiceLog,alex,1417273621109,2G,EDGE,1,250,2,7803,22398,-1,0
,ServiceLog,alex,1417273622337,2G,EDGE,1,250,2,7803,22398,-1,0
,ServiceLog,alex,1417273623656,2G,EDGE,1,250,2,7803,22398,-1,0
,ServiceLog,alex,1417273624856,2G,EDGE,1,250,2,7803,22398,-1,0
,ServiceLog,alex,1417273626100,2G,EDGE,1,250,2,7803,22398,-1,0
,ServiceLog,alex,1417273627321,2G,EDGE,1,250,2,7803,22398,-1,0
,ServiceLog,alex,1417273628550,2G,EDGE,1,250,2,7803,22398,-1,0
,ServiceLog,alex,1417273629738,2G,EDGE,1,250,2,7803,22398,-1,0
,ServiceLog,alex,1417273631027,2G,EDGE,1,250,2,7803,22398,-1,0
,ServiceLog,alex,1417273632236,2G,EDGE,1,250,2,7803,22398,-1,0
,ServiceLog,alex,1417273633453,2G,EDGE,1,250,2,7803,22398,-1,0
,ServiceLog,alex,1417273634666,2G,EDGE,1,250,2,7803,22398,-1,0
,ServiceLog,alex,1417273635848,2G,EDGE,1,250,2,7803,22398,-1,0
,ServiceLog,alex,1417273637126,2G,EDGE,1,250,2,7803,22398,-1,0
,ServiceLog,alex,1417273638331,2G,EDGE,1,250,2,7803,22398,-1,0
,ServiceLog,alex,1417273639547,2G,EDGE,1,250,2,7803,22398,-1,0
,ServiceLog,alex,1417273640730,2G,EDGE,1,250,2,7803,22398,-1,0
,ServiceLog,alex,1417273641950,2G,EDGE,1,250,2,7803,22398,-1,0
,ServiceLog,alex,1417273643253,2G,EDGE,1,250,2,7803,22398,-1,0
,ServiceLog,alex,1417273644535,2G,EDGE,1,250,2,7803,22398,-1,0
,ServiceLog,alex,1417273645727,2G,EDGE,1,250,2,7803,22398,-1,0
,ServiceLog,alex,1417273646907,2G,EDGE,1,250,2,7803,22398,-1,0
,ServiceLog,alex,1417273648134,2G,GPRS,1,250,2,7803,8291732,-1,-113
,ServiceLog,alex,1417273649356,3G,HSDPA,1,250,2,7803,8291732,-1,-113
,ServiceLog,alex,1417273650688,3G,HSDPA,1,250,2,7803,8291732,-1,-113
,ServiceLog,alex,1417273651876,3G,HSDPA,1,250,2,7803,8291732,-1,-113
,ServiceLog,alex,1417273653113,3G,HSDPA,1,250,2,7803,8291732,-1,-113
,ServiceLog,alex,1417273654316,3G,HSDPA,1,250,2,7803,8291732,-1,-113
,ServiceLog,alex,1417273655527,3G,HSDPA,1,250,2,7803,8291732,-1,-113
,ServiceLog,alex,1417273656709,3G,HSDPA,1,250,2,7803,8291732,-1,-113
,ServiceLog,alex,1417273657995,3G,HSDPA,1,250,2,7803,8291732,-1,-113
,ServiceLog,alex,1417273659328,3G,HSDPA,1,250,2,7803,8291732,-1,-113
,ServiceLog,alex,1417273660634,3G,HSDPA,1,250,2,7803,8291732,-1,-113
,ServiceLog,alex,1417273661890,3G,HSDPA,1,250,2,7803,8291732,-1,-113
,ServiceLog,alex,1417273663168,3G,HSDPA,1,250,2,7803,8291732,-1,-113
,ServiceLog,alex,1417273664369,3G,HSDPA,1,250,2,7803,8291732,-1,-113
,ServiceLog,alex,1417273665594,3G,HSDPA,1,250,2,7803,8291732,-1,-113
,ServiceLog,alex,1417273666822,3G,HSDPA,1,250,2,7803,8315308,-1,-113
,ServiceLog,alex,1417273668058,3G,HSDPA,1,250,2,7803,8315308,-1,-113
,ServiceLog,alex,1417273669267,3G,HSDPA,1,250,2,7803,8315308,-1,-113
,ServiceLog,alex,1417273670540,3G,HSDPA,1,250,2,7803,8315308,-1,-113
,ServiceLog,alex,1417273671735,3G,HSDPA,1,250,2,7803,8315308,-1,-113
,ServiceLog,alex,1417273672971,3G,HSDPA,1,250,2,7803,8315308,-1,-113
,ServiceLog,alex,1417273674190,3G,HSDPA,1,250,2,7803,8315308,-1,-113
,ServiceLog,alex,1417273675406,3G,HSDPA,1,250,2,7803,8315308,-1,-113
,ServiceLog,alex,1417273676588,3G,HSDPA,1,250,2,7803,8315308,-1,-113
,ServiceLog,alex,1417273677814,3G,HSDPA,1,250,2,7803,8315308,-1,-113
,ServiceLog,alex,1417273679027,3G,HSDPA,1,250,2,7803,8315308,-1,-113
,ServiceLog,alex,1417273680376,3G,HSDPA,1,250,2,7803,8315308,-1,-113
,ServiceLog,alex,1417273681599,3G,HSDPA,1,250,2,7803,8291731,-1,-113
,ServiceLog,alex,1417273682883,3G,HSDPA,1,250,2,7803,8291731,-1,-113
,ServiceLog,alex,1417273684112,3G,HSDPA,1,250,2,7803,8291731,-1,-113
,ServiceLog,alex,1417273685306,3G,HSDPA,1,250,2,7803,8291731,-1,-113
,ServiceLog,alex,1417273686509,3G,HSDPA,1,250,2,7803,8291731,-1,-113
,ServiceLog,alex,1417273687746,3G,HSDPA,1,250,2,7803,8291731,-1,-113
,ServiceLog,alex,1417273688957,3G,HSDPA,1,250,2,7803,8291731,-1,-113
,ServiceLog,alex,1417273690163,3G,HSDPA,1,250,2,7803,8291731,-1,-113
,ServiceLog,alex,1417273691352,3G,HSDPA,1,250,2,7803,8291731,-1,-113
,ServiceLog,alex,1417273692582,3G,HSDPA,1,250,2,7803,8291731,-1,-113
,ServiceLog,alex,1417273693816,3G,HSDPA,1,250,2,7803,8291731,-1,-113
,ServiceLog,alex,1417273695038,3G,HSDPA,1,250,2,7803,8291731,-1,-113
,ServiceLog,alex,1417273696289,3G,HSDPA,1,250,2,7803,8291731,-1,-113
,ServiceLog,alex,1417273697518,3G,HSDPA,1,250,2,7803,8291731,-1,-113
,ServiceLog,alex,1417273698733,3G,HSDPA,1,250,2,7803,8291731,-1,-113
,ServiceLog,alex,1417273699940,3G,HSDPA,1,250,2,7803,8291731,-1,-113
,ServiceLog,alex,1417273701235,3G,HSDPA,1,250,2,7803,8291731,-1,-113
,ServiceLog,alex,1417273702460,3G,HSDPA,1,250,2,7803,8291731,-1,-113
,ServiceLog,alex,1417273703691,3G,HSDPA,1,250,2,7803,8291731,-1,-113
,ServiceLog,alex,1417273704918,3G,HSDPA,1,250,2,7803,8291731,-1,-113
,ServiceLog,alex,1417273706108,3G,HSDPA,1,250,2,7803,8291731,-1,-113
,ServiceLog,alex,1417273707354,3G,HSDPA,1,250,2,7803,8291731,-1,-113
,ServiceLog,alex,1417273708575,3G,HSDPA,1,250,2,7803,8291731,-1,-113
,ServiceLog,alex,1417273709855,3G,HSDPA,1,250,2,7803,8291731,-1,-113
,ServiceLog,alex,1417273711113,3G,HSDPA,1,250,2,7803,8291731,-1,-113
,ServiceLog,alex,1417273712350,3G,HSDPA,1,250,2,7803,8291731,-1,-113
,ServiceLog,alex,1417273713592,3G,HSDPA,1,250,2,7803,8291731,-1,-113
,ServiceLog,alex,1417273714798,3G,HSDPA,1,250,2,7803,8291731,-1,-113
,ServiceLog,alex,1417273716026,3G,HSDPA,1,250,2,7803,8291731,-1,-113
,ServiceLog,alex,1417273717268,3G,HSDPA,1,250,2,7803,8291731,-1,-113
,ServiceLog,alex,1417273718490,3G,HSDPA,1,250,2,7803,8291731,-1,-113
,ServiceLog,alex,1417273719802,3G,HSDPA,1,250,2,7803,8291731,-1,-113
,ServiceLog,alex,1417273721017,3G,HSDPA,1,250,2,7803,8291731,-1,-113
,ServiceLog,alex,1417273722237,3G,HSDPA,1,250,2,7803,8291731,-1,-113
,ServiceLog,alex,1417273723532,3G,HSDPA,1,250,2,7803,8291731,-1,-113
,ServiceLog,alex,1417273724736,3G,HSDPA,1,250,2,7803,8291731,-1,-113
,ServiceLog,alex,1417273726016,3G,HSDPA,1,250,2,7803,8291731,-1,-113
,ServiceLog,alex,1417273727238,3G,HSDPA,1,250,2,7803,8291731,-1,-113
,ServiceLog,alex,1417273728466,3G,HSDPA,1,250,2,7803,8291731,-1,-113
,ServiceLog,alex,1417273729686,3G,HSDPA,1,250,2,7803,8291731,-1,-113
,ServiceLog,alex,1417273730934,3G,HSDPA,1,250,2,7803,8291731,-1,-113
,ServiceLog,alex,1417273732168,3G,HSDPA,1,250,2,7803,8291731,-1,-113
,ServiceLog,alex,1417273733380,3G,HSDPA,1,250,2,7803,8291731,-1,-113
,ServiceLog,alex,1417273735153,3G,HSDPA,1,250,2,7803,8291731,-1,-113
,ServiceLog,alex,1417273736462,3G,HSDPA,1,250,2,7803,8291731,-1,-113
,ServiceLog,alex,1417273737702,3G,HSDPA,1,250,2,7803,8291731,-1,-113
,ServiceLog,alex,1417273738937,3G,HSDPA,1,250,2,7803,8291731,-1,-113
,ServiceLog,alex,1417273740278,3G,HSDPA,1,250,2,7803,8291731,-1,-113
,ServiceLog,alex,1417273741497,3G,HSDPA,1,250,2,7803,8291731,-1,-113
,ServiceLog,alex,1417273742742,3G,HSDPA,1,250,2,7803,8291731,-1,-113
,ServiceLog,alex,1417273743931,3G,HSDPA,1,250,2,7803,8291731,-1,-113
,ServiceLog,alex,1417273745161,3G,HSDPA,1,250,2,7803,8291732,-1,-113
,ServiceLog,alex,1417273746409,3G,HSDPA,1,250,2,7803,8291732,-1,-113
,ServiceLog,alex,1417273747623,3G,HSDPA,1,250,2,7803,8291732,-1,-113
,ServiceLog,alex,1417273748841,3G,HSDPA,1,250,2,7803,8291732,-1,-113
,ServiceLog,alex,1417273750127,3G,HSDPA,1,250,2,7803,8291732,-1,-113
,ServiceLog,alex,1417273751379,3G,HSDPA,1,250,2,7803,8291732,-1,-113
,ServiceLog,alex,1417273752567,3G,HSDPA,1,250,2,7803,8291732,-1,-113
,ServiceLog,alex,1417273753837,3G,HSDPA,1,250,2,7803,8291732,-1,-113
,ServiceLog,alex,1417273755069,3G,HSDPA,1,250,2,7803,8291732,-1,-113
,ServiceLog,alex,1417273756278,3G,HSDPA,1,250,2,7803,8291732,-1,-113
,ServiceLog,alex,1417273757464,3G,HSDPA,1,250,2,7803,8291732,-1,-113
,ServiceLog,alex,1417273758715,unknown,unknown,1,-1,-1,-1,-1,-1,-1
,ServiceLog,alex,1417273759930,unknown,unknown,1,-1,-1,-1,-1,-1,-1
,ServiceLog,alex,1417273761226,unknown,unknown,1,-1,-1,-1,-1,-1,-1
,ServiceLog,alex,1417273762446,2G,EDGE,1,250,2,7803,22398,-1,0
,ServiceLog,alex,1417273764161,2G,EDGE,1,250,2,7803,22398,-1,0
,ServiceLog,alex,1417273765396,2G,EDGE,1,250,2,7803,22398,-1,0
,ServiceLog,alex,1417273766573,2G,EDGE,1,250,2,7803,22398,-1,0
,ServiceLog,alex,1417273767813,2G,EDGE,1,250,2,7803,22398,-1,0
,ServiceLog,alex,1417273769051,2G,EDGE,1,250,2,7803,22398,-1,0
,ServiceLog,alex,1417273770249,2G,EDGE,1,250,2,7803,22398,-1,0
,ServiceLog,alex,1417273771461,2G,EDGE,1,250,2,7803,22398,-1,0
,ServiceLog,alex,1417273772700,2G,EDGE,1,250,2,7803,22398,-1,0
,ServiceLog,alex,1417273773935,2G,EDGE,1,250,2,7803,22398,-1,0
,ServiceLog,alex,1417273775132,2G,EDGE,1,250,2,7803,22398,-1,0
,ServiceLog,alex,1417273776506,2G,EDGE,1,250,2,7803,22398,-1,0
,ServiceLog,alex,1417273777804,2G,EDGE,1,250,2,7803,22398,-1,0
,ServiceLog,alex,1417273779469,2G,EDGE,1,250,2,7803,22238,-1,0
,ServiceLog,alex,1417273782110,2G,EDGE,1,250,2,7803,22238,-1,0
,ServiceLog,alex,1417273784746,2G,EDGE,1,250,2,7803,22238,-1,0
,ServiceLog,alex,1417273786987,2G,EDGE,1,250,2,7803,22238,-1,0
,ServiceLog,alex,1417273788176,2G,EDGE,1,250,2,7803,22238,-1,0
,ServiceLog,alex,1417273789383,2G,EDGE,1,250,2,7803,22238,-1,0
,ServiceLog,alex,1417273790589,2G,EDGE,1,250,2,7803,22238,-1,0
,ServiceLog,alex,1417273791787,2G,EDGE,1,250,2,7803,22238,-1,0
,ServiceLog,alex,1417273792989,2G,EDGE,1,250,2,7803,22238,-1,0
,ServiceLog,alex,1417273794208,2G,EDGE,1,250,2,7803,22238,-1,0
,ServiceLog,alex,1417273795406,2G,EDGE,1,250,2,7803,22238,-1,0
,ServiceLog,alex,1417273796726,2G,EDGE,1,250,2,7803,22238,-1,0
,ServiceLog,alex,1417273797962,2G,EDGE,1,250,2,7803,22238,-1,0
,ServiceLog,alex,1417273799146,2G,EDGE,1,250,2,7803,22238,-1,0
,ServiceLog,alex,1417273800359,2G,EDGE,1,250,2,7803,22238,-1,0
,ServiceLog,alex,1417273801565,2G,EDGE,1,250,2,7803,22238,-1,0
,ServiceLog,alex,1417273802792,2G,EDGE,1,250,2,7803,22238,-1,0
,ServiceLog,alex,1417273804004,2G,EDGE,1,250,2,7803,22238,-1,0
,ServiceLog,alex,1417273805308,2G,EDGE,1,250,2,7803,22238,-1,0
,ServiceLog,alex,1417273806529,2G,EDGE,1,250,2,7803,22238,-1,0
,ServiceLog,alex,1417273807730,2G,EDGE,1,250,2,7803,22238,-1,0
,ServiceLog,alex,1417273808933,2G,EDGE,1,250,2,7803,22238,-1,0
,ServiceLog,alex,1417273810213,2G,EDGE,1,250,2,7803,22238,-1,0
,ServiceLog,alex,1417273811403,2G,EDGE,1,250,2,7803,22238,-1,0
,ServiceLog,alex,1417273812635,2G,EDGE,1,250,2,7803,22238,-1,0
,ServiceLog,alex,1417273813866,2G,EDGE,1,250,2,7803,22238,-1,0
,ServiceLog,alex,1417273815066,2G,EDGE,1,250,2,7803,22238,-1,0
,ServiceLog,alex,1417273816273,2G,EDGE,1,250,2,7803,22238,-1,0
,ServiceLog,alex,1417273817469,2G,EDGE,1,250,2,7803,22238,-1,0
,ServiceLog,alex,1417273818701,2G,EDGE,1,250,2,7803,22238,-1,0
,ServiceLog,alex,1417273819911,2G,EDGE,1,250,2,7803,22238,-1,0
,ServiceLog,alex,1417273821138,2G,EDGE,1,250,2,7803,22238,-1,0
,ServiceLog,alex,1417273822339,2G,EDGE,1,250,2,7803,22238,-1,0
,ServiceLog,alex,1417273823611,2G,EDGE,1,250,2,7803,22238,-1,0
,ServiceLog,alex,1417273824805,2G,EDGE,1,250,2,7803,22238,-1,0
,ServiceLog,alex,1417273826109,2G,GPRS,1,250,2,7803,8317597,-1,0
,ServiceLog,alex,1417273827422,unknown,unknown,1,-1,-1,-1,-1,-1,-1
,ServiceLog,alex,1417273828609,unknown,unknown,1,-1,-1,-1,-1,-1,-1
,ServiceLog,alex,1417273829825,3G,HSDPA,1,250,2,7803,8317597,-1,-113
,ServiceLog,alex,1417273831037,3G,HSDPA,1,250,2,7803,8317597,-1,-113
,ServiceLog,alex,1417273832250,3G,HSDPA,1,250,2,7803,8317597,-1,-113
,ServiceLog,alex,1417273833453,3G,HSDPA,1,250,2,7803,8317597,-1,-113
,ServiceLog,alex,1417273834665,3G,HSDPA,1,250,2,7803,8317597,-1,-113
,ServiceLog,alex,1417273835947,3G,HSDPA,1,250,2,7803,8317597,-1,-113
,ServiceLog,alex,1417273837162,3G,HSDPA,1,250,2,7803,8317597,-1,-113
,ServiceLog,alex,1417273838345,3G,HSDPA,1,250,2,7803,8317597,-1,-113
,ServiceLog,alex,1417273839604,3G,HSDPA,1,250,2,7803,8317597,-1,-113
,ServiceLog,alex,1417273840814,3G,HSDPA,1,250,2,7803,8317597,-1,-113
,ServiceLog,alex,1417273842016,3G,HSDPA,1,250,2,7803,8294990,-1,-113
,ServiceLog,alex,1417273843319,3G,HSDPA,1,250,2,7803,8294990,-1,-113
,ServiceLog,alex,1417273844503,3G,HSDPA,1,250,2,7803,8294990,-1,-113
,ServiceLog,alex,1417273845725,3G,HSDPA,1,250,2,7803,8294990,-1,-113
,ServiceLog,alex,1417273846933,3G,HSDPA,1,250,2,7803,8294990,-1,-113
,ServiceLog,alex,1417273848134,3G,HSDPA,1,250,2,7803,8294990,-1,-113
,ServiceLog,alex,1417273849397,3G,HSDPA,1,250,2,7803,8294990,-1,-113
,ServiceLog,alex,1417279653217,3G,HSDPA,1,250,2,7803,8294990,-1,-113
,ServiceLog,alex,1417279654380,3G,HSDPA,1,250,2,7803,8294990,-1,-113
,ServiceLog,alex,1417279655659,3G,HSDPA,1,250,2,7803,8294990,-1,-113
,ServiceLog,alex,1417279656827,3G,HSDPA,1,250,2,7803,8294990,-1,-113
,ServiceLog,alex,1417279657966,3G,HSDPA,1,250,2,7803,8294990,-1,-113
,ServiceLog,alex,1417279659228,3G,HSDPA,1,250,2,7803,8294990,-1,-113
,ServiceLog,alex,1417279660443,3G,HSDPA,1,250,2,7803,8294990,-1,-113
,ServiceLog,alex,1417279661730,3G,HSDPA,1,250,2,7803,8294990,-1,-113
,ServiceLog,alex,1417279662945,3G,HSDPA,1,250,2,7803,8294990,-1,-113
,ServiceLog,alex,1417279664157,3G,HSDPA,1,250,2,7803,8294990,-1,-113
,ServiceLog,alex,1417279665449,3G,HSDPA,1,250,2,7803,8294990,-1,-113
,ServiceLog,alex,1417279666617,3G,HSDPA,1,250,2,7803,8294990,-1,-113
,ServiceLog,alex,1417279667825,3G,HSDPA,1,250,2,7803,8294990,-1,-113
,ServiceLog,alex,1417279669104,3G,HSDPA,1,250,2,7803,8294988,-1,-113
,ServiceLog,alex,1417279670460,3G,HSDPA,1,250,2,7803,8294988,-1,-113
,ServiceLog,alex,1417279673145,3G,HSDPA,1,250,2,7803,8294988,-1,-113
,ServiceLog,alex,1417279675877,3G,HSDPA,1,250,2,7803,8294988,-1,-113
,ServiceLog,alex,1417279678292,3G,HSDPA,1,250,2,7803,8294988,-1,-113
,ServiceLog,alex,1417279679487,3G,HSDPA,1,250,2,7803,8294988,-1,-113
,ServiceLog,alex,1417279680659,3G,HSDPA,1,250,2,7803,8294988,-1,-113
,ServiceLog,alex,1417279681889,3G,HSDPA,1,250,2,7803,8294988,-1,-113
,ServiceLog,alex,1417279683060,3G,HSDPA,1,250,2,7803,8294988,-1,-113
,ServiceLog,alex,1417279684258,3G,HSDPA,1,250,2,7803,8294988,-1,-113
,ServiceLog,alex,1417279685515,3G,HSDPA,1,250,2,7803,8294988,-1,-113
,ServiceLog,alex,1417279686700,3G,HSDPA,1,250,2,7803,8294988,-1,-113
,ServiceLog,alex,1417279687902,3G,HSDPA,1,250,2,7803,8294988,-1,-113
,ServiceLog,alex,1417279689123,3G,HSDPA,1,250,2,7803,8294988,-1,-113
,ServiceLog,alex,1417279690334,3G,HSDPA,1,250,2,7803,8294988,-1,-113
,ServiceLog,alex,1417279691541,3G,HSDPA,1,250,2,7803,8294988,-1,-113
,ServiceLog,alex,1417279692746,3G,HSDPA,1,250,2,7803,8294988,-1,-113
,ServiceLog,alex,1417279693928,3G,HSDPA,1,250,2,7803,8294988,-1,-113
,ServiceLog,alex,1417279695149,3G,HSDPA,1,250,2,7803,8294988,-1,-113
,ServiceLog,alex,1417279696360,3G,HSDPA,1,250,2,7803,8294988,-1,-113
,ServiceLog,alex,1417279697536,3G,HSDPA,1,250,2,7803,8294988,-1,-113
,ServiceLog,alex,1417279698714,3G,HSDPA,1,250,2,7803,8294988,-1,-113
,ServiceLog,alex,1417279699893,3G,HSDPA,1,250,2,7803,8294988,-1,-113
,ServiceLog,alex,1417279701052,3G,HSDPA,1,250,2,7803,8294988,-1,-113
,ServiceLog,alex,1417279702238,3G,HSDPA,1,250,2,7803,8294988,-1,-113
,ServiceLog,alex,1417279703425,3G,HSDPA,1,250,2,7803,8294988,-1,-113
,ServiceLog,alex,1417279704671,3G,HSDPA,1,250,2,7803,8294988,-1,-113
,ServiceLog,alex,1417279705858,3G,HSDPA,1,250,2,7803,8294988,-1,-113
,ServiceLog,alex,1417279707098,3G,HSDPA,1,250,2,7803,8294988,-1,-113
,ServiceLog,alex,1417279708286,3G,HSDPA,1,250,2,7803,8294988,-1,-113
,ServiceLog,alex,1417279709533,3G,HSDPA,1,250,2,7803,8294988,-1,-113
,ServiceLog,alex,1417279710707,3G,HSDPA,1,250,2,7803,8294988,-1,-113
,ServiceLog,alex,1417279711867,3G,HSDPA,1,250,2,7803,8294988,-1,-113
,ServiceLog,alex,1417279713055,3G,HSDPA,1,250,2,7803,8294988,-1,-113
,ServiceLog,alex,1417279714240,3G,HSDPA,1,250,2,7803,8294988,-1,-113
,ServiceLog,alex,1417279715427,3G,HSDPA,1,250,2,7803,8294988,-1,-113
,ServiceLog,alex,1417279716592,3G,HSDPA,1,250,2,7803,8294988,-1,-113
,ServiceLog,alex,1417279717799,3G,HSDPA,1,250,2,7803,8294988,-1,-113
,ServiceLog,alex,1417279719036,3G,HSDPA,1,250,2,7803,8294988,-1,-113
,ServiceLog,alex,1417279720230,3G,HSDPA,1,250,2,7803,8294988,-1,-113
,ServiceLog,alex,1417279721407,3G,HSDPA,1,250,2,7803,8294988,-1,-113
,ServiceLog,alex,1417279722647,3G,HSDPA,1,250,2,7803,22238,-1,0
,ServiceLog,alex,1417279723847,2G,EDGE,1,250,2,7803,22238,-1,0
,ServiceLog,alex,1417279725071,2G,EDGE,1,250,2,7803,22238,-1,0
,ServiceLog,alex,1417279726252,2G,EDGE,1,250,2,7803,22238,-1,0
,ServiceLog,alex,1417279727428,2G,EDGE,1,250,2,7803,22238,-1,0
,ServiceLog,alex,1417279728625,2G,EDGE,1,250,2,7803,22238,-1,0
,ServiceLog,alex,1417279729807,2G,EDGE,1,250,2,7803,22238,-1,0
,ServiceLog,alex,1417279730986,2G,EDGE,1,250,2,7803,22238,-1,0
,ServiceLog,alex,1417279732145,2G,EDGE,1,250,2,7803,22238,-1,0
,ServiceLog,alex,1417279733348,2G,EDGE,1,250,2,7803,22238,-1,0
,ServiceLog,alex,1417279734547,2G,EDGE,1,250,2,7803,22238,-1,0
,ServiceLog,alex,1417279735788,2G,EDGE,1,250,2,7803,22238,-1,0
,ServiceLog,alex,1417279736950,2G,EDGE,1,250,2,7803,22238,-1,0
,ServiceLog,alex,1417279738186,2G,EDGE,1,250,2,7803,22238,-1,0
,ServiceLog,alex,1417279739375,2G,EDGE,1,250,2,7803,22238,-1,0
,ServiceLog,alex,1417279740579,2G,EDGE,1,250,2,7803,22238,-1,0
,ServiceLog,alex,1417279741743,2G,EDGE,1,250,2,7803,22238,-1,0
,ServiceLog,alex,1417279742945,2G,EDGE,1,250,2,7803,22238,-1,0
,ServiceLog,alex,1417279744212,2G,EDGE,1,250,2,7803,22238,-1,0
,ServiceLog,alex,1417279745406,2G,EDGE,1,250,2,7803,22238,-1,0
,ServiceLog,alex,1417279746563,2G,EDGE,1,250,2,7803,22238,-1,0
,ServiceLog,alex,1417279747769,2G,EDGE,1,250,2,7803,22238,-1,0
,ServiceLog,alex,1417279749042,2G,EDGE,1,250,2,7803,22398,-1,0
,ServiceLog,alex,1417279750230,2G,EDGE,1,250,2,7803,22398,-1,0
,ServiceLog,alex,1417279751398,2G,EDGE,1,250,2,7803,22398,-1,0
,ServiceLog,alex,1417279752612,2G,EDGE,1,250,2,7803,22398,-1,0
,ServiceLog,alex,1417279753818,2G,EDGE,1,250,2,7803,22398,-1,0
,ServiceLog,alex,1417279755005,2G,EDGE,1,250,2,7803,22398,-1,0
,ServiceLog,alex,1417279756173,2G,EDGE,1,250,2,7803,22398,-1,0
,ServiceLog,alex,1417279757391,2G,EDGE,1,250,2,7803,22398,-1,0
,ServiceLog,alex,1417279758593,2G,EDGE,1,250,2,7803,22398,-1,0
,ServiceLog,alex,1417279759777,2G,EDGE,1,250,2,7803,22398,-1,0
,ServiceLog,alex,1417279760976,2G,EDGE,1,250,2,7803,22398,-1,0
,ServiceLog,alex,1417279762274,2G,EDGE,1,250,2,7803,22398,-1,0
,ServiceLog,alex,1417279763495,2G,EDGE,1,250,2,7803,22398,-1,0
,ServiceLog,alex,1417279764727,2G,EDGE,1,250,2,7803,22398,-1,0
,ServiceLog,alex,1417279765938,2G,EDGE,1,250,2,7803,22398,-1,0
,ServiceLog,alex,1417279767143,2G,EDGE,1,250,2,7803,22398,-1,0
,ServiceLog,alex,1417279768344,2G,EDGE,1,250,2,7803,22398,-1,0
,ServiceLog,alex,1417279769514,2G,EDGE,1,250,2,7803,22398,-1,0
,ServiceLog,alex,1417279770739,2G,EDGE,1,250,2,7803,22398,-1,0
,ServiceLog,alex,1417279771950,2G,EDGE,1,250,2,7803,22398,-1,0
,ServiceLog,alex,1417279773116,2G,EDGE,1,250,2,7803,22398,-1,0
,ServiceLog,alex,1417279774305,2G,GPRS,1,250,2,7803,8291731,-1,-113
,ServiceLog,alex,1417279775573,3G,HSDPA,1,250,2,7803,8291731,-1,-113
,ServiceLog,alex,1417279777027,3G,HSDPA,1,250,2,7803,8291731,-1,-113
,ServiceLog,alex,1417279779324,3G,HSDPA,1,250,2,7803,8291731,-1,-113
,ServiceLog,alex,1417279781857,3G,HSDPA,1,250,2,7803,8291731,-1,-113
,ServiceLog,alex,1417279784476,3G,HSDPA,1,250,2,7803,8315308,-1,-113
,ServiceLog,alex,1417279785742,3G,HSDPA,1,250,2,7803,8315308,-1,-113
,ServiceLog,alex,1417279786919,3G,HSDPA,1,250,2,7803,8315308,-1,-113
,ServiceLog,alex,1417279788105,3G,HSDPA,1,250,2,7803,8315308,-1,-113
,ServiceLog,alex,1417279789285,3G,HSDPA,1,250,2,7803,8315308,-1,-113
,ServiceLog,alex,1417279790451,3G,HSDPA,1,250,2,7803,8315308,-1,-113
,ServiceLog,alex,1417279791648,3G,HSDPA,1,250,2,7803,8315308,-1,-113
,ServiceLog,alex,1417279792885,3G,HSDPA,1,250,2,7803,8315308,-1,-113
,ServiceLog,alex,1417279794059,3G,HSDPA,1,250,2,7803,8315308,-1,-113
,ServiceLog,alex,1417279795224,3G,HSDPA,1,250,2,7803,8315308,-1,-113
,ServiceLog,alex,1417279796404,3G,HSDPA,1,250,2,7803,8315308,-1,-113
,ServiceLog,alex,1417279797616,3G,HSDPA,1,250,2,7803,8315308,-1,-113
,ServiceLog,alex,1417279798810,3G,HSDPA,1,250,2,7803,8315308,-1,-113
,ServiceLog,alex,1417279799964,3G,HSDPA,1,250,2,7803,8315308,-1,-113
,ServiceLog,alex,1417279801185,3G,HSDPA,1,250,2,7803,8315308,-1,-113
,ServiceLog,alex,1417279802396,3G,HSDPA,1,250,2,7803,8315308,-1,-113
,ServiceLog,alex,1417279803605,3G,HSDPA,1,250,2,7803,8315308,-1,-113
,ServiceLog,alex,1417279804922,3G,HSDPA,1,250,2,7803,8315308,-1,-113
,ServiceLog,alex,1417279806080,3G,HSDPA,1,250,2,7803,8315308,-1,-113
,ServiceLog,alex,1417279807269,3G,HSDPA,1,250,2,7803,8315308,-1,-113
,ServiceLog,alex,1417279808453,3G,HSDPA,1,250,2,7803,8315308,-1,-113
,ServiceLog,alex,1417279809660,3G,HSDPA,1,250,2,7803,8315308,-1,-113
,ServiceLog,alex,1417279810844,3G,HSDPA,1,250,2,7803,8315308,-1,-113
,ServiceLog,alex,1417279812030,3G,HSDPA,1,250,2,7803,8315308,-1,-113
,ServiceLog,alex,1417279813205,3G,HSDPA,1,250,2,7803,8315308,-1,-113
,ServiceLog,alex,1417279814377,3G,HSDPA,1,250,2,7803,8315308,-1,-113
,ServiceLog,alex,1417279815555,3G,HSDPA,1,250,2,7803,8315308,-1,-113
,ServiceLog,alex,1417279816707,3G,HSDPA,1,250,2,7803,8315308,-1,-113
,ServiceLog,alex,1417279817954,3G,HSDPA,1,250,2,7803,8315308,-1,-113
,ServiceLog,alex,1417279819147,3G,HSDPA,1,250,2,7803,8315308,-1,-113
,ServiceLog,alex,1417279820351,3G,HSDPA,1,250,2,7803,8315308,-1,-113
,ServiceLog,alex,1417279821529,3G,HSDPA,1,250,2,7803,8315308,-1,-113
,ServiceLog,alex,1417279822751,3G,HSDPA,1,250,2,7803,8315308,-1,-113
,ServiceLog,alex,1417279823928,3G,HSDPA,1,250,2,7803,8315308,-1,-113
,ServiceLog,alex,1417279825192,3G,HSDPA,1,250,2,7803,8315308,-1,-113
,ServiceLog,alex,1417279826377,3G,HSDPA,1,250,2,7803,8315308,-1,-113
,ServiceLog,alex,1417279827569,3G,HSDPA,1,250,2,7803,8315308,-1,-113
,ServiceLog,alex,1417279828774,3G,HSDPA,1,250,2,7803,8315308,-1,-113
,ServiceLog,alex,1417279830098,3G,HSDPA,1,250,2,7803,8315308,-1,-113
,ServiceLog,alex,1417279831265,3G,HSDPA,1,250,2,7803,8315308,-1,-113
,ServiceLog,alex,1417279832469,3G,HSDPA,1,250,2,7803,8315308,-1,-113
,ServiceLog,alex,1417279833667,3G,HSDPA,1,250,2,7803,8315308,-1,-113
,ServiceLog,alex,1417279834863,3G,HSDPA,1,250,2,7803,8315308,-1,-113
,ServiceLog,alex,1417279836043,3G,HSDPA,1,250,2,7803,8315308,-1,-113
,ServiceLog,alex,1417279837243,3G,HSDPA,1,250,2,7803,8315308,-1,-113
,ServiceLog,alex,1417279838423,3G,HSDPA,1,250,2,7803,8291731,-1,-113
,ServiceLog,alex,1417279839610,3G,HSDPA,1,250,2,7803,8291731,-1,-113
,ServiceLog,alex,1417279840801,3G,HSDPA,1,250,2,7803,8291731,-1,-113
,ServiceLog,alex,1417279842041,3G,HSDPA,1,250,2,7803,8291731,-1,-113
,ServiceLog,alex,1417279843294,3G,HSDPA,1,250,2,7803,8291731,-1,-113
,ServiceLog,alex,1417279844483,3G,HSDPA,1,250,2,7803,8291731,-1,-113
,ServiceLog,alex,1417279845709,3G,HSDPA,1,250,2,7803,8291731,-1,-113
,ServiceLog,alex,1417279846906,3G,HSDPA,1,250,2,7803,8291731,-1,-113
,ServiceLog,alex,1417279848108,3G,HSDPA,1,250,2,7803,8291731,-1,-113
,ServiceLog,alex,1417279849262,3G,HSDPA,1,250,2,7803,8291731,-1,-113
,ServiceLog,alex,1417279850446,3G,HSDPA,1,250,2,7803,8315308,-1,-113
,ServiceLog,alex,1417279851641,3G,HSDPA,1,250,2,7803,8315308,-1,-113
,ServiceLog,alex,1417279852835,3G,HSDPA,1,250,2,7803,8315308,-1,-113
,ServiceLog,alex,1417279854009,3G,HSDPA,1,250,2,7803,8291730,-1,-113
,ServiceLog,alex,1417279855267,3G,HSDPA,1,250,2,7803,8291732,-1,-113
,ServiceLog,alex,1417279856477,3G,HSDPA,1,250,2,7803,8291732,-1,-113
,ServiceLog,alex,1417279857657,3G,HSDPA,1,250,2,7803,8317782,-1,-113
,ServiceLog,alex,1417279858860,3G,HSDPA,1,250,2,7803,8291731,-1,-113
,ServiceLog,alex,1417279860089,3G,HSDPA,1,250,2,7803,8291731,-1,-113
,ServiceLog,alex,1417279861289,3G,HSDPA,1,250,2,7803,8291731,-1,-113
,ServiceLog,alex,1417279862533,3G,HSDPA,1,250,2,7803,8291731,-1,-113
,ServiceLog,alex,1417279863683,3G,HSDPA,1,250,2,7803,8291732,-1,-113
,ServiceLog,alex,1417279864888,3G,HSDPA,1,250,2,7803,8291732,-1,-113
,ServiceLog,alex,1417279866089,3G,HSDPA,1,250,2,7803,8291732,-1,-113
,ServiceLog,alex,1417279867272,3G,HSDPA,1,250,2,7803,8291732,-1,-113
,ServiceLog,alex,1417279868456,3G,HSDPA,1,250,2,7803,8291732,-1,-113
,ServiceLog,alex,1417279869714,3G,HSDPA,1,250,2,7803,8291732,-1,-113
,ServiceLog,alex,1417279870905,3G,HSDPA,1,250,2,7803,8291732,-1,-113
,ServiceLog,alex,1417279872115,3G,HSDPA,1,250,2,7803,8291732,-1,-113
,ServiceLog,alex,1417279873317,3G,HSDPA,1,250,2,7803,8291732,-1,-113
,ServiceLog,alex,1417279874514,3G,HSDPA,1,250,2,7803,8291732,-1,-113
,ServiceLog,alex,1417279875724,3G,HSDPA,1,250,2,7803,8291732,-1,-113
,ServiceLog,alex,1417279876892,3G,HSDPA,1,250,2,7803,8291732,-1,-113
,ServiceLog,alex,1417279878134,3G,HSDPA,1,250,2,7803,22397,-1,0
,ServiceLog,alex,1417279879341,3G,HSDPA,1,250,2,7803,22397,-1,0
,ServiceLog,alex,1417279880525,3G,HSDPA,1,250,2,7803,22397,-1,0
,ServiceLog,alex,1417279881695,3G,HSDPA,1,250,2,7803,22397,-1,0
,ServiceLog,alex,1417279883056,3G,HSDPA,1,250,2,7803,22397,-1,0
,ServiceLog,alex,1417279884464,3G,HSDPA,1,250,2,7803,22397,-1,0
,ServiceLog,alex,1417279885656,3G,HSDPA,1,250,2,7803,22397,-1,0
,ServiceLog,alex,1417279886855,3G,HSDPA,1,250,2,7803,22397,-1,0
,ServiceLog,alex,1417279888070,3G,HSDPA,1,250,2,7803,22397,-1,0
,ServiceLog,alex,1417279889278,3G,HSDPA,1,250,2,7803,22397,-1,0
,ServiceLog,alex,1417279890442,3G,HSDPA,1,250,2,7803,22397,-1,0
,ServiceLog,alex,1417279891656,3G,HSDPA,1,250,2,7803,22397,-1,0
,ServiceLog,alex,1417279892874,3G,HSDPA,1,250,2,7803,22397,-1,0
,ServiceLog,alex,1417279894067,3G,HSDPA,1,250,2,7803,22397,-1,0
,ServiceLog,alex,1417279895234,3G,HSDPA,1,250,2,7803,22397,-1,0
,ServiceLog,alex,1417279897808,3G,HSDPA,1,250,2,7803,22397,-1,0
,ServiceLog,alex,1417279900590,2G,EDGE,1,250,2,7803,22397,-1,0
,ServiceLog,alex,1417279903214,2G,EDGE,1,250,2,7803,22397,-1,0
,ServiceLog,alex,1417279904470,2G,EDGE,1,250,2,7803,22397,-1,0
,ServiceLog,alex,1417279905665,2G,EDGE,1,250,2,7803,22397,-1,0
,ServiceLog,alex,1417279906919,2G,EDGE,1,250,2,7803,22397,-1,0
,ServiceLog,alex,1417279908102,2G,EDGE,1,250,2,7803,22397,-1,0
,ServiceLog,alex,1417279909257,2G,EDGE,1,250,2,7803,22397,-1,0
,ServiceLog,alex,1417279910458,2G,EDGE,1,250,2,7803,22397,-1,0
,ServiceLog,alex,1417279911632,2G,EDGE,1,250,2,7803,22397,-1,0
,ServiceLog,alex,1417279912820,2G,EDGE,1,250,2,7803,22397,-1,0
,ServiceLog,alex,1417279914050,2G,EDGE,1,250,2,7803,22397,-1,0
,ServiceLog,alex,1417279915241,2G,EDGE,1,250,2,7803,22397,-1,0
,ServiceLog,alex,1417279916443,2G,EDGE,1,250,2,7803,22397,-1,0
,ServiceLog,alex,1417279917625,2G,EDGE,1,250,2,7803,22397,-1,0
,ServiceLog,alex,1417279918815,2G,EDGE,1,250,2,7803,22397,-1,0
,ServiceLog,alex,1417279919983,2G,EDGE,1,250,2,7803,22397,-1,0
,ServiceLog,alex,1417279921201,2G,EDGE,1,250,2,7803,22397,-1,0
,ServiceLog,alex,1417279922377,2G,EDGE,1,250,2,7803,22397,-1,0
,ServiceLog,alex,1417279923558,2G,EDGE,1,250,2,7803,22397,-1,0
,ServiceLog,alex,1417279924731,2G,EDGE,1,250,2,7803,22397,-1,0
,ServiceLog,alex,1417279925886,2G,EDGE,1,250,2,7803,22397,-1,0
,ServiceLog,alex,1417279927206,2G,EDGE,1,250,2,7803,22397,-1,0
,ServiceLog,alex,1417279928419,2G,EDGE,1,250,2,7803,22397,-1,0
,ServiceLog,alex,1417279929606,2G,EDGE,1,250,2,7803,22397,-1,0
,ServiceLog,alex,1417279930768,2G,EDGE,1,250,2,7803,22397,-1,0
,ServiceLog,alex,1417279931946,2G,EDGE,1,250,2,7803,22397,-1,0
,ServiceLog,alex,1417279933131,2G,EDGE,1,250,2,7803,22397,-1,0
,ServiceLog,alex,1417279934319,2G,EDGE,1,250,2,7803,22397,-1,0
,ServiceLog,alex,1417279935497,2G,EDGE,1,250,2,7803,22397,-1,0
,ServiceLog,alex,1417279936656,2G,EDGE,1,250,2,7803,22397,-1,0
,ServiceLog,alex,1417279937845,2G,EDGE,1,250,2,7803,22397,-1,0
,ServiceLog,alex,1417279939033,2G,EDGE,1,250,2,7803,22397,-1,0
,ServiceLog,alex,1417279940271,2G,EDGE,1,250,2,7803,22397,-1,0
,ServiceLog,alex,1417279941455,2G,EDGE,1,250,2,7803,22397,-1,0
,ServiceLog,alex,1417279942637,2G,EDGE,1,250,2,7803,22397,-1,0
,ServiceLog,alex,1417279943817,2G,EDGE,1,250,2,7803,22397,-1,0
,ServiceLog,alex,1417279945012,2G,EDGE,1,250,2,7803,22397,-1,0
,ServiceLog,alex,1417279946185,2G,EDGE,1,250,2,7803,22397,-1,0
,ServiceLog,alex,1417279947416,2G,GPRS,1,250,2,7803,8322235,-1,0
,ServiceLog,alex,1417279948745,3G,HSDPA,1,250,2,7803,8322235,-1,-113
,ServiceLog,alex,1417279950001,3G,HSDPA,1,250,2,7803,8322235,-1,-113
,ServiceLog,alex,1417279951201,3G,HSDPA,1,250,2,7803,8322235,-1,-113
,ServiceLog,alex,1417279952354,3G,HSDPA,1,250,2,7803,8322235,-1,-113
,ServiceLog,alex,1417279953566,3G,HSDPA,1,250,2,7803,8322235,-1,-113
,ServiceLog,alex,1417279954821,3G,HSDPA,1,250,2,7803,8322235,-1,-113
,ServiceLog,alex,1417279955974,3G,HSDPA,1,250,2,7803,8322235,-1,-113
,ServiceLog,alex,1417279957160,3G,HSDPA,1,250,2,7803,8322235,-1,-113
,ServiceLog,alex,1417279958364,3G,HSDPA,1,250,2,7803,8322235,-1,-113
,ServiceLog,alex,1417279959563,3G,HSDPA,1,250,2,7803,8322235,-1,-113
,ServiceLog,alex,1417279960720,3G,HSDPA,1,250,2,7803,8322235,-1,-113
,ServiceLog,alex,1417279961917,3G,HSDPA,1,250,2,7803,8322235,-1,-113
,ServiceLog,alex,1417279963106,3G,HSDPA,1,250,2,7803,8322235,-1,-113
,ServiceLog,alex,1417279964392,3G,HSDPA,1,250,2,7803,8321281,-1,-113
,ServiceLog,alex,1417279965561,3G,HSDPA,1,250,2,7803,8321281,-1,-113
,ServiceLog,alex,1417279966824,3G,HSDPA,1,250,2,7803,8321281,-1,-113
,ServiceLog,alex,1417279968035,3G,HSDPA,1,250,2,7803,8321281,-1,-113
,ServiceLog,alex,1417279969251,3G,HSDPA,1,250,2,7803,8321281,-1,-113
,ServiceLog,alex,1417279970424,3G,HSDPA,1,250,2,7803,8321281,-1,-113
,ServiceLog,alex,1417279971637,3G,HSDPA,1,250,2,7803,8321281,-1,-113
,ServiceLog,alex,1417279972843,3G,HSDPA,1,250,2,7803,8321281,-1,-113
,ServiceLog,alex,1417279974040,3G,HSDPA,1,250,2,7803,8321281,-1,-113
,ServiceLog,alex,1417279975198,3G,HSDPA,1,250,2,7803,8321281,-1,-113
,ServiceLog,alex,1417279976394,3G,HSDPA,1,250,2,7803,8321281,-1,-113
,ServiceLog,alex,1417279977582,3G,HSDPA,1,250,2,7803,8321281,-1,-113
,ServiceLog,alex,1417279978834,3G,HSDPA,1,250,2,7803,8321281,-1,-113
,ServiceLog,alex,1417279980066,3G,HSDPA,1,250,2,7803,8321281,-1,-113
,ServiceLog,alex,1417279981270,3G,HSDPA,1,250,2,7803,8321281,-1,-113
,ServiceLog,alex,1417279982482,3G,HSDPA,1,250,2,7803,8321281,-1,-113
,ServiceLog,alex,1417279983760,3G,HSDPA,1,250,2,7803,8321281,-1,-113
,ServiceLog,alex,1417279984964,3G,HSDPA,1,250,2,7803,8321281,-1,-113
,ServiceLog,alex,1417279986179,3G,HSDPA,1,250,2,7803,8321281,-1,-113
,ServiceLog,alex,1417279987370,3G,HSDPA,1,250,2,7803,8321281,-1,-113
,ServiceLog,alex,1417279988538,3G,HSDPA,1,250,2,7803,8321281,-1,-113
,ServiceLog,alex,1417279989734,3G,HSDPA,1,250,2,7803,8321281,-1,-113
,ServiceLog,alex,1417279990930,3G,HSDPA,1,250,2,7803,8321281,-1,-113
,ServiceLog,alex,1417279992202,3G,HSDPA,1,250,2,7803,8321281,-1,-113
,ServiceLog,alex,1417279993379,3G,HSDPA,1,250,2,7803,8321281,-1,-113
,ServiceLog,alex,1417279994574,3G,HSDPA,1,250,2,7803,8321281,-1,-113
,ServiceLog,alex,1417279995766,3G,HSDPA,1,250,2,7803,8321281,-1,-113
,ServiceLog,alex,1417279996980,3G,HSDPA,1,250,2,7803,8321281,-1,-113
,ServiceLog,alex,1417279998134,3G,HSDPA,1,250,2,7803,8321281,-1,-113
,ServiceLog,alex,1417279999326,3G,HSDPA,1,250,2,7803,8321281,-1,-113
,ServiceLog,alex,1417280000516,3G,HSDPA,1,250,2,7803,8321281,-1,-113
,ServiceLog,alex,1417280001705,3G,HSDPA,1,250,2,7803,8321281,-1,-113
,ServiceLog,alex,1417280002858,3G,HSDPA,1,250,2,7803,8321281,-1,-113
,ServiceLog,alex,1417280004995,3G,HSDPA,1,250,2,7803,8291733,-1,-113
,ServiceLog,alex,1417280008418,3G,HSDPA,1,250,2,7803,8291733,-1,-113
,ServiceLog,alex,1417280010221,3G,HSDPA,1,250,2,7803,8291733,-1,-113
,ServiceLog,alex,1417280011399,3G,HSDPA,1,250,2,7803,8291733,-1,-113
,ServiceLog,alex,1417280012568,3G,HSDPA,1,250,2,7803,8291733,-1,-113
,ServiceLog,alex,1417280013747,3G,HSDPA,1,250,2,7803,8291733,-1,-113
,ServiceLog,alex,1417280014914,3G,HSDPA,1,250,2,7803,8291733,-1,-113
,ServiceLog,alex,1417280016094,3G,HSDPA,1,250,2,7803,8291733,-1,-113
,ServiceLog,alex,1417280017270,3G,HSDPA,1,250,2,7803,8291733,-1,-113
,ServiceLog,alex,1417280018452,3G,HSDPA,1,250,2,7803,8291733,-1,-113
,ServiceLog,alex,1417280019622,3G,HSDPA,1,250,2,7803,8291733,-1,-113
,ServiceLog,alex,1417280020797,3G,HSDPA,1,250,2,7803,8291733,-1,-113
,ServiceLog,alex,1417280022026,3G,HSDPA,1,250,2,7803,8291733,-1,-113
,ServiceLog,alex,1417280023210,3G,HSDPA,1,250,2,7803,8291733,-1,-113
,ServiceLog,alex,1417280024422,3G,HSDPA,1,250,2,7803,8291733,-1,-113
,ServiceLog,alex,1417280025693,3G,HSDPA,1,250,2,7803,8291733,-1,-113
,ServiceLog,alex,1417280026859,3G,HSDPA,1,250,2,7803,8291733,-1,-113
,ServiceLog,alex,1417280028056,3G,HSDPA,1,250,2,7803,8291733,-1,-113
,ServiceLog,alex,1417280029233,3G,HSDPA,1,250,2,7803,8291733,-1,-113
,ServiceLog,alex,1417280030413,3G,HSDPA,1,250,2,7803,8291733,-1,-113
,ServiceLog,alex,1417280031597,3G,HSDPA,1,250,2,7803,8291733,-1,-113
,ServiceLog,alex,1417280032746,3G,HSDPA,1,250,2,7803,8291733,-1,-113
,ServiceLog,alex,1417280033939,3G,HSDPA,1,250,2,7803,8291733,-1,-113
,ServiceLog,alex,1417280035173,3G,HSDPA,1,250,2,7803,8291733,-1,-113
,ServiceLog,alex,1417280036346,3G,HSDPA,1,250,2,7803,8291733,-1,-113
,ServiceLog,alex,1417280037504,3G,HSDPA,1,250,2,7803,8291733,-1,-113
,ServiceLog,alex,1417280038697,3G,HSDPA,1,250,2,7803,8322235,-1,-113
,ServiceLog,alex,1417280039899,3G,HSDPA,1,250,2,7803,8322235,-1,-113
,ServiceLog,alex,1417280041121,3G,HSDPA,1,250,2,7803,8322235,-1,-113
,ServiceLog,alex,1417280042286,3G,HSDPA,1,250,2,7803,8291733,-1,-113
,ServiceLog,alex,1417280043474,3G,HSDPA,1,250,2,7803,8291733,-1,-113
,ServiceLog,alex,1417280044726,3G,HSDPA,1,250,2,7803,8291733,-1,-113
,ServiceLog,alex,1417280045914,3G,HSDPA,1,250,2,7803,8291733,-1,-113
,ServiceLog,alex,1417280047146,3G,HSDPA,1,250,2,7803,8291733,-1,-113
,ServiceLog,alex,1417280048306,3G,HSDPA,1,250,2,7803,8291733,-1,-113
,ServiceLog,alex,1417280049537,3G,HSDPA,1,250,2,7803,22397,-1,0
,ServiceLog,alex,1417280050717,3G,HSDPA,1,250,2,7803,22397,-1,0
,ServiceLog,alex,1417280051898,3G,HSDPA,1,250,2,7803,22397,-1,0
,ServiceLog,alex,1417280053062,3G,HSDPA,1,250,2,7803,22397,-1,0
,ServiceLog,alex,1417280054243,3G,HSDPA,1,250,2,7803,22397,-1,0
,ServiceLog,alex,1417280055438,3G,HSDPA,1,250,2,7803,22397,-1,0
,ServiceLog,alex,1417280056610,2G,EDGE,1,250,2,7803,22397,-1,0
,ServiceLog,alex,1417280057784,2G,EDGE,1,250,2,7803,22397,-1,0
,ServiceLog,alex,1417280058940,2G,EDGE,1,250,2,7803,22397,-1,0
,ServiceLog,alex,1417280060174,2G,EDGE,1,250,2,7803,22397,-1,0
,ServiceLog,alex,1417280061365,2G,EDGE,1,250,2,7803,22397,-1,0
,ServiceLog,alex,1417280062556,2G,EDGE,1,250,2,7803,22397,-1,0
,ServiceLog,alex,1417280063803,2G,EDGE,1,250,2,7803,22397,-1,0
,ServiceLog,alex,1417280065004,2G,EDGE,1,250,2,7803,22397,-1,0
,ServiceLog,alex,1417280066197,2G,EDGE,1,250,2,7803,22397,-1,0
,ServiceLog,alex,1417280067383,2G,EDGE,1,250,2,7803,22397,-1,0
,ServiceLog,alex,1417280068534,2G,EDGE,1,250,2,7803,22397,-1,0
,ServiceLog,alex,1417280069716,2G,EDGE,1,250,2,7803,22397,-1,0
,ServiceLog,alex,1417280070893,2G,EDGE,1,250,2,7803,22397,-1,0
,ServiceLog,alex,1417280072091,2G,EDGE,1,250,2,7803,22397,-1,0
,ServiceLog,alex,1417280073312,2G,EDGE,1,250,2,7803,22397,-1,0
,ServiceLog,alex,1417280074502,2G,EDGE,1,250,2,7803,22397,-1,0
,ServiceLog,alex,1417280075692,2G,EDGE,1,250,2,7803,22397,-1,0
,ServiceLog,alex,1417280076872,2G,EDGE,1,250,2,7803,22397,-1,0
,ServiceLog,alex,1417280078047,2G,EDGE,1,250,2,7803,22397,-1,0
,ServiceLog,alex,1417280079208,2G,EDGE,1,250,2,7803,22397,-1,0
,ServiceLog,alex,1417280080432,2G,EDGE,1,250,2,7803,22397,-1,0
,ServiceLog,alex,1417280081620,2G,EDGE,1,250,2,7803,22397,-1,0
,ServiceLog,alex,1417280082799,2G,EDGE,1,250,2,7803,22397,-1,0
,ServiceLog,alex,1417280084019,2G,EDGE,1,250,2,7803,22397,-1,0
,ServiceLog,alex,1417280085213,2G,EDGE,1,250,2,7803,22397,-1,0
,ServiceLog,alex,1417280086396,2G,EDGE,1,250,2,7803,22397,-1,0
,ServiceLog,alex,1417280087660,2G,EDGE,1,250,2,7803,22397,-1,0
,ServiceLog,alex,1417280088823,2G,EDGE,1,250,2,7803,22397,-1,0
,ServiceLog,alex,1417280090019,2G,EDGE,1,250,2,7803,22397,-1,0
,ServiceLog,alex,1417280091192,2G,EDGE,1,250,2,7803,22397,-1,0
,ServiceLog,alex,1417280092388,2G,EDGE,1,250,2,7803,22397,-1,0
,ServiceLog,alex,1417280093589,2G,EDGE,1,250,2,7803,22397,-1,0
,ServiceLog,alex,1417280094767,2G,EDGE,1,250,2,7803,22397,-1,0
,ServiceLog,alex,1417280095948,2G,EDGE,1,250,2,7803,22397,-1,0
,ServiceLog,alex,1417280097144,2G,EDGE,1,250,2,7803,22397,-1,0
,ServiceLog,alex,1417280098316,2G,EDGE,1,250,2,7803,22397,-1,0
,ServiceLog,alex,1417280099468,2G,EDGE,1,250,2,7803,22397,-1,0
,ServiceLog,alex,1417280100724,unknown,unknown,1,-1,-1,-1,-1,-1,-1
,ServiceLog,alex,1417280102008,3G,HSDPA,1,250,2,7803,8317778,-1,-113
,ServiceLog,alex,1417280103373,3G,HSDPA,1,250,2,7803,8317778,-1,-113
,ServiceLog,alex,1417280104546,3G,HSDPA,1,250,2,7803,8317778,-1,-113
,ServiceLog,alex,1417280105762,3G,HSDPA,1,250,2,7803,8317778,-1,-113
,ServiceLog,alex,1417280106942,3G,HSDPA,1,250,2,7803,8317778,-1,-113
,ServiceLog,alex,1417280108141,3G,HSDPA,1,250,2,7803,8317778,-1,-113
,ServiceLog,alex,1417280109292,3G,HSDPA,1,250,2,7803,8317778,-1,-113
,ServiceLog,alex,1417280110512,3G,HSDPA,1,250,2,7803,8317778,-1,-113
,ServiceLog,alex,1417280111708,3G,HSDPA,1,250,2,7803,8317778,-1,-113
,ServiceLog,alex,1417280112894,3G,HSDPA,1,250,2,7803,8317778,-1,-113
,ServiceLog,alex,1417280114144,3G,HSDPA,1,250,2,7803,8317778,-1,-113
,ServiceLog,alex,1417280115344,3G,HSDPA,1,250,2,7803,8317778,-1,-113
,ServiceLog,alex,1417280116546,3G,HSDPA,1,250,2,7803,8317778,-1,-113
,ServiceLog,alex,1417280117750,3G,HSDPA,1,250,2,7803,8317778,-1,-113
,ServiceLog,alex,1417280118987,3G,HSDPA,1,250,2,7803,8317778,-1,-113
,ServiceLog,alex,1417280120201,3G,HSDPA,1,250,2,7803,8317778,-1,-113
,ServiceLog,alex,1417280121397,3G,HSDPA,1,250,2,7803,8317778,-1,-113
,ServiceLog,alex,1417280122548,3G,HSDPA,1,250,2,7803,8317778,-1,-113
,ServiceLog,alex,1417280123815,3G,HSDPA,1,250,2,7803,8317778,-1,-113
,ServiceLog,alex,1417280125009,3G,HSDPA,1,250,2,7803,8317778,-1,-113
,ServiceLog,alex,1417280126215,3G,HSDPA,1,250,2,7803,8317778,-1,-113
,ServiceLog,alex,1417280127431,3G,HSDPA,1,250,2,7803,8317778,-1,-113
,ServiceLog,alex,1417280128642,3G,HSDPA,1,250,2,7803,8317778,-1,-113
,ServiceLog,alex,1417280129838,3G,HSDPA,1,250,2,7803,8317778,-1,-113
,ServiceLog,alex,1417280131037,3G,HSDPA,1,250,2,7803,8317778,-1,-113
,ServiceLog,alex,1417280132239,3G,HSDPA,1,250,2,7803,8317776,-1,-113
,ServiceLog,alex,1417280133460,3G,HSDPA,1,250,2,7803,8317776,-1,-113
,ServiceLog,alex,1417280134687,3G,HSDPA,1,250,2,7803,8317776,-1,-113
,ServiceLog,alex,1417280135874,3G,HSDPA,1,250,2,7803,8317776,-1,-113
,ServiceLog,alex,1417280137097,3G,HSDPA,1,250,2,7803,8317776,-1,-113
,ServiceLog,alex,1417280138291,3G,HSDPA,1,250,2,7803,8317776,-1,-113
,ServiceLog,alex,1417280139504,3G,HSDPA,1,250,2,7803,8317776,-1,-113
,ServiceLog,alex,1417280140748,3G,HSDPA,1,250,2,7803,8317776,-1,-113
,ServiceLog,alex,1417280141946,3G,HSDPA,1,250,2,7803,8317776,-1,-113
,ServiceLog,alex,1417280143168,3G,HSDPA,1,250,2,7803,8317776,-1,-113
,ServiceLog,alex,1417280144433,3G,HSDPA,1,250,2,7803,8317776,-1,-113
,ServiceLog,alex,1417280145630,3G,HSDPA,1,250,2,7803,8317776,-1,-113
,ServiceLog,alex,1417280146863,3G,HSDPA,1,250,2,7803,8317776,-1,-113
,ServiceLog,alex,1417280148085,3G,HSDPA,1,250,2,7803,8317776,-1,-113
,ServiceLog,alex,1417280149254,3G,HSDPA,1,250,2,7803,8317776,-1,-113
,ServiceLog,alex,1417280150457,3G,HSDPA,1,250,2,7803,8317776,-1,-113
,ServiceLog,alex,1417280151658,3G,HSDPA,1,250,2,7803,8317776,-1,-113
,ServiceLog,alex,1417280152868,3G,HSDPA,1,250,2,7803,8317776,-1,-113
,ServiceLog,alex,1417280154089,3G,HSDPA,1,250,2,7803,8317776,-1,-113
,ServiceLog,alex,1417280155302,3G,HSDPA,1,250,2,7803,8317776,-1,-113
,ServiceLog,alex,1417280156523,3G,HSDPA,1,250,2,7803,8317776,-1,-113
,ServiceLog,alex,1417280157709,3G,HSDPA,1,250,2,7803,8317776,-1,-113
,ServiceLog,alex,1417280158903,3G,HSDPA,1,250,2,7803,8317776,-1,-113
,ServiceLog,alex,1417280160133,3G,HSDPA,1,250,2,7803,8317776,-1,-113
,ServiceLog,alex,1417280161346,3G,HSDPA,1,250,2,7803,8317776,-1,-113
,ServiceLog,alex,1417280163404,3G,HSDPA,1,250,2,7803,8317776,-1,-113
,ServiceLog,alex,1417280166125,3G,HSDPA,1,250,2,7803,8317776,-1,-113
,ServiceLog,alex,1417280168766,3G,HSDPA,1,250,2,7803,8317776,-1,-113
,ServiceLog,alex,1417280170553,3G,HSDPA,1,250,2,7803,8317776,-1,-113
,ServiceLog,alex,1417280171788,3G,HSDPA,1,250,2,7803,8317776,-1,-113
,ServiceLog,alex,1417280172967,3G,HSDPA,1,250,2,7803,8317776,-1,-113
,ServiceLog,alex,1417280174129,3G,HSDPA,1,250,2,7803,8317776,-1,-113
,ServiceLog,alex,1417280175294,3G,HSDPA,1,250,2,7803,8317776,-1,-113
,ServiceLog,alex,1417280176473,3G,HSDPA,1,250,2,7803,8317776,-1,-113
,ServiceLog,alex,1417280177646,3G,HSDPA,1,250,2,7803,8317776,-1,-113
,ServiceLog,alex,1417280178826,3G,HSDPA,1,250,2,7803,8317776,-1,-113
,ServiceLog,alex,1417280179995,3G,HSDPA,1,250,2,7803,8317776,-1,-113
,ServiceLog,alex,1417280181184,3G,HSDPA,1,250,2,7803,8317776,-1,-113
,ServiceLog,alex,1417280182354,3G,HSDPA,1,250,2,7803,8317776,-1,-113
,ServiceLog,alex,1417280183528,3G,HSDPA,1,250,2,7803,8317776,-1,-113
,ServiceLog,alex,1417280184781,3G,HSDPA,1,250,2,7803,8317776,-1,-113
,ServiceLog,alex,1417280186024,3G,HSDPA,1,250,2,7803,8317776,-1,-113
,ServiceLog,alex,1417280187188,3G,HSDPA,1,250,2,7803,8317776,-1,-113
,ServiceLog,alex,1417280188388,3G,HSDPA,1,250,2,7803,8317776,-1,-113
,ServiceLog,alex,1417280189601,3G,HSDPA,1,250,2,7803,8317776,-1,-113
,ServiceLog,alex,1417280190800,3G,HSDPA,1,250,2,7803,8317776,-1,-113
,ServiceLog,alex,1417280191967,3G,HSDPA,1,250,2,7803,8317776,-1,-113
,ServiceLog,alex,1417280193132,3G,HSDPA,1,250,2,7803,8317776,-1,-113
,ServiceLog,alex,1417280194332,3G,HSDPA,1,250,2,7803,8317776,-1,-113
,ServiceLog,alex,1417280195562,3G,HSDPA,1,250,2,7803,8317776,-1,-113
,ServiceLog,alex,1417280196797,3G,HSDPA,1,250,2,7803,8317776,-1,-113
,ServiceLog,alex,1417280197963,3G,HSDPA,1,250,2,7803,8317776,-1,-113
,ServiceLog,alex,1417280199123,3G,HSDPA,1,250,2,7803,8317776,-1,-113
,ServiceLog,alex,1417280200320,3G,HSDPA,1,250,2,7803,8317776,-1,-113
,ServiceLog,alex,1417280201508,3G,HSDPA,1,250,2,7803,8317776,-1,-113
,ServiceLog,alex,1417280202682,3G,HSDPA,1,250,2,7803,8317776,-1,-113
,ServiceLog,alex,1417280203856,3G,HSDPA,1,250,2,7803,8317776,-1,-113
,ServiceLog,alex,1417280205056,3G,HSDPA,1,250,2,7803,8317776,-1,-113
,ServiceLog,alex,1417280206304,3G,HSDPA,1,250,2,7803,8317776,-1,-113
,ServiceLog,alex,1417280207479,3G,HSDPA,1,250,2,7803,8317776,-1,-113
,ServiceLog,alex,1417280208662,3G,HSDPA,1,250,2,7803,8317776,-1,-113
,ServiceLog,alex,1417280209926,3G,HSDPA,1,250,2,7803,8317776,-1,-113
,ServiceLog,alex,1417280211114,3G,HSDPA,1,250,2,7803,8317776,-1,-113
,ServiceLog,alex,1417280212290,3G,HSDPA,1,250,2,7803,8317776,-1,-113
,ServiceLog,alex,1417280213461,3G,HSDPA,1,250,2,7803,8317776,-1,-113
,ServiceLog,alex,1417280214650,3G,HSDPA,1,250,2,7803,8317776,-1,-113
,ServiceLog,alex,1417280215800,3G,HSDPA,1,250,2,7803,8317776,-1,-113
,ServiceLog,alex,1417280216973,3G,HSDPA,1,250,2,7803,8317776,-1,-113
,ServiceLog,alex,1417280218187,3G,HSDPA,1,250,2,7803,8317776,-1,-113
,ServiceLog,alex,1417280219380,3G,HSDPA,1,250,2,7803,8317776,-1,-113
,ServiceLog,alex,1417280220555,3G,HSDPA,1,250,2,7803,8317776,-1,-113
,ServiceLog,alex,1417280221806,3G,HSDPA,1,250,2,7803,8317776,-1,-113
,ServiceLog,alex,1417280222999,3G,HSDPA,1,250,2,7803,8317776,-1,-113
,ServiceLog,alex,1417280224184,3G,HSDPA,1,250,2,7803,8317776,-1,-113
,ServiceLog,alex,1417280225421,3G,HSDPA,1,250,2,7803,8317776,-1,-113
,ServiceLog,alex,1417280226595,3G,HSDPA,1,250,2,7803,8317776,-1,-113
,ServiceLog,alex,1417280227772,3G,HSDPA,1,250,2,7803,8317776,-1,-113
,ServiceLog,alex,1417280228948,3G,HSDPA,1,250,2,7803,8317776,-1,-113
,ServiceLog,alex,1417280230136,3G,HSDPA,1,250,2,7803,8317776,-1,-113
,ServiceLog,alex,1417280231300,3G,HSDPA,1,250,2,7803,8317776,-1,-113
,ServiceLog,alex,1417280232526,3G,HSDPA,1,250,2,7803,8317776,-1,-113
,ServiceLog,alex,1417280233712,3G,HSDPA,1,250,2,7803,8317776,-1,-113
,ServiceLog,alex,1417280234951,3G,HSDPA,1,250,2,7803,8317776,-1,-113
,ServiceLog,alex,1417280236108,3G,HSDPA,1,250,2,7803,8317776,-1,-113
,ServiceLog,alex,1417280237307,3G,HSDPA,1,250,2,7803,8317776,-1,-113
,ServiceLog,alex,1417280238489,3G,HSDPA,1,250,2,7803,8317776,-1,-113
,ServiceLog,alex,1417280239677,3G,HSDPA,1,250,2,7803,8317776,-1,-113
,ServiceLog,alex,1417280240831,3G,HSDPA,1,250,2,7803,8317776,-1,-113
,ServiceLog,alex,1417280242076,3G,HSDPA,1,250,2,7803,8317776,-1,-113
,ServiceLog,alex,1417280243353,3G,HSDPA,1,250,2,7803,8317776,-1,-113
,ServiceLog,alex,1417280244608,3G,HSDPA,1,250,2,7803,8317776,-1,-113
,ServiceLog,alex,1417280245777,3G,HSDPA,1,250,2,7803,8317776,-1,-113
,ServiceLog,alex,1417280246931,3G,HSDPA,1,250,2,7803,8317776,-1,-113
,ServiceLog,alex,1417280248185,3G,HSDPA,1,250,2,7803,8317776,-1,-113
,ServiceLog,alex,1417280249369,3G,HSDPA,1,250,2,7803,8317776,-1,-113
,ServiceLog,alex,1417280250558,3G,HSDPA,1,250,2,7803,8317776,-1,-113
,ServiceLog,alex,1417280251722,3G,HSDPA,1,250,2,7803,8317776,-1,-113
,ServiceLog,alex,1417280252921,3G,HSDPA,1,250,2,7803,8317776,-1,-113
,ServiceLog,alex,1417280254115,3G,HSDPA,1,250,2,7803,8317776,-1,-113
,ServiceLog,alex,1417280255295,3G,HSDPA,1,250,2,7803,8317776,-1,-113
,ServiceLog,alex,1417280256482,3G,HSDPA,1,250,2,7803,8317776,-1,-113
,ServiceLog,alex,1417280257643,3G,HSDPA,1,250,2,7803,22396,-1,-113
,ServiceLog,alex,1417280258862,3G,HSDPA,1,250,2,7803,22396,-1,0
,ServiceLog,alex,1417280260127,2G,EDGE,1,250,2,7803,22396,-1,0
,ServiceLog,alex,1417280261366,2G,EDGE,1,250,2,7803,22396,-1,0
,ServiceLog,alex,1417280262596,2G,EDGE,1,250,2,7803,22396,-1,0
,ServiceLog,alex,1417280263805,2G,EDGE,1,250,2,7803,22396,-1,0
,ServiceLog,alex,1417280264986,2G,EDGE,1,250,2,7803,22396,-1,0
,ServiceLog,alex,1417280266173,2G,EDGE,1,250,2,7803,22396,-1,0
,ServiceLog,alex,1417280267334,2G,EDGE,1,250,2,7803,22396,-1,0
,ServiceLog,alex,1417280268530,2G,EDGE,1,250,2,7803,22396,-1,0
,ServiceLog,alex,1417280269712,2G,EDGE,1,250,2,7803,22396,-1,0
,ServiceLog,alex,1417280270885,2G,EDGE,1,250,2,7803,22396,-1,0
,ServiceLog,alex,1417280272037,2G,EDGE,1,250,2,7803,22396,-1,0
,ServiceLog,alex,1417280273253,2G,EDGE,1,250,2,7803,22396,-1,0
,ServiceLog,alex,1417280274494,2G,EDGE,1,250,2,7803,22396,-1,0
,ServiceLog,alex,1417280275679,2G,EDGE,1,250,2,7803,22396,-1,0
,ServiceLog,alex,1417280276837,2G,EDGE,1,250,2,7803,22395,-1,0
,ServiceLog,alex,1417280278034,2G,EDGE,1,250,2,7803,22395,-1,0
,ServiceLog,alex,1417280279215,2G,EDGE,1,250,2,7803,22395,-1,0
,ServiceLog,alex,1417280280406,2G,EDGE,1,250,2,7803,22395,-1,0
,ServiceLog,alex,1417280281562,2G,EDGE,1,250,2,7803,22395,-1,0
,ServiceLog,alex,1417280282847,2G,EDGE,1,250,2,7803,22395,-1,0
,ServiceLog,alex,1417280284028,2G,EDGE,1,250,2,7803,22395,-1,0
,ServiceLog,alex,1417280285207,2G,EDGE,1,250,2,7803,22395,-1,0
,ServiceLog,alex,1417280286361,2G,EDGE,1,250,2,7803,22395,-1,0
,ServiceLog,alex,1417280287605,2G,EDGE,1,250,2,7803,22395,-1,0
,ServiceLog,alex,1417280288813,2G,EDGE,1,250,2,7803,22395,-1,0
,ServiceLog,alex,1417280289997,2G,EDGE,1,250,2,7803,22395,-1,0
,ServiceLog,alex,1417280291239,2G,GPRS,1,250,2,7803,8291716,-1,-113
,ServiceLog,alex,1417280292503,3G,HSDPA,1,250,2,7803,8291716,-1,-113
,ServiceLog,alex,1417280293693,3G,HSDPA,1,250,2,7803,8291716,-1,-113
,ServiceLog,alex,1417280294886,3G,HSDPA,1,250,2,7803,8291716,-1,-113
,ServiceLog,alex,1417280296089,3G,HSDPA,1,250,2,7803,8291716,-1,-113
,ServiceLog,alex,1417280297280,3G,HSDPA,1,250,2,7803,8291716,-1,-113
,ServiceLog,alex,1417280298467,3G,HSDPA,1,250,2,7803,8291716,-1,-113
,ServiceLog,alex,1417280299741,3G,HSDPA,1,250,2,7803,8291716,-1,-113
,ServiceLog,alex,1417280301138,3G,HSDPA,1,250,2,7803,8291716,-1,-113
,ServiceLog,alex,1417280302330,3G,HSDPA,1,250,2,7803,8291716,-1,-113
,ServiceLog,alex,1417280303512,3G,HSDPA,1,250,2,7803,8291716,-1,-113
,ServiceLog,alex,1417280304668,3G,HSDPA,1,250,2,7803,8291716,-1,-113
,ServiceLog,alex,1417280305864,3G,HSDPA,1,250,2,7803,8291716,-1,-113
,ServiceLog,alex,1417280307068,3G,HSDPA,1,250,2,7803,8291716,-1,-113
,ServiceLog,alex,1417280308256,3G,HSDPA,1,250,2,7803,8291716,-1,-113
,ServiceLog,alex,1417280309412,3G,HSDPA,1,250,2,7803,8291718,-1,-113
,ServiceLog,alex,1417280310621,3G,HSDPA,1,250,2,7803,8291718,-1,-113
,ServiceLog,alex,1417280311839,3G,HSDPA,1,250,2,7803,8291718,-1,-113
,ServiceLog,alex,1417280313010,3G,HSDPA,1,250,2,7803,8291718,-1,-113
,ServiceLog,alex,1417280314227,3G,HSDPA,1,250,2,7803,8291718,-1,-113
,ServiceLog,alex,1417280315460,3G,HSDPA,1,250,2,7803,8291718,-1,-113
,ServiceLog,alex,1417280316668,3G,HSDPA,1,250,2,7803,8291718,-1,-113
,ServiceLog,alex,1417280317824,3G,HSDPA,1,250,2,7803,8291718,-1,-113
,ServiceLog,alex,1417280319150,3G,HSDPA,1,250,2,7803,8291718,-1,-113
,ServiceLog,alex,1417280320365,3G,HSDPA,1,250,2,7803,8291718,-1,-113
,ServiceLog,alex,1417280321552,3G,HSDPA,1,250,2,7803,8291718,-1,-113
,ServiceLog,alex,1417280322736,3G,HSDPA,1,250,2,7803,8291718,-1,-113
,ServiceLog,alex,1417280323923,3G,HSDPA,1,250,2,7803,8291718,-1,-113
,ServiceLog,alex,1417280325127,3G,HSDPA,1,250,2,7803,8291718,-1,-113
,ServiceLog,alex,1417280326356,3G,HSDPA,1,250,2,7803,8291718,-1,-113
,ServiceLog,alex,1417280327526,3G,HSDPA,1,250,2,7803,8291718,-1,-113
,ServiceLog,alex,1417280330182,3G,HSDPA,1,250,2,7803,8291718,-1,-113
,ServiceLog,alex,1417280332786,3G,HSDPA,1,250,2,7803,8291718,-1,-113
,ServiceLog,alex,1417280335284,3G,HSDPA,1,250,2,7803,8291718,-1,-113
,ServiceLog,alex,1417280336459,3G,HSDPA,1,250,2,7803,8291718,-1,-113
,ServiceLog,alex,1417280337622,3G,HSDPA,1,250,2,7803,8291718,-1,-113
,ServiceLog,alex,1417280338797,3G,HSDPA,1,250,2,7803,8291718,-1,-113
,ServiceLog,alex,1417280339959,3G,HSDPA,1,250,2,7803,8291718,-1,-113
,ServiceLog,alex,1417280341144,3G,HSDPA,1,250,2,7803,8291718,-1,-113
,ServiceLog,alex,1417280343068,3G,HSDPA,1,250,2,7803,8291718,-1,-113
,ServiceLog,alex,1417280344247,3G,HSDPA,1,250,2,7803,8291718,-1,-113
,ServiceLog,alex,1417280345417,3G,HSDPA,1,250,2,7803,8291718,-1,-113
,ServiceLog,alex,1417280346603,3G,HSDPA,1,250,2,7803,8291718,-1,-113
,ServiceLog,alex,1417280347760,3G,HSDPA,1,250,2,7803,8291718,-1,-113
,ServiceLog,alex,1417280348944,3G,HSDPA,1,250,2,7803,8291718,-1,-113
,ServiceLog,alex,1417280350117,3G,HSDPA,1,250,2,7803,8291718,-1,-113
,ServiceLog,alex,1417280351305,3G,HSDPA,1,250,2,7803,8291718,-1,-113
,ServiceLog,alex,1417280352489,3G,HSDPA,1,250,2,7803,8291718,-1,-113
,ServiceLog,alex,1417280353647,3G,HSDPA,1,250,2,7803,8317773,-1,-113
,ServiceLog,alex,1417280354942,3G,HSDPA,1,250,2,7803,8317773,-1,-113
,ServiceLog,alex,1417280356163,3G,HSDPA,1,250,2,7803,8317773,-1,-113
,ServiceLog,alex,1417280357349,3G,HSDPA,1,250,2,7803,8317773,-1,-113
,ServiceLog,alex,1417280358522,3G,HSDPA,1,250,2,7803,8317773,-1,-113
,ServiceLog,alex,1417280359683,3G,HSDPA,1,250,2,7803,8317773,-1,-113
,ServiceLog,alex,1417280360877,3G,HSDPA,1,250,2,7803,8317773,-1,-113
,ServiceLog,alex,1417280362118,3G,HSDPA,1,250,2,7803,8317773,-1,-113
,ServiceLog,alex,1417280363294,3G,HSDPA,1,250,2,7803,8317773,-1,-113
,ServiceLog,alex,1417280364451,3G,HSDPA,1,250,2,7803,8317773,-1,-113
,ServiceLog,alex,1417280365604,3G,HSDPA,1,250,2,7803,8317773,-1,-113
,ServiceLog,alex,1417280366792,3G,HSDPA,1,250,2,7803,8317773,-1,-113
,ServiceLog,alex,1417280368018,3G,HSDPA,1,250,2,7803,8317773,-1,-113
,ServiceLog,alex,1417280369222,3G,HSDPA,1,250,2,7803,8317773,-1,-113
,ServiceLog,alex,1417280370399,3G,HSDPA,1,250,2,7803,8317773,-1,-113
,ServiceLog,alex,1417280371559,3G,HSDPA,1,250,2,7803,8317773,-1,-113
,ServiceLog,alex,1417280372743,3G,HSDPA,1,250,2,7803,8317773,-1,-113
,ServiceLog,alex,1417280373920,3G,HSDPA,1,250,2,7803,8317773,-1,-113
,ServiceLog,alex,1417280375089,3G,HSDPA,1,250,2,7803,8317773,-1,-113
,ServiceLog,alex,1417280376250,3G,HSDPA,1,250,2,7803,8317773,-1,-113
,ServiceLog,alex,1417280377397,3G,HSDPA,1,250,2,7803,8317773,-1,-113
,ServiceLog,alex,1417280378596,3G,HSDPA,1,250,2,7803,8317775,-1,-113
,ServiceLog,alex,1417280379798,3G,HSDPA,1,250,2,7803,8317775,-1,-113
,ServiceLog,alex,1417280381090,3G,HSDPA,1,250,2,7803,8317775,-1,-113
,ServiceLog,alex,1417280382257,3G,HSDPA,1,250,2,7803,8317775,-1,-113
,ServiceLog,alex,1417280383444,3G,HSDPA,1,250,2,7803,8291719,-1,-113
,ServiceLog,alex,1417280384637,3G,HSDPA,1,250,2,7803,8291719,-1,-113
,ServiceLog,alex,1417280385811,3G,HSDPA,1,250,2,7803,8291719,-1,-113
,ServiceLog,alex,1417280387006,3G,HSDPA,1,250,2,7803,8291719,-1,-113
,ServiceLog,alex,1417280388170,3G,HSDPA,1,250,2,7803,8291719,-1,-113
,ServiceLog,alex,1417280389360,3G,HSDPA,1,250,2,7803,8291719,-1,-113
,ServiceLog,alex,1417280390545,3G,HSDPA,1,250,2,7803,8291719,-1,-113
,ServiceLog,alex,1417280391730,3G,HSDPA,1,250,2,7803,8291719,-1,-113
,ServiceLog,alex,1417280392908,3G,HSDPA,1,250,2,7803,8291719,-1,-113
,ServiceLog,alex,1417280394063,3G,HSDPA,1,250,2,7803,8291719,-1,-113
,ServiceLog,alex,1417280395301,3G,HSDPA,1,250,2,7803,8291719,-1,-113
,ServiceLog,alex,1417280396522,3G,HSDPA,1,250,2,7803,8291719,-1,-113
,ServiceLog,alex,1417280397703,3G,HSDPA,1,250,2,7803,8291719,-1,-113
,ServiceLog,alex,1417280398884,3G,HSDPA,1,250,2,7803,8291719,-1,-113
,ServiceLog,alex,1417280400049,3G,HSDPA,1,250,2,7803,8291719,-1,-113
,ServiceLog,alex,1417280401345,3G,HSDPA,1,250,2,7803,8291719,-1,-113
,ServiceLog,alex,1417280402531,3G,HSDPA,1,250,2,7803,8291719,-1,-113
,ServiceLog,alex,1417280403719,3G,HSDPA,1,250,2,7803,8291719,-1,-113
,ServiceLog,alex,1417280404876,3G,HSDPA,1,250,2,7803,8291719,-1,-113
,ServiceLog,alex,1417280406069,3G,HSDPA,1,250,2,7803,8291719,-1,-113
,ServiceLog,alex,1417280407254,3G,HSDPA,1,250,2,7803,8291719,-1,-113
,ServiceLog,alex,1417280408507,3G,HSDPA,1,250,2,7803,8291719,-1,-113
,ServiceLog,alex,1417280409691,3G,HSDPA,1,250,2,7803,8291719,-1,-113
,ServiceLog,alex,1417280410880,3G,HSDPA,1,250,2,7803,8291719,-1,-113
,ServiceLog,alex,1417280412103,3G,HSDPA,1,250,2,7803,8291719,-1,-113
,ServiceLog,alex,1417280413287,3G,HSDPA,1,250,2,7803,8291719,-1,-113
,ServiceLog,alex,1417280414443,3G,HSDPA,1,250,2,7803,8291719,-1,-113
,ServiceLog,alex,1417280415605,3G,HSDPA,1,250,2,7803,8291719,-1,-113
,ServiceLog,alex,1417280416776,3G,HSDPA,1,250,2,7803,8291719,-1,-113
,ServiceLog,alex,1417280417952,3G,HSDPA,1,250,2,7803,8291719,-1,-113
,ServiceLog,alex,1417280419124,3G,HSDPA,1,250,2,7803,8291719,-1,-113
,ServiceLog,alex,1417280420312,3G,HSDPA,1,250,2,7803,8291719,-1,-113
,ServiceLog,alex,1417280421597,3G,HSDPA,1,250,2,7803,8291719,-1,-113
,ServiceLog,alex,1417280422782,3G,HSDPA,1,250,2,7803,8291719,-1,-113
,ServiceLog,alex,1417280423961,3G,HSDPA,1,250,2,7803,8291719,-1,-113
,ServiceLog,alex,1417280425144,3G,HSDPA,1,250,2,7803,22669,-1,0
,ServiceLog,alex,1417280426321,3G,HSDPA,1,250,2,7803,22669,-1,0
,ServiceLog,alex,1417280427488,2G,EDGE,1,250,2,7803,22669,-1,0
,ServiceLog,alex,1417280428711,2G,EDGE,1,250,2,7803,22669,-1,0
,ServiceLog,alex,1417280429894,2G,EDGE,1,250,2,7803,22669,-1,0
,ServiceLog,alex,1417280431080,2G,EDGE,1,250,2,7803,22669,-1,0
,ServiceLog,alex,1417280432237,2G,EDGE,1,250,2,7803,22669,-1,0
,ServiceLog,alex,1417280433432,2G,EDGE,1,250,2,7803,22669,-1,0
,ServiceLog,alex,1417280434665,2G,EDGE,1,250,2,7803,22669,-1,0
,ServiceLog,alex,1417280435851,2G,EDGE,1,250,2,7803,22669,-1,0
,ServiceLog,alex,1417280437011,2G,EDGE,1,250,2,7803,22669,-1,0
,ServiceLog,alex,1417280438197,2G,EDGE,1,250,2,7803,22669,-1,0
,ServiceLog,alex,1417280439383,2G,EDGE,1,250,2,7803,22669,-1,0
,ServiceLog,alex,1417280440694,2G,EDGE,1,250,2,7803,22669,-1,0
,ServiceLog,alex,1417280441863,2G,EDGE,1,250,2,7803,22669,-1,0
,ServiceLog,alex,1417280443023,2G,EDGE,1,250,2,7803,22669,-1,0
,ServiceLog,alex,1417280444231,2G,EDGE,1,250,2,7803,22669,-1,0
,ServiceLog,alex,1417280445416,2G,EDGE,1,250,2,7803,22669,-1,0
,ServiceLog,alex,1417280446594,2G,EDGE,1,250,2,7803,22669,-1,0
,ServiceLog,alex,1417280447803,2G,EDGE,1,250,2,7803,22669,-1,0
,ServiceLog,alex,1417280449001,2G,EDGE,1,250,2,7803,22669,-1,0
,ServiceLog,alex,1417280450182,2G,EDGE,1,250,2,7803,22669,-1,0
,ServiceLog,alex,1417280451389,2G,EDGE,1,250,2,7803,22669,-1,0
,ServiceLog,alex,1417280452740,2G,EDGE,1,250,2,7803,22669,-1,0
,ServiceLog,alex,1417280453952,2G,EDGE,1,250,2,7803,22669,-1,0
,ServiceLog,alex,1417280455132,2G,EDGE,1,250,2,7803,22669,-1,0
,ServiceLog,alex,1417280456323,2G,EDGE,1,250,2,7803,22669,-1,0
,ServiceLog,alex,1417280457483,2G,EDGE,1,250,2,7803,22669,-1,0
,ServiceLog,alex,1417280458673,2G,EDGE,1,250,2,7803,22669,-1,0
,ServiceLog,alex,1417280459862,2G,EDGE,1,250,2,7803,22669,-1,0
,ServiceLog,alex,1417280461186,2G,EDGE,1,250,2,7803,22669,-1,0
,ServiceLog,alex,1417280462355,2G,EDGE,1,250,2,7803,22669,-1,0
,ServiceLog,alex,1417280463542,2G,EDGE,1,250,2,7803,22669,-1,0
,ServiceLog,alex,1417280464739,2G,EDGE,1,250,2,7803,22669,-1,0
,ServiceLog,alex,1417280465933,2G,EDGE,1,250,2,7803,22669,-1,0
,ServiceLog,alex,1417280467166,2G,EDGE,1,250,2,7803,22669,-1,0
,ServiceLog,alex,1417280468359,2G,EDGE,1,250,2,7803,22669,-1,0
,ServiceLog,alex,1417280469553,2G,EDGE,1,250,2,7803,22669,-1,0
,ServiceLog,alex,1417280470761,2G,EDGE,1,250,2,7803,22669,-1,0
,ServiceLog,alex,1417280471935,2G,EDGE,1,250,2,7803,22669,-1,0
,ServiceLog,alex,1417280473116,2G,EDGE,1,250,2,7803,22669,-1,0
,ServiceLog,alex,1417280474326,2G,EDGE,1,250,2,7803,22669,-1,0
,ServiceLog,alex,1417280475586,2G,EDGE,1,250,2,7803,22669,-1,0
,ServiceLog,alex,1417280476742,2G,EDGE,1,250,2,7803,22669,-1,0
,ServiceLog,alex,1417280477932,2G,EDGE,1,250,2,7803,22669,-1,0
,ServiceLog,alex,1417280479231,2G,EDGE,1,250,2,7803,22669,-1,0
,ServiceLog,alex,1417280480470,2G,EDGE,1,250,2,7803,22669,-1,0
,ServiceLog,alex,1417280482006,2G,EDGE,1,250,2,7803,22669,-1,0
,ServiceLog,alex,1417280483231,2G,EDGE,1,250,2,7803,22669,-1,0
,ServiceLog,alex,1417280484460,2G,EDGE,1,250,2,7803,22669,-1,0
,ServiceLog,alex,1417280485677,2G,EDGE,1,250,2,7803,22669,-1,0
,ServiceLog,alex,1417280486915,2G,EDGE,1,250,2,7803,22669,-1,0
,ServiceLog,alex,1417280488154,3G,HSDPA,1,250,2,7803,8318707,-1,-113
,ServiceLog,alex,1417280489631,3G,HSDPA,1,250,2,7803,8318707,-1,-113
,ServiceLog,alex,1417280490787,3G,HSDPA,1,250,2,7803,8318707,-1,-113
,ServiceLog,alex,1417280491986,3G,HSDPA,1,250,2,7803,8318707,-1,-113
,ServiceLog,alex,1417280493232,3G,HSDPA,1,250,2,7803,8318707,-1,-113
,ServiceLog,alex,1417280494491,3G,HSDPA,1,250,2,7803,8318707,-1,-113
,ServiceLog,alex,1417280495689,3G,HSDPA,1,250,2,7803,8318707,-1,-113
,ServiceLog,alex,1417280496934,3G,HSDPA,1,250,2,7803,8318707,-1,-113
,ServiceLog,alex,1417280498186,3G,HSDPA,1,250,2,7803,8318707,-1,-113
,ServiceLog,alex,1417280499406,3G,HSDPA,1,250,2,7803,8318707,-1,-113
,ServiceLog,alex,1417280500618,3G,HSDPA,1,250,2,7803,8321890,-1,-113
,ServiceLog,alex,1417280501989,3G,HSDPA,1,250,2,7803,8321890,-1,-113
,ServiceLog,alex,1417280503208,3G,HSDPA,1,250,2,7803,8321269,-1,-113
,ServiceLog,alex,1417280504454,3G,HSDPA,1,250,2,7803,8321269,-1,-113
,ServiceLog,alex,1417280505685,3G,HSDPA,1,250,2,7803,8321269,-1,-113
,ServiceLog,alex,1417280506967,3G,HSDPA,1,250,2,7803,8321269,-1,-113
,ServiceLog,alex,1417280508175,3G,HSDPA,1,250,2,7803,8321269,-1,-113
,ServiceLog,alex,1417280509430,3G,HSDPA,1,250,2,7803,8321269,-1,-113
,ServiceLog,alex,1417280510662,3G,HSDPA,1,250,2,7803,8321269,-1,-113
,ServiceLog,alex,1417280511895,3G,HSDPA,1,250,2,7803,8321269,-1,-113
,ServiceLog,alex,1417280513093,3G,HSDPA,1,250,2,7803,8321269,-1,-113
,ServiceLog,alex,1417280514308,3G,HSDPA,1,250,2,7803,8321890,-1,-113
,ServiceLog,alex,1417280515582,3G,HSDPA,1,250,2,7803,8321890,-1,-113
,ServiceLog,alex,1417280516824,3G,HSDPA,1,250,2,7803,8321890,-1,-113
322,Невский проспект 2,alex,1417280517627,3G,HSDPA,1,250,2,7803,8321890,-1,-113
