ID,Name,User,TimeStamp,NetworkGen,NetworkType,Active,MCC,MNC,LAC,CID,PSC,RSSI
343,Петроградская 3,alex,1417273323609,3G,HSDPA,1,250,2,7803,8317776,-1,-113
,ServiceLog,alex,1417273323796,3G,HSDPA,1,250,2,7803,8317776,-1,-113
,ServiceLog,alex,1417273324960,3G,HSDPA,1,250,2,7803,8317776,-1,-113
,ServiceLog,alex,1417273326189,3G,HSDPA,1,250,2,7803,8317776,-1,-113
,ServiceLog,alex,1417273327382,3G,HSDPA,1,250,2,7803,8317776,-1,-113
,ServiceLog,alex,1417273328618,3G,HSDPA,1,250,2,7803,8317776,-1,-113
,ServiceLog,alex,1417273329827,3G,HSDPA,1,250,2,7803,8317776,-1,-113
,ServiceLog,alex,1417273331098,3G,HSDPA,1,250,2,7803,8317776,-1,-113
,ServiceLog,alex,1417273332373,3G,HSDPA,1,250,2,7803,8317776,-1,-113
,ServiceLog,alex,1417273333774,3G,HSDPA,1,250,2,7803,8317776,-1,-113
344,Петроградская 4,alex,1417273334194,3G,HSDPA,1,250,2,7803,8317776,-1,-113
,ServiceLog,alex,1417273335096,3G,HSDPA,1,250,2,7803,8317776,-1,-113
,ServiceLog,alex,1417273336408,3G,HSDPA,1,250,2,7803,8317776,-1,-113
,ServiceLog,alex,1417273337620,3G,HSDPA,1,250,2,7803,8317776,-1,-113
,ServiceLog,alex,1417273338805,3G,HSDPA,1,250,2,7803,8317776,-1,-113
,ServiceLog,alex,1417273340090,3G,HSDPA,1,250,2,7803,8317776,-1,-113
,ServiceLog,alex,1417273341357,3G,HSDPA,1,250,2,7803,8317776,-1,-113
,ServiceLog,alex,1417273342685,3G,HSDPA,1,250,2,7803,8317776,-1,-113
,ServiceLog,alex,1417273343939,3G,HSDPA,1,250,2,7803,8317776,-1,-113
,ServiceLog,alex,1417273345186,3G,HSDPA,1,250,2,7803,8317776,-1,-113
,ServiceLog,alex,1417273346418,3G,HSDPA,1,250,2,7803,8317776,-1,-113
,ServiceLog,alex,1417273349253,3G,HSDPA,1,250,2,7803,8317776,-1,0
,ServiceLog,alex,1417273350418,3G,HSDPA,1,250,2,7803,8317776,-1,-113
,ServiceLog,alex,1417273351688,3G,HSDPA,1,250,2,7803,8317776,-1,-113
,ServiceLog,alex,1417273352942,3G,HSDPA,1,250,2,7803,8317776,-1,-113
,ServiceLog,alex,1417273354135,3G,HSDPA,1,250,2,7803,8317776,-1,-113
,ServiceLog,alex,1417273355427,3G,HSDPA,1,250,2,7803,8317776,-1,-113
,ServiceLog,alex,1417273356667,3G,HSDPA,1,250,2,7803,8317776,-1,-113
,ServiceLog,alex,1417273357905,3G,HSDPA,1,250,2,7803,8317776,-1,-113
,ServiceLog,alex,1417273359188,3G,HSDPA,1,250,2,7803,8317776,-1,-113
,ServiceLog,alex,1417273360425,3G,HSDPA,1,250,2,7803,8317776,-1,-113
,ServiceLog,alex,1417273361692,3G,HSDPA,1,250,2,7803,8317776,-1,-113
,ServiceLog,alex,1417273362980,3G,HSDPA,1,250,2,7803,8317776,-1,-113
,ServiceLog,alex,1417273364229,3G,HSDPA,1,250,2,7803,8321901,-1,-113
,ServiceLog,alex,1417273365484,3G,HSDPA,1,250,2,7803,8321901,-1,-113
,ServiceLog,alex,1417273366744,3G,HSDPA,1,250,2,7803,8321901,-1,-113
,ServiceLog,alex,1417273367949,3G,HSDPA,1,250,2,7803,8321901,-1,-113
,ServiceLog,alex,1417273369254,3G,HSDPA,1,250,2,7803,22396,-1,0
,ServiceLog,alex,1417273370513,3G,HSDPA,1,250,2,7803,22396,-1,0
,ServiceLog,alex,1417273371753,3G,HSDPA,1,250,2,7803,22396,-1,0
,ServiceLog,alex,1417273372999,3G,HSDPA,1,250,2,7803,22396,-1,0
,ServiceLog,alex,1417273374247,3G,HSDPA,1,250,2,7803,22396,-1,0
,ServiceLog,alex,1417273375484,3G,HSDPA,1,250,2,7803,22396,-1,0
,ServiceLog,alex,1417273376789,2G,EDGE,1,250,2,7803,22396,-1,0
,ServiceLog,alex,1417273378099,2G,EDGE,1,250,2,7803,22396,-1,0
,ServiceLog,alex,1417273379324,2G,EDGE,1,250,2,7803,22396,-1,0
,ServiceLog,alex,1417273380540,2G,EDGE,1,250,2,7803,22396,-1,0
,ServiceLog,alex,1417273381719,2G,EDGE,1,250,2,7803,22396,-1,0
,ServiceLog,alex,1417273382984,2G,EDGE,1,250,2,7803,22396,-1,0
,ServiceLog,alex,1417273384229,2G,EDGE,1,250,2,7803,22396,-1,0
,ServiceLog,alex,1417273385410,2G,EDGE,1,250,2,7803,22396,-1,0
,ServiceLog,alex,1417273386620,2G,EDGE,1,250,2,7803,22396,-1,0
,ServiceLog,alex,1417273387871,2G,EDGE,1,250,2,7803,22396,-1,0
,ServiceLog,alex,1417273389113,2G,EDGE,1,250,2,7803,22396,-1,0
,ServiceLog,alex,1417273390311,2G,EDGE,1,250,2,7803,22396,-1,0
,ServiceLog,alex,1417273391675,2G,EDGE,1,250,2,7803,22396,-1,0
,ServiceLog,alex,1417273392915,2G,EDGE,1,250,2,7803,22396,-1,0
,ServiceLog,alex,1417273394140,2G,EDGE,1,250,2,7803,22396,-1,0
,ServiceLog,alex,1417273395450,2G,EDGE,1,250,2,7803,22396,-1,0
,ServiceLog,alex,1417273396680,2G,EDGE,1,250,2,7803,22396,-1,0
,ServiceLog,alex,1417273397925,2G,EDGE,1,250,2,7803,22396,-1,0
,ServiceLog,alex,1417273399110,2G,EDGE,1,250,2,7803,22396,-1,0
,ServiceLog,alex,1417273401295,2G,EDGE,1,250,2,7803,22396,-1,0
,ServiceLog,alex,1417273404160,2G,EDGE,1,250,2,7803,22396,-1,0
,ServiceLog,alex,1417273406759,2G,EDGE,1,250,2,7803,22396,-1,0
,ServiceLog,alex,1417273408704,2G,EDGE,1,250,2,7803,22396,-1,0
,ServiceLog,alex,1417273409989,2G,EDGE,1,250,2,7803,22396,-1,0
,ServiceLog,alex,1417273411177,2G,EDGE,1,250,2,7803,22396,-1,0
,ServiceLog,alex,1417273412377,2G,EDGE,1,250,2,7803,22396,-1,0
,ServiceLog,alex,1417273413553,2G,EDGE,1,250,2,7803,22396,-1,0
,ServiceLog,alex,1417273414767,2G,EDGE,1,250,2,7803,22396,-1,0
,ServiceLog,alex,1417273415962,2G,EDGE,1,250,2,7803,22396,-1,0
,ServiceLog,alex,1417273417168,2G,EDGE,1,250,2,7803,22396,-1,0
,ServiceLog,alex,1417273418374,2G,EDGE,1,250,2,7803,22396,-1,0
,ServiceLog,alex,1417273419559,2G,EDGE,1,250,2,7803,22396,-1,0
,ServiceLog,alex,1417273420882,2G,EDGE,1,250,2,7803,22396,-1,0
,ServiceLog,alex,1417273422136,2G,EDGE,1,250,2,7803,22396,-1,0
,ServiceLog,alex,1417273423417,unknown,unknown,1,-1,-1,-1,-1,-1,-1
,ServiceLog,alex,1417273424599,unknown,unknown,1,-1,-1,-1,-1,-1,-1
,ServiceLog,alex,1417273425816,unknown,unknown,1,-1,-1,-1,-1,-1,-1
,ServiceLog,alex,1417273427021,unknown,unknown,1,-1,-1,-1,-1,-1,-1
,ServiceLog,alex,1417273428236,unknown,unknown,1,-1,-1,-1,-1,-1,-1
,ServiceLog,alex,1417273429441,2G,EDGE,1,250,2,7803,22397,-1,0
,ServiceLog,alex,1417273430791,2G,EDGE,1,250,2,7803,22397,-1,0
,ServiceLog,alex,1417273432003,2G,EDGE,1,250,2,7803,22397,-1,0
,ServiceLog,alex,1417273433202,2G,EDGE,1,250,2,7803,22397,-1,0
,ServiceLog,alex,1417273434411,2G,EDGE,1,250,2,7803,22397,-1,0
,ServiceLog,alex,1417273435635,2G,EDGE,1,250,2,7803,22397,-1,0
,ServiceLog,alex,1417273436922,2G,EDGE,1,250,2,7803,22397,-1,0
,ServiceLog,alex,1417273438149,2G,EDGE,1,250,2,7803,22397,-1,0
,ServiceLog,alex,1417273439346,2G,EDGE,1,250,2,7803,22397,-1,0
,ServiceLog,alex,1417273440656,2G,EDGE,1,250,2,7803,22397,-1,0
,ServiceLog,alex,1417273441840,2G,EDGE,1,250,2,7803,22397,-1,0
,ServiceLog,alex,1417273443051,2G,EDGE,1,250,2,7803,22397,-1,0
,ServiceLog,alex,1417273444312,2G,EDGE,1,250,2,7803,22397,-1,0
,ServiceLog,alex,1417273445544,2G,EDGE,1,250,2,7803,22397,-1,0
,ServiceLog,alex,1417273446727,2G,EDGE,1,250,2,7803,22397,-1,0
,ServiceLog,alex,1417273447945,2G,EDGE,1,250,2,7803,22397,-1,0
,ServiceLog,alex,1417273449161,2G,EDGE,1,250,2,7803,22397,-1,0
,ServiceLog,alex,1417273450440,2G,EDGE,1,250,2,7803,22397,-1,0
,ServiceLog,alex,1417273451635,2G,EDGE,1,250,2,7803,22397,-1,0
,ServiceLog,alex,1417273452833,2G,EDGE,1,250,2,7803,22397,-1,0
,ServiceLog,alex,1417273454058,2G,EDGE,1,250,2,7803,22397,-1,0
,ServiceLog,alex,1417273455266,2G,EDGE,1,250,2,7803,22397,-1,0
,ServiceLog,alex,1417273456478,2G,EDGE,1,250,2,7803,22397,-1,0
,ServiceLog,alex,1417273457653,2G,EDGE,1,250,2,7803,22397,-1,0
,ServiceLog,alex,1417273458931,2G,EDGE,1,250,2,7803,22397,-1,0
,ServiceLog,alex,1417273460140,2G,EDGE,1,250,2,7803,22397,-1,0
,ServiceLog,alex,1417273461448,2G,EDGE,1,250,2,7803,22397,-1,0
,ServiceLog,alex,1417273462649,2G,EDGE,1,250,2,7803,22397,-1,0
,ServiceLog,alex,1417273463832,2G,EDGE,1,250,2,7803,22397,-1,0
,ServiceLog,alex,1417273465116,2G,EDGE,1,250,2,7803,22397,-1,0
,ServiceLog,alex,1417273466344,2G,EDGE,1,250,2,7803,22397,-1,0
,ServiceLog,alex,1417273467557,2G,EDGE,1,250,2,7803,22397,-1,0
,ServiceLog,alex,1417273468749,2G,EDGE,1,250,2,7803,22397,-1,0
,ServiceLog,alex,1417273469977,2G,EDGE,1,250,2,7803,22397,-1,0
,ServiceLog,alex,1417273471200,2G,EDGE,1,250,2,7803,22397,-1,0
,ServiceLog,alex,1417273472458,2G,EDGE,1,250,2,7803,22397,-1,0
,ServiceLog,alex,1417273473652,2G,EDGE,1,250,2,7803,22397,-1,0
,ServiceLog,alex,1417273474875,2G,EDGE,1,250,2,7803,22397,-1,0
,ServiceLog,alex,1417273476089,2G,EDGE,1,250,2,7803,22397,-1,0
,ServiceLog,alex,1417273477314,2G,EDGE,1,250,2,7803,22397,-1,0
,ServiceLog,alex,1417273478603,2G,EDGE,1,250,2,7803,22397,-1,0
,ServiceLog,alex,1417273479810,2G,EDGE,1,250,2,7803,22397,-1,0
,ServiceLog,alex,1417273481140,2G,EDGE,1,250,2,7803,22397,-1,0
,ServiceLog,alex,1417273482370,2G,EDGE,1,250,2,7803,22397,-1,0
,ServiceLog,alex,1417273483785,2G,EDGE,1,250,2,7803,22397,-1,0
,ServiceLog,alex,1417273485036,2G,EDGE,1,250,2,7803,22397,-1,0
,ServiceLog,alex,1417273486251,2G,EDGE,1,250,2,7803,22397,-1,0
,ServiceLog,alex,1417273487463,2G,EDGE,1,250,2,7803,22397,-1,0
,ServiceLog,alex,1417273488681,2G,EDGE,1,250,2,7803,22397,-1,0
,ServiceLog,alex,1417273489925,2G,EDGE,1,250,2,7803,22397,-1,0
,ServiceLog,alex,1417273491212,2G,EDGE,1,250,2,7803,22397,-1,0
,ServiceLog,alex,1417273492416,2G,EDGE,1,250,2,7803,22397,-1,0
,ServiceLog,alex,1417273493599,2G,EDGE,1,250,2,7803,22397,-1,0
,ServiceLog,alex,1417273494828,2G,EDGE,1,250,2,7803,22397,-1,0
,ServiceLog,alex,1417273496047,2G,EDGE,1,250,2,7803,22397,-1,0
,ServiceLog,alex,1417273497256,2G,EDGE,1,250,2,7803,22397,-1,0
,ServiceLog,alex,1417273498444,2G,EDGE,1,250,2,7803,22397,-1,0
,ServiceLog,alex,1417273499714,2G,EDGE,1,250,2,7803,22397,-1,0
,ServiceLog,alex,1417273501073,2G,EDGE,1,250,2,7803,14189,-1,0
,ServiceLog,alex,1417273502326,2G,EDGE,1,250,2,7803,14189,-1,0
,ServiceLog,alex,1417273503533,2G,EDGE,1,250,2,7803,14189,-1,0
,ServiceLog,alex,1417273504762,2G,EDGE,1,250,2,7803,14189,-1,0
,ServiceLog,alex,1417273505991,2G,EDGE,1,250,2,7803,14189,-1,0
,ServiceLog,alex,1417273507232,2G,EDGE,1,250,2,7803,14189,-1,0
,ServiceLog,alex,1417273508494,2G,EDGE,1,250,2,7803,14189,-1,0
,ServiceLog,alex,1417273509745,2G,EDGE,1,250,2,7803,14189,-1,0
,ServiceLog,alex,1417273510981,2G,EDGE,1,250,2,7803,14189,-1,0
,ServiceLog,alex,1417273512175,2G,EDGE,1,250,2,7803,14189,-1,0
,ServiceLog,alex,1417273514026,2G,EDGE,1,250,2,7803,14189,-1,0
,ServiceLog,alex,1417273515253,2G,EDGE,1,250,2,7803,14189,-1,0
,ServiceLog,alex,1417273516480,2G,GPRS,1,250,2,7803,8321281,-1,-113
,ServiceLog,alex,1417273517741,3G,HSDPA,1,250,2,7803,8321281,-1,-113
,ServiceLog,alex,1417273519267,3G,HSDPA,1,250,2,7803,8321281,-1,-113
,ServiceLog,alex,1417273520498,3G,HSDPA,1,250,2,7803,8321281,-1,-113
,ServiceLog,alex,1417273521729,3G,HSDPA,1,250,2,7803,8321281,-1,-113
,ServiceLog,alex,1417273522919,3G,HSDPA,1,250,2,7803,8321281,-1,-113
,ServiceLog,alex,1417273524156,3G,HSDPA,1,250,2,7803,8321281,-1,-113
,ServiceLog,alex,1417273525381,3G,HSDPA,1,250,2,7803,8321281,-1,-113
,ServiceLog,alex,1417273526578,3G,HSDPA,1,250,2,7803,8321281,-1,-113
,ServiceLog,alex,1417273527767,3G,HSDPA,1,250,2,7803,8321281,-1,-113
,ServiceLog,alex,1417273529016,3G,HSDPA,1,250,2,7803,8321281,-1,-113
,ServiceLog,alex,1417273530264,3G,HSDPA,1,250,2,7803,8321281,-1,-113
,ServiceLog,alex,1417273531502,3G,HSDPA,1,250,2,7803,8321281,-1,-113
,ServiceLog,alex,1417273532869,3G,HSDPA,1,250,2,7803,8321281,-1,-113
,ServiceLog,alex,1417273534087,3G,HSDPA,1,250,2,7803,8321281,-1,-113
,ServiceLog,alex,1417273535275,3G,HSDPA,1,250,2,7803,8321281,-1,-113
,ServiceLog,alex,1417273536494,3G,HSDPA,1,250,2,7803,8321281,-1,-113
,ServiceLog,alex,1417273537747,3G,HSDPA,1,250,2,7803,8321281,-1,-113
,ServiceLog,alex,1417273539076,3G,HSDPA,1,250,2,7803,8321281,-1,-113
,ServiceLog,alex,1417273540271,3G,HSDPA,1,250,2,7803,8321281,-1,-113
,ServiceLog,alex,1417273541491,3G,HSDPA,1,250,2,7803,8321281,-1,-113
,ServiceLog,alex,1417273542720,3G,HSDPA,1,250,2,7803,8321281,-1,-113
,ServiceLog,alex,1417273544057,3G,HSDPA,1,250,2,7803,8291733,-1,-113
,ServiceLog,alex,1417273545319,3G,HSDPA,1,250,2,7803,8291733,-1,-113
,ServiceLog,alex,1417273546541,3G,HSDPA,1,250,2,7803,8291733,-1,-113
,ServiceLog,alex,1417273547762,3G,HSDPA,1,250,2,7803,8291733,-1,-113
,ServiceLog,alex,1417273549001,3G,HSDPA,1,250,2,7803,8291733,-1,-113
,ServiceLog,alex,1417273550243,3G,HSDPA,1,250,2,7803,8291733,-1,-113
,ServiceLog,alex,1417273551470,3G,HSDPA,1,250,2,7803,8291733,-1,-113
,ServiceLog,alex,1417273552652,3G,HSDPA,1,250,2,7803,8291733,-1,-113
,ServiceLog,alex,1417273553881,3G,HSDPA,1,250,2,7803,8291733,-1,-113
,ServiceLog,alex,1417273555104,3G,HSDPA,1,250,2,7803,8291733,-1,-113
,ServiceLog,alex,1417273556311,3G,HSDPA,1,250,2,7803,8291733,-1,-113
,ServiceLog,alex,1417273557683,3G,HSDPA,1,250,2,7803,8291733,-1,-113
,ServiceLog,alex,1417273558968,3G,HSDPA,1,250,2,7803,8291733,-1,-113
,ServiceLog,alex,1417273560193,3G,HSDPA,1,250,2,7803,8291733,-1,-113
,ServiceLog,alex,1417273561385,3G,HSDPA,1,250,2,7803,8291733,-1,-113
,ServiceLog,alex,1417273562602,3G,HSDPA,1,250,2,7803,8291733,-1,-113
,ServiceLog,alex,1417273563837,3G,HSDPA,1,250,2,7803,8291733,-1,-113
,ServiceLog,alex,1417273565064,3G,HSDPA,1,250,2,7803,8291733,-1,-113
,ServiceLog,alex,1417273566260,3G,HSDPA,1,250,2,7803,8291733,-1,-113
,ServiceLog,alex,1417273567487,3G,HSDPA,1,250,2,7803,8291733,-1,-113
,ServiceLog,alex,1417273568730,3G,HSDPA,1,250,2,7803,8291733,-1,-113
,ServiceLog,alex,1417273569946,3G,HSDPA,1,250,2,7803,8291733,-1,-113
,ServiceLog,alex,1417273571187,3G,HSDPA,1,250,2,7803,8291733,-1,-113
,ServiceLog,alex,1417273572459,3G,HSDPA,1,250,2,7803,8291733,-1,-113
,ServiceLog,alex,1417273573693,3G,HSDPA,1,250,2,7803,8291733,-1,-113
,ServiceLog,alex,1417273574888,3G,HSDPA,1,250,2,7803,8291733,-1,-113
,ServiceLog,alex,1417273576236,3G,HSDPA,1,250,2,7803,8322235,-1,-113
,ServiceLog,alex,1417273578939,3G,HSDPA,1,250,2,7803,8322235,-1,-113
,ServiceLog,alex,1417273581729,3G,HSDPA,1,250,2,7803,22397,-1,0
,ServiceLog,alex,1417273584214,2G,EDGE,1,250,2,7803,22397,-1,0
,ServiceLog,alex,1417273585601,2G,EDGE,1,250,2,7803,22397,-1,0
,ServiceLog,alex,1417273586812,2G,EDGE,1,250,2,7803,22397,-1,0
,ServiceLog,alex,1417273588012,2G,EDGE,1,250,2,7803,22397,-1,0
,ServiceLog,alex,1417273589280,2G,EDGE,1,250,2,7803,22397,-1,0
,ServiceLog,alex,1417273590469,2G,EDGE,1,250,2,7803,22397,-1,0
,ServiceLog,alex,1417273591722,2G,EDGE,1,250,2,7803,22397,-1,0
,ServiceLog,alex,1417273592934,2G,EDGE,1,250,2,7803,22397,-1,0
,ServiceLog,alex,1417273594150,2G,EDGE,1,250,2,7803,22397,-1,0
,ServiceLog,alex,1417273595346,2G,EDGE,1,250,2,7803,22397,-1,0
,ServiceLog,alex,1417273596560,2G,EDGE,1,250,2,7803,22397,-1,0
,ServiceLog,alex,1417273597767,2G,EDGE,1,250,2,7803,22397,-1,0
,ServiceLog,alex,1417273599000,2G,EDGE,1,250,2,7803,22397,-1,0
,ServiceLog,alex,1417273600222,2G,EDGE,1,250,2,7803,22397,-1,0
,ServiceLog,alex,1417273601406,2G,EDGE,1,250,2,7803,22397,-1,0
,ServiceLog,alex,1417273602796,2G,EDGE,1,250,2,7803,22397,-1,0
,ServiceLog,alex,1417273604001,2G,EDGE,1,250,2,7803,22397,-1,0
,ServiceLog,alex,1417273605208,2G,EDGE,1,250,2,7803,22397,-1,0
,ServiceLog,alex,1417273606424,2G,EDGE,1,250,2,7803,22397,-1,0
,ServiceLog,alex,1417273607612,2G,EDGE,1,250,2,7803,22397,-1,0
,ServiceLog,alex,1417273608835,2G,EDGE,1,250,2,7803,22397,-1,0
,ServiceLog,alex,1417273610059,2G,EDGE,1,250,2,7803,22397,-1,0
,ServiceLog,alex,1417273611271,2G,EDGE,1,250,2,7803,22397,-1,0
,ServiceLog,alex,1417273612536,2G,EDGE,1,250,2,7803,22397,-1,0
,ServiceLog,alex,1417273613729,2G,EDGE,1,250,2,7803,22397,-1,0
,ServiceLog,alex,1417273614960,2G,EDGE,1,250,2,7803,22397,-1,0
,ServiceLog,alex,1417273616240,2G,EDGE,1,250,2,7803,22397,-1,0
,ServiceLog,alex,1417273617450,2G,EDGE,1,250,2,7803,22398,-1,0
,ServiceLog,alex,1417273618648,2G,EDGE,1,250,2,7803,22398,-1,0
,ServiceLog,alex,1417273619877,2G,EDGE,1,250,2,7803,22398,-1,0
,ServiceLog,alex,1417273621109,2G,EDGE,1,250,2,7803,22398,-1,0
,ServiceLog,alex,1417273622337,2G,EDGE,1,250,2,7803,22398,-1,0
,ServiceLog,alex,1417273623656,2G,EDGE,1,250,2,7803,22398,-1,0
,ServiceLog,alex,1417273624856,2G,EDGE,1,250,2,7803,22398,-1,0
,ServiceLog,alex,1417273626100,2G,EDGE,1,250,2,7803,22398,-1,0
,ServiceLog,alex,1417273627321,2G,EDGE,1,250,2,7803,22398,-1,0
,ServiceLog,alex,1417273628550,2G,EDGE,1,250,2,7803,22398,-1,0
,ServiceLog,alex,1417273629738,2G,EDGE,1,250,2,7803,22398,-1,0
,ServiceLog,alex,1417273631027,2G,EDGE,1,250,2,7803,22398,-1,0
,ServiceLog,alex,1417273632236,2G,EDGE,1,250,2,7803,22398,-1,0
,ServiceLog,alex,1417273633453,2G,EDGE,1,250,2,7803,22398,-1,0
,ServiceLog,alex,1417273634666,2G,EDGE,1,250,2,7803,22398,-1,0
,ServiceLog,alex,1417273635848,2G,EDGE,1,250,2,7803,22398,-1,0
,ServiceLog,alex,1417273637126,2G,EDGE,1,250,2,7803,22398,-1,0
,ServiceLog,alex,1417273638331,2G,EDGE,1,250,2,7803,22398,-1,0
,ServiceLog,alex,1417273639547,2G,EDGE,1,250,2,7803,22398,-1,0
,ServiceLog,alex,1417273640730,2G,EDGE,1,250,2,7803,22398,-1,0
,ServiceLog,alex,1417273641950,2G,EDGE,1,250,2,7803,22398,-1,0
,ServiceLog,alex,1417273643253,2G,EDGE,1,250,2,7803,22398,-1,0
,ServiceLog,alex,1417273644535,2G,EDGE,1,250,2,7803,22398,-1,0
,ServiceLog,alex,1417273645727,2G,EDGE,1,250,2,7803,22398,-1,0
,ServiceLog,alex,1417273646907,2G,EDGE,1,250,2,7803,22398,-1,0
,ServiceLog,alex,1417273648134,2G,GPRS,1,250,2,7803,8291732,-1,-113
,ServiceLog,alex,1417273649356,3G,HSDPA,1,250,2,7803,8291732,-1,-113
,ServiceLog,alex,1417273650688,3G,HSDPA,1,250,2,7803,8291732,-1,-113
,ServiceLog,alex,1417273651876,3G,HSDPA,1,250,2,7803,8291732,-1,-113
,ServiceLog,alex,1417273653113,3G,HSDPA,1,250,2,7803,8291732,-1,-113
,ServiceLog,alex,1417273654316,3G,HSDPA,1,250,2,7803,8291732,-1,-113
,ServiceLog,alex,1417273655527,3G,HSDPA,1,250,2,7803,8291732,-1,-113
,ServiceLog,alex,1417273656709,3G,HSDPA,1,250,2,7803,8291732,-1,-113
,ServiceLog,alex,1417273657995,3G,HSDPA,1,250,2,7803,8291732,-1,-113
,ServiceLog,alex,1417273659328,3G,HSDPA,1,250,2,7803,8291732,-1,-113
,ServiceLog,alex,1417273660634,3G,HSDPA,1,250,2,7803,8291732,-1,-113
,ServiceLog,alex,1417273661890,3G,HSDPA,1,250,2,7803,8291732,-1,-113
,ServiceLog,alex,1417273663168,3G,HSDPA,1,250,2,7803,8291732,-1,-113
,ServiceLog,alex,1417273664369,3G,HSDPA,1,250,2,7803,8291732,-1,-113
,ServiceLog,alex,1417273665594,3G,HSDPA,1,250,2,7803,8291732,-1,-113
,ServiceLog,alex,1417273666822,3G,HSDPA,1,250,2,7803,8315308,-1,-113
,ServiceLog,alex,1417273668058,3G,HSDPA,1,250,2,7803,8315308,-1,-113
,ServiceLog,alex,1417273669267,3G,HSDPA,1,250,2,7803,8315308,-1,-113
,ServiceLog,alex,1417273670540,3G,HSDPA,1,250,2,7803,8315308,-1,-113
,ServiceLog,alex,1417273671735,3G,HSDPA,1,250,2,7803,8315308,-1,-113
,ServiceLog,alex,1417273672971,3G,HSDPA,1,250,2,7803,8315308,-1,-113
,ServiceLog,alex,1417273674190,3G,HSDPA,1,250,2,7803,8315308,-1,-113
,ServiceLog,alex,1417273675406,3G,HSDPA,1,250,2,7803,8315308,-1,-113
,ServiceLog,alex,1417273676588,3G,HSDPA,1,250,2,7803,8315308,-1,-113
,ServiceLog,alex,1417273677814,3G,HSDPA,1,250,2,7803,8315308,-1,-113
,ServiceLog,alex,1417273679027,3G,HSDPA,1,250,2,7803,8315308,-1,-113
,ServiceLog,alex,1417273680376,3G,HSDPA,1,250,2,7803,8315308,-1,-113
,ServiceLog,alex,1417273681599,3G,HSDPA,1,250,2,7803,8291731,-1,-113
,ServiceLog,alex,1417273682883,3G,HSDPA,1,250,2,7803,8291731,-1,-113
,ServiceLog,alex,1417273684112,3G,HSDPA,1,250,2,7803,8291731,-1,-113
,ServiceLog,alex,1417273685306,3G,HSDPA,1,250,2,7803,8291731,-1,-113
,ServiceLog,alex,1417273686509,3G,HSDPA,1,250,2,7803,8291731,-1,-113
,ServiceLog,alex,1417273687746,3G,HSDPA,1,250,2,7803,8291731,-1,-113
,ServiceLog,alex,1417273688957,3G,HSDPA,1,250,2,7803,8291731,-1,-113
,ServiceLog,alex,1417273690163,3G,HSDPA,1,250,2,7803,8291731,-1,-113
,ServiceLog,alex,1417273691352,3G,HSDPA,1,250,2,7803,8291731,-1,-113
,ServiceLog,alex,1417273692582,3G,HSDPA,1,250,2,7803,8291731,-1,-113
,ServiceLog,alex,1417273693816,3G,HSDPA,1,250,2,7803,8291731,-1,-113
,ServiceLog,alex,1417273695038,3G,HSDPA,1,250,2,7803,8291731,-1,-113
,ServiceLog,alex,1417273696289,3G,HSDPA,1,250,2,7803,8291731,-1,-113
,ServiceLog,alex,1417273697518,3G,HSDPA,1,250,2,7803,8291731,-1,-113
,ServiceLog,alex,1417273698733,3G,HSDPA,1,250,2,7803,8291731,-1,-113
,ServiceLog,alex,1417273699940,3G,HSDPA,1,250,2,7803,8291731,-1,-113
,ServiceLog,alex,1417273701235,3G,HSDPA,1,250,2,7803,8291731,-1,-113
,ServiceLog,alex,1417273702460,3G,HSDPA,1,250,2,7803,8291731,-1,-113
,ServiceLog,alex,1417273703691,3G,HSDPA,1,250,2,7803,8291731,-1,-113
,ServiceLog,alex,1417273704918,3G,HSDPA,1,250,2,7803,8291731,-1,-113
,ServiceLog,alex,1417273706108,3G,HSDPA,1,250,2,7803,8291731,-1,-113
,ServiceLog,alex,1417273707354,3G,HSDPA,1,250,2,7803,8291731,-1,-113
,ServiceLog,alex,1417273708575,3G,HSDPA,1,250,2,7803,8291731,-1,-113
,ServiceLog,alex,1417273709855,3G,HSDPA,1,250,2,7803,8291731,-1,-113
,ServiceLog,alex,1417273711113,3G,HSDPA,1,250,2,7803,8291731,-1,-113
,ServiceLog,alex,1417273712350,3G,HSDPA,1,250,2,7803,8291731,-1,-113
,ServiceLog,alex,1417273713592,3G,HSDPA,1,250,2,7803,8291731,-1,-113
,ServiceLog,alex,1417273714798,3G,HSDPA,1,250,2,7803,8291731,-1,-113
,ServiceLog,alex,1417273716026,3G,HSDPA,1,250,2,7803,8291731,-1,-113
,ServiceLog,alex,1417273717268,3G,HSDPA,1,250,2,7803,8291731,-1,-113
,ServiceLog,alex,1417273718490,3G,HSDPA,1,250,2,7803,8291731,-1,-113
,ServiceLog,alex,1417273719802,3G,HSDPA,1,250,2,7803,8291731,-1,-113
,ServiceLog,alex,1417273721017,3G,HSDPA,1,250,2,7803,8291731,-1,-113
,ServiceLog,alex,1417273722237,3G,HSDPA,1,250,2,7803,8291731,-1,-113
,ServiceLog,alex,1417273723532,3G,HSDPA,1,250,2,7803,8291731,-1,-113
,ServiceLog,alex,1417273724736,3G,HSDPA,1,250,2,7803,8291731,-1,-113
,ServiceLog,alex,1417273726016,3G,HSDPA,1,250,2,7803,8291731,-1,-113
,ServiceLog,alex,1417273727238,3G,HSDPA,1,250,2,7803,8291731,-1,-113
,ServiceLog,alex,1417273728466,3G,HSDPA,1,250,2,7803,8291731,-1,-113
,ServiceLog,alex,1417273729686,3G,HSDPA,1,250,2,7803,8291731,-1,-113
,ServiceLog,alex,1417273730934,3G,HSDPA,1,250,2,7803,8291731,-1,-113
,ServiceLog,alex,1417273732168,3G,HSDPA,1,250,2,7803,8291731,-1,-113
,ServiceLog,alex,1417273733380,3G,HSDPA,1,250,2,7803,8291731,-1,-113
,ServiceLog,alex,1417273735153,3G,HSDPA,1,250,2,7803,8291731,-1,-113
,ServiceLog,alex,1417273736462,3G,HSDPA,1,250,2,7803,8291731,-1,-113
,ServiceLog,alex,1417273737702,3G,HSDPA,1,250,2,7803,8291731,-1,-113
,ServiceLog,alex,1417273738937,3G,HSDPA,1,250,2,7803,8291731,-1,-113
,ServiceLog,alex,1417273740278,3G,HSDPA,1,250,2,7803,8291731,-1,-113
,ServiceLog,alex,1417273741497,3G,HSDPA,1,250,2,7803,8291731,-1,-113
,ServiceLog,alex,1417273742742,3G,HSDPA,1,250,2,7803,8291731,-1,-113
,ServiceLog,alex,1417273743931,3G,HSDPA,1,250,2,7803,8291731,-1,-113
,ServiceLog,alex,1417273745161,3G,HSDPA,1,250,2,7803,8291732,-1,-113
,ServiceLog,alex,1417273746409,3G,HSDPA,1,250,2,7803,8291732,-1,-113
,ServiceLog,alex,1417273747623,3G,HSDPA,1,250,2,7803,8291732,-1,-113
,ServiceLog,alex,1417273748841,3G,HSDPA,1,250,2,7803,8291732,-1,-113
,ServiceLog,alex,1417273750127,3G,HSDPA,1,250,2,7803,8291732,-1,-113
,ServiceLog,alex,1417273751379,3G,HSDPA,1,250,2,7803,8291732,-1,-113
,ServiceLog,alex,1417273752567,3G,HSDPA,1,250,2,7803,8291732,-1,-113
,ServiceLog,alex,1417273753837,3G,HSDPA,1,250,2,7803,8291732,-1,-113
,ServiceLog,alex,1417273755069,3G,HSDPA,1,250,2,7803,8291732,-1,-113
,ServiceLog,alex,1417273756278,3G,HSDPA,1,250,2,7803,8291732,-1,-113
,ServiceLog,alex,1417273757464,3G,HSDPA,1,250,2,7803,8291732,-1,-113
,ServiceLog,alex,1417273758715,unknown,unknown,1,-1,-1,-1,-1,-1,-1
,ServiceLog,alex,1417273759930,unknown,unknown,1,-1,-1,-1,-1,-1,-1
,ServiceLog,alex,1417273761226,unknown,unknown,1,-1,-1,-1,-1,-1,-1
,ServiceLog,alex,1417273762446,2G,EDGE,1,250,2,7803,22398,-1,0
,ServiceLog,alex,1417273764161,2G,EDGE,1,250,2,7803,22398,-1,0
,ServiceLog,alex,1417273765396,2G,EDGE,1,250,2,7803,22398,-1,0
,ServiceLog,alex,1417273766573,2G,EDGE,1,250,2,7803,22398,-1,0
,ServiceLog,alex,1417273767813,2G,EDGE,1,250,2,7803,22398,-1,0
,ServiceLog,alex,1417273769051,2G,EDGE,1,250,2,7803,22398,-1,0
,ServiceLog,alex,1417273770249,2G,EDGE,1,250,2,7803,22398,-1,0
,ServiceLog,alex,1417273771461,2G,EDGE,1,250,2,7803,22398,-1,0
,ServiceLog,alex,1417273772700,2G,EDGE,1,250,2,7803,22398,-1,0
,ServiceLog,alex,1417273773935,2G,EDGE,1,250,2,7803,22398,-1,0
,ServiceLog,alex,1417273775132,2G,EDGE,1,250,2,7803,22398,-1,0
,ServiceLog,alex,1417273776506,2G,EDGE,1,250,2,7803,22398,-1,0
,ServiceLog,alex,1417273777804,2G,EDGE,1,250,2,7803,22398,-1,0
,ServiceLog,alex,1417273779469,2G,EDGE,1,250,2,7803,22238,-1,0
,ServiceLog,alex,1417273782110,2G,EDGE,1,250,2,7803,22238,-1,0
,ServiceLog,alex,1417273784746,2G,EDGE,1,250,2,7803,22238,-1,0
,ServiceLog,alex,1417273786987,2G,EDGE,1,250,2,7803,22238,-1,0
,ServiceLog,alex,1417273788176,2G,EDGE,1,250,2,7803,22238,-1,0
,ServiceLog,alex,1417273789383,2G,EDGE,1,250,2,7803,22238,-1,0
,ServiceLog,alex,1417273790589,2G,EDGE,1,250,2,7803,22238,-1,0
,ServiceLog,alex,1417273791787,2G,EDGE,1,250,2,7803,22238,-1,0
,ServiceLog,alex,1417273792989,2G,EDGE,1,250,2,7803,22238,-1,0
,ServiceLog,alex,1417273794208,2G,EDGE,1,250,2,7803,22238,-1,0
,ServiceLog,alex,1417273795406,2G,EDGE,1,250,2,7803,22238,-1,0
,ServiceLog,alex,1417273796726,2G,EDGE,1,250,2,7803,22238,-1,0
,ServiceLog,alex,1417273797962,2G,EDGE,1,250,2,7803,22238,-1,0
,ServiceLog,alex,1417273799146,2G,EDGE,1,250,2,7803,22238,-1,0
,ServiceLog,alex,1417273800359,2G,EDGE,1,250,2,7803,22238,-1,0
,ServiceLog,alex,1417273801565,2G,EDGE,1,250,2,7803,22238,-1,0
,ServiceLog,alex,1417273802792,2G,EDGE,1,250,2,7803,22238,-1,0
,ServiceLog,alex,1417273804004,2G,EDGE,1,250,2,7803,22238,-1,0
,ServiceLog,alex,1417273805308,2G,EDGE,1,250,2,7803,22238,-1,0
,ServiceLog,alex,1417273806529,2G,EDGE,1,250,2,7803,22238,-1,0
,ServiceLog,alex,1417273807730,2G,EDGE,1,250,2,7803,22238,-1,0
,ServiceLog,alex,1417273808933,2G,EDGE,1,250,2,7803,22238,-1,0
,ServiceLog,alex,1417273810213,2G,EDGE,1,250,2,7803,22238,-1,0
,ServiceLog,alex,1417273811403,2G,EDGE,1,250,2,7803,22238,-1,0
,ServiceLog,alex,1417273812635,2G,EDGE,1,250,2,7803,22238,-1,0
,ServiceLog,alex,1417273813866,2G,EDGE,1,250,2,7803,22238,-1,0
,ServiceLog,alex,1417273815066,2G,EDGE,1,250,2,7803,22238,-1,0
,ServiceLog,alex,1417273816273,2G,EDGE,1,250,2,7803,22238,-1,0
,ServiceLog,alex,1417273817469,2G,EDGE,1,250,2,7803,22238,-1,0
,ServiceLog,alex,1417273818701,2G,EDGE,1,250,2,7803,22238,-1,0
,ServiceLog,alex,1417273819911,2G,EDGE,1,250,2,7803,22238,-1,0
,ServiceLog,alex,1417273821138,2G,EDGE,1,250,2,7803,22238,-1,0
,ServiceLog,alex,1417273822339,2G,EDGE,1,250,2,7803,22238,-1,0
,ServiceLog,alex,1417273823611,2G,EDGE,1,250,2,7803,22238,-1,0
,ServiceLog,alex,1417273824805,2G,EDGE,1,250,2,7803,22238,-1,0
,ServiceLog,alex,1417273826109,2G,GPRS,1,250,2,7803,8317597,-1,0
,ServiceLog,alex,1417273827422,unknown,unknown,1,-1,-1,-1,-1,-1,-1
,ServiceLog,alex,1417273828609,unknown,unknown,1,-1,-1,-1,-1,-1,-1
,ServiceLog,alex,1417273829825,3G,HSDPA,1,250,2,7803,8317597,-1,-113
,ServiceLog,alex,1417273831037,3G,HSDPA,1,250,2,7803,8317597,-1,-113
,ServiceLog,alex,1417273832250,3G,HSDPA,1,250,2,7803,8317597,-1,-113
,ServiceLog,alex,1417273833453,3G,HSDPA,1,250,2,7803,8317597,-1,-113
,ServiceLog,alex,1417273834665,3G,HSDPA,1,250,2,7803,8317597,-1,-113
,ServiceLog,alex,1417273835947,3G,HSDPA,1,250,2,7803,8317597,-1,-113
,ServiceLog,alex,1417273837162,3G,HSDPA,1,250,2,7803,8317597,-1,-113
,ServiceLog,alex,1417273838345,3G,HSDPA,1,250,2,7803,8317597,-1,-113
,ServiceLog,alex,1417273839604,3G,HSDPA,1,250,2,7803,8317597,-1,-113
,ServiceLog,alex,1417273840814,3G,HSDPA,1,250,2,7803,8317597,-1,-113
,ServiceLog,alex,1417273842016,3G,HSDPA,1,250,2,7803,8294990,-1,-113
,ServiceLog,alex,1417273843319,3G,HSDPA,1,250,2,7803,8294990,-1,-113
,ServiceLog,alex,1417273844503,3G,HSDPA,1,250,2,7803,8294990,-1,-113
,ServiceLog,alex,1417273845725,3G,HSDPA,1,250,2,7803,8294990,-1,-113
,ServiceLog,alex,1417273846933,3G,HSDPA,1,250,2,7803,8294990,-1,-113
,ServiceLog,alex,1417273848134,3G,HSDPA,1,250,2,7803,8294990,-1,-113
,ServiceLog,alex,1417273849397,3G,HSDPA,1,250,2,7803,8294990,-1,-113
,ServiceLog,alex,1417279653217,3G,HSDPA,1,250,2,7803,8294990,-1,-113
,ServiceLog,alex,1417279654380,3G,HSDPA,1,250,2,7803,8294990,-1,-113
,ServiceLog,alex,1417279655659,3G,HSDPA,1,250,2,7803,8294990,-1,-113
,ServiceLog,alex,1417279656827,3G,HSDPA,1,250,2,7803,8294990,-1,-113
,ServiceLog,alex,1417279657966,3G,HSDPA,1,250,2,7803,8294990,-1,-113
,ServiceLog,alex,1417279659228,3G,HSDPA,1,250,2,7803,8294990,-1,-113
,ServiceLog,alex,1417279660443,3G,HSDPA,1,250,2,7803,8294990,-1,-113
,ServiceLog,alex,1417279661730,3G,HSDPA,1,250,2,7803,8294990,-1,-113
,ServiceLog,alex,1417279662945,3G,HSDPA,1,250,2,7803,8294990,-1,-113
,ServiceLog,alex,1417279664157,3G,HSDPA,1,250,2,7803,8294990,-1,-113
,ServiceLog,alex,1417279665449,3G,HSDPA,1,250,2,7803,8294990,-1,-113
,ServiceLog,alex,1417279666617,3G,HSDPA,1,250,2,7803,8294990,-1,-113
,ServiceLog,alex,1417279667825,3G,HSDPA,1,250,2,7803,8294990,-1,-113
,ServiceLog,alex,1417279669104,3G,HSDPA,1,250,2,7803,8294988,-1,-113
,ServiceLog,alex,1417279670460,3G,HSDPA,1,250,2,7803,8294988,-1,-113
,ServiceLog,alex,1417279673145,3G,HSDPA,1,250,2,7803,8294988,-1,-113
,ServiceLog,alex,1417279675877,3G,HSDPA,1,250,2,7803,8294988,-1,-113
,ServiceLog,alex,1417279678292,3G,HSDPA,1,250,2,7803,8294988,-1,-113
,ServiceLog,alex,1417279679487,3G,HSDPA,1,250,2,7803,8294988,-1,-113
,ServiceLog,alex,1417279680659,3G,HSDPA,1,250,2,7803,8294988,-1,-113
,ServiceLog,alex,1417279681889,3G,HSDPA,1,250,2,7803,8294988,-1,-113
,ServiceLog,alex,1417279683060,3G,HSDPA,1,250,2,7803,8294988,-1,-113
,ServiceLog,alex,1417279684258,3G,HSDPA,1,250,2,7803,8294988,-1,-113
,ServiceLog,alex,1417279685515,3G,HSDPA,1,250,2,7803,8294988,-1,-113
,ServiceLog,alex,1417279686700,3G,HSDPA,1,250,2,7803,8294988,-1,-113
,ServiceLog,alex,1417279687902,3G,HSDPA,1,250,2,7803,8294988,-1,-113
,ServiceLog,alex,1417279689123,3G,HSDPA,1,250,2,7803,8294988,-1,-113
,ServiceLog,alex,1417279690334,3G,HSDPA,1,250,2,7803,8294988,-1,-113
,ServiceLog,alex,1417279691541,3G,HSDPA,1,250,2,7803,8294988,-1,-113
,ServiceLog,alex,1417279692746,3G,HSDPA,1,250,2,7803,8294988,-1,-113
,ServiceLog,alex,1417279693928,3G,HSDPA,1,250,2,7803,8294988,-1,-113
,ServiceLog,alex,1417279695149,3G,HSDPA,1,250,2,7803,8294988,-1,-113
,ServiceLog,alex,1417279696360,3G,HSDPA,1,250,2,7803,8294988,-1,-113
,ServiceLog,alex,1417279697536,3G,HSDPA,1,250,2,7803,8294988,-1,-113
,ServiceLog,alex,1417279698714,3G,HSDPA,1,250,2,7803,8294988,-1,-113
,ServiceLog,alex,1417279699893,3G,HSDPA,1,250,2,7803,8294988,-1,-113
,ServiceLog,alex,1417279701052,3G,HSDPA,1,250,2,7803,8294988,-1,-113
,ServiceLog,alex,1417279702238,3G,HSDPA,1,250,2,7803,8294988,-1,-113
,ServiceLog,alex,1417279703425,3G,HSDPA,1,250,2,7803,8294988,-1,-113
,ServiceLog,alex,1417279704671,3G,HSDPA,1,250,2,7803,8294988,-1,-113
,ServiceLog,alex,1417279705858,3G,HSDPA,1,250,2,7803,8294988,-1,-113
,ServiceLog,alex,1417279707098,3G,HSDPA,1,250,2,7803,8294988,-1,-113
,ServiceLog,alex,1417279708286,3G,HSDPA,1,250,2,7803,8294988,-1,-113
,ServiceLog,alex,1417279709533,3G,HSDPA,1,250,2,7803,8294988,-1,-113
,ServiceLog,alex,1417279710707,3G,HSDPA,1,250,2,7803,8294988,-1,-113
,ServiceLog,alex,1417279711867,3G,HSDPA,1,250,2,7803,8294988,-1,-113
,ServiceLog,alex,1417279713055,3G,HSDPA,1,250,2,7803,8294988,-1,-113
,ServiceLog,alex,1417279714240,3G,HSDPA,1,250,2,7803,8294988,-1,-113
,ServiceLog,alex,1417279715427,3G,HSDPA,1,250,2,7803,8294988,-1,-113
,ServiceLog,alex,1417279716592,3G,HSDPA,1,250,2,7803,8294988,-1,-113
,ServiceLog,alex,1417279717799,3G,HSDPA,1,250,2,7803,8294988,-1,-113
,ServiceLog,alex,1417279719036,3G,HSDPA,1,250,2,7803,8294988,-1,-113
,ServiceLog,alex,1417279720230,3G,HSDPA,1,250,2,7803,8294988,-1,-113
,ServiceLog,alex,1417279721407,3G,HSDPA,1,250,2,7803,8294988,-1,-113
,ServiceLog,alex,1417279722647,3G,HSDPA,1,250,2,7803,22238,-1,0
,ServiceLog,alex,1417279723847,2G,EDGE,1,250,2,7803,22238,-1,0
,ServiceLog,alex,1417279725071,2G,EDGE,1,250,2,7803,22238,-1,0
,ServiceLog,alex,1417279726252,2G,EDGE,1,250,2,7803,22238,-1,0
,ServiceLog,alex,1417279727428,2G,EDGE,1,250,2,7803,22238,-1,0
,ServiceLog,alex,1417279728625,2G,EDGE,1,250,2,7803,22238,-1,0
,ServiceLog,alex,1417279729807,2G,EDGE,1,250,2,7803,22238,-1,0
,ServiceLog,alex,1417279730986,2G,EDGE,1,250,2,7803,22238,-1,0
,ServiceLog,alex,1417279732145,2G,EDGE,1,250,2,7803,22238,-1,0
,ServiceLog,alex,1417279733348,2G,EDGE,1,250,2,7803,22238,-1,0
,ServiceLog,alex,1417279734547,2G,EDGE,1,250,2,7803,22238,-1,0
,ServiceLog,alex,1417279735788,2G,EDGE,1,250,2,7803,22238,-1,0
,ServiceLog,alex,1417279736950,2G,EDGE,1,250,2,7803,22238,-1,0
,ServiceLog,alex,1417279738186,2G,EDGE,1,250,2,7803,22238,-1,0
,ServiceLog,alex,1417279739375,2G,EDGE,1,250,2,7803,22238,-1,0
,ServiceLog,alex,1417279740579,2G,EDGE,1,250,2,7803,22238,-1,0
,ServiceLog,alex,1417279741743,2G,EDGE,1,250,2,7803,22238,-1,0
,ServiceLog,alex,1417279742945,2G,EDGE,1,250,2,7803,22238,-1,0
,ServiceLog,alex,1417279744212,2G,EDGE,1,250,2,7803,22238,-1,0
,ServiceLog,alex,1417279745406,2G,EDGE,1,250,2,7803,22238,-1,0
,ServiceLog,alex,1417279746563,2G,EDGE,1,250,2,7803,22238,-1,0
,ServiceLog,alex,1417279747769,2G,EDGE,1,250,2,7803,22238,-1,0
,ServiceLog,alex,1417279749042,2G,EDGE,1,250,2,7803,22398,-1,0
,ServiceLog,alex,1417279750230,2G,EDGE,1,250,2,7803,22398,-1,0
,ServiceLog,alex,1417279751398,2G,EDGE,1,250,2,7803,22398,-1,0
,ServiceLog,alex,1417279752612,2G,EDGE,1,250,2,7803,22398,-1,0
,ServiceLog,alex,1417279753818,2G,EDGE,1,250,2,7803,22398,-1,0
,ServiceLog,alex,1417279755005,2G,EDGE,1,250,2,7803,22398,-1,0
,ServiceLog,alex,1417279756173,2G,EDGE,1,250,2,7803,22398,-1,0
,ServiceLog,alex,1417279757391,2G,EDGE,1,250,2,7803,22398,-1,0
,ServiceLog,alex,1417279758593,2G,EDGE,1,250,2,7803,22398,-1,0
,ServiceLog,alex,1417279759777,2G,EDGE,1,250,2,7803,22398,-1,0
,ServiceLog,alex,1417279760976,2G,EDGE,1,250,2,7803,22398,-1,0
,ServiceLog,alex,1417279762274,2G,EDGE,1,250,2,7803,22398,-1,0
,ServiceLog,alex,1417279763495,2G,EDGE,1,250,2,7803,22398,-1,0
,ServiceLog,alex,1417279764727,2G,EDGE,1,250,2,7803,22398,-1,0
,ServiceLog,alex,1417279765938,2G,EDGE,1,250,2,7803,22398,-1,0
,ServiceLog,alex,1417279767143,2G,EDGE,1,250,2,7803,22398,-1,0
,ServiceLog,alex,1417279768344,2G,EDGE,1,250,2,7803,22398,-1,0
,ServiceLog,alex,1417279769514,2G,EDGE,1,250,2,7803,22398,-1,0
,ServiceLog,alex,1417279770739,2G,EDGE,1,250,2,7803,22398,-1,0
,ServiceLog,alex,1417279771950,2G,EDGE,1,250,2,7803,22398,-1,0
,ServiceLog,alex,1417279773116,2G,EDGE,1,250,2,7803,22398,-1,0
,ServiceLog,alex,1417279774305,2G,GPRS,1,250,2,7803,8291731,-1,-113
,ServiceLog,alex,1417279775573,3G,HSDPA,1,250,2,7803,8291731,-1,-113
,ServiceLog,alex,1417279777027,3G,HSDPA,1,250,2,7803,8291731,-1,-113
,ServiceLog,alex,1417279779324,3G,HSDPA,1,250,2,7803,8291731,-1,-113
,ServiceLog,alex,1417279781857,3G,HSDPA,1,250,2,7803,8291731,-1,-113
,ServiceLog,alex,1417279784476,3G,HSDPA,1,250,2,7803,8315308,-1,-113
,ServiceLog,alex,1417279785742,3G,HSDPA,1,250,2,7803,8315308,-1,-113
,ServiceLog,alex,1417279786919,3G,HSDPA,1,250,2,7803,8315308,-1,-113
,ServiceLog,alex,1417279788105,3G,HSDPA,1,250,2,7803,8315308,-1,-113
,ServiceLog,alex,1417279789285,3G,HSDPA,1,250,2,7803,8315308,-1,-113
,ServiceLog,alex,1417279790451,3G,HSDPA,1,250,2,7803,8315308,-1,-113
,ServiceLog,alex,1417279791648,3G,HSDPA,1,250,2,7803,8315308,-1,-113
,ServiceLog,alex,1417279792885,3G,HSDPA,1,250,2,7803,8315308,-1,-113
,ServiceLog,alex,1417279794059,3G,HSDPA,1,250,2,7803,8315308,-1,-113
,ServiceLog,alex,1417279795224,3G,HSDPA,1,250,2,7803,8315308,-1,-113
,ServiceLog,alex,1417279796404,3G,HSDPA,1,250,2,7803,8315308,-1,-113
,ServiceLog,alex,1417279797616,3G,HSDPA,1,250,2,7803,8315308,-1,-113
,ServiceLog,alex,1417279798810,3G,HSDPA,1,250,2,7803,8315308,-1,-113
,ServiceLog,alex,1417279799964,3G,HSDPA,1,250,2,7803,8315308,-1,-113
,ServiceLog,alex,1417279801185,3G,HSDPA,1,250,2,7803,8315308,-1,-113
,ServiceLog,alex,1417279802396,3G,HSDPA,1,250,2,7803,8315308,-1,-113
,ServiceLog,alex,1417279803605,3G,HSDPA,1,250,2,7803,8315308,-1,-113
,ServiceLog,alex,1417279804922,3G,HSDPA,1,250,2,7803,8315308,-1,-113
,ServiceLog,alex,1417279806080,3G,HSDPA,1,250,2,7803,8315308,-1,-113
,ServiceLog,alex,1417279807269,3G,HSDPA,1,250,2,7803,8315308,-1,-113
,ServiceLog,alex,1417279808453,3G,HSDPA,1,250,2,7803,8315308,-1,-113
,ServiceLog,alex,1417279809660,3G,HSDPA,1,250,2,7803,8315308,-1,-113
,ServiceLog,alex,1417279810844,3G,HSDPA,1,250,2,7803,8315308,-1,-113
,ServiceLog,alex,1417279812030,3G,HSDPA,1,250,2,7803,8315308,-1,-113
,ServiceLog,alex,1417279813205,3G,HSDPA,1,250,2,7803,8315308,-1,-113
,ServiceLog,alex,1417279814377,3G,HSDPA,1,250,2,7803,8315308,-1,-113
,ServiceLog,alex,1417279815555,3G,HSDPA,1,250,2,7803,8315308,-1,-113
,ServiceLog,alex,1417279816707,3G,HSDPA,1,250,2,7803,8315308,-1,-113
,ServiceLog,alex,1417279817954,3G,HSDPA,1,250,2,7803,8315308,-1,-113
,ServiceLog,alex,1417279819147,3G,HSDPA,1,250,2,7803,8315308,-1,-113
,ServiceLog,alex,1417279820351,3G,HSDPA,1,250,2,7803,8315308,-1,-113
,ServiceLog,alex,1417279821529,3G,HSDPA,1,250,2,7803,8315308,-1,-113
,ServiceLog,alex,1417279822751,3G,HSDPA,1,250,2,7803,8315308,-1,-113
,ServiceLog,alex,1417279823928,3G,HSDPA,1,250,2,7803,8315308,-1,-113
,ServiceLog,alex,1417279825192,3G,HSDPA,1,250,2,7803,8315308,-1,-113
,ServiceLog,alex,1417279826377,3G,HSDPA,1,250,2,7803,8315308,-1,-113
,ServiceLog,alex,1417279827569,3G,HSDPA,1,250,2,7803,8315308,-1,-113
,ServiceLog,alex,1417279828774,3G,HSDPA,1,250,2,7803,8315308,-1,-113
,ServiceLog,alex,1417279830098,3G,HSDPA,1,250,2,7803,8315308,-1,-113
,ServiceLog,alex,1417279831265,3G,HSDPA,1,250,2,7803,8315308,-1,-113
,ServiceLog,alex,1417279832469,3G,HSDPA,1,250,2,7803,8315308,-1,-113
,ServiceLog,alex,1417279833667,3G,HSDPA,1,250,2,7803,8315308,-1,-113
,ServiceLog,alex,1417279834863,3G,HSDPA,1,250,2,7803,8315308,-1,-113
,ServiceLog,alex,1417279836043,3G,HSDPA,1,250,2,7803,8315308,-1,-113
,ServiceLog,alex,1417279837243,3G,HSDPA,1,250,2,7803,8315308,-1,-113
,ServiceLog,alex,1417279838423,3G,HSDPA,1,250,2,7803,8291731,-1,-113
,ServiceLog,alex,1417279839610,3G,HSDPA,1,250,2,7803,8291731,-1,-113
,ServiceLog,alex,1417279840801,3G,HSDPA,1,250,2,7803,8291731,-1,-113
,ServiceLog,alex,1417279842041,3G,HSDPA,1,250,2,7803,8291731,-1,-113
,ServiceLog,alex,1417279843294,3G,HSDPA,1,250,2,7803,8291731,-1,-113
,ServiceLog,alex,1417279844483,3G,HSDPA,1,250,2,7803,8291731,-1,-113
,ServiceLog,alex,1417279845709,3G,HSDPA,1,250,2,7803,8291731,-1,-113
,ServiceLog,alex,1417279846906,3G,HSDPA,1,250,2,7803,8291731,-1,-113
,ServiceLog,alex,1417279848108,3G,HSDPA,1,250,2,7803,8291731,-1,-113
,ServiceLog,alex,1417279849262,3G,HSDPA,1,250,2,7803,8291731,-1,-113
,ServiceLog,alex,1417279850446,3G,HSDPA,1,250,2,7803,8315308,-1,-113
,ServiceLog,alex,1417279851641,3G,HSDPA,1,250,2,7803,8315308,-1,-113
,ServiceLog,alex,1417279852835,3G,HSDPA,1,250,2,7803,8315308,-1,-113
,ServiceLog,alex,1417279854009,3G,HSDPA,1,250,2,7803,8291730,-1,-113
,ServiceLog,alex,1417279855267,3G,HSDPA,1,250,2,7803,8291732,-1,-113
,ServiceLog,alex,1417279856477,3G,HSDPA,1,250,2,7803,8291732,-1,-113
,ServiceLog,alex,1417279857657,3G,HSDPA,1,250,2,7803,8317782,-1,-113
,ServiceLog,alex,1417279858860,3G,HSDPA,1,250,2,7803,8291731,-1,-113
,ServiceLog,alex,1417279860089,3G,HSDPA,1,250,2,7803,8291731,-1,-113
,ServiceLog,alex,1417279861289,3G,HSDPA,1,250,2,7803,8291731,-1,-113
,ServiceLog,alex,1417279862533,3G,HSDPA,1,250,2,7803,8291731,-1,-113
,ServiceLog,alex,1417279863683,3G,HSDPA,1,250,2,7803,8291732,-1,-113
,ServiceLog,alex,1417279864888,3G,HSDPA,1,250,2,7803,8291732,-1,-113
,ServiceLog,alex,1417279866089,3G,HSDPA,1,250,2,7803,8291732,-1,-113
,ServiceLog,alex,1417279867272,3G,HSDPA,1,250,2,7803,8291732,-1,-113
,ServiceLog,alex,1417279868456,3G,HSDPA,1,250,2,7803,8291732,-1,-113
,ServiceLog,alex,1417279869714,3G,HSDPA,1,250,2,7803,8291732,-1,-113
,ServiceLog,alex,1417279870905,3G,HSDPA,1,250,2,7803,8291732,-1,-113
,ServiceLog,alex,1417279872115,3G,HSDPA,1,250,2,7803,8291732,-1,-113
,ServiceLog,alex,1417279873317,3G,HSDPA,1,250,2,7803,8291732,-1,-113
,ServiceLog,alex,1417279874514,3G,HSDPA,1,250,2,7803,8291732,-1,-113
,ServiceLog,alex,1417279875724,3G,HSDPA,1,250,2,7803,8291732,-1,-113
,ServiceLog,alex,1417279876892,3G,HSDPA,1,250,2,7803,8291732,-1,-113
,ServiceLog,alex,1417279878134,3G,HSDPA,1,250,2,7803,22397,-1,0
,ServiceLog,alex,1417279879341,3G,HSDPA,1,250,2,7803,22397,-1,0
,ServiceLog,alex,1417279880525,3G,HSDPA,1,250,2,7803,22397,-1,0
,ServiceLog,alex,1417279881695,3G,HSDPA,1,250,2,7803,22397,-1,0
,ServiceLog,alex,1417279883056,3G,HSDPA,1,250,2,7803,22397,-1,0
,ServiceLog,alex,1417279884464,3G,HSDPA,1,250,2,7803,22397,-1,0
,ServiceLog,alex,1417279885656,3G,HSDPA,1,250,2,7803,22397,-1,0
,ServiceLog,alex,1417279886855,3G,HSDPA,1,250,2,7803,22397,-1,0
,ServiceLog,alex,1417279888070,3G,HSDPA,1,250,2,7803,22397,-1,0
,ServiceLog,alex,1417279889278,3G,HSDPA,1,250,2,7803,22397,-1,0
,ServiceLog,alex,1417279890442,3G,HSDPA,1,250,2,7803,22397,-1,0
,ServiceLog,alex,1417279891656,3G,HSDPA,1,250,2,7803,22397,-1,0
,ServiceLog,alex,1417279892874,3G,HSDPA,1,250,2,7803,22397,-1,0
,ServiceLog,alex,1417279894067,3G,HSDPA,1,250,2,7803,22397,-1,0
,ServiceLog,alex,1417279895234,3G,HSDPA,1,250,2,7803,22397,-1,0
,ServiceLog,alex,1417279897808,3G,HSDPA,1,250,2,7803,22397,-1,0
,ServiceLog,alex,1417279900590,2G,EDGE,1,250,2,7803,22397,-1,0
,ServiceLog,alex,1417279903214,2G,EDGE,1,250,2,7803,22397,-1,0
,ServiceLog,alex,1417279904470,2G,EDGE,1,250,2,7803,22397,-1,0
,ServiceLog,alex,1417279905665,2G,EDGE,1,250,2,7803,22397,-1,0
,ServiceLog,alex,1417279906919,2G,EDGE,1,250,2,7803,22397,-1,0
,ServiceLog,alex,1417279908102,2G,EDGE,1,250,2,7803,22397,-1,0
,ServiceLog,alex,1417279909257,2G,EDGE,1,250,2,7803,22397,-1,0
,ServiceLog,alex,1417279910458,2G,EDGE,1,250,2,7803,22397,-1,0
,ServiceLog,alex,1417279911632,2G,EDGE,1,250,2,7803,22397,-1,0
,ServiceLog,alex,1417279912820,2G,EDGE,1,250,2,7803,22397,-1,0
,ServiceLog,alex,1417279914050,2G,EDGE,1,250,2,7803,22397,-1,0
,ServiceLog,alex,1417279915241,2G,EDGE,1,250,2,7803,22397,-1,0
,ServiceLog,alex,1417279916443,2G,EDGE,1,250,2,7803,22397,-1,0
,ServiceLog,alex,1417279917625,2G,EDGE,1,250,2,7803,22397,-1,0
,ServiceLog,alex,1417279918815,2G,EDGE,1,250,2,7803,22397,-1,0
,ServiceLog,alex,1417279919983,2G,EDGE,1,250,2,7803,22397,-1,0
,ServiceLog,alex,1417279921201,2G,EDGE,1,250,2,7803,22397,-1,0
,ServiceLog,alex,1417279922377,2G,EDGE,1,250,2,7803,22397,-1,0
,ServiceLog,alex,1417279923558,2G,EDGE,1,250,2,7803,22397,-1,0
,ServiceLog,alex,1417279924731,2G,EDGE,1,250,2,7803,22397,-1,0
,ServiceLog,alex,1417279925886,2G,EDGE,1,250,2,7803,22397,-1,0
,ServiceLog,alex,1417279927206,2G,EDGE,1,250,2,7803,22397,-1,0
,ServiceLog,alex,1417279928419,2G,EDGE,1,250,2,7803,22397,-1,0
,ServiceLog,alex,1417279929606,2G,EDGE,1,250,2,7803,22397,-1,0
,ServiceLog,alex,1417279930768,2G,EDGE,1,250,2,7803,22397,-1,0
,ServiceLog,alex,1417279931946,2G,EDGE,1,250,2,7803,22397,-1,0
,ServiceLog,alex,1417279933131,2G,EDGE,1,250,2,7803,22397,-1,0
,ServiceLog,alex,1417279934319,2G,EDGE,1,250,2,7803,22397,-1,0
,ServiceLog,alex,1417279935497,2G,EDGE,1,250,2,7803,22397,-1,0
,ServiceLog,alex,1417279936656,2G,EDGE,1,250,2,7803,22397,-1,0
,ServiceLog,alex,1417279937845,2G,EDGE,1,250,2,7803,22397,-1,0
,ServiceLog,alex,1417279939033,2G,EDGE,1,250,2,7803,22397,-1,0
,ServiceLog,alex,1417279940271,2G,EDGE,1,250,2,7803,22397,-1,0
,ServiceLog,alex,1417279941455,2G,EDGE,1,250,2,7803,22397,-1,0
,ServiceLog,alex,1417279942637,2G,EDGE,1,250,2,7803,22397,-1,0
,ServiceLog,alex,1417279943817,2G,EDGE,1,250,2,7803,22397,-1,0
,ServiceLog,alex,1417279945012,2G,EDGE,1,250,2,7803,22397,-1,0
,ServiceLog,alex,1417279946185,2G,EDGE,1,250,2,7803,22397,-1,0
,ServiceLog,alex,1417279947416,2G,GPRS,1,250,2,7803,8322235,-1,0
,ServiceLog,alex,1417279948745,3G,HSDPA,1,250,2,7803,8322235,-1,-113
,ServiceLog,alex,1417279950001,3G,HSDPA,1,250,2,7803,8322235,-1,-113
,ServiceLog,alex,1417279951201,3G,HSDPA,1,250,2,7803,8322235,-1,-113
,ServiceLog,alex,1417279952354,3G,HSDPA,1,250,2,7803,8322235,-1,-113
,ServiceLog,alex,1417279953566,3G,HSDPA,1,250,2,7803,8322235,-1,-113
,ServiceLog,alex,1417279954821,3G,HSDPA,1,250,2,7803,8322235,-1,-113
,ServiceLog,alex,1417279955974,3G,HSDPA,1,250,2,7803,8322235,-1,-113
,ServiceLog,alex,1417279957160,3G,HSDPA,1,250,2,7803,8322235,-1,-113
,ServiceLog,alex,1417279958364,3G,HSDPA,1,250,2,7803,8322235,-1,-113
,ServiceLog,alex,1417279959563,3G,HSDPA,1,250,2,7803,8322235,-1,-113
,ServiceLog,alex,1417279960720,3G,HSDPA,1,250,2,7803,8322235,-1,-113
,ServiceLog,alex,1417279961917,3G,HSDPA,1,250,2,7803,8322235,-1,-113
,ServiceLog,alex,1417279963106,3G,HSDPA,1,250,2,7803,8322235,-1,-113
,ServiceLog,alex,1417279964392,3G,HSDPA,1,250,2,7803,8321281,-1,-113
,ServiceLog,alex,1417279965561,3G,HSDPA,1,250,2,7803,8321281,-1,-113
,ServiceLog,alex,1417279966824,3G,HSDPA,1,250,2,7803,8321281,-1,-113
,ServiceLog,alex,1417279968035,3G,HSDPA,1,250,2,7803,8321281,-1,-113
,ServiceLog,alex,1417279969251,3G,HSDPA,1,250,2,7803,8321281,-1,-113
,ServiceLog,alex,1417279970424,3G,HSDPA,1,250,2,7803,8321281,-1,-113
,ServiceLog,alex,1417279971637,3G,HSDPA,1,250,2,7803,8321281,-1,-113
,ServiceLog,alex,1417279972843,3G,HSDPA,1,250,2,7803,8321281,-1,-113
,ServiceLog,alex,1417279974040,3G,HSDPA,1,250,2,7803,8321281,-1,-113
,ServiceLog,alex,1417279975198,3G,HSDPA,1,250,2,7803,8321281,-1,-113
,ServiceLog,alex,1417279976394,3G,HSDPA,1,250,2,7803,8321281,-1,-113
,ServiceLog,alex,1417279977582,3G,HSDPA,1,250,2,7803,8321281,-1,-113
,ServiceLog,alex,1417279978834,3G,HSDPA,1,250,2,7803,8321281,-1,-113
,ServiceLog,alex,1417279980066,3G,HSDPA,1,250,2,7803,8321281,-1,-113
,ServiceLog,alex,1417279981270,3G,HSDPA,1,250,2,7803,8321281,-1,-113
,ServiceLog,alex,1417279982482,3G,HSDPA,1,250,2,7803,8321281,-1,-113
,ServiceLog,alex,1417279983760,3G,HSDPA,1,250,2,7803,8321281,-1,-113
,ServiceLog,alex,1417279984964,3G,HSDPA,1,250,2,7803,8321281,-1,-113
,ServiceLog,alex,1417279986179,3G,HSDPA,1,250,2,7803,8321281,-1,-113
,ServiceLog,alex,1417279987370,3G,HSDPA,1,250,2,7803,8321281,-1,-113
,ServiceLog,alex,1417279988538,3G,HSDPA,1,250,2,7803,8321281,-1,-113
,ServiceLog,alex,1417279989734,3G,HSDPA,1,250,2,7803,8321281,-1,-113
,ServiceLog,alex,1417279990930,3G,HSDPA,1,250,2,7803,8321281,-1,-113
,ServiceLog,alex,1417279992202,3G,HSDPA,1,250,2,7803,8321281,-1,-113
,ServiceLog,alex,1417279993379,3G,HSDPA,1,250,2,7803,8321281,-1,-113
,ServiceLog,alex,1417279994574,3G,HSDPA,1,250,2,7803,8321281,-1,-113
,ServiceLog,alex,1417279995766,3G,HSDPA,1,250,2,7803,8321281,-1,-113
,ServiceLog,alex,1417279996980,3G,HSDPA,1,250,2,7803,8321281,-1,-113
,ServiceLog,alex,1417279998134,3G,HSDPA,1,250,2,7803,8321281,-1,-113
,ServiceLog,alex,1417279999326,3G,HSDPA,1,250,2,7803,8321281,-1,-113
,ServiceLog,alex,1417280000516,3G,HSDPA,1,250,2,7803,8321281,-1,-113
,ServiceLog,alex,1417280001705,3G,HSDPA,1,250,2,7803,8321281,-1,-113
,ServiceLog,alex,1417280002858,3G,HSDPA,1,250,2,7803,8321281,-1,-113
,ServiceLog,alex,1417280004995,3G,HSDPA,1,250,2,7803,8291733,-1,-113
,ServiceLog,alex,1417280008418,3G,HSDPA,1,250,2,7803,8291733,-1,-113
,ServiceLog,alex,1417280010221,3G,HSDPA,1,250,2,7803,8291733,-1,-113
,ServiceLog,alex,1417280011399,3G,HSDPA,1,250,2,7803,8291733,-1,-113
,ServiceLog,alex,1417280012568,3G,HSDPA,1,250,2,7803,8291733,-1,-113
,ServiceLog,alex,1417280013747,3G,HSDPA,1,250,2,7803,8291733,-1,-113
,ServiceLog,alex,1417280014914,3G,HSDPA,1,250,2,7803,8291733,-1,-113
,ServiceLog,alex,1417280016094,3G,HSDPA,1,250,2,7803,8291733,-1,-113
,ServiceLog,alex,1417280017270,3G,HSDPA,1,250,2,7803,8291733,-1,-113
,ServiceLog,alex,1417280018452,3G,HSDPA,1,250,2,7803,8291733,-1,-113
,ServiceLog,alex,1417280019622,3G,HSDPA,1,250,2,7803,8291733,-1,-113
,ServiceLog,alex,1417280020797,3G,HSDPA,1,250,2,7803,8291733,-1,-113
,ServiceLog,alex,1417280022026,3G,HSDPA,1,250,2,7803,8291733,-1,-113
,ServiceLog,alex,1417280023210,3G,HSDPA,1,250,2,7803,8291733,-1,-113
,ServiceLog,alex,1417280024422,3G,HSDPA,1,250,2,7803,8291733,-1,-113
,ServiceLog,alex,1417280025693,3G,HSDPA,1,250,2,7803,8291733,-1,-113
,ServiceLog,alex,1417280026859,3G,HSDPA,1,250,2,7803,8291733,-1,-113
,ServiceLog,alex,1417280028056,3G,HSDPA,1,250,2,7803,8291733,-1,-113
,ServiceLog,alex,1417280029233,3G,HSDPA,1,250,2,7803,8291733,-1,-113
,ServiceLog,alex,1417280030413,3G,HSDPA,1,250,2,7803,8291733,-1,-113
,ServiceLog,alex,1417280031597,3G,HSDPA,1,250,2,7803,8291733,-1,-113
,ServiceLog,alex,1417280032746,3G,HSDPA,1,250,2,7803,8291733,-1,-113
,ServiceLog,alex,1417280033939,3G,HSDPA,1,250,2,7803,8291733,-1,-113
,ServiceLog,alex,1417280035173,3G,HSDPA,1,250,2,7803,8291733,-1,-113
,ServiceLog,alex,1417280036346,3G,HSDPA,1,250,2,7803,8291733,-1,-113
,ServiceLog,alex,1417280037504,3G,HSDPA,1,250,2,7803,8291733,-1,-113
,ServiceLog,alex,1417280038697,3G,HSDPA,1,250,2,7803,8322235,-1,-113
,ServiceLog,alex,1417280039899,3G,HSDPA,1,250,2,7803,8322235,-1,-113
,ServiceLog,alex,1417280041121,3G,HSDPA,1,250,2,7803,8322235,-1,-113
,ServiceLog,alex,1417280042286,3G,HSDPA,1,250,2,7803,8291733,-1,-113
,ServiceLog,alex,1417280043474,3G,HSDPA,1,250,2,7803,8291733,-1,-113
,ServiceLog,alex,1417280044726,3G,HSDPA,1,250,2,7803,8291733,-1,-113
,ServiceLog,alex,1417280045914,3G,HSDPA,1,250,2,7803,8291733,-1,-113
,ServiceLog,alex,1417280047146,3G,HSDPA,1,250,2,7803,8291733,-1,-113
,ServiceLog,alex,1417280048306,3G,HSDPA,1,250,2,7803,8291733,-1,-113
,ServiceLog,alex,1417280049537,3G,HSDPA,1,250,2,7803,22397,-1,0
,ServiceLog,alex,1417280050717,3G,HSDPA,1,250,2,7803,22397,-1,0
,ServiceLog,alex,1417280051898,3G,HSDPA,1,250,2,7803,22397,-1,0
,ServiceLog,alex,1417280053062,3G,HSDPA,1,250,2,7803,22397,-1,0
,ServiceLog,alex,1417280054243,3G,HSDPA,1,250,2,7803,22397,-1,0
,ServiceLog,alex,1417280055438,3G,HSDPA,1,250,2,7803,22397,-1,0
,ServiceLog,alex,1417280056610,2G,EDGE,1,250,2,7803,22397,-1,0
,ServiceLog,alex,1417280057784,2G,EDGE,1,250,2,7803,22397,-1,0
,ServiceLog,alex,1417280058940,2G,EDGE,1,250,2,7803,22397,-1,0
,ServiceLog,alex,1417280060174,2G,EDGE,1,250,2,7803,22397,-1,0
,ServiceLog,alex,1417280061365,2G,EDGE,1,250,2,7803,22397,-1,0
,ServiceLog,alex,1417280062556,2G,EDGE,1,250,2,7803,22397,-1,0
,ServiceLog,alex,1417280063803,2G,EDGE,1,250,2,7803,22397,-1,0
,ServiceLog,alex,1417280065004,2G,EDGE,1,250,2,7803,22397,-1,0
,ServiceLog,alex,1417280066197,2G,EDGE,1,250,2,7803,22397,-1,0
,ServiceLog,alex,1417280067383,2G,EDGE,1,250,2,7803,22397,-1,0
,ServiceLog,alex,1417280068534,2G,EDGE,1,250,2,7803,22397,-1,0
,ServiceLog,alex,1417280069716,2G,EDGE,1,250,2,7803,22397,-1,0
,ServiceLog,alex,1417280070893,2G,EDGE,1,250,2,7803,22397,-1,0
,ServiceLog,alex,1417280072091,2G,EDGE,1,250,2,7803,22397,-1,0
,ServiceLog,alex,1417280073312,2G,EDGE,1,250,2,7803,22397,-1,0
,ServiceLog,alex,1417280074502,2G,EDGE,1,250,2,7803,22397,-1,0
,ServiceLog,alex,1417280075692,2G,EDGE,1,250,2,7803,22397,-1,0
,ServiceLog,alex,1417280076872,2G,EDGE,1,250,2,7803,22397,-1,0
,ServiceLog,alex,1417280078047,2G,EDGE,1,250,2,7803,22397,-1,0
,ServiceLog,alex,1417280079208,2G,EDGE,1,250,2,7803,22397,-1,0
,ServiceLog,alex,1417280080432,2G,EDGE,1,250,2,7803,22397,-1,0
,ServiceLog,alex,1417280081620,2G,EDGE,1,250,2,7803,22397,-1,0
,ServiceLog,alex,1417280082799,2G,EDGE,1,250,2,7803,22397,-1,0
,ServiceLog,alex,1417280084019,2G,EDGE,1,250,2,7803,22397,-1,0
,ServiceLog,alex,1417280085213,2G,EDGE,1,250,2,7803,22397,-1,0
,ServiceLog,alex,1417280086396,2G,EDGE,1,250,2,7803,22397,-1,0
,ServiceLog,alex,1417280087660,2G,EDGE,1,250,2,7803,22397,-1,0
,ServiceLog,alex,1417280088823,2G,EDGE,1,250,2,7803,22397,-1,0
,ServiceLog,alex,1417280090019,2G,EDGE,1,250,2,7803,22397,-1,0
,ServiceLog,alex,1417280091192,2G,EDGE,1,250,2,7803,22397,-1,0
,ServiceLog,alex,1417280092388,2G,EDGE,1,250,2,7803,22397,-1,0
,ServiceLog,alex,1417280093589,2G,EDGE,1,250,2,7803,22397,-1,0
,ServiceLog,alex,1417280094767,2G,EDGE,1,250,2,7803,22397,-1,0
,ServiceLog,alex,1417280095948,2G,EDGE,1,250,2,7803,22397,-1,0
,ServiceLog,alex,1417280097144,2G,EDGE,1,250,2,7803,22397,-1,0
,ServiceLog,alex,1417280098316,2G,EDGE,1,250,2,7803,22397,-1,0
,ServiceLog,alex,1417280099468,2G,EDGE,1,250,2,7803,22397,-1,0
,ServiceLog,alex,1417280100724,unknown,unknown,1,-1,-1,-1,-1,-1,-1
,ServiceLog,alex,1417280102008,3G,HSDPA,1,250,2,7803,8317778,-1,-113
,ServiceLog,alex,1417280103373,3G,HSDPA,1,250,2,7803,8317778,-1,-113
,ServiceLog,alex,1417280104546,3G,HSDPA,1,250,2,7803,8317778,-1,-113
,ServiceLog,alex,1417280105762,3G,HSDPA,1,250,2,7803,8317778,-1,-113
,ServiceLog,alex,1417280106942,3G,HSDPA,1,250,2,7803,8317778,-1,-113
,ServiceLog,alex,1417280108141,3G,HSDPA,1,250,2,7803,8317778,-1,-113
,ServiceLog,alex,1417280109292,3G,HSDPA,1,250,2,7803,8317778,-1,-113
,ServiceLog,alex,1417280110512,3G,HSDPA,1,250,2,7803,8317778,-1,-113
,ServiceLog,alex,1417280111708,3G,HSDPA,1,250,2,7803,8317778,-1,-113
,ServiceLog,alex,1417280112894,3G,HSDPA,1,250,2,7803,8317778,-1,-113
,ServiceLog,alex,1417280114144,3G,HSDPA,1,250,2,7803,8317778,-1,-113
,ServiceLog,alex,1417280115344,3G,HSDPA,1,250,2,7803,8317778,-1,-113
,ServiceLog,alex,1417280116546,3G,HSDPA,1,250,2,7803,8317778,-1,-113
,ServiceLog,alex,1417280117750,3G,HSDPA,1,250,2,7803,8317778,-1,-113
,ServiceLog,alex,1417280118987,3G,HSDPA,1,250,2,7803,8317778,-1,-113
,ServiceLog,alex,1417280120201,3G,HSDPA,1,250,2,7803,8317778,-1,-113
,ServiceLog,alex,1417280121397,3G,HSDPA,1,250,2,7803,8317778,-1,-113
,ServiceLog,alex,1417280122548,3G,HSDPA,1,250,2,7803,8317778,-1,-113
,ServiceLog,alex,1417280123815,3G,HSDPA,1,250,2,7803,8317778,-1,-113
,ServiceLog,alex,1417280125009,3G,HSDPA,1,250,2,7803,8317778,-1,-113
,ServiceLog,alex,1417280126215,3G,HSDPA,1,250,2,7803,8317778,-1,-113
,ServiceLog,alex,1417280127431,3G,HSDPA,1,250,2,7803,8317778,-1,-113
,ServiceLog,alex,1417280128642,3G,HSDPA,1,250,2,7803,8317778,-1,-113
,ServiceLog,alex,1417280129838,3G,HSDPA,1,250,2,7803,8317778,-1,-113
,ServiceLog,alex,1417280131037,3G,HSDPA,1,250,2,7803,8317778,-1,-113
,ServiceLog,alex,1417280132239,3G,HSDPA,1,250,2,7803,8317776,-1,-113
,ServiceLog,alex,1417280133460,3G,HSDPA,1,250,2,7803,8317776,-1,-113
,ServiceLog,alex,1417280134687,3G,HSDPA,1,250,2,7803,8317776,-1,-113
,ServiceLog,alex,1417280135874,3G,HSDPA,1,250,2,7803,8317776,-1,-113
,ServiceLog,alex,1417280137097,3G,HSDPA,1,250,2,7803,8317776,-1,-113
,ServiceLog,alex,1417280138291,3G,HSDPA,1,250,2,7803,8317776,-1,-113
,ServiceLog,alex,1417280139504,3G,HSDPA,1,250,2,7803,8317776,-1,-113
,ServiceLog,alex,1417280140748,3G,HSDPA,1,250,2,7803,8317776,-1,-113
,ServiceLog,alex,1417280141946,3G,HSDPA,1,250,2,7803,8317776,-1,-113
,ServiceLog,alex,1417280143168,3G,HSDPA,1,250,2,7803,8317776,-1,-113
,ServiceLog,alex,1417280144433,3G,HSDPA,1,250,2,7803,8317776,-1,-113
,ServiceLog,alex,1417280145630,3G,HSDPA,1,250,2,7803,8317776,-1,-113
,ServiceLog,alex,1417280146863,3G,HSDPA,1,250,2,7803,8317776,-1,-113
,ServiceLog,alex,1417280148085,3G,HSDPA,1,250,2,7803,8317776,-1,-113
,ServiceLog,alex,1417280149254,3G,HSDPA,1,250,2,7803,8317776,-1,-113
,ServiceLog,alex,1417280150457,3G,HSDPA,1,250,2,7803,8317776,-1,-113
,ServiceLog,alex,1417280151658,3G,HSDPA,1,250,2,7803,8317776,-1,-113
,ServiceLog,alex,1417280152868,3G,HSDPA,1,250,2,7803,8317776,-1,-113
,ServiceLog,alex,1417280154089,3G,HSDPA,1,250,2,7803,8317776,-1,-113
,ServiceLog,alex,1417280155302,3G,HSDPA,1,250,2,7803,8317776,-1,-113
,ServiceLog,alex,1417280156523,3G,HSDPA,1,250,2,7803,8317776,-1,-113
,ServiceLog,alex,1417280157709,3G,HSDPA,1,250,2,7803,8317776,-1,-113
,ServiceLog,alex,1417280158903,3G,HSDPA,1,250,2,7803,8317776,-1,-113
,ServiceLog,alex,1417280160133,3G,HSDPA,1,250,2,7803,8317776,-1,-113
,ServiceLog,alex,1417280161346,3G,HSDPA,1,250,2,7803,8317776,-1,-113
,ServiceLog,alex,1417280163404,3G,HSDPA,1,250,2,7803,8317776,-1,-113
,ServiceLog,alex,1417280166125,3G,HSDPA,1,250,2,7803,8317776,-1,-113
,ServiceLog,alex,1417280168766,3G,HSDPA,1,250,2,7803,8317776,-1,-113
,ServiceLog,alex,1417280170553,3G,HSDPA,1,250,2,7803,8317776,-1,-113
,ServiceLog,alex,1417280171788,3G,HSDPA,1,250,2,7803,8317776,-1,-113
,ServiceLog,alex,1417280172967,3G,HSDPA,1,250,2,7803,8317776,-1,-113
,ServiceLog,alex,1417280174129,3G,HSDPA,1,250,2,7803,8317776,-1,-113
,ServiceLog,alex,1417280175294,3G,HSDPA,1,250,2,7803,8317776,-1,-113
,ServiceLog,alex,1417280176473,3G,HSDPA,1,250,2,7803,8317776,-1,-113
,ServiceLog,alex,1417280177646,3G,HSDPA,1,250,2,7803,8317776,-1,-113
,ServiceLog,alex,1417280178826,3G,HSDPA,1,250,2,7803,8317776,-1,-113
,ServiceLog,alex,1417280179995,3G,HSDPA,1,250,2,7803,8317776,-1,-113
,ServiceLog,alex,1417280181184,3G,HSDPA,1,250,2,7803,8317776,-1,-113
,ServiceLog,alex,1417280182354,3G,HSDPA,1,250,2,7803,8317776,-1,-113
,ServiceLog,alex,1417280183528,3G,HSDPA,1,250,2,7803,8317776,-1,-113
,ServiceLog,alex,1417280184781,3G,HSDPA,1,250,2,7803,8317776,-1,-113
,ServiceLog,alex,1417280186024,3G,HSDPA,1,250,2,7803,8317776,-1,-113
,ServiceLog,alex,1417280187188,3G,HSDPA,1,250,2,7803,8317776,-1,-113
,ServiceLog,alex,1417280188388,3G,HSDPA,1,250,2,7803,8317776,-1,-113
,ServiceLog,alex,1417280189601,3G,HSDPA,1,250,2,7803,8317776,-1,-113
,ServiceLog,alex,1417280190800,3G,HSDPA,1,250,2,7803,8317776,-1,-113
,ServiceLog,alex,1417280191967,3G,HSDPA,1,250,2,7803,8317776,-1,-113
,ServiceLog,alex,1417280193132,3G,HSDPA,1,250,2,7803,8317776,-1,-113
,ServiceLog,alex,1417280194332,3G,HSDPA,1,250,2,7803,8317776,-1,-113
,ServiceLog,alex,1417280195562,3G,HSDPA,1,250,2,7803,8317776,-1,-113
,ServiceLog,alex,1417280196797,3G,HSDPA,1,250,2,7803,8317776,-1,-113
,ServiceLog,alex,1417280197963,3G,HSDPA,1,250,2,7803,8317776,-1,-113
,ServiceLog,alex,1417280199123,3G,HSDPA,1,250,2,7803,8317776,-1,-113
,ServiceLog,alex,1417280200320,3G,HSDPA,1,250,2,7803,8317776,-1,-113
,ServiceLog,alex,1417280201508,3G,HSDPA,1,250,2,7803,8317776,-1,-113
,ServiceLog,alex,1417280202682,3G,HSDPA,1,250,2,7803,8317776,-1,-113
,ServiceLog,alex,1417280203856,3G,HSDPA,1,250,2,7803,8317776,-1,-113
,ServiceLog,alex,1417280205056,3G,HSDPA,1,250,2,7803,8317776,-1,-113
,ServiceLog,alex,1417280206304,3G,HSDPA,1,250,2,7803,8317776,-1,-113
,ServiceLog,alex,1417280207479,3G,HSDPA,1,250,2,7803,8317776,-1,-113
,ServiceLog,alex,1417280208662,3G,HSDPA,1,250,2,7803,8317776,-1,-113
,ServiceLog,alex,1417280209926,3G,HSDPA,1,250,2,7803,8317776,-1,-113
,ServiceLog,alex,1417280211114,3G,HSDPA,1,250,2,7803,8317776,-1,-113
,ServiceLog,alex,1417280212290,3G,HSDPA,1,250,2,7803,8317776,-1,-113
,ServiceLog,alex,1417280213461,3G,HSDPA,1,250,2,7803,8317776,-1,-113
,ServiceLog,alex,1417280214650,3G,HSDPA,1,250,2,7803,8317776,-1,-113
343,Петроградская 3,alex,1417280215327,3G,HSDPA,1,250,2,7803,8317776,-1,-113
,ServiceLog,alex,1417280215800,3G,HSDPA,1,250,2,7803,8317776,-1,-113
,ServiceLog,alex,1417280216973,3G,HSDPA,1,250,2,7803,8317776,-1,-113
,ServiceLog,alex,1417280218187,3G,HSDPA,1,250,2,7803,8317776,-1,-113
,ServiceLog,alex,1417280219380,3G,HSDPA,1,250,2,7803,8317776,-1,-113
,ServiceLog,alex,1417280220555,3G,HSDPA,1,250,2,7803,8317776,-1,-113
,ServiceLog,alex,1417280221806,3G,HSDPA,1,250,2,7803,8317776,-1,-113
,ServiceLog,alex,1417280222999,3G,HSDPA,1,250,2,7803,8317776,-1,-113
,ServiceLog,alex,1417280224184,3G,HSDPA,1,250,2,7803,8317776,-1,-113
,ServiceLog,alex,1417280225421,3G,HSDPA,1,250,2,7803,8317776,-1,-113
,ServiceLog,alex,1417280226595,3G,HSDPA,1,250,2,7803,8317776,-1,-113
,ServiceLog,alex,1417280227772,3G,HSDPA,1,250,2,7803,8317776,-1,-113
,ServiceLog,alex,1417280228948,3G,HSDPA,1,250,2,7803,8317776,-1,-113
,ServiceLog,alex,1417280230136,3G,HSDPA,1,250,2,7803,8317776,-1,-113
,ServiceLog,alex,1417280231300,3G,HSDPA,1,250,2,7803,8317776,-1,-113
331,Петроградская 4,alex,1417280231948,3G,HSDPA,1,250,2,7803,8317776,-1,-113
,ServiceLog,alex,1417280232526,3G,HSDPA,1,250,2,7803,8317776,-1,-113
,ServiceLog,alex,1417280233712,3G,HSDPA,1,250,2,7803,8317776,-1,-113
,ServiceLog,alex,1417280234951,3G,HSDPA,1,250,2,7803,8317776,-1,-113
,ServiceLog,alex,1417280236108,3G,HSDPA,1,250,2,7803,8317776,-1,-113
,ServiceLog,alex,1417280237307,3G,HSDPA,1,250,2,7803,8317776,-1,-113
,ServiceLog,alex,1417280238489,3G,HSDPA,1,250,2,7803,8317776,-1,-113
,ServiceLog,alex,1417280239677,3G,HSDPA,1,250,2,7803,8317776,-1,-113
,ServiceLog,alex,1417280240831,3G,HSDPA,1,250,2,7803,8317776,-1,-113
,ServiceLog,alex,1417280242076,3G,HSDPA,1,250,2,7803,8317776,-1,-113
,ServiceLog,alex,1417280243353,3G,HSDPA,1,250,2,7803,8317776,-1,-113
,ServiceLog,alex,1417280244608,3G,HSDPA,1,250,2,7803,8317776,-1,-113
,ServiceLog,alex,1417280245777,3G,HSDPA,1,250,2,7803,8317776,-1,-113
,ServiceLog,alex,1417280246931,3G,HSDPA,1,250,2,7803,8317776,-1,-113
,ServiceLog,alex,1417280248185,3G,HSDPA,1,250,2,7803,8317776,-1,-113
,ServiceLog,alex,1417280249369,3G,HSDPA,1,250,2,7803,8317776,-1,-113
,ServiceLog,alex,1417280250558,3G,HSDPA,1,250,2,7803,8317776,-1,-113
,ServiceLog,alex,1417280251722,3G,HSDPA,1,250,2,7803,8317776,-1,-113
,ServiceLog,alex,1417280252921,3G,HSDPA,1,250,2,7803,8317776,-1,-113
,ServiceLog,alex,1417280254115,3G,HSDPA,1,250,2,7803,8317776,-1,-113
,ServiceLog,alex,1417280255295,3G,HSDPA,1,250,2,7803,8317776,-1,-113
,ServiceLog,alex,1417280256482,3G,HSDPA,1,250,2,7803,8317776,-1,-113
,ServiceLog,alex,1417280257643,3G,HSDPA,1,250,2,7803,22396,-1,-113
,ServiceLog,alex,1417280258862,3G,HSDPA,1,250,2,7803,22396,-1,0
,ServiceLog,alex,1417280260127,2G,EDGE,1,250,2,7803,22396,-1,0
,ServiceLog,alex,1417280261366,2G,EDGE,1,250,2,7803,22396,-1,0
,ServiceLog,alex,1417280262596,2G,EDGE,1,250,2,7803,22396,-1,0
,ServiceLog,alex,1417280263805,2G,EDGE,1,250,2,7803,22396,-1,0
,ServiceLog,alex,1417280264986,2G,EDGE,1,250,2,7803,22396,-1,0
,ServiceLog,alex,1417280266173,2G,EDGE,1,250,2,7803,22396,-1,0
,ServiceLog,alex,1417280267334,2G,EDGE,1,250,2,7803,22396,-1,0
,ServiceLog,alex,1417280268530,2G,EDGE,1,250,2,7803,22396,-1,0
,ServiceLog,alex,1417280269712,2G,EDGE,1,250,2,7803,22396,-1,0
,ServiceLog,alex,1417280270885,2G,EDGE,1,250,2,7803,22396,-1,0
,ServiceLog,alex,1417280272037,2G,EDGE,1,250,2,7803,22396,-1,0
,ServiceLog,alex,1417280273253,2G,EDGE,1,250,2,7803,22396,-1,0
,ServiceLog,alex,1417280274494,2G,EDGE,1,250,2,7803,22396,-1,0
,ServiceLog,alex,1417280275679,2G,EDGE,1,250,2,7803,22396,-1,0
,ServiceLog,alex,1417280276837,2G,EDGE,1,250,2,7803,22395,-1,0
,ServiceLog,alex,1417280278034,2G,EDGE,1,250,2,7803,22395,-1,0
,ServiceLog,alex,1417280279215,2G,EDGE,1,250,2,7803,22395,-1,0
,ServiceLog,alex,1417280280406,2G,EDGE,1,250,2,7803,22395,-1,0
,ServiceLog,alex,1417280281562,2G,EDGE,1,250,2,7803,22395,-1,0
,ServiceLog,alex,1417280282847,2G,EDGE,1,250,2,7803,22395,-1,0
,ServiceLog,alex,1417280284028,2G,EDGE,1,250,2,7803,22395,-1,0
,ServiceLog,alex,1417280285207,2G,EDGE,1,250,2,7803,22395,-1,0
,ServiceLog,alex,1417280286361,2G,EDGE,1,250,2,7803,22395,-1,0
,ServiceLog,alex,1417280287605,2G,EDGE,1,250,2,7803,22395,-1,0
,ServiceLog,alex,1417280288813,2G,EDGE,1,250,2,7803,22395,-1,0
,ServiceLog,alex,1417280289997,2G,EDGE,1,250,2,7803,22395,-1,0
,ServiceLog,alex,1417280291239,2G,GPRS,1,250,2,7803,8291716,-1,-113
,ServiceLog,alex,1417280292503,3G,HSDPA,1,250,2,7803,8291716,-1,-113
,ServiceLog,alex,1417280293693,3G,HSDPA,1,250,2,7803,8291716,-1,-113
331,Горьковская 1,alex,1417280294023,3G,HSDPA,1,250,2,7803,8291716,-1,-113
,ServiceLog,alex,1417280294886,3G,HSDPA,1,250,2,7803,8291716,-1,-113
,ServiceLog,alex,1417280296089,3G,HSDPA,1,250,2,7803,8291716,-1,-113
,ServiceLog,alex,1417280297280,3G,HSDPA,1,250,2,7803,8291716,-1,-113
,ServiceLog,alex,1417280298467,3G,HSDPA,1,250,2,7803,8291716,-1,-113
,ServiceLog,alex,1417280299741,3G,HSDPA,1,250,2,7803,8291716,-1,-113
,ServiceLog,alex,1417280301138,3G,HSDPA,1,250,2,7803,8291716,-1,-113
,ServiceLog,alex,1417280302330,3G,HSDPA,1,250,2,7803,8291716,-1,-113
,ServiceLog,alex,1417280303512,3G,HSDPA,1,250,2,7803,8291716,-1,-113
,ServiceLog,alex,1417280304668,3G,HSDPA,1,250,2,7803,8291716,-1,-113
,ServiceLog,alex,1417280305864,3G,HSDPA,1,250,2,7803,8291716,-1,-113
,ServiceLog,alex,1417280307068,3G,HSDPA,1,250,2,7803,8291716,-1,-113
,ServiceLog,alex,1417280308256,3G,HSDPA,1,250,2,7803,8291716,-1,-113
,ServiceLog,alex,1417280309412,3G,HSDPA,1,250,2,7803,8291718,-1,-113
,ServiceLog,alex,1417280310621,3G,HSDPA,1,250,2,7803,8291718,-1,-113
,ServiceLog,alex,1417280311839,3G,HSDPA,1,250,2,7803,8291718,-1,-113
,ServiceLog,alex,1417280313010,3G,HSDPA,1,250,2,7803,8291718,-1,-113
,ServiceLog,alex,1417280314227,3G,HSDPA,1,250,2,7803,8291718,-1,-113
,ServiceLog,alex,1417280315460,3G,HSDPA,1,250,2,7803,8291718,-1,-113
332,Горьковская 2,alex,1417280315673,3G,HSDPA,1,250,2,7803,8291718,-1,-113
