ID,Name,User,TimeStamp,NetworkGen,NetworkType,Active,MCC,MNC,LAC,CID,PSC,RSSI
372,Удельная 2,alex,1417273848430,3G,HSDPA,1,250,2,7803,8294990,-1,-113
,ServiceLog,alex,1417273849397,3G,HSDPA,1,250,2,7803,8294990,-1,-113
,ServiceLog,alex,1417279653217,3G,HSDPA,1,250,2,7803,8294990,-1,-113
,ServiceLog,alex,1417279654380,3G,HSDPA,1,250,2,7803,8294990,-1,-113
,ServiceLog,alex,1417279655659,3G,HSDPA,1,250,2,7803,8294990,-1,-113
373,Удельная 3,alex,1417279656341,3G,HSDPA,1,250,2,7803,8294990,-1,-113
