ID;Name;User;TimeStamp;NetworkGen;NetworkType;Active;MCC;MNC;LAC;CID;PSC;RSSI
;ServiceLog;bishop;1417415722118;2G;EDGE;1;250;1;770;561;-1;-61
;ServiceLog;bishop;1417415723200;2G;EDGE;1;250;1;770;561;-1;-61
;ServiceLog;bishop;1417415724230;2G;EDGE;1;250;1;770;561;-1;-63
;ServiceLog;bishop;1417415725246;2G;EDGE;1;250;1;770;561;-1;-63
;ServiceLog;bishop;1417415726263;2G;EDGE;1;250;1;770;561;-1;-63
;ServiceLog;bishop;1417415727278;2G;EDGE;1;250;1;770;561;-1;-63
;ServiceLog;bishop;1417415728296;2G;EDGE;1;250;1;770;561;-1;-65
;ServiceLog;bishop;1417415729320;2G;EDGE;1;250;1;770;561;-1;-65
;ServiceLog;bishop;1417415730335;2G;EDGE;1;250;1;770;561;-1;-65
;ServiceLog;bishop;1417415731365;2G;EDGE;1;250;1;770;561;-1;-67
;ServiceLog;bishop;1417415732394;2G;EDGE;1;250;1;770;561;-1;-67
;ServiceLog;bishop;1417415733423;2G;EDGE;1;250;1;770;561;-1;-67
;ServiceLog;bishop;1417415734456;2G;EDGE;1;250;1;770;561;-1;-67
;ServiceLog;bishop;1417415735487;2G;EDGE;1;250;1;770;561;-1;-67
;ServiceLog;bishop;1417415736509;2G;EDGE;1;250;1;770;561;-1;-67
;ServiceLog;bishop;1417415737539;2G;EDGE;1;250;1;770;561;-1;-67
;ServiceLog;bishop;1417415738569;2G;EDGE;1;250;1;770;561;-1;-67
;ServiceLog;bishop;1417415739600;2G;EDGE;1;250;1;770;561;-1;-65
;ServiceLog;bishop;1417415740627;2G;EDGE;1;250;1;770;561;-1;-65
;ServiceLog;bishop;1417415741660;2G;EDGE;1;250;1;770;561;-1;-65
;ServiceLog;bishop;1417415742691;2G;EDGE;1;250;1;770;561;-1;-63
;ServiceLog;bishop;1417415743709;2G;EDGE;1;250;1;770;561;-1;-63
;ServiceLog;bishop;1417415744741;2G;EDGE;1;250;1;770;561;-1;-63
;ServiceLog;bishop;1417415745764;2G;EDGE;1;250;1;770;561;-1;-63
;ServiceLog;bishop;1417415746785;2G;EDGE;1;250;1;770;561;-1;-63
;ServiceLog;bishop;1417415747815;2G;EDGE;1;250;1;770;561;-1;-63
;ServiceLog;bishop;1417415748838;2G;EDGE;1;250;1;770;561;-1;-63
;ServiceLog;bishop;1417415749867;2G;EDGE;1;250;1;770;561;-1;-63
;ServiceLog;bishop;1417415750882;2G;EDGE;1;250;1;770;561;-1;-63
;ServiceLog;bishop;1417415751913;2G;EDGE;1;250;1;770;561;-1;-65
;ServiceLog;bishop;1417415752941;2G;EDGE;1;250;1;770;561;-1;-65
;ServiceLog;bishop;1417415753971;2G;EDGE;1;250;1;770;561;-1;-65
;ServiceLog;bishop;1417415754987;2G;EDGE;1;250;1;770;561;-1;-65
;ServiceLog;bishop;1417415756002;2G;EDGE;1;250;1;770;561;-1;-65
;ServiceLog;bishop;1417415757021;2G;EDGE;1;250;1;770;561;-1;-65
;ServiceLog;bishop;1417415758049;2G;EDGE;1;250;1;770;561;-1;-65
;ServiceLog;bishop;1417415759073;2G;EDGE;1;250;1;770;561;-1;-65
;ServiceLog;bishop;1417415760090;2G;EDGE;1;250;1;770;561;-1;-65
;ServiceLog;bishop;1417415761102;2G;EDGE;1;250;1;770;561;-1;-65
;ServiceLog;bishop;1417415762126;2G;EDGE;1;250;1;770;561;-1;-65
;ServiceLog;bishop;1417415763163;2G;EDGE;1;250;1;770;561;-1;-65
;ServiceLog;bishop;1417415764193;2G;EDGE;1;250;1;770;561;-1;-65
;ServiceLog;bishop;1417415765221;2G;EDGE;1;250;1;770;561;-1;-65
;ServiceLog;bishop;1417415766247;2G;EDGE;1;250;1;770;561;-1;-65
;ServiceLog;bishop;1417415767262;2G;EDGE;1;250;1;770;561;-1;-65
;ServiceLog;bishop;1417415768290;2G;EDGE;1;250;1;770;561;-1;-65
;ServiceLog;bishop;1417415769317;2G;EDGE;1;250;1;770;561;-1;-65
;ServiceLog;bishop;1417415770341;2G;EDGE;1;250;1;770;561;-1;-65
;ServiceLog;bishop;1417415771380;2G;EDGE;1;250;1;770;561;-1;-65
;ServiceLog;bishop;1417415772396;2G;EDGE;1;250;1;770;561;-1;-65
;ServiceLog;bishop;1417415773421;2G;EDGE;1;250;1;770;561;-1;-65
;ServiceLog;bishop;1417415774435;2G;EDGE;1;250;1;770;561;-1;-67
;ServiceLog;bishop;1417415775524;2G;EDGE;1;250;1;770;561;-1;-67
;ServiceLog;bishop;1417415776551;2G;EDGE;1;250;1;770;561;-1;-69
;ServiceLog;bishop;1417415777569;2G;EDGE;1;250;1;770;561;-1;-69
;ServiceLog;bishop;1417415778585;2G;EDGE;1;250;1;770;561;-1;-71
;ServiceLog;bishop;1417415779624;2G;EDGE;1;250;1;770;561;-1;-71
;ServiceLog;bishop;1417415780640;2G;EDGE;1;250;1;770;561;-1;-73
;ServiceLog;bishop;1417415781672;2G;EDGE;1;250;1;770;561;-1;-73
;ServiceLog;bishop;1417415782690;2G;EDGE;1;250;1;770;561;-1;-73
;ServiceLog;bishop;1417415783709;2G;EDGE;1;250;1;770;561;-1;-73
;ServiceLog;bishop;1417415784738;2G;EDGE;1;250;1;770;561;-1;-73
;ServiceLog;bishop;1417415785759;2G;EDGE;1;250;1;770;561;-1;-73
;ServiceLog;bishop;1417415786795;2G;EDGE;1;250;1;770;561;-1;-71
;ServiceLog;bishop;1417415787811;2G;EDGE;1;250;1;770;561;-1;-69
;ServiceLog;bishop;1417415788829;2G;EDGE;1;250;1;770;561;-1;-69
;ServiceLog;bishop;1417415789854;2G;EDGE;1;250;1;770;561;-1;-69
;ServiceLog;bishop;1417415791822;2G;EDGE;1;250;1;770;561;-1;-69
;ServiceLog;bishop;1417415792837;2G;EDGE;1;250;1;770;561;-1;-69
;ServiceLog;bishop;1417415793852;2G;EDGE;1;250;1;770;561;-1;-69
;ServiceLog;bishop;1417415794867;2G;EDGE;1;250;1;770;561;-1;-69
;ServiceLog;bishop;1417415795886;2G;EDGE;1;250;1;770;561;-1;-69
;ServiceLog;bishop;1417415796901;2G;EDGE;1;250;1;770;561;-1;-69
;ServiceLog;bishop;1417415798092;2G;EDGE;1;250;1;770;561;-1;-67
;ServiceLog;bishop;1417415799112;2G;EDGE;1;250;1;770;561;-1;-67
;ServiceLog;bishop;1417415800134;2G;EDGE;1;250;1;770;561;-1;-67
;ServiceLog;bishop;1417415801148;2G;EDGE;1;250;1;770;561;-1;-65
;ServiceLog;bishop;1417415802165;2G;EDGE;1;250;1;770;561;-1;-65
;ServiceLog;bishop;1417415803187;2G;EDGE;1;250;1;770;561;-1;-65
;ServiceLog;bishop;1417415804206;2G;EDGE;1;250;1;770;561;-1;-65
;ServiceLog;bishop;1417415805237;2G;EDGE;1;250;1;770;561;-1;-65
;ServiceLog;bishop;1417415806263;2G;EDGE;1;250;1;770;561;-1;-65
;ServiceLog;bishop;1417415807287;2G;EDGE;1;250;1;770;561;-1;-65
;ServiceLog;bishop;1417415808300;2G;EDGE;1;250;1;770;561;-1;-65
;ServiceLog;bishop;1417415809317;2G;EDGE;1;250;1;770;561;-1;-65
;ServiceLog;bishop;1417415810344;2G;EDGE;1;250;1;770;561;-1;-67
;ServiceLog;bishop;1417415811361;2G;EDGE;1;250;1;770;561;-1;-67
;ServiceLog;bishop;1417415813291;2G;EDGE;1;250;1;770;561;-1;-71
;ServiceLog;bishop;1417415814313;2G;EDGE;1;250;1;770;561;-1;-71
;ServiceLog;bishop;1417415815329;2G;EDGE;1;250;1;770;561;-1;-71
;ServiceLog;bishop;1417415816343;2G;EDGE;1;250;1;770;561;-1;-71
;ServiceLog;bishop;1417415817356;2G;EDGE;1;250;1;770;561;-1;-71
;ServiceLog;bishop;1417415818367;2G;EDGE;1;250;1;770;561;-1;-71
;ServiceLog;bishop;1417415819383;2G;EDGE;1;250;1;770;561;-1;-71
;ServiceLog;bishop;1417415820399;2G;EDGE;1;250;1;770;561;-1;-71
;ServiceLog;bishop;1417415821427;2G;EDGE;1;250;1;770;561;-1;-71
;ServiceLog;bishop;1417415822454;2G;EDGE;1;250;1;770;561;-1;-71
;ServiceLog;bishop;1417415823485;2G;EDGE;1;250;1;770;561;-1;-71
;ServiceLog;bishop;1417415824517;2G;EDGE;1;250;1;770;561;-1;-71
;ServiceLog;bishop;1417415825539;2G;EDGE;1;250;1;770;561;-1;-71
;ServiceLog;bishop;1417415826570;2G;EDGE;1;250;1;770;561;-1;-71
;ServiceLog;bishop;1417415827596;2G;EDGE;1;250;1;770;561;-1;-71
;ServiceLog;bishop;1417415828623;2G;EDGE;1;250;1;770;561;-1;-71
;ServiceLog;bishop;1417415829641;2G;EDGE;1;250;1;770;561;-1;-71
;ServiceLog;bishop;1417415830665;2G;EDGE;1;250;1;770;561;-1;-71
;ServiceLog;bishop;1417415831682;2G;EDGE;1;250;1;770;561;-1;-71
;ServiceLog;bishop;1417415832708;2G;EDGE;1;250;1;770;561;-1;-71
;ServiceLog;bishop;1417415833733;2G;EDGE;1;250;1;770;561;-1;-71
;ServiceLog;bishop;1417415834750;2G;EDGE;1;250;1;770;561;-1;-71
;ServiceLog;bishop;1417415835767;2G;EDGE;1;250;1;770;561;-1;-71
;ServiceLog;bishop;1417415836793;2G;EDGE;1;250;1;770;561;-1;-71
;ServiceLog;bishop;1417415837824;2G;EDGE;1;250;1;770;561;-1;-71
;ServiceLog;bishop;1417415838845;2G;EDGE;1;250;1;770;561;-1;-71
;ServiceLog;bishop;1417415839862;2G;EDGE;1;250;1;770;561;-1;-71
;ServiceLog;bishop;1417415840886;2G;EDGE;1;250;1;770;561;-1;-71
;ServiceLog;bishop;1417415841916;2G;EDGE;1;250;1;770;561;-1;-71
;ServiceLog;bishop;1417415842936;2G;EDGE;1;250;1;770;561;-1;-71
;ServiceLog;bishop;1417415844181;2G;EDGE;1;250;1;770;561;-1;-71
;ServiceLog;bishop;1417415845205;2G;EDGE;1;250;1;770;561;-1;-71
;ServiceLog;bishop;1417415846357;2G;EDGE;1;250;1;770;561;-1;-71
;ServiceLog;bishop;1417415847374;2G;EDGE;1;250;1;770;561;-1;-71
;ServiceLog;bishop;1417415848390;2G;EDGE;1;250;1;770;561;-1;-71
;ServiceLog;bishop;1417415849404;2G;EDGE;1;250;1;770;561;-1;-71
;ServiceLog;bishop;1417415850422;2G;EDGE;1;250;1;770;561;-1;-71
;ServiceLog;bishop;1417415851447;2G;EDGE;1;250;1;770;561;-1;-71
;ServiceLog;bishop;1417415852462;2G;GPRS;1;250;99;26802;49597;-1;-71
;ServiceLog;bishop;1417415853478;2G;GPRS;1;250;99;26802;49597;-1;-71
;ServiceLog;bishop;1417415854514;2G;GPRS;1;250;99;26802;49597;-1;-71
;ServiceLog;bishop;1417415855547;2G;GPRS;1;250;99;26802;49597;-1;-71
;ServiceLog;bishop;1417415856570;2G;GPRS;1;250;99;26802;49597;-1;-71
;ServiceLog;bishop;1417415857586;2G;GPRS;1;250;99;26802;49597;-1;-71
;ServiceLog;bishop;1417415858628;2G;GPRS;1;250;99;26802;49597;-1;-73
;ServiceLog;bishop;1417415859647;2G;GPRS;1;250;99;26802;49597;-1;-73
;ServiceLog;bishop;1417415860675;2G;GPRS;1;250;99;26802;49597;-1;-71
;ServiceLog;bishop;1417415861693;2G;GPRS;1;250;99;26802;49597;-1;-69
;ServiceLog;bishop;1417415862711;2G;GPRS;1;250;99;26802;49597;-1;-69
;ServiceLog;bishop;1417415863757;2G;GPRS;1;250;99;26802;49597;-1;-65
;ServiceLog;bishop;1417415864784;2G;GPRS;1;250;99;26802;49597;-1;-65
;ServiceLog;bishop;1417415865802;2G;GPRS;1;250;99;26802;49597;-1;-65
;ServiceLog;bishop;1417415866826;2G;GPRS;1;250;99;26802;49597;-1;-65
;ServiceLog;bishop;1417415867841;2G;GPRS;1;250;99;26802;49597;-1;-65
;ServiceLog;bishop;1417415868875;2G;GPRS;1;250;99;26802;49597;-1;-65
;ServiceLog;bishop;1417415869907;2G;GPRS;1;250;99;26802;49597;-1;-65
;ServiceLog;bishop;1417415870926;2G;GPRS;1;250;99;26802;49597;-1;-65
;ServiceLog;bishop;1417415871950;2G;GPRS;1;250;99;26802;49597;-1;-65
;ServiceLog;bishop;1417415872981;2G;GPRS;1;250;99;26802;49597;-1;-65
;ServiceLog;bishop;1417415874013;2G;GPRS;1;250;99;26802;49597;-1;-65
;ServiceLog;bishop;1417415875036;2G;GPRS;1;250;99;26802;49597;-1;-67
;ServiceLog;bishop;1417415876053;2G;GPRS;1;250;99;26802;49597;-1;-67
;ServiceLog;bishop;1417415877082;2G;GPRS;1;250;99;26802;49597;-1;-67
;ServiceLog;bishop;1417415878105;2G;GPRS;1;250;99;26802;49597;-1;-67
;ServiceLog;bishop;1417415879130;2G;GPRS;1;250;99;26802;49597;-1;-69
;ServiceLog;bishop;1417415880152;2G;GPRS;1;250;99;26802;49597;-1;-71
;ServiceLog;bishop;1417415881179;2G;GPRS;1;250;99;26802;49597;-1;-71
;ServiceLog;bishop;1417415882202;2G;GPRS;1;250;99;26802;49597;-1;-73
;ServiceLog;bishop;1417415883230;2G;GPRS;1;250;99;26802;49597;-1;-73
;ServiceLog;bishop;1417415884258;2G;GPRS;1;250;99;26802;49596;-1;-73
;ServiceLog;bishop;1417415885289;2G;GPRS;1;250;99;26802;49596;-1;-73
;ServiceLog;bishop;1417415886319;2G;GPRS;1;250;99;26802;49596;-1;-73
;ServiceLog;bishop;1417415887348;2G;GPRS;1;250;99;26802;49596;-1;-73
;ServiceLog;bishop;1417415888375;2G;EDGE;1;250;1;770;561;-1;-73
;ServiceLog;bishop;1417415889397;2G;EDGE;1;250;1;770;561;-1;-73
;ServiceLog;bishop;1417415890428;2G;EDGE;1;250;1;770;561;-1;-73
;ServiceLog;bishop;1417415891461;2G;EDGE;1;250;1;770;561;-1;-73
;ServiceLog;bishop;1417415892478;2G;EDGE;1;250;1;770;561;-1;-73
;ServiceLog;bishop;1417415893665;2G;EDGE;1;250;1;770;561;-1;-73
;ServiceLog;bishop;1417415894694;2G;EDGE;1;250;1;770;561;-1;-73
;ServiceLog;bishop;1417415895717;2G;EDGE;1;250;1;770;561;-1;-73
;ServiceLog;bishop;1417415896743;2G;EDGE;1;250;1;770;561;-1;-69
;ServiceLog;bishop;1417415897766;2G;EDGE;1;250;1;770;561;-1;-69
;ServiceLog;bishop;1417415898787;2G;EDGE;1;250;1;770;561;-1;-65
;ServiceLog;bishop;1417415899804;2G;EDGE;1;250;1;770;561;-1;-65
;ServiceLog;bishop;1417415900831;2G;EDGE;1;250;1;770;561;-1;-63
;ServiceLog;bishop;1417415901847;2G;EDGE;1;250;1;770;561;-1;-63
;ServiceLog;bishop;1417415902878;2G;EDGE;1;250;1;770;561;-1;-63
;ServiceLog;bishop;1417415903908;2G;EDGE;1;250;1;770;561;-1;-63
;ServiceLog;bishop;1417415904938;2G;EDGE;1;250;1;770;561;-1;-63
;ServiceLog;bishop;1417415905971;2G;EDGE;1;250;1;770;561;-1;-63
;ServiceLog;bishop;1417415906994;2G;EDGE;1;250;1;770;561;-1;-63
;ServiceLog;bishop;1417415908014;2G;EDGE;1;250;1;770;561;-1;-63
;ServiceLog;bishop;1417415909047;2G;EDGE;1;250;1;770;561;-1;-63
;ServiceLog;bishop;1417415910076;2G;EDGE;1;250;1;770;561;-1;-65
;ServiceLog;bishop;1417415911123;2G;EDGE;1;250;1;770;561;-1;-65
;ServiceLog;bishop;1417415912140;2G;EDGE;1;250;1;770;561;-1;-65
;ServiceLog;bishop;1417415913150;2G;EDGE;1;250;1;770;561;-1;-67
;ServiceLog;bishop;1417415914165;2G;EDGE;1;250;1;770;561;-1;-67
;ServiceLog;bishop;1417415915180;2G;EDGE;1;250;1;770;561;-1;-67
;ServiceLog;bishop;1417415916212;2G;EDGE;1;250;1;770;561;-1;-67
;ServiceLog;bishop;1417415917226;2G;EDGE;1;250;1;770;561;-1;-67
;ServiceLog;bishop;1417415918251;2G;EDGE;1;250;1;770;561;-1;-67
;ServiceLog;bishop;1417415919268;2G;EDGE;1;250;1;770;561;-1;-67
;ServiceLog;bishop;1417415920416;2G;EDGE;1;250;1;770;561;-1;-67
;ServiceLog;bishop;1417415921438;2G;EDGE;1;250;1;770;561;-1;-67
;ServiceLog;bishop;1417415922464;2G;EDGE;1;250;1;770;561;-1;-67
;ServiceLog;bishop;1417415923485;2G;EDGE;1;250;1;770;561;-1;-65
;ServiceLog;bishop;1417415924551;2G;EDGE;1;250;1;770;561;-1;-65
;ServiceLog;bishop;1417415925568;2G;EDGE;1;250;1;770;561;-1;-65
;ServiceLog;bishop;1417415926587;2G;EDGE;1;250;1;770;561;-1;-63
;ServiceLog;bishop;1417415927607;2G;EDGE;1;250;1;770;561;-1;-63
;ServiceLog;bishop;1417415928640;2G;EDGE;1;250;1;770;561;-1;-63
;ServiceLog;bishop;1417415929654;2G;EDGE;1;250;1;770;561;-1;-63
;ServiceLog;bishop;1417415930669;2G;EDGE;1;250;1;770;561;-1;-63
;ServiceLog;bishop;1417415931697;2G;EDGE;1;250;1;770;561;-1;-63
;ServiceLog;bishop;1417415932717;2G;EDGE;1;250;1;770;561;-1;-65
;ServiceLog;bishop;1417415933749;2G;EDGE;1;250;1;770;561;-1;-65
;ServiceLog;bishop;1417415934765;2G;EDGE;1;250;1;770;561;-1;-65
;ServiceLog;bishop;1417415935791;2G;EDGE;1;250;1;770;561;-1;-67
;ServiceLog;bishop;1417415936815;2G;EDGE;1;250;1;770;561;-1;-67
;ServiceLog;bishop;1417415937831;2G;EDGE;1;250;1;770;561;-1;-67
;ServiceLog;bishop;1417415938848;2G;EDGE;1;250;1;770;561;-1;-67
;ServiceLog;bishop;1417415939873;2G;EDGE;1;250;1;770;561;-1;-67
;ServiceLog;bishop;1417415940905;2G;EDGE;1;250;1;770;561;-1;-67
;ServiceLog;bishop;1417415941932;2G;EDGE;1;250;1;770;561;-1;-67
;ServiceLog;bishop;1417415942947;2G;EDGE;1;250;1;770;561;-1;-67
;ServiceLog;bishop;1417415943976;2G;EDGE;1;250;1;770;561;-1;-67
;ServiceLog;bishop;1417415945012;2G;EDGE;1;250;1;770;561;-1;-67
;ServiceLog;bishop;1417415946052;2G;EDGE;1;250;1;770;561;-1;-67
;ServiceLog;bishop;1417415947084;2G;EDGE;1;250;1;770;561;-1;-69
;ServiceLog;bishop;1417415948108;2G;EDGE;1;250;1;770;561;-1;-69
;ServiceLog;bishop;1417415949138;2G;EDGE;1;250;1;770;561;-1;-69
;ServiceLog;bishop;1417415950153;2G;EDGE;1;250;1;770;561;-1;-69
;ServiceLog;bishop;1417415951219;2G;EDGE;1;250;1;770;561;-1;-69
;ServiceLog;bishop;1417415952244;2G;EDGE;1;250;1;770;561;-1;-69
;ServiceLog;bishop;1417415953264;2G;EDGE;1;250;1;770;561;-1;-69
;ServiceLog;bishop;1417415954309;2G;EDGE;1;250;1;770;561;-1;-69
;ServiceLog;bishop;1417415955335;2G;EDGE;1;250;1;770;561;-1;-69
;ServiceLog;bishop;1417415956368;2G;EDGE;1;250;1;770;561;-1;-69
;ServiceLog;bishop;1417415957402;2G;EDGE;1;250;1;770;561;-1;-69
;ServiceLog;bishop;1417415958421;2G;EDGE;1;250;1;770;561;-1;-69
;ServiceLog;bishop;1417415959448;2G;EDGE;1;250;1;770;561;-1;-69
;ServiceLog;bishop;1417415960483;2G;EDGE;1;250;1;770;561;-1;-69
;ServiceLog;bishop;1417415961507;2G;EDGE;1;250;1;770;561;-1;-69
;ServiceLog;bishop;1417415962544;2G;EDGE;1;250;1;770;561;-1;-69
;ServiceLog;bishop;1417415963569;2G;EDGE;1;250;1;770;561;-1;-69
;ServiceLog;bishop;1417415964600;2G;EDGE;1;250;1;770;561;-1;-69
;ServiceLog;bishop;1417415965623;2G;EDGE;1;250;1;770;561;-1;-69
;ServiceLog;bishop;1417415966655;2G;EDGE;1;250;1;770;561;-1;-69
;ServiceLog;bishop;1417415967683;2G;EDGE;1;250;1;770;561;-1;-69
;ServiceLog;bishop;1417415968695;2G;EDGE;1;250;1;770;561;-1;-69
;ServiceLog;bishop;1417415969711;2G;EDGE;1;250;1;770;561;-1;-69
;ServiceLog;bishop;1417415970738;2G;EDGE;1;250;1;770;561;-1;-69
;ServiceLog;bishop;1417415971755;2G;EDGE;1;250;1;770;561;-1;-69
;ServiceLog;bishop;1417415972771;2G;EDGE;1;250;1;770;561;-1;-69
;ServiceLog;bishop;1417415973787;2G;EDGE;1;250;1;770;561;-1;-69
;ServiceLog;bishop;1417415974803;2G;EDGE;1;250;1;770;561;-1;-69
;ServiceLog;bishop;1417415975841;2G;EDGE;1;250;1;770;561;-1;-69
;ServiceLog;bishop;1417415976868;2G;EDGE;1;250;1;770;561;-1;-69
;ServiceLog;bishop;1417415977903;2G;EDGE;1;250;1;770;561;-1;-69
;ServiceLog;bishop;1417415979011;2G;EDGE;1;250;1;770;561;-1;-69
;ServiceLog;bishop;1417415980022;2G;EDGE;1;250;1;770;561;-1;-69
;ServiceLog;bishop;1417415981034;2G;EDGE;1;250;1;770;561;-1;-69
;ServiceLog;bishop;1417415982052;2G;EDGE;1;250;1;770;561;-1;-69
;ServiceLog;bishop;1417415983068;2G;EDGE;1;250;1;770;561;-1;-69
;ServiceLog;bishop;1417415984093;2G;EDGE;1;250;1;770;561;-1;-69
;ServiceLog;bishop;1417415985125;2G;EDGE;1;250;1;770;561;-1;-69
;ServiceLog;bishop;1417415986255;2G;EDGE;1;250;1;770;561;-1;-69
;ServiceLog;bishop;1417415987282;2G;EDGE;1;250;1;770;561;-1;-67
;ServiceLog;bishop;1417415988392;2G;GPRS;1;250;99;26802;49596;-1;-67
;ServiceLog;bishop;1417415989421;2G;GPRS;1;250;99;26802;49596;-1;-67
;ServiceLog;bishop;1417415990447;2G;GPRS;1;250;99;26802;49596;-1;-67
;ServiceLog;bishop;1417415991477;2G;GPRS;1;250;99;26802;49596;-1;-67
;ServiceLog;bishop;1417415992507;2G;GPRS;1;250;99;26802;49596;-1;-67
;ServiceLog;bishop;1417415993539;2G;GPRS;1;250;99;26802;49596;-1;-67
;ServiceLog;bishop;1417415994566;2G;GPRS;1;250;99;26802;49596;-1;-67
;ServiceLog;bishop;1417415995594;2G;GPRS;1;250;99;26802;49596;-1;-67
;ServiceLog;bishop;1417415996613;2G;GPRS;1;250;99;26802;49596;-1;-67
;ServiceLog;bishop;1417415997633;2G;GPRS;1;250;99;26802;49596;-1;-65
;ServiceLog;bishop;1417415998647;2G;GPRS;1;250;99;26802;49596;-1;-63
;ServiceLog;bishop;1417415999683;2G;GPRS;1;250;99;26802;49596;-1;-63
;ServiceLog;bishop;1417416000703;2G;GPRS;1;250;99;26802;49596;-1;-61
;ServiceLog;bishop;1417416001732;2G;GPRS;1;250;99;26802;49596;-1;-61
;ServiceLog;bishop;1417416002748;2G;GPRS;1;250;99;26802;49596;-1;-61
;ServiceLog;bishop;1417416003775;2G;GPRS;1;250;99;26802;49596;-1;-61
;ServiceLog;bishop;1417416004802;2G;GPRS;1;250;99;26802;49596;-1;-63
;ServiceLog;bishop;1417416005828;2G;GPRS;1;250;99;26802;49596;-1;-63
;ServiceLog;bishop;1417416006854;2G;GPRS;1;250;99;26802;49596;-1;-63
;ServiceLog;bishop;1417416007884;2G;GPRS;1;250;99;26802;49596;-1;-65
;ServiceLog;bishop;1417416009236;2G;GPRS;1;250;99;26802;49596;-1;-67
;ServiceLog;bishop;1417416010250;2G;GPRS;1;250;99;26802;49596;-1;-69
;ServiceLog;bishop;1417416011266;2G;GPRS;1;250;99;26802;49596;-1;-69
;ServiceLog;bishop;1417416012283;2G;GPRS;1;250;99;26802;49596;-1;-69
;ServiceLog;bishop;1417416013298;2G;GPRS;1;250;99;26802;49596;-1;-71
;ServiceLog;bishop;1417416014323;2G;GPRS;1;250;99;26802;49596;-1;-69
;ServiceLog;bishop;1417416015344;2G;GPRS;1;250;99;26802;49596;-1;-69
;ServiceLog;bishop;1417416016362;2G;GPRS;1;250;99;26802;49596;-1;-69
;ServiceLog;bishop;1417416017393;2G;GPRS;1;250;99;26802;49596;-1;-69
;ServiceLog;bishop;1417416018421;2G;GPRS;1;250;99;26802;49596;-1;-69
;ServiceLog;bishop;1417416019447;2G;GPRS;1;250;99;26802;49596;-1;-69
;ServiceLog;bishop;1417416020673;2G;GPRS;1;250;99;26802;49596;-1;-67
;ServiceLog;bishop;1417416021708;2G;GPRS;1;250;99;26802;49596;-1;-67
;ServiceLog;bishop;1417416022734;2G;GPRS;1;250;99;26802;49596;-1;-65
;ServiceLog;bishop;1417416023765;2G;GPRS;1;250;99;26802;49596;-1;-65
;ServiceLog;bishop;1417416024808;2G;GPRS;1;250;99;26802;49596;-1;-63
;ServiceLog;bishop;1417416025839;2G;GPRS;1;250;99;26802;49596;-1;-63
;ServiceLog;bishop;1417416026869;2G;GPRS;1;250;99;26802;49596;-1;-63
;ServiceLog;bishop;1417416027896;2G;GPRS;1;250;99;26802;49596;-1;-63
;ServiceLog;bishop;1417416028920;2G;GPRS;1;250;99;26802;49596;-1;-63
;ServiceLog;bishop;1417416029946;2G;GPRS;1;250;99;26802;49596;-1;-63
;ServiceLog;bishop;1417416030971;2G;GPRS;1;250;99;26802;49596;-1;-63
;ServiceLog;bishop;1417416031990;2G;GPRS;1;250;99;26802;49596;-1;-63
;ServiceLog;bishop;1417416033026;2G;GPRS;1;250;99;26802;49596;-1;-65
;ServiceLog;bishop;1417416034055;2G;GPRS;1;250;99;26802;49596;-1;-67
;ServiceLog;bishop;1417416035097;2G;GPRS;1;250;99;26802;49596;-1;-67
;ServiceLog;bishop;1417416036125;2G;GPRS;1;250;99;26802;49596;-1;-67
;ServiceLog;bishop;1417416037155;2G;GPRS;1;250;99;26802;49596;-1;-69
;ServiceLog;bishop;1417416038178;2G;GPRS;1;250;99;26802;49596;-1;-69
;ServiceLog;bishop;1417416039208;2G;GPRS;1;250;99;26802;49596;-1;-69
;ServiceLog;bishop;1417416040242;2G;GPRS;1;250;99;26802;49596;-1;-69
;ServiceLog;bishop;1417416041260;2G;GPRS;1;250;99;26802;49596;-1;-69
;ServiceLog;bishop;1417416042290;2G;GPRS;1;250;99;26802;49596;-1;-67
;ServiceLog;bishop;1417416043307;2G;GPRS;1;250;99;26802;49596;-1;-67
;ServiceLog;bishop;1417416044324;2G;GPRS;1;250;99;26802;49596;-1;-67
;ServiceLog;bishop;1417416045367;2G;GPRS;1;250;99;26802;49596;-1;-67
;ServiceLog;bishop;1417416046384;2G;GPRS;1;250;99;26802;49596;-1;-67
;ServiceLog;bishop;1417416047411;2G;GPRS;1;250;99;26802;49596;-1;-65
;ServiceLog;bishop;1417416048435;2G;GPRS;1;250;99;26802;49596;-1;-65
;ServiceLog;bishop;1417416049449;2G;GPRS;1;250;99;26802;49596;-1;-63
;ServiceLog;bishop;1417416050470;2G;GPRS;1;250;99;26802;49596;-1;-63
;ServiceLog;bishop;1417416051488;2G;GPRS;1;250;99;26802;49596;-1;-63
;ServiceLog;bishop;1417416052513;2G;GPRS;1;250;99;26802;49596;-1;-63
;ServiceLog;bishop;1417416053530;2G;GPRS;1;250;99;26802;49596;-1;-63
;ServiceLog;bishop;1417416054556;2G;GPRS;1;250;99;26802;49596;-1;-63
;ServiceLog;bishop;1417416055572;2G;GPRS;1;250;99;26802;49596;-1;-63
;ServiceLog;bishop;1417416056587;2G;GPRS;1;250;99;26802;49596;-1;-61
;ServiceLog;bishop;1417416057603;2G;GPRS;1;250;99;26802;49596;-1;-61
;ServiceLog;bishop;1417416058616;2G;GPRS;1;250;99;26802;49596;-1;-63
;ServiceLog;bishop;1417416059630;2G;GPRS;1;250;99;26802;49596;-1;-63
;ServiceLog;bishop;1417416060664;2G;GPRS;1;250;99;26802;49596;-1;-63
;ServiceLog;bishop;1417416061678;2G;GPRS;1;250;99;26802;49596;-1;-63
;ServiceLog;bishop;1417416062699;2G;GPRS;1;250;99;26802;49596;-1;-63
;ServiceLog;bishop;1417416063776;2G;GPRS;1;250;99;26802;49596;-1;-63
;ServiceLog;bishop;1417416064797;2G;GPRS;1;250;99;26802;49596;-1;-63
;ServiceLog;bishop;1417416065826;2G;GPRS;1;250;99;26802;49596;-1;-65
;ServiceLog;bishop;1417416066845;2G;GPRS;1;250;99;26802;49596;-1;-65
;ServiceLog;bishop;1417416067963;2G;GPRS;1;250;99;26802;49596;-1;-65
;ServiceLog;bishop;1417416069134;2G;GPRS;1;250;99;26802;49596;-1;-65
;ServiceLog;bishop;1417416070213;2G;GPRS;1;250;99;26802;49596;-1;-65
;ServiceLog;bishop;1417416071408;2G;EDGE;1;250;1;770;561;-1;-61
;ServiceLog;bishop;1417416072423;2G;EDGE;1;250;1;770;561;-1;-61
;ServiceLog;bishop;1417416073440;2G;EDGE;1;250;1;770;561;-1;-61
;ServiceLog;bishop;1417416074456;2G;EDGE;1;250;1;770;561;-1;-61
;ServiceLog;bishop;1417416075488;2G;EDGE;1;250;1;770;561;-1;-61
;ServiceLog;bishop;1417416076513;2G;EDGE;1;250;1;770;561;-1;-61
;ServiceLog;bishop;1417416077528;2G;EDGE;1;250;1;770;561;-1;-61
;ServiceLog;bishop;1417416078543;2G;EDGE;1;250;1;770;561;-1;-61
;ServiceLog;bishop;1417416079573;2G;EDGE;1;250;1;770;561;-1;-63
;ServiceLog;bishop;1417416080593;2G;EDGE;1;250;1;770;561;-1;-63
;ServiceLog;bishop;1417416081608;2G;EDGE;1;250;1;770;561;-1;-65
;ServiceLog;bishop;1417416082627;2G;EDGE;1;250;1;770;561;-1;-65
;ServiceLog;bishop;1417416083662;2G;EDGE;1;250;1;770;561;-1;-67
;ServiceLog;bishop;1417416084679;2G;EDGE;1;250;1;770;561;-1;-67
;ServiceLog;bishop;1417416085698;2G;EDGE;1;250;1;770;561;-1;-69
;ServiceLog;bishop;1417416086723;2G;EDGE;1;250;1;770;561;-1;-69
;ServiceLog;bishop;1417416087742;2G;EDGE;1;250;1;770;561;-1;-77
;ServiceLog;bishop;1417416088757;2G;EDGE;1;250;1;770;561;-1;-77
;ServiceLog;bishop;1417416089772;2G;EDGE;1;250;1;770;561;-1;-77
;ServiceLog;bishop;1417416090803;2G;EDGE;1;250;1;770;561;-1;-77
;ServiceLog;bishop;1417416091823;2G;EDGE;1;250;1;770;561;-1;-75
;ServiceLog;bishop;1417416092843;2G;EDGE;1;250;1;770;561;-1;-75
;ServiceLog;bishop;1417416093905;2G;EDGE;1;250;1;770;561;-1;-75
;ServiceLog;bishop;1417416095141;2G;EDGE;1;250;1;770;561;-1;-75
;ServiceLog;bishop;1417416096157;2G;EDGE;1;250;1;770;561;-1;-75
;ServiceLog;bishop;1417416097169;2G;EDGE;1;250;1;770;561;-1;-75
;ServiceLog;bishop;1417416098193;2G;EDGE;1;250;1;770;561;-1;-75
;ServiceLog;bishop;1417416099260;2G;EDGE;1;250;1;770;561;-1;-73
;ServiceLog;bishop;1417416100273;2G;EDGE;1;250;1;770;561;-1;-73
;ServiceLog;bishop;1417416101284;2G;EDGE;1;250;1;770;561;-1;-73
;ServiceLog;bishop;1417416102297;2G;EDGE;1;250;1;770;561;-1;-71
;ServiceLog;bishop;1417416103350;2G;EDGE;1;250;1;770;561;-1;-71
;ServiceLog;bishop;1417416104366;2G;EDGE;1;250;1;770;561;-1;-69
;ServiceLog;bishop;1417416105380;2G;EDGE;1;250;1;770;561;-1;-69
;ServiceLog;bishop;1417416106397;2G;EDGE;1;250;1;770;561;-1;-69
;ServiceLog;bishop;1417416107645;2G;EDGE;1;250;1;770;561;-1;-69
;ServiceLog;bishop;1417416108657;2G;EDGE;1;250;1;770;561;-1;-69
;ServiceLog;bishop;1417416109673;2G;EDGE;1;250;1;770;561;-1;-69
;ServiceLog;bishop;1417416110689;2G;EDGE;1;250;1;770;561;-1;-69
;ServiceLog;bishop;1417416111704;2G;EDGE;1;250;1;770;561;-1;-67
;ServiceLog;bishop;1417416112978;2G;EDGE;1;250;1;770;561;-1;-67
;ServiceLog;bishop;1417416114468;2G;EDGE;1;250;1;770;561;-1;-67
;ServiceLog;bishop;1417416115489;2G;EDGE;1;250;1;770;561;-1;-67
;ServiceLog;bishop;1417416116561;2G;EDGE;1;250;1;770;561;-1;-67
;ServiceLog;bishop;1417416117574;2G;EDGE;1;250;1;770;561;-1;-65
;ServiceLog;bishop;1417416118605;2G;EDGE;1;250;1;770;561;-1;-65
;ServiceLog;bishop;1417416119622;2G;EDGE;1;250;1;770;561;-1;-63
;ServiceLog;bishop;1417416120650;2G;EDGE;1;250;1;770;561;-1;-63
;ServiceLog;bishop;1417416121667;2G;EDGE;1;250;1;770;561;-1;-63
;ServiceLog;bishop;1417416122694;2G;EDGE;1;250;1;770;561;-1;-63
;ServiceLog;bishop;1417416123709;2G;EDGE;1;250;1;770;561;-1;-63
;ServiceLog;bishop;1417416124726;2G;EDGE;1;250;1;770;561;-1;-63
;ServiceLog;bishop;1417416125743;2G;EDGE;1;250;1;770;561;-1;-63
;ServiceLog;bishop;1417416126773;2G;EDGE;1;250;1;770;561;-1;-63
;ServiceLog;bishop;1417416127784;2G;EDGE;1;250;1;770;561;-1;-63
;ServiceLog;bishop;1417416128805;2G;EDGE;1;250;1;770;561;-1;-69
;ServiceLog;bishop;1417416129838;2G;EDGE;1;250;1;770;561;-1;-69
;ServiceLog;bishop;1417416130871;2G;EDGE;1;250;1;770;561;-1;-75
;ServiceLog;bishop;1417416131910;2G;EDGE;1;250;1;770;561;-1;-75
;ServiceLog;bishop;1417416132933;2G;EDGE;1;250;1;770;561;-1;-75
;ServiceLog;bishop;1417416133952;2G;EDGE;1;250;1;770;561;-1;-75
;ServiceLog;bishop;1417416134981;2G;EDGE;1;250;1;770;561;-1;-75
;ServiceLog;bishop;1417416136033;2G;EDGE;1;250;1;770;561;-1;-75
;ServiceLog;bishop;1417416137709;2G;EDGE;1;250;1;770;561;-1;-75
;ServiceLog;bishop;1417416138733;2G;EDGE;1;250;1;770;561;-1;-75
;ServiceLog;bishop;1417416139749;2G;EDGE;1;250;1;770;561;-1;-75
;ServiceLog;bishop;1417416140762;2G;EDGE;1;250;1;770;561;-1;-75
;ServiceLog;bishop;1417416141772;2G;EDGE;1;250;1;770;561;-1;-75
;ServiceLog;bishop;1417416142788;2G;EDGE;1;250;1;770;561;-1;-75
;ServiceLog;bishop;1417416143825;2G;EDGE;1;250;1;770;561;-1;-75
;ServiceLog;bishop;1417416144855;2G;EDGE;1;250;1;770;561;-1;-75
;ServiceLog;bishop;1417416145888;2G;EDGE;1;250;1;770;561;-1;-75
;ServiceLog;bishop;1417416146918;2G;EDGE;1;250;1;770;561;-1;-75
;ServiceLog;bishop;1417416147935;2G;EDGE;1;250;1;770;561;-1;-75
;ServiceLog;bishop;1417416148965;2G;EDGE;1;250;1;770;561;-1;-75
;ServiceLog;bishop;1417416149992;2G;EDGE;1;250;1;770;561;-1;-75
;ServiceLog;bishop;1417416151009;2G;EDGE;1;250;1;770;561;-1;-75
;ServiceLog;bishop;1417416152024;2G;EDGE;1;250;1;770;561;-1;-75
;ServiceLog;bishop;1417416153041;2G;EDGE;1;250;1;770;561;-1;-75
;ServiceLog;bishop;1417416154081;2G;EDGE;1;250;1;770;561;-1;-75
;ServiceLog;bishop;1417416155128;2G;EDGE;1;250;1;770;561;-1;-75
;ServiceLog;bishop;1417416156159;2G;EDGE;1;250;1;770;561;-1;-75
;ServiceLog;bishop;1417416157183;2G;EDGE;1;250;1;770;561;-1;-75
;ServiceLog;bishop;1417416158212;2G;EDGE;1;250;1;770;561;-1;-75
;ServiceLog;bishop;1417416159241;2G;EDGE;1;250;1;770;561;-1;-75
;ServiceLog;bishop;1417416160267;2G;EDGE;1;250;1;770;561;-1;-75
;ServiceLog;bishop;1417416161301;2G;EDGE;1;250;1;770;561;-1;-75
;ServiceLog;bishop;1417416162333;2G;EDGE;1;250;1;770;561;-1;-75
;ServiceLog;bishop;1417416163349;2G;EDGE;1;250;1;770;561;-1;-75
;ServiceLog;bishop;1417416164366;2G;EDGE;1;250;1;770;561;-1;-75
;ServiceLog;bishop;1417416165390;2G;EDGE;1;250;1;770;561;-1;-75
;ServiceLog;bishop;1417416166423;2G;EDGE;1;250;1;770;561;-1;-75
;ServiceLog;bishop;1417416167452;2G;EDGE;1;250;1;770;561;-1;-75
;ServiceLog;bishop;1417416168483;2G;GPRS;1;250;99;26802;49595;-1;-81
;ServiceLog;bishop;1417416169502;2G;GPRS;1;250;99;26802;49595;-1;-81
;ServiceLog;bishop;1417416170517;2G;GPRS;1;250;99;26802;49595;-1;-81
;ServiceLog;bishop;1417416171535;2G;GPRS;1;250;99;26802;49595;-1;-81
;ServiceLog;bishop;1417416172570;2G;GPRS;1;250;99;26802;49595;-1;-81
;ServiceLog;bishop;1417416173608;2G;GPRS;1;250;99;26802;49595;-1;-81
;ServiceLog;bishop;1417416174627;2G;GPRS;1;250;99;26802;49595;-1;-81
;ServiceLog;bishop;1417416175649;2G;GPRS;1;250;99;26802;49595;-1;-83
;ServiceLog;bishop;1417416176677;2G;GPRS;1;250;99;26802;49595;-1;-85
;ServiceLog;bishop;1417416177709;2G;GPRS;1;250;99;26802;49595;-1;-85
;ServiceLog;bishop;1417416178734;2G;GPRS;1;250;99;26802;49595;-1;-83
;ServiceLog;bishop;1417416179751;2G;GPRS;1;250;99;26802;49595;-1;-79
;ServiceLog;bishop;1417416180786;2G;GPRS;1;250;99;26802;49595;-1;-75
;ServiceLog;bishop;1417416181817;2G;GPRS;1;250;99;26802;49595;-1;-75
;ServiceLog;bishop;1417416183310;2G;GPRS;1;250;99;26802;49595;-1;-73
;ServiceLog;bishop;1417416184343;2G;GPRS;1;250;99;26802;49595;-1;-71
;ServiceLog;bishop;1417416185354;2G;GPRS;1;250;99;26802;49595;-1;-69
;ServiceLog;bishop;1417416186369;2G;GPRS;1;250;99;26802;49595;-1;-67
;ServiceLog;bishop;1417416187405;2G;GPRS;1;250;99;26802;49595;-1;-67
;ServiceLog;bishop;1417416188429;2G;GPRS;1;250;99;26802;49595;-1;-67
;ServiceLog;bishop;1417416189447;2G;GPRS;1;250;99;26802;49595;-1;-67
;ServiceLog;bishop;1417416190465;2G;GPRS;1;250;99;26802;49595;-1;-67
;ServiceLog;bishop;1417416191477;2G;GPRS;1;250;99;26802;49595;-1;-67
;ServiceLog;bishop;1417416192492;2G;GPRS;1;250;99;26802;49595;-1;-65
;ServiceLog;bishop;1417416193508;2G;GPRS;1;250;99;26802;49595;-1;-65
;ServiceLog;bishop;1417416194545;2G;GPRS;1;250;99;26802;49595;-1;-65
;ServiceLog;bishop;1417416195580;2G;GPRS;1;250;99;26802;49595;-1;-65
;ServiceLog;bishop;1417416196609;2G;GPRS;1;250;99;26802;49595;-1;-65
;ServiceLog;bishop;1417416197624;2G;GPRS;1;250;99;26802;49595;-1;-65
;ServiceLog;bishop;1417416198659;2G;GPRS;1;250;99;26802;49595;-1;-65
;ServiceLog;bishop;1417416199687;2G;GPRS;1;250;99;26802;49595;-1;-65
;ServiceLog;bishop;1417416200703;2G;GPRS;1;250;99;26802;49595;-1;-63
;ServiceLog;bishop;1417416201718;2G;GPRS;1;250;99;26802;49595;-1;-63
;ServiceLog;bishop;1417416202734;2G;GPRS;1;250;99;26802;49595;-1;-63
;ServiceLog;bishop;1417416203764;2G;GPRS;1;250;99;26802;49595;-1;-61
;ServiceLog;bishop;1417416204796;2G;GPRS;1;250;99;26802;49595;-1;-61
;ServiceLog;bishop;1417416205833;2G;GPRS;1;250;99;26802;49595;-1;-61
;ServiceLog;bishop;1417416206865;2G;GPRS;1;250;99;26802;49595;-1;-61
;ServiceLog;bishop;1417416207892;2G;GPRS;1;250;99;26802;49595;-1;-61
;ServiceLog;bishop;1417416208919;2G;GPRS;1;250;99;26802;49595;-1;-61
;ServiceLog;bishop;1417416209934;2G;GPRS;1;250;99;26802;49595;-1;-61
;ServiceLog;bishop;1417416210947;2G;GPRS;1;250;99;26802;49595;-1;-61
;ServiceLog;bishop;1417416211976;2G;GPRS;1;250;99;26802;49595;-1;-61
;ServiceLog;bishop;1417416212994;2G;GPRS;1;250;99;26802;49595;-1;-61
;ServiceLog;bishop;1417416214010;2G;GPRS;1;250;99;26802;49595;-1;-63
;ServiceLog;bishop;1417416215027;2G;GPRS;1;250;99;26802;49587;-1;-63
;ServiceLog;bishop;1417416216057;2G;GPRS;1;250;99;26802;49587;-1;-63
;ServiceLog;bishop;1417416217083;2G;GPRS;1;250;99;26802;49587;-1;-65
;ServiceLog;bishop;1417416218100;2G;GPRS;1;250;99;26802;49587;-1;-67
;ServiceLog;bishop;1417416219116;2G;GPRS;1;250;99;26802;49587;-1;-69
;ServiceLog;bishop;1417416220166;2G;GPRS;1;250;99;26802;49587;-1;-71
;ServiceLog;bishop;1417416221435;2G;GPRS;1;250;99;26802;49587;-1;-71
;ServiceLog;bishop;1417416222457;2G;GPRS;1;250;99;26802;49587;-1;-73
;ServiceLog;bishop;1417416223472;2G;GPRS;1;250;99;26802;49587;-1;-73
;ServiceLog;bishop;1417416224493;2G;GPRS;1;250;99;26802;49587;-1;-73
;ServiceLog;bishop;1417416225508;2G;GPRS;1;250;99;26802;49587;-1;-75
;ServiceLog;bishop;1417416226527;2G;GPRS;1;250;99;26802;49587;-1;-75
;ServiceLog;bishop;1417416227561;2G;GPRS;1;250;99;26802;49587;-1;-77
;ServiceLog;bishop;1417416228583;2G;GPRS;1;250;99;26802;49587;-1;-77
;ServiceLog;bishop;1417416229610;2G;GPRS;1;250;99;26802;49587;-1;-77
;ServiceLog;bishop;1417416230630;2G;GPRS;1;250;99;26802;49587;-1;-75
;ServiceLog;bishop;1417416231670;2G;GPRS;1;250;99;26802;49587;-1;-75
;ServiceLog;bishop;1417416232691;2G;GPRS;1;250;99;26802;49587;-1;-75
;ServiceLog;bishop;1417416233711;2G;GPRS;1;250;99;26802;49587;-1;-75
;ServiceLog;bishop;1417416234743;2G;GPRS;1;250;99;26802;49587;-1;-75
;ServiceLog;bishop;1417416235775;2G;GPRS;1;250;99;26802;49587;-1;-75
;ServiceLog;bishop;1417416236802;2G;EDGE;1;250;1;770;562;-1;-75
;ServiceLog;bishop;1417416237819;2G;EDGE;1;250;1;770;562;-1;-75
;ServiceLog;bishop;1417416238835;2G;EDGE;1;250;1;770;562;-1;-75
;ServiceLog;bishop;1417416239863;2G;EDGE;1;250;1;770;562;-1;-75
;ServiceLog;bishop;1417416240894;2G;EDGE;1;250;1;770;562;-1;-75
;ServiceLog;bishop;1417416241915;2G;EDGE;1;250;1;770;562;-1;-75
;ServiceLog;bishop;1417416242931;2G;EDGE;1;250;1;770;562;-1;-75
;ServiceLog;bishop;1417416243944;2G;EDGE;1;250;1;770;562;-1;-75
;ServiceLog;bishop;1417416244957;2G;EDGE;1;250;1;770;562;-1;-75
;ServiceLog;bishop;1417416245978;2G;EDGE;1;250;1;770;562;-1;-75
;ServiceLog;bishop;1417416247000;2G;EDGE;1;250;1;770;562;-1;-75
;ServiceLog;bishop;1417416248013;2G;EDGE;1;250;1;770;562;-1;-73
;ServiceLog;bishop;1417416249033;2G;EDGE;1;250;1;770;562;-1;-73
;ServiceLog;bishop;1417416250065;2G;EDGE;1;250;1;770;562;-1;-73
;ServiceLog;bishop;1417416251089;2G;EDGE;1;250;1;770;562;-1;-73
;ServiceLog;bishop;1417416252121;2G;EDGE;1;250;1;770;562;-1;-71
;ServiceLog;bishop;1417416253137;2G;EDGE;1;250;1;770;562;-1;-71
;ServiceLog;bishop;1417416254332;2G;EDGE;1;250;1;770;562;-1;-69
;ServiceLog;bishop;1417416255357;2G;EDGE;1;250;1;770;562;-1;-67
;ServiceLog;bishop;1417416256374;2G;EDGE;1;250;1;770;562;-1;-67
;ServiceLog;bishop;1417416257390;2G;EDGE;1;250;1;770;562;-1;-65
;ServiceLog;bishop;1417416258402;2G;EDGE;1;250;1;770;562;-1;-65
;ServiceLog;bishop;1417416259419;2G;EDGE;1;250;1;770;562;-1;-63
;ServiceLog;bishop;1417416260442;2G;EDGE;1;250;1;770;562;-1;-63
;ServiceLog;bishop;1417416261459;2G;EDGE;1;250;1;770;562;-1;-63
;ServiceLog;bishop;1417416262490;2G;EDGE;1;250;1;770;562;-1;-63
;ServiceLog;bishop;1417416263520;2G;EDGE;1;250;1;770;562;-1;-63
;ServiceLog;bishop;1417416264547;2G;EDGE;1;250;1;770;562;-1;-63
;ServiceLog;bishop;1417416265564;2G;EDGE;1;250;1;770;562;-1;-63
;ServiceLog;bishop;1417416266587;2G;EDGE;1;250;1;770;562;-1;-65
;ServiceLog;bishop;1417416267619;2G;EDGE;1;250;1;770;562;-1;-65
;ServiceLog;bishop;1417416268653;2G;EDGE;1;250;1;770;562;-1;-67
;ServiceLog;bishop;1417416269682;2G;EDGE;1;250;1;770;562;-1;-67
;ServiceLog;bishop;1417416270706;2G;EDGE;1;250;1;770;562;-1;-67
;ServiceLog;bishop;1417416271721;2G;EDGE;1;250;1;770;562;-1;-67
;ServiceLog;bishop;1417416272751;2G;EDGE;1;250;1;770;562;-1;-67
;ServiceLog;bishop;1417416274354;2G;EDGE;1;250;1;770;562;-1;-67
;ServiceLog;bishop;1417416275387;2G;EDGE;1;250;1;770;562;-1;-67
;ServiceLog;bishop;1417416276415;2G;EDGE;1;250;1;770;562;-1;-67
;ServiceLog;bishop;1417416277435;2G;EDGE;1;250;1;770;562;-1;-67
;ServiceLog;bishop;1417416278651;2G;EDGE;1;250;1;770;562;-1;-67
;ServiceLog;bishop;1417416279663;2G;EDGE;1;250;1;770;562;-1;-67
;ServiceLog;bishop;1417416280692;2G;EDGE;1;250;1;770;562;-1;-67
;ServiceLog;bishop;1417416281722;2G;EDGE;1;250;1;770;562;-1;-67
;ServiceLog;bishop;1417416282756;2G;EDGE;1;250;1;770;562;-1;-67
;ServiceLog;bishop;1417416283789;2G;EDGE;1;250;1;770;562;-1;-67
;ServiceLog;bishop;1417416284815;2G;EDGE;1;250;1;770;562;-1;-67
;ServiceLog;bishop;1417416285836;2G;EDGE;1;250;1;770;562;-1;-67
;ServiceLog;bishop;1417416286857;2G;EDGE;1;250;1;770;562;-1;-67
;ServiceLog;bishop;1417416287881;2G;EDGE;1;250;1;770;562;-1;-67
;ServiceLog;bishop;1417416289034;2G;EDGE;1;250;1;770;562;-1;-67
;ServiceLog;bishop;1417416290142;2G;EDGE;1;250;1;770;562;-1;-67
;ServiceLog;bishop;1417416291164;2G;EDGE;1;250;1;770;562;-1;-67
;ServiceLog;bishop;1417416292185;2G;EDGE;1;250;1;770;562;-1;-67
;ServiceLog;bishop;1417416293204;2G;EDGE;1;250;1;770;562;-1;-67
;ServiceLog;bishop;1417416294217;2G;EDGE;1;250;1;770;562;-1;-67
;ServiceLog;bishop;1417416295254;2G;EDGE;1;250;1;770;562;-1;-67
;ServiceLog;bishop;1417416296289;2G;GPRS;1;250;99;26802;49585;-1;-67
;ServiceLog;bishop;1417416297416;2G;GPRS;1;250;99;26802;49585;-1;-67
;ServiceLog;bishop;1417416298446;2G;GPRS;1;250;99;26802;49585;-1;-67
;ServiceLog;bishop;1417416299464;2G;GPRS;1;250;99;26802;49585;-1;-67
;ServiceLog;bishop;1417416300495;2G;GPRS;1;250;99;26802;49585;-1;-67
;ServiceLog;bishop;1417416301513;2G;GPRS;1;250;99;26802;49585;-1;-67
;ServiceLog;bishop;1417416302530;2G;GPRS;1;250;99;26802;49585;-1;-69
;ServiceLog;bishop;1417416303543;2G;GPRS;1;250;99;26802;49585;-1;-69
;ServiceLog;bishop;1417416304560;2G;GPRS;1;250;99;26802;49585;-1;-71
;ServiceLog;bishop;1417416305578;2G;GPRS;1;250;99;26802;49585;-1;-69
;ServiceLog;bishop;1417416306604;2G;GPRS;1;250;99;26802;49585;-1;-69
;ServiceLog;bishop;1417416307636;2G;GPRS;1;250;99;26802;49585;-1;-69
;ServiceLog;bishop;1417416308653;2G;GPRS;1;250;99;26802;49585;-1;-69
;ServiceLog;bishop;1417416309680;2G;GPRS;1;250;99;26802;49585;-1;-69
;ServiceLog;bishop;1417416310694;2G;GPRS;1;250;99;26802;49585;-1;-71
;ServiceLog;bishop;1417416311720;2G;GPRS;1;250;99;26802;49585;-1;-71
;ServiceLog;bishop;1417416312753;2G;EDGE;1;250;1;770;563;-1;-71
;ServiceLog;bishop;1417416313769;2G;EDGE;1;250;1;770;563;-1;-71
;ServiceLog;bishop;1417416314780;2G;EDGE;1;250;1;770;563;-1;-71
;ServiceLog;bishop;1417416315794;2G;EDGE;1;250;1;770;563;-1;-71
;ServiceLog;bishop;1417416316807;2G;EDGE;1;250;1;770;563;-1;-71
;ServiceLog;bishop;1417416317823;2G;EDGE;1;250;1;770;563;-1;-71
;ServiceLog;bishop;1417416318839;2G;EDGE;1;250;1;770;563;-1;-71
;ServiceLog;bishop;1417416319855;2G;EDGE;1;250;1;770;563;-1;-71
;ServiceLog;bishop;1417416320869;2G;EDGE;1;250;1;770;563;-1;-71
;ServiceLog;bishop;1417416321885;2G;EDGE;1;250;1;770;563;-1;-71
;ServiceLog;bishop;1417416322898;2G;EDGE;1;250;1;770;563;-1;-71
;ServiceLog;bishop;1417416323930;2G;EDGE;1;250;1;770;563;-1;-71
;ServiceLog;bishop;1417416324968;2G;EDGE;1;250;1;770;563;-1;-71
;ServiceLog;bishop;1417416326000;2G;EDGE;1;250;1;770;563;-1;-73
;ServiceLog;bishop;1417416327031;2G;EDGE;1;250;1;770;563;-1;-73
;ServiceLog;bishop;1417416328063;2G;EDGE;1;250;1;770;563;-1;-75
;ServiceLog;bishop;1417416329093;2G;EDGE;1;250;1;770;563;-1;-77
;ServiceLog;bishop;1417416330125;2G;EDGE;1;250;1;770;563;-1;-77
;ServiceLog;bishop;1417416331149;2G;EDGE;1;250;1;770;563;-1;-79
;ServiceLog;bishop;1417416332166;2G;EDGE;1;250;1;770;563;-1;-79
;ServiceLog;bishop;1417416333187;2G;EDGE;1;250;1;770;563;-1;-79
;ServiceLog;bishop;1417416334220;2G;EDGE;1;250;1;770;563;-1;-79
;ServiceLog;bishop;1417416335241;2G;EDGE;1;250;1;770;563;-1;-81
;ServiceLog;bishop;1417416336267;2G;EDGE;1;250;1;770;563;-1;-81
;ServiceLog;bishop;1417416337292;2G;EDGE;1;250;1;770;563;-1;-83
;ServiceLog;bishop;1417416338309;2G;EDGE;1;250;1;770;563;-1;-83
;ServiceLog;bishop;1417416339330;2G;EDGE;1;250;1;770;563;-1;-83
;ServiceLog;bishop;1417416340371;2G;EDGE;1;250;1;770;563;-1;-83
;ServiceLog;bishop;1417416341394;2G;EDGE;1;250;1;770;563;-1;-83
;ServiceLog;bishop;1417416342420;2G;EDGE;1;250;1;770;563;-1;-83
;ServiceLog;bishop;1417416343447;2G;EDGE;1;250;1;770;563;-1;-83
;ServiceLog;bishop;1417416344474;2G;EDGE;1;250;1;770;563;-1;-83
;ServiceLog;bishop;1417416345503;2G;EDGE;1;250;1;770;563;-1;-83
;ServiceLog;bishop;1417416346535;2G;EDGE;1;250;1;770;563;-1;-83
;ServiceLog;bishop;1417416347563;2G;EDGE;1;250;1;770;563;-1;-83
;ServiceLog;bishop;1417416348579;2G;EDGE;1;250;1;770;563;-1;-83
;ServiceLog;bishop;1417416349596;2G;EDGE;1;250;1;770;563;-1;-83
;ServiceLog;bishop;1417416350634;2G;EDGE;1;250;1;770;563;-1;-83
;ServiceLog;bishop;1417416351650;2G;EDGE;1;250;1;770;563;-1;-83
;ServiceLog;bishop;1417416352696;2G;EDGE;1;250;1;770;563;-1;-83
;ServiceLog;bishop;1417416353723;2G;EDGE;1;250;1;770;563;-1;-83
;ServiceLog;bishop;1417416354735;2G;EDGE;1;250;1;770;563;-1;-83
;ServiceLog;bishop;1417416355753;2G;EDGE;1;250;1;770;563;-1;-81
;ServiceLog;bishop;1417416356777;2G;EDGE;1;250;1;770;563;-1;-81
;ServiceLog;bishop;1417416357793;2G;EDGE;1;250;1;770;563;-1;-81
;ServiceLog;bishop;1417416358826;2G;EDGE;1;250;1;770;563;-1;-81
;ServiceLog;bishop;1417416359842;2G;EDGE;1;250;1;770;563;-1;-79
;ServiceLog;bishop;1417416360863;2G;EDGE;1;250;1;770;563;-1;-79
;ServiceLog;bishop;1417416361881;2G;EDGE;1;250;1;770;563;-1;-77
;ServiceLog;bishop;1417416362905;2G;EDGE;1;250;1;770;563;-1;-77
;ServiceLog;bishop;1417416363928;2G;EDGE;1;250;1;770;563;-1;-73
;ServiceLog;bishop;1417416364943;2G;EDGE;1;250;1;770;563;-1;-71
;ServiceLog;bishop;1417416365965;2G;EDGE;1;250;1;770;563;-1;-71
;ServiceLog;bishop;1417416366979;2G;EDGE;1;250;1;770;563;-1;-69
;ServiceLog;bishop;1417416367994;2G;EDGE;1;250;1;770;563;-1;-69
;ServiceLog;bishop;1417416369021;2G;EDGE;1;250;1;770;563;-1;-69
;ServiceLog;bishop;1417416370052;2G;EDGE;1;250;1;770;563;-1;-69
;ServiceLog;bishop;1417416371068;2G;EDGE;1;250;1;770;563;-1;-69
;ServiceLog;bishop;1417416372084;2G;EDGE;1;250;1;770;563;-1;-69
;ServiceLog;bishop;1417416373115;2G;EDGE;1;250;1;770;563;-1;-71
;ServiceLog;bishop;1417416374130;2G;EDGE;1;250;1;770;563;-1;-71
;ServiceLog;bishop;1417416375366;2G;EDGE;1;250;1;770;563;-1;-75
;ServiceLog;bishop;1417416376394;2G;EDGE;1;250;1;770;563;-1;-81
;ServiceLog;bishop;1417416377418;2G;EDGE;1;250;1;770;563;-1;-81
;ServiceLog;bishop;1417416378433;2G;EDGE;1;250;1;770;563;-1;-81
;ServiceLog;bishop;1417416379463;2G;EDGE;1;250;1;770;563;-1;-81
;ServiceLog;bishop;1417416380501;2G;EDGE;1;250;1;770;563;-1;-81
;ServiceLog;bishop;1417416381528;2G;EDGE;1;250;1;770;563;-1;-81
;ServiceLog;bishop;1417416382559;2G;EDGE;1;250;1;770;563;-1;-81
;ServiceLog;bishop;1417416383588;2G;EDGE;1;250;1;770;563;-1;-81
;ServiceLog;bishop;1417416384613;2G;EDGE;1;250;1;770;563;-1;-81
;ServiceLog;bishop;1417416385639;2G;EDGE;1;250;1;770;563;-1;-81
;ServiceLog;bishop;1417416386672;2G;EDGE;1;250;1;770;563;-1;-81
;ServiceLog;bishop;1417416387684;2G;EDGE;1;250;1;770;563;-1;-81
;ServiceLog;bishop;1417416388701;2G;EDGE;1;250;1;770;563;-1;-81
;ServiceLog;bishop;1417416389726;2G;EDGE;1;250;1;770;563;-1;-81
;ServiceLog;bishop;1417416390752;2G;EDGE;1;250;1;770;563;-1;-81
;ServiceLog;bishop;1417416391776;2G;EDGE;1;250;1;770;563;-1;-81
;ServiceLog;bishop;1417416392793;2G;EDGE;1;250;1;770;563;-1;-81
;ServiceLog;bishop;1417416393812;2G;EDGE;1;250;1;770;563;-1;-81
;ServiceLog;bishop;1417416394838;2G;EDGE;1;250;1;770;563;-1;-81
;ServiceLog;bishop;1417416395868;2G;EDGE;1;250;1;770;563;-1;-81
;ServiceLog;bishop;1417416396898;2G;EDGE;1;250;1;770;563;-1;-81
;ServiceLog;bishop;1417416397935;2G;EDGE;1;250;1;770;563;-1;-81
;ServiceLog;bishop;1417416398950;2G;EDGE;1;250;1;770;563;-1;-81
;ServiceLog;bishop;1417416399964;2G;EDGE;1;250;1;770;563;-1;-81
;ServiceLog;bishop;1417416400975;2G;EDGE;1;250;1;770;563;-1;-81
;ServiceLog;bishop;1417416401990;2G;EDGE;1;250;1;770;563;-1;-81
;ServiceLog;bishop;1417416403004;2G;EDGE;1;250;1;770;563;-1;-81
;ServiceLog;bishop;1417416404021;2G;EDGE;1;250;1;770;563;-1;-81
;ServiceLog;bishop;1417416405049;2G;EDGE;1;250;1;770;563;-1;-81
;ServiceLog;bishop;1417416406069;2G;EDGE;1;250;1;770;563;-1;-81
;ServiceLog;bishop;1417416407085;2G;EDGE;1;250;1;770;563;-1;-81
;ServiceLog;bishop;1417416408111;2G;EDGE;1;250;1;770;563;-1;-81
;ServiceLog;bishop;1417416409139;2G;EDGE;1;250;1;770;563;-1;-81
;ServiceLog;bishop;1417416410161;2G;EDGE;1;250;1;770;563;-1;-81
;ServiceLog;bishop;1417416411182;2G;EDGE;1;250;1;770;563;-1;-81
;ServiceLog;bishop;1417416412221;2G;EDGE;1;250;1;770;563;-1;-81
;ServiceLog;bishop;1417416413274;2G;EDGE;1;250;1;770;563;-1;-81
;ServiceLog;bishop;1417416414285;2G;EDGE;1;250;1;770;563;-1;-81
;ServiceLog;bishop;1417416415301;2G;EDGE;1;250;1;770;563;-1;-81
;ServiceLog;bishop;1417416416316;2G;EDGE;1;250;1;770;563;-1;-81
;ServiceLog;bishop;1417416417337;2G;EDGE;1;250;1;770;563;-1;-81
;ServiceLog;bishop;1417416418352;2G;GPRS;1;250;99;26802;49586;-1;-111
;ServiceLog;bishop;1417416419390;2G;GPRS;1;250;99;26802;49586;-1;-111
;ServiceLog;bishop;1417416420406;2G;GPRS;1;250;99;26802;49586;-1;-111
;ServiceLog;bishop;1417416421424;2G;GPRS;1;250;99;26802;49586;-1;-111
;ServiceLog;bishop;1417416422450;2G;GPRS;1;250;99;26802;49586;-1;-111
;ServiceLog;bishop;1417416423472;2G;GPRS;1;250;99;26802;49586;-1;-111
;ServiceLog;bishop;1417416424491;2G;GPRS;1;250;99;26802;49586;-1;-111
;ServiceLog;bishop;1417416425689;2G;GPRS;1;250;99;26802;49586;-1;-79
;ServiceLog;bishop;1417416426703;2G;GPRS;1;250;99;26802;49586;-1;-77
;ServiceLog;bishop;1417416427715;2G;GPRS;1;250;99;26802;49586;-1;-77
;ServiceLog;bishop;1417416428729;2G;GPRS;1;250;99;26802;49586;-1;-73
;ServiceLog;bishop;1417416429749;2G;GPRS;1;250;99;26802;49586;-1;-67
;ServiceLog;bishop;1417416430771;2G;GPRS;1;250;99;26802;49586;-1;-59
;ServiceLog;bishop;1417416431785;2G;GPRS;1;250;99;26802;49586;-1;-59
;ServiceLog;bishop;1417416432800;2G;GPRS;1;250;99;26802;49586;-1;-59
;ServiceLog;bishop;1417416433818;2G;GPRS;1;250;99;26802;49586;-1;-59
;ServiceLog;bishop;1417416434832;2G;GPRS;1;250;99;26802;49586;-1;-59
;ServiceLog;bishop;1417416435850;2G;GPRS;1;250;99;26802;49586;-1;-61
;ServiceLog;bishop;1417416437268;2G;GPRS;1;250;99;26802;49586;-1;-61
;ServiceLog;bishop;1417416438972;2G;GPRS;1;250;99;26802;49586;-1;-63
;ServiceLog;bishop;1417416439986;2G;GPRS;1;250;99;26802;49586;-1;-63
;ServiceLog;bishop;1417416441006;2G;GPRS;1;250;99;26802;49586;-1;-63
;ServiceLog;bishop;1417416442039;2G;GPRS;1;250;99;26802;49586;-1;-63
;ServiceLog;bishop;1417416443057;2G;GPRS;1;250;99;26802;49586;-1;-63
;ServiceLog;bishop;1417416444078;2G;GPRS;1;250;99;26802;49586;-1;-65
;ServiceLog;bishop;1417416445091;2G;GPRS;1;250;99;26802;49586;-1;-65
;ServiceLog;bishop;1417416446187;2G;GPRS;1;250;99;26802;49586;-1;-65
;ServiceLog;bishop;1417416447217;2G;GPRS;1;250;99;26802;49586;-1;-67
;ServiceLog;bishop;1417416448251;2G;GPRS;1;250;99;26802;49586;-1;-67
;ServiceLog;bishop;1417416449276;2G;GPRS;1;250;99;26802;49586;-1;-67
;ServiceLog;bishop;1417416450291;2G;GPRS;1;250;99;26802;49586;-1;-67
;ServiceLog;bishop;1417416451307;2G;GPRS;1;250;99;26802;49586;-1;-69
;ServiceLog;bishop;1417416452337;2G;GPRS;1;250;99;26802;49586;-1;-69
;ServiceLog;bishop;1417416453634;2G;GPRS;1;250;99;26802;49586;-1;-69
;ServiceLog;bishop;1417416454707;2G;GPRS;1;250;99;26802;49586;-1;-69
;ServiceLog;bishop;1417416455729;2G;GPRS;1;250;99;26802;49586;-1;-71
;ServiceLog;bishop;1417416456741;2G;GPRS;1;250;99;26802;49586;-1;-71
;ServiceLog;bishop;1417416457793;2G;GPRS;1;250;99;26802;49586;-1;-71
;ServiceLog;bishop;1417416458810;2G;GPRS;1;250;99;26802;49586;-1;-71
;ServiceLog;bishop;1417416459843;2G;GPRS;1;250;99;26802;49586;-1;-71
;ServiceLog;bishop;1417416460875;2G;GPRS;1;250;99;26802;49586;-1;-71
;ServiceLog;bishop;1417416461905;2G;GPRS;1;250;99;26802;49586;-1;-71
;ServiceLog;bishop;1417416462938;2G;GPRS;1;250;99;26802;49586;-1;-71
;ServiceLog;bishop;1417416463968;2G;GPRS;1;250;99;26802;49586;-1;-69
;ServiceLog;bishop;1417416464997;2G;GPRS;1;250;99;26802;49586;-1;-69
;ServiceLog;bishop;1417416466013;2G;GPRS;1;250;99;26802;49586;-1;-69
;ServiceLog;bishop;1417416467038;2G;GPRS;1;250;99;26802;49586;-1;-69
;ServiceLog;bishop;1417416468084;2G;GPRS;1;250;99;26802;49586;-1;-69
;ServiceLog;bishop;1417416469112;2G;GPRS;1;250;99;26802;49586;-1;-69
;ServiceLog;bishop;1417416470147;2G;GPRS;1;250;99;26802;49586;-1;-69
;ServiceLog;bishop;1417416471169;2G;GPRS;1;250;99;26802;49586;-1;-69
;ServiceLog;bishop;1417416472199;2G;GPRS;1;250;99;26802;49586;-1;-69
;ServiceLog;bishop;1417416473215;2G;GPRS;1;250;99;26802;49586;-1;-69
;ServiceLog;bishop;1417416474231;2G;GPRS;1;250;99;26802;49586;-1;-69
;ServiceLog;bishop;1417416475250;2G;GPRS;1;250;99;26802;49586;-1;-69
;ServiceLog;bishop;1417416476265;2G;GPRS;1;250;99;26802;49586;-1;-69
;ServiceLog;bishop;1417416477281;2G;GPRS;1;250;99;26802;49586;-1;-69
;ServiceLog;bishop;1417416478296;2G;GPRS;1;250;99;26802;49586;-1;-69
;ServiceLog;bishop;1417416479311;2G;GPRS;1;250;99;26802;49586;-1;-69
;ServiceLog;bishop;1417416480329;2G;GPRS;1;250;99;26802;49586;-1;-69
;ServiceLog;bishop;1417416481360;2G;EDGE;1;250;1;770;563;-1;-69
;ServiceLog;bishop;1417416482417;2G;EDGE;1;250;1;770;563;-1;-69
;ServiceLog;bishop;1417416483675;2G;EDGE;1;250;1;770;563;-1;-69
;ServiceLog;bishop;1417416484696;2G;EDGE;1;250;1;770;563;-1;-69
;ServiceLog;bishop;1417416485717;2G;EDGE;1;250;1;770;563;-1;-69
;ServiceLog;bishop;1417416486732;2G;EDGE;1;250;1;770;563;-1;-69
;ServiceLog;bishop;1417416487747;2G;EDGE;1;250;1;770;563;-1;-69
;ServiceLog;bishop;1417416488762;2G;EDGE;1;250;1;770;563;-1;-69
;ServiceLog;bishop;1417416489777;2G;EDGE;1;250;1;770;563;-1;-69
;ServiceLog;bishop;1417416490794;2G;EDGE;1;250;1;770;563;-1;-69
;ServiceLog;bishop;1417416491826;2G;EDGE;1;250;1;770;563;-1;-69
;ServiceLog;bishop;1417416492852;2G;EDGE;1;250;1;770;563;-1;-69
;ServiceLog;bishop;1417416493885;2G;EDGE;1;250;1;770;563;-1;-69
;ServiceLog;bishop;1417416494905;2G;EDGE;1;250;1;770;563;-1;-69
;ServiceLog;bishop;1417416495936;2G;EDGE;1;250;1;770;563;-1;-71
;ServiceLog;bishop;1417416496967;2G;EDGE;1;250;1;770;563;-1;-71
;ServiceLog;bishop;1417416497993;2G;EDGE;1;250;1;770;563;-1;-71
;ServiceLog;bishop;1417416499019;2G;EDGE;1;250;1;770;563;-1;-71
;ServiceLog;bishop;1417416500035;2G;EDGE;1;250;1;770;563;-1;-71
;ServiceLog;bishop;1417416501051;2G;EDGE;1;250;1;770;563;-1;-71
;ServiceLog;bishop;1417416502087;2G;EDGE;1;250;1;770;563;-1;-73
;ServiceLog;bishop;1417416503098;2G;EDGE;1;250;1;770;563;-1;-73
;ServiceLog;bishop;1417416504154;2G;EDGE;1;250;1;770;563;-1;-75
;ServiceLog;bishop;1417416505187;2G;EDGE;1;250;1;770;563;-1;-75
;ServiceLog;bishop;1417416506216;2G;EDGE;1;250;1;770;563;-1;-75
;ServiceLog;bishop;1417416507245;2G;EDGE;1;250;1;770;563;-1;-77
;ServiceLog;bishop;1417416508262;2G;EDGE;1;250;1;770;563;-1;-77
;ServiceLog;bishop;1417416509296;2G;EDGE;1;250;1;770;563;-1;-77
;ServiceLog;bishop;1417416510326;2G;EDGE;1;250;1;770;563;-1;-77
;ServiceLog;bishop;1417416511350;2G;EDGE;1;250;1;770;563;-1;-77
;ServiceLog;bishop;1417416512371;2G;EDGE;1;250;1;770;563;-1;-77
;ServiceLog;bishop;1417416513387;2G;EDGE;1;250;1;770;563;-1;-75
;ServiceLog;bishop;1417416514428;2G;EDGE;1;250;1;770;563;-1;-75
;ServiceLog;bishop;1417416515459;2G;EDGE;1;250;1;770;563;-1;-75
;ServiceLog;bishop;1417416516475;2G;EDGE;1;250;1;770;563;-1;-73
;ServiceLog;bishop;1417416517508;2G;EDGE;1;250;1;770;563;-1;-73
;ServiceLog;bishop;1417416518526;2G;EDGE;1;250;1;770;563;-1;-73
;ServiceLog;bishop;1417416519552;2G;EDGE;1;250;1;770;563;-1;-73
;ServiceLog;bishop;1417416520566;2G;EDGE;1;250;1;770;563;-1;-73
;ServiceLog;bishop;1417416521587;2G;EDGE;1;250;1;770;563;-1;-73
;ServiceLog;bishop;1417416522628;2G;EDGE;1;250;1;770;563;-1;-73
;ServiceLog;bishop;1417416523661;2G;EDGE;1;250;1;770;563;-1;-73
;ServiceLog;bishop;1417416524679;2G;EDGE;1;250;1;770;563;-1;-73
;ServiceLog;bishop;1417416525695;2G;EDGE;1;250;1;770;563;-1;-73
;ServiceLog;bishop;1417416526714;2G;EDGE;1;250;1;770;563;-1;-75
;ServiceLog;bishop;1417416527738;2G;EDGE;1;250;1;770;563;-1;-75
;ServiceLog;bishop;1417416528902;2G;EDGE;1;250;1;770;563;-1;-75
;ServiceLog;bishop;1417416529924;2G;EDGE;1;250;1;770;563;-1;-75
;ServiceLog;bishop;1417416530942;2G;EDGE;1;250;1;770;563;-1;-75
;ServiceLog;bishop;1417416531962;2G;EDGE;1;250;1;770;563;-1;-75
;ServiceLog;bishop;1417416532977;2G;EDGE;1;250;1;770;563;-1;-75
;ServiceLog;bishop;1417416533995;2G;EDGE;1;250;1;770;563;-1;-73
;ServiceLog;bishop;1417416535030;2G;EDGE;1;250;1;770;563;-1;-73
;ServiceLog;bishop;1417416536063;2G;EDGE;1;250;1;770;563;-1;-71
;ServiceLog;bishop;1417416537079;2G;EDGE;1;250;1;770;563;-1;-71
;ServiceLog;bishop;1417416538108;2G;EDGE;1;250;1;770;563;-1;-67
;ServiceLog;bishop;1417416539126;2G;EDGE;1;250;1;770;563;-1;-65
;ServiceLog;bishop;1417416540144;2G;EDGE;1;250;1;770;563;-1;-65
;ServiceLog;bishop;1417416541160;2G;EDGE;1;250;1;770;563;-1;-65
;ServiceLog;bishop;1417416542181;2G;EDGE;1;250;1;770;563;-1;-65
;ServiceLog;bishop;1417416543211;2G;EDGE;1;250;1;770;563;-1;-65
;ServiceLog;bishop;1417416544260;2G;EDGE;1;250;1;770;563;-1;-65
;ServiceLog;bishop;1417416545277;2G;EDGE;1;250;1;770;563;-1;-65
;ServiceLog;bishop;1417416546294;2G;EDGE;1;250;1;770;563;-1;-65
;ServiceLog;bishop;1417416547321;2G;EDGE;1;250;1;770;563;-1;-65
;ServiceLog;bishop;1417416548349;2G;EDGE;1;250;1;770;563;-1;-65
;ServiceLog;bishop;1417416549390;2G;EDGE;1;250;1;770;563;-1;-71
;ServiceLog;bishop;1417416550638;2G;EDGE;1;250;1;770;563;-1;-71
;ServiceLog;bishop;1417416551654;2G;EDGE;1;250;1;770;563;-1;-71
;ServiceLog;bishop;1417416552688;2G;EDGE;1;250;1;770;563;-1;-71
;ServiceLog;bishop;1417416553715;2G;EDGE;1;250;1;770;563;-1;-71
;ServiceLog;bishop;1417416554750;2G;EDGE;1;250;1;770;563;-1;-71
;ServiceLog;bishop;1417416555779;2G;EDGE;1;250;1;770;563;-1;-71
;ServiceLog;bishop;1417416556804;2G;EDGE;1;250;1;770;563;-1;-71
;ServiceLog;bishop;1417416557820;2G;EDGE;1;250;1;770;563;-1;-71
;ServiceLog;bishop;1417416558849;2G;EDGE;1;250;1;770;563;-1;-71
;ServiceLog;bishop;1417416559887;2G;EDGE;1;250;1;770;563;-1;-71
;ServiceLog;bishop;1417416560902;2G;EDGE;1;250;1;770;563;-1;-71
;ServiceLog;bishop;1417416561931;2G;EDGE;1;250;1;770;563;-1;-71
;ServiceLog;bishop;1417416562963;2G;EDGE;1;250;1;770;563;-1;-71
;ServiceLog;bishop;1417416564132;2G;EDGE;1;250;1;770;563;-1;-71
;ServiceLog;bishop;1417416565159;2G;EDGE;1;250;1;770;563;-1;-71
;ServiceLog;bishop;1417416566195;2G;EDGE;1;250;1;770;563;-1;-71
;ServiceLog;bishop;1417416567207;2G;EDGE;1;250;1;770;563;-1;-71
;ServiceLog;bishop;1417416568329;2G;EDGE;1;250;1;770;563;-1;-71
;ServiceLog;bishop;1417416569340;2G;EDGE;1;250;1;770;563;-1;-71
;ServiceLog;bishop;1417416570359;2G;EDGE;1;250;1;770;563;-1;-71
;ServiceLog;bishop;1417416571391;2G;EDGE;1;250;1;770;563;-1;-71
;ServiceLog;bishop;1417416572409;2G;EDGE;1;250;1;770;563;-1;-71
;ServiceLog;bishop;1417416573425;2G;EDGE;1;250;1;770;563;-1;-71
;ServiceLog;bishop;1417416574440;2G;EDGE;1;250;1;770;563;-1;-71
;ServiceLog;bishop;1417416575457;2G;EDGE;1;250;1;770;563;-1;-71
;ServiceLog;bishop;1417416576619;2G;EDGE;1;250;1;770;563;-1;-71
;ServiceLog;bishop;1417416577632;2G;EDGE;1;250;1;770;563;-1;-71
;ServiceLog;bishop;1417416578644;2G;EDGE;1;250;1;770;563;-1;-71
;ServiceLog;bishop;1417416579665;2G;EDGE;1;250;1;770;563;-1;-71
;ServiceLog;bishop;1417416580686;2G;EDGE;1;250;1;770;563;-1;-71
;ServiceLog;bishop;1417416581869;2G;EDGE;1;250;1;770;563;-1;-71
;ServiceLog;bishop;1417416582948;2G;EDGE;1;250;1;770;563;-1;-71
;ServiceLog;bishop;1417416583973;2G;GPRS;1;250;99;26802;49575;-1;-73
;ServiceLog;bishop;1417416585002;2G;GPRS;1;250;99;26802;49575;-1;-73
;ServiceLog;bishop;1417416586023;2G;GPRS;1;250;99;26802;49575;-1;-73
;ServiceLog;bishop;1417416587044;2G;GPRS;1;250;99;26802;49575;-1;-73
;ServiceLog;bishop;1417416588073;2G;GPRS;1;250;99;26802;49575;-1;-73
;ServiceLog;bishop;1417416589101;2G;GPRS;1;250;99;26802;49575;-1;-73
;ServiceLog;bishop;1417416590138;2G;GPRS;1;250;99;26802;49575;-1;-73
;ServiceLog;bishop;1417416591155;2G;GPRS;1;250;99;26802;49575;-1;-75
;ServiceLog;bishop;1417416592183;2G;GPRS;1;250;99;26802;49575;-1;-75
;ServiceLog;bishop;1417416593208;2G;GPRS;1;250;99;26802;49575;-1;-75
;ServiceLog;bishop;1417416594231;2G;GPRS;1;250;99;26802;49575;-1;-73
;ServiceLog;bishop;1417416595248;2G;GPRS;1;250;99;26802;49575;-1;-69
;ServiceLog;bishop;1417416596265;2G;GPRS;1;250;99;26802;49575;-1;-69
;ServiceLog;bishop;1417416597288;2G;GPRS;1;250;99;26802;49575;-1;-69
;ServiceLog;bishop;1417416598307;2G;GPRS;1;250;99;26802;49575;-1;-67
;ServiceLog;bishop;1417416599335;2G;GPRS;1;250;99;26802;49575;-1;-67
;ServiceLog;bishop;1417416600350;2G;GPRS;1;250;99;26802;49575;-1;-67
;ServiceLog;bishop;1417416601367;2G;GPRS;1;250;99;26802;49575;-1;-65
;ServiceLog;bishop;1417416602399;2G;GPRS;1;250;99;26802;49575;-1;-63
;ServiceLog;bishop;1417416603436;2G;GPRS;1;250;99;26802;49575;-1;-63
;ServiceLog;bishop;1417416604467;2G;GPRS;1;250;99;26802;49575;-1;-63
;ServiceLog;bishop;1417416606080;2G;GPRS;1;250;99;26802;49575;-1;-61
;ServiceLog;bishop;1417416607110;2G;GPRS;1;250;99;26802;49575;-1;-61
;ServiceLog;bishop;1417416608128;2G;GPRS;1;250;99;26802;49575;-1;-59
;ServiceLog;bishop;1417416609154;2G;GPRS;1;250;99;26802;49575;-1;-59
;ServiceLog;bishop;1417416610171;2G;GPRS;1;250;99;26802;49575;-1;-59
;ServiceLog;bishop;1417416611202;2G;GPRS;1;250;99;26802;49575;-1;-59
;ServiceLog;bishop;1417416612233;2G;GPRS;1;250;99;26802;49575;-1;-59
;ServiceLog;bishop;1417416613263;2G;GPRS;1;250;99;26802;49575;-1;-59
;ServiceLog;bishop;1417416614293;2G;GPRS;1;250;99;26802;49575;-1;-59
;ServiceLog;bishop;1417416615320;2G;GPRS;1;250;99;26802;49575;-1;-59
;ServiceLog;bishop;1417416616336;2G;GPRS;1;250;99;26802;49575;-1;-59
;ServiceLog;bishop;1417416617355;2G;EDGE;1;250;1;770;541;-1;-59
;ServiceLog;bishop;1417416618385;2G;EDGE;1;250;1;770;541;-1;-59
;ServiceLog;bishop;1417416619411;2G;EDGE;1;250;1;770;541;-1;-59
;ServiceLog;bishop;1417416620437;2G;EDGE;1;250;1;770;541;-1;-59
;ServiceLog;bishop;1417416621464;2G;EDGE;1;250;1;770;541;-1;-59
;ServiceLog;bishop;1417416622481;2G;EDGE;1;250;1;770;541;-1;-59
;ServiceLog;bishop;1417416623495;2G;EDGE;1;250;1;770;541;-1;-59
;ServiceLog;bishop;1417416624516;2G;EDGE;1;250;1;770;541;-1;-59
;ServiceLog;bishop;1417416625534;2G;EDGE;1;250;1;770;541;-1;-59
;ServiceLog;bishop;1417416626550;2G;EDGE;1;250;1;770;541;-1;-59
;ServiceLog;bishop;1417416627622;2G;EDGE;1;250;1;770;541;-1;-59
;ServiceLog;bishop;1417416628653;2G;EDGE;1;250;1;770;541;-1;-61
;ServiceLog;bishop;1417416629669;2G;EDGE;1;250;1;770;541;-1;-61
;ServiceLog;bishop;1417416630695;2G;EDGE;1;250;1;770;541;-1;-61
;ServiceLog;bishop;1417416631727;2G;EDGE;1;250;1;770;541;-1;-61
;ServiceLog;bishop;1417416632772;2G;EDGE;1;250;1;770;541;-1;-63
;ServiceLog;bishop;1417416633799;2G;EDGE;1;250;1;770;541;-1;-63
;ServiceLog;bishop;1417416635122;2G;EDGE;1;250;1;770;541;-1;-65
;ServiceLog;bishop;1417416636141;2G;EDGE;1;250;1;770;541;-1;-65
;ServiceLog;bishop;1417416637155;2G;EDGE;1;250;1;770;541;-1;-65
;ServiceLog;bishop;1417416638165;2G;EDGE;1;250;1;770;541;-1;-67
;ServiceLog;bishop;1417416639177;2G;EDGE;1;250;1;770;541;-1;-67
;ServiceLog;bishop;1417416640195;2G;EDGE;1;250;1;770;541;-1;-71
;ServiceLog;bishop;1417416641212;2G;EDGE;1;250;1;770;541;-1;-71
;ServiceLog;bishop;1417416642227;2G;EDGE;1;250;1;770;541;-1;-73
;ServiceLog;bishop;1417416643258;2G;EDGE;1;250;1;770;541;-1;-73
;ServiceLog;bishop;1417416644274;2G;EDGE;1;250;1;770;541;-1;-77
;ServiceLog;bishop;1417416645292;2G;EDGE;1;250;1;770;541;-1;-77
;ServiceLog;bishop;1417416646328;2G;EDGE;1;250;1;770;541;-1;-77
;ServiceLog;bishop;1417416647349;2G;EDGE;1;250;1;770;541;-1;-77
;ServiceLog;bishop;1417416648384;2G;EDGE;1;250;1;770;541;-1;-79
;ServiceLog;bishop;1417416649417;2G;EDGE;1;250;1;770;541;-1;-77
;ServiceLog;bishop;1417416650432;2G;EDGE;1;250;1;770;541;-1;-77
;ServiceLog;bishop;1417416651458;2G;EDGE;1;250;1;770;541;-1;-77
;ServiceLog;bishop;1417416652485;2G;EDGE;1;250;1;770;541;-1;-77
;ServiceLog;bishop;1417416653521;2G;EDGE;1;250;1;770;541;-1;-77
;ServiceLog;bishop;1417416654561;2G;EDGE;1;250;1;770;541;-1;-77
;ServiceLog;bishop;1417416655593;2G;EDGE;1;250;1;770;541;-1;-77
;ServiceLog;bishop;1417416656630;2G;EDGE;1;250;1;770;541;-1;-77
;ServiceLog;bishop;1417416657647;2G;EDGE;1;250;1;770;541;-1;-77
;ServiceLog;bishop;1417416658682;2G;EDGE;1;250;1;770;541;-1;-77
;ServiceLog;bishop;1417416659718;2G;EDGE;1;250;1;770;541;-1;-77
;ServiceLog;bishop;1417416660739;2G;EDGE;1;250;1;770;541;-1;-77
;ServiceLog;bishop;1417416661755;2G;EDGE;1;250;1;770;541;-1;-77
;ServiceLog;bishop;1417416662779;2G;EDGE;1;250;1;770;541;-1;-79
;ServiceLog;bishop;1417416663811;2G;EDGE;1;250;1;770;541;-1;-79
;ServiceLog;bishop;1417416664850;2G;EDGE;1;250;1;770;541;-1;-81
;ServiceLog;bishop;1417416665866;2G;EDGE;1;250;1;770;541;-1;-81
;ServiceLog;bishop;1417416666919;2G;EDGE;1;250;1;770;541;-1;-81
;ServiceLog;bishop;1417416667948;2G;EDGE;1;250;1;770;541;-1;-81
;ServiceLog;bishop;1417416668983;2G;EDGE;1;250;1;770;541;-1;-81
;ServiceLog;bishop;1417416670023;2G;EDGE;1;250;1;770;541;-1;-79
;ServiceLog;bishop;1417416671041;2G;EDGE;1;250;1;770;541;-1;-79
;ServiceLog;bishop;1417416672065;2G;EDGE;1;250;1;770;541;-1;-79
;ServiceLog;bishop;1417416673101;2G;EDGE;1;250;1;770;541;-1;-79
;ServiceLog;bishop;1417416674120;2G;EDGE;1;250;1;770;541;-1;-79
;ServiceLog;bishop;1417416675162;2G;EDGE;1;250;1;770;541;-1;-79
;ServiceLog;bishop;1417416676178;2G;EDGE;1;250;1;770;541;-1;-79
;ServiceLog;bishop;1417416677198;2G;EDGE;1;250;1;770;541;-1;-79
;ServiceLog;bishop;1417416678218;2G;EDGE;1;250;1;770;541;-1;-79
;ServiceLog;bishop;1417416679237;2G;EDGE;1;250;1;770;541;-1;-79
;ServiceLog;bishop;1417416680274;2G;EDGE;1;250;1;770;541;-1;-79
;ServiceLog;bishop;1417416681305;2G;EDGE;1;250;1;770;541;-1;-79
;ServiceLog;bishop;1417416682336;2G;EDGE;1;250;1;770;541;-1;-79
;ServiceLog;bishop;1417416683363;2G;EDGE;1;250;1;770;541;-1;-79
;ServiceLog;bishop;1417416684389;2G;EDGE;1;250;1;770;541;-1;-79
;ServiceLog;bishop;1417416685407;2G;EDGE;1;250;1;770;541;-1;-79
;ServiceLog;bishop;1417416686434;2G;EDGE;1;250;1;770;541;-1;-79
;ServiceLog;bishop;1417416687460;2G;EDGE;1;250;1;770;541;-1;-79
;ServiceLog;bishop;1417416688488;2G;EDGE;1;250;1;770;541;-1;-79
;ServiceLog;bishop;1417416689514;2G;EDGE;1;250;1;770;541;-1;-79
;ServiceLog;bishop;1417416690546;2G;EDGE;1;250;1;770;541;-1;-79
;ServiceLog;bishop;1417416691575;2G;EDGE;1;250;1;770;541;-1;-79
;ServiceLog;bishop;1417416692598;2G;EDGE;1;250;1;770;541;-1;-79
;ServiceLog;bishop;1417416693619;2G;EDGE;1;250;1;770;541;-1;-79
;ServiceLog;bishop;1417416694648;2G;EDGE;1;250;1;770;541;-1;-79
;ServiceLog;bishop;1417416695682;2G;EDGE;1;250;1;770;541;-1;-79
;ServiceLog;bishop;1417416696704;2G;EDGE;1;250;1;770;541;-1;-79
;ServiceLog;bishop;1417416697726;2G;EDGE;1;250;1;770;541;-1;-79
;ServiceLog;bishop;1417416698741;2G;EDGE;1;250;1;770;541;-1;-79
;ServiceLog;bishop;1417416699763;2G;EDGE;1;250;1;770;541;-1;-79
;ServiceLog;bishop;1417416700798;2G;EDGE;1;250;1;770;541;-1;-79
;ServiceLog;bishop;1417416701819;2G;EDGE;1;250;1;770;541;-1;-79
;ServiceLog;bishop;1417416702835;2G;EDGE;1;250;1;770;541;-1;-79
;ServiceLog;bishop;1417416703850;2G;EDGE;1;250;1;770;541;-1;-79
;ServiceLog;bishop;1417416704865;2G;EDGE;1;250;1;770;541;-1;-79
;ServiceLog;bishop;1417416705881;2G;EDGE;1;250;1;770;541;-1;-79
;ServiceLog;bishop;1417416706898;2G;EDGE;1;250;1;770;541;-1;-79
;ServiceLog;bishop;1417416707913;2G;EDGE;1;250;1;770;541;-1;-79
;ServiceLog;bishop;1417416708930;2G;EDGE;1;250;1;770;541;-1;-79
;ServiceLog;bishop;1417416709946;2G;EDGE;1;250;1;770;541;-1;-79
;ServiceLog;bishop;1417416710976;2G;EDGE;1;250;1;770;541;-1;-79
;ServiceLog;bishop;1417416711990;2G;EDGE;1;250;1;770;541;-1;-79
;ServiceLog;bishop;1417416713004;2G;EDGE;1;250;1;770;541;-1;-79
;ServiceLog;bishop;1417416714024;2G;GPRS;1;250;2;7736;1030;-1;-79
;ServiceLog;bishop;1417416715758;2G;GPRS;1;250;2;7736;1030;-1;-79
;ServiceLog;bishop;1417416716803;2G;GPRS;1;250;2;7736;1030;-1;-79
;ServiceLog;bishop;1417416718083;2G;GPRS;1;250;2;7736;1030;-1;-79
;ServiceLog;bishop;1417416719100;2G;GPRS;1;250;2;7736;1030;-1;-79
;ServiceLog;bishop;1417416720131;2G;GPRS;1;250;2;7736;1030;-1;-77
;ServiceLog;bishop;1417416721147;2G;GPRS;1;250;2;7736;1030;-1;-77
;ServiceLog;bishop;1417416722173;2G;GPRS;1;250;2;7736;1030;-1;-75
;ServiceLog;bishop;1417416723372;2G;GPRS;1;250;2;7736;1030;-1;-71
;ServiceLog;bishop;1417416724408;2G;GPRS;1;250;2;7736;1030;-1;-65
;ServiceLog;bishop;1417416725427;2G;GPRS;1;250;2;7736;1030;-1;-65
;ServiceLog;bishop;1417416726458;2G;GPRS;1;250;2;7736;1030;-1;-61
;ServiceLog;bishop;1417416727475;2G;GPRS;1;250;2;7736;1030;-1;-57
;ServiceLog;bishop;1417416728716;2G;GPRS;1;250;2;7736;1030;-1;-55
;ServiceLog;bishop;1417416729732;2G;GPRS;1;250;2;7736;1030;-1;-55
;ServiceLog;bishop;1417416730762;2G;GPRS;1;250;2;7736;1030;-1;-55
;ServiceLog;bishop;1417416731791;2G;GPRS;1;250;2;7736;1030;-1;-55
;ServiceLog;bishop;1417416732829;2G;EDGE;1;250;1;770;542;-1;-55
;ServiceLog;bishop;1417416733863;2G;EDGE;1;250;1;770;542;-1;-55
;ServiceLog;bishop;1417416735256;2G;EDGE;1;250;1;770;542;-1;-55
;ServiceLog;bishop;1417416736271;2G;EDGE;1;250;1;770;542;-1;-55
;ServiceLog;bishop;1417416737285;2G;EDGE;1;250;1;770;542;-1;-55
;ServiceLog;bishop;1417416738300;2G;EDGE;1;250;1;770;542;-1;-55
;ServiceLog;bishop;1417416739320;2G;EDGE;1;250;1;770;542;-1;-55
;ServiceLog;bishop;1417416740349;2G;EDGE;1;250;1;770;542;-1;-55
;ServiceLog;bishop;1417416741377;2G;EDGE;1;250;1;770;542;-1;-55
;ServiceLog;bishop;1417416742412;2G;EDGE;1;250;1;770;542;-1;-59
;ServiceLog;bishop;1417416743448;2G;EDGE;1;250;1;770;542;-1;-65
;ServiceLog;bishop;1417416744465;2G;EDGE;1;250;1;770;542;-1;-65
;ServiceLog;bishop;1417416745496;2G;EDGE;1;250;1;770;542;-1;-71
;ServiceLog;bishop;1417416746520;2G;EDGE;1;250;1;770;542;-1;-71
;ServiceLog;bishop;1417416747554;2G;EDGE;1;250;1;770;542;-1;-77
;ServiceLog;bishop;1417416748582;2G;EDGE;1;250;1;770;542;-1;-77
;ServiceLog;bishop;1417416749617;2G;EDGE;1;250;1;770;542;-1;-83
;ServiceLog;bishop;1417416750638;2G;EDGE;1;250;1;770;542;-1;-83
;ServiceLog;bishop;1417416751662;2G;EDGE;1;250;1;770;542;-1;-83
;ServiceLog;bishop;1417416752688;2G;EDGE;1;250;1;770;542;-1;-83
;ServiceLog;bishop;1417416753705;2G;EDGE;1;250;1;770;542;-1;-83
;ServiceLog;bishop;1417416754735;2G;EDGE;1;250;1;770;542;-1;-83
;ServiceLog;bishop;1417416755778;2G;EDGE;1;250;1;770;542;-1;-83
;ServiceLog;bishop;1417416756806;2G;EDGE;1;250;1;770;542;-1;-83
;ServiceLog;bishop;1417416757824;2G;EDGE;1;250;1;770;542;-1;-83
;ServiceLog;bishop;1417416758845;2G;EDGE;1;250;1;770;542;-1;-83
;ServiceLog;bishop;1417416759863;2G;EDGE;1;250;1;770;542;-1;-83
;ServiceLog;bishop;1417416760906;2G;EDGE;1;250;1;770;542;-1;-83
;ServiceLog;bishop;1417416761930;2G;EDGE;1;250;1;770;542;-1;-83
;ServiceLog;bishop;1417416762946;2G;EDGE;1;250;1;770;542;-1;-83
;ServiceLog;bishop;1417416763974;2G;EDGE;1;250;1;770;542;-1;-83
;ServiceLog;bishop;1417416764992;2G;EDGE;1;250;1;770;542;-1;-81
;ServiceLog;bishop;1417416766026;2G;EDGE;1;250;1;770;542;-1;-79
;ServiceLog;bishop;1417416767046;2G;EDGE;1;250;1;770;542;-1;-79
;ServiceLog;bishop;1417416768060;2G;EDGE;1;250;1;770;542;-1;-75
;ServiceLog;bishop;1417416769078;2G;EDGE;1;250;1;770;542;-1;-75
;ServiceLog;bishop;1417416770106;2G;EDGE;1;250;1;770;542;-1;-73
;ServiceLog;bishop;1417416771127;2G;EDGE;1;250;1;770;542;-1;-73
;ServiceLog;bishop;1417416772153;2G;EDGE;1;250;1;770;542;-1;-73
;ServiceLog;bishop;1417416773170;2G;EDGE;1;250;1;770;542;-1;-73
;ServiceLog;bishop;1417416774200;2G;EDGE;1;250;1;770;542;-1;-73
;ServiceLog;bishop;1417416775829;2G;EDGE;1;250;1;770;542;-1;-73
;ServiceLog;bishop;1417416776847;2G;EDGE;1;250;1;770;542;-1;-73
;ServiceLog;bishop;1417416777860;2G;EDGE;1;250;1;770;542;-1;-73
;ServiceLog;bishop;1417416778893;2G;EDGE;1;250;1;770;542;-1;-73
;ServiceLog;bishop;1417416779907;2G;EDGE;1;250;1;770;542;-1;-73
;ServiceLog;bishop;1417416780924;2G;EDGE;1;250;1;770;542;-1;-73
;ServiceLog;bishop;1417416781939;2G;EDGE;1;250;1;770;542;-1;-73
;ServiceLog;bishop;1417416782959;2G;EDGE;1;250;1;770;542;-1;-73
;ServiceLog;bishop;1417416783986;2G;EDGE;1;250;1;770;542;-1;-73
;ServiceLog;bishop;1417416785012;2G;EDGE;1;250;1;770;542;-1;-73
;ServiceLog;bishop;1417416786038;2G;EDGE;1;250;1;770;542;-1;-73
;ServiceLog;bishop;1417416787066;2G;EDGE;1;250;1;770;542;-1;-73
;ServiceLog;bishop;1417416788082;2G;EDGE;1;250;1;770;542;-1;-73
;ServiceLog;bishop;1417416789107;2G;EDGE;1;250;1;770;542;-1;-73
;ServiceLog;bishop;1417416790135;2G;EDGE;1;250;1;770;542;-1;-73
;ServiceLog;bishop;1417416791173;2G;EDGE;1;250;1;770;542;-1;-73
;ServiceLog;bishop;1417416792189;2G;EDGE;1;250;1;770;542;-1;-73
;ServiceLog;bishop;1417416793219;2G;EDGE;1;250;1;770;542;-1;-73
;ServiceLog;bishop;1417416794247;2G;EDGE;1;250;1;770;542;-1;-73
;ServiceLog;bishop;1417416795272;2G;EDGE;1;250;1;770;542;-1;-73
;ServiceLog;bishop;1417416796298;2G;EDGE;1;250;1;770;542;-1;-73
;ServiceLog;bishop;1417416797332;2G;EDGE;1;250;1;770;542;-1;-73
;ServiceLog;bishop;1417416798561;2G;EDGE;1;250;1;770;542;-1;-73
;ServiceLog;bishop;1417416799583;2G;EDGE;1;250;1;770;542;-1;-73
;ServiceLog;bishop;1417416800612;2G;EDGE;1;250;1;770;542;-1;-73
;ServiceLog;bishop;1417416801651;2G;EDGE;1;250;1;770;542;-1;-73
;ServiceLog;bishop;1417416802668;2G;EDGE;1;250;1;770;542;-1;-73
;ServiceLog;bishop;1417416803695;2G;GPRS;1;250;99;26802;49577;-1;-71
;ServiceLog;bishop;1417416804724;2G;GPRS;1;250;99;26802;49577;-1;-71
;ServiceLog;bishop;1417416805754;2G;GPRS;1;250;99;26802;49577;-1;-71
;ServiceLog;bishop;1417416806779;2G;GPRS;1;250;99;26802;49577;-1;-71
;ServiceLog;bishop;1417416807836;2G;GPRS;1;250;99;26802;49577;-1;-71
;ServiceLog;bishop;1417416808855;2G;GPRS;1;250;99;26802;49577;-1;-71
;ServiceLog;bishop;1417416809874;2G;GPRS;1;250;99;26802;49577;-1;-67
;ServiceLog;bishop;1417416810891;2G;GPRS;1;250;99;26802;49577;-1;-67
;ServiceLog;bishop;1417416811920;2G;GPRS;1;250;99;26802;49577;-1;-67
;ServiceLog;bishop;1417416812955;2G;GPRS;1;250;99;26802;49577;-1;-67
;ServiceLog;bishop;1417416813980;2G;GPRS;1;250;99;26802;49577;-1;-65
;ServiceLog;bishop;1417416815000;2G;GPRS;1;250;99;26802;49577;-1;-65
;ServiceLog;bishop;1417416816018;2G;GPRS;1;250;99;26802;49577;-1;-65
;ServiceLog;bishop;1417416817033;2G;GPRS;1;250;99;26802;49577;-1;-65
;ServiceLog;bishop;1417416818400;2G;GPRS;1;250;99;26802;49577;-1;-65
;ServiceLog;bishop;1417416819415;2G;GPRS;1;250;99;26802;49577;-1;-65
;ServiceLog;bishop;1417416820426;2G;GPRS;1;250;99;26802;49577;-1;-67
;ServiceLog;bishop;1417416821446;2G;GPRS;1;250;99;26802;49577;-1;-67
;ServiceLog;bishop;1417416822478;2G;GPRS;1;250;99;26802;49577;-1;-69
;ServiceLog;bishop;1417416823501;2G;GPRS;1;250;99;26802;49577;-1;-69
;ServiceLog;bishop;1417416824518;2G;GPRS;1;250;99;26802;49577;-1;-69
;ServiceLog;bishop;1417416825540;2G;GPRS;1;250;99;26802;49577;-1;-69
;ServiceLog;bishop;1417416826569;2G;GPRS;1;250;99;26802;49577;-1;-69
;ServiceLog;bishop;1417416827585;2G;GPRS;1;250;99;26802;49577;-1;-69
;ServiceLog;bishop;1417416828603;2G;GPRS;1;250;99;26802;49577;-1;-69
;ServiceLog;bishop;1417416829628;2G;GPRS;1;250;99;26802;49577;-1;-67
;ServiceLog;bishop;1417416830650;2G;GPRS;1;250;99;26802;49577;-1;-67
;ServiceLog;bishop;1417416831677;2G;GPRS;1;250;99;26802;49577;-1;-67
;ServiceLog;bishop;1417416832705;2G;EDGE;1;250;1;770;543;-1;-67
;ServiceLog;bishop;1417416833734;2G;EDGE;1;250;1;770;543;-1;-67
;ServiceLog;bishop;1417416834761;2G;EDGE;1;250;1;770;543;-1;-67
;ServiceLog;bishop;1417416835792;2G;EDGE;1;250;1;770;543;-1;-67
;ServiceLog;bishop;1417416836806;2G;EDGE;1;250;1;770;543;-1;-67
;ServiceLog;bishop;1417416837835;2G;EDGE;1;250;1;770;543;-1;-67
;ServiceLog;bishop;1417416838865;2G;EDGE;1;250;1;770;543;-1;-67
;ServiceLog;bishop;1417416839881;2G;EDGE;1;250;1;770;543;-1;-67
;ServiceLog;bishop;1417416840933;2G;EDGE;1;250;1;770;543;-1;-67
;ServiceLog;bishop;1417416841951;2G;EDGE;1;250;1;770;543;-1;-67
;ServiceLog;bishop;1417416842980;2G;EDGE;1;250;1;770;543;-1;-67
;ServiceLog;bishop;1417416844054;2G;EDGE;1;250;1;770;543;-1;-67
;ServiceLog;bishop;1417416845073;2G;EDGE;1;250;1;770;543;-1;-67
;ServiceLog;bishop;1417416846198;2G;EDGE;1;250;1;770;543;-1;-67
;ServiceLog;bishop;1417416847239;2G;EDGE;1;250;1;770;543;-1;-67
;ServiceLog;bishop;1417416848287;2G;EDGE;1;250;1;770;543;-1;-67
;ServiceLog;bishop;1417416849302;2G;EDGE;1;250;1;770;543;-1;-69
;ServiceLog;bishop;1417416850312;2G;EDGE;1;250;1;770;543;-1;-69
;ServiceLog;bishop;1417416851327;2G;EDGE;1;250;1;770;543;-1;-69
;ServiceLog;bishop;1417416852630;2G;EDGE;1;250;1;770;543;-1;-71
;ServiceLog;bishop;1417416853666;2G;EDGE;1;250;1;770;543;-1;-71
;ServiceLog;bishop;1417416854687;2G;EDGE;1;250;1;770;543;-1;-71
;ServiceLog;bishop;1417416855706;2G;EDGE;1;250;1;770;543;-1;-71
;ServiceLog;bishop;1417416856729;2G;EDGE;1;250;1;770;543;-1;-71
;ServiceLog;bishop;1417416857838;2G;EDGE;1;250;1;770;543;-1;-71
;ServiceLog;bishop;1417416858855;2G;EDGE;1;250;1;770;543;-1;-69
;ServiceLog;bishop;1417416859887;2G;EDGE;1;250;1;770;543;-1;-69
