ID;Name;User;TimeStamp;NetworkGen;NetworkType;Active;MCC;MNC;LAC;CID;PSC;RSSI
1093;Новоясеневская 3;bishop;1417415787966;2G;EDGE;1;250;1;770;561;-1;-69
1094;Новоясеневская 4;bishop;1417415800584;2G;EDGE;1;250;1;770;561;-1;-67
1081;Ясенево 1;bishop;1417415888985;2G;EDGE;1;250;1;770;561;-1;-73
1082;Ясенево 2;bishop;1417415907198;2G;EDGE;1;250;1;770;561;-1;-63
1083;Ясенево 3;bishop;1417415925411;2G;EDGE;1;250;1;770;561;-1;-65
1084;Ясенево 4;bishop;1417415937652;2G;EDGE;1;250;1;770;561;-1;-67
1071;Теплый Стан 1;bishop;1417416065990;2G;GPRS;1;250;99;26802;49596;-1;-65
1072;Теплый Стан 2;bishop;1417416083913;2G;EDGE;1;250;1;770;561;-1;-67
1073;Теплый Стан 3;bishop;1417416103760;2G;EDGE;1;250;1;770;561;-1;-71
1074;Теплый Стан 4;bishop;1417416116507;2G;EDGE;1;250;1;770;561;-1;-67
1061;Коньково 1;bishop;1417416211492;2G;GPRS;1;250;99;26802;49595;-1;-61
1062;Коньково 2;bishop;1417416227663;2G;GPRS;1;250;99;26802;49587;-1;-77
1063;Коньково 3;bishop;1417416243559;2G;EDGE;1;250;1;770;562;-1;-75
1064;Коньково 4;bishop;1417416256444;2G;EDGE;1;250;1;770;562;-1;-67
1051;Беляево 1;bishop;1417416313554;2G;EDGE;1;250;1;770;563;-1;-71
1052;Беляево 2;bishop;1417416330203;2G;EDGE;1;250;1;770;563;-1;-77
1053;Беляево 3;bishop;1417416347151;2G;EDGE;1;250;1;770;563;-1;-83
1054;Беляево 4;bishop;1417416360331;2G;EDGE;1;250;1;770;563;-1;-79
1041;Калужская 1;bishop;1417416483074;2G;EDGE;1;250;1;770;563;-1;-69
1042;Калужская 2;bishop;1417416498488;2G;EDGE;1;250;1;770;563;-1;-71
1043;Калужская 3;bishop;1417416523660;2G;EDGE;1;250;1;770;563;-1;-73
1044;Калужская 4;bishop;1417416535667;2G;EDGE;1;250;1;770;563;-1;-71
1031;Новые Черемушки 1;bishop;1417416621206;2G;EDGE;1;250;1;770;541;-1;-59
1032;Новые Черемушки 2;bishop;1417416638073;2G;EDGE;1;250;1;770;541;-1;-67
1033;Новые Черемушки 3;bishop;1417416657181;2G;EDGE;1;250;1;770;541;-1;-77
1034;Новые Черемушки 4;bishop;1417416669593;2G;EDGE;1;250;1;770;541;-1;-81
1021;Профсоюзная 1;bishop;1417416721658;2G;GPRS;1;250;2;7736;1030;-1;-77
1022;Профсоюзная 2;bishop;1417416737059;2G;EDGE;1;250;1;770;542;-1;-55
1023;Профсоюзная 3;bishop;1417416754882;2G;EDGE;1;250;1;770;542;-1;-83
1024;Профсоюзная 4;bishop;1417416767562;2G;EDGE;1;250;1;770;542;-1;-79
1011;Академическая 1;bishop;1417416833538;2G;EDGE;1;250;1;770;543;-1;-67
1012;Академическая 2;bishop;1417416851162;2G;EDGE;1;250;1;770;543;-1;-69
