ID;Name;User;TimeStamp;NetworkGen;NetworkType;Active;MCC;MNC;LAC;CID;PSC;Power
2103;Кунцевская (АПК) 3;md;1422858857275;3G;UMTS;1;250;1;821;501359;-1;-95
2104;Кунцевская (АПК) 4;md;1422858871154;3G;UMTS;1;250;1;821;513420;-1;-75
2161;Славянский бульвар 1;md;1422858966003;unknown;unknown;1;-1;-1;-1;-1;-1;-1
2162;Славянский бульвар 2;md;1422858977320;2G;EDGE;1;250;1;660;11971;-1;-75
2163;Славянский бульвар 3;md;1422859012019;2G;EDGE;1;250;1;660;11971;-1;-81
2164;Славянский бульвар 4;md;1422859026909;2G;EDGE;1;250;1;660;11971;-1;-87
1651;Парк Победы (АПК) 1;md;1422859194494;unknown;unknown;1;-1;-1;-1;-1;-1;-1
1652;Парк Победы (АПК) 2;md;1422859209742;unknown;unknown;1;-1;-1;-1;-1;-1;-1
1653;Парк Победы (АПК) 3;md;1422859239703;unknown;unknown;1;-1;-1;-1;-1;-1;-1
1654;Парк Победы (АПК) 4;md;1422859253514;unknown;unknown;1;-1;-1;-1;-1;-1;-1
421;Киевская (АПК) 1;md;1422859415217;unknown;unknown;1;-1;-1;-1;-1;-1;-1
422;Киевская (АПК) 2;md;1422859427796;unknown;unknown;1;-1;-1;-1;-1;-1;-1
773;Киевская (КЛЦ) 3;md;1422859692874;unknown;unknown;1;-1;-1;-1;-1;-1;-1
774;Киевская (КЛЦ) 4;md;1422859704582;3G;UMTS;1;250;1;660;6926932;-1;-83
761;Парк культуры (КЛЦ) 1;md;1422859810547;3G;UMTS;1;250;1;660;6944757;-1;-71
762;Парк культуры (КЛЦ) 2;md;1422859824074;3G;UMTS;1;250;1;660;6944757;-1;-77
133;Парк культуры (СКЛ) 3;md;1422860093978;2G;EDGE;1;250;1;660;352;-1;-93
134;Парк культуры (СКЛ) 4;md;1422860105856;2G;EDGE;1;250;1;660;352;-1;-97
141;Фрунзенская 1;md;1422860198892;unknown;unknown;1;-1;-1;-1;-1;-1;-1
142;Фрунзенская 2;md;1422860213885;unknown;unknown;1;-1;-1;-1;-1;-1;-1
143;Фрунзенская 3;md;1422860232809;2G;EDGE;1;250;1;660;462;-1;-71
144;Фрунзенская 4;md;1422860244712;2G;EDGE;1;250;1;660;462;-1;-79
151;Спортивная 1;md;1422860297781;unknown;unknown;1;-1;-1;-1;-1;-1;-1
152;Спортивная 2;md;1422860313404;unknown;unknown;1;-1;-1;-1;-1;-1;-1
153;Спортивная 3;md;1422860325932;2G;EDGE;1;250;1;660;462;-1;0
154;Спортивная 4;md;1422860337140;2G;EDGE;1;250;1;660;462;-1;-69
161;Воробьёвы горы 1;md;1422860456907;unknown;unknown;1;-1;-1;-1;-1;-1;-1
162;Воробьёвы горы 2;md;1422860475711;2G;EDGE;1;250;1;6360;10215;-1;-73
163;Воробьёвы горы 3;md;1422860486805;2G;EDGE;1;250;1;6360;10215;-1;-77
164;Воробьёвы горы 4;md;1422860500935;2G;EDGE;1;250;1;6360;10215;-1;-67
171;Университет 1;md;1422860662082;unknown;unknown;1;-1;-1;-1;-1;-1;-1
172;Университет 2;md;1422860679935;2G;EDGE;1;250;1;660;461;-1;-63
173;Университет 3;md;1422860695184;2G;EDGE;1;250;1;660;461;-1;-65
174;Университет 4;md;1422860705916;3G;UMTS;1;250;1;660;6925157;-1;-81
181;Проспект Вернадского 1;md;1422860848595;unknown;unknown;1;-1;-1;-1;-1;-1;-1
182;Проспект Вернадского 2;md;1422860864984;unknown;unknown;1;-1;-1;-1;-1;-1;-1
183;Проспект Вернадского 3;md;1422860882964;unknown;unknown;1;-1;-1;-1;-1;-1;-1
184;Проспект Вернадского 4;md;1422860894319;unknown;unknown;1;-1;-1;-1;-1;-1;-1
191;Юго-Западная 1;md;1422861026067;unknown;unknown;1;-1;-1;-1;-1;-1;-1
192;Юго-Западная 2;md;1422861046598;unknown;unknown;1;-1;-1;-1;-1;-1;-1
193;Юго-Западная 3;md;1422861065992;2G;EDGE;1;250;1;660;461;-1;-91
194;Юго-Западная 4;md;1422861077177;2G;EDGE;1;250;1;660;461;-1;-89
2351;Тропарёво 1;md;1422861251746;3G;UMTS;1;250;1;660;6932090;-1;-97
2352;Тропарёво 2;md;1422861269069;3G;UMTS;1;250;1;660;6931680;-1;-85
