ID;Name;User;TimeStamp;NetworkGen;NetworkType;Active;MCC;MNC;LAC;CID;PSC;Power
11;Бульвар Рокоссовского 1;yellow;1424849339955;3G;UMTS;1;250;1;660;6889987;-1;-109
11;Бульвар Рокоссовского 1;yellow;1424849339955;3G;UMTS;250-1-660-6889987;250;1;-1;-1;235;0
13;Бульвар Рокоссовского 3;yellow;1424849362829;3G;UMTS;1;250;1;660;6889987;-1;-109
13;Бульвар Рокоссовского 3;yellow;1424849362829;3G;UMTS;250-1-660-6889987;250;1;-1;-1;235;0
14;Бульвар Рокоссовского 4;yellow;1424849373979;3G;UMTS;1;250;1;660;6889987;-1;-109
14;Бульвар Рокоссовского 4;yellow;1424849373979;3G;UMTS;250-1-660-6889987;250;1;-1;-1;235;0
21;Черкизовская 1;yellow;1424849470613;3G;UMTS;1;250;1;660;6889987;-1;-97
21;Черкизовская 1;yellow;1424849470613;3G;UMTS;250-1-660-6889987;250;1;-1;-1;234;8
21;Черкизовская 1;yellow;1424849470613;3G;UMTS;250-1-660-6889987;250;1;-1;-1;234;4
22;Черкизовская 2;yellow;1424849487255;3G;UMTS;1;250;1;660;6929814;-1;-85
22;Черкизовская 2;yellow;1424849487255;3G;UMTS;250-1-660-6929814;250;1;-1;-1;234;8
22;Черкизовская 2;yellow;1424849487255;3G;UMTS;250-1-660-6929814;250;1;-1;-1;234;4
23;Черкизовская 3;yellow;1424849563056;3G;UMTS;1;250;1;660;6929814;-1;-85
23;Черкизовская 3;yellow;1424849563056;3G;UMTS;250-1-660-6929814;250;1;-1;-1;234;8
23;Черкизовская 3;yellow;1424849563056;3G;UMTS;250-1-660-6929814;250;1;-1;-1;234;4
24;Черкизовская 4;yellow;1424849576295;3G;UMTS;1;250;1;660;6929814;-1;-59
24;Черкизовская 4;yellow;1424849576295;3G;UMTS;250-1-660-6929814;250;1;-1;-1;234;8
24;Черкизовская 4;yellow;1424849576295;3G;UMTS;250-1-660-6929814;250;1;-1;-1;234;4
31;Преображенская площадь 1;yellow;1424849762754;3G;UMTS;1;250;1;660;6929815;-1;-85
31;Преображенская площадь 1;yellow;1424849762754;3G;UMTS;250-1-660-6929815;250;1;-1;-1;236;33
32;Преображенская площадь 2;yellow;1424849779053;3G;UMTS;1;250;1;660;6929815;-1;-85
32;Преображенская площадь 2;yellow;1424849779053;3G;UMTS;250-1-660-6929815;250;1;-1;-1;236;29
33;Преображенская площадь 3;yellow;1424849797350;3G;UMTS;1;250;1;660;6929815;-1;-91
33;Преображенская площадь 3;yellow;1424849797350;3G;UMTS;250-1-660-6929815;250;1;-1;-1;236;25
34;Преображенская площадь 4;yellow;1424849808311;3G;UMTS;1;250;1;660;6929815;-1;-85
34;Преображенская площадь 4;yellow;1424849808311;3G;UMTS;250-1-660-6929815;250;1;-1;-1;236;30
41;Сокольники 1;yellow;1424849956218;3G;UMTS;1;250;1;660;6929900;-1;-85
41;Сокольники 1;yellow;1424849956218;3G;UMTS;250-1-660-6929900;250;1;-1;-1;238;28
42;Сокольники 2;yellow;1424849971612;3G;UMTS;1;250;1;660;6929900;-1;-91
42;Сокольники 2;yellow;1424849971612;3G;UMTS;250-1-660-6929900;250;1;-1;-1;238;11
43;Сокольники 3;yellow;1424849989512;3G;UMTS;1;250;1;660;6929900;-1;-91
43;Сокольники 3;yellow;1424849989512;3G;UMTS;250-1-660-6929900;250;1;-1;-1;238;17
43;Сокольники 3;yellow;1424849989512;3G;UMTS;250-1-660-6929900;250;1;-1;-1;238;15
44;Сокольники 4;yellow;1424850000922;3G;UMTS;1;250;1;660;6929900;-1;-91
44;Сокольники 4;yellow;1424850000922;3G;UMTS;250-1-660-6929900;250;1;-1;-1;238;24
51;Красносельская 1;yellow;1424850067197;3G;UMTS;1;250;1;660;6929900;-1;-109
51;Красносельская 1;yellow;1424850067197;3G;UMTS;250-1-660-6929900;250;1;-1;-1;238;7
51;Красносельская 1;yellow;1424850067197;3G;UMTS;250-1-660-6929900;250;1;-1;-1;239;7
51;Красносельская 1;yellow;1424850067197;3G;UMTS;250-1-660-6929900;250;1;-1;-1;238;1
52;Красносельская 2;yellow;1424850083413;3G;UMTS;1;250;1;660;6929880;-1;-85
52;Красносельская 2;yellow;1424850083413;3G;UMTS;250-1-660-6929880;250;1;-1;-1;239;26
52;Красносельская 2;yellow;1424850083413;3G;UMTS;250-1-660-6929880;250;1;-1;-1;238;3
53;Красносельская 3;yellow;1424850101265;3G;UMTS;1;250;1;660;6929880;-1;-85
53;Красносельская 3;yellow;1424850101265;3G;UMTS;250-1-660-6929880;250;1;-1;-1;239;31
54;Красносельская 4;yellow;1424850113995;3G;UMTS;1;250;1;660;6929880;-1;-91
54;Красносельская 4;yellow;1424850113995;3G;UMTS;250-1-660-6929880;250;1;-1;-1;239;23
61;Комсомольская (СКЛ) 1;yellow;1424850164185;3G;UMTS;1;250;1;660;6929880;-1;-59
61;Комсомольская (СКЛ) 1;yellow;1424850164185;3G;UMTS;250-1-660-6929880;250;1;-1;-1;224;41
62;Комсомольская (СКЛ) 2;yellow;1424850184641;3G;UMTS;1;250;1;660;6929880;-1;-91
62;Комсомольская (СКЛ) 2;yellow;1424850184641;3G;UMTS;250-1-660-6929880;250;1;-1;-1;224;14
63;Комсомольская (СКЛ) 3;yellow;1424850206055;3G;UMTS;1;250;1;660;6929880;-1;-91
63;Комсомольская (СКЛ) 3;yellow;1424850206055;3G;UMTS;250-1-660-6929880;250;1;-1;-1;224;17
64;Комсомольская (СКЛ) 4;yellow;1424850217152;3G;UMTS;1;250;1;660;6929880;-1;-91
64;Комсомольская (СКЛ) 4;yellow;1424850217152;3G;UMTS;250-1-660-6929880;250;1;-1;-1;224;19
71;Красные ворота 1;yellow;1424850269777;3G;UMTS;1;250;1;660;6890007;-1;-85
71;Красные ворота 1;yellow;1424850269777;3G;UMTS;250-1-660-6890007;250;1;-1;-1;261;36
72;Красные ворота 2;yellow;1424850283356;3G;UMTS;1;250;1;660;6890007;-1;-91
72;Красные ворота 2;yellow;1424850283356;3G;UMTS;250-1-660-6890007;250;1;-1;-1;261;24
73;Красные ворота 3;yellow;1424850301653;3G;UMTS;1;250;1;660;6890007;-1;-91
73;Красные ворота 3;yellow;1424850301653;3G;UMTS;250-1-660-6890007;250;1;-1;-1;261;24
74;Красные ворота 4;yellow;1424850312591;3G;UMTS;1;250;1;660;6890007;-1;-91
74;Красные ворота 4;yellow;1424850312591;3G;UMTS;250-1-660-6890007;250;1;-1;-1;261;21
81;Чистые пруды 1;yellow;1424850354022;3G;UMTS;1;250;1;660;6890007;-1;-91
81;Чистые пруды 1;yellow;1424850354022;3G;UMTS;250-1-660-6890007;250;1;-1;-1;261;13
82;Чистые пруды 2;yellow;1424850368543;3G;UMTS;1;250;1;660;6890007;-1;-91
82;Чистые пруды 2;yellow;1424850368543;3G;UMTS;250-1-660-6890007;250;1;-1;-1;262;12
82;Чистые пруды 2;yellow;1424850368543;3G;UMTS;250-1-660-6890007;250;1;-1;-1;261;0
