ID;Name;User;TimeStamp;DateTime;Type;Accel_X;Accel_Y;Accel_Z;Azimuth;Pitch;Roll;Magnetic_X;Magnetic_Y;Magnetic_Z;Gyro_X;Gyro_Y;Gyro_Z;GPS_Lat;GPS_Lon;GPS_Alt;GPS_Accuracy;GPS_Speed;GPS_Bearing;Audio
333;Горьковская 3;natalie;1445534659508;22.10.2015 20:24:19;Raw;-1.321;2.001;10.649;237.84375;-11.546875;7.0625;48.06;-35.58;32.04;NaN;NaN;NaN;NaN;NaN;NaN;NaN;NaN;NaN;77
334;Горьковская 4;natalie;1445534670341;22.10.2015 20:24:30;Raw;-0.976;1.599;9.174;217.75;-9.328125;6.8125;53.28;-61.5;-0.48;NaN;NaN;NaN;NaN;NaN;NaN;NaN;NaN;NaN;90
341;Петроградская 1;natalie;1445534760677;22.10.2015 20:26:00;Raw;-2.106;3.371;10.18;329.48438;-16.28125;7.609375;7.62;74.46;103.68;NaN;NaN;NaN;NaN;NaN;NaN;NaN;NaN;NaN;90
342;Петроградская 2;natalie;1445534770752;22.10.2015 20:26:10;Raw;-2.403;1.81;9.538;353.35938;-11.953125;16.046875;-15.6;116.7;91.74;NaN;NaN;NaN;NaN;NaN;NaN;NaN;NaN;NaN;82
343;Петроградская 3;natalie;1445534800001;22.10.2015 20:26:40;Raw;-1.79;1.743;9.251;0.21875;-14.453125;5.015625;-2.82;114.36;-39.18;NaN;NaN;NaN;NaN;NaN;NaN;NaN;NaN;NaN;79
344;Петроградская 4;natalie;1445534811553;22.10.2015 20:26:51;Raw;-2.537;1.608;8.332;348.79688;-11.296875;12.859375;-19.08;72.72;96.42;NaN;NaN;NaN;NaN;NaN;NaN;NaN;NaN;NaN;88
351;Чёрная речка 1;natalie;1445534968251;22.10.2015 20:29:28;Raw;-3.189;2.451;9.155;287.65625;-11.75;20.25;11.58;28.56;86.22;NaN;NaN;NaN;NaN;NaN;NaN;NaN;NaN;NaN;89
352;Чёрная речка 2;natalie;1445534980094;22.10.2015 20:29:40;Raw;-2.988;1.781;8.734;231.6875;-13.78125;18.421875;21.48;-21.06;59.28;NaN;NaN;NaN;NaN;NaN;NaN;NaN;NaN;NaN;88
353;Чёрная речка 3;natalie;1445535008558;22.10.2015 20:30:08;Raw;-0.651;2.576;9.577;171.84375;-15.078125;3.609375;-5.88;-33.48;-4.92;NaN;NaN;NaN;NaN;NaN;NaN;NaN;NaN;NaN;81
354;Чёрная речка 4;natalie;1445535022358;22.10.2015 20:30:22;Raw;-2.375;2.777;9.625;243.90625;-15.453125;14.125;11.52;2.7;45.84;NaN;NaN;NaN;NaN;NaN;NaN;NaN;NaN;NaN;90
361;Пионерская 1;natalie;1445535129414;22.10.2015 20:32:09;Raw;0.019;3.964;8.265;308.20313;-34.015625;1.09375;21.36;52.56;54.48;NaN;NaN;NaN;NaN;NaN;NaN;NaN;NaN;NaN;89
362;Пионерская 2;natalie;1445535143625;22.10.2015 20:32:23;Raw;-0.517;3.486;9.146;155.25;-24.953125;4.390625;-15.78;-69.9;-42.54;NaN;NaN;NaN;NaN;NaN;NaN;NaN;NaN;NaN;86
363;Пионерская 3;natalie;1445535167586;22.10.2015 20:32:47;Raw;-2.298;4.836;7.422;141.375;-30.421875;16.859375;-22.38;-59.4;-18.6;NaN;NaN;NaN;NaN;NaN;NaN;NaN;NaN;NaN;79
364;Пионерская 4;natalie;1445535187224;22.10.2015 20:33:07;Raw;-3.045;5.554;7.585;256.79688;-38.0;15.78125;39.84;-27.78;-21.66;NaN;NaN;NaN;NaN;NaN;NaN;NaN;NaN;NaN;90
371;Удельная 1;natalie;1445535288091;22.10.2015 20:34:48;Raw;-5.353;5.688;7.843;58.5625;-35.65625;26.3125;-27.06;13.62;-11.88;NaN;NaN;NaN;NaN;NaN;NaN;NaN;NaN;NaN;90
372;Удельная 2;natalie;1445535301545;22.10.2015 20:35:01;Raw;-3.189;4.635;0.038;16.859375;-36.375;22.796875;-3.6;18.0;-16.26;NaN;NaN;NaN;NaN;NaN;NaN;NaN;NaN;NaN;83
373;Удельная 3;natalie;1445535326044;22.10.2015 20:35:26;Raw;-2.193;4.348;8.801;327.25;-22.109375;21.125;5.52;12.48;9.18;NaN;NaN;NaN;NaN;NaN;NaN;NaN;NaN;NaN;87
374;Удельная 4;natalie;1445535337754;22.10.2015 20:35:37;Raw;-3.888;3.773;10.554;202.21875;-22.75;22.90625;-3.12;-39.0;68.28;NaN;NaN;NaN;NaN;NaN;NaN;NaN;NaN;NaN;90
381;Озерки 1;natalie;1445535455833;22.10.2015 20:37:35;Raw;-2.729;5.104;9.127;92.59375;-27.484375;16.09375;-8.82;-18.18;-37.56;NaN;NaN;NaN;NaN;NaN;NaN;NaN;NaN;NaN;90
382;Озерки 2;natalie;1445535465674;22.10.2015 20:37:45;Raw;-2.365;4.127;8.619;46.546875;-25.515625;12.0625;-7.2;-2.22;-45.96;NaN;NaN;NaN;NaN;NaN;NaN;NaN;NaN;NaN;87
383;Озерки 3;natalie;1445535490157;22.10.2015 20:38:10;Raw;-2.672;3.869;9.002;250.64063;-20.3125;13.375;25.02;-8.88;-3.9;NaN;NaN;NaN;NaN;NaN;NaN;NaN;NaN;NaN;86
384;Озерки 4;natalie;1445535501214;22.10.2015 20:38:21;Raw;-3.217;3.639;7.355;250.65625;-22.6875;19.6875;52.62;-24.66;-8.82;NaN;NaN;NaN;NaN;NaN;NaN;NaN;NaN;NaN;89
391;Проспект Просвещения 1;natalie;1445535680882;22.10.2015 20:41:20;Raw;-3.639;4.405;6.359;30.375;-29.609375;20.375;-15.36;31.2;-5.1;NaN;NaN;NaN;NaN;NaN;NaN;NaN;NaN;NaN;90
392;Проспект Просвещения 2;natalie;1445535703599;22.10.2015 20:41:43;Raw;-3.639;4.156;7.757;161.35938;-26.703125;17.890625;8.46;-26.04;-28.56;NaN;NaN;NaN;NaN;NaN;NaN;NaN;NaN;NaN;89
393;Проспект Просвещения 3;natalie;1445535767488;22.10.2015 20:42:47;Raw;-2.106;4.166;8.37;233.78125;-23.328125;11.515625;40.2;-32.88;-18.6;NaN;NaN;NaN;NaN;NaN;NaN;NaN;NaN;NaN;89
394;Проспект Просвещения 4;natalie;1445535778722;22.10.2015 20:42:58;Raw;-3.074;3.859;7.048;231.1875;-24.296875;17.171875;67.98;-55.5;-3.18;NaN;NaN;NaN;NaN;NaN;NaN;NaN;NaN;NaN;90
401;Парнас 1;natalie;1445535955894;22.10.2015 20:45:55;Raw;-5.803;2.336;7.546;151.75;-14.296875;40.828125;127.98;-141.36;-192.06;NaN;NaN;NaN;NaN;NaN;NaN;NaN;NaN;NaN;84
402;Парнас 2;natalie;1445535972954;22.10.2015 20:46:12;Raw;-4.951;2.978;8.763;54.125;-16.015625;33.53125;55.98;-23.94;-136.08;NaN;NaN;NaN;NaN;NaN;NaN;NaN;NaN;NaN;90
403;Парнас 3;natalie;1445536128942;22.10.2015 20:48:48;Raw;-1.216;7.996;5.698;334.6875;-37.34375;3.640625;39.42;-36.06;-135.42;NaN;NaN;NaN;NaN;NaN;NaN;NaN;NaN;NaN;83
404;Парнас 4;natalie;1445536136532;22.10.2015 20:48:56;Raw;1.158;6.426;7.202;334.6875;-37.34375;3.640625;39.42;-36.06;-135.42;NaN;NaN;NaN;NaN;NaN;NaN;NaN;NaN;NaN;90
391;Проспект Просвещения 1;natalie;1445536292080;22.10.2015 20:51:32;Raw;1.561;7.182;5.181;334.6875;-37.34375;3.640625;39.42;-36.06;-135.42;NaN;NaN;NaN;NaN;NaN;NaN;NaN;NaN;NaN;90
392;Проспект Просвещения 2;natalie;1445536302894;22.10.2015 20:51:42;Raw;0.727;6.502;6.953;334.6875;-37.34375;3.640625;39.42;-36.06;-135.42;NaN;NaN;NaN;NaN;NaN;NaN;NaN;NaN;NaN;80
393;Проспект Просвещения 3;natalie;1445536321062;22.10.2015 20:52:01;Raw;0.076;6.177;6.349;NaN;NaN;NaN;NaN;NaN;NaN;NaN;NaN;NaN;NaN;NaN;NaN;NaN;NaN;NaN;71
394;Проспект Просвещения 4;natalie;1445536331915;22.10.2015 20:52:11;Raw;1.149;6.378;10.094;NaN;NaN;NaN;NaN;NaN;NaN;NaN;NaN;NaN;NaN;NaN;NaN;NaN;NaN;NaN;90
381;Озерки 1;natalie;1445536423654;22.10.2015 20:53:43;Raw;2.423;4.348;7.441;NaN;NaN;NaN;NaN;NaN;NaN;NaN;NaN;NaN;NaN;NaN;NaN;NaN;NaN;NaN;88
382;Озерки 2;natalie;1445536430262;22.10.2015 20:53:50;Raw;2.174;4.194;7.422;NaN;NaN;NaN;NaN;NaN;NaN;NaN;NaN;NaN;NaN;NaN;NaN;NaN;NaN;NaN;79
383;Озерки 3;natalie;1445536451628;22.10.2015 20:54:11;Raw;-0.373;3.533;9.261;NaN;NaN;NaN;NaN;NaN;NaN;NaN;NaN;NaN;NaN;NaN;NaN;NaN;NaN;NaN;83
384;Озерки 4;natalie;1445536464487;22.10.2015 20:54:24;Raw;0.708;1.225;9.845;NaN;NaN;NaN;NaN;NaN;NaN;NaN;NaN;NaN;NaN;NaN;NaN;NaN;NaN;NaN;90
371;Удельная 1;natalie;1445536569351;22.10.2015 20:56:09;Raw;2.719;3.332;8.514;NaN;NaN;NaN;NaN;NaN;NaN;NaN;NaN;NaN;NaN;NaN;NaN;NaN;NaN;NaN;90
372;Удельная 2;natalie;1445536583648;22.10.2015 20:56:23;Raw;0.89;5.085;7.374;NaN;NaN;NaN;NaN;NaN;NaN;NaN;NaN;NaN;NaN;NaN;NaN;NaN;NaN;NaN;90
373;Удельная 3;natalie;1445536842654;22.10.2015 21:00:42;Raw;-0.641;5.018;7.69;NaN;NaN;NaN;NaN;NaN;NaN;NaN;NaN;NaN;NaN;NaN;NaN;NaN;NaN;NaN;85
374;Удельная 4;natalie;1445536852923;22.10.2015 21:00:52;Raw;0.775;5.889;5.324;NaN;NaN;NaN;NaN;NaN;NaN;NaN;NaN;NaN;NaN;NaN;NaN;NaN;NaN;NaN;90
361;Пионерская 1;natalie;1445536969043;22.10.2015 21:02:49;Raw;-1.857;6.1;5.506;NaN;NaN;NaN;NaN;NaN;NaN;NaN;NaN;NaN;NaN;NaN;NaN;NaN;NaN;NaN;90
362;Пионерская 2;natalie;1445536978684;22.10.2015 21:02:58;Raw;-1.024;5.976;8.226;NaN;NaN;NaN;NaN;NaN;NaN;NaN;NaN;NaN;NaN;NaN;NaN;NaN;NaN;NaN;81
363;Пионерская 3;natalie;1445537011236;22.10.2015 21:03:31;Raw;-2.547;5.66;5.851;NaN;NaN;NaN;NaN;NaN;NaN;NaN;NaN;NaN;NaN;NaN;NaN;NaN;NaN;NaN;89
364;Пионерская 4;natalie;1445537021536;22.10.2015 21:03:41;Raw;-0.66;5.765;8.686;NaN;NaN;NaN;NaN;NaN;NaN;NaN;NaN;NaN;NaN;NaN;NaN;NaN;NaN;NaN;90
351;Чёрная речка 1;natalie;1445537124030;22.10.2015 21:05:24;Raw;-0.402;5.334;7.307;NaN;NaN;NaN;NaN;NaN;NaN;NaN;NaN;NaN;NaN;NaN;NaN;NaN;NaN;NaN;90
352;Чёрная речка 2;natalie;1445537136940;22.10.2015 21:05:36;Raw;-0.363;5.487;9.893;NaN;NaN;NaN;NaN;NaN;NaN;NaN;NaN;NaN;NaN;NaN;NaN;NaN;NaN;NaN;85
353;Чёрная речка 3;natalie;1445537157113;22.10.2015 21:05:57;Raw;-2.068;4.922;8.696;NaN;NaN;NaN;NaN;NaN;NaN;NaN;NaN;NaN;NaN;NaN;NaN;NaN;NaN;NaN;76
354;Чёрная речка 4;natalie;1445537171408;22.10.2015 21:06:11;Raw;-1.944;4.252;8.083;NaN;NaN;NaN;NaN;NaN;NaN;NaN;NaN;NaN;NaN;NaN;NaN;NaN;NaN;NaN;90
341;Петроградская 1;natalie;1445537320366;22.10.2015 21:08:40;Raw;-1.685;6.052;7.173;NaN;NaN;NaN;NaN;NaN;NaN;NaN;NaN;NaN;NaN;NaN;NaN;NaN;NaN;NaN;81
342;Петроградская 2;natalie;1445537326088;22.10.2015 21:08:46;Raw;-1.503;5.573;8.016;NaN;NaN;NaN;NaN;NaN;NaN;NaN;NaN;NaN;NaN;NaN;NaN;NaN;NaN;NaN;76
343;Петроградская 3;natalie;1445537363761;22.10.2015 21:09:23;Raw;-0.517;6.962;6.924;NaN;NaN;NaN;NaN;NaN;NaN;NaN;NaN;NaN;NaN;NaN;NaN;NaN;NaN;NaN;75
344;Петроградская 4;natalie;1445537380656;22.10.2015 21:09:40;Raw;-1.091;5.669;7.134;NaN;NaN;NaN;NaN;NaN;NaN;NaN;NaN;NaN;NaN;NaN;NaN;NaN;NaN;NaN;90
331;Горьковская 1;natalie;1445537433052;22.10.2015 21:10:33;Raw;-2.968;5.707;7.115;NaN;NaN;NaN;NaN;NaN;NaN;NaN;NaN;NaN;NaN;NaN;NaN;NaN;NaN;NaN;87
332;Горьковская 2;natalie;1445537446591;22.10.2015 21:10:46;Raw;-2.921;5.918;8.035;NaN;NaN;NaN;NaN;NaN;NaN;NaN;NaN;NaN;NaN;NaN;NaN;NaN;NaN;NaN;76
333;Горьковская 3;natalie;1445537469272;22.10.2015 21:11:09;Raw;-1.762;5.966;7.518;NaN;NaN;NaN;NaN;NaN;NaN;NaN;NaN;NaN;NaN;NaN;NaN;NaN;NaN;NaN;80
334;Горьковская 4;natalie;1445537481415;22.10.2015 21:11:21;Raw;-1.733;5.2;8.121;NaN;NaN;NaN;NaN;NaN;NaN;NaN;NaN;NaN;NaN;NaN;NaN;NaN;NaN;NaN;90
321;Невский проспект 1;natalie;1445537613885;22.10.2015 21:13:33;Raw;-2.432;6.167;7.336;NaN;NaN;NaN;NaN;NaN;NaN;NaN;NaN;NaN;NaN;NaN;NaN;NaN;NaN;NaN;90
322;Невский проспект 2;natalie;1445537622879;22.10.2015 21:13:42;Raw;-0.679;6.177;8.408;NaN;NaN;NaN;NaN;NaN;NaN;NaN;NaN;NaN;NaN;NaN;NaN;NaN;NaN;NaN;80
493;Гостиный двор 3;natalie;1445537822146;22.10.2015 21:17:02;Raw;0.574;2.346;9.136;NaN;NaN;NaN;NaN;NaN;NaN;NaN;NaN;NaN;NaN;NaN;NaN;NaN;NaN;NaN;84
494;Гостиный двор 4;natalie;1445537836462;22.10.2015 21:17:16;Raw;-1.206;2.049;8.389;NaN;NaN;NaN;NaN;NaN;NaN;NaN;NaN;NaN;NaN;NaN;NaN;NaN;NaN;NaN;88
481;Маяковская 1;natalie;1445537938051;22.10.2015 21:18:58;Raw;2.509;3.284;8.696;NaN;NaN;NaN;NaN;NaN;NaN;NaN;NaN;NaN;NaN;NaN;NaN;NaN;NaN;NaN;81
482;Маяковская 2;natalie;1445537948607;22.10.2015 21:19:08;Raw;1.982;3.035;8.992;NaN;NaN;NaN;NaN;NaN;NaN;NaN;NaN;NaN;NaN;NaN;NaN;NaN;NaN;NaN;84
483;Маяковская 3;natalie;1445538001679;22.10.2015 21:20:01;Raw;0.9;2.097;10.199;NaN;NaN;NaN;NaN;NaN;NaN;NaN;NaN;NaN;NaN;NaN;NaN;NaN;NaN;NaN;76
484;Маяковская 4;natalie;1445538020302;22.10.2015 21:20:20;Raw;0.833;2.327;9.625;NaN;NaN;NaN;NaN;NaN;NaN;NaN;NaN;NaN;NaN;NaN;NaN;NaN;NaN;NaN;86
471;Площадь Александра Невского (зел) 1;natalie;1445538141544;22.10.2015 21:22:21;Raw;1.541;3.131;10.151;NaN;NaN;NaN;NaN;NaN;NaN;NaN;NaN;NaN;NaN;NaN;NaN;NaN;NaN;NaN;83
472;Площадь Александра Невского (зел) 2;natalie;1445538155942;22.10.2015 21:22:35;Raw;-3.227;3.026;5.707;NaN;NaN;NaN;NaN;NaN;NaN;NaN;NaN;NaN;NaN;NaN;NaN;NaN;NaN;NaN;84
473;Площадь Александра Невского (зел) 3;natalie;1445538289187;22.10.2015 21:24:49;Raw;1.752;6.713;6.905;NaN;NaN;NaN;NaN;NaN;NaN;NaN;NaN;NaN;NaN;NaN;NaN;NaN;NaN;NaN;82
474;Площадь Александра Невского (зел) 4;natalie;1445538301558;22.10.2015 21:25:01;Raw;0.191;6.292;7.096;NaN;NaN;NaN;NaN;NaN;NaN;NaN;NaN;NaN;NaN;NaN;NaN;NaN;NaN;NaN;90
481;Маяковская 1;natalie;1445538414986;22.10.2015 21:26:54;Raw;-0.584;4.759;9.711;NaN;NaN;NaN;NaN;NaN;NaN;NaN;NaN;NaN;NaN;NaN;NaN;NaN;NaN;NaN;90
482;Маяковская 2;natalie;1445538433712;22.10.2015 21:27:13;Raw;-0.794;2.844;9.136;NaN;NaN;NaN;NaN;NaN;NaN;NaN;NaN;NaN;NaN;NaN;NaN;NaN;NaN;NaN;76
483;Маяковская 3;natalie;1445538484474;22.10.2015 21:28:04;Raw;0.718;1.714;8.763;NaN;NaN;NaN;NaN;NaN;NaN;NaN;NaN;NaN;NaN;NaN;NaN;NaN;NaN;NaN;81
484;Маяковская 4;natalie;1445538499358;22.10.2015 21:28:19;Raw;-0.794;2.221;9.921;NaN;NaN;NaN;NaN;NaN;NaN;NaN;NaN;NaN;NaN;NaN;NaN;NaN;NaN;NaN;86
491;Гостиный двор 1;natalie;1445538614787;22.10.2015 21:30:14;Raw;-2.059;3.457;8.351;NaN;NaN;NaN;NaN;NaN;NaN;NaN;NaN;NaN;NaN;NaN;NaN;NaN;NaN;NaN;86
492;Гостиный двор 2;natalie;1445538630791;22.10.2015 21:30:30;Raw;-2.662;4.826;7.249;NaN;NaN;NaN;NaN;NaN;NaN;NaN;NaN;NaN;NaN;NaN;NaN;NaN;NaN;NaN;90
493;Гостиный двор 3;natalie;1445538869720;22.10.2015 21:34:29;Raw;-0.756;2.968;9.107;NaN;NaN;NaN;NaN;NaN;NaN;NaN;NaN;NaN;NaN;NaN;NaN;NaN;NaN;NaN;90
494;Гостиный двор 4;natalie;1445538883856;22.10.2015 21:34:43;Raw;-1.072;4.204;7.69;NaN;NaN;NaN;NaN;NaN;NaN;NaN;NaN;NaN;NaN;NaN;NaN;NaN;NaN;NaN;90
481;Маяковская 1;natalie;1445538994576;22.10.2015 21:36:34;Raw;-2.997;6.502;6.895;NaN;NaN;NaN;NaN;NaN;NaN;NaN;NaN;NaN;NaN;NaN;NaN;NaN;NaN;NaN;89
482;Маяковская 2;natalie;1445539012637;22.10.2015 21:36:52;Raw;-1.656;5.42;8.542;NaN;NaN;NaN;NaN;NaN;NaN;NaN;NaN;NaN;NaN;NaN;NaN;NaN;NaN;NaN;80
483;Маяковская 3;natalie;1445539058174;22.10.2015 21:37:38;Raw;0.229;6.349;8.217;NaN;NaN;NaN;NaN;NaN;NaN;NaN;NaN;NaN;NaN;NaN;NaN;NaN;NaN;NaN;75
484;Маяковская 4;natalie;1445539078139;22.10.2015 21:37:58;Raw;-0.402;5.995;8.552;NaN;NaN;NaN;NaN;NaN;NaN;NaN;NaN;NaN;NaN;NaN;NaN;NaN;NaN;NaN;89
471;Площадь Александра Невского (зел) 1;natalie;1445539193546;22.10.2015 21:39:53;Raw;-2.068;6.378;6.656;NaN;NaN;NaN;NaN;NaN;NaN;NaN;NaN;NaN;NaN;NaN;NaN;NaN;NaN;NaN;90
472;Площадь Александра Невского (зел) 2;natalie;1445539205092;22.10.2015 21:40:05;Raw;0.086;5.391;6.905;NaN;NaN;NaN;NaN;NaN;NaN;NaN;NaN;NaN;NaN;NaN;NaN;NaN;NaN;NaN;78
473;Площадь Александра Невского (зел) 3;natalie;1445539248788;22.10.2015 21:40:48;Raw;-0.249;5.315;6.349;NaN;NaN;NaN;NaN;NaN;NaN;NaN;NaN;NaN;NaN;NaN;NaN;NaN;NaN;NaN;76
474;Площадь Александра Невского (зел) 4;natalie;1445539266575;22.10.2015 21:41:06;Raw;1.13;5.593;8.016;NaN;NaN;NaN;NaN;NaN;NaN;NaN;NaN;NaN;NaN;NaN;NaN;NaN;NaN;NaN;88
461;Елизаровская 1;natalie;1445539466495;22.10.2015 21:44:26;Raw;-2.786;4.252;7.968;NaN;NaN;NaN;NaN;NaN;NaN;NaN;NaN;NaN;NaN;NaN;NaN;NaN;NaN;NaN;86
462;Елизаровская 2;natalie;1445539480086;22.10.2015 21:44:40;Raw;-1.417;4.884;7.403;NaN;NaN;NaN;NaN;NaN;NaN;NaN;NaN;NaN;NaN;NaN;NaN;NaN;NaN;NaN;82
463;Елизаровская 3;natalie;1445539536070;22.10.2015 21:45:36;Raw;-1.197;5.679;7.719;NaN;NaN;NaN;NaN;NaN;NaN;NaN;NaN;NaN;NaN;NaN;NaN;NaN;NaN;NaN;87
464;Елизаровская 4;natalie;1445539551196;22.10.2015 21:45:51;Raw;-1.321;5.248;7.249;NaN;NaN;NaN;NaN;NaN;NaN;NaN;NaN;NaN;NaN;NaN;NaN;NaN;NaN;NaN;83
451;Ломоносовская 1;natalie;1445539698764;22.10.2015 21:48:18;Raw;-1.541;6.1;6.761;NaN;NaN;NaN;NaN;NaN;NaN;NaN;NaN;NaN;NaN;NaN;NaN;NaN;NaN;NaN;88
452;Ломоносовская 2;natalie;1445539712816;22.10.2015 21:48:32;Raw;-0.756;5.65;8.073;NaN;NaN;NaN;NaN;NaN;NaN;NaN;NaN;NaN;NaN;NaN;NaN;NaN;NaN;NaN;80
453;Ломоносовская 3;natalie;1445539749481;22.10.2015 21:49:09;Raw;-0.928;5.123;8.485;NaN;NaN;NaN;NaN;NaN;NaN;NaN;NaN;NaN;NaN;NaN;NaN;NaN;NaN;NaN;79
454;Ломоносовская 4;natalie;1445539761114;22.10.2015 21:49:21;Raw;-0.134;5.267;8.389;NaN;NaN;NaN;NaN;NaN;NaN;NaN;NaN;NaN;NaN;NaN;NaN;NaN;NaN;NaN;90
441;Пролетарская 1;natalie;1445539903157;22.10.2015 21:51:43;Raw;-2.317;5.621;6.416;NaN;NaN;NaN;NaN;NaN;NaN;NaN;NaN;NaN;NaN;NaN;NaN;NaN;NaN;NaN;87
442;Пролетарская 2;natalie;1445539913704;22.10.2015 21:51:53;Raw;-1.618;5.621;7.91;NaN;NaN;NaN;NaN;NaN;NaN;NaN;NaN;NaN;NaN;NaN;NaN;NaN;NaN;NaN;79
443;Пролетарская 3;natalie;1445539940621;22.10.2015 21:52:20;Raw;1.848;7.68;4.788;NaN;NaN;NaN;NaN;NaN;NaN;NaN;NaN;NaN;NaN;NaN;NaN;NaN;NaN;NaN;81
444;Пролетарская 4;natalie;1445539951125;22.10.2015 21:52:31;Raw;0.689;7.91;7.364;NaN;NaN;NaN;NaN;NaN;NaN;NaN;NaN;NaN;NaN;NaN;NaN;NaN;NaN;NaN;89
431;Обухово 1;natalie;1445540073129;22.10.2015 21:54:33;Raw;1.12;5.717;7.901;NaN;NaN;NaN;NaN;NaN;NaN;NaN;NaN;NaN;NaN;NaN;NaN;NaN;NaN;NaN;89
432;Обухово 2;natalie;1445540084545;22.10.2015 21:54:44;Raw;1.723;5.573;7.565;NaN;NaN;NaN;NaN;NaN;NaN;NaN;NaN;NaN;NaN;NaN;NaN;NaN;NaN;NaN;79
433;Обухово 3;natalie;1445540109919;22.10.2015 21:55:09;Raw;-0.21;5.334;8.916;NaN;NaN;NaN;NaN;NaN;NaN;NaN;NaN;NaN;NaN;NaN;NaN;NaN;NaN;NaN;87
434;Обухово 4;natalie;1445540121664;22.10.2015 21:55:21;Raw;2.145;4.999;7.939;NaN;NaN;NaN;NaN;NaN;NaN;NaN;NaN;NaN;NaN;NaN;NaN;NaN;NaN;NaN;90
421;Рыбацкое 1;natalie;1445540348769;22.10.2015 21:59:08;Raw;-1.886;3.917;8.207;NaN;NaN;NaN;NaN;NaN;NaN;NaN;NaN;NaN;NaN;NaN;NaN;NaN;NaN;NaN;84
422;Рыбацкое 2;natalie;1445540367850;22.10.2015 21:59:27;Raw;-2.528;3.629;8.447;NaN;NaN;NaN;NaN;NaN;NaN;NaN;NaN;NaN;NaN;NaN;NaN;NaN;NaN;NaN;81
423;Рыбацкое 3;natalie;1445540519687;22.10.2015 22:01:59;Raw;-3.725;6.043;4.003;NaN;NaN;NaN;NaN;NaN;NaN;NaN;NaN;NaN;NaN;NaN;NaN;NaN;NaN;NaN;73
424;Рыбацкое 4;natalie;1445540534959;22.10.2015 22:02:14;Raw;-3.773;5.487;7.058;NaN;NaN;NaN;NaN;NaN;NaN;NaN;NaN;NaN;NaN;NaN;NaN;NaN;NaN;NaN;86
431;Обухово 1;natalie;1445540757794;22.10.2015 22:05:57;Raw;-3.83;7.518;3.715;NaN;NaN;NaN;NaN;NaN;NaN;NaN;NaN;NaN;NaN;NaN;NaN;NaN;NaN;NaN;90
432;Обухово 2;natalie;1445540766520;22.10.2015 22:06:06;Raw;-1.896;8.102;5.19;NaN;NaN;NaN;NaN;NaN;NaN;NaN;NaN;NaN;NaN;NaN;NaN;NaN;NaN;NaN;80
433;Обухово 3;natalie;1445540796094;22.10.2015 22:06:36;Raw;-1.034;8.504;5.995;NaN;NaN;NaN;NaN;NaN;NaN;NaN;NaN;NaN;NaN;NaN;NaN;NaN;NaN;NaN;81
434;Обухово 4;natalie;1445540808631;22.10.2015 22:06:48;Raw;-1.359;6.981;4.52;NaN;NaN;NaN;NaN;NaN;NaN;NaN;NaN;NaN;NaN;NaN;NaN;NaN;NaN;NaN;90
441;Пролетарская 1;natalie;1445540923773;22.10.2015 22:08:43;Raw;-1.877;8.571;3.869;NaN;NaN;NaN;NaN;NaN;NaN;NaN;NaN;NaN;NaN;NaN;NaN;NaN;NaN;NaN;88
442;Пролетарская 2;natalie;1445540933923;22.10.2015 22:08:53;Raw;-1.905;8.188;4.089;NaN;NaN;NaN;NaN;NaN;NaN;NaN;NaN;NaN;NaN;NaN;NaN;NaN;NaN;NaN;83
443;Пролетарская 3;natalie;1445540969550;22.10.2015 22:09:29;Raw;-0.881;7.498;7.987;NaN;NaN;NaN;NaN;NaN;NaN;NaN;NaN;NaN;NaN;NaN;NaN;NaN;NaN;NaN;81
444;Пролетарская 4;natalie;1445540983103;22.10.2015 22:09:43;Raw;0.191;8.466;6.244;NaN;NaN;NaN;NaN;NaN;NaN;NaN;NaN;NaN;NaN;NaN;NaN;NaN;NaN;NaN;90
451;Ломоносовская 1;natalie;1445541115495;22.10.2015 22:11:55;Raw;0.488;4.989;7.623;NaN;NaN;NaN;NaN;NaN;NaN;NaN;NaN;NaN;NaN;NaN;NaN;NaN;NaN;NaN;86
452;Ломоносовская 2;natalie;1445541126771;22.10.2015 22:12:06;Raw;-0.383;5.209;8.418;NaN;NaN;NaN;NaN;NaN;NaN;NaN;NaN;NaN;NaN;NaN;NaN;NaN;NaN;NaN;74
453;Ломоносовская 3;natalie;1445541177712;22.10.2015 22:12:57;Raw;-0.392;5.286;8.523;NaN;NaN;NaN;NaN;NaN;NaN;NaN;NaN;NaN;NaN;NaN;NaN;NaN;NaN;NaN;77
454;Ломоносовская 4;natalie;1445541191972;22.10.2015 22:13:11;Raw;-1.187;5.075;8.389;NaN;NaN;NaN;NaN;NaN;NaN;NaN;NaN;NaN;NaN;NaN;NaN;NaN;NaN;NaN;90
461;Елизаровская 1;natalie;1445541340911;22.10.2015 22:15:40;Raw;-2.921;6.704;6.933;NaN;NaN;NaN;NaN;NaN;NaN;NaN;NaN;NaN;NaN;NaN;NaN;NaN;NaN;NaN;90
462;Елизаровская 2;natalie;1445541355138;22.10.2015 22:15:55;Raw;-2.221;6.33;7.288;NaN;NaN;NaN;NaN;NaN;NaN;NaN;NaN;NaN;NaN;NaN;NaN;NaN;NaN;NaN;82
463;Елизаровская 3;natalie;1445541395771;22.10.2015 22:16:35;Raw;0.909;5.478;8.878;NaN;NaN;NaN;NaN;NaN;NaN;NaN;NaN;NaN;NaN;NaN;NaN;NaN;NaN;NaN;73
464;Елизаровская 4;natalie;1445541408257;22.10.2015 22:16:48;Raw;1.426;5.372;8.14;NaN;NaN;NaN;NaN;NaN;NaN;NaN;NaN;NaN;NaN;NaN;NaN;NaN;NaN;NaN;90
471;Площадь Александра Невского (зел) 1;natalie;1445541629507;22.10.2015 22:20:29;Raw;-1.331;3.85;8.36;NaN;NaN;NaN;NaN;NaN;NaN;NaN;NaN;NaN;NaN;NaN;NaN;NaN;NaN;NaN;88
472;Площадь Александра Невского (зел) 2;natalie;1445541635063;22.10.2015 22:20:35;Raw;-1.513;3.553;8.973;NaN;NaN;NaN;NaN;NaN;NaN;NaN;NaN;NaN;NaN;NaN;NaN;NaN;NaN;NaN;83
673;Площадь Александра Невского (ор) 3;natalie;1445541915554;22.10.2015 22:25:15;Raw;-0.124;2.509;10.065;NaN;NaN;NaN;NaN;NaN;NaN;NaN;NaN;NaN;NaN;NaN;NaN;NaN;NaN;NaN;67
674;Площадь Александра Невского (ор) 4;natalie;1445541927035;22.10.2015 22:25:27;Raw;0.287;2.633;8.945;NaN;NaN;NaN;NaN;NaN;NaN;NaN;NaN;NaN;NaN;NaN;NaN;NaN;NaN;NaN;90
661;Новочеркасская 1;natalie;1445542041829;22.10.2015 22:27:21;Raw;0.881;4.884;7.518;NaN;NaN;NaN;NaN;NaN;NaN;NaN;NaN;NaN;NaN;NaN;NaN;NaN;NaN;NaN;89
662;Новочеркасская 2;natalie;1445542064541;22.10.2015 22:27:44;Raw;-0.086;5.65;8.648;NaN;NaN;NaN;NaN;NaN;NaN;NaN;NaN;NaN;NaN;NaN;NaN;NaN;NaN;NaN;90
663;Новочеркасская 3;natalie;1445542103789;22.10.2015 22:28:23;Raw;-1.972;3.878;8.035;NaN;NaN;NaN;NaN;NaN;NaN;NaN;NaN;NaN;NaN;NaN;NaN;NaN;NaN;NaN;69
664;Новочеркасская 4;natalie;1445542116423;22.10.2015 22:28:36;Raw;0.44;4.415;9.203;NaN;NaN;NaN;NaN;NaN;NaN;NaN;NaN;NaN;NaN;NaN;NaN;NaN;NaN;NaN;89
651;Ладожская 1;natalie;1445542206121;22.10.2015 22:30:06;Raw;2.442;4.051;8.447;NaN;NaN;NaN;NaN;NaN;NaN;NaN;NaN;NaN;NaN;NaN;NaN;NaN;NaN;NaN;90
652;Ладожская 2;natalie;1445542227050;22.10.2015 22:30:27;Raw;1.312;4.74;8.389;NaN;NaN;NaN;NaN;NaN;NaN;NaN;NaN;NaN;NaN;NaN;NaN;NaN;NaN;NaN;82
653;Ладожская 3;natalie;1445542251683;22.10.2015 22:30:51;Raw;1.426;3.955;9.251;NaN;NaN;NaN;NaN;NaN;NaN;NaN;NaN;NaN;NaN;NaN;NaN;NaN;NaN;NaN;82
654;Ладожская 4;natalie;1445542266275;22.10.2015 22:31:06;Raw;0.545;4.003;8.839;NaN;NaN;NaN;NaN;NaN;NaN;NaN;NaN;NaN;NaN;NaN;NaN;NaN;NaN;NaN;90
641;Проспект Большевиков 1;natalie;1445542340439;22.10.2015 22:32:20;Raw;-1.321;3.85;8.226;NaN;NaN;NaN;NaN;NaN;NaN;NaN;NaN;NaN;NaN;NaN;NaN;NaN;NaN;NaN;90
642;Проспект Большевиков 2;natalie;1445542360653;22.10.2015 22:32:40;Raw;0.545;3.581;7.489;NaN;NaN;NaN;NaN;NaN;NaN;NaN;NaN;NaN;NaN;NaN;NaN;NaN;NaN;NaN;81
643;Проспект Большевиков 3;natalie;1445542401122;22.10.2015 22:33:21;Raw;0.718;2.806;9.012;NaN;NaN;NaN;NaN;NaN;NaN;NaN;NaN;NaN;NaN;NaN;NaN;NaN;NaN;NaN;83
644;Проспект Большевиков 4;natalie;1445542409016;22.10.2015 22:33:29;Raw;-0.076;3.246;9.883;NaN;NaN;NaN;NaN;NaN;NaN;NaN;NaN;NaN;NaN;NaN;NaN;NaN;NaN;NaN;90
631;Улица Дыбенко 1;natalie;1445542498160;22.10.2015 22:34:58;Raw;-0.814;3.275;9.031;NaN;NaN;NaN;NaN;NaN;NaN;NaN;NaN;NaN;NaN;NaN;NaN;NaN;NaN;NaN;90
632;Улица Дыбенко 2;natalie;1445542517326;22.10.2015 22:35:17;Raw;-0.881;3.62;9.423;NaN;NaN;NaN;NaN;NaN;NaN;NaN;NaN;NaN;NaN;NaN;NaN;NaN;NaN;NaN;90
633;Улица Дыбенко 3;natalie;1445542711720;22.10.2015 22:38:31;Raw;4.501;1.877;9.155;NaN;NaN;NaN;NaN;NaN;NaN;NaN;NaN;NaN;NaN;NaN;NaN;NaN;NaN;NaN;75
634;Улица Дыбенко 4;natalie;1445542724869;22.10.2015 22:38:44;Raw;-0.727;5.324;6.914;NaN;NaN;NaN;NaN;NaN;NaN;NaN;NaN;NaN;NaN;NaN;NaN;NaN;NaN;NaN;90
641;Проспект Большевиков 1;natalie;1445542815014;22.10.2015 22:40:15;Raw;-2.097;7.527;5.928;NaN;NaN;NaN;NaN;NaN;NaN;NaN;NaN;NaN;NaN;NaN;NaN;NaN;NaN;NaN;90
642;Проспект Большевиков 2;natalie;1445542832005;22.10.2015 22:40:32;Raw;-2.585;7.048;6.454;NaN;NaN;NaN;NaN;NaN;NaN;NaN;NaN;NaN;NaN;NaN;NaN;NaN;NaN;NaN;81
643;Проспект Большевиков 3;natalie;1445542870785;22.10.2015 22:41:10;Raw;-1.149;6.522;6.857;NaN;NaN;NaN;NaN;NaN;NaN;NaN;NaN;NaN;NaN;NaN;NaN;NaN;NaN;NaN;78
644;Проспект Большевиков 4;natalie;1445542882711;22.10.2015 22:41:22;Raw;-1.015;6.11;5.286;NaN;NaN;NaN;NaN;NaN;NaN;NaN;NaN;NaN;NaN;NaN;NaN;NaN;NaN;NaN;90
651;Ладожская 1;natalie;1445542980831;22.10.2015 22:43:00;Raw;-3.533;7.451;3.725;NaN;NaN;NaN;NaN;NaN;NaN;NaN;NaN;NaN;NaN;NaN;NaN;NaN;NaN;NaN;90
652;Ладожская 2;natalie;1445542994511;22.10.2015 22:43:14;Raw;-3.026;7.834;3.246;NaN;NaN;NaN;NaN;NaN;NaN;NaN;NaN;NaN;NaN;NaN;NaN;NaN;NaN;NaN;88
653;Ладожская 3;natalie;1445543020582;22.10.2015 22:43:40;Raw;-1.647;7.527;5.401;NaN;NaN;NaN;NaN;NaN;NaN;NaN;NaN;NaN;NaN;NaN;NaN;NaN;NaN;NaN;85
654;Ладожская 4;natalie;1445543033303;22.10.2015 22:43:53;Raw;-1.331;6.79;6.454;NaN;NaN;NaN;NaN;NaN;NaN;NaN;NaN;NaN;NaN;NaN;NaN;NaN;NaN;NaN;90
661;Новочеркасская 1;natalie;1445543129265;22.10.2015 22:45:29;Raw;-2.442;7.259;5.794;NaN;NaN;NaN;NaN;NaN;NaN;NaN;NaN;NaN;NaN;NaN;NaN;NaN;NaN;NaN;90
662;Новочеркасская 2;natalie;1445543139659;22.10.2015 22:45:39;Raw;-2.7;7.307;5.372;NaN;NaN;NaN;NaN;NaN;NaN;NaN;NaN;NaN;NaN;NaN;NaN;NaN;NaN;NaN;89
673;Площадь Александра Невского (ор) 3;natalie;1445543356675;22.10.2015 22:49:16;Raw;0.306;7.106;6.071;NaN;NaN;NaN;NaN;NaN;NaN;NaN;NaN;NaN;NaN;NaN;NaN;NaN;NaN;NaN;79
674;Площадь Александра Невского (ор) 4;natalie;1445543367265;22.10.2015 22:49:27;Raw;0.775;6.962;7.479;NaN;NaN;NaN;NaN;NaN;NaN;NaN;NaN;NaN;NaN;NaN;NaN;NaN;NaN;NaN;90
681;Лиговский проспект 1;natalie;1445543455889;22.10.2015 22:50:55;Raw;-2.241;6.847;6.991;NaN;NaN;NaN;NaN;NaN;NaN;NaN;NaN;NaN;NaN;NaN;NaN;NaN;NaN;NaN;90
682;Лиговский проспект 2;natalie;1445543473826;22.10.2015 22:51:13;Raw;-2.039;7.316;5.526;NaN;NaN;NaN;NaN;NaN;NaN;NaN;NaN;NaN;NaN;NaN;NaN;NaN;NaN;NaN;88
683;Лиговский проспект 3;natalie;1445543497153;22.10.2015 22:51:37;Raw;-0.756;7.336;5.114;NaN;NaN;NaN;NaN;NaN;NaN;NaN;NaN;NaN;NaN;NaN;NaN;NaN;NaN;NaN;88
684;Лиговский проспект 4;natalie;1445543508799;22.10.2015 22:51:48;Raw;-0.919;7.479;5.87;NaN;NaN;NaN;NaN;NaN;NaN;NaN;NaN;NaN;NaN;NaN;NaN;NaN;NaN;NaN;90
691;Достоевская 1;natalie;1445543568439;22.10.2015 22:52:48;Raw;-3.715;7.383;4.252;NaN;NaN;NaN;NaN;NaN;NaN;NaN;NaN;NaN;NaN;NaN;NaN;NaN;NaN;NaN;89
692;Достоевская 2;natalie;1445543576654;22.10.2015 22:52:56;Raw;-1.838;6.665;6.991;NaN;NaN;NaN;NaN;NaN;NaN;NaN;NaN;NaN;NaN;NaN;NaN;NaN;NaN;NaN;76
693;Достоевская 3;natalie;1445543609332;22.10.2015 22:53:29;Raw;-0.124;5.66;9.002;NaN;NaN;NaN;NaN;NaN;NaN;NaN;NaN;NaN;NaN;NaN;NaN;NaN;NaN;NaN;80
694;Достоевская 4;natalie;1445543620974;22.10.2015 22:53:40;Raw;-0.948;4.597;6.177;NaN;NaN;NaN;NaN;NaN;NaN;NaN;NaN;NaN;NaN;NaN;NaN;NaN;NaN;NaN;90
701;Спасская 1;natalie;1445543723187;22.10.2015 22:55:23;Raw;-1.723;5.257;8.676;NaN;NaN;NaN;NaN;NaN;NaN;NaN;NaN;NaN;NaN;NaN;NaN;NaN;NaN;NaN;90
702;Спасская 2;natalie;1445543739947;22.10.2015 22:55:39;Raw;-2.336;5.056;9.615;NaN;NaN;NaN;NaN;NaN;NaN;NaN;NaN;NaN;NaN;NaN;NaN;NaN;NaN;NaN;90
313;Сенная площадь 3;natalie;1445544221401;22.10.2015 23:03:41;Raw;-2.451;4.156;7.958;NaN;NaN;NaN;NaN;NaN;NaN;NaN;NaN;NaN;NaN;NaN;NaN;NaN;NaN;NaN;90
322;Невский проспект 2;natalie;1445544247687;22.10.2015 23:04:07;Raw;-0.794;3.821;7.91;NaN;NaN;NaN;NaN;NaN;NaN;NaN;NaN;NaN;NaN;NaN;NaN;NaN;NaN;NaN;82
