ID;Name;User;TimeStamp;NetworkGen;NetworkType;Active;MCC;MNC;LAC;CID;PSC;Power
943;Сухаревская 3;Andrey;1435839692833;3G;HSDPA;1;250;2;7763;10330152;-1;-81
944;Сухаревская 4;Andrey;1435839708595;3G;HSDPA;1;250;2;7763;10330152;-1;-85
931;Проспект Мира (КРЛ) 1;Andrey;1435839778346;3G;HSDPA;1;250;2;7763;10292492;-1;-105
932;Проспект Мира (КРЛ) 2;Andrey;1435839792321;3G;HSDPA;1;250;2;7763;10317219;-1;-81
933;Проспект Мира (КРЛ) 3;Andrey;1435839819827;3G;HSDPA;1;250;2;7763;10317219;-1;-85
934;Проспект Мира (КРЛ) 4;Andrey;1435839833190;3G;HSDPA;1;250;2;7763;10317219;-1;-85
921;Рижская 1;Andrey;1435839918036;2G;EDGE;1;250;2;7763;1280;-1;-67
922;Рижская 2;Andrey;1435839929436;3G;HSDPA;1;250;2;7763;10293102;-1;-81
923;Рижская 3;Andrey;1435839952366;3G;HSDPA;1;250;2;7763;10293102;-1;-75
924;Рижская 4;Andrey;1435839965933;3G;HSDPA;1;250;2;7763;10293102;-1;-77
911;Алексеевская 1;Andrey;1435840061184;2G;EDGE;1;250;2;7763;1270;-1;-57
912;Алексеевская 2;Andrey;1435840072037;2G;EDGE;1;250;2;7763;1270;-1;-55
913;Алексеевская 3;Andrey;1435840107227;2G;EDGE;1;250;2;7763;1270;-1;-59
914;Алексеевская 4;Andrey;1435840124474;2G;EDGE;1;250;2;7763;1270;-1;-57
901;ВДНХ 1;Andrey;1435840210175;2G;EDGE;1;250;2;7763;720;-1;-73
902;ВДНХ 2;Andrey;1435840223700;2G;GPRS;1;250;2;7763;-1;-1;-65
903;ВДНХ 3;Andrey;1435840251807;2G;EDGE;1;250;2;7763;720;-1;-71
904;ВДНХ 4;Andrey;1435840265307;2G;EDGE;1;250;2;7763;720;-1;-65
891;Ботанический сад 1;Andrey;1435840421079;2G;GPRS;1;250;99;7734;1260;-1;-67
892;Ботанический сад 2;Andrey;1435840433241;2G;EDGE;1;250;2;7734;1260;-1;-57
893;Ботанический сад 3;Andrey;1435840461187;2G;EDGE;1;250;2;7734;1260;-1;-67
894;Ботанический сад 4;Andrey;1435840473549;2G;EDGE;1;250;2;7734;1260;-1;-71
881;Свиблово 1;Andrey;1435840559916;2G;EDGE;1;250;2;7734;1250;-1;-61
882;Свиблово 2;Andrey;1435840572906;2G;EDGE;1;250;2;7734;1250;-1;-65
883;Свиблово 3;Andrey;1435840601619;2G;EDGE;1;250;2;7734;1250;-1;-77
884;Свиблово 4;Andrey;1435840614892;2G;EDGE;1;250;2;7734;1250;-1;-73
871;Бабушкинская 1;Andrey;1435840712470;2G;EDGE;1;250;2;7719;124;-1;-63
872;Бабушкинская 2;Andrey;1435840724845;2G;EDGE;1;250;2;7719;124;-1;-57
873;Бабушкинская 3;Andrey;1435840750088;2G;EDGE;1;250;2;7719;124;-1;-65
874;Бабушкинская 4;Andrey;1435840763641;2G;EDGE;1;250;2;7719;124;-1;-65
861;Медведково 1;Andrey;1435840879977;2G;EDGE;1;250;2;7719;820;-1;-65
862;Медведково 2;Andrey;1435840892633;2G;EDGE;1;250;2;7719;820;-1;-53
863;Медведково 3;Andrey;1435840977135;2G;EDGE;1;250;2;7719;820;-1;-61
864;Медведково 4;Andrey;1435840986996;2G;EDGE;1;250;2;7719;820;-1;-55
871;Бабушкинская 1;Andrey;1435841104050;2G;EDGE;1;250;2;7719;124;-1;-57
872;Бабушкинская 2;Andrey;1435841120359;2G;EDGE;1;250;2;7719;124;-1;-65
