ID;Name;User;TimeStamp;NetworkGen;NetworkType;Active;MCC;MNC;LAC;CID;PSC;Power
333;Горьковская 3;Stanislav;1427371397938;3G;HSPA;1;250;1;100;65539727;503;-69
333;Горьковская 3;Stanislav;1427371397938;3G;HSPA;250-1-100-65539727;-1;-1;-1;-1;503;-67
334;Горьковская 4;Stanislav;1427371407988;3G;HSPA;1;250;1;100;65539727;503;-75
334;Горьковская 4;Stanislav;1427371407988;3G;HSPA;250-1-100-65539727;-1;-1;-1;-1;503;-85
334;Горьковская 4;Stanislav;1427371407988;3G;HSPA;250-1-100-65539727;-1;-1;-1;-1;-1;-59
334;Горьковская 4;Stanislav;1427371407988;3G;HSPA;250-1-100-65539727;-1;-1;-1;-1;-1;-113
334;Горьковская 4;Stanislav;1427371407988;3G;HSPA;250-1-100-65539727;-1;-1;-1;-1;-1;-113
334;Горьковская 4;Stanislav;1427371407988;3G;HSPA;250-1-100-65539727;-1;-1;-1;-1;-1;-113
334;Горьковская 4;Stanislav;1427371407988;3G;HSPA;250-1-100-65539727;-1;-1;-1;-1;-1;-113
321;Невский проспект 1;Stanislav;1427371559987;3G;HSPAP;1;250;1;100;65569708;507;-67
322;Невский проспект 2;Stanislav;1427371576226;3G;HSPAP;1;250;1;100;65569708;507;-77
323;Невский проспект 3;Stanislav;1427371605174;3G;HSPA;1;250;1;100;65569708;507;-93
324;Невский проспект 4;Stanislav;1427371615203;3G;HSPA;1;250;1;100;65569708;507;-87
324;Невский проспект 4;Stanislav;1427371615203;3G;HSPA;250-1-100-65569708;-1;-1;-1;-1;507;-91
311;Сенная площадь 1;Stanislav;1427371676916;unknown;unknown;1;-1;-1;0;-1;-1;-113
312;Сенная площадь 2;Stanislav;1427371691884;3G;HSPAP;1;250;1;100;65569908;503;-109
313;Сенная площадь 3;Stanislav;1427371722736;3G;HSPA;1;250;1;100;65569908;503;-109
313;Сенная площадь 3;Stanislav;1427371722736;3G;HSPA;250-1-100-65569908;-1;-1;-1;-1;503;-105
314;Сенная площадь 4;Stanislav;1427371733093;3G;HSPA;1;250;1;100;65569908;503;-89
314;Сенная площадь 4;Stanislav;1427371733093;3G;HSPA;250-1-100-65569908;-1;-1;-1;-1;503;-89
301;Технологический институт (син) 1;Stanislav;1427371816980;3G;UMTS;1;250;1;100;65569617;498;-113
302;Технологический институт (син) 2;Stanislav;1427371833794;3G;HSPAP;1;250;1;100;65569617;498;-87
303;Технологический институт (син) 3;Stanislav;1427371864069;3G;HSPAP;1;250;1;100;65569617;498;-89
304;Технологический институт (син) 4;Stanislav;1427371875601;3G;HSPAP;1;250;1;100;65569617;498;-87
291;Фрунзенская 1;Stanislav;1427371955022;3G;HSPAP;1;250;1;100;65570087;501;-69
292;Фрунзенская 2;Stanislav;1427371970464;3G;HSPA;1;250;1;100;65570087;501;-79
293;Фрунзенская 3;Stanislav;1427371986390;3G;HSPAP;1;250;1;100;65570087;501;-75
293;Фрунзенская 3;Stanislav;1427371986390;3G;HSPAP;250-1-100-65570087;-1;-1;-1;-1;501;-75
294;Фрунзенская 4;Stanislav;1427371996362;3G;HSPAP;1;250;1;100;65570087;501;-79
281;Московские ворота 1;Stanislav;1427372079685;3G;HSPA;1;250;1;100;65570097;505;-91
281;Московские ворота 1;Stanislav;1427372079685;3G;HSPA;250-1-100-65570097;-1;-1;-1;-1;505;-81
282;Московские ворота 2;Stanislav;1427372095173;3G;HSPA;1;250;1;100;65570097;505;-77
282;Московские ворота 2;Stanislav;1427372095173;3G;HSPA;250-1-100-65570097;-1;-1;-1;-1;505;-75
283;Московские ворота 3;Stanislav;1427372117137;3G;HSPAP;1;250;1;100;65570097;505;-81
284;Московские ворота 4;Stanislav;1427372127150;3G;HSPAP;1;250;1;100;65570097;505;-99
271;Электросила 1;Stanislav;1427372225470;3G;HSPAP;1;250;1;100;65540107;502;-79
272;Электросила 2;Stanislav;1427372240752;3G;HSPAP;1;250;1;100;65540107;502;-69
273;Электросила 3;Stanislav;1427372256537;3G;HSPA;1;250;1;100;65540107;502;-75
273;Электросила 3;Stanislav;1427372256537;3G;HSPA;250-1-100-65540107;-1;-1;-1;-1;-1;-69
274;Электросила 4;Stanislav;1427372267061;3G;HSPAP;1;250;1;100;65540107;502;-87
261;Парк Победы 1;Stanislav;1427372355172;unknown;unknown;1;-1;-1;-1;-1;-1;-1
262;Парк Победы 2;Stanislav;1427372370124;3G;HSPAP;1;250;1;100;65540117;503;-97
263;Парк Победы 3;Stanislav;1427372400367;3G;HSPAP;1;250;1;100;65540117;503;-89
264;Парк Победы 4;Stanislav;1427372410579;3G;HSPA;1;250;1;100;65540117;503;-85
264;Парк Победы 4;Stanislav;1427372410579;3G;HSPA;250-1-100-65540117;-1;-1;-1;-1;-1;-79
264;Парк Победы 4;Stanislav;1427372410579;3G;HSPA;250-1-100-65540117;-1;-1;-1;-1;-1;-113
264;Парк Победы 4;Stanislav;1427372410579;3G;HSPA;250-1-100-65540117;-1;-1;-1;-1;-1;-113
251;Московская 1;Stanislav;1427372519141;unknown;unknown;1;-1;-1;-1;-1;-1;-1
252;Московская 2;Stanislav;1427372536558;unknown;unknown;1;-1;-1;-1;-1;-1;-1
253;Московская 3;Stanislav;1427372572805;3G;HSPAP;1;250;1;100;65540127;-1;2147483647
254;Московская 4;Stanislav;1427372584478;3G;HSPAP;1;250;1;100;65540127;-1;-107
241;Звёздная 1;Stanislav;1427372745152;unknown;unknown;1;250;2;7803;8317837;4;-51
242;Звёздная 2;Stanislav;1427372760755;unknown;unknown;1;250;2;7803;8317837;4;-63
242;Звёздная 2;Stanislav;1427372760755;unknown;unknown;250-2-7803-8317837;-1;-1;2147483647;2147483647;-1;-51
242;Звёздная 2;Stanislav;1427372760755;unknown;unknown;250-2-7803-8317837;-1;-1;2147483647;2147483647;-1;-109
243;Звёздная 3;Stanislav;1427372790751;3G;HSPAP;1;250;1;100;65539797;500;-77
244;Звёздная 4;Stanislav;1427372801648;3G;HSPAP;1;250;1;100;65539797;500;-83
231;Купчино 1;Stanislav;1427373040238;3G;HSPAP;1;250;1;218;67619579;347;-101
231;Купчино 1;Stanislav;1427373040238;3G;HSPAP;250-1-218-67619579;-1;-1;-1;-1;94;-105
231;Купчино 1;Stanislav;1427373040238;3G;HSPAP;250-1-218-67619579;-1;-1;-1;-1;130;-105
231;Купчино 1;Stanislav;1427373040238;3G;HSPAP;250-1-218-67619579;-1;-1;-1;-1;309;-105
231;Купчино 1;Stanislav;1427373040238;3G;HSPAP;250-1-218-67619579;-1;-1;-1;-1;78;-113
231;Купчино 1;Stanislav;1427373040238;3G;HSPAP;250-1-218-67619579;-1;-1;-1;-1;347;-105
232;Купчино 2;Stanislav;1427373055942;3G;HSPA;1;250;1;218;67579105;478;-83
232;Купчино 2;Stanislav;1427373055942;3G;HSPA;250-1-218-67579105;-1;-1;-1;-1;462;-91
232;Купчино 2;Stanislav;1427373055942;3G;HSPA;250-1-218-67579105;-1;-1;-1;-1;18;-101
232;Купчино 2;Stanislav;1427373055942;3G;HSPA;250-1-218-67579105;-1;-1;-1;-1;-1;-75
232;Купчино 2;Stanislav;1427373055942;3G;HSPA;250-1-218-67579105;-1;-1;-1;-1;-1;-83
232;Купчино 2;Stanislav;1427373055942;3G;HSPA;250-1-218-67579105;-1;-1;-1;-1;-1;-93
232;Купчино 2;Stanislav;1427373055942;3G;HSPA;250-1-218-67579105;-1;-1;-1;-1;-1;-93
232;Купчино 2;Stanislav;1427373055942;3G;HSPA;250-1-218-67579105;-1;-1;-1;-1;-1;-103
232;Купчино 2;Stanislav;1427373055942;3G;HSPA;250-1-218-67579105;-1;-1;-1;-1;-1;-103
232;Купчино 2;Stanislav;1427373055942;3G;HSPA;250-1-218-67579105;-1;-1;-1;-1;-1;-103
232;Купчино 2;Stanislav;1427373055942;3G;HSPA;250-1-218-67579105;-1;-1;-1;-1;-1;-111
