ID;Name;User;TimeStamp;NetworkGen;NetworkType;Active;MCC;MNC;LAC;CID;PSC;Power
33;Проспект Ветеранов 3;Stanislav;1435668250468;3G;HSPA;1;250;1;100;65539667;501;-81
33;Проспект Ветеранов 3;Stanislav;1435668250468;3G;HSPA;250-1-100-65539667;-1;-1;-1;-1;501;-89
34;Проспект Ветеранов 4;Stanislav;1435668263723;3G;HSPA;1;250;1;100;65539667;501;-93
34;Проспект Ветеранов 4;Stanislav;1435668263723;3G;HSPA;250-1-100-65539667;-1;-1;-1;-1;501;-97
41;Ленинский проспект 1;Stanislav;1435668360626;unknown;unknown;1;250;2;7803;8294951;74;-67
42;Ленинский проспект 2;Stanislav;1435668382447;unknown;unknown;1;250;2;7803;8318448;74;-75
42;Ленинский проспект 2;Stanislav;1435668382447;unknown;unknown;250-2-7803-8318448;-1;-1;-1;-1;503;-75
43;Ленинский проспект 3;Stanislav;1435668402593;3G;HSPA;1;250;1;100;65540077;508;-85
43;Ленинский проспект 3;Stanislav;1435668402593;3G;HSPA;250-1-100-65540077;-1;-1;-1;-1;508;-77
44;Ленинский проспект 4;Stanislav;1435668415931;3G;HSPA;1;250;1;100;65540077;508;-75
44;Ленинский проспект 4;Stanislav;1435668415931;3G;HSPA;250-1-100-65540077;-1;-1;-1;-1;508;-77
51;Автово 1;Stanislav;1435668525905;unknown;unknown;1;250;2;7803;8318442;47;-99
52;Автово 2;Stanislav;1435668545042;unknown;unknown;1;250;2;7803;8310351;82;-85
52;Автово 2;Stanislav;1435668545042;unknown;unknown;250-2-7803-8310351;-1;-1;-1;-1;47;-101
53;Автово 3;Stanislav;1435668565099;3G;HSPA;1;250;1;100;65539657;-1;-85
53;Автово 3;Stanislav;1435668565099;3G;HSPA;250-1-100-65539657;-1;-1;-1;-1;-1;-79
54;Автово 4;Stanislav;1435668582515;3G;HSPA;1;250;1;100;65539657;-1;-89
54;Автово 4;Stanislav;1435668582515;3G;HSPA;250-1-100-65539657;-1;-1;-1;-1;-1;-87
61;Кировский завод 1;Stanislav;1435668698512;3G;HSPA;1;250;1;100;65540067;496;-73
61;Кировский завод 1;Stanislav;1435668698512;3G;HSPA;250-1-100-65540067;-1;-1;-1;-1;496;-81
61;Кировский завод 1;Stanislav;1435668698512;3G;HSPA;250-1-100-65540067;-1;-1;-1;-1;-1;-105
61;Кировский завод 1;Stanislav;1435668698512;3G;HSPA;250-1-100-65540067;-1;-1;-1;-1;-1;-113
62;Кировский завод 2;Stanislav;1435668718549;3G;HSPA;1;250;1;100;65540067;496;-91
62;Кировский завод 2;Stanislav;1435668718549;3G;HSPA;250-1-100-65540067;-1;-1;-1;-1;496;-93
62;Кировский завод 2;Stanislav;1435668718549;3G;HSPA;250-1-100-65540067;-1;-1;-1;-1;-1;-105
62;Кировский завод 2;Stanislav;1435668718549;3G;HSPA;250-1-100-65540067;-1;-1;-1;-1;-1;-113
63;Кировский завод 3;Stanislav;1435668733000;3G;HSPA;1;250;1;100;65570067;496;-93
63;Кировский завод 3;Stanislav;1435668733000;3G;HSPA;250-1-100-65570067;-1;-1;-1;-1;496;-87
64;Кировский завод 4;Stanislav;1435668746252;3G;HSPA;1;250;1;100;65570067;496;-81
64;Кировский завод 4;Stanislav;1435668746252;3G;HSPA;250-1-100-65570067;-1;-1;-1;-1;496;-81
71;Нарвская 1;Stanislav;1435668899850;unknown;unknown;1;250;2;7803;8318450;63;-95
72;Нарвская 2;Stanislav;1435668917516;3G;HSPA;1;250;1;100;65539647;500;-87
73;Нарвская 3;Stanislav;1435668937395;3G;HSPA;1;250;1;100;65539647;500;-97
74;Нарвская 4;Stanislav;1435668947145;3G;HSPA;1;250;1;100;65539647;500;-103
74;Нарвская 4;Stanislav;1435668947145;3G;HSPA;250-1-100-65539647;-1;-1;-1;-1;500;-93
81;Балтийская 1;Stanislav;1435669060818;3G;HSPA;1;250;1;100;65539637;509;-83
81;Балтийская 1;Stanislav;1435669060818;3G;HSPA;250-1-100-65539637;-1;-1;-1;-1;509;-79
81;Балтийская 1;Stanislav;1435669060818;3G;HSPA;250-1-100-65539637;-1;-1;-1;-1;-1;-103
81;Балтийская 1;Stanislav;1435669060818;3G;HSPA;250-1-100-65539637;-1;-1;-1;-1;-1;-103
81;Балтийская 1;Stanislav;1435669060818;3G;HSPA;250-1-100-65539637;-1;-1;-1;-1;-1;-113
81;Балтийская 1;Stanislav;1435669060818;3G;HSPA;250-1-100-65539637;-1;-1;-1;-1;-1;-113
81;Балтийская 1;Stanislav;1435669060818;3G;HSPA;250-1-100-65539637;-1;-1;-1;-1;-1;-113
81;Балтийская 1;Stanislav;1435669060818;3G;HSPA;250-1-100-65539637;-1;-1;-1;-1;-1;-113
81;Балтийская 1;Stanislav;1435669060818;3G;HSPA;250-1-100-65539637;-1;-1;-1;-1;-1;-113
82;Балтийская 2;Stanislav;1435669075403;3G;HSPA;1;250;1;100;65539637;509;-97
82;Балтийская 2;Stanislav;1435669075403;3G;HSPA;250-1-100-65539637;-1;-1;-1;-1;509;-81
82;Балтийская 2;Stanislav;1435669075403;3G;HSPA;250-1-100-65539637;-1;-1;-1;-1;-1;-103
82;Балтийская 2;Stanislav;1435669075403;3G;HSPA;250-1-100-65539637;-1;-1;-1;-1;-1;-103
82;Балтийская 2;Stanislav;1435669075403;3G;HSPA;250-1-100-65539637;-1;-1;-1;-1;-1;-113
82;Балтийская 2;Stanislav;1435669075403;3G;HSPA;250-1-100-65539637;-1;-1;-1;-1;-1;-113
82;Балтийская 2;Stanislav;1435669075403;3G;HSPA;250-1-100-65539637;-1;-1;-1;-1;-1;-113
82;Балтийская 2;Stanislav;1435669075403;3G;HSPA;250-1-100-65539637;-1;-1;-1;-1;-1;-113
82;Балтийская 2;Stanislav;1435669075403;3G;HSPA;250-1-100-65539637;-1;-1;-1;-1;-1;-113
83;Балтийская 3;Stanislav;1435669104812;3G;HSPA;1;250;1;100;65539637;509;-85
83;Балтийская 3;Stanislav;1435669104812;3G;HSPA;250-1-100-65539637;-1;-1;-1;-1;509;-87
83;Балтийская 3;Stanislav;1435669104812;3G;HSPA;250-1-100-65539637;-1;-1;-1;-1;-1;-103
83;Балтийская 3;Stanislav;1435669104812;3G;HSPA;250-1-100-65539637;-1;-1;-1;-1;-1;-103
83;Балтийская 3;Stanislav;1435669104812;3G;HSPA;250-1-100-65539637;-1;-1;-1;-1;-1;-113
83;Балтийская 3;Stanislav;1435669104812;3G;HSPA;250-1-100-65539637;-1;-1;-1;-1;-1;-113
83;Балтийская 3;Stanislav;1435669104812;3G;HSPA;250-1-100-65539637;-1;-1;-1;-1;-1;-113
83;Балтийская 3;Stanislav;1435669104812;3G;HSPA;250-1-100-65539637;-1;-1;-1;-1;-1;-113
83;Балтийская 3;Stanislav;1435669104812;3G;HSPA;250-1-100-65539637;-1;-1;-1;-1;-1;-113
84;Балтийская 4;Stanislav;1435669118070;3G;HSPA;1;250;1;100;65539637;509;-89
84;Балтийская 4;Stanislav;1435669118070;3G;HSPA;250-1-100-65539637;-1;-1;-1;-1;509;-89
84;Балтийская 4;Stanislav;1435669118070;3G;HSPA;250-1-100-65539637;-1;-1;-1;-1;-1;-103
84;Балтийская 4;Stanislav;1435669118070;3G;HSPA;250-1-100-65539637;-1;-1;-1;-1;-1;-103
84;Балтийская 4;Stanislav;1435669118070;3G;HSPA;250-1-100-65539637;-1;-1;-1;-1;-1;-113
84;Балтийская 4;Stanislav;1435669118070;3G;HSPA;250-1-100-65539637;-1;-1;-1;-1;-1;-113
84;Балтийская 4;Stanislav;1435669118070;3G;HSPA;250-1-100-65539637;-1;-1;-1;-1;-1;-113
84;Балтийская 4;Stanislav;1435669118070;3G;HSPA;250-1-100-65539637;-1;-1;-1;-1;-1;-113
84;Балтийская 4;Stanislav;1435669118070;3G;HSPA;250-1-100-65539637;-1;-1;-1;-1;-1;-113
91;Технологический институт (крас) 1;Stanislav;1435669193778;unknown;unknown;1;250;2;7803;8318713;387;-83
92;Технологический институт (крас) 2;Stanislav;1435669208182;2G;EDGE;1;250;1;100;3612;-1;-83
93;Технологический институт (крас) 3;Stanislav;1435669242132;3G;HSPA;1;250;1;100;65539618;497;-93
93;Технологический институт (крас) 3;Stanislav;1435669242132;3G;HSPA;250-1-100-65539618;-1;-1;-1;-1;497;-91
94;Технологический институт (крас) 4;Stanislav;1435669258646;3G;HSPA;1;250;1;100;65539618;497;-89
94;Технологический институт (крас) 4;Stanislav;1435669258646;3G;HSPA;250-1-100-65539618;-1;-1;-1;-1;497;-89
101;Пушкинская 1;Stanislav;1435669331505;unknown;unknown;1;-1;-1;-1;-1;-1;0
102;Пушкинская 2;Stanislav;1435669344817;2G;EDGE;1;250;1;100;3621;-1;-85
103;Пушкинская 3;Stanislav;1435669372599;3G;HSPA;1;250;1;100;65539627;508;-99
103;Пушкинская 3;Stanislav;1435669372599;3G;HSPA;250-1-100-65539627;-1;-1;-1;-1;508;-91
104;Пушкинская 4;Stanislav;1435669385831;3G;HSPA;1;250;1;100;65539627;508;-109
104;Пушкинская 4;Stanislav;1435669385831;3G;HSPA;250-1-100-65539627;-1;-1;-1;-1;508;-109
111;Владимирская 1;Stanislav;1435669444509;unknown;unknown;1;250;2;7803;8321906;355;-55
112;Владимирская 2;Stanislav;1435669457192;unknown;unknown;1;250;2;7803;8321906;355;-89
113;Владимирская 3;Stanislav;1435669480713;3G;HSPA;1;250;1;100;65569918;504;-99
113;Владимирская 3;Stanislav;1435669480713;3G;HSPA;250-1-100-65569918;-1;-1;-1;-1;504;-103
114;Владимирская 4;Stanislav;1435669491971;3G;HSPA;1;250;1;100;65569918;504;-109
114;Владимирская 4;Stanislav;1435669491971;3G;HSPA;250-1-100-65569918;-1;-1;-1;-1;504;-99
121;Площадь Восстания 1;Stanislav;1435669542164;unknown;unknown;1;250;2;7803;8318706;356;-67
121;Площадь Восстания 1;Stanislav;1435669542164;unknown;unknown;250-2-7803-8318706;-1;-1;-1;-1;341;-81
122;Площадь Восстания 2;Stanislav;1435669556961;unknown;unknown;1;250;2;7803;8318706;356;-89
122;Площадь Восстания 2;Stanislav;1435669556961;unknown;unknown;250-2-7803-8318706;-1;-1;-1;-1;341;-91
122;Площадь Восстания 2;Stanislav;1435669556961;unknown;unknown;250-2-7803-8318706;-1;-1;-1;-1;-1;-79
122;Площадь Восстания 2;Stanislav;1435669556961;unknown;unknown;250-2-7803-8318706;-1;-1;-1;-1;-1;-81
122;Площадь Восстания 2;Stanislav;1435669556961;unknown;unknown;250-2-7803-8318706;-1;-1;-1;-1;-1;-95
122;Площадь Восстания 2;Stanislav;1435669556961;unknown;unknown;250-2-7803-8318706;-1;-1;-1;-1;-1;-105
122;Площадь Восстания 2;Stanislav;1435669556961;unknown;unknown;250-2-7803-8318706;-1;-1;-1;-1;-1;-113
122;Площадь Восстания 2;Stanislav;1435669556961;unknown;unknown;250-2-7803-8318706;-1;-1;-1;-1;-1;-113
