ID;Name;User;TimeStamp;NetworkGen;NetworkType;Active;MCC;MNC;LAC;CID;PSC;Power
1513;Чкаловская 3;Andrey;1435912803829;2G;EDGE;1;250;99;26627;19007;-1;-87
1514;Чкаловская 4;Andrey;1435912814952;2G;EDGE;1;250;99;26627;19007;-1;-85
2191;Сретенский бульвар 1;Andrey;1435912932424;2G;EDGE;1;250;99;26627;19051;-1;-59
2192;Сретенский бульвар 2;Andrey;1435912955431;2G;EDGE;1;250;99;26627;19051;-1;-79
2193;Сретенский бульвар 3;Andrey;1435913021950;2G;EDGE;1;250;99;26627;19051;-1;-75
2194;Сретенский бульвар 4;Andrey;1435913034154;2G;EDGE;1;250;99;26627;19051;-1;-75
1511;Чкаловская 1;Andrey;1435913165966;2G;EDGE;1;250;99;26627;19007;-1;-59
1512;Чкаловская 2;Andrey;1435913178632;2G;EDGE;1;250;99;26627;19007;-1;-69
