ID;Name;User;TimeStamp;NetworkGen;NetworkType;Active;MCC;MNC;LAC;CID;PSC;Power
213;Девяткино 3;Stanislav;1435592584180;2G;EDGE;1;250;1;234;4231;-1;-87
213;Девяткино 3;Stanislav;1435592584180;2G;EDGE;250-1-234-4231;250;1;234;15076;-1;-91
213;Девяткино 3;Stanislav;1435592584180;2G;EDGE;250-1-234-4231;-1;-1;-1;-1;-1;-91
213;Девяткино 3;Stanislav;1435592584180;2G;EDGE;250-1-234-4231;-1;-1;-1;-1;-1;-97
214;Девяткино 4;Stanislav;1435592601603;2G;EDGE;1;250;1;234;15076;-1;-89
214;Девяткино 4;Stanislav;1435592601603;2G;EDGE;250-1-234-15076;250;1;234;15073;-1;-89
214;Девяткино 4;Stanislav;1435592601603;2G;EDGE;250-1-234-15076;250;1;234;23141;-1;-99
214;Девяткино 4;Stanislav;1435592601603;2G;EDGE;250-1-234-15076;-1;-1;-1;-1;-1;-87
214;Девяткино 4;Stanislav;1435592601603;2G;EDGE;250-1-234-15076;250;1;234;2054;-1;-99
214;Девяткино 4;Stanislav;1435592601603;2G;EDGE;250-1-234-15076;250;1;234;4234;-1;-101
201;Гражданский проспект 1;Stanislav;1435592757218;unknown;unknown;1;250;2;7803;22414;-1;-75
201;Гражданский проспект 1;Stanislav;1435592757218;unknown;unknown;250-2-7803-22414;250;2;7803;2757;-1;-95
202;Гражданский проспект 2;Stanislav;1435592771178;3G;HSPA;1;250;1;100;65540057;500;-77
203;Гражданский проспект 3;Stanislav;1435592788809;3G;HSPA;1;250;1;100;65540057;500;-89
204;Гражданский проспект 4;Stanislav;1435592802130;3G;HSPA;1;250;1;100;65540057;500;-73
204;Гражданский проспект 4;Stanislav;1435592802130;3G;HSPA;250-1-100-65540057;-1;-1;-1;-1;500;-75
191;Академическая 1;Stanislav;1435592981689;unknown;unknown;1;250;2;7803;8318249;58;-79
192;Академическая 2;Stanislav;1435592997523;3G;HSPA;1;250;1;100;65570047;510;-75
193;Академическая 3;Stanislav;1435593025264;3G;HSPA;1;250;1;100;65570047;510;-85
193;Академическая 3;Stanislav;1435593025264;3G;HSPA;250-1-100-65570047;-1;-1;-1;-1;510;-71
194;Академическая 4;Stanislav;1435593038518;3G;HSPA;1;250;1;100;65570047;510;-73
194;Академическая 4;Stanislav;1435593038518;3G;HSPA;250-1-100-65570047;-1;-1;-1;-1;510;-83
181;Политехническая 1;Stanislav;1435593107196;unknown;unknown;1;250;2;7803;8291741;74;-73
182;Политехническая 2;Stanislav;1435593121794;3G;HSPA;1;250;1;100;65540037;507;-77
182;Политехническая 2;Stanislav;1435593121794;3G;HSPA;250-1-100-65540037;-1;-1;-1;-1;507;-73
183;Политехническая 3;Stanislav;1435593138592;3G;HSPA;1;250;1;100;65540037;507;-65
183;Политехническая 3;Stanislav;1435593138592;3G;HSPA;250-1-100-65540037;-1;-1;-1;-1;507;-71
184;Политехническая 4;Stanislav;1435593152307;3G;HSPA;1;250;1;100;65540037;507;-51
184;Политехническая 4;Stanislav;1435593152307;3G;HSPA;250-1-100-65540037;-1;-1;-1;-1;507;-51
171;Площадь Мужества 1;Stanislav;1435593231644;unknown;unknown;1;250;2;7803;8322045;103;-75
171;Площадь Мужества 1;Stanislav;1435593231644;unknown;unknown;250-2-7803-8322045;-1;-1;-1;-1;74;-113
172;Площадь Мужества 2;Stanislav;1435593247199;3G;HSPA;1;250;1;100;65570027;502;-71
172;Площадь Мужества 2;Stanislav;1435593247199;3G;HSPA;250-1-100-65570027;-1;-1;-1;-1;502;-69
173;Площадь Мужества 3;Stanislav;1435593271716;3G;HSPA;1;250;1;100;65570027;502;-69
173;Площадь Мужества 3;Stanislav;1435593271716;3G;HSPA;250-1-100-65570027;-1;-1;-1;-1;502;-69
174;Площадь Мужества 4;Stanislav;1435593284771;3G;HSPA;1;250;1;100;65570027;502;-61
174;Площадь Мужества 4;Stanislav;1435593284771;3G;HSPA;250-1-100-65570027;-1;-1;-1;-1;502;-59
161;Лесная 1;Stanislav;1435593415183;3G;HSPA;1;250;1;100;65569697;496;-79
161;Лесная 1;Stanislav;1435593415183;3G;HSPA;250-1-100-65569697;-1;-1;-1;-1;496;-89
162;Лесная 2;Stanislav;1435593429670;3G;HSPA;1;250;1;100;65569697;496;-71
162;Лесная 2;Stanislav;1435593429670;3G;HSPA;250-1-100-65569697;-1;-1;-1;-1;496;-73
163;Лесная 3;Stanislav;1435593469516;3G;HSPA;1;250;1;100;65569697;496;-75
163;Лесная 3;Stanislav;1435593469516;3G;HSPA;250-1-100-65569697;-1;-1;-1;-1;496;-71
164;Лесная 4;Stanislav;1435593482434;3G;HSPA;1;250;1;100;65569697;496;-67
164;Лесная 4;Stanislav;1435593482434;3G;HSPA;250-1-100-65569697;-1;-1;-1;-1;496;-79
151;Выборгская 1;Stanislav;1435593608015;3G;HSPA;1;250;1;100;65570137;411;-89
151;Выборгская 1;Stanislav;1435593608015;3G;HSPA;250-1-100-65570137;-1;-1;-1;-1;411;-97
152;Выборгская 2;Stanislav;1435593612695;3G;HSPA;1;250;1;100;65570137;411;-81
152;Выборгская 2;Stanislav;1435593612695;3G;HSPA;250-1-100-65570137;-1;-1;-1;-1;411;-75
153;Выборгская 3;Stanislav;1435593617698;3G;HSPA;1;250;1;100;65570137;411;-83
153;Выборгская 3;Stanislav;1435593617698;3G;HSPA;250-1-100-65570137;-1;-1;-1;-1;411;-77
154;Выборгская 4;Stanislav;1435593629157;3G;HSPA;1;250;1;100;65570137;411;-61
154;Выборгская 4;Stanislav;1435593629157;3G;HSPA;250-1-100-65570137;-1;-1;-1;-1;411;-57
141;Площадь Ленина 1;Stanislav;1435593728053;unknown;unknown;1;250;2;7803;8318256;109;-79
142;Площадь Ленина 2;Stanislav;1435593743763;unknown;unknown;1;250;2;7803;8318256;109;-79
143;Площадь Ленина 3;Stanislav;1435593763432;unknown;unknown;1;250;2;7803;8291744;284;-75
144;Площадь Ленина 4;Stanislav;1435593779142;unknown;unknown;1;250;2;7803;8291742;131;-93
144;Площадь Ленина 4;Stanislav;1435593779142;unknown;unknown;250-2-7803-8291742;-1;-1;-1;-1;284;-103
131;Чернышевская 1;Stanislav;1435593869097;unknown;unknown;1;250;2;7803;8321277;321;-71
131;Чернышевская 1;Stanislav;1435593869097;unknown;unknown;250-2-7803-8321277;-1;-1;-1;-1;321;-59
131;Чернышевская 1;Stanislav;1435593869097;unknown;unknown;250-2-7803-8321277;-1;-1;-1;-1;196;-61
131;Чернышевская 1;Stanislav;1435593869097;unknown;unknown;250-2-7803-8321277;-1;-1;-1;-1;196;-59
131;Чернышевская 1;Stanislav;1435593869097;unknown;unknown;250-2-7803-8321277;-1;-1;-1;-1;-1;-51
131;Чернышевская 1;Stanislav;1435593869097;unknown;unknown;250-2-7803-8321277;-1;-1;-1;-1;-1;-61
131;Чернышевская 1;Stanislav;1435593869097;unknown;unknown;250-2-7803-8321277;-1;-1;-1;-1;-1;-109
131;Чернышевская 1;Stanislav;1435593869097;unknown;unknown;250-2-7803-8321277;-1;-1;-1;-1;-1;-111
132;Чернышевская 2;Stanislav;1435593881500;3G;HSPA;1;250;1;100;65539677;500;-81
132;Чернышевская 2;Stanislav;1435593881500;3G;HSPA;250-1-100-65539677;-1;-1;-1;-1;500;-79
133;Чернышевская 3;Stanislav;1435593915898;3G;HSPA;1;250;1;100;65569677;500;-79
133;Чернышевская 3;Stanislav;1435593915898;3G;HSPA;250-1-100-65569677;-1;-1;-1;-1;500;-77
134;Чернышевская 4;Stanislav;1435593929772;3G;HSPA;1;250;1;100;65569677;500;-87
134;Чернышевская 4;Stanislav;1435593929772;3G;HSPA;250-1-100-65569677;-1;-1;-1;-1;500;-85
121;Площадь Восстания 1;Stanislav;1435594042200;unknown;unknown;1;250;2;7803;8321894;356;-107
121;Площадь Восстания 1;Stanislav;1435594042200;unknown;unknown;250-2-7803-8321894;-1;-1;-1;-1;356;-71
121;Площадь Восстания 1;Stanislav;1435594042200;unknown;unknown;250-2-7803-8321894;-1;-1;-1;-1;356;-79
122;Площадь Восстания 2;Stanislav;1435594055082;unknown;unknown;1;250;2;7803;8321894;356;-73
122;Площадь Восстания 2;Stanislav;1435594055082;unknown;unknown;250-2-7803-8321894;-1;-1;-1;-1;341;-99
122;Площадь Восстания 2;Stanislav;1435594055082;unknown;unknown;250-2-7803-8321894;-1;-1;-1;-1;356;-91
122;Площадь Восстания 2;Stanislav;1435594055082;unknown;unknown;250-2-7803-8321894;-1;-1;-1;-1;356;-95
122;Площадь Восстания 2;Stanislav;1435594055082;unknown;unknown;250-2-7803-8321894;-1;-1;-1;-1;-1;-65
122;Площадь Восстания 2;Stanislav;1435594055082;unknown;unknown;250-2-7803-8321894;-1;-1;-1;-1;-1;-65
122;Площадь Восстания 2;Stanislav;1435594055082;unknown;unknown;250-2-7803-8321894;-1;-1;-1;-1;-1;-97
122;Площадь Восстания 2;Stanislav;1435594055082;unknown;unknown;250-2-7803-8321894;-1;-1;-1;-1;-1;-99
122;Площадь Восстания 2;Stanislav;1435594055082;unknown;unknown;250-2-7803-8321894;-1;-1;-1;-1;-1;-113
123;Площадь Восстания 3;Stanislav;1435594082051;2G;EDGE;1;250;1;100;3601;-1;-75
124;Площадь Восстания 4;Stanislav;1435594095461;3G;HSPA;1;250;1;100;65569607;-1;-83
111;Владимирская 1;Stanislav;1435594148974;unknown;unknown;1;250;2;7803;8321905;355;-69
112;Владимирская 2;Stanislav;1435594162424;unknown;unknown;1;250;2;7803;8321905;355;-87
113;Владимирская 3;Stanislav;1435594188140;3G;HSPA;1;250;1;100;65569918;504;-95
113;Владимирская 3;Stanislav;1435594188140;3G;HSPA;250-1-100-65569918;-1;-1;-1;-1;504;-97
114;Владимирская 4;Stanislav;1435594203318;3G;HSPA;1;250;1;100;65569918;504;-101
114;Владимирская 4;Stanislav;1435594203318;3G;HSPA;250-1-100-65569918;-1;-1;-1;-1;504;-101
101;Пушкинская 1;Stanislav;1435594277009;3G;HSPA;1;250;1;100;65539627;508;-71
101;Пушкинская 1;Stanislav;1435594277009;3G;HSPA;250-1-100-65539627;-1;-1;-1;-1;508;-69
101;Пушкинская 1;Stanislav;1435594277009;3G;HSPA;250-1-100-65539627;-1;-1;-1;-1;-1;-99
101;Пушкинская 1;Stanislav;1435594277009;3G;HSPA;250-1-100-65539627;-1;-1;-1;-1;-1;-113
102;Пушкинская 2;Stanislav;1435594290795;3G;HSPA;1;250;1;100;65539627;508;-77
102;Пушкинская 2;Stanislav;1435594290795;3G;HSPA;250-1-100-65539627;-1;-1;-1;-1;508;-69
102;Пушкинская 2;Stanislav;1435594290795;3G;HSPA;250-1-100-65539627;-1;-1;-1;-1;-1;-99
102;Пушкинская 2;Stanislav;1435594290795;3G;HSPA;250-1-100-65539627;-1;-1;-1;-1;-1;-113
