ID;Name;User;TimeStamp;Type;Accel_X;Accel_Y;Accel_Z;Azimuth;Pitch;Roll;Magnetic_X;Magnetic_Y;Magnetic_Z;Gyro_X;Gyro_Y;Gyro_Z;GPS_Lat;GPS_Lon;GPS_Alt;GPS_Accuracy;GPS_Speed;GPS_Bearing
213;Девяткино 3;Stanislav;1435592584180;Raw;-0.1569064;7.5707335;7.335374;117.03125;-46.078125;-0.359375;-10.125;16.3125;21.625;NaN;NaN;NaN;NaN;NaN;NaN;NaN;NaN;NaN
214;Девяткино 4;Stanislav;1435592601603;Raw;-0.35303938;6.6292953;8.119906;236.79688;-38.578125;-2.296875;22.25;-10.625;12.625;NaN;NaN;NaN;NaN;NaN;NaN;NaN;NaN;NaN
201;Гражданский проспект 1;Stanislav;1435592757218;Raw;-0.9022118;7.963;6.9823346;203.9375;-48.421875;-3.640625;21.9375;-48.375;21.0;NaN;NaN;NaN;NaN;NaN;NaN;NaN;NaN;NaN
202;Гражданский проспект 2;Stanislav;1435592771178;Raw;1.4121575;5.570177;9.335931;182.92188;-31.796875;5.9375;6.25;-63.75;59.6875;NaN;NaN;NaN;NaN;NaN;NaN;NaN;NaN;NaN
203;Гражданский проспект 3;Stanislav;1435592788809;Raw;1.372931;6.3154826;8.1983595;178.82813;-37.21875;7.515625;8.75;-45.5;60.25;NaN;NaN;NaN;NaN;NaN;NaN;NaN;NaN;NaN
204;Гражданский проспект 4;Stanislav;1435592802130;Raw;5.060231;6.864655;6.0408964;151.39063;-38.546875;28.203125;23.375;15.1875;81.9375;NaN;NaN;NaN;NaN;NaN;NaN;NaN;NaN;NaN
191;Академическая 1;Stanislav;1435592981689;Raw;-0.8629852;5.295591;8.982891;258.70313;-30.390625;-4.703125;73.625;-23.625;-2.9375;NaN;NaN;NaN;NaN;NaN;NaN;NaN;NaN;NaN
192;Академическая 2;Stanislav;1435592997523;Raw;-0.78453195;4.4326057;9.68897;237.09375;-23.96875;-5.328125;64.375;-53.4375;10.625;NaN;NaN;NaN;NaN;NaN;NaN;NaN;NaN;NaN
193;Академическая 3;Stanislav;1435593025264;Raw;0.588399;3.9226599;9.767424;223.9375;-21.78125;3.1875;61.625;-58.5;18.0625;NaN;NaN;NaN;NaN;NaN;NaN;NaN;NaN;NaN
194;Академическая 4;Stanislav;1435593038518;Raw;0.74530536;3.5696206;9.492837;230.28125;-20.578125;4.140625;78.5;-49.25;68.1875;NaN;NaN;NaN;NaN;NaN;NaN;NaN;NaN;NaN
181;Политехническая 1;Stanislav;1435593107196;Raw;-0.2353596;6.158576;8.786758;325.48438;-35.0;-1.234375;40.75;46.75;-48.5625;NaN;NaN;NaN;NaN;NaN;NaN;NaN;NaN;NaN
182;Политехническая 2;Stanislav;1435593121794;Raw;-0.6668522;5.5309505;9.061344;312.14063;-30.421875;-2.75;34.3125;13.4375;-30.375;NaN;NaN;NaN;NaN;NaN;NaN;NaN;NaN;NaN
183;Политехническая 3;Stanislav;1435593138592;Raw;0.19613299;5.0210047;9.335931;313.8125;-28.234375;1.03125;32.625;17.3125;-30.4375;NaN;NaN;NaN;NaN;NaN;NaN;NaN;NaN;NaN
184;Политехническая 4;Stanislav;1435593152307;Raw;-0.8237586;4.707192;10.002783;321.0;-25.984375;-2.328125;34.75;31.875;-23.75;NaN;NaN;NaN;NaN;NaN;NaN;NaN;NaN;NaN
171;Площадь Мужества 1;Stanislav;1435593231644;Raw;-0.78453195;4.5502853;9.061344;334.25;-26.59375;-4.375;64.5625;54.5625;-116.4375;NaN;NaN;NaN;NaN;NaN;NaN;NaN;NaN;NaN
172;Площадь Мужества 2;Stanislav;1435593247199;Raw;0.5491724;5.0994577;9.179024;328.73438;-29.0;2.96875;27.6875;30.3125;-35.5625;NaN;NaN;NaN;NaN;NaN;NaN;NaN;NaN;NaN
173;Площадь Мужества 3;Stanislav;1435593271716;Raw;1.4906107;4.0795665;9.649743;331.6875;-23.9375;6.734375;29.75;45.5;-44.25;NaN;NaN;NaN;NaN;NaN;NaN;NaN;NaN;NaN
174;Площадь Мужества 4;Stanislav;1435593284771;Raw;1.7651969;4.3541527;9.45361;317.42188;-23.96875;8.0625;42.25;50.6875;23.625;NaN;NaN;NaN;NaN;NaN;NaN;NaN;NaN;NaN
161;Лесная 1;Stanislav;1435593415183;Raw;0.5099458;4.864098;9.414384;358.0625;-28.546875;3.921875;2.125;17.375;-74.875;NaN;NaN;NaN;NaN;NaN;NaN;NaN;NaN;NaN
162;Лесная 2;Stanislav;1435593429670;Raw;0.6276256;4.3149257;9.68897;282.82813;-24.125;5.71875;16.75;1.0;-4.9375;NaN;NaN;NaN;NaN;NaN;NaN;NaN;NaN;NaN
163;Лесная 3;Stanislav;1435593469516;Raw;1.1375713;4.118793;9.414384;293.57813;-23.453125;6.28125;23.625;3.3125;-11.75;NaN;NaN;NaN;NaN;NaN;NaN;NaN;NaN;NaN
164;Лесная 4;Stanislav;1435593482434;Raw;0.70607877;4.628739;9.218251;313.57813;-26.640625;4.5625;27.4375;22.0;-9.4375;NaN;NaN;NaN;NaN;NaN;NaN;NaN;NaN;NaN
151;Выборгская 1;Stanislav;1435593608015;Raw;0.588399;3.5696206;10.002783;170.53125;-19.59375;3.15625;-8.9375;-72.6875;61.5;NaN;NaN;NaN;NaN;NaN;NaN;NaN;NaN;NaN
152;Выборгская 2;Stanislav;1435593612695;Raw;0.588399;4.4326057;9.375157;172.29688;-25.171875;2.546875;-7.0;-51.25;53.5625;NaN;NaN;NaN;NaN;NaN;NaN;NaN;NaN;NaN
153;Выборгская 3;Stanislav;1435593617698;Raw;0.8237586;4.5502853;9.649743;176.64063;-24.921875;3.4375;0.75;-45.625;65.0;NaN;NaN;NaN;NaN;NaN;NaN;NaN;NaN;NaN
154;Выборгская 4;Stanislav;1435593629157;Raw;1.5690639;4.275699;9.68897;176.57813;-22.90625;8.359375;15.25;-32.1875;106.3125;NaN;NaN;NaN;NaN;NaN;NaN;NaN;NaN;NaN
141;Площадь Ленина 1;Stanislav;1435593728053;Raw;1.176798;3.8834333;9.885103;177.92188;-20.25;5.71875;0.25;-43.3125;4.1875;NaN;NaN;NaN;NaN;NaN;NaN;NaN;NaN;NaN
142;Площадь Ленина 2;Stanislav;1435593743763;Raw;1.4513842;3.6088471;9.80665;64.140625;-20.4375;5.09375;-56.4375;35.6875;23.3125;NaN;NaN;NaN;NaN;NaN;NaN;NaN;NaN;NaN
143;Площадь Ленина 3;Stanislav;1435593763432;Raw;1.0983448;3.9226599;9.92433;63.984375;-20.640625;8.203125;-14.1875;21.25;35.4375;NaN;NaN;NaN;NaN;NaN;NaN;NaN;NaN;NaN
144;Площадь Ленина 4;Stanislav;1435593779142;Raw;0.8237586;4.275699;9.728196;161.9375;-23.8125;4.90625;2.9375;13.9375;55.4375;NaN;NaN;NaN;NaN;NaN;NaN;NaN;NaN;NaN
131;Чернышевская 1;Stanislav;1435593869097;Raw;-1.5298374;3.6873002;9.610517;305.35938;-19.390625;-8.90625;35.6875;-18.75;-84.5;NaN;NaN;NaN;NaN;NaN;NaN;NaN;NaN;NaN
132;Чернышевская 2;Stanislav;1435593881500;Raw;0.0392266;4.0403395;9.68897;193.20313;-20.1875;1.8125;9.125;-53.5625;-51.0625;NaN;NaN;NaN;NaN;NaN;NaN;NaN;NaN;NaN
133;Чернышевская 3;Stanislav;1435593915898;Raw;0.3138128;3.726527;9.68897;202.09375;-21.0;1.734375;7.25;-42.625;-60.1875;NaN;NaN;NaN;NaN;NaN;NaN;NaN;NaN;NaN
134;Чернышевская 4;Stanislav;1435593929772;Raw;1.1375713;3.5696206;9.5320635;224.0;-19.25;4.8125;19.125;-38.9375;-29.0;NaN;NaN;NaN;NaN;NaN;NaN;NaN;NaN;NaN
121;Площадь Восстания 1;Stanislav;1435594042200;Raw;-0.3138128;4.197246;9.885103;207.48438;-23.125;-1.84375;30.125;-55.75;-12.6875;NaN;NaN;NaN;NaN;NaN;NaN;NaN;NaN;NaN
122;Площадь Восстания 2;Stanislav;1435594055082;Raw;0.5099458;4.511059;9.57129;191.76563;-23.640625;2.484375;13.6875;-73.75;51.875;NaN;NaN;NaN;NaN;NaN;NaN;NaN;NaN;NaN
123;Площадь Восстания 3;Stanislav;1435594082051;Raw;0.8629852;4.0795665;9.885103;181.15625;-22.09375;5.296875;5.4375;-87.4375;114.625;NaN;NaN;NaN;NaN;NaN;NaN;NaN;NaN;NaN
124;Площадь Восстания 4;Stanislav;1435594095461;Raw;0.35303938;3.8442068;9.845877;47.375;-21.328125;1.84375;-29.125;-29.9375;-152.125;NaN;NaN;NaN;NaN;NaN;NaN;NaN;NaN;NaN
111;Владимирская 1;Stanislav;1435594148974;Raw;0.19613299;5.1386843;8.8652115;3.1875;-29.359375;0.359375;-13.3125;-8.9375;-210.75;NaN;NaN;NaN;NaN;NaN;NaN;NaN;NaN;NaN
112;Владимирская 2;Stanislav;1435594162424;Raw;0.98066497;4.981778;9.218251;2.234375;-26.890625;5.46875;-16.25;-37.75;-170.6875;NaN;NaN;NaN;NaN;NaN;NaN;NaN;NaN;NaN
113;Владимирская 3;Stanislav;1435594188140;Raw;0.4314926;2.2751427;10.042009;29.484375;-13.203125;0.609375;-34.0;62.6875;-58.75;NaN;NaN;NaN;NaN;NaN;NaN;NaN;NaN;NaN
114;Владимирская 4;Stanislav;1435594203318;Raw;0.588399;1.9221034;10.434276;92.265625;-10.609375;3.15625;-32.125;0.5;-5.6875;NaN;NaN;NaN;NaN;NaN;NaN;NaN;NaN;NaN
101;Пушкинская 1;Stanislav;1435594277009;Raw;-1.2552512;4.7464185;9.335931;149.98438;-27.0;-5.234375;-35.875;-33.5;60.5;NaN;NaN;NaN;NaN;NaN;NaN;NaN;NaN;NaN
102;Пушкинская 2;Stanislav;1435594290795;Raw;-0.4314926;3.0989013;9.963556;104.734375;-13.53125;-2.96875;-34.9375;-0.0625;30.25;NaN;NaN;NaN;NaN;NaN;NaN;NaN;NaN;NaN
