ID;Name;User;TimeStamp;NetworkGen;NetworkType;Active;MCC;MNC;LAC;CID;PSC;Power
423;Рыбацкое 3;Stanislav;1435588882907;3G;HSPA;1;250;1;232;67624318;12;-87
423;Рыбацкое 3;Stanislav;1435588882907;3G;HSPA;250-1-232-67624318;-1;-1;-1;-1;12;-81
423;Рыбацкое 3;Stanislav;1435588882907;3G;HSPA;250-1-232-67624318;-1;-1;-1;-1;12;-89
423;Рыбацкое 3;Stanislav;1435588882907;3G;HSPA;250-1-232-67624318;-1;-1;-1;-1;252;-95
423;Рыбацкое 3;Stanislav;1435588882907;3G;HSPA;250-1-232-67624318;-1;-1;-1;-1;128;-107
424;Рыбацкое 4;Stanislav;1435588894323;3G;HSPA;1;250;1;232;67624318;12;-79
424;Рыбацкое 4;Stanislav;1435588894323;3G;HSPA;250-1-232-67624318;-1;-1;-1;-1;12;-79
424;Рыбацкое 4;Stanislav;1435588894323;3G;HSPA;250-1-232-67624318;-1;-1;-1;-1;12;-81
424;Рыбацкое 4;Stanislav;1435588894323;3G;HSPA;250-1-232-67624318;-1;-1;-1;-1;128;-99
424;Рыбацкое 4;Stanislav;1435588894323;3G;HSPA;250-1-232-67624318;-1;-1;-1;-1;252;-99
431;Обухово 1;Stanislav;1435589146647;unknown;unknown;1;250;2;7803;8312389;253;-113
431;Обухово 1;Stanislav;1435589146647;unknown;unknown;250-2-7803-8312389;-1;-1;-1;-1;185;-113
432;Обухово 2;Stanislav;1435589161375;3G;HSPA;1;250;1;100;65539867;502;-83
433;Обухово 3;Stanislav;1435589179175;3G;HSPA;1;250;1;100;65569867;502;-75
433;Обухово 3;Stanislav;1435589179175;3G;HSPA;250-1-100-65569867;-1;-1;-1;-1;502;-75
434;Обухово 4;Stanislav;1435589190023;3G;HSPA;1;250;1;100;65569867;502;-69
434;Обухово 4;Stanislav;1435589190023;3G;HSPA;250-1-100-65569867;-1;-1;-1;-1;502;-83
441;Пролетарская 1;Stanislav;1435589313631;3G;HSPA;1;250;1;100;65539857;496;-71
441;Пролетарская 1;Stanislav;1435589313631;3G;HSPA;250-1-100-65539857;-1;-1;-1;-1;496;-75
442;Пролетарская 2;Stanislav;1435589328182;3G;HSPA;1;250;1;100;65539857;496;-77
442;Пролетарская 2;Stanislav;1435589328182;3G;HSPA;250-1-100-65539857;-1;-1;-1;-1;496;-73
443;Пролетарская 3;Stanislav;1435589346739;3G;HSPA;1;250;1;100;65539857;496;-71
443;Пролетарская 3;Stanislav;1435589346739;3G;HSPA;250-1-100-65539857;-1;-1;-1;-1;496;-71
444;Пролетарская 4;Stanislav;1435589356987;3G;HSPA;1;250;1;100;65539857;496;-71
444;Пролетарская 4;Stanislav;1435589356987;3G;HSPA;250-1-100-65539857;-1;-1;-1;-1;496;-73
451;Ломоносовская 1;Stanislav;1435589499834;unknown;unknown;1;250;2;7803;8294910;258;-81
452;Ломоносовская 2;Stanislav;1435589514388;3G;HSPA;1;250;1;100;65539847;505;-97
453;Ломоносовская 3;Stanislav;1435589546163;3G;HSPA;1;250;1;100;65539847;505;-97
453;Ломоносовская 3;Stanislav;1435589546163;3G;HSPA;250-1-100-65539847;-1;-1;-1;-1;505;-93
454;Ломоносовская 4;Stanislav;1435589557117;3G;HSPA;1;250;1;100;65539847;505;-95
454;Ломоносовская 4;Stanislav;1435589557117;3G;HSPA;250-1-100-65539847;-1;-1;-1;-1;505;-99
461;Елизаровская 1;Stanislav;1435589711300;unknown;unknown;1;250;2;7803;8296329;268;-93
462;Елизаровская 2;Stanislav;1435589725245;3G;HSPA;1;250;1;100;65539837;505;-101
462;Елизаровская 2;Stanislav;1435589725245;3G;HSPA;250-1-100-65539837;-1;-1;-1;-1;505;-103
463;Елизаровская 3;Stanislav;1435589758846;3G;HSPA;1;250;1;100;65569837;505;-99
463;Елизаровская 3;Stanislav;1435589758846;3G;HSPA;250-1-100-65569837;-1;-1;-1;-1;505;-105
464;Елизаровская 4;Stanislav;1435589769922;3G;HSPA;1;250;1;100;65569837;505;-113
464;Елизаровская 4;Stanislav;1435589769922;3G;HSPA;250-1-100-65569837;-1;-1;-1;-1;505;-109
471;Площадь Александра Невского (зел) 1;Stanislav;1435589991070;unknown;unknown;1;250;2;7803;8304516;404;-71
472;Площадь Александра Невского (зел) 2;Stanislav;1435590006587;unknown;unknown;1;250;2;7803;8304516;404;-71
473;Площадь Александра Невского (зел) 3;Stanislav;1435590043428;3G;HSPA;1;250;1;100;65539827;501;-113
473;Площадь Александра Невского (зел) 3;Stanislav;1435590043428;3G;HSPA;250-1-100-65539827;-1;-1;-1;-1;501;-113
473;Площадь Александра Невского (зел) 3;Stanislav;1435590043428;3G;HSPA;250-1-100-65539827;-1;-1;-1;-1;-1;-99
473;Площадь Александра Невского (зел) 3;Stanislav;1435590043428;3G;HSPA;250-1-100-65539827;-1;-1;-1;-1;-1;-113
473;Площадь Александра Невского (зел) 3;Stanislav;1435590043428;3G;HSPA;250-1-100-65539827;-1;-1;-1;-1;-1;-113
473;Площадь Александра Невского (зел) 3;Stanislav;1435590043428;3G;HSPA;250-1-100-65539827;-1;-1;-1;-1;-1;-113
473;Площадь Александра Невского (зел) 3;Stanislav;1435590043428;3G;HSPA;250-1-100-65539827;-1;-1;-1;-1;-1;-113
473;Площадь Александра Невского (зел) 3;Stanislav;1435590043428;3G;HSPA;250-1-100-65539827;-1;-1;-1;-1;-1;-113
474;Площадь Александра Невского (зел) 4;Stanislav;1435590054156;2G;EDGE;1;250;1;100;3821;-1;-89
481;Маяковская 1;Stanislav;1435590176964;unknown;unknown;1;250;2;7803;8321897;415;-81
482;Маяковская 2;Stanislav;1435590192305;unknown;unknown;1;250;2;7803;8321896;415;-71
