ID;Name;User;TimeStamp;Type;Accel_X;Accel_Y;Accel_Z;Azimuth;Pitch;Roll;Magnetic_X;Magnetic_Y;Magnetic_Z;Gyro_X;Gyro_Y;Gyro_Z;GPS_Lat;GPS_Lon;GPS_Alt;GPS_Accuracy;GPS_Speed;GPS_Bearing
423;Рыбацкое 3;Stanislav;1435588882907;Raw;0.5099458;3.4519408;9.767424;310.90625;-20.15625;0.140625;21.0625;34.8125;31.625;NaN;NaN;NaN;NaN;NaN;NaN;NaN;NaN;NaN
424;Рыбацкое 4;Stanislav;1435588894323;Raw;3.216581;4.981778;8.825985;303.26563;-27.234375;17.453125;42.125;40.625;44.125;NaN;NaN;NaN;NaN;NaN;NaN;NaN;NaN;NaN
431;Обухово 1;Stanislav;1435589146647;Raw;3.9618864;3.9618864;8.629851;294.28125;-21.78125;22.421875;37.6875;14.25;-52.4375;NaN;NaN;NaN;NaN;NaN;NaN;NaN;NaN;NaN
432;Обухово 2;Stanislav;1435589161375;Raw;4.3149257;3.2950344;9.139797;281.85938;-18.0;23.90625;55.0;24.25;25.625;NaN;NaN;NaN;NaN;NaN;NaN;NaN;NaN;NaN
433;Обухово 3;Stanislav;1435589179175;Raw;3.0596747;4.4718323;9.022118;194.59375;-25.140625;16.859375;41.125;28.625;95.125;NaN;NaN;NaN;NaN;NaN;NaN;NaN;NaN;NaN
434;Обухово 4;Stanislav;1435589190023;Raw;3.6480737;4.118793;8.786758;291.28125;-19.578125;21.546875;58.6875;42.9375;91.75;NaN;NaN;NaN;NaN;NaN;NaN;NaN;NaN;NaN
441;Пролетарская 1;Stanislav;1435589313631;Raw;2.0397832;3.334261;9.492837;278.40625;-16.3125;12.671875;49.0;21.6875;32.75;NaN;NaN;NaN;NaN;NaN;NaN;NaN;NaN;NaN
442;Пролетарская 2;Stanislav;1435589328182;Raw;2.3928225;4.275699;9.45361;293.14063;-23.625;12.953125;35.1875;25.625;42.8125;NaN;NaN;NaN;NaN;NaN;NaN;NaN;NaN;NaN
443;Пролетарская 3;Stanislav;1435589346739;Raw;2.5889556;2.745862;9.610517;309.10938;-15.75;15.515625;36.6875;35.9375;44.75;NaN;NaN;NaN;NaN;NaN;NaN;NaN;NaN;NaN
444;Пролетарская 4;Stanislav;1435589356987;Raw;2.941995;3.2950344;9.767424;299.53125;-17.796875;20.9375;42.5625;37.125;94.3125;NaN;NaN;NaN;NaN;NaN;NaN;NaN;NaN;NaN
451;Ломоносовская 1;Stanislav;1435589499834;Raw;2.353596;3.6873002;9.375157;267.46875;-20.84375;13.09375;34.1875;9.375;33.9375;NaN;NaN;NaN;NaN;NaN;NaN;NaN;NaN;NaN
452;Ломоносовская 2;Stanislav;1435589514388;Raw;2.745862;3.6480737;9.610517;222.53125;-19.515625;13.671875;19.875;-6.1875;29.1875;NaN;NaN;NaN;NaN;NaN;NaN;NaN;NaN;NaN
453;Ломоносовская 3;Stanislav;1435589546163;Raw;3.0989013;3.2950344;9.649743;239.25;-17.5625;17.328125;23.125;10.8125;43.375;NaN;NaN;NaN;NaN;NaN;NaN;NaN;NaN;NaN
454;Ломоносовская 4;Stanislav;1435589557117;Raw;3.334261;4.197246;9.179024;249.17188;-23.359375;16.078125;42.5;14.4375;63.5625;NaN;NaN;NaN;NaN;NaN;NaN;NaN;NaN;NaN
461;Елизаровская 1;Stanislav;1435589711300;Raw;3.4519408;3.3734875;9.414384;242.95313;-16.453125;20.671875;5.5;-18.1875;-29.75;NaN;NaN;NaN;NaN;NaN;NaN;NaN;NaN;NaN
462;Елизаровская 2;Stanislav;1435589725245;Raw;2.5497289;3.6873002;9.414384;237.25;-18.5625;13.21875;2.75;-15.3125;-25.0;NaN;NaN;NaN;NaN;NaN;NaN;NaN;NaN;NaN
463;Елизаровская 3;Stanislav;1435589758846;Raw;2.353596;4.0403395;9.139797;173.73438;-22.5625;15.4375;-9.25;-20.5;-20.25;NaN;NaN;NaN;NaN;NaN;NaN;NaN;NaN;NaN
464;Елизаровская 4;Stanislav;1435589769922;Raw;3.4519408;3.80498;9.257478;179.51563;-20.859375;21.0;-9.5;-16.125;-19.1875;NaN;NaN;NaN;NaN;NaN;NaN;NaN;NaN;NaN
471;Площадь Александра Невского (зел) 1;Stanislav;1435589991070;Raw;4.511059;4.001113;8.747532;181.04688;-22.078125;25.125;-0.625;-37.0;-0.3125;NaN;NaN;NaN;NaN;NaN;NaN;NaN;NaN;NaN
472;Площадь Александра Невского (зел) 2;Stanislav;1435590006587;Raw;5.2563643;4.3541527;8.237586;181.28125;-18.96875;28.140625;-2.125;-28.0625;5.25;NaN;NaN;NaN;NaN;NaN;NaN;NaN;NaN;NaN
473;Площадь Александра Невского (зел) 3;Stanislav;1435590043428;Raw;5.8055367;4.393379;7.963;142.28125;-24.15625;30.6875;-9.375;-20.6875;56.25;NaN;NaN;NaN;NaN;NaN;NaN;NaN;NaN;NaN
474;Площадь Александра Невского (зел) 4;Stanislav;1435590054156;Raw;5.217138;4.001113;7.531507;178.26563;-21.640625;32.359375;49.9375;13.1875;73.4375;NaN;NaN;NaN;NaN;NaN;NaN;NaN;NaN;NaN
481;Маяковская 1;Stanislav;1435590176964;Raw;2.8635418;4.1580195;8.943665;100.96875;-25.296875;17.03125;-38.25;-31.125;-61.0625;NaN;NaN;NaN;NaN;NaN;NaN;NaN;NaN;NaN
482;Маяковская 2;Stanislav;1435590192305;Raw;3.0596747;3.4519408;9.45361;43.34375;-22.90625;15.71875;-13.875;33.6875;28.9375;NaN;NaN;NaN;NaN;NaN;NaN;NaN;NaN;NaN
