ID;Name;User;TimeStamp;NetworkGen;NetworkType;Active;MCC;MNC;LAC;CID;PSC;Power
713;Курская (КЛЦ) 3;md;1418121361509;3G;UMTS;1;250;1;660;6893329;-1;-87
714;Курская (КЛЦ) 4;md;1418121373764;3G;UMTS;1;250;1;660;6893329;-1;-87
721;Таганская (КЛЦ) 1;md;1418121476722;3G;UMTS;1;250;1;660;6892877;-1;-79
722;Таганская (КЛЦ) 2;md;1418121492191;2G;EDGE;1;250;1;660;11011;-1;-77
723;Таганская (КЛЦ) 3;md;1418121530808;3G;UMTS;1;250;1;660;6892877;-1;-87
724;Таганская (КЛЦ) 4;md;1418121541027;3G;UMTS;1;250;1;660;6892877;-1;-89
731;Павелецкая (КЛЦ) 1;md;1418121623688;3G;UMTS;1;250;1;660;6892878;-1;-75
732;Павелецкая (КЛЦ) 2;md;1418121636695;3G;UMTS;1;250;1;660;6913614;-1;-81
733;Павелецкая (КЛЦ) 3;md;1418121668984;3G;UMTS;1;250;1;660;6913614;-1;-75
734;Павелецкая (КЛЦ) 4;md;1418121678680;3G;UMTS;1;250;1;660;6926693;-1;-79
741;Добрынинская 1;md;1418121730001;2G;EDGE;1;250;1;660;11013;-1;-81
741;Добрынинская 1;md;1418121730001;2G;EDGE;250-1-660-11013;250;1;660;11012;-1;-91
742;Добрынинская 2;md;1418121743729;2G;EDGE;1;250;1;660;11013;-1;-69
742;Добрынинская 2;md;1418121743729;2G;EDGE;250-1-660-11013;250;1;660;11012;-1;-101
743;Добрынинская 3;md;1418121781623;3G;UMTS;1;250;1;660;6913615;-1;-87
744;Добрынинская 4;md;1418121791141;3G;UMTS;1;250;1;660;6913615;-1;-83
751;Октябрьская (КЛЦ) 1;md;1418121847790;3G;UMTS;1;250;1;660;6892887;-1;-73
752;Октябрьская (КЛЦ) 2;md;1418121864076;3G;UMTS;1;250;1;660;6892887;-1;-83
983;Октябрьская (КРЛ) 3;md;1418122010781;3G;UMTS;1;250;1;770;6894473;-1;-83
984;Октябрьская (КРЛ) 4;md;1418122025832;2G;EDGE;1;250;1;770;43241;-1;-77
991;Шаболовская 1;md;1418122107035;unknown;unknown;1;-1;-1;-1;-1;-1;-1
992;Шаболовская 2;md;1418122124488;unknown;unknown;1;-1;-1;-1;-1;-1;-1
993;Шаболовская 3;md;1418122143305;2G;EDGE;1;250;1;770;543;-1;-69
994;Шаболовская 4;md;1418122154953;2G;EDGE;1;250;1;770;543;-1;-59
1001;Ленинский проспект 1;md;1418122286131;unknown;unknown;1;-1;-1;-1;-1;-1;-1
1002;Ленинский проспект 2;md;1418122305650;2G;EDGE;1;250;1;770;543;-1;-75
1003;Ленинский проспект 3;md;1418122330448;2G;EDGE;1;250;1;770;543;-1;-75
1004;Ленинский проспект 4;md;1418122337760;2G;EDGE;1;250;1;770;543;-1;-67
1011;Академическая 1;md;1418122478184;unknown;unknown;1;-1;-1;-1;-1;-1;-1
1012;Академическая 2;md;1418122495986;unknown;unknown;1;-1;-1;-1;-1;-1;-1
