ID;Name;User;TimeStamp;NetworkGen;NetworkType;Active;MCC;MNC;LAC;CID;PSC;Power
1954;Бунинская аллея 4;Bishop;1426051360999;3G;UMTS;1;250;1;655;7799017;-1;-77
1941;Улица Горчакова 1;Bishop;1426051420747;3G;UMTS;1;250;1;655;7825709;-1;-67
1942;Улица Горчакова 2;Bishop;1426051435030;3G;UMTS;1;250;1;655;7801533;-1;-73
1943;Улица Горчакова 3;Bishop;1426051454154;3G;UMTS;1;250;1;655;7801533;-1;-69
1944;Улица Горчакова 4;Bishop;1426051469894;3G;UMTS;1;250;1;655;7801533;-1;-75
1931;Бульвар Адмирала Ушакова 1;Bishop;1426051525854;3G;UMTS;1;250;1;655;7801531;-1;-85
1932;Бульвар Адмирала Ушакова 2;Bishop;1426051541162;3G;UMTS;1;250;1;655;7808279;-1;-87
1933;Бульвар Адмирала Ушакова 3;Bishop;1426051558119;3G;UMTS;1;250;1;655;7808279;-1;-77
1934;Бульвар Адмирала Ушакова 4;Bishop;1426051572640;3G;UMTS;1;250;1;655;7808279;-1;-89
1921;Улица Скобелевская 1;Bishop;1426051623476;3G;UMTS;1;250;1;655;7810278;-1;-75
1922;Улица Скобелевская 2;Bishop;1426051639673;3G;UMTS;1;250;1;655;7803662;-1;-65
1923;Улица Скобелевская 3;Bishop;1426051669859;3G;UMTS;1;250;1;655;7810278;-1;-65
1924;Улица Скобелевская 4;Bishop;1426051684319;3G;UMTS;1;250;1;655;7810278;-1;-65
1911;Улица Старокачаловская 1;Bishop;1426051923744;2G;GPRS;1;250;99;26802;4035;-1;-65
1912;Улица Старокачаловская 2;Bishop;1426051936025;2G;GPRS;1;250;99;26802;4035;-1;-61
1643;Бульвар Дмитрия Донского 3;Bishop;1426052173264;3G;HSDPA;1;250;2;7705;10897359;-1;-111
1644;Бульвар Дмитрия Донского 4;Bishop;1426052188386;3G;HSDPA;1;250;2;7705;10897359;-1;-111
1631;Аннино 1;Bishop;1426052291841;2G;GPRS;1;250;99;26802;4036;-1;-57
1632;Аннино 2;Bishop;1426052309370;2G;GPRS;1;250;99;26802;4036;-1;-67
1633;Аннино 3;Bishop;1426052326081;2G;EDGE;1;250;1;770;41831;-1;-71
1634;Аннино 4;Bishop;1426052339908;2G;EDGE;1;250;1;770;41831;-1;-67
1621;Улица Академика Янгеля 1;Bishop;1426052409664;3G;UMTS;1;250;1;770;6892492;-1;-87
1622;Улица Академика Янгеля 2;Bishop;1426052428672;3G;UMTS;1;250;1;770;6892492;-1;-87
1623;Улица Академика Янгеля 3;Bishop;1426052446138;3G;UMTS;1;250;1;770;6892492;-1;-89
1624;Улица Академика Янгеля 4;Bishop;1426052459922;3G;UMTS;1;250;1;770;6892492;-1;-91
1501;Пражская 1;Bishop;1426052607457;2G;EDGE;1;250;1;770;41832;-1;-75
1502;Пражская 2;Bishop;1426052626892;2G;EDGE;1;250;1;770;41832;-1;-83
1503;Пражская 3;Bishop;1426052645735;2G;EDGE;1;250;1;770;41832;-1;-91
1504;Пражская 4;Bishop;1426052660296;2G;EDGE;1;250;1;770;41832;-1;-85
1491;Южная 1;Bishop;1426052726274;unknown;unknown;1;250;1;770;41832;-1;-111
1492;Южная 2;Bishop;1426052747428;2G;EDGE;1;250;1;770;41833;-1;-69
1493;Южная 3;Bishop;1426052766565;2G;EDGE;1;250;1;770;41833;-1;-79
1494;Южная 4;Bishop;1426052780942;2G;EDGE;1;250;1;770;41833;-1;-81
1481;Чертановская 1;Bishop;1426052907304;2G;GPRS;1;250;99;26802;4016;-1;-77
1482;Чертановская 2;Bishop;1426052926704;2G;GPRS;1;250;99;26802;4016;-1;-77
1483;Чертановская 3;Bishop;1426052946248;2G;GPRS;1;250;99;26802;4016;-1;-81
1484;Чертановская 4;Bishop;1426052960125;2G;GPRS;1;250;99;26802;4016;-1;-75
1471;Севастопольская 1;Bishop;1426053049168;2G;GPRS;1;250;99;26802;4015;-1;-73
1472;Севастопольская 2;Bishop;1426053067712;2G;GPRS;1;250;99;26802;4015;-1;-77
1473;Севастопольская 3;Bishop;1426053090370;2G;GPRS;1;250;99;26802;4015;-1;-81
1474;Севастопольская 4;Bishop;1426053104465;2G;GPRS;1;250;99;26802;4015;-1;-79
1461;Нахимовский проспект 1;Bishop;1426053167920;2G;GPRS;1;250;99;26802;4017;-1;-77
1462;Нахимовский проспект 2;Bishop;1426053188974;2G;GPRS;1;250;99;26802;4017;-1;-83
1463;Нахимовский проспект 3;Bishop;1426053206866;3G;UMTS;1;250;1;770;6946717;-1;-87
1464;Нахимовский проспект 4;Bishop;1426053220743;3G;UMTS;1;250;1;770;6946717;-1;-85
1451;Нагорная 1;Bishop;1426053284473;2G;GPRS;1;250;99;26802;4006;-1;-71
1452;Нагорная 2;Bishop;1426053302115;2G;EDGE;1;250;1;770;602;-1;-65
1454;Нагорная 4;Bishop;1426053321294;2G;EDGE;1;250;1;770;602;-1;-71
1454;Нагорная 4;Bishop;1426053335476;2G;EDGE;1;250;1;770;602;-1;-73
1441;Нагатинская 1;Bishop;1426053423808;2G;GPRS;1;250;99;26802;4006;-1;-59
1442;Нагатинская 2;Bishop;1426053441162;2G;EDGE;1;250;1;770;603;-1;-61
1443;Нагатинская 3;Bishop;1426053458733;2G;EDGE;1;250;1;770;603;-1;-77
1444;Нагатинская 4;Bishop;1426053472297;2G;EDGE;1;250;1;770;603;-1;-77
1431;Тульская 1;Bishop;1426053672897;3G;HSDPA;1;250;2;7755;10454337;-1;-105
1432;Тульская 2;Bishop;1426053689101;2G;EDGE;1;250;1;770;603;-1;-95
1433;Тульская 3;Bishop;1426053708932;2G;EDGE;1;250;1;770;603;-1;-69
1434;Тульская 4;Bishop;1426053723036;2G;EDGE;1;250;1;770;603;-1;-69
1421;Серпуховская 1;Bishop;1426053874957;2G;GPRS;1;250;99;26802;19127;-1;-63
1422;Серпуховская 2;Bishop;1426053893916;2G;GPRS;1;250;99;26802;19127;-1;-73
1423;Серпуховская 3;Bishop;1426053919054;2G;EDGE;1;250;1;770;402;-1;-71
1424;Серпуховская 4;Bishop;1426053932977;2G;EDGE;1;250;1;770;402;-1;-65
1411;Полянка 1;Bishop;1426054011299;3G;HSDPA;1;250;2;7754;10555402;-1;-75
1412;Полянка 2;Bishop;1426054027852;3G;HSDPA;1;250;2;7754;10555402;-1;-71
1413;Полянка 3;Bishop;1426054045981;2G;EDGE;1;250;1;770;401;-1;-79
1414;Полянка 4;Bishop;1426054059821;2G;EDGE;1;250;1;770;401;-1;-79
1401;Боровицкая 1;Bishop;1426054147548;2G;EDGE;1;250;1;770;363;-1;-103
1402;Боровицкая 2;Bishop;1426054164682;2G;EDGE;1;250;1;770;363;-1;-85
1403;Боровицкая 3;Bishop;1426054190021;3G;UMTS;1;250;1;770;6899838;-1;-89
1404;Боровицкая 4;Bishop;1426054203734;3G;UMTS;1;250;1;770;6899838;-1;-83
1391;Чеховская 1;Bishop;1426054292677;2G;EDGE;1;250;1;770;362;-1;-91
1392;Чеховская 2;Bishop;1426054308772;3G;UMTS;1;250;1;770;6899839;-1;-85
1193;Пушкинская 3;Bishop;1426054552510;2G;EDGE;1;250;1;770;11273;-1;-75
1194;Пушкинская 4;Bishop;1426054564366;2G;EDGE;1;250;1;770;11273;-1;-75
1201;Баррикадная 1;Bishop;1426054674604;3G;UMTS;1;250;1;770;6893468;-1;-85
1202;Баррикадная 2;Bishop;1426054687245;3G;UMTS;1;250;1;770;6893468;-1;-87
