ID;Name;User;TimeStamp;NetworkGen;NetworkType;Active;MCC;MNC;LAC;CID;PSC;Power
2353;Тропарёво 3;md;1422862660803;3G;UMTS;1;250;1;660;6931680;-1;-85
2354;Тропарёво 4 ;md;1422862671275;3G;UMTS;1;250;1;660;6931680;-1;-79
191;Юго-Западная 1;md;1422862897994;unknown;unknown;1;-1;-1;-1;-1;-1;-1
192;Юго-Западная 2;md;1422862913610;unknown;unknown;1;-1;-1;-1;-1;-1;-1
193;Юго-Западная 3;md;1422862936744;unknown;unknown;1;-1;-1;-1;-1;-1;-1
194;Юго-Западная 4;md;1422862946861;unknown;unknown;1;-1;-1;-1;-1;-1;-1
181;Проспект Вернадского 1;md;1422863063782;unknown;unknown;1;-1;-1;-1;-1;-1;-1
182;Проспект Вернадского 2;md;1422863079973;unknown;unknown;1;-1;-1;-1;-1;-1;-1
183;Проспект Вернадского 3;md;1422863096627;unknown;unknown;1;-1;-1;-1;-1;-1;-1
184;Проспект Вернадского 4;md;1422863106640;unknown;unknown;1;-1;-1;-1;-1;-1;-1
171;Университет 1;md;1422863226456;unknown;unknown;1;-1;-1;-1;-1;-1;-1
172;Университет 2;md;1422863240453;unknown;unknown;1;-1;-1;-1;-1;-1;-1
