ID;Name;User;TimeStamp;Temperature;Humidity;Noise;CO;C4H10;CH4;session_id
1013;Академическая 3;Anna;1435907110540;No data;;;;;;61809984
1014;Академическая 4;Anna;1435907122177;No data;;;;;;61809984
1001;Ленинский проспект 1;Anna;1435907334271;No data;;;;;;61809984
1002;Ленинский проспект 2;Anna;1435907348983;No data;;;;;;61809984
1003;Ленинский проспект 3;Anna;1435907377821;No data;;;;;;61809984
1004;Ленинский проспект 4;Anna;1435907390879;No data;;;;;;61809984
991;Шаболовская 1;Anna;1435907535407;No data;;;;;;61809984
992;Шаболовская 2;Anna;1435907544365;No data;;;;;;61809984
993;Шаболовская 3;Anna;1435907566474;No data;;;;;;61809984
994;Шаболовская 4;Anna;1435907577724;No data;;;;;;61809984
981;Октябрьская (КРЛ) 1;Anna;1435907643949;No data;;;;;;61809984
982;Октябрьская (КРЛ) 2;Anna;1435907653681;No data;;;;;;61809984
753;Октябрьская (КЛЦ) 3;Anna;1435908002743;No data;;;;;;61809984
754;Октябрьская (КЛЦ) 4;Anna;1435908014709;No data;;;;;;61809984
741;Добрынинская 1;Anna;1435908062112;No data;;;;;;61809984
742;Добрынинская 2;Anna;1435908073651;No data;;;;;;61809984
1423;Серпуховская 3;Anna;1435908276039;No data;;;;;;61809984
1424;Серпуховская 4;Anna;1435908290151;No data;;;;;;61809984
1431;Тульская 1;Anna;1435908419766;No data;;;;;;61809984
1432;Тульская 2;Anna;1435908427335;No data;;;;;;61809984
1433;Тульская 3;Anna;1435908451113;No data;;;;;;61809984
1434;Тульская 4;Anna;1435908467604;No data;;;;;;61809984
1441;Нагатинская 1;Anna;1435908652588;No data;;;;;;61809984
1442;Нагатинская 2;Anna;1435908663182;No data;;;;;;61809984
1443;Нагатинская 3;Anna;1435908684921;No data;;;;;;61809984
1444;Нагатинская 4;Anna;1435908700872;No data;;;;;;61809984
1451;Нагорная 1;Anna;1435908780366;No data;;;;;;61809984
1452;Нагорная 2;Anna;1435908793474;No data;;;;;;61809984
1453;Нагорная 3;Anna;1435908821895;No data;;;;;;61809984
1454;Нагорная 4;Anna;1435908835333;No data;;;;;;61809984
1461;Нахимовский проспект 1;Anna;1435908896431;No data;;;;;;61809984
1462;Нахимовский проспект 2;Anna;1435908906861;No data;;;;;;61809984
1463;Нахимовский проспект 3;Anna;1435908929609;No data;;;;;;61809984
1464;Нахимовский проспект 4;Anna;1435908942937;No data;;;;;;61809984
1471;Севастопольская 1;Anna;1435909010769;No data;;;;;;61809984
1472;Севастопольская 2;Anna;1435909019093;No data;;;;;;61809984
263;Каховская 3;Anna;1435909137629;No data;;;;;;61809984
264;Каховская 4;Anna;1435909150292;No data;;;;;;61809984
271;Варшавская 1;Anna;1435909236044;No data;;;;;;61809984
272;Варшавская 2;Anna;1435909254794;No data;;;;;;61809984
273;Варшавская 3;Anna;1435909280651;No data;;;;;;61809984
274;Варшавская 4;Anna;1435909289997;No data;;;;;;61809984
251;Каширская (КХЛ) 1;Anna;1435909422393;No data;;;;;;61809984
252;Каширская (КХЛ) 2;Anna;1435909438143;No data;;;;;;61809984
