ID;Name;User;TimeStamp;Temperature;Humidity;Noise;CO;C4H10;CH4
;ServiceLog;Anna;1435906996507;No data
;ServiceLog;Anna;1435906997588;No data
;ServiceLog;Anna;1435906998604;No data
;ServiceLog;Anna;1435906999687;No data
;ServiceLog;Anna;1435907000699;No data
;ServiceLog;Anna;1435907001778;No data
;ServiceLog;Anna;1435907002789;No data
;ServiceLog;Anna;1435907003865;No data
;ServiceLog;Anna;1435907004877;No data
;ServiceLog;Anna;1435907005955;No data
;ServiceLog;Anna;1435907006967;No data
;ServiceLog;Anna;1435907008001;No data
;ServiceLog;Anna;1435907009014;No data
;ServiceLog;Anna;1435907010082;No data
;ServiceLog;Anna;1435907011092;No data
;ServiceLog;Anna;1435907012165;No data
;ServiceLog;Anna;1435907013183;No data
;ServiceLog;Anna;1435907014258;No data
;ServiceLog;Anna;1435907015268;No data
;ServiceLog;Anna;1435907016340;No data
;ServiceLog;Anna;1435907017351;No data
;ServiceLog;Anna;1435907018430;No data
;ServiceLog;Anna;1435907019440;No data
;ServiceLog;Anna;1435907020511;No data
;ServiceLog;Anna;1435907021520;No data
;ServiceLog;Anna;1435907022599;No data
;ServiceLog;Anna;1435907023609;No data
;ServiceLog;Anna;1435907024689;No data
;ServiceLog;Anna;1435907025699;No data
;ServiceLog;Anna;1435907026779;No data
;ServiceLog;Anna;1435907027792;No data
;ServiceLog;Anna;1435907028873;No data
;ServiceLog;Anna;1435907029893;No data
;ServiceLog;Anna;1435907030970;No data
;ServiceLog;Anna;1435907031985;No data
;ServiceLog;Anna;1435907033055;No data
;ServiceLog;Anna;1435907034068;No data
;ServiceLog;Anna;1435907035158;No data
;ServiceLog;Anna;1435907036167;No data
;ServiceLog;Anna;1435907037252;No data
;ServiceLog;Anna;1435907038264;No data
;ServiceLog;Anna;1435907039336;No data
;ServiceLog;Anna;1435907040348;No data
;ServiceLog;Anna;1435907041425;No data
;ServiceLog;Anna;1435907042436;No data
;ServiceLog;Anna;1435907043521;No data
;ServiceLog;Anna;1435907044535;No data
;ServiceLog;Anna;1435907045617;No data
;ServiceLog;Anna;1435907046628;No data
;ServiceLog;Anna;1435907047707;No data
;ServiceLog;Anna;1435907048717;No data
;ServiceLog;Anna;1435907049806;No data
;ServiceLog;Anna;1435907050815;No data
;ServiceLog;Anna;1435907051891;No data
;ServiceLog;Anna;1435907052900;No data
;ServiceLog;Anna;1435907053989;No data
;ServiceLog;Anna;1435907054999;No data
;ServiceLog;Anna;1435907056081;No data
;ServiceLog;Anna;1435907057091;No data
;ServiceLog;Anna;1435907058174;No data
;ServiceLog;Anna;1435907059193;No data
;ServiceLog;Anna;1435907060271;No data
;ServiceLog;Anna;1435907061281;No data
;ServiceLog;Anna;1435907062358;No data
;ServiceLog;Anna;1435907063369;No data
;ServiceLog;Anna;1435907064448;No data
;ServiceLog;Anna;1435907065458;No data
;ServiceLog;Anna;1435907066535;No data
;ServiceLog;Anna;1435907067545;No data
;ServiceLog;Anna;1435907068620;No data
;ServiceLog;Anna;1435907069639;No data
;ServiceLog;Anna;1435907070713;No data
;ServiceLog;Anna;1435907071722;No data
;ServiceLog;Anna;1435907072801;No data
;ServiceLog;Anna;1435907073811;No data
;ServiceLog;Anna;1435907074903;No data
;ServiceLog;Anna;1435907075913;No data
;ServiceLog;Anna;1435907076991;No data
;ServiceLog;Anna;1435907078000;No data
;ServiceLog;Anna;1435907079076;No data
;ServiceLog;Anna;1435907080087;No data
;ServiceLog;Anna;1435907081172;No data
;ServiceLog;Anna;1435907082186;No data
;ServiceLog;Anna;1435907083267;No data
;ServiceLog;Anna;1435907084288;No data
;ServiceLog;Anna;1435907085368;No data
;ServiceLog;Anna;1435907086377;No data
;ServiceLog;Anna;1435907087455;No data
;ServiceLog;Anna;1435907088467;No data
;ServiceLog;Anna;1435907089550;No data
;ServiceLog;Anna;1435907090581;No data
;ServiceLog;Anna;1435907091660;No data
;ServiceLog;Anna;1435907092672;No data
;ServiceLog;Anna;1435907093745;No data
;ServiceLog;Anna;1435907094766;No data
;ServiceLog;Anna;1435907095836;No data
;ServiceLog;Anna;1435907096846;No data
;ServiceLog;Anna;1435907097918;No data
;ServiceLog;Anna;1435907098930;No data
;ServiceLog;Anna;1435907100022;No data
;ServiceLog;Anna;1435907101057;No data
;ServiceLog;Anna;1435907102088;No data
;ServiceLog;Anna;1435907103103;No data
;ServiceLog;Anna;1435907104195;No data
;ServiceLog;Anna;1435907105207;No data
;ServiceLog;Anna;1435907106286;No data
;ServiceLog;Anna;1435907107298;No data
;ServiceLog;Anna;1435907108328;No data
;ServiceLog;Anna;1435907109340;No data
;ServiceLog;Anna;1435907110374;No data
;ServiceLog;Anna;1435907111385;No data
;ServiceLog;Anna;1435907112459;No data
;ServiceLog;Anna;1435907113470;No data
;ServiceLog;Anna;1435907114560;No data
;ServiceLog;Anna;1435907115570;No data
;ServiceLog;Anna;1435907116659;No data
;ServiceLog;Anna;1435907117672;No data
;ServiceLog;Anna;1435907118744;No data
;ServiceLog;Anna;1435907119762;No data
;ServiceLog;Anna;1435907120842;No data
;ServiceLog;Anna;1435907121853;No data
;ServiceLog;Anna;1435907122925;No data
;ServiceLog;Anna;1435907123936;No data
;ServiceLog;Anna;1435907125021;No data
;ServiceLog;Anna;1435907126034;No data
;ServiceLog;Anna;1435907127066;No data
;ServiceLog;Anna;1435907128078;No data
;ServiceLog;Anna;1435907129113;No data
;ServiceLog;Anna;1435907130134;No data
;ServiceLog;Anna;1435907131209;No data
;ServiceLog;Anna;1435907132222;No data
;ServiceLog;Anna;1435907133302;No data
;ServiceLog;Anna;1435907134313;No data
;ServiceLog;Anna;1435907135401;No data
;ServiceLog;Anna;1435907136410;No data
;ServiceLog;Anna;1435907137447;No data
;ServiceLog;Anna;1435907138456;No data
;ServiceLog;Anna;1435907139487;No data
;ServiceLog;Anna;1435907140497;No data
;ServiceLog;Anna;1435907141588;No data
;ServiceLog;Anna;1435907142600;No data
;ServiceLog;Anna;1435907143638;No data
;ServiceLog;Anna;1435907144649;No data
;ServiceLog;Anna;1435907145724;No data
;ServiceLog;Anna;1435907146736;No data
;ServiceLog;Anna;1435907147764;No data
;ServiceLog;Anna;1435907148773;No data
;ServiceLog;Anna;1435907149841;No data
;ServiceLog;Anna;1435907150851;No data
;ServiceLog;Anna;1435907151890;No data
;ServiceLog;Anna;1435907152906;No data
;ServiceLog;Anna;1435907153982;No data
;ServiceLog;Anna;1435907154992;No data
;ServiceLog;Anna;1435907156068;No data
;ServiceLog;Anna;1435907157080;No data
;ServiceLog;Anna;1435907158164;No data
;ServiceLog;Anna;1435907159176;No data
;ServiceLog;Anna;1435907160259;No data
;ServiceLog;Anna;1435907161268;No data
;ServiceLog;Anna;1435907162349;No data
;ServiceLog;Anna;1435907163363;No data
;ServiceLog;Anna;1435907164405;No data
;ServiceLog;Anna;1435907165415;No data
;ServiceLog;Anna;1435907166490;No data
;ServiceLog;Anna;1435907167502;No data
;ServiceLog;Anna;1435907168539;No data
;ServiceLog;Anna;1435907169551;No data
;ServiceLog;Anna;1435907170631;No data
;ServiceLog;Anna;1435907171645;No data
;ServiceLog;Anna;1435907172714;No data
;ServiceLog;Anna;1435907173734;No data
;ServiceLog;Anna;1435907174805;No data
;ServiceLog;Anna;1435907175823;No data
;ServiceLog;Anna;1435907176863;No data
;ServiceLog;Anna;1435907177882;No data
;ServiceLog;Anna;1435907178909;No data
;ServiceLog;Anna;1435907179921;No data
;ServiceLog;Anna;1435907181003;No data
;ServiceLog;Anna;1435907182014;No data
;ServiceLog;Anna;1435907183107;No data
;ServiceLog;Anna;1435907184119;No data
;ServiceLog;Anna;1435907185202;No data
;ServiceLog;Anna;1435907186222;No data
;ServiceLog;Anna;1435907187302;No data
;ServiceLog;Anna;1435907188312;No data
;ServiceLog;Anna;1435907189339;No data
;ServiceLog;Anna;1435907190352;No data
;ServiceLog;Anna;1435907191433;No data
;ServiceLog;Anna;1435907192443;No data
;ServiceLog;Anna;1435907193517;No data
;ServiceLog;Anna;1435907194530;No data
;ServiceLog;Anna;1435907195641;No data
;ServiceLog;Anna;1435907196658;No data
;ServiceLog;Anna;1435907197739;No data
;ServiceLog;Anna;1435907198751;No data
;ServiceLog;Anna;1435907199781;No data
;ServiceLog;Anna;1435907200796;No data
;ServiceLog;Anna;1435907201864;No data
;ServiceLog;Anna;1435907202877;No data
;ServiceLog;Anna;1435907203911;No data
;ServiceLog;Anna;1435907204930;No data
;ServiceLog;Anna;1435907206000;No data
;ServiceLog;Anna;1435907207014;No data
;ServiceLog;Anna;1435907208096;No data
;ServiceLog;Anna;1435907209109;No data
;ServiceLog;Anna;1435907210190;No data
;ServiceLog;Anna;1435907211201;No data
;ServiceLog;Anna;1435907212277;No data
;ServiceLog;Anna;1435907213292;No data
;ServiceLog;Anna;1435907214376;No data
;ServiceLog;Anna;1435907215386;No data
;ServiceLog;Anna;1435907216425;No data
;ServiceLog;Anna;1435907217436;No data
;ServiceLog;Anna;1435907218507;No data
;ServiceLog;Anna;1435907219517;No data
;ServiceLog;Anna;1435907220605;No data
;ServiceLog;Anna;1435907221615;No data
;ServiceLog;Anna;1435907222693;No data
;ServiceLog;Anna;1435907223708;No data
;ServiceLog;Anna;1435907224785;No data
;ServiceLog;Anna;1435907225795;No data
;ServiceLog;Anna;1435907226868;No data
;ServiceLog;Anna;1435907227879;No data
;ServiceLog;Anna;1435907228958;No data
;ServiceLog;Anna;1435907229968;No data
;ServiceLog;Anna;1435907231051;No data
;ServiceLog;Anna;1435907232060;No data
;ServiceLog;Anna;1435907233141;No data
;ServiceLog;Anna;1435907234153;No data
;ServiceLog;Anna;1435907235226;No data
;ServiceLog;Anna;1435907236245;No data
;ServiceLog;Anna;1435907237317;No data
;ServiceLog;Anna;1435907238327;No data
;ServiceLog;Anna;1435907239410;No data
;ServiceLog;Anna;1435907240421;No data
;ServiceLog;Anna;1435907241502;No data
;ServiceLog;Anna;1435907242515;No data
;ServiceLog;Anna;1435907243785;No data
;ServiceLog;Anna;1435907244797;No data
;ServiceLog;Anna;1435907245875;No data
;ServiceLog;Anna;1435907246895;No data
;ServiceLog;Anna;1435907247959;No data
;ServiceLog;Anna;1435907248969;No data
;ServiceLog;Anna;1435907250045;No data
;ServiceLog;Anna;1435907251057;No data
;ServiceLog;Anna;1435907252153;No data
;ServiceLog;Anna;1435907253164;No data
;ServiceLog;Anna;1435907254236;No data
;ServiceLog;Anna;1435907255251;No data
;ServiceLog;Anna;1435907256325;No data
;ServiceLog;Anna;1435907257336;No data
;ServiceLog;Anna;1435907258413;No data
;ServiceLog;Anna;1435907259429;No data
;ServiceLog;Anna;1435907260512;No data
;ServiceLog;Anna;1435907261525;No data
;ServiceLog;Anna;1435907262599;No data
;ServiceLog;Anna;1435907263611;No data
;ServiceLog;Anna;1435907264688;No data
;ServiceLog;Anna;1435907265701;No data
;ServiceLog;Anna;1435907266779;No data
;ServiceLog;Anna;1435907267793;No data
;ServiceLog;Anna;1435907268866;No data
;ServiceLog;Anna;1435907269879;No data
;ServiceLog;Anna;1435907270951;No data
;ServiceLog;Anna;1435907271973;No data
;ServiceLog;Anna;1435907273042;No data
;ServiceLog;Anna;1435907274055;No data
;ServiceLog;Anna;1435907275129;No data
;ServiceLog;Anna;1435907276141;No data
;ServiceLog;Anna;1435907277231;No data
;ServiceLog;Anna;1435907278243;No data
;ServiceLog;Anna;1435907279318;No data
;ServiceLog;Anna;1435907280331;No data
;ServiceLog;Anna;1435907281407;No data
;ServiceLog;Anna;1435907282418;No data
;ServiceLog;Anna;1435907283504;No data
;ServiceLog;Anna;1435907284516;No data
;ServiceLog;Anna;1435907285602;No data
;ServiceLog;Anna;1435907286611;No data
;ServiceLog;Anna;1435907287700;No data
;ServiceLog;Anna;1435907288713;No data
;ServiceLog;Anna;1435907289789;No data
;ServiceLog;Anna;1435907290798;No data
;ServiceLog;Anna;1435907291874;No data
;ServiceLog;Anna;1435907292885;No data
;ServiceLog;Anna;1435907293956;No data
;ServiceLog;Anna;1435907294967;No data
;ServiceLog;Anna;1435907296052;No data
;ServiceLog;Anna;1435907297070;No data
;ServiceLog;Anna;1435907298147;No data
;ServiceLog;Anna;1435907299158;No data
;ServiceLog;Anna;1435907300230;No data
;ServiceLog;Anna;1435907301240;No data
;ServiceLog;Anna;1435907302327;No data
;ServiceLog;Anna;1435907303338;No data
;ServiceLog;Anna;1435907304426;No data
;ServiceLog;Anna;1435907305442;No data
;ServiceLog;Anna;1435907306514;No data
;ServiceLog;Anna;1435907307534;No data
;ServiceLog;Anna;1435907308607;No data
;ServiceLog;Anna;1435907309617;No data
;ServiceLog;Anna;1435907310694;No data
;ServiceLog;Anna;1435907311703;No data
;ServiceLog;Anna;1435907312788;No data
;ServiceLog;Anna;1435907313797;No data
;ServiceLog;Anna;1435907314878;No data
;ServiceLog;Anna;1435907315888;No data
;ServiceLog;Anna;1435907316972;No data
;ServiceLog;Anna;1435907317995;No data
;ServiceLog;Anna;1435907319059;No data
;ServiceLog;Anna;1435907320085;No data
;ServiceLog;Anna;1435907321157;No data
;ServiceLog;Anna;1435907322167;No data
;ServiceLog;Anna;1435907323244;No data
;ServiceLog;Anna;1435907324255;No data
;ServiceLog;Anna;1435907325327;No data
;ServiceLog;Anna;1435907326336;No data
;ServiceLog;Anna;1435907327411;No data
;ServiceLog;Anna;1435907328423;No data
;ServiceLog;Anna;1435907329496;No data
;ServiceLog;Anna;1435907330506;No data
;ServiceLog;Anna;1435907331581;No data
;ServiceLog;Anna;1435907332601;No data
;ServiceLog;Anna;1435907333678;No data
;ServiceLog;Anna;1435907334691;No data
;ServiceLog;Anna;1435907335762;No data
;ServiceLog;Anna;1435907336772;No data
;ServiceLog;Anna;1435907337854;No data
;ServiceLog;Anna;1435907338864;No data
;ServiceLog;Anna;1435907339937;No data
;ServiceLog;Anna;1435907340948;No data
;ServiceLog;Anna;1435907342025;No data
;ServiceLog;Anna;1435907343043;No data
;ServiceLog;Anna;1435907344123;No data
;ServiceLog;Anna;1435907345132;No data
;ServiceLog;Anna;1435907346203;No data
;ServiceLog;Anna;1435907347214;No data
;ServiceLog;Anna;1435907348290;No data
;ServiceLog;Anna;1435907349301;No data
;ServiceLog;Anna;1435907350377;No data
;ServiceLog;Anna;1435907351388;No data
;ServiceLog;Anna;1435907352467;No data
;ServiceLog;Anna;1435907353477;No data
;ServiceLog;Anna;1435907354561;No data
;ServiceLog;Anna;1435907355573;No data
;ServiceLog;Anna;1435907356645;No data
;ServiceLog;Anna;1435907357655;No data
;ServiceLog;Anna;1435907358744;No data
;ServiceLog;Anna;1435907359753;No data
;ServiceLog;Anna;1435907360834;No data
;ServiceLog;Anna;1435907361843;No data
;ServiceLog;Anna;1435907362933;No data
;ServiceLog;Anna;1435907363943;No data
;ServiceLog;Anna;1435907365011;No data
;ServiceLog;Anna;1435907366022;No data
;ServiceLog;Anna;1435907367050;No data
;ServiceLog;Anna;1435907368072;No data
;ServiceLog;Anna;1435907369117;No data
;ServiceLog;Anna;1435907370129;No data
;ServiceLog;Anna;1435907371186;No data
;ServiceLog;Anna;1435907372197;No data
;ServiceLog;Anna;1435907373278;No data
;ServiceLog;Anna;1435907374289;No data
;ServiceLog;Anna;1435907375364;No data
;ServiceLog;Anna;1435907376379;No data
;ServiceLog;Anna;1435907377413;No data
;ServiceLog;Anna;1435907378425;No data
;ServiceLog;Anna;1435907379463;No data
;ServiceLog;Anna;1435907380475;No data
;ServiceLog;Anna;1435907381547;No data
;ServiceLog;Anna;1435907382559;No data
;ServiceLog;Anna;1435907383639;No data
;ServiceLog;Anna;1435907384650;No data
;ServiceLog;Anna;1435907385727;No data
;ServiceLog;Anna;1435907386738;No data
;ServiceLog;Anna;1435907387815;No data
;ServiceLog;Anna;1435907388833;No data
;ServiceLog;Anna;1435907389911;No data
;ServiceLog;Anna;1435907390923;No data
;ServiceLog;Anna;1435907392000;No data
;ServiceLog;Anna;1435907393012;No data
;ServiceLog;Anna;1435907394096;No data
;ServiceLog;Anna;1435907395110;No data
;ServiceLog;Anna;1435907396139;No data
;ServiceLog;Anna;1435907397149;No data
;ServiceLog;Anna;1435907398228;No data
;ServiceLog;Anna;1435907399247;No data
;ServiceLog;Anna;1435907400284;No data
;ServiceLog;Anna;1435907401295;No data
;ServiceLog;Anna;1435907402377;No data
;ServiceLog;Anna;1435907403391;No data
;ServiceLog;Anna;1435907404467;No data
;ServiceLog;Anna;1435907405478;No data
;ServiceLog;Anna;1435907406565;No data
;ServiceLog;Anna;1435907407576;No data
;ServiceLog;Anna;1435907408646;No data
;ServiceLog;Anna;1435907409661;No data
;ServiceLog;Anna;1435907410695;No data
;ServiceLog;Anna;1435907411706;No data
;ServiceLog;Anna;1435907412773;No data
;ServiceLog;Anna;1435907413784;No data
;ServiceLog;Anna;1435907414816;No data
;ServiceLog;Anna;1435907415825;No data
;ServiceLog;Anna;1435907416902;No data
;ServiceLog;Anna;1435907417922;No data
;ServiceLog;Anna;1435907418998;No data
;ServiceLog;Anna;1435907420010;No data
;ServiceLog;Anna;1435907421086;No data
;ServiceLog;Anna;1435907422095;No data
;ServiceLog;Anna;1435907423175;No data
;ServiceLog;Anna;1435907424185;No data
;ServiceLog;Anna;1435907425217;No data
;ServiceLog;Anna;1435907426229;No data
;ServiceLog;Anna;1435907427309;No data
;ServiceLog;Anna;1435907428320;No data
;ServiceLog;Anna;1435907429346;No data
;ServiceLog;Anna;1435907430361;No data
;ServiceLog;Anna;1435907431436;No data
;ServiceLog;Anna;1435907432447;No data
;ServiceLog;Anna;1435907433484;No data
;ServiceLog;Anna;1435907434496;No data
;ServiceLog;Anna;1435907435579;No data
;ServiceLog;Anna;1435907436589;No data
;ServiceLog;Anna;1435907437672;No data
;ServiceLog;Anna;1435907438690;No data
;ServiceLog;Anna;1435907439765;No data
;ServiceLog;Anna;1435907440777;No data
;ServiceLog;Anna;1435907441850;No data
;ServiceLog;Anna;1435907442862;No data
;ServiceLog;Anna;1435907443936;No data
;ServiceLog;Anna;1435907444947;No data
;ServiceLog;Anna;1435907446075;No data
;ServiceLog;Anna;1435907447113;No data
;ServiceLog;Anna;1435907448153;No data
;ServiceLog;Anna;1435907449161;No data
;ServiceLog;Anna;1435907450240;No data
;ServiceLog;Anna;1435907451252;No data
;ServiceLog;Anna;1435907452348;No data
;ServiceLog;Anna;1435907453359;No data
;ServiceLog;Anna;1435907454437;No data
;ServiceLog;Anna;1435907455447;No data
;ServiceLog;Anna;1435907456531;No data
;ServiceLog;Anna;1435907457547;No data
;ServiceLog;Anna;1435907458594;No data
;ServiceLog;Anna;1435907459605;No data
;ServiceLog;Anna;1435907460687;No data
;ServiceLog;Anna;1435907461699;No data
;ServiceLog;Anna;1435907462784;No data
;ServiceLog;Anna;1435907463803;No data
;ServiceLog;Anna;1435907464833;No data
;ServiceLog;Anna;1435907465845;No data
;ServiceLog;Anna;1435907466918;No data
;ServiceLog;Anna;1435907467929;No data
;ServiceLog;Anna;1435907468964;No data
;ServiceLog;Anna;1435907469976;No data
;ServiceLog;Anna;1435907471049;No data
;ServiceLog;Anna;1435907472061;No data
;ServiceLog;Anna;1435907473140;No data
;ServiceLog;Anna;1435907474152;No data
;ServiceLog;Anna;1435907475192;No data
;ServiceLog;Anna;1435907476203;No data
;ServiceLog;Anna;1435907477279;No data
;ServiceLog;Anna;1435907478289;No data
;ServiceLog;Anna;1435907479324;No data
;ServiceLog;Anna;1435907480336;No data
;ServiceLog;Anna;1435907481414;No data
;ServiceLog;Anna;1435907482427;No data
;ServiceLog;Anna;1435907483506;No data
;ServiceLog;Anna;1435907484527;No data
;ServiceLog;Anna;1435907485605;No data
;ServiceLog;Anna;1435907486621;No data
;ServiceLog;Anna;1435907487698;No data
;ServiceLog;Anna;1435907488707;No data
;ServiceLog;Anna;1435907489795;No data
;ServiceLog;Anna;1435907490805;No data
;ServiceLog;Anna;1435907492050;No data
;ServiceLog;Anna;1435907493062;No data
;ServiceLog;Anna;1435907494137;No data
;ServiceLog;Anna;1435907495163;No data
;ServiceLog;Anna;1435907496247;No data
;ServiceLog;Anna;1435907497257;No data
;ServiceLog;Anna;1435907498339;No data
;ServiceLog;Anna;1435907499350;No data
;ServiceLog;Anna;1435907500379;No data
;ServiceLog;Anna;1435907501391;No data
;ServiceLog;Anna;1435907502463;No data
;ServiceLog;Anna;1435907503475;No data
;ServiceLog;Anna;1435907504545;No data
;ServiceLog;Anna;1435907505558;No data
;ServiceLog;Anna;1435907506615;No data
;ServiceLog;Anna;1435907507644;No data
;ServiceLog;Anna;1435907508673;No data
;ServiceLog;Anna;1435907509685;No data
;ServiceLog;Anna;1435907510766;No data
;ServiceLog;Anna;1435907511782;No data
;ServiceLog;Anna;1435907512855;No data
;ServiceLog;Anna;1435907513868;No data
;ServiceLog;Anna;1435907514966;No data
;ServiceLog;Anna;1435907515976;No data
;ServiceLog;Anna;1435907517045;No data
;ServiceLog;Anna;1435907518055;No data
;ServiceLog;Anna;1435907519086;No data
;ServiceLog;Anna;1435907520097;No data
;ServiceLog;Anna;1435907521180;No data
;ServiceLog;Anna;1435907522197;No data
;ServiceLog;Anna;1435907523286;No data
;ServiceLog;Anna;1435907524315;No data
;ServiceLog;Anna;1435907525387;No data
;ServiceLog;Anna;1435907526399;No data
;ServiceLog;Anna;1435907527480;No data
;ServiceLog;Anna;1435907528491;No data
;ServiceLog;Anna;1435907529571;No data
;ServiceLog;Anna;1435907530580;No data
;ServiceLog;Anna;1435907531611;No data
;ServiceLog;Anna;1435907532628;No data
;ServiceLog;Anna;1435907533702;No data
;ServiceLog;Anna;1435907534713;No data
;ServiceLog;Anna;1435907535743;No data
;ServiceLog;Anna;1435907536753;No data
;ServiceLog;Anna;1435907537830;No data
;ServiceLog;Anna;1435907538845;No data
;ServiceLog;Anna;1435907539920;No data
;ServiceLog;Anna;1435907540931;No data
;ServiceLog;Anna;1435907542009;No data
;ServiceLog;Anna;1435907543023;No data
;ServiceLog;Anna;1435907544103;No data
;ServiceLog;Anna;1435907545120;No data
;ServiceLog;Anna;1435907546150;No data
;ServiceLog;Anna;1435907547161;No data
;ServiceLog;Anna;1435907548238;No data
;ServiceLog;Anna;1435907549250;No data
;ServiceLog;Anna;1435907550383;No data
;ServiceLog;Anna;1435907551396;No data
;ServiceLog;Anna;1435907552410;No data
;ServiceLog;Anna;1435907553490;No data
;ServiceLog;Anna;1435907554501;No data
;ServiceLog;Anna;1435907555535;No data
;ServiceLog;Anna;1435907556548;No data
;ServiceLog;Anna;1435907557636;No data
;ServiceLog;Anna;1435907558646;No data
;ServiceLog;Anna;1435907559715;No data
;ServiceLog;Anna;1435907560725;No data
;ServiceLog;Anna;1435907561804;No data
;ServiceLog;Anna;1435907562822;No data
;ServiceLog;Anna;1435907563895;No data
;ServiceLog;Anna;1435907564909;No data
;ServiceLog;Anna;1435907565938;No data
;ServiceLog;Anna;1435907566948;No data
;ServiceLog;Anna;1435907568026;No data
;ServiceLog;Anna;1435907569055;No data
;ServiceLog;Anna;1435907570142;No data
;ServiceLog;Anna;1435907571156;No data
;ServiceLog;Anna;1435907572188;No data
;ServiceLog;Anna;1435907573201;No data
;ServiceLog;Anna;1435907574237;No data
;ServiceLog;Anna;1435907575255;No data
;ServiceLog;Anna;1435907576350;No data
;ServiceLog;Anna;1435907577361;No data
;ServiceLog;Anna;1435907578442;No data
;ServiceLog;Anna;1435907579454;No data
;ServiceLog;Anna;1435907580532;No data
;ServiceLog;Anna;1435907581544;No data
;ServiceLog;Anna;1435907582648;No data
;ServiceLog;Anna;1435907583659;No data
;ServiceLog;Anna;1435907584736;No data
;ServiceLog;Anna;1435907585754;No data
;ServiceLog;Anna;1435907586785;No data
;ServiceLog;Anna;1435907587799;No data
;ServiceLog;Anna;1435907588834;No data
;ServiceLog;Anna;1435907589850;No data
;ServiceLog;Anna;1435907590888;No data
;ServiceLog;Anna;1435907591903;No data
;ServiceLog;Anna;1435907592980;No data
;ServiceLog;Anna;1435907593991;No data
;ServiceLog;Anna;1435907595068;No data
;ServiceLog;Anna;1435907596078;No data
;ServiceLog;Anna;1435907597158;No data
;ServiceLog;Anna;1435907598168;No data
;ServiceLog;Anna;1435907599251;No data
;ServiceLog;Anna;1435907600263;No data
;ServiceLog;Anna;1435907601291;No data
;ServiceLog;Anna;1435907602302;No data
;ServiceLog;Anna;1435907603383;No data
;ServiceLog;Anna;1435907604393;No data
;ServiceLog;Anna;1435907605468;No data
;ServiceLog;Anna;1435907606487;No data
;ServiceLog;Anna;1435907607516;No data
;ServiceLog;Anna;1435907608526;No data
;ServiceLog;Anna;1435907609561;No data
;ServiceLog;Anna;1435907610578;No data
;ServiceLog;Anna;1435907611769;No data
;ServiceLog;Anna;1435907612800;No data
;ServiceLog;Anna;1435907613827;No data
;ServiceLog;Anna;1435907614838;No data
;ServiceLog;Anna;1435907615917;No data
;ServiceLog;Anna;1435907616927;No data
;ServiceLog;Anna;1435907618010;No data
;ServiceLog;Anna;1435907619023;No data
;ServiceLog;Anna;1435907620099;No data
;ServiceLog;Anna;1435907621117;No data
;ServiceLog;Anna;1435907622150;No data
;ServiceLog;Anna;1435907623161;No data
;ServiceLog;Anna;1435907624243;No data
;ServiceLog;Anna;1435907625255;No data
;ServiceLog;Anna;1435907626328;No data
;ServiceLog;Anna;1435907627341;No data
;ServiceLog;Anna;1435907628377;No data
;ServiceLog;Anna;1435907629389;No data
;ServiceLog;Anna;1435907630473;No data
;ServiceLog;Anna;1435907631484;No data
;ServiceLog;Anna;1435907632562;No data
;ServiceLog;Anna;1435907633576;No data
;ServiceLog;Anna;1435907634624;No data
;ServiceLog;Anna;1435907635857;No data
;ServiceLog;Anna;1435907636893;No data
;ServiceLog;Anna;1435907637903;No data
;ServiceLog;Anna;1435907638939;No data
;ServiceLog;Anna;1435907639949;No data
;ServiceLog;Anna;1435907641038;No data
;ServiceLog;Anna;1435907642049;No data
;ServiceLog;Anna;1435907643075;No data
;ServiceLog;Anna;1435907644086;No data
;ServiceLog;Anna;1435907645160;No data
;ServiceLog;Anna;1435907646173;No data
;ServiceLog;Anna;1435907647255;No data
;ServiceLog;Anna;1435907648267;No data
;ServiceLog;Anna;1435907649346;No data
;ServiceLog;Anna;1435907650357;No data
;ServiceLog;Anna;1435907651443;No data
;ServiceLog;Anna;1435907652454;No data
;ServiceLog;Anna;1435907653542;No data
;ServiceLog;Anna;1435907654556;No data
;ServiceLog;Anna;1435907655647;No data
;ServiceLog;Anna;1435907656657;No data
;ServiceLog;Anna;1435907657687;No data
;ServiceLog;Anna;1435907658699;No data
;ServiceLog;Anna;1435907659784;No data
;ServiceLog;Anna;1435907660795;No data
;ServiceLog;Anna;1435907661870;No data
;ServiceLog;Anna;1435907662890;No data
;ServiceLog;Anna;1435907663965;No data
;ServiceLog;Anna;1435907664976;No data
;ServiceLog;Anna;1435907666042;No data
;ServiceLog;Anna;1435907667052;No data
;ServiceLog;Anna;1435907668136;No data
;ServiceLog;Anna;1435907669147;No data
;ServiceLog;Anna;1435907670221;No data
;ServiceLog;Anna;1435907671252;No data
;ServiceLog;Anna;1435907672328;No data
;ServiceLog;Anna;1435907673347;No data
;ServiceLog;Anna;1435907674425;No data
;ServiceLog;Anna;1435907675437;No data
;ServiceLog;Anna;1435907676519;No data
;ServiceLog;Anna;1435907677530;No data
;ServiceLog;Anna;1435907678617;No data
;ServiceLog;Anna;1435907679627;No data
;ServiceLog;Anna;1435907680703;No data
;ServiceLog;Anna;1435907681713;No data
;ServiceLog;Anna;1435907682788;No data
;ServiceLog;Anna;1435907683809;No data
;ServiceLog;Anna;1435907684884;No data
;ServiceLog;Anna;1435907685894;No data
;ServiceLog;Anna;1435907686966;No data
;ServiceLog;Anna;1435907687976;No data
;ServiceLog;Anna;1435907689043;No data
;ServiceLog;Anna;1435907690052;No data
;ServiceLog;Anna;1435907691135;No data
;ServiceLog;Anna;1435907692144;No data
;ServiceLog;Anna;1435907693219;No data
;ServiceLog;Anna;1435907694234;No data
;ServiceLog;Anna;1435907695306;No data
;ServiceLog;Anna;1435907696326;No data
;ServiceLog;Anna;1435907697415;No data
;ServiceLog;Anna;1435907698424;No data
;ServiceLog;Anna;1435907699501;No data
;ServiceLog;Anna;1435907700533;No data
;ServiceLog;Anna;1435907701614;No data
;ServiceLog;Anna;1435907702624;No data
;ServiceLog;Anna;1435907703690;No data
;ServiceLog;Anna;1435907704709;No data
;ServiceLog;Anna;1435907705787;No data
;ServiceLog;Anna;1435907706807;No data
;ServiceLog;Anna;1435907707888;No data
;ServiceLog;Anna;1435907708899;No data
;ServiceLog;Anna;1435907709979;No data
;ServiceLog;Anna;1435907710989;No data
;ServiceLog;Anna;1435907712077;No data
;ServiceLog;Anna;1435907713089;No data
;ServiceLog;Anna;1435907714170;No data
;ServiceLog;Anna;1435907715179;No data
;ServiceLog;Anna;1435907716260;No data
;ServiceLog;Anna;1435907717271;No data
;ServiceLog;Anna;1435907718344;No data
;ServiceLog;Anna;1435907719353;No data
;ServiceLog;Anna;1435907720430;No data
;ServiceLog;Anna;1435907721444;No data
;ServiceLog;Anna;1435907722523;No data
;ServiceLog;Anna;1435907723536;No data
;ServiceLog;Anna;1435907724624;No data
;ServiceLog;Anna;1435907725634;No data
;ServiceLog;Anna;1435907726715;No data
;ServiceLog;Anna;1435907727725;No data
;ServiceLog;Anna;1435907728957;No data
;ServiceLog;Anna;1435907729966;No data
;ServiceLog;Anna;1435907731048;No data
;ServiceLog;Anna;1435907732067;No data
;ServiceLog;Anna;1435907733145;No data
;ServiceLog;Anna;1435907734154;No data
;ServiceLog;Anna;1435907735223;No data
;ServiceLog;Anna;1435907736233;No data
;ServiceLog;Anna;1435907737331;No data
;ServiceLog;Anna;1435907738341;No data
;ServiceLog;Anna;1435907739417;No data
;ServiceLog;Anna;1435907740427;No data
;ServiceLog;Anna;1435907741494;No data
;ServiceLog;Anna;1435907742513;No data
;ServiceLog;Anna;1435907743588;No data
;ServiceLog;Anna;1435907744598;No data
;ServiceLog;Anna;1435907745679;No data
;ServiceLog;Anna;1435907746695;No data
;ServiceLog;Anna;1435907747766;No data
;ServiceLog;Anna;1435907748775;No data
;ServiceLog;Anna;1435907749849;No data
;ServiceLog;Anna;1435907750858;No data
;ServiceLog;Anna;1435907751945;No data
;ServiceLog;Anna;1435907752958;No data
;ServiceLog;Anna;1435907754035;No data
;ServiceLog;Anna;1435907755045;No data
;ServiceLog;Anna;1435907756116;No data
;ServiceLog;Anna;1435907757136;No data
;ServiceLog;Anna;1435907758222;No data
;ServiceLog;Anna;1435907759232;No data
;ServiceLog;Anna;1435907760304;No data
;ServiceLog;Anna;1435907761316;No data
;ServiceLog;Anna;1435907762395;No data
;ServiceLog;Anna;1435907763404;No data
;ServiceLog;Anna;1435907764478;No data
;ServiceLog;Anna;1435907765489;No data
;ServiceLog;Anna;1435907766566;No data
;ServiceLog;Anna;1435907767586;No data
;ServiceLog;Anna;1435907768673;No data
;ServiceLog;Anna;1435907769683;No data
;ServiceLog;Anna;1435907770759;No data
;ServiceLog;Anna;1435907771769;No data
;ServiceLog;Anna;1435907772853;No data
;ServiceLog;Anna;1435907773862;No data
;ServiceLog;Anna;1435907774935;No data
;ServiceLog;Anna;1435907775945;No data
;ServiceLog;Anna;1435907777014;No data
;ServiceLog;Anna;1435907778025;No data
;ServiceLog;Anna;1435907779099;No data
;ServiceLog;Anna;1435907780110;No data
;ServiceLog;Anna;1435907781184;No data
;ServiceLog;Anna;1435907782194;No data
;ServiceLog;Anna;1435907783271;No data
;ServiceLog;Anna;1435907784281;No data
;ServiceLog;Anna;1435907785363;No data
;ServiceLog;Anna;1435907786373;No data
;ServiceLog;Anna;1435907787451;No data
;ServiceLog;Anna;1435907788463;No data
;ServiceLog;Anna;1435907789534;No data
;ServiceLog;Anna;1435907790545;No data
;ServiceLog;Anna;1435907791621;No data
;ServiceLog;Anna;1435907792645;No data
;ServiceLog;Anna;1435907793722;No data
;ServiceLog;Anna;1435907794732;No data
;ServiceLog;Anna;1435907795811;No data
;ServiceLog;Anna;1435907796822;No data
;ServiceLog;Anna;1435907797907;No data
;ServiceLog;Anna;1435907798917;No data
;ServiceLog;Anna;1435907799999;No data
;ServiceLog;Anna;1435907801010;No data
;ServiceLog;Anna;1435907802087;No data
;ServiceLog;Anna;1435907803097;No data
;ServiceLog;Anna;1435907804180;No data
;ServiceLog;Anna;1435907805189;No data
;ServiceLog;Anna;1435907806217;No data
;ServiceLog;Anna;1435907807229;No data
;ServiceLog;Anna;1435907808310;No data
;ServiceLog;Anna;1435907809322;No data
;ServiceLog;Anna;1435907810398;No data
;ServiceLog;Anna;1435907811415;No data
;ServiceLog;Anna;1435907812486;No data
;ServiceLog;Anna;1435907813495;No data
;ServiceLog;Anna;1435907814575;No data
;ServiceLog;Anna;1435907815585;No data
;ServiceLog;Anna;1435907816659;No data
;ServiceLog;Anna;1435907817677;No data
;ServiceLog;Anna;1435907818758;No data
;ServiceLog;Anna;1435907819768;No data
;ServiceLog;Anna;1435907820853;No data
;ServiceLog;Anna;1435907821864;No data
;ServiceLog;Anna;1435907822969;No data
;ServiceLog;Anna;1435907823985;No data
;ServiceLog;Anna;1435907825056;No data
;ServiceLog;Anna;1435907826065;No data
;ServiceLog;Anna;1435907827135;No data
;ServiceLog;Anna;1435907828155;No data
;ServiceLog;Anna;1435907829224;No data
;ServiceLog;Anna;1435907830235;No data
;ServiceLog;Anna;1435907831304;No data
;ServiceLog;Anna;1435907832316;No data
;ServiceLog;Anna;1435907833401;No data
;ServiceLog;Anna;1435907834413;No data
;ServiceLog;Anna;1435907835488;No data
;ServiceLog;Anna;1435907836499;No data
;ServiceLog;Anna;1435907837585;No data
;ServiceLog;Anna;1435907838595;No data
;ServiceLog;Anna;1435907839665;No data
;ServiceLog;Anna;1435907840674;No data
;ServiceLog;Anna;1435907841744;No data
;ServiceLog;Anna;1435907842754;No data
;ServiceLog;Anna;1435907843822;No data
;ServiceLog;Anna;1435907844831;No data
;ServiceLog;Anna;1435907845906;No data
;ServiceLog;Anna;1435907846917;No data
;ServiceLog;Anna;1435907848014;No data
;ServiceLog;Anna;1435907849025;No data
;ServiceLog;Anna;1435907850100;No data
;ServiceLog;Anna;1435907851112;No data
;ServiceLog;Anna;1435907852185;No data
;ServiceLog;Anna;1435907853205;No data
;ServiceLog;Anna;1435907854275;No data
;ServiceLog;Anna;1435907855285;No data
;ServiceLog;Anna;1435907856357;No data
;ServiceLog;Anna;1435907857367;No data
;ServiceLog;Anna;1435907858442;No data
;ServiceLog;Anna;1435907859452;No data
;ServiceLog;Anna;1435907860532;No data
;ServiceLog;Anna;1435907861541;No data
;ServiceLog;Anna;1435907862613;No data
;ServiceLog;Anna;1435907863667;No data
;ServiceLog;Anna;1435907864711;No data
;ServiceLog;Anna;1435907865722;No data
;ServiceLog;Anna;1435907866751;No data
;ServiceLog;Anna;1435907867765;No data
;ServiceLog;Anna;1435907868800;No data
;ServiceLog;Anna;1435907869810;No data
;ServiceLog;Anna;1435907870888;No data
;ServiceLog;Anna;1435907871899;No data
;ServiceLog;Anna;1435907872988;No data
;ServiceLog;Anna;1435907873998;No data
;ServiceLog;Anna;1435907875075;No data
;ServiceLog;Anna;1435907876085;No data
;ServiceLog;Anna;1435907877169;No data
;ServiceLog;Anna;1435907878188;No data
;ServiceLog;Anna;1435907879221;No data
;ServiceLog;Anna;1435907880232;No data
;ServiceLog;Anna;1435907881307;No data
;ServiceLog;Anna;1435907882319;No data
;ServiceLog;Anna;1435907883350;No data
;ServiceLog;Anna;1435907884361;No data
;ServiceLog;Anna;1435907885441;No data
;ServiceLog;Anna;1435907886454;No data
;ServiceLog;Anna;1435907887534;No data
;ServiceLog;Anna;1435907888556;No data
;ServiceLog;Anna;1435907889628;No data
;ServiceLog;Anna;1435907890640;No data
;ServiceLog;Anna;1435907891714;No data
;ServiceLog;Anna;1435907892729;No data
;ServiceLog;Anna;1435907893818;No data
;ServiceLog;Anna;1435907894829;No data
;ServiceLog;Anna;1435907895857;No data
;ServiceLog;Anna;1435907896868;No data
;ServiceLog;Anna;1435907897947;No data
;ServiceLog;Anna;1435907898961;No data
;ServiceLog;Anna;1435907900032;No data
;ServiceLog;Anna;1435907901041;No data
;ServiceLog;Anna;1435907902117;No data
;ServiceLog;Anna;1435907903137;No data
;ServiceLog;Anna;1435907904234;No data
;ServiceLog;Anna;1435907905254;No data
;ServiceLog;Anna;1435907906330;No data
;ServiceLog;Anna;1435907907341;No data
;ServiceLog;Anna;1435907908422;No data
;ServiceLog;Anna;1435907909434;No data
;ServiceLog;Anna;1435907910507;No data
;ServiceLog;Anna;1435907911517;No data
;ServiceLog;Anna;1435907912599;No data
;ServiceLog;Anna;1435907913624;No data
;ServiceLog;Anna;1435907914700;No data
;ServiceLog;Anna;1435907915711;No data
;ServiceLog;Anna;1435907916784;No data
;ServiceLog;Anna;1435907917794;No data
;ServiceLog;Anna;1435907918879;No data
;ServiceLog;Anna;1435907919890;No data
;ServiceLog;Anna;1435907920968;No data
;ServiceLog;Anna;1435907921978;No data
;ServiceLog;Anna;1435907923056;No data
;ServiceLog;Anna;1435907924076;No data
;ServiceLog;Anna;1435907925156;No data
;ServiceLog;Anna;1435907926166;No data
;ServiceLog;Anna;1435907927239;No data
;ServiceLog;Anna;1435907928249;No data
;ServiceLog;Anna;1435907929324;No data
;ServiceLog;Anna;1435907930339;No data
;ServiceLog;Anna;1435907931420;No data
;ServiceLog;Anna;1435907932430;No data
;ServiceLog;Anna;1435907933510;No data
;ServiceLog;Anna;1435907934519;No data
;ServiceLog;Anna;1435907935600;No data
;ServiceLog;Anna;1435907936610;No data
;ServiceLog;Anna;1435907937686;No data
;ServiceLog;Anna;1435907938705;No data
;ServiceLog;Anna;1435907939773;No data
;ServiceLog;Anna;1435907940784;No data
;ServiceLog;Anna;1435907941859;No data
;ServiceLog;Anna;1435907942870;No data
;ServiceLog;Anna;1435907943969;No data
;ServiceLog;Anna;1435907944979;No data
;ServiceLog;Anna;1435907946055;No data
;ServiceLog;Anna;1435907947065;No data
;ServiceLog;Anna;1435907948136;No data
;ServiceLog;Anna;1435907949156;No data
;ServiceLog;Anna;1435907950241;No data
;ServiceLog;Anna;1435907951251;No data
;ServiceLog;Anna;1435907952336;No data
;ServiceLog;Anna;1435907953347;No data
;ServiceLog;Anna;1435907954429;No data
;ServiceLog;Anna;1435907955438;No data
;ServiceLog;Anna;1435907956516;No data
;ServiceLog;Anna;1435907957526;No data
;ServiceLog;Anna;1435907958610;No data
;ServiceLog;Anna;1435907959621;No data
;ServiceLog;Anna;1435907960701;No data
;ServiceLog;Anna;1435907961711;No data
;ServiceLog;Anna;1435907962800;No data
;ServiceLog;Anna;1435907963812;No data
;ServiceLog;Anna;1435907964888;No data
;ServiceLog;Anna;1435907965897;No data
;ServiceLog;Anna;1435907966975;No data
;ServiceLog;Anna;1435907967987;No data
;ServiceLog;Anna;1435907969072;No data
;ServiceLog;Anna;1435907970084;No data
;ServiceLog;Anna;1435907971161;No data
;ServiceLog;Anna;1435907972182;No data
;ServiceLog;Anna;1435907973407;No data
;ServiceLog;Anna;1435907974418;No data
;ServiceLog;Anna;1435907975495;No data
;ServiceLog;Anna;1435907976505;No data
;ServiceLog;Anna;1435907977580;No data
;ServiceLog;Anna;1435907978592;No data
;ServiceLog;Anna;1435907979664;No data
;ServiceLog;Anna;1435907980674;No data
;ServiceLog;Anna;1435907981749;No data
;ServiceLog;Anna;1435907982771;No data
;ServiceLog;Anna;1435907983846;No data
;ServiceLog;Anna;1435907984857;No data
;ServiceLog;Anna;1435907985943;No data
;ServiceLog;Anna;1435907986955;No data
;ServiceLog;Anna;1435907988041;No data
;ServiceLog;Anna;1435907989052;No data
;ServiceLog;Anna;1435907990129;No data
;ServiceLog;Anna;1435907991143;No data
;ServiceLog;Anna;1435907992221;No data
;ServiceLog;Anna;1435907993233;No data
;ServiceLog;Anna;1435907994307;No data
;ServiceLog;Anna;1435907995321;No data
;ServiceLog;Anna;1435907996404;No data
;ServiceLog;Anna;1435907997416;No data
;ServiceLog;Anna;1435907998501;No data
;ServiceLog;Anna;1435907999513;No data
;ServiceLog;Anna;1435908000593;No data
;ServiceLog;Anna;1435908001611;No data
;ServiceLog;Anna;1435908002687;No data
;ServiceLog;Anna;1435908003698;No data
;ServiceLog;Anna;1435908004777;No data
;ServiceLog;Anna;1435908005789;No data
;ServiceLog;Anna;1435908006867;No data
;ServiceLog;Anna;1435908007877;No data
;ServiceLog;Anna;1435908008958;No data
;ServiceLog;Anna;1435908009979;No data
;ServiceLog;Anna;1435908011055;No data
;ServiceLog;Anna;1435908012066;No data
;ServiceLog;Anna;1435908013135;No data
;ServiceLog;Anna;1435908014146;No data
;ServiceLog;Anna;1435908015221;No data
;ServiceLog;Anna;1435908016248;No data
;ServiceLog;Anna;1435908017326;No data
;ServiceLog;Anna;1435908018338;No data
;ServiceLog;Anna;1435908019422;No data
;ServiceLog;Anna;1435908020434;No data
;ServiceLog;Anna;1435908021509;No data
;ServiceLog;Anna;1435908022534;No data
;ServiceLog;Anna;1435908023613;No data
;ServiceLog;Anna;1435908024623;No data
;ServiceLog;Anna;1435908025697;No data
;ServiceLog;Anna;1435908026709;No data
;ServiceLog;Anna;1435908027798;No data
;ServiceLog;Anna;1435908028810;No data
;ServiceLog;Anna;1435908029903;No data
;ServiceLog;Anna;1435908030913;No data
;ServiceLog;Anna;1435908031949;No data
;ServiceLog;Anna;1435908032961;No data
;ServiceLog;Anna;1435908034040;No data
;ServiceLog;Anna;1435908035050;No data
;ServiceLog;Anna;1435908036132;No data
;ServiceLog;Anna;1435908037143;No data
;ServiceLog;Anna;1435908038186;No data
;ServiceLog;Anna;1435908039198;No data
;ServiceLog;Anna;1435908040301;No data
;ServiceLog;Anna;1435908041311;No data
;ServiceLog;Anna;1435908042387;No data
;ServiceLog;Anna;1435908043398;No data
;ServiceLog;Anna;1435908044479;No data
;ServiceLog;Anna;1435908045498;No data
;ServiceLog;Anna;1435908046540;No data
;ServiceLog;Anna;1435908047550;No data
;ServiceLog;Anna;1435908048582;No data
;ServiceLog;Anna;1435908049593;No data
;ServiceLog;Anna;1435908050672;No data
;ServiceLog;Anna;1435908051683;No data
;ServiceLog;Anna;1435908052759;No data
;ServiceLog;Anna;1435908053771;No data
;ServiceLog;Anna;1435908054848;No data
;ServiceLog;Anna;1435908055860;No data
;ServiceLog;Anna;1435908056940;No data
;ServiceLog;Anna;1435908057951;No data
;ServiceLog;Anna;1435908059029;No data
;ServiceLog;Anna;1435908060047;No data
;ServiceLog;Anna;1435908061129;No data
;ServiceLog;Anna;1435908062145;No data
;ServiceLog;Anna;1435908063177;No data
;ServiceLog;Anna;1435908064195;No data
;ServiceLog;Anna;1435908065240;No data
;ServiceLog;Anna;1435908066260;No data
;ServiceLog;Anna;1435908067334;No data
;ServiceLog;Anna;1435908068344;No data
;ServiceLog;Anna;1435908069382;No data
;ServiceLog;Anna;1435908070391;No data
;ServiceLog;Anna;1435908071485;No data
;ServiceLog;Anna;1435908072497;No data
;ServiceLog;Anna;1435908073589;No data
;ServiceLog;Anna;1435908074600;No data
;ServiceLog;Anna;1435908075679;No data
;ServiceLog;Anna;1435908076690;No data
;ServiceLog;Anna;1435908077767;No data
;ServiceLog;Anna;1435908078777;No data
;ServiceLog;Anna;1435908079854;No data
;ServiceLog;Anna;1435908080864;No data
;ServiceLog;Anna;1435908081940;No data
;ServiceLog;Anna;1435908082950;No data
;ServiceLog;Anna;1435908084030;No data
;ServiceLog;Anna;1435908085053;No data
;ServiceLog;Anna;1435908086129;No data
;ServiceLog;Anna;1435908087141;No data
;ServiceLog;Anna;1435908088221;No data
;ServiceLog;Anna;1435908089233;No data
;ServiceLog;Anna;1435908090316;No data
;ServiceLog;Anna;1435908091327;No data
;ServiceLog;Anna;1435908092408;No data
;ServiceLog;Anna;1435908093420;No data
;ServiceLog;Anna;1435908094498;No data
;ServiceLog;Anna;1435908095507;No data
;ServiceLog;Anna;1435908096585;No data
;ServiceLog;Anna;1435908097596;No data
;ServiceLog;Anna;1435908098676;No data
;ServiceLog;Anna;1435908099687;No data
;ServiceLog;Anna;1435908100778;No data
;ServiceLog;Anna;1435908101788;No data
;ServiceLog;Anna;1435908102875;No data
;ServiceLog;Anna;1435908103886;No data
;ServiceLog;Anna;1435908104959;No data
;ServiceLog;Anna;1435908105984;No data
;ServiceLog;Anna;1435908107059;No data
;ServiceLog;Anna;1435908108068;No data
;ServiceLog;Anna;1435908109150;No data
;ServiceLog;Anna;1435908110160;No data
;ServiceLog;Anna;1435908111235;No data
;ServiceLog;Anna;1435908112245;No data
;ServiceLog;Anna;1435908113321;No data
;ServiceLog;Anna;1435908114331;No data
;ServiceLog;Anna;1435908115407;No data
;ServiceLog;Anna;1435908116418;No data
;ServiceLog;Anna;1435908117494;No data
;ServiceLog;Anna;1435908118503;No data
;ServiceLog;Anna;1435908119577;No data
;ServiceLog;Anna;1435908120598;No data
;ServiceLog;Anna;1435908121678;No data
;ServiceLog;Anna;1435908122689;No data
;ServiceLog;Anna;1435908123765;No data
;ServiceLog;Anna;1435908124777;No data
;ServiceLog;Anna;1435908125859;No data
;ServiceLog;Anna;1435908126870;No data
;ServiceLog;Anna;1435908127950;No data
;ServiceLog;Anna;1435908128962;No data
;ServiceLog;Anna;1435908130031;No data
;ServiceLog;Anna;1435908131052;No data
;ServiceLog;Anna;1435908132143;No data
;ServiceLog;Anna;1435908133155;No data
;ServiceLog;Anna;1435908134186;No data
;ServiceLog;Anna;1435908135196;No data
;ServiceLog;Anna;1435908136276;No data
;ServiceLog;Anna;1435908137286;No data
;ServiceLog;Anna;1435908138361;No data
;ServiceLog;Anna;1435908139372;No data
;ServiceLog;Anna;1435908140444;No data
;ServiceLog;Anna;1435908141454;No data
;ServiceLog;Anna;1435908142528;No data
;ServiceLog;Anna;1435908143541;No data
;ServiceLog;Anna;1435908144619;No data
;ServiceLog;Anna;1435908145629;No data
;ServiceLog;Anna;1435908146709;No data
;ServiceLog;Anna;1435908147718;No data
;ServiceLog;Anna;1435908148795;No data
;ServiceLog;Anna;1435908149807;No data
;ServiceLog;Anna;1435908150907;No data
;ServiceLog;Anna;1435908151919;No data
;ServiceLog;Anna;1435908152996;No data
;ServiceLog;Anna;1435908154006;No data
;ServiceLog;Anna;1435908155078;No data
;ServiceLog;Anna;1435908156134;No data
;ServiceLog;Anna;1435908157204;No data
;ServiceLog;Anna;1435908158213;No data
;ServiceLog;Anna;1435908159285;No data
;ServiceLog;Anna;1435908160295;No data
;ServiceLog;Anna;1435908161370;No data
;ServiceLog;Anna;1435908162380;No data
;ServiceLog;Anna;1435908163453;No data
;ServiceLog;Anna;1435908164463;No data
;ServiceLog;Anna;1435908165549;No data
;ServiceLog;Anna;1435908166561;No data
;ServiceLog;Anna;1435908167645;No data
;ServiceLog;Anna;1435908168656;No data
;ServiceLog;Anna;1435908169727;No data
;ServiceLog;Anna;1435908170738;No data
;ServiceLog;Anna;1435908171816;No data
;ServiceLog;Anna;1435908172835;No data
;ServiceLog;Anna;1435908173904;No data
;ServiceLog;Anna;1435908174915;No data
;ServiceLog;Anna;1435908175984;No data
;ServiceLog;Anna;1435908176994;No data
;ServiceLog;Anna;1435908178076;No data
;ServiceLog;Anna;1435908179086;No data
;ServiceLog;Anna;1435908180154;No data
;ServiceLog;Anna;1435908181172;No data
;ServiceLog;Anna;1435908182244;No data
;ServiceLog;Anna;1435908183253;No data
;ServiceLog;Anna;1435908184328;No data
;ServiceLog;Anna;1435908185338;No data
;ServiceLog;Anna;1435908186415;No data
;ServiceLog;Anna;1435908187434;No data
;ServiceLog;Anna;1435908188506;No data
;ServiceLog;Anna;1435908189518;No data
;ServiceLog;Anna;1435908190594;No data
;ServiceLog;Anna;1435908191611;No data
;ServiceLog;Anna;1435908192683;No data
;ServiceLog;Anna;1435908193696;No data
;ServiceLog;Anna;1435908194769;No data
;ServiceLog;Anna;1435908195778;No data
;ServiceLog;Anna;1435908196866;No data
;ServiceLog;Anna;1435908197876;No data
;ServiceLog;Anna;1435908198963;No data
;ServiceLog;Anna;1435908199974;No data
;ServiceLog;Anna;1435908201048;No data
;ServiceLog;Anna;1435908202058;No data
;ServiceLog;Anna;1435908203135;No data
;ServiceLog;Anna;1435908204144;No data
;ServiceLog;Anna;1435908205226;No data
;ServiceLog;Anna;1435908206236;No data
;ServiceLog;Anna;1435908207509;No data
;ServiceLog;Anna;1435908208519;No data
;ServiceLog;Anna;1435908209595;No data
;ServiceLog;Anna;1435908210605;No data
;ServiceLog;Anna;1435908211678;No data
;ServiceLog;Anna;1435908212694;No data
;ServiceLog;Anna;1435908213773;No data
;ServiceLog;Anna;1435908214782;No data
;ServiceLog;Anna;1435908215854;No data
;ServiceLog;Anna;1435908216873;No data
;ServiceLog;Anna;1435908217948;No data
;ServiceLog;Anna;1435908218959;No data
;ServiceLog;Anna;1435908220034;No data
;ServiceLog;Anna;1435908221044;No data
;ServiceLog;Anna;1435908222127;No data
;ServiceLog;Anna;1435908223137;No data
;ServiceLog;Anna;1435908224217;No data
;ServiceLog;Anna;1435908225228;No data
;ServiceLog;Anna;1435908226316;No data
;ServiceLog;Anna;1435908227325;No data
;ServiceLog;Anna;1435908228399;No data
;ServiceLog;Anna;1435908229408;No data
;ServiceLog;Anna;1435908230487;No data
;ServiceLog;Anna;1435908231497;No data
;ServiceLog;Anna;1435908232574;No data
;ServiceLog;Anna;1435908233583;No data
;ServiceLog;Anna;1435908234660;No data
;ServiceLog;Anna;1435908235673;No data
;ServiceLog;Anna;1435908236745;No data
;ServiceLog;Anna;1435908237755;No data
;ServiceLog;Anna;1435908238825;No data
;ServiceLog;Anna;1435908239835;No data
;ServiceLog;Anna;1435908240913;No data
;ServiceLog;Anna;1435908241922;No data
;ServiceLog;Anna;1435908243000;No data
;ServiceLog;Anna;1435908244010;No data
;ServiceLog;Anna;1435908245097;No data
;ServiceLog;Anna;1435908246107;No data
;ServiceLog;Anna;1435908247183;No data
;ServiceLog;Anna;1435908248193;No data
;ServiceLog;Anna;1435908249269;No data
;ServiceLog;Anna;1435908250279;No data
;ServiceLog;Anna;1435908251364;No data
;ServiceLog;Anna;1435908252375;No data
;ServiceLog;Anna;1435908253448;No data
;ServiceLog;Anna;1435908254465;No data
;ServiceLog;Anna;1435908255532;No data
;ServiceLog;Anna;1435908256551;No data
;ServiceLog;Anna;1435908257624;No data
;ServiceLog;Anna;1435908258636;No data
;ServiceLog;Anna;1435908259714;No data
;ServiceLog;Anna;1435908260724;No data
;ServiceLog;Anna;1435908261797;No data
;ServiceLog;Anna;1435908262809;No data
;ServiceLog;Anna;1435908263896;No data
;ServiceLog;Anna;1435908264911;No data
;ServiceLog;Anna;1435908265997;No data
;ServiceLog;Anna;1435908267007;No data
;ServiceLog;Anna;1435908268090;No data
;ServiceLog;Anna;1435908269101;No data
;ServiceLog;Anna;1435908270180;No data
;ServiceLog;Anna;1435908271200;No data
;ServiceLog;Anna;1435908272277;No data
;ServiceLog;Anna;1435908273288;No data
;ServiceLog;Anna;1435908274371;No data
;ServiceLog;Anna;1435908275381;No data
;ServiceLog;Anna;1435908276460;No data
;ServiceLog;Anna;1435908277471;No data
;ServiceLog;Anna;1435908278550;No data
;ServiceLog;Anna;1435908279559;No data
;ServiceLog;Anna;1435908280640;No data
;ServiceLog;Anna;1435908281660;No data
;ServiceLog;Anna;1435908282741;No data
;ServiceLog;Anna;1435908283752;No data
;ServiceLog;Anna;1435908284826;No data
;ServiceLog;Anna;1435908285837;No data
;ServiceLog;Anna;1435908286924;No data
;ServiceLog;Anna;1435908287935;No data
;ServiceLog;Anna;1435908289007;No data
;ServiceLog;Anna;1435908290016;No data
;ServiceLog;Anna;1435908291098;No data
;ServiceLog;Anna;1435908292108;No data
;ServiceLog;Anna;1435908293184;No data
;ServiceLog;Anna;1435908294193;No data
;ServiceLog;Anna;1435908295272;No data
;ServiceLog;Anna;1435908296292;No data
;ServiceLog;Anna;1435908297369;No data
;ServiceLog;Anna;1435908298378;No data
;ServiceLog;Anna;1435908299456;No data
;ServiceLog;Anna;1435908300466;No data
;ServiceLog;Anna;1435908301544;No data
;ServiceLog;Anna;1435908302556;No data
;ServiceLog;Anna;1435908303636;No data
;ServiceLog;Anna;1435908304645;No data
;ServiceLog;Anna;1435908305718;No data
;ServiceLog;Anna;1435908306738;No data
;ServiceLog;Anna;1435908307814;No data
;ServiceLog;Anna;1435908308824;No data
;ServiceLog;Anna;1435908309901;No data
;ServiceLog;Anna;1435908310911;No data
;ServiceLog;Anna;1435908312002;No data
;ServiceLog;Anna;1435908313097;No data
;ServiceLog;Anna;1435908314179;No data
;ServiceLog;Anna;1435908315190;No data
;ServiceLog;Anna;1435908316264;No data
;ServiceLog;Anna;1435908317276;No data
;ServiceLog;Anna;1435908318346;No data
;ServiceLog;Anna;1435908319359;No data
;ServiceLog;Anna;1435908320474;No data
;ServiceLog;Anna;1435908321483;No data
;ServiceLog;Anna;1435908322519;No data
;ServiceLog;Anna;1435908323530;No data
;ServiceLog;Anna;1435908324578;No data
;ServiceLog;Anna;1435908325608;No data
;ServiceLog;Anna;1435908326643;No data
;ServiceLog;Anna;1435908327659;No data
;ServiceLog;Anna;1435908328740;No data
;ServiceLog;Anna;1435908329755;No data
;ServiceLog;Anna;1435908330837;No data
;ServiceLog;Anna;1435908331852;No data
;ServiceLog;Anna;1435908332937;No data
;ServiceLog;Anna;1435908333948;No data
;ServiceLog;Anna;1435908334978;No data
;ServiceLog;Anna;1435908335989;No data
;ServiceLog;Anna;1435908337079;No data
;ServiceLog;Anna;1435908338090;No data
;ServiceLog;Anna;1435908339118;No data
;ServiceLog;Anna;1435908340128;No data
;ServiceLog;Anna;1435908341171;No data
;ServiceLog;Anna;1435908342199;No data
;ServiceLog;Anna;1435908343276;No data
;ServiceLog;Anna;1435908344292;No data
;ServiceLog;Anna;1435908345373;No data
;ServiceLog;Anna;1435908346383;No data
;ServiceLog;Anna;1435908347412;No data
;ServiceLog;Anna;1435908348425;No data
;ServiceLog;Anna;1435908349497;No data
;ServiceLog;Anna;1435908350508;No data
;ServiceLog;Anna;1435908351585;No data
;ServiceLog;Anna;1435908352597;No data
;ServiceLog;Anna;1435908353684;No data
;ServiceLog;Anna;1435908354703;No data
;ServiceLog;Anna;1435908355776;No data
;ServiceLog;Anna;1435908356793;No data
;ServiceLog;Anna;1435908357879;No data
;ServiceLog;Anna;1435908358895;No data
;ServiceLog;Anna;1435908359974;No data
;ServiceLog;Anna;1435908360993;No data
;ServiceLog;Anna;1435908362030;No data
;ServiceLog;Anna;1435908363040;No data
;ServiceLog;Anna;1435908364068;No data
;ServiceLog;Anna;1435908365079;No data
;ServiceLog;Anna;1435908366174;No data
;ServiceLog;Anna;1435908367191;No data
;ServiceLog;Anna;1435908368267;No data
;ServiceLog;Anna;1435908369277;No data
;ServiceLog;Anna;1435908370362;No data
;ServiceLog;Anna;1435908371372;No data
;ServiceLog;Anna;1435908372448;No data
;ServiceLog;Anna;1435908373457;No data
;ServiceLog;Anna;1435908374536;No data
;ServiceLog;Anna;1435908375547;No data
;ServiceLog;Anna;1435908376629;No data
;ServiceLog;Anna;1435908377647;No data
;ServiceLog;Anna;1435908378677;No data
;ServiceLog;Anna;1435908379688;No data
;ServiceLog;Anna;1435908380717;No data
;ServiceLog;Anna;1435908381727;No data
;ServiceLog;Anna;1435908382811;No data
;ServiceLog;Anna;1435908383822;No data
;ServiceLog;Anna;1435908384865;No data
;ServiceLog;Anna;1435908385877;No data
;ServiceLog;Anna;1435908386957;No data
;ServiceLog;Anna;1435908387967;No data
;ServiceLog;Anna;1435908388997;No data
;ServiceLog;Anna;1435908390008;No data
;ServiceLog;Anna;1435908391039;No data
;ServiceLog;Anna;1435908392051;No data
;ServiceLog;Anna;1435908393135;No data
;ServiceLog;Anna;1435908394146;No data
;ServiceLog;Anna;1435908395188;No data
;ServiceLog;Anna;1435908396198;No data
;ServiceLog;Anna;1435908397277;No data
;ServiceLog;Anna;1435908398288;No data
;ServiceLog;Anna;1435908399318;No data
;ServiceLog;Anna;1435908400327;No data
;ServiceLog;Anna;1435908401368;No data
;ServiceLog;Anna;1435908402379;No data
;ServiceLog;Anna;1435908403453;No data
;ServiceLog;Anna;1435908404472;No data
;ServiceLog;Anna;1435908405563;No data
;ServiceLog;Anna;1435908406578;No data
;ServiceLog;Anna;1435908407661;No data
;ServiceLog;Anna;1435908408671;No data
;ServiceLog;Anna;1435908409744;No data
;ServiceLog;Anna;1435908410754;No data
;ServiceLog;Anna;1435908411789;No data
;ServiceLog;Anna;1435908412803;No data
;ServiceLog;Anna;1435908413875;No data
;ServiceLog;Anna;1435908414886;No data
;ServiceLog;Anna;1435908415979;No data
;ServiceLog;Anna;1435908416992;No data
;ServiceLog;Anna;1435908418270;No data
;ServiceLog;Anna;1435908419280;No data
;ServiceLog;Anna;1435908420357;No data
;ServiceLog;Anna;1435908421368;No data
;ServiceLog;Anna;1435908422444;No data
;ServiceLog;Anna;1435908423454;No data
;ServiceLog;Anna;1435908424537;No data
;ServiceLog;Anna;1435908425549;No data
;ServiceLog;Anna;1435908426632;No data
;ServiceLog;Anna;1435908427644;No data
;ServiceLog;Anna;1435908428679;No data
;ServiceLog;Anna;1435908429691;No data
;ServiceLog;Anna;1435908430775;No data
;ServiceLog;Anna;1435908431786;No data
;ServiceLog;Anna;1435908432820;No data
;ServiceLog;Anna;1435908433835;No data
;ServiceLog;Anna;1435908434870;No data
;ServiceLog;Anna;1435908435879;No data
;ServiceLog;Anna;1435908436961;No data
;ServiceLog;Anna;1435908437975;No data
;ServiceLog;Anna;1435908439054;No data
;ServiceLog;Anna;1435908440075;No data
;ServiceLog;Anna;1435908441154;No data
;ServiceLog;Anna;1435908442166;No data
;ServiceLog;Anna;1435908443234;No data
;ServiceLog;Anna;1435908444246;No data
;ServiceLog;Anna;1435908445318;No data
;ServiceLog;Anna;1435908446328;No data
;ServiceLog;Anna;1435908447365;No data
;ServiceLog;Anna;1435908448376;No data
;ServiceLog;Anna;1435908449408;No data
;ServiceLog;Anna;1435908450417;No data
;ServiceLog;Anna;1435908451499;No data
;ServiceLog;Anna;1435908452514;No data
;ServiceLog;Anna;1435908453615;No data
;ServiceLog;Anna;1435908454625;No data
;ServiceLog;Anna;1435908455650;No data
;ServiceLog;Anna;1435908456660;No data
;ServiceLog;Anna;1435908457741;No data
;ServiceLog;Anna;1435908458762;No data
;ServiceLog;Anna;1435908459836;No data
;ServiceLog;Anna;1435908460851;No data
;ServiceLog;Anna;1435908461929;No data
;ServiceLog;Anna;1435908462939;No data
;ServiceLog;Anna;1435908464023;No data
;ServiceLog;Anna;1435908465034;No data
;ServiceLog;Anna;1435908466061;No data
;ServiceLog;Anna;1435908467071;No data
;ServiceLog;Anna;1435908468145;No data
;ServiceLog;Anna;1435908469162;No data
;ServiceLog;Anna;1435908470242;No data
;ServiceLog;Anna;1435908471252;No data
;ServiceLog;Anna;1435908472327;No data
;ServiceLog;Anna;1435908473337;No data
;ServiceLog;Anna;1435908474383;No data
;ServiceLog;Anna;1435908475394;No data
;ServiceLog;Anna;1435908476422;No data
;ServiceLog;Anna;1435908477434;No data
;ServiceLog;Anna;1435908478524;No data
;ServiceLog;Anna;1435908479541;No data
;ServiceLog;Anna;1435908480571;No data
;ServiceLog;Anna;1435908481582;No data
;ServiceLog;Anna;1435908482612;No data
;ServiceLog;Anna;1435908483630;No data
;ServiceLog;Anna;1435908484705;No data
;ServiceLog;Anna;1435908485717;No data
;ServiceLog;Anna;1435908486813;No data
;ServiceLog;Anna;1435908487825;No data
;ServiceLog;Anna;1435908488908;No data
;ServiceLog;Anna;1435908489919;No data
;ServiceLog;Anna;1435908490999;No data
;ServiceLog;Anna;1435908492011;No data
;ServiceLog;Anna;1435908493088;No data
;ServiceLog;Anna;1435908494105;No data
;ServiceLog;Anna;1435908495173;No data
;ServiceLog;Anna;1435908496184;No data
;ServiceLog;Anna;1435908497216;No data
;ServiceLog;Anna;1435908498227;No data
;ServiceLog;Anna;1435908499323;No data
;ServiceLog;Anna;1435908500336;No data
;ServiceLog;Anna;1435908501372;No data
;ServiceLog;Anna;1435908502383;No data
;ServiceLog;Anna;1435908503415;No data
;ServiceLog;Anna;1435908504425;No data
;ServiceLog;Anna;1435908505511;No data
;ServiceLog;Anna;1435908506522;No data
;ServiceLog;Anna;1435908507564;No data
;ServiceLog;Anna;1435908508575;No data
;ServiceLog;Anna;1435908509649;No data
;ServiceLog;Anna;1435908510660;No data
;ServiceLog;Anna;1435908511732;No data
;ServiceLog;Anna;1435908512744;No data
;ServiceLog;Anna;1435908513771;No data
;ServiceLog;Anna;1435908514788;No data
;ServiceLog;Anna;1435908515858;No data
;ServiceLog;Anna;1435908516873;No data
;ServiceLog;Anna;1435908517918;No data
;ServiceLog;Anna;1435908518928;No data
;ServiceLog;Anna;1435908520019;No data
;ServiceLog;Anna;1435908521031;No data
;ServiceLog;Anna;1435908522111;No data
;ServiceLog;Anna;1435908523121;No data
;ServiceLog;Anna;1435908524202;No data
;ServiceLog;Anna;1435908525222;No data
;ServiceLog;Anna;1435908526293;No data
;ServiceLog;Anna;1435908527304;No data
;ServiceLog;Anna;1435908528374;No data
;ServiceLog;Anna;1435908529386;No data
;ServiceLog;Anna;1435908530460;No data
;ServiceLog;Anna;1435908531469;No data
;ServiceLog;Anna;1435908532550;No data
;ServiceLog;Anna;1435908533561;No data
;ServiceLog;Anna;1435908534633;No data
;ServiceLog;Anna;1435908535641;No data
;ServiceLog;Anna;1435908536720;No data
;ServiceLog;Anna;1435908537734;No data
;ServiceLog;Anna;1435908538760;No data
;ServiceLog;Anna;1435908539769;No data
;ServiceLog;Anna;1435908540800;No data
;ServiceLog;Anna;1435908541815;No data
;ServiceLog;Anna;1435908542857;No data
;ServiceLog;Anna;1435908543866;No data
;ServiceLog;Anna;1435908544944;No data
;ServiceLog;Anna;1435908545955;No data
;ServiceLog;Anna;1435908547025;No data
;ServiceLog;Anna;1435908548034;No data
;ServiceLog;Anna;1435908549103;No data
;ServiceLog;Anna;1435908550118;No data
;ServiceLog;Anna;1435908551181;No data
;ServiceLog;Anna;1435908552230;No data
;ServiceLog;Anna;1435908553294;No data
;ServiceLog;Anna;1435908554341;No data
;ServiceLog;Anna;1435908555429;No data
;ServiceLog;Anna;1435908556485;No data
;ServiceLog;Anna;1435908557557;No data
;ServiceLog;Anna;1435908558613;No data
;ServiceLog;Anna;1435908559693;No data
;ServiceLog;Anna;1435908560742;No data
;ServiceLog;Anna;1435908561812;No data
;ServiceLog;Anna;1435908562862;No data
;ServiceLog;Anna;1435908563926;No data
;ServiceLog;Anna;1435908564991;No data
;ServiceLog;Anna;1435908566061;No data
;ServiceLog;Anna;1435908567102;No data
;ServiceLog;Anna;1435908568173;No data
;ServiceLog;Anna;1435908569215;No data
;ServiceLog;Anna;1435908570305;No data
;ServiceLog;Anna;1435908571385;No data
;ServiceLog;Anna;1435908572461;No data
;ServiceLog;Anna;1435908573509;No data
;ServiceLog;Anna;1435908574597;No data
;ServiceLog;Anna;1435908575653;No data
;ServiceLog;Anna;1435908576719;No data
;ServiceLog;Anna;1435908577773;No data
;ServiceLog;Anna;1435908578838;No data
;ServiceLog;Anna;1435908579877;No data
;ServiceLog;Anna;1435908580963;No data
;ServiceLog;Anna;1435908581998;No data
;ServiceLog;Anna;1435908583054;No data
;ServiceLog;Anna;1435908584102;No data
;ServiceLog;Anna;1435908585174;No data
;ServiceLog;Anna;1435908586231;No data
;ServiceLog;Anna;1435908587302;No data
;ServiceLog;Anna;1435908588373;No data
;ServiceLog;Anna;1435908589445;No data
;ServiceLog;Anna;1435908590496;No data
;ServiceLog;Anna;1435908591589;No data
;ServiceLog;Anna;1435908592637;No data
;ServiceLog;Anna;1435908593709;No data
;ServiceLog;Anna;1435908594751;No data
;ServiceLog;Anna;1435908595813;No data
;ServiceLog;Anna;1435908596871;No data
;ServiceLog;Anna;1435908597934;No data
;ServiceLog;Anna;1435908598983;No data
;ServiceLog;Anna;1435908600069;No data
;ServiceLog;Anna;1435908601147;No data
;ServiceLog;Anna;1435908602221;No data
;ServiceLog;Anna;1435908603287;No data
;ServiceLog;Anna;1435908604358;No data
;ServiceLog;Anna;1435908605406;No data
;ServiceLog;Anna;1435908606478;No data
;ServiceLog;Anna;1435908607552;No data
;ServiceLog;Anna;1435908608614;No data
;ServiceLog;Anna;1435908609662;No data
;ServiceLog;Anna;1435908610736;No data
;ServiceLog;Anna;1435908611781;No data
;ServiceLog;Anna;1435908612830;No data
;ServiceLog;Anna;1435908613861;No data
;ServiceLog;Anna;1435908614922;No data
;ServiceLog;Anna;1435908615960;No data
;ServiceLog;Anna;1435908617022;No data
;ServiceLog;Anna;1435908618067;No data
;ServiceLog;Anna;1435908619107;No data
;ServiceLog;Anna;1435908620118;No data
;ServiceLog;Anna;1435908621195;No data
;ServiceLog;Anna;1435908622216;No data
;ServiceLog;Anna;1435908623291;No data
;ServiceLog;Anna;1435908624302;No data
;ServiceLog;Anna;1435908625381;No data
;ServiceLog;Anna;1435908626391;No data
;ServiceLog;Anna;1435908627470;No data
;ServiceLog;Anna;1435908628480;No data
;ServiceLog;Anna;1435908629521;No data
;ServiceLog;Anna;1435908630535;No data
;ServiceLog;Anna;1435908631608;No data
;ServiceLog;Anna;1435908632628;No data
;ServiceLog;Anna;1435908633723;No data
;ServiceLog;Anna;1435908634735;No data
;ServiceLog;Anna;1435908635804;No data
;ServiceLog;Anna;1435908636828;No data
;ServiceLog;Anna;1435908637908;No data
;ServiceLog;Anna;1435908638920;No data
;ServiceLog;Anna;1435908639994;No data
;ServiceLog;Anna;1435908641006;No data
;ServiceLog;Anna;1435908642042;No data
;ServiceLog;Anna;1435908643052;No data
;ServiceLog;Anna;1435908644085;No data
;ServiceLog;Anna;1435908645096;No data
;ServiceLog;Anna;1435908646131;No data
;ServiceLog;Anna;1435908647143;No data
;ServiceLog;Anna;1435908648226;No data
;ServiceLog;Anna;1435908649235;No data
;ServiceLog;Anna;1435908650317;No data
;ServiceLog;Anna;1435908651327;No data
;ServiceLog;Anna;1435908652406;No data
;ServiceLog;Anna;1435908653417;No data
;ServiceLog;Anna;1435908654454;No data
;ServiceLog;Anna;1435908655465;No data
;ServiceLog;Anna;1435908656543;No data
;ServiceLog;Anna;1435908657554;No data
;ServiceLog;Anna;1435908658590;No data
;ServiceLog;Anna;1435908659603;No data
;ServiceLog;Anna;1435908660638;No data
;ServiceLog;Anna;1435908661647;No data
;ServiceLog;Anna;1435908662731;No data
;ServiceLog;Anna;1435908663741;No data
;ServiceLog;Anna;1435908664811;No data
;ServiceLog;Anna;1435908665821;No data
;ServiceLog;Anna;1435908666915;No data
;ServiceLog;Anna;1435908667928;No data
;ServiceLog;Anna;1435908669011;No data
;ServiceLog;Anna;1435908670047;No data
;ServiceLog;Anna;1435908671126;No data
;ServiceLog;Anna;1435908672148;No data
;ServiceLog;Anna;1435908673230;No data
;ServiceLog;Anna;1435908674241;No data
;ServiceLog;Anna;1435908675274;No data
;ServiceLog;Anna;1435908676286;No data
;ServiceLog;Anna;1435908677314;No data
;ServiceLog;Anna;1435908678327;No data
;ServiceLog;Anna;1435908679408;No data
;ServiceLog;Anna;1435908680419;No data
;ServiceLog;Anna;1435908681451;No data
;ServiceLog;Anna;1435908682463;No data
;ServiceLog;Anna;1435908683535;No data
;ServiceLog;Anna;1435908684552;No data
;ServiceLog;Anna;1435908685624;No data
;ServiceLog;Anna;1435908686640;No data
;ServiceLog;Anna;1435908687719;No data
;ServiceLog;Anna;1435908688729;No data
;ServiceLog;Anna;1435908689810;No data
;ServiceLog;Anna;1435908690821;No data
;ServiceLog;Anna;1435908691857;No data
;ServiceLog;Anna;1435908692870;No data
;ServiceLog;Anna;1435908693904;No data
;ServiceLog;Anna;1435908694915;No data
;ServiceLog;Anna;1435908695993;No data
;ServiceLog;Anna;1435908697012;No data
;ServiceLog;Anna;1435908698082;No data
;ServiceLog;Anna;1435908699093;No data
;ServiceLog;Anna;1435908700130;No data
;ServiceLog;Anna;1435908701141;No data
;ServiceLog;Anna;1435908702234;No data
;ServiceLog;Anna;1435908703246;No data
;ServiceLog;Anna;1435908704318;No data
;ServiceLog;Anna;1435908705328;No data
;ServiceLog;Anna;1435908706374;No data
;ServiceLog;Anna;1435908707392;No data
;ServiceLog;Anna;1435908708463;No data
;ServiceLog;Anna;1435908709479;No data
;ServiceLog;Anna;1435908710514;No data
;ServiceLog;Anna;1435908711525;No data
;ServiceLog;Anna;1435908712606;No data
;ServiceLog;Anna;1435908713617;No data
;ServiceLog;Anna;1435908714701;No data
;ServiceLog;Anna;1435908715715;No data
;ServiceLog;Anna;1435908716793;No data
;ServiceLog;Anna;1435908717804;No data
;ServiceLog;Anna;1435908718876;No data
;ServiceLog;Anna;1435908719890;No data
;ServiceLog;Anna;1435908720918;No data
;ServiceLog;Anna;1435908721935;No data
;ServiceLog;Anna;1435908723009;No data
;ServiceLog;Anna;1435908724021;No data
;ServiceLog;Anna;1435908725050;No data
;ServiceLog;Anna;1435908726064;No data
;ServiceLog;Anna;1435908727159;No data
;ServiceLog;Anna;1435908728171;No data
;ServiceLog;Anna;1435908729249;No data
;ServiceLog;Anna;1435908730261;No data
;ServiceLog;Anna;1435908731342;No data
;ServiceLog;Anna;1435908732352;No data
;ServiceLog;Anna;1435908733386;No data
;ServiceLog;Anna;1435908734410;No data
;ServiceLog;Anna;1435908735494;No data
;ServiceLog;Anna;1435908736515;No data
;ServiceLog;Anna;1435908737594;No data
;ServiceLog;Anna;1435908738613;No data
;ServiceLog;Anna;1435908739680;No data
;ServiceLog;Anna;1435908740690;No data
;ServiceLog;Anna;1435908741734;No data
;ServiceLog;Anna;1435908742792;No data
;ServiceLog;Anna;1435908743824;No data
;ServiceLog;Anna;1435908744834;No data
;ServiceLog;Anna;1435908745913;No data
;ServiceLog;Anna;1435908746925;No data
;ServiceLog;Anna;1435908747957;No data
;ServiceLog;Anna;1435908748969;No data
;ServiceLog;Anna;1435908750055;No data
;ServiceLog;Anna;1435908751083;No data
;ServiceLog;Anna;1435908752164;No data
;ServiceLog;Anna;1435908753175;No data
;ServiceLog;Anna;1435908754245;No data
;ServiceLog;Anna;1435908755258;No data
;ServiceLog;Anna;1435908756334;No data
;ServiceLog;Anna;1435908757345;No data
;ServiceLog;Anna;1435908758376;No data
;ServiceLog;Anna;1435908759389;No data
;ServiceLog;Anna;1435908760445;No data
;ServiceLog;Anna;1435908761455;No data
;ServiceLog;Anna;1435908762485;No data
;ServiceLog;Anna;1435908763501;No data
;ServiceLog;Anna;1435908764543;No data
;ServiceLog;Anna;1435908765553;No data
;ServiceLog;Anna;1435908766625;No data
;ServiceLog;Anna;1435908767637;No data
;ServiceLog;Anna;1435908768720;No data
;ServiceLog;Anna;1435908769732;No data
;ServiceLog;Anna;1435908770801;No data
;ServiceLog;Anna;1435908771813;No data
;ServiceLog;Anna;1435908772848;No data
;ServiceLog;Anna;1435908773860;No data
;ServiceLog;Anna;1435908774947;No data
;ServiceLog;Anna;1435908775959;No data
;ServiceLog;Anna;1435908777041;No data
;ServiceLog;Anna;1435908778051;No data
;ServiceLog;Anna;1435908779087;No data
;ServiceLog;Anna;1435908780098;No data
;ServiceLog;Anna;1435908781190;No data
;ServiceLog;Anna;1435908782202;No data
;ServiceLog;Anna;1435908783287;No data
;ServiceLog;Anna;1435908784298;No data
;ServiceLog;Anna;1435908785376;No data
;ServiceLog;Anna;1435908786388;No data
;ServiceLog;Anna;1435908787472;No data
;ServiceLog;Anna;1435908788484;No data
;ServiceLog;Anna;1435908789577;No data
;ServiceLog;Anna;1435908790587;No data
;ServiceLog;Anna;1435908791615;No data
;ServiceLog;Anna;1435908792626;No data
;ServiceLog;Anna;1435908793733;No data
;ServiceLog;Anna;1435908794743;No data
;ServiceLog;Anna;1435908795821;No data
;ServiceLog;Anna;1435908796833;No data
;ServiceLog;Anna;1435908797905;No data
;ServiceLog;Anna;1435908798922;No data
;ServiceLog;Anna;1435908800001;No data
;ServiceLog;Anna;1435908801014;No data
;ServiceLog;Anna;1435908802043;No data
;ServiceLog;Anna;1435908803056;No data
;ServiceLog;Anna;1435908804083;No data
;ServiceLog;Anna;1435908805091;No data
;ServiceLog;Anna;1435908806173;No data
;ServiceLog;Anna;1435908807183;No data
;ServiceLog;Anna;1435908808256;No data
;ServiceLog;Anna;1435908809267;No data
;ServiceLog;Anna;1435908810293;No data
;ServiceLog;Anna;1435908811306;No data
;ServiceLog;Anna;1435908812385;No data
;ServiceLog;Anna;1435908813397;No data
;ServiceLog;Anna;1435908814479;No data
;ServiceLog;Anna;1435908815491;No data
;ServiceLog;Anna;1435908816538;No data
;ServiceLog;Anna;1435908817548;No data
;ServiceLog;Anna;1435908818602;No data
;ServiceLog;Anna;1435908819611;No data
;ServiceLog;Anna;1435908820689;No data
;ServiceLog;Anna;1435908821701;No data
;ServiceLog;Anna;1435908822749;No data
;ServiceLog;Anna;1435908823771;No data
;ServiceLog;Anna;1435908824849;No data
;ServiceLog;Anna;1435908825865;No data
;ServiceLog;Anna;1435908826955;No data
;ServiceLog;Anna;1435908827967;No data
;ServiceLog;Anna;1435908829065;No data
;ServiceLog;Anna;1435908830079;No data
;ServiceLog;Anna;1435908831114;No data
;ServiceLog;Anna;1435908832130;No data
;ServiceLog;Anna;1435908833209;No data
;ServiceLog;Anna;1435908834229;No data
;ServiceLog;Anna;1435908835311;No data
;ServiceLog;Anna;1435908836325;No data
;ServiceLog;Anna;1435908837366;No data
;ServiceLog;Anna;1435908838378;No data
;ServiceLog;Anna;1435908839464;No data
;ServiceLog;Anna;1435908840475;No data
;ServiceLog;Anna;1435908841502;No data
;ServiceLog;Anna;1435908842514;No data
;ServiceLog;Anna;1435908843556;No data
;ServiceLog;Anna;1435908844568;No data
;ServiceLog;Anna;1435908845651;No data
;ServiceLog;Anna;1435908846661;No data
;ServiceLog;Anna;1435908847757;No data
;ServiceLog;Anna;1435908848774;No data
;ServiceLog;Anna;1435908849875;No data
;ServiceLog;Anna;1435908850887;No data
;ServiceLog;Anna;1435908851964;No data
;ServiceLog;Anna;1435908852975;No data
;ServiceLog;Anna;1435908854059;No data
;ServiceLog;Anna;1435908855070;No data
;ServiceLog;Anna;1435908856147;No data
;ServiceLog;Anna;1435908857157;No data
;ServiceLog;Anna;1435908858187;No data
;ServiceLog;Anna;1435908859206;No data
;ServiceLog;Anna;1435908860238;No data
;ServiceLog;Anna;1435908861250;No data
;ServiceLog;Anna;1435908862319;No data
;ServiceLog;Anna;1435908863339;No data
;ServiceLog;Anna;1435908864416;No data
;ServiceLog;Anna;1435908865429;No data
;ServiceLog;Anna;1435908866462;No data
;ServiceLog;Anna;1435908867473;No data
;ServiceLog;Anna;1435908868545;No data
;ServiceLog;Anna;1435908869557;No data
;ServiceLog;Anna;1435908870666;No data
;ServiceLog;Anna;1435908871698;No data
;ServiceLog;Anna;1435908872735;No data
;ServiceLog;Anna;1435908873745;No data
;ServiceLog;Anna;1435908874815;No data
;ServiceLog;Anna;1435908875825;No data
;ServiceLog;Anna;1435908876854;No data
;ServiceLog;Anna;1435908877865;No data
;ServiceLog;Anna;1435908878954;No data
;ServiceLog;Anna;1435908879976;No data
;ServiceLog;Anna;1435908881065;No data
;ServiceLog;Anna;1435908882076;No data
;ServiceLog;Anna;1435908883107;No data
;ServiceLog;Anna;1435908884120;No data
;ServiceLog;Anna;1435908885157;No data
;ServiceLog;Anna;1435908886187;No data
;ServiceLog;Anna;1435908887265;No data
;ServiceLog;Anna;1435908888276;No data
;ServiceLog;Anna;1435908889348;No data
;ServiceLog;Anna;1435908890362;No data
;ServiceLog;Anna;1435908891387;No data
;ServiceLog;Anna;1435908892401;No data
;ServiceLog;Anna;1435908893469;No data
;ServiceLog;Anna;1435908894489;No data
;ServiceLog;Anna;1435908895545;No data
;ServiceLog;Anna;1435908896562;No data
;ServiceLog;Anna;1435908897604;No data
;ServiceLog;Anna;1435908898621;No data
;ServiceLog;Anna;1435908899695;No data
;ServiceLog;Anna;1435908900718;No data
;ServiceLog;Anna;1435908901752;No data
;ServiceLog;Anna;1435908902762;No data
;ServiceLog;Anna;1435908903855;No data
;ServiceLog;Anna;1435908904865;No data
;ServiceLog;Anna;1435908905951;No data
;ServiceLog;Anna;1435908906963;No data
;ServiceLog;Anna;1435908908035;No data
;ServiceLog;Anna;1435908909048;No data
;ServiceLog;Anna;1435908910133;No data
;ServiceLog;Anna;1435908911144;No data
;ServiceLog;Anna;1435908912210;No data
;ServiceLog;Anna;1435908913221;No data
;ServiceLog;Anna;1435908914251;No data
;ServiceLog;Anna;1435908915272;No data
;ServiceLog;Anna;1435908916344;No data
;ServiceLog;Anna;1435908917356;No data
;ServiceLog;Anna;1435908918386;No data
;ServiceLog;Anna;1435908919398;No data
;ServiceLog;Anna;1435908920473;No data
;ServiceLog;Anna;1435908921483;No data
;ServiceLog;Anna;1435908922567;No data
;ServiceLog;Anna;1435908923580;No data
;ServiceLog;Anna;1435908924667;No data
;ServiceLog;Anna;1435908925684;No data
;ServiceLog;Anna;1435908926921;No data
;ServiceLog;Anna;1435908927933;No data
;ServiceLog;Anna;1435908929008;No data
;ServiceLog;Anna;1435908930019;No data
;ServiceLog;Anna;1435908931048;No data
;ServiceLog;Anna;1435908932058;No data
;ServiceLog;Anna;1435908933148;No data
;ServiceLog;Anna;1435908934160;No data
;ServiceLog;Anna;1435908935201;No data
;ServiceLog;Anna;1435908936214;No data
;ServiceLog;Anna;1435908937243;No data
;ServiceLog;Anna;1435908938257;No data
;ServiceLog;Anna;1435908939346;No data
;ServiceLog;Anna;1435908940356;No data
;ServiceLog;Anna;1435908941441;No data
;ServiceLog;Anna;1435908942455;No data
;ServiceLog;Anna;1435908943538;No data
;ServiceLog;Anna;1435908944556;No data
;ServiceLog;Anna;1435908945649;No data
;ServiceLog;Anna;1435908946660;No data
;ServiceLog;Anna;1435908947743;No data
;ServiceLog;Anna;1435908948755;No data
;ServiceLog;Anna;1435908949787;No data
;ServiceLog;Anna;1435908950797;No data
;ServiceLog;Anna;1435908951828;No data
;ServiceLog;Anna;1435908952849;No data
;ServiceLog;Anna;1435908953884;No data
;ServiceLog;Anna;1435908954896;No data
;ServiceLog;Anna;1435908955967;No data
;ServiceLog;Anna;1435908956995;No data
;ServiceLog;Anna;1435908958102;No data
;ServiceLog;Anna;1435908959115;No data
;ServiceLog;Anna;1435908960189;No data
;ServiceLog;Anna;1435908961203;No data
;ServiceLog;Anna;1435908962286;No data
;ServiceLog;Anna;1435908963295;No data
;ServiceLog;Anna;1435908964372;No data
;ServiceLog;Anna;1435908965383;No data
;ServiceLog;Anna;1435908966420;No data
;ServiceLog;Anna;1435908967430;No data
;ServiceLog;Anna;1435908968509;No data
;ServiceLog;Anna;1435908969519;No data
;ServiceLog;Anna;1435908970596;No data
;ServiceLog;Anna;1435908971608;No data
;ServiceLog;Anna;1435908972635;No data
;ServiceLog;Anna;1435908973647;No data
;ServiceLog;Anna;1435908974731;No data
;ServiceLog;Anna;1435908975762;No data
;ServiceLog;Anna;1435908976843;No data
;ServiceLog;Anna;1435908977855;No data
;ServiceLog;Anna;1435908978925;No data
;ServiceLog;Anna;1435908979935;No data
;ServiceLog;Anna;1435908981048;No data
;ServiceLog;Anna;1435908982058;No data
;ServiceLog;Anna;1435908983131;No data
;ServiceLog;Anna;1435908984146;No data
;ServiceLog;Anna;1435908985270;No data
;ServiceLog;Anna;1435908986304;No data
;ServiceLog;Anna;1435908987363;No data
;ServiceLog;Anna;1435908988399;No data
;ServiceLog;Anna;1435908989449;No data
;ServiceLog;Anna;1435908990458;No data
;ServiceLog;Anna;1435908991537;No data
;ServiceLog;Anna;1435908992557;No data
;ServiceLog;Anna;1435908993600;No data
;ServiceLog;Anna;1435908994611;No data
;ServiceLog;Anna;1435908995696;No data
;ServiceLog;Anna;1435908996706;No data
;ServiceLog;Anna;1435908997777;No data
;ServiceLog;Anna;1435908998789;No data
;ServiceLog;Anna;1435908999828;No data
;ServiceLog;Anna;1435909000839;No data
;ServiceLog;Anna;1435909001921;No data
;ServiceLog;Anna;1435909002933;No data
;ServiceLog;Anna;1435909004010;No data
;ServiceLog;Anna;1435909005020;No data
;ServiceLog;Anna;1435909006107;No data
;ServiceLog;Anna;1435909007125;No data
;ServiceLog;Anna;1435909008156;No data
;ServiceLog;Anna;1435909009168;No data
;ServiceLog;Anna;1435909010241;No data
;ServiceLog;Anna;1435909011256;No data
;ServiceLog;Anna;1435909012301;No data
;ServiceLog;Anna;1435909013315;No data
;ServiceLog;Anna;1435909014343;No data
;ServiceLog;Anna;1435909015354;No data
;ServiceLog;Anna;1435909016425;No data
;ServiceLog;Anna;1435909017439;No data
;ServiceLog;Anna;1435909018476;No data
;ServiceLog;Anna;1435909019498;No data
;ServiceLog;Anna;1435909020522;No data
;ServiceLog;Anna;1435909021534;No data
;ServiceLog;Anna;1435909022601;No data
;ServiceLog;Anna;1435909023610;No data
;ServiceLog;Anna;1435909024687;No data
;ServiceLog;Anna;1435909025697;No data
;ServiceLog;Anna;1435909026782;No data
;ServiceLog;Anna;1435909027792;No data
;ServiceLog;Anna;1435909028870;No data
;ServiceLog;Anna;1435909029880;No data
;ServiceLog;Anna;1435909030962;No data
;ServiceLog;Anna;1435909031972;No data
;ServiceLog;Anna;1435909033053;No data
;ServiceLog;Anna;1435909034063;No data
;ServiceLog;Anna;1435909035134;No data
;ServiceLog;Anna;1435909036145;No data
;ServiceLog;Anna;1435909037224;No data
;ServiceLog;Anna;1435909038234;No data
;ServiceLog;Anna;1435909039311;No data
;ServiceLog;Anna;1435909040322;No data
;ServiceLog;Anna;1435909041397;No data
;ServiceLog;Anna;1435909042416;No data
;ServiceLog;Anna;1435909043492;No data
;ServiceLog;Anna;1435909044502;No data
;ServiceLog;Anna;1435909045582;No data
;ServiceLog;Anna;1435909046593;No data
;ServiceLog;Anna;1435909047670;No data
;ServiceLog;Anna;1435909048687;No data
;ServiceLog;Anna;1435909049768;No data
;ServiceLog;Anna;1435909050788;No data
;ServiceLog;Anna;1435909051865;No data
;ServiceLog;Anna;1435909052875;No data
;ServiceLog;Anna;1435909053947;No data
;ServiceLog;Anna;1435909054957;No data
;ServiceLog;Anna;1435909056038;No data
;ServiceLog;Anna;1435909057047;No data
;ServiceLog;Anna;1435909058129;No data
;ServiceLog;Anna;1435909059140;No data
;ServiceLog;Anna;1435909060219;No data
;ServiceLog;Anna;1435909061230;No data
;ServiceLog;Anna;1435909062326;No data
;ServiceLog;Anna;1435909063337;No data
;ServiceLog;Anna;1435909064420;No data
;ServiceLog;Anna;1435909065430;No data
;ServiceLog;Anna;1435909066511;No data
;ServiceLog;Anna;1435909067521;No data
;ServiceLog;Anna;1435909068614;No data
;ServiceLog;Anna;1435909069625;No data
;ServiceLog;Anna;1435909070658;No data
;ServiceLog;Anna;1435909071668;No data
;ServiceLog;Anna;1435909072708;No data
;ServiceLog;Anna;1435909073719;No data
;ServiceLog;Anna;1435909074799;No data
;ServiceLog;Anna;1435909075809;No data
;ServiceLog;Anna;1435909076885;No data
;ServiceLog;Anna;1435909077906;No data
;ServiceLog;Anna;1435909078981;No data
;ServiceLog;Anna;1435909079991;No data
;ServiceLog;Anna;1435909081064;No data
;ServiceLog;Anna;1435909082074;No data
;ServiceLog;Anna;1435909083144;No data
;ServiceLog;Anna;1435909084155;No data
;ServiceLog;Anna;1435909085224;No data
;ServiceLog;Anna;1435909086236;No data
;ServiceLog;Anna;1435909087315;No data
;ServiceLog;Anna;1435909088326;No data
;ServiceLog;Anna;1435909089399;No data
;ServiceLog;Anna;1435909090410;No data
;ServiceLog;Anna;1435909091489;No data
;ServiceLog;Anna;1435909092512;No data
;ServiceLog;Anna;1435909093593;No data
;ServiceLog;Anna;1435909094606;No data
;ServiceLog;Anna;1435909095691;No data
;ServiceLog;Anna;1435909096700;No data
;ServiceLog;Anna;1435909097781;No data
;ServiceLog;Anna;1435909098791;No data
;ServiceLog;Anna;1435909099864;No data
;ServiceLog;Anna;1435909100874;No data
;ServiceLog;Anna;1435909101943;No data
;ServiceLog;Anna;1435909102962;No data
;ServiceLog;Anna;1435909104031;No data
;ServiceLog;Anna;1435909105041;No data
;ServiceLog;Anna;1435909106117;No data
;ServiceLog;Anna;1435909107127;No data
;ServiceLog;Anna;1435909108220;No data
;ServiceLog;Anna;1435909109230;No data
;ServiceLog;Anna;1435909110311;No data
;ServiceLog;Anna;1435909111321;No data
;ServiceLog;Anna;1435909112397;No data
;ServiceLog;Anna;1435909113406;No data
;ServiceLog;Anna;1435909114487;No data
;ServiceLog;Anna;1435909115496;No data
;ServiceLog;Anna;1435909116589;No data
;ServiceLog;Anna;1435909117598;No data
;ServiceLog;Anna;1435909118681;No data
;ServiceLog;Anna;1435909119692;No data
;ServiceLog;Anna;1435909120763;No data
;ServiceLog;Anna;1435909121783;No data
;ServiceLog;Anna;1435909122863;No data
;ServiceLog;Anna;1435909123874;No data
;ServiceLog;Anna;1435909124950;No data
;ServiceLog;Anna;1435909125960;No data
;ServiceLog;Anna;1435909127047;No data
;ServiceLog;Anna;1435909128057;No data
;ServiceLog;Anna;1435909129139;No data
;ServiceLog;Anna;1435909130150;No data
;ServiceLog;Anna;1435909131228;No data
;ServiceLog;Anna;1435909132253;No data
;ServiceLog;Anna;1435909133332;No data
;ServiceLog;Anna;1435909134341;No data
;ServiceLog;Anna;1435909135418;No data
;ServiceLog;Anna;1435909136428;No data
;ServiceLog;Anna;1435909137507;No data
;ServiceLog;Anna;1435909138516;No data
;ServiceLog;Anna;1435909139583;No data
;ServiceLog;Anna;1435909140593;No data
;ServiceLog;Anna;1435909141669;No data
;ServiceLog;Anna;1435909142679;No data
;ServiceLog;Anna;1435909143754;No data
;ServiceLog;Anna;1435909144764;No data
;ServiceLog;Anna;1435909145836;No data
;ServiceLog;Anna;1435909146857;No data
;ServiceLog;Anna;1435909147938;No data
;ServiceLog;Anna;1435909148949;No data
;ServiceLog;Anna;1435909150030;No data
;ServiceLog;Anna;1435909151041;No data
;ServiceLog;Anna;1435909152124;No data
;ServiceLog;Anna;1435909153134;No data
;ServiceLog;Anna;1435909154212;No data
;ServiceLog;Anna;1435909155223;No data
;ServiceLog;Anna;1435909156300;No data
;ServiceLog;Anna;1435909157312;No data
;ServiceLog;Anna;1435909158390;No data
;ServiceLog;Anna;1435909159399;No data
;ServiceLog;Anna;1435909160480;No data
;ServiceLog;Anna;1435909161490;No data
;ServiceLog;Anna;1435909162571;No data
;ServiceLog;Anna;1435909163580;No data
;ServiceLog;Anna;1435909164660;No data
;ServiceLog;Anna;1435909165671;No data
;ServiceLog;Anna;1435909166746;No data
;ServiceLog;Anna;1435909167768;No data
;ServiceLog;Anna;1435909168845;No data
;ServiceLog;Anna;1435909169856;No data
;ServiceLog;Anna;1435909170941;No data
;ServiceLog;Anna;1435909171954;No data
;ServiceLog;Anna;1435909173027;No data
;ServiceLog;Anna;1435909174048;No data
;ServiceLog;Anna;1435909175137;No data
;ServiceLog;Anna;1435909176147;No data
;ServiceLog;Anna;1435909177236;No data
;ServiceLog;Anna;1435909178251;No data
;ServiceLog;Anna;1435909179474;No data
;ServiceLog;Anna;1435909180489;No data
;ServiceLog;Anna;1435909181576;No data
;ServiceLog;Anna;1435909182596;No data
;ServiceLog;Anna;1435909183621;No data
;ServiceLog;Anna;1435909184631;No data
;ServiceLog;Anna;1435909185707;No data
;ServiceLog;Anna;1435909186718;No data
;ServiceLog;Anna;1435909187796;No data
;ServiceLog;Anna;1435909188806;No data
;ServiceLog;Anna;1435909189877;No data
;ServiceLog;Anna;1435909190891;No data
;ServiceLog;Anna;1435909191965;No data
;ServiceLog;Anna;1435909192974;No data
;ServiceLog;Anna;1435909194062;No data
;ServiceLog;Anna;1435909195071;No data
;ServiceLog;Anna;1435909196102;No data
;ServiceLog;Anna;1435909197111;No data
;ServiceLog;Anna;1435909198185;No data
;ServiceLog;Anna;1435909199198;No data
;ServiceLog;Anna;1435909200287;No data
;ServiceLog;Anna;1435909201298;No data
;ServiceLog;Anna;1435909202380;No data
;ServiceLog;Anna;1435909203391;No data
;ServiceLog;Anna;1435909204462;No data
;ServiceLog;Anna;1435909205472;No data
;ServiceLog;Anna;1435909206510;No data
;ServiceLog;Anna;1435909207530;No data
;ServiceLog;Anna;1435909208602;No data
;ServiceLog;Anna;1435909209612;No data
;ServiceLog;Anna;1435909210684;No data
;ServiceLog;Anna;1435909211694;No data
;ServiceLog;Anna;1435909212775;No data
;ServiceLog;Anna;1435909213785;No data
;ServiceLog;Anna;1435909214814;No data
;ServiceLog;Anna;1435909215833;No data
;ServiceLog;Anna;1435909216910;No data
;ServiceLog;Anna;1435909217929;No data
;ServiceLog;Anna;1435909219004;No data
;ServiceLog;Anna;1435909220015;No data
;ServiceLog;Anna;1435909221088;No data
;ServiceLog;Anna;1435909222097;No data
;ServiceLog;Anna;1435909223184;No data
;ServiceLog;Anna;1435909224197;No data
;ServiceLog;Anna;1435909225275;No data
;ServiceLog;Anna;1435909226286;No data
;ServiceLog;Anna;1435909227356;No data
;ServiceLog;Anna;1435909228367;No data
;ServiceLog;Anna;1435909229451;No data
;ServiceLog;Anna;1435909230472;No data
;ServiceLog;Anna;1435909231543;No data
;ServiceLog;Anna;1435909232554;No data
;ServiceLog;Anna;1435909233631;No data
;ServiceLog;Anna;1435909234643;No data
;ServiceLog;Anna;1435909235719;No data
;ServiceLog;Anna;1435909236730;No data
;ServiceLog;Anna;1435909237817;No data
;ServiceLog;Anna;1435909238828;No data
;ServiceLog;Anna;1435909239912;No data
;ServiceLog;Anna;1435909240922;No data
;ServiceLog;Anna;1435909241998;No data
;ServiceLog;Anna;1435909243021;No data
;ServiceLog;Anna;1435909244098;No data
;ServiceLog;Anna;1435909245110;No data
;ServiceLog;Anna;1435909246194;No data
;ServiceLog;Anna;1435909247207;No data
;ServiceLog;Anna;1435909248298;No data
;ServiceLog;Anna;1435909249314;No data
;ServiceLog;Anna;1435909250396;No data
;ServiceLog;Anna;1435909251409;No data
;ServiceLog;Anna;1435909252484;No data
;ServiceLog;Anna;1435909253505;No data
;ServiceLog;Anna;1435909254570;No data
;ServiceLog;Anna;1435909255579;No data
;ServiceLog;Anna;1435909256612;No data
;ServiceLog;Anna;1435909257625;No data
;ServiceLog;Anna;1435909258651;No data
;ServiceLog;Anna;1435909259661;No data
;ServiceLog;Anna;1435909260740;No data
;ServiceLog;Anna;1435909261750;No data
;ServiceLog;Anna;1435909262824;No data
;ServiceLog;Anna;1435909263834;No data
;ServiceLog;Anna;1435909264905;No data
;ServiceLog;Anna;1435909265916;No data
;ServiceLog;Anna;1435909266946;No data
;ServiceLog;Anna;1435909267960;No data
;ServiceLog;Anna;1435909269056;No data
;ServiceLog;Anna;1435909270067;No data
;ServiceLog;Anna;1435909271148;No data
;ServiceLog;Anna;1435909272159;No data
;ServiceLog;Anna;1435909273242;No data
;ServiceLog;Anna;1435909274262;No data
;ServiceLog;Anna;1435909275345;No data
;ServiceLog;Anna;1435909276354;No data
;ServiceLog;Anna;1435909277387;No data
;ServiceLog;Anna;1435909278397;No data
;ServiceLog;Anna;1435909279482;No data
;ServiceLog;Anna;1435909280493;No data
;ServiceLog;Anna;1435909281571;No data
;ServiceLog;Anna;1435909282581;No data
;ServiceLog;Anna;1435909283619;No data
;ServiceLog;Anna;1435909284637;No data
;ServiceLog;Anna;1435909285721;No data
;ServiceLog;Anna;1435909286731;No data
;ServiceLog;Anna;1435909287818;No data
;ServiceLog;Anna;1435909288831;No data
;ServiceLog;Anna;1435909289920;No data
;ServiceLog;Anna;1435909290931;No data
;ServiceLog;Anna;1435909292017;No data
;ServiceLog;Anna;1435909293029;No data
;ServiceLog;Anna;1435909294104;No data
;ServiceLog;Anna;1435909295114;No data
;ServiceLog;Anna;1435909296143;No data
;ServiceLog;Anna;1435909297159;No data
;ServiceLog;Anna;1435909298240;No data
;ServiceLog;Anna;1435909299254;No data
;ServiceLog;Anna;1435909300330;No data
;ServiceLog;Anna;1435909301342;No data
;ServiceLog;Anna;1435909302377;No data
;ServiceLog;Anna;1435909303389;No data
;ServiceLog;Anna;1435909304466;No data
;ServiceLog;Anna;1435909305476;No data
;ServiceLog;Anna;1435909306511;No data
;ServiceLog;Anna;1435909307535;No data
;ServiceLog;Anna;1435909308614;No data
;ServiceLog;Anna;1435909309624;No data
;ServiceLog;Anna;1435909310700;No data
;ServiceLog;Anna;1435909311710;No data
;ServiceLog;Anna;1435909312793;No data
;ServiceLog;Anna;1435909313810;No data
;ServiceLog;Anna;1435909314891;No data
;ServiceLog;Anna;1435909315902;No data
;ServiceLog;Anna;1435909316931;No data
;ServiceLog;Anna;1435909317943;No data
;ServiceLog;Anna;1435909319024;No data
;ServiceLog;Anna;1435909320037;No data
;ServiceLog;Anna;1435909321076;No data
;ServiceLog;Anna;1435909322093;No data
;ServiceLog;Anna;1435909323180;No data
;ServiceLog;Anna;1435909324200;No data
;ServiceLog;Anna;1435909325272;No data
;ServiceLog;Anna;1435909326282;No data
;ServiceLog;Anna;1435909327352;No data
;ServiceLog;Anna;1435909328364;No data
;ServiceLog;Anna;1435909329416;No data
;ServiceLog;Anna;1435909330425;No data
;ServiceLog;Anna;1435909331496;No data
;ServiceLog;Anna;1435909332507;No data
;ServiceLog;Anna;1435909333540;No data
;ServiceLog;Anna;1435909334557;No data
;ServiceLog;Anna;1435909335653;No data
;ServiceLog;Anna;1435909336671;No data
;ServiceLog;Anna;1435909337705;No data
;ServiceLog;Anna;1435909338714;No data
;ServiceLog;Anna;1435909339791;No data
;ServiceLog;Anna;1435909340801;No data
;ServiceLog;Anna;1435909341877;No data
;ServiceLog;Anna;1435909342887;No data
;ServiceLog;Anna;1435909343918;No data
;ServiceLog;Anna;1435909344928;No data
;ServiceLog;Anna;1435909345958;No data
;ServiceLog;Anna;1435909346967;No data
;ServiceLog;Anna;1435909348050;No data
;ServiceLog;Anna;1435909349070;No data
;ServiceLog;Anna;1435909350149;No data
;ServiceLog;Anna;1435909351160;No data
;ServiceLog;Anna;1435909352236;No data
;ServiceLog;Anna;1435909353245;No data
;ServiceLog;Anna;1435909354312;No data
;ServiceLog;Anna;1435909355322;No data
;ServiceLog;Anna;1435909356368;No data
;ServiceLog;Anna;1435909357378;No data
;ServiceLog;Anna;1435909358456;No data
;ServiceLog;Anna;1435909359469;No data
;ServiceLog;Anna;1435909360550;No data
;ServiceLog;Anna;1435909361563;No data
;ServiceLog;Anna;1435909362636;No data
;ServiceLog;Anna;1435909363649;No data
;ServiceLog;Anna;1435909364733;No data
;ServiceLog;Anna;1435909365743;No data
;ServiceLog;Anna;1435909366814;No data
;ServiceLog;Anna;1435909367824;No data
;ServiceLog;Anna;1435909368901;No data
;ServiceLog;Anna;1435909369920;No data
;ServiceLog;Anna;1435909370993;No data
;ServiceLog;Anna;1435909372004;No data
;ServiceLog;Anna;1435909373084;No data
;ServiceLog;Anna;1435909374094;No data
;ServiceLog;Anna;1435909375184;No data
;ServiceLog;Anna;1435909376196;No data
;ServiceLog;Anna;1435909377264;No data
;ServiceLog;Anna;1435909378277;No data
;ServiceLog;Anna;1435909379354;No data
;ServiceLog;Anna;1435909380364;No data
;ServiceLog;Anna;1435909381439;No data
;ServiceLog;Anna;1435909382450;No data
;ServiceLog;Anna;1435909383529;No data
;ServiceLog;Anna;1435909384541;No data
;ServiceLog;Anna;1435909385611;No data
;ServiceLog;Anna;1435909386625;No data
;ServiceLog;Anna;1435909387652;No data
;ServiceLog;Anna;1435909388667;No data
;ServiceLog;Anna;1435909389745;No data
;ServiceLog;Anna;1435909390756;No data
;ServiceLog;Anna;1435909391836;No data
;ServiceLog;Anna;1435909392847;No data
;ServiceLog;Anna;1435909393930;No data
;ServiceLog;Anna;1435909394949;No data
;ServiceLog;Anna;1435909396028;No data
;ServiceLog;Anna;1435909397047;No data
;ServiceLog;Anna;1435909398137;No data
;ServiceLog;Anna;1435909399149;No data
;ServiceLog;Anna;1435909400229;No data
;ServiceLog;Anna;1435909401241;No data
;ServiceLog;Anna;1435909402317;No data
;ServiceLog;Anna;1435909403329;No data
;ServiceLog;Anna;1435909404410;No data
;ServiceLog;Anna;1435909405421;No data
;ServiceLog;Anna;1435909406494;No data
;ServiceLog;Anna;1435909407504;No data
;ServiceLog;Anna;1435909408570;No data
;ServiceLog;Anna;1435909409581;No data
;ServiceLog;Anna;1435909410655;No data
;ServiceLog;Anna;1435909411665;No data
;ServiceLog;Anna;1435909412741;No data
;ServiceLog;Anna;1435909413752;No data
;ServiceLog;Anna;1435909414826;No data
;ServiceLog;Anna;1435909415836;No data
;ServiceLog;Anna;1435909416900;No data
;ServiceLog;Anna;1435909417913;No data
;ServiceLog;Anna;1435909418991;No data
;ServiceLog;Anna;1435909420002;No data
;ServiceLog;Anna;1435909421072;No data
;ServiceLog;Anna;1435909422083;No data
;ServiceLog;Anna;1435909423153;No data
;ServiceLog;Anna;1435909424162;No data
;ServiceLog;Anna;1435909425243;No data
;ServiceLog;Anna;1435909426253;No data
;ServiceLog;Anna;1435909427332;No data
;ServiceLog;Anna;1435909428342;No data
;ServiceLog;Anna;1435909429413;No data
;ServiceLog;Anna;1435909430422;No data
;ServiceLog;Anna;1435909431495;No data
;ServiceLog;Anna;1435909432504;No data
;ServiceLog;Anna;1435909433571;No data
;ServiceLog;Anna;1435909434580;No data
;ServiceLog;Anna;1435909435629;No data
;ServiceLog;Anna;1435909436638;No data
;ServiceLog;Anna;1435909437739;No data
;ServiceLog;Anna;1435909438748;No data
;ServiceLog;Anna;1435909439829;No data
;ServiceLog;Anna;1435909440841;No data
;ServiceLog;Anna;1435909441917;No data
;ServiceLog;Anna;1435909442937;No data
;ServiceLog;Anna;1435909444018;No data
;ServiceLog;Anna;1435909445029;No data
;ServiceLog;Anna;1435909446103;No data
;ServiceLog;Anna;1435909447115;No data
;ServiceLog;Anna;1435909448194;No data
;ServiceLog;Anna;1435909449209;No data
;ServiceLog;Anna;1435909450293;No data
;ServiceLog;Anna;1435909451302;No data
;ServiceLog;Anna;1435909452376;No data
;ServiceLog;Anna;1435909453388;No data
;ServiceLog;Anna;1435909454472;No data
;ServiceLog;Anna;1435909455484;No data
;ServiceLog;Anna;1435909456584;No data
;ServiceLog;Anna;1435909457593;No data
;ServiceLog;Anna;1435909458669;No data
;ServiceLog;Anna;1435909459679;No data
;ServiceLog;Anna;1435909460766;No data
;ServiceLog;Anna;1435909461776;No data
;ServiceLog;Anna;1435909462846;No data
;ServiceLog;Anna;1435909463856;No data
;ServiceLog;Anna;1435909464936;No data
;ServiceLog;Anna;1435909465954;No data
;ServiceLog;Anna;1435909467031;No data
;ServiceLog;Anna;1435909468045;No data
;ServiceLog;Anna;1435909469121;No data
;ServiceLog;Anna;1435909470131;No data
