ID;Name;User;TimeStamp;NetworkGen;NetworkType;Active;MCC;MNC;LAC;CID;PSC;Power
22;Черкизовская 2;md;1425968776594;3G;UMTS;1;250;1;660;6945023;-1;-87
454;Площадь Революции 4;md;1425968787372;3G;UMTS;1;250;1;660;6945023;-1;-71
441;Арбатская (АПК) 1;md;1425968865107;unknown;unknown;1;-1;-1;-1;-1;-1;-1
442;Арбатская (АПК) 2;md;1425968875679;2G;EDGE;1;250;1;660;451;-1;-77
1403;Боровицкая 3;md;1425969090920;3G;UMTS;1;250;1;770;6946076;-1;-85
1404;Боровицкая 4;md;1425969103035;3G;UMTS;1;250;1;770;6946076;-1;-67
1391;Чеховская 1;md;1425969192212;3G;UMTS;1;250;1;770;6894483;-1;-83
1392;Чеховская 2;md;1425969207272;3G;UMTS;1;250;1;770;6920218;-1;-79
1393;Чеховская 3;md;1425969236610;3G;UMTS;1;250;1;770;6894483;-1;-77
1394;Чеховская 4;md;1425969247402;3G;UMTS;1;250;1;770;6899839;-1;-87
1381;Цветной бульвар 1;md;1425969298686;3G;UMTS;1;250;1;770;6899837;-1;-81
1382;Цветной бульвар 2;md;1425969311657;3G;UMTS;1;250;1;770;6899837;-1;-93
