ID;Name;User;TimeStamp;NetworkGen;NetworkType;Active;MCC;MNC;LAC;CID;PSC;Power
573;Киевская (ФИЛ) 3;md;1423032262797;2G;EDGE;1;250;1;660;41863;-1;-91
574;Киевская (ФИЛ) 4;md;1423032277198;2G;EDGE;1;250;1;660;41863;-1;-93
561;Смоленская (ФИЛ) 1;md;1423032376573;unknown;unknown;1;-1;-1;-1;-1;-1;-1
562;Смоленская (ФИЛ) 2;md;1423032393661;unknown;unknown;1;-1;-1;-1;-1;-1;-1
563;Смоленская (ФИЛ) 3;md;1423032416350;unknown;unknown;1;-1;-1;-1;-1;-1;-1
564;Смоленская (ФИЛ) 4;md;1423032431223;unknown;unknown;1;-1;-1;-1;-1;-1;-1
551;Арбатская (ФИЛ) 1;md;1423032502758;unknown;unknown;1;-1;-1;-1;-1;-1;-1
552;Арбатская (ФИЛ) 2;md;1423032519497;unknown;unknown;1;-1;-1;-1;-1;-1;-1
553;Арбатская (ФИЛ) 3;md;1423032538100;unknown;unknown;1;-1;-1;-1;-1;-1;-1
554;Арбатская (ФИЛ) 4;md;1423032552386;unknown;unknown;1;-1;-1;-1;-1;-1;-1
541;Александровский сад 1;md;1423032594149;unknown;unknown;1;-1;-1;-1;-1;-1;-1
542;Александровский сад 2;md;1423032610951;2G;EDGE;1;250;1;660;453;-1;-75
443;Арбатская (АПК) 3;md;1423032920359;2G;EDGE;1;250;1;660;451;-1;-59
444;Арбатская (АПК) 4;md;1423032930842;2G;EDGE;1;250;1;660;451;-1;-83
451;Площадь Революции 1;md;1423033004871;unknown;unknown;1;-1;-1;-1;-1;-1;-1
452;Площадь Революции 2;md;1423033019238;3G;UMTS;1;250;1;660;6945023;-1;-77
453;Площадь Революции 3;md;1423033044344;3G;UMTS;1;250;1;660;6945023;-1;-85
454;Площадь Революции 4;md;1423033054985;3G;UMTS;1;250;1;660;6945023;-1;-89
461;Курская (АПК) 1;md;1423033204674;unknown;unknown;1;-1;-1;-1;-1;-1;-1
462;Курская (АПК) 2;md;1423033220900;3G;UMTS;1;250;1;660;6945636;-1;-89
