ID;Name;User;TimeStamp;NetworkGen;NetworkType;Active;MCC;MNC;LAC;CID;PSC;Power
243;Świętokrzyska (L2) 3;alexkar;1436349414706;unknown;unknown;1;260;3;58120;42011511;55;-51
244;Świętokrzyska (L2) 4;alexkar;1436349427737;unknown;unknown;1;260;3;58120;42011511;55;-51
251;Nowy Świat 1;alexkar;1436349456077;unknown;unknown;1;260;3;58120;4434;0;-57
252;Nowy Świat 2;alexkar;1436349471855;unknown;unknown;1;260;3;58080;42241057;42;-85
253;Nowy Świat 3;alexkar;1436349491148;unknown;unknown;1;260;3;58080;42241057;42;-83
254;Nowy Świat 4;alexkar;1436349501430;unknown;unknown;1;260;3;58080;42241057;42;-85
261;Centrum Nauki Kopernik 1;alexkar;1436349563396;unknown;unknown;1;260;3;58080;42241057;42;-69
262;Centrum Nauki Kopernik 2;alexkar;1436349576876;unknown;unknown;1;260;3;58080;42241057;42;-61
263;Centrum Nauki Kopernik 3;alexkar;1436349591519;unknown;unknown;1;260;3;58080;42241057;42;-57
264;Centrum Nauki Kopernik 4;alexkar;1436349604268;unknown;unknown;1;260;3;58080;42241057;42;-57
271;Stadion Narodowy 1;alexkar;1436349667196;unknown;unknown;1;260;3;58080;42208218;65;-59
272;Stadion Narodowy 2;alexkar;1436349686271;unknown;unknown;1;260;3;58080;42208218;65;-67
