ID;Name;User;TimeStamp;NetworkGen;NetworkType;Active;MCC;MNC;LAC;CID;PSC;Power
;ServiceLog;Komzpa;1436095690368;2G;EDGE;1;257;4;800;13222;-1;-97
;ServiceLog;Komzpa;1436095691391;2G;EDGE;1;257;4;800;13221;-1;-91
;ServiceLog;Komzpa;1436095692416;2G;EDGE;1;257;4;800;13221;-1;-85
;ServiceLog;Komzpa;1436095693440;2G;EDGE;1;257;4;800;13221;-1;-77
;ServiceLog;Komzpa;1436095694460;2G;EDGE;1;257;4;800;13221;-1;-69
;ServiceLog;Komzpa;1436095695473;2G;EDGE;1;257;4;800;13221;-1;-59
;ServiceLog;Komzpa;1436095696490;2G;EDGE;1;257;4;800;13221;-1;-57
;ServiceLog;Komzpa;1436095697509;2G;EDGE;1;257;4;800;13221;-1;-57
;ServiceLog;Komzpa;1436095698522;2G;EDGE;1;257;4;800;13221;-1;-55
;ServiceLog;Komzpa;1436095699533;2G;EDGE;1;257;4;800;13221;-1;-55
;ServiceLog;Komzpa;1436095700551;2G;EDGE;1;257;4;800;13221;-1;-55
;ServiceLog;Komzpa;1436095701563;2G;EDGE;1;257;4;800;13221;-1;-55
;ServiceLog;Komzpa;1436095702576;2G;EDGE;1;257;4;800;13221;-1;-55
;ServiceLog;Komzpa;1436095703585;2G;EDGE;1;257;4;800;13221;-1;-55
;ServiceLog;Komzpa;1436095704597;2G;EDGE;1;257;4;800;13221;-1;-55
;ServiceLog;Komzpa;1436095979157;3G;HSDPA;1;257;4;1100;9974696;-1;0
;ServiceLog;Komzpa;1436095980220;3G;HSDPA;1;257;4;1100;9974696;-1;-69
;ServiceLog;Komzpa;1436095981258;3G;HSPAP;1;257;4;1100;9974696;-1;-69
;ServiceLog;Komzpa;1436095982278;3G;HSPAP;1;257;4;1100;9974696;-1;-69
;ServiceLog;Komzpa;1436095983298;3G;HSPAP;1;257;4;1100;9974696;-1;-71
;ServiceLog;Komzpa;1436095984316;3G;HSPAP;1;257;4;1100;9974696;-1;-71
;ServiceLog;Komzpa;1436095985333;3G;HSPAP;1;257;4;1100;9974696;-1;-71
;ServiceLog;Komzpa;1436095986348;3G;HSPAP;1;257;4;1100;9974696;-1;-71
;ServiceLog;Komzpa;1436095987366;3G;HSPAP;1;257;4;1100;9974696;-1;-71
;ServiceLog;Komzpa;1436095988383;3G;HSPAP;1;257;4;1100;9974696;-1;-71
;ServiceLog;Komzpa;1436095989411;3G;HSPAP;1;257;4;1100;9974696;-1;-71
;ServiceLog;Komzpa;1436095990462;3G;HSPAP;1;257;4;1100;9974696;-1;-71
;ServiceLog;Komzpa;1436095991472;3G;HSPAP;1;257;4;1100;9974696;-1;-73
;ServiceLog;Komzpa;1436095992481;3G;HSPAP;1;257;4;1100;9974696;-1;-75
;ServiceLog;Komzpa;1436095993493;3G;HSPAP;1;257;4;1100;9974696;-1;-75
;ServiceLog;Komzpa;1436095994519;3G;HSPAP;1;257;4;1100;9974696;-1;-79
;ServiceLog;Komzpa;1436095995571;3G;HSPAP;1;257;4;1100;9974696;-1;-79
;ServiceLog;Komzpa;1436095996584;3G;HSPAP;1;257;4;1100;9974696;-1;-81
;ServiceLog;Komzpa;1436095997597;3G;HSPAP;1;257;4;1100;9974696;-1;-81
;ServiceLog;Komzpa;1436095998609;3G;HSPAP;1;257;4;1100;9974696;-1;-81
;ServiceLog;Komzpa;1436095999621;3G;HSPAP;1;257;4;1100;9974696;-1;-81
;ServiceLog;Komzpa;1436096000641;3G;HSPAP;1;257;4;1100;9974696;-1;-83
;ServiceLog;Komzpa;1436096001675;3G;HSPAP;1;257;4;1100;9974696;-1;-83
;ServiceLog;Komzpa;1436096002698;3G;HSPAP;1;257;4;1100;9974696;-1;-83
;ServiceLog;Komzpa;1436096003725;3G;UMTS;1;257;4;1100;9974696;-1;-85
;ServiceLog;Komzpa;1436096004740;3G;HSDPA;1;257;4;1100;9974696;-1;-85
;ServiceLog;Komzpa;1436096005765;3G;HSDPA;1;257;4;1100;9974696;-1;-85
;ServiceLog;Komzpa;1436096006781;3G;HSDPA;1;257;4;1100;9974696;-1;-85
;ServiceLog;Komzpa;1436096007797;3G;HSDPA;1;257;4;1100;9974696;-1;-85
;ServiceLog;Komzpa;1436096008822;3G;HSDPA;1;257;4;1100;9974696;-1;-85
;ServiceLog;Komzpa;1436096009869;3G;HSDPA;1;257;4;1100;9974696;-1;-85
;ServiceLog;Komzpa;1436096010912;3G;HSDPA;1;257;4;1100;9974696;-1;-85
;ServiceLog;Komzpa;1436096011936;3G;HSDPA;1;257;4;1100;9974696;-1;-85
;ServiceLog;Komzpa;1436096012969;3G;HSDPA;1;257;4;1100;9974696;-1;-85
;ServiceLog;Komzpa;1436096013993;3G;HSDPA;1;257;4;1100;9974696;-1;-87
;ServiceLog;Komzpa;1436096015014;3G;HSPAP;1;257;4;1100;9974696;-1;-87
;ServiceLog;Komzpa;1436096016034;3G;HSPAP;1;257;4;1100;9974696;-1;-85
;ServiceLog;Komzpa;1436096017052;3G;HSPAP;1;257;4;1100;9974696;-1;-81
;ServiceLog;Komzpa;1436096018073;3G;HSPAP;1;257;4;1100;9974696;-1;-77
;ServiceLog;Komzpa;1436096019092;3G;HSPAP;1;257;4;1100;9974696;-1;-75
;ServiceLog;Komzpa;1436096020111;3G;HSPAP;1;257;4;1100;9974696;-1;-73
;ServiceLog;Komzpa;1436096021130;3G;HSPAP;1;257;4;1100;9974696;-1;-69
;ServiceLog;Komzpa;1436096022147;3G;HSDPA;1;257;4;1100;9974696;-1;-69
;ServiceLog;Komzpa;1436096023197;3G;HSDPA;1;257;4;1100;9974696;-1;-69
;ServiceLog;Komzpa;1436096024217;3G;HSDPA;1;257;4;1100;9974696;-1;-69
;ServiceLog;Komzpa;1436096025286;3G;HSDPA;1;257;4;1100;9974696;-1;-69
;ServiceLog;Komzpa;1436096026336;3G;HSDPA;1;257;4;1100;9974696;-1;-69
;ServiceLog;Komzpa;1436096027360;3G;HSDPA;1;257;4;1100;9974696;-1;-69
;ServiceLog;Komzpa;1436096028381;3G;HSDPA;1;257;4;1100;9974696;-1;-69
;ServiceLog;Komzpa;1436096029389;3G;HSPAP;1;257;4;1100;9974696;-1;-73
;ServiceLog;Komzpa;1436096030400;3G;HSPAP;1;257;4;1100;9974696;-1;-77
;ServiceLog;Komzpa;1436096031411;3G;HSPAP;1;257;4;1100;9974696;-1;-81
;ServiceLog;Komzpa;1436096032421;3G;HSPAP;1;257;4;1100;9974696;-1;-89
;ServiceLog;Komzpa;1436096033433;3G;HSPAP;1;257;4;1100;9974696;-1;-95
;ServiceLog;Komzpa;1436096034446;3G;HSPAP;1;257;4;1100;9974696;-1;-99
;ServiceLog;Komzpa;1436096035466;3G;HSPAP;1;257;4;1100;9974696;-1;-101
;ServiceLog;Komzpa;1436096036485;3G;HSPAP;1;257;4;1100;9974696;-1;-101
;ServiceLog;Komzpa;1436096037499;3G;HSPAP;1;257;4;1100;9974696;-1;-105
;ServiceLog;Komzpa;1436096038519;3G;HSPAP;1;257;4;1100;9974696;-1;-107
;ServiceLog;Komzpa;1436096039534;3G;HSPAP;1;257;4;1100;9974696;-1;-109
;ServiceLog;Komzpa;1436096040546;3G;HSPAP;1;257;4;1100;9974696;-1;-111
;ServiceLog;Komzpa;1436096041558;3G;HSPAP;1;257;4;1100;9974696;-1;-111
;ServiceLog;Komzpa;1436096042576;3G;HSPAP;1;257;4;1100;9974696;-1;-113
;ServiceLog;Komzpa;1436096043593;3G;HSPAP;1;257;4;1100;9974696;-1;-113
;ServiceLog;Komzpa;1436096044633;3G;HSPAP;1;257;4;1100;9974696;-1;-113
;ServiceLog;Komzpa;1436096045655;3G;HSPAP;1;257;4;1100;9974696;-1;-113
;ServiceLog;Komzpa;1436096046670;3G;HSPAP;1;257;4;1100;9974696;-1;-113
;ServiceLog;Komzpa;1436096047683;3G;HSPAP;1;257;4;1100;9974696;-1;-113
;ServiceLog;Komzpa;1436096048698;3G;HSPAP;1;257;4;1100;9974696;-1;-113
;ServiceLog;Komzpa;1436096049720;3G;HSPAP;1;257;4;1100;9974696;-1;-113
;ServiceLog;Komzpa;1436096050732;3G;HSPAP;1;257;4;1100;9974696;-1;-113
;ServiceLog;Komzpa;1436096051747;3G;HSPAP;1;257;4;1100;9974696;-1;-113
;ServiceLog;Komzpa;1436096052765;3G;HSPAP;1;257;4;1100;9974696;-1;-113
;ServiceLog;Komzpa;1436096053786;3G;HSPAP;1;257;4;1100;9974696;-1;-113
;ServiceLog;Komzpa;1436096054807;3G;HSPAP;1;257;4;1100;9974696;-1;-113
;ServiceLog;Komzpa;1436096055820;3G;HSPAP;1;257;4;1100;9974696;-1;-113
;ServiceLog;Komzpa;1436096056841;3G;HSPAP;1;257;4;1100;9974696;-1;-113
;ServiceLog;Komzpa;1436096057857;3G;HSPAP;1;257;4;1100;9974696;-1;-113
;ServiceLog;Komzpa;1436096058871;3G;HSPAP;1;257;4;1100;9974696;-1;-113
;ServiceLog;Komzpa;1436096059881;3G;HSPAP;1;257;4;1100;9974696;-1;-113
;ServiceLog;Komzpa;1436096060893;3G;HSPAP;1;257;4;1100;9974696;-1;-113
;ServiceLog;Komzpa;1436096061908;3G;HSPAP;1;257;4;1100;9974696;-1;-113
;ServiceLog;Komzpa;1436096062928;3G;HSPAP;1;257;4;1100;9974696;-1;-113
;ServiceLog;Komzpa;1436096063947;3G;HSPAP;1;257;4;1100;9974696;-1;-113
;ServiceLog;Komzpa;1436096064967;3G;HSPAP;1;257;4;1100;9974696;-1;-113
;ServiceLog;Komzpa;1436096065985;3G;HSPAP;1;257;4;1100;9974696;-1;-113
;ServiceLog;Komzpa;1436096067012;3G;HSPAP;1;257;4;1100;9974696;-1;-113
;ServiceLog;Komzpa;1436096068027;3G;HSPAP;1;257;4;1100;9974696;-1;-113
;ServiceLog;Komzpa;1436096069073;3G;HSPAP;1;257;4;1100;9974696;-1;-113
;ServiceLog;Komzpa;1436096070084;3G;HSPAP;1;257;4;1100;9974696;-1;-113
;ServiceLog;Komzpa;1436096071096;3G;HSPAP;1;257;4;1100;9974696;-1;-113
;ServiceLog;Komzpa;1436096072108;3G;HSPAP;1;257;4;1100;9974696;-1;-113
;ServiceLog;Komzpa;1436096073121;3G;HSPAP;1;257;4;1100;9974696;-1;-113
;ServiceLog;Komzpa;1436096074135;3G;UMTS;1;257;4;1100;9974696;-1;-113
;ServiceLog;Komzpa;1436096075155;3G;UMTS;1;257;4;1100;9974696;-1;-113
;ServiceLog;Komzpa;1436096076371;3G;UMTS;1;257;4;1100;9974696;-1;-113
;ServiceLog;Komzpa;1436096077770;3G;UMTS;1;257;4;1100;9974696;-1;-113
;ServiceLog;Komzpa;1436096078955;3G;UMTS;1;257;4;1100;9974696;-1;-113
;ServiceLog;Komzpa;1436096080058;3G;UMTS;1;257;4;1100;9974696;-1;-113
;ServiceLog;Komzpa;1436096081072;3G;UMTS;1;257;4;1100;9974696;-1;-113
;ServiceLog;Komzpa;1436096082090;3G;UMTS;1;257;4;1100;9974696;-1;-113
;ServiceLog;Komzpa;1436096083105;3G;UMTS;1;257;4;1100;9974696;-1;-113
;ServiceLog;Komzpa;1436096084122;3G;UMTS;1;257;4;1100;9974696;-1;-113
;ServiceLog;Komzpa;1436096085144;3G;UMTS;1;257;4;1100;9974696;-1;-113
;ServiceLog;Komzpa;1436096086161;3G;UMTS;1;257;4;1100;9974696;-1;-113
;ServiceLog;Komzpa;1436096087179;3G;UMTS;1;257;4;1100;9974696;-1;-113
;ServiceLog;Komzpa;1436096088203;3G;UMTS;1;257;4;1100;9974696;-1;-113
;ServiceLog;Komzpa;1436096089220;3G;UMTS;1;257;4;1100;9974696;-1;-113
;ServiceLog;Komzpa;1436096090238;3G;UMTS;1;257;4;1100;9974696;-1;-113
;ServiceLog;Komzpa;1436096091258;3G;UMTS;1;257;4;1100;9974696;-1;-113
;ServiceLog;Komzpa;1436096092277;3G;UMTS;1;257;4;1100;9974696;-1;-113
;ServiceLog;Komzpa;1436096093311;3G;UMTS;1;257;4;1100;9974696;-1;-113
;ServiceLog;Komzpa;1436096094356;3G;UMTS;1;257;4;1100;9974696;-1;-113
;ServiceLog;Komzpa;1436096095373;3G;UMTS;1;257;4;1100;9974696;-1;-113
;ServiceLog;Komzpa;1436096096391;3G;UMTS;1;257;4;1100;9974696;-1;-113
;ServiceLog;Komzpa;1436096097418;3G;UMTS;1;257;4;1100;9974696;-1;-113
;ServiceLog;Komzpa;1436096098459;3G;UMTS;1;257;4;1100;9974696;-1;-113
;ServiceLog;Komzpa;1436096099486;3G;UMTS;1;257;4;1100;9974696;-1;-113
;ServiceLog;Komzpa;1436096100526;3G;UMTS;1;257;4;1100;9974696;-1;-113
;ServiceLog;Komzpa;1436096101558;3G;UMTS;1;257;4;1100;9974696;-1;-113
;ServiceLog;Komzpa;1436096102576;3G;HSDPA;1;257;4;1100;9909150;-1;-113
;ServiceLog;Komzpa;1436096103598;3G;HSDPA;1;257;4;1100;9909150;-1;-113
;ServiceLog;Komzpa;1436096104615;3G;HSDPA;1;257;4;1100;9909150;-1;-105
;ServiceLog;Komzpa;1436096105635;3G;HSDPA;1;257;4;1100;9909150;-1;-105
;ServiceLog;Komzpa;1436096106655;3G;HSDPA;1;257;4;1000;9909150;-1;-99
;ServiceLog;Komzpa;1436096107673;3G;HSPAP;1;257;4;1000;9909150;-1;-97
;ServiceLog;Komzpa;1436096108694;3G;HSPAP;1;257;4;1000;9909150;-1;-95
;ServiceLog;Komzpa;1436096109708;3G;HSPAP;1;257;4;1000;9909150;-1;-95
;ServiceLog;Komzpa;1436096110728;3G;HSPAP;1;257;4;1000;9909150;-1;-95
;ServiceLog;Komzpa;1436096111746;3G;HSPAP;1;257;4;1000;9909150;-1;-97
;ServiceLog;Komzpa;1436096112765;3G;HSPAP;1;257;4;1000;9909150;-1;-101
;ServiceLog;Komzpa;1436096113784;3G;HSPAP;1;257;4;1000;9909150;-1;-105
;ServiceLog;Komzpa;1436096114819;3G;HSPAP;1;257;4;1000;9909150;-1;-103
;ServiceLog;Komzpa;1436096115845;3G;HSPAP;1;257;4;1000;9909150;-1;-99
;ServiceLog;Komzpa;1436096116906;3G;HSPAP;1;257;4;1000;9909150;-1;-93
;ServiceLog;Komzpa;1436096117923;3G;HSPAP;1;257;4;1000;9909150;-1;-91
;ServiceLog;Komzpa;1436096118940;3G;HSPAP;1;257;4;1000;9909150;-1;-89
;ServiceLog;Komzpa;1436096119965;3G;HSPAP;1;257;4;1000;9909150;-1;-89
;ServiceLog;Komzpa;1436096120975;3G;HSPAP;1;257;4;1000;9909150;-1;-87
;ServiceLog;Komzpa;1436096121986;3G;HSPAP;1;257;4;1000;9909150;-1;-85
;ServiceLog;Komzpa;1436096123002;3G;HSPAP;1;257;4;1000;9909150;-1;-85
;ServiceLog;Komzpa;1436096124020;3G;HSPAP;1;257;4;1000;9909150;-1;-85
;ServiceLog;Komzpa;1436096125048;3G;HSPAP;1;257;4;1000;9909150;-1;-85
;ServiceLog;Komzpa;1436096126068;3G;HSPAP;1;257;4;1000;9909150;-1;-87
;ServiceLog;Komzpa;1436096127087;3G;HSPAP;1;257;4;1000;9909150;-1;-87
;ServiceLog;Komzpa;1436096128110;3G;HSPAP;1;257;4;1000;9909150;-1;-89
;ServiceLog;Komzpa;1436096129125;3G;HSPAP;1;257;4;1000;9909150;-1;-89
;ServiceLog;Komzpa;1436096130143;3G;HSPAP;1;257;4;1000;9909150;-1;-89
;ServiceLog;Komzpa;1436096131159;3G;HSPAP;1;257;4;1000;9909150;-1;-89
;ServiceLog;Komzpa;1436096132176;3G;HSPAP;1;257;4;1000;9909150;-1;-89
;ServiceLog;Komzpa;1436096133194;3G;HSPAP;1;257;4;1000;9909150;-1;-89
;ServiceLog;Komzpa;1436096134207;3G;HSPAP;1;257;4;1000;9909150;-1;-89
;ServiceLog;Komzpa;1436096135218;3G;HSPAP;1;257;4;1000;9909150;-1;-89
;ServiceLog;Komzpa;1436096136231;3G;HSPAP;1;257;4;1000;9909150;-1;-89
;ServiceLog;Komzpa;1436096137259;3G;HSPAP;1;257;4;1000;9909150;-1;-87
;ServiceLog;Komzpa;1436096138274;3G;HSPAP;1;257;4;1000;9909150;-1;-87
;ServiceLog;Komzpa;1436096139297;3G;HSPAP;1;257;4;1000;9909150;-1;-87
;ServiceLog;Komzpa;1436096140315;3G;UMTS;1;257;4;1000;9909150;-1;-87
;ServiceLog;Komzpa;1436096141322;3G;HSDPA;1;257;4;1000;9909147;-1;-87
;ServiceLog;Komzpa;1436096142332;3G;HSDPA;1;257;4;1000;9909147;-1;-87
;ServiceLog;Komzpa;1436096143353;3G;HSDPA;1;257;4;1000;9909147;-1;-87
;ServiceLog;Komzpa;1436096144376;3G;HSDPA;1;257;4;1000;9909147;-1;-87
;ServiceLog;Komzpa;1436096145415;3G;HSDPA;1;257;4;1000;9909147;-1;-87
;ServiceLog;Komzpa;1436096146424;3G;HSDPA;1;257;4;1000;9909147;-1;-87
;ServiceLog;Komzpa;1436096147441;3G;HSDPA;1;257;4;1000;9909147;-1;-85
;ServiceLog;Komzpa;1436096148458;3G;HSDPA;1;257;4;1000;9909147;-1;-85
;ServiceLog;Komzpa;1436096149476;3G;HSDPA;1;257;4;1000;9909147;-1;-85
;ServiceLog;Komzpa;1436096150498;3G;HSDPA;1;257;4;1000;9909147;-1;-85
;ServiceLog;Komzpa;1436096151516;3G;HSDPA;1;257;4;1000;9909147;-1;-85
;ServiceLog;Komzpa;1436096152544;3G;HSDPA;1;257;4;1000;9909147;-1;-85
;ServiceLog;Komzpa;1436096153565;3G;HSDPA;1;257;4;1000;9909150;-1;-87
;ServiceLog;Komzpa;1436096154625;3G;HSDPA;1;257;4;1000;9909150;-1;-87
;ServiceLog;Komzpa;1436096155639;3G;HSPAP;1;257;4;1000;9909150;-1;-87
;ServiceLog;Komzpa;1436096156659;3G;HSPAP;1;257;4;1000;9909150;-1;-87
;ServiceLog;Komzpa;1436096157677;3G;HSPAP;1;257;4;1000;9909150;-1;-89
;ServiceLog;Komzpa;1436096158695;3G;HSPAP;1;257;4;1000;9909150;-1;-89
;ServiceLog;Komzpa;1436096159715;3G;HSPAP;1;257;4;1000;9909150;-1;-89
;ServiceLog;Komzpa;1436096160733;3G;HSPAP;1;257;4;1000;9909150;-1;-89
;ServiceLog;Komzpa;1436096161749;3G;HSPAP;1;257;4;1000;9909150;-1;-89
;ServiceLog;Komzpa;1436096162757;3G;HSDPA;1;257;4;1000;9909150;-1;-87
;ServiceLog;Komzpa;1436096163772;3G;HSDPA;1;257;4;1000;9909150;-1;-87
;ServiceLog;Komzpa;1436096164784;3G;HSDPA;1;257;4;1000;9909150;-1;-87
;ServiceLog;Komzpa;1436096165794;3G;HSDPA;1;257;4;1000;9909150;-1;-87
;ServiceLog;Komzpa;1436096166812;3G;HSDPA;1;257;4;1000;9909150;-1;-85
;ServiceLog;Komzpa;1436096167823;3G;HSPAP;1;257;4;1000;9909150;-1;-85
;ServiceLog;Komzpa;1436096168833;3G;HSPAP;1;257;4;1000;9909150;-1;-85
;ServiceLog;Komzpa;1436096169850;3G;HSPAP;1;257;4;1000;9909150;-1;-83
;ServiceLog;Komzpa;1436096170904;3G;HSPAP;1;257;4;1000;9909150;-1;-79
;ServiceLog;Komzpa;1436096171921;3G;HSPAP;1;257;4;1000;9909150;-1;-81
;ServiceLog;Komzpa;1436096172943;3G;HSPAP;1;257;4;1000;9909150;-1;-81
;ServiceLog;Komzpa;1436096173964;3G;HSPAP;1;257;4;1000;9909150;-1;-83
;ServiceLog;Komzpa;1436096174974;3G;HSPAP;1;257;4;1000;9909150;-1;-83
;ServiceLog;Komzpa;1436096176091;3G;HSPAP;1;257;4;1000;9909150;-1;-85
;ServiceLog;Komzpa;1436096177184;3G;HSPAP;1;257;4;1000;9909150;-1;-91
;ServiceLog;Komzpa;1436096178194;3G;HSPAP;1;257;4;1000;9909150;-1;-95
;ServiceLog;Komzpa;1436096179206;3G;HSPAP;1;257;4;1000;9909150;-1;-99
;ServiceLog;Komzpa;1436096180225;3G;HSPAP;1;257;4;1000;9909150;-1;-105
;ServiceLog;Komzpa;1436096181245;3G;HSPAP;1;257;4;1000;9909150;-1;-101
;ServiceLog;Komzpa;1436096182264;3G;HSPAP;1;257;4;1000;9909150;-1;-101
;ServiceLog;Komzpa;1436096183282;3G;HSPAP;1;257;4;1000;9909150;-1;-103
;ServiceLog;Komzpa;1436096184309;3G;HSPAP;1;257;4;1000;9909150;-1;-107
;ServiceLog;Komzpa;1436096185329;3G;HSPAP;1;257;4;1000;9909150;-1;-109
;ServiceLog;Komzpa;1436096186349;3G;HSPAP;1;257;4;1000;9909150;-1;-109
;ServiceLog;Komzpa;1436096187368;3G;HSPAP;1;257;4;1000;9909150;-1;-113
;ServiceLog;Komzpa;1436096188386;3G;HSPAP;1;257;4;1000;9909150;-1;-113
;ServiceLog;Komzpa;1436096189400;3G;HSPAP;1;257;4;1000;9909150;-1;-113
;ServiceLog;Komzpa;1436096190419;3G;HSPAP;1;257;4;1000;9909150;-1;-113
;ServiceLog;Komzpa;1436096191441;3G;HSPAP;1;257;4;1000;9909150;-1;-113
;ServiceLog;Komzpa;1436096192459;3G;HSPAP;1;257;4;1000;9909150;-1;-113
;ServiceLog;Komzpa;1436096193476;3G;HSPAP;1;257;4;1000;9909150;-1;-113
;ServiceLog;Komzpa;1436096194547;3G;HSPAP;1;257;4;1000;9909150;-1;-113
;ServiceLog;Komzpa;1436096195568;3G;HSPAP;1;257;4;1000;9909150;-1;-113
;ServiceLog;Komzpa;1436096196589;3G;UMTS;1;257;4;1000;9909150;-1;-113
;ServiceLog;Komzpa;1436096197609;3G;UMTS;1;257;4;1000;9909150;-1;-113
;ServiceLog;Komzpa;1436096198631;3G;UMTS;1;257;4;1000;9909150;-1;-113
;ServiceLog;Komzpa;1436096199653;3G;UMTS;1;257;4;1000;9909150;-1;-113
;ServiceLog;Komzpa;1436096200665;3G;UMTS;1;257;4;1000;9909150;-1;-113
;ServiceLog;Komzpa;1436096201689;3G;UMTS;1;257;4;1000;9909150;-1;-113
;ServiceLog;Komzpa;1436096202711;3G;UMTS;1;257;4;1000;9909150;-1;-113
;ServiceLog;Komzpa;1436096203729;3G;UMTS;1;257;4;1000;9909150;-1;-113
;ServiceLog;Komzpa;1436096204748;3G;UMTS;1;257;4;1000;9909150;-1;-113
;ServiceLog;Komzpa;1436096205766;3G;UMTS;1;257;4;1000;9909150;-1;-113
;ServiceLog;Komzpa;1436096206783;3G;UMTS;1;257;4;1000;9909150;-1;-113
;ServiceLog;Komzpa;1436096207801;3G;UMTS;1;257;4;1000;9909150;-1;-113
;ServiceLog;Komzpa;1436096208819;3G;UMTS;1;257;4;1000;9909150;-1;-113
;ServiceLog;Komzpa;1436096209838;3G;UMTS;1;257;4;1000;9909150;-1;-113
;ServiceLog;Komzpa;1436096210857;3G;UMTS;1;257;4;1000;9909150;-1;-113
;ServiceLog;Komzpa;1436096211877;3G;UMTS;1;257;4;1000;9909150;-1;-113
;ServiceLog;Komzpa;1436096212894;3G;UMTS;1;257;4;1000;9909150;-1;-113
;ServiceLog;Komzpa;1436096213911;3G;UMTS;1;257;4;1000;9909150;-1;-113
;ServiceLog;Komzpa;1436096214924;3G;UMTS;1;257;4;1000;9909150;-1;-113
;ServiceLog;Komzpa;1436096215938;3G;UMTS;1;257;4;1000;9909150;-1;-113
;ServiceLog;Komzpa;1436096216953;3G;UMTS;1;257;4;1000;9909150;-1;-113
;ServiceLog;Komzpa;1436096217966;3G;UMTS;1;257;4;1000;9909150;-1;-113
;ServiceLog;Komzpa;1436096219010;3G;UMTS;1;257;4;1000;9909150;-1;-113
;ServiceLog;Komzpa;1436096220028;3G;UMTS;1;257;4;1000;9909150;-1;-113
;ServiceLog;Komzpa;1436096221050;3G;UMTS;1;257;4;1000;9909150;-1;-113
;ServiceLog;Komzpa;1436096222063;3G;UMTS;1;257;4;1000;9909150;-1;-113
;ServiceLog;Komzpa;1436096223084;3G;UMTS;1;257;4;1000;9909150;-1;-113
;ServiceLog;Komzpa;1436096224104;3G;UMTS;1;257;4;1000;9909150;-1;-113
;ServiceLog;Komzpa;1436096225121;3G;UMTS;1;257;4;1000;9909150;-1;-113
;ServiceLog;Komzpa;1436096226141;3G;UMTS;1;257;4;1000;9909150;-1;-113
;ServiceLog;Komzpa;1436096227161;3G;UMTS;1;257;4;1000;9909150;-1;-113
;ServiceLog;Komzpa;1436096228182;3G;UMTS;1;257;4;1000;9909150;-1;-113
;ServiceLog;Komzpa;1436096229196;3G;UMTS;1;257;4;1000;9909150;-1;-113
;ServiceLog;Komzpa;1436096230211;3G;UMTS;1;257;4;1000;9909150;-1;-113
;ServiceLog;Komzpa;1436096231223;3G;UMTS;1;257;4;1000;9909150;-1;-113
;ServiceLog;Komzpa;1436096232243;3G;UMTS;1;257;4;1000;9909150;-1;-113
;ServiceLog;Komzpa;1436096233262;3G;UMTS;1;257;4;1000;9909150;-1;-113
;ServiceLog;Komzpa;1436096234279;3G;UMTS;1;257;4;1000;9909150;-1;-113
;ServiceLog;Komzpa;1436096235301;3G;UMTS;1;257;4;1000;9909150;-1;-113
;ServiceLog;Komzpa;1436096236321;unknown;unknown;1;257;4;1000;9909150;-1;-113
;ServiceLog;Komzpa;1436096237353;unknown;unknown;1;257;4;1000;9909150;-1;-113
;ServiceLog;Komzpa;1436096238372;unknown;unknown;1;257;4;1000;9909150;-1;-113
;ServiceLog;Komzpa;1436096239385;unknown;unknown;1;257;4;1000;9909150;-1;-113
;ServiceLog;Komzpa;1436096240408;unknown;unknown;1;257;4;1000;9909150;-1;-113
;ServiceLog;Komzpa;1436096241423;unknown;unknown;1;257;4;1000;9909150;-1;-113
;ServiceLog;Komzpa;1436096242440;unknown;unknown;1;257;4;1000;9909150;-1;-113
;ServiceLog;Komzpa;1436096243486;unknown;unknown;1;257;4;1000;9909150;-1;-113
;ServiceLog;Komzpa;1436096244496;unknown;unknown;1;257;4;1000;9909150;-1;-113
;ServiceLog;Komzpa;1436096245525;unknown;unknown;1;257;4;1000;9909150;-1;-113
;ServiceLog;Komzpa;1436096246545;unknown;unknown;1;257;4;1000;9909150;-1;-113
;ServiceLog;Komzpa;1436096247659;unknown;unknown;1;257;4;1000;9909150;-1;-113
;ServiceLog;Komzpa;1436096248690;unknown;unknown;1;257;4;1000;9909150;-1;-113
;ServiceLog;Komzpa;1436096249700;unknown;unknown;1;257;4;1000;9909150;-1;-113
;ServiceLog;Komzpa;1436096250718;unknown;unknown;1;257;4;1000;9909150;-1;-113
;ServiceLog;Komzpa;1436096251731;unknown;unknown;1;257;4;1000;9909150;-1;-113
;ServiceLog;Komzpa;1436096252749;unknown;unknown;1;257;4;1000;9909150;-1;-113
;ServiceLog;Komzpa;1436096253764;unknown;unknown;1;257;4;1000;9909150;-1;-113
;ServiceLog;Komzpa;1436096254775;unknown;unknown;1;257;4;1000;9909150;-1;-113
;ServiceLog;Komzpa;1436096255788;unknown;unknown;1;257;4;1000;9909150;-1;-113
;ServiceLog;Komzpa;1436096256802;unknown;unknown;1;257;4;1000;9909150;-1;-113
;ServiceLog;Komzpa;1436096257820;unknown;unknown;1;257;4;1000;9909150;-1;-113
;ServiceLog;Komzpa;1436096258842;unknown;unknown;1;257;4;1000;9909150;-1;-113
;ServiceLog;Komzpa;1436096259862;unknown;unknown;1;257;4;1000;9909150;-1;-113
;ServiceLog;Komzpa;1436096260881;unknown;unknown;1;257;4;1000;9909150;-1;-113
;ServiceLog;Komzpa;1436096261887;unknown;unknown;1;257;4;1000;9909150;-1;-113
;ServiceLog;Komzpa;1436096262899;3G;HSDPA;1;257;4;1000;9909140;-1;-113
;ServiceLog;Komzpa;1436096264362;3G;HSPAP;1;257;4;1000;9909140;-1;-113
;ServiceLog;Komzpa;1436096265461;3G;HSPAP;1;257;4;1000;9909140;-1;-109
;ServiceLog;Komzpa;1436096266643;3G;HSPAP;1;257;4;1000;9909140;-1;-103
;ServiceLog;Komzpa;1436096267670;3G;HSPAP;1;257;4;1000;9909140;-1;-93
;ServiceLog;Komzpa;1436096268686;3G;HSPAP;1;257;4;1000;9909140;-1;-85
;ServiceLog;Komzpa;1436096269704;3G;HSPAP;1;257;4;1000;9909140;-1;-79
;ServiceLog;Komzpa;1436096270923;3G;HSPAP;1;257;4;1000;9909140;-1;-79
;ServiceLog;Komzpa;1436096271931;3G;HSPAP;1;257;4;1000;9909140;-1;-79
;ServiceLog;Komzpa;1436096272940;3G;HSPAP;1;257;4;1000;9909140;-1;-83
;ServiceLog;Komzpa;1436096273958;3G;HSPAP;1;257;4;1000;9909140;-1;-87
;ServiceLog;Komzpa;1436096274968;3G;HSPAP;1;257;4;1000;9909140;-1;-89
;ServiceLog;Komzpa;1436096275977;3G;HSPAP;1;257;4;1000;9909140;-1;-93
;ServiceLog;Komzpa;1436096277006;3G;HSPAP;1;257;4;1000;9909140;-1;-93
;ServiceLog;Komzpa;1436096278030;3G;HSPAP;1;257;4;1000;9909140;-1;-93
;ServiceLog;Komzpa;1436096279446;3G;HSPAP;1;257;4;1000;9909140;-1;-91
;ServiceLog;Komzpa;1436096280465;3G;HSPAP;1;257;4;1000;9909140;-1;-81
;ServiceLog;Komzpa;1436096281527;3G;HSPAP;1;257;4;1000;9909140;-1;-89
;ServiceLog;Komzpa;1436096282556;3G;HSPAP;1;257;4;1000;9909140;-1;-89
;ServiceLog;Komzpa;1436096283564;3G;HSPAP;1;257;4;1000;9909140;-1;-89
;ServiceLog;Komzpa;1436096284576;3G;HSPAP;1;257;4;1000;9909140;-1;-85
;ServiceLog;Komzpa;1436096285589;3G;HSPAP;1;257;4;1000;9909140;-1;-83
;ServiceLog;Komzpa;1436096286602;3G;HSPAP;1;257;4;1000;9909140;-1;-83
;ServiceLog;Komzpa;1436096287611;3G;HSPAP;1;257;4;1000;9909140;-1;-83
;ServiceLog;Komzpa;1436096288622;3G;HSPAP;1;257;4;1000;9909140;-1;-83
;ServiceLog;Komzpa;1436096289655;3G;HSPAP;1;257;4;1000;9909140;-1;-81
;ServiceLog;Komzpa;1436096290793;3G;HSPAP;1;257;4;1000;9909140;-1;-81
;ServiceLog;Komzpa;1436096291815;3G;HSPAP;1;257;4;1000;9909140;-1;-81
;ServiceLog;Komzpa;1436096292848;3G;HSPAP;1;257;4;1000;9909140;-1;-81
;ServiceLog;Komzpa;1436096293865;3G;HSPAP;1;257;4;1000;9909140;-1;-81
;ServiceLog;Komzpa;1436096294884;3G;HSPAP;1;257;4;1000;9909140;-1;-81
;ServiceLog;Komzpa;1436096295900;3G;HSPAP;1;257;4;1000;9909140;-1;-81
;ServiceLog;Komzpa;1436096296922;3G;HSPAP;1;257;4;1000;9909140;-1;-81
;ServiceLog;Komzpa;1436096297943;3G;HSPAP;1;257;4;1000;9909140;-1;-81
;ServiceLog;Komzpa;1436096298966;3G;HSPAP;1;257;4;1000;9909140;-1;-81
;ServiceLog;Komzpa;1436096299985;3G;HSPAP;1;257;4;1000;9909140;-1;-81
;ServiceLog;Komzpa;1436096301003;3G;HSPAP;1;257;4;1000;9909140;-1;-81
;ServiceLog;Komzpa;1436096302019;3G;HSPAP;1;257;4;1000;9909140;-1;-81
;ServiceLog;Komzpa;1436096303038;3G;HSPAP;1;257;4;1000;9909140;-1;-81
;ServiceLog;Komzpa;1436096304059;3G;HSPAP;1;257;4;1000;9909140;-1;-81
;ServiceLog;Komzpa;1436096305123;3G;HSPAP;1;257;4;1000;9909140;-1;-81
;ServiceLog;Komzpa;1436096306143;3G;HSPAP;1;257;4;1000;9909140;-1;-81
;ServiceLog;Komzpa;1436096307167;3G;HSPAP;1;257;4;1000;9909140;-1;-81
;ServiceLog;Komzpa;1436096308218;3G;HSPAP;1;257;4;1000;9909140;-1;-81
;ServiceLog;Komzpa;1436096309241;3G;HSPAP;1;257;4;1000;9909140;-1;-79
;ServiceLog;Komzpa;1436096310272;3G;HSPAP;1;257;4;1000;9909140;-1;-79
;ServiceLog;Komzpa;1436096311297;3G;HSPAP;1;257;4;1000;9909140;-1;-79
;ServiceLog;Komzpa;1436096312317;3G;HSPAP;1;257;4;1000;9909140;-1;-79
;ServiceLog;Komzpa;1436096313338;3G;HSPAP;1;257;4;1000;9909140;-1;-79
;ServiceLog;Komzpa;1436096314358;3G;HSPAP;1;257;4;1000;9909140;-1;-79
;ServiceLog;Komzpa;1436096315380;3G;HSPAP;1;257;4;1000;9909140;-1;-79
;ServiceLog;Komzpa;1436096316403;3G;HSPAP;1;257;4;1000;9909140;-1;-79
;ServiceLog;Komzpa;1436096317420;3G;HSPAP;1;257;4;1000;9909140;-1;-81
;ServiceLog;Komzpa;1436096318437;3G;HSPAP;1;257;4;1000;9909140;-1;-83
;ServiceLog;Komzpa;1436096319460;3G;HSPAP;1;257;4;1000;9909140;-1;-83
;ServiceLog;Komzpa;1436096320484;3G;HSPAP;1;257;4;1000;9909140;-1;-83
;ServiceLog;Komzpa;1436096321504;3G;HSPAP;1;257;4;1000;9909140;-1;-83
;ServiceLog;Komzpa;1436096322543;3G;HSPAP;1;257;4;1000;9909140;-1;-83
;ServiceLog;Komzpa;1436096323559;3G;HSPAP;1;257;4;1000;9909140;-1;-83
;ServiceLog;Komzpa;1436096324590;3G;HSPAP;1;257;4;1000;9909140;-1;-79
;ServiceLog;Komzpa;1436096325599;3G;HSPAP;1;257;4;1000;9909140;-1;-73
;ServiceLog;Komzpa;1436096326609;3G;HSPAP;1;257;4;1000;9909140;-1;-67
;ServiceLog;Komzpa;1436096327627;3G;HSPAP;1;257;4;1000;9909140;-1;-63
;ServiceLog;Komzpa;1436096328648;3G;HSPAP;1;257;4;1000;9909140;-1;-61
;ServiceLog;Komzpa;1436096329674;3G;HSPAP;1;257;4;1000;9909140;-1;-61
;ServiceLog;Komzpa;1436096330693;3G;HSPAP;1;257;4;1000;9909140;-1;-61
;ServiceLog;Komzpa;1436096331727;3G;HSPAP;1;257;4;1000;9909140;-1;-61
;ServiceLog;Komzpa;1436096332743;3G;HSPAP;1;257;4;1000;9909140;-1;-67
;ServiceLog;Komzpa;1436096333750;3G;HSPAP;1;257;4;1000;9909140;-1;-73
;ServiceLog;Komzpa;1436096334761;3G;HSPAP;1;257;4;1000;9909140;-1;-77
;ServiceLog;Komzpa;1436096335775;3G;HSPAP;1;257;4;1000;9909140;-1;-81
;ServiceLog;Komzpa;1436096336798;3G;HSPAP;1;257;4;1000;9909140;-1;-85
;ServiceLog;Komzpa;1436096337810;3G;HSPAP;1;257;4;1000;9909140;-1;-85
;ServiceLog;Komzpa;1436096338824;3G;HSPAP;1;257;4;1000;9909140;-1;-87
;ServiceLog;Komzpa;1436096339839;3G;HSPAP;1;257;4;1000;9909140;-1;-91
;ServiceLog;Komzpa;1436096340859;3G;HSPAP;1;257;4;1000;9909140;-1;-91
;ServiceLog;Komzpa;1436096341874;3G;HSPAP;1;257;4;1000;9909140;-1;-91
;ServiceLog;Komzpa;1436096342887;3G;HSPAP;1;257;4;1000;9909140;-1;-93
;ServiceLog;Komzpa;1436096343899;3G;HSPAP;1;257;4;1000;9909140;-1;-97
;ServiceLog;Komzpa;1436096344911;3G;HSPAP;1;257;4;1000;9909140;-1;-97
;ServiceLog;Komzpa;1436096345922;3G;HSPAP;1;257;4;1000;9909140;-1;-99
;ServiceLog;Komzpa;1436096346934;3G;HSPAP;1;257;4;1000;9909140;-1;-103
;ServiceLog;Komzpa;1436096347947;3G;HSPAP;1;257;4;1000;9909140;-1;-105
;ServiceLog;Komzpa;1436096348960;3G;HSPAP;1;257;4;1000;9909140;-1;-107
;ServiceLog;Komzpa;1436096349975;3G;HSPAP;1;257;4;1000;9909140;-1;-109
;ServiceLog;Komzpa;1436096350988;3G;HSPAP;1;257;4;1000;9909140;-1;-109
;ServiceLog;Komzpa;1436096352000;3G;HSPAP;1;257;4;1000;9909140;-1;-111
;ServiceLog;Komzpa;1436096353012;3G;HSPAP;1;257;4;1000;9909140;-1;-111
;ServiceLog;Komzpa;1436096354025;3G;HSPAP;1;257;4;1000;9909140;-1;-111
;ServiceLog;Komzpa;1436096355037;3G;HSPAP;1;257;4;1000;9909140;-1;-111
;ServiceLog;Komzpa;1436096356048;3G;UMTS;1;257;4;1000;9909140;-1;-111
;ServiceLog;Komzpa;1436096357069;3G;UMTS;1;257;4;1000;9909140;-1;-113
;ServiceLog;Komzpa;1436096358081;3G;UMTS;1;257;4;1000;9909140;-1;-113
;ServiceLog;Komzpa;1436096359096;3G;UMTS;1;257;4;1000;9909140;-1;-113
;ServiceLog;Komzpa;1436096360162;3G;UMTS;1;257;4;1000;9909140;-1;-113
;ServiceLog;Komzpa;1436096361183;3G;UMTS;1;257;4;1000;9909140;-1;-113
;ServiceLog;Komzpa;1436096362205;3G;UMTS;1;257;4;1000;9909140;-1;-113
;ServiceLog;Komzpa;1436096363223;3G;UMTS;1;257;4;1000;9909140;-1;-113
;ServiceLog;Komzpa;1436096364243;3G;UMTS;1;257;4;1000;9909140;-1;-113
;ServiceLog;Komzpa;1436096365260;3G;UMTS;1;257;4;1000;9909140;-1;-113
;ServiceLog;Komzpa;1436096366272;3G;HSPAP;1;257;4;1000;9909127;-1;-113
;ServiceLog;Komzpa;1436096367288;3G;HSPAP;1;257;4;1000;9909127;-1;-111
;ServiceLog;Komzpa;1436096368310;3G;HSPAP;1;257;4;1000;9909127;-1;-111
;ServiceLog;Komzpa;1436096369331;3G;HSPAP;1;257;4;1000;9909127;-1;-107
;ServiceLog;Komzpa;1436096370352;3G;HSPAP;1;257;4;1000;9909127;-1;-105
;ServiceLog;Komzpa;1436096371371;3G;HSPAP;1;257;4;1000;9909127;-1;-105
;ServiceLog;Komzpa;1436096372390;3G;HSPAP;1;257;4;1000;9909127;-1;-105
;ServiceLog;Komzpa;1436096373416;3G;UMTS;1;257;4;1000;9909127;-1;-105
;ServiceLog;Komzpa;1436096374446;3G;HSDPA;1;257;4;1000;9909127;-1;-107
;ServiceLog;Komzpa;1436096375459;3G;HSPAP;1;257;4;1000;9909127;-1;-107
;ServiceLog;Komzpa;1436096376486;3G;HSPAP;1;257;4;1000;9909127;-1;-107
;ServiceLog;Komzpa;1436096377503;3G;HSPAP;1;257;4;1000;9909127;-1;-107
;ServiceLog;Komzpa;1436096378521;3G;HSPAP;1;257;4;1000;9909127;-1;-103
;ServiceLog;Komzpa;1436096379541;3G;HSPAP;1;257;4;1000;9909127;-1;-103
;ServiceLog;Komzpa;1436096380559;3G;HSPAP;1;257;4;1000;9909127;-1;-101
;ServiceLog;Komzpa;1436096381575;3G;HSPAP;1;257;4;1000;9909127;-1;-101
;ServiceLog;Komzpa;1436096382631;3G;HSPAP;1;257;4;1000;9909127;-1;-101
;ServiceLog;Komzpa;1436096383667;3G;HSPAP;1;257;4;1000;9909127;-1;-101
;ServiceLog;Komzpa;1436096384677;3G;HSPAP;1;257;4;1000;9909127;-1;-97
;ServiceLog;Komzpa;1436096385685;3G;HSPAP;1;257;4;1000;9909127;-1;-97
;ServiceLog;Komzpa;1436096386708;3G;HSPAP;1;257;4;1000;9909127;-1;-97
;ServiceLog;Komzpa;1436096387717;3G;HSPAP;1;257;4;1000;9909127;-1;-97
;ServiceLog;Komzpa;1436096388735;3G;HSDPA;1;257;4;1000;9909127;-1;-95
;ServiceLog;Komzpa;1436096389743;3G;HSDPA;1;257;4;1000;9909127;-1;-93
;ServiceLog;Komzpa;1436096390761;3G;HSPAP;1;257;4;1000;9909127;-1;-91
;ServiceLog;Komzpa;1436096391782;3G;HSPAP;1;257;4;1000;9909127;-1;-89
;ServiceLog;Komzpa;1436096392805;3G;HSPAP;1;257;4;1000;9909127;-1;-85
;ServiceLog;Komzpa;1436096393832;3G;UMTS;1;257;4;1000;9909127;-1;-79
;ServiceLog;Komzpa;1436096394884;3G;HSDPA;1;257;4;1000;9909127;-1;-75
;ServiceLog;Komzpa;1436096395922;3G;HSDPA;1;257;4;1000;9909127;-1;-75
;ServiceLog;Komzpa;1436096396943;3G;HSDPA;1;257;4;1000;9909127;-1;-75
;ServiceLog;Komzpa;1436096397967;3G;HSDPA;1;257;4;1000;9909127;-1;-75
;ServiceLog;Komzpa;1436096398987;3G;HSDPA;1;257;4;1000;9909127;-1;-75
;ServiceLog;Komzpa;1436096400006;3G;HSDPA;1;257;4;1000;9909127;-1;-73
;ServiceLog;Komzpa;1436096401048;3G;HSDPA;1;257;4;1000;9909127;-1;-73
;ServiceLog;Komzpa;1436096402058;3G;HSPAP;1;257;4;1000;9909127;-1;-73
;ServiceLog;Komzpa;1436096403072;3G;HSPAP;1;257;4;1000;9909127;-1;-73
;ServiceLog;Komzpa;1436096404085;3G;HSPAP;1;257;4;1000;9909127;-1;-73
;ServiceLog;Komzpa;1436096405103;3G;HSPAP;1;257;4;1000;9909127;-1;-75
;ServiceLog;Komzpa;1436096406122;3G;HSPAP;1;257;4;1000;9909127;-1;-79
;ServiceLog;Komzpa;1436096407139;3G;HSPAP;1;257;4;1000;9909127;-1;-79
;ServiceLog;Komzpa;1436096408157;3G;HSPAP;1;257;4;1000;9909127;-1;-79
;ServiceLog;Komzpa;1436096409173;3G;HSPAP;1;257;4;1000;9909127;-1;-81
;ServiceLog;Komzpa;1436096410190;3G;HSPAP;1;257;4;1000;9909127;-1;-85
;ServiceLog;Komzpa;1436096411201;3G;HSPAP;1;257;4;1000;9909127;-1;-87
;ServiceLog;Komzpa;1436096412218;3G;HSPAP;1;257;4;1000;9909127;-1;-89
;ServiceLog;Komzpa;1436096413233;3G;HSPAP;1;257;4;1000;9909127;-1;-89
;ServiceLog;Komzpa;1436096414251;3G;HSPAP;1;257;4;1000;9909127;-1;-89
;ServiceLog;Komzpa;1436096415270;3G;HSDPA;1;257;4;1000;9909127;-1;-89
;ServiceLog;Komzpa;1436096416287;3G;HSDPA;1;257;4;1000;9909127;-1;-87
;ServiceLog;Komzpa;1436096417318;3G;HSDPA;1;257;4;1000;9909127;-1;-87
;ServiceLog;Komzpa;1436096418360;3G;HSDPA;1;257;4;1000;9909127;-1;-87
;ServiceLog;Komzpa;1436096419378;3G;HSDPA;1;257;4;1000;9909127;-1;-87
;ServiceLog;Komzpa;1436096420388;3G;HSDPA;1;257;4;1000;9909127;-1;-87
;ServiceLog;Komzpa;1436096421405;3G;HSDPA;1;257;4;1000;9909127;-1;-87
;ServiceLog;Komzpa;1436096422424;3G;HSPAP;1;257;4;1000;9909127;-1;-87
;ServiceLog;Komzpa;1436096423463;3G;HSPAP;1;257;4;1000;9909127;-1;-87
;ServiceLog;Komzpa;1436096424507;3G;HSPAP;1;257;4;1000;9909127;-1;-87
;ServiceLog;Komzpa;1436096425522;3G;HSPAP;1;257;4;1000;9909127;-1;-87
;ServiceLog;Komzpa;1436096426548;3G;HSPAP;1;257;4;1000;9909127;-1;-87
;ServiceLog;Komzpa;1436096427561;3G;HSPAP;1;257;4;1000;9909127;-1;-87
;ServiceLog;Komzpa;1436096428586;3G;HSPAP;1;257;4;1000;9909127;-1;-87
;ServiceLog;Komzpa;1436096429615;3G;HSPAP;1;257;4;1000;9909127;-1;-87
;ServiceLog;Komzpa;1436096430639;3G;HSPAP;1;257;4;1000;9909127;-1;-87
;ServiceLog;Komzpa;1436096431663;3G;HSPAP;1;257;4;1000;9909127;-1;-87
;ServiceLog;Komzpa;1436096432683;3G;UMTS;1;257;4;1000;9909127;-1;-87
;ServiceLog;Komzpa;1436096433694;3G;HSDPA;1;257;4;1000;9909130;-1;-89
;ServiceLog;Komzpa;1436096434714;3G;HSDPA;1;257;4;1000;9909130;-1;-89
;ServiceLog;Komzpa;1436096435734;3G;HSDPA;1;257;4;1000;9909130;-1;-89
;ServiceLog;Komzpa;1436096436752;3G;HSDPA;1;257;4;1000;9909130;-1;-89
;ServiceLog;Komzpa;1436096437772;3G;HSPAP;1;257;4;1000;9909130;-1;-91
;ServiceLog;Komzpa;1436096438788;3G;HSPAP;1;257;4;1000;9909130;-1;-97
;ServiceLog;Komzpa;1436096439805;3G;HSPAP;1;257;4;1000;9909130;-1;-97
;ServiceLog;Komzpa;1436096440822;3G;HSPAP;1;257;4;1000;9909130;-1;-97
;ServiceLog;Komzpa;1436096441872;3G;HSPAP;1;257;4;1000;9909130;-1;-81
;ServiceLog;Komzpa;1436096442896;3G;HSPAP;1;257;4;1000;9909130;-1;-81
;ServiceLog;Komzpa;1436096443923;3G;HSPAP;1;257;4;1000;9909130;-1;-89
;ServiceLog;Komzpa;1436096444944;3G;HSPAP;1;257;4;1000;9909130;-1;-87
;ServiceLog;Komzpa;1436096445967;3G;HSPAP;1;257;4;1000;9909130;-1;-83
;ServiceLog;Komzpa;1436096446985;3G;HSPAP;1;257;4;1000;9909130;-1;-81
;ServiceLog;Komzpa;1436096447997;3G;HSPAP;1;257;4;1000;9909130;-1;-81
;ServiceLog;Komzpa;1436096449011;3G;HSPAP;1;257;4;1000;9909130;-1;-77
;ServiceLog;Komzpa;1436096450021;3G;HSPAP;1;257;4;1000;9909130;-1;-77
;ServiceLog;Komzpa;1436096451034;3G;HSPAP;1;257;4;1000;9909130;-1;-77
;ServiceLog;Komzpa;1436096452043;3G;HSPAP;1;257;4;1000;9909130;-1;-81
;ServiceLog;Komzpa;1436096453056;3G;HSPAP;1;257;4;1000;9909130;-1;-87
;ServiceLog;Komzpa;1436096454073;3G;HSPAP;1;257;4;1000;9909130;-1;-93
;ServiceLog;Komzpa;1436096455084;3G;HSPAP;1;257;4;1000;9909130;-1;-99
;ServiceLog;Komzpa;1436096456093;3G;HSPAP;1;257;4;1000;9909130;-1;-107
;ServiceLog;Komzpa;1436096457111;3G;HSPAP;1;257;4;1000;9909130;-1;-109
;ServiceLog;Komzpa;1436096458129;3G;HSPAP;1;257;4;1000;9909130;-1;-111
;ServiceLog;Komzpa;1436096459143;3G;HSPAP;1;257;4;1000;9909130;-1;-111
;ServiceLog;Komzpa;1436096460155;3G;HSPAP;1;257;4;1000;9909130;-1;-111
;ServiceLog;Komzpa;1436096461167;3G;HSPAP;1;257;4;1000;9909130;-1;-113
;ServiceLog;Komzpa;1436096462179;3G;HSPAP;1;257;4;1000;9909130;-1;-113
;ServiceLog;Komzpa;1436096463192;3G;HSPAP;1;257;4;1000;9909130;-1;-113
;ServiceLog;Komzpa;1436096464211;3G;HSPAP;1;257;4;1000;9909130;-1;-113
;ServiceLog;Komzpa;1436096465232;3G;HSPAP;1;257;4;1000;9909130;-1;-113
;ServiceLog;Komzpa;1436096466252;3G;HSPAP;1;257;4;1000;9909130;-1;-113
;ServiceLog;Komzpa;1436096467275;3G;HSPAP;1;257;4;1000;9909130;-1;-113
;ServiceLog;Komzpa;1436096468340;3G;HSPAP;1;257;4;1000;9909130;-1;-113
;ServiceLog;Komzpa;1436096469356;3G;HSPAP;1;257;4;1000;9909130;-1;-113
;ServiceLog;Komzpa;1436096470374;3G;HSPAP;1;257;4;1000;9909130;-1;-113
;ServiceLog;Komzpa;1436096471393;3G;HSPAP;1;257;4;1000;9909130;-1;-113
;ServiceLog;Komzpa;1436096472411;3G;HSPAP;1;257;4;1000;9909130;-1;-113
;ServiceLog;Komzpa;1436096473422;3G;HSPAP;1;257;4;1000;9909130;-1;-113
;ServiceLog;Komzpa;1436096474441;3G;HSPAP;1;257;4;1000;9909130;-1;-113
;ServiceLog;Komzpa;1436096475460;3G;HSPAP;1;257;4;1000;9909130;-1;-113
;ServiceLog;Komzpa;1436096476478;3G;HSPAP;1;257;4;1000;9909130;-1;-113
;ServiceLog;Komzpa;1436096477497;3G;UMTS;1;257;4;1000;9909130;-1;-113
;ServiceLog;Komzpa;1436096478516;3G;UMTS;1;257;4;1000;9909130;-1;-113
;ServiceLog;Komzpa;1436096479549;3G;UMTS;1;257;4;1000;9909130;-1;-113
;ServiceLog;Komzpa;1436096480568;3G;UMTS;1;257;4;1000;9909130;-1;-113
;ServiceLog;Komzpa;1436096481581;3G;UMTS;1;257;4;1000;9909130;-1;-113
;ServiceLog;Komzpa;1436096482602;3G;UMTS;1;257;4;1000;9909130;-1;-113
;ServiceLog;Komzpa;1436096483623;3G;UMTS;1;257;4;1000;9909130;-1;-113
;ServiceLog;Komzpa;1436096484643;3G;UMTS;1;257;4;1000;9909130;-1;-113
;ServiceLog;Komzpa;1436096485666;3G;UMTS;1;257;4;1000;9909130;-1;-113
;ServiceLog;Komzpa;1436096486680;3G;UMTS;1;257;4;1000;9909130;-1;-113
;ServiceLog;Komzpa;1436096487691;3G;UMTS;1;257;4;1000;9909130;-1;-113
;ServiceLog;Komzpa;1436096488703;2G;EDGE;1;257;4;800;13181;-1;-113
;ServiceLog;Komzpa;1436096489721;2G;EDGE;1;257;4;800;13181;-1;-107
;ServiceLog;Komzpa;1436096490737;2G;EDGE;1;257;4;800;13181;-1;-101
;ServiceLog;Komzpa;1436096491756;2G;EDGE;1;257;4;800;13181;-1;-99
;ServiceLog;Komzpa;1436096492773;2G;EDGE;1;257;4;800;13181;-1;-97
;ServiceLog;Komzpa;1436096493785;2G;EDGE;1;257;4;800;13181;-1;-97
;ServiceLog;Komzpa;1436096494800;2G;EDGE;1;257;4;800;13181;-1;-97
;ServiceLog;Komzpa;1436096495815;2G;EDGE;1;257;4;800;13181;-1;-95
;ServiceLog;Komzpa;1436096496826;2G;EDGE;1;257;4;800;13181;-1;-95
;ServiceLog;Komzpa;1436096497838;2G;EDGE;1;257;4;800;13181;-1;-91
;ServiceLog;Komzpa;1436096499062;2G;EDGE;1;257;4;800;13181;-1;-89
;ServiceLog;Komzpa;1436096500281;2G;EDGE;1;257;4;800;13181;-1;-87
;ServiceLog;Komzpa;1436096501366;2G;EDGE;1;257;4;800;13181;-1;-85
;ServiceLog;Komzpa;1436096502388;2G;EDGE;1;257;4;800;13181;-1;-81
;ServiceLog;Komzpa;1436096503413;2G;EDGE;1;257;4;800;13181;-1;-79
;ServiceLog;Komzpa;1436096504427;2G;EDGE;1;257;4;800;13181;-1;-77
;ServiceLog;Komzpa;1436096505442;2G;EDGE;1;257;4;800;13181;-1;-73
;ServiceLog;Komzpa;1436096506452;2G;EDGE;1;257;4;800;13181;-1;-73
;ServiceLog;Komzpa;1436096507471;2G;EDGE;1;257;4;800;13181;-1;-73
;ServiceLog;Komzpa;1436096508488;2G;EDGE;1;257;4;800;13181;-1;-73
;ServiceLog;Komzpa;1436096509503;3G;HSDPA;1;257;4;1000;9909117;-1;-73
;ServiceLog;Komzpa;1436096510510;3G;HSPAP;1;257;4;1000;9909117;-1;-99
;ServiceLog;Komzpa;1436096511520;3G;HSPAP;1;257;4;1000;9909117;-1;-99
;ServiceLog;Komzpa;1436096512538;3G;HSPAP;1;257;4;1000;9909117;-1;-97
;ServiceLog;Komzpa;1436096513553;3G;HSPAP;1;257;4;1000;9909117;-1;-97
;ServiceLog;Komzpa;1436096514581;3G;HSPAP;1;257;4;1000;9909117;-1;-97
;ServiceLog;Komzpa;1436096515618;3G;HSPAP;1;257;4;1000;9909117;-1;-97
;ServiceLog;Komzpa;1436096516636;3G;HSPAP;1;257;4;1000;9909117;-1;-95
;ServiceLog;Komzpa;1436096517658;3G;HSPAP;1;257;4;1000;9909117;-1;-95
;ServiceLog;Komzpa;1436096518685;3G;HSPAP;1;257;4;1000;9909117;-1;-93
;ServiceLog;Komzpa;1436096519704;3G;HSPAP;1;257;4;1000;9909117;-1;-93
;ServiceLog;Komzpa;1436096520720;3G;HSPAP;1;257;4;1000;9909117;-1;-91
;ServiceLog;Komzpa;1436096521734;3G;HSPAP;1;257;4;1000;9909117;-1;-81
;ServiceLog;Komzpa;1436096522748;3G;HSPAP;1;257;4;1000;9909117;-1;-81
;ServiceLog;Komzpa;1436096523769;3G;HSPAP;1;257;4;1000;9909117;-1;-97
;ServiceLog;Komzpa;1436096524789;3G;HSPAP;1;257;4;1000;9909117;-1;-97
;ServiceLog;Komzpa;1436096525817;3G;HSPAP;1;257;4;1000;9909117;-1;-95
;ServiceLog;Komzpa;1436096526837;3G;HSPAP;1;257;4;1000;9909117;-1;-95
;ServiceLog;Komzpa;1436096527867;3G;HSDPA;1;257;4;1000;9909117;-1;-95
;ServiceLog;Komzpa;1436096528883;3G;HSDPA;1;257;4;1000;9909117;-1;-97
;ServiceLog;Komzpa;1436096529901;3G;HSDPA;1;257;4;1000;9909117;-1;-97
;ServiceLog;Komzpa;1436096530917;3G;HSDPA;1;257;4;1000;9909117;-1;-97
;ServiceLog;Komzpa;1436096531933;3G;HSDPA;1;257;4;1000;9909117;-1;-97
;ServiceLog;Komzpa;1436096532954;3G;HSDPA;1;257;4;1000;9909117;-1;-97
;ServiceLog;Komzpa;1436096533974;3G;HSDPA;1;257;4;1000;9909117;-1;-97
;ServiceLog;Komzpa;1436096535013;3G;HSDPA;1;257;4;1000;9909117;-1;-97
;ServiceLog;Komzpa;1436096536061;3G;HSPAP;1;257;4;1000;9909117;-1;-93
;ServiceLog;Komzpa;1436096537111;3G;HSPAP;1;257;4;1000;9909117;-1;-93
;ServiceLog;Komzpa;1436096538133;3G;HSPAP;1;257;4;1000;9909117;-1;-93
;ServiceLog;Komzpa;1436096539157;3G;HSPAP;1;257;4;1000;9909117;-1;-91
;ServiceLog;Komzpa;1436096540174;3G;HSPAP;1;257;4;1000;9909117;-1;-91
;ServiceLog;Komzpa;1436096541182;3G;HSPAP;1;257;4;1000;9909117;-1;-81
;ServiceLog;Komzpa;1436096542202;3G;HSPAP;1;257;4;1000;9909117;-1;-81
;ServiceLog;Komzpa;1436096543220;3G;HSPAP;1;257;4;1000;9909117;-1;-81
;ServiceLog;Komzpa;1436096544242;3G;HSDPA;1;257;4;1000;9909117;-1;-97
;ServiceLog;Komzpa;1436096545261;3G;HSDPA;1;257;4;1000;9909117;-1;-97
;ServiceLog;Komzpa;1436096546281;3G;HSDPA;1;257;4;1000;9909117;-1;-97
;ServiceLog;Komzpa;1436096547318;3G;HSDPA;1;257;4;1000;9909117;-1;-97
;ServiceLog;Komzpa;1436096548334;3G;HSDPA;1;257;4;1000;9909117;-1;-97
;ServiceLog;Komzpa;1436096549352;3G;HSDPA;1;257;4;1000;9909117;-1;-97
;ServiceLog;Komzpa;1436096550370;3G;HSDPA;1;257;4;1000;9909117;-1;-97
;ServiceLog;Komzpa;1436096551394;3G;HSDPA;1;257;4;1000;9909117;-1;-97
;ServiceLog;Komzpa;1436096552427;3G;HSDPA;1;257;4;1000;9909117;-1;-81
;ServiceLog;Komzpa;1436096553449;3G;HSDPA;1;257;4;1000;9909117;-1;-81
;ServiceLog;Komzpa;1436096554478;3G;HSDPA;1;257;4;1000;9909117;-1;-81
;ServiceLog;Komzpa;1436096555516;3G;HSDPA;1;257;4;1000;9909117;-1;-97
;ServiceLog;Komzpa;1436096556533;3G;HSDPA;1;257;4;1000;9909117;-1;-97
;ServiceLog;Komzpa;1436096557544;3G;HSDPA;1;257;4;1000;9909117;-1;-97
;ServiceLog;Komzpa;1436096558562;3G;HSDPA;1;257;4;1000;9909117;-1;-97
;ServiceLog;Komzpa;1436096559580;3G;HSDPA;1;257;4;1000;9909117;-1;-97
;ServiceLog;Komzpa;1436096560597;3G;HSDPA;1;257;4;1000;9909117;-1;-97
;ServiceLog;Komzpa;1436096561618;3G;HSPAP;1;257;4;1000;9909117;-1;-97
;ServiceLog;Komzpa;1436096562640;3G;HSPAP;1;257;4;1000;9909117;-1;-97
;ServiceLog;Komzpa;1436096563667;3G;HSPAP;1;257;4;1000;9909117;-1;-97
;ServiceLog;Komzpa;1436096564684;3G;HSPAP;1;257;4;1000;9909117;-1;-93
;ServiceLog;Komzpa;1436096565695;3G;HSPAP;1;257;4;1000;9909117;-1;-93
;ServiceLog;Komzpa;1436096566712;3G;HSPAP;1;257;4;1000;9909117;-1;-93
;ServiceLog;Komzpa;1436096567729;3G;HSPAP;1;257;4;1000;9909117;-1;-93
;ServiceLog;Komzpa;1436096568747;3G;HSPAP;1;257;4;1000;9909117;-1;-93
;ServiceLog;Komzpa;1436096569764;3G;HSPAP;1;257;4;1000;9909117;-1;-93
;ServiceLog;Komzpa;1436096570783;3G;HSPAP;1;257;4;1000;9909117;-1;-93
;ServiceLog;Komzpa;1436096571804;3G;HSDPA;1;257;4;1000;9909117;-1;-93
;ServiceLog;Komzpa;1436096572826;3G;HSDPA;1;257;4;1000;9909117;-1;-93
;ServiceLog;Komzpa;1436096573848;3G;HSDPA;1;257;4;1000;9909117;-1;-93
;ServiceLog;Komzpa;1436096574874;3G;HSDPA;1;257;4;1000;9909117;-1;-91
;ServiceLog;Komzpa;1436096575899;3G;HSDPA;1;257;4;1000;9909117;-1;-91
;ServiceLog;Komzpa;1436096576918;3G;HSPAP;1;257;4;1000;9909117;-1;-89
;ServiceLog;Komzpa;1436096577935;3G;HSPAP;1;257;4;1000;9909117;-1;-87
;ServiceLog;Komzpa;1436096578951;3G;HSPAP;1;257;4;1000;9909117;-1;-87
;ServiceLog;Komzpa;1436096579963;3G;HSPAP;1;257;4;1000;9909117;-1;-87
;ServiceLog;Komzpa;1436096580978;3G;HSPAP;1;257;4;1000;9909117;-1;-87
;ServiceLog;Komzpa;1436096581985;3G;HSPAP;1;257;4;1000;9909117;-1;-93
;ServiceLog;Komzpa;1436096583013;3G;HSPAP;1;257;4;1000;9909117;-1;-95
;ServiceLog;Komzpa;1436096584025;3G;HSPAP;1;257;4;1000;9909117;-1;-99
;ServiceLog;Komzpa;1436096585033;3G;HSPAP;1;257;4;1000;9909117;-1;-101
;ServiceLog;Komzpa;1436096586043;3G;HSPAP;1;257;4;1000;9909117;-1;-101
;ServiceLog;Komzpa;1436096587060;3G;HSPAP;1;257;4;1000;9909117;-1;-101
;ServiceLog;Komzpa;1436096588077;3G;HSPAP;1;257;4;1000;9909117;-1;-101
;ServiceLog;Komzpa;1436096589092;3G;HSPAP;1;257;4;1000;9909117;-1;-101
;ServiceLog;Komzpa;1436096590110;3G;HSPAP;1;257;4;1000;9909117;-1;-101
;ServiceLog;Komzpa;1436096591128;3G;HSPAP;1;257;4;1000;9909117;-1;-101
;ServiceLog;Komzpa;1436096592146;3G;UMTS;1;257;4;1000;9909117;-1;-101
;ServiceLog;Komzpa;1436096593170;3G;HSDPA;1;257;4;1000;9909107;-1;-105
;ServiceLog;Komzpa;1436096594195;3G;HSPAP;1;257;4;1000;9909107;-1;-107
;ServiceLog;Komzpa;1436096595215;3G;HSPAP;1;257;4;1000;9909107;-1;-109
;ServiceLog;Komzpa;1436096596233;3G;HSPAP;1;257;4;1000;9909107;-1;-111
;ServiceLog;Komzpa;1436096597252;3G;HSPAP;1;257;4;1000;9909107;-1;-111
;ServiceLog;Komzpa;1436096598274;3G;HSPAP;1;257;4;1000;9909107;-1;-111
;ServiceLog;Komzpa;1436096599293;3G;HSPAP;1;257;4;1000;9909107;-1;-111
;ServiceLog;Komzpa;1436096600313;3G;HSPAP;1;257;4;1000;9909107;-1;-111
;ServiceLog;Komzpa;1436096601332;3G;HSPAP;1;257;4;1000;9909107;-1;-111
;ServiceLog;Komzpa;1436096602352;3G;HSPAP;1;257;4;1000;9909107;-1;-107
;ServiceLog;Komzpa;1436096603372;3G;HSPAP;1;257;4;1000;9909107;-1;-107
;ServiceLog;Komzpa;1436096604440;3G;HSPAP;1;257;4;1000;9909107;-1;-107
;ServiceLog;Komzpa;1436096605457;3G;UMTS;1;257;4;1000;9909107;-1;-105
;ServiceLog;Komzpa;1436096606466;3G;HSDPA;1;257;4;1000;9909107;-1;-103
;ServiceLog;Komzpa;1436096607485;3G;HSDPA;1;257;4;1000;9909107;-1;-103
;ServiceLog;Komzpa;1436096608497;3G;HSDPA;1;257;4;1000;9909107;-1;-103
;ServiceLog;Komzpa;1436096609664;3G;HSDPA;1;257;4;1000;9909107;-1;-103
;ServiceLog;Komzpa;1436096610682;3G;HSDPA;1;257;4;1000;9909107;-1;-103
;ServiceLog;Komzpa;1436096611756;3G;HSPAP;1;257;4;1000;9909107;-1;-99
;ServiceLog;Komzpa;1436096612780;3G;HSPAP;1;257;4;1000;9909107;-1;-97
;ServiceLog;Komzpa;1436096613797;3G;HSPAP;1;257;4;1000;9909107;-1;-97
;ServiceLog;Komzpa;1436096614808;3G;HSPAP;1;257;4;1000;9909107;-1;-97
;ServiceLog;Komzpa;1436096615824;3G;HSPAP;1;257;4;1000;9909107;-1;-97
;ServiceLog;Komzpa;1436096616842;3G;HSPAP;1;257;4;1000;9909107;-1;-93
;ServiceLog;Komzpa;1436096617867;3G;UMTS;1;257;4;1000;9909107;-1;-89
;ServiceLog;Komzpa;1436096618916;3G;HSDPA;1;257;4;1000;9909110;-1;-85
;ServiceLog;Komzpa;1436096619939;3G;HSDPA;1;257;4;1000;9909110;-1;-85
;ServiceLog;Komzpa;1436096620958;3G;HSDPA;1;257;4;1000;9909110;-1;-81
;ServiceLog;Komzpa;1436096621979;3G;HSPAP;1;257;4;1000;9909110;-1;-81
;ServiceLog;Komzpa;1436096622996;3G;HSPAP;1;257;4;1000;9909110;-1;-79
;ServiceLog;Komzpa;1436096624014;3G;HSPAP;1;257;4;1000;9909110;-1;-79
;ServiceLog;Komzpa;1436096625032;3G;HSPAP;1;257;4;1000;9909110;-1;-79
;ServiceLog;Komzpa;1436096626051;3G;HSPAP;1;257;4;1000;9909110;-1;-79
;ServiceLog;Komzpa;1436096627069;3G;HSPAP;1;257;4;1000;9909110;-1;-83
;ServiceLog;Komzpa;1436096628088;3G;UMTS;1;257;4;1000;9909110;-1;-87
;ServiceLog;Komzpa;1436096629106;3G;HSDPA;1;257;4;1000;9909110;-1;-91
;ServiceLog;Komzpa;1436096630121;3G;HSDPA;1;257;4;1000;9909110;-1;-93
;ServiceLog;Komzpa;1436096631139;3G;HSPAP;1;257;4;1000;9909110;-1;-93
;ServiceLog;Komzpa;1436096632157;3G;HSPAP;1;257;4;1000;9909110;-1;-93
;ServiceLog;Komzpa;1436096633173;3G;HSPAP;1;257;4;1000;9909110;-1;-93
;ServiceLog;Komzpa;1436096634190;3G;HSPAP;1;257;4;1000;9909110;-1;-93
;ServiceLog;Komzpa;1436096635204;3G;HSPAP;1;257;4;1000;9909110;-1;-93
;ServiceLog;Komzpa;1436096636222;3G;HSPAP;1;257;4;1000;9909110;-1;-93
;ServiceLog;Komzpa;1436096637240;3G;HSPAP;1;257;4;1000;9909110;-1;-95
;ServiceLog;Komzpa;1436096638260;3G;HSPAP;1;257;4;1000;9909110;-1;-95
;ServiceLog;Komzpa;1436096639300;3G;HSPAP;1;257;4;1000;9909110;-1;-97
;ServiceLog;Komzpa;1436096640327;3G;HSPAP;1;257;4;1000;9909110;-1;-97
;ServiceLog;Komzpa;1436096641343;3G;HSPAP;1;257;4;1000;9909110;-1;-95
;ServiceLog;Komzpa;1436096642371;3G;HSPAP;1;257;4;1000;9909110;-1;-95
;ServiceLog;Komzpa;1436096643390;3G;HSPAP;1;257;4;1000;9909110;-1;-95
;ServiceLog;Komzpa;1436096644407;3G;HSPAP;1;257;4;1000;9909110;-1;-95
;ServiceLog;Komzpa;1436096645432;3G;HSPAP;1;257;4;1000;9909110;-1;-95
;ServiceLog;Komzpa;1436096646466;3G;HSPAP;1;257;4;1000;9909110;-1;-93
;ServiceLog;Komzpa;1436096647492;3G;HSPAP;1;257;4;1000;9909110;-1;-93
;ServiceLog;Komzpa;1436096648514;3G;HSPAP;1;257;4;1000;9909110;-1;-93
;ServiceLog;Komzpa;1436096649533;3G;HSPAP;1;257;4;1000;9909110;-1;-93
;ServiceLog;Komzpa;1436096650551;3G;HSPAP;1;257;4;1000;9909110;-1;-91
;ServiceLog;Komzpa;1436096651571;3G;HSPAP;1;257;4;1000;9909110;-1;-91
;ServiceLog;Komzpa;1436096652592;3G;HSPAP;1;257;4;1000;9909110;-1;-97
;ServiceLog;Komzpa;1436096653612;3G;HSDPA;1;257;4;1000;9909110;-1;-97
;ServiceLog;Komzpa;1436096654672;3G;HSDPA;1;257;4;1000;9909110;-1;-93
;ServiceLog;Komzpa;1436096655810;3G;HSDPA;1;257;4;1000;9909110;-1;-93
;ServiceLog;Komzpa;1436096656826;3G;HSDPA;1;257;4;1000;9909110;-1;-95
;ServiceLog;Komzpa;1436096657842;3G;HSDPA;1;257;4;1000;9909110;-1;-95
;ServiceLog;Komzpa;1436096658861;3G;HSDPA;1;257;4;1000;9909107;-1;-95
;ServiceLog;Komzpa;1436096659888;3G;HSDPA;1;257;4;1000;9909107;-1;-95
;ServiceLog;Komzpa;1436096660917;3G;HSDPA;1;257;4;1000;9909107;-1;-99
;ServiceLog;Komzpa;1436096661941;3G;HSDPA;1;257;4;1000;9909107;-1;-99
;ServiceLog;Komzpa;1436096662964;3G;HSDPA;1;257;4;1000;9909107;-1;-99
;ServiceLog;Komzpa;1436096663981;3G;HSDPA;1;257;4;1000;9909107;-1;-99
;ServiceLog;Komzpa;1436096665004;3G;HSDPA;1;257;4;1000;9909107;-1;-99
;ServiceLog;Komzpa;1436096666016;3G;HSDPA;1;257;4;1000;9909107;-1;-93
;ServiceLog;Komzpa;1436096667034;3G;HSDPA;1;257;4;1000;9909107;-1;-93
;ServiceLog;Komzpa;1436096668052;3G;HSDPA;1;257;4;1000;9909107;-1;-93
;ServiceLog;Komzpa;1436096669065;3G;HSDPA;1;257;4;1000;9909107;-1;-91
;ServiceLog;Komzpa;1436096670108;3G;HSDPA;1;257;4;1000;9909107;-1;-91
;ServiceLog;Komzpa;1436096671122;3G;HSDPA;1;257;4;1000;9909107;-1;-87
;ServiceLog;Komzpa;1436096672230;3G;HSDPA;1;257;4;1000;9909107;-1;-87
;ServiceLog;Komzpa;1436096673250;3G;HSDPA;1;257;4;1000;9909107;-1;-87
;ServiceLog;Komzpa;1436096674260;3G;HSDPA;1;257;4;1000;9909107;-1;-83
;ServiceLog;Komzpa;1436096675271;3G;HSPAP;1;257;4;1000;9909107;-1;-83
;ServiceLog;Komzpa;1436096676293;3G;HSPAP;1;257;4;1000;9909107;-1;-83
;ServiceLog;Komzpa;1436096677339;3G;HSPAP;1;257;4;1000;9909107;-1;-85
;ServiceLog;Komzpa;1436096678352;3G;HSPAP;1;257;4;1000;9909107;-1;-91
;ServiceLog;Komzpa;1436096679370;3G;HSPAP;1;257;4;1000;9909107;-1;-93
;ServiceLog;Komzpa;1436096680388;3G;HSPAP;1;257;4;1000;9909107;-1;-99
;ServiceLog;Komzpa;1436096681407;3G;HSPAP;1;257;4;1000;9909107;-1;-103
;ServiceLog;Komzpa;1436096682425;3G;HSDPA;1;257;4;1000;9909107;-1;-103
;ServiceLog;Komzpa;1436096683439;3G;HSDPA;1;257;4;1000;9909107;-1;-103
;ServiceLog;Komzpa;1436096684459;3G;HSDPA;1;257;4;1000;9909110;-1;-109
;ServiceLog;Komzpa;1436096685478;3G;HSDPA;1;257;4;1000;9909110;-1;-109
;ServiceLog;Komzpa;1436096686503;3G;HSDPA;1;257;4;1000;9909110;-1;-113
;ServiceLog;Komzpa;1436096687524;3G;HSDPA;1;257;4;1000;9909110;-1;-113
;ServiceLog;Komzpa;1436096688543;3G;HSDPA;1;257;4;1000;9909110;-1;-113
;ServiceLog;Komzpa;1436096689561;3G;HSDPA;1;257;4;1000;9909110;-1;-113
;ServiceLog;Komzpa;1436096690580;3G;HSDPA;1;257;4;1000;9909110;-1;-113
;ServiceLog;Komzpa;1436096691598;3G;HSDPA;1;257;4;1000;9909110;-1;-113
;ServiceLog;Komzpa;1436096692614;3G;HSDPA;1;257;4;1000;9909110;-1;-113
;ServiceLog;Komzpa;1436096693642;3G;HSDPA;1;257;4;1000;9909110;-1;-113
;ServiceLog;Komzpa;1436096694653;3G;HSDPA;1;257;4;1000;9909110;-1;-113
;ServiceLog;Komzpa;1436096695667;3G;HSDPA;1;257;4;1000;9909110;-1;-113
;ServiceLog;Komzpa;1436096696708;3G;HSDPA;1;257;4;1000;9909110;-1;-113
;ServiceLog;Komzpa;1436096697727;3G;HSDPA;1;257;4;1000;9909110;-1;-113
;ServiceLog;Komzpa;1436096698745;3G;HSDPA;1;257;4;1000;9909110;-1;-113
;ServiceLog;Komzpa;1436096699758;3G;HSDPA;1;257;4;1000;9909110;-1;-113
;ServiceLog;Komzpa;1436096700776;3G;HSDPA;1;257;4;1000;9909110;-1;-113
;ServiceLog;Komzpa;1436096701798;3G;HSDPA;1;257;4;1000;9909110;-1;-113
;ServiceLog;Komzpa;1436096702816;3G;HSDPA;1;257;4;1000;9909110;-1;-113
;ServiceLog;Komzpa;1436096703829;3G;HSDPA;1;257;4;1000;9909110;-1;-113
;ServiceLog;Komzpa;1436096704849;3G;HSDPA;1;257;4;1000;9909110;-1;-113
;ServiceLog;Komzpa;1436096705909;3G;HSDPA;1;257;4;1000;9909110;-1;-113
;ServiceLog;Komzpa;1436096706921;3G;HSDPA;1;257;4;1000;9909110;-1;-113
;ServiceLog;Komzpa;1436096707935;3G;HSDPA;1;257;4;1000;9909110;-1;-113
;ServiceLog;Komzpa;1436096708946;3G;HSDPA;1;257;4;1000;9909110;-1;-113
;ServiceLog;Komzpa;1436096709961;3G;HSDPA;1;257;4;1000;9909110;-1;-113
;ServiceLog;Komzpa;1436096710979;3G;HSDPA;1;257;4;1000;9909110;-1;-113
;ServiceLog;Komzpa;1436096711991;3G;HSDPA;1;257;4;1000;9909110;-1;-113
;ServiceLog;Komzpa;1436096712999;3G;HSDPA;1;257;4;1000;9909110;-1;-113
;ServiceLog;Komzpa;1436096714010;3G;HSDPA;1;257;4;1000;9909110;-1;-113
;ServiceLog;Komzpa;1436096715025;3G;HSDPA;1;257;4;1000;9909110;-1;-113
;ServiceLog;Komzpa;1436096716043;3G;HSDPA;1;257;4;1000;9909110;-1;-113
;ServiceLog;Komzpa;1436096717058;3G;HSDPA;1;257;4;1000;9909110;-1;-113
;ServiceLog;Komzpa;1436096718077;3G;HSDPA;1;257;4;1000;9909110;-1;-113
;ServiceLog;Komzpa;1436096719088;3G;HSDPA;1;257;4;1000;9909110;-1;-113
;ServiceLog;Komzpa;1436096720107;3G;HSDPA;1;257;4;1000;9909110;-1;-113
;ServiceLog;Komzpa;1436096721125;3G;HSDPA;1;257;4;1000;9909110;-1;-113
;ServiceLog;Komzpa;1436096722143;3G;HSDPA;1;257;4;1000;9909110;-1;-113
;ServiceLog;Komzpa;1436096723163;3G;HSDPA;1;257;4;1000;9909110;-1;-113
;ServiceLog;Komzpa;1436096724185;3G;HSDPA;1;257;4;1000;9909110;-1;-113
;ServiceLog;Komzpa;1436096725206;2G;EDGE;1;257;4;800;13161;-1;-113
;ServiceLog;Komzpa;1436096726228;2G;EDGE;1;257;4;800;13161;-1;-105
;ServiceLog;Komzpa;1436096727246;2G;EDGE;1;257;4;800;13161;-1;-101
;ServiceLog;Komzpa;1436096728269;2G;EDGE;1;257;4;800;13161;-1;-99
;ServiceLog;Komzpa;1436096729291;2G;EDGE;1;257;4;800;13161;-1;-99
;ServiceLog;Komzpa;1436096730310;2G;EDGE;1;257;4;800;13161;-1;-99
;ServiceLog;Komzpa;1436096731328;2G;EDGE;1;257;4;800;13161;-1;-97
;ServiceLog;Komzpa;1436096732348;2G;EDGE;1;257;4;800;13161;-1;-97
;ServiceLog;Komzpa;1436096733370;2G;EDGE;1;257;4;800;13161;-1;-97
;ServiceLog;Komzpa;1436096734378;2G;EDGE;1;257;4;800;13161;-1;-97
;ServiceLog;Komzpa;1436096735397;2G;EDGE;1;257;4;800;13161;-1;-95
;ServiceLog;Komzpa;1436096736458;2G;EDGE;1;257;4;800;13161;-1;-95
;ServiceLog;Komzpa;1436096737589;2G;EDGE;1;257;4;800;13161;-1;-93
;ServiceLog;Komzpa;1436096738601;2G;EDGE;1;257;4;800;13161;-1;-93
;ServiceLog;Komzpa;1436096739622;2G;EDGE;1;257;4;800;13161;-1;-91
;ServiceLog;Komzpa;1436096740789;2G;EDGE;1;257;4;800;13161;-1;-91
;ServiceLog;Komzpa;1436096741803;2G;EDGE;1;257;4;800;13161;-1;-87
;ServiceLog;Komzpa;1436096742816;2G;EDGE;1;257;4;800;13161;-1;-85
;ServiceLog;Komzpa;1436096743962;2G;EDGE;1;257;4;800;13161;-1;-79
;ServiceLog;Komzpa;1436096745096;3G;HSDPA;1;257;4;1000;9909097;-1;-83
;ServiceLog;Komzpa;1436096746105;3G;HSPAP;1;257;4;1000;9909097;-1;-83
;ServiceLog;Komzpa;1436096747115;3G;HSPAP;1;257;4;1000;9909097;-1;-83
;ServiceLog;Komzpa;1436096748136;3G;HSPAP;1;257;4;1000;9909097;-1;-85
;ServiceLog;Komzpa;1436096749159;3G;HSPAP;1;257;4;1000;9909097;-1;-87
;ServiceLog;Komzpa;1436096750191;3G;HSPAP;1;257;4;1000;9909097;-1;-91
;ServiceLog;Komzpa;1436096751211;3G;HSPAP;1;257;4;1000;9909097;-1;-97
;ServiceLog;Komzpa;1436096752220;3G;HSPAP;1;257;4;1000;9909097;-1;-97
;ServiceLog;Komzpa;1436096753236;3G;HSPAP;1;257;4;1000;9909097;-1;-81
;ServiceLog;Komzpa;1436096754258;3G;HSPAP;1;257;4;1000;9909097;-1;-87
;ServiceLog;Komzpa;1436096755284;3G;HSPAP;1;257;4;1000;9909097;-1;-87
;ServiceLog;Komzpa;1436096756321;3G;HSPAP;1;257;4;1000;9909097;-1;-87
;ServiceLog;Komzpa;1436096757330;3G;HSPAP;1;257;4;1000;9909097;-1;-85
;ServiceLog;Komzpa;1436096758336;3G;HSPAP;1;257;4;1000;9909097;-1;-85
;ServiceLog;Komzpa;1436096759347;3G;HSPAP;1;257;4;1000;9909097;-1;-85
;ServiceLog;Komzpa;1436096760357;3G;HSPAP;1;257;4;1000;9909097;-1;-87
;ServiceLog;Komzpa;1436096761365;3G;HSPAP;1;257;4;1000;9909097;-1;-87
;ServiceLog;Komzpa;1436096762373;3G;HSPAP;1;257;4;1000;9909097;-1;-89
;ServiceLog;Komzpa;1436096763438;3G;HSPAP;1;257;4;1000;9909097;-1;-89
;ServiceLog;Komzpa;1436096764458;3G;HSPAP;1;257;4;1000;9909097;-1;-89
;ServiceLog;Komzpa;1436096765476;3G;HSPAP;1;257;4;1000;9909097;-1;-89
;ServiceLog;Komzpa;1436096766499;3G;HSPAP;1;257;4;1000;9909097;-1;-89
;ServiceLog;Komzpa;1436096767520;3G;HSPAP;1;257;4;1000;9909097;-1;-89
;ServiceLog;Komzpa;1436096768536;3G;UMTS;1;257;4;1000;9909097;-1;-89
;ServiceLog;Komzpa;1436096769544;3G;HSDPA;1;257;4;1000;9909097;-1;-89
;ServiceLog;Komzpa;1436096770558;3G;HSDPA;1;257;4;1000;9909097;-1;-89
;ServiceLog;Komzpa;1436096771577;3G;HSDPA;1;257;4;1000;9909097;-1;-87
;ServiceLog;Komzpa;1436096772616;3G;HSPAP;1;257;4;1000;9909097;-1;-87
;ServiceLog;Komzpa;1436096773631;3G;HSPAP;1;257;4;1000;9909097;-1;-85
;ServiceLog;Komzpa;1436096774655;3G;HSPAP;1;257;4;1000;9909097;-1;-85
;ServiceLog;Komzpa;1436096775672;3G;HSPAP;1;257;4;1000;9909097;-1;-85
;ServiceLog;Komzpa;1436096776698;3G;HSPAP;1;257;4;1000;9909097;-1;-85
;ServiceLog;Komzpa;1436096777721;3G;HSPAP;1;257;4;1000;9909097;-1;-85
;ServiceLog;Komzpa;1436096778737;3G;HSPAP;1;257;4;1000;9909097;-1;-85
;ServiceLog;Komzpa;1436096779758;3G;HSPAP;1;257;4;1000;9909097;-1;-85
;ServiceLog;Komzpa;1436096780774;3G;HSPAP;1;257;4;1000;9909097;-1;-87
;ServiceLog;Komzpa;1436096781796;3G;HSPAP;1;257;4;1000;9909097;-1;-89
;ServiceLog;Komzpa;1436096782816;3G;HSPAP;1;257;4;1000;9909097;-1;-89
;ServiceLog;Komzpa;1436096783833;3G;HSPAP;1;257;4;1000;9909097;-1;-89
;ServiceLog;Komzpa;1436096784852;3G;HSPAP;1;257;4;1000;9909097;-1;-91
;ServiceLog;Komzpa;1436096785865;3G;HSPAP;1;257;4;1000;9909097;-1;-91
;ServiceLog;Komzpa;1436096786903;3G;HSPAP;1;257;4;1000;9909097;-1;-93
;ServiceLog;Komzpa;1436096787913;3G;HSPAP;1;257;4;1000;9909097;-1;-93
;ServiceLog;Komzpa;1436096788928;3G;HSPAP;1;257;4;1000;9909097;-1;-91
;ServiceLog;Komzpa;1436096789950;3G;HSPAP;1;257;4;1000;9909097;-1;-89
;ServiceLog;Komzpa;1436096790957;3G;HSPAP;1;257;4;1000;9909097;-1;-89
;ServiceLog;Komzpa;1436096791971;3G;HSPAP;1;257;4;1000;9909097;-1;-85
;ServiceLog;Komzpa;1436096793080;3G;HSPAP;1;257;4;1000;9909097;-1;-85
;ServiceLog;Komzpa;1436096794098;3G;HSPAP;1;257;4;1000;9909097;-1;-85
;ServiceLog;Komzpa;1436096795120;3G;HSPAP;1;257;4;1000;9909097;-1;-85
;ServiceLog;Komzpa;1436096796168;3G;HSPAP;1;257;4;1000;9909097;-1;-83
;ServiceLog;Komzpa;1436096797185;3G;HSPAP;1;257;4;1000;9909097;-1;-85
;ServiceLog;Komzpa;1436096798206;3G;HSPAP;1;257;4;1000;9909097;-1;-89
;ServiceLog;Komzpa;1436096799224;3G;HSPAP;1;257;4;1000;9909097;-1;-93
;ServiceLog;Komzpa;1436096800239;3G;HSPAP;1;257;4;1000;9909097;-1;-95
;ServiceLog;Komzpa;1436096801271;3G;HSPAP;1;257;4;1000;9909097;-1;-95
;ServiceLog;Komzpa;1436096802283;3G;HSPAP;1;257;4;1000;9909097;-1;-97
;ServiceLog;Komzpa;1436096803301;3G;HSPAP;1;257;4;1000;9909097;-1;-101
;ServiceLog;Komzpa;1436096804310;3G;HSPAP;1;257;4;1000;9909097;-1;-107
;ServiceLog;Komzpa;1436096805336;3G;HSPAP;1;257;4;1000;9909097;-1;-107
;ServiceLog;Komzpa;1436096806353;3G;HSPAP;1;257;4;1000;9909097;-1;-109
;ServiceLog;Komzpa;1436096807366;3G;HSPAP;1;257;4;1000;9909097;-1;-113
;ServiceLog;Komzpa;1436096808387;3G;HSPAP;1;257;4;1000;9909097;-1;-113
;ServiceLog;Komzpa;1436096809405;3G;HSPAP;1;257;4;1000;9909097;-1;-113
;ServiceLog;Komzpa;1436096810422;3G;HSPAP;1;257;4;1000;9909097;-1;-113
;ServiceLog;Komzpa;1436096811440;3G;HSPAP;1;257;4;1000;9909097;-1;-113
;ServiceLog;Komzpa;1436096812508;3G;HSPAP;1;257;4;1000;9909097;-1;-113
;ServiceLog;Komzpa;1436096813530;3G;HSPAP;1;257;4;1000;9909097;-1;-113
;ServiceLog;Komzpa;1436096814548;3G;UMTS;1;257;4;1000;9909097;-1;-113
;ServiceLog;Komzpa;1436096815563;3G;UMTS;1;257;4;1000;9909097;-1;-113
;ServiceLog;Komzpa;1436096816585;3G;UMTS;1;257;4;1000;9909097;-1;-113
;ServiceLog;Komzpa;1436096817607;3G;UMTS;1;257;4;1000;9909097;-1;-113
;ServiceLog;Komzpa;1436096818619;3G;UMTS;1;257;4;1000;9909097;-1;-113
;ServiceLog;Komzpa;1436096819635;3G;UMTS;1;257;4;1000;9909097;-1;-113
;ServiceLog;Komzpa;1436096820659;3G;UMTS;1;257;4;1000;9909097;-1;-113
;ServiceLog;Komzpa;1436096821679;3G;UMTS;1;257;4;1000;9909097;-1;-113
;ServiceLog;Komzpa;1436096822698;3G;UMTS;1;257;4;1000;9909097;-1;-113
;ServiceLog;Komzpa;1436096823718;3G;UMTS;1;257;4;1000;9909097;-1;-113
;ServiceLog;Komzpa;1436096824737;3G;UMTS;1;257;4;1000;9909097;-1;-113
;ServiceLog;Komzpa;1436096825762;3G;UMTS;1;257;4;1000;9909097;-1;-113
;ServiceLog;Komzpa;1436096826785;3G;UMTS;1;257;4;1000;9909097;-1;-113
;ServiceLog;Komzpa;1436096827805;3G;UMTS;1;257;4;1000;9909097;-1;-113
;ServiceLog;Komzpa;1436096828824;2G;EDGE;1;257;4;800;13151;-1;-113
;ServiceLog;Komzpa;1436096829835;2G;EDGE;1;257;4;800;13151;-1;-107
;ServiceLog;Komzpa;1436096830852;2G;EDGE;1;257;4;800;13151;-1;-101
;ServiceLog;Komzpa;1436096831875;2G;EDGE;1;257;4;800;13151;-1;-99
;ServiceLog;Komzpa;1436096832896;2G;EDGE;1;257;4;800;13151;-1;-105
;ServiceLog;Komzpa;1436096833919;2G;EDGE;1;257;4;800;13151;-1;-105
;ServiceLog;Komzpa;1436096834940;2G;EDGE;1;257;4;800;13151;-1;-97
;ServiceLog;Komzpa;1436096835965;2G;EDGE;1;257;4;800;13151;-1;-97
;ServiceLog;Komzpa;1436096836976;2G;EDGE;1;257;4;800;13151;-1;-97
;ServiceLog;Komzpa;1436096837992;2G;EDGE;1;257;4;800;13151;-1;-95
;ServiceLog;Komzpa;1436096839007;2G;EDGE;1;257;4;800;13151;-1;-95
;ServiceLog;Komzpa;1436096840017;2G;EDGE;1;257;4;800;13151;-1;-93
;ServiceLog;Komzpa;1436096841064;2G;EDGE;1;257;4;800;13151;-1;-93
;ServiceLog;Komzpa;1436096842099;2G;EDGE;1;257;4;800;13151;-1;-89
;ServiceLog;Komzpa;1436096843110;3G;HSDPA;1;257;4;1000;9909087;-1;-79
;ServiceLog;Komzpa;1436096844128;3G;HSPAP;1;257;4;1000;9909087;-1;-79
;ServiceLog;Komzpa;1436096845147;3G;HSPAP;1;257;4;1000;9909087;-1;-79
;ServiceLog;Komzpa;1436096846178;3G;HSPAP;1;257;4;1000;9909087;-1;-79
;ServiceLog;Komzpa;1436096847197;3G;HSPAP;1;257;4;1000;9909087;-1;-81
;ServiceLog;Komzpa;1436096848215;3G;HSPAP;1;257;4;1000;9909087;-1;-81
;ServiceLog;Komzpa;1436096849244;3G;HSPAP;1;257;4;1000;9909087;-1;-81
;ServiceLog;Komzpa;1436096850269;3G;HSPAP;1;257;4;1000;9909087;-1;-81
;ServiceLog;Komzpa;1436096851295;3G;HSPAP;1;257;4;1000;9909087;-1;-83
;ServiceLog;Komzpa;1436096852319;3G;HSPAP;1;257;4;1000;9909087;-1;-85
;ServiceLog;Komzpa;1436096853335;3G;HSPAP;1;257;4;1000;9909087;-1;-89
;ServiceLog;Komzpa;1436096854345;3G;HSPAP;1;257;4;1000;9909087;-1;-89
;ServiceLog;Komzpa;1436096855365;3G;HSPAP;1;257;4;1000;9909087;-1;-85
;ServiceLog;Komzpa;1436096856386;3G;HSPAP;1;257;4;1000;9909087;-1;-85
;ServiceLog;Komzpa;1436096857417;3G;HSPAP;1;257;4;1000;9909087;-1;-85
;ServiceLog;Komzpa;1436096858434;3G;HSPAP;1;257;4;1000;9909087;-1;-85
;ServiceLog;Komzpa;1436096859474;3G;HSPAP;1;257;4;1000;9909087;-1;-83
;ServiceLog;Komzpa;1436096860518;3G;HSPAP;1;257;4;1000;9909087;-1;-83
;ServiceLog;Komzpa;1436096861536;3G;HSPAP;1;257;4;1000;9909087;-1;-83
;ServiceLog;Komzpa;1436096862557;3G;HSPAP;1;257;4;1000;9909087;-1;-83
;ServiceLog;Komzpa;1436096863576;3G;HSPAP;1;257;4;1000;9909087;-1;-83
;ServiceLog;Komzpa;1436096864592;3G;HSPAP;1;257;4;1000;9909087;-1;-83
;ServiceLog;Komzpa;1436096865603;3G;HSPAP;1;257;4;1000;9909087;-1;-83
;ServiceLog;Komzpa;1436096866622;3G;HSPAP;1;257;4;1000;9909087;-1;-83
;ServiceLog;Komzpa;1436096867647;3G;HSPAP;1;257;4;1000;9909087;-1;-85
;ServiceLog;Komzpa;1436096868670;3G;HSPAP;1;257;4;1000;9909087;-1;-85
;ServiceLog;Komzpa;1436096869693;3G;HSPAP;1;257;4;1000;9909087;-1;-85
;ServiceLog;Komzpa;1436096870717;3G;HSPAP;1;257;4;1000;9909087;-1;-85
;ServiceLog;Komzpa;1436096871763;3G;HSPAP;1;257;4;1000;9909087;-1;-85
;ServiceLog;Komzpa;1436096872781;3G;HSPAP;1;257;4;1000;9909087;-1;-85
;ServiceLog;Komzpa;1436096873798;3G;HSPAP;1;257;4;1000;9909087;-1;-85
;ServiceLog;Komzpa;1436096874815;3G;HSPAP;1;257;4;1000;9909087;-1;-85
;ServiceLog;Komzpa;1436096875833;3G;UMTS;1;257;4;1000;9909087;-1;-85
;ServiceLog;Komzpa;1436096876853;3G;HSDPA;1;257;4;1000;9909087;-1;-85
;ServiceLog;Komzpa;1436096877874;3G;HSDPA;1;257;4;1000;9909087;-1;-85
;ServiceLog;Komzpa;1436096878892;3G;HSDPA;1;257;4;1000;9909087;-1;-85
;ServiceLog;Komzpa;1436096879905;3G;HSDPA;1;257;4;1000;9909087;-1;-85
;ServiceLog;Komzpa;1436096880919;3G;HSDPA;1;257;4;1000;9909087;-1;-85
;ServiceLog;Komzpa;1436096881936;3G;HSPAP;1;257;4;1000;9909087;-1;-85
;ServiceLog;Komzpa;1436096882954;3G;HSPAP;1;257;4;1000;9909087;-1;-85
;ServiceLog;Komzpa;1436096883976;3G;HSPAP;1;257;4;1000;9909087;-1;-83
;ServiceLog;Komzpa;1436096884987;3G;HSPAP;1;257;4;1000;9909087;-1;-83
;ServiceLog;Komzpa;1436096885997;3G;HSPAP;1;257;4;1000;9909087;-1;-79
;ServiceLog;Komzpa;1436096887024;3G;HSPAP;1;257;4;1000;9909087;-1;-75
;ServiceLog;Komzpa;1436096888061;3G;HSPAP;1;257;4;1000;9909087;-1;-69
;ServiceLog;Komzpa;1436096889072;3G;HSPAP;1;257;4;1000;9909087;-1;-69
;ServiceLog;Komzpa;1436096890234;3G;HSPAP;1;257;4;1000;9909087;-1;-69
;ServiceLog;Komzpa;1436096891291;3G;HSPAP;1;257;4;1000;9909087;-1;-69
;ServiceLog;Komzpa;1436096892303;3G;HSPAP;1;257;4;1000;9909087;-1;-69
;ServiceLog;Komzpa;1436096893317;3G;HSPAP;1;257;4;1000;9909087;-1;-75
;ServiceLog;Komzpa;1436096894339;3G;HSPAP;1;257;4;1000;9909087;-1;-79
;ServiceLog;Komzpa;1436096895360;3G;HSPAP;1;257;4;1000;9909087;-1;-81
;ServiceLog;Komzpa;1436096896383;3G;HSPAP;1;257;4;1000;9909087;-1;-81
;ServiceLog;Komzpa;1436096897402;3G;HSPAP;1;257;4;1000;9909087;-1;-81
;ServiceLog;Komzpa;1436096898420;3G;HSPAP;1;257;4;1000;9909087;-1;-77
;ServiceLog;Komzpa;1436096899439;3G;HSPAP;1;257;4;1000;9909087;-1;-77
;ServiceLog;Komzpa;1436096900459;3G;HSPAP;1;257;4;1000;9909087;-1;-77
;ServiceLog;Komzpa;1436096901478;3G;HSPAP;1;257;4;1000;9909087;-1;-77
;ServiceLog;Komzpa;1436096902497;3G;HSPAP;1;257;4;1000;9909087;-1;-81
;ServiceLog;Komzpa;1436096903510;3G;HSPAP;1;257;4;1000;9909087;-1;-85
;ServiceLog;Komzpa;1436096904526;3G;HSPAP;1;257;4;1000;9909087;-1;-87
;ServiceLog;Komzpa;1436096905546;3G;UMTS;1;257;4;1000;9909087;-1;-91
;ServiceLog;Komzpa;1436096906618;3G;HSDPA;1;257;4;1000;9909087;-1;-91
;ServiceLog;Komzpa;1436096907639;3G;HSDPA;1;257;4;1000;9909087;-1;-95
;ServiceLog;Komzpa;1436096908677;3G;HSPAP;1;257;4;1000;9909087;-1;-95
;ServiceLog;Komzpa;1436096909730;3G;HSPAP;1;257;4;1000;9909087;-1;-97
;ServiceLog;Komzpa;1436096910752;3G;HSPAP;1;257;4;1000;9909087;-1;-99
;ServiceLog;Komzpa;1436096911770;3G;HSPAP;1;257;4;1000;9909087;-1;-99
;ServiceLog;Komzpa;1436096912793;3G;HSPAP;1;257;4;1000;9909087;-1;-103
;ServiceLog;Komzpa;1436096913848;3G;HSPAP;1;257;4;1000;9909087;-1;-103
;ServiceLog;Komzpa;1436096914864;3G;HSPAP;1;257;4;1000;9909087;-1;-105
;ServiceLog;Komzpa;1436096915884;3G;HSPAP;1;257;4;1000;9909087;-1;-111
;ServiceLog;Komzpa;1436096916901;3G;HSPAP;1;257;4;1000;9909087;-1;-107
;ServiceLog;Komzpa;1436096917913;3G;HSPAP;1;257;4;1000;9909087;-1;-107
;ServiceLog;Komzpa;1436096918933;3G;HSPAP;1;257;4;1000;9909087;-1;-107
;ServiceLog;Komzpa;1436096919954;3G;HSPAP;1;257;4;1000;9909087;-1;-109
;ServiceLog;Komzpa;1436096920974;3G;HSPAP;1;257;4;1000;9909087;-1;-109
;ServiceLog;Komzpa;1436096921991;3G;HSPAP;1;257;4;1000;9909087;-1;-109
;ServiceLog;Komzpa;1436096923001;3G;HSPAP;1;257;4;1000;9909087;-1;-111
;ServiceLog;Komzpa;1436096924013;3G;HSPAP;1;257;4;1000;9909087;-1;-113
;ServiceLog;Komzpa;1436096925024;3G;HSPAP;1;257;4;1000;9909087;-1;-113
;ServiceLog;Komzpa;1436096926037;3G;HSPAP;1;257;4;1000;9909087;-1;-113
;ServiceLog;Komzpa;1436096927049;3G;HSPAP;1;257;4;1000;9909087;-1;-113
;ServiceLog;Komzpa;1436096928061;3G;HSPAP;1;257;4;1000;9909087;-1;-113
;ServiceLog;Komzpa;1436096929074;3G;HSPAP;1;257;4;1000;9909087;-1;-113
;ServiceLog;Komzpa;1436096930084;3G;HSPAP;1;257;4;1000;9909087;-1;-113
;ServiceLog;Komzpa;1436096931096;3G;HSPAP;1;257;4;1000;9909087;-1;-113
;ServiceLog;Komzpa;1436096932104;3G;HSPAP;1;257;4;1000;9909087;-1;-113
;ServiceLog;Komzpa;1436096933115;3G;HSPAP;1;257;4;1000;9909087;-1;-113
;ServiceLog;Komzpa;1436096934123;3G;HSPAP;1;257;4;1000;9909087;-1;-113
;ServiceLog;Komzpa;1436096935141;3G;HSPAP;1;257;4;1000;9909087;-1;-113
;ServiceLog;Komzpa;1436096936163;3G;HSPAP;1;257;4;1000;9909087;-1;-113
;ServiceLog;Komzpa;1436096937184;3G;HSPAP;1;257;4;1000;9909087;-1;-113
;ServiceLog;Komzpa;1436096938265;3G;HSPAP;1;257;4;1000;9909087;-1;-113
;ServiceLog;Komzpa;1436096939279;3G;HSPAP;1;257;4;1000;9909087;-1;-113
;ServiceLog;Komzpa;1436096940311;3G;HSPAP;1;257;4;1000;9909087;-1;-113
;ServiceLog;Komzpa;1436096941320;3G;HSPAP;1;257;4;1000;9909087;-1;-113
;ServiceLog;Komzpa;1436096942364;3G;HSPAP;1;257;4;1000;9909087;-1;-113
;ServiceLog;Komzpa;1436096943383;3G;HSPAP;1;257;4;1000;9909087;-1;-113
;ServiceLog;Komzpa;1436096944401;3G;HSPAP;1;257;4;1000;9909087;-1;-113
;ServiceLog;Komzpa;1436096945422;3G;HSPAP;1;257;4;1000;9909087;-1;-113
;ServiceLog;Komzpa;1436096946440;3G;HSPAP;1;257;4;1000;9909087;-1;-113
;ServiceLog;Komzpa;1436096947461;3G;HSPAP;1;257;4;1000;9909087;-1;-113
;ServiceLog;Komzpa;1436096948479;3G;HSPAP;1;257;4;1000;9909087;-1;-113
;ServiceLog;Komzpa;1436096949681;3G;HSPAP;1;257;4;1000;9909087;-1;-113
;ServiceLog;Komzpa;1436096950691;3G;HSPAP;1;257;4;1000;9909087;-1;-113
;ServiceLog;Komzpa;1436096951702;3G;HSPAP;1;257;4;1000;9909087;-1;-113
;ServiceLog;Komzpa;1436096952717;3G;HSPAP;1;257;4;1000;9909087;-1;-113
;ServiceLog;Komzpa;1436096953736;3G;HSPAP;1;257;4;1000;9909087;-1;-113
;ServiceLog;Komzpa;1436096954746;3G;HSPAP;1;257;4;1000;9909087;-1;-113
;ServiceLog;Komzpa;1436096955767;3G;HSPAP;1;257;4;1000;9909087;-1;-113
;ServiceLog;Komzpa;1436096956790;3G;HSPAP;1;257;4;1000;9909087;-1;-113
;ServiceLog;Komzpa;1436096957809;3G;HSPAP;1;257;4;1000;9909087;-1;-113
;ServiceLog;Komzpa;1436096958848;3G;HSPAP;1;257;4;1000;9909087;-1;-113
;ServiceLog;Komzpa;1436096959863;3G;HSPAP;1;257;4;1000;9909087;-1;-113
;ServiceLog;Komzpa;1436096960878;3G;HSPAP;1;257;4;1000;9909087;-1;-113
;ServiceLog;Komzpa;1436096961902;3G;HSPAP;1;257;4;1000;9909087;-1;-113
;ServiceLog;Komzpa;1436096962933;3G;HSPAP;1;257;4;1000;9909087;-1;-113
;ServiceLog;Komzpa;1436096963969;3G;HSPAP;1;257;4;1000;9909087;-1;-113
;ServiceLog;Komzpa;1436096964989;3G;HSPAP;1;257;4;1000;9909087;-1;-113
;ServiceLog;Komzpa;1436096966011;3G;HSPAP;1;257;4;1000;9909087;-1;-113
;ServiceLog;Komzpa;1436096967026;3G;HSPAP;1;257;4;1000;9909087;-1;-113
;ServiceLog;Komzpa;1436096968043;3G;HSPAP;1;257;4;1000;9909087;-1;-113
;ServiceLog;Komzpa;1436096969061;3G;HSPAP;1;257;4;1000;9909087;-1;-113
;ServiceLog;Komzpa;1436096970077;3G;HSPAP;1;257;4;1000;9909087;-1;-113
;ServiceLog;Komzpa;1436096971090;3G;HSPAP;1;257;4;1000;9909087;-1;-113
;ServiceLog;Komzpa;1436096972146;3G;HSPAP;1;257;4;1000;9909087;-1;-113
;ServiceLog;Komzpa;1436096973175;3G;HSPAP;1;257;4;1000;9909087;-1;-113
;ServiceLog;Komzpa;1436096974200;3G;HSPAP;1;257;4;1000;9909087;-1;-113
;ServiceLog;Komzpa;1436096975224;3G;HSPAP;1;257;4;1000;9909087;-1;-113
;ServiceLog;Komzpa;1436096976245;3G;HSPAP;1;257;4;1000;9909087;-1;-113
;ServiceLog;Komzpa;1436096977265;3G;HSPAP;1;257;4;1000;9909087;-1;-113
;ServiceLog;Komzpa;1436096978296;3G;HSPAP;1;257;4;1000;9909087;-1;-113
;ServiceLog;Komzpa;1436096979313;3G;HSPAP;1;257;4;1000;9909087;-1;-113
;ServiceLog;Komzpa;1436096980334;3G;HSPAP;1;257;4;1000;9909087;-1;-113
;ServiceLog;Komzpa;1436096981354;3G;UMTS;1;257;4;1000;9909087;-1;-113
;ServiceLog;Komzpa;1436096982379;3G;HSPAP;1;257;4;1000;9909081;-1;-111
;ServiceLog;Komzpa;1436096983421;3G;HSDPA;1;257;4;1000;9909081;-1;-111
;ServiceLog;Komzpa;1436096984471;3G;HSDPA;1;257;4;1000;9909081;-1;-105
;ServiceLog;Komzpa;1436096985485;3G;HSDPA;1;257;4;1000;9909081;-1;-101
;ServiceLog;Komzpa;1436096986500;3G;HSPAP;1;257;4;1000;9909081;-1;-101
;ServiceLog;Komzpa;1436096987519;3G;HSPAP;1;257;4;1000;9909081;-1;-99
;ServiceLog;Komzpa;1436096988537;3G;HSPAP;1;257;4;1000;9909081;-1;-95
;ServiceLog;Komzpa;1436096989548;3G;HSPAP;1;257;4;1000;9909081;-1;-95
;ServiceLog;Komzpa;1436096990565;3G;HSPAP;1;257;4;1000;9909081;-1;-95
;ServiceLog;Komzpa;1436096991583;3G;HSPAP;1;257;4;1000;9909081;-1;-95
;ServiceLog;Komzpa;1436096992599;3G;HSPAP;1;257;4;1000;9909081;-1;-95
;ServiceLog;Komzpa;1436096993615;3G;HSPAP;1;257;4;1000;9909081;-1;-95
;ServiceLog;Komzpa;1436096994629;3G;HSPAP;1;257;4;1000;9909081;-1;-99
;ServiceLog;Komzpa;1436096995660;3G;HSPAP;1;257;4;1000;9909081;-1;-101
;ServiceLog;Komzpa;1436096996716;3G;HSPAP;1;257;4;1000;9909081;-1;-101
;ServiceLog;Komzpa;1436096997735;3G;HSPAP;1;257;4;1000;9909081;-1;-101
;ServiceLog;Komzpa;1436096998753;3G;HSPAP;1;257;4;1000;9909081;-1;-101
;ServiceLog;Komzpa;1436096999773;3G;HSPAP;1;257;4;1000;9909081;-1;-101
;ServiceLog;Komzpa;1436097000794;3G;HSPAP;1;257;4;1000;9909081;-1;-101
;ServiceLog;Komzpa;1436097001813;3G;HSPAP;1;257;4;1000;9909081;-1;-101
;ServiceLog;Komzpa;1436097002850;3G;HSPAP;1;257;4;1000;9909081;-1;-101
;ServiceLog;Komzpa;1436097003862;3G;HSPAP;1;257;4;1000;9909081;-1;-101
;ServiceLog;Komzpa;1436097005007;3G;HSPAP;1;257;4;1000;9909081;-1;-99
;ServiceLog;Komzpa;1436097006025;3G;HSPAP;1;257;4;1000;9909081;-1;-99
