ID;Name;User;TimeStamp;NetworkGen;NetworkType;Active;MCC;MNC;LAC;CID;PSC;Power
2123;Partyzanskaja 3;Komzpa;1436096004125;3G;HSDPA;1;257;4;1100;9974696;-1;-85
2124;Partyzanskaja 4;Komzpa;1436096016966;3G;HSPAP;1;257;4;1100;9974696;-1;-81
2131;Traktarny zavod 1;Komzpa;1436096114392;3G;HSPAP;1;257;4;1000;9909150;-1;-105
2132;Traktarny zavod 2;Komzpa;1436096129659;3G;HSPAP;1;257;4;1000;9909150;-1;-89
2133;Traktarny zavod 3;Komzpa;1436096152960;3G;HSDPA;1;257;4;1000;9909150;-1;-85
2134;Traktarny zavod 4;Komzpa;1436096163121;3G;HSDPA;1;257;4;1000;9909150;-1;-87
2141;Pralietarskaja 1;Komzpa;1436096276087;3G;HSPAP;1;257;4;1000;9909140;-1;-93
2142;Pralietarskaja 2;Komzpa;1436096290253;3G;HSPAP;1;257;4;1000;9909140;-1;-81
2143;Pralietarskaja 3;Komzpa;1436096314508;3G;HSPAP;1;257;4;1000;9909140;-1;-79
2144;Pralietarskaja 4;Komzpa;1436096326132;3G;HSPAP;1;257;4;1000;9909140;-1;-67
2151;Pieršamajskaja 1;Komzpa;1436096401148;3G;HSDPA;1;257;4;1000;9909127;-1;-73
2152;Pieršamajskaja 2;Komzpa;1436096412186;3G;HSPAP;1;257;4;1000;9909127;-1;-89
2153;Pieršamajskaja 3;Komzpa;1436096431878;3G;HSPAP;1;257;4;1000;9909127;-1;-87
2154;Pieršamajskaja 4;Komzpa;1436096445329;3G;HSPAP;1;257;4;1000;9909130;-1;-83
2161;Kupalaŭskaja 1;Komzpa;1436096511675;3G;HSPAP;1;257;4;1000;9909117;-1;-99
2162;Kupalaŭskaja 2;Komzpa;1436096528294;3G;HSDPA;1;257;4;1000;9909117;-1;-97
2163;Kupalaŭskaja 3;Komzpa;1436096565558;3G;HSPAP;1;257;4;1000;9909117;-1;-93
2164;Kupalaŭskaja 4;Komzpa;1436096574650;3G;HSDPA;1;257;4;1000;9909117;-1;-93
2171;Niamiha 1;Komzpa;1436096625393;3G;HSPAP;1;257;4;1000;9909110;-1;-79
2172;Niamiha 2;Komzpa;1436096637283;3G;HSPAP;1;257;4;1000;9909110;-1;-95
2173;Niamiha 3;Komzpa;1436096654541;3G;HSDPA;1;257;4;1000;9909110;-1;-93
2174;Niamiha 4;Komzpa;1436096665047;3G;HSDPA;1;257;4;1000;9909107;-1;-99
2181;Frunzienskaja 1;Komzpa;1436096750216;3G;HSPAP;1;257;4;1000;9909097;-1;-91
2182;Frunzienskaja 2;Komzpa;1436096765122;3G;HSPAP;1;257;4;1000;9909097;-1;-89
2183;Frunzienskaja 3;Komzpa;1436096778206;3G;HSPAP;1;257;4;1000;9909097;-1;-85
2184;Frunzienskaja 4;Komzpa;1436096789669;3G;HSPAP;1;257;4;1000;9909097;-1;-91
2191;Maladziožnaja 1;Komzpa;1436096847698;3G;HSPAP;1;257;4;1000;9909087;-1;-81
2192;Maladziožnaja 2;Komzpa;1436096860063;3G;HSPAP;1;257;4;1000;9909087;-1;-83
2193;Maladziožnaja 3;Komzpa;1436096875388;3G;HSPAP;1;257;4;1000;9909087;-1;-85
2194;Maladziožnaja 4;Komzpa;1436096886219;3G;HSPAP;1;257;4;1000;9909087;-1;-79
2201;Puškinskaja 1;Komzpa;1436096989800;3G;HSPAP;1;257;4;1000;9909081;-1;-95
2202;Puškinskaja 2;Komzpa;1436097001077;3G;HSPAP;1;257;4;1000;9909081;-1;-101
