ID;Name;User;TimeStamp;NetworkGen;NetworkType;Active;MCC;MNC;LAC;CID;PSC;Power
103;Centrum 3;alexkar;1436212580817;unknown;unknown;1;260;1;11047;75493967;253;-77
104;Centrum 4;alexkar;1436212595907;unknown;unknown;1;260;1;11047;75493967;253;-83
111;Politechnika 1;alexkar;1436212675715;unknown;unknown;1;260;1;11047;75493968;264;-65
112;Politechnika 2;alexkar;1436212692712;unknown;unknown;1;260;1;11047;75493968;264;-85
113;Politechnika 3;alexkar;1436212714790;unknown;unknown;1;260;1;11047;75493968;264;-85
114;Politechnika 4;alexkar;1436212726006;unknown;unknown;1;260;1;11047;75493968;264;-85
121;Pole Mokotowskie 1;alexkar;1436212797655;unknown;unknown;1;260;1;11047;75493969;300;-113
122;Pole Mokotowskie 2;alexkar;1436212814614;unknown;unknown;1;-1;-1;-1;-1;0;-113
123;Pole Mokotowskie 3;alexkar;1436212838228;unknown;unknown;1;260;1;11047;6751;0;-93
124;Pole Mokotowskie 4;alexkar;1436212846892;unknown;unknown;1;260;1;11047;6751;0;-93
131;Racławicka 1;alexkar;1436212906942;unknown;unknown;1;-1;-1;-1;-1;107;-109
132;Racławicka 2;alexkar;1436212924572;unknown;unknown;1;-1;-1;-1;-1;99;-109
133;Racławicka 3;alexkar;1436212942944;unknown;unknown;1;-1;-1;-1;-1;0;-109
134;Racławicka 4;alexkar;1436212955149;unknown;unknown;1;260;1;11047;6761;0;-89
141;Wierzbno 1;alexkar;1436213012569;unknown;unknown;1;-1;-1;-1;-1;115;-109
142;Wierzbno 2;alexkar;1436213024870;unknown;unknown;1;260;1;11047;6771;0;-85
143;Wierzbno 3;alexkar;1436213041921;unknown;unknown;1;260;1;11047;6771;0;-79
144;Wierzbno 4;alexkar;1436213054544;unknown;unknown;1;260;1;11047;6771;0;-87
151;Wilanowska 1;alexkar;1436213110359;unknown;unknown;1;-1;-1;-1;-1;139;-109
152;Wilanowska 2;alexkar;1436213123971;unknown;unknown;1;-1;-1;-1;-1;131;-109
153;Wilanowska 3;alexkar;1436213143342;unknown;unknown;1;260;1;11047;6781;0;-69
154;Wilanowska 4;alexkar;1436213155342;unknown;unknown;1;260;1;11047;6781;0;-61
161;Służew 1;alexkar;1436213225330;unknown;unknown;1;-1;-1;-1;-1;0;-109
162;Służew 2;alexkar;1436213239001;unknown;unknown;1;-1;-1;-1;-1;0;-109
163;Służew 3;alexkar;1436213255159;unknown;unknown;1;260;1;11047;6791;0;-87
164;Służew 4;alexkar;1436213266562;unknown;unknown;1;260;1;11047;6791;0;-87
171;Ursynów 1;alexkar;1436213336231;unknown;unknown;1;-1;-1;-1;-1;0;-107
172;Ursynów 2;alexkar;1436213348790;unknown;unknown;1;-1;-1;-1;-1;0;-107
173;Ursynów 3;alexkar;1436213363757;unknown;unknown;1;260;1;11047;6802;0;-93
174;Ursynów 4;alexkar;1436213375817;unknown;unknown;1;260;1;11047;6802;0;-83
181;Stokłosy 1;alexkar;1436213422693;unknown;unknown;1;-1;-1;-1;-1;0;-109
182;Stokłosy 2;alexkar;1436213435821;unknown;unknown;1;-1;-1;-1;-1;0;-109
183;Stokłosy 3;alexkar;1436213453673;unknown;unknown;1;260;1;11047;6811;0;-91
184;Stokłosy 4;alexkar;1436213466591;unknown;unknown;1;260;1;11047;6811;0;-93
191;Imielin 1;alexkar;1436213529668;unknown;unknown;1;-1;-1;-1;-1;91;-107
192;Imielin 2;alexkar;1436213541230;unknown;unknown;1;-1;-1;-1;-1;91;-107
193;Imielin 3;alexkar;1436213561102;unknown;unknown;1;260;1;11047;6821;0;-63
194;Imielin 4;alexkar;1436213571947;unknown;unknown;1;260;1;11047;6821;0;-73
201;Natolin 1;alexkar;1436213635979;unknown;unknown;1;-1;-1;-1;-1;75;-109
202;Natolin 2;alexkar;1436213648457;unknown;unknown;1;-1;-1;-1;-1;67;-109
203;Natolin 3;alexkar;1436213666345;unknown;unknown;1;260;1;11047;6831;0;-85
204;Natolin 4;alexkar;1436213676335;unknown;unknown;1;260;1;11047;6831;0;-91
211;Kabaty 1;alexkar;1436213752946;unknown;unknown;1;-1;-1;-1;-1;51;-107
212;Kabaty 2;alexkar;1436213766740;unknown;unknown;1;260;1;11047;6841;0;-63
