ID;Name;User;TimeStamp;NetworkGen;NetworkType;Active;MCC;MNC;LAC;CID;PSC;Power
2333;Парк Победы (КСЛ) 3;md;1423813848703;unknown;unknown;1;-1;-1;-1;-1;-1;-1
2334;Парк Победы (КСЛ) 4;md;1423813856548;unknown;unknown;1;-1;-1;-1;-1;-1;-1
2301;Деловой Центр 1;md;1423814030752;unknown;unknown;1;-1;-1;-1;-1;-1;-1
2302;Деловой Центр 2;md;1423814046616;unknown;unknown;1;-1;-1;-1;-1;-1;-1
1883;Выставочная 3;md;1423814193627;3G;UMTS;1;250;1;660;6945634;-1;-79
1884;Выставочная 4;md;1423814210532;3G;UMTS;1;250;1;660;6945634;-1;-79
571;Киевская (ФИЛ) 1;md;1423814436417;unknown;unknown;1;-1;-1;-1;-1;-1;-1
572;Киевская (ФИЛ) 2;md;1423814451726;unknown;unknown;1;-1;-1;-1;-1;-1;-1
773;Киевская (КЛЦ) 3;md;1423814788738;2G;EDGE;1;250;1;660;11023;-1;-81
774;Киевская (КЛЦ) 4;md;1423814800404;2G;EDGE;1;250;1;660;11023;-1;-83
761;Парк культуры (КЛЦ) 1;md;1423814928580;3G;UMTS;1;250;1;660;6892888;-1;-85
762;Парк культуры (КЛЦ) 2;md;1423814946684;3G;UMTS;1;250;1;660;6926931;-1;-89
763;Парк культуры (КЛЦ) 3;md;1423814971460;3G;UMTS;1;250;1;660;6892888;-1;-83
764;Парк культуры (КЛЦ) 4;md;1423814983095;3G;UMTS;1;250;1;660;6892888;-1;-85
751;Октябрьская (КЛЦ) 1;md;1423815052447;3G;UMTS;1;250;1;660;6913616;-1;-87
752;Октябрьская (КЛЦ) 2;md;1423815066945;3G;UMTS;1;250;1;660;6913616;-1;-89
