ID;Name;User;TimeStamp;NetworkGen;NetworkType;Active;MCC;MNC;LAC;CID;PSC;Power
;ServiceLog;md;1423813766584;unknown;unknown;1;-1;-1;-1;-1;-1;-1
;ServiceLog;md;1423813767610;unknown;unknown;1;-1;-1;-1;-1;-1;-1
;ServiceLog;md;1423813768958;unknown;unknown;1;-1;-1;-1;-1;-1;-1
;ServiceLog;md;1423813769986;unknown;unknown;1;-1;-1;-1;-1;-1;-1
;ServiceLog;md;1423813771015;unknown;unknown;1;-1;-1;-1;-1;-1;-1
;ServiceLog;md;1423813772044;unknown;unknown;1;-1;-1;-1;-1;-1;-1
;ServiceLog;md;1423813773081;unknown;unknown;1;-1;-1;-1;-1;-1;-1
;ServiceLog;md;1423813774107;unknown;unknown;1;-1;-1;-1;-1;-1;-1
;ServiceLog;md;1423813775145;unknown;unknown;1;-1;-1;-1;-1;-1;-1
;ServiceLog;md;1423813776175;unknown;unknown;1;-1;-1;-1;-1;-1;-1
;ServiceLog;md;1423813777190;unknown;unknown;1;-1;-1;-1;-1;-1;-1
;ServiceLog;md;1423813778202;unknown;unknown;1;-1;-1;-1;-1;-1;-1
;ServiceLog;md;1423813779214;unknown;unknown;1;-1;-1;-1;-1;-1;-1
;ServiceLog;md;1423813780229;unknown;unknown;1;-1;-1;-1;-1;-1;-1
;ServiceLog;md;1423813781250;unknown;unknown;1;-1;-1;-1;-1;-1;-1
;ServiceLog;md;1423813782321;unknown;unknown;1;-1;-1;-1;-1;-1;-1
;ServiceLog;md;1423813783383;unknown;unknown;1;-1;-1;-1;-1;-1;-1
;ServiceLog;md;1423813784397;unknown;unknown;1;-1;-1;-1;-1;-1;-1
;ServiceLog;md;1423813785410;unknown;unknown;1;-1;-1;-1;-1;-1;-1
;ServiceLog;md;1423813786425;unknown;unknown;1;-1;-1;-1;-1;-1;-1
;ServiceLog;md;1423813787454;unknown;unknown;1;-1;-1;-1;-1;-1;-1
;ServiceLog;md;1423813788481;unknown;unknown;1;-1;-1;-1;-1;-1;-1
;ServiceLog;md;1423813789493;unknown;unknown;1;-1;-1;-1;-1;-1;-1
;ServiceLog;md;1423813790511;unknown;unknown;1;-1;-1;-1;-1;-1;-1
;ServiceLog;md;1423813791582;unknown;unknown;1;-1;-1;-1;-1;-1;-1
;ServiceLog;md;1423813792596;unknown;unknown;1;-1;-1;-1;-1;-1;-1
;ServiceLog;md;1423813793623;unknown;unknown;1;-1;-1;-1;-1;-1;-1
;ServiceLog;md;1423813794714;unknown;unknown;1;-1;-1;-1;-1;-1;-1
;ServiceLog;md;1423813795726;unknown;unknown;1;-1;-1;-1;-1;-1;-1
;ServiceLog;md;1423813796740;unknown;unknown;1;-1;-1;-1;-1;-1;-1
;ServiceLog;md;1423813797757;unknown;unknown;1;-1;-1;-1;-1;-1;-1
;ServiceLog;md;1423813798775;unknown;unknown;1;-1;-1;-1;-1;-1;-1
;ServiceLog;md;1423813799825;unknown;unknown;1;-1;-1;-1;-1;-1;-1
;ServiceLog;md;1423813800854;unknown;unknown;1;-1;-1;-1;-1;-1;-1
;ServiceLog;md;1423813801869;unknown;unknown;1;-1;-1;-1;-1;-1;-1
;ServiceLog;md;1423813802884;unknown;unknown;1;-1;-1;-1;-1;-1;-1
;ServiceLog;md;1423813803897;unknown;unknown;1;-1;-1;-1;-1;-1;-1
;ServiceLog;md;1423813804909;unknown;unknown;1;-1;-1;-1;-1;-1;-1
;ServiceLog;md;1423813805966;unknown;unknown;1;-1;-1;-1;-1;-1;-1
;ServiceLog;md;1423813807030;unknown;unknown;1;-1;-1;-1;-1;-1;-1
;ServiceLog;md;1423813808044;unknown;unknown;1;-1;-1;-1;-1;-1;-1
;ServiceLog;md;1423813809060;unknown;unknown;1;-1;-1;-1;-1;-1;-1
;ServiceLog;md;1423813810079;unknown;unknown;1;-1;-1;-1;-1;-1;-1
;ServiceLog;md;1423813811100;unknown;unknown;1;-1;-1;-1;-1;-1;-1
;ServiceLog;md;1423813812122;unknown;unknown;1;-1;-1;-1;-1;-1;-1
;ServiceLog;md;1423813813139;unknown;unknown;1;-1;-1;-1;-1;-1;-1
;ServiceLog;md;1423813814152;unknown;unknown;1;-1;-1;-1;-1;-1;-1
;ServiceLog;md;1423813815186;unknown;unknown;1;-1;-1;-1;-1;-1;-1
;ServiceLog;md;1423813816201;unknown;unknown;1;-1;-1;-1;-1;-1;-1
;ServiceLog;md;1423813817253;unknown;unknown;1;-1;-1;-1;-1;-1;-1
;ServiceLog;md;1423813818289;unknown;unknown;1;-1;-1;-1;-1;-1;-1
;ServiceLog;md;1423813819305;unknown;unknown;1;-1;-1;-1;-1;-1;-1
;ServiceLog;md;1423813820356;unknown;unknown;1;-1;-1;-1;-1;-1;-1
;ServiceLog;md;1423813821388;unknown;unknown;1;-1;-1;-1;-1;-1;-1
;ServiceLog;md;1423813822409;unknown;unknown;1;-1;-1;-1;-1;-1;-1
;ServiceLog;md;1423813823442;unknown;unknown;1;-1;-1;-1;-1;-1;-1
;ServiceLog;md;1423813824477;unknown;unknown;1;-1;-1;-1;-1;-1;-1
;ServiceLog;md;1423813825519;unknown;unknown;1;-1;-1;-1;-1;-1;-1
;ServiceLog;md;1423813826549;unknown;unknown;1;-1;-1;-1;-1;-1;-1
;ServiceLog;md;1423813827585;unknown;unknown;1;-1;-1;-1;-1;-1;-1
;ServiceLog;md;1423813828623;unknown;unknown;1;-1;-1;-1;-1;-1;-1
;ServiceLog;md;1423813829659;unknown;unknown;1;-1;-1;-1;-1;-1;-1
;ServiceLog;md;1423813830692;unknown;unknown;1;-1;-1;-1;-1;-1;-1
;ServiceLog;md;1423813831705;unknown;unknown;1;-1;-1;-1;-1;-1;-1
;ServiceLog;md;1423813832737;unknown;unknown;1;-1;-1;-1;-1;-1;-1
;ServiceLog;md;1423813833784;unknown;unknown;1;-1;-1;-1;-1;-1;-1
;ServiceLog;md;1423813834820;unknown;unknown;1;-1;-1;-1;-1;-1;-1
;ServiceLog;md;1423813835861;unknown;unknown;1;-1;-1;-1;-1;-1;-1
;ServiceLog;md;1423813836905;unknown;unknown;1;-1;-1;-1;-1;-1;-1
;ServiceLog;md;1423813837922;unknown;unknown;1;-1;-1;-1;-1;-1;-1
;ServiceLog;md;1423813838976;unknown;unknown;1;-1;-1;-1;-1;-1;-1
;ServiceLog;md;1423813840033;unknown;unknown;1;-1;-1;-1;-1;-1;-1
;ServiceLog;md;1423813841089;unknown;unknown;1;-1;-1;-1;-1;-1;-1
;ServiceLog;md;1423813842137;unknown;unknown;1;-1;-1;-1;-1;-1;-1
;ServiceLog;md;1423813843153;unknown;unknown;1;-1;-1;-1;-1;-1;-1
;ServiceLog;md;1423813844253;unknown;unknown;1;-1;-1;-1;-1;-1;-1
;ServiceLog;md;1423813845302;unknown;unknown;1;-1;-1;-1;-1;-1;-1
;ServiceLog;md;1423813846338;unknown;unknown;1;-1;-1;-1;-1;-1;-1
;ServiceLog;md;1423813847378;unknown;unknown;1;-1;-1;-1;-1;-1;-1
;ServiceLog;md;1423813848414;unknown;unknown;1;-1;-1;-1;-1;-1;-1
;ServiceLog;md;1423813849428;unknown;unknown;1;-1;-1;-1;-1;-1;-1
;ServiceLog;md;1423813850445;unknown;unknown;1;-1;-1;-1;-1;-1;-1
;ServiceLog;md;1423813851582;unknown;unknown;1;-1;-1;-1;-1;-1;-1
;ServiceLog;md;1423813852596;unknown;unknown;1;-1;-1;-1;-1;-1;-1
;ServiceLog;md;1423813853642;unknown;unknown;1;-1;-1;-1;-1;-1;-1
;ServiceLog;md;1423813854687;unknown;unknown;1;-1;-1;-1;-1;-1;-1
;ServiceLog;md;1423813855708;unknown;unknown;1;-1;-1;-1;-1;-1;-1
;ServiceLog;md;1423813856729;unknown;unknown;1;-1;-1;-1;-1;-1;-1
;ServiceLog;md;1423813857754;unknown;unknown;1;-1;-1;-1;-1;-1;-1
;ServiceLog;md;1423813858768;unknown;unknown;1;-1;-1;-1;-1;-1;-1
;ServiceLog;md;1423813859800;unknown;unknown;1;-1;-1;-1;-1;-1;-1
;ServiceLog;md;1423813860824;unknown;unknown;1;-1;-1;-1;-1;-1;-1
;ServiceLog;md;1423813861844;unknown;unknown;1;-1;-1;-1;-1;-1;-1
;ServiceLog;md;1423813862857;unknown;unknown;1;-1;-1;-1;-1;-1;-1
;ServiceLog;md;1423813863873;unknown;unknown;1;-1;-1;-1;-1;-1;-1
;ServiceLog;md;1423813864902;unknown;unknown;1;-1;-1;-1;-1;-1;-1
;ServiceLog;md;1423813865936;unknown;unknown;1;-1;-1;-1;-1;-1;-1
;ServiceLog;md;1423813866971;unknown;unknown;1;-1;-1;-1;-1;-1;-1
;ServiceLog;md;1423813867997;unknown;unknown;1;-1;-1;-1;-1;-1;-1
;ServiceLog;md;1423813869027;unknown;unknown;1;-1;-1;-1;-1;-1;-1
;ServiceLog;md;1423813870052;unknown;unknown;1;-1;-1;-1;-1;-1;-1
;ServiceLog;md;1423813871094;unknown;unknown;1;-1;-1;-1;-1;-1;-1
;ServiceLog;md;1423813872130;unknown;unknown;1;-1;-1;-1;-1;-1;-1
;ServiceLog;md;1423813873164;unknown;unknown;1;-1;-1;-1;-1;-1;-1
;ServiceLog;md;1423813874224;unknown;unknown;1;-1;-1;-1;-1;-1;-1
;ServiceLog;md;1423813875242;unknown;unknown;1;-1;-1;-1;-1;-1;-1
;ServiceLog;md;1423813876275;unknown;unknown;1;-1;-1;-1;-1;-1;-1
;ServiceLog;md;1423813877312;unknown;unknown;1;-1;-1;-1;-1;-1;-1
;ServiceLog;md;1423813878348;unknown;unknown;1;-1;-1;-1;-1;-1;-1
;ServiceLog;md;1423813879398;unknown;unknown;1;-1;-1;-1;-1;-1;-1
;ServiceLog;md;1423813880445;unknown;unknown;1;-1;-1;-1;-1;-1;-1
;ServiceLog;md;1423813881483;unknown;unknown;1;-1;-1;-1;-1;-1;-1
;ServiceLog;md;1423813882523;unknown;unknown;1;-1;-1;-1;-1;-1;-1
;ServiceLog;md;1423813883559;unknown;unknown;1;-1;-1;-1;-1;-1;-1
;ServiceLog;md;1423813884575;unknown;unknown;1;-1;-1;-1;-1;-1;-1
;ServiceLog;md;1423813885610;unknown;unknown;1;-1;-1;-1;-1;-1;-1
;ServiceLog;md;1423813886643;unknown;unknown;1;-1;-1;-1;-1;-1;-1
;ServiceLog;md;1423813887663;unknown;unknown;1;-1;-1;-1;-1;-1;-1
;ServiceLog;md;1423813888679;unknown;unknown;1;-1;-1;-1;-1;-1;-1
;ServiceLog;md;1423813889698;unknown;unknown;1;-1;-1;-1;-1;-1;-1
;ServiceLog;md;1423813890736;unknown;unknown;1;-1;-1;-1;-1;-1;-1
;ServiceLog;md;1423813891780;unknown;unknown;1;-1;-1;-1;-1;-1;-1
;ServiceLog;md;1423813892816;unknown;unknown;1;-1;-1;-1;-1;-1;-1
;ServiceLog;md;1423813893849;unknown;unknown;1;-1;-1;-1;-1;-1;-1
;ServiceLog;md;1423813894883;unknown;unknown;1;-1;-1;-1;-1;-1;-1
;ServiceLog;md;1423813895897;unknown;unknown;1;-1;-1;-1;-1;-1;-1
;ServiceLog;md;1423813896932;unknown;unknown;1;-1;-1;-1;-1;-1;-1
;ServiceLog;md;1423813897955;unknown;unknown;1;-1;-1;-1;-1;-1;-1
;ServiceLog;md;1423813898992;unknown;unknown;1;-1;-1;-1;-1;-1;-1
;ServiceLog;md;1423813900029;unknown;unknown;1;-1;-1;-1;-1;-1;-1
;ServiceLog;md;1423813901072;unknown;unknown;1;-1;-1;-1;-1;-1;-1
;ServiceLog;md;1423813902109;unknown;unknown;1;-1;-1;-1;-1;-1;-1
;ServiceLog;md;1423813903145;unknown;unknown;1;-1;-1;-1;-1;-1;-1
;ServiceLog;md;1423813904183;unknown;unknown;1;-1;-1;-1;-1;-1;-1
;ServiceLog;md;1423813905222;unknown;unknown;1;-1;-1;-1;-1;-1;-1
;ServiceLog;md;1423813906268;unknown;unknown;1;-1;-1;-1;-1;-1;-1
;ServiceLog;md;1423813907319;unknown;unknown;1;-1;-1;-1;-1;-1;-1
;ServiceLog;md;1423813908364;unknown;unknown;1;-1;-1;-1;-1;-1;-1
;ServiceLog;md;1423813909413;unknown;unknown;1;-1;-1;-1;-1;-1;-1
;ServiceLog;md;1423813910432;unknown;unknown;1;-1;-1;-1;-1;-1;-1
;ServiceLog;md;1423813911483;unknown;unknown;1;-1;-1;-1;-1;-1;-1
;ServiceLog;md;1423813912528;unknown;unknown;1;-1;-1;-1;-1;-1;-1
;ServiceLog;md;1423813913580;unknown;unknown;1;-1;-1;-1;-1;-1;-1
;ServiceLog;md;1423813914621;unknown;unknown;1;-1;-1;-1;-1;-1;-1
;ServiceLog;md;1423813915645;unknown;unknown;1;-1;-1;-1;-1;-1;-1
;ServiceLog;md;1423813916663;unknown;unknown;1;-1;-1;-1;-1;-1;-1
;ServiceLog;md;1423813917681;unknown;unknown;1;-1;-1;-1;-1;-1;-1
;ServiceLog;md;1423813918841;unknown;unknown;1;-1;-1;-1;-1;-1;-1
;ServiceLog;md;1423813919891;unknown;unknown;1;-1;-1;-1;-1;-1;-1
;ServiceLog;md;1423813920941;unknown;unknown;1;-1;-1;-1;-1;-1;-1
;ServiceLog;md;1423813921962;unknown;unknown;1;-1;-1;-1;-1;-1;-1
;ServiceLog;md;1423813923015;unknown;unknown;1;-1;-1;-1;-1;-1;-1
;ServiceLog;md;1423813924034;unknown;unknown;1;-1;-1;-1;-1;-1;-1
;ServiceLog;md;1423813925107;unknown;unknown;1;-1;-1;-1;-1;-1;-1
;ServiceLog;md;1423813926127;unknown;unknown;1;-1;-1;-1;-1;-1;-1
;ServiceLog;md;1423813927179;unknown;unknown;1;-1;-1;-1;-1;-1;-1
;ServiceLog;md;1423813928234;unknown;unknown;1;-1;-1;-1;-1;-1;-1
;ServiceLog;md;1423813929291;unknown;unknown;1;-1;-1;-1;-1;-1;-1
;ServiceLog;md;1423813930335;unknown;unknown;1;-1;-1;-1;-1;-1;-1
;ServiceLog;md;1423813931355;unknown;unknown;1;-1;-1;-1;-1;-1;-1
;ServiceLog;md;1423813932408;unknown;unknown;1;-1;-1;-1;-1;-1;-1
;ServiceLog;md;1423813933497;unknown;unknown;1;-1;-1;-1;-1;-1;-1
;ServiceLog;md;1423813934517;unknown;unknown;1;-1;-1;-1;-1;-1;-1
;ServiceLog;md;1423813935572;unknown;unknown;1;-1;-1;-1;-1;-1;-1
;ServiceLog;md;1423813936624;unknown;unknown;1;-1;-1;-1;-1;-1;-1
;ServiceLog;md;1423813937667;unknown;unknown;1;-1;-1;-1;-1;-1;-1
;ServiceLog;md;1423813938719;unknown;unknown;1;-1;-1;-1;-1;-1;-1
;ServiceLog;md;1423813939763;unknown;unknown;1;-1;-1;-1;-1;-1;-1
;ServiceLog;md;1423813940815;unknown;unknown;1;-1;-1;-1;-1;-1;-1
;ServiceLog;md;1423813941830;unknown;unknown;1;-1;-1;-1;-1;-1;-1
;ServiceLog;md;1423813942849;unknown;unknown;1;-1;-1;-1;-1;-1;-1
;ServiceLog;md;1423813943893;unknown;unknown;1;-1;-1;-1;-1;-1;-1
;ServiceLog;md;1423813944941;unknown;unknown;1;-1;-1;-1;-1;-1;-1
;ServiceLog;md;1423813945978;unknown;unknown;1;-1;-1;-1;-1;-1;-1
;ServiceLog;md;1423813947000;unknown;unknown;1;-1;-1;-1;-1;-1;-1
;ServiceLog;md;1423813948047;unknown;unknown;1;-1;-1;-1;-1;-1;-1
;ServiceLog;md;1423813949101;unknown;unknown;1;-1;-1;-1;-1;-1;-1
;ServiceLog;md;1423813950123;unknown;unknown;1;-1;-1;-1;-1;-1;-1
;ServiceLog;md;1423813951138;unknown;unknown;1;-1;-1;-1;-1;-1;-1
;ServiceLog;md;1423813952154;unknown;unknown;1;-1;-1;-1;-1;-1;-1
;ServiceLog;md;1423813953168;unknown;unknown;1;-1;-1;-1;-1;-1;-1
;ServiceLog;md;1423813954181;unknown;unknown;1;-1;-1;-1;-1;-1;-1
;ServiceLog;md;1423813955195;unknown;unknown;1;-1;-1;-1;-1;-1;-1
;ServiceLog;md;1423813956219;unknown;unknown;1;-1;-1;-1;-1;-1;-1
;ServiceLog;md;1423813957232;unknown;unknown;1;-1;-1;-1;-1;-1;-1
;ServiceLog;md;1423813958248;unknown;unknown;1;-1;-1;-1;-1;-1;-1
;ServiceLog;md;1423813959298;unknown;unknown;1;-1;-1;-1;-1;-1;-1
;ServiceLog;md;1423813960338;unknown;unknown;1;-1;-1;-1;-1;-1;-1
;ServiceLog;md;1423813961371;unknown;unknown;1;-1;-1;-1;-1;-1;-1
;ServiceLog;md;1423813962429;unknown;unknown;1;-1;-1;-1;-1;-1;-1
;ServiceLog;md;1423813963471;unknown;unknown;1;-1;-1;-1;-1;-1;-1
;ServiceLog;md;1423813964505;unknown;unknown;1;-1;-1;-1;-1;-1;-1
;ServiceLog;md;1423813965557;unknown;unknown;1;-1;-1;-1;-1;-1;-1
;ServiceLog;md;1423813966606;unknown;unknown;1;-1;-1;-1;-1;-1;-1
;ServiceLog;md;1423813967640;unknown;unknown;1;-1;-1;-1;-1;-1;-1
;ServiceLog;md;1423813968687;unknown;unknown;1;-1;-1;-1;-1;-1;-1
;ServiceLog;md;1423813969746;unknown;unknown;1;-1;-1;-1;-1;-1;-1
;ServiceLog;md;1423813970782;unknown;unknown;1;-1;-1;-1;-1;-1;-1
;ServiceLog;md;1423813971823;unknown;unknown;1;-1;-1;-1;-1;-1;-1
;ServiceLog;md;1423813972874;unknown;unknown;1;-1;-1;-1;-1;-1;-1
;ServiceLog;md;1423813973923;unknown;unknown;1;-1;-1;-1;-1;-1;-1
;ServiceLog;md;1423813974969;unknown;unknown;1;-1;-1;-1;-1;-1;-1
;ServiceLog;md;1423813976001;unknown;unknown;1;-1;-1;-1;-1;-1;-1
;ServiceLog;md;1423813977036;unknown;unknown;1;-1;-1;-1;-1;-1;-1
;ServiceLog;md;1423813978055;unknown;unknown;1;-1;-1;-1;-1;-1;-1
;ServiceLog;md;1423813979089;unknown;unknown;1;-1;-1;-1;-1;-1;-1
;ServiceLog;md;1423813980137;unknown;unknown;1;-1;-1;-1;-1;-1;-1
;ServiceLog;md;1423813981151;unknown;unknown;1;-1;-1;-1;-1;-1;-1
;ServiceLog;md;1423813982209;unknown;unknown;1;-1;-1;-1;-1;-1;-1
;ServiceLog;md;1423813983272;unknown;unknown;1;-1;-1;-1;-1;-1;-1
;ServiceLog;md;1423813984311;unknown;unknown;1;-1;-1;-1;-1;-1;-1
;ServiceLog;md;1423813985367;unknown;unknown;1;-1;-1;-1;-1;-1;-1
;ServiceLog;md;1423813986427;unknown;unknown;1;-1;-1;-1;-1;-1;-1
;ServiceLog;md;1423813987483;unknown;unknown;1;-1;-1;-1;-1;-1;-1
;ServiceLog;md;1423813988524;unknown;unknown;1;-1;-1;-1;-1;-1;-1
;ServiceLog;md;1423813989574;unknown;unknown;1;-1;-1;-1;-1;-1;-1
;ServiceLog;md;1423813990607;unknown;unknown;1;-1;-1;-1;-1;-1;-1
;ServiceLog;md;1423813991649;unknown;unknown;1;-1;-1;-1;-1;-1;-1
;ServiceLog;md;1423813992664;unknown;unknown;1;-1;-1;-1;-1;-1;-1
;ServiceLog;md;1423813993853;unknown;unknown;1;-1;-1;-1;-1;-1;-1
;ServiceLog;md;1423813994870;unknown;unknown;1;-1;-1;-1;-1;-1;-1
;ServiceLog;md;1423813995918;unknown;unknown;1;-1;-1;-1;-1;-1;-1
;ServiceLog;md;1423813996964;unknown;unknown;1;-1;-1;-1;-1;-1;-1
;ServiceLog;md;1423813998013;unknown;unknown;1;-1;-1;-1;-1;-1;-1
;ServiceLog;md;1423813999055;unknown;unknown;1;-1;-1;-1;-1;-1;-1
;ServiceLog;md;1423814000113;unknown;unknown;1;-1;-1;-1;-1;-1;-1
;ServiceLog;md;1423814001155;unknown;unknown;1;-1;-1;-1;-1;-1;-1
;ServiceLog;md;1423814002208;unknown;unknown;1;-1;-1;-1;-1;-1;-1
;ServiceLog;md;1423814003249;unknown;unknown;1;-1;-1;-1;-1;-1;-1
;ServiceLog;md;1423814004387;unknown;unknown;1;-1;-1;-1;-1;-1;-1
;ServiceLog;md;1423814005420;unknown;unknown;1;-1;-1;-1;-1;-1;-1
;ServiceLog;md;1423814006454;unknown;unknown;1;-1;-1;-1;-1;-1;-1
;ServiceLog;md;1423814007468;unknown;unknown;1;-1;-1;-1;-1;-1;-1
;ServiceLog;md;1423814008480;unknown;unknown;1;-1;-1;-1;-1;-1;-1
;ServiceLog;md;1423814009495;unknown;unknown;1;-1;-1;-1;-1;-1;-1
;ServiceLog;md;1423814010552;unknown;unknown;1;-1;-1;-1;-1;-1;-1
;ServiceLog;md;1423814011603;unknown;unknown;1;-1;-1;-1;-1;-1;-1
;ServiceLog;md;1423814012660;unknown;unknown;1;-1;-1;-1;-1;-1;-1
;ServiceLog;md;1423814013673;unknown;unknown;1;-1;-1;-1;-1;-1;-1
;ServiceLog;md;1423814014688;unknown;unknown;1;-1;-1;-1;-1;-1;-1
;ServiceLog;md;1423814015732;unknown;unknown;1;-1;-1;-1;-1;-1;-1
;ServiceLog;md;1423814016775;unknown;unknown;1;-1;-1;-1;-1;-1;-1
;ServiceLog;md;1423814017831;unknown;unknown;1;-1;-1;-1;-1;-1;-1
;ServiceLog;md;1423814018879;unknown;unknown;1;-1;-1;-1;-1;-1;-1
;ServiceLog;md;1423814019914;unknown;unknown;1;-1;-1;-1;-1;-1;-1
;ServiceLog;md;1423814020951;unknown;unknown;1;-1;-1;-1;-1;-1;-1
;ServiceLog;md;1423814021981;unknown;unknown;1;-1;-1;-1;-1;-1;-1
;ServiceLog;md;1423814022996;unknown;unknown;1;-1;-1;-1;-1;-1;-1
;ServiceLog;md;1423814024027;unknown;unknown;1;-1;-1;-1;-1;-1;-1
;ServiceLog;md;1423814025044;unknown;unknown;1;-1;-1;-1;-1;-1;-1
;ServiceLog;md;1423814026094;unknown;unknown;1;-1;-1;-1;-1;-1;-1
;ServiceLog;md;1423814027141;unknown;unknown;1;-1;-1;-1;-1;-1;-1
;ServiceLog;md;1423814028176;unknown;unknown;1;-1;-1;-1;-1;-1;-1
;ServiceLog;md;1423814029223;unknown;unknown;1;-1;-1;-1;-1;-1;-1
;ServiceLog;md;1423814030241;unknown;unknown;1;-1;-1;-1;-1;-1;-1
;ServiceLog;md;1423814031295;unknown;unknown;1;-1;-1;-1;-1;-1;-1
;ServiceLog;md;1423814032320;unknown;unknown;1;-1;-1;-1;-1;-1;-1
;ServiceLog;md;1423814033376;unknown;unknown;1;-1;-1;-1;-1;-1;-1
;ServiceLog;md;1423814034390;unknown;unknown;1;-1;-1;-1;-1;-1;-1
;ServiceLog;md;1423814035404;unknown;unknown;1;-1;-1;-1;-1;-1;-1
;ServiceLog;md;1423814036436;unknown;unknown;1;-1;-1;-1;-1;-1;-1
;ServiceLog;md;1423814037475;unknown;unknown;1;-1;-1;-1;-1;-1;-1
;ServiceLog;md;1423814038503;unknown;unknown;1;-1;-1;-1;-1;-1;-1
;ServiceLog;md;1423814039536;unknown;unknown;1;-1;-1;-1;-1;-1;-1
;ServiceLog;md;1423814040569;unknown;unknown;1;-1;-1;-1;-1;-1;-1
;ServiceLog;md;1423814041613;unknown;unknown;1;-1;-1;-1;-1;-1;-1
;ServiceLog;md;1423814042627;unknown;unknown;1;-1;-1;-1;-1;-1;-1
;ServiceLog;md;1423814043657;unknown;unknown;1;-1;-1;-1;-1;-1;-1
;ServiceLog;md;1423814044691;unknown;unknown;1;-1;-1;-1;-1;-1;-1
;ServiceLog;md;1423814045724;unknown;unknown;1;-1;-1;-1;-1;-1;-1
;ServiceLog;md;1423814046764;unknown;unknown;1;-1;-1;-1;-1;-1;-1
;ServiceLog;md;1423814047788;unknown;unknown;1;-1;-1;-1;-1;-1;-1
;ServiceLog;md;1423814048822;unknown;unknown;1;-1;-1;-1;-1;-1;-1
;ServiceLog;md;1423814049842;unknown;unknown;1;-1;-1;-1;-1;-1;-1
;ServiceLog;md;1423814050887;unknown;unknown;1;-1;-1;-1;-1;-1;-1
;ServiceLog;md;1423814051912;unknown;unknown;1;-1;-1;-1;-1;-1;-1
;ServiceLog;md;1423814052954;unknown;unknown;1;-1;-1;-1;-1;-1;-1
;ServiceLog;md;1423814053985;unknown;unknown;1;-1;-1;-1;-1;-1;-1
;ServiceLog;md;1423814055018;unknown;unknown;1;-1;-1;-1;-1;-1;-1
;ServiceLog;md;1423814056064;unknown;unknown;1;-1;-1;-1;-1;-1;-1
;ServiceLog;md;1423814057093;unknown;unknown;1;-1;-1;-1;-1;-1;-1
;ServiceLog;md;1423814058178;unknown;unknown;1;-1;-1;-1;-1;-1;-1
;ServiceLog;md;1423814059213;unknown;unknown;1;-1;-1;-1;-1;-1;-1
;ServiceLog;md;1423814060230;unknown;unknown;1;-1;-1;-1;-1;-1;-1
;ServiceLog;md;1423814061263;unknown;unknown;1;-1;-1;-1;-1;-1;-1
;ServiceLog;md;1423814062314;unknown;unknown;1;-1;-1;-1;-1;-1;-1
;ServiceLog;md;1423814063347;unknown;unknown;1;-1;-1;-1;-1;-1;-1
;ServiceLog;md;1423814064373;unknown;unknown;1;-1;-1;-1;-1;-1;-1
;ServiceLog;md;1423814065410;unknown;unknown;1;-1;-1;-1;-1;-1;-1
;ServiceLog;md;1423814066446;unknown;unknown;1;-1;-1;-1;-1;-1;-1
;ServiceLog;md;1423814067461;unknown;unknown;1;-1;-1;-1;-1;-1;-1
;ServiceLog;md;1423814068483;unknown;unknown;1;-1;-1;-1;-1;-1;-1
;ServiceLog;md;1423814069529;unknown;unknown;1;-1;-1;-1;-1;-1;-1
;ServiceLog;md;1423814070577;unknown;unknown;1;-1;-1;-1;-1;-1;-1
;ServiceLog;md;1423814071611;unknown;unknown;1;-1;-1;-1;-1;-1;-1
;ServiceLog;md;1423814072643;unknown;unknown;1;-1;-1;-1;-1;-1;-1
;ServiceLog;md;1423814073681;unknown;unknown;1;-1;-1;-1;-1;-1;-1
;ServiceLog;md;1423814074715;unknown;unknown;1;-1;-1;-1;-1;-1;-1
;ServiceLog;md;1423814075747;unknown;unknown;1;-1;-1;-1;-1;-1;-1
;ServiceLog;md;1423814076767;unknown;unknown;1;-1;-1;-1;-1;-1;-1
;ServiceLog;md;1423814077819;unknown;unknown;1;-1;-1;-1;-1;-1;-1
;ServiceLog;md;1423814079385;unknown;unknown;1;-1;-1;-1;-1;-1;-1
;ServiceLog;md;1423814080432;unknown;unknown;1;-1;-1;-1;-1;-1;-1
;ServiceLog;md;1423814081481;unknown;unknown;1;-1;-1;-1;-1;-1;-1
;ServiceLog;md;1423814082533;unknown;unknown;1;-1;-1;-1;-1;-1;-1
;ServiceLog;md;1423814083584;unknown;unknown;1;-1;-1;-1;-1;-1;-1
;ServiceLog;md;1423814084601;unknown;unknown;1;-1;-1;-1;-1;-1;-1
;ServiceLog;md;1423814085647;unknown;unknown;1;-1;-1;-1;-1;-1;-1
;ServiceLog;md;1423814086662;unknown;unknown;1;-1;-1;-1;-1;-1;-1
;ServiceLog;md;1423814087692;unknown;unknown;1;-1;-1;-1;-1;-1;-1
;ServiceLog;md;1423814088718;unknown;unknown;1;-1;-1;-1;-1;-1;-1
;ServiceLog;md;1423814089733;unknown;unknown;1;-1;-1;-1;-1;-1;-1
;ServiceLog;md;1423814090798;unknown;unknown;1;-1;-1;-1;-1;-1;-1
;ServiceLog;md;1423814091813;unknown;unknown;1;-1;-1;-1;-1;-1;-1
;ServiceLog;md;1423814092831;unknown;unknown;1;-1;-1;-1;-1;-1;-1
;ServiceLog;md;1423814093847;unknown;unknown;1;-1;-1;-1;-1;-1;-1
;ServiceLog;md;1423814094883;unknown;unknown;1;-1;-1;-1;-1;-1;-1
;ServiceLog;md;1423814095918;unknown;unknown;1;-1;-1;-1;-1;-1;-1
;ServiceLog;md;1423814097235;unknown;unknown;1;-1;-1;-1;-1;-1;-1
;ServiceLog;md;1423814098252;unknown;unknown;1;-1;-1;-1;-1;-1;-1
;ServiceLog;md;1423814099266;unknown;unknown;1;-1;-1;-1;-1;-1;-1
;ServiceLog;md;1423814100284;unknown;unknown;1;-1;-1;-1;-1;-1;-1
;ServiceLog;md;1423814101305;unknown;unknown;1;-1;-1;-1;-1;-1;-1
;ServiceLog;md;1423814102321;unknown;unknown;1;-1;-1;-1;-1;-1;-1
;ServiceLog;md;1423814103340;unknown;unknown;1;-1;-1;-1;-1;-1;-1
;ServiceLog;md;1423814104536;unknown;unknown;1;-1;-1;-1;-1;-1;-1
;ServiceLog;md;1423814105552;unknown;unknown;1;-1;-1;-1;-1;-1;-1
;ServiceLog;md;1423814106570;unknown;unknown;1;-1;-1;-1;-1;-1;-1
;ServiceLog;md;1423814107585;unknown;unknown;1;-1;-1;-1;-1;-1;-1
;ServiceLog;md;1423814108602;unknown;unknown;1;-1;-1;-1;-1;-1;-1
;ServiceLog;md;1423814109618;unknown;unknown;1;-1;-1;-1;-1;-1;-1
;ServiceLog;md;1423814110679;unknown;unknown;1;-1;-1;-1;-1;-1;-1
;ServiceLog;md;1423814111758;unknown;unknown;1;-1;-1;-1;-1;-1;-1
;ServiceLog;md;1423814112772;unknown;unknown;1;-1;-1;-1;-1;-1;-1
;ServiceLog;md;1423814113794;unknown;unknown;1;-1;-1;-1;-1;-1;-1
;ServiceLog;md;1423814114880;unknown;unknown;1;-1;-1;-1;-1;-1;-1
;ServiceLog;md;1423814115896;unknown;unknown;1;-1;-1;-1;-1;-1;-1
;ServiceLog;md;1423814116911;unknown;unknown;1;-1;-1;-1;-1;-1;-1
;ServiceLog;md;1423814117962;unknown;unknown;1;-1;-1;-1;-1;-1;-1
;ServiceLog;md;1423814119002;unknown;unknown;1;-1;-1;-1;-1;-1;-1
;ServiceLog;md;1423814120056;unknown;unknown;1;-1;-1;-1;-1;-1;-1
;ServiceLog;md;1423814121104;unknown;unknown;1;-1;-1;-1;-1;-1;-1
;ServiceLog;md;1423814122187;unknown;unknown;1;-1;-1;-1;-1;-1;-1
;ServiceLog;md;1423814123223;unknown;unknown;1;-1;-1;-1;-1;-1;-1
;ServiceLog;md;1423814124253;unknown;unknown;1;-1;-1;-1;-1;-1;-1
;ServiceLog;md;1423814125286;unknown;unknown;1;-1;-1;-1;-1;-1;-1
;ServiceLog;md;1423814126305;unknown;unknown;1;-1;-1;-1;-1;-1;-1
;ServiceLog;md;1423814127321;unknown;unknown;1;-1;-1;-1;-1;-1;-1
;ServiceLog;md;1423814128430;unknown;unknown;1;-1;-1;-1;-1;-1;-1
;ServiceLog;md;1423814129474;unknown;unknown;1;-1;-1;-1;-1;-1;-1
;ServiceLog;md;1423814130497;unknown;unknown;1;-1;-1;-1;-1;-1;-1
;ServiceLog;md;1423814131513;unknown;unknown;1;-1;-1;-1;-1;-1;-1
;ServiceLog;md;1423814132695;unknown;unknown;1;-1;-1;-1;-1;-1;-1
;ServiceLog;md;1423814133798;unknown;unknown;1;-1;-1;-1;-1;-1;-1
;ServiceLog;md;1423814134872;unknown;unknown;1;-1;-1;-1;-1;-1;-1
;ServiceLog;md;1423814135903;unknown;unknown;1;-1;-1;-1;-1;-1;-1
;ServiceLog;md;1423814137130;unknown;unknown;1;-1;-1;-1;-1;-1;-1
;ServiceLog;md;1423814138305;unknown;unknown;1;-1;-1;-1;-1;-1;-1
;ServiceLog;md;1423814139338;unknown;unknown;1;-1;-1;-1;-1;-1;-1
;ServiceLog;md;1423814140373;unknown;unknown;1;-1;-1;-1;-1;-1;-1
;ServiceLog;md;1423814141391;unknown;unknown;1;-1;-1;-1;-1;-1;-1
;ServiceLog;md;1423814143890;unknown;unknown;1;-1;-1;-1;-1;-1;-1
;ServiceLog;md;1423814145335;unknown;unknown;1;-1;-1;-1;-1;-1;-1
;ServiceLog;md;1423814146356;unknown;unknown;1;-1;-1;-1;-1;-1;-1
;ServiceLog;md;1423814147377;unknown;unknown;1;-1;-1;-1;-1;-1;-1
;ServiceLog;md;1423814148394;unknown;unknown;1;-1;-1;-1;-1;-1;-1
;ServiceLog;md;1423814149409;unknown;unknown;1;-1;-1;-1;-1;-1;-1
;ServiceLog;md;1423814150424;unknown;unknown;1;-1;-1;-1;-1;-1;-1
;ServiceLog;md;1423814151813;unknown;unknown;1;-1;-1;-1;-1;-1;-1
;ServiceLog;md;1423814153573;unknown;unknown;1;-1;-1;-1;-1;-1;-1
;ServiceLog;md;1423814155971;unknown;unknown;1;-1;-1;-1;-1;-1;-1
;ServiceLog;md;1423814157009;unknown;unknown;1;-1;-1;-1;-1;-1;-1
;ServiceLog;md;1423814158032;unknown;unknown;1;-1;-1;-1;-1;-1;-1
;ServiceLog;md;1423814159045;unknown;unknown;1;-1;-1;-1;-1;-1;-1
;ServiceLog;md;1423814160235;unknown;unknown;1;-1;-1;-1;-1;-1;-1
;ServiceLog;md;1423814161282;unknown;unknown;1;-1;-1;-1;-1;-1;-1
;ServiceLog;md;1423814162329;unknown;unknown;1;-1;-1;-1;-1;-1;-1
;ServiceLog;md;1423814163343;unknown;unknown;1;-1;-1;-1;-1;-1;-1
;ServiceLog;md;1423814164373;unknown;unknown;1;-1;-1;-1;-1;-1;-1
;ServiceLog;md;1423814165694;unknown;unknown;1;-1;-1;-1;-1;-1;-1
;ServiceLog;md;1423814167008;unknown;unknown;1;-1;-1;-1;-1;-1;-1
;ServiceLog;md;1423814168273;unknown;unknown;1;-1;-1;-1;-1;-1;-1
;ServiceLog;md;1423814169287;unknown;unknown;1;-1;-1;-1;-1;-1;-1
;ServiceLog;md;1423814170302;unknown;unknown;1;-1;-1;-1;-1;-1;-1
;ServiceLog;md;1423814171318;unknown;unknown;1;-1;-1;-1;-1;-1;-1
;ServiceLog;md;1423814172490;unknown;unknown;1;-1;-1;-1;-1;-1;-1
;ServiceLog;md;1423814173620;unknown;unknown;1;-1;-1;-1;-1;-1;-1
;ServiceLog;md;1423814175389;unknown;unknown;1;-1;-1;-1;-1;-1;-1
;ServiceLog;md;1423814176402;unknown;unknown;1;-1;-1;-1;-1;-1;-1
;ServiceLog;md;1423814177417;unknown;unknown;1;-1;-1;-1;-1;-1;-1
;ServiceLog;md;1423814178430;unknown;unknown;1;-1;-1;-1;-1;-1;-1
;ServiceLog;md;1423814179442;unknown;unknown;1;-1;-1;-1;-1;-1;-1
;ServiceLog;md;1423814180455;unknown;unknown;1;-1;-1;-1;-1;-1;-1
;ServiceLog;md;1423814181482;unknown;unknown;1;-1;-1;-1;-1;-1;-1
;ServiceLog;md;1423814182505;3G;UMTS;1;250;1;660;6890765;-1;0
;ServiceLog;md;1423814183677;3G;UMTS;1;250;1;660;6945634;-1;0
;ServiceLog;md;1423814184704;3G;UMTS;1;250;1;660;6945634;-1;-87
;ServiceLog;md;1423814185737;3G;UMTS;1;250;1;660;6945634;-1;-87
;ServiceLog;md;1423814186750;3G;UMTS;1;250;1;660;6945634;-1;-87
;ServiceLog;md;1423814187764;3G;UMTS;1;250;1;660;6945634;-1;-83
;ServiceLog;md;1423814188781;3G;UMTS;1;250;1;660;6945634;-1;-83
;ServiceLog;md;1423814189797;3G;UMTS;1;250;1;660;6945634;-1;-83
;ServiceLog;md;1423814190811;3G;UMTS;1;250;1;660;6945634;-1;-79
;ServiceLog;md;1423814191828;3G;UMTS;1;250;1;660;6945634;-1;-79
;ServiceLog;md;1423814192882;3G;UMTS;1;250;1;660;6945634;-1;-79
;ServiceLog;md;1423814193899;3G;UMTS;1;250;1;660;6945634;-1;-81
;ServiceLog;md;1423814194928;3G;UMTS;1;250;1;660;6945634;-1;-81
;ServiceLog;md;1423814195999;3G;UMTS;1;250;1;660;6945634;-1;-81
;ServiceLog;md;1423814197066;3G;UMTS;1;250;1;660;6945634;-1;-81
;ServiceLog;md;1423814198085;3G;UMTS;1;250;1;660;6945634;-1;-81
;ServiceLog;md;1423814199098;3G;UMTS;1;250;1;660;6945634;-1;-81
;ServiceLog;md;1423814200112;3G;UMTS;1;250;1;660;6945634;-1;-81
;ServiceLog;md;1423814201133;3G;UMTS;1;250;1;660;6945634;-1;-81
;ServiceLog;md;1423814202177;3G;UMTS;1;250;1;660;6945634;-1;-81
;ServiceLog;md;1423814203262;3G;UMTS;1;250;1;660;6945634;-1;-79
;ServiceLog;md;1423814204294;3G;UMTS;1;250;1;660;6945634;-1;-79
;ServiceLog;md;1423814206075;3G;UMTS;1;250;1;660;6945634;-1;-79
;ServiceLog;md;1423814207094;3G;UMTS;1;250;1;660;6945634;-1;-79
;ServiceLog;md;1423814208243;3G;UMTS;1;250;1;660;6945634;-1;-79
;ServiceLog;md;1423814209272;3G;UMTS;1;250;1;660;6945634;-1;-79
;ServiceLog;md;1423814210288;3G;UMTS;1;250;1;660;6945634;-1;-79
;ServiceLog;md;1423814211310;3G;UMTS;1;250;1;660;6945634;-1;-79
;ServiceLog;md;1423814212332;3G;UMTS;1;250;1;660;6945634;-1;-69
;ServiceLog;md;1423814213348;3G;UMTS;1;250;1;660;6945634;-1;-69
;ServiceLog;md;1423814214366;3G;UMTS;1;250;1;660;6945634;-1;-69
;ServiceLog;md;1423814215384;3G;UMTS;1;250;1;660;6945634;-1;-71
;ServiceLog;md;1423814216619;3G;UMTS;1;250;1;660;6945634;-1;-71
;ServiceLog;md;1423814217664;3G;UMTS;1;250;1;660;6945634;-1;-77
;ServiceLog;md;1423814218681;3G;UMTS;1;250;1;660;6945634;-1;-77
;ServiceLog;md;1423814219696;3G;UMTS;1;250;1;660;6945634;-1;-77
;ServiceLog;md;1423814220720;3G;UMTS;1;250;1;660;6945634;-1;-83
;ServiceLog;md;1423814221737;3G;UMTS;1;250;1;660;6945634;-1;-83
;ServiceLog;md;1423814222751;3G;UMTS;1;250;1;660;6945634;-1;-83
;ServiceLog;md;1423814223770;3G;UMTS;1;250;1;660;6945634;-1;-89
;ServiceLog;md;1423814224794;3G;UMTS;1;250;1;660;6945634;-1;-89
;ServiceLog;md;1423814225811;3G;UMTS;1;250;1;660;6945634;-1;-89
;ServiceLog;md;1423814226825;3G;UMTS;1;250;1;660;6945634;-1;0
;ServiceLog;md;1423814227838;3G;UMTS;1;250;1;660;6945634;-1;0
;ServiceLog;md;1423814228850;3G;UMTS;1;250;1;660;6945634;-1;0
;ServiceLog;md;1423814229865;3G;UMTS;1;250;1;660;6945634;-1;0
;ServiceLog;md;1423814230878;3G;UMTS;1;250;1;660;6945634;-1;0
;ServiceLog;md;1423814231895;3G;UMTS;1;250;1;660;6945634;-1;0
;ServiceLog;md;1423814233064;3G;UMTS;1;250;1;660;6945634;-1;0
;ServiceLog;md;1423814234084;3G;UMTS;1;250;1;660;6945634;-1;0
;ServiceLog;md;1423814235129;3G;UMTS;1;250;1;660;6945634;-1;0
;ServiceLog;md;1423814236163;3G;UMTS;1;250;1;660;6945634;-1;0
;ServiceLog;md;1423814237197;3G;UMTS;1;250;1;660;6945634;-1;0
;ServiceLog;md;1423814238210;unknown;unknown;1;-1;-1;-1;-1;-1;-1
;ServiceLog;md;1423814239222;unknown;unknown;1;-1;-1;-1;-1;-1;-1
;ServiceLog;md;1423814240236;unknown;unknown;1;-1;-1;-1;-1;-1;-1
;ServiceLog;md;1423814241252;unknown;unknown;1;-1;-1;-1;-1;-1;-1
;ServiceLog;md;1423814242267;unknown;unknown;1;-1;-1;-1;-1;-1;-1
;ServiceLog;md;1423814243315;unknown;unknown;1;-1;-1;-1;-1;-1;-1
;ServiceLog;md;1423814244357;unknown;unknown;1;-1;-1;-1;-1;-1;-1
;ServiceLog;md;1423814245389;unknown;unknown;1;-1;-1;-1;-1;-1;-1
;ServiceLog;md;1423814246450;unknown;unknown;1;-1;-1;-1;-1;-1;-1
;ServiceLog;md;1423814247468;unknown;unknown;1;-1;-1;-1;-1;-1;-1
;ServiceLog;md;1423814248527;unknown;unknown;1;-1;-1;-1;-1;-1;-1
;ServiceLog;md;1423814249574;unknown;unknown;1;-1;-1;-1;-1;-1;-1
;ServiceLog;md;1423814250612;unknown;unknown;1;-1;-1;-1;-1;-1;-1
;ServiceLog;md;1423814251655;unknown;unknown;1;-1;-1;-1;-1;-1;-1
;ServiceLog;md;1423814252702;unknown;unknown;1;-1;-1;-1;-1;-1;-1
;ServiceLog;md;1423814253733;unknown;unknown;1;-1;-1;-1;-1;-1;-1
;ServiceLog;md;1423814254749;unknown;unknown;1;-1;-1;-1;-1;-1;-1
;ServiceLog;md;1423814255800;unknown;unknown;1;-1;-1;-1;-1;-1;-1
;ServiceLog;md;1423814256816;unknown;unknown;1;-1;-1;-1;-1;-1;-1
;ServiceLog;md;1423814257867;unknown;unknown;1;-1;-1;-1;-1;-1;-1
;ServiceLog;md;1423814258898;unknown;unknown;1;-1;-1;-1;-1;-1;-1
;ServiceLog;md;1423814259909;unknown;unknown;1;-1;-1;-1;-1;-1;-1
;ServiceLog;md;1423814260935;unknown;unknown;1;-1;-1;-1;-1;-1;-1
;ServiceLog;md;1423814261953;unknown;unknown;1;-1;-1;-1;-1;-1;-1
;ServiceLog;md;1423814262974;unknown;unknown;1;-1;-1;-1;-1;-1;-1
;ServiceLog;md;1423814264022;unknown;unknown;1;-1;-1;-1;-1;-1;-1
;ServiceLog;md;1423814265037;unknown;unknown;1;-1;-1;-1;-1;-1;-1
;ServiceLog;md;1423814266082;unknown;unknown;1;-1;-1;-1;-1;-1;-1
;ServiceLog;md;1423814267114;unknown;unknown;1;-1;-1;-1;-1;-1;-1
;ServiceLog;md;1423814268154;unknown;unknown;1;-1;-1;-1;-1;-1;-1
;ServiceLog;md;1423814269166;unknown;unknown;1;-1;-1;-1;-1;-1;-1
;ServiceLog;md;1423814270179;unknown;unknown;1;-1;-1;-1;-1;-1;-1
;ServiceLog;md;1423814271191;unknown;unknown;1;-1;-1;-1;-1;-1;-1
;ServiceLog;md;1423814272547;unknown;unknown;1;-1;-1;-1;-1;-1;-1
;ServiceLog;md;1423814273578;unknown;unknown;1;-1;-1;-1;-1;-1;-1
;ServiceLog;md;1423814274596;unknown;unknown;1;-1;-1;-1;-1;-1;-1
;ServiceLog;md;1423814275627;unknown;unknown;1;-1;-1;-1;-1;-1;-1
;ServiceLog;md;1423814276665;unknown;unknown;1;-1;-1;-1;-1;-1;-1
;ServiceLog;md;1423814277679;unknown;unknown;1;-1;-1;-1;-1;-1;-1
;ServiceLog;md;1423814278714;unknown;unknown;1;-1;-1;-1;-1;-1;-1
;ServiceLog;md;1423814279727;unknown;unknown;1;-1;-1;-1;-1;-1;-1
;ServiceLog;md;1423814280746;unknown;unknown;1;-1;-1;-1;-1;-1;-1
;ServiceLog;md;1423814281776;unknown;unknown;1;-1;-1;-1;-1;-1;-1
;ServiceLog;md;1423814282808;unknown;unknown;1;-1;-1;-1;-1;-1;-1
;ServiceLog;md;1423814283841;unknown;unknown;1;-1;-1;-1;-1;-1;-1
;ServiceLog;md;1423814284853;unknown;unknown;1;-1;-1;-1;-1;-1;-1
;ServiceLog;md;1423814285885;unknown;unknown;1;-1;-1;-1;-1;-1;-1
;ServiceLog;md;1423814286915;unknown;unknown;1;-1;-1;-1;-1;-1;-1
;ServiceLog;md;1423814287950;unknown;unknown;1;-1;-1;-1;-1;-1;-1
;ServiceLog;md;1423814288981;unknown;unknown;1;-1;-1;-1;-1;-1;-1
;ServiceLog;md;1423814289993;unknown;unknown;1;-1;-1;-1;-1;-1;-1
;ServiceLog;md;1423814291004;unknown;unknown;1;-1;-1;-1;-1;-1;-1
;ServiceLog;md;1423814292041;unknown;unknown;1;-1;-1;-1;-1;-1;-1
;ServiceLog;md;1423814293084;unknown;unknown;1;-1;-1;-1;-1;-1;-1
;ServiceLog;md;1423814294096;unknown;unknown;1;-1;-1;-1;-1;-1;-1
;ServiceLog;md;1423814295127;unknown;unknown;1;-1;-1;-1;-1;-1;-1
;ServiceLog;md;1423814296141;unknown;unknown;1;-1;-1;-1;-1;-1;-1
;ServiceLog;md;1423814297155;unknown;unknown;1;-1;-1;-1;-1;-1;-1
;ServiceLog;md;1423814298207;unknown;unknown;1;-1;-1;-1;-1;-1;-1
;ServiceLog;md;1423814299240;unknown;unknown;1;-1;-1;-1;-1;-1;-1
;ServiceLog;md;1423814300266;unknown;unknown;1;-1;-1;-1;-1;-1;-1
;ServiceLog;md;1423814301278;unknown;unknown;1;-1;-1;-1;-1;-1;-1
;ServiceLog;md;1423814302307;unknown;unknown;1;-1;-1;-1;-1;-1;-1
;ServiceLog;md;1423814303345;unknown;unknown;1;-1;-1;-1;-1;-1;-1
;ServiceLog;md;1423814304371;unknown;unknown;1;-1;-1;-1;-1;-1;-1
;ServiceLog;md;1423814305389;unknown;unknown;1;-1;-1;-1;-1;-1;-1
;ServiceLog;md;1423814306454;unknown;unknown;1;-1;-1;-1;-1;-1;-1
;ServiceLog;md;1423814307470;unknown;unknown;1;-1;-1;-1;-1;-1;-1
;ServiceLog;md;1423814308524;unknown;unknown;1;-1;-1;-1;-1;-1;-1
;ServiceLog;md;1423814309659;unknown;unknown;1;-1;-1;-1;-1;-1;-1
;ServiceLog;md;1423814310682;unknown;unknown;1;-1;-1;-1;-1;-1;-1
;ServiceLog;md;1423814311708;unknown;unknown;1;-1;-1;-1;-1;-1;-1
;ServiceLog;md;1423814312719;unknown;unknown;1;-1;-1;-1;-1;-1;-1
;ServiceLog;md;1423814313731;unknown;unknown;1;-1;-1;-1;-1;-1;-1
;ServiceLog;md;1423814314747;unknown;unknown;1;-1;-1;-1;-1;-1;-1
;ServiceLog;md;1423814315760;unknown;unknown;1;-1;-1;-1;-1;-1;-1
;ServiceLog;md;1423814316788;unknown;unknown;1;-1;-1;-1;-1;-1;-1
;ServiceLog;md;1423814317838;unknown;unknown;1;-1;-1;-1;-1;-1;-1
;ServiceLog;md;1423814318852;unknown;unknown;1;-1;-1;-1;-1;-1;-1
;ServiceLog;md;1423814319866;unknown;unknown;1;-1;-1;-1;-1;-1;-1
;ServiceLog;md;1423814320880;unknown;unknown;1;-1;-1;-1;-1;-1;-1
;ServiceLog;md;1423814321930;unknown;unknown;1;-1;-1;-1;-1;-1;-1
;ServiceLog;md;1423814322943;unknown;unknown;1;-1;-1;-1;-1;-1;-1
;ServiceLog;md;1423814323970;unknown;unknown;1;-1;-1;-1;-1;-1;-1
;ServiceLog;md;1423814324983;unknown;unknown;1;-1;-1;-1;-1;-1;-1
;ServiceLog;md;1423814325996;unknown;unknown;1;-1;-1;-1;-1;-1;-1
;ServiceLog;md;1423814327008;unknown;unknown;1;-1;-1;-1;-1;-1;-1
;ServiceLog;md;1423814328020;unknown;unknown;1;-1;-1;-1;-1;-1;-1
;ServiceLog;md;1423814329032;unknown;unknown;1;-1;-1;-1;-1;-1;-1
;ServiceLog;md;1423814330058;unknown;unknown;1;-1;-1;-1;-1;-1;-1
;ServiceLog;md;1423814331074;unknown;unknown;1;-1;-1;-1;-1;-1;-1
;ServiceLog;md;1423814332088;unknown;unknown;1;-1;-1;-1;-1;-1;-1
;ServiceLog;md;1423814333109;unknown;unknown;1;-1;-1;-1;-1;-1;-1
;ServiceLog;md;1423814334127;unknown;unknown;1;-1;-1;-1;-1;-1;-1
;ServiceLog;md;1423814335139;unknown;unknown;1;-1;-1;-1;-1;-1;-1
;ServiceLog;md;1423814336208;unknown;unknown;1;-1;-1;-1;-1;-1;-1
;ServiceLog;md;1423814337221;unknown;unknown;1;-1;-1;-1;-1;-1;-1
;ServiceLog;md;1423814338233;unknown;unknown;1;-1;-1;-1;-1;-1;-1
;ServiceLog;md;1423814339245;unknown;unknown;1;-1;-1;-1;-1;-1;-1
;ServiceLog;md;1423814340265;unknown;unknown;1;-1;-1;-1;-1;-1;-1
;ServiceLog;md;1423814341306;unknown;unknown;1;-1;-1;-1;-1;-1;-1
;ServiceLog;md;1423814342319;unknown;unknown;1;-1;-1;-1;-1;-1;-1
;ServiceLog;md;1423814343332;unknown;unknown;1;-1;-1;-1;-1;-1;-1
;ServiceLog;md;1423814344353;unknown;unknown;1;-1;-1;-1;-1;-1;-1
;ServiceLog;md;1423814345381;unknown;unknown;1;-1;-1;-1;-1;-1;-1
;ServiceLog;md;1423814346409;unknown;unknown;1;-1;-1;-1;-1;-1;-1
;ServiceLog;md;1423814347425;unknown;unknown;1;-1;-1;-1;-1;-1;-1
;ServiceLog;md;1423814348436;unknown;unknown;1;-1;-1;-1;-1;-1;-1
;ServiceLog;md;1423814349448;unknown;unknown;1;-1;-1;-1;-1;-1;-1
;ServiceLog;md;1423814350459;unknown;unknown;1;-1;-1;-1;-1;-1;-1
;ServiceLog;md;1423814351474;unknown;unknown;1;-1;-1;-1;-1;-1;-1
;ServiceLog;md;1423814352488;unknown;unknown;1;-1;-1;-1;-1;-1;-1
;ServiceLog;md;1423814353502;unknown;unknown;1;-1;-1;-1;-1;-1;-1
;ServiceLog;md;1423814354515;unknown;unknown;1;-1;-1;-1;-1;-1;-1
;ServiceLog;md;1423814355527;unknown;unknown;1;-1;-1;-1;-1;-1;-1
;ServiceLog;md;1423814356550;unknown;unknown;1;-1;-1;-1;-1;-1;-1
;ServiceLog;md;1423814357562;unknown;unknown;1;-1;-1;-1;-1;-1;-1
;ServiceLog;md;1423814358588;unknown;unknown;1;-1;-1;-1;-1;-1;-1
;ServiceLog;md;1423814359609;unknown;unknown;1;-1;-1;-1;-1;-1;-1
;ServiceLog;md;1423814360621;unknown;unknown;1;-1;-1;-1;-1;-1;-1
;ServiceLog;md;1423814361636;unknown;unknown;1;-1;-1;-1;-1;-1;-1
;ServiceLog;md;1423814362651;unknown;unknown;1;-1;-1;-1;-1;-1;-1
;ServiceLog;md;1423814363683;unknown;unknown;1;-1;-1;-1;-1;-1;-1
;ServiceLog;md;1423814364713;unknown;unknown;1;-1;-1;-1;-1;-1;-1
;ServiceLog;md;1423814365774;unknown;unknown;1;-1;-1;-1;-1;-1;-1
;ServiceLog;md;1423814366802;unknown;unknown;1;-1;-1;-1;-1;-1;-1
;ServiceLog;md;1423814367824;unknown;unknown;1;-1;-1;-1;-1;-1;-1
;ServiceLog;md;1423814368839;unknown;unknown;1;-1;-1;-1;-1;-1;-1
;ServiceLog;md;1423814369853;unknown;unknown;1;-1;-1;-1;-1;-1;-1
;ServiceLog;md;1423814370871;unknown;unknown;1;-1;-1;-1;-1;-1;-1
;ServiceLog;md;1423814371883;unknown;unknown;1;-1;-1;-1;-1;-1;-1
;ServiceLog;md;1423814372906;unknown;unknown;1;-1;-1;-1;-1;-1;-1
;ServiceLog;md;1423814373952;unknown;unknown;1;-1;-1;-1;-1;-1;-1
;ServiceLog;md;1423814374970;unknown;unknown;1;-1;-1;-1;-1;-1;-1
;ServiceLog;md;1423814375993;unknown;unknown;1;-1;-1;-1;-1;-1;-1
;ServiceLog;md;1423814377011;unknown;unknown;1;-1;-1;-1;-1;-1;-1
;ServiceLog;md;1423814378046;unknown;unknown;1;-1;-1;-1;-1;-1;-1
;ServiceLog;md;1423814379084;unknown;unknown;1;-1;-1;-1;-1;-1;-1
;ServiceLog;md;1423814380120;unknown;unknown;1;-1;-1;-1;-1;-1;-1
;ServiceLog;md;1423814381149;unknown;unknown;1;-1;-1;-1;-1;-1;-1
;ServiceLog;md;1423814382188;unknown;unknown;1;-1;-1;-1;-1;-1;-1
;ServiceLog;md;1423814383255;unknown;unknown;1;-1;-1;-1;-1;-1;-1
;ServiceLog;md;1423814384278;unknown;unknown;1;-1;-1;-1;-1;-1;-1
;ServiceLog;md;1423814385316;unknown;unknown;1;-1;-1;-1;-1;-1;-1
;ServiceLog;md;1423814386349;unknown;unknown;1;-1;-1;-1;-1;-1;-1
;ServiceLog;md;1423814387379;unknown;unknown;1;-1;-1;-1;-1;-1;-1
;ServiceLog;md;1423814388390;unknown;unknown;1;-1;-1;-1;-1;-1;-1
;ServiceLog;md;1423814389401;unknown;unknown;1;-1;-1;-1;-1;-1;-1
;ServiceLog;md;1423814390421;unknown;unknown;1;-1;-1;-1;-1;-1;-1
;ServiceLog;md;1423814391462;unknown;unknown;1;-1;-1;-1;-1;-1;-1
;ServiceLog;md;1423814392494;unknown;unknown;1;-1;-1;-1;-1;-1;-1
;ServiceLog;md;1423814393550;unknown;unknown;1;-1;-1;-1;-1;-1;-1
;ServiceLog;md;1423814394589;unknown;unknown;1;-1;-1;-1;-1;-1;-1
;ServiceLog;md;1423814395615;unknown;unknown;1;-1;-1;-1;-1;-1;-1
;ServiceLog;md;1423814396643;unknown;unknown;1;-1;-1;-1;-1;-1;-1
;ServiceLog;md;1423814397654;unknown;unknown;1;-1;-1;-1;-1;-1;-1
;ServiceLog;md;1423814398669;unknown;unknown;1;-1;-1;-1;-1;-1;-1
;ServiceLog;md;1423814399712;unknown;unknown;1;-1;-1;-1;-1;-1;-1
;ServiceLog;md;1423814400764;unknown;unknown;1;-1;-1;-1;-1;-1;-1
;ServiceLog;md;1423814401807;unknown;unknown;1;-1;-1;-1;-1;-1;-1
;ServiceLog;md;1423814402820;unknown;unknown;1;-1;-1;-1;-1;-1;-1
;ServiceLog;md;1423814403838;unknown;unknown;1;-1;-1;-1;-1;-1;-1
;ServiceLog;md;1423814404858;unknown;unknown;1;-1;-1;-1;-1;-1;-1
;ServiceLog;md;1423814405874;unknown;unknown;1;-1;-1;-1;-1;-1;-1
;ServiceLog;md;1423814406892;unknown;unknown;1;-1;-1;-1;-1;-1;-1
;ServiceLog;md;1423814407912;unknown;unknown;1;-1;-1;-1;-1;-1;-1
;ServiceLog;md;1423814408930;unknown;unknown;1;-1;-1;-1;-1;-1;-1
;ServiceLog;md;1423814409944;unknown;unknown;1;-1;-1;-1;-1;-1;-1
;ServiceLog;md;1423814410958;unknown;unknown;1;-1;-1;-1;-1;-1;-1
;ServiceLog;md;1423814411970;unknown;unknown;1;-1;-1;-1;-1;-1;-1
;ServiceLog;md;1423814412991;unknown;unknown;1;-1;-1;-1;-1;-1;-1
;ServiceLog;md;1423814414002;unknown;unknown;1;-1;-1;-1;-1;-1;-1
;ServiceLog;md;1423814415045;unknown;unknown;1;-1;-1;-1;-1;-1;-1
;ServiceLog;md;1423814416089;unknown;unknown;1;-1;-1;-1;-1;-1;-1
;ServiceLog;md;1423814417163;unknown;unknown;1;-1;-1;-1;-1;-1;-1
;ServiceLog;md;1423814418213;unknown;unknown;1;-1;-1;-1;-1;-1;-1
;ServiceLog;md;1423814419246;unknown;unknown;1;-1;-1;-1;-1;-1;-1
;ServiceLog;md;1423814420259;unknown;unknown;1;-1;-1;-1;-1;-1;-1
;ServiceLog;md;1423814421301;unknown;unknown;1;-1;-1;-1;-1;-1;-1
;ServiceLog;md;1423814422339;unknown;unknown;1;-1;-1;-1;-1;-1;-1
;ServiceLog;md;1423814423377;unknown;unknown;1;-1;-1;-1;-1;-1;-1
;ServiceLog;md;1423814424394;unknown;unknown;1;-1;-1;-1;-1;-1;-1
;ServiceLog;md;1423814425411;unknown;unknown;1;-1;-1;-1;-1;-1;-1
;ServiceLog;md;1423814426460;unknown;unknown;1;-1;-1;-1;-1;-1;-1
;ServiceLog;md;1423814427478;unknown;unknown;1;-1;-1;-1;-1;-1;-1
;ServiceLog;md;1423814428508;unknown;unknown;1;-1;-1;-1;-1;-1;-1
;ServiceLog;md;1423814429522;unknown;unknown;1;-1;-1;-1;-1;-1;-1
;ServiceLog;md;1423814430554;unknown;unknown;1;-1;-1;-1;-1;-1;-1
;ServiceLog;md;1423814431587;unknown;unknown;1;-1;-1;-1;-1;-1;-1
;ServiceLog;md;1423814432602;unknown;unknown;1;-1;-1;-1;-1;-1;-1
;ServiceLog;md;1423814433643;unknown;unknown;1;-1;-1;-1;-1;-1;-1
;ServiceLog;md;1423814434659;unknown;unknown;1;-1;-1;-1;-1;-1;-1
;ServiceLog;md;1423814435701;unknown;unknown;1;-1;-1;-1;-1;-1;-1
;ServiceLog;md;1423814436733;unknown;unknown;1;-1;-1;-1;-1;-1;-1
;ServiceLog;md;1423814437758;unknown;unknown;1;-1;-1;-1;-1;-1;-1
;ServiceLog;md;1423814438810;unknown;unknown;1;-1;-1;-1;-1;-1;-1
;ServiceLog;md;1423814439831;unknown;unknown;1;-1;-1;-1;-1;-1;-1
;ServiceLog;md;1423814440875;unknown;unknown;1;-1;-1;-1;-1;-1;-1
;ServiceLog;md;1423814441929;unknown;unknown;1;-1;-1;-1;-1;-1;-1
;ServiceLog;md;1423814442944;unknown;unknown;1;-1;-1;-1;-1;-1;-1
;ServiceLog;md;1423814443961;unknown;unknown;1;-1;-1;-1;-1;-1;-1
;ServiceLog;md;1423814444976;unknown;unknown;1;-1;-1;-1;-1;-1;-1
;ServiceLog;md;1423814445995;unknown;unknown;1;-1;-1;-1;-1;-1;-1
;ServiceLog;md;1423814447010;unknown;unknown;1;-1;-1;-1;-1;-1;-1
;ServiceLog;md;1423814448022;unknown;unknown;1;-1;-1;-1;-1;-1;-1
;ServiceLog;md;1423814449039;unknown;unknown;1;-1;-1;-1;-1;-1;-1
;ServiceLog;md;1423814450062;unknown;unknown;1;-1;-1;-1;-1;-1;-1
;ServiceLog;md;1423814451079;unknown;unknown;1;-1;-1;-1;-1;-1;-1
;ServiceLog;md;1423814452148;unknown;unknown;1;-1;-1;-1;-1;-1;-1
;ServiceLog;md;1423814453182;unknown;unknown;1;-1;-1;-1;-1;-1;-1
;ServiceLog;md;1423814454194;unknown;unknown;1;-1;-1;-1;-1;-1;-1
;ServiceLog;md;1423814455215;unknown;unknown;1;-1;-1;-1;-1;-1;-1
;ServiceLog;md;1423814456263;unknown;unknown;1;-1;-1;-1;-1;-1;-1
;ServiceLog;md;1423814457306;unknown;unknown;1;-1;-1;-1;-1;-1;-1
;ServiceLog;md;1423814458321;unknown;unknown;1;-1;-1;-1;-1;-1;-1
;ServiceLog;md;1423814459358;unknown;unknown;1;-1;-1;-1;-1;-1;-1
;ServiceLog;md;1423814460369;unknown;unknown;1;-1;-1;-1;-1;-1;-1
;ServiceLog;md;1423814461384;unknown;unknown;1;-1;-1;-1;-1;-1;-1
;ServiceLog;md;1423814462397;unknown;unknown;1;-1;-1;-1;-1;-1;-1
;ServiceLog;md;1423814463410;unknown;unknown;1;-1;-1;-1;-1;-1;-1
;ServiceLog;md;1423814464425;unknown;unknown;1;-1;-1;-1;-1;-1;-1
;ServiceLog;md;1423814465453;unknown;unknown;1;-1;-1;-1;-1;-1;-1
;ServiceLog;md;1423814466473;unknown;unknown;1;-1;-1;-1;-1;-1;-1
;ServiceLog;md;1423814467487;unknown;unknown;1;-1;-1;-1;-1;-1;-1
;ServiceLog;md;1423814468570;unknown;unknown;1;-1;-1;-1;-1;-1;-1
;ServiceLog;md;1423814469583;unknown;unknown;1;-1;-1;-1;-1;-1;-1
;ServiceLog;md;1423814470597;unknown;unknown;1;-1;-1;-1;-1;-1;-1
;ServiceLog;md;1423814471675;unknown;unknown;1;-1;-1;-1;-1;-1;-1
;ServiceLog;md;1423814472735;unknown;unknown;1;-1;-1;-1;-1;-1;-1
;ServiceLog;md;1423814473752;unknown;unknown;1;-1;-1;-1;-1;-1;-1
;ServiceLog;md;1423814474774;unknown;unknown;1;-1;-1;-1;-1;-1;-1
;ServiceLog;md;1423814475802;unknown;unknown;1;-1;-1;-1;-1;-1;-1
;ServiceLog;md;1423814476854;unknown;unknown;1;-1;-1;-1;-1;-1;-1
;ServiceLog;md;1423814477901;unknown;unknown;1;-1;-1;-1;-1;-1;-1
;ServiceLog;md;1423814478953;unknown;unknown;1;-1;-1;-1;-1;-1;-1
;ServiceLog;md;1423814479993;unknown;unknown;1;-1;-1;-1;-1;-1;-1
;ServiceLog;md;1423814481010;unknown;unknown;1;-1;-1;-1;-1;-1;-1
;ServiceLog;md;1423814482048;unknown;unknown;1;-1;-1;-1;-1;-1;-1
;ServiceLog;md;1423814483080;unknown;unknown;1;-1;-1;-1;-1;-1;-1
;ServiceLog;md;1423814484113;unknown;unknown;1;-1;-1;-1;-1;-1;-1
;ServiceLog;md;1423814485144;unknown;unknown;1;-1;-1;-1;-1;-1;-1
;ServiceLog;md;1423814486160;unknown;unknown;1;-1;-1;-1;-1;-1;-1
;ServiceLog;md;1423814487201;unknown;unknown;1;-1;-1;-1;-1;-1;-1
;ServiceLog;md;1423814488233;unknown;unknown;1;-1;-1;-1;-1;-1;-1
;ServiceLog;md;1423814489264;unknown;unknown;1;-1;-1;-1;-1;-1;-1
;ServiceLog;md;1423814490294;unknown;unknown;1;-1;-1;-1;-1;-1;-1
;ServiceLog;md;1423814491309;unknown;unknown;1;-1;-1;-1;-1;-1;-1
;ServiceLog;md;1423814492339;unknown;unknown;1;-1;-1;-1;-1;-1;-1
;ServiceLog;md;1423814493354;unknown;unknown;1;-1;-1;-1;-1;-1;-1
;ServiceLog;md;1423814494390;unknown;unknown;1;-1;-1;-1;-1;-1;-1
;ServiceLog;md;1423814495423;unknown;unknown;1;-1;-1;-1;-1;-1;-1
;ServiceLog;md;1423814496460;unknown;unknown;1;-1;-1;-1;-1;-1;-1
;ServiceLog;md;1423814497509;unknown;unknown;1;-1;-1;-1;-1;-1;-1
;ServiceLog;md;1423814498528;unknown;unknown;1;-1;-1;-1;-1;-1;-1
;ServiceLog;md;1423814499583;unknown;unknown;1;-1;-1;-1;-1;-1;-1
;ServiceLog;md;1423814500637;unknown;unknown;1;-1;-1;-1;-1;-1;-1
;ServiceLog;md;1423814501679;unknown;unknown;1;-1;-1;-1;-1;-1;-1
;ServiceLog;md;1423814502709;unknown;unknown;1;-1;-1;-1;-1;-1;-1
;ServiceLog;md;1423814503728;unknown;unknown;1;-1;-1;-1;-1;-1;-1
;ServiceLog;md;1423814504775;unknown;unknown;1;-1;-1;-1;-1;-1;-1
;ServiceLog;md;1423814505792;unknown;unknown;1;-1;-1;-1;-1;-1;-1
;ServiceLog;md;1423814506810;unknown;unknown;1;-1;-1;-1;-1;-1;-1
;ServiceLog;md;1423814507852;unknown;unknown;1;-1;-1;-1;-1;-1;-1
;ServiceLog;md;1423814508878;unknown;unknown;1;-1;-1;-1;-1;-1;-1
;ServiceLog;md;1423814509919;unknown;unknown;1;-1;-1;-1;-1;-1;-1
;ServiceLog;md;1423814510970;unknown;unknown;1;-1;-1;-1;-1;-1;-1
;ServiceLog;md;1423814512031;unknown;unknown;1;-1;-1;-1;-1;-1;-1
;ServiceLog;md;1423814513804;unknown;unknown;1;-1;-1;-1;-1;-1;-1
;ServiceLog;md;1423814514820;unknown;unknown;1;-1;-1;-1;-1;-1;-1
;ServiceLog;md;1423814515932;unknown;unknown;1;-1;-1;-1;-1;-1;-1
;ServiceLog;md;1423814516947;unknown;unknown;1;-1;-1;-1;-1;-1;-1
;ServiceLog;md;1423814517977;unknown;unknown;1;-1;-1;-1;-1;-1;-1
;ServiceLog;md;1423814518996;unknown;unknown;1;-1;-1;-1;-1;-1;-1
;ServiceLog;md;1423814520013;unknown;unknown;1;-1;-1;-1;-1;-1;-1
;ServiceLog;md;1423814521031;unknown;unknown;1;-1;-1;-1;-1;-1;-1
;ServiceLog;md;1423814522053;unknown;unknown;1;-1;-1;-1;-1;-1;-1
;ServiceLog;md;1423814523172;unknown;unknown;1;-1;-1;-1;-1;-1;-1
;ServiceLog;md;1423814524199;unknown;unknown;1;-1;-1;-1;-1;-1;-1
;ServiceLog;md;1423814525233;unknown;unknown;1;-1;-1;-1;-1;-1;-1
;ServiceLog;md;1423814526251;unknown;unknown;1;-1;-1;-1;-1;-1;-1
;ServiceLog;md;1423814527360;unknown;unknown;1;-1;-1;-1;-1;-1;-1
;ServiceLog;md;1423814528392;unknown;unknown;1;-1;-1;-1;-1;-1;-1
;ServiceLog;md;1423814529503;unknown;unknown;1;-1;-1;-1;-1;-1;-1
;ServiceLog;md;1423814530524;unknown;unknown;1;-1;-1;-1;-1;-1;-1
;ServiceLog;md;1423814531585;unknown;unknown;1;-1;-1;-1;-1;-1;-1
;ServiceLog;md;1423814532621;unknown;unknown;1;-1;-1;-1;-1;-1;-1
;ServiceLog;md;1423814533644;unknown;unknown;1;-1;-1;-1;-1;-1;-1
;ServiceLog;md;1423814534675;unknown;unknown;1;-1;-1;-1;-1;-1;-1
;ServiceLog;md;1423814535700;unknown;unknown;1;-1;-1;-1;-1;-1;-1
;ServiceLog;md;1423814536717;unknown;unknown;1;-1;-1;-1;-1;-1;-1
;ServiceLog;md;1423814537736;unknown;unknown;1;-1;-1;-1;-1;-1;-1
;ServiceLog;md;1423814538764;unknown;unknown;1;-1;-1;-1;-1;-1;-1
;ServiceLog;md;1423814539782;unknown;unknown;1;-1;-1;-1;-1;-1;-1
;ServiceLog;md;1423814540838;unknown;unknown;1;-1;-1;-1;-1;-1;-1
;ServiceLog;md;1423814541853;unknown;unknown;1;-1;-1;-1;-1;-1;-1
;ServiceLog;md;1423814542874;unknown;unknown;1;-1;-1;-1;-1;-1;-1
;ServiceLog;md;1423814543891;unknown;unknown;1;-1;-1;-1;-1;-1;-1
;ServiceLog;md;1423814544915;unknown;unknown;1;-1;-1;-1;-1;-1;-1
;ServiceLog;md;1423814545940;unknown;unknown;1;-1;-1;-1;-1;-1;-1
;ServiceLog;md;1423814546956;unknown;unknown;1;-1;-1;-1;-1;-1;-1
;ServiceLog;md;1423814547985;unknown;unknown;1;-1;-1;-1;-1;-1;-1
;ServiceLog;md;1423814549001;unknown;unknown;1;-1;-1;-1;-1;-1;-1
;ServiceLog;md;1423814550021;unknown;unknown;1;-1;-1;-1;-1;-1;-1
;ServiceLog;md;1423814551040;unknown;unknown;1;-1;-1;-1;-1;-1;-1
;ServiceLog;md;1423814552114;unknown;unknown;1;-1;-1;-1;-1;-1;-1
;ServiceLog;md;1423814553174;unknown;unknown;1;-1;-1;-1;-1;-1;-1
;ServiceLog;md;1423814554217;unknown;unknown;1;-1;-1;-1;-1;-1;-1
;ServiceLog;md;1423814555243;unknown;unknown;1;-1;-1;-1;-1;-1;-1
;ServiceLog;md;1423814556316;unknown;unknown;1;-1;-1;-1;-1;-1;-1
;ServiceLog;md;1423814557337;unknown;unknown;1;-1;-1;-1;-1;-1;-1
;ServiceLog;md;1423814558382;unknown;unknown;1;-1;-1;-1;-1;-1;-1
;ServiceLog;md;1423814559452;unknown;unknown;1;-1;-1;-1;-1;-1;-1
;ServiceLog;md;1423814560520;3G;UMTS;1;250;1;660;6926932;-1;-51
;ServiceLog;md;1423814561562;3G;UMTS;1;250;1;660;6926932;-1;-51
;ServiceLog;md;1423814562645;3G;UMTS;1;250;1;660;6926932;-1;-51
;ServiceLog;md;1423814563684;3G;UMTS;1;250;1;660;6926932;-1;-51
;ServiceLog;md;1423814564703;3G;UMTS;1;250;1;660;6926932;-1;-51
;ServiceLog;md;1423814565718;3G;UMTS;1;250;1;660;6926932;-1;-51
;ServiceLog;md;1423814566733;3G;UMTS;1;250;1;660;6926932;-1;-51
;ServiceLog;md;1423814567749;3G;UMTS;1;250;1;660;6926932;-1;-51
;ServiceLog;md;1423814568765;3G;UMTS;1;250;1;660;6926932;-1;-51
;ServiceLog;md;1423814569779;3G;UMTS;1;250;1;660;6926932;-1;-51
;ServiceLog;md;1423814570794;3G;UMTS;1;250;1;660;6926932;-1;-51
;ServiceLog;md;1423814571810;3G;UMTS;1;250;1;660;6926932;-1;-51
;ServiceLog;md;1423814573330;3G;UMTS;1;250;1;660;6926932;-1;-51
;ServiceLog;md;1423814574393;3G;UMTS;1;250;1;660;6926932;-1;-51
;ServiceLog;md;1423814575618;3G;HSDPA;1;250;1;660;6926932;-1;-51
;ServiceLog;md;1423814576634;3G;HSDPA;1;250;1;660;6926932;-1;-51
;ServiceLog;md;1423814577659;3G;HSDPA;1;250;1;660;6926932;-1;-51
;ServiceLog;md;1423814578672;3G;HSDPA;1;250;1;660;6926932;-1;-51
;ServiceLog;md;1423814579686;3G;HSDPA;1;250;1;660;6926932;-1;-51
;ServiceLog;md;1423814580702;3G;HSDPA;1;250;1;660;6926932;-1;-51
;ServiceLog;md;1423814581738;3G;HSDPA;1;250;1;660;6926932;-1;-53
;ServiceLog;md;1423814582789;3G;UMTS;1;250;1;660;6926932;-1;-53
;ServiceLog;md;1423814583856;3G;UMTS;1;250;1;660;6926932;-1;-53
;ServiceLog;md;1423814584908;3G;UMTS;1;250;1;660;6926932;-1;-53
;ServiceLog;md;1423814585950;3G;UMTS;1;250;1;660;6926932;-1;-53
;ServiceLog;md;1423814587005;3G;UMTS;1;250;1;660;6926932;-1;-53
;ServiceLog;md;1423814588059;3G;UMTS;1;250;1;660;6926932;-1;-55
;ServiceLog;md;1423814589101;3G;UMTS;1;250;1;660;6926932;-1;-55
;ServiceLog;md;1423814590137;3G;UMTS;1;250;1;660;6926932;-1;-55
;ServiceLog;md;1423814591190;3G;UMTS;1;250;1;660;6926932;-1;-57
;ServiceLog;md;1423814592238;3G;UMTS;1;250;1;660;6926932;-1;-57
;ServiceLog;md;1423814593282;3G;UMTS;1;250;1;660;6926932;-1;-57
;ServiceLog;md;1423814594330;3G;UMTS;1;250;1;660;6926932;-1;-57
;ServiceLog;md;1423814595400;3G;UMTS;1;250;1;660;6926932;-1;-57
;ServiceLog;md;1423814596551;3G;UMTS;1;250;1;660;6926932;-1;-57
;ServiceLog;md;1423814597564;3G;HSDPA;1;250;1;660;6926932;-1;-57
;ServiceLog;md;1423814598585;3G;HSDPA;1;250;1;660;6926932;-1;-57
;ServiceLog;md;1423814599629;3G;HSDPA;1;250;1;660;6926932;-1;-59
;ServiceLog;md;1423814600665;3G;HSDPA;1;250;1;660;6926932;-1;-59
;ServiceLog;md;1423814601698;3G;UMTS;1;250;1;660;6926932;-1;-59
;ServiceLog;md;1423814602750;3G;UMTS;1;250;1;660;6926932;-1;-59
;ServiceLog;md;1423814603765;3G;UMTS;1;250;1;660;6926932;-1;-59
;ServiceLog;md;1423814604821;3G;UMTS;1;250;1;660;6926932;-1;-59
;ServiceLog;md;1423814605875;3G;UMTS;1;250;1;660;6926932;-1;-61
;ServiceLog;md;1423814606927;3G;UMTS;1;250;1;660;6926932;-1;-61
;ServiceLog;md;1423814607943;3G;UMTS;1;250;1;660;6926932;-1;-61
;ServiceLog;md;1423814608968;3G;UMTS;1;250;1;660;6926932;-1;-61
;ServiceLog;md;1423814609992;3G;UMTS;1;250;1;660;6926932;-1;-61
;ServiceLog;md;1423814611043;3G;UMTS;1;250;1;660;6926932;-1;-61
;ServiceLog;md;1423814612076;3G;UMTS;1;250;1;660;6926932;-1;-61
;ServiceLog;md;1423814613093;3G;UMTS;1;250;1;660;6926932;-1;-61
;ServiceLog;md;1423814614130;3G;UMTS;1;250;1;660;6926932;-1;-61
;ServiceLog;md;1423814615167;3G;UMTS;1;250;1;660;6926932;-1;-61
;ServiceLog;md;1423814616206;3G;UMTS;1;250;1;660;6926932;-1;-61
;ServiceLog;md;1423814617247;3G;UMTS;1;250;1;660;6926932;-1;-61
;ServiceLog;md;1423814618264;3G;UMTS;1;250;1;660;6926932;-1;-61
;ServiceLog;md;1423814619309;3G;UMTS;1;250;1;660;6926932;-1;-61
;ServiceLog;md;1423814620361;3G;UMTS;1;250;1;660;6926932;-1;-61
;ServiceLog;md;1423814621401;3G;UMTS;1;250;1;660;6926932;-1;-61
;ServiceLog;md;1423814622442;3G;UMTS;1;250;1;660;6926932;-1;-61
;ServiceLog;md;1423814623496;3G;UMTS;1;250;1;660;6926932;-1;-61
;ServiceLog;md;1423814624551;3G;UMTS;1;250;1;660;6926932;-1;-61
;ServiceLog;md;1423814625589;3G;UMTS;1;250;1;660;6926932;-1;-61
;ServiceLog;md;1423814626648;3G;UMTS;1;250;1;660;6926932;-1;-61
;ServiceLog;md;1423814628177;3G;UMTS;1;250;1;660;6926932;-1;-61
;ServiceLog;md;1423814629232;3G;UMTS;1;250;1;660;6926932;-1;-61
;ServiceLog;md;1423814630278;3G;UMTS;1;250;1;660;6926932;-1;-61
;ServiceLog;md;1423814631319;3G;UMTS;1;250;1;660;6926932;-1;-61
;ServiceLog;md;1423814632368;3G;UMTS;1;250;1;660;6926932;-1;-61
;ServiceLog;md;1423814633387;3G;UMTS;1;250;1;660;6926932;-1;-61
;ServiceLog;md;1423814634438;3G;UMTS;1;250;1;660;6926932;-1;-61
;ServiceLog;md;1423814635475;3G;UMTS;1;250;1;660;6926932;-1;-61
;ServiceLog;md;1423814636515;3G;UMTS;1;250;1;660;6926932;-1;-61
;ServiceLog;md;1423814637570;3G;UMTS;1;250;1;660;6926932;-1;-61
;ServiceLog;md;1423814638622;3G;UMTS;1;250;1;660;6926932;-1;-61
;ServiceLog;md;1423814639640;3G;UMTS;1;250;1;660;6926932;-1;-61
;ServiceLog;md;1423814640702;3G;UMTS;1;250;1;660;6926932;-1;-61
;ServiceLog;md;1423814641759;3G;UMTS;1;250;1;660;6926932;-1;-61
;ServiceLog;md;1423814642815;3G;UMTS;1;250;1;660;6926932;-1;-61
;ServiceLog;md;1423814643836;3G;UMTS;1;250;1;660;6926932;-1;-61
;ServiceLog;md;1423814644884;3G;UMTS;1;250;1;660;6926932;-1;-61
;ServiceLog;md;1423814645939;3G;UMTS;1;250;1;660;6926932;-1;-61
;ServiceLog;md;1423814646991;3G;UMTS;1;250;1;660;6926932;-1;-61
;ServiceLog;md;1423814648043;3G;UMTS;1;250;1;660;6926932;-1;-61
;ServiceLog;md;1423814649099;3G;UMTS;1;250;1;660;6926932;-1;-61
;ServiceLog;md;1423814650159;3G;UMTS;1;250;1;660;6926932;-1;-61
;ServiceLog;md;1423814651216;3G;UMTS;1;250;1;660;6926932;-1;-61
;ServiceLog;md;1423814652251;3G;UMTS;1;250;1;660;6926932;-1;-61
;ServiceLog;md;1423814653288;3G;UMTS;1;250;1;660;6926932;-1;-61
;ServiceLog;md;1423814654324;3G;UMTS;1;250;1;660;6926932;-1;-61
;ServiceLog;md;1423814655363;3G;UMTS;1;250;1;660;6926932;-1;-61
;ServiceLog;md;1423814656419;3G;UMTS;1;250;1;660;6926932;-1;-61
;ServiceLog;md;1423814657474;3G;UMTS;1;250;1;660;6926932;-1;-61
;ServiceLog;md;1423814658520;3G;UMTS;1;250;1;660;6926932;-1;-61
;ServiceLog;md;1423814659540;3G;UMTS;1;250;1;660;6926932;-1;-61
;ServiceLog;md;1423814660559;3G;UMTS;1;250;1;660;6926932;-1;-61
;ServiceLog;md;1423814661616;3G;UMTS;1;250;1;660;6926932;-1;-61
;ServiceLog;md;1423814662664;3G;UMTS;1;250;1;660;6926932;-1;-61
;ServiceLog;md;1423814663720;3G;UMTS;1;250;1;660;6926932;-1;-61
;ServiceLog;md;1423814664825;3G;UMTS;1;250;1;660;6926932;-1;-61
;ServiceLog;md;1423814665871;3G;UMTS;1;250;1;660;6926932;-1;-61
;ServiceLog;md;1423814666929;3G;UMTS;1;250;1;660;6926932;-1;-61
;ServiceLog;md;1423814667986;3G;UMTS;1;250;1;660;6926932;-1;-61
;ServiceLog;md;1423814669042;3G;UMTS;1;250;1;660;6926932;-1;-61
;ServiceLog;md;1423814670088;3G;UMTS;1;250;1;660;6926932;-1;-61
;ServiceLog;md;1423814671126;3G;UMTS;1;250;1;660;6926932;-1;-61
;ServiceLog;md;1423814672173;3G;UMTS;1;250;1;660;6926932;-1;-61
;ServiceLog;md;1423814673192;3G;UMTS;1;250;1;660;6926932;-1;-61
;ServiceLog;md;1423814674240;3G;UMTS;1;250;1;660;6926932;-1;-61
;ServiceLog;md;1423814675261;3G;UMTS;1;250;1;660;6926932;-1;-61
;ServiceLog;md;1423814676316;3G;UMTS;1;250;1;660;6926932;-1;-61
;ServiceLog;md;1423814677368;3G;UMTS;1;250;1;660;6926932;-1;-61
;ServiceLog;md;1423814678417;3G;UMTS;1;250;1;660;6926932;-1;-61
;ServiceLog;md;1423814679470;3G;UMTS;1;250;1;660;6926932;-1;-61
;ServiceLog;md;1423814680523;3G;UMTS;1;250;1;660;6926932;-1;-61
;ServiceLog;md;1423814681543;3G;UMTS;1;250;1;660;6926932;-1;-61
;ServiceLog;md;1423814682596;3G;UMTS;1;250;1;660;6926932;-1;-61
;ServiceLog;md;1423814683647;3G;UMTS;1;250;1;660;6926932;-1;-61
;ServiceLog;md;1423814684696;3G;UMTS;1;250;1;660;6926932;-1;-61
;ServiceLog;md;1423814685731;3G;UMTS;1;250;1;660;6926932;-1;-61
;ServiceLog;md;1423814686750;3G;UMTS;1;250;1;660;6926932;-1;-61
;ServiceLog;md;1423814687896;3G;UMTS;1;250;1;660;6926932;-1;-61
;ServiceLog;md;1423814688932;3G;UMTS;1;250;1;660;6926932;-1;-61
;ServiceLog;md;1423814689990;3G;UMTS;1;250;1;660;6926932;-1;-61
;ServiceLog;md;1423814691040;3G;UMTS;1;250;1;660;6926932;-1;-61
;ServiceLog;md;1423814692094;3G;UMTS;1;250;1;660;6926932;-1;-61
;ServiceLog;md;1423814693151;3G;UMTS;1;250;1;660;6926932;-1;-61
;ServiceLog;md;1423814694198;3G;UMTS;1;250;1;660;6926932;-1;-61
;ServiceLog;md;1423814695248;3G;UMTS;1;250;1;660;6926932;-1;-61
;ServiceLog;md;1423814696267;3G;UMTS;1;250;1;660;6926932;-1;-61
;ServiceLog;md;1423814697287;3G;UMTS;1;250;1;660;6926932;-1;-61
;ServiceLog;md;1423814698345;3G;UMTS;1;250;1;660;6926932;-1;-61
;ServiceLog;md;1423814699435;3G;UMTS;1;250;1;660;6913618;-1;-79
;ServiceLog;md;1423814700468;3G;UMTS;1;250;1;660;6892889;-1;-79
;ServiceLog;md;1423814701497;3G;UMTS;1;250;1;660;6892889;-1;-79
;ServiceLog;md;1423814702535;3G;UMTS;1;250;1;660;6892889;-1;-81
;ServiceLog;md;1423814703601;3G;HSDPA;1;250;1;660;6892889;-1;-81
;ServiceLog;md;1423814705152;3G;HSDPA;1;250;1;660;6892889;-1;-81
;ServiceLog;md;1423814706192;3G;HSDPA;1;250;1;660;6892889;-1;-81
;ServiceLog;md;1423814707206;3G;UMTS;1;250;1;660;6892889;-1;-81
;ServiceLog;md;1423814708254;3G;UMTS;1;250;1;660;6892889;-1;-83
;ServiceLog;md;1423814709277;3G;UMTS;1;250;1;660;6892889;-1;-83
;ServiceLog;md;1423814710292;3G;UMTS;1;250;1;660;6892889;-1;-83
;ServiceLog;md;1423814711305;3G;UMTS;1;250;1;660;6892889;-1;-79
;ServiceLog;md;1423814712323;3G;UMTS;1;250;1;660;6892889;-1;-79
;ServiceLog;md;1423814713490;3G;UMTS;1;250;1;660;6892889;-1;-79
;ServiceLog;md;1423814715012;3G;UMTS;1;250;1;660;6892889;-1;-79
;ServiceLog;md;1423814716039;3G;UMTS;1;250;1;660;6892889;-1;-79
;ServiceLog;md;1423814717552;3G;UMTS;1;250;1;660;6892889;-1;-79
;ServiceLog;md;1423814718709;3G;UMTS;1;250;1;660;6892889;-1;-79
;ServiceLog;md;1423814719813;3G;HSDPA;1;250;1;660;6892889;-1;-79
;ServiceLog;md;1423814720847;3G;HSDPA;1;250;1;660;6892889;-1;-79
;ServiceLog;md;1423814721889;3G;HSDPA;1;250;1;660;6892889;-1;-79
;ServiceLog;md;1423814722989;3G;HSDPA;1;250;1;660;6892889;-1;-79
;ServiceLog;md;1423814724009;3G;UMTS;1;250;1;660;6892889;-1;-79
;ServiceLog;md;1423814725140;3G;UMTS;1;250;1;660;6892889;-1;-79
;ServiceLog;md;1423814726169;3G;UMTS;1;250;1;660;6892889;-1;-77
;ServiceLog;md;1423814727204;3G;UMTS;1;250;1;660;6892889;-1;-77
;ServiceLog;md;1423814728232;3G;UMTS;1;250;1;660;6892889;-1;-77
;ServiceLog;md;1423814729256;3G;UMTS;1;250;1;660;6892889;-1;-77
;ServiceLog;md;1423814730277;3G;UMTS;1;250;1;660;6892889;-1;-77
;ServiceLog;md;1423814731302;3G;UMTS;1;250;1;660;6892889;-1;-77
;ServiceLog;md;1423814732317;3G;UMTS;1;250;1;660;6892889;-1;-77
;ServiceLog;md;1423814733331;3G;UMTS;1;250;1;660;6892889;-1;-77
;ServiceLog;md;1423814734352;3G;HSDPA;1;250;1;660;6892889;-1;-77
;ServiceLog;md;1423814735366;3G;HSDPA;1;250;1;660;6892889;-1;-79
;ServiceLog;md;1423814736381;3G;HSDPA;1;250;1;660;6892889;-1;-79
;ServiceLog;md;1423814737421;3G;HSDPA;1;250;1;660;6892889;-1;-79
;ServiceLog;md;1423814738466;3G;HSDPA;1;250;1;660;6892889;-1;-79
;ServiceLog;md;1423814739481;3G;HSDPA;1;250;1;660;6892889;-1;-79
;ServiceLog;md;1423814740495;3G;HSDPA;1;250;1;660;6892889;-1;-79
;ServiceLog;md;1423814741509;3G;HSDPA;1;250;1;660;6892889;-1;-79
;ServiceLog;md;1423814742522;3G;UMTS;1;250;1;660;6892889;-1;-79
;ServiceLog;md;1423814743540;3G;UMTS;1;250;1;660;6892889;-1;-79
;ServiceLog;md;1423814744557;3G;UMTS;1;250;1;660;6944758;-1;-79
;ServiceLog;md;1423814745629;3G;UMTS;1;250;1;660;6944758;-1;-79
;ServiceLog;md;1423814746686;3G;UMTS;1;250;1;660;6944758;-1;-79
;ServiceLog;md;1423814747726;3G;UMTS;1;250;1;660;6944758;-1;-79
;ServiceLog;md;1423814748780;3G;UMTS;1;250;1;660;6944758;-1;-79
;ServiceLog;md;1423814749813;3G;UMTS;1;250;1;660;6944758;-1;-79
;ServiceLog;md;1423814750827;3G;UMTS;1;250;1;660;6944758;-1;-79
;ServiceLog;md;1423814751844;3G;UMTS;1;250;1;660;6944758;-1;-79
;ServiceLog;md;1423814752861;3G;UMTS;1;250;1;660;6944758;-1;-81
;ServiceLog;md;1423814753896;3G;UMTS;1;250;1;660;6944758;-1;-81
;ServiceLog;md;1423814754924;3G;UMTS;1;250;1;660;6944758;-1;-81
;ServiceLog;md;1423814755939;3G;UMTS;1;250;1;660;6944758;-1;-81
;ServiceLog;md;1423814756987;3G;UMTS;1;250;1;660;6944758;-1;-81
;ServiceLog;md;1423814758129;3G;UMTS;1;250;1;660;6944758;-1;-81
;ServiceLog;md;1423814759145;3G;UMTS;1;250;1;660;6944758;-1;-83
;ServiceLog;md;1423814760159;3G;UMTS;1;250;1;660;6944758;-1;-83
;ServiceLog;md;1423814761865;3G;UMTS;1;250;1;660;6944758;-1;-83
;ServiceLog;md;1423814762909;3G;UMTS;1;250;1;660;6944758;-1;-83
;ServiceLog;md;1423814763930;3G;UMTS;1;250;1;660;6944758;-1;-83
;ServiceLog;md;1423814764946;3G;UMTS;1;250;1;660;6944758;-1;-85
;ServiceLog;md;1423814765979;3G;UMTS;1;250;1;660;6944758;-1;-85
;ServiceLog;md;1423814766995;3G;UMTS;1;250;1;660;6944758;-1;-85
;ServiceLog;md;1423814768037;3G;UMTS;1;250;1;660;6944758;-1;-85
;ServiceLog;md;1423814769054;3G;UMTS;1;250;1;660;6944758;-1;-85
;ServiceLog;md;1423814770067;3G;UMTS;1;250;1;660;6944758;-1;-85
;ServiceLog;md;1423814771094;3G;UMTS;1;250;1;660;6944758;-1;-85
;ServiceLog;md;1423814772203;3G;UMTS;1;250;1;660;6944758;-1;-85
;ServiceLog;md;1423814773217;3G;UMTS;1;250;1;660;6944758;-1;-85
;ServiceLog;md;1423814774241;3G;UMTS;1;250;1;660;6944758;-1;-85
;ServiceLog;md;1423814775282;3G;UMTS;1;250;1;660;6944758;-1;-85
;ServiceLog;md;1423814776295;3G;UMTS;1;250;1;660;6944758;-1;-85
;ServiceLog;md;1423814777310;3G;UMTS;1;250;1;660;6944758;-1;-85
;ServiceLog;md;1423814778326;3G;UMTS;1;250;1;660;6944758;-1;-85
;ServiceLog;md;1423814779344;3G;UMTS;1;250;1;660;6944758;-1;-85
;ServiceLog;md;1423814780382;3G;UMTS;1;250;1;660;6944758;-1;-87
;ServiceLog;md;1423814781419;3G;UMTS;1;250;1;660;6944758;-1;-73
;ServiceLog;md;1423814782556;2G;EDGE;1;250;1;660;11023;-1;-73
;ServiceLog;md;1423814783597;2G;EDGE;1;250;1;660;11023;-1;-73
;ServiceLog;md;1423814784617;2G;EDGE;1;250;1;660;11023;-1;-79
;ServiceLog;md;1423814785643;2G;EDGE;1;250;1;660;11023;-1;-79
;ServiceLog;md;1423814786668;2G;EDGE;1;250;1;660;11023;-1;-79
;ServiceLog;md;1423814787718;2G;EDGE;1;250;1;660;11023;-1;-81
;ServiceLog;md;1423814788735;2G;EDGE;1;250;1;660;11023;-1;-81
;ServiceLog;md;1423814789766;2G;EDGE;1;250;1;660;11023;-1;-81
;ServiceLog;md;1423814790809;2G;EDGE;1;250;1;660;11023;-1;-81
;ServiceLog;md;1423814791853;2G;EDGE;1;250;1;660;11023;-1;-81
;ServiceLog;md;1423814792893;2G;EDGE;1;250;1;660;11023;-1;-81
;ServiceLog;md;1423814793928;2G;EDGE;1;250;1;660;11023;-1;-83
;ServiceLog;md;1423814794962;2G;EDGE;1;250;1;660;11023;-1;-83
;ServiceLog;md;1423814796102;2G;EDGE;1;250;1;660;11023;-1;-83
;ServiceLog;md;1423814797120;2G;EDGE;1;250;1;660;11023;-1;-83
;ServiceLog;md;1423814798177;2G;EDGE;1;250;1;660;11023;-1;-83
;ServiceLog;md;1423814799212;2G;EDGE;1;250;1;660;11023;-1;-83
;ServiceLog;md;1423814800227;2G;EDGE;1;250;1;660;11023;-1;-83
;ServiceLog;md;1423814801243;2G;EDGE;1;250;1;660;11023;-1;-83
;ServiceLog;md;1423814802255;2G;EDGE;1;250;1;660;11023;-1;-83
;ServiceLog;md;1423814803289;2G;EDGE;1;250;1;660;11023;-1;-79
;ServiceLog;md;1423814804320;2G;EDGE;1;250;1;660;11023;-1;-79
;ServiceLog;md;1423814805353;2G;EDGE;1;250;1;660;11023;-1;-79
;ServiceLog;md;1423814806420;3G;UMTS;1;250;1;660;6944758;-1;-75
;ServiceLog;md;1423814807451;3G;UMTS;1;250;1;660;6944758;-1;-75
;ServiceLog;md;1423814808467;3G;UMTS;1;250;1;660;6944758;-1;-75
;ServiceLog;md;1423814809520;3G;UMTS;1;250;1;660;6944758;-1;-75
;ServiceLog;md;1423814810553;3G;UMTS;1;250;1;660;6944758;-1;-75
;ServiceLog;md;1423814811604;3G;UMTS;1;250;1;660;6892889;-1;-77
;ServiceLog;md;1423814812655;3G;UMTS;1;250;1;660;6892889;-1;-77
;ServiceLog;md;1423814813705;3G;UMTS;1;250;1;660;6892889;-1;-77
;ServiceLog;md;1423814814747;3G;UMTS;1;250;1;660;6892889;-1;-77
;ServiceLog;md;1423814815821;3G;UMTS;1;250;1;660;6892889;-1;-77
;ServiceLog;md;1423814816844;3G;UMTS;1;250;1;660;6892889;-1;-77
;ServiceLog;md;1423814817862;3G;UMTS;1;250;1;660;6892889;-1;-77
;ServiceLog;md;1423814818898;3G;UMTS;1;250;1;660;6892889;-1;-77
;ServiceLog;md;1423814819945;3G;UMTS;1;250;1;660;6892889;-1;-77
;ServiceLog;md;1423814821002;3G;UMTS;1;250;1;660;6892889;-1;-77
;ServiceLog;md;1423814822045;3G;UMTS;1;250;1;660;6892889;-1;-77
;ServiceLog;md;1423814823066;3G;UMTS;1;250;1;660;6892889;-1;-77
;ServiceLog;md;1423814824118;3G;UMTS;1;250;1;660;6892889;-1;-77
;ServiceLog;md;1423814825195;3G;UMTS;1;250;1;660;6892889;-1;-77
;ServiceLog;md;1423814826252;3G;UMTS;1;250;1;660;6892889;-1;-77
;ServiceLog;md;1423814827302;3G;UMTS;1;250;1;660;6892889;-1;-77
;ServiceLog;md;1423814828354;3G;UMTS;1;250;1;660;6892889;-1;-77
;ServiceLog;md;1423814829409;3G;UMTS;1;250;1;660;6892889;-1;-77
;ServiceLog;md;1423814830455;3G;UMTS;1;250;1;660;6892889;-1;-77
;ServiceLog;md;1423814831508;3G;UMTS;1;250;1;660;6892889;-1;-77
;ServiceLog;md;1423814832560;3G;UMTS;1;250;1;660;6892889;-1;-77
;ServiceLog;md;1423814833595;3G;UMTS;1;250;1;660;6892889;-1;-77
;ServiceLog;md;1423814834644;3G;UMTS;1;250;1;660;6892889;-1;-77
;ServiceLog;md;1423814835701;3G;UMTS;1;250;1;660;6892889;-1;-77
;ServiceLog;md;1423814836750;3G;UMTS;1;250;1;660;6892889;-1;-77
;ServiceLog;md;1423814837796;3G;UMTS;1;250;1;660;6892889;-1;-77
;ServiceLog;md;1423814838850;3G;UMTS;1;250;1;660;6892889;-1;-77
;ServiceLog;md;1423814839898;3G;UMTS;1;250;1;660;6892889;-1;-77
;ServiceLog;md;1423814840958;3G;UMTS;1;250;1;660;6892889;-1;-77
;ServiceLog;md;1423814842031;3G;UMTS;1;250;1;660;6892889;-1;-77
;ServiceLog;md;1423814843049;3G;UMTS;1;250;1;660;6892889;-1;-77
;ServiceLog;md;1423814844106;3G;UMTS;1;250;1;660;6892889;-1;-77
;ServiceLog;md;1423814845147;3G;UMTS;1;250;1;660;6892889;-1;-77
;ServiceLog;md;1423814846206;3G;UMTS;1;250;1;660;6892889;-1;-77
;ServiceLog;md;1423814847258;3G;UMTS;1;250;1;660;6892889;-1;-77
;ServiceLog;md;1423814848276;3G;UMTS;1;250;1;660;6892889;-1;-77
;ServiceLog;md;1423814849297;3G;UMTS;1;250;1;660;6892889;-1;-77
;ServiceLog;md;1423814850345;3G;UMTS;1;250;1;660;6892889;-1;-77
;ServiceLog;md;1423814851404;3G;UMTS;1;250;1;660;6892889;-1;-77
;ServiceLog;md;1423814852459;3G;UMTS;1;250;1;660;6892889;-1;-77
;ServiceLog;md;1423814853518;3G;UMTS;1;250;1;660;6892889;-1;-77
;ServiceLog;md;1423814854542;3G;UMTS;1;250;1;660;6892889;-1;-77
;ServiceLog;md;1423814855593;3G;UMTS;1;250;1;660;6892889;-1;-77
;ServiceLog;md;1423814856636;3G;UMTS;1;250;1;660;6892889;-1;-77
;ServiceLog;md;1423814857683;3G;UMTS;1;250;1;660;6892889;-1;-77
;ServiceLog;md;1423814858740;3G;UMTS;1;250;1;660;6892889;-1;-77
;ServiceLog;md;1423814859758;3G;UMTS;1;250;1;660;6892889;-1;-77
;ServiceLog;md;1423814860810;3G;UMTS;1;250;1;660;6892889;-1;-77
;ServiceLog;md;1423814861867;3G;UMTS;1;250;1;660;6892889;-1;-77
;ServiceLog;md;1423814862913;3G;UMTS;1;250;1;660;6892889;-1;-77
;ServiceLog;md;1423814863964;3G;UMTS;1;250;1;660;6892889;-1;-77
;ServiceLog;md;1423814864980;3G;UMTS;1;250;1;660;6892889;-1;-77
;ServiceLog;md;1423814865996;3G;UMTS;1;250;1;660;6892889;-1;-77
;ServiceLog;md;1423814867012;3G;UMTS;1;250;1;660;6892889;-1;-77
;ServiceLog;md;1423814868072;3G;UMTS;1;250;1;660;6892889;-1;-77
;ServiceLog;md;1423814869117;3G;UMTS;1;250;1;660;6892889;-1;-77
;ServiceLog;md;1423814870169;3G;UMTS;1;250;1;660;6892889;-1;-77
;ServiceLog;md;1423814871214;3G;UMTS;1;250;1;660;6892889;-1;-85
;ServiceLog;md;1423814872232;3G;UMTS;1;250;1;660;6892889;-1;-87
;ServiceLog;md;1423814873294;3G;UMTS;1;250;1;660;6892889;-1;-87
;ServiceLog;md;1423814874308;3G;UMTS;1;250;1;660;6892889;-1;-87
;ServiceLog;md;1423814875323;3G;UMTS;1;250;1;660;6892889;-1;-87
;ServiceLog;md;1423814876340;3G;UMTS;1;250;1;660;6892889;-1;-87
;ServiceLog;md;1423814877361;3G;UMTS;1;250;1;660;6892889;-1;-89
;ServiceLog;md;1423814878379;3G;UMTS;1;250;1;660;6892889;-1;-89
;ServiceLog;md;1423814879394;3G;UMTS;1;250;1;660;6892889;-1;-89
;ServiceLog;md;1423814880407;3G;UMTS;1;250;1;660;6892889;-1;-89
;ServiceLog;md;1423814881423;3G;UMTS;1;250;1;660;6892889;-1;-89
;ServiceLog;md;1423814882438;3G;UMTS;1;250;1;660;6892889;-1;-89
;ServiceLog;md;1423814883456;3G;UMTS;1;250;1;660;6892889;-1;-91
;ServiceLog;md;1423814884469;3G;UMTS;1;250;1;660;6892888;-1;-91
;ServiceLog;md;1423814885485;3G;UMTS;1;250;1;660;6892888;-1;-91
;ServiceLog;md;1423814886536;3G;UMTS;1;250;1;660;6892888;-1;-91
;ServiceLog;md;1423814887687;3G;UMTS;1;250;1;660;6892888;-1;-91
;ServiceLog;md;1423814888705;3G;UMTS;1;250;1;660;6892888;-1;-91
;ServiceLog;md;1423814889762;3G;UMTS;1;250;1;660;6892888;-1;-91
;ServiceLog;md;1423814890806;3G;UMTS;1;250;1;660;6892888;-1;-91
;ServiceLog;md;1423814891856;3G;UMTS;1;250;1;660;6892888;-1;-91
;ServiceLog;md;1423814892911;3G;UMTS;1;250;1;660;6892888;-1;-93
;ServiceLog;md;1423814893963;3G;UMTS;1;250;1;660;6892888;-1;-93
;ServiceLog;md;1423814895005;3G;UMTS;1;250;1;660;6892888;-1;-93
;ServiceLog;md;1423814896019;3G;UMTS;1;250;1;660;6892888;-1;-93
;ServiceLog;md;1423814897064;3G;UMTS;1;250;1;660;6892888;-1;-93
;ServiceLog;md;1423814898120;3G;UMTS;1;250;1;660;6892888;-1;-93
;ServiceLog;md;1423814899170;3G;UMTS;1;250;1;660;6892888;-1;-91
;ServiceLog;md;1423814900185;3G;UMTS;1;250;1;660;6892888;-1;-91
;ServiceLog;md;1423814901228;3G;UMTS;1;250;1;660;6892888;-1;-91
;ServiceLog;md;1423814902343;3G;UMTS;1;250;1;660;6892888;-1;-91
;ServiceLog;md;1423814903358;3G;UMTS;1;250;1;660;6892888;-1;-91
;ServiceLog;md;1423814904372;3G;UMTS;1;250;1;660;6892888;-1;-91
;ServiceLog;md;1423814905401;3G;UMTS;1;250;1;660;6892888;-1;-91
;ServiceLog;md;1423814906449;3G;UMTS;1;250;1;660;6892888;-1;-91
;ServiceLog;md;1423814907501;3G;UMTS;1;250;1;660;6892888;-1;-91
;ServiceLog;md;1423814908555;3G;UMTS;1;250;1;660;6892888;-1;-91
;ServiceLog;md;1423814909606;3G;UMTS;1;250;1;660;6892888;-1;-91
;ServiceLog;md;1423814910666;3G;UMTS;1;250;1;660;6892888;-1;-87
;ServiceLog;md;1423814911726;3G;UMTS;1;250;1;660;6892888;-1;-87
;ServiceLog;md;1423814912779;3G;UMTS;1;250;1;660;6892888;-1;-87
;ServiceLog;md;1423814913834;3G;UMTS;1;250;1;660;6892888;-1;-83
;ServiceLog;md;1423814914873;3G;UMTS;1;250;1;660;6892888;-1;-83
;ServiceLog;md;1423814915894;3G;UMTS;1;250;1;660;6892888;-1;-83
;ServiceLog;md;1423814916960;3G;UMTS;1;250;1;660;6892888;-1;-83
;ServiceLog;md;1423814918010;3G;UMTS;1;250;1;660;6892888;-1;-83
;ServiceLog;md;1423814919060;3G;UMTS;1;250;1;660;6892888;-1;-83
;ServiceLog;md;1423814920110;3G;UMTS;1;250;1;660;6892888;-1;-83
;ServiceLog;md;1423814921162;3G;UMTS;1;250;1;660;6892888;-1;-83
;ServiceLog;md;1423814922177;3G;UMTS;1;250;1;660;6892888;-1;-83
;ServiceLog;md;1423814923217;3G;UMTS;1;250;1;660;6892888;-1;-83
;ServiceLog;md;1423814924271;3G;UMTS;1;250;1;660;6892888;-1;-83
;ServiceLog;md;1423814925323;3G;UMTS;1;250;1;660;6892888;-1;-83
;ServiceLog;md;1423814926357;3G;UMTS;1;250;1;660;6892888;-1;-83
;ServiceLog;md;1423814927373;3G;UMTS;1;250;1;660;6892888;-1;-83
;ServiceLog;md;1423814928437;3G;UMTS;1;250;1;660;6892888;-1;-85
;ServiceLog;md;1423814929494;3G;UMTS;1;250;1;660;6892888;-1;-85
;ServiceLog;md;1423814930513;3G;UMTS;1;250;1;660;6892888;-1;-85
;ServiceLog;md;1423814931559;3G;UMTS;1;250;1;660;6892888;-1;-85
;ServiceLog;md;1423814932576;3G;UMTS;1;250;1;660;6892888;-1;-85
;ServiceLog;md;1423814933630;3G;UMTS;1;250;1;660;6892888;-1;-85
;ServiceLog;md;1423814934667;3G;UMTS;1;250;1;660;6892888;-1;-87
;ServiceLog;md;1423814935684;3G;UMTS;1;250;1;660;6892888;-1;-87
;ServiceLog;md;1423814936697;3G;UMTS;1;250;1;660;6892888;-1;-87
;ServiceLog;md;1423814937711;3G;UMTS;1;250;1;660;6892888;-1;-87
;ServiceLog;md;1423814938727;3G;UMTS;1;250;1;660;6892888;-1;-87
;ServiceLog;md;1423814939786;3G;UMTS;1;250;1;660;6892888;-1;-87
;ServiceLog;md;1423814940842;3G;UMTS;1;250;1;660;6892888;-1;-89
;ServiceLog;md;1423814941856;3G;UMTS;1;250;1;660;6892888;-1;-89
;ServiceLog;md;1423814942872;3G;UMTS;1;250;1;660;6892888;-1;-89
;ServiceLog;md;1423814943917;3G;UMTS;1;250;1;660;6892888;-1;-89
;ServiceLog;md;1423814944952;3G;UMTS;1;250;1;660;6892888;-1;-89
;ServiceLog;md;1423814946019;3G;UMTS;1;250;1;660;6926931;-1;-89
;ServiceLog;md;1423814947055;3G;UMTS;1;250;1;660;6926931;-1;-89
;ServiceLog;md;1423814948079;3G;UMTS;1;250;1;660;6926931;-1;-89
;ServiceLog;md;1423814949133;3G;UMTS;1;250;1;660;6926931;-1;-89
;ServiceLog;md;1423814950157;3G;UMTS;1;250;1;660;6926931;-1;-85
;ServiceLog;md;1423814951212;3G;UMTS;1;250;1;660;6926931;-1;-85
;ServiceLog;md;1423814952265;3G;UMTS;1;250;1;660;6926931;-1;-85
;ServiceLog;md;1423814953282;3G;UMTS;1;250;1;660;6926931;-1;-85
;ServiceLog;md;1423814954341;3G;UMTS;1;250;1;660;6926931;-1;-85
;ServiceLog;md;1423814955399;3G;UMTS;1;250;1;660;6926931;-1;-85
;ServiceLog;md;1423814956437;3G;UMTS;1;250;1;660;6926931;-1;-85
;ServiceLog;md;1423814957489;3G;UMTS;1;250;1;660;6926931;-1;-85
;ServiceLog;md;1423814958505;3G;UMTS;1;250;1;660;6926931;-1;-85
;ServiceLog;md;1423814959570;3G;UMTS;1;250;1;660;6926931;-1;-85
;ServiceLog;md;1423814960619;3G;UMTS;1;250;1;660;6926931;-1;-85
;ServiceLog;md;1423814961666;3G;UMTS;1;250;1;660;6926931;-1;-79
;ServiceLog;md;1423814962680;3G;UMTS;1;250;1;660;6926931;-1;-79
;ServiceLog;md;1423814963697;3G;UMTS;1;250;1;660;6926931;-1;-79
;ServiceLog;md;1423814964718;3G;UMTS;1;250;1;660;6892888;-1;-79
;ServiceLog;md;1423814965774;3G;UMTS;1;250;1;660;6892888;-1;-79
;ServiceLog;md;1423814966836;3G;UMTS;1;250;1;660;6892888;-1;-79
;ServiceLog;md;1423814967891;3G;UMTS;1;250;1;660;6892888;-1;-81
;ServiceLog;md;1423814968945;3G;UMTS;1;250;1;660;6892888;-1;-81
;ServiceLog;md;1423814969989;3G;UMTS;1;250;1;660;6892888;-1;-81
;ServiceLog;md;1423814971007;3G;UMTS;1;250;1;660;6892888;-1;-83
;ServiceLog;md;1423814972073;3G;UMTS;1;250;1;660;6892888;-1;-83
;ServiceLog;md;1423814973095;3G;UMTS;1;250;1;660;6892888;-1;-83
;ServiceLog;md;1423814974112;3G;UMTS;1;250;1;660;6892888;-1;-85
;ServiceLog;md;1423814975156;3G;UMTS;1;250;1;660;6892888;-1;-85
;ServiceLog;md;1423814976211;3G;UMTS;1;250;1;660;6892888;-1;-85
;ServiceLog;md;1423814977261;3G;UMTS;1;250;1;660;6892888;-1;-85
;ServiceLog;md;1423814978310;3G;UMTS;1;250;1;660;6892888;-1;-85
;ServiceLog;md;1423814979328;3G;UMTS;1;250;1;660;6892888;-1;-85
;ServiceLog;md;1423814980379;3G;UMTS;1;250;1;660;6892888;-1;-87
;ServiceLog;md;1423814981400;3G;UMTS;1;250;1;660;6892888;-1;-87
;ServiceLog;md;1423814982478;3G;UMTS;1;250;1;660;6892888;-1;-85
;ServiceLog;md;1423814983494;3G;UMTS;1;250;1;660;6892888;-1;-85
;ServiceLog;md;1423814984523;3G;UMTS;1;250;1;660;6892888;-1;-85
;ServiceLog;md;1423814985580;3G;UMTS;1;250;1;660;6892888;-1;-83
;ServiceLog;md;1423814986605;3G;UMTS;1;250;1;660;6892888;-1;-83
;ServiceLog;md;1423814987621;3G;UMTS;1;250;1;660;6892888;-1;-83
;ServiceLog;md;1423814988640;3G;UMTS;1;250;1;660;6892888;-1;-87
;ServiceLog;md;1423814989663;3G;UMTS;1;250;1;660;6892888;-1;-87
;ServiceLog;md;1423814990746;3G;UMTS;1;250;1;660;6892888;-1;-87
;ServiceLog;md;1423814991801;3G;UMTS;1;250;1;660;6892888;-1;-87
;ServiceLog;md;1423814992866;3G;UMTS;1;250;1;660;6892888;-1;-87
;ServiceLog;md;1423814993922;3G;UMTS;1;250;1;660;6892888;-1;-87
;ServiceLog;md;1423814994949;3G;UMTS;1;250;1;660;6892888;-1;-89
;ServiceLog;md;1423814995999;3G;UMTS;1;250;1;660;6892888;-1;-89
;ServiceLog;md;1423814997061;3G;UMTS;1;250;1;660;6892888;-1;-89
;ServiceLog;md;1423814998092;3G;UMTS;1;250;1;660;6892888;-1;-89
;ServiceLog;md;1423814999131;3G;UMTS;1;250;1;660;6892888;-1;-89
;ServiceLog;md;1423815000204;3G;UMTS;1;250;1;660;6892888;-1;-89
;ServiceLog;md;1423815001602;3G;UMTS;1;250;1;660;6892888;-1;-89
;ServiceLog;md;1423815002626;3G;UMTS;1;250;1;660;6892888;-1;-89
;ServiceLog;md;1423815003671;3G;UMTS;1;250;1;660;6892888;-1;-89
;ServiceLog;md;1423815004689;3G;UMTS;1;250;1;660;6892888;-1;-89
;ServiceLog;md;1423815005731;3G;UMTS;1;250;1;660;6892888;-1;-89
;ServiceLog;md;1423815006751;3G;UMTS;1;250;1;660;6892888;-1;-89
;ServiceLog;md;1423815007805;3G;UMTS;1;250;1;660;6892888;-1;-89
;ServiceLog;md;1423815008854;3G;UMTS;1;250;1;660;6892888;-1;-89
;ServiceLog;md;1423815009905;3G;UMTS;1;250;1;660;6892888;-1;-89
;ServiceLog;md;1423815010936;3G;UMTS;1;250;1;660;6892888;-1;-89
;ServiceLog;md;1423815011991;3G;UMTS;1;250;1;660;6892888;-1;-89
;ServiceLog;md;1423815013031;3G;UMTS;1;250;1;660;6892888;-1;-89
;ServiceLog;md;1423815014071;3G;UMTS;1;250;1;660;6892888;-1;-89
;ServiceLog;md;1423815015126;3G;UMTS;1;250;1;660;6892888;-1;-89
;ServiceLog;md;1423815016175;3G;UMTS;1;250;1;660;6892888;-1;-89
;ServiceLog;md;1423815017218;3G;UMTS;1;250;1;660;6892888;-1;-89
;ServiceLog;md;1423815018266;3G;UMTS;1;250;1;660;6892888;-1;-89
;ServiceLog;md;1423815019300;3G;UMTS;1;250;1;660;6892888;-1;-89
;ServiceLog;md;1423815020351;3G;UMTS;1;250;1;660;6892888;-1;-89
;ServiceLog;md;1423815021403;3G;UMTS;1;250;1;660;6892888;-1;-89
;ServiceLog;md;1423815022419;3G;UMTS;1;250;1;660;6892888;-1;-89
;ServiceLog;md;1423815023440;3G;UMTS;1;250;1;660;6892888;-1;-89
;ServiceLog;md;1423815024491;3G;UMTS;1;250;1;660;6892888;-1;-89
;ServiceLog;md;1423815025538;3G;UMTS;1;250;1;660;6892888;-1;-89
;ServiceLog;md;1423815026556;3G;UMTS;1;250;1;660;6892888;-1;-89
;ServiceLog;md;1423815027604;3G;UMTS;1;250;1;660;6892888;-1;-89
;ServiceLog;md;1423815028651;3G;UMTS;1;250;1;660;6892888;-1;-89
;ServiceLog;md;1423815029708;3G;UMTS;1;250;1;660;6892888;-1;-89
;ServiceLog;md;1423815030744;3G;UMTS;1;250;1;660;6892888;-1;-89
;ServiceLog;md;1423815031763;3G;UMTS;1;250;1;660;6892888;-1;-89
;ServiceLog;md;1423815032815;3G;UMTS;1;250;1;660;6892888;-1;-89
;ServiceLog;md;1423815033864;3G;UMTS;1;250;1;660;6892888;-1;-89
;ServiceLog;md;1423815034911;3G;UMTS;1;250;1;660;6892888;-1;-89
;ServiceLog;md;1423815035963;3G;UMTS;1;250;1;660;6892888;-1;-89
;ServiceLog;md;1423815036981;3G;UMTS;1;250;1;660;6892888;-1;-89
;ServiceLog;md;1423815038039;3G;UMTS;1;250;1;660;6892888;-1;-89
;ServiceLog;md;1423815039092;3G;UMTS;1;250;1;660;6892888;-1;-89
;ServiceLog;md;1423815040155;3G;UMTS;1;250;1;660;6892888;-1;-89
;ServiceLog;md;1423815041215;3G;UMTS;1;250;1;660;6892888;-1;-89
;ServiceLog;md;1423815042236;3G;UMTS;1;250;1;660;6892888;-1;-89
;ServiceLog;md;1423815043294;3G;UMTS;1;250;1;660;6892888;-1;-89
;ServiceLog;md;1423815044352;3G;UMTS;1;250;1;660;6892888;-1;-89
;ServiceLog;md;1423815045377;3G;UMTS;1;250;1;660;6892888;-1;-89
;ServiceLog;md;1423815046422;3G;UMTS;1;250;1;660;6892888;-1;-89
;ServiceLog;md;1423815047441;3G;UMTS;1;250;1;660;6892888;-1;-89
;ServiceLog;md;1423815048490;3G;UMTS;1;250;1;660;6892888;-1;-89
;ServiceLog;md;1423815049543;3G;UMTS;1;250;1;660;6892888;-1;-89
;ServiceLog;md;1423815050588;3G;UMTS;1;250;1;660;6913616;-1;-85
;ServiceLog;md;1423815051616;3G;UMTS;1;250;1;660;6913616;-1;-87
;ServiceLog;md;1423815052690;3G;UMTS;1;250;1;660;6913616;-1;-87
;ServiceLog;md;1423815053716;3G;UMTS;1;250;1;660;6913616;-1;-87
;ServiceLog;md;1423815054734;3G;UMTS;1;250;1;660;6913616;-1;-87
;ServiceLog;md;1423815055762;3G;UMTS;1;250;1;660;6913616;-1;-87
;ServiceLog;md;1423815056791;3G;UMTS;1;250;1;660;6913616;-1;-87
;ServiceLog;md;1423815057805;3G;UMTS;1;250;1;660;6913616;-1;-87
;ServiceLog;md;1423815058820;3G;UMTS;1;250;1;660;6913616;-1;-87
;ServiceLog;md;1423815059833;3G;UMTS;1;250;1;660;6913616;-1;-87
;ServiceLog;md;1423815060847;3G;UMTS;1;250;1;660;6913616;-1;-89
;ServiceLog;md;1423815061867;3G;UMTS;1;250;1;660;6913616;-1;-89
;ServiceLog;md;1423815062901;3G;UMTS;1;250;1;660;6913616;-1;-89
;ServiceLog;md;1423815063943;3G;UMTS;1;250;1;660;6913616;-1;-89
;ServiceLog;md;1423815065005;3G;UMTS;1;250;1;660;6913616;-1;-89
;ServiceLog;md;1423815066383;3G;UMTS;1;250;1;660;6913616;-1;-89
;ServiceLog;md;1423815067427;3G;UMTS;1;250;1;660;6913616;-1;-89
;ServiceLog;md;1423815068448;3G;UMTS;1;250;1;660;6913616;-1;-89
;ServiceLog;md;1423815069496;3G;UMTS;1;250;1;660;6913616;-1;-85
;ServiceLog;md;1423815070523;3G;UMTS;1;250;1;660;6913616;-1;-85
;ServiceLog;md;1423815071538;3G;UMTS;1;250;1;660;6913616;-1;-85
;ServiceLog;md;1423815072584;3G;UMTS;1;250;1;660;6913616;-1;-81
;ServiceLog;md;1423815073604;3G;UMTS;1;250;1;660;6913616;-1;-81
