ID;Name;User;TimeStamp;NetworkGen;NetworkType;Active;MCC;MNC;LAC;CID;PSC;Power
103;Centrum 3;alexkar;1436348969259;unknown;unknown;1;260;3;58020;42034162;181;-81
111;Politechnika 1;alexkar;1436348995014;unknown;unknown;1;260;3;58020;42034162;181;-75
91;Świętokrzyska (L1) 1;alexkar;1436349028593;unknown;unknown;1;260;3;58020;7983;0;-53
92;Świętokrzyska (L1) 2;alexkar;1436349039843;unknown;unknown;1;260;3;58020;42058781;275;-75
241;Świętokrzyska (L2) 1;alexkar;1436349237476;unknown;unknown;1;260;3;58120;42011511;55;-53
242;Świętokrzyska (L2) 2;alexkar;1436349264098;unknown;unknown;1;260;3;58120;42011511;55;-53
