ID;Name;User;TimeStamp;DateTime;Type;Accel_X;Accel_Y;Accel_Z;Azimuth;Pitch;Roll;Magnetic_X;Magnetic_Y;Magnetic_Z;Gyro_X;Gyro_Y;Gyro_Z;GPS_Lat;GPS_Lon;GPS_Alt;GPS_Accuracy;GPS_Speed;GPS_Bearing;Audio
493;Гостиный двор 3;natalie;1445544707038;22.10.2015 23:11:47;Raw;-1.369;5.382;5.87;285.35938;-34.875;6.75;30.18;6.9;-3.36;NaN;NaN;NaN;NaN;NaN;NaN;NaN;NaN;NaN;80
494;Гостиный двор 4;natalie;1445544761348;22.10.2015 23:12:41;Raw;-1.245;4.74;8.485;266.9375;-29.78125;6.359375;37.62;0.96;7.98;NaN;NaN;NaN;NaN;NaN;NaN;NaN;NaN;NaN;85
521;Приморская 1;natalie;1445545072529;22.10.2015 23:17:52;Raw;-1.513;4.654;9.366;242.21875;-28.265625;9.46875;11.52;6.48;27.3;NaN;NaN;NaN;NaN;NaN;NaN;NaN;NaN;NaN;86
522;Приморская 2;natalie;1445545086159;22.10.2015 23:18:06;Raw;1.312;3.102;8.293;223.46875;-19.71875;0.34375;13.26;-4.44;22.98;NaN;NaN;NaN;NaN;NaN;NaN;NaN;NaN;NaN;89
