ID;Name;User;TimeStamp;DateTime;Type;Accel_X;Accel_Y;Accel_Z;Azimuth;Pitch;Roll;Magnetic_X;Magnetic_Y;Magnetic_Z;Gyro_X;Gyro_Y;Gyro_Z;GPS_Lat;GPS_Lon;GPS_Alt;GPS_Accuracy;GPS_Speed;GPS_Bearing;Audio
;ServiceLog;natalie;1445544600282;22.10.2015 23:10:00;Raw;NaN;NaN;NaN;NaN;NaN;NaN;NaN;NaN;NaN;NaN;NaN;NaN;NaN;NaN;NaN;NaN;NaN;NaN;90
;ServiceLog;natalie;1445544601359;22.10.2015 23:10:01;Raw;-0.593;2.308;9.136;315.85938;-13.328125;6.03125;38.16;-7.92;-145.56;NaN;NaN;NaN;NaN;NaN;NaN;NaN;NaN;NaN;78
;ServiceLog;natalie;1445544602385;22.10.2015 23:10:02;Raw;-0.191;1.905;9.567;306.9375;-11.546875;0.78125;34.38;-7.2;-145.26;NaN;NaN;NaN;NaN;NaN;NaN;NaN;NaN;NaN;80
;ServiceLog;natalie;1445544603406;22.10.2015 23:10:03;Raw;-0.114;2.02;9.452;306.67188;-12.78125;0.984375;34.56;-6.96;-144.84;NaN;NaN;NaN;NaN;NaN;NaN;NaN;NaN;NaN;78
;ServiceLog;natalie;1445544604430;22.10.2015 23:10:04;Raw;-0.335;2.566;9.356;313.84375;-15.171875;2.15625;35.34;-6.24;-144.84;NaN;NaN;NaN;NaN;NaN;NaN;NaN;NaN;NaN;78
;ServiceLog;natalie;1445544605452;22.10.2015 23:10:05;Raw;-1.197;2.375;9.72;313.70313;-13.375;4.140625;36.36;-5.52;-144.6;NaN;NaN;NaN;NaN;NaN;NaN;NaN;NaN;NaN;77
;ServiceLog;natalie;1445544606471;22.10.2015 23:10:06;Raw;0.201;1.407;9.567;292.29688;-9.390625;-2.34375;38.1;-6.06;-144.9;NaN;NaN;NaN;NaN;NaN;NaN;NaN;NaN;NaN;77
;ServiceLog;natalie;1445544607497;22.10.2015 23:10:07;Raw;-0.201;1.331;9.835;288.5;-7.515625;-0.875;36.36;-4.74;-145.8;NaN;NaN;NaN;NaN;NaN;NaN;NaN;NaN;NaN;74
;ServiceLog;natalie;1445544608521;22.10.2015 23:10:08;Raw;-0.737;1.676;9.653;303.53125;-9.078125;1.734375;37.98;-5.04;-146.28;NaN;NaN;NaN;NaN;NaN;NaN;NaN;NaN;NaN;75
;ServiceLog;natalie;1445544609542;22.10.2015 23:10:09;Raw;-2.758;1.331;9.308;354.04688;-8.390625;14.421875;43.68;-4.32;-144.3;NaN;NaN;NaN;NaN;NaN;NaN;NaN;NaN;NaN;80
;ServiceLog;natalie;1445544610566;22.10.2015 23:10:10;Raw;-1.273;1.513;9.376;314.71875;-10.65625;9.921875;44.7;-4.56;-143.58;NaN;NaN;NaN;NaN;NaN;NaN;NaN;NaN;NaN;76
;ServiceLog;natalie;1445544611593;22.10.2015 23:10:11;Raw;-1.101;1.848;9.347;305.45313;-9.046875;5.046875;41.16;-4.56;-145.5;NaN;NaN;NaN;NaN;NaN;NaN;NaN;NaN;NaN;75
;ServiceLog;natalie;1445544612620;22.10.2015 23:10:12;Raw;-0.833;1.426;9.653;304.85938;-8.796875;5.0625;40.14;-4.38;-145.56;NaN;NaN;NaN;NaN;NaN;NaN;NaN;NaN;NaN;80
;ServiceLog;natalie;1445544613646;22.10.2015 23:10:13;Raw;-1.321;0.143;10.333;333.14063;-9.25;9.328125;42.48;-4.86;-144.78;NaN;NaN;NaN;NaN;NaN;NaN;NaN;NaN;NaN;80
;ServiceLog;natalie;1445544614669;22.10.2015 23:10:14;Raw;-3.39;1.302;9.136;33.921875;-12.46875;26.25;50.34;-0.24;-141.36;NaN;NaN;NaN;NaN;NaN;NaN;NaN;NaN;NaN;78
;ServiceLog;natalie;1445544615694;22.10.2015 23:10:15;Raw;-5.277;2.968;7.747;47.890625;-11.609375;33.921875;58.8;-0.96;-136.5;NaN;NaN;NaN;NaN;NaN;NaN;NaN;NaN;NaN;74
;ServiceLog;natalie;1445544616716;22.10.2015 23:10:16;Raw;-4.778;2.499;8.734;22.140625;-16.25;34.015625;66.9;-6.66;-134.46;NaN;NaN;NaN;NaN;NaN;NaN;NaN;NaN;NaN;90
;ServiceLog;natalie;1445544617744;22.10.2015 23:10:17;Raw;-2.853;4.635;9.031;344.46875;-28.375;13.328125;57.9;-13.02;-136.56;NaN;NaN;NaN;NaN;NaN;NaN;NaN;NaN;NaN;74
;ServiceLog;natalie;1445544618766;22.10.2015 23:10:18;Raw;-2.815;4.443;7.489;358.90625;-27.921875;20.125;50.34;-22.32;-143.4;NaN;NaN;NaN;NaN;NaN;NaN;NaN;NaN;NaN;74
;ServiceLog;natalie;1445544619790;22.10.2015 23:10:19;Raw;-2.595;0.89;6.158;55.9375;-21.625;43.234375;51.84;-13.92;-142.8;NaN;NaN;NaN;NaN;NaN;NaN;NaN;NaN;NaN;76
;ServiceLog;natalie;1445544620812;22.10.2015 23:10:20;Raw;-1.723;2.298;9.72;308.25;-7.015625;9.875;46.14;-7.02;-145.74;NaN;NaN;NaN;NaN;NaN;NaN;NaN;NaN;NaN;78
;ServiceLog;natalie;1445544621839;22.10.2015 23:10:21;Raw;-2.087;0.89;10.295;302.59375;-7.546875;9.921875;38.7;-13.26;-148.26;NaN;NaN;NaN;NaN;NaN;NaN;NaN;NaN;NaN;77
;ServiceLog;natalie;1445544622863;22.10.2015 23:10:22;Raw;0.555;1.359;9.854;290.60938;-11.46875;-6.078125;20.16;1.38;-61.92;NaN;NaN;NaN;NaN;NaN;NaN;NaN;NaN;NaN;81
;ServiceLog;natalie;1445544623889;22.10.2015 23:10:23;Raw;-0.21;2.461;9.155;288.46875;-14.390625;5.265625;26.04;-7.2;-54.66;NaN;NaN;NaN;NaN;NaN;NaN;NaN;NaN;NaN;82
;ServiceLog;natalie;1445544624910;22.10.2015 23:10:24;Raw;-0.43;1.656;9.308;288.53125;-10.0625;0.0;24.42;-0.54;-55.98;NaN;NaN;NaN;NaN;NaN;NaN;NaN;NaN;NaN;75
;ServiceLog;natalie;1445544625937;22.10.2015 23:10:25;Raw;0.392;2.681;8.954;303.07813;-15.4375;-3.109375;19.92;1.56;-59.46;NaN;NaN;NaN;NaN;NaN;NaN;NaN;NaN;NaN;75
;ServiceLog;natalie;1445544626960;22.10.2015 23:10:26;Raw;0.009;3.227;8.265;310.0;-16.484375;1.0;18.84;1.14;-59.52;NaN;NaN;NaN;NaN;NaN;NaN;NaN;NaN;NaN;76
;ServiceLog;natalie;1445544627986;22.10.2015 23:10:27;Raw;-2.011;2.011;9.289;308.78125;-11.3125;11.953125;25.74;-1.14;-55.74;NaN;NaN;NaN;NaN;NaN;NaN;NaN;NaN;NaN;82
;ServiceLog;natalie;1445544629002;22.10.2015 23:10:29;Raw;0.363;2.834;8.916;303.34375;-17.6875;-2.6875;22.56;1.62;-57.96;NaN;NaN;NaN;NaN;NaN;NaN;NaN;NaN;NaN;77
;ServiceLog;natalie;1445544630025;22.10.2015 23:10:30;Raw;-0.191;2.384;9.213;309.375;-14.328125;1.703125;19.5;2.4;-59.76;NaN;NaN;NaN;NaN;NaN;NaN;NaN;NaN;NaN;77
;ServiceLog;natalie;1445544631045;22.10.2015 23:10:31;Raw;0.344;2.719;9.194;309.78125;-16.421875;-2.046875;18.42;1.8;-59.58;NaN;NaN;NaN;NaN;NaN;NaN;NaN;NaN;NaN;77
;ServiceLog;natalie;1445544632078;22.10.2015 23:10:32;Raw;-0.114;4.012;8.964;324.125;-22.625;1.03125;19.2;-2.82;-58.98;NaN;NaN;NaN;NaN;NaN;NaN;NaN;NaN;NaN;78
;ServiceLog;natalie;1445544633107;22.10.2015 23:10:33;Raw;-1.197;4.587;8.657;329.9375;-30.390625;5.71875;18.54;-6.18;-59.76;NaN;NaN;NaN;NaN;NaN;NaN;NaN;NaN;NaN;78
;ServiceLog;natalie;1445544634136;22.10.2015 23:10:34;Raw;-0.852;2.71;9.586;306.98438;-16.421875;5.296875;21.72;-1.86;-57.9;NaN;NaN;NaN;NaN;NaN;NaN;NaN;NaN;NaN;78
;ServiceLog;natalie;1445544635160;22.10.2015 23:10:35;Raw;-2.145;3.399;8.887;328.0;-22.046875;9.671875;23.46;-1.14;-57.18;NaN;NaN;NaN;NaN;NaN;NaN;NaN;NaN;NaN;83
;ServiceLog;natalie;1445544636185;22.10.2015 23:10:36;Raw;1.139;4.137;9.443;318.79688;-24.21875;0.5;23.04;-2.52;-58.26;NaN;NaN;NaN;NaN;NaN;NaN;NaN;NaN;NaN;79
;ServiceLog;natalie;1445544637214;22.10.2015 23:10:37;Raw;-1.11;3.648;9.356;335.98438;-22.78125;5.125;17.04;-0.78;-63.66;NaN;NaN;NaN;NaN;NaN;NaN;NaN;NaN;NaN;79
;ServiceLog;natalie;1445544638241;22.10.2015 23:10:38;Raw;-0.708;0.488;8.743;324.59375;-16.015625;-1.125;13.56;-8.16;-66.66;NaN;NaN;NaN;NaN;NaN;NaN;NaN;NaN;NaN;77
;ServiceLog;natalie;1445544639266;22.10.2015 23:10:39;Raw;-0.804;4.654;7.843;11.46875;-26.4375;3.828125;11.1;-24.0;-66.78;NaN;NaN;NaN;NaN;NaN;NaN;NaN;NaN;NaN;78
;ServiceLog;natalie;1445544640290;22.10.2015 23:10:40;Raw;-1.637;2.068;9.49;153.28125;-19.1875;30.90625;7.62;-31.74;-65.94;NaN;NaN;NaN;NaN;NaN;NaN;NaN;NaN;NaN;76
;ServiceLog;natalie;1445544641313;22.10.2015 23:10:41;Raw;-0.229;6.723;10.362;49.015625;-32.984375;6.171875;7.8;-34.74;-64.26;NaN;NaN;NaN;NaN;NaN;NaN;NaN;NaN;NaN;78
;ServiceLog;natalie;1445544642344;22.10.2015 23:10:42;Raw;0.373;5.037;7.671;120.6875;-36.09375;13.984375;1.98;-36.84;-63.66;NaN;NaN;NaN;NaN;NaN;NaN;NaN;NaN;NaN;79
;ServiceLog;natalie;1445544643394;22.10.2015 23:10:43;Raw;-1.58;2.336;7.939;96.34375;-21.265625;6.03125;-2.88;-36.3;-59.76;NaN;NaN;NaN;NaN;NaN;NaN;NaN;NaN;NaN;80
;ServiceLog;natalie;1445544644415;22.10.2015 23:10:44;Raw;0.679;5.411;7.278;28.4375;-35.734375;-2.859375;0.18;-29.46;-61.98;NaN;NaN;NaN;NaN;NaN;NaN;NaN;NaN;NaN;78
;ServiceLog;natalie;1445544645439;22.10.2015 23:10:45;Raw;-0.651;3.074;5.909;71.859375;-24.515625;0.078125;-4.08;-28.14;-62.94;NaN;NaN;NaN;NaN;NaN;NaN;NaN;NaN;NaN;81
;ServiceLog;natalie;1445544646461;22.10.2015 23:10:46;Raw;-0.258;1.972;5.851;102.953125;-19.859375;-1.015625;-12.06;-29.1;-62.46;NaN;NaN;NaN;NaN;NaN;NaN;NaN;NaN;NaN;79
;ServiceLog;natalie;1445544647486;22.10.2015 23:10:47;Raw;0.095;2.604;5.468;91.71875;-24.640625;-1.3125;-16.62;-28.98;-58.26;NaN;NaN;NaN;NaN;NaN;NaN;NaN;NaN;NaN;82
;ServiceLog;natalie;1445544648508;22.10.2015 23:10:48;Raw;-1.273;1.838;6.416;124.515625;-11.96875;4.625;-12.54;-27.84;-56.1;NaN;NaN;NaN;NaN;NaN;NaN;NaN;NaN;NaN;80
;ServiceLog;natalie;1445544649535;22.10.2015 23:10:49;Raw;0.249;2.681;6.052;107.0625;-24.640625;-4.796875;-12.12;-25.44;-47.52;NaN;NaN;NaN;NaN;NaN;NaN;NaN;NaN;NaN;82
;ServiceLog;natalie;1445544650566;22.10.2015 23:10:50;Raw;-0.162;2.451;5.928;109.921875;-14.9375;4.59375;-13.44;-18.6;-40.44;NaN;NaN;NaN;NaN;NaN;NaN;NaN;NaN;NaN;82
;ServiceLog;natalie;1445544651590;22.10.2015 23:10:51;Raw;1.714;3.773;13.273;75.796875;-26.171875;-4.421875;-12.12;-17.4;-41.34;NaN;NaN;NaN;NaN;NaN;NaN;NaN;NaN;NaN;79
;ServiceLog;natalie;1445544652622;22.10.2015 23:10:52;Raw;-0.229;1.369;12.89;80.8125;-27.140625;4.625;-12.9;-17.16;-42.66;NaN;NaN;NaN;NaN;NaN;NaN;NaN;NaN;NaN;80
;ServiceLog;natalie;1445544653649;22.10.2015 23:10:53;Raw;0.114;1.197;9.921;80.09375;-23.90625;-2.265625;-15.96;-14.76;-47.46;NaN;NaN;NaN;NaN;NaN;NaN;NaN;NaN;NaN;75
;ServiceLog;natalie;1445544654676;22.10.2015 23:10:54;Raw;-1.235;0.727;9.136;73.625;-23.171875;1.3125;-16.68;-15.36;-46.56;NaN;NaN;NaN;NaN;NaN;NaN;NaN;NaN;NaN;78
;ServiceLog;natalie;1445544655705;22.10.2015 23:10:55;Raw;-1.043;0.488;7.345;71.21875;-22.234375;2.625;-14.28;-10.8;-48.48;NaN;NaN;NaN;NaN;NaN;NaN;NaN;NaN;NaN;84
;ServiceLog;natalie;1445544656729;22.10.2015 23:10:56;Raw;-2.528;-1.359;16.051;80.046875;-22.0;7.0625;-12.66;-11.76;-43.26;NaN;NaN;NaN;NaN;NaN;NaN;NaN;NaN;NaN;84
;ServiceLog;natalie;1445544657750;22.10.2015 23:10:57;Raw;-0.536;0.842;15.333;80.15625;-14.96875;6.03125;-8.46;-13.32;-35.82;NaN;NaN;NaN;NaN;NaN;NaN;NaN;NaN;NaN;76
;ServiceLog;natalie;1445544658772;22.10.2015 23:10:58;Raw;1.245;3.39;11.023;40.1875;-35.25;-1.140625;-5.28;-3.96;-34.86;NaN;NaN;NaN;NaN;NaN;NaN;NaN;NaN;NaN;82
;ServiceLog;natalie;1445544659806;22.10.2015 23:10:59;Raw;-0.526;3.476;8.81;10.9375;-23.875;3.859375;-2.04;5.52;-38.7;NaN;NaN;NaN;NaN;NaN;NaN;NaN;NaN;NaN;85
;ServiceLog;natalie;1445544660832;22.10.2015 23:11:00;Raw;1.082;4.29;7.929;359.78125;-9.609375;6.671875;5.82;8.28;-39.06;NaN;NaN;NaN;NaN;NaN;NaN;NaN;NaN;NaN;90
;ServiceLog;natalie;1445544661863;22.10.2015 23:11:01;Raw;1.11;2.365;6.474;339.45313;-1.515625;10.828125;19.08;32.88;-43.38;NaN;NaN;NaN;NaN;NaN;NaN;NaN;NaN;NaN;83
;ServiceLog;natalie;1445544662888;22.10.2015 23:11:02;Raw;-1.541;3.581;9.663;4.359375;-20.640625;9.15625;-6.72;71.34;-69.54;NaN;NaN;NaN;NaN;NaN;NaN;NaN;NaN;NaN;82
;ServiceLog;natalie;1445544663911;22.10.2015 23:11:03;Raw;-0.574;2.106;8.341;7.953125;-14.453125;3.109375;4.08;58.14;-61.98;NaN;NaN;NaN;NaN;NaN;NaN;NaN;NaN;NaN;82
;ServiceLog;natalie;1445544664935;22.10.2015 23:11:04;Raw;0.45;2.174;12.871;324.375;-9.15625;3.96875;42.9;39.0;-37.8;NaN;NaN;NaN;NaN;NaN;NaN;NaN;NaN;NaN;80
;ServiceLog;natalie;1445544665962;22.10.2015 23:11:05;Raw;0.373;-0.794;8.734;284.92188;0.171875;-1.40625;51.84;4.86;-45.72;NaN;NaN;NaN;NaN;NaN;NaN;NaN;NaN;NaN;81
;ServiceLog;natalie;1445544666996;22.10.2015 23:11:06;Raw;2.815;3.457;9.826;234.10938;-13.03125;-12.03125;34.86;-38.28;-40.26;NaN;NaN;NaN;NaN;NaN;NaN;NaN;NaN;NaN;81
;ServiceLog;natalie;1445544668020;22.10.2015 23:11:08;Raw;0.086;3.275;8.552;227.92188;-21.234375;-3.28125;29.52;-36.54;-8.22;NaN;NaN;NaN;NaN;NaN;NaN;NaN;NaN;NaN;81
;ServiceLog;natalie;1445544669042;22.10.2015 23:11:09;Raw;0.555;4.836;8.686;228.75;-31.59375;-3.1875;32.22;-31.5;-7.08;NaN;NaN;NaN;NaN;NaN;NaN;NaN;NaN;NaN;83
;ServiceLog;natalie;1445544670064;22.10.2015 23:11:10;Raw;-0.143;5.095;8.303;232.76563;-33.984375;0.734375;29.46;-33.06;-6.18;NaN;NaN;NaN;NaN;NaN;NaN;NaN;NaN;NaN;83
;ServiceLog;natalie;1445544671089;22.10.2015 23:11:11;Raw;-0.191;5.123;8.159;231.98438;-32.28125;1.3125;30.48;-32.34;-7.26;NaN;NaN;NaN;NaN;NaN;NaN;NaN;NaN;NaN;82
;ServiceLog;natalie;1445544672109;22.10.2015 23:11:12;Raw;-0.306;4.999;8.418;232.29688;-32.65625;2.625;30.84;-32.16;-5.4;NaN;NaN;NaN;NaN;NaN;NaN;NaN;NaN;NaN;81
;ServiceLog;natalie;1445544673133;22.10.2015 23:11:13;Raw;-0.45;4.635;8.274;231.35938;-29.609375;1.90625;30.42;-33.54;-7.5;NaN;NaN;NaN;NaN;NaN;NaN;NaN;NaN;NaN;82
;ServiceLog;natalie;1445544674161;22.10.2015 23:11:14;Raw;-1.647;4.855;8.619;231.67188;-34.5;9.390625;30.72;-32.4;-7.56;NaN;NaN;NaN;NaN;NaN;NaN;NaN;NaN;NaN;81
;ServiceLog;natalie;1445544675185;22.10.2015 23:11:15;Raw;-1.838;5.095;8.159;237.54688;-29.390625;13.640625;36.06;-27.78;-7.62;NaN;NaN;NaN;NaN;NaN;NaN;NaN;NaN;NaN;82
;ServiceLog;natalie;1445544676216;22.10.2015 23:11:16;Raw;-1.896;5.104;7.853;243.64063;-32.21875;11.0625;35.4;-24.42;-13.2;NaN;NaN;NaN;NaN;NaN;NaN;NaN;NaN;NaN;82
;ServiceLog;natalie;1445544677244;22.10.2015 23:11:17;Raw;-1.685;5.458;7.719;250.45313;-32.25;10.34375;33.54;-20.28;-13.98;NaN;NaN;NaN;NaN;NaN;NaN;NaN;NaN;NaN;81
;ServiceLog;natalie;1445544678267;22.10.2015 23:11:18;Raw;-2.001;5.104;7.757;256.60938;-31.875;10.375;32.46;-16.68;-16.32;NaN;NaN;NaN;NaN;NaN;NaN;NaN;NaN;NaN;82
;ServiceLog;natalie;1445544679293;22.10.2015 23:11:19;Raw;-0.756;6.56;6.991;273.46875;-42.90625;8.65625;29.88;-12.48;-13.98;NaN;NaN;NaN;NaN;NaN;NaN;NaN;NaN;NaN;79
;ServiceLog;natalie;1445544680317;22.10.2015 23:11:20;Raw;-1.206;5.152;9.328;268.78125;-30.15625;11.796875;28.98;-11.82;-12.9;NaN;NaN;NaN;NaN;NaN;NaN;NaN;NaN;NaN;82
;ServiceLog;natalie;1445544681341;22.10.2015 23:11:21;Raw;-1.877;5.861;5.717;274.04688;-28.4375;7.5;30.72;-8.76;-17.46;NaN;NaN;NaN;NaN;NaN;NaN;NaN;NaN;NaN;89
;ServiceLog;natalie;1445544682392;22.10.2015 23:11:22;Raw;-0.22;5.707;7.259;270.96875;-20.21875;1.953125;31.38;-11.46;-22.32;NaN;NaN;NaN;NaN;NaN;NaN;NaN;NaN;NaN;80
;ServiceLog;natalie;1445544683412;22.10.2015 23:11:23;Raw;1.676;8.073;7.92;275.17188;-40.734375;3.5;30.48;-13.56;-19.26;NaN;NaN;NaN;NaN;NaN;NaN;NaN;NaN;NaN;90
;ServiceLog;natalie;1445544684432;22.10.2015 23:11:24;Raw;0.268;6.608;4.702;270.48438;-29.390625;-14.53125;30.84;-12.24;-18.0;NaN;NaN;NaN;NaN;NaN;NaN;NaN;NaN;NaN;85
;ServiceLog;natalie;1445544685452;22.10.2015 23:11:25;Raw;1.12;2.949;4.769;268.51563;-39.140625;-9.671875;28.44;-16.2;-20.1;NaN;NaN;NaN;NaN;NaN;NaN;NaN;NaN;NaN;81
;ServiceLog;natalie;1445544686472;22.10.2015 23:11:26;Raw;-0.047;8.849;5.612;284.71875;-47.046875;5.125;27.3;-15.72;-20.64;NaN;NaN;NaN;NaN;NaN;NaN;NaN;NaN;NaN;80
;ServiceLog;natalie;1445544687495;22.10.2015 23:11:27;Raw;-0.833;6.11;7.288;264.42188;-33.734375;6.328125;27.0;-8.04;-4.98;NaN;NaN;NaN;NaN;NaN;NaN;NaN;NaN;NaN;81
;ServiceLog;natalie;1445544688518;22.10.2015 23:11:28;Raw;-0.881;5.248;8.178;268.6875;-34.734375;4.625;30.96;-4.98;-8.04;NaN;NaN;NaN;NaN;NaN;NaN;NaN;NaN;NaN;81
;ServiceLog;natalie;1445544689541;22.10.2015 23:11:29;Raw;-0.871;5.353;7.853;270.42188;-34.5;5.34375;31.14;-3.9;-6.84;NaN;NaN;NaN;NaN;NaN;NaN;NaN;NaN;NaN;79
;ServiceLog;natalie;1445544690557;22.10.2015 23:11:30;Raw;-1.053;5.315;7.901;271.51563;-34.265625;5.546875;30.96;-3.0;-6.06;NaN;NaN;NaN;NaN;NaN;NaN;NaN;NaN;NaN;90
;ServiceLog;natalie;1445544691581;22.10.2015 23:11:31;Raw;-0.842;5.679;7.795;272.64063;-35.671875;5.71875;30.9;-2.16;-6.12;NaN;NaN;NaN;NaN;NaN;NaN;NaN;NaN;NaN;89
;ServiceLog;natalie;1445544692603;22.10.2015 23:11:32;Raw;-0.794;5.526;7.7;274.25;-33.6875;8.171875;31.26;-1.38;-6.36;NaN;NaN;NaN;NaN;NaN;NaN;NaN;NaN;NaN;80
;ServiceLog;natalie;1445544693625;22.10.2015 23:11:33;Raw;-0.948;5.832;7.604;275.48438;-37.71875;5.6875;31.44;-0.3;-5.58;NaN;NaN;NaN;NaN;NaN;NaN;NaN;NaN;NaN;80
;ServiceLog;natalie;1445544694650;22.10.2015 23:11:34;Raw;-0.996;5.87;7.527;276.26563;-36.96875;6.3125;31.38;0.42;-4.8;NaN;NaN;NaN;NaN;NaN;NaN;NaN;NaN;NaN;80
;ServiceLog;natalie;1445544695671;22.10.2015 23:11:35;Raw;-1.11;5.851;7.671;277.10938;-37.71875;5.765625;31.08;0.96;-4.62;NaN;NaN;NaN;NaN;NaN;NaN;NaN;NaN;NaN;79
;ServiceLog;natalie;1445544696700;22.10.2015 23:11:36;Raw;-1.063;5.899;7.489;278.42188;-37.859375;5.890625;31.44;2.46;-4.56;NaN;NaN;NaN;NaN;NaN;NaN;NaN;NaN;NaN;80
;ServiceLog;natalie;1445544697725;22.10.2015 23:11:37;Raw;-1.177;5.842;7.7;279.60938;-36.90625;6.78125;31.56;2.88;-4.44;NaN;NaN;NaN;NaN;NaN;NaN;NaN;NaN;NaN;79
;ServiceLog;natalie;1445544698744;22.10.2015 23:11:38;Raw;-0.986;5.889;7.508;280.59375;-37.296875;6.421875;31.68;3.66;-4.38;NaN;NaN;NaN;NaN;NaN;NaN;NaN;NaN;NaN;81
;ServiceLog;natalie;1445544699764;22.10.2015 23:11:39;Raw;-1.082;5.803;7.575;281.26563;-36.984375;6.359375;31.68;3.9;-4.38;NaN;NaN;NaN;NaN;NaN;NaN;NaN;NaN;NaN;81
;ServiceLog;natalie;1445544700784;22.10.2015 23:11:40;Raw;-1.043;5.937;7.623;282.07813;-37.375;6.28125;31.92;4.44;-4.38;NaN;NaN;NaN;NaN;NaN;NaN;NaN;NaN;NaN;79
;ServiceLog;natalie;1445544701806;22.10.2015 23:11:41;Raw;-1.206;5.755;7.575;282.71875;-36.84375;7.1875;31.74;5.1;-3.78;NaN;NaN;NaN;NaN;NaN;NaN;NaN;NaN;NaN;79
;ServiceLog;natalie;1445544702828;22.10.2015 23:11:42;Raw;-1.043;5.87;7.613;283.35938;-37.359375;6.140625;31.62;5.7;-3.84;NaN;NaN;NaN;NaN;NaN;NaN;NaN;NaN;NaN;80
;ServiceLog;natalie;1445544703847;22.10.2015 23:11:43;Raw;-1.139;5.803;7.518;283.82813;-37.078125;6.78125;31.56;5.76;-3.84;NaN;NaN;NaN;NaN;NaN;NaN;NaN;NaN;NaN;80
;ServiceLog;natalie;1445544704871;22.10.2015 23:11:44;Raw;-1.12;5.832;7.518;284.21875;-36.796875;6.875;31.14;5.82;-3.6;NaN;NaN;NaN;NaN;NaN;NaN;NaN;NaN;NaN;79
;ServiceLog;natalie;1445544705894;22.10.2015 23:11:45;Raw;-0.996;5.947;7.594;284.46875;-36.375;6.640625;31.32;6.3;-3.6;NaN;NaN;NaN;NaN;NaN;NaN;NaN;NaN;NaN;80
;ServiceLog;natalie;1445544706916;22.10.2015 23:11:46;Raw;-1.264;5.966;8.38;285.23438;-37.4375;5.15625;30.3;6.84;-3.36;NaN;NaN;NaN;NaN;NaN;NaN;NaN;NaN;NaN;80
;ServiceLog;natalie;1445544707936;22.10.2015 23:11:47;Raw;-0.871;5.794;8.13;285.71875;-34.734375;6.109375;30.0;7.14;-3.9;NaN;NaN;NaN;NaN;NaN;NaN;NaN;NaN;NaN;81
;ServiceLog;natalie;1445544708958;22.10.2015 23:11:48;Raw;-0.555;5.727;7.498;285.98438;-34.640625;7.9375;29.52;6.24;-4.5;NaN;NaN;NaN;NaN;NaN;NaN;NaN;NaN;NaN;80
;ServiceLog;natalie;1445544709986;22.10.2015 23:11:49;Raw;-1.656;6.043;7.163;286.92188;-39.546875;8.703125;27.3;6.12;-5.1;NaN;NaN;NaN;NaN;NaN;NaN;NaN;NaN;NaN;81
;ServiceLog;natalie;1445544711021;22.10.2015 23:11:51;Raw;-1.043;6.809;6.723;292.71875;-40.125;10.34375;26.22;6.24;-8.76;NaN;NaN;NaN;NaN;NaN;NaN;NaN;NaN;NaN;80
;ServiceLog;natalie;1445544712045;22.10.2015 23:11:52;Raw;-1.197;6.799;6.828;293.09375;-42.75;7.203125;29.94;0.12;-13.86;NaN;NaN;NaN;NaN;NaN;NaN;NaN;NaN;NaN;81
;ServiceLog;natalie;1445544713069;22.10.2015 23:11:53;Raw;-1.197;6.924;7.613;297.8125;-40.359375;10.375;23.22;-0.84;-18.24;NaN;NaN;NaN;NaN;NaN;NaN;NaN;NaN;NaN;80
;ServiceLog;natalie;1445544714092;22.10.2015 23:11:54;Raw;-1.723;5.679;6.483;299.96875;-43.40625;7.859375;21.06;7.32;-9.12;NaN;NaN;NaN;NaN;NaN;NaN;NaN;NaN;NaN;87
;ServiceLog;natalie;1445544715111;22.10.2015 23:11:55;Raw;-0.584;6.158;6.924;306.73438;-45.671875;-0.453125;18.48;12.84;-6.42;NaN;NaN;NaN;NaN;NaN;NaN;NaN;NaN;NaN;84
;ServiceLog;natalie;1445544716135;22.10.2015 23:11:56;Raw;-1.34;6.569;6.962;306.625;-44.015625;6.875;18.6;15.9;0.48;NaN;NaN;NaN;NaN;NaN;NaN;NaN;NaN;NaN;81
;ServiceLog;natalie;1445544717164;22.10.2015 23:11:57;Raw;-1.58;6.608;7.096;295.9375;-41.734375;9.046875;27.06;19.32;7.98;NaN;NaN;NaN;NaN;NaN;NaN;NaN;NaN;NaN;85
;ServiceLog;natalie;1445544718193;22.10.2015 23:11:58;Raw;-0.689;6.924;5.372;276.92188;-52.046875;4.8125;29.46;21.42;18.6;NaN;NaN;NaN;NaN;NaN;NaN;NaN;NaN;NaN;82
;ServiceLog;natalie;1445544719215;22.10.2015 23:11:59;Raw;-2.068;6.876;6.502;270.67188;-46.0625;14.53125;26.34;21.9;26.58;NaN;NaN;NaN;NaN;NaN;NaN;NaN;NaN;NaN;81
;ServiceLog;natalie;1445544720239;22.10.2015 23:12:00;Raw;-1.608;6.761;6.991;276.10938;-40.546875;9.390625;30.48;23.22;20.1;NaN;NaN;NaN;NaN;NaN;NaN;NaN;NaN;NaN;88
;ServiceLog;natalie;1445544721262;22.10.2015 23:12:01;Raw;-1.992;6.244;6.809;274.5625;-42.765625;10.9375;35.4;16.2;18.06;NaN;NaN;NaN;NaN;NaN;NaN;NaN;NaN;NaN;80
;ServiceLog;natalie;1445544722286;22.10.2015 23:12:02;Raw;-0.747;6.991;6.589;274.51563;-45.78125;5.09375;39.6;17.04;15.3;NaN;NaN;NaN;NaN;NaN;NaN;NaN;NaN;NaN;82
;ServiceLog;natalie;1445544723313;22.10.2015 23:12:03;Raw;-1.187;6.244;6.512;280.64063;-42.578125;7.125;30.96;20.16;12.84;NaN;NaN;NaN;NaN;NaN;NaN;NaN;NaN;NaN;86
;ServiceLog;natalie;1445544724339;22.10.2015 23:12:04;Raw;-1.714;5.813;7.355;281.09375;-36.34375;10.484375;30.06;19.08;19.5;NaN;NaN;NaN;NaN;NaN;NaN;NaN;NaN;NaN;82
;ServiceLog;natalie;1445544725368;22.10.2015 23:12:05;Raw;-1.206;5.909;7.345;275.0;-37.71875;7.515625;28.86;18.12;24.36;NaN;NaN;NaN;NaN;NaN;NaN;NaN;NaN;NaN;81
;ServiceLog;natalie;1445544726391;22.10.2015 23:12:06;Raw;-1.35;5.65;7.24;269.75;-38.078125;7.578125;31.02;17.1;24.48;NaN;NaN;NaN;NaN;NaN;NaN;NaN;NaN;NaN;88
;ServiceLog;natalie;1445544727415;22.10.2015 23:12:07;Raw;-1.254;5.87;7.364;270.3125;-35.359375;7.375;32.04;18.0;24.24;NaN;NaN;NaN;NaN;NaN;NaN;NaN;NaN;NaN;80
;ServiceLog;natalie;1445544728432;22.10.2015 23:12:08;Raw;-1.541;5.621;7.546;271.65625;-36.28125;8.765625;32.4;17.16;21.48;NaN;NaN;NaN;NaN;NaN;NaN;NaN;NaN;NaN;80
;ServiceLog;natalie;1445544729464;22.10.2015 23:12:09;Raw;-1.158;6.071;7.862;272.45313;-38.46875;8.171875;30.3;15.06;17.64;NaN;NaN;NaN;NaN;NaN;NaN;NaN;NaN;NaN;85
;ServiceLog;natalie;1445544730485;22.10.2015 23:12:10;Raw;-1.541;6.11;7.537;274.29688;-40.0625;6.640625;29.52;18.12;16.86;NaN;NaN;NaN;NaN;NaN;NaN;NaN;NaN;NaN;81
;ServiceLog;natalie;1445544731508;22.10.2015 23:12:11;Raw;-1.139;5.736;6.464;276.21875;-38.21875;5.796875;28.92;16.68;16.68;NaN;NaN;NaN;NaN;NaN;NaN;NaN;NaN;NaN;81
;ServiceLog;natalie;1445544732532;22.10.2015 23:12:12;Raw;-1.158;4.587;8.322;271.64063;-38.75;3.890625;32.82;10.08;17.46;NaN;NaN;NaN;NaN;NaN;NaN;NaN;NaN;NaN;85
;ServiceLog;natalie;1445544733554;22.10.2015 23:12:13;Raw;-0.517;4.558;7.872;272.39063;-30.03125;4.28125;39.18;14.58;19.74;NaN;NaN;NaN;NaN;NaN;NaN;NaN;NaN;NaN;83
;ServiceLog;natalie;1445544734588;22.10.2015 23:12:14;Raw;-0.545;5.123;7.489;273.625;-32.71875;4.9375;37.8;15.0;21.6;NaN;NaN;NaN;NaN;NaN;NaN;NaN;NaN;NaN;82
;ServiceLog;natalie;1445544735609;22.10.2015 23:12:15;Raw;-0.881;5.257;8.303;273.625;-30.453125;3.890625;36.9;14.34;22.32;NaN;NaN;NaN;NaN;NaN;NaN;NaN;NaN;NaN;88
;ServiceLog;natalie;1445544736631;22.10.2015 23:12:16;Raw;-0.737;5.047;7.977;272.8125;-31.0625;5.0625;37.14;13.26;22.14;NaN;NaN;NaN;NaN;NaN;NaN;NaN;NaN;NaN;82
;ServiceLog;natalie;1445544737652;22.10.2015 23:12:17;Raw;-0.948;4.884;8.437;271.48438;-30.796875;4.515625;38.64;10.2;21.36;NaN;NaN;NaN;NaN;NaN;NaN;NaN;NaN;NaN;82
;ServiceLog;natalie;1445544738679;22.10.2015 23:12:18;Raw;-0.871;5.315;7.527;270.23438;-32.015625;4.140625;39.6;11.1;21.72;NaN;NaN;NaN;NaN;NaN;NaN;NaN;NaN;NaN;86
;ServiceLog;natalie;1445544739695;22.10.2015 23:12:19;Raw;-0.823;4.903;8.226;269.32813;-29.875;5.484375;40.2;7.02;17.58;NaN;NaN;NaN;NaN;NaN;NaN;NaN;NaN;NaN;84
;ServiceLog;natalie;1445544740726;22.10.2015 23:12:20;Raw;-0.871;4.932;8.063;268.26563;-29.9375;4.90625;39.12;6.3;17.04;NaN;NaN;NaN;NaN;NaN;NaN;NaN;NaN;NaN;83
;ServiceLog;natalie;1445544741748;22.10.2015 23:12:21;Raw;-0.756;4.893;8.245;268.51563;-29.328125;6.078125;36.9;9.6;19.62;NaN;NaN;NaN;NaN;NaN;NaN;NaN;NaN;NaN;82
;ServiceLog;natalie;1445544742771;22.10.2015 23:12:22;Raw;-1.043;5.066;8.198;266.375;-29.453125;5.4375;34.44;6.06;23.64;NaN;NaN;NaN;NaN;NaN;NaN;NaN;NaN;NaN;81
;ServiceLog;natalie;1445544743795;22.10.2015 23:12:23;Raw;-0.718;5.008;8.13;262.0625;-31.625;5.75;34.02;15.0;33.3;NaN;NaN;NaN;NaN;NaN;NaN;NaN;NaN;NaN;83
;ServiceLog;natalie;1445544744822;22.10.2015 23:12:24;Raw;-0.814;4.874;8.092;276.21875;-30.9375;6.171875;35.46;24.36;29.52;NaN;NaN;NaN;NaN;NaN;NaN;NaN;NaN;NaN;83
;ServiceLog;natalie;1445544745844;22.10.2015 23:12:25;Raw;-1.072;4.874;8.341;276.26563;-30.90625;5.234375;39.6;13.98;24.48;NaN;NaN;NaN;NaN;NaN;NaN;NaN;NaN;NaN;82
;ServiceLog;natalie;1445544746863;22.10.2015 23:12:26;Raw;-1.034;4.855;8.437;270.3125;-31.015625;6.390625;36.18;7.02;18.24;NaN;NaN;NaN;NaN;NaN;NaN;NaN;NaN;NaN;83
;ServiceLog;natalie;1445544747883;22.10.2015 23:12:27;Raw;-1.235;4.692;8.255;268.46875;-31.46875;5.765625;36.6;5.76;18.36;NaN;NaN;NaN;NaN;NaN;NaN;NaN;NaN;NaN;82
;ServiceLog;natalie;1445544748902;22.10.2015 23:12:28;Raw;-1.091;4.826;8.494;268.34375;-28.875;6.390625;38.46;6.3;13.68;NaN;NaN;NaN;NaN;NaN;NaN;NaN;NaN;NaN;83
;ServiceLog;natalie;1445544749921;22.10.2015 23:12:29;Raw;-1.168;4.664;8.293;268.32813;-30.90625;5.765625;38.88;3.36;11.4;NaN;NaN;NaN;NaN;NaN;NaN;NaN;NaN;NaN;84
;ServiceLog;natalie;1445544750943;22.10.2015 23:12:30;Raw;-1.197;4.644;8.485;268.78125;-30.71875;5.0625;38.34;4.32;8.82;NaN;NaN;NaN;NaN;NaN;NaN;NaN;NaN;NaN;84
;ServiceLog;natalie;1445544751959;22.10.2015 23:12:31;Raw;-1.254;4.788;9.184;269.46875;-30.15625;6.59375;37.44;4.8;10.62;NaN;NaN;NaN;NaN;NaN;NaN;NaN;NaN;NaN;85
;ServiceLog;natalie;1445544752978;22.10.2015 23:12:32;Raw;-1.072;4.51;8.217;269.15625;-27.953125;5.71875;38.34;5.88;13.56;NaN;NaN;NaN;NaN;NaN;NaN;NaN;NaN;NaN;85
;ServiceLog;natalie;1445544753993;22.10.2015 23:12:33;Raw;-0.775;4.587;7.518;260.8125;-29.359375;4.5625;39.0;-0.96;19.02;NaN;NaN;NaN;NaN;NaN;NaN;NaN;NaN;NaN;88
;ServiceLog;natalie;1445544755012;22.10.2015 23:12:35;Raw;-1.139;4.74;8.504;256.25;-30.84375;5.859375;36.9;0.06;14.58;NaN;NaN;NaN;NaN;NaN;NaN;NaN;NaN;NaN;84
;ServiceLog;natalie;1445544756028;22.10.2015 23:12:36;Raw;-0.976;4.616;8.609;262.5;-30.515625;6.140625;40.74;1.32;7.5;NaN;NaN;NaN;NaN;NaN;NaN;NaN;NaN;NaN;86
;ServiceLog;natalie;1445544757044;22.10.2015 23:12:37;Raw;-1.101;4.817;8.274;264.76563;-30.875;6.0;35.94;3.42;9.3;NaN;NaN;NaN;NaN;NaN;NaN;NaN;NaN;NaN;85
;ServiceLog;natalie;1445544758060;22.10.2015 23:12:38;Raw;-1.015;4.673;7.834;266.53125;-30.25;6.5625;37.32;4.2;10.62;NaN;NaN;NaN;NaN;NaN;NaN;NaN;NaN;NaN;84
;ServiceLog;natalie;1445544759076;22.10.2015 23:12:39;Raw;-1.005;4.491;8.523;267.0;-28.203125;6.921875;37.26;1.86;9.3;NaN;NaN;NaN;NaN;NaN;NaN;NaN;NaN;NaN;86
;ServiceLog;natalie;1445544760097;22.10.2015 23:12:40;Raw;-1.158;4.261;8.925;266.84375;-28.296875;6.3125;38.4;0.6;7.5;NaN;NaN;NaN;NaN;NaN;NaN;NaN;NaN;NaN;85
;ServiceLog;natalie;1445544761113;22.10.2015 23:12:41;Raw;-0.9;4.731;8.159;266.9375;-30.125;5.296875;37.62;1.08;7.62;NaN;NaN;NaN;NaN;NaN;NaN;NaN;NaN;NaN;83
;ServiceLog;natalie;1445544762127;22.10.2015 23:12:42;Raw;-0.747;4.711;8.992;266.73438;-30.0625;2.625;38.4;1.14;9.18;NaN;NaN;NaN;NaN;NaN;NaN;NaN;NaN;NaN;88
;ServiceLog;natalie;1445544763140;22.10.2015 23:12:43;Raw;-0.143;4.635;8.619;265.40625;-24.828125;2.6875;38.22;-3.24;10.38;NaN;NaN;NaN;NaN;NaN;NaN;NaN;NaN;NaN;84
;ServiceLog;natalie;1445544764194;22.10.2015 23:12:44;Raw;-0.249;5.334;10.017;256.78125;-36.453125;3.109375;40.98;-1.2;16.86;NaN;NaN;NaN;NaN;NaN;NaN;NaN;NaN;NaN;85
;ServiceLog;natalie;1445544765211;22.10.2015 23:12:45;Raw;-4.625;4.644;7.585;269.75;-35.640625;21.875;36.84;8.4;14.46;NaN;NaN;NaN;NaN;NaN;NaN;NaN;NaN;NaN;84
;ServiceLog;natalie;1445544766232;22.10.2015 23:12:46;Raw;-1.331;3.294;8.868;265.98438;-25.484375;6.59375;32.34;1.86;18.78;NaN;NaN;NaN;NaN;NaN;NaN;NaN;NaN;NaN;85
;ServiceLog;natalie;1445544767251;22.10.2015 23:12:47;Raw;-2.451;3.878;9.088;250.75;-26.75;10.78125;35.82;-6.54;20.88;NaN;NaN;NaN;NaN;NaN;NaN;NaN;NaN;NaN;85
;ServiceLog;natalie;1445544768269;22.10.2015 23:12:48;Raw;-2.164;4.577;8.81;246.07813;-25.078125;12.84375;28.08;-8.34;24.54;NaN;NaN;NaN;NaN;NaN;NaN;NaN;NaN;NaN;88
;ServiceLog;natalie;1445544769290;22.10.2015 23:12:49;Raw;0.22;4.137;8.83;240.42188;-26.15625;0.140625;34.5;-6.36;24.0;NaN;NaN;NaN;NaN;NaN;NaN;NaN;NaN;NaN;85
;ServiceLog;natalie;1445544770312;22.10.2015 23:12:50;Raw;-0.747;3.706;9.222;242.375;-30.484375;2.34375;35.4;-12.9;16.68;NaN;NaN;NaN;NaN;NaN;NaN;NaN;NaN;NaN;88
;ServiceLog;natalie;1445544771332;22.10.2015 23:12:51;Raw;0.105;1.254;8.916;242.40625;-7.609375;2.578125;35.52;-17.16;7.32;NaN;NaN;NaN;NaN;NaN;NaN;NaN;NaN;NaN;87
;ServiceLog;natalie;1445544772356;22.10.2015 23:12:52;Raw;0.421;2.116;10.582;241.1875;-7.203125;-4.734375;37.62;-22.26;14.22;NaN;NaN;NaN;NaN;NaN;NaN;NaN;NaN;NaN;88
;ServiceLog;natalie;1445544773380;22.10.2015 23:12:53;Raw;3.035;0.785;9.251;234.48438;-7.46875;-13.8125;42.6;-28.8;20.1;NaN;NaN;NaN;NaN;NaN;NaN;NaN;NaN;NaN;85
;ServiceLog;natalie;1445544774397;22.10.2015 23:12:54;Raw;1.81;1.925;9.251;230.3125;-11.140625;-7.75;42.6;-28.98;18.96;NaN;NaN;NaN;NaN;NaN;NaN;NaN;NaN;NaN;86
;ServiceLog;natalie;1445544775415;22.10.2015 23:12:55;Raw;2.106;1.886;9.538;229.76563;-9.078125;-14.296875;43.98;-28.2;20.34;NaN;NaN;NaN;NaN;NaN;NaN;NaN;NaN;NaN;89
;ServiceLog;natalie;1445544776435;22.10.2015 23:12:56;Raw;1.177;1.618;9.816;230.51563;-8.84375;-12.578125;40.56;-27.0;19.2;NaN;NaN;NaN;NaN;NaN;NaN;NaN;NaN;NaN;89
;ServiceLog;natalie;1445544777452;22.10.2015 23:12:57;Raw;1.608;1.934;9.069;235.78125;-9.59375;-13.0625;45.06;-21.18;13.8;NaN;NaN;NaN;NaN;NaN;NaN;NaN;NaN;NaN;90
;ServiceLog;natalie;1445544778470;22.10.2015 23:12:58;Raw;0.296;1.12;9.347;242.04688;-11.4375;-0.921875;47.34;-18.96;13.74;NaN;NaN;NaN;NaN;NaN;NaN;NaN;NaN;NaN;89
;ServiceLog;natalie;1445544779491;22.10.2015 23:12:59;Raw;0.019;1.857;9.557;243.64063;-6.5625;-1.140625;45.0;-16.92;13.26;NaN;NaN;NaN;NaN;NaN;NaN;NaN;NaN;NaN;90
;ServiceLog;natalie;1445544780511;22.10.2015 23:13:00;Raw;0.718;1.8;8.82;245.90625;-12.921875;0.484375;45.72;-13.68;15.06;NaN;NaN;NaN;NaN;NaN;NaN;NaN;NaN;NaN;90
;ServiceLog;natalie;1445544781530;22.10.2015 23:13:01;Raw;-0.086;1.886;10.477;247.67188;-11.984375;0.0;45.24;-13.68;15.3;NaN;NaN;NaN;NaN;NaN;NaN;NaN;NaN;NaN;90
;ServiceLog;natalie;1445544782548;22.10.2015 23:13:02;Raw;0.201;1.695;9.05;248.51563;-2.90625;-0.390625;44.52;-15.48;19.56;NaN;NaN;NaN;NaN;NaN;NaN;NaN;NaN;NaN;90
;ServiceLog;natalie;1445544783571;22.10.2015 23:13:03;Raw;0.009;0.775;9.194;241.53125;-0.46875;-1.125;42.78;-26.64;20.28;NaN;NaN;NaN;NaN;NaN;NaN;NaN;NaN;NaN;90
;ServiceLog;natalie;1445544784586;22.10.2015 23:13:04;Raw;-1.359;2.815;9.596;235.1875;-14.1875;5.96875;36.96;-29.46;18.72;NaN;NaN;NaN;NaN;NaN;NaN;NaN;NaN;NaN;89
;ServiceLog;natalie;1445544785605;22.10.2015 23:13:05;Raw;-0.44;2.796;9.213;229.75;-14.671875;4.03125;32.4;-19.5;36.42;NaN;NaN;NaN;NaN;NaN;NaN;NaN;NaN;NaN;90
;ServiceLog;natalie;1445544786626;22.10.2015 23:13:06;Raw;-0.507;2.47;9.452;231.76563;-15.65625;3.15625;35.1;-18.18;26.76;NaN;NaN;NaN;NaN;NaN;NaN;NaN;NaN;NaN;90
;ServiceLog;natalie;1445544787645;22.10.2015 23:13:07;Raw;-0.651;2.451;9.059;233.34375;-15.34375;2.96875;34.86;-19.26;25.68;NaN;NaN;NaN;NaN;NaN;NaN;NaN;NaN;NaN;90
;ServiceLog;natalie;1445544788663;22.10.2015 23:13:08;Raw;-0.699;2.25;9.529;234.5625;-13.984375;5.015625;35.52;-19.08;23.76;NaN;NaN;NaN;NaN;NaN;NaN;NaN;NaN;NaN;90
;ServiceLog;natalie;1445544789684;22.10.2015 23:13:09;Raw;-0.229;2.557;10.027;235.70313;-16.0625;4.09375;35.94;-19.8;21.66;NaN;NaN;NaN;NaN;NaN;NaN;NaN;NaN;NaN;90
;ServiceLog;natalie;1445544790697;22.10.2015 23:13:10;Raw;-0.354;2.164;9.73;236.07813;-12.40625;2.40625;36.72;-19.98;20.58;NaN;NaN;NaN;NaN;NaN;NaN;NaN;NaN;NaN;90
;ServiceLog;natalie;1445544791712;22.10.2015 23:13:11;Raw;0.009;2.681;8.447;236.09375;-12.34375;1.984375;35.94;-19.68;22.5;NaN;NaN;NaN;NaN;NaN;NaN;NaN;NaN;NaN;90
;ServiceLog;natalie;1445544792734;22.10.2015 23:13:12;Raw;-0.306;2.241;9.385;235.875;-14.015625;2.546875;36.0;-19.32;21.78;NaN;NaN;NaN;NaN;NaN;NaN;NaN;NaN;NaN;90
;ServiceLog;natalie;1445544793748;22.10.2015 23:13:13;Raw;-0.344;2.298;9.577;236.59375;-13.609375;0.75;37.62;-19.38;17.1;NaN;NaN;NaN;NaN;NaN;NaN;NaN;NaN;NaN;90
;ServiceLog;natalie;1445544794766;22.10.2015 23:13:14;Raw;0.612;2.739;8.973;237.40625;-18.65625;1.484375;37.26;-18.84;18.66;NaN;NaN;NaN;NaN;NaN;NaN;NaN;NaN;NaN;90
;ServiceLog;natalie;1445544795782;22.10.2015 23:13:15;Raw;-0.22;2.643;9.107;237.78125;-9.265625;4.421875;37.32;-19.92;20.94;NaN;NaN;NaN;NaN;NaN;NaN;NaN;NaN;NaN;90
;ServiceLog;natalie;1445544796801;22.10.2015 23:13:16;Raw;-0.852;2.959;9.979;243.125;-19.484375;0.609375;56.16;-18.72;23.22;NaN;NaN;NaN;NaN;NaN;NaN;NaN;NaN;NaN;90
;ServiceLog;natalie;1445544797826;22.10.2015 23:13:17;Raw;-0.047;2.71;9.385;248.98438;-17.703125;1.9375;58.2;-14.28;22.32;NaN;NaN;NaN;NaN;NaN;NaN;NaN;NaN;NaN;90
;ServiceLog;natalie;1445544798843;22.10.2015 23:13:18;Raw;0.172;3.361;8.868;249.71875;-16.96875;4.703125;57.48;-16.2;22.62;NaN;NaN;NaN;NaN;NaN;NaN;NaN;NaN;NaN;90
;ServiceLog;natalie;1445544799864;22.10.2015 23:13:19;Raw;0.239;2.614;8.59;249.57813;-14.9375;3.046875;58.14;-17.22;22.44;NaN;NaN;NaN;NaN;NaN;NaN;NaN;NaN;NaN;90
;ServiceLog;natalie;1445544800882;22.10.2015 23:13:20;Raw;-0.162;2.011;9.72;249.3125;-14.109375;0.703125;57.9;-18.0;19.2;NaN;NaN;NaN;NaN;NaN;NaN;NaN;NaN;NaN;90
;ServiceLog;natalie;1445544801901;22.10.2015 23:13:21;Raw;0.296;3.016;9.107;249.10938;-19.625;1.84375;57.9;-18.06;19.32;NaN;NaN;NaN;NaN;NaN;NaN;NaN;NaN;NaN;90
;ServiceLog;natalie;1445544802920;22.10.2015 23:13:22;Raw;-0.191;2.585;10.362;249.03125;-23.09375;-1.40625;57.72;-16.2;19.32;NaN;NaN;NaN;NaN;NaN;NaN;NaN;NaN;NaN;90
;ServiceLog;natalie;1445544803941;22.10.2015 23:13:23;Raw;-0.249;2.863;8.198;249.75;-17.421875;3.109375;56.1;-15.48;17.94;NaN;NaN;NaN;NaN;NaN;NaN;NaN;NaN;NaN;90
;ServiceLog;natalie;1445544804962;22.10.2015 23:13:24;Raw;-0.555;2.193;9.49;236.67188;-13.296875;0.671875;31.8;-20.82;19.5;NaN;NaN;NaN;NaN;NaN;NaN;NaN;NaN;NaN;90
;ServiceLog;natalie;1445544805983;22.10.2015 23:13:25;Raw;-0.009;2.355;9.385;230.98438;-12.96875;-1.0625;34.32;-24.12;18.42;NaN;NaN;NaN;NaN;NaN;NaN;NaN;NaN;NaN;90
;ServiceLog;natalie;1445544807004;22.10.2015 23:13:27;Raw;-1.283;1.474;11.569;232.70313;-16.65625;4.140625;34.5;-22.08;14.52;NaN;NaN;NaN;NaN;NaN;NaN;NaN;NaN;NaN;90
;ServiceLog;natalie;1445544808025;22.10.2015 23:13:28;Raw;-0.201;2.365;8.82;234.25;-12.171875;4.09375;35.76;-21.66;14.94;NaN;NaN;NaN;NaN;NaN;NaN;NaN;NaN;NaN;90
;ServiceLog;natalie;1445544809044;22.10.2015 23:13:29;Raw;0.344;2.94;9.356;234.6875;-19.78125;-4.0;37.56;-23.1;17.22;NaN;NaN;NaN;NaN;NaN;NaN;NaN;NaN;NaN;90
;ServiceLog;natalie;1445544810062;22.10.2015 23:13:30;Raw;0.699;2.442;9.308;234.70313;-16.09375;-6.46875;36.66;-18.84;15.84;NaN;NaN;NaN;NaN;NaN;NaN;NaN;NaN;NaN;90
;ServiceLog;natalie;1445544811075;22.10.2015 23:13:31;Raw;0.373;2.585;9.012;236.3125;-13.578125;-1.3125;38.88;-21.06;15.12;NaN;NaN;NaN;NaN;NaN;NaN;NaN;NaN;NaN;90
;ServiceLog;natalie;1445544812093;22.10.2015 23:13:32;Raw;-0.076;2.71;9.069;236.92188;-15.03125;-0.5625;38.46;-21.18;16.74;NaN;NaN;NaN;NaN;NaN;NaN;NaN;NaN;NaN;90
;ServiceLog;natalie;1445544813107;22.10.2015 23:13:33;Raw;-0.747;1.848;9.625;237.25;-10.859375;3.828125;37.44;-22.38;17.28;NaN;NaN;NaN;NaN;NaN;NaN;NaN;NaN;NaN;90
;ServiceLog;natalie;1445544814126;22.10.2015 23:13:34;Raw;-1.398;1.915;9.49;235.70313;-12.8125;6.703125;35.34;-24.78;20.82;NaN;NaN;NaN;NaN;NaN;NaN;NaN;NaN;NaN;90
;ServiceLog;natalie;1445544815144;22.10.2015 23:13:35;Raw;-0.268;2.873;8.772;235.34375;-15.671875;2.21875;39.54;-22.02;17.16;NaN;NaN;NaN;NaN;NaN;NaN;NaN;NaN;NaN;90
;ServiceLog;natalie;1445544816162;22.10.2015 23:13:36;Raw;-1.264;2.135;9.529;236.96875;-12.171875;7.609375;38.82;-21.24;18.96;NaN;NaN;NaN;NaN;NaN;NaN;NaN;NaN;NaN;90
;ServiceLog;natalie;1445544817181;22.10.2015 23:13:37;Raw;-0.469;2.882;8.6;237.29688;-18.03125;2.859375;38.34;-20.34;21.6;NaN;NaN;NaN;NaN;NaN;NaN;NaN;NaN;NaN;90
;ServiceLog;natalie;1445544818203;22.10.2015 23:13:38;Raw;-0.852;1.886;9.462;244.01563;-11.859375;6.0;53.7;-17.1;17.4;NaN;NaN;NaN;NaN;NaN;NaN;NaN;NaN;NaN;90
;ServiceLog;natalie;1445544819217;22.10.2015 23:13:39;Raw;-0.258;1.618;10.218;254.0;-9.6875;-2.734375;64.8;-12.6;7.56;NaN;NaN;NaN;NaN;NaN;NaN;NaN;NaN;NaN;90
;ServiceLog;natalie;1445544820236;22.10.2015 23:13:40;Raw;0.22;2.509;8.638;255.78125;-8.734375;1.65625;66.9;-12.3;6.84;NaN;NaN;NaN;NaN;NaN;NaN;NaN;NaN;NaN;90
;ServiceLog;natalie;1445544821249;22.10.2015 23:13:41;Raw;0.66;1.781;9.931;257.07813;-10.015625;-4.65625;66.9;-13.14;2.94;NaN;NaN;NaN;NaN;NaN;NaN;NaN;NaN;NaN;90
;ServiceLog;natalie;1445544822263;22.10.2015 23:13:42;Raw;1.417;1.273;9.098;257.42188;-16.125;-5.765625;67.74;-12.54;1.8;NaN;NaN;NaN;NaN;NaN;NaN;NaN;NaN;NaN;90
;ServiceLog;natalie;1445544823282;22.10.2015 23:13:43;Raw;1.015;1.982;9.931;258.3125;-8.796875;-5.265625;68.46;-11.88;0.54;NaN;NaN;NaN;NaN;NaN;NaN;NaN;NaN;NaN;90
;ServiceLog;natalie;1445544824304;22.10.2015 23:13:44;Raw;0.996;2.145;10.008;258.4375;-10.171875;-2.71875;67.74;-14.22;2.88;NaN;NaN;NaN;NaN;NaN;NaN;NaN;NaN;NaN;90
;ServiceLog;natalie;1445544825325;22.10.2015 23:13:45;Raw;0.842;2.853;8.753;257.35938;-10.75;-3.890625;65.58;-17.52;-1.92;NaN;NaN;NaN;NaN;NaN;NaN;NaN;NaN;NaN;90
;ServiceLog;natalie;1445544826342;22.10.2015 23:13:46;Raw;0.766;2.518;8.868;258.01563;-9.890625;1.28125;66.66;-10.2;-9.3;NaN;NaN;NaN;NaN;NaN;NaN;NaN;NaN;NaN;90
;ServiceLog;natalie;1445544827356;22.10.2015 23:13:47;Raw;0.852;1.599;8.82;259.32813;-11.515625;-4.484375;64.86;-15.54;-14.58;NaN;NaN;NaN;NaN;NaN;NaN;NaN;NaN;NaN;90
;ServiceLog;natalie;1445544828375;22.10.2015 23:13:48;Raw;0.708;2.049;9.021;254.90625;-13.375;-2.296875;77.4;-27.9;7.26;NaN;NaN;NaN;NaN;NaN;NaN;NaN;NaN;NaN;90
;ServiceLog;natalie;1445544829395;22.10.2015 23:13:49;Raw;0.727;2.174;8.638;240.07813;-13.5625;-1.421875;60.42;-38.04;17.28;NaN;NaN;NaN;NaN;NaN;NaN;NaN;NaN;NaN;90
;ServiceLog;natalie;1445544830412;22.10.2015 23:13:50;Raw;1.043;1.972;9.002;239.90625;-10.828125;-6.359375;62.34;-32.04;13.92;NaN;NaN;NaN;NaN;NaN;NaN;NaN;NaN;NaN;90
;ServiceLog;natalie;1445544831430;22.10.2015 23:13:51;Raw;-0.162;2.547;9.596;240.28125;-13.34375;0.0;62.4;-32.28;14.16;NaN;NaN;NaN;NaN;NaN;NaN;NaN;NaN;NaN;90
;ServiceLog;natalie;1445544832443;22.10.2015 23:13:52;Raw;-0.258;1.685;13.484;240.82813;-9.703125;1.703125;63.06;-29.76;15.48;NaN;NaN;NaN;NaN;NaN;NaN;NaN;NaN;NaN;90
;ServiceLog;natalie;1445544833460;22.10.2015 23:13:53;Raw;-0.498;1.388;9.557;242.6875;-9.671875;3.28125;64.14;-24.6;16.86;NaN;NaN;NaN;NaN;NaN;NaN;NaN;NaN;NaN;90
;ServiceLog;natalie;1445544834483;22.10.2015 23:13:54;Raw;-0.373;2.02;9.567;245.01563;-15.859375;0.875;63.6;-21.36;16.92;NaN;NaN;NaN;NaN;NaN;NaN;NaN;NaN;NaN;90
;ServiceLog;natalie;1445544835503;22.10.2015 23:13:55;Raw;-0.392;2.049;9.567;247.14063;-14.453125;2.09375;64.62;-20.94;15.6;NaN;NaN;NaN;NaN;NaN;NaN;NaN;NaN;NaN;90
;ServiceLog;natalie;1445544836527;22.10.2015 23:13:56;Raw;-0.277;1.12;9.701;248.5;-9.015625;0.0;50.94;-16.26;17.4;NaN;NaN;NaN;NaN;NaN;NaN;NaN;NaN;NaN;90
;ServiceLog;natalie;1445544837546;22.10.2015 23:13:57;Raw;-0.249;1.743;9.107;248.25;-8.734375;2.765625;44.88;-14.1;20.46;NaN;NaN;NaN;NaN;NaN;NaN;NaN;NaN;NaN;90
;ServiceLog;natalie;1445544838563;22.10.2015 23:13:58;Raw;0.038;1.034;8.858;248.65625;-11.328125;1.671875;46.02;-15.3;19.8;NaN;NaN;NaN;NaN;NaN;NaN;NaN;NaN;NaN;90
;ServiceLog;natalie;1445544839582;22.10.2015 23:13:59;Raw;-0.067;1.848;8.686;248.15625;-10.015625;0.59375;47.28;-17.64;23.88;NaN;NaN;NaN;NaN;NaN;NaN;NaN;NaN;NaN;90
;ServiceLog;natalie;1445544840602;22.10.2015 23:14:00;Raw;0.258;1.063;9.241;247.64063;-9.890625;-1.5625;47.22;-14.16;21.9;NaN;NaN;NaN;NaN;NaN;NaN;NaN;NaN;NaN;90
;ServiceLog;natalie;1445544841620;22.10.2015 23:14:01;Raw;0.21;1.379;7.901;249.17188;-11.484375;-0.25;47.58;-13.14;19.92;NaN;NaN;NaN;NaN;NaN;NaN;NaN;NaN;NaN;90
;ServiceLog;natalie;1445544842636;22.10.2015 23:14:02;Raw;0.373;0.976;9.05;254.53125;-12.375;0.0;49.14;-5.34;34.2;NaN;NaN;NaN;NaN;NaN;NaN;NaN;NaN;NaN;90
;ServiceLog;natalie;1445544843654;22.10.2015 23:14:03;Raw;-0.344;2.011;8.734;253.875;-12.6875;-1.796875;48.54;-8.04;35.46;NaN;NaN;NaN;NaN;NaN;NaN;NaN;NaN;NaN;90
;ServiceLog;natalie;1445544844671;22.10.2015 23:14:04;Raw;-0.507;1.771;10.362;253.0;-10.03125;-4.8125;47.16;-8.82;34.86;NaN;NaN;NaN;NaN;NaN;NaN;NaN;NaN;NaN;90
;ServiceLog;natalie;1445544845693;22.10.2015 23:14:05;Raw;-0.009;0.881;9.749;252.125;-12.984375;-0.703125;45.9;-8.7;33.42;NaN;NaN;NaN;NaN;NaN;NaN;NaN;NaN;NaN;90
;ServiceLog;natalie;1445544846752;22.10.2015 23:14:06;Raw;-0.402;2.509;8.782;251.21875;-3.1875;0.328125;44.28;-12.9;28.2;NaN;NaN;NaN;NaN;NaN;NaN;NaN;NaN;NaN;90
;ServiceLog;natalie;1445544847766;22.10.2015 23:14:07;Raw;0.383;2.595;8.561;248.57813;-14.671875;-2.734375;46.08;-18.6;17.88;NaN;NaN;NaN;NaN;NaN;NaN;NaN;NaN;NaN;90
;ServiceLog;natalie;1445544848788;22.10.2015 23:14:08;Raw;-0.134;1.905;10.486;246.79688;-4.59375;-1.796875;43.86;-18.9;16.56;NaN;NaN;NaN;NaN;NaN;NaN;NaN;NaN;NaN;90
;ServiceLog;natalie;1445544849811;22.10.2015 23:14:09;Raw;0.335;2.413;9.452;245.78125;-9.25;-0.171875;45.96;-20.1;16.8;NaN;NaN;NaN;NaN;NaN;NaN;NaN;NaN;NaN;90
;ServiceLog;natalie;1445544850831;22.10.2015 23:14:10;Raw;-0.105;1.599;9.012;244.3125;-8.84375;-4.109375;42.78;-17.76;19.14;NaN;NaN;NaN;NaN;NaN;NaN;NaN;NaN;NaN;90
;ServiceLog;natalie;1445544851851;22.10.2015 23:14:11;Raw;0.45;2.681;9.529;254.90625;-17.5625;-0.140625;43.38;-4.5;17.46;NaN;NaN;NaN;NaN;NaN;NaN;NaN;NaN;NaN;90
;ServiceLog;natalie;1445544852866;22.10.2015 23:14:12;Raw;-0.536;1.695;8.696;261.34375;-10.375;4.984375;46.02;-2.04;8.94;NaN;NaN;NaN;NaN;NaN;NaN;NaN;NaN;NaN;90
;ServiceLog;natalie;1445544853883;22.10.2015 23:14:13;Raw;-0.019;1.561;9.51;263.35938;-8.078125;2.265625;43.32;0.72;8.34;NaN;NaN;NaN;NaN;NaN;NaN;NaN;NaN;NaN;90
;ServiceLog;natalie;1445544854901;22.10.2015 23:14:14;Raw;0.095;1.12;9.222;304.125;-4.765625;-1.3125;27.66;22.2;3.12;NaN;NaN;NaN;NaN;NaN;NaN;NaN;NaN;NaN;90
;ServiceLog;natalie;1445544855917;22.10.2015 23:14:15;Raw;0.593;2.403;9.433;277.79688;-11.203125;-3.6875;22.32;3.66;11.7;NaN;NaN;NaN;NaN;NaN;NaN;NaN;NaN;NaN;90
;ServiceLog;natalie;1445544856945;22.10.2015 23:14:16;Raw;-0.268;2.557;9.395;293.01563;-11.921875;-2.484375;28.62;15.96;7.38;NaN;NaN;NaN;NaN;NaN;NaN;NaN;NaN;NaN;90
;ServiceLog;natalie;1445544857990;22.10.2015 23:14:17;Raw;0.488;0.593;8.044;294.5;-6.359375;-2.90625;26.1;15.18;14.04;NaN;NaN;NaN;NaN;NaN;NaN;NaN;NaN;NaN;90
;ServiceLog;natalie;1445544859009;22.10.2015 23:14:19;Raw;0.411;1.321;9.567;290.75;-17.328125;3.421875;25.14;16.08;31.68;NaN;NaN;NaN;NaN;NaN;NaN;NaN;NaN;NaN;90
;ServiceLog;natalie;1445544860033;22.10.2015 23:14:20;Raw;-0.067;1.752;9.835;296.92188;-0.53125;-0.28125;25.14;15.48;32.28;NaN;NaN;NaN;NaN;NaN;NaN;NaN;NaN;NaN;90
;ServiceLog;natalie;1445544861053;22.10.2015 23:14:21;Raw;0.45;2.604;9.347;284.82813;-18.59375;-2.125;25.5;14.88;35.16;NaN;NaN;NaN;NaN;NaN;NaN;NaN;NaN;NaN;90
;ServiceLog;natalie;1445544862071;22.10.2015 23:14:22;Raw;-0.181;2.317;9.481;294.32813;-2.265625;1.53125;26.1;16.44;33.72;NaN;NaN;NaN;NaN;NaN;NaN;NaN;NaN;NaN;90
;ServiceLog;natalie;1445544863091;22.10.2015 23:14:23;Raw;0.019;0.957;8.878;299.79688;-3.5;-6.25;25.08;17.58;35.1;NaN;NaN;NaN;NaN;NaN;NaN;NaN;NaN;NaN;90
;ServiceLog;natalie;1445544864111;22.10.2015 23:14:24;Raw;-0.009;2.394;9.376;291.21875;-7.625;-1.0625;25.44;16.62;37.02;NaN;NaN;NaN;NaN;NaN;NaN;NaN;NaN;NaN;90
;ServiceLog;natalie;1445544865131;22.10.2015 23:14:25;Raw;0.277;3.17;9.835;291.75;-13.0;1.625;24.6;17.82;40.38;NaN;NaN;NaN;NaN;NaN;NaN;NaN;NaN;NaN;90
;ServiceLog;natalie;1445544866149;22.10.2015 23:14:26;Raw;-0.411;1.915;10.554;276.60938;-11.65625;-1.484375;24.36;11.52;38.64;NaN;NaN;NaN;NaN;NaN;NaN;NaN;NaN;NaN;90
;ServiceLog;natalie;1445544867164;22.10.2015 23:14:27;Raw;-0.057;1.685;8.332;285.5625;-19.65625;-0.78125;24.18;18.72;41.1;NaN;NaN;NaN;NaN;NaN;NaN;NaN;NaN;NaN;90
;ServiceLog;natalie;1445544868181;22.10.2015 23:14:28;Raw;0.277;2.997;7.355;285.3125;-10.5;2.859375;24.54;16.62;43.68;NaN;NaN;NaN;NaN;NaN;NaN;NaN;NaN;NaN;90
;ServiceLog;natalie;1445544869203;22.10.2015 23:14:29;Raw;-0.363;1.647;8.992;279.70313;-5.046875;2.9375;23.76;12.48;45.42;NaN;NaN;NaN;NaN;NaN;NaN;NaN;NaN;NaN;90
;ServiceLog;natalie;1445544870265;22.10.2015 23:14:30;Raw;-0.153;0.9;10.898;280.92188;-16.328125;0.640625;20.52;14.28;42.72;NaN;NaN;NaN;NaN;NaN;NaN;NaN;NaN;NaN;90
;ServiceLog;natalie;1445544871288;22.10.2015 23:14:31;Raw;0.028;-0.651;9.098;289.17188;-0.078125;4.515625;18.3;5.88;45.72;NaN;NaN;NaN;NaN;NaN;NaN;NaN;NaN;NaN;90
;ServiceLog;natalie;1445544872304;22.10.2015 23:14:32;Raw;-2.106;2.461;10.276;267.42188;-5.265625;1.703125;17.04;5.46;44.52;NaN;NaN;NaN;NaN;NaN;NaN;NaN;NaN;NaN;90
;ServiceLog;natalie;1445544873320;22.10.2015 23:14:33;Raw;-1.245;1.982;9.912;278.98438;-8.5625;5.9375;19.26;7.5;44.1;NaN;NaN;NaN;NaN;NaN;NaN;NaN;NaN;NaN;90
;ServiceLog;natalie;1445544874338;22.10.2015 23:14:34;Raw;-1.072;0.957;8.399;268.98438;1.375;6.109375;13.14;-3.3;46.2;NaN;NaN;NaN;NaN;NaN;NaN;NaN;NaN;NaN;90
;ServiceLog;natalie;1445544875356;22.10.2015 23:14:35;Raw;-1.187;1.685;10.515;240.23438;-11.859375;7.78125;12.42;-3.0;48.48;NaN;NaN;NaN;NaN;NaN;NaN;NaN;NaN;NaN;90
;ServiceLog;natalie;1445544876378;22.10.2015 23:14:36;Raw;-1.292;0.919;10.113;251.90625;-7.4375;9.125;14.46;-0.24;46.02;NaN;NaN;NaN;NaN;NaN;NaN;NaN;NaN;NaN;90
;ServiceLog;natalie;1445544877396;22.10.2015 23:14:37;Raw;-0.239;2.451;8.676;250.8125;-12.015625;9.671875;14.04;1.26;46.44;NaN;NaN;NaN;NaN;NaN;NaN;NaN;NaN;NaN;90
;ServiceLog;natalie;1445544878419;22.10.2015 23:14:38;Raw;-1.465;1.101;9.232;251.07813;-5.484375;8.171875;13.8;-2.88;46.02;NaN;NaN;NaN;NaN;NaN;NaN;NaN;NaN;NaN;90
;ServiceLog;natalie;1445544879440;22.10.2015 23:14:39;Raw;-1.187;0.392;9.692;243.09375;-7.09375;7.890625;13.86;-6.24;46.86;NaN;NaN;NaN;NaN;NaN;NaN;NaN;NaN;NaN;90
;ServiceLog;natalie;1445544880458;22.10.2015 23:14:40;Raw;-0.986;1.417;10.17;239.95313;-5.234375;7.046875;14.4;-7.26;46.14;NaN;NaN;NaN;NaN;NaN;NaN;NaN;NaN;NaN;90
;ServiceLog;natalie;1445544881476;22.10.2015 23:14:41;Raw;-0.928;1.187;9.059;240.65625;-4.390625;7.1875;14.52;-5.88;51.3;NaN;NaN;NaN;NaN;NaN;NaN;NaN;NaN;NaN;90
;ServiceLog;natalie;1445544882494;22.10.2015 23:14:42;Raw;-0.948;0.421;10.295;233.9375;-5.609375;6.359375;13.92;-11.4;49.38;NaN;NaN;NaN;NaN;NaN;NaN;NaN;NaN;NaN;90
;ServiceLog;natalie;1445544883510;22.10.2015 23:14:43;Raw;0.344;0.823;9.021;237.8125;-10.609375;0.359375;18.18;-3.3;45.36;NaN;NaN;NaN;NaN;NaN;NaN;NaN;NaN;NaN;90
;ServiceLog;natalie;1445544884536;22.10.2015 23:14:44;Raw;-0.392;0.45;9.95;244.25;-5.234375;3.328125;18.66;-6.36;43.02;NaN;NaN;NaN;NaN;NaN;NaN;NaN;NaN;NaN;90
;ServiceLog;natalie;1445544885555;22.10.2015 23:14:45;Raw;-1.063;0.0;9.366;235.3125;1.265625;7.546875;15.66;-14.22;44.76;NaN;NaN;NaN;NaN;NaN;NaN;NaN;NaN;NaN;90
;ServiceLog;natalie;1445544886572;22.10.2015 23:14:46;Raw;-1.676;-0.478;10.036;231.09375;2.234375;7.375;16.08;-18.48;51.0;NaN;NaN;NaN;NaN;NaN;NaN;NaN;NaN;NaN;90
;ServiceLog;natalie;1445544887593;22.10.2015 23:14:47;Raw;-1.302;-0.507;9.567;230.1875;0.359375;9.0625;14.64;-20.94;49.62;NaN;NaN;NaN;NaN;NaN;NaN;NaN;NaN;NaN;90
;ServiceLog;natalie;1445544888611;22.10.2015 23:14:48;Raw;-1.905;-0.679;9.395;234.03125;-0.734375;5.5;15.84;-18.78;49.5;NaN;NaN;NaN;NaN;NaN;NaN;NaN;NaN;NaN;90
;ServiceLog;natalie;1445544889631;22.10.2015 23:14:49;Raw;-1.273;-0.498;10.19;230.3125;1.203125;7.046875;13.98;-18.06;49.56;NaN;NaN;NaN;NaN;NaN;NaN;NaN;NaN;NaN;90
;ServiceLog;natalie;1445544890653;22.10.2015 23:14:50;Raw;-1.225;-0.785;9.692;232.96875;2.046875;7.5;13.98;-20.4;49.98;NaN;NaN;NaN;NaN;NaN;NaN;NaN;NaN;NaN;90
;ServiceLog;natalie;1445544891666;22.10.2015 23:14:51;Raw;-1.091;0.038;9.117;228.20313;-0.3125;7.921875;14.64;-21.78;50.34;NaN;NaN;NaN;NaN;NaN;NaN;NaN;NaN;NaN;90
;ServiceLog;natalie;1445544892689;22.10.2015 23:14:52;Raw;-1.101;-0.545;9.251;227.07813;1.234375;8.453125;14.46;-21.96;47.88;NaN;NaN;NaN;NaN;NaN;NaN;NaN;NaN;NaN;90
;ServiceLog;natalie;1445544893706;22.10.2015 23:14:53;Raw;-1.857;-0.996;9.711;230.59375;0.921875;9.890625;31.14;-26.76;33.96;NaN;NaN;NaN;NaN;NaN;NaN;NaN;NaN;NaN;90
;ServiceLog;natalie;1445544894723;22.10.2015 23:14:54;Raw;-1.379;-0.172;8.753;232.53125;0.3125;7.890625;39.18;-29.28;21.36;NaN;NaN;NaN;NaN;NaN;NaN;NaN;NaN;NaN;90
;ServiceLog;natalie;1445544895735;22.10.2015 23:14:55;Raw;-1.494;-0.153;9.807;232.95313;1.34375;6.78125;25.2;-24.66;40.56;NaN;NaN;NaN;NaN;NaN;NaN;NaN;NaN;NaN;90
;ServiceLog;natalie;1445544896753;22.10.2015 23:14:56;Raw;-1.024;0.565;9.826;224.67188;-1.9375;6.421875;15.48;-25.14;52.26;NaN;NaN;NaN;NaN;NaN;NaN;NaN;NaN;NaN;90
;ServiceLog;natalie;1445544897769;22.10.2015 23:14:57;Raw;-0.909;-0.689;8.935;219.5;1.796875;6.78125;13.62;-24.6;46.56;NaN;NaN;NaN;NaN;NaN;NaN;NaN;NaN;NaN;90
;ServiceLog;natalie;1445544898788;22.10.2015 23:14:58;Raw;-1.589;-0.622;9.797;221.42188;6.671875;7.515625;15.42;-27.18;53.4;NaN;NaN;NaN;NaN;NaN;NaN;NaN;NaN;NaN;90
;ServiceLog;natalie;1445544899806;22.10.2015 23:14:59;Raw;-1.465;-0.804;10.036;222.09375;3.015625;8.328125;14.1;-27.42;52.74;NaN;NaN;NaN;NaN;NaN;NaN;NaN;NaN;NaN;90
;ServiceLog;natalie;1445544900826;22.10.2015 23:15:00;Raw;-1.436;-0.191;10.008;217.64063;6.03125;6.421875;14.52;-31.02;57.36;NaN;NaN;NaN;NaN;NaN;NaN;NaN;NaN;NaN;90
;ServiceLog;natalie;1445544901845;22.10.2015 23:15:01;Raw;-1.35;-0.708;9.749;217.6875;3.046875;7.96875;13.5;-32.16;56.88;NaN;NaN;NaN;NaN;NaN;NaN;NaN;NaN;NaN;90
;ServiceLog;natalie;1445544902893;22.10.2015 23:15:02;Raw;-1.273;-0.325;10.036;217.54688;3.71875;7.171875;15.48;-32.58;58.14;NaN;NaN;NaN;NaN;NaN;NaN;NaN;NaN;NaN;90
;ServiceLog;natalie;1445544903910;22.10.2015 23:15:03;Raw;-1.158;-0.593;9.586;218.48438;4.53125;7.609375;15.96;-30.84;54.78;NaN;NaN;NaN;NaN;NaN;NaN;NaN;NaN;NaN;90
;ServiceLog;natalie;1445544904930;22.10.2015 23:15:04;Raw;-1.292;-0.402;9.969;219.10938;1.234375;8.515625;16.98;-30.66;52.2;NaN;NaN;NaN;NaN;NaN;NaN;NaN;NaN;NaN;90
;ServiceLog;natalie;1445544905946;22.10.2015 23:15:05;Raw;-1.206;-0.105;9.854;219.10938;3.8125;5.484375;16.14;-31.5;51.12;NaN;NaN;NaN;NaN;NaN;NaN;NaN;NaN;NaN;90
;ServiceLog;natalie;1445544906964;22.10.2015 23:15:06;Raw;-1.359;-0.679;10.477;219.17188;1.125;6.1875;18.36;-29.58;50.22;NaN;NaN;NaN;NaN;NaN;NaN;NaN;NaN;NaN;90
;ServiceLog;natalie;1445544907984;22.10.2015 23:15:07;Raw;-1.197;-0.708;9.529;221.1875;4.234375;7.0625;18.3;-28.02;51.06;NaN;NaN;NaN;NaN;NaN;NaN;NaN;NaN;NaN;90
;ServiceLog;natalie;1445544908997;22.10.2015 23:15:08;Raw;-0.861;-0.948;8.849;221.67188;4.390625;6.34375;18.96;-33.96;51.84;NaN;NaN;NaN;NaN;NaN;NaN;NaN;NaN;NaN;90
;ServiceLog;natalie;1445544910013;22.10.2015 23:15:10;Raw;-0.976;-0.22;9.471;216.73438;1.3125;5.828125;17.88;-32.76;47.04;NaN;NaN;NaN;NaN;NaN;NaN;NaN;NaN;NaN;90
;ServiceLog;natalie;1445544911029;22.10.2015 23:15:11;Raw;-1.139;-0.373;9.883;217.57813;1.3125;7.015625;20.04;-32.88;44.34;NaN;NaN;NaN;NaN;NaN;NaN;NaN;NaN;NaN;90
;ServiceLog;natalie;1445544912049;22.10.2015 23:15:12;Raw;-1.245;-0.469;9.232;217.84375;1.5625;6.359375;19.02;-34.62;45.36;NaN;NaN;NaN;NaN;NaN;NaN;NaN;NaN;NaN;90
;ServiceLog;natalie;1445544913077;22.10.2015 23:15:13;Raw;-1.446;-0.478;9.95;222.8125;0.640625;7.796875;35.16;-36.0;33.72;NaN;NaN;NaN;NaN;NaN;NaN;NaN;NaN;NaN;90
;ServiceLog;natalie;1445544914092;22.10.2015 23:15:14;Raw;-1.197;-0.43;9.557;228.96875;0.3125;8.796875;41.34;-32.94;24.12;NaN;NaN;NaN;NaN;NaN;NaN;NaN;NaN;NaN;90
;ServiceLog;natalie;1445544915108;22.10.2015 23:15:15;Raw;-1.436;-0.603;9.548;230.64063;1.65625;8.28125;42.12;-34.68;23.88;NaN;NaN;NaN;NaN;NaN;NaN;NaN;NaN;NaN;90
;ServiceLog;natalie;1445544916125;22.10.2015 23:15:16;Raw;-1.484;-0.565;9.95;232.07813;0.8125;9.21875;41.58;-32.58;25.98;NaN;NaN;NaN;NaN;NaN;NaN;NaN;NaN;NaN;90
;ServiceLog;natalie;1445544917142;22.10.2015 23:15:17;Raw;-1.426;-0.526;10.151;231.34375;0.21875;7.609375;40.14;-41.82;29.52;NaN;NaN;NaN;NaN;NaN;NaN;NaN;NaN;NaN;90
;ServiceLog;natalie;1445544918155;22.10.2015 23:15:18;Raw;-1.264;-0.507;9.299;231.0;-0.171875;8.359375;41.58;-33.48;27.72;NaN;NaN;NaN;NaN;NaN;NaN;NaN;NaN;NaN;90
;ServiceLog;natalie;1445544919167;22.10.2015 23:15:19;Raw;-1.58;-0.134;9.874;232.46875;3.671875;9.78125;41.82;-33.36;29.82;NaN;NaN;NaN;NaN;NaN;NaN;NaN;NaN;NaN;90
;ServiceLog;natalie;1445544920188;22.10.2015 23:15:20;Raw;-1.379;-0.459;9.308;233.78125;2.4375;7.484375;41.64;-31.56;30.84;NaN;NaN;NaN;NaN;NaN;NaN;NaN;NaN;NaN;89
;ServiceLog;natalie;1445544921201;22.10.2015 23:15:21;Raw;-1.417;-0.603;10.027;234.84375;4.203125;7.4375;41.1;-33.06;33.6;NaN;NaN;NaN;NaN;NaN;NaN;NaN;NaN;NaN;89
;ServiceLog;natalie;1445544922220;22.10.2015 23:15:22;Raw;-1.771;-0.727;9.701;235.17188;3.046875;7.03125;40.92;-31.44;32.28;NaN;NaN;NaN;NaN;NaN;NaN;NaN;NaN;NaN;90
;ServiceLog;natalie;1445544923238;22.10.2015 23:15:23;Raw;-1.608;-0.794;9.51;234.9375;2.625;9.265625;40.14;-37.32;32.4;NaN;NaN;NaN;NaN;NaN;NaN;NaN;NaN;NaN;90
;ServiceLog;natalie;1445544924269;22.10.2015 23:15:24;Raw;-0.871;-0.498;9.184;229.5;2.484375;7.6875;36.66;-36.36;36.54;NaN;NaN;NaN;NaN;NaN;NaN;NaN;NaN;NaN;90
;ServiceLog;natalie;1445544925287;22.10.2015 23:15:25;Raw;-1.532;-0.574;9.864;235.04688;3.140625;10.03125;33.48;-29.58;57.48;NaN;NaN;NaN;NaN;NaN;NaN;NaN;NaN;NaN;88
;ServiceLog;natalie;1445544926300;22.10.2015 23:15:26;Raw;-1.465;-0.679;9.404;235.64063;3.21875;9.328125;29.94;-30.78;53.82;NaN;NaN;NaN;NaN;NaN;NaN;NaN;NaN;NaN;88
;ServiceLog;natalie;1445544927316;22.10.2015 23:15:27;Raw;-1.417;-0.67;9.452;216.98438;2.375;9.890625;27.9;-43.86;3.9;NaN;NaN;NaN;NaN;NaN;NaN;NaN;NaN;NaN;86
;ServiceLog;natalie;1445544928331;22.10.2015 23:15:28;Raw;-1.599;-0.43;9.835;212.45313;3.109375;8.3125;29.88;-40.92;-41.28;NaN;NaN;NaN;NaN;NaN;NaN;NaN;NaN;NaN;88
;ServiceLog;natalie;1445544929349;22.10.2015 23:15:29;Raw;-1.369;-0.325;9.787;266.09375;1.34375;8.96875;39.66;4.26;15.9;NaN;NaN;NaN;NaN;NaN;NaN;NaN;NaN;NaN;88
;ServiceLog;natalie;1445544930365;22.10.2015 23:15:30;Raw;-1.628;-0.249;9.625;267.70313;2.609375;7.5;46.2;-7.98;15.66;NaN;NaN;NaN;NaN;NaN;NaN;NaN;NaN;NaN;87
;ServiceLog;natalie;1445544931382;22.10.2015 23:15:31;Raw;-1.704;-0.009;9.931;257.82813;0.984375;9.15625;44.16;-15.36;10.44;NaN;NaN;NaN;NaN;NaN;NaN;NaN;NaN;NaN;85
;ServiceLog;natalie;1445544932401;22.10.2015 23:15:32;Raw;-1.426;-0.057;9.404;251.875;0.390625;8.34375;45.54;-17.58;10.68;NaN;NaN;NaN;NaN;NaN;NaN;NaN;NaN;NaN;86
;ServiceLog;natalie;1445544933427;22.10.2015 23:15:33;Raw;-1.254;0.201;9.586;251.67188;1.703125;7.6875;41.82;-13.44;10.32;NaN;NaN;NaN;NaN;NaN;NaN;NaN;NaN;NaN;87
;ServiceLog;natalie;1445544934447;22.10.2015 23:15:34;Raw;-1.494;0.316;10.314;250.51563;0.0;6.625;43.08;-21.6;13.5;NaN;NaN;NaN;NaN;NaN;NaN;NaN;NaN;NaN;90
;ServiceLog;natalie;1445544935483;22.10.2015 23:15:35;Raw;-1.723;0.191;9.998;245.67188;-0.171875;8.34375;41.1;-20.16;11.52;NaN;NaN;NaN;NaN;NaN;NaN;NaN;NaN;NaN;87
;ServiceLog;natalie;1445544936499;22.10.2015 23:15:36;Raw;-1.225;-0.105;9.117;245.07813;0.5625;7.9375;42.24;-20.82;15.78;NaN;NaN;NaN;NaN;NaN;NaN;NaN;NaN;NaN;87
;ServiceLog;natalie;1445544937515;22.10.2015 23:15:37;Raw;-1.216;-0.421;9.127;246.23438;0.734375;9.609375;42.42;-16.8;22.2;NaN;NaN;NaN;NaN;NaN;NaN;NaN;NaN;NaN;87
;ServiceLog;natalie;1445544938532;22.10.2015 23:15:38;Raw;-1.331;-0.411;9.634;247.76563;1.203125;8.34375;40.44;-16.08;23.94;NaN;NaN;NaN;NaN;NaN;NaN;NaN;NaN;NaN;84
;ServiceLog;natalie;1445544939548;22.10.2015 23:15:39;Raw;-1.063;-0.363;9.941;250.17188;3.109375;8.734375;45.12;-16.14;24.66;NaN;NaN;NaN;NaN;NaN;NaN;NaN;NaN;NaN;84
;ServiceLog;natalie;1445544940565;22.10.2015 23:15:40;Raw;-1.388;-0.383;9.692;249.70313;2.9375;7.640625;44.04;-17.88;24.66;NaN;NaN;NaN;NaN;NaN;NaN;NaN;NaN;NaN;83
;ServiceLog;natalie;1445544941584;22.10.2015 23:15:41;Raw;-1.666;-0.373;9.222;249.71875;1.203125;9.296875;43.32;-19.14;23.28;NaN;NaN;NaN;NaN;NaN;NaN;NaN;NaN;NaN;88
;ServiceLog;natalie;1445544942605;22.10.2015 23:15:42;Raw;-1.302;-0.249;9.625;248.89063;2.65625;8.390625;44.64;-20.7;16.74;NaN;NaN;NaN;NaN;NaN;NaN;NaN;NaN;NaN;81
;ServiceLog;natalie;1445544943625;22.10.2015 23:15:43;Raw;-1.446;-0.316;8.724;247.8125;3.546875;8.421875;42.84;-19.44;17.82;NaN;NaN;NaN;NaN;NaN;NaN;NaN;NaN;NaN;88
;ServiceLog;natalie;1445544944645;22.10.2015 23:15:44;Raw;-1.503;-0.296;9.672;247.1875;2.328125;8.28125;43.92;-20.58;18.18;NaN;NaN;NaN;NaN;NaN;NaN;NaN;NaN;NaN;84
;ServiceLog;natalie;1445544945670;22.10.2015 23:15:45;Raw;-1.292;-0.747;9.711;247.23438;0.609375;8.984375;43.38;-18.9;16.08;NaN;NaN;NaN;NaN;NaN;NaN;NaN;NaN;NaN;88
;ServiceLog;natalie;1445544946694;22.10.2015 23:15:46;Raw;-1.446;-0.402;9.51;247.40625;2.125;7.4375;44.1;-19.92;16.38;NaN;NaN;NaN;NaN;NaN;NaN;NaN;NaN;NaN;81
;ServiceLog;natalie;1445544947712;22.10.2015 23:15:47;Raw;-1.628;-0.306;10.123;246.84375;1.953125;8.109375;42.66;-20.7;16.32;NaN;NaN;NaN;NaN;NaN;NaN;NaN;NaN;NaN;88
;ServiceLog;natalie;1445544948734;22.10.2015 23:15:48;Raw;-1.436;-0.296;9.787;246.9375;2.6875;7.234375;42.6;-19.08;16.38;NaN;NaN;NaN;NaN;NaN;NaN;NaN;NaN;NaN;83
;ServiceLog;natalie;1445544949752;22.10.2015 23:15:49;Raw;-1.283;-0.469;9.893;247.54688;3.28125;8.484375;42.84;-17.88;16.86;NaN;NaN;NaN;NaN;NaN;NaN;NaN;NaN;NaN;90
;ServiceLog;natalie;1445544950776;22.10.2015 23:15:50;Raw;-1.436;-0.162;9.5;247.67188;3.296875;7.375;42.48;-19.08;15.6;NaN;NaN;NaN;NaN;NaN;NaN;NaN;NaN;NaN;82
;ServiceLog;natalie;1445544951795;22.10.2015 23:15:51;Raw;-1.838;-0.325;10.822;247.17188;0.25;10.75;42.66;-20.04;14.4;NaN;NaN;NaN;NaN;NaN;NaN;NaN;NaN;NaN;85
;ServiceLog;natalie;1445544952815;22.10.2015 23:15:52;Raw;-1.8;-0.067;9.519;246.60938;0.078125;10.46875;41.34;-20.16;16.86;NaN;NaN;NaN;NaN;NaN;NaN;NaN;NaN;NaN;85
;ServiceLog;natalie;1445544953834;22.10.2015 23:15:53;Raw;-1.714;0.009;9.404;245.5;0.953125;9.6875;40.62;-22.68;17.64;NaN;NaN;NaN;NaN;NaN;NaN;NaN;NaN;NaN;83
;ServiceLog;natalie;1445544954853;22.10.2015 23:15:54;Raw;-1.81;-0.114;10.209;243.48438;2.375;9.609375;40.44;-24.78;17.7;NaN;NaN;NaN;NaN;NaN;NaN;NaN;NaN;NaN;90
;ServiceLog;natalie;1445544955877;22.10.2015 23:15:55;Raw;-1.733;-0.22;9.404;242.26563;0.0;10.4375;41.7;-24.42;17.22;NaN;NaN;NaN;NaN;NaN;NaN;NaN;NaN;NaN;82
;ServiceLog;natalie;1445544956897;22.10.2015 23:15:56;Raw;-1.254;-0.603;8.82;242.4375;1.34375;10.609375;41.1;-21.72;17.88;NaN;NaN;NaN;NaN;NaN;NaN;NaN;NaN;NaN;89
;ServiceLog;natalie;1445544957909;22.10.2015 23:15:57;Raw;-1.35;-0.354;9.184;244.64063;1.8125;9.671875;43.02;-15.96;9.12;NaN;NaN;NaN;NaN;NaN;NaN;NaN;NaN;NaN;86
;ServiceLog;natalie;1445544958921;22.10.2015 23:15:58;Raw;-1.685;-0.019;10.103;246.79688;2.4375;7.234375;41.64;-17.46;7.08;NaN;NaN;NaN;NaN;NaN;NaN;NaN;NaN;NaN;87
;ServiceLog;natalie;1445544959941;22.10.2015 23:15:59;Raw;-1.551;-0.162;9.653;245.42188;1.234375;8.90625;38.64;-20.64;11.64;NaN;NaN;NaN;NaN;NaN;NaN;NaN;NaN;NaN;85
;ServiceLog;natalie;1445544960952;22.10.2015 23:16:00;Raw;-1.417;-0.344;9.098;244.60938;2.234375;8.109375;32.28;-17.22;10.14;NaN;NaN;NaN;NaN;NaN;NaN;NaN;NaN;NaN;89
;ServiceLog;natalie;1445544961964;22.10.2015 23:16:01;Raw;-1.283;0.019;9.586;245.73438;1.484375;7.015625;36.18;-12.78;12.78;NaN;NaN;NaN;NaN;NaN;NaN;NaN;NaN;NaN;84
;ServiceLog;natalie;1445544962983;22.10.2015 23:16:02;Raw;-0.21;-0.536;8.906;258.84375;3.5;3.25;26.22;-3.18;5.52;NaN;NaN;NaN;NaN;NaN;NaN;NaN;NaN;NaN;90
;ServiceLog;natalie;1445544964000;22.10.2015 23:16:04;Raw;-0.277;-0.833;10.343;222.9375;5.65625;-0.3125;5.7;-8.7;-8.76;NaN;NaN;NaN;NaN;NaN;NaN;NaN;NaN;NaN;89
;ServiceLog;natalie;1445544965018;22.10.2015 23:16:05;Raw;-0.316;-0.747;9.969;113.609375;4.671875;1.53125;-15.06;-4.92;-3.12;NaN;NaN;NaN;NaN;NaN;NaN;NaN;NaN;NaN;89
;ServiceLog;natalie;1445544966036;22.10.2015 23:16:06;Raw;-0.009;-1.101;9.72;83.34375;6.75;0.53125;-25.38;5.64;1.68;NaN;NaN;NaN;NaN;NaN;NaN;NaN;NaN;NaN;88
;ServiceLog;natalie;1445544967052;22.10.2015 23:16:07;Raw;-0.105;-1.072;9.835;80.328125;4.375;0.171875;-39.3;3.42;-11.88;NaN;NaN;NaN;NaN;NaN;NaN;NaN;NaN;NaN;88
;ServiceLog;natalie;1445544968081;22.10.2015 23:16:08;Raw;-0.067;-0.699;9.577;89.75;3.140625;1.65625;-42.06;-3.24;-6.48;NaN;NaN;NaN;NaN;NaN;NaN;NaN;NaN;NaN;90
;ServiceLog;natalie;1445544969097;22.10.2015 23:16:09;Raw;-0.593;-1.187;9.529;94.15625;3.890625;1.421875;-41.34;-0.36;14.1;NaN;NaN;NaN;NaN;NaN;NaN;NaN;NaN;NaN;90
;ServiceLog;natalie;1445544970113;22.10.2015 23:16:10;Raw;-0.66;-1.312;9.136;54.28125;3.4375;1.5625;-38.94;27.84;67.62;NaN;NaN;NaN;NaN;NaN;NaN;NaN;NaN;NaN;90
;ServiceLog;natalie;1445544971129;22.10.2015 23:16:11;Raw;0.498;0.44;8.705;137.8125;-0.25;4.9375;-48.3;-60.96;46.74;NaN;NaN;NaN;NaN;NaN;NaN;NaN;NaN;NaN;90
;ServiceLog;natalie;1445544972149;22.10.2015 23:16:12;Raw;-0.622;-1.426;9.146;115.0;8.0;4.140625;-38.28;-8.64;-8.88;NaN;NaN;NaN;NaN;NaN;NaN;NaN;NaN;NaN;90
;ServiceLog;natalie;1445544973167;22.10.2015 23:16:13;Raw;-1.331;-1.245;10.793;55.109375;-1.140625;0.359375;-39.36;19.2;13.62;NaN;NaN;NaN;NaN;NaN;NaN;NaN;NaN;NaN;90
;ServiceLog;natalie;1445544974186;22.10.2015 23:16:14;Raw;-0.909;-0.689;9.835;114.21875;1.421875;1.515625;-38.52;-20.88;0.54;NaN;NaN;NaN;NaN;NaN;NaN;NaN;NaN;NaN;90
;ServiceLog;natalie;1445544975204;22.10.2015 23:16:15;Raw;-1.139;-0.641;9.921;125.15625;6.109375;6.453125;-32.4;-27.3;-4.5;NaN;NaN;NaN;NaN;NaN;NaN;NaN;NaN;NaN;90
;ServiceLog;natalie;1445544976221;22.10.2015 23:16:16;Raw;-1.733;-0.287;9.864;179.79688;4.140625;12.328125;6.78;-35.16;-0.78;NaN;NaN;NaN;NaN;NaN;NaN;NaN;NaN;NaN;89
;ServiceLog;natalie;1445544977239;22.10.2015 23:16:17;Raw;-1.733;-0.229;9.73;231.14063;2.96875;9.078125;44.52;-31.98;8.22;NaN;NaN;NaN;NaN;NaN;NaN;NaN;NaN;NaN;90
;ServiceLog;natalie;1445544978257;22.10.2015 23:16:18;Raw;-1.867;-0.162;10.19;233.8125;4.796875;9.84375;47.28;-31.38;7.74;NaN;NaN;NaN;NaN;NaN;NaN;NaN;NaN;NaN;90
;ServiceLog;natalie;1445544979277;22.10.2015 23:16:19;Raw;-1.254;-0.229;8.724;233.9375;1.3125;9.390625;46.68;-36.12;7.68;NaN;NaN;NaN;NaN;NaN;NaN;NaN;NaN;NaN;90
;ServiceLog;natalie;1445544980295;22.10.2015 23:16:20;Raw;-1.532;-0.239;8.245;233.71875;-0.984375;5.296875;47.52;-35.1;7.86;NaN;NaN;NaN;NaN;NaN;NaN;NaN;NaN;NaN;90
;ServiceLog;natalie;1445544981321;22.10.2015 23:16:21;Raw;-2.097;-0.076;11.004;233.6875;0.171875;7.890625;47.28;-35.88;8.46;NaN;NaN;NaN;NaN;NaN;NaN;NaN;NaN;NaN;90
;ServiceLog;natalie;1445544982340;22.10.2015 23:16:22;Raw;-1.953;0.086;10.429;233.21875;0.34375;11.34375;46.32;-37.14;9.06;NaN;NaN;NaN;NaN;NaN;NaN;NaN;NaN;NaN;90
;ServiceLog;natalie;1445544983357;22.10.2015 23:16:23;Raw;-1.8;-0.402;9.921;233.3125;-0.84375;8.703125;46.8;-33.54;9.6;NaN;NaN;NaN;NaN;NaN;NaN;NaN;NaN;NaN;90
;ServiceLog;natalie;1445544984370;22.10.2015 23:16:24;Raw;-2.02;-0.545;10.764;234.04688;-4.203125;6.765625;46.14;-34.38;10.14;NaN;NaN;NaN;NaN;NaN;NaN;NaN;NaN;NaN;90
;ServiceLog;natalie;1445544985392;22.10.2015 23:16:25;Raw;-1.944;-0.44;9.49;234.03125;1.265625;7.765625;46.14;-38.22;10.74;NaN;NaN;NaN;NaN;NaN;NaN;NaN;NaN;NaN;90
;ServiceLog;natalie;1445544986412;22.10.2015 23:16:26;Raw;-1.666;-0.967;9.854;228.625;1.8125;6.921875;45.0;-40.38;10.92;NaN;NaN;NaN;NaN;NaN;NaN;NaN;NaN;NaN;90
;ServiceLog;natalie;1445544987431;22.10.2015 23:16:27;Raw;-1.8;0.612;8.839;235.375;1.8125;10.34375;44.28;-27.9;17.58;NaN;NaN;NaN;NaN;NaN;NaN;NaN;NaN;NaN;90
;ServiceLog;natalie;1445544988453;22.10.2015 23:16:28;Raw;-1.455;0.459;8.36;235.5625;0.0;12.953125;45.48;-30.6;7.92;NaN;NaN;NaN;NaN;NaN;NaN;NaN;NaN;NaN;90
;ServiceLog;natalie;1445544989480;22.10.2015 23:16:29;Raw;-2.001;-0.057;9.529;240.5625;7.578125;12.40625;48.12;-24.9;10.62;NaN;NaN;NaN;NaN;NaN;NaN;NaN;NaN;NaN;90
;ServiceLog;natalie;1445544990510;22.10.2015 23:16:30;Raw;-1.704;0.258;8.782;243.07813;3.421875;14.125;49.26;-20.52;8.16;NaN;NaN;NaN;NaN;NaN;NaN;NaN;NaN;NaN;90
;ServiceLog;natalie;1445544991535;22.10.2015 23:16:31;Raw;-1.541;-0.21;9.854;244.375;2.765625;9.328125;27.9;-14.94;5.52;NaN;NaN;NaN;NaN;NaN;NaN;NaN;NaN;NaN;90
;ServiceLog;natalie;1445544992554;22.10.2015 23:16:32;Raw;-1.494;-0.076;9.605;242.07813;-2.609375;8.390625;23.82;-14.94;7.08;NaN;NaN;NaN;NaN;NaN;NaN;NaN;NaN;NaN;90
;ServiceLog;natalie;1445544993577;22.10.2015 23:16:33;Raw;-2.011;-0.699;11.08;241.21875;5.375;8.0625;22.98;-14.46;6.72;NaN;NaN;NaN;NaN;NaN;NaN;NaN;NaN;NaN;90
;ServiceLog;natalie;1445544994597;22.10.2015 23:16:34;Raw;-2.039;-1.206;10.726;240.09375;3.421875;5.859375;22.56;-15.36;6.3;NaN;NaN;NaN;NaN;NaN;NaN;NaN;NaN;NaN;90
;ServiceLog;natalie;1445544995615;22.10.2015 23:16:35;Raw;-1.743;-0.201;9.845;237.96875;3.078125;8.25;21.18;-16.5;7.68;NaN;NaN;NaN;NaN;NaN;NaN;NaN;NaN;NaN;90
;ServiceLog;natalie;1445544996639;22.10.2015 23:16:36;Raw;-1.484;-0.306;9.854;231.23438;6.640625;8.84375;20.82;-18.66;6.66;NaN;NaN;NaN;NaN;NaN;NaN;NaN;NaN;NaN;90
;ServiceLog;natalie;1445544997664;22.10.2015 23:16:37;Raw;-1.273;-0.708;10.668;221.35938;1.40625;7.640625;18.0;-25.62;7.2;NaN;NaN;NaN;NaN;NaN;NaN;NaN;NaN;NaN;90
;ServiceLog;natalie;1445544998698;22.10.2015 23:16:38;Raw;-0.814;-0.737;10.4;211.90625;3.109375;11.0;20.1;-37.44;6.54;NaN;NaN;NaN;NaN;NaN;NaN;NaN;NaN;NaN;90
;ServiceLog;natalie;1445544999727;22.10.2015 23:16:39;Raw;-1.331;-0.162;8.791;226.51563;-0.5625;9.015625;41.94;-35.04;7.08;NaN;NaN;NaN;NaN;NaN;NaN;NaN;NaN;NaN;90
;ServiceLog;natalie;1445545000755;22.10.2015 23:16:40;Raw;-0.928;-0.574;9.596;229.25;3.390625;5.484375;43.86;-32.16;7.5;NaN;NaN;NaN;NaN;NaN;NaN;NaN;NaN;NaN;90
;ServiceLog;natalie;1445545001777;22.10.2015 23:16:41;Raw;-1.829;0.469;8.801;230.54688;2.796875;6.5;45.3;-35.94;4.98;NaN;NaN;NaN;NaN;NaN;NaN;NaN;NaN;NaN;90
;ServiceLog;natalie;1445545002818;22.10.2015 23:16:42;Raw;-0.794;1.417;9.241;230.95313;-1.375;14.9375;43.98;-35.46;6.42;NaN;NaN;NaN;NaN;NaN;NaN;NaN;NaN;NaN;90
;ServiceLog;natalie;1445545003842;22.10.2015 23:16:43;Raw;-1.12;1.063;8.332;231.5625;0.171875;6.609375;45.18;-34.32;4.8;NaN;NaN;NaN;NaN;NaN;NaN;NaN;NaN;NaN;90
;ServiceLog;natalie;1445545004871;22.10.2015 23:16:44;Raw;-0.814;2.384;8.485;229.42188;3.671875;13.546875;40.02;-41.94;11.46;NaN;NaN;NaN;NaN;NaN;NaN;NaN;NaN;NaN;90
;ServiceLog;natalie;1445545005904;22.10.2015 23:16:45;Raw;-1.312;3.131;9.433;229.65625;-1.515625;15.0;44.64;-35.76;8.7;NaN;NaN;NaN;NaN;NaN;NaN;NaN;NaN;NaN;90
;ServiceLog;natalie;1445545006919;22.10.2015 23:16:46;Raw;-1.225;2.164;7.46;231.17188;3.859375;14.109375;44.82;-32.94;7.86;NaN;NaN;NaN;NaN;NaN;NaN;NaN;NaN;NaN;90
;ServiceLog;natalie;1445545007943;22.10.2015 23:16:47;Raw;-1.35;0.718;8.322;232.0625;2.71875;10.234375;44.46;-33.9;8.7;NaN;NaN;NaN;NaN;NaN;NaN;NaN;NaN;NaN;90
;ServiceLog;natalie;1445545008957;22.10.2015 23:16:48;Raw;-1.685;1.762;8.198;232.46875;4.53125;8.171875;44.58;-34.32;9.24;NaN;NaN;NaN;NaN;NaN;NaN;NaN;NaN;NaN;90
;ServiceLog;natalie;1445545009971;22.10.2015 23:16:49;Raw;-1.561;2.241;9.854;233.46875;0.171875;6.453125;46.02;-29.58;9.84;NaN;NaN;NaN;NaN;NaN;NaN;NaN;NaN;NaN;90
;ServiceLog;natalie;1445545011000;22.10.2015 23:16:51;Raw;-0.737;2.921;11.157;234.65625;-10.984375;1.09375;46.26;-30.54;9.54;NaN;NaN;NaN;NaN;NaN;NaN;NaN;NaN;NaN;90
;ServiceLog;natalie;1445545012018;22.10.2015 23:16:52;Raw;-0.727;2.049;10.113;235.42188;-12.609375;8.765625;45.96;-29.22;9.54;NaN;NaN;NaN;NaN;NaN;NaN;NaN;NaN;NaN;90
;ServiceLog;natalie;1445545013041;22.10.2015 23:16:53;Raw;-2.413;1.379;10.783;236.34375;-12.15625;2.625;46.44;-29.04;12.96;NaN;NaN;NaN;NaN;NaN;NaN;NaN;NaN;NaN;90
;ServiceLog;natalie;1445545014067;22.10.2015 23:16:54;Raw;-0.306;2.911;9.471;235.03125;-8.171875;4.5625;46.26;-34.02;8.16;NaN;NaN;NaN;NaN;NaN;NaN;NaN;NaN;NaN;90
;ServiceLog;natalie;1445545015087;22.10.2015 23:16:55;Raw;-1.379;3.888;9.701;234.34375;-20.484375;4.5625;46.2;-32.64;11.22;NaN;NaN;NaN;NaN;NaN;NaN;NaN;NaN;NaN;90
;ServiceLog;natalie;1445545016108;22.10.2015 23:16:56;Raw;-0.794;2.643;8.935;234.1875;-13.34375;3.578125;45.66;-34.5;10.86;NaN;NaN;NaN;NaN;NaN;NaN;NaN;NaN;NaN;90
;ServiceLog;natalie;1445545017126;22.10.2015 23:16:57;Raw;-1.455;2.461;9.749;233.875;-13.953125;8.171875;46.02;-34.02;10.26;NaN;NaN;NaN;NaN;NaN;NaN;NaN;NaN;NaN;90
;ServiceLog;natalie;1445545018148;22.10.2015 23:16:58;Raw;-1.532;1.091;9.356;233.4375;-0.25;7.09375;46.08;-35.64;8.88;NaN;NaN;NaN;NaN;NaN;NaN;NaN;NaN;NaN;90
;ServiceLog;natalie;1445545019168;22.10.2015 23:16:59;Raw;-0.976;1.561;8.715;233.9375;-7.96875;9.15625;45.3;-30.0;12.0;NaN;NaN;NaN;NaN;NaN;NaN;NaN;NaN;NaN;90
;ServiceLog;natalie;1445545020191;22.10.2015 23:17:00;Raw;-1.417;2.097;8.399;234.39063;-6.875;10.34375;43.38;-29.28;12.84;NaN;NaN;NaN;NaN;NaN;NaN;NaN;NaN;NaN;90
;ServiceLog;natalie;1445545021206;22.10.2015 23:17:01;Raw;-1.781;1.743;10.333;240.67188;-5.15625;9.75;47.04;-21.96;9.12;NaN;NaN;NaN;NaN;NaN;NaN;NaN;NaN;NaN;90
;ServiceLog;natalie;1445545022225;22.10.2015 23:17:02;Raw;-1.139;2.739;11.588;242.03125;-13.234375;5.4375;46.8;-22.32;8.82;NaN;NaN;NaN;NaN;NaN;NaN;NaN;NaN;NaN;90
;ServiceLog;natalie;1445545023245;22.10.2015 23:17:03;Raw;-1.781;0.938;10.113;242.89063;-10.828125;7.90625;47.94;-23.4;9.78;NaN;NaN;NaN;NaN;NaN;NaN;NaN;NaN;NaN;90
;ServiceLog;natalie;1445545024265;22.10.2015 23:17:04;Raw;-1.292;1.264;9.797;242.90625;-2.375;8.0625;47.1;-24.06;10.56;NaN;NaN;NaN;NaN;NaN;NaN;NaN;NaN;NaN;90
;ServiceLog;natalie;1445545025294;22.10.2015 23:17:05;Raw;-1.474;1.245;9.261;243.1875;-9.8125;8.78125;45.6;-21.66;17.16;NaN;NaN;NaN;NaN;NaN;NaN;NaN;NaN;NaN;90
;ServiceLog;natalie;1445545026312;22.10.2015 23:17:06;Raw;-1.139;3.419;8.935;243.0;-10.8125;14.09375;45.42;-22.92;16.74;NaN;NaN;NaN;NaN;NaN;NaN;NaN;NaN;NaN;90
;ServiceLog;natalie;1445545027330;22.10.2015 23:17:07;Raw;-1.541;2.202;9.28;242.79688;-15.6875;2.6875;46.56;-22.8;15.6;NaN;NaN;NaN;NaN;NaN;NaN;NaN;NaN;NaN;90
;ServiceLog;natalie;1445545028347;22.10.2015 23:17:08;Raw;-0.9;3.265;8.265;242.57813;-0.921875;12.71875;45.42;-23.64;15.12;NaN;NaN;NaN;NaN;NaN;NaN;NaN;NaN;NaN;90
;ServiceLog;natalie;1445545029366;22.10.2015 23:17:09;Raw;-1.283;1.79;10.065;241.875;0.046875;11.515625;45.0;-24.24;16.56;NaN;NaN;NaN;NaN;NaN;NaN;NaN;NaN;NaN;90
;ServiceLog;natalie;1445545030383;22.10.2015 23:17:10;Raw;-2.049;3.629;9.529;242.10938;3.890625;9.390625;46.2;-23.1;15.36;NaN;NaN;NaN;NaN;NaN;NaN;NaN;NaN;NaN;90
;ServiceLog;natalie;1445545031402;22.10.2015 23:17:11;Raw;-1.187;0.201;9.347;242.23438;-9.421875;4.390625;45.96;-23.16;12.96;NaN;NaN;NaN;NaN;NaN;NaN;NaN;NaN;NaN;90
;ServiceLog;natalie;1445545032418;22.10.2015 23:17:12;Raw;-0.861;1.417;9.213;243.17188;-13.53125;2.796875;45.24;-20.58;11.22;NaN;NaN;NaN;NaN;NaN;NaN;NaN;NaN;NaN;90
;ServiceLog;natalie;1445545033434;22.10.2015 23:17:13;Raw;-1.426;1.407;12.057;244.29688;-15.234375;5.328125;46.14;-20.46;6.54;NaN;NaN;NaN;NaN;NaN;NaN;NaN;NaN;NaN;90
;ServiceLog;natalie;1445545034451;22.10.2015 23:17:14;Raw;-2.03;0.545;10.247;244.92188;-19.328125;10.375;46.44;-21.18;3.84;NaN;NaN;NaN;NaN;NaN;NaN;NaN;NaN;NaN;90
;ServiceLog;natalie;1445545035481;22.10.2015 23:17:15;Raw;-2.212;-1.436;11.071;244.5625;6.46875;8.5625;45.0;-23.94;7.08;NaN;NaN;NaN;NaN;NaN;NaN;NaN;NaN;NaN;90
;ServiceLog;natalie;1445545036499;22.10.2015 23:17:16;Raw;-1.206;0.948;9.692;244.1875;-8.765625;5.578125;46.02;-21.6;4.02;NaN;NaN;NaN;NaN;NaN;NaN;NaN;NaN;NaN;90
;ServiceLog;natalie;1445545037516;22.10.2015 23:17:17;Raw;-1.532;1.867;8.456;244.625;-13.390625;8.515625;46.38;-21.3;4.86;NaN;NaN;NaN;NaN;NaN;NaN;NaN;NaN;NaN;90
;ServiceLog;natalie;1445545038533;22.10.2015 23:17:18;Raw;-1.733;1.235;9.998;244.76563;-6.28125;9.78125;46.02;-21.06;6.6;NaN;NaN;NaN;NaN;NaN;NaN;NaN;NaN;NaN;90
;ServiceLog;natalie;1445545039549;22.10.2015 23:17:19;Raw;-1.953;1.541;9.672;244.28125;-6.453125;4.765625;45.42;-23.52;7.74;NaN;NaN;NaN;NaN;NaN;NaN;NaN;NaN;NaN;90
;ServiceLog;natalie;1445545040561;22.10.2015 23:17:20;Raw;-2.279;2.26;8.418;244.25;-10.265625;17.03125;46.8;-19.14;11.04;NaN;NaN;NaN;NaN;NaN;NaN;NaN;NaN;NaN;90
;ServiceLog;natalie;1445545041574;22.10.2015 23:17:21;Raw;-0.488;3.83;10.113;245.5;-15.75;12.171875;45.84;-17.88;13.74;NaN;NaN;NaN;NaN;NaN;NaN;NaN;NaN;NaN;90
;ServiceLog;natalie;1445545042589;22.10.2015 23:17:22;Raw;0.316;2.394;9.337;245.90625;-16.796875;0.8125;49.86;-22.38;5.1;NaN;NaN;NaN;NaN;NaN;NaN;NaN;NaN;NaN;90
;ServiceLog;natalie;1445545043602;22.10.2015 23:17:23;Raw;-1.12;0.718;9.433;245.71875;-7.234375;3.328125;48.36;-20.64;8.94;NaN;NaN;NaN;NaN;NaN;NaN;NaN;NaN;NaN;90
;ServiceLog;natalie;1445545044615;22.10.2015 23:17:24;Raw;-1.082;1.455;10.716;245.1875;-13.5;4.984375;48.36;-22.38;12.0;NaN;NaN;NaN;NaN;NaN;NaN;NaN;NaN;NaN;90
;ServiceLog;natalie;1445545045632;22.10.2015 23:17:25;Raw;0.392;2.413;9.893;244.98438;-18.09375;-1.953125;59.16;-28.5;-1.2;NaN;NaN;NaN;NaN;NaN;NaN;NaN;NaN;NaN;90
;ServiceLog;natalie;1445545046654;22.10.2015 23:17:26;Raw;0.909;4.769;8.006;250.375;-29.640625;0.703125;61.2;-24.0;-10.2;NaN;NaN;NaN;NaN;NaN;NaN;NaN;NaN;NaN;90
;ServiceLog;natalie;1445545047676;22.10.2015 23:17:27;Raw;0.545;3.131;9.031;252.14063;-24.796875;-1.453125;60.18;-22.2;-9.66;NaN;NaN;NaN;NaN;NaN;NaN;NaN;NaN;NaN;90
;ServiceLog;natalie;1445545048726;22.10.2015 23:17:28;Raw;0.909;3.974;11.233;252.23438;-17.6875;0.390625;57.84;-21.84;-7.38;NaN;NaN;NaN;NaN;NaN;NaN;NaN;NaN;NaN;90
;ServiceLog;natalie;1445545049743;22.10.2015 23:17:29;Raw;0.373;4.549;8.466;250.65625;-16.125;-1.515625;60.42;-30.3;-5.58;NaN;NaN;NaN;NaN;NaN;NaN;NaN;NaN;NaN;90
;ServiceLog;natalie;1445545050760;22.10.2015 23:17:30;Raw;0.555;2.499;9.165;245.85938;-24.671875;-1.65625;59.4;-30.36;-1.26;NaN;NaN;NaN;NaN;NaN;NaN;NaN;NaN;NaN;90
;ServiceLog;natalie;1445545051777;22.10.2015 23:17:31;Raw;0.316;3.055;8.609;245.25;-21.265625;-2.34375;59.22;-28.08;4.2;NaN;NaN;NaN;NaN;NaN;NaN;NaN;NaN;NaN;90
;ServiceLog;natalie;1445545052795;22.10.2015 23:17:32;Raw;-0.344;4.233;10.324;244.78125;-18.6875;-5.890625;58.2;-27.96;6.78;NaN;NaN;NaN;NaN;NaN;NaN;NaN;NaN;NaN;90
;ServiceLog;natalie;1445545053814;22.10.2015 23:17:33;Raw;-0.383;3.428;7.814;243.65625;-27.609375;-1.515625;57.0;-30.24;10.68;NaN;NaN;NaN;NaN;NaN;NaN;NaN;NaN;NaN;90
;ServiceLog;natalie;1445545054831;22.10.2015 23:17:34;Raw;0.201;4.223;9.021;242.46875;-23.0625;10.609375;51.96;-30.6;16.56;NaN;NaN;NaN;NaN;NaN;NaN;NaN;NaN;NaN;90
;ServiceLog;natalie;1445545055850;22.10.2015 23:17:35;Raw;-0.833;3.217;10.582;244.54688;-9.546875;8.53125;56.7;-20.1;5.7;NaN;NaN;NaN;NaN;NaN;NaN;NaN;NaN;NaN;90
;ServiceLog;natalie;1445545056868;22.10.2015 23:17:36;Raw;-1.331;2.557;9.443;251.625;-11.40625;11.15625;55.2;-11.58;6.06;NaN;NaN;NaN;NaN;NaN;NaN;NaN;NaN;NaN;90
;ServiceLog;natalie;1445545057888;22.10.2015 23:17:37;Raw;-0.986;2.853;8.226;303.34375;-10.921875;10.640625;22.26;19.44;2.88;NaN;NaN;NaN;NaN;NaN;NaN;NaN;NaN;NaN;90
;ServiceLog;natalie;1445545058911;22.10.2015 23:17:38;Raw;-0.967;3.658;9.021;293.35938;-20.25;8.3125;22.2;10.98;8.88;NaN;NaN;NaN;NaN;NaN;NaN;NaN;NaN;NaN;90
;ServiceLog;natalie;1445545059932;22.10.2015 23:17:39;Raw;-0.823;3.677;9.356;293.84375;-18.09375;7.609375;21.96;12.06;6.12;NaN;NaN;NaN;NaN;NaN;NaN;NaN;NaN;NaN;90
;ServiceLog;natalie;1445545060952;22.10.2015 23:17:40;Raw;-1.302;3.026;8.897;287.8125;-19.0625;8.84375;21.12;8.34;8.7;NaN;NaN;NaN;NaN;NaN;NaN;NaN;NaN;NaN;90
;ServiceLog;natalie;1445545061966;22.10.2015 23:17:41;Raw;-1.57;3.208;9.107;277.54688;-18.828125;8.421875;20.58;5.22;11.58;NaN;NaN;NaN;NaN;NaN;NaN;NaN;NaN;NaN;90
;ServiceLog;natalie;1445545062988;22.10.2015 23:17:42;Raw;-0.823;3.955;9.443;275.375;-20.703125;8.484375;26.82;6.66;15.48;NaN;NaN;NaN;NaN;NaN;NaN;NaN;NaN;NaN;90
;ServiceLog;natalie;1445545064005;22.10.2015 23:17:44;Raw;-0.555;3.361;8.523;252.17188;-22.484375;2.609375;25.2;-4.8;15.54;NaN;NaN;NaN;NaN;NaN;NaN;NaN;NaN;NaN;90
;ServiceLog;natalie;1445545065026;22.10.2015 23:17:45;Raw;-0.498;3.399;8.303;261.4375;-20.609375;3.546875;25.38;1.74;12.96;NaN;NaN;NaN;NaN;NaN;NaN;NaN;NaN;NaN;90
;ServiceLog;natalie;1445545066044;22.10.2015 23:17:46;Raw;-0.948;3.533;8.945;262.71875;-20.15625;9.75;25.2;3.36;15.36;NaN;NaN;NaN;NaN;NaN;NaN;NaN;NaN;NaN;90
;ServiceLog;natalie;1445545067062;22.10.2015 23:17:47;Raw;-1.015;3.323;9.04;235.03125;-20.078125;5.96875;10.86;-0.3;21.72;NaN;NaN;NaN;NaN;NaN;NaN;NaN;NaN;NaN;90
;ServiceLog;natalie;1445545068086;22.10.2015 23:17:48;Raw;-0.498;3.38;7.824;229.34375;-23.328125;3.296875;6.6;0.9;26.82;NaN;NaN;NaN;NaN;NaN;NaN;NaN;NaN;NaN;87
;ServiceLog;natalie;1445545069107;22.10.2015 23:17:49;Raw;-1.551;3.428;8.734;215.40625;-21.828125;7.265625;9.54;-7.5;31.32;NaN;NaN;NaN;NaN;NaN;NaN;NaN;NaN;NaN;90
;ServiceLog;natalie;1445545070126;22.10.2015 23:17:50;Raw;-1.168;4.597;7.996;225.5625;-29.828125;7.40625;9.96;-4.08;12.84;NaN;NaN;NaN;NaN;NaN;NaN;NaN;NaN;NaN;90
;ServiceLog;natalie;1445545071153;22.10.2015 23:17:51;Raw;-0.881;4.319;9.318;225.60938;-24.796875;4.84375;10.14;-8.7;9.6;NaN;NaN;NaN;NaN;NaN;NaN;NaN;NaN;NaN;90
;ServiceLog;natalie;1445545072176;22.10.2015 23:17:52;Raw;-1.398;4.367;8.83;230.01563;-26.4375;7.9375;12.48;0.18;27.12;NaN;NaN;NaN;NaN;NaN;NaN;NaN;NaN;NaN;87
;ServiceLog;natalie;1445545073196;22.10.2015 23:17:53;Raw;-1.216;4.271;9.127;258.10938;-25.4375;6.046875;17.94;6.54;20.22;NaN;NaN;NaN;NaN;NaN;NaN;NaN;NaN;NaN;86
;ServiceLog;natalie;1445545074211;22.10.2015 23:17:54;Raw;-0.948;3.945;8.839;259.54688;-23.875;5.546875;23.04;1.26;16.44;NaN;NaN;NaN;NaN;NaN;NaN;NaN;NaN;NaN;88
;ServiceLog;natalie;1445545075235;22.10.2015 23:17:55;Raw;-0.66;3.62;9.328;258.45313;-21.09375;3.75;29.82;-3.42;16.32;NaN;NaN;NaN;NaN;NaN;NaN;NaN;NaN;NaN;87
;ServiceLog;natalie;1445545076261;22.10.2015 23:17:56;Raw;-0.067;3.725;8.399;251.6875;-23.875;0.328125;28.02;-7.02;13.68;NaN;NaN;NaN;NaN;NaN;NaN;NaN;NaN;NaN;87
;ServiceLog;natalie;1445545077281;22.10.2015 23:17:57;Raw;-1.034;3.955;9.155;250.95313;-24.765625;3.28125;27.6;-7.02;10.14;NaN;NaN;NaN;NaN;NaN;NaN;NaN;NaN;NaN;89
;ServiceLog;natalie;1445545078302;22.10.2015 23:17:58;Raw;-0.967;3.677;8.437;237.34375;-24.15625;7.78125;21.36;-13.02;13.32;NaN;NaN;NaN;NaN;NaN;NaN;NaN;NaN;NaN;90
;ServiceLog;natalie;1445545079328;22.10.2015 23:17:59;Raw;-1.024;3.639;8.427;236.73438;-23.234375;6.1875;22.2;-9.42;14.94;NaN;NaN;NaN;NaN;NaN;NaN;NaN;NaN;NaN;90
;ServiceLog;natalie;1445545080342;22.10.2015 23:18:00;Raw;-1.426;3.859;8.83;242.57813;-21.359375;7.375;20.52;-4.92;12.78;NaN;NaN;NaN;NaN;NaN;NaN;NaN;NaN;NaN;89
;ServiceLog;natalie;1445545081362;22.10.2015 23:18:01;Raw;-1.024;3.696;8.245;244.375;-22.75;7.296875;17.94;-4.08;15.3;NaN;NaN;NaN;NaN;NaN;NaN;NaN;NaN;NaN;90
;ServiceLog;natalie;1445545082377;22.10.2015 23:18:02;Raw;-1.57;3.907;8.858;244.5;-19.515625;5.546875;17.76;-3.66;17.16;NaN;NaN;NaN;NaN;NaN;NaN;NaN;NaN;NaN;90
;ServiceLog;natalie;1445545083399;22.10.2015 23:18:03;Raw;-1.589;3.725;8.983;244.0;-18.65625;7.796875;15.42;-2.64;19.56;NaN;NaN;NaN;NaN;NaN;NaN;NaN;NaN;NaN;84
;ServiceLog;natalie;1445545084425;22.10.2015 23:18:04;Raw;0.44;3.725;8.59;238.59375;-23.609375;5.046875;11.28;0.12;26.04;NaN;NaN;NaN;NaN;NaN;NaN;NaN;NaN;NaN;83
;ServiceLog;natalie;1445545085446;22.10.2015 23:18:05;Raw;1.187;1.685;8.743;226.6875;-27.671875;-1.03125;12.84;-2.76;25.26;NaN;NaN;NaN;NaN;NaN;NaN;NaN;NaN;NaN;86
;ServiceLog;natalie;1445545086466;22.10.2015 23:18:06;Raw;-0.162;3.16;8.983;223.6875;-19.78125;-1.203125;13.14;-4.14;23.16;NaN;NaN;NaN;NaN;NaN;NaN;NaN;NaN;NaN;89
;ServiceLog;natalie;1445545087491;22.10.2015 23:18:07;Raw;-0.239;4.204;8.456;252.23438;-26.6875;8.8125;17.82;-0.6;16.68;NaN;NaN;NaN;NaN;NaN;NaN;NaN;NaN;NaN;89
;ServiceLog;natalie;1445545088513;22.10.2015 23:18:08;Raw;0.086;-0.622;9.605;291.5625;0.0;-1.125;14.64;9.12;11.04;NaN;NaN;NaN;NaN;NaN;NaN;NaN;NaN;NaN;88
;ServiceLog;natalie;1445545089541;22.10.2015 23:18:09;Raw;-0.852;1.474;9.165;343.6875;-10.6875;9.046875;9.54;51.66;-0.12;NaN;NaN;NaN;NaN;NaN;NaN;NaN;NaN;NaN;81
;ServiceLog;natalie;1445545090560;22.10.2015 23:18:10;Raw;-0.603;1.426;9.605;358.54688;-13.78125;7.40625;-5.88;71.04;-4.8;NaN;NaN;NaN;NaN;NaN;NaN;NaN;NaN;NaN;81
;ServiceLog;natalie;1445545091586;22.10.2015 23:18:11;Raw;-3.074;0.249;9.165;0.859375;-6.734375;24.703125;-5.4;64.86;1.02;NaN;NaN;NaN;NaN;NaN;NaN;NaN;NaN;NaN;81
;ServiceLog;natalie;1445545092609;22.10.2015 23:18:12;Raw;-0.641;1.474;10.889;3.21875;-9.71875;7.75;-6.72;64.32;-7.32;NaN;NaN;NaN;NaN;NaN;NaN;NaN;NaN;NaN;80
;ServiceLog;natalie;1445545093630;22.10.2015 23:18:13;Raw;1.197;4.118;9.222;348.98438;-17.359375;-6.171875;10.74;41.28;-16.08;NaN;NaN;NaN;NaN;NaN;NaN;NaN;NaN;NaN;81
;ServiceLog;natalie;1445545094647;22.10.2015 23:18:14;Raw;-2.892;4.405;5.631;359.51563;-31.015625;28.734375;-15.48;35.76;12.66;NaN;NaN;NaN;NaN;NaN;NaN;NaN;NaN;NaN;81
;ServiceLog;natalie;1445545095666;22.10.2015 23:18:15;Raw;1.245;2.901;7.537;51.328125;-15.4375;-16.984375;-39.3;32.22;19.92;NaN;NaN;NaN;NaN;NaN;NaN;NaN;NaN;NaN;82
;ServiceLog;natalie;1445545096692;22.10.2015 23:18:16;Raw;2.221;2.873;9.988;19.171875;-21.453125;-11.640625;-10.32;25.38;-17.04;NaN;NaN;NaN;NaN;NaN;NaN;NaN;NaN;NaN;82
;ServiceLog;natalie;1445545097713;22.10.2015 23:18:17;Raw;-0.584;0.584;9.768;30.90625;3.21875;2.234375;-12.54;21.12;-32.22;NaN;NaN;NaN;NaN;NaN;NaN;NaN;NaN;NaN;82
;ServiceLog;natalie;1445545098738;22.10.2015 23:18:18;Raw;-1.177;-9.548;3.466;101.78125;110.96875;16.578125;0.72;18.06;-25.92;NaN;NaN;NaN;NaN;NaN;NaN;NaN;NaN;NaN;84
;ServiceLog;natalie;1445545099760;22.10.2015 23:18:19;Raw;-1.494;-6.033;-0.517;136.28125;96.578125;-1.53125;-3.48;27.66;-20.88;NaN;NaN;NaN;NaN;NaN;NaN;NaN;NaN;NaN;82
;ServiceLog;natalie;1445545100784;22.10.2015 23:18:20;Raw;-0.794;-7.307;1.35;141.03125;72.375;-8.8125;-6.6;35.04;-10.8;NaN;NaN;NaN;NaN;NaN;NaN;NaN;NaN;NaN;86
;ServiceLog;natalie;1445545101807;22.10.2015 23:18:21;Raw;1.695;-7.987;2.614;163.10938;80.03125;-9.875;-10.8;40.02;-19.02;NaN;NaN;NaN;NaN;NaN;NaN;NaN;NaN;NaN;90
;ServiceLog;natalie;1445545102840;22.10.2015 23:18:22;Raw;-0.766;-9.586;3.486;203.53125;73.953125;-12.640625;-8.4;36.9;-18.18;NaN;NaN;NaN;NaN;NaN;NaN;NaN;NaN;NaN;83
;ServiceLog;natalie;1445545103863;22.10.2015 23:18:23;Raw;-0.057;-10.151;5.976;115.5625;73.765625;-6.21875;-8.58;34.8;-13.32;NaN;NaN;NaN;NaN;NaN;NaN;NaN;NaN;NaN;89
;ServiceLog;natalie;1445545104887;22.10.2015 23:18:24;Raw;-2.461;-10.161;6.617;51.59375;42.21875;25.140625;-16.56;41.76;-10.74;NaN;NaN;NaN;NaN;NaN;NaN;NaN;NaN;NaN;87
;ServiceLog;natalie;1445545105910;22.10.2015 23:18:25;Raw;3.648;-17.698;-8.791;99.34375;51.25;4.84375;-17.34;42.96;-13.8;NaN;NaN;NaN;NaN;NaN;NaN;NaN;NaN;NaN;85
;ServiceLog;natalie;1445545106935;22.10.2015 23:18:26;Raw;-3.294;-13.609;2.834;152.78125;124.609375;-34.59375;-18.9;39.96;-17.7;NaN;NaN;NaN;NaN;NaN;NaN;NaN;NaN;NaN;90
;ServiceLog;natalie;1445545107956;22.10.2015 23:18:27;Raw;3.591;-10.697;6.253;135.89063;107.03125;-13.125;-21.06;36.66;-17.88;NaN;NaN;NaN;NaN;NaN;NaN;NaN;NaN;NaN;86
;ServiceLog;natalie;1445545108980;22.10.2015 23:18:28;Raw;1.484;-3.208;2.241;102.359375;79.390625;-9.078125;-22.74;38.22;-16.86;NaN;NaN;NaN;NaN;NaN;NaN;NaN;NaN;NaN;90
;ServiceLog;natalie;1445545110002;22.10.2015 23:18:30;Raw;2.346;-9.644;1.245;140.42188;109.8125;-19.75;-20.1;39.78;-17.28;NaN;NaN;NaN;NaN;NaN;NaN;NaN;NaN;NaN;85
;ServiceLog;natalie;1445545111028;22.10.2015 23:18:31;Raw;1.81;-10.937;2.997;92.875;73.71875;5.40625;-24.06;35.16;-16.32;NaN;NaN;NaN;NaN;NaN;NaN;NaN;NaN;NaN;85
;ServiceLog;natalie;1445545112048;22.10.2015 23:18:32;Raw;0.019;-8.36;4.922;109.328125;56.40625;13.015625;-24.54;34.14;-18.06;NaN;NaN;NaN;NaN;NaN;NaN;NaN;NaN;NaN;86
;ServiceLog;natalie;1445545113070;22.10.2015 23:18:33;Raw;7.297;-19.115;0.861;132.15625;87.109375;1.515625;-25.56;36.42;-20.64;NaN;NaN;NaN;NaN;NaN;NaN;NaN;NaN;NaN;83
;ServiceLog;natalie;1445545114095;22.10.2015 23:18:34;Raw;0.325;-4.28;-1.034;120.484375;125.609375;26.03125;-22.5;33.96;-20.58;NaN;NaN;NaN;NaN;NaN;NaN;NaN;NaN;NaN;90
;ServiceLog;natalie;1445545115117;22.10.2015 23:18:35;Raw;1.915;4.491;1.235;32.71875;-171.46875;-64.734375;-15.0;32.46;-16.92;NaN;NaN;NaN;NaN;NaN;NaN;NaN;NaN;NaN;85
;ServiceLog;natalie;1445545116144;22.10.2015 23:18:36;Raw;-3.802;-19.585;5.679;98.71875;101.171875;10.953125;-8.1;33.0;-20.28;NaN;NaN;NaN;NaN;NaN;NaN;NaN;NaN;NaN;90
;ServiceLog;natalie;1445545117166;22.10.2015 23:18:37;Raw;3.897;-14.404;3.821;88.671875;112.5625;21.84375;-8.16;40.56;-21.12;NaN;NaN;NaN;NaN;NaN;NaN;NaN;NaN;NaN;90
;ServiceLog;natalie;1445545118191;22.10.2015 23:18:38;Raw;-1.331;-8.724;5.219;95.390625;68.15625;4.234375;-5.4;46.14;-17.94;NaN;NaN;NaN;NaN;NaN;NaN;NaN;NaN;NaN;85
;ServiceLog;natalie;1445545119212;22.10.2015 23:18:39;Raw;2.557;-14.04;0.66;188.625;66.125;10.640625;-0.6;43.68;-21.36;NaN;NaN;NaN;NaN;NaN;NaN;NaN;NaN;NaN;90
;ServiceLog;natalie;1445545120235;22.10.2015 23:18:40;Raw;1.484;-17.267;-0.019;216.0625;54.9375;-32.75;-1.8;50.04;-27.12;NaN;NaN;NaN;NaN;NaN;NaN;NaN;NaN;NaN;90
;ServiceLog;natalie;1445545121258;22.10.2015 23:18:41;Raw;3.62;-2.116;7.259;146.78125;140.51563;29.78125;-1.08;49.8;-31.08;NaN;NaN;NaN;NaN;NaN;NaN;NaN;NaN;NaN;90
;ServiceLog;natalie;1445545122283;22.10.2015 23:18:42;Raw;5.803;-5.248;0.861;65.09375;1.8125;-36.90625;-3.3;48.0;-31.98;NaN;NaN;NaN;NaN;NaN;NaN;NaN;NaN;NaN;90
;ServiceLog;natalie;1445545123312;22.10.2015 23:18:43;Raw;-6.11;-13.12;12.373;151.03125;67.921875;5.828125;-3.72;48.3;-36.6;NaN;NaN;NaN;NaN;NaN;NaN;NaN;NaN;NaN;84
;ServiceLog;natalie;1445545124345;22.10.2015 23:18:44;Raw;2.336;-11.463;6.062;161.84375;56.890625;-12.609375;0.84;39.84;-39.3;NaN;NaN;NaN;NaN;NaN;NaN;NaN;NaN;NaN;84
;ServiceLog;natalie;1445545125368;22.10.2015 23:18:45;Raw;-2.308;-8.36;2.557;171.3125;69.84375;0.953125;-6.0;41.94;-40.44;NaN;NaN;NaN;NaN;NaN;NaN;NaN;NaN;NaN;90
;ServiceLog;natalie;1445545126392;22.10.2015 23:18:46;Raw;-1.877;-14.308;5.411;143.90625;82.109375;7.265625;-7.32;42.06;-40.5;NaN;NaN;NaN;NaN;NaN;NaN;NaN;NaN;NaN;90
;ServiceLog;natalie;1445545127414;22.10.2015 23:18:47;Raw;2.528;-16.52;5.257;122.1875;137.75;32.125;-8.22;45.72;-36.84;NaN;NaN;NaN;NaN;NaN;NaN;NaN;NaN;NaN;90
;ServiceLog;natalie;1445545128438;22.10.2015 23:18:48;Raw;-0.555;-16.376;-3.495;193.375;67.953125;-21.90625;-5.46;51.54;-35.94;NaN;NaN;NaN;NaN;NaN;NaN;NaN;NaN;NaN;82
;ServiceLog;natalie;1445545129460;22.10.2015 23:18:49;Raw;-3.265;-13.053;-2.537;226.17188;106.8125;-14.140625;1.38;51.18;-39.72;NaN;NaN;NaN;NaN;NaN;NaN;NaN;NaN;NaN;90
;ServiceLog;natalie;1445545130484;22.10.2015 23:18:50;Raw;-2.796;-7.278;-4.874;155.82813;123.9375;33.921875;2.46;46.92;-37.44;NaN;NaN;NaN;NaN;NaN;NaN;NaN;NaN;NaN;88
;ServiceLog;natalie;1445545131507;22.10.2015 23:18:51;Raw;-0.66;-5.928;0.517;128.32813;144.71875;41.265625;-3.24;48.0;-36.36;NaN;NaN;NaN;NaN;NaN;NaN;NaN;NaN;NaN;90
;ServiceLog;natalie;1445545132530;22.10.2015 23:18:52;Raw;-1.005;-7.412;0.986;166.57813;123.859375;18.296875;-2.46;49.26;-42.48;NaN;NaN;NaN;NaN;NaN;NaN;NaN;NaN;NaN;90
;ServiceLog;natalie;1445545133553;22.10.2015 23:18:53;Raw;-0.632;-6.656;0.22;175.0625;125.09375;17.640625;-0.78;43.86;-43.98;NaN;NaN;NaN;NaN;NaN;NaN;NaN;NaN;NaN;89
;ServiceLog;natalie;1445545134582;22.10.2015 23:18:54;Raw;1.005;-6.914;3.687;167.14063;110.875;15.625;-3.66;43.5;-45.9;NaN;NaN;NaN;NaN;NaN;NaN;NaN;NaN;NaN;90
;ServiceLog;natalie;1445545135605;22.10.2015 23:18:55;Raw;-4.012;-9.443;-3.284;142.0;124.578125;34.265625;-5.88;46.02;-47.22;NaN;NaN;NaN;NaN;NaN;NaN;NaN;NaN;NaN;89
;ServiceLog;natalie;1445545136630;22.10.2015 23:18:56;Raw;-9.443;-13.513;-1.13;159.59375;110.671875;18.53125;-6.48;46.86;-46.2;NaN;NaN;NaN;NaN;NaN;NaN;NaN;NaN;NaN;90
;ServiceLog;natalie;1445545137652;22.10.2015 23:18:57;Raw;-9.356;-14.911;-1.34;200.23438;118.78125;-28.5625;-5.16;46.26;-44.34;NaN;NaN;NaN;NaN;NaN;NaN;NaN;NaN;NaN;90
;ServiceLog;natalie;1445545138677;22.10.2015 23:18:58;Raw;7.192;-12.21;0.306;214.75;53.484375;-32.890625;-5.4;43.14;-45.42;NaN;NaN;NaN;NaN;NaN;NaN;NaN;NaN;NaN;90
;ServiceLog;natalie;1445545139698;22.10.2015 23:18:59;Raw;2.681;-12.718;-0.861;175.35938;84.53125;-3.5;-5.28;42.3;-42.96;NaN;NaN;NaN;NaN;NaN;NaN;NaN;NaN;NaN;90
;ServiceLog;natalie;1445545140825;22.10.2015 23:19:00;Raw;0.306;-15.064;1.436;171.625;74.6875;0.109375;-8.16;42.54;-42.66;NaN;NaN;NaN;NaN;NaN;NaN;NaN;NaN;NaN;90
;ServiceLog;natalie;1445545141859;22.10.2015 23:19:01;Raw;0.89;-13.063;2.106;175.92188;70.96875;-2.71875;-7.5;42.78;-38.52;NaN;NaN;NaN;NaN;NaN;NaN;NaN;NaN;NaN;90
;ServiceLog;natalie;1445545142886;22.10.2015 23:19:02;Raw;0.239;-12.23;5.114;119.4375;41.40625;15.421875;-6.96;44.1;-30.84;NaN;NaN;NaN;NaN;NaN;NaN;NaN;NaN;NaN;90
;ServiceLog;natalie;1445545143908;22.10.2015 23:19:03;Raw;-3.016;-8.111;5.114;129.60938;47.59375;15.546875;-7.08;43.02;-35.1;NaN;NaN;NaN;NaN;NaN;NaN;NaN;NaN;NaN;90
;ServiceLog;natalie;1445545144933;22.10.2015 23:19:04;Raw;-4.96;-11.732;6.684;143.10938;52.171875;22.265625;-5.88;38.58;-39.3;NaN;NaN;NaN;NaN;NaN;NaN;NaN;NaN;NaN;90
;ServiceLog;natalie;1445545145954;22.10.2015 23:19:05;Raw;-4.472;-9.155;5.526;159.45313;54.75;13.765625;-2.1;32.22;-40.08;NaN;NaN;NaN;NaN;NaN;NaN;NaN;NaN;NaN;90
;ServiceLog;natalie;1445545146978;22.10.2015 23:19:06;Raw;-1.283;-8.341;3.409;206.26563;77.375;-4.65625;-0.72;34.98;-37.08;NaN;NaN;NaN;NaN;NaN;NaN;NaN;NaN;NaN;90
;ServiceLog;natalie;1445545148000;22.10.2015 23:19:08;Raw;-0.296;-10.458;-0.584;186.45313;77.53125;-12.46875;2.76;38.28;-35.28;NaN;NaN;NaN;NaN;NaN;NaN;NaN;NaN;NaN;84
;ServiceLog;natalie;1445545149022;22.10.2015 23:19:09;Raw;-2.691;-12.555;-1.857;171.4375;115.78125;22.578125;0.48;36.78;-39.66;NaN;NaN;NaN;NaN;NaN;NaN;NaN;NaN;NaN;85
;ServiceLog;natalie;1445545150046;22.10.2015 23:19:10;Raw;2.355;-11.99;1.359;198.375;78.34375;-8.390625;2.28;32.16;-49.74;NaN;NaN;NaN;NaN;NaN;NaN;NaN;NaN;NaN;84
;ServiceLog;natalie;1445545151067;22.10.2015 23:19:11;Raw;1.723;-10.056;1.139;205.48438;78.234375;-10.515625;10.8;26.04;-41.88;NaN;NaN;NaN;NaN;NaN;NaN;NaN;NaN;NaN;83
;ServiceLog;natalie;1445545152092;22.10.2015 23:19:12;Raw;4.146;-15.151;-1.11;186.90625;84.703125;-3.578125;5.82;18.9;-49.26;NaN;NaN;NaN;NaN;NaN;NaN;NaN;NaN;NaN;85
;ServiceLog;natalie;1445545153114;22.10.2015 23:19:13;Raw;1.465;-11.521;-0.833;210.64063;100.875;-5.546875;16.02;17.58;-45.24;NaN;NaN;NaN;NaN;NaN;NaN;NaN;NaN;NaN;85
;ServiceLog;natalie;1445545154138;22.10.2015 23:19:14;Raw;0.22;-9.318;0.909;210.89063;84.96875;-4.171875;7.74;14.22;-22.44;NaN;NaN;NaN;NaN;NaN;NaN;NaN;NaN;NaN;90
;ServiceLog;natalie;1445545155159;22.10.2015 23:19:15;Raw;1.206;-8.849;-0.794;187.375;102.296875;-8.796875;-6.6;19.26;-26.88;NaN;NaN;NaN;NaN;NaN;NaN;NaN;NaN;NaN;90
;ServiceLog;natalie;1445545156185;22.10.2015 23:19:16;Raw;1.369;-10.458;-0.45;180.75;97.796875;-7.40625;-8.76;29.28;-37.68;NaN;NaN;NaN;NaN;NaN;NaN;NaN;NaN;NaN;90
;ServiceLog;natalie;1445545157207;22.10.2015 23:19:17;Raw;0.737;-10.554;0.028;175.70313;85.984375;-3.96875;-7.44;35.04;-36.12;NaN;NaN;NaN;NaN;NaN;NaN;NaN;NaN;NaN;87
;ServiceLog;natalie;1445545158236;22.10.2015 23:19:18;Raw;0.612;-10.276;0.545;173.8125;85.71875;-1.59375;-4.32;33.48;-40.2;NaN;NaN;NaN;NaN;NaN;NaN;NaN;NaN;NaN;89
;ServiceLog;natalie;1445545159259;22.10.2015 23:19:19;Raw;0.134;-10.103;0.124;172.1875;89.015625;-0.703125;-9.6;35.34;-41.28;NaN;NaN;NaN;NaN;NaN;NaN;NaN;NaN;NaN;86
;ServiceLog;natalie;1445545160286;22.10.2015 23:19:20;Raw;0.44;-10.17;0.507;170.5;86.046875;-1.734375;-10.02;35.76;-39.54;NaN;NaN;NaN;NaN;NaN;NaN;NaN;NaN;NaN;85
;ServiceLog;natalie;1445545161307;22.10.2015 23:19:21;Raw;0.459;-10.056;0.488;170.82813;86.28125;-2.546875;-8.28;33.48;-39.36;NaN;NaN;NaN;NaN;NaN;NaN;NaN;NaN;NaN;85
;ServiceLog;natalie;1445545162331;22.10.2015 23:19:22;Raw;0.603;-9.988;0.545;172.14063;85.359375;-3.4375;-6.96;27.48;-36.96;NaN;NaN;NaN;NaN;NaN;NaN;NaN;NaN;NaN;88
;ServiceLog;natalie;1445545163352;22.10.2015 23:19:23;Raw;0.488;-10.132;0.622;154.42188;86.0;-2.546875;-20.1;36.78;-28.62;NaN;NaN;NaN;NaN;NaN;NaN;NaN;NaN;NaN;83
;ServiceLog;natalie;1445545164379;22.10.2015 23:19:24;Raw;0.306;-10.151;0.555;149.3125;85.84375;-2.515625;-22.92;45.12;-36.18;NaN;NaN;NaN;NaN;NaN;NaN;NaN;NaN;NaN;84
;ServiceLog;natalie;1445545165401;22.10.2015 23:19:25;Raw;0.316;-10.247;0.689;161.04688;86.65625;-0.3125;-14.82;45.06;-40.08;NaN;NaN;NaN;NaN;NaN;NaN;NaN;NaN;NaN;84
;ServiceLog;natalie;1445545166425;22.10.2015 23:19:26;Raw;1.302;-10.19;0.421;171.01563;84.0625;-5.6875;-10.14;41.1;-38.1;NaN;NaN;NaN;NaN;NaN;NaN;NaN;NaN;NaN;85
;ServiceLog;natalie;1445545167447;22.10.2015 23:19:27;Raw;0.172;-9.826;0.191;173.39063;91.796875;-1.234375;-5.88;41.04;-33.84;NaN;NaN;NaN;NaN;NaN;NaN;NaN;NaN;NaN;85
;ServiceLog;natalie;1445545168469;22.10.2015 23:19:28;Raw;-0.43;-10.132;1.35;170.17188;85.078125;3.0;-3.84;36.18;-34.5;NaN;NaN;NaN;NaN;NaN;NaN;NaN;NaN;NaN;83
;ServiceLog;natalie;1445545169490;22.10.2015 23:19:29;Raw;0.019;-10.812;2.154;174.25;84.21875;2.265625;-1.02;34.32;-34.68;NaN;NaN;NaN;NaN;NaN;NaN;NaN;NaN;NaN;90
;ServiceLog;natalie;1445545170510;22.10.2015 23:19:30;Raw;0.134;-9.854;-0.105;172.78125;91.15625;0.171875;-2.76;35.22;-36.9;NaN;NaN;NaN;NaN;NaN;NaN;NaN;NaN;NaN;85
;ServiceLog;natalie;1445545171533;22.10.2015 23:19:31;Raw;9.079;-10.18;-0.823;199.32813;113.359375;-23.140625;-8.58;35.28;-36.06;NaN;NaN;NaN;NaN;NaN;NaN;NaN;NaN;NaN;83
;ServiceLog;natalie;1445545172553;22.10.2015 23:19:32;Raw;7.575;2.604;6.071;326.76563;-18.15625;-64.984375;-30.66;18.0;-40.74;NaN;NaN;NaN;NaN;NaN;NaN;NaN;NaN;NaN;81
;ServiceLog;natalie;1445545173585;22.10.2015 23:19:33;Raw;4.587;-7.297;5.851;14.484375;41.34375;-23.484375;-20.28;32.76;-31.56;NaN;NaN;NaN;NaN;NaN;NaN;NaN;NaN;NaN;83
;ServiceLog;natalie;1445545174605;22.10.2015 23:19:34;Raw;-3.754;2.135;8.466;64.046875;-5.15625;31.859375;5.76;0.0;-28.2;NaN;NaN;NaN;NaN;NaN;NaN;NaN;NaN;NaN;85
;ServiceLog;natalie;1445545175627;22.10.2015 23:19:35;Raw;-1.57;1.522;7.173;181.29688;1.453125;6.3125;-6.66;-12.6;-22.5;NaN;NaN;NaN;NaN;NaN;NaN;NaN;NaN;NaN;81
;ServiceLog;natalie;1445545176648;22.10.2015 23:19:36;Raw;-0.689;-1.685;5.526;118.875;-6.8125;16.28125;-6.18;-10.02;-31.86;NaN;NaN;NaN;NaN;NaN;NaN;NaN;NaN;NaN;83
;ServiceLog;natalie;1445545177666;22.10.2015 23:19:37;Raw;-0.086;1.628;9.816;122.140625;-5.375;2.765625;-9.0;-7.98;-36.18;NaN;NaN;NaN;NaN;NaN;NaN;NaN;NaN;NaN;85
;ServiceLog;natalie;1445545178682;22.10.2015 23:19:38;Raw;-1.474;1.944;9.452;102.578125;-10.546875;4.515625;-6.6;-9.36;-35.58;NaN;NaN;NaN;NaN;NaN;NaN;NaN;NaN;NaN;81
;ServiceLog;natalie;1445545179699;22.10.2015 23:19:39;Raw;-0.938;2.547;8.973;113.75;-14.96875;8.140625;-2.88;-14.04;-35.28;NaN;NaN;NaN;NaN;NaN;NaN;NaN;NaN;NaN;81
;ServiceLog;natalie;1445545180717;22.10.2015 23:19:40;Raw;-0.498;2.384;9.663;153.89063;-16.28125;3.078125;-3.06;-17.4;-30.6;NaN;NaN;NaN;NaN;NaN;NaN;NaN;NaN;NaN;83
;ServiceLog;natalie;1445545181740;22.10.2015 23:19:41;Raw;-1.398;2.049;8.782;116.046875;-11.546875;6.5625;-8.22;-11.88;-31.5;NaN;NaN;NaN;NaN;NaN;NaN;NaN;NaN;NaN;83
;ServiceLog;natalie;1445545182757;22.10.2015 23:19:42;Raw;-1.426;2.106;9.127;110.359375;-12.0625;4.8125;-10.26;-14.82;-37.44;NaN;NaN;NaN;NaN;NaN;NaN;NaN;NaN;NaN;82
