ID;Name;User;TimeStamp;DateTime;Type;Accel_X;Accel_Y;Accel_Z;Azimuth;Pitch;Roll;Magnetic_X;Magnetic_Y;Magnetic_Z;Gyro_X;Gyro_Y;Gyro_Z;GPS_Lat;GPS_Lon;GPS_Alt;GPS_Accuracy;GPS_Speed;GPS_Bearing;Audio
523;Приморская 3;natalie;1445533055223;22.10.2015 19:57:35;Raw;-0.287;2.097;8.878;359.35938;-12.234375;2.046875;9.06;102.0;-69.0;NaN;NaN;NaN;NaN;NaN;NaN;NaN;NaN;NaN;69
524;Приморская 4;natalie;1445533070767;22.10.2015 19:57:50;Raw;-0.526;1.541;10.056;356.92188;-12.6875;0.34375;7.8;98.52;-101.28;NaN;NaN;NaN;NaN;NaN;NaN;NaN;NaN;NaN;90
491;Гостиный двор 1;natalie;1445533399618;22.10.2015 20:03:19;Raw;-2.739;3.936;9.328;178.14063;-21.96875;11.0625;3.66;-66.66;-0.42;NaN;NaN;NaN;NaN;NaN;NaN;NaN;NaN;NaN;90
492;Гостиный двор 2;natalie;1445533422137;22.10.2015 20:03:42;Raw;-1.417;3.572;9.127;191.0625;-19.625;8.9375;19.44;-90.66;-20.04;NaN;NaN;NaN;NaN;NaN;NaN;NaN;NaN;NaN;82
333;Горьковская 3;natalie;1445533864763;22.10.2015 20:11:04;Raw;-0.622;2.011;9.433;201.48438;-12.40625;2.1875;21.06;-68.04;-47.4;NaN;NaN;NaN;NaN;NaN;NaN;NaN;NaN;NaN;77
334;Горьковская 4;natalie;1445533873743;22.10.2015 20:11:13;Raw;-0.239;1.522;9.414;114.921875;-10.859375;-8.0;-32.88;-20.94;-11.4;NaN;NaN;NaN;NaN;NaN;NaN;NaN;NaN;NaN;90
341;Петроградская 1;natalie;1445533965201;22.10.2015 20:12:45;Raw;-0.143;2.461;10.132;110.5625;-14.765625;2.96875;-18.48;17.76;68.28;NaN;NaN;NaN;NaN;NaN;NaN;NaN;NaN;NaN;90
342;Петроградская 2;natalie;1445533982963;22.10.2015 20:13:02;Raw;-0.842;2.327;9.692;16.171875;-14.84375;0.25;-25.62;103.74;90.12;NaN;NaN;NaN;NaN;NaN;NaN;NaN;NaN;NaN;70
343;Петроградская 3;natalie;1445534144109;22.10.2015 20:15:44;Raw;0.603;1.541;7.623;226.01563;-8.1875;5.765625;48.84;-50.58;109.56;NaN;NaN;NaN;NaN;NaN;NaN;NaN;NaN;NaN;80
344;Петроградская 4;natalie;1445534157584;22.10.2015 20:15:57;Raw;0.593;0.976;8.399;192.71875;-7.90625;2.4375;67.14;-214.56;222.48;NaN;NaN;NaN;NaN;NaN;NaN;NaN;NaN;NaN;90
331;Горьковская 1;natalie;1445534216277;22.10.2015 20:16:56;Raw;-2.375;1.848;8.217;318.70313;-10.0625;12.140625;65.7;111.42;88.38;NaN;NaN;NaN;NaN;NaN;NaN;NaN;NaN;NaN;84
332;Горьковская 2;natalie;1445534227133;22.10.2015 20:17:07;Raw;-1.666;1.379;10.496;324.0;-7.578125;8.765625;54.36;102.54;97.56;NaN;NaN;NaN;NaN;NaN;NaN;NaN;NaN;NaN;75
