ID;Name;User;TimeStamp;NetworkGen;NetworkType;Active;MCC;MNC;LAC;CID;PSC;Power
113;Библиотека им. Ленина 3;md;1418385121126;3G;UMTS;1;250;1;660;6891144;-1;-89
114;Библиотека им. Ленина 4;md;1418385133231;2G;EDGE;1;250;1;660;351;-1;-63
121;Кропоткинская 1;md;1418385179387;unknown;unknown;1;-1;-1;-1;-1;-1;-1
122;Кропоткинская 2;md;1418385196313;unknown;unknown;1;-1;-1;-1;-1;-1;-1
123;Кропоткинская 3;md;1418385209929;2G;EDGE;1;250;1;660;352;-1;0
124;Кропоткинская 4;md;1418385221173;2G;EDGE;1;250;1;660;352;-1;-69
131;Парк культуры (СКЛ) 1;md;1418385298991;unknown;unknown;1;-1;-1;-1;-1;-1;-1
132;Парк культуры (СКЛ) 2;md;1418385316369;unknown;unknown;1;-1;-1;-1;-1;-1;-1
983;Октябрьская (КРЛ) 3;md;1418386059370;2G;EDGE;1;250;1;770;43241;-1;-61
984;Октябрьская (КРЛ) 4;md;1418386071601;2G;EDGE;1;250;1;770;43241;-1;-71
991;Шаболовская 1;md;1418386149903;2G;EDGE;1;250;1;770;543;-1;-71
992;Шаболовская 2;md;1418386165339;2G;EDGE;1;250;1;770;543;-1;-73
993;Шаболовская 3;md;1418386186603;2G;EDGE;1;250;1;770;543;-1;-71
994;Шаболовская 4;md;1418386199039;2G;EDGE;1;250;1;770;543;-1;-57
1001;Ленинский проспект 1;md;1418386329140;unknown;unknown;1;-1;-1;-1;-1;-1;-1
1002;Ленинский проспект 2;md;1418386343494;unknown;unknown;1;-1;-1;-1;-1;-1;-1
1003;Ленинский проспект 3;md;1418386367572;2G;EDGE;1;250;1;770;543;-1;-71
1004;Ленинский проспект 4;md;1418386379816;2G;EDGE;1;250;1;770;543;-1;-79
1011;Академическая 1;md;1418386519211;unknown;unknown;1;-1;-1;-1;-1;-1;-1
1012;Академическая 2;md;1418386533490;2G;EDGE;1;250;1;770;543;-1;-65
