ID;Name;User;TimeStamp;NetworkGen;NetworkType;Active;MCC;MNC;LAC;CID;PSC;Power
2283;Лермонтовский проспект 3;Anna;1423845125889;unknown;unknown;1;0;0;0;-1;-1;-113
2284;Лермонтовский проспект 4;Anna;1423845136740;unknown;unknown;1;0;0;0;-1;-1;-113
1101;Выхино 1;Anna;1423845275269;unknown;unknown;1;0;0;0;-1;-1;-113
1102;Выхино 2;Anna;1423845289351;unknown;unknown;1;0;0;0;-1;-1;-113
1103;Выхино 3;Anna;1423845305492;unknown;unknown;1;0;0;0;-1;-1;-113
1104;Выхино 4;Anna;1423845315731;unknown;unknown;1;0;0;0;-1;-1;-113
1111;Рязанский проспект 1;Anna;1423845413394;unknown;unknown;1;0;0;0;-1;-1;-113
1112;Рязанский проспект 2;Anna;1423845429080;unknown;unknown;1;0;0;0;-1;-1;-113
1113;Рязанский проспект 3;Anna;1423845443512;unknown;unknown;1;0;0;0;-1;-1;-113
1114;Рязанский проспект 4;Anna;1423845455108;unknown;unknown;1;0;0;0;-1;-1;-113
1121;Кузьминки 1;Anna;1423845575799;unknown;unknown;1;0;0;0;-1;-1;-113
1122;Кузьминки 2;Anna;1423845590219;unknown;unknown;1;0;0;0;-1;-1;-113
1123;Кузьминки 3;Anna;1423845604981;unknown;unknown;1;0;0;0;-1;-1;-113
1124;Кузьминки 4;Anna;1423845616481;unknown;unknown;1;0;0;0;-1;-1;-113
1131;Текстильщики 1;Anna;1423845725719;unknown;unknown;1;0;0;0;-1;-1;-113
1132;Текстильщики 2;Anna;1423845739785;unknown;unknown;1;0;0;0;-1;-1;-113
1133;Текстильщики 3;Anna;1423845754020;unknown;unknown;1;0;0;0;-1;-1;-113
1134;Текстильщики 4;Anna;1423845765392;unknown;unknown;1;0;0;0;-1;-1;-113
1141;Волгоградский проспект 1;Anna;1423845935803;unknown;unknown;1;0;0;0;-1;-1;-113
1142;Волгоградский проспект 2;Anna;1423845949965;unknown;unknown;1;0;0;0;-1;-1;-113
1143;Волгоградский проспект 3;Anna;1423845965076;unknown;unknown;1;0;0;0;-1;-1;-113
1144;Волгоградский проспект 4;Anna;1423845976677;unknown;unknown;1;0;0;0;-1;-1;-113
1151;Пролетарская 1;Anna;1423846054583;unknown;unknown;1;0;0;0;-1;-1;-113
1152;Пролетарская 2;Anna;1423846069786;unknown;unknown;1;0;0;0;-1;-1;-113
1153;Пролетарская 3;Anna;1423846090490;unknown;unknown;1;0;0;0;-1;-1;-113
1154;Пролетарская 4;Anna;1423846107491;unknown;unknown;1;0;0;0;-1;-1;-113
1161;Таганская 1;Anna;1423846191585;unknown;unknown;1;0;0;0;-1;-1;-113
1162;Таганская 2;Anna;1423846205597;unknown;unknown;1;0;0;0;-1;-1;-113
1163;Таганская 3;Anna;1423846221796;unknown;unknown;1;0;0;0;-1;-1;-113
1164;Таганская 4;Anna;1423846232861;unknown;unknown;1;0;0;0;-1;-1;-113
2271;Китай-город (ТКЛ) 1;Anna;1423846337495;unknown;unknown;1;0;0;0;-1;-1;-113
2272;Китай-город (ТКЛ) 2;Anna;1423846350147;unknown;unknown;1;0;0;0;-1;-1;-113
2273;Китай-город (ТКЛ) 3;Anna;1423846370395;unknown;unknown;1;0;0;0;-1;-1;-113
2274;Китай-город (ТКЛ) 4;Anna;1423846382001;unknown;unknown;1;0;0;0;-1;-1;-113
1181;Кузнецкий мост 1;Anna;1423846420632;unknown;unknown;1;0;0;0;-1;-1;-113
1182;Кузнецкий мост 2;Anna;1423846434142;unknown;unknown;1;0;0;0;-1;-1;-113
1183;Кузнецкий мост 3;Anna;1423846455545;unknown;unknown;1;0;0;0;-1;-1;-113
1184;Кузнецкий мост 4;Anna;1423846466522;unknown;unknown;1;0;0;0;-1;-1;-113
1191;Пушкинская 1;Anna;1423846530293;unknown;unknown;1;0;0;0;-1;-1;-113
1192;Пушкинская 2;Anna;1423846544172;unknown;unknown;1;0;0;0;-1;-1;-113
1193;Пушкинская 3;Anna;1423846546922;unknown;unknown;1;0;0;0;-1;-1;-113
1193;Пушкинская 3;Anna;1423846564422;unknown;unknown;1;0;0;0;-1;-1;-113
1194;Пушкинская 4;Anna;1423846576933;unknown;unknown;1;0;0;0;-1;-1;-113
1201;Баррикадная 1;Anna;1423846674946;unknown;unknown;1;0;0;0;-1;-1;-113
1202;Баррикадная 2;Anna;1423846689966;unknown;unknown;1;0;0;0;-1;-1;-113
1203;Баррикадная 3;Anna;1423846710891;unknown;unknown;1;0;0;0;-1;-1;-113
1204;Баррикадная 4;Anna;1423846722805;unknown;unknown;1;0;0;0;-1;-1;-113
1211;Улица 1905 года 1;Anna;1423846794759;unknown;unknown;1;0;0;0;-1;-1;-113
1212;Улица 1905 года 2;Anna;1423846809265;unknown;unknown;1;0;0;0;-1;-1;-113
1213;Улица 1905 года 3;Anna;1423846823885;unknown;unknown;1;0;0;0;-1;-1;-113
1214;Улица 1905 года 4;Anna;1423846835428;unknown;unknown;1;0;0;0;-1;-1;-113
1221;Беговая 1;Anna;1423846907707;unknown;unknown;1;0;0;0;-1;-1;-113
1222;Беговая 2;Anna;1423846923274;unknown;unknown;1;0;0;0;-1;-1;-113
1223;Беговая 3;Anna;1423846940196;unknown;unknown;1;0;0;0;-1;-1;-113
1224;Беговая 4;Anna;1423846951924;unknown;unknown;1;0;0;0;-1;-1;-113
1231;Полежаевская 1;Anna;1423847046422;unknown;unknown;1;0;0;0;-1;-1;-113
1232;Полежаевская 2;Anna;1423847061481;unknown;unknown;1;0;0;0;-1;-1;-113
1233;Полежаевская 3;Anna;1423847079325;unknown;unknown;1;0;0;0;-1;-1;-113
1234;Полежаевская 4;Anna;1423847090461;unknown;unknown;1;0;0;0;-1;-1;-113
1241;Октябрьское поле 1;Anna;1423847217761;unknown;unknown;1;0;0;0;-1;-1;-113
1241;Октябрьское поле 1;Anna;1423847224729;unknown;unknown;1;0;0;0;-1;-1;-113
1242;Октябрьское поле 2;Anna;1423847236715;unknown;unknown;1;0;0;0;-1;-1;-113
1243;Октябрьское поле 3;Anna;1423847261166;unknown;unknown;1;0;0;0;-1;-1;-113
1244;Октябрьское поле 4;Anna;1423847274590;unknown;unknown;1;0;0;0;-1;-1;-113
1251;Щукинская 1;Anna;1423847423722;unknown;unknown;1;0;0;0;-1;-1;-113
1252;Щукинская 2;Anna;1423847438755;unknown;unknown;1;0;0;0;-1;-1;-113
