ID;Name;User;TimeStamp;NetworkGen;NetworkType;Active;MCC;MNC;LAC;CID;PSC;Power
;ServiceLog;md;1424162137998;unknown;unknown;1;-1;-1;-1;-1;-1;-1
;ServiceLog;md;1424162139023;unknown;unknown;1;-1;-1;-1;-1;-1;-1
;ServiceLog;md;1424162140055;unknown;unknown;1;-1;-1;-1;-1;-1;-1
;ServiceLog;md;1424162141073;unknown;unknown;1;-1;-1;-1;-1;-1;-1
;ServiceLog;md;1424162142155;unknown;unknown;1;-1;-1;-1;-1;-1;-1
;ServiceLog;md;1424162143173;unknown;unknown;1;-1;-1;-1;-1;-1;-1
;ServiceLog;md;1424162144201;unknown;unknown;1;-1;-1;-1;-1;-1;-1
;ServiceLog;md;1424162145239;unknown;unknown;1;-1;-1;-1;-1;-1;-1
;ServiceLog;md;1424162146272;unknown;unknown;1;-1;-1;-1;-1;-1;-1
;ServiceLog;md;1424162147324;unknown;unknown;1;-1;-1;-1;-1;-1;-1
;ServiceLog;md;1424162148370;unknown;unknown;1;-1;-1;-1;-1;-1;-1
;ServiceLog;md;1424162149389;unknown;unknown;1;-1;-1;-1;-1;-1;-1
;ServiceLog;md;1424162150410;unknown;unknown;1;-1;-1;-1;-1;-1;-1
;ServiceLog;md;1424162151424;unknown;unknown;1;-1;-1;-1;-1;-1;-1
;ServiceLog;md;1424162152440;unknown;unknown;1;-1;-1;-1;-1;-1;-1
;ServiceLog;md;1424162153476;unknown;unknown;1;-1;-1;-1;-1;-1;-1
;ServiceLog;md;1424162154490;unknown;unknown;1;-1;-1;-1;-1;-1;-1
;ServiceLog;md;1424162155534;unknown;unknown;1;-1;-1;-1;-1;-1;-1
;ServiceLog;md;1424162156564;unknown;unknown;1;-1;-1;-1;-1;-1;-1
;ServiceLog;md;1424162157594;unknown;unknown;1;-1;-1;-1;-1;-1;-1
;ServiceLog;md;1424162158622;unknown;unknown;1;-1;-1;-1;-1;-1;-1
;ServiceLog;md;1424162159635;unknown;unknown;1;-1;-1;-1;-1;-1;-1
;ServiceLog;md;1424162160666;unknown;unknown;1;-1;-1;-1;-1;-1;-1
;ServiceLog;md;1424162161708;unknown;unknown;1;-1;-1;-1;-1;-1;-1
;ServiceLog;md;1424162162750;unknown;unknown;1;-1;-1;-1;-1;-1;-1
;ServiceLog;md;1424162163801;unknown;unknown;1;-1;-1;-1;-1;-1;-1
;ServiceLog;md;1424162164829;unknown;unknown;1;-1;-1;-1;-1;-1;-1
;ServiceLog;md;1424162165872;unknown;unknown;1;-1;-1;-1;-1;-1;-1
;ServiceLog;md;1424162166896;unknown;unknown;1;-1;-1;-1;-1;-1;-1
;ServiceLog;md;1424162167930;unknown;unknown;1;-1;-1;-1;-1;-1;-1
;ServiceLog;md;1424162168958;unknown;unknown;1;-1;-1;-1;-1;-1;-1
;ServiceLog;md;1424162169972;unknown;unknown;1;-1;-1;-1;-1;-1;-1
;ServiceLog;md;1424162171002;unknown;unknown;1;-1;-1;-1;-1;-1;-1
;ServiceLog;md;1424162172036;unknown;unknown;1;-1;-1;-1;-1;-1;-1
;ServiceLog;md;1424162173065;unknown;unknown;1;-1;-1;-1;-1;-1;-1
;ServiceLog;md;1424162174098;unknown;unknown;1;-1;-1;-1;-1;-1;-1
;ServiceLog;md;1424162175133;unknown;unknown;1;-1;-1;-1;-1;-1;-1
;ServiceLog;md;1424162176163;unknown;unknown;1;-1;-1;-1;-1;-1;-1
;ServiceLog;md;1424162177192;unknown;unknown;1;-1;-1;-1;-1;-1;-1
;ServiceLog;md;1424162178222;unknown;unknown;1;-1;-1;-1;-1;-1;-1
;ServiceLog;md;1424162179251;unknown;unknown;1;-1;-1;-1;-1;-1;-1
;ServiceLog;md;1424162180266;unknown;unknown;1;-1;-1;-1;-1;-1;-1
;ServiceLog;md;1424162181296;unknown;unknown;1;-1;-1;-1;-1;-1;-1
;ServiceLog;md;1424162182325;unknown;unknown;1;-1;-1;-1;-1;-1;-1
;ServiceLog;md;1424162183354;unknown;unknown;1;-1;-1;-1;-1;-1;-1
;ServiceLog;md;1424162184391;unknown;unknown;1;-1;-1;-1;-1;-1;-1
;ServiceLog;md;1424162185403;unknown;unknown;1;-1;-1;-1;-1;-1;-1
;ServiceLog;md;1424162186419;unknown;unknown;1;-1;-1;-1;-1;-1;-1
;ServiceLog;md;1424162187452;unknown;unknown;1;-1;-1;-1;-1;-1;-1
;ServiceLog;md;1424162188481;unknown;unknown;1;-1;-1;-1;-1;-1;-1
;ServiceLog;md;1424162189504;unknown;unknown;1;-1;-1;-1;-1;-1;-1
;ServiceLog;md;1424162190530;unknown;unknown;1;-1;-1;-1;-1;-1;-1
;ServiceLog;md;1424162191560;unknown;unknown;1;-1;-1;-1;-1;-1;-1
;ServiceLog;md;1424162192594;unknown;unknown;1;-1;-1;-1;-1;-1;-1
;ServiceLog;md;1424162193624;unknown;unknown;1;-1;-1;-1;-1;-1;-1
;ServiceLog;md;1424162194659;unknown;unknown;1;-1;-1;-1;-1;-1;-1
;ServiceLog;md;1424162195688;unknown;unknown;1;-1;-1;-1;-1;-1;-1
;ServiceLog;md;1424162196724;unknown;unknown;1;-1;-1;-1;-1;-1;-1
;ServiceLog;md;1424162197756;unknown;unknown;1;-1;-1;-1;-1;-1;-1
;ServiceLog;md;1424162198785;unknown;unknown;1;-1;-1;-1;-1;-1;-1
;ServiceLog;md;1424162199814;unknown;unknown;1;-1;-1;-1;-1;-1;-1
;ServiceLog;md;1424162200828;unknown;unknown;1;-1;-1;-1;-1;-1;-1
;ServiceLog;md;1424162201860;unknown;unknown;1;-1;-1;-1;-1;-1;-1
;ServiceLog;md;1424162202889;unknown;unknown;1;-1;-1;-1;-1;-1;-1
;ServiceLog;md;1424162203904;unknown;unknown;1;-1;-1;-1;-1;-1;-1
;ServiceLog;md;1424162204932;unknown;unknown;1;-1;-1;-1;-1;-1;-1
;ServiceLog;md;1424162205946;unknown;unknown;1;-1;-1;-1;-1;-1;-1
;ServiceLog;md;1424162206979;unknown;unknown;1;-1;-1;-1;-1;-1;-1
;ServiceLog;md;1424162208012;unknown;unknown;1;-1;-1;-1;-1;-1;-1
;ServiceLog;md;1424162209059;unknown;unknown;1;-1;-1;-1;-1;-1;-1
;ServiceLog;md;1424162210111;unknown;unknown;1;-1;-1;-1;-1;-1;-1
;ServiceLog;md;1424162211132;unknown;unknown;1;-1;-1;-1;-1;-1;-1
;ServiceLog;md;1424162212161;unknown;unknown;1;-1;-1;-1;-1;-1;-1
;ServiceLog;md;1424162213193;unknown;unknown;1;-1;-1;-1;-1;-1;-1
;ServiceLog;md;1424162214222;unknown;unknown;1;-1;-1;-1;-1;-1;-1
;ServiceLog;md;1424162215249;unknown;unknown;1;-1;-1;-1;-1;-1;-1
;ServiceLog;md;1424162216276;unknown;unknown;1;-1;-1;-1;-1;-1;-1
;ServiceLog;md;1424162217306;unknown;unknown;1;-1;-1;-1;-1;-1;-1
;ServiceLog;md;1424162218337;unknown;unknown;1;-1;-1;-1;-1;-1;-1
;ServiceLog;md;1424162219366;unknown;unknown;1;-1;-1;-1;-1;-1;-1
;ServiceLog;md;1424162220400;unknown;unknown;1;-1;-1;-1;-1;-1;-1
;ServiceLog;md;1424162221423;unknown;unknown;1;-1;-1;-1;-1;-1;-1
;ServiceLog;md;1424162222452;unknown;unknown;1;-1;-1;-1;-1;-1;-1
;ServiceLog;md;1424162223481;unknown;unknown;1;-1;-1;-1;-1;-1;-1
;ServiceLog;md;1424162224511;unknown;unknown;1;-1;-1;-1;-1;-1;-1
;ServiceLog;md;1424162225561;unknown;unknown;1;-1;-1;-1;-1;-1;-1
;ServiceLog;md;1424162226591;unknown;unknown;1;-1;-1;-1;-1;-1;-1
;ServiceLog;md;1424162227620;unknown;unknown;1;-1;-1;-1;-1;-1;-1
;ServiceLog;md;1424162228652;unknown;unknown;1;-1;-1;-1;-1;-1;-1
;ServiceLog;md;1424162229685;unknown;unknown;1;-1;-1;-1;-1;-1;-1
;ServiceLog;md;1424162230718;unknown;unknown;1;-1;-1;-1;-1;-1;-1
;ServiceLog;md;1424162231748;unknown;unknown;1;-1;-1;-1;-1;-1;-1
;ServiceLog;md;1424162232778;unknown;unknown;1;-1;-1;-1;-1;-1;-1
;ServiceLog;md;1424162233814;unknown;unknown;1;-1;-1;-1;-1;-1;-1
;ServiceLog;md;1424162234854;unknown;unknown;1;-1;-1;-1;-1;-1;-1
;ServiceLog;md;1424162235892;unknown;unknown;1;-1;-1;-1;-1;-1;-1
;ServiceLog;md;1424162236910;unknown;unknown;1;-1;-1;-1;-1;-1;-1
;ServiceLog;md;1424162237950;unknown;unknown;1;-1;-1;-1;-1;-1;-1
;ServiceLog;md;1424162238980;unknown;unknown;1;-1;-1;-1;-1;-1;-1
;ServiceLog;md;1424162240008;unknown;unknown;1;-1;-1;-1;-1;-1;-1
;ServiceLog;md;1424162241038;unknown;unknown;1;-1;-1;-1;-1;-1;-1
;ServiceLog;md;1424162242054;unknown;unknown;1;-1;-1;-1;-1;-1;-1
;ServiceLog;md;1424162243087;unknown;unknown;1;-1;-1;-1;-1;-1;-1
;ServiceLog;md;1424162244134;unknown;unknown;1;-1;-1;-1;-1;-1;-1
;ServiceLog;md;1424162245176;unknown;unknown;1;-1;-1;-1;-1;-1;-1
;ServiceLog;md;1424162246216;unknown;unknown;1;-1;-1;-1;-1;-1;-1
;ServiceLog;md;1424162247232;unknown;unknown;1;-1;-1;-1;-1;-1;-1
;ServiceLog;md;1424162248262;unknown;unknown;1;-1;-1;-1;-1;-1;-1
;ServiceLog;md;1424162249292;unknown;unknown;1;-1;-1;-1;-1;-1;-1
;ServiceLog;md;1424162250324;unknown;unknown;1;-1;-1;-1;-1;-1;-1
;ServiceLog;md;1424162251356;unknown;unknown;1;-1;-1;-1;-1;-1;-1
;ServiceLog;md;1424162252373;unknown;unknown;1;-1;-1;-1;-1;-1;-1
;ServiceLog;md;1424162253414;unknown;unknown;1;-1;-1;-1;-1;-1;-1
;ServiceLog;md;1424162254451;unknown;unknown;1;-1;-1;-1;-1;-1;-1
;ServiceLog;md;1424162255478;unknown;unknown;1;-1;-1;-1;-1;-1;-1
;ServiceLog;md;1424162256546;unknown;unknown;1;-1;-1;-1;-1;-1;-1
;ServiceLog;md;1424162257560;unknown;unknown;1;-1;-1;-1;-1;-1;-1
;ServiceLog;md;1424162258578;unknown;unknown;1;-1;-1;-1;-1;-1;-1
;ServiceLog;md;1424162259595;unknown;unknown;1;-1;-1;-1;-1;-1;-1
;ServiceLog;md;1424162260626;unknown;unknown;1;-1;-1;-1;-1;-1;-1
;ServiceLog;md;1424162261658;unknown;unknown;1;-1;-1;-1;-1;-1;-1
;ServiceLog;md;1424162262672;unknown;unknown;1;-1;-1;-1;-1;-1;-1
;ServiceLog;md;1424162263703;unknown;unknown;1;-1;-1;-1;-1;-1;-1
;ServiceLog;md;1424162264734;unknown;unknown;1;-1;-1;-1;-1;-1;-1
;ServiceLog;md;1424162265770;unknown;unknown;1;-1;-1;-1;-1;-1;-1
;ServiceLog;md;1424162266799;unknown;unknown;1;-1;-1;-1;-1;-1;-1
;ServiceLog;md;1424162267832;unknown;unknown;1;-1;-1;-1;-1;-1;-1
;ServiceLog;md;1424162268865;unknown;unknown;1;-1;-1;-1;-1;-1;-1
;ServiceLog;md;1424162269907;unknown;unknown;1;-1;-1;-1;-1;-1;-1
;ServiceLog;md;1424162270939;unknown;unknown;1;-1;-1;-1;-1;-1;-1
;ServiceLog;md;1424162271972;unknown;unknown;1;-1;-1;-1;-1;-1;-1
;ServiceLog;md;1424162272985;unknown;unknown;1;-1;-1;-1;-1;-1;-1
;ServiceLog;md;1424162274015;unknown;unknown;1;-1;-1;-1;-1;-1;-1
;ServiceLog;md;1424162275050;unknown;unknown;1;-1;-1;-1;-1;-1;-1
;ServiceLog;md;1424162276081;unknown;unknown;1;-1;-1;-1;-1;-1;-1
;ServiceLog;md;1424162277109;unknown;unknown;1;-1;-1;-1;-1;-1;-1
;ServiceLog;md;1424162278123;unknown;unknown;1;-1;-1;-1;-1;-1;-1
;ServiceLog;md;1424162279156;unknown;unknown;1;-1;-1;-1;-1;-1;-1
;ServiceLog;md;1424162280185;unknown;unknown;1;-1;-1;-1;-1;-1;-1
;ServiceLog;md;1424162281211;unknown;unknown;1;-1;-1;-1;-1;-1;-1
;ServiceLog;md;1424162282242;unknown;unknown;1;-1;-1;-1;-1;-1;-1
;ServiceLog;md;1424162283260;unknown;unknown;1;-1;-1;-1;-1;-1;-1
;ServiceLog;md;1424162284289;unknown;unknown;1;-1;-1;-1;-1;-1;-1
;ServiceLog;md;1424162285320;unknown;unknown;1;-1;-1;-1;-1;-1;-1
;ServiceLog;md;1424162286349;unknown;unknown;1;-1;-1;-1;-1;-1;-1
;ServiceLog;md;1424162287377;unknown;unknown;1;-1;-1;-1;-1;-1;-1
;ServiceLog;md;1424162288392;unknown;unknown;1;-1;-1;-1;-1;-1;-1
;ServiceLog;md;1424162289445;unknown;unknown;1;-1;-1;-1;-1;-1;-1
;ServiceLog;md;1424162290478;unknown;unknown;1;-1;-1;-1;-1;-1;-1
;ServiceLog;md;1424162291511;unknown;unknown;1;-1;-1;-1;-1;-1;-1
;ServiceLog;md;1424162292550;unknown;unknown;1;-1;-1;-1;-1;-1;-1
;ServiceLog;md;1424162293563;unknown;unknown;1;-1;-1;-1;-1;-1;-1
;ServiceLog;md;1424162294593;unknown;unknown;1;-1;-1;-1;-1;-1;-1
;ServiceLog;md;1424162295622;unknown;unknown;1;-1;-1;-1;-1;-1;-1
;ServiceLog;md;1424162296639;unknown;unknown;1;-1;-1;-1;-1;-1;-1
;ServiceLog;md;1424162297675;unknown;unknown;1;-1;-1;-1;-1;-1;-1
;ServiceLog;md;1424162298693;unknown;unknown;1;-1;-1;-1;-1;-1;-1
;ServiceLog;md;1424162299723;unknown;unknown;1;-1;-1;-1;-1;-1;-1
;ServiceLog;md;1424162300755;unknown;unknown;1;-1;-1;-1;-1;-1;-1
;ServiceLog;md;1424162301784;unknown;unknown;1;-1;-1;-1;-1;-1;-1
;ServiceLog;md;1424162302815;unknown;unknown;1;-1;-1;-1;-1;-1;-1
;ServiceLog;md;1424162303850;unknown;unknown;1;-1;-1;-1;-1;-1;-1
;ServiceLog;md;1424162304880;unknown;unknown;1;-1;-1;-1;-1;-1;-1
;ServiceLog;md;1424162305910;unknown;unknown;1;-1;-1;-1;-1;-1;-1
;ServiceLog;md;1424162306950;unknown;unknown;1;-1;-1;-1;-1;-1;-1
;ServiceLog;md;1424162307984;unknown;unknown;1;-1;-1;-1;-1;-1;-1
;ServiceLog;md;1424162308997;unknown;unknown;1;-1;-1;-1;-1;-1;-1
;ServiceLog;md;1424162310036;2G;EDGE;1;250;1;770;492;-1;-65
;ServiceLog;md;1424162311051;2G;EDGE;1;250;1;770;492;-1;-65
;ServiceLog;md;1424162312084;2G;EDGE;1;250;1;770;492;-1;-65
;ServiceLog;md;1424162313103;2G;EDGE;1;250;1;770;492;-1;-81
;ServiceLog;md;1424162314136;2G;EDGE;1;250;1;770;492;-1;-81
;ServiceLog;md;1424162315175;2G;EDGE;1;250;1;770;492;-1;-81
;ServiceLog;md;1424162316222;2G;EDGE;1;250;1;770;492;-1;-83
;ServiceLog;md;1424162317258;2G;EDGE;1;250;1;770;492;-1;-83
;ServiceLog;md;1424162318319;2G;EDGE;1;250;1;770;492;-1;-83
;ServiceLog;md;1424162319346;2G;EDGE;1;250;1;770;492;-1;-83
