ID;Name;User;TimeStamp;NetworkGen;NetworkType;Active;MCC;MNC;LAC;CID;PSC;Power
1413;Полянка 3;md;1422889649529;2G;EDGE;1;250;1;770;401;-1;-77
1414;Полянка 4;md;1422889662747;2G;EDGE;1;250;1;770;401;-1;-73
1401;Боровицкая 1;md;1422889744247;2G;EDGE;1;250;1;770;363;-1;-93
1402;Боровицкая 2;md;1422889762671;3G;HSDPA;1;250;1;770;6946076;-1;-79
1403;Боровицкая 3;md;1422889790553;3G;HSDPA;1;250;1;770;6899838;-1;-85
1404;Боровицкая 4;md;1422889802173;3G;UMTS;1;250;1;770;6894482;-1;-65
1391;Чеховская 1;md;1422889884357;3G;UMTS;1;250;1;770;6899839;-1;-85
1392;Чеховская 2;md;1422889902743;3G;UMTS;1;250;1;770;6899839;-1;-79
1393;Чеховская 3;md;1422889927821;3G;UMTS;1;250;1;770;6899839;-1;-83
1394;Чеховская 4;md;1422889941984;3G;UMTS;1;250;1;770;6899839;-1;-85
1381;Цветной бульвар 1;md;1422889988232;3G;HSDPA;1;250;1;770;6899837;-1;-85
1382;Цветной бульвар 2;md;1422890003551;3G;UMTS;1;250;1;770;6899837;-1;0
1383;Цветной бульвар 3;md;1422890027318;2G;EDGE;1;250;1;770;361;-1;-87
1384;Цветной бульвар 4;md;1422890041759;2G;EDGE;1;250;1;770;361;-1;-73
1371;Менделеевская 1;md;1422890126005;unknown;unknown;1;-1;-1;-1;-1;-1;-1
1372;Менделеевская 2;md;1422890143133;unknown;unknown;1;-1;-1;-1;-1;-1;-1
683;Новослободская 3;md;1422890323646;3G;HSDPA;1;250;1;660;6892899;-1;-77
684;Новослободская 4;md;1422890334221;3G;UMTS;1;250;1;660;6932080;-1;-81
671;Белорусская (КЛЦ) 1;md;1422890405451;3G;UMTS;1;250;1;660;6932070;-1;-89
672;Белорусская (КЛЦ) 2;md;1422890418649;3G;UMTS;1;250;1;660;6932070;-1;-85
673;Белорусская (КЛЦ) 3;md;1422890446135;3G;UMTS;1;250;1;660;6932070;-1;-81
674;Белорусская (КЛЦ) 4;md;1422890455729;3G;UMTS;1;250;1;660;6932070;-1;-79
781;Краснопресненская 1;md;1422890543038;3G;HSDPA;1;250;1;660;6932060;-1;-59
782;Краснопресненская 2;md;1422890557945;3G;UMTS;1;250;1;660;6932060;-1;-77
783;Краснопресненская 3;md;1422890588742;3G;HSDPA;1;250;1;660;6892897;-1;-93
784;Краснопресненская 4;md;1422890600869;3G;UMTS;1;250;1;660;6892897;-1;-97
771;Киевская (КЛЦ) 1;md;1422890694936;2G;EDGE;1;250;1;660;11023;-1;-89
772;Киевская (КЛЦ) 2;md;1422890709780;2G;EDGE;1;250;1;660;11023;-1;-95
