ID;Name;User;TimeStamp;NetworkGen;NetworkType;Active;MCC;MNC;LAC;CID;PSC;Power
;ServiceLog;md;1422889606973;2G;EDGE;1;250;1;770;401;-1;0
;ServiceLog;md;1422889608046;2G;EDGE;1;250;1;770;401;-1;-73
;ServiceLog;md;1422889609082;2G;EDGE;1;250;1;770;401;-1;-73
;ServiceLog;md;1422889610104;2G;EDGE;1;250;1;770;401;-1;-73
;ServiceLog;md;1422889611197;2G;EDGE;1;250;1;770;401;-1;-71
;ServiceLog;md;1422889612216;2G;EDGE;1;250;1;770;401;-1;-71
;ServiceLog;md;1422889613251;2G;EDGE;1;250;1;770;401;-1;-71
;ServiceLog;md;1422889614267;2G;EDGE;1;250;1;770;401;-1;-71
;ServiceLog;md;1422889615305;2G;EDGE;1;250;1;770;401;-1;-71
;ServiceLog;md;1422889616353;2G;EDGE;1;250;1;770;401;-1;-71
;ServiceLog;md;1422889617387;2G;EDGE;1;250;1;770;401;-1;-71
;ServiceLog;md;1422889618423;2G;EDGE;1;250;1;770;401;-1;-71
;ServiceLog;md;1422889619440;2G;EDGE;1;250;1;770;401;-1;-71
;ServiceLog;md;1422889620481;2G;EDGE;1;250;1;770;401;-1;-71
;ServiceLog;md;1422889621519;2G;EDGE;1;250;1;770;401;-1;-71
;ServiceLog;md;1422889622565;2G;EDGE;1;250;1;770;401;-1;-71
;ServiceLog;md;1422889623614;2G;EDGE;1;250;1;770;401;-1;-73
;ServiceLog;md;1422889624653;2G;EDGE;1;250;1;770;401;-1;-73
;ServiceLog;md;1422889625693;2G;EDGE;1;250;1;770;401;-1;-73
;ServiceLog;md;1422889626750;2G;EDGE;1;250;1;770;401;-1;-73
;ServiceLog;md;1422889627807;2G;EDGE;1;250;1;770;401;-1;-73
;ServiceLog;md;1422889628825;2G;EDGE;1;250;1;770;401;-1;-75
;ServiceLog;md;1422889629903;2G;EDGE;1;250;1;770;401;-1;-75
;ServiceLog;md;1422889630939;2G;EDGE;1;250;1;770;401;-1;-75
;ServiceLog;md;1422889631958;2G;EDGE;1;250;1;770;401;-1;-69
;ServiceLog;md;1422889633012;2G;EDGE;1;250;1;770;401;-1;-69
;ServiceLog;md;1422889634030;2G;EDGE;1;250;1;770;401;-1;-69
;ServiceLog;md;1422889635046;2G;EDGE;1;250;1;770;401;-1;-69
;ServiceLog;md;1422889636086;2G;EDGE;1;250;1;770;401;-1;-69
;ServiceLog;md;1422889637136;2G;EDGE;1;250;1;770;401;-1;-69
;ServiceLog;md;1422889638189;2G;EDGE;1;250;1;770;401;-1;-71
;ServiceLog;md;1422889639233;2G;EDGE;1;250;1;770;401;-1;-71
;ServiceLog;md;1422889640277;2G;EDGE;1;250;1;770;401;-1;-71
;ServiceLog;md;1422889641325;2G;EDGE;1;250;1;770;401;-1;-73
;ServiceLog;md;1422889642393;2G;EDGE;1;250;1;770;401;-1;-73
;ServiceLog;md;1422889643428;2G;EDGE;1;250;1;770;401;-1;-73
;ServiceLog;md;1422889644465;2G;EDGE;1;250;1;770;401;-1;-75
;ServiceLog;md;1422889645510;2G;EDGE;1;250;1;770;401;-1;-75
;ServiceLog;md;1422889646551;2G;EDGE;1;250;1;770;401;-1;-75
;ServiceLog;md;1422889647588;2G;EDGE;1;250;1;770;401;-1;-77
;ServiceLog;md;1422889648604;2G;EDGE;1;250;1;770;401;-1;-77
;ServiceLog;md;1422889649673;2G;EDGE;1;250;1;770;401;-1;-77
;ServiceLog;md;1422889650694;2G;EDGE;1;250;1;770;401;-1;-77
;ServiceLog;md;1422889651746;2G;EDGE;1;250;1;770;401;-1;-77
;ServiceLog;md;1422889652811;2G;EDGE;1;250;1;770;401;-1;-77
;ServiceLog;md;1422889653859;2G;EDGE;1;250;1;770;401;-1;-77
;ServiceLog;md;1422889654904;2G;EDGE;1;250;1;770;401;-1;-77
;ServiceLog;md;1422889655939;2G;EDGE;1;250;1;770;401;-1;-77
;ServiceLog;md;1422889656976;2G;EDGE;1;250;1;770;401;-1;-77
;ServiceLog;md;1422889658027;2G;EDGE;1;250;1;770;401;-1;-77
;ServiceLog;md;1422889659084;2G;EDGE;1;250;1;770;401;-1;-73
;ServiceLog;md;1422889660099;2G;EDGE;1;250;1;770;401;-1;-73
;ServiceLog;md;1422889661140;2G;EDGE;1;250;1;770;401;-1;-73
;ServiceLog;md;1422889662183;2G;EDGE;1;250;1;770;401;-1;-73
;ServiceLog;md;1422889663226;2G;EDGE;1;250;1;770;401;-1;-73
;ServiceLog;md;1422889664277;2G;EDGE;1;250;1;770;401;-1;-73
;ServiceLog;md;1422889665316;2G;EDGE;1;250;1;770;401;-1;-67
;ServiceLog;md;1422889666367;2G;EDGE;1;250;1;770;401;-1;-67
;ServiceLog;md;1422889667419;2G;EDGE;1;250;1;770;401;-1;-67
;ServiceLog;md;1422889668457;2G;EDGE;1;250;1;770;401;-1;-71
;ServiceLog;md;1422889669505;2G;EDGE;1;250;1;770;401;-1;-71
;ServiceLog;md;1422889670542;2G;EDGE;1;250;1;770;401;-1;-71
;ServiceLog;md;1422889671576;2G;EDGE;1;250;1;770;401;-1;-77
;ServiceLog;md;1422889672625;2G;EDGE;1;250;1;770;401;-1;-77
;ServiceLog;md;1422889673712;2G;EDGE;1;250;1;770;401;-1;-77
;ServiceLog;md;1422889674729;2G;EDGE;1;250;1;770;401;-1;-77
;ServiceLog;md;1422889675746;2G;EDGE;1;250;1;770;401;-1;-77
;ServiceLog;md;1422889676800;2G;EDGE;1;250;1;770;401;-1;-77
;ServiceLog;md;1422889677840;2G;EDGE;1;250;1;770;401;-1;-77
;ServiceLog;md;1422889678873;2G;EDGE;1;250;1;770;401;-1;-77
;ServiceLog;md;1422889679908;2G;EDGE;1;250;1;770;401;-1;-77
;ServiceLog;md;1422889680926;2G;EDGE;1;250;1;770;401;-1;-77
;ServiceLog;md;1422889681964;2G;EDGE;1;250;1;770;401;-1;-77
;ServiceLog;md;1422889682999;2G;EDGE;1;250;1;770;401;-1;-77
;ServiceLog;md;1422889684019;2G;EDGE;1;250;1;770;401;-1;-77
;ServiceLog;md;1422889685052;2G;EDGE;1;250;1;770;401;-1;-77
;ServiceLog;md;1422889686089;2G;EDGE;1;250;1;770;401;-1;-77
;ServiceLog;md;1422889687130;2G;EDGE;1;250;1;770;401;-1;-77
;ServiceLog;md;1422889688170;2G;EDGE;1;250;1;770;401;-1;-77
;ServiceLog;md;1422889689211;2G;EDGE;1;250;1;770;401;-1;-77
;ServiceLog;md;1422889690246;2G;EDGE;1;250;1;770;401;-1;-77
;ServiceLog;md;1422889691282;2G;EDGE;1;250;1;770;401;-1;-77
;ServiceLog;md;1422889692321;2G;EDGE;1;250;1;770;401;-1;-77
;ServiceLog;md;1422889693354;2G;EDGE;1;250;1;770;401;-1;-77
;ServiceLog;md;1422889695193;unknown;unknown;1;-1;-1;-1;-1;-1;-1
;ServiceLog;md;1422889696228;unknown;unknown;1;-1;-1;-1;-1;-1;-1
;ServiceLog;md;1422889697243;unknown;unknown;1;-1;-1;-1;-1;-1;-1
;ServiceLog;md;1422889698260;unknown;unknown;1;-1;-1;-1;-1;-1;-1
;ServiceLog;md;1422889699279;unknown;unknown;1;-1;-1;-1;-1;-1;-1
;ServiceLog;md;1422889700316;unknown;unknown;1;-1;-1;-1;-1;-1;-1
;ServiceLog;md;1422889701339;unknown;unknown;1;-1;-1;-1;-1;-1;-1
;ServiceLog;md;1422889702353;unknown;unknown;1;-1;-1;-1;-1;-1;-1
;ServiceLog;md;1422889703368;unknown;unknown;1;-1;-1;-1;-1;-1;-1
;ServiceLog;md;1422889704404;unknown;unknown;1;-1;-1;-1;-1;-1;-1
;ServiceLog;md;1422889705484;unknown;unknown;1;-1;-1;-1;-1;-1;-1
;ServiceLog;md;1422889706527;unknown;unknown;1;-1;-1;-1;-1;-1;-1
;ServiceLog;md;1422889707641;unknown;unknown;1;-1;-1;-1;-1;-1;-1
;ServiceLog;md;1422889708658;unknown;unknown;1;-1;-1;-1;-1;-1;-1
;ServiceLog;md;1422889709691;unknown;unknown;1;-1;-1;-1;-1;-1;-1
;ServiceLog;md;1422889710724;unknown;unknown;1;-1;-1;-1;-1;-1;-1
;ServiceLog;md;1422889711782;unknown;unknown;1;-1;-1;-1;-1;-1;-1
;ServiceLog;md;1422889712819;unknown;unknown;1;-1;-1;-1;-1;-1;-1
;ServiceLog;md;1422889713853;unknown;unknown;1;-1;-1;-1;-1;-1;-1
;ServiceLog;md;1422889714889;unknown;unknown;1;-1;-1;-1;-1;-1;-1
;ServiceLog;md;1422889715923;unknown;unknown;1;-1;-1;-1;-1;-1;-1
;ServiceLog;md;1422889717003;unknown;unknown;1;-1;-1;-1;-1;-1;-1
;ServiceLog;md;1422889718066;unknown;unknown;1;-1;-1;-1;-1;-1;-1
;ServiceLog;md;1422889719135;unknown;unknown;1;-1;-1;-1;-1;-1;-1
;ServiceLog;md;1422889720210;unknown;unknown;1;-1;-1;-1;-1;-1;-1
;ServiceLog;md;1422889721286;unknown;unknown;1;-1;-1;-1;-1;-1;-1
;ServiceLog;md;1422889722303;unknown;unknown;1;-1;-1;-1;-1;-1;-1
;ServiceLog;md;1422889723318;unknown;unknown;1;-1;-1;-1;-1;-1;-1
;ServiceLog;md;1422889724332;unknown;unknown;1;-1;-1;-1;-1;-1;-1
;ServiceLog;md;1422889725349;unknown;unknown;1;-1;-1;-1;-1;-1;-1
;ServiceLog;md;1422889726371;unknown;unknown;1;-1;-1;-1;-1;-1;-1
;ServiceLog;md;1422889727386;unknown;unknown;1;-1;-1;-1;-1;-1;-1
;ServiceLog;md;1422889728420;unknown;unknown;1;-1;-1;-1;-1;-1;-1
;ServiceLog;md;1422889729587;2G;EDGE;1;250;1;770;363;-1;0
;ServiceLog;md;1422889730631;2G;EDGE;1;250;1;770;363;-1;0
;ServiceLog;md;1422889731678;2G;EDGE;1;250;1;770;363;-1;0
;ServiceLog;md;1422889732717;2G;EDGE;1;250;1;770;363;-1;-85
;ServiceLog;md;1422889733734;2G;EDGE;1;250;1;770;363;-1;-85
;ServiceLog;md;1422889734750;2G;EDGE;1;250;1;770;363;-1;-85
;ServiceLog;md;1422889735765;2G;EDGE;1;250;1;770;363;-1;-87
;ServiceLog;md;1422889736783;2G;EDGE;1;250;1;770;363;-1;-87
;ServiceLog;md;1422889737806;2G;EDGE;1;250;1;770;363;-1;-87
;ServiceLog;md;1422889738822;2G;EDGE;1;250;1;770;363;-1;-91
;ServiceLog;md;1422889739839;2G;EDGE;1;250;1;770;363;-1;-91
;ServiceLog;md;1422889740876;2G;EDGE;1;250;1;770;363;-1;-93
;ServiceLog;md;1422889741905;2G;EDGE;1;250;1;770;363;-1;-93
;ServiceLog;md;1422889742920;2G;EDGE;1;250;1;770;363;-1;-93
;ServiceLog;md;1422889743955;2G;EDGE;1;250;1;770;363;-1;-93
;ServiceLog;md;1422889744991;2G;EDGE;1;250;1;770;363;-1;-93
;ServiceLog;md;1422889746026;2G;EDGE;1;250;1;770;363;-1;-93
;ServiceLog;md;1422889747060;2G;EDGE;1;250;1;770;363;-1;-93
;ServiceLog;md;1422889748116;2G;EDGE;1;250;1;770;363;-1;0
;ServiceLog;md;1422889749151;2G;EDGE;1;250;1;770;363;-1;-93
;ServiceLog;md;1422889750202;2G;EDGE;1;250;1;770;363;-1;-93
;ServiceLog;md;1422889751236;2G;EDGE;1;250;1;770;363;-1;-93
;ServiceLog;md;1422889752277;2G;EDGE;1;250;1;770;363;-1;-87
;ServiceLog;md;1422889753296;2G;EDGE;1;250;1;770;363;-1;-87
;ServiceLog;md;1422889754346;2G;EDGE;1;250;1;770;363;-1;-87
;ServiceLog;md;1422889755388;2G;EDGE;1;250;1;770;363;-1;-83
;ServiceLog;md;1422889756429;2G;EDGE;1;250;1;770;363;-1;-83
;ServiceLog;md;1422889757466;2G;EDGE;1;250;1;770;363;-1;-83
;ServiceLog;md;1422889758489;2G;EDGE;1;250;1;770;363;-1;-79
;ServiceLog;md;1422889759508;3G;UMTS;1;250;1;770;6946076;-1;-79
;ServiceLog;md;1422889760555;3G;UMTS;1;250;1;770;6946076;-1;-79
;ServiceLog;md;1422889761592;3G;UMTS;1;250;1;770;6946076;-1;-79
;ServiceLog;md;1422889762637;3G;HSDPA;1;250;1;770;6946076;-1;-79
;ServiceLog;md;1422889763651;3G;HSDPA;1;250;1;770;6946076;-1;-79
;ServiceLog;md;1422889764688;3G;HSDPA;1;250;1;770;6946076;-1;-79
;ServiceLog;md;1422889765726;3G;HSDPA;1;250;1;770;6946076;-1;-79
;ServiceLog;md;1422889766760;3G;HSDPA;1;250;1;770;6946076;-1;-77
;ServiceLog;md;1422889767793;3G;HSDPA;1;250;1;770;6946076;-1;-77
;ServiceLog;md;1422889768811;3G;UMTS;1;250;1;770;6946076;-1;-77
;ServiceLog;md;1422889769848;3G;UMTS;1;250;1;770;6946076;-1;-79
;ServiceLog;md;1422889770870;3G;UMTS;1;250;1;770;6946076;-1;-79
;ServiceLog;md;1422889771914;3G;UMTS;1;250;1;770;6946076;-1;-79
;ServiceLog;md;1422889772967;3G;UMTS;1;250;1;770;6946076;-1;-81
;ServiceLog;md;1422889774010;3G;UMTS;1;250;1;770;6899838;-1;-81
;ServiceLog;md;1422889775053;3G;UMTS;1;250;1;770;6899838;-1;-81
;ServiceLog;md;1422889776068;3G;UMTS;1;250;1;770;6899838;-1;-83
;ServiceLog;md;1422889777102;3G;UMTS;1;250;1;770;6899838;-1;-83
;ServiceLog;md;1422889778178;3G;UMTS;1;250;1;770;6899838;-1;-87
;ServiceLog;md;1422889779253;3G;UMTS;1;250;1;770;6899838;-1;-87
;ServiceLog;md;1422889780330;3G;UMTS;1;250;1;770;6894482;-1;-87
;ServiceLog;md;1422889781352;3G;UMTS;1;250;1;770;6894482;-1;-87
;ServiceLog;md;1422889782385;3G;UMTS;1;250;1;770;6894482;-1;-87
;ServiceLog;md;1422889783441;3G;UMTS;1;250;1;770;6894482;-1;-87
;ServiceLog;md;1422889784487;3G;UMTS;1;250;1;770;6894482;-1;-87
;ServiceLog;md;1422889785546;3G;UMTS;1;250;1;770;6894482;-1;-87
;ServiceLog;md;1422889786586;3G;UMTS;1;250;1;770;6899838;-1;-87
;ServiceLog;md;1422889787623;3G;UMTS;1;250;1;770;6899838;-1;-87
;ServiceLog;md;1422889788639;3G;HSDPA;1;250;1;770;6899838;-1;-87
;ServiceLog;md;1422889789656;3G;HSDPA;1;250;1;770;6899838;-1;-87
;ServiceLog;md;1422889790670;3G;HSDPA;1;250;1;770;6899838;-1;-85
;ServiceLog;md;1422889791691;3G;HSDPA;1;250;1;770;6899838;-1;-85
;ServiceLog;md;1422889792724;3G;UMTS;1;250;1;770;6899838;-1;-85
;ServiceLog;md;1422889793817;3G;UMTS;1;250;1;770;6894482;-1;-75
;ServiceLog;md;1422889794834;3G;UMTS;1;250;1;770;6894482;-1;-75
;ServiceLog;md;1422889795872;3G;UMTS;1;250;1;770;6894482;-1;-75
;ServiceLog;md;1422889796913;3G;UMTS;1;250;1;770;6894482;-1;-75
;ServiceLog;md;1422889797972;3G;UMTS;1;250;1;770;6894482;-1;-75
;ServiceLog;md;1422889798997;3G;UMTS;1;250;1;770;6894482;-1;-75
;ServiceLog;md;1422889800040;3G;UMTS;1;250;1;770;6894482;-1;-75
;ServiceLog;md;1422889801055;3G;UMTS;1;250;1;770;6894482;-1;-75
;ServiceLog;md;1422889802089;3G;UMTS;1;250;1;770;6894482;-1;-75
;ServiceLog;md;1422889803124;3G;UMTS;1;250;1;770;6894482;-1;-65
;ServiceLog;md;1422889804169;3G;UMTS;1;250;1;770;6894482;-1;-65
;ServiceLog;md;1422889805188;3G;UMTS;1;250;1;770;6894482;-1;-69
;ServiceLog;md;1422889806235;3G;UMTS;1;250;1;770;6894482;-1;-69
;ServiceLog;md;1422889807285;3G;UMTS;1;250;1;770;6894482;-1;-69
;ServiceLog;md;1422889808304;3G;UMTS;1;250;1;770;6894482;-1;-71
;ServiceLog;md;1422889809339;3G;UMTS;1;250;1;770;6899838;-1;-71
;ServiceLog;md;1422889810380;3G;UMTS;1;250;1;770;6899838;-1;-71
;ServiceLog;md;1422889811675;3G;UMTS;1;250;1;770;6899838;-1;-75
;ServiceLog;md;1422889812738;3G;UMTS;1;250;1;770;6899838;-1;-75
;ServiceLog;md;1422889813768;3G;UMTS;1;250;1;770;6899838;-1;-75
;ServiceLog;md;1422889814826;3G;UMTS;1;250;1;770;6899838;-1;-75
;ServiceLog;md;1422889815884;3G;UMTS;1;250;1;770;6899838;-1;-75
;ServiceLog;md;1422889816952;3G;UMTS;1;250;1;770;6899838;-1;-75
;ServiceLog;md;1422889817994;3G;UMTS;1;250;1;770;6899838;-1;-75
;ServiceLog;md;1422889819028;3G;UMTS;1;250;1;770;6899838;-1;-75
;ServiceLog;md;1422889820067;3G;UMTS;1;250;1;770;6899838;-1;-75
;ServiceLog;md;1422889821105;3G;UMTS;1;250;1;770;6899838;-1;-75
;ServiceLog;md;1422889822168;3G;UMTS;1;250;1;770;6899838;-1;-75
;ServiceLog;md;1422889823239;3G;UMTS;1;250;1;770;6899838;-1;-75
;ServiceLog;md;1422889824278;3G;UMTS;1;250;1;770;6899838;-1;-75
;ServiceLog;md;1422889825318;3G;UMTS;1;250;1;770;6899838;-1;-75
;ServiceLog;md;1422889826363;3G;UMTS;1;250;1;770;6899838;-1;-75
;ServiceLog;md;1422889827402;3G;UMTS;1;250;1;770;6899838;-1;-75
;ServiceLog;md;1422889828451;3G;UMTS;1;250;1;770;6899838;-1;-75
;ServiceLog;md;1422889829499;3G;UMTS;1;250;1;770;6899838;-1;-75
;ServiceLog;md;1422889830552;3G;UMTS;1;250;1;770;6899838;-1;-75
;ServiceLog;md;1422889831599;3G;UMTS;1;250;1;770;6899838;-1;-75
;ServiceLog;md;1422889832642;3G;UMTS;1;250;1;770;6899838;-1;-75
;ServiceLog;md;1422889833676;3G;UMTS;1;250;1;770;6899838;-1;-75
;ServiceLog;md;1422889834728;3G;UMTS;1;250;1;770;6899838;-1;-75
;ServiceLog;md;1422889835775;3G;UMTS;1;250;1;770;6899838;-1;-75
;ServiceLog;md;1422889836816;3G;UMTS;1;250;1;770;6899838;-1;-75
;ServiceLog;md;1422889837871;3G;UMTS;1;250;1;770;6899838;-1;-75
;ServiceLog;md;1422889838933;3G;UMTS;1;250;1;770;6899838;-1;-75
;ServiceLog;md;1422889839996;3G;UMTS;1;250;1;770;6899838;-1;-75
;ServiceLog;md;1422889841043;3G;UMTS;1;250;1;770;6899838;-1;-75
;ServiceLog;md;1422889842075;3G;UMTS;1;250;1;770;6899838;-1;-75
;ServiceLog;md;1422889843098;3G;UMTS;1;250;1;770;6899838;-1;-75
;ServiceLog;md;1422889844151;3G;UMTS;1;250;1;770;6899838;-1;-75
;ServiceLog;md;1422889845230;3G;UMTS;1;250;1;770;6899838;-1;-75
;ServiceLog;md;1422889846278;3G;UMTS;1;250;1;770;6899838;-1;-75
;ServiceLog;md;1422889847299;3G;UMTS;1;250;1;770;6899838;-1;-75
;ServiceLog;md;1422889848348;3G;UMTS;1;250;1;770;6899838;-1;-75
;ServiceLog;md;1422889849404;3G;UMTS;1;250;1;770;6899838;-1;-75
;ServiceLog;md;1422889850467;3G;UMTS;1;250;1;770;6899838;-1;-75
;ServiceLog;md;1422889851521;3G;UMTS;1;250;1;770;6899838;-1;-75
;ServiceLog;md;1422889852541;3G;UMTS;1;250;1;770;6899838;-1;-75
;ServiceLog;md;1422889853596;3G;UMTS;1;250;1;770;6899838;-1;-75
;ServiceLog;md;1422889854616;3G;UMTS;1;250;1;770;6899838;-1;-75
;ServiceLog;md;1422889855677;3G;UMTS;1;250;1;770;6899838;-1;-75
;ServiceLog;md;1422889856721;3G;UMTS;1;250;1;770;6899838;-1;-75
;ServiceLog;md;1422889857741;3G;UMTS;1;250;1;770;6899838;-1;-75
;ServiceLog;md;1422889858780;3G;UMTS;1;250;1;770;6899838;-1;-75
;ServiceLog;md;1422889859818;3G;UMTS;1;250;1;770;6899838;-1;-75
;ServiceLog;md;1422889860852;3G;UMTS;1;250;1;770;6899838;-1;-75
;ServiceLog;md;1422889861895;3G;UMTS;1;250;1;770;6899838;-1;-75
;ServiceLog;md;1422889862936;3G;UMTS;1;250;1;770;6899838;-1;-75
;ServiceLog;md;1422889863980;3G;UMTS;1;250;1;770;6899838;-1;-75
;ServiceLog;md;1422889865021;3G;UMTS;1;250;1;770;6899838;-1;-75
;ServiceLog;md;1422889866060;3G;UMTS;1;250;1;770;6899838;-1;-75
;ServiceLog;md;1422889867095;3G;UMTS;1;250;1;770;6899838;-1;-75
;ServiceLog;md;1422889868130;3G;UMTS;1;250;1;770;6899838;-1;-75
;ServiceLog;md;1422889869171;3G;UMTS;1;250;1;770;6899838;-1;-75
;ServiceLog;md;1422889870214;3G;UMTS;1;250;1;770;6899838;-1;-75
;ServiceLog;md;1422889871313;3G;UMTS;1;250;1;770;6899838;-1;-75
;ServiceLog;md;1422889872347;3G;UMTS;1;250;1;770;6899838;-1;-75
;ServiceLog;md;1422889873387;3G;UMTS;1;250;1;770;6899838;-1;-75
;ServiceLog;md;1422889874422;3G;UMTS;1;250;1;770;6899838;-1;-75
;ServiceLog;md;1422889875457;3G;UMTS;1;250;1;770;6899838;-1;-75
;ServiceLog;md;1422889876495;3G;UMTS;1;250;1;770;6899838;-1;-75
;ServiceLog;md;1422889877576;2G;EDGE;1;250;1;770;362;-1;-89
;ServiceLog;md;1422889878604;2G;EDGE;1;250;1;770;362;-1;-89
;ServiceLog;md;1422889879647;2G;EDGE;1;250;1;770;362;-1;-85
;ServiceLog;md;1422889880688;2G;EDGE;1;250;1;770;362;-1;-85
;ServiceLog;md;1422889881710;2G;EDGE;1;250;1;770;362;-1;-85
;ServiceLog;md;1422889882724;2G;EDGE;1;250;1;770;362;-1;-85
;ServiceLog;md;1422889883751;3G;UMTS;1;250;1;770;6899839;-1;-85
;ServiceLog;md;1422889884769;3G;UMTS;1;250;1;770;6899839;-1;-85
;ServiceLog;md;1422889885812;3G;UMTS;1;250;1;770;6899839;-1;-87
;ServiceLog;md;1422889886829;3G;UMTS;1;250;1;770;6899839;-1;-87
;ServiceLog;md;1422889887858;3G;UMTS;1;250;1;770;6899839;-1;-87
;ServiceLog;md;1422889888909;3G;HSDPA;1;250;1;770;6899839;-1;-81
;ServiceLog;md;1422889889934;3G;HSDPA;1;250;1;770;6899839;-1;-81
;ServiceLog;md;1422889890948;3G;HSDPA;1;250;1;770;6899839;-1;-81
;ServiceLog;md;1422889891965;3G;HSDPA;1;250;1;770;6899839;-1;-81
;ServiceLog;md;1422889892999;3G;HSDPA;1;250;1;770;6899839;-1;-81
;ServiceLog;md;1422889894015;3G;HSDPA;1;250;1;770;6899839;-1;-81
;ServiceLog;md;1422889895050;3G;UMTS;1;250;1;770;6899839;-1;-79
;ServiceLog;md;1422889896094;3G;UMTS;1;250;1;770;6899839;-1;-79
;ServiceLog;md;1422889897114;3G;UMTS;1;250;1;770;6899839;-1;-79
;ServiceLog;md;1422889898159;3G;UMTS;1;250;1;770;6899839;-1;-79
;ServiceLog;md;1422889899176;3G;UMTS;1;250;1;770;6899839;-1;-79
;ServiceLog;md;1422889900245;3G;UMTS;1;250;1;770;6899839;-1;-79
;ServiceLog;md;1422889901315;3G;UMTS;1;250;1;770;6899839;-1;-79
;ServiceLog;md;1422889902398;3G;UMTS;1;250;1;770;6899839;-1;-79
;ServiceLog;md;1422889903481;3G;UMTS;1;250;1;770;6899839;-1;-79
;ServiceLog;md;1422889904527;3G;UMTS;1;250;1;770;6899839;-1;-79
;ServiceLog;md;1422889905590;3G;UMTS;1;250;1;770;6899839;-1;-79
;ServiceLog;md;1422889906671;3G;UMTS;1;250;1;770;6899839;-1;-81
;ServiceLog;md;1422889907716;3G;UMTS;1;250;1;770;6899839;-1;-81
;ServiceLog;md;1422889908785;3G;UMTS;1;250;1;770;6899839;-1;-81
;ServiceLog;md;1422889909834;3G;UMTS;1;250;1;770;6899839;-1;-81
;ServiceLog;md;1422889910884;3G;UMTS;1;250;1;770;6899839;-1;-81
;ServiceLog;md;1422889911905;3G;UMTS;1;250;1;770;6899839;-1;-81
;ServiceLog;md;1422889912941;3G;UMTS;1;250;1;770;6899839;-1;-83
;ServiceLog;md;1422889914043;3G;UMTS;1;250;1;770;6899839;-1;-83
;ServiceLog;md;1422889915087;3G;HSDPA;1;250;1;770;6899839;-1;-83
;ServiceLog;md;1422889916121;3G;HSDPA;1;250;1;770;6899839;-1;-83
;ServiceLog;md;1422889917160;3G;HSDPA;1;250;1;770;6899839;-1;-83
;ServiceLog;md;1422889918194;3G;HSDPA;1;250;1;770;6899839;-1;-83
;ServiceLog;md;1422889919225;3G;UMTS;1;250;1;770;6899839;-1;-87
;ServiceLog;md;1422889920240;3G;UMTS;1;250;1;770;6899839;-1;-87
;ServiceLog;md;1422889921258;3G;UMTS;1;250;1;770;6899839;-1;-87
;ServiceLog;md;1422889922304;3G;UMTS;1;250;1;770;6899839;-1;-85
;ServiceLog;md;1422889923378;3G;UMTS;1;250;1;770;6899839;-1;-85
;ServiceLog;md;1422889924474;3G;UMTS;1;250;1;770;6899839;-1;-85
;ServiceLog;md;1422889925553;3G;UMTS;1;250;1;770;6899839;-1;-83
;ServiceLog;md;1422889926609;3G;UMTS;1;250;1;770;6899839;-1;-83
;ServiceLog;md;1422889927648;3G;UMTS;1;250;1;770;6899839;-1;-83
;ServiceLog;md;1422889928665;3G;UMTS;1;250;1;770;6899839;-1;-83
;ServiceLog;md;1422889929713;3G;UMTS;1;250;1;770;6899839;-1;-83
;ServiceLog;md;1422889930730;3G;UMTS;1;250;1;770;6899839;-1;-83
;ServiceLog;md;1422889931778;3G;UMTS;1;250;1;770;6899839;-1;-83
;ServiceLog;md;1422889932851;3G;UMTS;1;250;1;770;6899839;-1;-83
;ServiceLog;md;1422889933900;3G;UMTS;1;250;1;770;6899839;-1;-83
;ServiceLog;md;1422889934945;3G;UMTS;1;250;1;770;6899839;-1;-83
;ServiceLog;md;1422889935962;3G;UMTS;1;250;1;770;6899839;-1;-83
;ServiceLog;md;1422889937018;3G;UMTS;1;250;1;770;6899839;-1;-85
;ServiceLog;md;1422889938103;3G;UMTS;1;250;1;770;6899839;-1;-85
;ServiceLog;md;1422889939160;3G;UMTS;1;250;1;770;6899839;-1;-85
;ServiceLog;md;1422889940203;3G;UMTS;1;250;1;770;6899839;-1;-85
;ServiceLog;md;1422889941254;3G;UMTS;1;250;1;770;6899839;-1;-85
;ServiceLog;md;1422889942306;3G;UMTS;1;250;1;770;6899839;-1;-85
;ServiceLog;md;1422889943347;3G;UMTS;1;250;1;770;6899839;-1;-85
;ServiceLog;md;1422889944390;3G;UMTS;1;250;1;770;6899839;-1;-91
;ServiceLog;md;1422889945433;3G;UMTS;1;250;1;770;6899839;-1;-91
;ServiceLog;md;1422889946450;3G;UMTS;1;250;1;770;6899839;-1;-89
;ServiceLog;md;1422889947513;3G;UMTS;1;250;1;770;6899839;-1;-89
;ServiceLog;md;1422889948529;3G;UMTS;1;250;1;770;6899839;-1;-89
;ServiceLog;md;1422889949623;3G;UMTS;1;250;1;770;6899839;-1;-91
;ServiceLog;md;1422889950640;3G;UMTS;1;250;1;770;6899839;-1;-91
;ServiceLog;md;1422889951683;3G;UMTS;1;250;1;770;6899839;-1;-91
;ServiceLog;md;1422889952723;3G;UMTS;1;250;1;770;6899839;-1;-91
;ServiceLog;md;1422889953760;3G;UMTS;1;250;1;770;6899839;-1;-91
;ServiceLog;md;1422889954824;3G;UMTS;1;250;1;770;6899839;-1;-91
;ServiceLog;md;1422889955877;3G;UMTS;1;250;1;770;6899839;-1;-91
;ServiceLog;md;1422889956913;3G;UMTS;1;250;1;770;6899839;-1;-91
;ServiceLog;md;1422889957933;3G;UMTS;1;250;1;770;6899839;-1;-91
;ServiceLog;md;1422889959035;3G;UMTS;1;250;1;770;6899839;-1;-91
;ServiceLog;md;1422889960108;3G;UMTS;1;250;1;770;6899839;-1;-91
;ServiceLog;md;1422889961164;3G;UMTS;1;250;1;770;6899839;-1;-91
;ServiceLog;md;1422889962230;3G;UMTS;1;250;1;770;6899839;-1;-91
;ServiceLog;md;1422889963286;3G;UMTS;1;250;1;770;6899839;-1;-91
;ServiceLog;md;1422889964338;3G;UMTS;1;250;1;770;6899839;-1;-91
;ServiceLog;md;1422889965386;unknown;unknown;1;-1;-1;-1;-1;-1;-1
;ServiceLog;md;1422889966412;unknown;unknown;1;-1;-1;-1;-1;-1;-1
;ServiceLog;md;1422889967471;unknown;unknown;1;-1;-1;-1;-1;-1;-1
;ServiceLog;md;1422889968512;unknown;unknown;1;-1;-1;-1;-1;-1;-1
;ServiceLog;md;1422889969529;unknown;unknown;1;-1;-1;-1;-1;-1;-1
;ServiceLog;md;1422889970545;unknown;unknown;1;-1;-1;-1;-1;-1;-1
;ServiceLog;md;1422889971577;unknown;unknown;1;-1;-1;-1;-1;-1;-1
;ServiceLog;md;1422889972666;unknown;unknown;1;-1;-1;-1;-1;-1;-1
;ServiceLog;md;1422889973689;unknown;unknown;1;-1;-1;-1;-1;-1;-1
;ServiceLog;md;1422889974705;unknown;unknown;1;-1;-1;-1;-1;-1;-1
;ServiceLog;md;1422889975722;unknown;unknown;1;-1;-1;-1;-1;-1;-1
;ServiceLog;md;1422889977173;unknown;unknown;1;-1;-1;-1;-1;-1;-1
;ServiceLog;md;1422889978231;unknown;unknown;1;-1;-1;-1;-1;-1;-1
;ServiceLog;md;1422889979258;unknown;unknown;1;-1;-1;-1;-1;-1;-1
;ServiceLog;md;1422889980274;unknown;unknown;1;-1;-1;-1;-1;-1;-1
;ServiceLog;md;1422889981291;unknown;unknown;1;-1;-1;-1;-1;-1;-1
;ServiceLog;md;1422889982308;unknown;unknown;1;-1;-1;-1;-1;-1;-1
;ServiceLog;md;1422889983324;unknown;unknown;1;-1;-1;-1;-1;-1;-1
;ServiceLog;md;1422889984349;unknown;unknown;1;-1;-1;-1;-1;-1;-1
;ServiceLog;md;1422889985367;3G;HSDPA;1;250;1;770;6899837;-1;-91
;ServiceLog;md;1422889986605;3G;HSDPA;1;250;1;770;6899837;-1;-85
;ServiceLog;md;1422889987721;3G;HSDPA;1;250;1;770;6899837;-1;-85
;ServiceLog;md;1422889988755;3G;HSDPA;1;250;1;770;6899837;-1;-85
;ServiceLog;md;1422889989780;3G;HSDPA;1;250;1;770;6899837;-1;-85
;ServiceLog;md;1422889990798;3G;HSDPA;1;250;1;770;6899837;-1;-85
;ServiceLog;md;1422889991836;3G;HSDPA;1;250;1;770;6899837;-1;-85
;ServiceLog;md;1422889992849;3G;HSDPA;1;250;1;770;6899837;-1;-85
;ServiceLog;md;1422889993862;3G;HSDPA;1;250;1;770;6899837;-1;-87
;ServiceLog;md;1422889994876;3G;HSDPA;1;250;1;770;6899837;-1;-87
;ServiceLog;md;1422889995890;3G;HSDPA;1;250;1;770;6899837;-1;-87
;ServiceLog;md;1422889996905;3G;UMTS;1;250;1;770;6899837;-1;-87
;ServiceLog;md;1422889997919;3G;UMTS;1;250;1;770;6899837;-1;-87
;ServiceLog;md;1422889998935;3G;UMTS;1;250;1;770;6899837;-1;-87
;ServiceLog;md;1422889999981;3G;UMTS;1;250;1;770;6899837;-1;-91
;ServiceLog;md;1422890001046;3G;UMTS;1;250;1;770;6899837;-1;-91
;ServiceLog;md;1422890002074;3G;UMTS;1;250;1;770;6899837;-1;-91
;ServiceLog;md;1422890003133;3G;UMTS;1;250;1;770;6899837;-1;0
;ServiceLog;md;1422890004157;3G;UMTS;1;250;1;770;6899837;-1;0
;ServiceLog;md;1422890005177;3G;UMTS;1;250;1;770;6899837;-1;0
;ServiceLog;md;1422890006224;3G;UMTS;1;250;1;770;6899837;-1;0
;ServiceLog;md;1422890007259;3G;UMTS;1;250;1;770;6899837;-1;0
;ServiceLog;md;1422890008297;3G;UMTS;1;250;1;770;6899837;-1;0
;ServiceLog;md;1422890009311;3G;UMTS;1;250;1;770;6899837;-1;0
;ServiceLog;md;1422890010346;2G;EDGE;1;250;1;770;361;-1;-91
;ServiceLog;md;1422890011393;2G;EDGE;1;250;1;770;361;-1;-91
;ServiceLog;md;1422890012430;2G;EDGE;1;250;1;770;361;-1;-85
;ServiceLog;md;1422890013507;2G;EDGE;1;250;1;770;361;-1;-85
;ServiceLog;md;1422890014558;2G;EDGE;1;250;1;770;361;-1;-85
;ServiceLog;md;1422890015592;2G;EDGE;1;250;1;770;361;-1;-85
;ServiceLog;md;1422890016630;2G;EDGE;1;250;1;770;361;-1;-85
;ServiceLog;md;1422890017730;2G;EDGE;1;250;1;770;361;-1;-85
;ServiceLog;md;1422890018770;2G;EDGE;1;250;1;770;361;-1;-87
;ServiceLog;md;1422890019806;2G;EDGE;1;250;1;770;361;-1;-87
;ServiceLog;md;1422890020842;2G;EDGE;1;250;1;770;361;-1;-87
;ServiceLog;md;1422890021877;2G;EDGE;1;250;1;770;361;-1;-87
;ServiceLog;md;1422890022916;2G;EDGE;1;250;1;770;361;-1;-87
;ServiceLog;md;1422890023949;2G;EDGE;1;250;1;770;361;-1;-87
;ServiceLog;md;1422890024964;2G;EDGE;1;250;1;770;361;-1;-87
;ServiceLog;md;1422890025997;2G;EDGE;1;250;1;770;361;-1;-87
;ServiceLog;md;1422890027030;2G;EDGE;1;250;1;770;361;-1;-87
;ServiceLog;md;1422890028084;2G;EDGE;1;250;1;770;361;-1;-87
;ServiceLog;md;1422890028084;2G;EDGE;250-1-770-361;250;1;660;43921;-1;-101
;ServiceLog;md;1422890029129;2G;EDGE;1;250;1;770;361;-1;-87
;ServiceLog;md;1422890029129;2G;EDGE;250-1-770-361;250;1;660;43921;-1;-101
;ServiceLog;md;1422890030169;2G;EDGE;1;250;1;770;361;-1;-87
;ServiceLog;md;1422890030169;2G;EDGE;250-1-770-361;250;1;660;43921;-1;-101
;ServiceLog;md;1422890031196;2G;EDGE;1;250;1;770;361;-1;-87
;ServiceLog;md;1422890031196;2G;EDGE;250-1-770-361;250;1;660;43921;-1;-101
;ServiceLog;md;1422890032241;2G;EDGE;1;250;1;770;361;-1;-87
;ServiceLog;md;1422890032241;2G;EDGE;250-1-770-361;250;1;660;43921;-1;-101
;ServiceLog;md;1422890033286;2G;EDGE;1;250;1;770;361;-1;-87
;ServiceLog;md;1422890033286;2G;EDGE;250-1-770-361;250;1;660;43921;-1;-103
;ServiceLog;md;1422890034333;2G;EDGE;1;250;1;770;361;-1;-87
;ServiceLog;md;1422890034333;2G;EDGE;250-1-770-361;250;1;660;43921;-1;-103
;ServiceLog;md;1422890035370;2G;EDGE;1;250;1;770;361;-1;-87
;ServiceLog;md;1422890035370;2G;EDGE;250-1-770-361;250;1;660;43921;-1;-105
;ServiceLog;md;1422890036386;2G;EDGE;1;250;1;770;361;-1;-87
;ServiceLog;md;1422890036386;2G;EDGE;250-1-770-361;250;1;660;43921;-1;-105
;ServiceLog;md;1422890037430;2G;EDGE;1;250;1;770;361;-1;-87
;ServiceLog;md;1422890037430;2G;EDGE;250-1-770-361;250;1;660;43921;-1;-107
;ServiceLog;md;1422890038465;2G;EDGE;1;250;1;770;361;-1;-87
;ServiceLog;md;1422890039499;2G;EDGE;1;250;1;770;361;-1;-73
;ServiceLog;md;1422890040516;2G;EDGE;1;250;1;770;361;-1;-73
;ServiceLog;md;1422890041555;2G;EDGE;1;250;1;770;361;-1;-73
;ServiceLog;md;1422890042589;2G;EDGE;1;250;1;770;361;-1;-73
;ServiceLog;md;1422890043628;2G;EDGE;1;250;1;770;361;-1;-73
;ServiceLog;md;1422890044652;2G;EDGE;1;250;1;770;361;-1;-73
;ServiceLog;md;1422890045692;2G;EDGE;1;250;1;770;361;-1;-71
;ServiceLog;md;1422890046745;2G;EDGE;1;250;1;770;361;-1;-71
;ServiceLog;md;1422890047781;2G;EDGE;1;250;1;770;361;-1;-71
;ServiceLog;md;1422890048799;2G;EDGE;1;250;1;770;361;-1;-75
;ServiceLog;md;1422890049832;2G;EDGE;1;250;1;770;361;-1;-75
;ServiceLog;md;1422890050890;2G;EDGE;1;250;1;770;361;-1;-75
;ServiceLog;md;1422890051905;2G;EDGE;1;250;1;770;361;-1;-75
;ServiceLog;md;1422890052927;2G;EDGE;1;250;1;770;361;-1;-75
;ServiceLog;md;1422890053967;2G;EDGE;1;250;1;770;361;-1;-75
;ServiceLog;md;1422890055007;2G;EDGE;1;250;1;770;361;-1;-75
;ServiceLog;md;1422890056062;2G;EDGE;1;250;1;770;361;-1;-75
;ServiceLog;md;1422890057100;2G;EDGE;1;250;1;770;361;-1;-75
;ServiceLog;md;1422890058136;2G;EDGE;1;250;1;770;361;-1;-75
;ServiceLog;md;1422890059174;2G;EDGE;1;250;1;770;361;-1;-75
;ServiceLog;md;1422890060210;2G;EDGE;1;250;1;770;361;-1;-75
;ServiceLog;md;1422890061231;2G;EDGE;1;250;1;770;361;-1;-75
;ServiceLog;md;1422890062274;2G;EDGE;1;250;1;770;361;-1;-75
;ServiceLog;md;1422890063308;2G;EDGE;1;250;1;770;361;-1;-75
;ServiceLog;md;1422890064348;2G;EDGE;1;250;1;770;361;-1;-75
;ServiceLog;md;1422890065384;2G;EDGE;1;250;1;770;361;-1;-75
;ServiceLog;md;1422890066420;2G;EDGE;1;250;1;770;361;-1;-75
;ServiceLog;md;1422890067453;2G;EDGE;1;250;1;770;361;-1;-75
;ServiceLog;md;1422890068487;2G;EDGE;1;250;1;770;361;-1;-75
;ServiceLog;md;1422890069520;2G;EDGE;1;250;1;770;361;-1;-75
;ServiceLog;md;1422890070563;2G;EDGE;1;250;1;770;361;-1;-75
;ServiceLog;md;1422890071602;2G;EDGE;1;250;1;770;361;-1;-75
;ServiceLog;md;1422890072654;2G;EDGE;1;250;1;770;361;-1;-75
;ServiceLog;md;1422890073701;2G;EDGE;1;250;1;770;361;-1;-75
;ServiceLog;md;1422890074734;2G;EDGE;1;250;1;770;361;-1;-75
;ServiceLog;md;1422890075766;unknown;unknown;1;-1;-1;-1;-1;-1;-1
;ServiceLog;md;1422890076782;unknown;unknown;1;-1;-1;-1;-1;-1;-1
;ServiceLog;md;1422890077813;unknown;unknown;1;-1;-1;-1;-1;-1;-1
;ServiceLog;md;1422890078856;unknown;unknown;1;-1;-1;-1;-1;-1;-1
;ServiceLog;md;1422890079881;unknown;unknown;1;-1;-1;-1;-1;-1;-1
;ServiceLog;md;1422890080906;unknown;unknown;1;-1;-1;-1;-1;-1;-1
;ServiceLog;md;1422890081923;unknown;unknown;1;-1;-1;-1;-1;-1;-1
;ServiceLog;md;1422890082940;unknown;unknown;1;-1;-1;-1;-1;-1;-1
;ServiceLog;md;1422890083956;unknown;unknown;1;-1;-1;-1;-1;-1;-1
;ServiceLog;md;1422890085005;unknown;unknown;1;-1;-1;-1;-1;-1;-1
;ServiceLog;md;1422890086109;unknown;unknown;1;-1;-1;-1;-1;-1;-1
;ServiceLog;md;1422890087126;unknown;unknown;1;-1;-1;-1;-1;-1;-1
;ServiceLog;md;1422890088195;unknown;unknown;1;-1;-1;-1;-1;-1;-1
;ServiceLog;md;1422890089242;unknown;unknown;1;-1;-1;-1;-1;-1;-1
;ServiceLog;md;1422890090275;unknown;unknown;1;-1;-1;-1;-1;-1;-1
;ServiceLog;md;1422890091359;unknown;unknown;1;-1;-1;-1;-1;-1;-1
;ServiceLog;md;1422890092393;unknown;unknown;1;-1;-1;-1;-1;-1;-1
;ServiceLog;md;1422890093424;unknown;unknown;1;-1;-1;-1;-1;-1;-1
;ServiceLog;md;1422890094457;unknown;unknown;1;-1;-1;-1;-1;-1;-1
;ServiceLog;md;1422890095550;unknown;unknown;1;-1;-1;-1;-1;-1;-1
;ServiceLog;md;1422890096584;unknown;unknown;1;-1;-1;-1;-1;-1;-1
;ServiceLog;md;1422890097632;unknown;unknown;1;-1;-1;-1;-1;-1;-1
;ServiceLog;md;1422890098661;unknown;unknown;1;-1;-1;-1;-1;-1;-1
;ServiceLog;md;1422890099701;unknown;unknown;1;-1;-1;-1;-1;-1;-1
;ServiceLog;md;1422890100742;unknown;unknown;1;-1;-1;-1;-1;-1;-1
;ServiceLog;md;1422890101763;unknown;unknown;1;-1;-1;-1;-1;-1;-1
;ServiceLog;md;1422890102776;unknown;unknown;1;-1;-1;-1;-1;-1;-1
;ServiceLog;md;1422890103788;unknown;unknown;1;-1;-1;-1;-1;-1;-1
;ServiceLog;md;1422890104801;unknown;unknown;1;-1;-1;-1;-1;-1;-1
;ServiceLog;md;1422890105822;unknown;unknown;1;-1;-1;-1;-1;-1;-1
;ServiceLog;md;1422890107003;unknown;unknown;1;-1;-1;-1;-1;-1;-1
;ServiceLog;md;1422890108023;unknown;unknown;1;-1;-1;-1;-1;-1;-1
;ServiceLog;md;1422890109058;unknown;unknown;1;-1;-1;-1;-1;-1;-1
;ServiceLog;md;1422890110197;unknown;unknown;1;-1;-1;-1;-1;-1;-1
;ServiceLog;md;1422890111215;unknown;unknown;1;-1;-1;-1;-1;-1;-1
;ServiceLog;md;1422890112278;unknown;unknown;1;-1;-1;-1;-1;-1;-1
;ServiceLog;md;1422890113312;unknown;unknown;1;-1;-1;-1;-1;-1;-1
;ServiceLog;md;1422890114343;unknown;unknown;1;-1;-1;-1;-1;-1;-1
;ServiceLog;md;1422890115375;unknown;unknown;1;-1;-1;-1;-1;-1;-1
;ServiceLog;md;1422890116402;unknown;unknown;1;-1;-1;-1;-1;-1;-1
;ServiceLog;md;1422890117437;unknown;unknown;1;-1;-1;-1;-1;-1;-1
;ServiceLog;md;1422890118467;unknown;unknown;1;-1;-1;-1;-1;-1;-1
;ServiceLog;md;1422890119498;unknown;unknown;1;-1;-1;-1;-1;-1;-1
;ServiceLog;md;1422890120529;unknown;unknown;1;-1;-1;-1;-1;-1;-1
;ServiceLog;md;1422890121561;unknown;unknown;1;-1;-1;-1;-1;-1;-1
;ServiceLog;md;1422890122597;unknown;unknown;1;-1;-1;-1;-1;-1;-1
;ServiceLog;md;1422890123640;unknown;unknown;1;-1;-1;-1;-1;-1;-1
;ServiceLog;md;1422890124672;unknown;unknown;1;-1;-1;-1;-1;-1;-1
;ServiceLog;md;1422890125703;unknown;unknown;1;-1;-1;-1;-1;-1;-1
;ServiceLog;md;1422890126733;unknown;unknown;1;-1;-1;-1;-1;-1;-1
;ServiceLog;md;1422890127764;unknown;unknown;1;-1;-1;-1;-1;-1;-1
;ServiceLog;md;1422890128780;unknown;unknown;1;-1;-1;-1;-1;-1;-1
;ServiceLog;md;1422890129810;unknown;unknown;1;-1;-1;-1;-1;-1;-1
;ServiceLog;md;1422890130841;unknown;unknown;1;-1;-1;-1;-1;-1;-1
;ServiceLog;md;1422890131872;unknown;unknown;1;-1;-1;-1;-1;-1;-1
;ServiceLog;md;1422890132906;unknown;unknown;1;-1;-1;-1;-1;-1;-1
;ServiceLog;md;1422890133935;unknown;unknown;1;-1;-1;-1;-1;-1;-1
;ServiceLog;md;1422890134964;unknown;unknown;1;-1;-1;-1;-1;-1;-1
;ServiceLog;md;1422890135994;unknown;unknown;1;-1;-1;-1;-1;-1;-1
;ServiceLog;md;1422890137027;unknown;unknown;1;-1;-1;-1;-1;-1;-1
;ServiceLog;md;1422890138062;unknown;unknown;1;-1;-1;-1;-1;-1;-1
;ServiceLog;md;1422890139076;unknown;unknown;1;-1;-1;-1;-1;-1;-1
;ServiceLog;md;1422890140109;unknown;unknown;1;-1;-1;-1;-1;-1;-1
;ServiceLog;md;1422890141157;unknown;unknown;1;-1;-1;-1;-1;-1;-1
;ServiceLog;md;1422890142196;unknown;unknown;1;-1;-1;-1;-1;-1;-1
;ServiceLog;md;1422890143228;unknown;unknown;1;-1;-1;-1;-1;-1;-1
;ServiceLog;md;1422890144250;unknown;unknown;1;-1;-1;-1;-1;-1;-1
;ServiceLog;md;1422890145290;unknown;unknown;1;-1;-1;-1;-1;-1;-1
;ServiceLog;md;1422890146974;unknown;unknown;1;-1;-1;-1;-1;-1;-1
;ServiceLog;md;1422890148006;unknown;unknown;1;-1;-1;-1;-1;-1;-1
;ServiceLog;md;1422890149039;unknown;unknown;1;-1;-1;-1;-1;-1;-1
;ServiceLog;md;1422890150060;unknown;unknown;1;-1;-1;-1;-1;-1;-1
;ServiceLog;md;1422890151085;unknown;unknown;1;-1;-1;-1;-1;-1;-1
;ServiceLog;md;1422890152102;unknown;unknown;1;-1;-1;-1;-1;-1;-1
;ServiceLog;md;1422890153499;unknown;unknown;1;-1;-1;-1;-1;-1;-1
;ServiceLog;md;1422890154524;unknown;unknown;1;-1;-1;-1;-1;-1;-1
;ServiceLog;md;1422890155542;unknown;unknown;1;-1;-1;-1;-1;-1;-1
;ServiceLog;md;1422890156578;unknown;unknown;1;-1;-1;-1;-1;-1;-1
;ServiceLog;md;1422890157632;unknown;unknown;1;-1;-1;-1;-1;-1;-1
;ServiceLog;md;1422890158677;unknown;unknown;1;-1;-1;-1;-1;-1;-1
;ServiceLog;md;1422890159722;unknown;unknown;1;-1;-1;-1;-1;-1;-1
;ServiceLog;md;1422890160741;unknown;unknown;1;-1;-1;-1;-1;-1;-1
;ServiceLog;md;1422890161781;unknown;unknown;1;-1;-1;-1;-1;-1;-1
;ServiceLog;md;1422890162826;unknown;unknown;1;-1;-1;-1;-1;-1;-1
;ServiceLog;md;1422890163870;unknown;unknown;1;-1;-1;-1;-1;-1;-1
;ServiceLog;md;1422890164915;unknown;unknown;1;-1;-1;-1;-1;-1;-1
;ServiceLog;md;1422890165936;unknown;unknown;1;-1;-1;-1;-1;-1;-1
;ServiceLog;md;1422890166984;unknown;unknown;1;-1;-1;-1;-1;-1;-1
;ServiceLog;md;1422890168024;unknown;unknown;1;-1;-1;-1;-1;-1;-1
;ServiceLog;md;1422890169042;unknown;unknown;1;-1;-1;-1;-1;-1;-1
;ServiceLog;md;1422890170156;unknown;unknown;1;-1;-1;-1;-1;-1;-1
;ServiceLog;md;1422890171197;unknown;unknown;1;-1;-1;-1;-1;-1;-1
;ServiceLog;md;1422890172231;unknown;unknown;1;-1;-1;-1;-1;-1;-1
;ServiceLog;md;1422890173264;unknown;unknown;1;-1;-1;-1;-1;-1;-1
;ServiceLog;md;1422890174301;unknown;unknown;1;-1;-1;-1;-1;-1;-1
;ServiceLog;md;1422890175346;unknown;unknown;1;-1;-1;-1;-1;-1;-1
;ServiceLog;md;1422890176380;unknown;unknown;1;-1;-1;-1;-1;-1;-1
;ServiceLog;md;1422890177412;unknown;unknown;1;-1;-1;-1;-1;-1;-1
;ServiceLog;md;1422890178444;unknown;unknown;1;-1;-1;-1;-1;-1;-1
;ServiceLog;md;1422890179477;unknown;unknown;1;-1;-1;-1;-1;-1;-1
;ServiceLog;md;1422890180507;unknown;unknown;1;-1;-1;-1;-1;-1;-1
;ServiceLog;md;1422890181545;unknown;unknown;1;-1;-1;-1;-1;-1;-1
;ServiceLog;md;1422890182579;unknown;unknown;1;-1;-1;-1;-1;-1;-1
;ServiceLog;md;1422890183615;unknown;unknown;1;-1;-1;-1;-1;-1;-1
;ServiceLog;md;1422890184661;unknown;unknown;1;-1;-1;-1;-1;-1;-1
;ServiceLog;md;1422890185691;unknown;unknown;1;-1;-1;-1;-1;-1;-1
;ServiceLog;md;1422890186712;unknown;unknown;1;-1;-1;-1;-1;-1;-1
;ServiceLog;md;1422890187731;unknown;unknown;1;-1;-1;-1;-1;-1;-1
;ServiceLog;md;1422890188789;unknown;unknown;1;-1;-1;-1;-1;-1;-1
;ServiceLog;md;1422890189829;unknown;unknown;1;-1;-1;-1;-1;-1;-1
;ServiceLog;md;1422890190876;unknown;unknown;1;-1;-1;-1;-1;-1;-1
;ServiceLog;md;1422890191896;unknown;unknown;1;-1;-1;-1;-1;-1;-1
;ServiceLog;md;1422890192912;unknown;unknown;1;-1;-1;-1;-1;-1;-1
;ServiceLog;md;1422890193931;unknown;unknown;1;-1;-1;-1;-1;-1;-1
;ServiceLog;md;1422890194975;unknown;unknown;1;-1;-1;-1;-1;-1;-1
;ServiceLog;md;1422890196025;unknown;unknown;1;-1;-1;-1;-1;-1;-1
;ServiceLog;md;1422890197049;unknown;unknown;1;-1;-1;-1;-1;-1;-1
;ServiceLog;md;1422890198085;unknown;unknown;1;-1;-1;-1;-1;-1;-1
;ServiceLog;md;1422890199308;unknown;unknown;1;-1;-1;-1;-1;-1;-1
;ServiceLog;md;1422890200326;unknown;unknown;1;-1;-1;-1;-1;-1;-1
;ServiceLog;md;1422890201373;unknown;unknown;1;-1;-1;-1;-1;-1;-1
;ServiceLog;md;1422890202507;unknown;unknown;1;-1;-1;-1;-1;-1;-1
;ServiceLog;md;1422890203527;unknown;unknown;1;-1;-1;-1;-1;-1;-1
;ServiceLog;md;1422890204546;unknown;unknown;1;-1;-1;-1;-1;-1;-1
;ServiceLog;md;1422890205576;unknown;unknown;1;-1;-1;-1;-1;-1;-1
;ServiceLog;md;1422890206595;unknown;unknown;1;-1;-1;-1;-1;-1;-1
;ServiceLog;md;1422890207720;unknown;unknown;1;-1;-1;-1;-1;-1;-1
;ServiceLog;md;1422890208771;unknown;unknown;1;-1;-1;-1;-1;-1;-1
;ServiceLog;md;1422890209792;unknown;unknown;1;-1;-1;-1;-1;-1;-1
;ServiceLog;md;1422890211079;unknown;unknown;1;-1;-1;-1;-1;-1;-1
;ServiceLog;md;1422890212096;unknown;unknown;1;-1;-1;-1;-1;-1;-1
;ServiceLog;md;1422890213112;unknown;unknown;1;-1;-1;-1;-1;-1;-1
;ServiceLog;md;1422890214130;unknown;unknown;1;-1;-1;-1;-1;-1;-1
;ServiceLog;md;1422890215146;unknown;unknown;1;-1;-1;-1;-1;-1;-1
;ServiceLog;md;1422890216167;unknown;unknown;1;-1;-1;-1;-1;-1;-1
;ServiceLog;md;1422890217213;unknown;unknown;1;-1;-1;-1;-1;-1;-1
;ServiceLog;md;1422890218244;unknown;unknown;1;-1;-1;-1;-1;-1;-1
;ServiceLog;md;1422890219274;unknown;unknown;1;-1;-1;-1;-1;-1;-1
;ServiceLog;md;1422890220303;unknown;unknown;1;-1;-1;-1;-1;-1;-1
;ServiceLog;md;1422890221324;unknown;unknown;1;-1;-1;-1;-1;-1;-1
;ServiceLog;md;1422890222357;unknown;unknown;1;-1;-1;-1;-1;-1;-1
;ServiceLog;md;1422890223390;unknown;unknown;1;-1;-1;-1;-1;-1;-1
;ServiceLog;md;1422890224427;unknown;unknown;1;-1;-1;-1;-1;-1;-1
;ServiceLog;md;1422890225460;unknown;unknown;1;-1;-1;-1;-1;-1;-1
;ServiceLog;md;1422890226518;unknown;unknown;1;-1;-1;-1;-1;-1;-1
;ServiceLog;md;1422890227574;unknown;unknown;1;-1;-1;-1;-1;-1;-1
;ServiceLog;md;1422890228618;unknown;unknown;1;-1;-1;-1;-1;-1;-1
;ServiceLog;md;1422890229675;unknown;unknown;1;-1;-1;-1;-1;-1;-1
;ServiceLog;md;1422890230717;unknown;unknown;1;-1;-1;-1;-1;-1;-1
;ServiceLog;md;1422890231773;unknown;unknown;1;-1;-1;-1;-1;-1;-1
;ServiceLog;md;1422890232803;unknown;unknown;1;-1;-1;-1;-1;-1;-1
;ServiceLog;md;1422890233916;unknown;unknown;1;-1;-1;-1;-1;-1;-1
;ServiceLog;md;1422890234937;unknown;unknown;1;-1;-1;-1;-1;-1;-1
;ServiceLog;md;1422890235970;unknown;unknown;1;-1;-1;-1;-1;-1;-1
;ServiceLog;md;1422890237023;unknown;unknown;1;-1;-1;-1;-1;-1;-1
;ServiceLog;md;1422890238055;unknown;unknown;1;-1;-1;-1;-1;-1;-1
;ServiceLog;md;1422890239087;unknown;unknown;1;-1;-1;-1;-1;-1;-1
;ServiceLog;md;1422890240120;unknown;unknown;1;-1;-1;-1;-1;-1;-1
;ServiceLog;md;1422890241153;unknown;unknown;1;-1;-1;-1;-1;-1;-1
;ServiceLog;md;1422890242170;unknown;unknown;1;-1;-1;-1;-1;-1;-1
;ServiceLog;md;1422890243201;unknown;unknown;1;-1;-1;-1;-1;-1;-1
;ServiceLog;md;1422890244232;unknown;unknown;1;-1;-1;-1;-1;-1;-1
;ServiceLog;md;1422890245250;unknown;unknown;1;-1;-1;-1;-1;-1;-1
;ServiceLog;md;1422890246297;unknown;unknown;1;-1;-1;-1;-1;-1;-1
;ServiceLog;md;1422890247314;unknown;unknown;1;-1;-1;-1;-1;-1;-1
;ServiceLog;md;1422890248331;unknown;unknown;1;-1;-1;-1;-1;-1;-1
;ServiceLog;md;1422890249364;unknown;unknown;1;-1;-1;-1;-1;-1;-1
;ServiceLog;md;1422890250383;unknown;unknown;1;-1;-1;-1;-1;-1;-1
;ServiceLog;md;1422890251397;unknown;unknown;1;-1;-1;-1;-1;-1;-1
;ServiceLog;md;1422890252414;unknown;unknown;1;-1;-1;-1;-1;-1;-1
;ServiceLog;md;1422890253838;unknown;unknown;1;-1;-1;-1;-1;-1;-1
;ServiceLog;md;1422890254874;unknown;unknown;1;-1;-1;-1;-1;-1;-1
;ServiceLog;md;1422890255908;unknown;unknown;1;-1;-1;-1;-1;-1;-1
;ServiceLog;md;1422890256939;unknown;unknown;1;-1;-1;-1;-1;-1;-1
;ServiceLog;md;1422890257996;unknown;unknown;1;-1;-1;-1;-1;-1;-1
;ServiceLog;md;1422890259073;unknown;unknown;1;-1;-1;-1;-1;-1;-1
;ServiceLog;md;1422890260113;unknown;unknown;1;-1;-1;-1;-1;-1;-1
;ServiceLog;md;1422890261144;unknown;unknown;1;-1;-1;-1;-1;-1;-1
;ServiceLog;md;1422890262160;unknown;unknown;1;-1;-1;-1;-1;-1;-1
;ServiceLog;md;1422890263198;unknown;unknown;1;-1;-1;-1;-1;-1;-1
;ServiceLog;md;1422890264233;unknown;unknown;1;-1;-1;-1;-1;-1;-1
;ServiceLog;md;1422890265245;unknown;unknown;1;-1;-1;-1;-1;-1;-1
;ServiceLog;md;1422890266257;unknown;unknown;1;-1;-1;-1;-1;-1;-1
;ServiceLog;md;1422890267270;unknown;unknown;1;-1;-1;-1;-1;-1;-1
;ServiceLog;md;1422890268293;unknown;unknown;1;-1;-1;-1;-1;-1;-1
;ServiceLog;md;1422890269330;unknown;unknown;1;-1;-1;-1;-1;-1;-1
;ServiceLog;md;1422890270368;unknown;unknown;1;-1;-1;-1;-1;-1;-1
;ServiceLog;md;1422890271396;unknown;unknown;1;-1;-1;-1;-1;-1;-1
;ServiceLog;md;1422890272412;unknown;unknown;1;-1;-1;-1;-1;-1;-1
;ServiceLog;md;1422890273445;unknown;unknown;1;-1;-1;-1;-1;-1;-1
;ServiceLog;md;1422890274476;unknown;unknown;1;-1;-1;-1;-1;-1;-1
;ServiceLog;md;1422890275510;unknown;unknown;1;-1;-1;-1;-1;-1;-1
;ServiceLog;md;1422890276542;unknown;unknown;1;-1;-1;-1;-1;-1;-1
;ServiceLog;md;1422890277573;unknown;unknown;1;-1;-1;-1;-1;-1;-1
;ServiceLog;md;1422890278602;unknown;unknown;1;-1;-1;-1;-1;-1;-1
;ServiceLog;md;1422890279637;unknown;unknown;1;-1;-1;-1;-1;-1;-1
;ServiceLog;md;1422890280721;unknown;unknown;1;-1;-1;-1;-1;-1;-1
;ServiceLog;md;1422890281738;unknown;unknown;1;-1;-1;-1;-1;-1;-1
;ServiceLog;md;1422890282782;unknown;unknown;1;-1;-1;-1;-1;-1;-1
;ServiceLog;md;1422890283828;unknown;unknown;1;-1;-1;-1;-1;-1;-1
;ServiceLog;md;1422890284884;unknown;unknown;1;-1;-1;-1;-1;-1;-1
;ServiceLog;md;1422890285929;unknown;unknown;1;-1;-1;-1;-1;-1;-1
;ServiceLog;md;1422890286973;unknown;unknown;1;-1;-1;-1;-1;-1;-1
;ServiceLog;md;1422890287992;unknown;unknown;1;-1;-1;-1;-1;-1;-1
;ServiceLog;md;1422890289049;unknown;unknown;1;-1;-1;-1;-1;-1;-1
;ServiceLog;md;1422890290084;unknown;unknown;1;-1;-1;-1;-1;-1;-1
;ServiceLog;md;1422890291115;unknown;unknown;1;-1;-1;-1;-1;-1;-1
;ServiceLog;md;1422890292146;unknown;unknown;1;-1;-1;-1;-1;-1;-1
;ServiceLog;md;1422890293164;unknown;unknown;1;-1;-1;-1;-1;-1;-1
;ServiceLog;md;1422890294319;unknown;unknown;1;-1;-1;-1;-1;-1;-1
;ServiceLog;md;1422890295348;unknown;unknown;1;-1;-1;-1;-1;-1;-1
;ServiceLog;md;1422890296369;unknown;unknown;1;-1;-1;-1;-1;-1;-1
;ServiceLog;md;1422890297503;unknown;unknown;1;-1;-1;-1;-1;-1;-1
;ServiceLog;md;1422890298521;unknown;unknown;1;-1;-1;-1;-1;-1;-1
;ServiceLog;md;1422890299539;unknown;unknown;1;-1;-1;-1;-1;-1;-1
;ServiceLog;md;1422890300556;unknown;unknown;1;-1;-1;-1;-1;-1;-1
;ServiceLog;md;1422890301578;unknown;unknown;1;-1;-1;-1;-1;-1;-1
;ServiceLog;md;1422890302601;unknown;unknown;1;-1;-1;-1;-1;-1;-1
;ServiceLog;md;1422890303662;unknown;unknown;1;-1;-1;-1;-1;-1;-1
;ServiceLog;md;1422890304684;unknown;unknown;1;-1;-1;-1;-1;-1;-1
;ServiceLog;md;1422890305714;unknown;unknown;1;-1;-1;-1;-1;-1;-1
;ServiceLog;md;1422890306735;unknown;unknown;1;-1;-1;-1;-1;-1;-1
;ServiceLog;md;1422890307766;unknown;unknown;1;-1;-1;-1;-1;-1;-1
;ServiceLog;md;1422890308820;unknown;unknown;1;-1;-1;-1;-1;-1;-1
;ServiceLog;md;1422890309881;unknown;unknown;1;-1;-1;-1;-1;-1;-1
;ServiceLog;md;1422890310903;unknown;unknown;1;-1;-1;-1;-1;-1;-1
;ServiceLog;md;1422890311919;3G;HSDPA;1;250;1;660;6892899;-1;0
;ServiceLog;md;1422890313561;3G;HSDPA;1;250;1;660;6892899;-1;-59
;ServiceLog;md;1422890314591;3G;HSDPA;1;250;1;660;6892899;-1;-65
;ServiceLog;md;1422890315609;3G;HSDPA;1;250;1;660;6892899;-1;-65
;ServiceLog;md;1422890316626;3G;HSDPA;1;250;1;660;6892899;-1;-65
;ServiceLog;md;1422890317641;3G;HSDPA;1;250;1;660;6892899;-1;-69
;ServiceLog;md;1422890318656;3G;HSDPA;1;250;1;660;6892899;-1;-69
;ServiceLog;md;1422890319670;3G;HSDPA;1;250;1;660;6892899;-1;-69
;ServiceLog;md;1422890320685;3G;HSDPA;1;250;1;660;6892899;-1;-75
;ServiceLog;md;1422890321698;3G;HSDPA;1;250;1;660;6892899;-1;-75
;ServiceLog;md;1422890322728;3G;HSDPA;1;250;1;660;6892899;-1;-75
;ServiceLog;md;1422890323768;3G;HSDPA;1;250;1;660;6892899;-1;-77
;ServiceLog;md;1422890324803;3G;HSDPA;1;250;1;660;6892899;-1;-77
;ServiceLog;md;1422890325852;3G;UMTS;1;250;1;660;6892899;-1;-79
;ServiceLog;md;1422890326931;3G;UMTS;1;250;1;660;6893149;-1;-79
;ServiceLog;md;1422890327988;3G;UMTS;1;250;1;660;6893149;-1;-79
;ServiceLog;md;1422890329027;3G;UMTS;1;250;1;660;6893149;-1;-81
;ServiceLog;md;1422890330089;3G;UMTS;1;250;1;660;6893149;-1;-81
;ServiceLog;md;1422890331126;3G;UMTS;1;250;1;660;6932080;-1;-81
;ServiceLog;md;1422890332168;3G;UMTS;1;250;1;660;6932080;-1;-81
;ServiceLog;md;1422890333186;3G;UMTS;1;250;1;660;6932080;-1;-81
;ServiceLog;md;1422890334248;3G;UMTS;1;250;1;660;6932080;-1;-81
;ServiceLog;md;1422890335265;3G;UMTS;1;250;1;660;6932080;-1;-75
;ServiceLog;md;1422890336315;3G;UMTS;1;250;1;660;6932080;-1;-75
;ServiceLog;md;1422890337387;3G;UMTS;1;250;1;660;6932080;-1;-75
;ServiceLog;md;1422890338454;3G;UMTS;1;250;1;660;6932080;-1;-77
;ServiceLog;md;1422890339486;3G;UMTS;1;250;1;660;6932080;-1;-77
;ServiceLog;md;1422890340518;3G;UMTS;1;250;1;660;6932080;-1;-77
;ServiceLog;md;1422890341567;3G;UMTS;1;250;1;660;6932080;-1;-79
;ServiceLog;md;1422890342609;3G;UMTS;1;250;1;660;6932080;-1;-79
;ServiceLog;md;1422890343654;3G;UMTS;1;250;1;660;6932080;-1;-79
;ServiceLog;md;1422890344677;3G;UMTS;1;250;1;660;6932080;-1;-81
;ServiceLog;md;1422890345707;3G;UMTS;1;250;1;660;6932080;-1;-81
;ServiceLog;md;1422890346775;3G;UMTS;1;250;1;660;6932080;-1;-81
;ServiceLog;md;1422890347823;3G;UMTS;1;250;1;660;6932080;-1;-83
;ServiceLog;md;1422890348846;3G;UMTS;1;250;1;660;6932080;-1;-83
;ServiceLog;md;1422890350195;3G;UMTS;1;250;1;660;6932080;-1;-83
;ServiceLog;md;1422890351228;3G;UMTS;1;250;1;660;6932080;-1;-83
;ServiceLog;md;1422890352259;3G;UMTS;1;250;1;660;6932080;-1;-83
;ServiceLog;md;1422890353281;3G;UMTS;1;250;1;660;6932080;-1;-83
;ServiceLog;md;1422890354341;3G;UMTS;1;250;1;660;6932080;-1;-83
;ServiceLog;md;1422890355364;3G;UMTS;1;250;1;660;6932080;-1;-83
;ServiceLog;md;1422890356414;3G;UMTS;1;250;1;660;6932080;-1;-83
;ServiceLog;md;1422890357450;3G;UMTS;1;250;1;660;6932080;-1;-83
;ServiceLog;md;1422890358497;3G;UMTS;1;250;1;660;6932080;-1;-83
;ServiceLog;md;1422890359545;3G;UMTS;1;250;1;660;6932080;-1;-83
;ServiceLog;md;1422890360580;3G;UMTS;1;250;1;660;6932080;-1;-83
;ServiceLog;md;1422890361647;3G;UMTS;1;250;1;660;6932080;-1;-83
;ServiceLog;md;1422890362694;3G;UMTS;1;250;1;660;6932080;-1;-83
;ServiceLog;md;1422890363776;3G;UMTS;1;250;1;660;6932080;-1;-83
;ServiceLog;md;1422890364831;3G;UMTS;1;250;1;660;6932080;-1;-83
;ServiceLog;md;1422890365918;3G;UMTS;1;250;1;660;6932080;-1;-83
;ServiceLog;md;1422890366952;3G;UMTS;1;250;1;660;6932080;-1;-83
;ServiceLog;md;1422890368005;3G;UMTS;1;250;1;660;6932080;-1;-83
;ServiceLog;md;1422890369024;3G;UMTS;1;250;1;660;6932080;-1;-83
;ServiceLog;md;1422890370058;3G;UMTS;1;250;1;660;6932080;-1;-83
;ServiceLog;md;1422890371075;3G;UMTS;1;250;1;660;6932080;-1;-83
;ServiceLog;md;1422890372096;3G;UMTS;1;250;1;660;6932080;-1;-83
;ServiceLog;md;1422890373164;3G;UMTS;1;250;1;660;6932080;-1;-83
;ServiceLog;md;1422890374205;3G;UMTS;1;250;1;660;6932080;-1;-83
;ServiceLog;md;1422890375258;3G;UMTS;1;250;1;660;6932080;-1;-83
;ServiceLog;md;1422890376317;3G;UMTS;1;250;1;660;6932080;-1;-83
;ServiceLog;md;1422890377339;3G;UMTS;1;250;1;660;6932080;-1;-83
;ServiceLog;md;1422890378396;3G;UMTS;1;250;1;660;6932080;-1;-83
;ServiceLog;md;1422890379449;3G;UMTS;1;250;1;660;6932080;-1;-83
;ServiceLog;md;1422890380518;3G;UMTS;1;250;1;660;6932080;-1;-83
;ServiceLog;md;1422890381552;3G;UMTS;1;250;1;660;6932080;-1;-83
;ServiceLog;md;1422890382622;3G;UMTS;1;250;1;660;6932080;-1;-83
;ServiceLog;md;1422890383689;3G;UMTS;1;250;1;660;6932080;-1;-83
;ServiceLog;md;1422890384734;3G;UMTS;1;250;1;660;6932080;-1;-83
;ServiceLog;md;1422890385801;3G;UMTS;1;250;1;660;6932080;-1;-83
;ServiceLog;md;1422890386852;3G;UMTS;1;250;1;660;6932080;-1;-83
;ServiceLog;md;1422890387916;3G;UMTS;1;250;1;660;6932080;-1;-83
;ServiceLog;md;1422890388975;3G;UMTS;1;250;1;660;6932080;-1;-83
;ServiceLog;md;1422890390016;3G;UMTS;1;250;1;660;6932080;-1;-83
;ServiceLog;md;1422890391062;3G;UMTS;1;250;1;660;6932080;-1;-83
;ServiceLog;md;1422890392129;3G;UMTS;1;250;1;660;6932080;-1;-83
;ServiceLog;md;1422890393168;3G;UMTS;1;250;1;660;6932080;-1;-83
;ServiceLog;md;1422890394222;3G;UMTS;1;250;1;660;6932080;-1;-83
;ServiceLog;md;1422890395291;3G;UMTS;1;250;1;660;6932080;-1;-83
;ServiceLog;md;1422890396364;3G;UMTS;1;250;1;660;6932080;-1;-83
;ServiceLog;md;1422890397409;3G;UMTS;1;250;1;660;6932080;-1;-83
;ServiceLog;md;1422890398460;3G;UMTS;1;250;1;660;6932080;-1;-83
;ServiceLog;md;1422890399505;3G;UMTS;1;250;1;660;6932080;-1;-83
;ServiceLog;md;1422890400551;3G;UMTS;1;250;1;660;6932080;-1;-83
;ServiceLog;md;1422890401600;3G;UMTS;1;250;1;660;6932070;-1;-89
;ServiceLog;md;1422890402682;3G;UMTS;1;250;1;660;6932070;-1;-89
;ServiceLog;md;1422890403707;3G;UMTS;1;250;1;660;6932070;-1;-89
;ServiceLog;md;1422890404727;3G;UMTS;1;250;1;660;6932070;-1;-89
;ServiceLog;md;1422890405762;3G;UMTS;1;250;1;660;6932070;-1;-89
;ServiceLog;md;1422890406904;3G;UMTS;1;250;1;660;6932070;-1;-89
;ServiceLog;md;1422890407922;3G;UMTS;1;250;1;660;6932070;-1;-89
;ServiceLog;md;1422890408945;3G;UMTS;1;250;1;660;6932070;-1;-89
;ServiceLog;md;1422890409960;3G;UMTS;1;250;1;660;6932070;-1;-89
;ServiceLog;md;1422890410978;3G;UMTS;1;250;1;660;6932070;-1;-89
;ServiceLog;md;1422890412048;3G;UMTS;1;250;1;660;6932070;-1;-89
;ServiceLog;md;1422890413125;3G;UMTS;1;250;1;660;6932070;-1;-87
;ServiceLog;md;1422890414141;3G;UMTS;1;250;1;660;6932070;-1;-87
;ServiceLog;md;1422890415199;3G;UMTS;1;250;1;660;6932070;-1;-87
;ServiceLog;md;1422890416220;3G;UMTS;1;250;1;660;6932070;-1;-85
;ServiceLog;md;1422890417236;3G;UMTS;1;250;1;660;6932070;-1;-85
;ServiceLog;md;1422890418270;3G;UMTS;1;250;1;660;6932070;-1;-85
;ServiceLog;md;1422890419288;3G;HSDPA;1;250;1;660;6932070;-1;-87
;ServiceLog;md;1422890420348;3G;HSDPA;1;250;1;660;6932070;-1;-87
;ServiceLog;md;1422890421363;3G;HSDPA;1;250;1;660;6932070;-1;-87
;ServiceLog;md;1422890422405;3G;HSDPA;1;250;1;660;6932070;-1;-87
;ServiceLog;md;1422890423441;3G;HSDPA;1;250;1;660;6932070;-1;-87
;ServiceLog;md;1422890424474;3G;UMTS;1;250;1;660;6932070;-1;-87
;ServiceLog;md;1422890425488;3G;UMTS;1;250;1;660;6892898;-1;-89
;ServiceLog;md;1422890426518;3G;UMTS;1;250;1;660;6892898;-1;-89
;ServiceLog;md;1422890427565;3G;UMTS;1;250;1;660;6892898;-1;-89
;ServiceLog;md;1422890428614;3G;UMTS;1;250;1;660;6892898;-1;-89
;ServiceLog;md;1422890429680;3G;HSDPA;1;250;1;660;6892898;-1;-89
;ServiceLog;md;1422890430738;3G;HSDPA;1;250;1;660;6892898;-1;-89
;ServiceLog;md;1422890431788;3G;HSDPA;1;250;1;660;6892898;-1;-89
;ServiceLog;md;1422890432828;3G;HSDPA;1;250;1;660;6892898;-1;-89
;ServiceLog;md;1422890433861;3G;UMTS;1;250;1;660;6893148;-1;-89
;ServiceLog;md;1422890434875;3G;UMTS;1;250;1;660;6893148;-1;-89
;ServiceLog;md;1422890435896;3G;UMTS;1;250;1;660;6893148;-1;-89
;ServiceLog;md;1422890437031;3G;UMTS;1;250;1;660;6893148;-1;-89
;ServiceLog;md;1422890438076;3G;HSDPA;1;250;1;660;6893148;-1;-89
;ServiceLog;md;1422890439092;3G;HSDPA;1;250;1;660;6893148;-1;-89
;ServiceLog;md;1422890440132;3G;HSDPA;1;250;1;660;6893148;-1;-89
;ServiceLog;md;1422890441172;3G;HSDPA;1;250;1;660;6893148;-1;-89
;ServiceLog;md;1422890442213;3G;UMTS;1;250;1;660;6893148;-1;-89
;ServiceLog;md;1422890443255;3G;UMTS;1;250;1;660;6893148;-1;-89
;ServiceLog;md;1422890444279;3G;UMTS;1;250;1;660;6893148;-1;-89
;ServiceLog;md;1422890445295;3G;UMTS;1;250;1;660;6932070;-1;-89
;ServiceLog;md;1422890446334;3G;UMTS;1;250;1;660;6932070;-1;-81
;ServiceLog;md;1422890447360;3G;UMTS;1;250;1;660;6932070;-1;-81
;ServiceLog;md;1422890448436;3G;UMTS;1;250;1;660;6932070;-1;-81
;ServiceLog;md;1422890449461;3G;UMTS;1;250;1;660;6932070;-1;-81
;ServiceLog;md;1422890450481;3G;UMTS;1;250;1;660;6932070;-1;-81
;ServiceLog;md;1422890451539;3G;UMTS;1;250;1;660;6932070;-1;-81
;ServiceLog;md;1422890452596;3G;UMTS;1;250;1;660;6932070;-1;-81
;ServiceLog;md;1422890453674;3G;UMTS;1;250;1;660;6932070;-1;-81
;ServiceLog;md;1422890454742;3G;UMTS;1;250;1;660;6932070;-1;-81
;ServiceLog;md;1422890455789;3G;UMTS;1;250;1;660;6932070;-1;-79
;ServiceLog;md;1422890456828;3G;UMTS;1;250;1;660;6932070;-1;-79
;ServiceLog;md;1422890457866;3G;UMTS;1;250;1;660;6932070;-1;-79
;ServiceLog;md;1422890458969;3G;UMTS;1;250;1;660;6932070;-1;-79
;ServiceLog;md;1422890459992;3G;UMTS;1;250;1;660;6932070;-1;-79
;ServiceLog;md;1422890461083;3G;UMTS;1;250;1;660;6932070;-1;-79
;ServiceLog;md;1422890462140;3G;UMTS;1;250;1;660;6932070;-1;-79
;ServiceLog;md;1422890463161;3G;UMTS;1;250;1;660;6932070;-1;-79
;ServiceLog;md;1422890464224;3G;UMTS;1;250;1;660;6932070;-1;-77
;ServiceLog;md;1422890465277;3G;UMTS;1;250;1;660;6932070;-1;-77
;ServiceLog;md;1422890466312;3G;UMTS;1;250;1;660;6932070;-1;-77
;ServiceLog;md;1422890467330;3G;UMTS;1;250;1;660;6932070;-1;-77
;ServiceLog;md;1422890468754;3G;UMTS;1;250;1;660;6932070;-1;-77
;ServiceLog;md;1422890469802;3G;UMTS;1;250;1;660;6932070;-1;-77
;ServiceLog;md;1422890470850;3G;UMTS;1;250;1;660;6932070;-1;-77
;ServiceLog;md;1422890471929;3G;UMTS;1;250;1;660;6932070;-1;-77
;ServiceLog;md;1422890472974;3G;UMTS;1;250;1;660;6932070;-1;-77
;ServiceLog;md;1422890474009;3G;UMTS;1;250;1;660;6932070;-1;-77
;ServiceLog;md;1422890475059;3G;UMTS;1;250;1;660;6932070;-1;-77
;ServiceLog;md;1422890476111;3G;UMTS;1;250;1;660;6932070;-1;-77
;ServiceLog;md;1422890477186;3G;UMTS;1;250;1;660;6932070;-1;-77
;ServiceLog;md;1422890478257;3G;UMTS;1;250;1;660;6932070;-1;-77
;ServiceLog;md;1422890479307;3G;UMTS;1;250;1;660;6932070;-1;-77
;ServiceLog;md;1422890480362;3G;UMTS;1;250;1;660;6932070;-1;-77
;ServiceLog;md;1422890481467;3G;UMTS;1;250;1;660;6932070;-1;-77
;ServiceLog;md;1422890482517;3G;UMTS;1;250;1;660;6932070;-1;-77
;ServiceLog;md;1422890483564;3G;UMTS;1;250;1;660;6932070;-1;-77
;ServiceLog;md;1422890484628;3G;UMTS;1;250;1;660;6932070;-1;-77
;ServiceLog;md;1422890485697;3G;UMTS;1;250;1;660;6932070;-1;-77
;ServiceLog;md;1422890486760;3G;UMTS;1;250;1;660;6932070;-1;-77
;ServiceLog;md;1422890487808;3G;UMTS;1;250;1;660;6932070;-1;-77
;ServiceLog;md;1422890488853;3G;UMTS;1;250;1;660;6932070;-1;-77
;ServiceLog;md;1422890489900;3G;UMTS;1;250;1;660;6932070;-1;-77
;ServiceLog;md;1422890490962;3G;UMTS;1;250;1;660;6932070;-1;-77
;ServiceLog;md;1422890492014;3G;UMTS;1;250;1;660;6932070;-1;-77
;ServiceLog;md;1422890493067;3G;UMTS;1;250;1;660;6932070;-1;-77
;ServiceLog;md;1422890494120;3G;UMTS;1;250;1;660;6932070;-1;-77
;ServiceLog;md;1422890495189;3G;UMTS;1;250;1;660;6932070;-1;-77
;ServiceLog;md;1422890496259;3G;UMTS;1;250;1;660;6932070;-1;-77
;ServiceLog;md;1422890497331;3G;UMTS;1;250;1;660;6932070;-1;-77
;ServiceLog;md;1422890498394;3G;UMTS;1;250;1;660;6932070;-1;-77
;ServiceLog;md;1422890499467;3G;UMTS;1;250;1;660;6932070;-1;-77
;ServiceLog;md;1422890500524;3G;UMTS;1;250;1;660;6932070;-1;-77
;ServiceLog;md;1422890501575;3G;UMTS;1;250;1;660;6932070;-1;-77
;ServiceLog;md;1422890502620;3G;UMTS;1;250;1;660;6932070;-1;-77
;ServiceLog;md;1422890503642;3G;UMTS;1;250;1;660;6932070;-1;-77
;ServiceLog;md;1422890504695;3G;UMTS;1;250;1;660;6932070;-1;-77
;ServiceLog;md;1422890505742;3G;UMTS;1;250;1;660;6932070;-1;-77
;ServiceLog;md;1422890506792;3G;UMTS;1;250;1;660;6932070;-1;-77
;ServiceLog;md;1422890507847;3G;UMTS;1;250;1;660;6932070;-1;-77
;ServiceLog;md;1422890508867;3G;UMTS;1;250;1;660;6932070;-1;-77
;ServiceLog;md;1422890509918;3G;UMTS;1;250;1;660;6932070;-1;-77
;ServiceLog;md;1422890510976;3G;UMTS;1;250;1;660;6932070;-1;-77
;ServiceLog;md;1422890512034;3G;UMTS;1;250;1;660;6932070;-1;-77
;ServiceLog;md;1422890513053;3G;UMTS;1;250;1;660;6932070;-1;-77
;ServiceLog;md;1422890514123;3G;UMTS;1;250;1;660;6932070;-1;-77
;ServiceLog;md;1422890515190;3G;UMTS;1;250;1;660;6932070;-1;-77
;ServiceLog;md;1422890516237;3G;UMTS;1;250;1;660;6932070;-1;-77
;ServiceLog;md;1422890517285;3G;UMTS;1;250;1;660;6932070;-1;-77
;ServiceLog;md;1422890518324;3G;UMTS;1;250;1;660;6932070;-1;-77
;ServiceLog;md;1422890519359;3G;UMTS;1;250;1;660;6932070;-1;-77
;ServiceLog;md;1422890520391;3G;UMTS;1;250;1;660;6932070;-1;-77
;ServiceLog;md;1422890521443;3G;UMTS;1;250;1;660;6932070;-1;-77
;ServiceLog;md;1422890522509;3G;UMTS;1;250;1;660;6932070;-1;-77
;ServiceLog;md;1422890523557;3G;UMTS;1;250;1;660;6932070;-1;-77
;ServiceLog;md;1422890524691;3G;UMTS;1;250;1;660;6932070;-1;-77
;ServiceLog;md;1422890525756;3G;UMTS;1;250;1;660;6932070;-1;-77
;ServiceLog;md;1422890526795;3G;UMTS;1;250;1;660;6932070;-1;-77
;ServiceLog;md;1422890527862;3G;UMTS;1;250;1;660;6932070;-1;-77
;ServiceLog;md;1422890528907;3G;UMTS;1;250;1;660;6932070;-1;-77
;ServiceLog;md;1422890529992;3G;UMTS;1;250;1;660;6932070;-1;-77
;ServiceLog;md;1422890531031;3G;UMTS;1;250;1;660;6932070;-1;-77
;ServiceLog;md;1422890532086;3G;UMTS;1;250;1;660;6932070;-1;-77
;ServiceLog;md;1422890533155;3G;UMTS;1;250;1;660;6932070;-1;-77
;ServiceLog;md;1422890534219;3G;UMTS;1;250;1;660;6932070;-1;-77
;ServiceLog;md;1422890535277;3G;UMTS;1;250;1;660;6932070;-1;-77
;ServiceLog;md;1422890536349;3G;UMTS;1;250;1;660;6932070;-1;-77
;ServiceLog;md;1422890537445;3G;UMTS;1;250;1;660;6932070;-1;-77
;ServiceLog;md;1422890538515;3G;UMTS;1;250;1;660;6932060;-1;-87
;ServiceLog;md;1422890539541;3G;UMTS;1;250;1;660;6932060;-1;-89
;ServiceLog;md;1422890540562;3G;UMTS;1;250;1;660;6932060;-1;-89
;ServiceLog;md;1422890541771;3G;HSDPA;1;250;1;660;6932060;-1;-89
;ServiceLog;md;1422890542785;3G;HSDPA;1;250;1;660;6932060;-1;-59
;ServiceLog;md;1422890543814;3G;HSDPA;1;250;1;660;6932060;-1;-59
;ServiceLog;md;1422890544831;3G;HSDPA;1;250;1;660;6932060;-1;-59
;ServiceLog;md;1422890545845;3G;HSDPA;1;250;1;660;6932060;-1;-65
;ServiceLog;md;1422890546861;3G;UMTS;1;250;1;660;6932060;-1;-65
;ServiceLog;md;1422890547876;3G;UMTS;1;250;1;660;6932060;-1;-65
;ServiceLog;md;1422890548893;3G;UMTS;1;250;1;660;6892897;-1;-69
;ServiceLog;md;1422890549938;3G;UMTS;1;250;1;660;6892897;-1;-69
;ServiceLog;md;1422890550982;3G;UMTS;1;250;1;660;6932060;-1;-73
;ServiceLog;md;1422890552030;3G;UMTS;1;250;1;660;6932060;-1;-73
;ServiceLog;md;1422890553079;3G;UMTS;1;250;1;660;6932060;-1;-73
;ServiceLog;md;1422890554144;3G;UMTS;1;250;1;660;6932060;-1;-75
;ServiceLog;md;1422890555182;3G;UMTS;1;250;1;660;6932060;-1;-75
;ServiceLog;md;1422890556238;3G;UMTS;1;250;1;660;6932060;-1;-75
;ServiceLog;md;1422890557256;3G;UMTS;1;250;1;660;6932060;-1;-77
;ServiceLog;md;1422890558323;3G;UMTS;1;250;1;660;6932060;-1;-77
;ServiceLog;md;1422890559351;3G;UMTS;1;250;1;660;6932060;-1;-77
;ServiceLog;md;1422890560389;3G;UMTS;1;250;1;660;6932060;-1;-81
;ServiceLog;md;1422890561415;3G;HSDPA;1;250;1;660;6932060;-1;-81
;ServiceLog;md;1422890562594;3G;HSDPA;1;250;1;660;6932060;-1;-81
;ServiceLog;md;1422890563610;3G;HSDPA;1;250;1;660;6932060;-1;-83
;ServiceLog;md;1422890564648;3G;HSDPA;1;250;1;660;6932060;-1;-83
;ServiceLog;md;1422890565689;3G;HSDPA;1;250;1;660;6932060;-1;-83
;ServiceLog;md;1422890566724;3G;HSDPA;1;250;1;660;6932060;-1;-85
;ServiceLog;md;1422890567760;3G;HSDPA;1;250;1;660;6932060;-1;-85
;ServiceLog;md;1422890568859;3G;HSDPA;1;250;1;660;6932060;-1;-85
;ServiceLog;md;1422890569900;3G;HSDPA;1;250;1;660;6932060;-1;-87
;ServiceLog;md;1422890570940;3G;UMTS;1;250;1;660;6932060;-1;-87
;ServiceLog;md;1422890571994;3G;UMTS;1;250;1;660;6932060;-1;-89
;ServiceLog;md;1422890573030;3G;UMTS;1;250;1;660;6932060;-1;-89
;ServiceLog;md;1422890574079;3G;UMTS;1;250;1;660;6932060;-1;-89
;ServiceLog;md;1422890575115;3G;UMTS;1;250;1;660;6892897;-1;-89
;ServiceLog;md;1422890576161;3G;UMTS;1;250;1;660;6892897;-1;-89
;ServiceLog;md;1422890577223;3G;UMTS;1;250;1;660;6892897;-1;-89
;ServiceLog;md;1422890578261;3G;UMTS;1;250;1;660;6892897;-1;-91
;ServiceLog;md;1422890579308;3G;UMTS;1;250;1;660;6892897;-1;-91
;ServiceLog;md;1422890580360;3G;UMTS;1;250;1;660;6892897;-1;-91
;ServiceLog;md;1422890581445;3G;UMTS;1;250;1;660;6892897;-1;-91
;ServiceLog;md;1422890582480;3G;UMTS;1;250;1;660;6892897;-1;-91
;ServiceLog;md;1422890583531;3G;UMTS;1;250;1;660;6892897;-1;-91
;ServiceLog;md;1422890584607;3G;UMTS;1;250;1;660;6892897;-1;-93
;ServiceLog;md;1422890585653;3G;UMTS;1;250;1;660;6892897;-1;-93
;ServiceLog;md;1422890586707;3G;UMTS;1;250;1;660;6892897;-1;-93
;ServiceLog;md;1422890587745;3G;HSDPA;1;250;1;660;6892897;-1;-93
;ServiceLog;md;1422890588785;3G;HSDPA;1;250;1;660;6892897;-1;-93
;ServiceLog;md;1422890589810;3G;HSDPA;1;250;1;660;6892897;-1;-93
;ServiceLog;md;1422890590844;3G;HSDPA;1;250;1;660;6892897;-1;-95
;ServiceLog;md;1422890591919;3G;HSDPA;1;250;1;660;6892897;-1;-95
;ServiceLog;md;1422890592954;3G;HSDPA;1;250;1;660;6892897;-1;-95
;ServiceLog;md;1422890593981;3G;HSDPA;1;250;1;660;6892897;-1;-95
;ServiceLog;md;1422890595029;3G;UMTS;1;250;1;660;6892897;-1;-95
;ServiceLog;md;1422890596066;3G;UMTS;1;250;1;660;6892897;-1;-97
;ServiceLog;md;1422890597086;3G;UMTS;1;250;1;660;6892897;-1;-97
;ServiceLog;md;1422890598134;3G;UMTS;1;250;1;660;6892897;-1;-97
;ServiceLog;md;1422890599169;3G;UMTS;1;250;1;660;6892897;-1;-97
;ServiceLog;md;1422890600212;3G;UMTS;1;250;1;660;6892897;-1;-97
;ServiceLog;md;1422890601266;3G;UMTS;1;250;1;660;6892897;-1;-97
;ServiceLog;md;1422890602292;3G;UMTS;1;250;1;660;6892897;-1;-97
;ServiceLog;md;1422890603308;3G;UMTS;1;250;1;660;6892897;-1;-97
;ServiceLog;md;1422890604368;3G;UMTS;1;250;1;660;6892897;-1;-97
;ServiceLog;md;1422890605419;3G;UMTS;1;250;1;660;6892897;-1;-97
;ServiceLog;md;1422890606478;3G;UMTS;1;250;1;660;6892897;-1;-97
;ServiceLog;md;1422890607494;3G;UMTS;1;250;1;660;6892897;-1;-97
;ServiceLog;md;1422890608522;3G;UMTS;1;250;1;660;6892897;-1;-97
;ServiceLog;md;1422890609544;3G;UMTS;1;250;1;660;6892897;-1;-97
;ServiceLog;md;1422890610580;unknown;unknown;1;-1;-1;-1;-1;-1;-1
;ServiceLog;md;1422890611750;3G;UMTS;1;250;1;660;6932060;-1;-93
;ServiceLog;md;1422890613138;3G;UMTS;1;250;1;660;6932060;-1;-93
;ServiceLog;md;1422890614165;3G;UMTS;1;250;1;660;6932060;-1;-87
;ServiceLog;md;1422890615213;3G;UMTS;1;250;1;660;6932060;-1;-87
;ServiceLog;md;1422890616477;3G;UMTS;1;250;1;660;6932060;-1;-87
;ServiceLog;md;1422890617496;3G;UMTS;1;250;1;660;6932060;-1;-87
;ServiceLog;md;1422890618517;3G;UMTS;1;250;1;660;6932060;-1;-87
;ServiceLog;md;1422890619541;3G;UMTS;1;250;1;660;6932060;-1;-87
;ServiceLog;md;1422890620615;3G;UMTS;1;250;1;660;6932060;-1;-87
;ServiceLog;md;1422890621673;3G;UMTS;1;250;1;660;6932060;-1;-87
;ServiceLog;md;1422890622751;3G;UMTS;1;250;1;660;6932060;-1;-87
;ServiceLog;md;1422890623805;3G;UMTS;1;250;1;660;6932060;-1;-85
;ServiceLog;md;1422890624823;3G;UMTS;1;250;1;660;6932060;-1;-85
;ServiceLog;md;1422890625843;3G;UMTS;1;250;1;660;6932060;-1;-85
;ServiceLog;md;1422890627665;3G;UMTS;1;250;1;660;6932060;-1;-85
;ServiceLog;md;1422890628691;3G;UMTS;1;250;1;660;6932060;-1;-85
;ServiceLog;md;1422890629712;3G;UMTS;1;250;1;660;6932060;-1;-85
;ServiceLog;md;1422890630794;3G;UMTS;1;250;1;660;6932060;-1;-85
;ServiceLog;md;1422890631875;3G;UMTS;1;250;1;660;6932060;-1;-85
;ServiceLog;md;1422890632898;3G;UMTS;1;250;1;660;6932060;-1;-85
;ServiceLog;md;1422890633934;3G;UMTS;1;250;1;660;6932060;-1;-85
;ServiceLog;md;1422890634984;3G;UMTS;1;250;1;660;6932060;-1;-85
;ServiceLog;md;1422890635999;3G;UMTS;1;250;1;660;6932060;-1;-85
;ServiceLog;md;1422890637015;3G;UMTS;1;250;1;660;6932060;-1;-85
;ServiceLog;md;1422890638036;3G;UMTS;1;250;1;660;6932060;-1;0
;ServiceLog;md;1422890639077;3G;UMTS;1;250;1;660;6932060;-1;0
;ServiceLog;md;1422890640091;3G;UMTS;1;250;1;660;6932060;-1;0
;ServiceLog;md;1422890641125;3G;UMTS;1;250;1;660;6932060;-1;0
;ServiceLog;md;1422890642144;3G;UMTS;1;250;1;660;6932060;-1;0
;ServiceLog;md;1422890643186;3G;UMTS;1;250;1;660;6932060;-1;0
;ServiceLog;md;1422890644205;3G;UMTS;1;250;1;660;6932060;-1;0
;ServiceLog;md;1422890645227;3G;UMTS;1;250;1;660;6932060;-1;0
;ServiceLog;md;1422890646241;3G;UMTS;1;250;1;660;6932060;-1;0
;ServiceLog;md;1422890647256;3G;UMTS;1;250;1;660;6932060;-1;0
;ServiceLog;md;1422890648292;3G;UMTS;1;250;1;660;6932060;-1;0
;ServiceLog;md;1422890649329;3G;UMTS;1;250;1;660;6932060;-1;0
;ServiceLog;md;1422890650359;unknown;unknown;1;-1;-1;-1;-1;-1;-1
;ServiceLog;md;1422890651372;unknown;unknown;1;-1;-1;-1;-1;-1;-1
;ServiceLog;md;1422890652390;unknown;unknown;1;-1;-1;-1;-1;-1;-1
;ServiceLog;md;1422890653431;unknown;unknown;1;-1;-1;-1;-1;-1;-1
;ServiceLog;md;1422890654464;unknown;unknown;1;-1;-1;-1;-1;-1;-1
;ServiceLog;md;1422890655479;unknown;unknown;1;-1;-1;-1;-1;-1;-1
;ServiceLog;md;1422890656503;unknown;unknown;1;-1;-1;-1;-1;-1;-1
;ServiceLog;md;1422890657551;unknown;unknown;1;-1;-1;-1;-1;-1;-1
;ServiceLog;md;1422890658581;unknown;unknown;1;-1;-1;-1;-1;-1;-1
;ServiceLog;md;1422890659612;unknown;unknown;1;-1;-1;-1;-1;-1;-1
;ServiceLog;md;1422890660655;unknown;unknown;1;-1;-1;-1;-1;-1;-1
;ServiceLog;md;1422890661670;unknown;unknown;1;-1;-1;-1;-1;-1;-1
;ServiceLog;md;1422890662708;unknown;unknown;1;-1;-1;-1;-1;-1;-1
;ServiceLog;md;1422890663754;unknown;unknown;1;-1;-1;-1;-1;-1;-1
;ServiceLog;md;1422890664781;unknown;unknown;1;-1;-1;-1;-1;-1;-1
;ServiceLog;md;1422890665819;unknown;unknown;1;-1;-1;-1;-1;-1;-1
;ServiceLog;md;1422890666836;unknown;unknown;1;-1;-1;-1;-1;-1;-1
;ServiceLog;md;1422890667887;unknown;unknown;1;-1;-1;-1;-1;-1;-1
;ServiceLog;md;1422890668941;unknown;unknown;1;-1;-1;-1;-1;-1;-1
;ServiceLog;md;1422890670025;unknown;unknown;1;-1;-1;-1;-1;-1;-1
;ServiceLog;md;1422890671070;unknown;unknown;1;-1;-1;-1;-1;-1;-1
;ServiceLog;md;1422890672123;unknown;unknown;1;-1;-1;-1;-1;-1;-1
;ServiceLog;md;1422890673184;unknown;unknown;1;-1;-1;-1;-1;-1;-1
;ServiceLog;md;1422890674214;unknown;unknown;1;-1;-1;-1;-1;-1;-1
;ServiceLog;md;1422890675249;unknown;unknown;1;-1;-1;-1;-1;-1;-1
;ServiceLog;md;1422890676280;unknown;unknown;1;-1;-1;-1;-1;-1;-1
;ServiceLog;md;1422890677296;unknown;unknown;1;-1;-1;-1;-1;-1;-1
;ServiceLog;md;1422890678326;unknown;unknown;1;-1;-1;-1;-1;-1;-1
;ServiceLog;md;1422890679356;2G;EDGE;1;250;1;660;11023;-1;0
;ServiceLog;md;1422890680417;2G;EDGE;1;250;1;660;11023;-1;0
;ServiceLog;md;1422890681470;2G;EDGE;1;250;1;660;11023;-1;0
;ServiceLog;md;1422890682538;2G;EDGE;1;250;1;660;11023;-1;-91
;ServiceLog;md;1422890683600;2G;EDGE;1;250;1;660;11023;-1;-91
;ServiceLog;md;1422890684623;2G;EDGE;1;250;1;660;11023;-1;-91
;ServiceLog;md;1422890685648;2G;EDGE;1;250;1;660;11023;-1;-93
;ServiceLog;md;1422890686663;2G;EDGE;1;250;1;660;11023;-1;-93
;ServiceLog;md;1422890687679;2G;EDGE;1;250;1;660;11023;-1;-93
;ServiceLog;md;1422890688729;2G;EDGE;1;250;1;660;11023;-1;-95
;ServiceLog;md;1422890689761;2G;EDGE;1;250;1;660;11023;-1;-95
;ServiceLog;md;1422890690778;2G;EDGE;1;250;1;660;11023;-1;-95
;ServiceLog;md;1422890691810;2G;EDGE;1;250;1;660;11023;-1;-95
;ServiceLog;md;1422890692825;2G;EDGE;1;250;1;660;11023;-1;-95
;ServiceLog;md;1422890693859;2G;EDGE;1;250;1;660;11023;-1;-95
;ServiceLog;md;1422890694892;2G;EDGE;1;250;1;660;11023;-1;-89
;ServiceLog;md;1422890695907;2G;EDGE;1;250;1;660;11023;-1;-89
;ServiceLog;md;1422890696925;2G;EDGE;1;250;1;660;11023;-1;-89
;ServiceLog;md;1422890697965;2G;EDGE;1;250;1;660;11023;-1;-89
;ServiceLog;md;1422890699003;2G;EDGE;1;250;1;660;11023;-1;-89
;ServiceLog;md;1422890700039;2G;EDGE;1;250;1;660;11023;-1;-89
;ServiceLog;md;1422890701055;2G;EDGE;1;250;1;660;11023;-1;-91
;ServiceLog;md;1422890702088;2G;EDGE;1;250;1;660;11023;-1;-91
;ServiceLog;md;1422890703123;2G;EDGE;1;250;1;660;11023;-1;-91
;ServiceLog;md;1422890704179;2G;EDGE;1;250;1;660;11023;-1;-93
;ServiceLog;md;1422890705221;2G;EDGE;1;250;1;660;11023;-1;-93
;ServiceLog;md;1422890706267;2G;EDGE;1;250;1;660;11023;-1;-93
;ServiceLog;md;1422890707302;2G;EDGE;1;250;1;660;11023;-1;-93
;ServiceLog;md;1422890708317;2G;EDGE;1;250;1;660;11023;-1;-95
;ServiceLog;md;1422890709351;2G;EDGE;1;250;1;660;11023;-1;-95
;ServiceLog;md;1422890710365;2G;EDGE;1;250;1;660;11023;-1;-95
;ServiceLog;md;1422890711383;2G;EDGE;1;250;1;660;11023;-1;-95
;ServiceLog;md;1422890712419;2G;EDGE;1;250;1;660;11023;-1;-95
;ServiceLog;md;1422890713435;2G;EDGE;1;250;1;660;11023;-1;-95
;ServiceLog;md;1422890714470;2G;EDGE;1;250;1;660;11023;-1;-95
;ServiceLog;md;1422890715487;2G;EDGE;1;250;1;660;11023;-1;-95
