ID;Name;User;TimeStamp;DateTime;NetworkGen;NetworkType;Active;MCC;MNC;LAC;CID;PSC;Power
863;Обводный канал 3;natalie;1445513192941;22.10.2015 14:26:32;2G;GPRS;1;250;1;100;3591;-1;-67
864;Обводный канал 4;natalie;1445513206240;22.10.2015 14:26:46;2G;GPRS;1;250;1;100;3591;-1;-69
871;Звенигородская 1;natalie;1445513312555;22.10.2015 14:28:32;unknown;unknown;1;-1;-1;100;3591;-1;0
871;Звенигородская 1;natalie;1445513312555;22.10.2015 14:28:32;2G;GPRS;-1--1-100-3591;-1;-1;7803;14677;-1;-99
872;Звенигородская 2;natalie;1445513324579;22.10.2015 14:28:44;2G;GPRS;1;250;1;100;3891;-1;-65
873;Звенигородская 3;natalie;1445513356501;22.10.2015 14:29:16;2G;GPRS;1;250;1;100;3891;-1;-75
874;Звенигородская 4;natalie;1445513372160;22.10.2015 14:29:32;2G;GPRS;1;250;1;100;3891;-1;-67
881;Садовая 1;natalie;1445513457049;22.10.2015 14:30:57;unknown;unknown;1;-1;-1;100;3891;-1;0
881;Садовая 1;natalie;1445513457049;22.10.2015 14:30:57;2G;GPRS;-1--1-100-3891;-1;-1;7803;22545;-1;-105
882;Садовая 2;natalie;1445513469785;22.10.2015 14:31:09;2G;GPRS;1;250;1;100;3901;-1;-73
