ID;Name;User;TimeStamp;DateTime;Type;Accel_X;Accel_Y;Accel_Z;Azimuth;Pitch;Roll;Magnetic_X;Magnetic_Y;Magnetic_Z;Gyro_X;Gyro_Y;Gyro_Z;GPS_Lat;GPS_Lon;GPS_Alt;GPS_Accuracy;GPS_Speed;GPS_Bearing;Audio
863;Обводный канал 3;natalie;1445513192941;22.10.2015 14:26:32;Raw;-0.766;4.884;8.37;3.125;-31.328125;2.828125;5.04;54.18;-48.24;NaN;NaN;NaN;NaN;NaN;NaN;NaN;NaN;NaN;71
864;Обводный канал 4;natalie;1445513206240;22.10.2015 14:26:46;Raw;-0.229;4.711;7.977;357.14063;-34.1875;-0.484375;0.9;12.3;-51.78;NaN;NaN;NaN;NaN;NaN;NaN;NaN;NaN;NaN;89
871;Звенигородская 1;natalie;1445513312555;22.10.2015 14:28:32;Raw;0.842;5.66;8.437;131.79688;-35.109375;-5.046875;-40.8;-11.22;65.58;NaN;NaN;NaN;NaN;NaN;NaN;NaN;NaN;NaN;89
872;Звенигородская 2;natalie;1445513324579;22.10.2015 14:28:44;Raw;0.842;5.43;8.887;127.25;-34.03125;-5.90625;-25.68;0.96;36.96;NaN;NaN;NaN;NaN;NaN;NaN;NaN;NaN;NaN;74
873;Звенигородская 3;natalie;1445513356501;22.10.2015 14:29:16;Raw;-1.168;4.855;7.613;270.26563;-27.671875;9.875;7.38;14.7;18.48;NaN;NaN;NaN;NaN;NaN;NaN;NaN;NaN;NaN;82
874;Звенигородская 4;natalie;1445513372160;22.10.2015 14:29:32;Raw;-0.699;4.357;9.385;31.078125;-27.109375;2.859375;-5.1;17.52;17.76;NaN;NaN;NaN;NaN;NaN;NaN;NaN;NaN;NaN;85
881;Садовая 1;natalie;1445513457049;22.10.2015 14:30:57;Raw;-0.45;4.386;9.241;195.9375;-27.03125;1.765625;6.0;5.58;80.04;NaN;NaN;NaN;NaN;NaN;NaN;NaN;NaN;NaN;87
882;Садовая 2;natalie;1445513469785;22.10.2015 14:31:09;Raw;0.258;2.193;10.123;150.71875;-13.1875;-1.375;-13.74;-22.74;35.16;NaN;NaN;NaN;NaN;NaN;NaN;NaN;NaN;NaN;87
