ID;Name;User;TimeStamp;DateTime;Type;Accel_X;Accel_Y;Accel_Z;Azimuth;Pitch;Roll;Magnetic_X;Magnetic_Y;Magnetic_Z;Gyro_X;Gyro_Y;Gyro_Z;GPS_Lat;GPS_Lon;GPS_Alt;GPS_Accuracy;GPS_Speed;GPS_Bearing;Audio
;ServiceLog;natalie;1445513158694;22.10.2015 14:25:58;Raw;NaN;NaN;NaN;NaN;NaN;NaN;NaN;NaN;NaN;NaN;NaN;NaN;NaN;NaN;NaN;NaN;NaN;NaN;82
;ServiceLog;natalie;1445513159754;22.10.2015 14:25:59;Raw;-0.536;5.593;7.412;102.671875;-35.90625;1.59375;-45.06;13.14;34.2;NaN;NaN;NaN;NaN;NaN;NaN;NaN;NaN;NaN;82
;ServiceLog;natalie;1445513160782;22.10.2015 14:26:00;Raw;1.034;5.937;7.067;92.28125;-37.65625;-6.84375;-38.04;24.3;29.88;NaN;NaN;NaN;NaN;NaN;NaN;NaN;NaN;NaN;88
;ServiceLog;natalie;1445513161800;22.10.2015 14:26:01;Raw;-0.478;5.554;7.728;78.4375;-37.859375;-2.4375;-35.76;29.94;22.86;NaN;NaN;NaN;NaN;NaN;NaN;NaN;NaN;NaN;77
;ServiceLog;natalie;1445513162830;22.10.2015 14:26:02;Raw;2.231;5.631;5.42;68.578125;-51.40625;-8.46875;-33.9;32.34;15.84;NaN;NaN;NaN;NaN;NaN;NaN;NaN;NaN;NaN;73
;ServiceLog;natalie;1445513163848;22.10.2015 14:26:03;Raw;4.328;5.401;6.723;63.65625;-47.984375;-28.578125;-28.32;42.36;22.02;NaN;NaN;NaN;NaN;NaN;NaN;NaN;NaN;NaN;76
;ServiceLog;natalie;1445513164871;22.10.2015 14:26:04;Raw;2.93;3.955;7.719;50.765625;-22.8125;-19.1875;-27.42;44.16;24.96;NaN;NaN;NaN;NaN;NaN;NaN;NaN;NaN;NaN;78
;ServiceLog;natalie;1445513165888;22.10.2015 14:26:05;Raw;3.61;3.802;7.901;43.6875;-25.421875;-19.90625;-21.6;51.78;18.36;NaN;NaN;NaN;NaN;NaN;NaN;NaN;NaN;NaN;79
;ServiceLog;natalie;1445513166918;22.10.2015 14:26:06;Raw;2.585;4.309;8.245;32.421875;-24.3125;-18.328125;-17.82;54.54;13.02;NaN;NaN;NaN;NaN;NaN;NaN;NaN;NaN;NaN;71
;ServiceLog;natalie;1445513167938;22.10.2015 14:26:07;Raw;1.331;5.315;7.393;32.265625;-35.65625;-6.671875;-19.74;52.14;8.4;NaN;NaN;NaN;NaN;NaN;NaN;NaN;NaN;NaN;79
;ServiceLog;natalie;1445513168960;22.10.2015 14:26:08;Raw;0.067;4.606;7.891;30.953125;-34.109375;1.90625;-23.16;48.78;8.7;NaN;NaN;NaN;NaN;NaN;NaN;NaN;NaN;NaN;85
;ServiceLog;natalie;1445513169978;22.10.2015 14:26:09;Raw;-0.383;5.593;8.006;36.5;-31.296875;-7.375;-28.62;45.84;10.8;NaN;NaN;NaN;NaN;NaN;NaN;NaN;NaN;NaN;83
;ServiceLog;natalie;1445513170996;22.10.2015 14:26:10;Raw;0.363;4.874;8.303;38.40625;-29.546875;-1.453125;-28.26;45.72;12.06;NaN;NaN;NaN;NaN;NaN;NaN;NaN;NaN;NaN;84
;ServiceLog;natalie;1445513172018;22.10.2015 14:26:12;Raw;0.124;4.817;8.178;39.390625;-31.015625;-0.5;-28.8;45.6;12.06;NaN;NaN;NaN;NaN;NaN;NaN;NaN;NaN;NaN;87
;ServiceLog;natalie;1445513173035;22.10.2015 14:26:13;Raw;0.153;4.769;8.447;39.90625;-30.640625;-0.421875;-28.98;46.26;11.46;NaN;NaN;NaN;NaN;NaN;NaN;NaN;NaN;NaN;85
;ServiceLog;natalie;1445513174057;22.10.2015 14:26:14;Raw;-0.057;4.769;8.284;39.890625;-30.765625;-0.8125;-28.86;46.26;11.16;NaN;NaN;NaN;NaN;NaN;NaN;NaN;NaN;NaN;86
;ServiceLog;natalie;1445513175073;22.10.2015 14:26:15;Raw;0.009;4.759;8.255;40.046875;-29.484375;0.328125;-29.28;45.84;10.56;NaN;NaN;NaN;NaN;NaN;NaN;NaN;NaN;NaN;84
;ServiceLog;natalie;1445513176092;22.10.2015 14:26:16;Raw;-0.526;4.357;8.236;40.171875;-28.8125;1.421875;-29.4;45.3;10.62;NaN;NaN;NaN;NaN;NaN;NaN;NaN;NaN;NaN;78
;ServiceLog;natalie;1445513177110;22.10.2015 14:26:17;Raw;-0.344;5.152;8.169;40.515625;-31.34375;2.796875;-29.46;44.64;9.18;NaN;NaN;NaN;NaN;NaN;NaN;NaN;NaN;NaN;71
;ServiceLog;natalie;1445513178129;22.10.2015 14:26:18;Raw;-0.201;5.066;8.427;40.84375;-31.53125;1.375;-29.64;43.68;7.26;NaN;NaN;NaN;NaN;NaN;NaN;NaN;NaN;NaN;68
;ServiceLog;natalie;1445513179149;22.10.2015 14:26:19;Raw;-0.191;4.846;8.255;40.9375;-33.828125;0.421875;-29.58;44.4;7.68;NaN;NaN;NaN;NaN;NaN;NaN;NaN;NaN;NaN;75
;ServiceLog;natalie;1445513180170;22.10.2015 14:26:20;Raw;-0.287;4.893;8.178;40.734375;-30.453125;2.09375;-28.98;44.28;8.7;NaN;NaN;NaN;NaN;NaN;NaN;NaN;NaN;NaN;67
;ServiceLog;natalie;1445513181205;22.10.2015 14:26:21;Raw;-0.047;4.731;8.427;40.265625;-30.25;1.3125;-28.62;44.76;8.28;NaN;NaN;NaN;NaN;NaN;NaN;NaN;NaN;NaN;79
;ServiceLog;natalie;1445513182223;22.10.2015 14:26:22;Raw;-0.076;4.778;8.198;39.921875;-30.546875;0.328125;-28.86;44.76;8.4;NaN;NaN;NaN;NaN;NaN;NaN;NaN;NaN;NaN;87
;ServiceLog;natalie;1445513183241;22.10.2015 14:26:23;Raw;-0.239;4.74;8.351;39.765625;-29.6875;0.484375;-28.56;44.04;5.4;NaN;NaN;NaN;NaN;NaN;NaN;NaN;NaN;NaN;84
;ServiceLog;natalie;1445513184260;22.10.2015 14:26:24;Raw;-0.105;4.759;8.418;38.96875;-30.0625;0.171875;-28.26;43.5;3.42;NaN;NaN;NaN;NaN;NaN;NaN;NaN;NaN;NaN;87
;ServiceLog;natalie;1445513185277;22.10.2015 14:26:25;Raw;-0.028;4.769;8.494;38.9375;-29.765625;0.171875;-28.8;44.34;6.72;NaN;NaN;NaN;NaN;NaN;NaN;NaN;NaN;NaN;85
;ServiceLog;natalie;1445513186296;22.10.2015 14:26:26;Raw;-0.201;4.807;8.284;38.890625;-29.0;0.953125;-28.92;44.82;6.9;NaN;NaN;NaN;NaN;NaN;NaN;NaN;NaN;NaN;83
;ServiceLog;natalie;1445513187316;22.10.2015 14:26:27;Raw;-0.134;4.75;8.217;39.03125;-29.3125;1.125;-28.62;44.64;7.38;NaN;NaN;NaN;NaN;NaN;NaN;NaN;NaN;NaN;71
;ServiceLog;natalie;1445513188335;22.10.2015 14:26:28;Raw;-0.105;4.711;8.217;38.984375;-29.1875;0.3125;-28.74;44.4;6.72;NaN;NaN;NaN;NaN;NaN;NaN;NaN;NaN;NaN;77
;ServiceLog;natalie;1445513189354;22.10.2015 14:26:29;Raw;-0.21;4.74;8.14;38.640625;-29.1875;0.8125;-27.66;44.76;6.54;NaN;NaN;NaN;NaN;NaN;NaN;NaN;NaN;NaN;84
;ServiceLog;natalie;1445513190372;22.10.2015 14:26:30;Raw;-0.325;4.788;7.968;38.015625;-29.90625;1.171875;-27.48;45.24;6.78;NaN;NaN;NaN;NaN;NaN;NaN;NaN;NaN;NaN;77
;ServiceLog;natalie;1445513191392;22.10.2015 14:26:31;Raw;-0.105;4.683;8.322;37.546875;-29.25;0.46875;-27.0;44.82;6.06;NaN;NaN;NaN;NaN;NaN;NaN;NaN;NaN;NaN;64
;ServiceLog;natalie;1445513192413;22.10.2015 14:26:32;Raw;-0.22;4.692;8.475;8.28125;-29.96875;1.484375;-3.6;51.3;-28.56;NaN;NaN;NaN;NaN;NaN;NaN;NaN;NaN;NaN;79
;ServiceLog;natalie;1445513193436;22.10.2015 14:26:33;Raw;-0.747;5.238;8.37;358.40625;-28.5;2.765625;14.1;59.94;-73.32;NaN;NaN;NaN;NaN;NaN;NaN;NaN;NaN;NaN;84
;ServiceLog;natalie;1445513194459;22.10.2015 14:26:34;Raw;-0.823;4.999;8.054;355.46875;-30.78125;3.390625;22.14;66.72;-92.52;NaN;NaN;NaN;NaN;NaN;NaN;NaN;NaN;NaN;73
;ServiceLog;natalie;1445513195477;22.10.2015 14:26:35;Raw;-0.488;4.884;8.734;353.57813;-30.640625;4.421875;23.1;65.82;-92.16;NaN;NaN;NaN;NaN;NaN;NaN;NaN;NaN;NaN;74
;ServiceLog;natalie;1445513196500;22.10.2015 14:26:36;Raw;-0.603;4.817;8.14;351.20313;-29.421875;5.09375;29.76;67.56;-93.48;NaN;NaN;NaN;NaN;NaN;NaN;NaN;NaN;NaN;79
;ServiceLog;natalie;1445513197519;22.10.2015 14:26:37;Raw;-0.574;4.903;7.929;350.34375;-29.9375;4.09375;29.1;66.78;-106.68;NaN;NaN;NaN;NaN;NaN;NaN;NaN;NaN;NaN;82
;ServiceLog;natalie;1445513198539;22.10.2015 14:26:38;Raw;-0.574;4.731;7.891;349.57813;-31.4375;6.75;16.68;31.02;-76.02;NaN;NaN;NaN;NaN;NaN;NaN;NaN;NaN;NaN;84
;ServiceLog;natalie;1445513199562;22.10.2015 14:26:39;Raw;-0.996;5.056;8.351;350.1875;-28.671875;2.9375;11.88;29.58;-66.36;NaN;NaN;NaN;NaN;NaN;NaN;NaN;NaN;NaN;81
;ServiceLog;natalie;1445513200581;22.10.2015 14:26:40;Raw;-0.679;4.798;8.523;351.23438;-29.453125;5.203125;11.34;28.92;-68.1;NaN;NaN;NaN;NaN;NaN;NaN;NaN;NaN;NaN;80
;ServiceLog;natalie;1445513201600;22.10.2015 14:26:41;Raw;-0.967;5.018;8.696;352.21875;-27.0625;3.1875;10.44;29.46;-69.42;NaN;NaN;NaN;NaN;NaN;NaN;NaN;NaN;NaN;85
;ServiceLog;natalie;1445513202619;22.10.2015 14:26:42;Raw;-0.641;4.769;8.15;352.09375;-32.265625;4.53125;14.04;16.86;-61.2;NaN;NaN;NaN;NaN;NaN;NaN;NaN;NaN;NaN;89
;ServiceLog;natalie;1445513203636;22.10.2015 14:26:43;Raw;-0.679;4.443;8.629;347.82813;-30.453125;2.859375;10.2;20.16;-53.52;NaN;NaN;NaN;NaN;NaN;NaN;NaN;NaN;NaN;89
;ServiceLog;natalie;1445513204657;22.10.2015 14:26:44;Raw;-0.402;4.798;8.485;348.76563;-30.28125;4.953125;10.92;13.98;-52.8;NaN;NaN;NaN;NaN;NaN;NaN;NaN;NaN;NaN;89
;ServiceLog;natalie;1445513205679;22.10.2015 14:26:45;Raw;-0.612;4.788;7.968;349.59375;-30.71875;3.5625;5.46;16.44;-48.18;NaN;NaN;NaN;NaN;NaN;NaN;NaN;NaN;NaN;90
;ServiceLog;natalie;1445513206701;22.10.2015 14:26:46;Raw;-0.469;4.415;8.15;1.390625;-27.828125;0.8125;-1.68;4.14;-48.06;NaN;NaN;NaN;NaN;NaN;NaN;NaN;NaN;NaN;90
;ServiceLog;natalie;1445513207722;22.10.2015 14:26:47;Raw;1.369;5.631;7.996;9.5625;-34.125;-7.125;-11.58;-0.72;-43.2;NaN;NaN;NaN;NaN;NaN;NaN;NaN;NaN;NaN;90
;ServiceLog;natalie;1445513208738;22.10.2015 14:26:48;Raw;0.737;4.242;8.897;60.09375;-26.90625;-3.53125;-20.58;-8.94;-33.3;NaN;NaN;NaN;NaN;NaN;NaN;NaN;NaN;NaN;90
;ServiceLog;natalie;1445513209759;22.10.2015 14:26:49;Raw;0.909;4.778;8.38;32.84375;-30.265625;-5.46875;-14.16;5.16;-30.06;NaN;NaN;NaN;NaN;NaN;NaN;NaN;NaN;NaN;90
;ServiceLog;natalie;1445513210782;22.10.2015 14:26:50;Raw;2.652;4.721;8.389;20.109375;-31.65625;-13.40625;-12.36;4.86;-26.64;NaN;NaN;NaN;NaN;NaN;NaN;NaN;NaN;NaN;90
;ServiceLog;natalie;1445513211800;22.10.2015 14:26:51;Raw;1.685;4.175;8.504;45.90625;-19.390625;-9.296875;-17.52;9.0;-20.1;NaN;NaN;NaN;NaN;NaN;NaN;NaN;NaN;NaN;90
;ServiceLog;natalie;1445513212823;22.10.2015 14:26:52;Raw;2.106;4.529;8.332;40.78125;-29.734375;-11.34375;-24.18;10.86;-18.78;NaN;NaN;NaN;NaN;NaN;NaN;NaN;NaN;NaN;90
;ServiceLog;natalie;1445513213844;22.10.2015 14:26:53;Raw;0.823;4.846;8.858;55.0;-28.234375;-7.890625;-23.04;8.28;-16.8;NaN;NaN;NaN;NaN;NaN;NaN;NaN;NaN;NaN;90
;ServiceLog;natalie;1445513214875;22.10.2015 14:26:54;Raw;-0.584;4.855;7.891;45.5625;-34.6875;6.921875;-11.58;4.98;-15.78;NaN;NaN;NaN;NaN;NaN;NaN;NaN;NaN;NaN;90
;ServiceLog;natalie;1445513215892;22.10.2015 14:26:55;Raw;-0.699;4.386;8.063;32.828125;-28.734375;0.21875;-9.24;13.8;-12.3;NaN;NaN;NaN;NaN;NaN;NaN;NaN;NaN;NaN;90
;ServiceLog;natalie;1445513216909;22.10.2015 14:26:56;Raw;-0.689;5.478;8.954;38.546875;-32.59375;1.90625;-13.92;9.72;-11.7;NaN;NaN;NaN;NaN;NaN;NaN;NaN;NaN;NaN;90
;ServiceLog;natalie;1445513217930;22.10.2015 14:26:57;Raw;-0.651;5.363;8.925;48.265625;-31.921875;3.046875;-15.78;11.7;-9.42;NaN;NaN;NaN;NaN;NaN;NaN;NaN;NaN;NaN;90
;ServiceLog;natalie;1445513218947;22.10.2015 14:26:58;Raw;0.153;4.079;7.805;59.03125;-29.875;4.0;-18.18;7.5;-6.42;NaN;NaN;NaN;NaN;NaN;NaN;NaN;NaN;NaN;90
;ServiceLog;natalie;1445513219971;22.10.2015 14:26:59;Raw;-0.9;5.209;7.977;58.515625;-26.6875;0.0;-18.3;8.4;-5.22;NaN;NaN;NaN;NaN;NaN;NaN;NaN;NaN;NaN;90
;ServiceLog;natalie;1445513220988;22.10.2015 14:27:00;Raw;-1.072;4.75;7.949;63.78125;-28.046875;3.078125;-18.48;11.04;-3.12;NaN;NaN;NaN;NaN;NaN;NaN;NaN;NaN;NaN;90
;ServiceLog;natalie;1445513222006;22.10.2015 14:27:02;Raw;-0.976;5.056;7.518;73.09375;-27.0;1.421875;-20.46;9.36;3.18;NaN;NaN;NaN;NaN;NaN;NaN;NaN;NaN;NaN;90
;ServiceLog;natalie;1445513223025;22.10.2015 14:27:03;Raw;-0.632;4.549;9.73;64.046875;-28.015625;5.796875;-18.48;13.56;2.76;NaN;NaN;NaN;NaN;NaN;NaN;NaN;NaN;NaN;90
;ServiceLog;natalie;1445513224042;22.10.2015 14:27:04;Raw;-0.038;4.041;8.954;65.609375;-28.625;7.375;-19.5;9.84;1.98;NaN;NaN;NaN;NaN;NaN;NaN;NaN;NaN;NaN;90
;ServiceLog;natalie;1445513225063;22.10.2015 14:27:05;Raw;0.421;4.625;8.447;66.625;-36.484375;3.578125;-20.52;10.08;2.22;NaN;NaN;NaN;NaN;NaN;NaN;NaN;NaN;NaN;90
;ServiceLog;natalie;1445513226082;22.10.2015 14:27:06;Raw;-1.11;5.181;8.466;71.78125;-28.53125;0.0;-23.76;8.58;1.92;NaN;NaN;NaN;NaN;NaN;NaN;NaN;NaN;NaN;90
;ServiceLog;natalie;1445513227096;22.10.2015 14:27:07;Raw;-0.488;4.539;9.73;58.859375;-28.609375;4.203125;-18.24;12.72;0.96;NaN;NaN;NaN;NaN;NaN;NaN;NaN;NaN;NaN;90
;ServiceLog;natalie;1445513228117;22.10.2015 14:27:08;Raw;-0.306;4.549;9.366;53.453125;-31.96875;5.265625;-18.48;18.84;0.9;NaN;NaN;NaN;NaN;NaN;NaN;NaN;NaN;NaN;90
;ServiceLog;natalie;1445513229129;22.10.2015 14:27:09;Raw;-0.229;4.702;8.638;53.375;-30.1875;4.8125;-19.02;15.96;3.18;NaN;NaN;NaN;NaN;NaN;NaN;NaN;NaN;NaN;90
;ServiceLog;natalie;1445513230147;22.10.2015 14:27:10;Raw;-1.11;4.711;8.897;58.578125;-31.171875;2.609375;-19.14;17.46;7.68;NaN;NaN;NaN;NaN;NaN;NaN;NaN;NaN;NaN;90
;ServiceLog;natalie;1445513231166;22.10.2015 14:27:11;Raw;0.268;4.798;8.878;85.203125;-30.75;0.890625;-36.18;9.78;20.16;NaN;NaN;NaN;NaN;NaN;NaN;NaN;NaN;NaN;90
;ServiceLog;natalie;1445513232184;22.10.2015 14:27:12;Raw;0.354;4.118;8.332;103.359375;-27.328125;-0.484375;-51.0;4.68;38.52;NaN;NaN;NaN;NaN;NaN;NaN;NaN;NaN;NaN;90
;ServiceLog;natalie;1445513233196;22.10.2015 14:27:13;Raw;0.21;3.993;8.878;104.203125;-27.46875;3.046875;-51.6;4.74;40.14;NaN;NaN;NaN;NaN;NaN;NaN;NaN;NaN;NaN;90
;ServiceLog;natalie;1445513234212;22.10.2015 14:27:14;Raw;0.028;4.625;7.623;105.09375;-30.703125;2.90625;-43.5;0.96;26.58;NaN;NaN;NaN;NaN;NaN;NaN;NaN;NaN;NaN;90
;ServiceLog;natalie;1445513235224;22.10.2015 14:27:15;Raw;0.067;4.692;8.82;104.859375;-26.375;0.5;-43.98;-0.66;21.96;NaN;NaN;NaN;NaN;NaN;NaN;NaN;NaN;NaN;90
;ServiceLog;natalie;1445513236249;22.10.2015 14:27:16;Raw;-0.162;4.185;8.035;104.78125;-26.5;-0.25;-42.9;-0.84;20.76;NaN;NaN;NaN;NaN;NaN;NaN;NaN;NaN;NaN;90
;ServiceLog;natalie;1445513237270;22.10.2015 14:27:17;Raw;-0.9;5.018;9.098;105.546875;-28.875;4.953125;-43.32;-0.9;26.34;NaN;NaN;NaN;NaN;NaN;NaN;NaN;NaN;NaN;90
;ServiceLog;natalie;1445513238286;22.10.2015 14:27:18;Raw;1.158;3.811;8.945;109.09375;-25.421875;-5.09375;-45.96;-1.98;30.42;NaN;NaN;NaN;NaN;NaN;NaN;NaN;NaN;NaN;90
;ServiceLog;natalie;1445513239304;22.10.2015 14:27:19;Raw;0.392;4.415;7.939;108.5625;-26.5625;-4.109375;-46.74;-1.62;31.26;NaN;NaN;NaN;NaN;NaN;NaN;NaN;NaN;NaN;90
;ServiceLog;natalie;1445513240321;22.10.2015 14:27:20;Raw;-0.545;4.625;8.705;108.046875;-26.203125;0.984375;-46.56;-1.68;30.48;NaN;NaN;NaN;NaN;NaN;NaN;NaN;NaN;NaN;90
;ServiceLog;natalie;1445513241339;22.10.2015 14:27:21;Raw;-0.43;4.472;7.652;108.125;-28.71875;0.671875;-46.92;-1.5;33.36;NaN;NaN;NaN;NaN;NaN;NaN;NaN;NaN;NaN;90
;ServiceLog;natalie;1445513242356;22.10.2015 14:27:22;Raw;0.459;4.453;8.619;108.390625;-26.875;-2.546875;-45.54;-0.3;32.28;NaN;NaN;NaN;NaN;NaN;NaN;NaN;NaN;NaN;90
;ServiceLog;natalie;1445513243374;22.10.2015 14:27:23;Raw;0.632;4.137;9.778;108.59375;-25.796875;-1.671875;-45.78;-0.72;34.14;NaN;NaN;NaN;NaN;NaN;NaN;NaN;NaN;NaN;90
;ServiceLog;natalie;1445513244394;22.10.2015 14:27:24;Raw;0.124;4.558;7.939;109.234375;-26.5625;-3.046875;-44.94;-2.58;27.3;NaN;NaN;NaN;NaN;NaN;NaN;NaN;NaN;NaN;90
;ServiceLog;natalie;1445513245413;22.10.2015 14:27:25;Raw;0.162;5.028;7.451;108.203125;-33.921875;0.5;-41.4;1.02;26.76;NaN;NaN;NaN;NaN;NaN;NaN;NaN;NaN;NaN;90
;ServiceLog;natalie;1445513246430;22.10.2015 14:27:26;Raw;-0.325;5.497;8.734;93.984375;-26.203125;-2.015625;-40.32;14.94;30.66;NaN;NaN;NaN;NaN;NaN;NaN;NaN;NaN;NaN;90
;ServiceLog;natalie;1445513247446;22.10.2015 14:27:27;Raw;0.498;4.223;8.686;103.453125;-29.21875;1.09375;-43.56;-4.98;18.06;NaN;NaN;NaN;NaN;NaN;NaN;NaN;NaN;NaN;90
;ServiceLog;natalie;1445513248473;22.10.2015 14:27:28;Raw;-0.191;5.315;8.897;103.734375;-29.34375;-4.3125;-43.02;-6.06;11.16;NaN;NaN;NaN;NaN;NaN;NaN;NaN;NaN;NaN;90
;ServiceLog;natalie;1445513249499;22.10.2015 14:27:29;Raw;0.488;4.166;7.47;108.46875;-35.84375;0.34375;-42.18;-9.48;15.0;NaN;NaN;NaN;NaN;NaN;NaN;NaN;NaN;NaN;90
;ServiceLog;natalie;1445513250518;22.10.2015 14:27:30;Raw;0.948;4.807;7.728;109.03125;-28.546875;0.859375;-43.2;-12.36;10.56;NaN;NaN;NaN;NaN;NaN;NaN;NaN;NaN;NaN;90
;ServiceLog;natalie;1445513251535;22.10.2015 14:27:31;Raw;0.718;4.549;8.504;109.8125;-29.828125;1.734375;-44.4;-14.58;10.56;NaN;NaN;NaN;NaN;NaN;NaN;NaN;NaN;NaN;90
;ServiceLog;natalie;1445513252556;22.10.2015 14:27:32;Raw;0.363;5.028;8.15;111.046875;-23.140625;-1.203125;-42.72;-17.28;7.98;NaN;NaN;NaN;NaN;NaN;NaN;NaN;NaN;NaN;90
;ServiceLog;natalie;1445513253577;22.10.2015 14:27:33;Raw;0.268;4.415;8.686;112.203125;-30.484375;-1.140625;-43.38;-18.18;7.38;NaN;NaN;NaN;NaN;NaN;NaN;NaN;NaN;NaN;90
;ServiceLog;natalie;1445513254597;22.10.2015 14:27:34;Raw;0.114;4.539;8.408;112.890625;-27.515625;-3.4375;-43.74;-18.24;8.1;NaN;NaN;NaN;NaN;NaN;NaN;NaN;NaN;NaN;90
;ServiceLog;natalie;1445513255619;22.10.2015 14:27:35;Raw;0.028;4.405;8.59;113.25;-28.546875;-0.890625;-42.66;-16.56;8.34;NaN;NaN;NaN;NaN;NaN;NaN;NaN;NaN;NaN;90
;ServiceLog;natalie;1445513256636;22.10.2015 14:27:36;Raw;0.383;4.98;7.92;113.984375;-30.25;-3.359375;-43.74;-18.72;11.16;NaN;NaN;NaN;NaN;NaN;NaN;NaN;NaN;NaN;90
;ServiceLog;natalie;1445513257650;22.10.2015 14:27:37;Raw;0.603;5.085;8.169;103.34375;-31.265625;-2.234375;-49.98;-13.2;-6.6;NaN;NaN;NaN;NaN;NaN;NaN;NaN;NaN;NaN;90
;ServiceLog;natalie;1445513258672;22.10.2015 14:27:38;Raw;0.086;5.372;8.063;81.625;-34.59375;0.421875;-43.98;24.18;20.58;NaN;NaN;NaN;NaN;NaN;NaN;NaN;NaN;NaN;90
;ServiceLog;natalie;1445513259693;22.10.2015 14:27:39;Raw;-0.526;5.296;7.757;75.796875;-29.359375;-1.375;-34.14;28.02;26.28;NaN;NaN;NaN;NaN;NaN;NaN;NaN;NaN;NaN;90
;ServiceLog;natalie;1445513260713;22.10.2015 14:27:40;Raw;0.038;5.602;8.418;75.296875;-36.453125;-0.671875;-32.7;28.86;27.0;NaN;NaN;NaN;NaN;NaN;NaN;NaN;NaN;NaN;90
;ServiceLog;natalie;1445513261732;22.10.2015 14:27:41;Raw;0.498;5.104;8.217;74.703125;-30.328125;-4.9375;-32.34;29.94;27.9;NaN;NaN;NaN;NaN;NaN;NaN;NaN;NaN;NaN;90
;ServiceLog;natalie;1445513262750;22.10.2015 14:27:42;Raw;0.555;5.42;7.843;80.671875;-37.078125;-1.8125;-36.12;11.94;12.9;NaN;NaN;NaN;NaN;NaN;NaN;NaN;NaN;NaN;90
;ServiceLog;natalie;1445513263772;22.10.2015 14:27:43;Raw;0.507;4.884;8.456;82.046875;-32.984375;0.734375;-34.14;4.56;0.72;NaN;NaN;NaN;NaN;NaN;NaN;NaN;NaN;NaN;90
;ServiceLog;natalie;1445513264789;22.10.2015 14:27:44;Raw;-0.517;5.066;7.451;82.828125;-32.34375;3.546875;-33.24;5.22;0.96;NaN;NaN;NaN;NaN;NaN;NaN;NaN;NaN;NaN;90
;ServiceLog;natalie;1445513265810;22.10.2015 14:27:45;Raw;-0.162;5.755;7.872;81.609375;-32.3125;0.75;-32.64;9.84;3.18;NaN;NaN;NaN;NaN;NaN;NaN;NaN;NaN;NaN;90
;ServiceLog;natalie;1445513266831;22.10.2015 14:27:46;Raw;-0.373;5.66;8.561;81.03125;-31.53125;-2.40625;-31.62;7.5;1.74;NaN;NaN;NaN;NaN;NaN;NaN;NaN;NaN;NaN;90
;ServiceLog;natalie;1445513267857;22.10.2015 14:27:47;Raw;0.44;5.315;8.514;80.828125;-32.953125;0.734375;-32.7;9.6;4.74;NaN;NaN;NaN;NaN;NaN;NaN;NaN;NaN;NaN;90
;ServiceLog;natalie;1445513268877;22.10.2015 14:27:48;Raw;0.162;5.334;7.345;81.25;-31.859375;-2.515625;-32.58;4.74;3.24;NaN;NaN;NaN;NaN;NaN;NaN;NaN;NaN;NaN;90
;ServiceLog;natalie;1445513269904;22.10.2015 14:27:49;Raw;0.756;5.142;9.079;107.53125;-36.90625;0.171875;-37.08;-11.94;8.82;NaN;NaN;NaN;NaN;NaN;NaN;NaN;NaN;NaN;90
;ServiceLog;natalie;1445513270922;22.10.2015 14:27:50;Raw;-0.201;5.43;8.456;113.03125;-36.6875;-1.984375;-39.12;-14.88;11.22;NaN;NaN;NaN;NaN;NaN;NaN;NaN;NaN;NaN;90
;ServiceLog;natalie;1445513271951;22.10.2015 14:27:51;Raw;0.421;5.497;8.36;113.9375;-31.59375;0.703125;-38.22;-15.78;9.36;NaN;NaN;NaN;NaN;NaN;NaN;NaN;NaN;NaN;89
;ServiceLog;natalie;1445513272971;22.10.2015 14:27:52;Raw;-0.22;5.344;6.454;114.84375;-32.890625;-3.1875;-38.04;-14.1;13.5;NaN;NaN;NaN;NaN;NaN;NaN;NaN;NaN;NaN;90
;ServiceLog;natalie;1445513273985;22.10.2015 14:27:53;Raw;-0.258;5.602;7.91;115.6875;-32.75;-1.171875;-37.62;-14.04;14.46;NaN;NaN;NaN;NaN;NaN;NaN;NaN;NaN;NaN;89
;ServiceLog;natalie;1445513275012;22.10.2015 14:27:55;Raw;-0.114;5.621;8.59;116.84375;-33.953125;0.0;-37.86;-15.0;14.34;NaN;NaN;NaN;NaN;NaN;NaN;NaN;NaN;NaN;90
;ServiceLog;natalie;1445513276040;22.10.2015 14:27:56;Raw;-0.373;5.133;8.274;117.46875;-34.328125;2.96875;-37.02;-14.64;13.5;NaN;NaN;NaN;NaN;NaN;NaN;NaN;NaN;NaN;90
;ServiceLog;natalie;1445513277061;22.10.2015 14:27:57;Raw;0.335;6.052;8.14;118.0625;-36.84375;-0.703125;-37.56;-17.04;13.5;NaN;NaN;NaN;NaN;NaN;NaN;NaN;NaN;NaN;90
;ServiceLog;natalie;1445513278080;22.10.2015 14:27:58;Raw;0.201;5.085;6.962;118.171875;-31.984375;-1.5625;-36.66;-15.48;11.58;NaN;NaN;NaN;NaN;NaN;NaN;NaN;NaN;NaN;88
;ServiceLog;natalie;1445513279097;22.10.2015 14:27:59;Raw;0.498;5.181;8.418;119.140625;-36.515625;0.328125;-37.08;-17.28;16.2;NaN;NaN;NaN;NaN;NaN;NaN;NaN;NaN;NaN;88
;ServiceLog;natalie;1445513280121;22.10.2015 14:28:00;Raw;0.363;4.941;7.853;119.09375;-32.296875;-0.390625;-35.1;-15.54;9.9;NaN;NaN;NaN;NaN;NaN;NaN;NaN;NaN;NaN;90
;ServiceLog;natalie;1445513281142;22.10.2015 14:28:01;Raw;0.229;5.238;7.786;118.203125;-33.421875;-0.78125;-34.86;-15.54;7.2;NaN;NaN;NaN;NaN;NaN;NaN;NaN;NaN;NaN;89
;ServiceLog;natalie;1445513282164;22.10.2015 14:28:02;Raw;0.794;5.42;8.111;116.5625;-33.484375;-4.234375;-34.38;-15.36;5.22;NaN;NaN;NaN;NaN;NaN;NaN;NaN;NaN;NaN;90
;ServiceLog;natalie;1445513283188;22.10.2015 14:28:03;Raw;-0.191;5.296;8.523;116.03125;-35.9375;0.875;-33.9;-16.68;4.2;NaN;NaN;NaN;NaN;NaN;NaN;NaN;NaN;NaN;90
;ServiceLog;natalie;1445513284206;22.10.2015 14:28:04;Raw;-0.105;5.717;7.68;115.671875;-34.8125;2.484375;-33.36;-16.2;3.42;NaN;NaN;NaN;NaN;NaN;NaN;NaN;NaN;NaN;90
;ServiceLog;natalie;1445513285220;22.10.2015 14:28:05;Raw;-0.498;5.095;7.585;115.734375;-35.109375;-0.5;-33.72;-15.78;8.46;NaN;NaN;NaN;NaN;NaN;NaN;NaN;NaN;NaN;90
;ServiceLog;natalie;1445513286235;22.10.2015 14:28:06;Raw;0.478;5.123;8.399;117.5;-39.28125;1.203125;-34.2;-14.76;14.58;NaN;NaN;NaN;NaN;NaN;NaN;NaN;NaN;NaN;89
;ServiceLog;natalie;1445513287255;22.10.2015 14:28:07;Raw;0.009;5.181;7.709;119.59375;-34.328125;-1.171875;-34.38;-14.76;20.04;NaN;NaN;NaN;NaN;NaN;NaN;NaN;NaN;NaN;90
;ServiceLog;natalie;1445513288273;22.10.2015 14:28:08;Raw;0.095;5.391;7.565;124.703125;-33.046875;0.0;-35.4;-14.04;24.36;NaN;NaN;NaN;NaN;NaN;NaN;NaN;NaN;NaN;90
;ServiceLog;natalie;1445513289289;22.10.2015 14:28:09;Raw;-0.134;5.516;8.188;125.03125;-30.390625;-1.90625;-33.42;-12.78;24.42;NaN;NaN;NaN;NaN;NaN;NaN;NaN;NaN;NaN;90
;ServiceLog;natalie;1445513290307;22.10.2015 14:28:10;Raw;0.229;5.075;9.059;125.65625;-34.15625;0.359375;-34.56;-10.8;31.14;NaN;NaN;NaN;NaN;NaN;NaN;NaN;NaN;NaN;90
;ServiceLog;natalie;1445513291333;22.10.2015 14:28:11;Raw;0.747;4.836;7.546;126.390625;-36.046875;2.734375;-36.6;-8.94;36.84;NaN;NaN;NaN;NaN;NaN;NaN;NaN;NaN;NaN;90
;ServiceLog;natalie;1445513292356;22.10.2015 14:28:12;Raw;0.287;5.142;7.805;126.21875;-33.71875;-0.703125;-36.0;-10.92;29.16;NaN;NaN;NaN;NaN;NaN;NaN;NaN;NaN;NaN;90
;ServiceLog;natalie;1445513293382;22.10.2015 14:28:13;Raw;-0.555;5.947;7.7;125.3125;-31.109375;-5.296875;-35.58;-13.26;25.8;NaN;NaN;NaN;NaN;NaN;NaN;NaN;NaN;NaN;90
;ServiceLog;natalie;1445513294399;22.10.2015 14:28:14;Raw;-1.053;6.014;7.518;130.78125;-30.359375;-4.421875;-33.72;-16.56;30.78;NaN;NaN;NaN;NaN;NaN;NaN;NaN;NaN;NaN;90
;ServiceLog;natalie;1445513295420;22.10.2015 14:28:15;Raw;0.095;5.516;8.351;130.78125;-34.5625;0.0;-34.26;-11.4;31.98;NaN;NaN;NaN;NaN;NaN;NaN;NaN;NaN;NaN;89
;ServiceLog;natalie;1445513296440;22.10.2015 14:28:16;Raw;0.067;4.903;9.28;125.328125;-32.578125;-0.46875;-34.02;-9.48;26.46;NaN;NaN;NaN;NaN;NaN;NaN;NaN;NaN;NaN;88
;ServiceLog;natalie;1445513297460;22.10.2015 14:28:17;Raw;-0.498;5.142;8.217;125.46875;-33.71875;4.484375;-31.5;-14.94;23.16;NaN;NaN;NaN;NaN;NaN;NaN;NaN;NaN;NaN;88
;ServiceLog;natalie;1445513298480;22.10.2015 14:28:18;Raw;0.153;4.874;8.207;131.125;-27.453125;-1.984375;-31.44;-18.66;30.66;NaN;NaN;NaN;NaN;NaN;NaN;NaN;NaN;NaN;89
;ServiceLog;natalie;1445513299506;22.10.2015 14:28:19;Raw;-0.325;5.085;7.776;132.03125;-32.578125;-0.421875;-31.26;-11.88;31.86;NaN;NaN;NaN;NaN;NaN;NaN;NaN;NaN;NaN;89
;ServiceLog;natalie;1445513300525;22.10.2015 14:28:20;Raw;-1.312;5.707;7.661;131.35938;-33.15625;8.109375;-30.6;-10.8;28.38;NaN;NaN;NaN;NaN;NaN;NaN;NaN;NaN;NaN;88
;ServiceLog;natalie;1445513301548;22.10.2015 14:28:21;Raw;-0.22;4.692;7.786;129.95313;-28.359375;5.328125;-29.58;-8.4;27.66;NaN;NaN;NaN;NaN;NaN;NaN;NaN;NaN;NaN;88
;ServiceLog;natalie;1445513302578;22.10.2015 14:28:22;Raw;-1.043;5.612;9.136;126.46875;-31.59375;0.25;-30.48;-8.7;30.3;NaN;NaN;NaN;NaN;NaN;NaN;NaN;NaN;NaN;89
;ServiceLog;natalie;1445513303600;22.10.2015 14:28:23;Raw;-1.053;5.928;8.169;126.859375;-30.09375;-2.046875;-30.9;-11.4;25.14;NaN;NaN;NaN;NaN;NaN;NaN;NaN;NaN;NaN;90
;ServiceLog;natalie;1445513304629;22.10.2015 14:28:24;Raw;0.689;5.248;7.316;136.3125;-35.3125;-3.28125;-34.98;-22.92;44.94;NaN;NaN;NaN;NaN;NaN;NaN;NaN;NaN;NaN;90
;ServiceLog;natalie;1445513305651;22.10.2015 14:28:25;Raw;0.249;5.277;7.422;142.60938;-35.953125;-1.171875;-31.14;-16.74;60.42;NaN;NaN;NaN;NaN;NaN;NaN;NaN;NaN;NaN;90
;ServiceLog;natalie;1445513306674;22.10.2015 14:28:26;Raw;0.67;5.506;7.786;129.60938;-34.09375;0.671875;-32.16;12.66;69.36;NaN;NaN;NaN;NaN;NaN;NaN;NaN;NaN;NaN;90
;ServiceLog;natalie;1445513307693;22.10.2015 14:28:27;Raw;0.047;5.669;8.083;130.0;-33.59375;-3.6875;-29.46;13.98;72.0;NaN;NaN;NaN;NaN;NaN;NaN;NaN;NaN;NaN;90
;ServiceLog;natalie;1445513308713;22.10.2015 14:28:28;Raw;0.316;5.832;8.629;124.953125;-34.75;-1.234375;-30.06;15.78;61.08;NaN;NaN;NaN;NaN;NaN;NaN;NaN;NaN;NaN;90
;ServiceLog;natalie;1445513309729;22.10.2015 14:28:29;Raw;0.565;5.583;8.782;130.57813;-37.9375;-0.59375;-26.88;17.88;69.84;NaN;NaN;NaN;NaN;NaN;NaN;NaN;NaN;NaN;90
;ServiceLog;natalie;1445513310750;22.10.2015 14:28:30;Raw;0.306;5.679;7.891;130.5625;-36.984375;-2.34375;-26.28;21.3;73.44;NaN;NaN;NaN;NaN;NaN;NaN;NaN;NaN;NaN;89
;ServiceLog;natalie;1445513311775;22.10.2015 14:28:31;Raw;0.9;5.43;8.063;130.40625;-34.859375;-3.578125;-38.28;-1.98;66.42;NaN;NaN;NaN;NaN;NaN;NaN;NaN;NaN;NaN;89
;ServiceLog;natalie;1445513312808;22.10.2015 14:28:32;Raw;0.584;5.679;8.054;132.75;-33.625;-4.203125;-41.1;-16.26;62.94;NaN;NaN;NaN;NaN;NaN;NaN;NaN;NaN;NaN;89
;ServiceLog;natalie;1445513313831;22.10.2015 14:28:33;Raw;0.679;5.583;8.016;135.0625;-35.96875;-4.234375;-37.92;-19.02;54.84;NaN;NaN;NaN;NaN;NaN;NaN;NaN;NaN;NaN;89
;ServiceLog;natalie;1445513314847;22.10.2015 14:28:34;Raw;0.871;5.679;7.843;136.04688;-35.03125;-3.75;-35.52;-18.78;48.66;NaN;NaN;NaN;NaN;NaN;NaN;NaN;NaN;NaN;83
;ServiceLog;natalie;1445513315972;22.10.2015 14:28:35;Raw;1.177;5.334;7.747;137.21875;-33.0625;-7.890625;-38.64;-26.58;50.82;NaN;NaN;NaN;NaN;NaN;NaN;NaN;NaN;NaN;82
;ServiceLog;natalie;1445513316994;22.10.2015 14:28:36;Raw;0.948;5.506;8.629;136.90625;-34.203125;-9.296875;-51.78;-32.76;64.38;NaN;NaN;NaN;NaN;NaN;NaN;NaN;NaN;NaN;88
;ServiceLog;natalie;1445513318013;22.10.2015 14:28:38;Raw;1.015;5.382;7.661;135.98438;-34.875;-6.140625;-44.16;-24.18;54.9;NaN;NaN;NaN;NaN;NaN;NaN;NaN;NaN;NaN;83
;ServiceLog;natalie;1445513319034;22.10.2015 14:28:39;Raw;0.565;5.573;7.834;135.07813;-34.8125;-4.0;-39.18;-15.24;49.5;NaN;NaN;NaN;NaN;NaN;NaN;NaN;NaN;NaN;77
;ServiceLog;natalie;1445513320060;22.10.2015 14:28:40;Raw;0.287;5.516;7.814;135.07813;-35.546875;-1.375;-35.52;-14.94;45.84;NaN;NaN;NaN;NaN;NaN;NaN;NaN;NaN;NaN;82
;ServiceLog;natalie;1445513321078;22.10.2015 14:28:41;Raw;0.22;5.688;7.891;135.67188;-35.03125;-1.671875;-27.72;-9.66;38.76;NaN;NaN;NaN;NaN;NaN;NaN;NaN;NaN;NaN;76
;ServiceLog;natalie;1445513322098;22.10.2015 14:28:42;Raw;0.057;5.688;7.747;135.59375;-36.234375;-0.328125;-24.0;-3.42;35.94;NaN;NaN;NaN;NaN;NaN;NaN;NaN;NaN;NaN;85
;ServiceLog;natalie;1445513323120;22.10.2015 14:28:43;Raw;0.775;5.545;8.169;133.67188;-34.03125;-4.421875;-26.22;-3.9;40.68;NaN;NaN;NaN;NaN;NaN;NaN;NaN;NaN;NaN;74
;ServiceLog;natalie;1445513324138;22.10.2015 14:28:44;Raw;0.794;5.439;8.092;132.20313;-33.75;-4.625;-27.3;-1.8;40.32;NaN;NaN;NaN;NaN;NaN;NaN;NaN;NaN;NaN;74
;ServiceLog;natalie;1445513325162;22.10.2015 14:28:45;Raw;0.603;5.612;7.958;126.578125;-35.015625;-3.359375;-23.22;2.58;33.96;NaN;NaN;NaN;NaN;NaN;NaN;NaN;NaN;NaN;83
;ServiceLog;natalie;1445513326190;22.10.2015 14:28:46;Raw;0.66;5.42;7.872;124.578125;-35.078125;-3.890625;-22.5;5.64;34.86;NaN;NaN;NaN;NaN;NaN;NaN;NaN;NaN;NaN;67
;ServiceLog;natalie;1445513327215;22.10.2015 14:28:47;Raw;0.162;5.65;7.68;124.296875;-35.28125;-0.328125;-22.02;7.14;36.66;NaN;NaN;NaN;NaN;NaN;NaN;NaN;NaN;NaN;66
;ServiceLog;natalie;1445513328242;22.10.2015 14:28:48;Raw;0.038;5.583;7.872;124.296875;-35.890625;-0.8125;-21.9;8.82;38.4;NaN;NaN;NaN;NaN;NaN;NaN;NaN;NaN;NaN;88
;ServiceLog;natalie;1445513329262;22.10.2015 14:28:49;Raw;0.067;5.583;7.767;124.890625;-36.09375;0.0;-22.8;9.48;39.84;NaN;NaN;NaN;NaN;NaN;NaN;NaN;NaN;NaN;88
;ServiceLog;natalie;1445513330281;22.10.2015 14:28:50;Raw;0.153;5.679;7.901;124.6875;-36.203125;-0.46875;-22.8;9.96;41.04;NaN;NaN;NaN;NaN;NaN;NaN;NaN;NaN;NaN;90
;ServiceLog;natalie;1445513331299;22.10.2015 14:28:51;Raw;0.038;5.65;8.15;124.03125;-36.359375;-0.671875;-23.58;10.08;40.38;NaN;NaN;NaN;NaN;NaN;NaN;NaN;NaN;NaN;90
;ServiceLog;natalie;1445513332319;22.10.2015 14:28:52;Raw;0.392;5.775;8.083;123.265625;-37.125;-1.984375;-23.22;8.22;39.6;NaN;NaN;NaN;NaN;NaN;NaN;NaN;NaN;NaN;88
;ServiceLog;natalie;1445513333337;22.10.2015 14:28:53;Raw;-0.852;5.449;8.016;129.17188;-37.90625;2.71875;-20.34;5.76;35.58;NaN;NaN;NaN;NaN;NaN;NaN;NaN;NaN;NaN;81
;ServiceLog;natalie;1445513334357;22.10.2015 14:28:54;Raw;-0.708;4.913;8.245;128.84375;-31.125;3.46875;-19.86;6.6;36.42;NaN;NaN;NaN;NaN;NaN;NaN;NaN;NaN;NaN;88
;ServiceLog;natalie;1445513335376;22.10.2015 14:28:55;Raw;-0.708;4.75;8.533;127.359375;-29.421875;3.953125;-20.46;7.44;37.44;NaN;NaN;NaN;NaN;NaN;NaN;NaN;NaN;NaN;85
;ServiceLog;natalie;1445513336409;22.10.2015 14:28:56;Raw;-0.402;4.587;8.494;125.59375;-28.71875;2.96875;-20.46;8.22;37.56;NaN;NaN;NaN;NaN;NaN;NaN;NaN;NaN;NaN;84
;ServiceLog;natalie;1445513337427;22.10.2015 14:28:57;Raw;-0.555;4.635;8.437;124.3125;-28.578125;3.296875;-20.4;7.86;37.86;NaN;NaN;NaN;NaN;NaN;NaN;NaN;NaN;NaN;66
;ServiceLog;natalie;1445513338451;22.10.2015 14:28:58;Raw;-0.584;4.616;8.571;123.171875;-28.875;2.828125;-20.64;8.16;38.46;NaN;NaN;NaN;NaN;NaN;NaN;NaN;NaN;NaN;66
;ServiceLog;natalie;1445513339471;22.10.2015 14:28:59;Raw;-0.593;4.683;8.504;123.0;-29.21875;3.546875;-20.4;7.2;36.48;NaN;NaN;NaN;NaN;NaN;NaN;NaN;NaN;NaN;69
;ServiceLog;natalie;1445513340497;22.10.2015 14:29:00;Raw;-0.565;4.644;8.466;122.953125;-27.921875;2.765625;-20.7;5.04;34.44;NaN;NaN;NaN;NaN;NaN;NaN;NaN;NaN;NaN;66
;ServiceLog;natalie;1445513341519;22.10.2015 14:29:01;Raw;-0.632;4.568;8.408;123.375;-28.4375;3.75;-20.34;4.8;34.44;NaN;NaN;NaN;NaN;NaN;NaN;NaN;NaN;NaN;67
;ServiceLog;natalie;1445513342538;22.10.2015 14:29:02;Raw;-0.536;4.568;8.36;123.546875;-28.484375;3.078125;-20.16;5.4;34.56;NaN;NaN;NaN;NaN;NaN;NaN;NaN;NaN;NaN;63
;ServiceLog;natalie;1445513343565;22.10.2015 14:29:03;Raw;-0.641;4.568;8.475;124.265625;-28.328125;3.671875;-20.1;4.56;34.38;NaN;NaN;NaN;NaN;NaN;NaN;NaN;NaN;NaN;65
;ServiceLog;natalie;1445513344583;22.10.2015 14:29:04;Raw;-0.507;4.568;8.533;124.046875;-28.296875;3.578125;-20.34;4.92;33.72;NaN;NaN;NaN;NaN;NaN;NaN;NaN;NaN;NaN;63
;ServiceLog;natalie;1445513345605;22.10.2015 14:29:05;Raw;-0.574;4.587;8.236;124.078125;-28.296875;3.421875;-20.22;4.62;33.72;NaN;NaN;NaN;NaN;NaN;NaN;NaN;NaN;NaN;62
;ServiceLog;natalie;1445513346622;22.10.2015 14:29:06;Raw;-0.679;4.587;8.447;124.546875;-28.328125;3.828125;-20.28;2.22;31.62;NaN;NaN;NaN;NaN;NaN;NaN;NaN;NaN;NaN;77
;ServiceLog;natalie;1445513347642;22.10.2015 14:29:07;Raw;-0.67;4.568;8.236;125.296875;-28.109375;3.84375;-20.28;2.16;30.78;NaN;NaN;NaN;NaN;NaN;NaN;NaN;NaN;NaN;71
;ServiceLog;natalie;1445513348661;22.10.2015 14:29:08;Raw;-0.679;4.51;8.504;125.3125;-27.984375;3.671875;-20.34;1.5;29.88;NaN;NaN;NaN;NaN;NaN;NaN;NaN;NaN;NaN;82
;ServiceLog;natalie;1445513349679;22.10.2015 14:29:09;Raw;-0.814;4.491;8.475;125.3125;-28.015625;4.703125;-20.16;1.38;29.52;NaN;NaN;NaN;NaN;NaN;NaN;NaN;NaN;NaN;88
;ServiceLog;natalie;1445513350700;22.10.2015 14:29:10;Raw;-0.574;4.424;8.332;126.640625;-27.84375;3.828125;-19.74;0.6;30.6;NaN;NaN;NaN;NaN;NaN;NaN;NaN;NaN;NaN;85
;ServiceLog;natalie;1445513351722;22.10.2015 14:29:11;Raw;-0.842;4.472;8.389;127.53125;-28.625;3.71875;-19.98;0.54;30.48;NaN;NaN;NaN;NaN;NaN;NaN;NaN;NaN;NaN;85
;ServiceLog;natalie;1445513352741;22.10.2015 14:29:12;Raw;-0.622;4.453;8.38;128.375;-28.390625;4.390625;-19.62;-0.84;29.4;NaN;NaN;NaN;NaN;NaN;NaN;NaN;NaN;NaN;90
;ServiceLog;natalie;1445513353759;22.10.2015 14:29:13;Raw;-0.756;4.453;8.284;129.10938;-28.234375;4.25;-19.08;0.78;30.06;NaN;NaN;NaN;NaN;NaN;NaN;NaN;NaN;NaN;86
;ServiceLog;natalie;1445513354782;22.10.2015 14:29:14;Raw;-0.718;4.434;8.552;129.14063;-28.296875;3.421875;-18.78;1.08;30.6;NaN;NaN;NaN;NaN;NaN;NaN;NaN;NaN;NaN;80
;ServiceLog;natalie;1445513355799;22.10.2015 14:29:15;Raw;-0.737;4.482;8.724;135.14063;-28.203125;4.625;-11.64;3.84;30.18;NaN;NaN;NaN;NaN;NaN;NaN;NaN;NaN;NaN;81
;ServiceLog;natalie;1445513356820;22.10.2015 14:29:16;Raw;-1.896;4.75;8.37;302.75;-30.21875;11.484375;15.18;21.54;9.6;NaN;NaN;NaN;NaN;NaN;NaN;NaN;NaN;NaN;82
;ServiceLog;natalie;1445513357843;22.10.2015 14:29:17;Raw;-1.446;4.664;8.542;313.65625;-27.921875;7.65625;25.62;33.24;1.44;NaN;NaN;NaN;NaN;NaN;NaN;NaN;NaN;NaN;81
;ServiceLog;natalie;1445513358863;22.10.2015 14:29:18;Raw;-1.714;4.874;8.332;316.0;-30.0;9.953125;25.98;40.26;4.2;NaN;NaN;NaN;NaN;NaN;NaN;NaN;NaN;NaN;80
;ServiceLog;natalie;1445513359881;22.10.2015 14:29:19;Raw;-1.484;4.817;8.351;316.54688;-29.71875;10.234375;29.58;37.74;7.74;NaN;NaN;NaN;NaN;NaN;NaN;NaN;NaN;NaN;81
;ServiceLog;natalie;1445513360898;22.10.2015 14:29:20;Raw;-1.264;4.778;8.265;316.09375;-29.390625;8.53125;25.32;37.02;4.86;NaN;NaN;NaN;NaN;NaN;NaN;NaN;NaN;NaN;81
;ServiceLog;natalie;1445513361920;22.10.2015 14:29:21;Raw;-1.264;4.711;8.312;318.20313;-28.3125;7.09375;19.5;32.4;1.86;NaN;NaN;NaN;NaN;NaN;NaN;NaN;NaN;NaN;81
;ServiceLog;natalie;1445513362943;22.10.2015 14:29:22;Raw;-0.919;4.491;8.198;324.20313;-27.96875;6.328125;11.46;28.26;7.68;NaN;NaN;NaN;NaN;NaN;NaN;NaN;NaN;NaN;82
;ServiceLog;natalie;1445513363961;22.10.2015 14:29:23;Raw;-1.053;4.625;8.351;333.82813;-29.4375;6.453125;5.46;27.9;12.06;NaN;NaN;NaN;NaN;NaN;NaN;NaN;NaN;NaN;81
;ServiceLog;natalie;1445513364978;22.10.2015 14:29:24;Raw;-0.948;4.453;8.322;347.29688;-28.34375;5.40625;0.96;28.86;14.64;NaN;NaN;NaN;NaN;NaN;NaN;NaN;NaN;NaN;82
;ServiceLog;natalie;1445513365995;22.10.2015 14:29:25;Raw;-0.861;4.52;8.351;352.8125;-28.171875;4.953125;-0.78;26.16;15.72;NaN;NaN;NaN;NaN;NaN;NaN;NaN;NaN;NaN;81
;ServiceLog;natalie;1445513367015;22.10.2015 14:29:27;Raw;-0.909;4.558;8.427;358.42188;-28.078125;6.046875;-2.7;24.9;13.56;NaN;NaN;NaN;NaN;NaN;NaN;NaN;NaN;NaN;81
;ServiceLog;natalie;1445513368033;22.10.2015 14:29:28;Raw;-0.967;4.529;8.542;12.328125;-27.09375;5.4375;-4.68;17.7;10.92;NaN;NaN;NaN;NaN;NaN;NaN;NaN;NaN;NaN;82
;ServiceLog;natalie;1445513369050;22.10.2015 14:29:29;Raw;-0.794;4.51;8.399;11.921875;-28.015625;5.375;-3.24;19.74;13.74;NaN;NaN;NaN;NaN;NaN;NaN;NaN;NaN;NaN;82
;ServiceLog;natalie;1445513370072;22.10.2015 14:29:30;Raw;-0.804;4.443;8.466;1.46875;-27.625;5.296875;-1.14;26.52;16.8;NaN;NaN;NaN;NaN;NaN;NaN;NaN;NaN;NaN;82
;ServiceLog;natalie;1445513371094;22.10.2015 14:29:31;Raw;-0.957;4.52;7.719;15.53125;-24.859375;2.34375;-5.76;21.18;16.8;NaN;NaN;NaN;NaN;NaN;NaN;NaN;NaN;NaN;83
;ServiceLog;natalie;1445513372120;22.10.2015 14:29:32;Raw;-0.699;4.357;9.385;31.078125;-27.109375;2.859375;-5.1;17.52;17.76;NaN;NaN;NaN;NaN;NaN;NaN;NaN;NaN;NaN;85
;ServiceLog;natalie;1445513373138;22.10.2015 14:29:33;Raw;-1.082;4.395;8.198;80.40625;-24.0625;3.0;-8.52;19.08;42.66;NaN;NaN;NaN;NaN;NaN;NaN;NaN;NaN;NaN;86
;ServiceLog;natalie;1445513374155;22.10.2015 14:29:34;Raw;-0.718;4.146;8.37;206.20313;-25.640625;3.546875;19.2;-26.7;39.42;NaN;NaN;NaN;NaN;NaN;NaN;NaN;NaN;NaN;86
;ServiceLog;natalie;1445513375174;22.10.2015 14:29:35;Raw;-0.593;4.099;8.609;160.98438;-26.921875;5.328125;-16.8;-66.84;-31.32;NaN;NaN;NaN;NaN;NaN;NaN;NaN;NaN;NaN;87
;ServiceLog;natalie;1445513376191;22.10.2015 14:29:36;Raw;0.095;5.028;8.676;155.45313;-28.75;1.28125;-30.72;-74.82;-16.8;NaN;NaN;NaN;NaN;NaN;NaN;NaN;NaN;NaN;90
;ServiceLog;natalie;1445513377211;22.10.2015 14:29:37;Raw;0.028;4.769;8.399;111.59375;-29.3125;0.25;-9.9;-6.54;-14.28;NaN;NaN;NaN;NaN;NaN;NaN;NaN;NaN;NaN;88
;ServiceLog;natalie;1445513378230;22.10.2015 14:29:38;Raw;0.047;4.539;8.437;61.734375;-29.421875;0.078125;-11.1;1.62;-10.02;NaN;NaN;NaN;NaN;NaN;NaN;NaN;NaN;NaN;88
;ServiceLog;natalie;1445513379250;22.10.2015 14:29:39;Raw;0.498;4.807;8.38;60.875;-30.390625;-1.125;-11.46;2.94;-7.2;NaN;NaN;NaN;NaN;NaN;NaN;NaN;NaN;NaN;88
;ServiceLog;natalie;1445513380269;22.10.2015 14:29:40;Raw;0.114;4.031;8.542;60.140625;-23.96875;1.53125;-13.14;9.9;-1.44;NaN;NaN;NaN;NaN;NaN;NaN;NaN;NaN;NaN;88
;ServiceLog;natalie;1445513381288;22.10.2015 14:29:41;Raw;0.747;4.443;8.791;57.359375;-27.515625;-3.75;-15.9;6.66;-3.42;NaN;NaN;NaN;NaN;NaN;NaN;NaN;NaN;NaN;89
;ServiceLog;natalie;1445513382310;22.10.2015 14:29:42;Raw;0.268;3.821;8.83;55.03125;-26.84375;0.171875;-12.84;11.88;0.6;NaN;NaN;NaN;NaN;NaN;NaN;NaN;NaN;NaN;89
;ServiceLog;natalie;1445513383328;22.10.2015 14:29:43;Raw;0.861;4.3;7.958;69.046875;-23.609375;-4.59375;-17.34;4.8;-1.14;NaN;NaN;NaN;NaN;NaN;NaN;NaN;NaN;NaN;89
;ServiceLog;natalie;1445513384348;22.10.2015 14:29:44;Raw;1.043;4.06;8.475;82.90625;-25.65625;-7.234375;-26.04;-0.48;-2.88;NaN;NaN;NaN;NaN;NaN;NaN;NaN;NaN;NaN;89
;ServiceLog;natalie;1445513385375;22.10.2015 14:29:45;Raw;-0.028;4.673;9.059;83.6875;-29.765625;3.96875;-20.4;-0.18;-2.58;NaN;NaN;NaN;NaN;NaN;NaN;NaN;NaN;NaN;88
;ServiceLog;natalie;1445513386406;22.10.2015 14:29:46;Raw;-0.526;5.66;8.494;116.015625;-35.578125;3.578125;-23.4;-8.4;11.28;NaN;NaN;NaN;NaN;NaN;NaN;NaN;NaN;NaN;89
;ServiceLog;natalie;1445513387425;22.10.2015 14:29:47;Raw;-0.45;4.769;8.743;123.390625;-26.75;2.796875;-31.8;-12.78;23.58;NaN;NaN;NaN;NaN;NaN;NaN;NaN;NaN;NaN;89
;ServiceLog;natalie;1445513388443;22.10.2015 14:29:48;Raw;-0.038;4.367;8.657;124.03125;-26.625;0.859375;-33.6;-11.28;25.56;NaN;NaN;NaN;NaN;NaN;NaN;NaN;NaN;NaN;88
;ServiceLog;natalie;1445513389463;22.10.2015 14:29:49;Raw;-0.067;4.482;8.341;123.28125;-26.90625;-0.390625;-34.38;-11.04;24.78;NaN;NaN;NaN;NaN;NaN;NaN;NaN;NaN;NaN;87
;ServiceLog;natalie;1445513390479;22.10.2015 14:29:50;Raw;-0.134;4.539;8.772;122.796875;-28.9375;0.5;-35.28;-12.06;25.62;NaN;NaN;NaN;NaN;NaN;NaN;NaN;NaN;NaN;89
;ServiceLog;natalie;1445513391498;22.10.2015 14:29:51;Raw;0.047;4.798;8.303;122.65625;-29.609375;-0.328125;-35.64;-12.18;25.68;NaN;NaN;NaN;NaN;NaN;NaN;NaN;NaN;NaN;88
;ServiceLog;natalie;1445513392519;22.10.2015 14:29:52;Raw;0.191;4.616;8.715;122.875;-29.9375;0.421875;-36.0;-11.46;28.56;NaN;NaN;NaN;NaN;NaN;NaN;NaN;NaN;NaN;88
;ServiceLog;natalie;1445513393537;22.10.2015 14:29:53;Raw;0.067;4.913;8.351;123.328125;-26.515625;-1.140625;-35.82;-10.08;29.04;NaN;NaN;NaN;NaN;NaN;NaN;NaN;NaN;NaN;87
;ServiceLog;natalie;1445513394560;22.10.2015 14:29:54;Raw;-0.057;5.104;8.418;122.78125;-30.453125;-1.765625;-37.44;-11.52;29.22;NaN;NaN;NaN;NaN;NaN;NaN;NaN;NaN;NaN;90
;ServiceLog;natalie;1445513395581;22.10.2015 14:29:55;Raw;0.277;4.702;8.686;123.40625;-33.15625;0.953125;-36.54;-13.92;29.46;NaN;NaN;NaN;NaN;NaN;NaN;NaN;NaN;NaN;88
;ServiceLog;natalie;1445513396604;22.10.2015 14:29:56;Raw;-0.21;4.664;8.178;124.25;-29.15625;-1.34375;-37.86;-13.56;29.88;NaN;NaN;NaN;NaN;NaN;NaN;NaN;NaN;NaN;89
;ServiceLog;natalie;1445513397621;22.10.2015 14:29:57;Raw;0.105;4.529;8.494;124.71875;-28.90625;0.78125;-35.7;-11.94;31.44;NaN;NaN;NaN;NaN;NaN;NaN;NaN;NaN;NaN;89
;ServiceLog;natalie;1445513398636;22.10.2015 14:29:58;Raw;0.239;4.434;8.83;124.546875;-29.390625;0.78125;-37.5;-10.14;31.56;NaN;NaN;NaN;NaN;NaN;NaN;NaN;NaN;NaN;90
;ServiceLog;natalie;1445513399654;22.10.2015 14:29:59;Raw;-0.028;4.415;8.6;123.0625;-27.609375;1.703125;-35.88;-9.54;27.06;NaN;NaN;NaN;NaN;NaN;NaN;NaN;NaN;NaN;89
;ServiceLog;natalie;1445513400669;22.10.2015 14:30:00;Raw;-0.22;4.51;8.619;121.125;-21.90625;-2.46875;-36.24;-9.12;25.8;NaN;NaN;NaN;NaN;NaN;NaN;NaN;NaN;NaN;88
;ServiceLog;natalie;1445513401681;22.10.2015 14:30:01;Raw;0.134;4.137;7.939;119.34375;-22.5;-2.71875;-36.24;-7.92;23.82;NaN;NaN;NaN;NaN;NaN;NaN;NaN;NaN;NaN;89
;ServiceLog;natalie;1445513402698;22.10.2015 14:30:02;Raw;0.047;4.309;8.571;117.875;-27.03125;1.875;-36.72;-7.62;25.08;NaN;NaN;NaN;NaN;NaN;NaN;NaN;NaN;NaN;89
;ServiceLog;natalie;1445513403720;22.10.2015 14:30:03;Raw;0.258;3.773;7.862;115.734375;-24.625;-2.234375;-36.6;-5.52;23.52;NaN;NaN;NaN;NaN;NaN;NaN;NaN;NaN;NaN;89
;ServiceLog;natalie;1445513404733;22.10.2015 14:30:04;Raw;-0.296;3.725;8.236;114.390625;-22.421875;-1.234375;-37.02;-4.5;25.98;NaN;NaN;NaN;NaN;NaN;NaN;NaN;NaN;NaN;90
;ServiceLog;natalie;1445513405750;22.10.2015 14:30:05;Raw;0.44;3.955;9.883;113.03125;-27.0;-0.171875;-37.26;-1.5;26.64;NaN;NaN;NaN;NaN;NaN;NaN;NaN;NaN;NaN;89
;ServiceLog;natalie;1445513406775;22.10.2015 14:30:06;Raw;0.335;4.386;9.27;111.109375;-25.671875;1.453125;-37.32;-1.62;27.3;NaN;NaN;NaN;NaN;NaN;NaN;NaN;NaN;NaN;90
;ServiceLog;natalie;1445513407801;22.10.2015 14:30:07;Raw;0.028;4.108;8.992;110.609375;-25.359375;1.171875;-39.06;-2.7;27.42;NaN;NaN;NaN;NaN;NaN;NaN;NaN;NaN;NaN;90
;ServiceLog;natalie;1445513408820;22.10.2015 14:30:08;Raw;-0.153;3.936;7.996;110.578125;-26.21875;0.953125;-39.36;-3.96;25.02;NaN;NaN;NaN;NaN;NaN;NaN;NaN;NaN;NaN;90
;ServiceLog;natalie;1445513409842;22.10.2015 14:30:09;Raw;0.124;3.993;9.414;110.15625;-26.109375;2.125;-38.22;-2.28;25.68;NaN;NaN;NaN;NaN;NaN;NaN;NaN;NaN;NaN;90
;ServiceLog;natalie;1445513410859;22.10.2015 14:30:10;Raw;0.306;4.223;9.826;110.1875;-25.546875;1.375;-38.64;-2.7;25.8;NaN;NaN;NaN;NaN;NaN;NaN;NaN;NaN;NaN;90
;ServiceLog;natalie;1445513411878;22.10.2015 14:30:11;Raw;0.249;3.792;9.337;109.21875;-25.34375;0.21875;-38.58;-2.16;23.64;NaN;NaN;NaN;NaN;NaN;NaN;NaN;NaN;NaN;90
;ServiceLog;natalie;1445513412896;22.10.2015 14:30:12;Raw;-0.593;4.185;8.217;107.265625;-21.609375;-1.453125;-38.1;-3.96;13.38;NaN;NaN;NaN;NaN;NaN;NaN;NaN;NaN;NaN;90
;ServiceLog;natalie;1445513413919;22.10.2015 14:30:13;Raw;0.0;4.204;8.964;105.765625;-26.53125;0.890625;-37.8;-8.64;1.26;NaN;NaN;NaN;NaN;NaN;NaN;NaN;NaN;NaN;89
;ServiceLog;natalie;1445513414942;22.10.2015 14:30:14;Raw;-0.057;3.84;7.977;104.796875;-27.796875;1.40625;-38.64;-11.28;-2.1;NaN;NaN;NaN;NaN;NaN;NaN;NaN;NaN;NaN;90
;ServiceLog;natalie;1445513415960;22.10.2015 14:30:15;Raw;-0.038;3.677;8.897;103.65625;-26.421875;2.375;-37.8;-10.02;-4.02;NaN;NaN;NaN;NaN;NaN;NaN;NaN;NaN;NaN;90
;ServiceLog;natalie;1445513416977;22.10.2015 14:30:16;Raw;-0.373;3.984;8.198;102.46875;-27.484375;2.21875;-38.4;-9.3;-3.78;NaN;NaN;NaN;NaN;NaN;NaN;NaN;NaN;NaN;90
;ServiceLog;natalie;1445513418005;22.10.2015 14:30:18;Raw;-0.067;4.06;8.504;101.921875;-23.0625;0.078125;-39.24;-10.8;-3.72;NaN;NaN;NaN;NaN;NaN;NaN;NaN;NaN;NaN;90
;ServiceLog;natalie;1445513419021;22.10.2015 14:30:19;Raw;0.105;4.031;9.596;101.546875;-25.90625;1.90625;-39.66;-4.68;0.36;NaN;NaN;NaN;NaN;NaN;NaN;NaN;NaN;NaN;90
;ServiceLog;natalie;1445513420042;22.10.2015 14:30:20;Raw;-0.268;4.376;9.404;90.546875;-24.0625;0.484375;-36.12;3.72;-0.12;NaN;NaN;NaN;NaN;NaN;NaN;NaN;NaN;NaN;90
;ServiceLog;natalie;1445513421061;22.10.2015 14:30:21;Raw;-0.028;4.482;9.49;88.4375;-22.421875;-0.484375;-36.66;1.2;-2.34;NaN;NaN;NaN;NaN;NaN;NaN;NaN;NaN;NaN;90
;ServiceLog;natalie;1445513422079;22.10.2015 14:30:22;Raw;0.172;3.974;9.49;88.484375;-27.578125;5.859375;-38.22;0.06;-1.74;NaN;NaN;NaN;NaN;NaN;NaN;NaN;NaN;NaN;90
;ServiceLog;natalie;1445513423100;22.10.2015 14:30:23;Raw;-0.22;4.242;8.102;88.59375;-23.234375;-0.34375;-38.4;1.44;-1.08;NaN;NaN;NaN;NaN;NaN;NaN;NaN;NaN;NaN;90
;ServiceLog;natalie;1445513424123;22.10.2015 14:30:24;Raw;0.201;3.917;9.184;88.265625;-27.484375;3.46875;-39.36;-0.66;-3.12;NaN;NaN;NaN;NaN;NaN;NaN;NaN;NaN;NaN;90
;ServiceLog;natalie;1445513425145;22.10.2015 14:30:25;Raw;-0.258;3.84;8.169;88.9375;-23.53125;-0.171875;-40.68;-0.78;-1.92;NaN;NaN;NaN;NaN;NaN;NaN;NaN;NaN;NaN;90
;ServiceLog;natalie;1445513426170;22.10.2015 14:30:26;Raw;0.287;4.022;9.96;89.140625;-23.875;3.609375;-41.1;-0.18;-1.02;NaN;NaN;NaN;NaN;NaN;NaN;NaN;NaN;NaN;90
;ServiceLog;natalie;1445513427190;22.10.2015 14:30:27;Raw;-0.296;4.252;9.213;90.078125;-24.984375;0.140625;-41.4;-0.54;0.72;NaN;NaN;NaN;NaN;NaN;NaN;NaN;NaN;NaN;90
;ServiceLog;natalie;1445513428210;22.10.2015 14:30:28;Raw;0.22;3.773;9.701;90.265625;-29.578125;4.109375;-41.1;0.18;1.92;NaN;NaN;NaN;NaN;NaN;NaN;NaN;NaN;NaN;90
;ServiceLog;natalie;1445513429229;22.10.2015 14:30:29;Raw;0.584;3.38;9.155;90.359375;-20.640625;-0.5625;-42.48;2.04;5.76;NaN;NaN;NaN;NaN;NaN;NaN;NaN;NaN;NaN;90
;ServiceLog;natalie;1445513430258;22.10.2015 14:30:30;Raw;-0.363;3.773;7.7;90.421875;-25.0625;3.25;-41.64;3.54;7.5;NaN;NaN;NaN;NaN;NaN;NaN;NaN;NaN;NaN;90
;ServiceLog;natalie;1445513431276;22.10.2015 14:30:31;Raw;-0.21;4.127;8.198;90.828125;-22.78125;-0.078125;-43.26;1.8;6.36;NaN;NaN;NaN;NaN;NaN;NaN;NaN;NaN;NaN;90
;ServiceLog;natalie;1445513432290;22.10.2015 14:30:32;Raw;-0.584;4.3;8.667;91.4375;-25.78125;3.8125;-43.38;1.8;10.14;NaN;NaN;NaN;NaN;NaN;NaN;NaN;NaN;NaN;90
;ServiceLog;natalie;1445513433338;22.10.2015 14:30:33;Raw;0.162;4.338;8.945;92.0;-24.984375;-1.515625;-43.38;2.94;10.14;NaN;NaN;NaN;NaN;NaN;NaN;NaN;NaN;NaN;90
;ServiceLog;natalie;1445513434352;22.10.2015 14:30:34;Raw;0.028;3.859;9.088;92.59375;-22.203125;-1.453125;-44.34;1.5;10.98;NaN;NaN;NaN;NaN;NaN;NaN;NaN;NaN;NaN;90
;ServiceLog;natalie;1445513435375;22.10.2015 14:30:35;Raw;-0.718;4.051;8.322;93.21875;-25.359375;2.15625;-44.16;2.1;10.26;NaN;NaN;NaN;NaN;NaN;NaN;NaN;NaN;NaN;90
;ServiceLog;natalie;1445513436409;22.10.2015 14:30:36;Raw;-0.938;4.405;9.672;92.75;-25.046875;4.90625;-45.3;3.72;12.12;NaN;NaN;NaN;NaN;NaN;NaN;NaN;NaN;NaN;90
;ServiceLog;natalie;1445513437437;22.10.2015 14:30:37;Raw;0.057;3.869;10.429;93.140625;-22.234375;-1.875;-45.3;1.56;12.06;NaN;NaN;NaN;NaN;NaN;NaN;NaN;NaN;NaN;90
;ServiceLog;natalie;1445513438458;22.10.2015 14:30:38;Raw;-0.038;3.964;8.581;94.09375;-21.421875;0.5;-46.14;1.56;13.92;NaN;NaN;NaN;NaN;NaN;NaN;NaN;NaN;NaN;90
;ServiceLog;natalie;1445513439475;22.10.2015 14:30:39;Raw;0.009;4.07;9.759;94.5;-22.421875;0.484375;-45.24;1.32;13.74;NaN;NaN;NaN;NaN;NaN;NaN;NaN;NaN;NaN;90
;ServiceLog;natalie;1445513440495;22.10.2015 14:30:40;Raw;-0.536;3.878;7.881;95.171875;-23.703125;-0.890625;-45.78;1.5;16.5;NaN;NaN;NaN;NaN;NaN;NaN;NaN;NaN;NaN;90
;ServiceLog;natalie;1445513441517;22.10.2015 14:30:41;Raw;-0.114;4.367;9.213;95.65625;-22.140625;2.546875;-46.2;-1.14;11.64;NaN;NaN;NaN;NaN;NaN;NaN;NaN;NaN;NaN;90
;ServiceLog;natalie;1445513442535;22.10.2015 14:30:42;Raw;-0.201;4.051;8.561;96.640625;-22.75;1.40625;-46.08;-0.54;14.64;NaN;NaN;NaN;NaN;NaN;NaN;NaN;NaN;NaN;90
;ServiceLog;natalie;1445513443556;22.10.2015 14:30:43;Raw;-0.296;3.811;8.523;96.921875;-26.1875;3.859375;-46.32;0.54;14.28;NaN;NaN;NaN;NaN;NaN;NaN;NaN;NaN;NaN;90
;ServiceLog;natalie;1445513444576;22.10.2015 14:30:44;Raw;-0.296;3.505;8.351;95.546875;-22.46875;1.40625;-46.56;8.64;24.9;NaN;NaN;NaN;NaN;NaN;NaN;NaN;NaN;NaN;90
;ServiceLog;natalie;1445513445595;22.10.2015 14:30:45;Raw;0.057;3.323;8.696;95.453125;-23.96875;3.15625;-46.26;8.52;30.36;NaN;NaN;NaN;NaN;NaN;NaN;NaN;NaN;NaN;90
;ServiceLog;natalie;1445513446618;22.10.2015 14:30:46;Raw;0.086;3.639;9.088;95.140625;-25.875;3.328125;-45.3;8.52;28.2;NaN;NaN;NaN;NaN;NaN;NaN;NaN;NaN;NaN;90
;ServiceLog;natalie;1445513447637;22.10.2015 14:30:47;Raw;0.89;3.581;9.194;95.015625;-22.453125;-1.453125;-48.3;9.36;44.82;NaN;NaN;NaN;NaN;NaN;NaN;NaN;NaN;NaN;90
;ServiceLog;natalie;1445513448664;22.10.2015 14:30:48;Raw;-0.009;3.486;8.916;120.734375;-21.140625;3.578125;-58.14;-10.5;73.44;NaN;NaN;NaN;NaN;NaN;NaN;NaN;NaN;NaN;90
;ServiceLog;natalie;1445513449683;22.10.2015 14:30:49;Raw;-0.258;3.419;9.519;124.890625;-19.09375;0.640625;-59.82;-12.9;72.36;NaN;NaN;NaN;NaN;NaN;NaN;NaN;NaN;NaN;90
;ServiceLog;natalie;1445513450705;22.10.2015 14:30:50;Raw;-0.249;3.811;9.462;126.65625;-22.359375;0.484375;-61.8;-19.26;78.0;NaN;NaN;NaN;NaN;NaN;NaN;NaN;NaN;NaN;90
;ServiceLog;natalie;1445513451724;22.10.2015 14:30:51;Raw;0.986;3.246;8.638;126.515625;-21.78125;-3.0;-55.68;-15.54;73.32;NaN;NaN;NaN;NaN;NaN;NaN;NaN;NaN;NaN;90
;ServiceLog;natalie;1445513452743;22.10.2015 14:30:52;Raw;-2.691;4.893;10.142;125.8125;-28.171875;19.59375;-49.26;10.26;60.42;NaN;NaN;NaN;NaN;NaN;NaN;NaN;NaN;NaN;90
;ServiceLog;natalie;1445513453768;22.10.2015 14:30:53;Raw;-0.43;4.855;7.786;104.71875;-26.234375;-7.328125;-43.8;19.62;82.44;NaN;NaN;NaN;NaN;NaN;NaN;NaN;NaN;NaN;90
;ServiceLog;natalie;1445513454791;22.10.2015 14:30:54;Raw;-0.699;2.202;7.872;114.421875;-13.640625;3.890625;-51.24;-0.66;106.86;NaN;NaN;NaN;NaN;NaN;NaN;NaN;NaN;NaN;90
;ServiceLog;natalie;1445513455806;22.10.2015 14:30:55;Raw;-0.871;2.499;10.668;153.0;-13.296875;3.71875;-23.82;-29.28;113.22;NaN;NaN;NaN;NaN;NaN;NaN;NaN;NaN;NaN;89
;ServiceLog;natalie;1445513456822;22.10.2015 14:30:56;Raw;-0.718;3.275;10.17;189.10938;-20.1875;3.25;6.48;-3.3;88.14;NaN;NaN;NaN;NaN;NaN;NaN;NaN;NaN;NaN;87
;ServiceLog;natalie;1445513457839;22.10.2015 14:30:57;Raw;0.258;3.773;8.715;187.96875;-21.78125;-0.171875;5.76;4.38;79.08;NaN;NaN;NaN;NaN;NaN;NaN;NaN;NaN;NaN;85
;ServiceLog;natalie;1445513458859;22.10.2015 14:30:58;Raw;0.086;3.323;9.088;187.53125;-21.453125;-2.375;5.4;0.12;81.54;NaN;NaN;NaN;NaN;NaN;NaN;NaN;NaN;NaN;86
;ServiceLog;natalie;1445513459880;22.10.2015 14:30:59;Raw;0.373;3.648;9.184;187.875;-19.390625;-1.234375;5.76;-4.02;80.1;NaN;NaN;NaN;NaN;NaN;NaN;NaN;NaN;NaN;89
;ServiceLog;natalie;1445513460901;22.10.2015 14:31:00;Raw;-0.699;2.097;8.466;195.96875;-14.359375;0.34375;4.38;-4.8;79.32;NaN;NaN;NaN;NaN;NaN;NaN;NaN;NaN;NaN;83
;ServiceLog;natalie;1445513461922;22.10.2015 14:31:01;Raw;0.565;3.112;8.648;219.67188;-15.171875;4.875;5.4;12.48;97.62;NaN;NaN;NaN;NaN;NaN;NaN;NaN;NaN;NaN;89
;ServiceLog;natalie;1445513462942;22.10.2015 14:31:02;Raw;-0.028;2.806;9.979;206.14063;-20.34375;2.90625;7.86;16.68;94.02;NaN;NaN;NaN;NaN;NaN;NaN;NaN;NaN;NaN;79
;ServiceLog;natalie;1445513463961;22.10.2015 14:31:03;Raw;1.101;2.959;9.117;134.03125;-15.953125;-8.625;-0.6;10.38;67.5;NaN;NaN;NaN;NaN;NaN;NaN;NaN;NaN;NaN;78
;ServiceLog;natalie;1445513464980;22.10.2015 14:31:04;Raw;0.43;2.48;9.27;135.54688;-14.828125;-0.46875;-10.5;-2.58;43.2;NaN;NaN;NaN;NaN;NaN;NaN;NaN;NaN;NaN;77
;ServiceLog;natalie;1445513466000;22.10.2015 14:31:06;Raw;0.517;2.796;9.155;137.59375;-16.953125;-1.515625;-13.86;-9.84;37.98;NaN;NaN;NaN;NaN;NaN;NaN;NaN;NaN;NaN;90
;ServiceLog;natalie;1445513467027;22.10.2015 14:31:07;Raw;0.526;2.777;9.529;140.65625;-16.453125;-2.734375;-14.16;-14.46;37.32;NaN;NaN;NaN;NaN;NaN;NaN;NaN;NaN;NaN;86
;ServiceLog;natalie;1445513468051;22.10.2015 14:31:08;Raw;-0.229;2.499;9.548;145.71875;-15.859375;1.8125;-13.5;-7.62;39.3;NaN;NaN;NaN;NaN;NaN;NaN;NaN;NaN;NaN;89
;ServiceLog;natalie;1445513469070;22.10.2015 14:31:09;Raw;0.124;2.241;9.127;146.03125;-13.53125;-1.203125;-13.26;-16.8;37.56;NaN;NaN;NaN;NaN;NaN;NaN;NaN;NaN;NaN;86
;ServiceLog;natalie;1445513470087;22.10.2015 14:31:10;Raw;0.162;2.221;9.586;151.5625;-13.296875;-1.125;-13.86;-24.18;34.26;NaN;NaN;NaN;NaN;NaN;NaN;NaN;NaN;NaN;87
;ServiceLog;natalie;1445513471112;22.10.2015 14:31:11;Raw;0.229;2.202;9.347;153.40625;-12.34375;-1.265625;-13.5;-24.96;34.26;NaN;NaN;NaN;NaN;NaN;NaN;NaN;NaN;NaN;87
;ServiceLog;natalie;1445513472129;22.10.2015 14:31:12;Raw;0.699;2.059;9.5;153.96875;-12.171875;-4.109375;-13.2;-24.54;33.78;NaN;NaN;NaN;NaN;NaN;NaN;NaN;NaN;NaN;86
;ServiceLog;natalie;1445513473148;22.10.2015 14:31:13;Raw;0.526;1.925;9.5;154.01563;-11.515625;-1.953125;-13.62;-25.74;33.06;NaN;NaN;NaN;NaN;NaN;NaN;NaN;NaN;NaN;82
;ServiceLog;natalie;1445513474167;22.10.2015 14:31:14;Raw;1.283;1.695;8.753;154.03125;-11.8125;-3.8125;-15.42;-28.14;33.54;NaN;NaN;NaN;NaN;NaN;NaN;NaN;NaN;NaN;79
;ServiceLog;natalie;1445513475186;22.10.2015 14:31:15;Raw;1.685;1.886;7.575;154.15625;-8.625;2.90625;-14.46;-30.48;25.8;NaN;NaN;NaN;NaN;NaN;NaN;NaN;NaN;NaN;79
;ServiceLog;natalie;1445513476204;22.10.2015 14:31:16;Raw;-1.407;2.308;10.716;176.76563;-10.71875;0.0625;1.68;-33.42;22.98;NaN;NaN;NaN;NaN;NaN;NaN;NaN;NaN;NaN;88
;ServiceLog;natalie;1445513477230;22.10.2015 14:31:17;Raw;-0.047;2.135;11.042;186.73438;-6.53125;2.6875;3.3;-20.94;22.92;NaN;NaN;NaN;NaN;NaN;NaN;NaN;NaN;NaN;72
;ServiceLog;natalie;1445513478248;22.10.2015 14:31:18;Raw;-1.676;2.834;9.73;172.95313;-11.03125;-0.203125;-4.32;-18.84;17.22;NaN;NaN;NaN;NaN;NaN;NaN;NaN;NaN;NaN;73
;ServiceLog;natalie;1445513479265;22.10.2015 14:31:19;Raw;0.928;3.466;9.826;172.67188;-21.859375;-9.1875;-4.62;-28.8;15.9;NaN;NaN;NaN;NaN;NaN;NaN;NaN;NaN;NaN;71
;ServiceLog;natalie;1445513480283;22.10.2015 14:31:20;Raw;0.756;2.164;8.092;158.1875;-7.40625;4.25;-7.86;-18.36;14.82;NaN;NaN;NaN;NaN;NaN;NaN;NaN;NaN;NaN;77
;ServiceLog;natalie;1445513481300;22.10.2015 14:31:21;Raw;0.067;0.287;8.514;159.04688;-6.90625;-5.90625;-6.66;-15.96;13.38;NaN;NaN;NaN;NaN;NaN;NaN;NaN;NaN;NaN;81
;ServiceLog;natalie;1445513482323;22.10.2015 14:31:22;Raw;-0.498;0.871;9.117;152.15625;-7.15625;-1.34375;-12.48;-17.16;12.66;NaN;NaN;NaN;NaN;NaN;NaN;NaN;NaN;NaN;85
;ServiceLog;natalie;1445513483344;22.10.2015 14:31:23;Raw;0.517;2.518;10.506;149.95313;-15.0;-2.34375;-18.78;-24.3;13.8;NaN;NaN;NaN;NaN;NaN;NaN;NaN;NaN;NaN;87
;ServiceLog;natalie;1445513484363;22.10.2015 14:31:24;Raw;1.206;1.053;9.098;144.8125;-2.0625;-8.875;-26.1;-37.14;14.76;NaN;NaN;NaN;NaN;NaN;NaN;NaN;NaN;NaN;90
;ServiceLog;natalie;1445513485388;22.10.2015 14:31:25;Raw;0.172;1.426;9.625;164.71875;-6.390625;-1.59375;-10.5;-51.6;17.04;NaN;NaN;NaN;NaN;NaN;NaN;NaN;NaN;NaN;89
;ServiceLog;natalie;1445513486410;22.10.2015 14:31:26;Raw;-0.258;-0.114;9.634;170.92188;1.375;1.734375;-3.54;-52.32;18.54;NaN;NaN;NaN;NaN;NaN;NaN;NaN;NaN;NaN;90
;ServiceLog;natalie;1445513487427;22.10.2015 14:31:27;Raw;-1.082;0.881;8.399;172.64063;1.65625;6.78125;-7.5;-54.0;19.26;NaN;NaN;NaN;NaN;NaN;NaN;NaN;NaN;NaN;89
;ServiceLog;natalie;1445513488449;22.10.2015 14:31:28;Raw;-0.153;2.279;9.759;144.32813;-11.265625;-2.265625;-30.24;-34.5;15.48;NaN;NaN;NaN;NaN;NaN;NaN;NaN;NaN;NaN;90
;ServiceLog;natalie;1445513489470;22.10.2015 14:31:29;Raw;0.89;2.308;8.81;142.65625;-10.265625;-6.078125;-23.22;-27.42;13.02;NaN;NaN;NaN;NaN;NaN;NaN;NaN;NaN;NaN;90
;ServiceLog;natalie;1445513490504;22.10.2015 14:31:30;Raw;-0.536;3.85;9.663;144.34375;-19.71875;7.859375;-20.04;-29.82;11.28;NaN;NaN;NaN;NaN;NaN;NaN;NaN;NaN;NaN;90
;ServiceLog;natalie;1445513491522;22.10.2015 14:31:31;Raw;0.488;2.097;8.925;149.59375;-12.953125;-1.984375;-17.82;-29.1;11.46;NaN;NaN;NaN;NaN;NaN;NaN;NaN;NaN;NaN;89
;ServiceLog;natalie;1445513492539;22.10.2015 14:31:32;Raw;-1.618;1.743;9.079;149.54688;-9.859375;11.6875;-16.32;-25.86;12.24;NaN;NaN;NaN;NaN;NaN;NaN;NaN;NaN;NaN;87
;ServiceLog;natalie;1445513493560;22.10.2015 14:31:33;Raw;-1.398;2.403;10.046;148.95313;-11.234375;4.109375;-20.16;-28.86;12.72;NaN;NaN;NaN;NaN;NaN;NaN;NaN;NaN;NaN;89
