ID;Name;User;TimeStamp;NetworkGen;NetworkType;Active;MCC;MNC;LAC;CID;PSC;Power
533;Щелковская 3;taimyr;1424252687913;2G;EDGE;1;250;99;26627;4065;-1;-71
534;Щелковская 4;taimyr;1424252708689;2G;EDGE;1;250;99;26627;4065;-1;-81
521;Первомайская 1;taimyr;1424252805445;2G;EDGE;1;250;99;26627;4066;-1;-85
522;Первомайская 2;taimyr;1424252817405;2G;EDGE;1;250;99;26627;4066;-1;-75
523;Первомайская 3;taimyr;1424252838731;2G;EDGE;1;250;99;26627;4066;-1;-91
524;Первомайская 4;taimyr;1424252852140;2G;EDGE;1;250;99;26627;4066;-1;-89
511;Измайловская 1;taimyr;1424252975019;3G;HSPA;1;250;99;27678;103411807;-1;-69
512;Измайловская 2;taimyr;1424252986601;3G;HSPA;1;250;99;27678;103411807;-1;-75
513;Измайловская 3;taimyr;1424253004958;3G;HSPA;1;250;99;27678;103411807;-1;-87
514;Измайловская 4;taimyr;1424253026189;3G;HSPA;1;250;99;27678;103411807;-1;-87
501;Партизанская 1;taimyr;1424253169842;2G;EDGE;1;250;99;26627;4055;-1;-83
502;Партизанская 2;taimyr;1424253178697;2G;EDGE;1;250;99;26627;4055;-1;-79
503;Партизанская 3;taimyr;1424253206897;2G;EDGE;1;250;99;26627;4055;-1;-81
504;Партизанская 4;taimyr;1424253220692;2G;EDGE;1;250;99;26627;4055;-1;-79
491;Семеновская 1;taimyr;1424253334480;2G;EDGE;1;250;99;26627;4056;-1;-75
492;Семеновская 2;taimyr;1424253348154;2G;EDGE;1;250;99;26627;4056;-1;-69
493;Семеновская 3;taimyr;1424253368496;2G;EDGE;1;250;99;26627;4056;-1;-81
494;Семеновская 4;taimyr;1424253381747;2G;EDGE;1;250;99;26627;4056;-1;-79
481;Электрозаводская 1;taimyr;1424253444041;2G;EDGE;1;250;99;26627;4045;-1;-63
482;Электрозаводская 2;taimyr;1424253454691;2G;EDGE;1;250;99;26627;4045;-1;-63
483;Электрозаводская 3;taimyr;1424253479000;2G;EDGE;1;250;99;26627;4045;-1;-71
484;Электрозаводская 4;taimyr;1424253499110;2G;EDGE;1;250;99;26627;4045;-1;-81
471;Бауманская 1;taimyr;1424253603167;2G;EDGE;1;250;99;26627;4046;-1;-71
472;Бауманская 2;taimyr;1424253609242;2G;EDGE;1;250;99;26627;4046;-1;-71
473;Бауманская 3;taimyr;1424253614258;2G;EDGE;1;250;99;26627;4046;-1;-71
474;Бауманская 4;taimyr;1424253619720;2G;EDGE;1;250;99;26627;4046;-1;-71
461;Курская (АПК) 1;taimyr;1424253785888;3G;HSPA;1;250;99;26627;129593674;-1;-75
462;Курская (АПК) 2;taimyr;1424253797195;3G;HSPA;1;250;99;26627;129593674;-1;-85
713;Курская (КЛЦ) 3;taimyr;1424253959708;3G;HSPA;1;250;99;26627;129593677;-1;-79
714;Курская (КЛЦ) 4;taimyr;1424253978389;3G;HSPA;1;250;99;26627;129593677;-1;-99
721;Таганская (КЛЦ) 1;taimyr;1424254089813;unknown;unknown;1;250;1;660;6930100;-1;-85
722;Таганская (КЛЦ) 2;taimyr;1424254102994;unknown;unknown;1;250;1;660;6930100;-1;-79
723;Таганская (КЛЦ) 3;taimyr;1424254137710;3G;HSPA;1;250;99;26803;129598286;-1;-93
724;Таганская (КЛЦ) 4;taimyr;1424254150582;3G;HSPA;1;250;99;26803;129598286;-1;-93
731;Павелецкая (КЛЦ) 1;taimyr;1424254231265;3G;HSPA;1;250;99;26803;129598307;-1;-97
732;Павелецкая (КЛЦ) 2;taimyr;1424254242061;3G;HSPA;1;250;99;26803;129598307;-1;-97
733;Павелецкая (КЛЦ) 3;taimyr;1424254274355;3G;HSPA;1;250;99;26803;0;-1;-103
734;Павелецкая (КЛЦ) 4;taimyr;1424254286658;3G;HSPAP;1;250;99;26803;129598307;-1;-97
741;Добрынинская 1;taimyr;1424254342237;unknown;unknown;1;-1;-1;0;0;-1;-105
742;Добрынинская 2;taimyr;1424254352244;3G;HSPA;1;250;99;26803;0;-1;-103
743;Добрынинская 3;taimyr;1424254384737;3G;HSPA;1;250;99;26802;129593798;-1;-95
744;Добрынинская 4;taimyr;1424254396650;3G;HSPA;1;250;99;26802;129593798;-1;-95
751;Октябрьская (КЛЦ) 1;taimyr;1424254456968;2G;EDGE;1;250;99;26802;19067;-1;-97
752;Октябрьская (КЛЦ) 2;taimyr;1424254468262;2G;EDGE;1;250;99;26802;19067;-1;-93
753;Октябрьская (КЛЦ) 3;taimyr;1424273024000;3G;HSPA;1;250;99;26802;129593739;-1;-95
754;Октябрьская (КЛЦ) 4;taimyr;1424273039714;3G;HSPA;1;250;99;26802;129593739;-1;-97
741;Добрынинская 1;taimyr;1424273087254;2G;EDGE;1;250;99;26802;19126;-1;-85
742;Добрынинская 2;taimyr;1424273099888;2G;EDGE;1;250;99;26802;19126;-1;-73
743;Добрынинская 3;taimyr;1424273132466;unknown;unknown;1;250;99;26802;129593798;-1;-97
744;Добрынинская 4;taimyr;1424273144753;unknown;unknown;1;250;99;26802;129593798;-1;-95
301;Павелецкая (ЗАМ) 1;taimyr;1424273191208;2G;EDGE;1;250;99;26803;19105;-1;-105
302;Павелецкая (ЗАМ) 2;taimyr;1424273201116;2G;EDGE;1;250;99;26803;19105;-1;-95
303;Павелецкая (ЗАМ) 3;taimyr;1424273240020;unknown;unknown;1;250;99;26803;129593777;-1;-99
734;Павелецкая (КЛЦ) 4;taimyr;1424273261740;3G;HSDPA;1;250;99;26803;129593777;-1;-89
721;Таганская (КЛЦ) 1;taimyr;1424273323678;unknown;unknown;1;-1;-1;0;0;-1;-109
722;Таганская (КЛЦ) 2;taimyr;1424273340632;2G;EDGE;1;250;99;26803;19001;-1;-89
723;Таганская (КЛЦ) 3;taimyr;1424273369353;3G;HSPA;1;250;99;26803;129593673;-1;-51
724;Таганская (КЛЦ) 4;taimyr;1424273387224;3G;HSPA;1;250;99;26803;129593673;-1;-89
711;Курская (КЛЦ) 1;taimyr;1424273479469;2G;EDGE;1;250;99;26627;19005;-1;-95
712;Курская (КЛЦ) 2;taimyr;1424273489863;2G;EDGE;1;250;99;26627;19005;-1;-79
463;Курская (АПК) 3;taimyr;1424273710998;3G;HSPAP;1;250;99;26627;129598351;-1;-91
464;Курская (АПК) 4;taimyr;1424273731340;3G;HSPA;1;250;99;26627;129598351;-1;-91
471;Бауманская 1;taimyr;1424273869485;unknown;unknown;1;250;99;26627;4046;-1;-69
472;Бауманская 2;taimyr;1424273879492;unknown;unknown;1;250;99;26627;4046;-1;-69
473;Бауманская 3;taimyr;1424273887171;unknown;unknown;1;250;99;26627;4046;-1;-71
473;Бауманская 3;taimyr;1424273887614;unknown;unknown;1;250;99;26627;4046;-1;-71
474;Бауманская 4;taimyr;1424273890570;unknown;unknown;1;250;99;26627;4046;-1;-71
481;Электрозаводская 1;taimyr;1424273981904;unknown;unknown;1;250;99;26627;4046;-1;-65
482;Электрозаводская 2;taimyr;1424274001480;unknown;unknown;1;250;99;26627;4046;-1;-65
483;Электрозаводская 3;taimyr;1424274018628;unknown;unknown;1;250;99;26627;4046;-1;-65
484;Электрозаводская 4;taimyr;1424274037640;unknown;unknown;1;250;99;26627;4045;-1;-79
491;Семеновская 1;taimyr;1424274098167;unknown;unknown;1;250;99;26627;4056;-1;-75
492;Семеновская 2;taimyr;1424274113323;unknown;unknown;1;250;99;26627;4056;-1;-81
493;Семеновская 3;taimyr;1424274143616;unknown;unknown;1;250;99;26627;4056;-1;-89
494;Семеновская 4;taimyr;1424274155923;unknown;unknown;1;250;99;26627;4056;-1;-85
501;Партизанская 1;taimyr;1424274275962;unknown;unknown;1;250;99;26627;4055;-1;-83
502;Партизанская 2;taimyr;1424274290102;unknown;unknown;1;250;99;26627;4055;-1;-79
503;Партизанская 3;taimyr;1424274323386;unknown;unknown;1;250;99;26627;4055;-1;-91
504;Партизанская 4;taimyr;1424274342433;unknown;unknown;1;250;99;26627;4055;-1;-93
511;Измайловская 1;taimyr;1424274505415;3G;HSPA;1;250;99;27678;103374951;-1;-95
512;Измайловская 2;taimyr;1424274519747;3G;HSPA;1;250;99;27678;103374951;-1;-85
513;Измайловская 3;taimyr;1424274544599;3G;HSPA;1;250;99;27678;103411807;-1;-89
514;Измайловская 4;taimyr;1424274564983;3G;HSPA;1;250;99;27678;103411807;-1;-89
521;Первомайская 1;taimyr;1424274687483;2G;EDGE;1;250;99;26627;4066;-1;-65
522;Первомайская 2;taimyr;1424274704217;2G;EDGE;1;250;99;26627;4066;-1;-85
523;Первомайская 3;taimyr;1424274727254;2G;EDGE;1;250;99;26627;4066;-1;-91
524;Первомайская 4;taimyr;1424274747824;2G;EDGE;1;250;99;26627;4066;-1;-95
531;Щелковская 1;taimyr;1424274833794;2G;EDGE;1;250;99;26627;4065;-1;-69
532;Щелковская 2;taimyr;1424274847739;2G;EDGE;1;250;99;26627;4065;-1;-71
