ID;Name;User;TimeStamp;NetworkGen;NetworkType;Active;MCC;MNC;LAC;CID;PSC;Power
2263;Каширская (ЗАМ) 3;Andrey;1435906328963;2G;EDGE;1;250;2;7784;1470;-1;-85
2264;Каширская (ЗАМ) 4;Andrey;1435906337604;2G;EDGE;1;250;2;7784;1470;-1;-85
241;Кантемировская 1;Andrey;1435906496192;2G;EDGE;1;250;2;7794;1490;-1;-61
242;Кантемировская 2;Andrey;1435906509164;2G;EDGE;1;250;2;7794;1490;-1;-61
243;Кантемировская 3;Andrey;1435906529079;2G;EDGE;1;250;2;7794;1490;-1;-67
244;Кантемировская 4;Andrey;1435906541261;2G;EDGE;1;250;2;7794;1490;-1;-67
231;Царицыно 1;Andrey;1435906634224;2G;EDGE;1;250;2;7794;700;-1;-63
232;Царицыно 2;Andrey;1435906649353;2G;EDGE;1;250;2;7794;700;-1;-59
233;Царицыно 3;Andrey;1435906670450;2G;EDGE;1;250;2;7794;700;-1;-69
234;Царицыно 4;Andrey;1435906682340;2G;EDGE;1;250;2;7794;700;-1;-77
221;Орехово 1;Andrey;1435906821672;2G;EDGE;1;250;2;7765;1500;-1;-75
222;Орехово 2;Andrey;1435906834341;2G;EDGE;1;250;2;7765;1500;-1;-67
223;Орехово 3;Andrey;1435906858440;2G;EDGE;1;250;2;7765;1500;-1;-77
224;Орехово 4;Andrey;1435906870474;2G;EDGE;1;250;2;7765;1500;-1;-79
211;Домодедовская 1;Andrey;1435906952262;2G;GPRS;1;250;99;26803;49625;-1;-67
212;Домодедовская 2;Andrey;1435906979106;2G;EDGE;1;250;2;7765;710;-1;-75
213;Домодедовская 3;Andrey;1435906998867;2G;EDGE;1;250;2;7765;710;-1;-79
214;Домодедовская 4;Andrey;1435907010542;2G;EDGE;1;250;2;7765;710;-1;-75
201;Красногвардейская 1;Andrey;1435907111942;2G;EDGE;1;250;2;7765;690;-1;-53
202;Красногвардейская 2;Andrey;1435907132066;2G;EDGE;1;250;2;7765;690;-1;-65
2223;Зябликово 3;Andrey;1435907437146;unknown;unknown;1;250;2;7765;690;-1;-111
2224;Зябликово 4;Andrey;1435907448707;unknown;unknown;1;250;2;7765;690;-1;-111
2211;Шипиловская 1;Andrey;1435907513971;unknown;unknown;1;250;2;7765;690;-1;-111
2212;Шипиловская 2;Andrey;1435907527101;unknown;unknown;1;250;2;7765;690;-1;-111
2213;Шипиловская 3;Andrey;1435907558125;unknown;unknown;1;250;2;7765;690;-1;-111
2214;Шипиловская 4;Andrey;1435907569779;unknown;unknown;1;250;2;7765;690;-1;-111
2201;Борисово 1;Andrey;1435907662653;unknown;unknown;1;250;2;7765;690;-1;-111
2202;Борисово 2;Andrey;1435907676211;unknown;unknown;1;250;2;7765;690;-1;-111
2203;Борисово 3;Andrey;1435907699844;unknown;unknown;1;250;2;7765;690;-1;-111
2204;Борисово 4;Andrey;1435907713024;unknown;unknown;1;250;2;7765;690;-1;-111
1591;Марьино 1;Andrey;1435907829491;unknown;unknown;1;250;2;7765;690;-1;-111
1592;Марьино 2;Andrey;1435907846638;unknown;unknown;1;250;2;7765;690;-1;-111
1593;Марьино 3;Andrey;1435907884329;2G;EDGE;1;250;2;7744;900;-1;-53
1594;Марьино 4;Andrey;1435907896215;2G;EDGE;1;250;2;7744;900;-1;-55
1581;Братиславская 1;Andrey;1435907986919;2G;EDGE;1;250;2;7744;1450;-1;-73
1582;Братиславская 2;Andrey;1435908002319;2G;EDGE;1;250;2;7744;1450;-1;-71
1583;Братиславская 3;Andrey;1435908024135;2G;EDGE;1;250;2;7744;1450;-1;-71
1584;Братиславская 4;Andrey;1435908036256;2G;EDGE;1;250;2;7744;1450;-1;-69
1571;Люблино 1;Andrey;1435908177117;2G;EDGE;1;250;2;7785;1440;-1;-79
1572;Люблино 2;Andrey;1435908193151;2G;EDGE;1;250;2;7785;1440;-1;-69
1573;Люблино 3;Andrey;1435908216833;2G;EDGE;1;250;2;7785;1440;-1;-69
1574;Люблино 4;Andrey;1435908228369;2G;EDGE;1;250;2;7785;1440;-1;-67
1561;Волжская 1;Andrey;1435908363229;2G;EDGE;1;250;2;7785;1430;-1;-81
1562;Волжская 2;Andrey;1435908378722;2G;EDGE;1;250;2;7785;1430;-1;-85
1553;Печатники 3;Andrey;1435908399569;2G;EDGE;1;250;2;7785;1430;-1;-81
1554;Печатники 4;Andrey;1435908411141;2G;EDGE;1;250;2;7785;1430;-1;-83
1541;Кожуховская 1;Andrey;1435908561493;2G;EDGE;1;250;2;7784;1420;-1;-59
1542;Кожуховская 2;Andrey;1435908579862;2G;EDGE;1;250;2;7784;1420;-1;-75
1543;Кожуховская 3;Andrey;1435908599705;2G;EDGE;1;250;2;7784;1420;-1;-75
1544;Кожуховская 4;Andrey;1435908610981;2G;EDGE;1;250;2;7784;1420;-1;-71
1611;Дубровка 1;Andrey;1435908787023;2G;EDGE;1;250;2;7761;1410;-1;-71
1612;Дубровка 2;Andrey;1435908800948;2G;EDGE;1;250;2;7761;1410;-1;-67
1543;Кожуховская 3;Andrey;1435908824045;2G;EDGE;1;250;2;7761;1410;-1;-71
1544;Кожуховская 4;Andrey;1435908835753;2G;EDGE;1;250;2;7761;1410;-1;-71
1611;Дубровка 1;Andrey;1435908934816;2G;EDGE;1;250;2;7761;1400;-1;-59
1612;Дубровка 2;Andrey;1435908945083;2G;EDGE;1;250;2;7761;1400;-1;-57
1613;Дубровка 3;Andrey;1435908980043;2G;EDGE;1;250;2;7761;1400;-1;-73
1614;Дубровка 4;Andrey;1435908992942;2G;EDGE;1;250;2;7761;1400;-1;-57
1531;Крестьянская застава 1;Andrey;1435909090941;2G;EDGE;1;250;2;7763;510;-1;-59
1532;Крестьянская застава 2;Andrey;1435909108354;2G;EDGE;1;250;2;7763;510;-1;-71
1533;Крестьянская застава 3;Andrey;1435909130926;2G;EDGE;1;250;2;7763;510;-1;-73
1534;Крестьянская застава 4;Andrey;1435909142506;2G;EDGE;1;250;2;7763;510;-1;-67
1521;Римская 1;Andrey;1435909245803;2G;EDGE;1;250;2;7763;580;-1;-61
1522;Римская 2;Andrey;1435909260750;2G;EDGE;1;250;2;7763;580;-1;-65
1523;Римская 3;Andrey;1435909283559;2G;EDGE;1;250;2;7763;580;-1;-75
1524;Римская 4;Andrey;1435909294723;2G;EDGE;1;250;2;7763;580;-1;-69
1511;Чкаловская 1;Andrey;1435909419783;2G;EDGE;1;250;2;7763;160;-1;-85
1512;Чкаловская 2;Andrey;1435909434069;2G;EDGE;1;250;2;7763;160;-1;-73
1513;Чкаловская 3;Andrey;1435909460816;2G;EDGE;1;250;2;7763;160;-1;-79
1514;Чкаловская 4;Andrey;1435909472838;2G;EDGE;1;250;2;7763;160;-1;-81
2191;Сретенский бульвар 1;Andrey;1435909581016;2G;EDGE;1;250;2;7763;640;-1;-51
2192;Сретенский бульвар 2;Andrey;1435909594049;2G;EDGE;1;250;2;7763;640;-1;-71
2193;Сретенский бульвар 3;Andrey;1435909691224;2G;EDGE;1;250;2;7763;640;-1;-79
2194;Сретенский бульвар 4;Andrey;1435909705062;2G;EDGE;1;250;2;7763;640;-1;-71
1511;Чкаловская 1;Andrey;1435909820449;2G;EDGE;1;250;2;7763;160;-1;-53
1512;Чкаловская 2;Andrey;1435909837038;2G;EDGE;1;250;2;7763;160;-1;-73
1513;Чкаловская 3;Andrey;1435909946926;2G;EDGE;1;250;2;7763;160;-1;-83
1514;Чкаловская 4;Andrey;1435909958130;2G;EDGE;1;250;2;7763;160;-1;-85
2191;Сретенский бульвар 1;Andrey;1435910065908;2G;EDGE;1;250;2;7763;640;-1;-51
2192;Сретенский бульвар 2;Andrey;1435910081119;2G;EDGE;1;250;2;7763;640;-1;-75
2193;Сретенский бульвар 3;Andrey;1435910194949;2G;EDGE;1;250;2;7763;640;-1;-79
2194;Сретенский бульвар 4;Andrey;1435910206667;2G;EDGE;1;250;2;7763;640;-1;-75
1511;Чкаловская 1;Andrey;1435910332975;2G;EDGE;1;250;2;7763;160;-1;-57
1512;Чкаловская 2;Andrey;1435910348093;2G;EDGE;1;250;2;7763;160;-1;-75
1513;Чкаловская 3;Andrey;1435910406311;2G;EDGE;1;250;2;7763;160;-1;-81
1514;Чкаловская 4;Andrey;1435910416970;2G;EDGE;1;250;2;7763;160;-1;-77
2191;Сретенский бульвар 1;Andrey;1435910528117;2G;EDGE;1;250;2;7763;640;-1;-51
2192;Сретенский бульвар 2;Andrey;1435910544340;2G;EDGE;1;250;2;7763;640;-1;-71
2193;Сретенский бульвар 3;Andrey;1435910663619;2G;EDGE;1;250;2;7763;640;-1;-77
2194;Сретенский бульвар 4;Andrey;1435910677319;2G;EDGE;1;250;2;7763;640;-1;-73
1511;Чкаловская 1;Andrey;1435910787100;2G;EDGE;1;250;2;7763;160;-1;-51
1512;Чкаловская 2;Andrey;1435910799805;2G;EDGE;1;250;2;7763;160;-1;-67
1513;Чкаловская 3;Andrey;1435910902875;2G;EDGE;1;250;2;7763;160;-1;-81
1514;Чкаловская 4;Andrey;1435910914134;2G;EDGE;1;250;2;7763;160;-1;-79
2191;Сретенский бульвар 1;Andrey;1435911032413;2G;EDGE;1;250;2;7763;640;-1;-51
2192;Сретенский бульвар 2;Andrey;1435911048882;2G;EDGE;1;250;2;7763;640;-1;-71
2193;Сретенский бульвар 3;Andrey;1435911136583;2G;EDGE;1;250;2;7763;640;-1;-79
2194;Сретенский бульвар 4;Andrey;1435911149905;2G;EDGE;1;250;2;7763;640;-1;-71
1511;Чкаловская 1;Andrey;1435911268240;2G;EDGE;1;250;2;7763;160;-1;-55
1512;Чкаловская 2;Andrey;1435911282432;2G;EDGE;1;250;2;7763;160;-1;-73
