ID;Name;User;TimeStamp;NetworkGen;NetworkType;Active;MCC;MNC;LAC;CID;PSC;Power
653;Молодежная 3;md;1422944547934;2G;EDGE;1;250;1;660;41852;-1;-85
654;Молодежная 4;md;1422944558923;2G;EDGE;1;250;1;660;41852;-1;-77
661;Крылатское 1;md;1422944665099;2G;EDGE;1;250;1;660;41851;-1;-65
662;Крылатское 2;md;1422944682142;2G;EDGE;1;250;1;660;41851;-1;-67
663;Крылатское 3;md;1422944701617;2G;EDGE;1;250;1;660;41851;-1;-73
664;Крылатское 4;md;1422944712223;2G;EDGE;1;250;1;660;41851;-1;-73
2111;Строгино 1;md;1422945135202;unknown;unknown;1;-1;-1;-1;-1;-1;-1
2112;Строгино 2;md;1422945157395;unknown;unknown;1;-1;-1;-1;-1;-1;-1
2113;Строгино 3;md;1422945176696;unknown;unknown;1;-1;-1;-1;-1;-1;-1
2114;Строгино 4;md;1422945188249;unknown;unknown;1;-1;-1;-1;-1;-1;-1
2151;Мякинино 1;md;1422945360543;unknown;unknown;1;-1;-1;-1;-1;-1;-1
2152;Мякинино 2;md;1422945383414;unknown;unknown;1;-1;-1;-1;-1;-1;-1
2153;Мякинино 3;md;1422945409071;unknown;unknown;1;-1;-1;-1;-1;-1;-1
2154;Мякинино 4;md;1422945431471;unknown;unknown;1;-1;-1;-1;-1;-1;-1
2141;Волоколамская 1;md;1422945484322;unknown;unknown;1;-1;-1;-1;-1;-1;-1
2142;Волоколамская 2;md;1422945505280;unknown;unknown;1;-1;-1;-1;-1;-1;-1
2143;Волоколамская 3;md;1422945528483;unknown;unknown;1;-1;-1;-1;-1;-1;-1
2144;Волоколамская 4;md;1422945539657;unknown;unknown;1;-1;-1;-1;-1;-1;-1
2131;Митино 1;md;1422945632061;unknown;unknown;1;-1;-1;-1;-1;-1;-1
2132;Митино 2;md;1422945653134;unknown;unknown;1;-1;-1;-1;-1;-1;-1
2133;Митино 3;md;1422945676919;unknown;unknown;1;-1;-1;-1;-1;-1;-1
2134;Митино 4;md;1422945686941;unknown;unknown;1;-1;-1;-1;-1;-1;-1
2121;Пятницкое шоссе 1;md;1422945791956;unknown;unknown;1;-1;-1;-1;-1;-1;-1
2122;Пятницкое шоссе 2;md;1422945815681;unknown;unknown;1;-1;-1;-1;-1;-1;-1
