ID;Name;User;TimeStamp;NetworkGen;NetworkType;Active;MCC;MNC;LAC;CID;PSC;Power
;ServiceLog;md;1422944534755;2G;EDGE;1;250;1;660;41852;-1;-81
;ServiceLog;md;1422944535950;2G;EDGE;1;250;1;660;41852;-1;-83
;ServiceLog;md;1422944536984;2G;EDGE;1;250;1;660;41852;-1;-83
;ServiceLog;md;1422944538027;2G;EDGE;1;250;1;660;41852;-1;-85
;ServiceLog;md;1422944539061;2G;EDGE;1;250;1;660;41852;-1;-85
;ServiceLog;md;1422944540095;2G;EDGE;1;250;1;660;41852;-1;-85
;ServiceLog;md;1422944541125;2G;EDGE;1;250;1;660;41852;-1;-85
;ServiceLog;md;1422944542145;2G;EDGE;1;250;1;660;41852;-1;-85
;ServiceLog;md;1422944543175;2G;EDGE;1;250;1;660;41852;-1;-85
;ServiceLog;md;1422944544194;2G;EDGE;1;250;1;660;41852;-1;-85
;ServiceLog;md;1422944545222;2G;EDGE;1;250;1;660;41852;-1;-85
;ServiceLog;md;1422944546263;2G;EDGE;1;250;1;660;41852;-1;-85
;ServiceLog;md;1422944547300;2G;EDGE;1;250;1;660;41852;-1;-85
;ServiceLog;md;1422944548342;2G;EDGE;1;250;1;660;41852;-1;-85
;ServiceLog;md;1422944549368;2G;EDGE;1;250;1;660;41852;-1;-85
;ServiceLog;md;1422944550409;2G;EDGE;1;250;1;660;41852;-1;-85
;ServiceLog;md;1422944551486;2G;EDGE;1;250;1;660;41852;-1;-85
;ServiceLog;md;1422944552505;2G;EDGE;1;250;1;660;41852;-1;-85
;ServiceLog;md;1422944553524;2G;EDGE;1;250;1;660;41852;-1;-85
;ServiceLog;md;1422944554581;2G;EDGE;1;250;1;660;41852;-1;-85
;ServiceLog;md;1422944555657;2G;EDGE;1;250;1;660;41852;-1;-85
;ServiceLog;md;1422944556679;2G;EDGE;1;250;1;660;41852;-1;-83
;ServiceLog;md;1422944557694;2G;EDGE;1;250;1;660;41852;-1;-83
;ServiceLog;md;1422944558712;2G;EDGE;1;250;1;660;41852;-1;-83
;ServiceLog;md;1422944559752;2G;EDGE;1;250;1;660;41852;-1;-77
;ServiceLog;md;1422944560767;2G;EDGE;1;250;1;660;41852;-1;-77
;ServiceLog;md;1422944561802;2G;EDGE;1;250;1;660;41852;-1;-77
;ServiceLog;md;1422944562825;2G;EDGE;1;250;1;660;41852;-1;-67
;ServiceLog;md;1422944563851;2G;EDGE;1;250;1;660;41852;-1;-67
;ServiceLog;md;1422944564888;2G;EDGE;1;250;1;660;41852;-1;-71
;ServiceLog;md;1422944565931;2G;EDGE;1;250;1;660;41852;-1;-71
;ServiceLog;md;1422944566967;2G;EDGE;1;250;1;660;41852;-1;-71
;ServiceLog;md;1422944567996;2G;EDGE;1;250;1;660;41852;-1;-77
;ServiceLog;md;1422944569032;2G;EDGE;1;250;1;660;41852;-1;-77
;ServiceLog;md;1422944570071;2G;EDGE;1;250;1;660;41852;-1;-77
;ServiceLog;md;1422944571107;2G;EDGE;1;250;1;660;41852;-1;-83
;ServiceLog;md;1422944572142;2G;EDGE;1;250;1;660;41852;-1;-83
;ServiceLog;md;1422944573159;2G;EDGE;1;250;1;660;41852;-1;-83
;ServiceLog;md;1422944574179;2G;EDGE;1;250;1;660;41852;-1;-89
;ServiceLog;md;1422944575196;2G;EDGE;1;250;1;660;41852;-1;-89
;ServiceLog;md;1422944576229;2G;EDGE;1;250;1;660;41852;-1;-89
;ServiceLog;md;1422944577270;2G;EDGE;1;250;1;660;41852;-1;-89
;ServiceLog;md;1422944578311;2G;EDGE;1;250;1;660;41852;-1;-89
;ServiceLog;md;1422944579327;2G;EDGE;1;250;1;660;41852;-1;-89
;ServiceLog;md;1422944580365;2G;EDGE;1;250;1;660;41852;-1;-89
;ServiceLog;md;1422944581417;2G;EDGE;1;250;1;660;41852;-1;-89
;ServiceLog;md;1422944582466;2G;EDGE;1;250;1;660;41852;-1;-89
;ServiceLog;md;1422944583484;2G;EDGE;1;250;1;660;41852;-1;-89
;ServiceLog;md;1422944584547;2G;EDGE;1;250;1;660;41852;-1;-89
;ServiceLog;md;1422944585581;2G;EDGE;1;250;1;660;41852;-1;-89
;ServiceLog;md;1422944586625;2G;EDGE;1;250;1;660;41852;-1;-89
;ServiceLog;md;1422944587665;2G;EDGE;1;250;1;660;41852;-1;0
;ServiceLog;md;1422944588682;2G;EDGE;1;250;1;660;41852;-1;0
;ServiceLog;md;1422944589742;2G;EDGE;1;250;1;660;41852;-1;0
;ServiceLog;md;1422944590798;2G;EDGE;1;250;1;660;41852;-1;0
;ServiceLog;md;1422944591861;unknown;unknown;1;-1;-1;-1;-1;-1;-1
;ServiceLog;md;1422944592884;unknown;unknown;1;-1;-1;-1;-1;-1;-1
;ServiceLog;md;1422944593900;unknown;unknown;1;-1;-1;-1;-1;-1;-1
;ServiceLog;md;1422944594956;unknown;unknown;1;-1;-1;-1;-1;-1;-1
;ServiceLog;md;1422944595990;unknown;unknown;1;-1;-1;-1;-1;-1;-1
;ServiceLog;md;1422944597003;unknown;unknown;1;-1;-1;-1;-1;-1;-1
;ServiceLog;md;1422944598017;unknown;unknown;1;-1;-1;-1;-1;-1;-1
;ServiceLog;md;1422944599046;unknown;unknown;1;-1;-1;-1;-1;-1;-1
;ServiceLog;md;1422944600081;unknown;unknown;1;-1;-1;-1;-1;-1;-1
;ServiceLog;md;1422944601119;unknown;unknown;1;-1;-1;-1;-1;-1;-1
;ServiceLog;md;1422944602155;unknown;unknown;1;-1;-1;-1;-1;-1;-1
;ServiceLog;md;1422944603188;unknown;unknown;1;-1;-1;-1;-1;-1;-1
;ServiceLog;md;1422944604202;unknown;unknown;1;-1;-1;-1;-1;-1;-1
;ServiceLog;md;1422944605234;unknown;unknown;1;-1;-1;-1;-1;-1;-1
;ServiceLog;md;1422944606264;unknown;unknown;1;-1;-1;-1;-1;-1;-1
;ServiceLog;md;1422944607279;unknown;unknown;1;-1;-1;-1;-1;-1;-1
;ServiceLog;md;1422944608307;unknown;unknown;1;-1;-1;-1;-1;-1;-1
;ServiceLog;md;1422944609321;unknown;unknown;1;-1;-1;-1;-1;-1;-1
;ServiceLog;md;1422944610356;unknown;unknown;1;-1;-1;-1;-1;-1;-1
;ServiceLog;md;1422944611389;unknown;unknown;1;-1;-1;-1;-1;-1;-1
;ServiceLog;md;1422944612429;unknown;unknown;1;-1;-1;-1;-1;-1;-1
;ServiceLog;md;1422944613464;unknown;unknown;1;-1;-1;-1;-1;-1;-1
;ServiceLog;md;1422944614499;unknown;unknown;1;-1;-1;-1;-1;-1;-1
;ServiceLog;md;1422944615543;unknown;unknown;1;-1;-1;-1;-1;-1;-1
;ServiceLog;md;1422944616581;unknown;unknown;1;-1;-1;-1;-1;-1;-1
;ServiceLog;md;1422944617614;unknown;unknown;1;-1;-1;-1;-1;-1;-1
;ServiceLog;md;1422944618652;unknown;unknown;1;-1;-1;-1;-1;-1;-1
;ServiceLog;md;1422944619687;unknown;unknown;1;-1;-1;-1;-1;-1;-1
;ServiceLog;md;1422944620722;unknown;unknown;1;-1;-1;-1;-1;-1;-1
;ServiceLog;md;1422944621755;unknown;unknown;1;-1;-1;-1;-1;-1;-1
;ServiceLog;md;1422944622786;unknown;unknown;1;-1;-1;-1;-1;-1;-1
;ServiceLog;md;1422944623817;unknown;unknown;1;-1;-1;-1;-1;-1;-1
;ServiceLog;md;1422944624834;unknown;unknown;1;-1;-1;-1;-1;-1;-1
;ServiceLog;md;1422944625913;unknown;unknown;1;-1;-1;-1;-1;-1;-1
;ServiceLog;md;1422944626949;unknown;unknown;1;-1;-1;-1;-1;-1;-1
;ServiceLog;md;1422944627979;unknown;unknown;1;-1;-1;-1;-1;-1;-1
;ServiceLog;md;1422944629011;unknown;unknown;1;-1;-1;-1;-1;-1;-1
;ServiceLog;md;1422944630044;unknown;unknown;1;-1;-1;-1;-1;-1;-1
;ServiceLog;md;1422944631086;unknown;unknown;1;-1;-1;-1;-1;-1;-1
;ServiceLog;md;1422944632126;unknown;unknown;1;-1;-1;-1;-1;-1;-1
;ServiceLog;md;1422944633159;unknown;unknown;1;-1;-1;-1;-1;-1;-1
;ServiceLog;md;1422944634194;unknown;unknown;1;-1;-1;-1;-1;-1;-1
;ServiceLog;md;1422944635209;unknown;unknown;1;-1;-1;-1;-1;-1;-1
;ServiceLog;md;1422944636248;unknown;unknown;1;-1;-1;-1;-1;-1;-1
;ServiceLog;md;1422944637281;unknown;unknown;1;-1;-1;-1;-1;-1;-1
;ServiceLog;md;1422944638319;unknown;unknown;1;-1;-1;-1;-1;-1;-1
;ServiceLog;md;1422944639354;unknown;unknown;1;-1;-1;-1;-1;-1;-1
;ServiceLog;md;1422944640392;unknown;unknown;1;-1;-1;-1;-1;-1;-1
;ServiceLog;md;1422944641424;unknown;unknown;1;-1;-1;-1;-1;-1;-1
;ServiceLog;md;1422944642462;unknown;unknown;1;-1;-1;-1;-1;-1;-1
;ServiceLog;md;1422944643495;unknown;unknown;1;-1;-1;-1;-1;-1;-1
;ServiceLog;md;1422944644528;unknown;unknown;1;-1;-1;-1;-1;-1;-1
;ServiceLog;md;1422944645561;unknown;unknown;1;-1;-1;-1;-1;-1;-1
;ServiceLog;md;1422944646597;unknown;unknown;1;-1;-1;-1;-1;-1;-1
;ServiceLog;md;1422944647629;unknown;unknown;1;-1;-1;-1;-1;-1;-1
;ServiceLog;md;1422944649228;unknown;unknown;1;-1;-1;-1;-1;-1;-1
;ServiceLog;md;1422944650247;unknown;unknown;1;-1;-1;-1;-1;-1;-1
;ServiceLog;md;1422944651279;unknown;unknown;1;-1;-1;-1;-1;-1;-1
;ServiceLog;md;1422944652389;unknown;unknown;1;-1;-1;-1;-1;-1;-1
;ServiceLog;md;1422944653409;unknown;unknown;1;-1;-1;-1;-1;-1;-1
;ServiceLog;md;1422944654427;unknown;unknown;1;-1;-1;-1;-1;-1;-1
;ServiceLog;md;1422944655440;unknown;unknown;1;-1;-1;-1;-1;-1;-1
;ServiceLog;md;1422944656453;unknown;unknown;1;-1;-1;-1;-1;-1;-1
;ServiceLog;md;1422944657471;unknown;unknown;1;-1;-1;-1;-1;-1;-1
;ServiceLog;md;1422944658487;2G;EDGE;1;250;1;660;41851;-1;-61
;ServiceLog;md;1422944659502;2G;EDGE;1;250;1;660;41851;-1;-61
;ServiceLog;md;1422944660517;2G;EDGE;1;250;1;660;41851;-1;-61
;ServiceLog;md;1422944661530;2G;EDGE;1;250;1;660;41851;-1;-67
;ServiceLog;md;1422944662545;2G;EDGE;1;250;1;660;41851;-1;-67
;ServiceLog;md;1422944663560;2G;EDGE;1;250;1;660;41851;-1;-67
;ServiceLog;md;1422944664594;2G;EDGE;1;250;1;660;41851;-1;-65
;ServiceLog;md;1422944665629;2G;EDGE;1;250;1;660;41851;-1;-65
;ServiceLog;md;1422944666660;2G;EDGE;1;250;1;660;41851;-1;-65
;ServiceLog;md;1422944667701;2G;EDGE;1;250;1;660;41851;-1;-55
;ServiceLog;md;1422944668721;2G;EDGE;1;250;1;660;41851;-1;-55
;ServiceLog;md;1422944669760;2G;EDGE;1;250;1;660;41851;-1;-55
;ServiceLog;md;1422944670820;2G;EDGE;1;250;1;660;41851;-1;-57
;ServiceLog;md;1422944671862;2G;EDGE;1;250;1;660;41851;-1;-57
;ServiceLog;md;1422944672913;2G;EDGE;1;250;1;660;41851;-1;-57
;ServiceLog;md;1422944673951;2G;EDGE;1;250;1;660;41851;-1;-61
;ServiceLog;md;1422944674990;2G;EDGE;1;250;1;660;41851;-1;-61
;ServiceLog;md;1422944676022;2G;EDGE;1;250;1;660;41851;-1;-61
;ServiceLog;md;1422944677037;2G;EDGE;1;250;1;660;41851;-1;-65
;ServiceLog;md;1422944678072;2G;EDGE;1;250;1;660;41851;-1;-65
;ServiceLog;md;1422944679109;2G;EDGE;1;250;1;660;41851;-1;-65
;ServiceLog;md;1422944680145;2G;EDGE;1;250;1;660;41851;-1;-67
;ServiceLog;md;1422944681180;2G;EDGE;1;250;1;660;41851;-1;-67
;ServiceLog;md;1422944682219;2G;EDGE;1;250;1;660;41851;-1;-67
;ServiceLog;md;1422944683240;2G;EDGE;1;250;1;660;41851;-1;-69
;ServiceLog;md;1422944684275;2G;EDGE;1;250;1;660;41851;-1;-69
;ServiceLog;md;1422944685360;2G;EDGE;1;250;1;660;41851;-1;-71
;ServiceLog;md;1422944686471;2G;EDGE;1;250;1;660;41851;-1;-71
;ServiceLog;md;1422944687494;2G;EDGE;1;250;1;660;41851;-1;-71
;ServiceLog;md;1422944688533;2G;EDGE;1;250;1;660;41851;-1;-75
;ServiceLog;md;1422944689572;2G;EDGE;1;250;1;660;41851;-1;-75
;ServiceLog;md;1422944690609;2G;EDGE;1;250;1;660;41851;-1;-75
;ServiceLog;md;1422944691644;2G;EDGE;1;250;1;660;41851;-1;-77
;ServiceLog;md;1422944692686;2G;EDGE;1;250;1;660;41851;-1;-77
;ServiceLog;md;1422944693701;2G;EDGE;1;250;1;660;41851;-1;-77
;ServiceLog;md;1422944694718;2G;EDGE;1;250;1;660;41851;-1;-79
;ServiceLog;md;1422944695762;2G;EDGE;1;250;1;660;41851;-1;-79
;ServiceLog;md;1422944696797;2G;EDGE;1;250;1;660;41851;-1;-79
;ServiceLog;md;1422944697837;2G;EDGE;1;250;1;660;41851;-1;-79
;ServiceLog;md;1422944698871;2G;EDGE;1;250;1;660;41851;-1;-79
;ServiceLog;md;1422944699887;2G;EDGE;1;250;1;660;41851;-1;-79
;ServiceLog;md;1422944700924;2G;EDGE;1;250;1;660;41851;-1;-73
;ServiceLog;md;1422944701969;2G;EDGE;1;250;1;660;41851;-1;-73
;ServiceLog;md;1422944703009;2G;EDGE;1;250;1;660;41851;-1;-73
;ServiceLog;md;1422944704060;2G;EDGE;1;250;1;660;41851;-1;-71
;ServiceLog;md;1422944705109;2G;EDGE;1;250;1;660;41851;-1;-71
;ServiceLog;md;1422944706149;2G;EDGE;1;250;1;660;41851;-1;-71
;ServiceLog;md;1422944707185;2G;EDGE;1;250;1;660;41851;-1;-71
;ServiceLog;md;1422944708200;2G;EDGE;1;250;1;660;41851;-1;-71
;ServiceLog;md;1422944709241;2G;EDGE;1;250;1;660;41851;-1;-71
;ServiceLog;md;1422944710314;2G;EDGE;1;250;1;660;41851;-1;-73
;ServiceLog;md;1422944711331;2G;EDGE;1;250;1;660;41851;-1;-73
;ServiceLog;md;1422944712362;2G;EDGE;1;250;1;660;41851;-1;-75
;ServiceLog;md;1422944713402;2G;EDGE;1;250;1;660;41851;-1;-75
;ServiceLog;md;1422944714445;2G;EDGE;1;250;1;660;41851;-1;-75
;ServiceLog;md;1422944715463;2G;EDGE;1;250;1;660;41851;-1;-77
;ServiceLog;md;1422944716500;2G;EDGE;1;250;1;660;41851;-1;-77
;ServiceLog;md;1422944717515;2G;EDGE;1;250;1;660;41851;-1;-77
;ServiceLog;md;1422944718588;2G;EDGE;1;250;1;660;41851;-1;-81
;ServiceLog;md;1422944719636;2G;EDGE;1;250;1;660;41851;-1;-81
;ServiceLog;md;1422944720687;2G;EDGE;1;250;1;660;41851;-1;-81
;ServiceLog;md;1422944721733;2G;EDGE;1;250;1;660;41851;-1;-85
;ServiceLog;md;1422944722762;2G;EDGE;1;250;1;660;41851;-1;-85
;ServiceLog;md;1422944723781;2G;EDGE;1;250;1;660;41851;-1;-85
;ServiceLog;md;1422944724798;2G;EDGE;1;250;1;660;41851;-1;-85
;ServiceLog;md;1422944725833;2G;EDGE;1;250;1;660;41851;-1;-85
;ServiceLog;md;1422944726873;2G;EDGE;1;250;1;660;41851;-1;-85
;ServiceLog;md;1422944727924;2G;EDGE;1;250;1;660;41851;-1;-85
;ServiceLog;md;1422944728945;2G;EDGE;1;250;1;660;41851;-1;-85
;ServiceLog;md;1422944729979;2G;EDGE;1;250;1;660;41851;-1;-85
;ServiceLog;md;1422944730998;2G;EDGE;1;250;1;660;41851;-1;-85
;ServiceLog;md;1422944732032;2G;EDGE;1;250;1;660;41851;-1;-85
;ServiceLog;md;1422944733067;2G;EDGE;1;250;1;660;41851;-1;-85
;ServiceLog;md;1422944734103;2G;EDGE;1;250;1;660;41851;-1;-85
;ServiceLog;md;1422944735136;2G;EDGE;1;250;1;660;41851;-1;-85
;ServiceLog;md;1422944736199;2G;EDGE;1;250;1;660;41851;-1;-85
;ServiceLog;md;1422944737232;2G;EDGE;1;250;1;660;41851;-1;-85
;ServiceLog;md;1422944738271;2G;EDGE;1;250;1;660;41851;-1;-85
;ServiceLog;md;1422944739307;2G;EDGE;1;250;1;660;41851;-1;-85
;ServiceLog;md;1422944740346;2G;EDGE;1;250;1;660;41851;-1;-85
;ServiceLog;md;1422944741399;unknown;unknown;1;-1;-1;-1;-1;-1;-1
;ServiceLog;md;1422944742427;unknown;unknown;1;-1;-1;-1;-1;-1;-1
;ServiceLog;md;1422944743466;unknown;unknown;1;-1;-1;-1;-1;-1;-1
;ServiceLog;md;1422944744485;unknown;unknown;1;-1;-1;-1;-1;-1;-1
;ServiceLog;md;1422944745530;unknown;unknown;1;-1;-1;-1;-1;-1;-1
;ServiceLog;md;1422944746598;unknown;unknown;1;-1;-1;-1;-1;-1;-1
;ServiceLog;md;1422944747653;unknown;unknown;1;-1;-1;-1;-1;-1;-1
;ServiceLog;md;1422944748690;unknown;unknown;1;-1;-1;-1;-1;-1;-1
;ServiceLog;md;1422944749725;unknown;unknown;1;-1;-1;-1;-1;-1;-1
;ServiceLog;md;1422944750755;unknown;unknown;1;-1;-1;-1;-1;-1;-1
;ServiceLog;md;1422944751786;unknown;unknown;1;-1;-1;-1;-1;-1;-1
;ServiceLog;md;1422944752800;unknown;unknown;1;-1;-1;-1;-1;-1;-1
;ServiceLog;md;1422944753829;unknown;unknown;1;-1;-1;-1;-1;-1;-1
;ServiceLog;md;1422944754846;unknown;unknown;1;-1;-1;-1;-1;-1;-1
;ServiceLog;md;1422944755876;unknown;unknown;1;-1;-1;-1;-1;-1;-1
;ServiceLog;md;1422944756894;unknown;unknown;1;-1;-1;-1;-1;-1;-1
;ServiceLog;md;1422944757926;unknown;unknown;1;-1;-1;-1;-1;-1;-1
;ServiceLog;md;1422944758956;unknown;unknown;1;-1;-1;-1;-1;-1;-1
;ServiceLog;md;1422944759989;unknown;unknown;1;-1;-1;-1;-1;-1;-1
;ServiceLog;md;1422944761048;unknown;unknown;1;-1;-1;-1;-1;-1;-1
;ServiceLog;md;1422944762068;unknown;unknown;1;-1;-1;-1;-1;-1;-1
;ServiceLog;md;1422944763101;unknown;unknown;1;-1;-1;-1;-1;-1;-1
;ServiceLog;md;1422944764135;unknown;unknown;1;-1;-1;-1;-1;-1;-1
;ServiceLog;md;1422944765195;unknown;unknown;1;-1;-1;-1;-1;-1;-1
;ServiceLog;md;1422944766219;unknown;unknown;1;-1;-1;-1;-1;-1;-1
;ServiceLog;md;1422944767264;unknown;unknown;1;-1;-1;-1;-1;-1;-1
;ServiceLog;md;1422944768276;unknown;unknown;1;-1;-1;-1;-1;-1;-1
;ServiceLog;md;1422944769288;unknown;unknown;1;-1;-1;-1;-1;-1;-1
;ServiceLog;md;1422944770301;unknown;unknown;1;-1;-1;-1;-1;-1;-1
;ServiceLog;md;1422944771313;unknown;unknown;1;-1;-1;-1;-1;-1;-1
;ServiceLog;md;1422944772326;unknown;unknown;1;-1;-1;-1;-1;-1;-1
;ServiceLog;md;1422944773340;unknown;unknown;1;-1;-1;-1;-1;-1;-1
;ServiceLog;md;1422944774355;unknown;unknown;1;-1;-1;-1;-1;-1;-1
;ServiceLog;md;1422944775376;unknown;unknown;1;-1;-1;-1;-1;-1;-1
;ServiceLog;md;1422944776398;unknown;unknown;1;-1;-1;-1;-1;-1;-1
;ServiceLog;md;1422944777423;unknown;unknown;1;-1;-1;-1;-1;-1;-1
;ServiceLog;md;1422944778456;unknown;unknown;1;-1;-1;-1;-1;-1;-1
;ServiceLog;md;1422944779492;unknown;unknown;1;-1;-1;-1;-1;-1;-1
;ServiceLog;md;1422944780532;unknown;unknown;1;-1;-1;-1;-1;-1;-1
;ServiceLog;md;1422944781636;unknown;unknown;1;-1;-1;-1;-1;-1;-1
;ServiceLog;md;1422944782780;unknown;unknown;1;-1;-1;-1;-1;-1;-1
;ServiceLog;md;1422944783813;unknown;unknown;1;-1;-1;-1;-1;-1;-1
;ServiceLog;md;1422944784848;unknown;unknown;1;-1;-1;-1;-1;-1;-1
;ServiceLog;md;1422944785881;unknown;unknown;1;-1;-1;-1;-1;-1;-1
;ServiceLog;md;1422944786909;unknown;unknown;1;-1;-1;-1;-1;-1;-1
;ServiceLog;md;1422944787934;unknown;unknown;1;-1;-1;-1;-1;-1;-1
;ServiceLog;md;1422944788961;unknown;unknown;1;-1;-1;-1;-1;-1;-1
;ServiceLog;md;1422944789996;unknown;unknown;1;-1;-1;-1;-1;-1;-1
;ServiceLog;md;1422944791600;unknown;unknown;1;-1;-1;-1;-1;-1;-1
;ServiceLog;md;1422944792611;unknown;unknown;1;-1;-1;-1;-1;-1;-1
;ServiceLog;md;1422944793625;unknown;unknown;1;-1;-1;-1;-1;-1;-1
;ServiceLog;md;1422944794650;unknown;unknown;1;-1;-1;-1;-1;-1;-1
;ServiceLog;md;1422944795671;unknown;unknown;1;-1;-1;-1;-1;-1;-1
;ServiceLog;md;1422944796689;unknown;unknown;1;-1;-1;-1;-1;-1;-1
;ServiceLog;md;1422944797706;unknown;unknown;1;-1;-1;-1;-1;-1;-1
;ServiceLog;md;1422944798735;unknown;unknown;1;-1;-1;-1;-1;-1;-1
;ServiceLog;md;1422944799750;unknown;unknown;1;-1;-1;-1;-1;-1;-1
;ServiceLog;md;1422944800785;unknown;unknown;1;-1;-1;-1;-1;-1;-1
;ServiceLog;md;1422944801836;unknown;unknown;1;-1;-1;-1;-1;-1;-1
;ServiceLog;md;1422944802850;unknown;unknown;1;-1;-1;-1;-1;-1;-1
;ServiceLog;md;1422944803868;unknown;unknown;1;-1;-1;-1;-1;-1;-1
;ServiceLog;md;1422944804884;unknown;unknown;1;-1;-1;-1;-1;-1;-1
;ServiceLog;md;1422944805901;unknown;unknown;1;-1;-1;-1;-1;-1;-1
;ServiceLog;md;1422944806918;unknown;unknown;1;-1;-1;-1;-1;-1;-1
;ServiceLog;md;1422944807955;unknown;unknown;1;-1;-1;-1;-1;-1;-1
;ServiceLog;md;1422944808986;unknown;unknown;1;-1;-1;-1;-1;-1;-1
;ServiceLog;md;1422944809999;unknown;unknown;1;-1;-1;-1;-1;-1;-1
;ServiceLog;md;1422944811029;unknown;unknown;1;-1;-1;-1;-1;-1;-1
;ServiceLog;md;1422944812066;unknown;unknown;1;-1;-1;-1;-1;-1;-1
;ServiceLog;md;1422944813109;unknown;unknown;1;-1;-1;-1;-1;-1;-1
;ServiceLog;md;1422944814169;unknown;unknown;1;-1;-1;-1;-1;-1;-1
;ServiceLog;md;1422944815217;unknown;unknown;1;-1;-1;-1;-1;-1;-1
;ServiceLog;md;1422944816264;unknown;unknown;1;-1;-1;-1;-1;-1;-1
;ServiceLog;md;1422944817294;unknown;unknown;1;-1;-1;-1;-1;-1;-1
;ServiceLog;md;1422944818333;unknown;unknown;1;-1;-1;-1;-1;-1;-1
;ServiceLog;md;1422944819402;unknown;unknown;1;-1;-1;-1;-1;-1;-1
;ServiceLog;md;1422944820439;unknown;unknown;1;-1;-1;-1;-1;-1;-1
;ServiceLog;md;1422944821481;unknown;unknown;1;-1;-1;-1;-1;-1;-1
;ServiceLog;md;1422944822512;unknown;unknown;1;-1;-1;-1;-1;-1;-1
;ServiceLog;md;1422944823546;unknown;unknown;1;-1;-1;-1;-1;-1;-1
;ServiceLog;md;1422944824588;unknown;unknown;1;-1;-1;-1;-1;-1;-1
;ServiceLog;md;1422944825631;unknown;unknown;1;-1;-1;-1;-1;-1;-1
;ServiceLog;md;1422944826674;unknown;unknown;1;-1;-1;-1;-1;-1;-1
;ServiceLog;md;1422944827689;unknown;unknown;1;-1;-1;-1;-1;-1;-1
;ServiceLog;md;1422944828736;unknown;unknown;1;-1;-1;-1;-1;-1;-1
;ServiceLog;md;1422944829778;unknown;unknown;1;-1;-1;-1;-1;-1;-1
;ServiceLog;md;1422944830828;unknown;unknown;1;-1;-1;-1;-1;-1;-1
;ServiceLog;md;1422944831898;unknown;unknown;1;-1;-1;-1;-1;-1;-1
;ServiceLog;md;1422944832941;unknown;unknown;1;-1;-1;-1;-1;-1;-1
;ServiceLog;md;1422944834000;unknown;unknown;1;-1;-1;-1;-1;-1;-1
;ServiceLog;md;1422944835031;unknown;unknown;1;-1;-1;-1;-1;-1;-1
;ServiceLog;md;1422944836063;unknown;unknown;1;-1;-1;-1;-1;-1;-1
;ServiceLog;md;1422944837092;unknown;unknown;1;-1;-1;-1;-1;-1;-1
;ServiceLog;md;1422944838108;unknown;unknown;1;-1;-1;-1;-1;-1;-1
;ServiceLog;md;1422944839144;unknown;unknown;1;-1;-1;-1;-1;-1;-1
;ServiceLog;md;1422944840364;unknown;unknown;1;-1;-1;-1;-1;-1;-1
;ServiceLog;md;1422944841381;2G;EDGE;1;250;1;6110;41671;-1;-99
;ServiceLog;md;1422944842399;2G;EDGE;1;250;1;6110;41671;-1;-99
;ServiceLog;md;1422944843417;2G;EDGE;1;250;1;6110;41671;-1;-99
;ServiceLog;md;1422944844433;2G;EDGE;1;250;1;6110;41671;-1;-91
;ServiceLog;md;1422944845451;2G;EDGE;1;250;1;6110;41671;-1;-91
;ServiceLog;md;1422944846466;2G;EDGE;1;250;1;6110;41671;-1;-91
;ServiceLog;md;1422944847501;2G;EDGE;1;250;1;6110;41671;-1;-91
;ServiceLog;md;1422944848517;2G;EDGE;1;250;1;6110;41671;-1;-91
;ServiceLog;md;1422944849534;2G;EDGE;1;250;1;6110;41671;-1;-91
;ServiceLog;md;1422944850575;2G;EDGE;1;250;1;6110;41671;-1;-91
;ServiceLog;md;1422944851590;2G;EDGE;1;250;1;6110;41671;-1;-91
;ServiceLog;md;1422944852624;2G;EDGE;1;250;1;6110;41671;-1;-91
;ServiceLog;md;1422944853659;2G;EDGE;1;250;1;6110;41671;-1;-91
;ServiceLog;md;1422944854713;2G;EDGE;1;250;1;6110;41671;-1;-91
;ServiceLog;md;1422944855750;2G;EDGE;1;250;1;6110;41671;-1;-91
;ServiceLog;md;1422944856783;2G;EDGE;1;250;1;6110;41671;-1;-87
;ServiceLog;md;1422944857814;2G;EDGE;1;250;1;6110;41671;-1;-87
;ServiceLog;md;1422944858829;2G;EDGE;1;250;1;6110;41671;-1;-89
;ServiceLog;md;1422944859863;2G;EDGE;1;250;1;6110;41671;-1;-89
;ServiceLog;md;1422944860898;2G;EDGE;1;250;1;6110;41671;-1;-89
;ServiceLog;md;1422944861933;2G;EDGE;1;250;1;6110;41671;-1;-91
;ServiceLog;md;1422944862974;2G;EDGE;1;250;1;6110;41671;-1;-91
;ServiceLog;md;1422944864010;2G;EDGE;1;250;1;6110;41671;-1;-91
;ServiceLog;md;1422944865043;2G;EDGE;1;250;1;6110;41671;-1;-95
;ServiceLog;md;1422944866084;2G;EDGE;1;250;1;6110;41671;-1;-95
;ServiceLog;md;1422944867136;2G;EDGE;1;250;1;6110;41671;-1;-95
;ServiceLog;md;1422944868173;2G;EDGE;1;250;1;6110;41671;-1;-97
;ServiceLog;md;1422944869199;2G;EDGE;1;250;1;6110;41671;-1;-97
;ServiceLog;md;1422944870242;2G;EDGE;1;250;1;6110;41671;-1;-97
;ServiceLog;md;1422944871281;2G;EDGE;1;250;1;6110;41671;-1;-97
;ServiceLog;md;1422944872335;2G;EDGE;1;250;1;6110;41671;-1;-97
;ServiceLog;md;1422944873389;2G;EDGE;1;250;1;6110;41671;-1;-97
;ServiceLog;md;1422944874403;2G;EDGE;1;250;1;6110;41671;-1;0
;ServiceLog;md;1422944875729;2G;EDGE;1;250;1;6110;41671;-1;0
;ServiceLog;md;1422944876745;unknown;unknown;1;-1;-1;-1;-1;-1;-1
;ServiceLog;md;1422944877783;unknown;unknown;1;-1;-1;-1;-1;-1;-1
;ServiceLog;md;1422944878868;unknown;unknown;1;-1;-1;-1;-1;-1;-1
;ServiceLog;md;1422944879958;unknown;unknown;1;-1;-1;-1;-1;-1;-1
;ServiceLog;md;1422944881171;unknown;unknown;1;-1;-1;-1;-1;-1;-1
;ServiceLog;md;1422944882185;unknown;unknown;1;-1;-1;-1;-1;-1;-1
;ServiceLog;md;1422944883199;unknown;unknown;1;-1;-1;-1;-1;-1;-1
;ServiceLog;md;1422944884238;2G;EDGE;1;250;1;6110;41661;-1;0
;ServiceLog;md;1422944885328;2G;EDGE;1;250;1;6110;41661;-1;0
;ServiceLog;md;1422944886394;2G;EDGE;1;250;1;6110;41661;-1;0
;ServiceLog;md;1422944887409;2G;EDGE;1;250;1;6110;41661;-1;-99
;ServiceLog;md;1422944888428;2G;EDGE;1;250;1;6110;41661;-1;-99
;ServiceLog;md;1422944889449;2G;EDGE;1;250;1;6110;41661;-1;-99
;ServiceLog;md;1422944890464;2G;EDGE;1;250;1;6110;41661;-1;-99
;ServiceLog;md;1422944891478;2G;EDGE;1;250;1;6110;41661;-1;-99
;ServiceLog;md;1422944892494;2G;EDGE;1;250;1;6110;41661;-1;-99
;ServiceLog;md;1422944893509;2G;EDGE;1;250;1;6110;41661;-1;-99
;ServiceLog;md;1422944894522;2G;EDGE;1;250;1;6110;41661;-1;-99
;ServiceLog;md;1422944895535;2G;EDGE;1;250;1;6110;41661;-1;-99
;ServiceLog;md;1422944896555;2G;EDGE;1;250;1;6110;41661;-1;-97
;ServiceLog;md;1422944897569;2G;EDGE;1;250;1;6110;41661;-1;-97
;ServiceLog;md;1422944898599;2G;EDGE;1;250;1;6110;41661;-1;-97
;ServiceLog;md;1422944899614;2G;EDGE;1;250;1;6110;41661;-1;-97
;ServiceLog;md;1422944900734;2G;EDGE;1;250;1;6110;41661;-1;-97
;ServiceLog;md;1422944901750;2G;EDGE;1;250;1;6110;41661;-1;-97
;ServiceLog;md;1422944902787;2G;EDGE;1;250;1;6110;41661;-1;-97
;ServiceLog;md;1422944903827;2G;EDGE;1;250;1;6110;41661;-1;-97
;ServiceLog;md;1422944904872;2G;EDGE;1;250;1;6110;41661;-1;-97
;ServiceLog;md;1422944905903;2G;EDGE;1;250;1;6110;41661;-1;-97
;ServiceLog;md;1422944906918;2G;EDGE;1;250;1;6110;41661;-1;-97
;ServiceLog;md;1422944907953;2G;EDGE;1;250;1;6110;41661;-1;-95
;ServiceLog;md;1422944908981;2G;EDGE;1;250;1;6110;41661;-1;-95
;ServiceLog;md;1422944910008;2G;EDGE;1;250;1;6110;41661;-1;-95
;ServiceLog;md;1422944911024;2G;EDGE;1;250;1;6110;41661;-1;-95
;ServiceLog;md;1422944912042;2G;EDGE;1;250;1;6110;41661;-1;-95
;ServiceLog;md;1422944913078;2G;EDGE;1;250;1;6110;41661;-1;-95
;ServiceLog;md;1422944914113;2G;EDGE;1;250;1;6110;41661;-1;-95
;ServiceLog;md;1422944915155;2G;EDGE;1;250;1;6110;41661;-1;-95
;ServiceLog;md;1422944916189;2G;EDGE;1;250;1;6110;41661;-1;-95
;ServiceLog;md;1422944917222;2G;EDGE;1;250;1;6110;41661;-1;-95
;ServiceLog;md;1422944918256;2G;EDGE;1;250;1;6110;41661;-1;-95
;ServiceLog;md;1422944919290;2G;EDGE;1;250;1;6110;41661;-1;-95
;ServiceLog;md;1422944920324;2G;EDGE;1;250;1;6110;41661;-1;-95
;ServiceLog;md;1422944921363;2G;EDGE;1;250;1;6110;41661;-1;-95
;ServiceLog;md;1422944922381;2G;EDGE;1;250;1;6110;41661;-1;-95
;ServiceLog;md;1422944923414;2G;EDGE;1;250;1;6110;41661;-1;-95
;ServiceLog;md;1422944924448;2G;EDGE;1;250;1;6110;41661;-1;-95
;ServiceLog;md;1422944925482;2G;EDGE;1;250;1;6110;41661;-1;-95
;ServiceLog;md;1422944926516;2G;EDGE;1;250;1;6110;41661;-1;-95
;ServiceLog;md;1422944927555;2G;EDGE;1;250;1;6110;41661;-1;-95
;ServiceLog;md;1422944928592;2G;EDGE;1;250;1;6110;41661;-1;-95
;ServiceLog;md;1422944929626;2G;EDGE;1;250;1;6110;41661;-1;-95
;ServiceLog;md;1422944930663;2G;EDGE;1;250;1;6110;41661;-1;-95
;ServiceLog;md;1422944931696;2G;EDGE;1;250;1;6110;41661;-1;-95
;ServiceLog;md;1422944932735;2G;EDGE;1;250;1;6110;41661;-1;-95
;ServiceLog;md;1422944933772;2G;EDGE;1;250;1;6110;41661;-1;-95
;ServiceLog;md;1422944934812;2G;EDGE;1;250;1;6110;41661;-1;-95
;ServiceLog;md;1422944935848;2G;EDGE;1;250;1;6110;41661;-1;-95
;ServiceLog;md;1422944936872;2G;EDGE;1;250;1;6110;41661;-1;-95
;ServiceLog;md;1422944937910;2G;EDGE;1;250;1;6110;41661;-1;-95
;ServiceLog;md;1422944938944;2G;EDGE;1;250;1;6110;41661;-1;-95
;ServiceLog;md;1422944939977;2G;EDGE;1;250;1;6110;41661;-1;-95
;ServiceLog;md;1422944941032;2G;EDGE;1;250;1;6110;41661;-1;-95
;ServiceLog;md;1422944942074;2G;EDGE;1;250;1;6110;41661;-1;-95
;ServiceLog;md;1422944943091;2G;EDGE;1;250;1;6110;41661;-1;-95
;ServiceLog;md;1422944944126;2G;EDGE;1;250;1;6110;41661;-1;-95
;ServiceLog;md;1422944945169;2G;EDGE;1;250;1;6110;41661;-1;-95
;ServiceLog;md;1422944946209;2G;EDGE;1;250;1;6110;41661;-1;-95
;ServiceLog;md;1422944947243;unknown;unknown;1;-1;-1;-1;-1;-1;-1
;ServiceLog;md;1422944948261;unknown;unknown;1;-1;-1;-1;-1;-1;-1
;ServiceLog;md;1422944949310;unknown;unknown;1;-1;-1;-1;-1;-1;-1
;ServiceLog;md;1422944950352;unknown;unknown;1;-1;-1;-1;-1;-1;-1
;ServiceLog;md;1422944951394;unknown;unknown;1;-1;-1;-1;-1;-1;-1
;ServiceLog;md;1422944952455;unknown;unknown;1;-1;-1;-1;-1;-1;-1
;ServiceLog;md;1422944953473;unknown;unknown;1;-1;-1;-1;-1;-1;-1
;ServiceLog;md;1422944954518;unknown;unknown;1;-1;-1;-1;-1;-1;-1
;ServiceLog;md;1422944955590;unknown;unknown;1;-1;-1;-1;-1;-1;-1
;ServiceLog;md;1422944956630;unknown;unknown;1;-1;-1;-1;-1;-1;-1
;ServiceLog;md;1422944957660;unknown;unknown;1;-1;-1;-1;-1;-1;-1
;ServiceLog;md;1422944958692;unknown;unknown;1;-1;-1;-1;-1;-1;-1
;ServiceLog;md;1422944959722;unknown;unknown;1;-1;-1;-1;-1;-1;-1
;ServiceLog;md;1422944960766;unknown;unknown;1;-1;-1;-1;-1;-1;-1
;ServiceLog;md;1422944961799;unknown;unknown;1;-1;-1;-1;-1;-1;-1
;ServiceLog;md;1422944962831;unknown;unknown;1;-1;-1;-1;-1;-1;-1
;ServiceLog;md;1422944963866;unknown;unknown;1;-1;-1;-1;-1;-1;-1
;ServiceLog;md;1422944964931;unknown;unknown;1;-1;-1;-1;-1;-1;-1
;ServiceLog;md;1422944965973;unknown;unknown;1;-1;-1;-1;-1;-1;-1
;ServiceLog;md;1422944967041;unknown;unknown;1;-1;-1;-1;-1;-1;-1
;ServiceLog;md;1422944968080;unknown;unknown;1;-1;-1;-1;-1;-1;-1
;ServiceLog;md;1422944969170;unknown;unknown;1;-1;-1;-1;-1;-1;-1
;ServiceLog;md;1422944970212;unknown;unknown;1;-1;-1;-1;-1;-1;-1
;ServiceLog;md;1422944971254;unknown;unknown;1;-1;-1;-1;-1;-1;-1
;ServiceLog;md;1422944972293;unknown;unknown;1;-1;-1;-1;-1;-1;-1
;ServiceLog;md;1422944973330;unknown;unknown;1;-1;-1;-1;-1;-1;-1
;ServiceLog;md;1422944974366;unknown;unknown;1;-1;-1;-1;-1;-1;-1
;ServiceLog;md;1422944975398;unknown;unknown;1;-1;-1;-1;-1;-1;-1
;ServiceLog;md;1422944976428;unknown;unknown;1;-1;-1;-1;-1;-1;-1
;ServiceLog;md;1422944977459;unknown;unknown;1;-1;-1;-1;-1;-1;-1
;ServiceLog;md;1422944978475;unknown;unknown;1;-1;-1;-1;-1;-1;-1
;ServiceLog;md;1422944979491;unknown;unknown;1;-1;-1;-1;-1;-1;-1
;ServiceLog;md;1422944980507;unknown;unknown;1;-1;-1;-1;-1;-1;-1
;ServiceLog;md;1422944981526;unknown;unknown;1;-1;-1;-1;-1;-1;-1
;ServiceLog;md;1422944982592;unknown;unknown;1;-1;-1;-1;-1;-1;-1
;ServiceLog;md;1422944983647;unknown;unknown;1;-1;-1;-1;-1;-1;-1
;ServiceLog;md;1422944984662;unknown;unknown;1;-1;-1;-1;-1;-1;-1
;ServiceLog;md;1422944985680;unknown;unknown;1;-1;-1;-1;-1;-1;-1
;ServiceLog;md;1422944986734;unknown;unknown;1;-1;-1;-1;-1;-1;-1
;ServiceLog;md;1422944987783;unknown;unknown;1;-1;-1;-1;-1;-1;-1
;ServiceLog;md;1422944988800;unknown;unknown;1;-1;-1;-1;-1;-1;-1
;ServiceLog;md;1422944989829;unknown;unknown;1;-1;-1;-1;-1;-1;-1
;ServiceLog;md;1422944990856;unknown;unknown;1;-1;-1;-1;-1;-1;-1
;ServiceLog;md;1422944991898;unknown;unknown;1;-1;-1;-1;-1;-1;-1
;ServiceLog;md;1422944992921;unknown;unknown;1;-1;-1;-1;-1;-1;-1
;ServiceLog;md;1422944994510;unknown;unknown;1;-1;-1;-1;-1;-1;-1
;ServiceLog;md;1422944995522;unknown;unknown;1;-1;-1;-1;-1;-1;-1
;ServiceLog;md;1422944996535;unknown;unknown;1;-1;-1;-1;-1;-1;-1
;ServiceLog;md;1422944997548;unknown;unknown;1;-1;-1;-1;-1;-1;-1
;ServiceLog;md;1422944998570;unknown;unknown;1;-1;-1;-1;-1;-1;-1
;ServiceLog;md;1422944999585;unknown;unknown;1;-1;-1;-1;-1;-1;-1
;ServiceLog;md;1422945000649;unknown;unknown;1;-1;-1;-1;-1;-1;-1
;ServiceLog;md;1422945001723;unknown;unknown;1;-1;-1;-1;-1;-1;-1
;ServiceLog;md;1422945002739;unknown;unknown;1;-1;-1;-1;-1;-1;-1
;ServiceLog;md;1422945003783;unknown;unknown;1;-1;-1;-1;-1;-1;-1
;ServiceLog;md;1422945004811;unknown;unknown;1;-1;-1;-1;-1;-1;-1
;ServiceLog;md;1422945005824;unknown;unknown;1;-1;-1;-1;-1;-1;-1
;ServiceLog;md;1422945006838;unknown;unknown;1;-1;-1;-1;-1;-1;-1
;ServiceLog;md;1422945007885;unknown;unknown;1;-1;-1;-1;-1;-1;-1
;ServiceLog;md;1422945008966;unknown;unknown;1;-1;-1;-1;-1;-1;-1
;ServiceLog;md;1422945010008;unknown;unknown;1;-1;-1;-1;-1;-1;-1
;ServiceLog;md;1422945011023;unknown;unknown;1;-1;-1;-1;-1;-1;-1
;ServiceLog;md;1422945012063;unknown;unknown;1;-1;-1;-1;-1;-1;-1
;ServiceLog;md;1422945013113;unknown;unknown;1;-1;-1;-1;-1;-1;-1
;ServiceLog;md;1422945014173;unknown;unknown;1;-1;-1;-1;-1;-1;-1
;ServiceLog;md;1422945015212;unknown;unknown;1;-1;-1;-1;-1;-1;-1
;ServiceLog;md;1422945016225;unknown;unknown;1;-1;-1;-1;-1;-1;-1
;ServiceLog;md;1422945017240;unknown;unknown;1;-1;-1;-1;-1;-1;-1
;ServiceLog;md;1422945018258;unknown;unknown;1;-1;-1;-1;-1;-1;-1
;ServiceLog;md;1422945019273;unknown;unknown;1;-1;-1;-1;-1;-1;-1
;ServiceLog;md;1422945020311;unknown;unknown;1;-1;-1;-1;-1;-1;-1
;ServiceLog;md;1422945021327;unknown;unknown;1;-1;-1;-1;-1;-1;-1
;ServiceLog;md;1422945022379;unknown;unknown;1;-1;-1;-1;-1;-1;-1
;ServiceLog;md;1422945023409;unknown;unknown;1;-1;-1;-1;-1;-1;-1
;ServiceLog;md;1422945024429;unknown;unknown;1;-1;-1;-1;-1;-1;-1
;ServiceLog;md;1422945025463;unknown;unknown;1;-1;-1;-1;-1;-1;-1
;ServiceLog;md;1422945026479;unknown;unknown;1;-1;-1;-1;-1;-1;-1
;ServiceLog;md;1422945027495;unknown;unknown;1;-1;-1;-1;-1;-1;-1
;ServiceLog;md;1422945028562;unknown;unknown;1;-1;-1;-1;-1;-1;-1
;ServiceLog;md;1422945029591;unknown;unknown;1;-1;-1;-1;-1;-1;-1
;ServiceLog;md;1422945030604;unknown;unknown;1;-1;-1;-1;-1;-1;-1
;ServiceLog;md;1422945031616;unknown;unknown;1;-1;-1;-1;-1;-1;-1
;ServiceLog;md;1422945032632;unknown;unknown;1;-1;-1;-1;-1;-1;-1
;ServiceLog;md;1422945033650;unknown;unknown;1;-1;-1;-1;-1;-1;-1
;ServiceLog;md;1422945034669;unknown;unknown;1;-1;-1;-1;-1;-1;-1
;ServiceLog;md;1422945035705;unknown;unknown;1;-1;-1;-1;-1;-1;-1
;ServiceLog;md;1422945036738;unknown;unknown;1;-1;-1;-1;-1;-1;-1
;ServiceLog;md;1422945037774;unknown;unknown;1;-1;-1;-1;-1;-1;-1
;ServiceLog;md;1422945038808;unknown;unknown;1;-1;-1;-1;-1;-1;-1
;ServiceLog;md;1422945039850;unknown;unknown;1;-1;-1;-1;-1;-1;-1
;ServiceLog;md;1422945040889;unknown;unknown;1;-1;-1;-1;-1;-1;-1
;ServiceLog;md;1422945041904;unknown;unknown;1;-1;-1;-1;-1;-1;-1
;ServiceLog;md;1422945042963;unknown;unknown;1;-1;-1;-1;-1;-1;-1
;ServiceLog;md;1422945044010;unknown;unknown;1;-1;-1;-1;-1;-1;-1
;ServiceLog;md;1422945045042;unknown;unknown;1;-1;-1;-1;-1;-1;-1
;ServiceLog;md;1422945046079;unknown;unknown;1;-1;-1;-1;-1;-1;-1
;ServiceLog;md;1422945047121;unknown;unknown;1;-1;-1;-1;-1;-1;-1
;ServiceLog;md;1422945048203;unknown;unknown;1;-1;-1;-1;-1;-1;-1
;ServiceLog;md;1422945049243;unknown;unknown;1;-1;-1;-1;-1;-1;-1
;ServiceLog;md;1422945050279;unknown;unknown;1;-1;-1;-1;-1;-1;-1
;ServiceLog;md;1422945051318;unknown;unknown;1;-1;-1;-1;-1;-1;-1
;ServiceLog;md;1422945052359;unknown;unknown;1;-1;-1;-1;-1;-1;-1
;ServiceLog;md;1422945053399;unknown;unknown;1;-1;-1;-1;-1;-1;-1
;ServiceLog;md;1422945054413;unknown;unknown;1;-1;-1;-1;-1;-1;-1
;ServiceLog;md;1422945055446;unknown;unknown;1;-1;-1;-1;-1;-1;-1
;ServiceLog;md;1422945056480;unknown;unknown;1;-1;-1;-1;-1;-1;-1
;ServiceLog;md;1422945057492;unknown;unknown;1;-1;-1;-1;-1;-1;-1
;ServiceLog;md;1422945058505;unknown;unknown;1;-1;-1;-1;-1;-1;-1
;ServiceLog;md;1422945059524;unknown;unknown;1;-1;-1;-1;-1;-1;-1
;ServiceLog;md;1422945060537;unknown;unknown;1;-1;-1;-1;-1;-1;-1
;ServiceLog;md;1422945061550;unknown;unknown;1;-1;-1;-1;-1;-1;-1
;ServiceLog;md;1422945062564;unknown;unknown;1;-1;-1;-1;-1;-1;-1
;ServiceLog;md;1422945063577;unknown;unknown;1;-1;-1;-1;-1;-1;-1
;ServiceLog;md;1422945064591;unknown;unknown;1;-1;-1;-1;-1;-1;-1
;ServiceLog;md;1422945065621;unknown;unknown;1;-1;-1;-1;-1;-1;-1
;ServiceLog;md;1422945066651;unknown;unknown;1;-1;-1;-1;-1;-1;-1
;ServiceLog;md;1422945067681;unknown;unknown;1;-1;-1;-1;-1;-1;-1
;ServiceLog;md;1422945068696;unknown;unknown;1;-1;-1;-1;-1;-1;-1
;ServiceLog;md;1422945069728;unknown;unknown;1;-1;-1;-1;-1;-1;-1
;ServiceLog;md;1422945070758;unknown;unknown;1;-1;-1;-1;-1;-1;-1
;ServiceLog;md;1422945071787;unknown;unknown;1;-1;-1;-1;-1;-1;-1
;ServiceLog;md;1422945072815;unknown;unknown;1;-1;-1;-1;-1;-1;-1
;ServiceLog;md;1422945073828;unknown;unknown;1;-1;-1;-1;-1;-1;-1
;ServiceLog;md;1422945074867;unknown;unknown;1;-1;-1;-1;-1;-1;-1
;ServiceLog;md;1422945075900;unknown;unknown;1;-1;-1;-1;-1;-1;-1
;ServiceLog;md;1422945076931;unknown;unknown;1;-1;-1;-1;-1;-1;-1
;ServiceLog;md;1422945077947;unknown;unknown;1;-1;-1;-1;-1;-1;-1
;ServiceLog;md;1422945079032;unknown;unknown;1;-1;-1;-1;-1;-1;-1
;ServiceLog;md;1422945080073;unknown;unknown;1;-1;-1;-1;-1;-1;-1
;ServiceLog;md;1422945081087;unknown;unknown;1;-1;-1;-1;-1;-1;-1
;ServiceLog;md;1422945082119;unknown;unknown;1;-1;-1;-1;-1;-1;-1
;ServiceLog;md;1422945083135;unknown;unknown;1;-1;-1;-1;-1;-1;-1
;ServiceLog;md;1422945084164;unknown;unknown;1;-1;-1;-1;-1;-1;-1
;ServiceLog;md;1422945085204;unknown;unknown;1;-1;-1;-1;-1;-1;-1
;ServiceLog;md;1422945086235;unknown;unknown;1;-1;-1;-1;-1;-1;-1
;ServiceLog;md;1422945087265;unknown;unknown;1;-1;-1;-1;-1;-1;-1
;ServiceLog;md;1422945088300;unknown;unknown;1;-1;-1;-1;-1;-1;-1
;ServiceLog;md;1422945089334;unknown;unknown;1;-1;-1;-1;-1;-1;-1
;ServiceLog;md;1422945090368;unknown;unknown;1;-1;-1;-1;-1;-1;-1
;ServiceLog;md;1422945091398;unknown;unknown;1;-1;-1;-1;-1;-1;-1
;ServiceLog;md;1422945092427;unknown;unknown;1;-1;-1;-1;-1;-1;-1
;ServiceLog;md;1422945093440;unknown;unknown;1;-1;-1;-1;-1;-1;-1
;ServiceLog;md;1422945094471;unknown;unknown;1;-1;-1;-1;-1;-1;-1
;ServiceLog;md;1422945095505;unknown;unknown;1;-1;-1;-1;-1;-1;-1
;ServiceLog;md;1422945096535;unknown;unknown;1;-1;-1;-1;-1;-1;-1
;ServiceLog;md;1422945097564;unknown;unknown;1;-1;-1;-1;-1;-1;-1
;ServiceLog;md;1422945098622;unknown;unknown;1;-1;-1;-1;-1;-1;-1
;ServiceLog;md;1422945099652;unknown;unknown;1;-1;-1;-1;-1;-1;-1
;ServiceLog;md;1422945100683;unknown;unknown;1;-1;-1;-1;-1;-1;-1
;ServiceLog;md;1422945101712;unknown;unknown;1;-1;-1;-1;-1;-1;-1
;ServiceLog;md;1422945102744;unknown;unknown;1;-1;-1;-1;-1;-1;-1
;ServiceLog;md;1422945103791;unknown;unknown;1;-1;-1;-1;-1;-1;-1
;ServiceLog;md;1422945104835;unknown;unknown;1;-1;-1;-1;-1;-1;-1
;ServiceLog;md;1422945105873;unknown;unknown;1;-1;-1;-1;-1;-1;-1
;ServiceLog;md;1422945106987;unknown;unknown;1;-1;-1;-1;-1;-1;-1
;ServiceLog;md;1422945108055;unknown;unknown;1;-1;-1;-1;-1;-1;-1
;ServiceLog;md;1422945109082;unknown;unknown;1;-1;-1;-1;-1;-1;-1
;ServiceLog;md;1422945110125;unknown;unknown;1;-1;-1;-1;-1;-1;-1
;ServiceLog;md;1422945111161;unknown;unknown;1;-1;-1;-1;-1;-1;-1
;ServiceLog;md;1422945112194;unknown;unknown;1;-1;-1;-1;-1;-1;-1
;ServiceLog;md;1422945113222;unknown;unknown;1;-1;-1;-1;-1;-1;-1
;ServiceLog;md;1422945114236;unknown;unknown;1;-1;-1;-1;-1;-1;-1
;ServiceLog;md;1422945115266;unknown;unknown;1;-1;-1;-1;-1;-1;-1
;ServiceLog;md;1422945116296;unknown;unknown;1;-1;-1;-1;-1;-1;-1
;ServiceLog;md;1422945117330;unknown;unknown;1;-1;-1;-1;-1;-1;-1
;ServiceLog;md;1422945118362;unknown;unknown;1;-1;-1;-1;-1;-1;-1
;ServiceLog;md;1422945119392;unknown;unknown;1;-1;-1;-1;-1;-1;-1
;ServiceLog;md;1422945120423;unknown;unknown;1;-1;-1;-1;-1;-1;-1
;ServiceLog;md;1422945121454;unknown;unknown;1;-1;-1;-1;-1;-1;-1
;ServiceLog;md;1422945122485;unknown;unknown;1;-1;-1;-1;-1;-1;-1
;ServiceLog;md;1422945123523;unknown;unknown;1;-1;-1;-1;-1;-1;-1
;ServiceLog;md;1422945124535;unknown;unknown;1;-1;-1;-1;-1;-1;-1
;ServiceLog;md;1422945125551;unknown;unknown;1;-1;-1;-1;-1;-1;-1
;ServiceLog;md;1422945126583;unknown;unknown;1;-1;-1;-1;-1;-1;-1
;ServiceLog;md;1422945127621;unknown;unknown;1;-1;-1;-1;-1;-1;-1
;ServiceLog;md;1422945128659;unknown;unknown;1;-1;-1;-1;-1;-1;-1
;ServiceLog;md;1422945129674;unknown;unknown;1;-1;-1;-1;-1;-1;-1
;ServiceLog;md;1422945130746;unknown;unknown;1;-1;-1;-1;-1;-1;-1
;ServiceLog;md;1422945131795;unknown;unknown;1;-1;-1;-1;-1;-1;-1
;ServiceLog;md;1422945132827;unknown;unknown;1;-1;-1;-1;-1;-1;-1
;ServiceLog;md;1422945133868;unknown;unknown;1;-1;-1;-1;-1;-1;-1
;ServiceLog;md;1422945134916;unknown;unknown;1;-1;-1;-1;-1;-1;-1
;ServiceLog;md;1422945135971;unknown;unknown;1;-1;-1;-1;-1;-1;-1
;ServiceLog;md;1422945137009;unknown;unknown;1;-1;-1;-1;-1;-1;-1
;ServiceLog;md;1422945138034;unknown;unknown;1;-1;-1;-1;-1;-1;-1
;ServiceLog;md;1422945139078;unknown;unknown;1;-1;-1;-1;-1;-1;-1
;ServiceLog;md;1422945140095;unknown;unknown;1;-1;-1;-1;-1;-1;-1
;ServiceLog;md;1422945141133;unknown;unknown;1;-1;-1;-1;-1;-1;-1
;ServiceLog;md;1422945142188;unknown;unknown;1;-1;-1;-1;-1;-1;-1
;ServiceLog;md;1422945143230;unknown;unknown;1;-1;-1;-1;-1;-1;-1
;ServiceLog;md;1422945144269;unknown;unknown;1;-1;-1;-1;-1;-1;-1
;ServiceLog;md;1422945145283;unknown;unknown;1;-1;-1;-1;-1;-1;-1
;ServiceLog;md;1422945146319;unknown;unknown;1;-1;-1;-1;-1;-1;-1
;ServiceLog;md;1422945147359;unknown;unknown;1;-1;-1;-1;-1;-1;-1
;ServiceLog;md;1422945148406;unknown;unknown;1;-1;-1;-1;-1;-1;-1
;ServiceLog;md;1422945149439;unknown;unknown;1;-1;-1;-1;-1;-1;-1
;ServiceLog;md;1422945150454;unknown;unknown;1;-1;-1;-1;-1;-1;-1
;ServiceLog;md;1422945151507;unknown;unknown;1;-1;-1;-1;-1;-1;-1
;ServiceLog;md;1422945152563;unknown;unknown;1;-1;-1;-1;-1;-1;-1
;ServiceLog;md;1422945153631;unknown;unknown;1;-1;-1;-1;-1;-1;-1
;ServiceLog;md;1422945154679;unknown;unknown;1;-1;-1;-1;-1;-1;-1
;ServiceLog;md;1422945155722;unknown;unknown;1;-1;-1;-1;-1;-1;-1
;ServiceLog;md;1422945156757;unknown;unknown;1;-1;-1;-1;-1;-1;-1
;ServiceLog;md;1422945157791;unknown;unknown;1;-1;-1;-1;-1;-1;-1
;ServiceLog;md;1422945158805;unknown;unknown;1;-1;-1;-1;-1;-1;-1
;ServiceLog;md;1422945159819;unknown;unknown;1;-1;-1;-1;-1;-1;-1
;ServiceLog;md;1422945160838;unknown;unknown;1;-1;-1;-1;-1;-1;-1
;ServiceLog;md;1422945161853;unknown;unknown;1;-1;-1;-1;-1;-1;-1
;ServiceLog;md;1422945162888;unknown;unknown;1;-1;-1;-1;-1;-1;-1
;ServiceLog;md;1422945163965;unknown;unknown;1;-1;-1;-1;-1;-1;-1
;ServiceLog;md;1422945165024;unknown;unknown;1;-1;-1;-1;-1;-1;-1
;ServiceLog;md;1422945166078;unknown;unknown;1;-1;-1;-1;-1;-1;-1
;ServiceLog;md;1422945167123;unknown;unknown;1;-1;-1;-1;-1;-1;-1
;ServiceLog;md;1422945168171;unknown;unknown;1;-1;-1;-1;-1;-1;-1
;ServiceLog;md;1422945169234;unknown;unknown;1;-1;-1;-1;-1;-1;-1
;ServiceLog;md;1422945170265;unknown;unknown;1;-1;-1;-1;-1;-1;-1
;ServiceLog;md;1422945171299;unknown;unknown;1;-1;-1;-1;-1;-1;-1
;ServiceLog;md;1422945172314;unknown;unknown;1;-1;-1;-1;-1;-1;-1
;ServiceLog;md;1422945173329;unknown;unknown;1;-1;-1;-1;-1;-1;-1
;ServiceLog;md;1422945174369;unknown;unknown;1;-1;-1;-1;-1;-1;-1
;ServiceLog;md;1422945175382;unknown;unknown;1;-1;-1;-1;-1;-1;-1
;ServiceLog;md;1422945176394;unknown;unknown;1;-1;-1;-1;-1;-1;-1
;ServiceLog;md;1422945177411;unknown;unknown;1;-1;-1;-1;-1;-1;-1
;ServiceLog;md;1422945178424;unknown;unknown;1;-1;-1;-1;-1;-1;-1
;ServiceLog;md;1422945179439;unknown;unknown;1;-1;-1;-1;-1;-1;-1
;ServiceLog;md;1422945180468;unknown;unknown;1;-1;-1;-1;-1;-1;-1
;ServiceLog;md;1422945181486;unknown;unknown;1;-1;-1;-1;-1;-1;-1
;ServiceLog;md;1422945182525;unknown;unknown;1;-1;-1;-1;-1;-1;-1
;ServiceLog;md;1422945183552;unknown;unknown;1;-1;-1;-1;-1;-1;-1
;ServiceLog;md;1422945184584;unknown;unknown;1;-1;-1;-1;-1;-1;-1
;ServiceLog;md;1422945185618;unknown;unknown;1;-1;-1;-1;-1;-1;-1
;ServiceLog;md;1422945186653;unknown;unknown;1;-1;-1;-1;-1;-1;-1
;ServiceLog;md;1422945187687;unknown;unknown;1;-1;-1;-1;-1;-1;-1
;ServiceLog;md;1422945188721;unknown;unknown;1;-1;-1;-1;-1;-1;-1
;ServiceLog;md;1422945189740;unknown;unknown;1;-1;-1;-1;-1;-1;-1
;ServiceLog;md;1422945190759;unknown;unknown;1;-1;-1;-1;-1;-1;-1
;ServiceLog;md;1422945191792;unknown;unknown;1;-1;-1;-1;-1;-1;-1
;ServiceLog;md;1422945192814;unknown;unknown;1;-1;-1;-1;-1;-1;-1
;ServiceLog;md;1422945193845;unknown;unknown;1;-1;-1;-1;-1;-1;-1
;ServiceLog;md;1422945194877;unknown;unknown;1;-1;-1;-1;-1;-1;-1
;ServiceLog;md;1422945195994;unknown;unknown;1;-1;-1;-1;-1;-1;-1
;ServiceLog;md;1422945197040;unknown;unknown;1;-1;-1;-1;-1;-1;-1
;ServiceLog;md;1422945198298;unknown;unknown;1;-1;-1;-1;-1;-1;-1
;ServiceLog;md;1422945199380;unknown;unknown;1;-1;-1;-1;-1;-1;-1
;ServiceLog;md;1422945200418;unknown;unknown;1;-1;-1;-1;-1;-1;-1
;ServiceLog;md;1422945201440;unknown;unknown;1;-1;-1;-1;-1;-1;-1
;ServiceLog;md;1422945202477;unknown;unknown;1;-1;-1;-1;-1;-1;-1
;ServiceLog;md;1422945203496;unknown;unknown;1;-1;-1;-1;-1;-1;-1
;ServiceLog;md;1422945204516;unknown;unknown;1;-1;-1;-1;-1;-1;-1
;ServiceLog;md;1422945205548;unknown;unknown;1;-1;-1;-1;-1;-1;-1
;ServiceLog;md;1422945206575;unknown;unknown;1;-1;-1;-1;-1;-1;-1
;ServiceLog;md;1422945207595;unknown;unknown;1;-1;-1;-1;-1;-1;-1
;ServiceLog;md;1422945208616;unknown;unknown;1;-1;-1;-1;-1;-1;-1
;ServiceLog;md;1422945209631;unknown;unknown;1;-1;-1;-1;-1;-1;-1
;ServiceLog;md;1422945210647;unknown;unknown;1;-1;-1;-1;-1;-1;-1
;ServiceLog;md;1422945211675;unknown;unknown;1;-1;-1;-1;-1;-1;-1
;ServiceLog;md;1422945212701;unknown;unknown;1;-1;-1;-1;-1;-1;-1
;ServiceLog;md;1422945213724;unknown;unknown;1;-1;-1;-1;-1;-1;-1
;ServiceLog;md;1422945214768;unknown;unknown;1;-1;-1;-1;-1;-1;-1
;ServiceLog;md;1422945215795;unknown;unknown;1;-1;-1;-1;-1;-1;-1
;ServiceLog;md;1422945216810;unknown;unknown;1;-1;-1;-1;-1;-1;-1
;ServiceLog;md;1422945217824;unknown;unknown;1;-1;-1;-1;-1;-1;-1
;ServiceLog;md;1422945218843;unknown;unknown;1;-1;-1;-1;-1;-1;-1
;ServiceLog;md;1422945219881;unknown;unknown;1;-1;-1;-1;-1;-1;-1
;ServiceLog;md;1422945220916;unknown;unknown;1;-1;-1;-1;-1;-1;-1
;ServiceLog;md;1422945221955;unknown;unknown;1;-1;-1;-1;-1;-1;-1
;ServiceLog;md;1422945222991;unknown;unknown;1;-1;-1;-1;-1;-1;-1
;ServiceLog;md;1422945224019;unknown;unknown;1;-1;-1;-1;-1;-1;-1
;ServiceLog;md;1422945225049;unknown;unknown;1;-1;-1;-1;-1;-1;-1
;ServiceLog;md;1422945226081;unknown;unknown;1;-1;-1;-1;-1;-1;-1
;ServiceLog;md;1422945227158;unknown;unknown;1;-1;-1;-1;-1;-1;-1
;ServiceLog;md;1422945228197;unknown;unknown;1;-1;-1;-1;-1;-1;-1
;ServiceLog;md;1422945229239;unknown;unknown;1;-1;-1;-1;-1;-1;-1
;ServiceLog;md;1422945230280;unknown;unknown;1;-1;-1;-1;-1;-1;-1
;ServiceLog;md;1422945231345;unknown;unknown;1;-1;-1;-1;-1;-1;-1
;ServiceLog;md;1422945232366;unknown;unknown;1;-1;-1;-1;-1;-1;-1
;ServiceLog;md;1422945233382;unknown;unknown;1;-1;-1;-1;-1;-1;-1
;ServiceLog;md;1422945234416;unknown;unknown;1;-1;-1;-1;-1;-1;-1
;ServiceLog;md;1422945235442;unknown;unknown;1;-1;-1;-1;-1;-1;-1
;ServiceLog;md;1422945236458;unknown;unknown;1;-1;-1;-1;-1;-1;-1
;ServiceLog;md;1422945237484;unknown;unknown;1;-1;-1;-1;-1;-1;-1
;ServiceLog;md;1422945238520;unknown;unknown;1;-1;-1;-1;-1;-1;-1
;ServiceLog;md;1422945239535;unknown;unknown;1;-1;-1;-1;-1;-1;-1
;ServiceLog;md;1422945240551;unknown;unknown;1;-1;-1;-1;-1;-1;-1
;ServiceLog;md;1422945241566;unknown;unknown;1;-1;-1;-1;-1;-1;-1
;ServiceLog;md;1422945242585;unknown;unknown;1;-1;-1;-1;-1;-1;-1
;ServiceLog;md;1422945243619;unknown;unknown;1;-1;-1;-1;-1;-1;-1
;ServiceLog;md;1422945244665;unknown;unknown;1;-1;-1;-1;-1;-1;-1
;ServiceLog;md;1422945245697;unknown;unknown;1;-1;-1;-1;-1;-1;-1
;ServiceLog;md;1422945246742;unknown;unknown;1;-1;-1;-1;-1;-1;-1
;ServiceLog;md;1422945247761;unknown;unknown;1;-1;-1;-1;-1;-1;-1
;ServiceLog;md;1422945248806;unknown;unknown;1;-1;-1;-1;-1;-1;-1
;ServiceLog;md;1422945249825;unknown;unknown;1;-1;-1;-1;-1;-1;-1
;ServiceLog;md;1422945250843;unknown;unknown;1;-1;-1;-1;-1;-1;-1
;ServiceLog;md;1422945251875;unknown;unknown;1;-1;-1;-1;-1;-1;-1
;ServiceLog;md;1422945252920;unknown;unknown;1;-1;-1;-1;-1;-1;-1
;ServiceLog;md;1422945253950;unknown;unknown;1;-1;-1;-1;-1;-1;-1
;ServiceLog;md;1422945254966;unknown;unknown;1;-1;-1;-1;-1;-1;-1
;ServiceLog;md;1422945256004;unknown;unknown;1;-1;-1;-1;-1;-1;-1
;ServiceLog;md;1422945257044;unknown;unknown;1;-1;-1;-1;-1;-1;-1
;ServiceLog;md;1422945258087;unknown;unknown;1;-1;-1;-1;-1;-1;-1
;ServiceLog;md;1422945259133;unknown;unknown;1;-1;-1;-1;-1;-1;-1
;ServiceLog;md;1422945260164;unknown;unknown;1;-1;-1;-1;-1;-1;-1
;ServiceLog;md;1422945261197;unknown;unknown;1;-1;-1;-1;-1;-1;-1
;ServiceLog;md;1422945262228;unknown;unknown;1;-1;-1;-1;-1;-1;-1
;ServiceLog;md;1422945263260;unknown;unknown;1;-1;-1;-1;-1;-1;-1
;ServiceLog;md;1422945264291;unknown;unknown;1;-1;-1;-1;-1;-1;-1
;ServiceLog;md;1422945265325;unknown;unknown;1;-1;-1;-1;-1;-1;-1
;ServiceLog;md;1422945266360;unknown;unknown;1;-1;-1;-1;-1;-1;-1
;ServiceLog;md;1422945267391;unknown;unknown;1;-1;-1;-1;-1;-1;-1
;ServiceLog;md;1422945268452;unknown;unknown;1;-1;-1;-1;-1;-1;-1
;ServiceLog;md;1422945269476;unknown;unknown;1;-1;-1;-1;-1;-1;-1
;ServiceLog;md;1422945270557;unknown;unknown;1;-1;-1;-1;-1;-1;-1
;ServiceLog;md;1422945271587;unknown;unknown;1;-1;-1;-1;-1;-1;-1
;ServiceLog;md;1422945272653;unknown;unknown;1;-1;-1;-1;-1;-1;-1
;ServiceLog;md;1422945273666;unknown;unknown;1;-1;-1;-1;-1;-1;-1
;ServiceLog;md;1422945274681;unknown;unknown;1;-1;-1;-1;-1;-1;-1
;ServiceLog;md;1422945275698;unknown;unknown;1;-1;-1;-1;-1;-1;-1
;ServiceLog;md;1422945276711;unknown;unknown;1;-1;-1;-1;-1;-1;-1
;ServiceLog;md;1422945277723;unknown;unknown;1;-1;-1;-1;-1;-1;-1
;ServiceLog;md;1422945278735;unknown;unknown;1;-1;-1;-1;-1;-1;-1
;ServiceLog;md;1422945279749;unknown;unknown;1;-1;-1;-1;-1;-1;-1
;ServiceLog;md;1422945280766;unknown;unknown;1;-1;-1;-1;-1;-1;-1
;ServiceLog;md;1422945281808;unknown;unknown;1;-1;-1;-1;-1;-1;-1
;ServiceLog;md;1422945282851;unknown;unknown;1;-1;-1;-1;-1;-1;-1
;ServiceLog;md;1422945283901;unknown;unknown;1;-1;-1;-1;-1;-1;-1
;ServiceLog;md;1422945284977;unknown;unknown;1;-1;-1;-1;-1;-1;-1
;ServiceLog;md;1422945286026;unknown;unknown;1;-1;-1;-1;-1;-1;-1
;ServiceLog;md;1422945287087;unknown;unknown;1;-1;-1;-1;-1;-1;-1
;ServiceLog;md;1422945288123;unknown;unknown;1;-1;-1;-1;-1;-1;-1
;ServiceLog;md;1422945289154;unknown;unknown;1;-1;-1;-1;-1;-1;-1
;ServiceLog;md;1422945290213;unknown;unknown;1;-1;-1;-1;-1;-1;-1
;ServiceLog;md;1422945291229;unknown;unknown;1;-1;-1;-1;-1;-1;-1
;ServiceLog;md;1422945292268;unknown;unknown;1;-1;-1;-1;-1;-1;-1
;ServiceLog;md;1422945293298;unknown;unknown;1;-1;-1;-1;-1;-1;-1
;ServiceLog;md;1422945294328;unknown;unknown;1;-1;-1;-1;-1;-1;-1
;ServiceLog;md;1422945295357;unknown;unknown;1;-1;-1;-1;-1;-1;-1
;ServiceLog;md;1422945296375;unknown;unknown;1;-1;-1;-1;-1;-1;-1
;ServiceLog;md;1422945297419;unknown;unknown;1;-1;-1;-1;-1;-1;-1
;ServiceLog;md;1422945298509;unknown;unknown;1;-1;-1;-1;-1;-1;-1
;ServiceLog;md;1422945299570;unknown;unknown;1;-1;-1;-1;-1;-1;-1
;ServiceLog;md;1422945300631;unknown;unknown;1;-1;-1;-1;-1;-1;-1
;ServiceLog;md;1422945301699;unknown;unknown;1;-1;-1;-1;-1;-1;-1
;ServiceLog;md;1422945302750;unknown;unknown;1;-1;-1;-1;-1;-1;-1
;ServiceLog;md;1422945303798;unknown;unknown;1;-1;-1;-1;-1;-1;-1
;ServiceLog;md;1422945304842;unknown;unknown;1;-1;-1;-1;-1;-1;-1
;ServiceLog;md;1422945305925;unknown;unknown;1;-1;-1;-1;-1;-1;-1
;ServiceLog;md;1422945306957;unknown;unknown;1;-1;-1;-1;-1;-1;-1
;ServiceLog;md;1422945308026;unknown;unknown;1;-1;-1;-1;-1;-1;-1
;ServiceLog;md;1422945309066;unknown;unknown;1;-1;-1;-1;-1;-1;-1
;ServiceLog;md;1422945310115;unknown;unknown;1;-1;-1;-1;-1;-1;-1
;ServiceLog;md;1422945311151;unknown;unknown;1;-1;-1;-1;-1;-1;-1
;ServiceLog;md;1422945312166;unknown;unknown;1;-1;-1;-1;-1;-1;-1
;ServiceLog;md;1422945313229;unknown;unknown;1;-1;-1;-1;-1;-1;-1
;ServiceLog;md;1422945314271;unknown;unknown;1;-1;-1;-1;-1;-1;-1
;ServiceLog;md;1422945315313;unknown;unknown;1;-1;-1;-1;-1;-1;-1
;ServiceLog;md;1422945316356;unknown;unknown;1;-1;-1;-1;-1;-1;-1
;ServiceLog;md;1422945317395;unknown;unknown;1;-1;-1;-1;-1;-1;-1
;ServiceLog;md;1422945318411;unknown;unknown;1;-1;-1;-1;-1;-1;-1
;ServiceLog;md;1422945319454;unknown;unknown;1;-1;-1;-1;-1;-1;-1
;ServiceLog;md;1422945320484;unknown;unknown;1;-1;-1;-1;-1;-1;-1
;ServiceLog;md;1422945321515;unknown;unknown;1;-1;-1;-1;-1;-1;-1
;ServiceLog;md;1422945322598;unknown;unknown;1;-1;-1;-1;-1;-1;-1
;ServiceLog;md;1422945323652;unknown;unknown;1;-1;-1;-1;-1;-1;-1
;ServiceLog;md;1422945324684;unknown;unknown;1;-1;-1;-1;-1;-1;-1
;ServiceLog;md;1422945325727;unknown;unknown;1;-1;-1;-1;-1;-1;-1
;ServiceLog;md;1422945326767;unknown;unknown;1;-1;-1;-1;-1;-1;-1
;ServiceLog;md;1422945327794;unknown;unknown;1;-1;-1;-1;-1;-1;-1
;ServiceLog;md;1422945328858;unknown;unknown;1;-1;-1;-1;-1;-1;-1
;ServiceLog;md;1422945329874;unknown;unknown;1;-1;-1;-1;-1;-1;-1
;ServiceLog;md;1422945330898;unknown;unknown;1;-1;-1;-1;-1;-1;-1
;ServiceLog;md;1422945331938;unknown;unknown;1;-1;-1;-1;-1;-1;-1
;ServiceLog;md;1422945333243;unknown;unknown;1;-1;-1;-1;-1;-1;-1
;ServiceLog;md;1422945334284;unknown;unknown;1;-1;-1;-1;-1;-1;-1
;ServiceLog;md;1422945335314;unknown;unknown;1;-1;-1;-1;-1;-1;-1
;ServiceLog;md;1422945336342;unknown;unknown;1;-1;-1;-1;-1;-1;-1
;ServiceLog;md;1422945337397;unknown;unknown;1;-1;-1;-1;-1;-1;-1
;ServiceLog;md;1422945338426;unknown;unknown;1;-1;-1;-1;-1;-1;-1
;ServiceLog;md;1422945339471;unknown;unknown;1;-1;-1;-1;-1;-1;-1
;ServiceLog;md;1422945340511;unknown;unknown;1;-1;-1;-1;-1;-1;-1
;ServiceLog;md;1422945341567;unknown;unknown;1;-1;-1;-1;-1;-1;-1
;ServiceLog;md;1422945342609;unknown;unknown;1;-1;-1;-1;-1;-1;-1
;ServiceLog;md;1422945343635;unknown;unknown;1;-1;-1;-1;-1;-1;-1
;ServiceLog;md;1422945344677;unknown;unknown;1;-1;-1;-1;-1;-1;-1
;ServiceLog;md;1422945345719;unknown;unknown;1;-1;-1;-1;-1;-1;-1
;ServiceLog;md;1422945346748;unknown;unknown;1;-1;-1;-1;-1;-1;-1
;ServiceLog;md;1422945347781;unknown;unknown;1;-1;-1;-1;-1;-1;-1
;ServiceLog;md;1422945348796;unknown;unknown;1;-1;-1;-1;-1;-1;-1
;ServiceLog;md;1422945349821;unknown;unknown;1;-1;-1;-1;-1;-1;-1
;ServiceLog;md;1422945350855;unknown;unknown;1;-1;-1;-1;-1;-1;-1
;ServiceLog;md;1422945351891;unknown;unknown;1;-1;-1;-1;-1;-1;-1
;ServiceLog;md;1422945352942;unknown;unknown;1;-1;-1;-1;-1;-1;-1
;ServiceLog;md;1422945353974;unknown;unknown;1;-1;-1;-1;-1;-1;-1
;ServiceLog;md;1422945355002;unknown;unknown;1;-1;-1;-1;-1;-1;-1
;ServiceLog;md;1422945356082;unknown;unknown;1;-1;-1;-1;-1;-1;-1
;ServiceLog;md;1422945357104;unknown;unknown;1;-1;-1;-1;-1;-1;-1
;ServiceLog;md;1422945358116;unknown;unknown;1;-1;-1;-1;-1;-1;-1
;ServiceLog;md;1422945359131;unknown;unknown;1;-1;-1;-1;-1;-1;-1
;ServiceLog;md;1422945360144;unknown;unknown;1;-1;-1;-1;-1;-1;-1
;ServiceLog;md;1422945361159;unknown;unknown;1;-1;-1;-1;-1;-1;-1
;ServiceLog;md;1422945362179;unknown;unknown;1;-1;-1;-1;-1;-1;-1
;ServiceLog;md;1422945363195;unknown;unknown;1;-1;-1;-1;-1;-1;-1
;ServiceLog;md;1422945364209;unknown;unknown;1;-1;-1;-1;-1;-1;-1
;ServiceLog;md;1422945365223;unknown;unknown;1;-1;-1;-1;-1;-1;-1
;ServiceLog;md;1422945366261;unknown;unknown;1;-1;-1;-1;-1;-1;-1
;ServiceLog;md;1422945367293;unknown;unknown;1;-1;-1;-1;-1;-1;-1
;ServiceLog;md;1422945368332;unknown;unknown;1;-1;-1;-1;-1;-1;-1
;ServiceLog;md;1422945369346;unknown;unknown;1;-1;-1;-1;-1;-1;-1
;ServiceLog;md;1422945370376;unknown;unknown;1;-1;-1;-1;-1;-1;-1
;ServiceLog;md;1422945371407;unknown;unknown;1;-1;-1;-1;-1;-1;-1
;ServiceLog;md;1422945372464;unknown;unknown;1;-1;-1;-1;-1;-1;-1
;ServiceLog;md;1422945373509;unknown;unknown;1;-1;-1;-1;-1;-1;-1
;ServiceLog;md;1422945374550;unknown;unknown;1;-1;-1;-1;-1;-1;-1
;ServiceLog;md;1422945375593;unknown;unknown;1;-1;-1;-1;-1;-1;-1
;ServiceLog;md;1422945376641;unknown;unknown;1;-1;-1;-1;-1;-1;-1
;ServiceLog;md;1422945377686;unknown;unknown;1;-1;-1;-1;-1;-1;-1
;ServiceLog;md;1422945378726;unknown;unknown;1;-1;-1;-1;-1;-1;-1
;ServiceLog;md;1422945379741;unknown;unknown;1;-1;-1;-1;-1;-1;-1
;ServiceLog;md;1422945380781;unknown;unknown;1;-1;-1;-1;-1;-1;-1
;ServiceLog;md;1422945381832;unknown;unknown;1;-1;-1;-1;-1;-1;-1
;ServiceLog;md;1422945382866;unknown;unknown;1;-1;-1;-1;-1;-1;-1
;ServiceLog;md;1422945383897;unknown;unknown;1;-1;-1;-1;-1;-1;-1
;ServiceLog;md;1422945384918;unknown;unknown;1;-1;-1;-1;-1;-1;-1
;ServiceLog;md;1422945385956;unknown;unknown;1;-1;-1;-1;-1;-1;-1
;ServiceLog;md;1422945387011;unknown;unknown;1;-1;-1;-1;-1;-1;-1
;ServiceLog;md;1422945388045;unknown;unknown;1;-1;-1;-1;-1;-1;-1
;ServiceLog;md;1422945389090;unknown;unknown;1;-1;-1;-1;-1;-1;-1
;ServiceLog;md;1422945390106;unknown;unknown;1;-1;-1;-1;-1;-1;-1
;ServiceLog;md;1422945391174;unknown;unknown;1;-1;-1;-1;-1;-1;-1
;ServiceLog;md;1422945392221;unknown;unknown;1;-1;-1;-1;-1;-1;-1
;ServiceLog;md;1422945393285;unknown;unknown;1;-1;-1;-1;-1;-1;-1
;ServiceLog;md;1422945394328;unknown;unknown;1;-1;-1;-1;-1;-1;-1
;ServiceLog;md;1422945395343;unknown;unknown;1;-1;-1;-1;-1;-1;-1
;ServiceLog;md;1422945396394;unknown;unknown;1;-1;-1;-1;-1;-1;-1
;ServiceLog;md;1422945397425;unknown;unknown;1;-1;-1;-1;-1;-1;-1
;ServiceLog;md;1422945398479;unknown;unknown;1;-1;-1;-1;-1;-1;-1
;ServiceLog;md;1422945399518;unknown;unknown;1;-1;-1;-1;-1;-1;-1
;ServiceLog;md;1422945400550;unknown;unknown;1;-1;-1;-1;-1;-1;-1
;ServiceLog;md;1422945401583;unknown;unknown;1;-1;-1;-1;-1;-1;-1
;ServiceLog;md;1422945402849;unknown;unknown;1;-1;-1;-1;-1;-1;-1
;ServiceLog;md;1422945403880;unknown;unknown;1;-1;-1;-1;-1;-1;-1
;ServiceLog;md;1422945404909;unknown;unknown;1;-1;-1;-1;-1;-1;-1
;ServiceLog;md;1422945405924;unknown;unknown;1;-1;-1;-1;-1;-1;-1
;ServiceLog;md;1422945406972;unknown;unknown;1;-1;-1;-1;-1;-1;-1
;ServiceLog;md;1422945407988;unknown;unknown;1;-1;-1;-1;-1;-1;-1
;ServiceLog;md;1422945409031;unknown;unknown;1;-1;-1;-1;-1;-1;-1
;ServiceLog;md;1422945410062;unknown;unknown;1;-1;-1;-1;-1;-1;-1
;ServiceLog;md;1422945411078;unknown;unknown;1;-1;-1;-1;-1;-1;-1
;ServiceLog;md;1422945412142;unknown;unknown;1;-1;-1;-1;-1;-1;-1
;ServiceLog;md;1422945413191;unknown;unknown;1;-1;-1;-1;-1;-1;-1
;ServiceLog;md;1422945414242;unknown;unknown;1;-1;-1;-1;-1;-1;-1
;ServiceLog;md;1422945415265;unknown;unknown;1;-1;-1;-1;-1;-1;-1
;ServiceLog;md;1422945416278;unknown;unknown;1;-1;-1;-1;-1;-1;-1
;ServiceLog;md;1422945417309;unknown;unknown;1;-1;-1;-1;-1;-1;-1
;ServiceLog;md;1422945418340;unknown;unknown;1;-1;-1;-1;-1;-1;-1
;ServiceLog;md;1422945419372;unknown;unknown;1;-1;-1;-1;-1;-1;-1
;ServiceLog;md;1422945420418;unknown;unknown;1;-1;-1;-1;-1;-1;-1
;ServiceLog;md;1422945421474;unknown;unknown;1;-1;-1;-1;-1;-1;-1
;ServiceLog;md;1422945422519;unknown;unknown;1;-1;-1;-1;-1;-1;-1
;ServiceLog;md;1422945423561;unknown;unknown;1;-1;-1;-1;-1;-1;-1
;ServiceLog;md;1422945424608;unknown;unknown;1;-1;-1;-1;-1;-1;-1
;ServiceLog;md;1422945425646;unknown;unknown;1;-1;-1;-1;-1;-1;-1
;ServiceLog;md;1422945426661;unknown;unknown;1;-1;-1;-1;-1;-1;-1
;ServiceLog;md;1422945427700;unknown;unknown;1;-1;-1;-1;-1;-1;-1
;ServiceLog;md;1422945428743;unknown;unknown;1;-1;-1;-1;-1;-1;-1
;ServiceLog;md;1422945429788;unknown;unknown;1;-1;-1;-1;-1;-1;-1
;ServiceLog;md;1422945430819;unknown;unknown;1;-1;-1;-1;-1;-1;-1
;ServiceLog;md;1422945431852;2G;EDGE;1;250;1;6110;44895;-1;-87
;ServiceLog;md;1422945432933;2G;EDGE;1;250;1;6110;44895;-1;-87
;ServiceLog;md;1422945433947;2G;EDGE;1;250;1;6110;44895;-1;-87
;ServiceLog;md;1422945435041;2G;EDGE;1;250;1;6110;44895;-1;-63
;ServiceLog;md;1422945436077;2G;EDGE;1;250;1;6110;44895;-1;-63
;ServiceLog;md;1422945437117;2G;EDGE;1;250;1;6110;44895;-1;-63
;ServiceLog;md;1422945438155;2G;EDGE;1;250;1;6110;44895;-1;-63
;ServiceLog;md;1422945438155;2G;EDGE;250-1-6110-44895;250;1;6110;44892;-1;-75
;ServiceLog;md;1422945439220;2G;EDGE;1;250;1;6110;44895;-1;-63
;ServiceLog;md;1422945439220;2G;EDGE;250-1-6110-44895;250;1;6110;44892;-1;-75
;ServiceLog;md;1422945440256;2G;EDGE;1;250;1;6110;44895;-1;-63
;ServiceLog;md;1422945440256;2G;EDGE;250-1-6110-44895;250;1;6110;44892;-1;-73
;ServiceLog;md;1422945441291;2G;EDGE;1;250;1;6110;44895;-1;-65
;ServiceLog;md;1422945441291;2G;EDGE;250-1-6110-44895;250;1;6110;44892;-1;-73
;ServiceLog;md;1422945442336;2G;EDGE;1;250;1;6110;44895;-1;-65
;ServiceLog;md;1422945443352;2G;EDGE;1;250;1;6110;44895;-1;-65
;ServiceLog;md;1422945444420;2G;EDGE;1;250;1;6110;44895;-1;-65
;ServiceLog;md;1422945445489;3G;UMTS;1;250;1;6110;962401;-1;-77
;ServiceLog;md;1422945446542;3G;UMTS;1;250;1;6110;962401;-1;-77
;ServiceLog;md;1422945447574;3G;UMTS;1;250;1;6110;962401;-1;-77
;ServiceLog;md;1422945448634;3G;UMTS;1;250;1;6110;962401;-1;-81
;ServiceLog;md;1422945449661;3G;UMTS;1;250;1;6110;962401;-1;-81
;ServiceLog;md;1422945450727;3G;UMTS;1;250;1;6110;962401;-1;-81
;ServiceLog;md;1422945451752;3G;UMTS;1;250;1;6110;962401;-1;-83
;ServiceLog;md;1422945451752;3G;UMTS;250-1-6110-962401;250;1;-1;-1;501;22
;ServiceLog;md;1422945451752;3G;UMTS;250-1-6110-962401;250;1;-1;-1;156;16
;ServiceLog;md;1422945452772;3G;UMTS;1;250;1;6110;962401;-1;-83
;ServiceLog;md;1422945452772;3G;UMTS;250-1-6110-962401;250;1;-1;-1;501;19
;ServiceLog;md;1422945452772;3G;UMTS;250-1-6110-962401;250;1;-1;-1;156;12
;ServiceLog;md;1422945453824;3G;UMTS;1;250;1;6110;962401;-1;-83
;ServiceLog;md;1422945453824;3G;UMTS;250-1-6110-962401;250;1;-1;-1;501;14
;ServiceLog;md;1422945453824;3G;UMTS;250-1-6110-962401;250;1;-1;-1;156;14
;ServiceLog;md;1422945454887;3G;UMTS;1;250;1;6110;962401;-1;-85
;ServiceLog;md;1422945454887;3G;UMTS;250-1-6110-962401;250;1;-1;-1;156;15
;ServiceLog;md;1422945454887;3G;UMTS;250-1-6110-962401;250;1;-1;-1;501;13
;ServiceLog;md;1422945455947;3G;UMTS;1;250;1;6110;962401;-1;-85
;ServiceLog;md;1422945455947;3G;UMTS;250-1-6110-962401;250;1;-1;-1;156;14
;ServiceLog;md;1422945455947;3G;UMTS;250-1-6110-962401;250;1;-1;-1;501;4
;ServiceLog;md;1422945456996;3G;UMTS;1;250;1;6110;962401;-1;-85
;ServiceLog;md;1422945458012;3G;UMTS;1;250;1;6110;962401;-1;-89
;ServiceLog;md;1422945459058;3G;UMTS;1;250;1;6110;962401;-1;-89
;ServiceLog;md;1422945460104;3G;UMTS;1;250;1;6110;962401;-1;-93
;ServiceLog;md;1422945461128;3G;UMTS;1;250;1;6110;962401;-1;-93
;ServiceLog;md;1422945462176;3G;UMTS;1;250;1;6110;962401;-1;-93
;ServiceLog;md;1422945463232;3G;UMTS;1;250;1;6110;962401;-1;-99
;ServiceLog;md;1422945464274;3G;UMTS;1;250;1;6110;962401;-1;-99
;ServiceLog;md;1422945465327;3G;UMTS;1;250;1;6110;962401;-1;-99
;ServiceLog;md;1422945466382;3G;UMTS;1;250;1;6110;962401;-1;-103
;ServiceLog;md;1422945467441;3G;UMTS;1;250;1;6110;962401;-1;-103
;ServiceLog;md;1422945468473;3G;UMTS;1;250;1;6110;962401;-1;-103
;ServiceLog;md;1422945469499;3G;UMTS;1;250;1;6110;962401;-1;-105
;ServiceLog;md;1422945470560;3G;UMTS;1;250;1;6110;962401;-1;-105
;ServiceLog;md;1422945471640;3G;UMTS;1;250;1;6110;962401;-1;-105
;ServiceLog;md;1422945472686;3G;UMTS;1;250;1;6110;962401;-1;0
;ServiceLog;md;1422945473703;3G;UMTS;1;250;1;6110;962401;-1;0
;ServiceLog;md;1422945474748;3G;UMTS;1;250;1;6110;962401;-1;0
;ServiceLog;md;1422945475795;3G;UMTS;1;250;1;6110;962401;-1;0
;ServiceLog;md;1422945476839;3G;UMTS;1;250;1;6110;962401;-1;0
;ServiceLog;md;1422945477895;3G;UMTS;1;250;1;6110;962401;-1;0
;ServiceLog;md;1422945478936;3G;UMTS;1;250;1;6110;962401;-1;0
;ServiceLog;md;1422945479975;3G;UMTS;1;250;1;6110;962401;-1;0
;ServiceLog;md;1422945481022;unknown;unknown;1;-1;-1;-1;-1;-1;-1
;ServiceLog;md;1422945482227;unknown;unknown;1;-1;-1;-1;-1;-1;-1
;ServiceLog;md;1422945483244;unknown;unknown;1;-1;-1;-1;-1;-1;-1
;ServiceLog;md;1422945484290;unknown;unknown;1;-1;-1;-1;-1;-1;-1
;ServiceLog;md;1422945485313;unknown;unknown;1;-1;-1;-1;-1;-1;-1
;ServiceLog;md;1422945486328;unknown;unknown;1;-1;-1;-1;-1;-1;-1
;ServiceLog;md;1422945487405;unknown;unknown;1;-1;-1;-1;-1;-1;-1
;ServiceLog;md;1422945488468;unknown;unknown;1;-1;-1;-1;-1;-1;-1
;ServiceLog;md;1422945489481;unknown;unknown;1;-1;-1;-1;-1;-1;-1
;ServiceLog;md;1422945490517;unknown;unknown;1;-1;-1;-1;-1;-1;-1
;ServiceLog;md;1422945491560;unknown;unknown;1;-1;-1;-1;-1;-1;-1
;ServiceLog;md;1422945492607;unknown;unknown;1;-1;-1;-1;-1;-1;-1
;ServiceLog;md;1422945493642;unknown;unknown;1;-1;-1;-1;-1;-1;-1
;ServiceLog;md;1422945494673;unknown;unknown;1;-1;-1;-1;-1;-1;-1
;ServiceLog;md;1422945495703;unknown;unknown;1;-1;-1;-1;-1;-1;-1
;ServiceLog;md;1422945496732;unknown;unknown;1;-1;-1;-1;-1;-1;-1
;ServiceLog;md;1422945497749;unknown;unknown;1;-1;-1;-1;-1;-1;-1
;ServiceLog;md;1422945498779;unknown;unknown;1;-1;-1;-1;-1;-1;-1
;ServiceLog;md;1422945499808;unknown;unknown;1;-1;-1;-1;-1;-1;-1
;ServiceLog;md;1422945500849;unknown;unknown;1;-1;-1;-1;-1;-1;-1
;ServiceLog;md;1422945501877;unknown;unknown;1;-1;-1;-1;-1;-1;-1
;ServiceLog;md;1422945502917;unknown;unknown;1;-1;-1;-1;-1;-1;-1
;ServiceLog;md;1422945503949;unknown;unknown;1;-1;-1;-1;-1;-1;-1
;ServiceLog;md;1422945504964;unknown;unknown;1;-1;-1;-1;-1;-1;-1
;ServiceLog;md;1422945506037;unknown;unknown;1;-1;-1;-1;-1;-1;-1
;ServiceLog;md;1422945507082;unknown;unknown;1;-1;-1;-1;-1;-1;-1
;ServiceLog;md;1422945508125;unknown;unknown;1;-1;-1;-1;-1;-1;-1
;ServiceLog;md;1422945509169;unknown;unknown;1;-1;-1;-1;-1;-1;-1
;ServiceLog;md;1422945510211;unknown;unknown;1;-1;-1;-1;-1;-1;-1
;ServiceLog;md;1422945511242;unknown;unknown;1;-1;-1;-1;-1;-1;-1
;ServiceLog;md;1422945512299;unknown;unknown;1;-1;-1;-1;-1;-1;-1
;ServiceLog;md;1422945513340;unknown;unknown;1;-1;-1;-1;-1;-1;-1
;ServiceLog;md;1422945514362;unknown;unknown;1;-1;-1;-1;-1;-1;-1
;ServiceLog;md;1422945515386;unknown;unknown;1;-1;-1;-1;-1;-1;-1
;ServiceLog;md;1422945516416;unknown;unknown;1;-1;-1;-1;-1;-1;-1
;ServiceLog;md;1422945517532;unknown;unknown;1;-1;-1;-1;-1;-1;-1
;ServiceLog;md;1422945518558;unknown;unknown;1;-1;-1;-1;-1;-1;-1
;ServiceLog;md;1422945519570;unknown;unknown;1;-1;-1;-1;-1;-1;-1
;ServiceLog;md;1422945520582;unknown;unknown;1;-1;-1;-1;-1;-1;-1
;ServiceLog;md;1422945521595;unknown;unknown;1;-1;-1;-1;-1;-1;-1
;ServiceLog;md;1422945522607;unknown;unknown;1;-1;-1;-1;-1;-1;-1
;ServiceLog;md;1422945523620;unknown;unknown;1;-1;-1;-1;-1;-1;-1
;ServiceLog;md;1422945524638;unknown;unknown;1;-1;-1;-1;-1;-1;-1
;ServiceLog;md;1422945525651;unknown;unknown;1;-1;-1;-1;-1;-1;-1
;ServiceLog;md;1422945526665;unknown;unknown;1;-1;-1;-1;-1;-1;-1
;ServiceLog;md;1422945527678;unknown;unknown;1;-1;-1;-1;-1;-1;-1
;ServiceLog;md;1422945528691;unknown;unknown;1;-1;-1;-1;-1;-1;-1
;ServiceLog;md;1422945529720;unknown;unknown;1;-1;-1;-1;-1;-1;-1
;ServiceLog;md;1422945530732;unknown;unknown;1;-1;-1;-1;-1;-1;-1
;ServiceLog;md;1422945531754;unknown;unknown;1;-1;-1;-1;-1;-1;-1
;ServiceLog;md;1422945532766;unknown;unknown;1;-1;-1;-1;-1;-1;-1
;ServiceLog;md;1422945533778;unknown;unknown;1;-1;-1;-1;-1;-1;-1
;ServiceLog;md;1422945534790;unknown;unknown;1;-1;-1;-1;-1;-1;-1
;ServiceLog;md;1422945535804;unknown;unknown;1;-1;-1;-1;-1;-1;-1
;ServiceLog;md;1422945536817;unknown;unknown;1;-1;-1;-1;-1;-1;-1
;ServiceLog;md;1422945537829;unknown;unknown;1;-1;-1;-1;-1;-1;-1
;ServiceLog;md;1422945538845;unknown;unknown;1;-1;-1;-1;-1;-1;-1
;ServiceLog;md;1422945539884;unknown;unknown;1;-1;-1;-1;-1;-1;-1
;ServiceLog;md;1422945540909;unknown;unknown;1;-1;-1;-1;-1;-1;-1
;ServiceLog;md;1422945541935;unknown;unknown;1;-1;-1;-1;-1;-1;-1
;ServiceLog;md;1422945542956;unknown;unknown;1;-1;-1;-1;-1;-1;-1
;ServiceLog;md;1422945543990;unknown;unknown;1;-1;-1;-1;-1;-1;-1
;ServiceLog;md;1422945545015;unknown;unknown;1;-1;-1;-1;-1;-1;-1
;ServiceLog;md;1422945546065;unknown;unknown;1;-1;-1;-1;-1;-1;-1
;ServiceLog;md;1422945547135;unknown;unknown;1;-1;-1;-1;-1;-1;-1
;ServiceLog;md;1422945548160;unknown;unknown;1;-1;-1;-1;-1;-1;-1
;ServiceLog;md;1422945549199;unknown;unknown;1;-1;-1;-1;-1;-1;-1
;ServiceLog;md;1422945550216;unknown;unknown;1;-1;-1;-1;-1;-1;-1
;ServiceLog;md;1422945551231;unknown;unknown;1;-1;-1;-1;-1;-1;-1
;ServiceLog;md;1422945552244;unknown;unknown;1;-1;-1;-1;-1;-1;-1
;ServiceLog;md;1422945553256;unknown;unknown;1;-1;-1;-1;-1;-1;-1
;ServiceLog;md;1422945554271;unknown;unknown;1;-1;-1;-1;-1;-1;-1
;ServiceLog;md;1422945555289;unknown;unknown;1;-1;-1;-1;-1;-1;-1
;ServiceLog;md;1422945556350;unknown;unknown;1;-1;-1;-1;-1;-1;-1
;ServiceLog;md;1422945557387;unknown;unknown;1;-1;-1;-1;-1;-1;-1
;ServiceLog;md;1422945558421;unknown;unknown;1;-1;-1;-1;-1;-1;-1
;ServiceLog;md;1422945559461;unknown;unknown;1;-1;-1;-1;-1;-1;-1
;ServiceLog;md;1422945560501;unknown;unknown;1;-1;-1;-1;-1;-1;-1
;ServiceLog;md;1422945561534;unknown;unknown;1;-1;-1;-1;-1;-1;-1
;ServiceLog;md;1422945562572;unknown;unknown;1;-1;-1;-1;-1;-1;-1
;ServiceLog;md;1422945563604;unknown;unknown;1;-1;-1;-1;-1;-1;-1
;ServiceLog;md;1422945564638;unknown;unknown;1;-1;-1;-1;-1;-1;-1
;ServiceLog;md;1422945565661;unknown;unknown;1;-1;-1;-1;-1;-1;-1
;ServiceLog;md;1422945566692;unknown;unknown;1;-1;-1;-1;-1;-1;-1
;ServiceLog;md;1422945567723;unknown;unknown;1;-1;-1;-1;-1;-1;-1
;ServiceLog;md;1422945568778;unknown;unknown;1;-1;-1;-1;-1;-1;-1
;ServiceLog;md;1422945569818;unknown;unknown;1;-1;-1;-1;-1;-1;-1
;ServiceLog;md;1422945570864;unknown;unknown;1;-1;-1;-1;-1;-1;-1
;ServiceLog;md;1422945571904;unknown;unknown;1;-1;-1;-1;-1;-1;-1
;ServiceLog;md;1422945572946;unknown;unknown;1;-1;-1;-1;-1;-1;-1
;ServiceLog;md;1422945573981;unknown;unknown;1;-1;-1;-1;-1;-1;-1
;ServiceLog;md;1422945575010;unknown;unknown;1;-1;-1;-1;-1;-1;-1
;ServiceLog;md;1422945576040;unknown;unknown;1;-1;-1;-1;-1;-1;-1
;ServiceLog;md;1422945577071;unknown;unknown;1;-1;-1;-1;-1;-1;-1
;ServiceLog;md;1422945578105;unknown;unknown;1;-1;-1;-1;-1;-1;-1
;ServiceLog;md;1422945579136;unknown;unknown;1;-1;-1;-1;-1;-1;-1
;ServiceLog;md;1422945580171;unknown;unknown;1;-1;-1;-1;-1;-1;-1
;ServiceLog;md;1422945581209;unknown;unknown;1;-1;-1;-1;-1;-1;-1
;ServiceLog;md;1422945582240;unknown;unknown;1;-1;-1;-1;-1;-1;-1
;ServiceLog;md;1422945583270;unknown;unknown;1;-1;-1;-1;-1;-1;-1
;ServiceLog;md;1422945584300;unknown;unknown;1;-1;-1;-1;-1;-1;-1
;ServiceLog;md;1422945585329;unknown;unknown;1;-1;-1;-1;-1;-1;-1
;ServiceLog;md;1422945586361;unknown;unknown;1;-1;-1;-1;-1;-1;-1
;ServiceLog;md;1422945587391;unknown;unknown;1;-1;-1;-1;-1;-1;-1
;ServiceLog;md;1422945588422;unknown;unknown;1;-1;-1;-1;-1;-1;-1
;ServiceLog;md;1422945589450;unknown;unknown;1;-1;-1;-1;-1;-1;-1
;ServiceLog;md;1422945590467;unknown;unknown;1;-1;-1;-1;-1;-1;-1
;ServiceLog;md;1422945591481;unknown;unknown;1;-1;-1;-1;-1;-1;-1
;ServiceLog;md;1422945592496;unknown;unknown;1;-1;-1;-1;-1;-1;-1
;ServiceLog;md;1422945593531;unknown;unknown;1;-1;-1;-1;-1;-1;-1
;ServiceLog;md;1422945594562;unknown;unknown;1;-1;-1;-1;-1;-1;-1
;ServiceLog;md;1422945595608;unknown;unknown;1;-1;-1;-1;-1;-1;-1
;ServiceLog;md;1422945596669;unknown;unknown;1;-1;-1;-1;-1;-1;-1
;ServiceLog;md;1422945597688;unknown;unknown;1;-1;-1;-1;-1;-1;-1
;ServiceLog;md;1422945598718;unknown;unknown;1;-1;-1;-1;-1;-1;-1
;ServiceLog;md;1422945599748;unknown;unknown;1;-1;-1;-1;-1;-1;-1
;ServiceLog;md;1422945600778;unknown;unknown;1;-1;-1;-1;-1;-1;-1
;ServiceLog;md;1422945601810;unknown;unknown;1;-1;-1;-1;-1;-1;-1
;ServiceLog;md;1422945602841;unknown;unknown;1;-1;-1;-1;-1;-1;-1
;ServiceLog;md;1422945603872;unknown;unknown;1;-1;-1;-1;-1;-1;-1
;ServiceLog;md;1422945604905;unknown;unknown;1;-1;-1;-1;-1;-1;-1
;ServiceLog;md;1422945605940;unknown;unknown;1;-1;-1;-1;-1;-1;-1
;ServiceLog;md;1422945606981;unknown;unknown;1;-1;-1;-1;-1;-1;-1
;ServiceLog;md;1422945608035;unknown;unknown;1;-1;-1;-1;-1;-1;-1
;ServiceLog;md;1422945609066;unknown;unknown;1;-1;-1;-1;-1;-1;-1
;ServiceLog;md;1422945610107;unknown;unknown;1;-1;-1;-1;-1;-1;-1
;ServiceLog;md;1422945611174;unknown;unknown;1;-1;-1;-1;-1;-1;-1
;ServiceLog;md;1422945612220;unknown;unknown;1;-1;-1;-1;-1;-1;-1
;ServiceLog;md;1422945613250;unknown;unknown;1;-1;-1;-1;-1;-1;-1
;ServiceLog;md;1422945614281;unknown;unknown;1;-1;-1;-1;-1;-1;-1
;ServiceLog;md;1422945615312;unknown;unknown;1;-1;-1;-1;-1;-1;-1
;ServiceLog;md;1422945616342;unknown;unknown;1;-1;-1;-1;-1;-1;-1
;ServiceLog;md;1422945617392;unknown;unknown;1;-1;-1;-1;-1;-1;-1
;ServiceLog;md;1422945618422;unknown;unknown;1;-1;-1;-1;-1;-1;-1
;ServiceLog;md;1422945619439;unknown;unknown;1;-1;-1;-1;-1;-1;-1
;ServiceLog;md;1422945620478;unknown;unknown;1;-1;-1;-1;-1;-1;-1
;ServiceLog;md;1422945621524;unknown;unknown;1;-1;-1;-1;-1;-1;-1
;ServiceLog;md;1422945622570;unknown;unknown;1;-1;-1;-1;-1;-1;-1
;ServiceLog;md;1422945623623;unknown;unknown;1;-1;-1;-1;-1;-1;-1
;ServiceLog;md;1422945624640;unknown;unknown;1;-1;-1;-1;-1;-1;-1
;ServiceLog;md;1422945625657;unknown;unknown;1;-1;-1;-1;-1;-1;-1
;ServiceLog;md;1422945626673;unknown;unknown;1;-1;-1;-1;-1;-1;-1
;ServiceLog;md;1422945627686;unknown;unknown;1;-1;-1;-1;-1;-1;-1
;ServiceLog;md;1422945628699;unknown;unknown;1;-1;-1;-1;-1;-1;-1
;ServiceLog;md;1422945629713;unknown;unknown;1;-1;-1;-1;-1;-1;-1
;ServiceLog;md;1422945630752;unknown;unknown;1;-1;-1;-1;-1;-1;-1
;ServiceLog;md;1422945631769;unknown;unknown;1;-1;-1;-1;-1;-1;-1
;ServiceLog;md;1422945632789;unknown;unknown;1;-1;-1;-1;-1;-1;-1
;ServiceLog;md;1422945633853;unknown;unknown;1;-1;-1;-1;-1;-1;-1
;ServiceLog;md;1422945634900;unknown;unknown;1;-1;-1;-1;-1;-1;-1
;ServiceLog;md;1422945635943;unknown;unknown;1;-1;-1;-1;-1;-1;-1
;ServiceLog;md;1422945636971;unknown;unknown;1;-1;-1;-1;-1;-1;-1
;ServiceLog;md;1422945637985;unknown;unknown;1;-1;-1;-1;-1;-1;-1
;ServiceLog;md;1422945639018;unknown;unknown;1;-1;-1;-1;-1;-1;-1
;ServiceLog;md;1422945640050;unknown;unknown;1;-1;-1;-1;-1;-1;-1
;ServiceLog;md;1422945641081;unknown;unknown;1;-1;-1;-1;-1;-1;-1
;ServiceLog;md;1422945642120;unknown;unknown;1;-1;-1;-1;-1;-1;-1
;ServiceLog;md;1422945643136;unknown;unknown;1;-1;-1;-1;-1;-1;-1
;ServiceLog;md;1422945644182;unknown;unknown;1;-1;-1;-1;-1;-1;-1
;ServiceLog;md;1422945645219;unknown;unknown;1;-1;-1;-1;-1;-1;-1
;ServiceLog;md;1422945646250;unknown;unknown;1;-1;-1;-1;-1;-1;-1
;ServiceLog;md;1422945647278;unknown;unknown;1;-1;-1;-1;-1;-1;-1
;ServiceLog;md;1422945648292;unknown;unknown;1;-1;-1;-1;-1;-1;-1
;ServiceLog;md;1422945649322;unknown;unknown;1;-1;-1;-1;-1;-1;-1
;ServiceLog;md;1422945650387;unknown;unknown;1;-1;-1;-1;-1;-1;-1
;ServiceLog;md;1422945651449;unknown;unknown;1;-1;-1;-1;-1;-1;-1
;ServiceLog;md;1422945652511;unknown;unknown;1;-1;-1;-1;-1;-1;-1
;ServiceLog;md;1422945653525;unknown;unknown;1;-1;-1;-1;-1;-1;-1
;ServiceLog;md;1422945654554;unknown;unknown;1;-1;-1;-1;-1;-1;-1
;ServiceLog;md;1422945655611;unknown;unknown;1;-1;-1;-1;-1;-1;-1
;ServiceLog;md;1422945656650;unknown;unknown;1;-1;-1;-1;-1;-1;-1
;ServiceLog;md;1422945657687;unknown;unknown;1;-1;-1;-1;-1;-1;-1
;ServiceLog;md;1422945658742;unknown;unknown;1;-1;-1;-1;-1;-1;-1
;ServiceLog;md;1422945659771;unknown;unknown;1;-1;-1;-1;-1;-1;-1
;ServiceLog;md;1422945660794;unknown;unknown;1;-1;-1;-1;-1;-1;-1
;ServiceLog;md;1422945661830;unknown;unknown;1;-1;-1;-1;-1;-1;-1
;ServiceLog;md;1422945662868;unknown;unknown;1;-1;-1;-1;-1;-1;-1
;ServiceLog;md;1422945663885;unknown;unknown;1;-1;-1;-1;-1;-1;-1
;ServiceLog;md;1422945664942;unknown;unknown;1;-1;-1;-1;-1;-1;-1
;ServiceLog;md;1422945665983;unknown;unknown;1;-1;-1;-1;-1;-1;-1
;ServiceLog;md;1422945667024;unknown;unknown;1;-1;-1;-1;-1;-1;-1
;ServiceLog;md;1422945668063;unknown;unknown;1;-1;-1;-1;-1;-1;-1
;ServiceLog;md;1422945669079;unknown;unknown;1;-1;-1;-1;-1;-1;-1
;ServiceLog;md;1422945670135;unknown;unknown;1;-1;-1;-1;-1;-1;-1
;ServiceLog;md;1422945671176;unknown;unknown;1;-1;-1;-1;-1;-1;-1
;ServiceLog;md;1422945672583;unknown;unknown;1;-1;-1;-1;-1;-1;-1
;ServiceLog;md;1422945673626;unknown;unknown;1;-1;-1;-1;-1;-1;-1
;ServiceLog;md;1422945674673;unknown;unknown;1;-1;-1;-1;-1;-1;-1
;ServiceLog;md;1422945675714;unknown;unknown;1;-1;-1;-1;-1;-1;-1
;ServiceLog;md;1422945676751;unknown;unknown;1;-1;-1;-1;-1;-1;-1
;ServiceLog;md;1422945677765;unknown;unknown;1;-1;-1;-1;-1;-1;-1
;ServiceLog;md;1422945678814;unknown;unknown;1;-1;-1;-1;-1;-1;-1
;ServiceLog;md;1422945679874;unknown;unknown;1;-1;-1;-1;-1;-1;-1
;ServiceLog;md;1422945680895;unknown;unknown;1;-1;-1;-1;-1;-1;-1
;ServiceLog;md;1422945681922;unknown;unknown;1;-1;-1;-1;-1;-1;-1
;ServiceLog;md;1422945682965;unknown;unknown;1;-1;-1;-1;-1;-1;-1
;ServiceLog;md;1422945684006;unknown;unknown;1;-1;-1;-1;-1;-1;-1
;ServiceLog;md;1422945685044;unknown;unknown;1;-1;-1;-1;-1;-1;-1
;ServiceLog;md;1422945686060;unknown;unknown;1;-1;-1;-1;-1;-1;-1
;ServiceLog;md;1422945687094;unknown;unknown;1;-1;-1;-1;-1;-1;-1
;ServiceLog;md;1422945688113;unknown;unknown;1;-1;-1;-1;-1;-1;-1
;ServiceLog;md;1422945689178;unknown;unknown;1;-1;-1;-1;-1;-1;-1
;ServiceLog;md;1422945690197;unknown;unknown;1;-1;-1;-1;-1;-1;-1
;ServiceLog;md;1422945691218;unknown;unknown;1;-1;-1;-1;-1;-1;-1
;ServiceLog;md;1422945692236;unknown;unknown;1;-1;-1;-1;-1;-1;-1
;ServiceLog;md;1422945693290;unknown;unknown;1;-1;-1;-1;-1;-1;-1
;ServiceLog;md;1422945694308;unknown;unknown;1;-1;-1;-1;-1;-1;-1
;ServiceLog;md;1422945695338;unknown;unknown;1;-1;-1;-1;-1;-1;-1
;ServiceLog;md;1422945696380;unknown;unknown;1;-1;-1;-1;-1;-1;-1
;ServiceLog;md;1422945697412;unknown;unknown;1;-1;-1;-1;-1;-1;-1
;ServiceLog;md;1422945698453;unknown;unknown;1;-1;-1;-1;-1;-1;-1
;ServiceLog;md;1422945699491;unknown;unknown;1;-1;-1;-1;-1;-1;-1
;ServiceLog;md;1422945700552;unknown;unknown;1;-1;-1;-1;-1;-1;-1
;ServiceLog;md;1422945701616;unknown;unknown;1;-1;-1;-1;-1;-1;-1
;ServiceLog;md;1422945702677;unknown;unknown;1;-1;-1;-1;-1;-1;-1
;ServiceLog;md;1422945703693;unknown;unknown;1;-1;-1;-1;-1;-1;-1
;ServiceLog;md;1422945704747;unknown;unknown;1;-1;-1;-1;-1;-1;-1
;ServiceLog;md;1422945705776;unknown;unknown;1;-1;-1;-1;-1;-1;-1
;ServiceLog;md;1422945706810;unknown;unknown;1;-1;-1;-1;-1;-1;-1
;ServiceLog;md;1422945707824;unknown;unknown;1;-1;-1;-1;-1;-1;-1
;ServiceLog;md;1422945708855;unknown;unknown;1;-1;-1;-1;-1;-1;-1
;ServiceLog;md;1422945709890;unknown;unknown;1;-1;-1;-1;-1;-1;-1
;ServiceLog;md;1422945710920;unknown;unknown;1;-1;-1;-1;-1;-1;-1
;ServiceLog;md;1422945711951;unknown;unknown;1;-1;-1;-1;-1;-1;-1
;ServiceLog;md;1422945712981;unknown;unknown;1;-1;-1;-1;-1;-1;-1
;ServiceLog;md;1422945714015;unknown;unknown;1;-1;-1;-1;-1;-1;-1
;ServiceLog;md;1422945715059;unknown;unknown;1;-1;-1;-1;-1;-1;-1
;ServiceLog;md;1422945716094;unknown;unknown;1;-1;-1;-1;-1;-1;-1
;ServiceLog;md;1422945717166;unknown;unknown;1;-1;-1;-1;-1;-1;-1
;ServiceLog;md;1422945718195;unknown;unknown;1;-1;-1;-1;-1;-1;-1
;ServiceLog;md;1422945719225;unknown;unknown;1;-1;-1;-1;-1;-1;-1
;ServiceLog;md;1422945720260;unknown;unknown;1;-1;-1;-1;-1;-1;-1
;ServiceLog;md;1422945721285;unknown;unknown;1;-1;-1;-1;-1;-1;-1
;ServiceLog;md;1422945722343;unknown;unknown;1;-1;-1;-1;-1;-1;-1
;ServiceLog;md;1422945723375;unknown;unknown;1;-1;-1;-1;-1;-1;-1
;ServiceLog;md;1422945724409;unknown;unknown;1;-1;-1;-1;-1;-1;-1
;ServiceLog;md;1422945725441;unknown;unknown;1;-1;-1;-1;-1;-1;-1
;ServiceLog;md;1422945726472;unknown;unknown;1;-1;-1;-1;-1;-1;-1
;ServiceLog;md;1422945727525;unknown;unknown;1;-1;-1;-1;-1;-1;-1
;ServiceLog;md;1422945728561;unknown;unknown;1;-1;-1;-1;-1;-1;-1
;ServiceLog;md;1422945729620;unknown;unknown;1;-1;-1;-1;-1;-1;-1
;ServiceLog;md;1422945730659;unknown;unknown;1;-1;-1;-1;-1;-1;-1
;ServiceLog;md;1422945731676;unknown;unknown;1;-1;-1;-1;-1;-1;-1
;ServiceLog;md;1422945732744;unknown;unknown;1;-1;-1;-1;-1;-1;-1
;ServiceLog;md;1422945733787;unknown;unknown;1;-1;-1;-1;-1;-1;-1
;ServiceLog;md;1422945734844;unknown;unknown;1;-1;-1;-1;-1;-1;-1
;ServiceLog;md;1422945735911;unknown;unknown;1;-1;-1;-1;-1;-1;-1
;ServiceLog;md;1422945736944;unknown;unknown;1;-1;-1;-1;-1;-1;-1
;ServiceLog;md;1422945737975;unknown;unknown;1;-1;-1;-1;-1;-1;-1
;ServiceLog;md;1422945739009;unknown;unknown;1;-1;-1;-1;-1;-1;-1
;ServiceLog;md;1422945740048;unknown;unknown;1;-1;-1;-1;-1;-1;-1
;ServiceLog;md;1422945741077;unknown;unknown;1;-1;-1;-1;-1;-1;-1
;ServiceLog;md;1422945742091;unknown;unknown;1;-1;-1;-1;-1;-1;-1
;ServiceLog;md;1422945743133;unknown;unknown;1;-1;-1;-1;-1;-1;-1
;ServiceLog;md;1422945744186;unknown;unknown;1;-1;-1;-1;-1;-1;-1
;ServiceLog;md;1422945745249;unknown;unknown;1;-1;-1;-1;-1;-1;-1
;ServiceLog;md;1422945746295;unknown;unknown;1;-1;-1;-1;-1;-1;-1
;ServiceLog;md;1422945747310;unknown;unknown;1;-1;-1;-1;-1;-1;-1
;ServiceLog;md;1422945748350;unknown;unknown;1;-1;-1;-1;-1;-1;-1
;ServiceLog;md;1422945749394;unknown;unknown;1;-1;-1;-1;-1;-1;-1
;ServiceLog;md;1422945750437;unknown;unknown;1;-1;-1;-1;-1;-1;-1
;ServiceLog;md;1422945751558;unknown;unknown;1;-1;-1;-1;-1;-1;-1
;ServiceLog;md;1422945752597;unknown;unknown;1;-1;-1;-1;-1;-1;-1
;ServiceLog;md;1422945753628;unknown;unknown;1;-1;-1;-1;-1;-1;-1
;ServiceLog;md;1422945754659;unknown;unknown;1;-1;-1;-1;-1;-1;-1
;ServiceLog;md;1422945755983;unknown;unknown;1;-1;-1;-1;-1;-1;-1
;ServiceLog;md;1422945757014;unknown;unknown;1;-1;-1;-1;-1;-1;-1
;ServiceLog;md;1422945758056;unknown;unknown;1;-1;-1;-1;-1;-1;-1
;ServiceLog;md;1422945759108;unknown;unknown;1;-1;-1;-1;-1;-1;-1
;ServiceLog;md;1422945760140;unknown;unknown;1;-1;-1;-1;-1;-1;-1
;ServiceLog;md;1422945761154;unknown;unknown;1;-1;-1;-1;-1;-1;-1
;ServiceLog;md;1422945762209;unknown;unknown;1;-1;-1;-1;-1;-1;-1
;ServiceLog;md;1422945763225;unknown;unknown;1;-1;-1;-1;-1;-1;-1
;ServiceLog;md;1422945764285;unknown;unknown;1;-1;-1;-1;-1;-1;-1
;ServiceLog;md;1422945765347;unknown;unknown;1;-1;-1;-1;-1;-1;-1
;ServiceLog;md;1422945766502;unknown;unknown;1;-1;-1;-1;-1;-1;-1
;ServiceLog;md;1422945767678;unknown;unknown;1;-1;-1;-1;-1;-1;-1
;ServiceLog;md;1422945768725;unknown;unknown;1;-1;-1;-1;-1;-1;-1
;ServiceLog;md;1422945769762;unknown;unknown;1;-1;-1;-1;-1;-1;-1
;ServiceLog;md;1422945770793;unknown;unknown;1;-1;-1;-1;-1;-1;-1
;ServiceLog;md;1422945771825;unknown;unknown;1;-1;-1;-1;-1;-1;-1
;ServiceLog;md;1422945772853;unknown;unknown;1;-1;-1;-1;-1;-1;-1
;ServiceLog;md;1422945773870;unknown;unknown;1;-1;-1;-1;-1;-1;-1
;ServiceLog;md;1422945774910;unknown;unknown;1;-1;-1;-1;-1;-1;-1
;ServiceLog;md;1422945775953;unknown;unknown;1;-1;-1;-1;-1;-1;-1
;ServiceLog;md;1422945777009;unknown;unknown;1;-1;-1;-1;-1;-1;-1
;ServiceLog;md;1422945778050;unknown;unknown;1;-1;-1;-1;-1;-1;-1
;ServiceLog;md;1422945779091;unknown;unknown;1;-1;-1;-1;-1;-1;-1
;ServiceLog;md;1422945780123;unknown;unknown;1;-1;-1;-1;-1;-1;-1
;ServiceLog;md;1422945781168;unknown;unknown;1;-1;-1;-1;-1;-1;-1
;ServiceLog;md;1422945782217;unknown;unknown;1;-1;-1;-1;-1;-1;-1
;ServiceLog;md;1422945783260;unknown;unknown;1;-1;-1;-1;-1;-1;-1
;ServiceLog;md;1422945784307;unknown;unknown;1;-1;-1;-1;-1;-1;-1
;ServiceLog;md;1422945785336;unknown;unknown;1;-1;-1;-1;-1;-1;-1
;ServiceLog;md;1422945786379;unknown;unknown;1;-1;-1;-1;-1;-1;-1
;ServiceLog;md;1422945787410;unknown;unknown;1;-1;-1;-1;-1;-1;-1
;ServiceLog;md;1422945788450;unknown;unknown;1;-1;-1;-1;-1;-1;-1
;ServiceLog;md;1422945789468;unknown;unknown;1;-1;-1;-1;-1;-1;-1
;ServiceLog;md;1422945790524;unknown;unknown;1;-1;-1;-1;-1;-1;-1
;ServiceLog;md;1422945791537;unknown;unknown;1;-1;-1;-1;-1;-1;-1
;ServiceLog;md;1422945792561;unknown;unknown;1;-1;-1;-1;-1;-1;-1
;ServiceLog;md;1422945793586;unknown;unknown;1;-1;-1;-1;-1;-1;-1
;ServiceLog;md;1422945794618;unknown;unknown;1;-1;-1;-1;-1;-1;-1
;ServiceLog;md;1422945795650;unknown;unknown;1;-1;-1;-1;-1;-1;-1
;ServiceLog;md;1422945796665;unknown;unknown;1;-1;-1;-1;-1;-1;-1
;ServiceLog;md;1422945797699;unknown;unknown;1;-1;-1;-1;-1;-1;-1
;ServiceLog;md;1422945798730;unknown;unknown;1;-1;-1;-1;-1;-1;-1
;ServiceLog;md;1422945799759;unknown;unknown;1;-1;-1;-1;-1;-1;-1
;ServiceLog;md;1422945800791;unknown;unknown;1;-1;-1;-1;-1;-1;-1
;ServiceLog;md;1422945801827;unknown;unknown;1;-1;-1;-1;-1;-1;-1
;ServiceLog;md;1422945802874;unknown;unknown;1;-1;-1;-1;-1;-1;-1
;ServiceLog;md;1422945803905;unknown;unknown;1;-1;-1;-1;-1;-1;-1
;ServiceLog;md;1422945804918;unknown;unknown;1;-1;-1;-1;-1;-1;-1
;ServiceLog;md;1422945805934;unknown;unknown;1;-1;-1;-1;-1;-1;-1
;ServiceLog;md;1422945806980;unknown;unknown;1;-1;-1;-1;-1;-1;-1
;ServiceLog;md;1422945808024;unknown;unknown;1;-1;-1;-1;-1;-1;-1
;ServiceLog;md;1422945809085;unknown;unknown;1;-1;-1;-1;-1;-1;-1
;ServiceLog;md;1422945810131;unknown;unknown;1;-1;-1;-1;-1;-1;-1
;ServiceLog;md;1422945811171;unknown;unknown;1;-1;-1;-1;-1;-1;-1
;ServiceLog;md;1422945812224;unknown;unknown;1;-1;-1;-1;-1;-1;-1
;ServiceLog;md;1422945813265;unknown;unknown;1;-1;-1;-1;-1;-1;-1
;ServiceLog;md;1422945814296;unknown;unknown;1;-1;-1;-1;-1;-1;-1
;ServiceLog;md;1422945815311;unknown;unknown;1;-1;-1;-1;-1;-1;-1
;ServiceLog;md;1422945816343;unknown;unknown;1;-1;-1;-1;-1;-1;-1
;ServiceLog;md;1422945817369;unknown;unknown;1;-1;-1;-1;-1;-1;-1
;ServiceLog;md;1422945818386;unknown;unknown;1;-1;-1;-1;-1;-1;-1
;ServiceLog;md;1422945819441;unknown;unknown;1;-1;-1;-1;-1;-1;-1
;ServiceLog;md;1422945820455;unknown;unknown;1;-1;-1;-1;-1;-1;-1
;ServiceLog;md;1422945821501;unknown;unknown;1;-1;-1;-1;-1;-1;-1
