ID;Name;User;TimeStamp;NetworkGen;NetworkType;Active;MCC;MNC;LAC;CID;PSC;Power
313;Сенная площадь 3;Stanislav;1435681033500;3G;HSPA;1;250;1;100;65539908;503;-105
313;Сенная площадь 3;Stanislav;1435681033500;3G;HSPA;250-1-100-65539908;-1;-1;-1;-1;503;-105
314;Сенная площадь 4;Stanislav;1435681042821;3G;HSPA;1;250;1;100;65539908;503;-87
314;Сенная площадь 4;Stanislav;1435681042821;3G;HSPA;250-1-100-65539908;-1;-1;-1;-1;503;-97
301;Технологический институт (син) 1;Stanislav;1435681127184;unknown;unknown;1;250;2;7803;8293621;389;-99
302;Технологический институт (син) 2;Stanislav;1435681144834;unknown;unknown;1;250;2;7803;8302309;392;-61
302;Технологический институт (син) 2;Stanislav;1435681144834;unknown;unknown;250-2-7803-8302309;-1;-1;-1;-1;392;-61
302;Технологический институт (син) 2;Stanislav;1435681144834;unknown;unknown;250-2-7803-8302309;-1;-1;-1;-1;389;-81
303;Технологический институт (син) 3;Stanislav;1435681179166;2G;EDGE;1;250;1;100;3611;-1;-67
304;Технологический институт (син) 4;Stanislav;1435681189231;3G;HSPA;1;250;1;100;65539617;498;-85
291;Фрунзенская 1;Stanislav;1435681271732;unknown;unknown;1;250;2;7803;22407;-1;-75
291;Фрунзенская 1;Stanislav;1435681271732;unknown;unknown;250-2-7803-22407;250;2;7803;14048;-1;-101
292;Фрунзенская 2;Stanislav;1435681289809;3G;HSPA;1;250;1;100;65540087;501;-81
292;Фрунзенская 2;Stanislav;1435681289809;3G;HSPA;250-1-100-65540087;-1;-1;-1;-1;501;-83
293;Фрунзенская 3;Stanislav;1435681308984;3G;HSPA;1;250;1;100;65540087;501;-85
293;Фрунзенская 3;Stanislav;1435681308984;3G;HSPA;250-1-100-65540087;-1;-1;-1;-1;501;-79
294;Фрунзенская 4;Stanislav;1435681318281;3G;HSPA;1;250;1;100;65540087;501;-87
294;Фрунзенская 4;Stanislav;1435681318281;3G;HSPA;250-1-100-65540087;-1;-1;-1;-1;501;-91
281;Московские ворота 1;Stanislav;1435681398326;unknown;unknown;1;250;2;7803;8321912;44;-81
282;Московские ворота 2;Stanislav;1435681414540;unknown;unknown;1;250;2;7803;8321912;44;-103
283;Московские ворота 3;Stanislav;1435681437838;3G;HSPA;1;250;1;100;65540097;505;-87
283;Московские ворота 3;Stanislav;1435681437838;3G;HSPA;250-1-100-65540097;-1;-1;-1;-1;505;-89
284;Московские ворота 4;Stanislav;1435681447548;3G;HSPA;1;250;1;100;65540097;505;-105
284;Московские ворота 4;Stanislav;1435681447548;3G;HSPA;250-1-100-65540097;-1;-1;-1;-1;505;-99
271;Электросила 1;Stanislav;1435681551546;3G;HSPA;1;250;1;100;65570107;502;-65
272;Электросила 2;Stanislav;1435681559671;3G;HSPA;1;250;1;100;65570107;502;-67
272;Электросила 2;Stanislav;1435681559671;3G;HSPA;250-1-100-65570107;-1;-1;-1;-1;502;-73
273;Электросила 3;Stanislav;1435681579636;3G;HSPA;1;250;1;100;65570107;502;-67
273;Электросила 3;Stanislav;1435681579636;3G;HSPA;250-1-100-65570107;-1;-1;-1;-1;502;-73
274;Электросила 4;Stanislav;1435681588496;3G;HSPA;1;250;1;100;65570107;502;-85
274;Электросила 4;Stanislav;1435681588496;3G;HSPA;250-1-100-65570107;-1;-1;-1;-1;502;-81
261;Парк Победы 1;Stanislav;1435681662914;unknown;unknown;1;250;2;7803;8317844;30;-77
261;Парк Победы 1;Stanislav;1435681662914;unknown;unknown;250-2-7803-8317844;-1;-1;-1;-1;30;-79
262;Парк Победы 2;Stanislav;1435681679635;3G;HSPA;1;250;1;100;65540117;503;-83
262;Парк Победы 2;Stanislav;1435681679635;3G;HSPA;250-1-100-65540117;-1;-1;-1;-1;503;-79
263;Парк Победы 3;Stanislav;1435681710974;3G;HSPA;1;250;1;100;65540117;503;-81
263;Парк Победы 3;Stanislav;1435681710974;3G;HSPA;250-1-100-65540117;-1;-1;-1;-1;503;-81
264;Парк Победы 4;Stanislav;1435681720014;3G;HSPA;1;250;1;100;65540117;503;-63
264;Парк Победы 4;Stanislav;1435681720014;3G;HSPA;250-1-100-65540117;-1;-1;-1;-1;503;-65
251;Московская 1;Stanislav;1435681831882;unknown;unknown;1;250;2;7803;8293625;21;-67
252;Московская 2;Stanislav;1435681853022;unknown;unknown;1;250;2;7803;8293625;21;-79
253;Московская 3;Stanislav;1435681887162;unknown;unknown;1;250;2;7803;8291727;21;-75
254;Московская 4;Stanislav;1435681896594;unknown;unknown;1;250;2;7803;8291727;21;-75
241;Звёздная 1;Stanislav;1435682063470;unknown;unknown;1;250;2;7803;8296322;4;-55
241;Звёздная 1;Stanislav;1435682063470;unknown;unknown;250-2-7803-8296322;-1;-1;-1;-1;3;-69
242;Звёздная 2;Stanislav;1435682081798;3G;HSPA;1;250;1;100;65539797;500;-79
243;Звёздная 3;Stanislav;1435682118157;3G;HSPA;1;250;1;100;65539797;500;-77
244;Звёздная 4;Stanislav;1435682127606;3G;HSPA;1;250;1;100;65539797;500;-81
231;Купчино 1;Stanislav;1435682257266;unknown;unknown;1;250;2;7803;8290939;17;-85
232;Купчино 2;Stanislav;1435682278954;2G;EDGE;1;250;1;218;21963;-1;-93
232;Купчино 2;Stanislav;1435682278954;2G;EDGE;250-1-218-21963;250;1;218;2593;-1;-83
232;Купчино 2;Stanislav;1435682278954;2G;EDGE;250-1-218-21963;250;1;218;11223;-1;-93
232;Купчино 2;Stanislav;1435682278954;2G;EDGE;250-1-218-21963;-1;-1;-1;-1;-1;-95
232;Купчино 2;Stanislav;1435682278954;2G;EDGE;250-1-218-21963;-1;-1;-1;-1;-1;-95
232;Купчино 2;Stanislav;1435682278954;2G;EDGE;250-1-218-21963;250;1;326;17431;-1;-93
232;Купчино 2;Stanislav;1435682278954;2G;EDGE;250-1-218-21963;-1;-1;-1;-1;-1;-95
