ID;Name;User;TimeStamp;Type;Accel_X;Accel_Y;Accel_Z;Azimuth;Pitch;Roll;Magnetic_X;Magnetic_Y;Magnetic_Z;Gyro_X;Gyro_Y;Gyro_Z;GPS_Lat;GPS_Lon;GPS_Alt;GPS_Accuracy;GPS_Speed;GPS_Bearing
313;Сенная площадь 3;Stanislav;1435681033500;Raw;0.1569064;3.1773546;9.649743;354.21875;-18.21875;0.84375;7.3125;49.25;-47.625;NaN;NaN;NaN;NaN;NaN;NaN;NaN;NaN;NaN
314;Сенная площадь 4;Stanislav;1435681042821;Raw;-0.2745862;3.1381278;10.316595;185.46875;-17.125;-0.78125;2.25;-22.75;-56.9375;NaN;NaN;NaN;NaN;NaN;NaN;NaN;NaN;NaN
301;Технологический институт (син) 1;Stanislav;1435681127184;Raw;-0.78453195;3.9226599;10.042009;272.8125;-22.296875;-3.390625;10.6875;13.375;25.875;NaN;NaN;NaN;NaN;NaN;NaN;NaN;NaN;NaN
302;Технологический институт (син) 2;Stanislav;1435681144834;Raw;-0.5099458;3.9226599;9.57129;352.9375;-20.5;-3.5;7.5;14.8125;-35.5625;NaN;NaN;NaN;NaN;NaN;NaN;NaN;NaN;NaN
303;Технологический институт (син) 3;Stanislav;1435681179166;Raw;0.1569064;5.060231;9.022118;116.34375;-27.84375;0.359375;-31.75;-19.25;-7.5;NaN;NaN;NaN;NaN;NaN;NaN;NaN;NaN;NaN
304;Технологический институт (син) 4;Stanislav;1435681189231;Raw;0.2353596;-0.35303938;10.9442215;228.23438;1.796875;1.203125;5.25;-5.75;6.5625;NaN;NaN;NaN;NaN;NaN;NaN;NaN;NaN;NaN
291;Фрунзенская 1;Stanislav;1435681271732;Raw;0.2745862;5.6094036;8.747532;146.125;-31.09375;1.671875;-23.0625;-56.5625;-37.3125;NaN;NaN;NaN;NaN;NaN;NaN;NaN;NaN;NaN
292;Фрунзенская 2;Stanislav;1435681289809;Raw;0.4707192;5.2563643;9.257478;102.234375;-29.515625;2.484375;-70.625;-31.5;-39.5;NaN;NaN;NaN;NaN;NaN;NaN;NaN;NaN;NaN
293;Фрунзенская 3;Stanislav;1435681308984;Raw;0.2745862;4.4718323;9.257478;96.90625;-26.53125;0.609375;-61.125;-21.125;-34.9375;NaN;NaN;NaN;NaN;NaN;NaN;NaN;NaN;NaN
294;Фрунзенская 4;Stanislav;1435681318281;Raw;-0.78453195;4.0795665;9.5320635;98.953125;-24.03125;-4.484375;-39.875;-43.0;-67.9375;NaN;NaN;NaN;NaN;NaN;NaN;NaN;NaN;NaN
281;Московские ворота 1;Stanislav;1435681398326;Raw;-0.98066497;6.825428;7.7668667;154.71875;-41.078125;-5.34375;-14.875;-60.0625;-18.8125;NaN;NaN;NaN;NaN;NaN;NaN;NaN;NaN;NaN
282;Московские ворота 2;Stanislav;1435681414540;Raw;5.7270837;-5.9232163;6.7862015;157.84375;33.6875;32.453125;-23.8125;-9.75;-17.875;NaN;NaN;NaN;NaN;NaN;NaN;NaN;NaN;NaN
283;Московские ворота 3;Stanislav;1435681437838;Raw;3.80498;-3.4911673;9.257478;137.95313;22.875;20.109375;-21.75;-24.125;-4.9375;NaN;NaN;NaN;NaN;NaN;NaN;NaN;NaN;NaN
284;Московские ворота 4;Stanislav;1435681447548;Raw;3.4519408;-3.6480737;8.982891;175.09375;18.484375;19.875;-9.0625;-19.625;-26.9375;NaN;NaN;NaN;NaN;NaN;NaN;NaN;NaN;NaN
271;Электросила 1;Stanislav;1435681551546;Raw;-1.2552512;6.746975;5.9232163;155.76563;-36.421875;-7.71875;-7.5;-48.4375;-28.1875;NaN;NaN;NaN;NaN;NaN;NaN;NaN;NaN;NaN
272;Электросила 2;Stanislav;1435681559671;Raw;-1.176798;4.981778;8.590625;201.10938;-32.546875;-5.046875;7.625;-17.375;13.5625;NaN;NaN;NaN;NaN;NaN;NaN;NaN;NaN;NaN
273;Электросила 3;Stanislav;1435681579636;Raw;0.1569064;5.4132705;9.218251;113.703125;-30.421875;0.8125;-33.0625;-10.4375;11.0625;NaN;NaN;NaN;NaN;NaN;NaN;NaN;NaN;NaN
274;Электросила 4;Stanislav;1435681588496;Raw;0.0784532;4.9425516;9.139797;106.765625;-28.53125;1.703125;-34.25;-20.0;-17.5625;NaN;NaN;NaN;NaN;NaN;NaN;NaN;NaN;NaN
261;Парк Победы 1;Stanislav;1435681662914;Raw;-0.6276256;4.707192;8.708305;298.6875;-27.0;-2.265625;6.75;35.9375;65.25;NaN;NaN;NaN;NaN;NaN;NaN;NaN;NaN;NaN
262;Парк Победы 2;Stanislav;1435681679635;Raw;-0.78453195;3.2558076;10.238142;134.03125;-17.59375;-1.703125;-31.875;-37.6875;-4.4375;NaN;NaN;NaN;NaN;NaN;NaN;NaN;NaN;NaN
263;Парк Победы 3;Stanislav;1435681710974;Raw;-0.6276256;5.1386843;9.296704;133.45313;-26.71875;-5.90625;-32.6875;-31.0;6.25;NaN;NaN;NaN;NaN;NaN;NaN;NaN;NaN;NaN
264;Парк Победы 4;Stanislav;1435681720014;Raw;-1.176798;3.7657535;9.335931;163.9375;-23.140625;-4.671875;-9.5625;-21.875;11.6875;NaN;NaN;NaN;NaN;NaN;NaN;NaN;NaN;NaN
251;Московская 1;Stanislav;1435681831882;Raw;-1.176798;4.4718323;8.904438;167.42188;-26.21875;-4.9375;-10.25;-76.8125;-8.875;NaN;NaN;NaN;NaN;NaN;NaN;NaN;NaN;NaN
252;Московская 2;Stanislav;1435681853022;Raw;5.3348174;-4.864098;7.963;173.03125;28.140625;27.640625;-30.0625;-26.3125;-54.5625;NaN;NaN;NaN;NaN;NaN;NaN;NaN;NaN;NaN
253;Московская 3;Stanislav;1435681887162;Raw;0.6276256;5.1386843;8.943665;297.34375;-28.6875;3.5625;46.125;-5.4375;-75.25;NaN;NaN;NaN;NaN;NaN;NaN;NaN;NaN;NaN
254;Московская 4;Stanislav;1435681896594;Raw;0.5491724;4.6679654;9.57129;256.48438;-25.9375;2.9375;38.8125;-55.1875;-90.375;NaN;NaN;NaN;NaN;NaN;NaN;NaN;NaN;NaN
241;Звёздная 1;Stanislav;1435682063470;Raw;0.39226598;4.7464185;9.296704;199.9375;-27.453125;1.0625;13.3125;-36.625;-4.9375;NaN;NaN;NaN;NaN;NaN;NaN;NaN;NaN;NaN
242;Звёздная 2;Stanislav;1435682081798;Raw;0.9022118;4.981778;9.375157;312.6875;-28.203125;6.1875;27.3125;-2.5625;-63.125;NaN;NaN;NaN;NaN;NaN;NaN;NaN;NaN;NaN
243;Звёздная 3;Stanislav;1435682118157;Raw;2.5889556;3.216581;9.845877;330.75;-18.0625;12.75;6.6875;26.0;-70.625;NaN;NaN;NaN;NaN;NaN;NaN;NaN;NaN;NaN
244;Звёздная 4;Stanislav;1435682127606;Raw;1.1375713;4.0403395;9.68897;348.46875;-21.140625;5.609375;4.875;16.0625;-22.375;NaN;NaN;NaN;NaN;NaN;NaN;NaN;NaN;NaN
231;Купчино 1;Stanislav;1435682257266;Raw;-2.1966896;6.590069;7.5707335;343.3125;-39.875;-12.34375;15.5625;43.375;-11.0625;NaN;NaN;NaN;NaN;NaN;NaN;NaN;NaN;NaN
232;Купчино 2;Stanislav;1435682278954;Raw;-1.6475172;6.668522;8.355266;349.65625;-38.859375;-6.921875;8.0625;31.5;-26.9375;NaN;NaN;NaN;NaN;NaN;NaN;NaN;NaN;NaN
