ID;Name;User;TimeStamp;NetworkGen;NetworkType;Active;MCC;MNC;LAC;CID;PSC;Power
253;Каширская (КХЛ) 3;Andrey;1435825847299;2G;EDGE;1;250;2;7784;1470;-1;-83
254;Каширская (КХЛ) 4;Andrey;1435825860369;3G;HSDPA;1;250;2;7784;10762604;-1;-93
271;Варшавская 1;Andrey;1435825999541;3G;HSDPA;1;250;2;7717;10454324;-1;-79
272;Варшавская 2;Andrey;1435826015900;3G;HSDPA;1;250;2;7717;10431624;-1;-81
273;Варшавская 3;Andrey;1435826287207;3G;HSDPA;1;250;2;7717;10454324;-1;-93
274;Варшавская 4;Andrey;1435826299748;2G;EDGE;1;250;2;7717;1140;-1;-77
251;Каширская (КХЛ) 1;Andrey;1435826422943;3G;HSDPA;1;250;2;7784;10762604;-1;-89
252;Каширская (КХЛ) 2;Andrey;1435826436454;2G;EDGE;1;250;2;7784;1470;-1;-73
253;Каширская (КХЛ) 3;Andrey;1435826578251;2G;EDGE;1;250;2;7784;1470;-1;-101
254;Каширская (КХЛ) 4;Andrey;1435826590252;3G;HSDPA;1;250;2;7784;10762604;-1;-93
271;Варшавская 1;Andrey;1435826723824;2G;EDGE;1;250;2;7717;1140;-1;-69
272;Варшавская 2;Andrey;1435826735402;2G;EDGE;1;250;2;7717;1140;-1;-69
273;Варшавская 3;Andrey;1435826764510;3G;HSDPA;1;250;2;7717;10431624;-1;-95
274;Варшавская 4;Andrey;1435826777618;3G;HSDPA;1;250;2;7717;10431624;-1;-93
261;Каховская 1;Andrey;1435826857233;3G;HSDPA;1;250;2;7717;10431524;-1;-103
262;Каховская 2;Andrey;1435826867449;3G;HSDPA;1;250;2;7717;10431524;-1;-87
1473;Севастопольская 3;Andrey;1435827014048;3G;HSDPA;1;250;2;7717;10440635;-1;-79
1474;Севастопольская 4;Andrey;1435827022649;3G;HSDPA;1;250;2;7717;10440635;-1;-81
1461;Нахимовский проспект 1;Andrey;1435827100712;2G;GPRS;1;250;99;26802;4017;-1;-75
1462;Нахимовский проспект 2;Andrey;1435827113882;2G;GPRS;1;250;99;26802;4017;-1;-87
1463;Нахимовский проспект 3;Andrey;1435827139190;2G;GPRS;1;250;99;26802;4017;-1;-81
1464;Нахимовский проспект 4;Andrey;1435827150871;2G;GPRS;1;250;99;26802;4017;-1;-83
1451;Нагорная 1;Andrey;1435827204124;2G;GPRS;1;250;99;26802;4006;-1;-101
1452;Нагорная 2;Andrey;1435827226729;3G;HSDPA;1;250;2;7755;10424401;-1;-89
1453;Нагорная 3;Andrey;1435827245631;3G;HSDPA;1;250;2;7755;10424401;-1;-77
1454;Нагорная 4;Andrey;1435827255470;3G;HSDPA;1;250;2;7755;10424401;-1;-85
1441;Нагатинская 1;Andrey;1435827339288;3G;HSDPA;1;250;2;7755;10440635;-1;-103
1442;Нагатинская 2;Andrey;1435827355853;3G;HSDPA;1;250;2;7755;10440635;-1;-89
1443;Нагатинская 3;Andrey;1435827377188;2G;EDGE;1;250;2;7755;790;-1;-83
1444;Нагатинская 4;Andrey;1435827387291;2G;EDGE;1;250;2;7755;790;-1;-85
1431;Тульская 1;Andrey;1435827548553;3G;HSDPA;1;250;2;7755;10454337;-1;-89
1432;Тульская 2;Andrey;1435827566956;3G;HSDPA;1;250;2;7755;10454337;-1;-83
1433;Тульская 3;Andrey;1435827598987;3G;HSDPA;1;250;2;7755;10454337;-1;-91
1434;Тульская 4;Andrey;1435827611990;3G;HSDPA;1;250;2;7755;10454337;-1;-91
1421;Серпуховская 1;Andrey;1435827754681;3G;HSDPA;1;250;2;7754;10578785;-1;-91
1422;Серпуховская 2;Andrey;1435827770449;3G;HSDPA;1;250;2;7754;10578785;-1;-77
743;Добрынинская 3;Andrey;1435828013595;3G;HSDPA;1;250;2;7754;10571710;-1;-77
744;Добрынинская 4;Andrey;1435828024606;3G;HSDPA;1;250;2;7754;10571710;-1;-73
751;Октябрьская (КЛЦ) 1;Andrey;1435828086962;3G;HSDPA;1;250;2;7754;10563138;-1;-81
752;Октябрьская (КЛЦ) 2;Andrey;1435828099099;3G;HSDPA;1;250;2;7754;10563138;-1;-81
983;Октябрьская (КРЛ) 3;Andrey;1435828371351;3G;HSDPA;1;250;2;7754;10572591;-1;-95
984;Октябрьская (КРЛ) 4;Andrey;1435828381728;2G;EDGE;1;250;2;7736;340;-1;-79
991;Шаболовская 1;Andrey;1435828459379;3G;HSDPA;1;250;2;7736;10308327;-1;-81
992;Шаболовская 2;Andrey;1435828473610;3G;HSDPA;1;250;2;7736;10308327;-1;-85
993;Шаболовская 3;Andrey;1435828500121;3G;HSDPA;1;250;2;7736;10308327;-1;-87
994;Шаболовская 4;Andrey;1435828510786;3G;HSDPA;1;250;2;7736;10308327;-1;-79
1001;Ленинский проспект 1;Andrey;1435828639064;3G;HSDPA;1;250;2;7736;10292790;-1;-69
1002;Ленинский проспект 2;Andrey;1435828652678;3G;HSDPA;1;250;2;7736;10292790;-1;-83
1003;Ленинский проспект 3;Andrey;1435828676610;3G;HSDPA;1;250;2;7736;10292790;-1;-89
1004;Ленинский проспект 4;Andrey;1435828688738;3G;HSDPA;1;250;2;7736;10292790;-1;-85
1011;Академическая 1;Andrey;1435828828518;3G;HSDPA;1;250;2;7736;10305849;-1;-105
1012;Академическая 2;Andrey;1435828844911;3G;HSDPA;1;250;2;7736;10305849;-1;-79
